sku,GID,descriptionHtml,specs.width_mm,specs.length_mm,specs.height_mm,specs.weight_kg,specs.voltage,specs.wattage,specs.cooking_surface_mm,specs.energy_type,specs.construction,specs.usage_time,specs.temperature,specs.safety_features,specs.special_features,specs.accessories,specs.performance_rate,specs.service_warranty,specs.spareparts_warranty,specs.made_in,specs.certificates
ROL1-140,gid://shopify/Product/8645501124807,"<p>The lava stone grill 140 is an electric grill used for skewers of meat or fish and of natural, healthy, tasty and digestible grilled food.</p><p>Like the embers of wood, the lava rocks evenly distribute the heat over the entire cooking grid and absorb fat.</p><p>This professional electric grill allows for successive and alternating cooking of fish, meats, sausages without transmission of taste or smell.</p><p>The stainless steel fireguard fixed around the electric grill protects from possible cooking splashes.</p><p>This electric grill is very easy to clean. The dishwasher-safe lava rocks, the electrical box and the enamelled tray are fully removable.</p><p>Features:</p><ul><li>energy regulator with 10 positions</li><li>control lights.</li></ul>",300,545,210,8 kg,2.5 kW,230V,230x310,Electric,Stainless steel,Continuous,Variable,Thermostat,Lava rock cooking,Lava rocks F07001,,1 Year,1 Year,France,"CE, UL/NSF"
ROL1-BAR1000,gid://shopify/Product/8645501157575,"<p>The lava stone grill 140 is an electric grill used for skewers of meat or fish and of natural, healthy, tasty and digestible grilled food.</p><p>Like the embers of wood, the lava rocks evenly distribute the heat over the entire cooking grid and absorb fat.</p><p>This professional electric grill allows for successive and alternating cooking of fish, meats, sausages without transmission of taste or smell.</p><p>The stainless steel fireguard fixed around the electric grill protects from possible cooking splashes.</p><p>This electric grill is very easy to clean. The dishwasher-safe lava rocks, the electrical box and the enamelled tray are fully removable.</p><p>Features:</p><ul><li>energy regulator with 10 positions</li><li>control lights.</li></ul>",450,300,305,9 kg,2 kW,230V,1,Electric,Stainless steel,30s heatup,1050°C,Protection grids,Instant cooking,Tongs F01013,150 toasts/h,1 Year,1 Year,France,"CE, UL/NSF"
ROL1-BAR2000,gid://shopify/Product/8645501190343,,450,300,420,11 kg,3 kW,230V,2,Electric,Stainless steel,30s heatup,1050°C,Protection grids,Dual cooking,Tongs F01013,300 toasts/h,1 Year,1 Year,France,"CE, UL/NSF"
ROL1-BE1-3,gid://shopify/Product/8645526094023,"<p>The eutectic container is a Gastronorm GN 1/3 container equipped with a refrigerated shell to keep in the open air for 5 hours any preparation of liquid paste according to hygiene and sanitary standards.</p><p>Just drop the empty white container in the freezer overnight. At the time of service, simply fill in the refrigerated container with crepe, waffle or any king of batter. The eutectic container of 1.5L capacity is ready for use!</p>",,,,,,,,,,,,,,,,1 Year,1 Year,France,"CE, UL/NSF"
ROL1-BM21,gid://shopify/Product/8645503942855,"<p>This Gastronorm GN2 / 1 bainmarie allows you to cook gently or to keep warm food, prepared dishes, sauces etc. This gentle cooking or reheating is done in a bainmarie hot water tank. The culinary preparations are cooked or heated without contact with the heat source in a water bath at 90 ° C.</p><p>The professional double bainmarie is a highperformance water bath with a new double heating system to prevent distortion of the tank. This builtin or standing model is equipped with a stamped stainless steel tank and a draining system on the front. This stainless steel bainmarie can receive GN containers with a maximum height of 150 mm.</p><p>Features:</p><ul><li>2 adjustable heating powers</li><li>control switchthermostat</li><li>temperature limiter with automatic reset</li><li>control lamp</li><li>Safe stainless steel draining tap</li><li>Reinforced insulation</li><li>Delivered without GN container.</li></ul>",695,650,260,21 kg,3.5 kW,230V,,Electric,Stainless steel,Continuous,90°C,Auto reset limiter,Double heating,GN containers,,1 Year,1 Year,France,"CE, UL/NSF"
ROL1-BML11,gid://shopify/Product/8646050742471,"<p>This Gastronorm GN 1 / 1 bainmarie allows you to cook gently or to keep warm food, prepared dishes, sauces etc. This gentle cooking or reheating is done in a bainmarie hot water tank. The culinary preparations are cooked or heated without contact with the heat source in a water bath at 90 ° C.</p><p>The professional bainmarie is a highperformance water bath with a new double heating system to prevent distortion of the tank. This standing model is equipped with a stamped stainless steel tank and a draining system on the front. This stainless steel bainmarie can receive GN containers with a maximum height of 150 mm.</p><p>Features:</p><ul><li>2 adjustable heating powers</li><li>control switchthermostat</li><li>temperature limiter with automatic reset</li><li>control lamp</li><li>Safe stainless steel draining tap</li><li>Reinforced insulation</li><li>Delivered without GN container.</li></ul>",535,370,260,12 kg,1.75 kW,230V,,Electric,Stainless steel,Continuous,90°C,Auto reset limiter,High performance,GN containers,,1 Year,1 Year,France,"CE, UL/NSF"
ROL1-BMP11,gid://shopify/Product/8646050775239,"<p>This Gastronorm GN 1 / 1 bainmarie allows you to cook gently or to keep warm food, prepared dishes, sauces etc. This gentle cooking or reheating is done in a bainmarie hot water tank. The culinary preparations are cooked or heated without contact with the heat source in a water bath at 90 ° C.</p><p>The professional bainmarie is a highperformance water bath with a new double heating system to prevent distortion of the tank. This standing model is equipped with a stamped stainless steel tank and a draining system on the front. This stainless steel bainmarie can receive GN containers with a maximum height of 150 mm.</p><p>Features:</p><ul><li>2 adjustable heating powers</li><li>control switchthermostat</li><li>temperature limiter with automatic reset</li><li>control lamp</li><li>Safe stainless steel draining tap</li><li>Reinforced insulation</li><li>Delivered without GN container.</li></ul>",320,580,260,12 kg,1.75 kW,230V,,Electric,Stainless steel,Continuous,90°C,Auto reset limiter,High performance,GN containers,,1 Year,1 Year,France,"CE, UL/NSF"
ROL1-BW30,gid://shopify/Product/8645504008391,<ul><li>Ventilated and compact bread-warmer.</li><li>Keep warm at 35°C every kind of bread for breakfast.</li><li>Control of humidity : 4L water tank to humidify the air.</li><li>2 presentation levels.</li><li>Liftable glass door for self-service.</li></ul>,520,445,360,10 kg,0.2 kW,230V,,Electric,Stainless steel/glass,Continuous,35°C,Thermostat,Humidity control,,,1 Year,1 Year,France,"CE, UL/NSF"
ROL1-CB20B,gid://shopify/Product/8645504696519,"<p>Roller grills to reheat precooked sausages.</p><ul><li>Keep warm up to 20 precooked sausages, 96 hot-dogs/h!</li><li>Cleaning: removable juice tray.</li><li>RG 9, RG 11 and RG 14 with independent control of 2 heating zones.</li></ul><p>Features:</p><ul><li>switch on/off</li><li>power control</li><li>pilot light</li><li>high-powered motor.</li></ul><p>CB 20 B:</p><ul><li>bun warmer GN 2/3 to keep warm and soft hot-dog buns</li><li>Humidity control</li><li>Removable drawer and dishwasher-safe GN 2/3 container.</li></ul>",545,460,220,17 kg,0.7 kW,230V,,Electric,Stainless steel,Continuous,Variable,Thermostat,Humidity control,,,1 Year,1 Year,France,"CE, UL/NSF"
ROL1-CDE350,gid://shopify/Product/8645504041159,"<p>The electric crepe maker CDE 350 is equipped with two Ø350 mm enamelled castiron plates with independent controls. The enamelled coating substantially reduces the seasoning phase, allowing for operation from the first use without the need for tedious weekly maintenance.</p><p>This professional unit guarantees homogeneous cooking and excellent temperature transfer through its perfectly smooth plates. The integrated Incoloy heating element ensures constant and precise cooking regulated by a thermostat.</p><p>Beyond crepes, the CDE 350 is ideal for preparing buckwheat pancakes, tempuras, chapatis, blinis, fried eggs, vegetables, grilled meat, and Peking duck.</p><p>Features:</p><ul><li>2 spiral heating elements</li><li>2 commutator-thermostats 0-300 °C</li><li>pilot lights and wooden ""T"" utensil</li></ul>",860,480,240,37 kg,6 kW,380V,Ø350,Electric,Cast iron/steel,Continuous,300°C,Thermocouple,Double plate,Wooden rake,120 crepes/h,1 Year,1 Year,France,"CE, UL/NSF"
ROL1-CDE400,gid://shopify/Product/8645877104839,"<p>The CDE 400 electric crepe maker features two Ø400 mm enamelled cast iron plates with independent controls, eliminating the need for weekly seasoning. It provides perfectly homogeneous cooking and excellent temperature transfer via a smooth contact surface.</p><p>The Incoloy spiral heating elements are integrated into the plates for precise thermostat-regulated cooking. This versatile unit is suitable for crepes, pancakes, chapatis, blinis, fried eggs, vegetables, and grilled meats.</p><p>Features:</p><ul><li>2 spiral heating elements</li><li>2 commutator thermostats (0-300 °C)</li><li>Pilot lights and wooden T-utensil</li></ul>",860,480,240,44 kg,7.2 kW,380V,Ø400,Electric,Cast iron/steel,Continuous,300°C,Thermocouple,Double plate,Wooden rake,120 crepes/h,1 Year,1 Year,France,"CE, UL/NSF"
ROL1-CDG400,gid://shopify/Product/8645502894279,,860,485,240,44 kg,,,Ø400,Gas,Cast iron/steel,Continuous,Variable,Thermocouple,Double burner,Wooden rake,120 crepes/h,1 Year,1 Year,France,"CE, UL/NSF"
ROL1-CFE400,gid://shopify/Product/8645506859207,,400,190,190,18 kg,3.6 kW,230V,Ø400,Electric,Enameled cast iron,Continuous,220°C,Thermostat,Builtin,Wooden rake,60 crepes/h,1 Year,1 Year,France,"CE, UL/NSF"
ROL1-CFG400,gid://shopify/Product/8645509513415,"<p>The gas crepe machine CFG 400 is equipped with an enameled cast iron plate (Diameter: 400 mm). The enameled coating of the plate substantially reduces the seasoning phase, making it operational from the first use.</p><p>The 8-star-shaped burner integrated beneath the plate guarantees homogeneous and precise cooking regulated by thermostat. The smooth surface ensures excellent temperature transfer and real contact cooking for light, golden crepes without caramelization.</p><p>This professional equipment is also ideal for buckwheat pancakes, Indian tempuras, Indonesian chapatis, blinis, fried eggs, vegetables, or grilled meat. It features a safety thermocouple that automatically stops gas flow in case of malfunction.</p><p>Features:</p><ul><li>Piezo ignition</li><li>Regulating button with idle position</li><li>Safety thermocouple</li><li>Wooden T to spread the dough</li><li>Delivered in butane / propane with natural gas injectors</li></ul>",400,195,195,17 kg,,,Ø400,Gas,Enameled cast iron,Continuous,Variable,Thermocouple,Builtin,Wooden rake,60 crepes/h,1 Year,1 Year,France,"CE, UL/NSF"
ROL1-CK3,gid://shopify/Product/8645501223111,"<p>A professional crepe maker is indispensable in producing quality crepes, and so are the right tools for the job! The device must be designed to withstand intensive use, characterized by high power and effective temperature control. Let us take a look at the essential tools needed.</p><p>The must-have crepe machine accessories:</p><ul><li>The round greasing pad: fitted with heat-resistant felt for greasing the plate with sunflower oil.</li><li>The wooden spreader: essential for shaping thin crepes on the plate; works best when wet.</li><li>Two stainless steel spatulas: a long spatula to flip the crepe and a triangular one to fold it.</li><li>Roller Grill CK3 crepe kit: a convenient stainless steel set to keep all tools organized and tidy.</li></ul>",490,150,x90,2 kg,,,,,Stainless steel,,,,Crepe tools kit,Spatulas/rakes,,1 Year,1 Year,France,"CE, UL/NSF"
ROL1-CO6,gid://shopify/Product/8646050808007,,,,,,,,,,,,,,,,,,,,
ROL1-CO60,gid://shopify/Product/8646050840775,"<p>The professional CO 60 egg boiler is a must have equipment for breakfast buffet and brunch. The Gastronorm GN 1/3 egg boiler is an indispensable professional equipment for hotels and restaurants, allowing each customer to prepare eggs at the desired cooking time: softboiled, boiled, or poached.</p><p>The Roller Grill egg cooker works like a bain-marie: simply pour water into the GN 1/3 stainless steel tray and immerse your egg basket in boiling water. The powerful heating element and aluminum plate ensure even heat distribution, while the temperature limiter enables safe cooking.</p><p>Features:</p><ul><li>Equipped with a stainless steel lid</li><li>Includes 6 numbered baskets</li><li>Capacity for up to 10 egg baskets</li><li>Easy to clean and store</li></ul>",215,430,255,5 kg,1.2 kW,230V,,Electric,Stainless steel,Timer,Variable,Temperature limiter,Automatic,6 baskets,,1 Year,1 Year,France,"CE, UL/NSF"
ROL1-CS3E,gid://shopify/Product/8645498994887,"<p>The professional hot dog machine CS 3 E is a fast cooking steamer. After preheating, it can be used continuously all day long to serve up to 60 hot dogs per hour.</p><p>This electric steamer is specially designed for steam cooking fresh sausages. It features a glass cylinder (ø 200mm, Height: 240mm) and a heating element under a Teflon container that boils water to create steam.</p><p>The machine is easy to use: set the thermostat to ""max"" for 15 minutes, then switch to the continuous position for nonstop cooking or 70°C to keep warm.</p><p>A compartmentalised basket holds up to 40 fresh sausages, while 3 heating pads are included to toast hot dog buns or baguettes.</p><p>This compact steam cooker is ideal for sandwich shops, food trucks and small food outlets.</p><p>Features:</p><ul><li>3 heating pads</li><li>cylindrical glass envelope</li><li>teflon tank</li><li>energy regulator</li><li>pilot light</li></ul>",450,300,400,10 kg,0.65 kW,230V,,Electric,Glass/steel,Continuous,Variable,Safety thermostat,Steam cooking,Split basket,,1 Year,1 Year,France,"CE, UL/NSF"
ROL1-CS4E,gid://shopify/Product/8645508956359,,450,300,400,10kg,0.65kW,230V,,Electric,Glass cylinder & teflon container,Continuous,Not specified,,,Power control with lock position,Not specified,1 Year,1 Year,France,"CE, UL/NSF"
ROL1-CSE350,gid://shopify/Product/8646050873543,"<p>With the enamelled castiron crepe maker CSE 350, the weekly seasoning is over! The electric crepe maker CSE 350 is equipped with a Ø350 mm enamelled castiron plate. The enamelled coating of the plate substantially reduces the seasoning phase normally required before the first use and every week. With the Roller Grill enamelled castiron plate, the electric crepe maker is in operation from the first pancake cooking.</p><p>The professional electric crepe maker CSE 350 guarantees perfectly homogeneous cooking. The perfectly smooth enamelled castiron plate ensures excellent temperature transfer and real cooking by contact. The Incoloy spiral heating element is integrated into the castiron plate to guarantee constant and precise cooking regulated by thermostat.</p><p>Just lightly grease the machine between each baking to obtain a light, well-golden, and perfectly honeycombed crepe. Beyond crepes, it is ideal for buckwheat pancakes, Indian tampuras, Indonesian chapatis, blinis, fried eggs, simmering vegetables, grilling meat, or preparing Peking duck.</p><p>Features:</p><ul><li>2 spiral heating elements</li><li>2 commutator-thermostats 0-300 ° C</li><li>pilot lights, wooden ""T"" utensil to spread the batter evenly.</li></ul>",450,480,240,20 kg,3 kW,230V,Ø350,Electric,Enameled cast iron,Continuous,300°C,Thermostat,Single plate,Wooden rake,60 crepes/h,1 Year,1 Year,France,"CE, UL/NSF"
ROL1-CSE400,gid://shopify/Product/8646050906311,"<p>The electric crepe maker CSE 400 is equipped with a Ø400 mm enamelled castiron plate which substantially reduces the seasoning phase. This professional electric crepe maker guarantees perfectly homogeneous cooking and ensures an excellent temperature transfer and a real cooking by contact.</p><p>The Incoloy heating element is integrated into the castiron plate and maintained by 2 counter plates. This spiral heating element guarantees a constant and precise cooking regulated by thermostat. It is ideal for buckwheat pancakes, Indian tampuras, Indonesian chapatis, blinis, fried eggs, vegetables, grilled meat, or Peking duck.</p><p>Features:</p><ul><li>2 spiral heating elements</li><li>2 commutator-thermostats 0-300 °C</li><li>Pilot lights, wooden ""T"" utensil to spread the batter evenly.</li></ul>",450,480,240,23 kg,3.6 kW,230V,Ø400,Electric,Enameled cast iron,Continuous,300°C,Thermostat,Single plate,Wooden rake,60 crepes/h,1 Year,1 Year,France,"CE, UL/NSF"
ROL1-CT3000,gid://shopify/Product/8645877203143,"<p>The CT 3000 infrared conveyor oven: the champion of the cooking of snacks! The CT 3000 infrared conveyor oven is equipped with 2 ramps of 4 infrared quartz tubes. These infrared quartz spread rays of 1050 ° C on the products. They ensure a quick and fast cooking of the products of your snacks.</p><p>This infrared conveyor oven can cook with no preheating and continuously in record time: the cooking time is 1 minute and 30 seconds on average!</p><p>The infrared quartz on the upper part is protected by a patented tube cover.</p><p>The CT 3000 quartz grill is extremely flexible in use and maintenance! Thanks to its 3 settings, the CT 3000 quartz grill fits all cooking modes and snacks:</p><ul><li>The speed of rotation of the belt is regulated according to the product to cook or to reheat. The minimum time of pass through is 47 seconds. The maximum time of pass through is 2 minutes and 30 seconds.</li><li>The 2 quartz ramps can operate at full power or at half power</li><li>The pass through height can be adjusted between 70 and 110 mm thanks to the stainless reflectors to concentrate the temperature in the cooking chamber and reduce the cooking time.</li></ul><p>Very compact, this conveyor toaster is stackable and can be raised thanks to a stainless steel support table (475 x 360 x 300 mm). The control box can be offset on a wall or on a worktop thanks to 1-meter-long-cord.</p><p>The top roof keeps warm breads or pastries.</p><p>Every kind of snack cooking is possible with the CT 3000 B infrared conveyor toaster! Thanks to its different settings, the CT 3000 B infrared quartz grill allows you to vary and multiply cooking unattended. In a single pass, this conveyor toaster enables you:</p><ul><li>to toast buns, rolls in 50 seconds,</li><li>to cook pizzas or quiches (precooked and fresh garnish) in less than 2 minutes depending on the filling,</li><li>to brown onion soups, cheese-based snacks in 1 minute,</li><li>to cook toast, bruschetta, sandwiches in less than 2 minutes according to the ""topping"",</li><li>to melt fondues or warm up croissants, pastries in 50 seconds!</li></ul><p>The maintenance of the conveyor oven is very simple. The carpet is cleaned with a brush. The roof as well as the 2 sliding waste bins placed at the entrance and exit under the belt are completely removable.</p>",470,720,385,22 kg,3 kW,230V,300x370,Electric,Stainless steel,Variable,1050°C,Protection grids,Height adjustable,Optional table,Variable,1 Year,1 Year,France,"CE, UL/NSF"
ROL1-CT3000-B,gid://shopify/Product/8645499027655,"<p>The CT 3000 B infrared conveyor oven: the champion of the cooking of snacks!</p><p>The CT 3000 B infrared conveyor oven is equipped with 2 ramps of 4 infrared quartz tubes. These infrared quartz spread rays of 1050 ° C on the products. They ensure a quick and fast cooking of the products of your snacks.</p><p>This infrared conveyor oven can cook with no preheating and continuously in record time: the cooking time is 1 minute and 30 seconds on average!</p><p>The infrared quartz on the upper part is protected by a patented tube cover.</p><p>The CT 3000 B quartz grill is extremely flexible in use and maintenance! Thanks to its 3 settings, the CT 3000 quartz grill fits all cooking modes and snacks:</p><ul><li>The speed of rotation of the belt is regulated according to the product to cook or to reheat. The minimum time of pass through is 47 seconds. The maximum time of pass through is 2 minutes and 30 seconds.</li><li>The 2 quartz ramps can operate at full power or at half power</li><li>The pass through height can be adjusted between 70 and 110 mm thanks to the stainless reflectors to concentrate the temperature in the cooking chamber and reduce the cooking time.</li></ul><p>Very compact, this conveyor toaster is stackable and can be raised thanks to a stainless steel support table (475 x 360 x 300 mm). The control box can be offset on a wall or on a worktop thanks to 1-meter-long-cord.</p><p>The top roof keeps warm breads or pastries.</p><p>Every kind of snack cooking is possible with the CT 3000 B infrared conveyor toaster! Thanks to its different settings, the CT 3000 B infrared quartz grill allows you to vary and multiply cooking unattended. In a single pass, this conveyor toaster enables you:</p><ul><li>to toast buns, rolls in 50 seconds,</li><li>to cook pizzas or quiches (precooked and fresh garnish) in less than 2 minutes depending on the filling,</li><li>to brown onion soups, cheese-based snacks in 1 minute,</li><li>to cook toast, bruschetta, sandwiches in less than 2 minutes according to the ""topping"",</li><li>to melt fondues or warm up croissants, pastries in 50 seconds!</li></ul><p>The maintenance of the conveyor oven is very simple. The carpet is cleaned with a brush. The roof as well as the 2 sliding waste bins placed at the entrance and exit under the belt are completely removable.</p>",470,720,385,22 kg,3 kW,230V,300x370,Electric,Stainless steel,Variable,1050°C,Protection grids,Height adjustable,Optional table,Variable,1 Year,1 Year,France,"CE, UL/NSF"
ROL1-CT540,gid://shopify/Product/8646050939079,,510,710,460,20 kg,2.65 kW,230V,330x335,Electric,Stainless steel,Variable,1050°C,Protection grids,Dual exit,,300540/h,1 Year,1 Year,France,"CE, UL/NSF"
ROL1-CT540-B,gid://shopify/Product/8646050971847,"<p>The infrared conveyor toaster CT 540 B is indispensable for continuous use at breakfast! It is equipped with 2 ramps of 4 infrared quartz tubes that spread rays of 1050 &deg;C. It enables hotel guests to quickly and continuously toast or heat every kind of bread: 300 to 540 toasts per hour without preheating!</p>
<p>The quartz grill CT 540 B is extremely flexible in use and maintenance thanks to 2 independent settings:</p>
<ul>
<li>A switch selects the quartz ramps on top and bottom</li>
<li>The speed of the conveyor belt is regulated according to the product with a pass-through time between 47 seconds and 2 minutes 30 seconds</li>
</ul>
<p>Two exits are possible: the front exit for bread, brioche, and bagels, and the rear exit for heavier products such as farmhouse bread, pastries, and quiche. The top roof keeps items ready for use at the buffet. The unit is easy to clean with removable trays and a conveyor belt that can be cleaned with the supplied brush.</p>
<p>Features:</p>
<ul>
<li>2 ramps of 4 quartz tubes (1550 W top, 1450 W bottom)</li>
<li>Heating selector</li>
<li>Variable speed drive</li>
<li>Flexible stainless steel mesh conveyor belt</li>
<li>15 cm front and rear trays</li>
<li>Pilot lights</li>
<li>Ventilated motor</li>
<li>Adjustable feet</li>
</ul>",510,710,460,20 kg,2.65 kW,230V,330x335,Electric,Stainless steel,Variable,1050°C,Protection grids,Dual exit,,300540/h,1 Year,1 Year,France,"CE, UL/NSF"
ROL1-CW12,gid://shopify/Product/8645501321415,"<p>This electric chip scuttle is equipped with 2 independent heating sources selected by switch and regulated by thermostat (20-90 ° C):</p><ul><li>A ceramic heating block at the top</li><li>An armoured heating element under the container</li></ul><p>The cleaning of this electric chip scuttle is very easy. The residual oil is drained by a secure stainless steel tap. The curved drip tray is fully removable.</p><p>This modular chip scuttle can be installed on a work surface or mounted on the MS-RFG 12 stainless steel cabinet.</p><p>Features: switch for the selection of heating source, thermostat 20-90 ° C, ceramic heating block, armoured heating element, pilot lights, draining device.</p>",400,600,580,20 kg,0.85 kW,230V,,Electric,Stainless steel,Continuous,Variable,Thermostat,Ceramic heating,,,1 Year,1 Year,France,"CE, UL/NSF"
ROL1-DOUBLE-PANINI-FT220V,gid://shopify/Product/8645499060423,"<p>The cast-iron contact-grill DOUBLE PANINI is particularly recommended for continuous daily use. It is designed for intensive use, capable of cooking 96 panini per hour. Its cast-iron plates offer high thermic inertia, restoring heat after 15 minutes of preheating for continuous daily operation.</p><p>The professional DOUBLE PANINI ensures homogeneous and varied cooking. It consists of 2 PANINI contact-grills integrated into a stainless steel enclosure with independent controls. High-conduction cast-iron plates and serpentine-shaped heating elements ensure even heat distribution across the entire cooking surface.</p><p>While specifically designed for high-quantity panini cooking, it is also suitable for toasting sandwiches or cooking steaks. The self-balancing top plates feature adjustable pressure springs to adapt to different foods. This model is also available with a smooth bottom plate for cooking omelettes, fried eggs, cakes, and wraps.</p><p>Features:</p><ul><li>commutator-thermostats 0-300 &deg;C</li><li>juice drawers</li><li>thermo-resistant and metallic handles</li><li>control lights</li><li>Comes with a scraper for easy cleaning</li></ul><p>Options:</p><ul><li>automatic adjustment of the cooking height</li><li>Individual top and bottom plates available in smooth and grooved versions</li></ul>",760,460,280,45 kg,6 kW,380V,360x240,Electric,Cast iron,Continuous,300°C,Thermostat,Double grid,Scraper,192 units/h,1 Year,1 Year,France,"CE, UL/NSF"
ROL1-DOUBLE-PANINI-R-220V,gid://shopify/Product/8645508989127,"<p>The castiron contactgrill DOUBLE PANINI is particularly recommended for continuous daily use. The castiron contactgrill DOUBLE PANINI is designed for intensive use with the cooking of 96 panini per hour! Its castiron plates have a high power of thermic inertia: after 15 minutes of preheating, the plates restore heat and can be used continuously on a daily basis.</p><p>The professional contactgrill DOUBLE PANINI ensures homogeneous and varied cooking. The DOUBLE PANINI model is composed of 2 PANINI contactgrills integrated into a stainless steel enclosure with independent controls. The castiron plates with a high conduction value enable homogeneous cooking thanks to the serpentineshaped heating elements covering the whole cooking surface under each plate.</p><p>If this professional contactgrill is a double contactgrill specifically designed for panini cooking in large quantities by its size, it is also used to toast various sandwiches or to cook steaks. The top plates of this professional contactgrill are selfbalancing. Each pressure spring is adjustable to adapt cooking to food. This panini machine is also available with a smooth bottom plate for cooking omelettes, fried eggs, cakes, Swedish breads, blinis, wraps ...</p><p>Features:</p><ul><li>commutatorthermostats 0300 ° C</li><li>juice drawers</li><li>thermoresistant and metallic handles</li><li>control lights</li><li>Comes with a scraper for easy cleaning.</li></ul><p>Options:</p><ul><li>automatic adjustment of the cooking height</li><li>Individual top and bottom plates are available in smooth and grooved versions.</li></ul>",760,460,280,45 kg,6 kW,380V,360x240,Electric,Cast iron,Continuous,300°C,Thermostat,Double grid,Scraper,192 units/h,1 Year,1 Year,France,"CE, UL/NSF"
ROL1-DPI300,gid://shopify/Product/8645501354183,"<p>Induction cooktop with stainless steel frame for snack concepts, takeaways and food-trucks. French and professional induction technology.</p><ul><li>Ultra-fast temperature rise.</li><li>Precise and instant regulation.</li><li>Non-stop use during 8h without any automatic switch off.</li><li>Sauté possibility at 30 - 40 mm high.</li><li>Efficiency &gt; 95 %.</li></ul><p>Control panel with capacitive keys:</p><ul><li>on/off, 20 power levels</li><li>ventilation</li><li>timer</li><li>sound timer and cut-off.</li></ul>",Pan,l 2,x98,2 kg,0.3 kW,230V,280x280,Electric,Vitroceramic,Continuous,Variable,Electronic control,Builtin,,,1 Year,1 Year,France,"CE, UL/NSF"
ROL1-DW106,gid://shopify/Product/8645501419719,<p>Electric dish-warmers with specific alloy plates for a high temperature resistance.</p><ul><li>15 min of preheating for 45min of warm keeping.</li><li>Optimal heat retention.</li></ul><p>Features:</p><ul><li>thermostat</li><li>pilot light</li><li>heat-resistant handles.</li></ul>,400,215,335,16 kg,0.65 kW,230V,,Electric,Special alloy,45 min,Variable,Heat resistant handles,High retention,,,1 Year,1 Year,France,"CE, UL/NSF"
ROL1-DW110,gid://shopify/Product/8642990244039,<p>Electric dish-warmers with specific alloy plates for a high temperature resistance.</p><ul><li>15 min of preheating for 45min of warm keeping.</li><li>Optimal heat retention.</li></ul><p>Features:</p><ul><li>thermostat</li><li>pilot light</li><li>heat-resistant handles.</li></ul>,400,215,475,23 kg,1.3 kW,230V,,Electric,Special alloy,45 min,Variable,Heat resistant handles,High retention,,,1 Year,1 Year,France,"CE, UL/NSF"
ROL1-EP800,gid://shopify/Product/8645521539271,<p>Stainless steel proofer to make the dough rise in 2h at 29°C.</p><ul><li>Steam production automatically preset in time and quantity.</li><li>Solenoid valves for humidification.</li><li>Mounted on 4 castors with brake system.</li></ul><p>Features:</p><ul><li>switch on/off</li><li>electronic thermostat</li><li>pilot light</li><li>push-on knob for steam production</li><li>stainless steel water tray.</li></ul>,795,640,910,80 kg,1.4 kW,230V,,Electric,Stainless steel,2h,29°C,Electronic control,Steam injection,,,1 Year,1 Year,France,"CE, UL/NSF"
ROL1-FC110E,gid://shopify/Product/8646051004615,"<p>The right bakery oven to bake baguettes, breads, pastries, soufflés and also to cook savoury meals …</p><ul><li>Fast temperature rise: 300°C in 10 min.</li><li>Bakery function: ventilated heat + steam production preset in quatity and time. Reversible turbine every 2 minutes and 2-speed-motor:</li><ul><li>full power,</li><li>half power for soufflés, meringues, muffins etc.</li></ul><li>Defrost function through warm air brewing.</li><li>Multifunction oven (FC110 EG) with ventilated infrared salamander (1050°C) for various cooking (gratins, meat, fish etc.).</li></ul><p>Features:</p><ul><li>thermostat 0-300°C</li><li>turbine Ø 210 mm</li><li>bell timer 120 min with lock position for non-stop use</li><li>2 inside lamps</li><li>push-on knob for steam production</li><li>air cooling system</li><li>feet (H: 40 mm)</li><li>Delivered with no grid.</li></ul>",795,755,595,59 kg,6 kW,380V,,Electric,Stainless steel,Continuous,300°C,Double thermostat,Steam injection,Grids,,1 Year,1 Year,France,"CE, UL/NSF"
ROL1-FC110EG,gid://shopify/Product/8646051037383,"<p>The right bakery oven to bake baguettes, breads, pastries, soufflés and also to cook savoury meals …</p><ul><li>Fast temperature rise: 300°C in 10 min.</li><li>Bakery function: ventilated heat + steam production preset in quatity and time. Reversible turbine every 2 minutes and 2-speed-motor:</li><ul><li>full power,</li><li>half power for soufflés, meringues, muffins etc.</li></ul><li>Defrost function through warm air brewing.</li><li>Multifunction oven (FC110 EG) with ventilated infrared salamander (1050°C) for various cooking (gratins, meat, fish etc.).</li></ul><p>Features:</p><ul><li>thermostat 0-300°C</li><li>turbine Ø 210 mm</li><li>bell timer 120 min with lock position for non-stop use</li><li>2 inside lamps</li><li>push-on knob for steam production</li><li>air cooling system</li><li>feet (H: 40 mm)</li><li>Delivered with no grid.</li></ul>",795,755,595,60 kg,6 kW,380V,,Electric,Stainless steel,Continuous,300°C,Double thermostat,Quartz + steam,Grids,,1 Year,1 Year,France,"CE, UL/NSF"
ROL1-FC260,gid://shopify/Product/8646051070151,"<p>28 and 38 L ovens to cook or reheat croissants, pastries and ready made dishes (frozen fresh or pre-raised).</p><ul><li>Fast temperature rise: 270°C in 7 min.</li><li>Even cooking thanks to ventilation holes.</li><li>FC 380 TQ associates ventilated heat, Turbo Quartz®, ventilated pastry oven and ventilated salamander functions.</li></ul><p>Recommended for pre-raised deep-frozen baking products:</p><ul><li>18 raised frozen croissants: 180°C, 16 min</li><li>20 raised frozen buns: 220°C, 18 min</li><li>18 raised chocolate bread rolls: 200°C, 16 min</li></ul><p>Cleaning: stainless steel inside and removable holders.</p><p>Features:</p><ul><li>thermostat-commutator (0-270°C)</li><li>fan</li><li>2 or 3 grids</li><li>baking tray</li><li>double-glazed door</li></ul>",,,,,,,,,,,,,,,,,,,
ROL1-FC280,gid://shopify/Product/8646051135687,"<p>28 and 38 L ovens to cook or reheat croissants, pastries and ready made dishes (frozen fresh or pre-raised).</p>
<ul>
<li>Fast temperature rise: 270°C in 7 min.</li>
<li>Even cooking thanks to ventilation holes.</li>
<li>FC 380 TQ associates ventilated heat, Turbo Quartz®, ventilated pastry oven and ventilated salamander functions.</li>
</ul>
<p>Recommended for pre-raised deep-frozen baking products:</p>
<ul>
<li>18 raised frozen croissants: 180°C, 16 min,</li>
<li>20 raised frozen buns: 220°C, 18 min,</li>
<li>18 raised chocolate bread rolls: 200°C, 16 min.</li>
</ul>
<p>Cleaning: stainless steel inside and removable holders.</p>
<p>Features: thermostat-commutator (0-270°C), fan, 2 or 3 grids, baking tray, double-glazed door.</p>",460,550,355,20 kg,1.5 kW,230V,,Electric,Stainless steel,Continuous,270°C,Double glazing,Ventilated,2 grids,,1 Year,1 Year,France,"CE, UL/NSF"
ROL1-FC380TQ,gid://shopify/Product/8645501485255,"<p>28 and 38 L ovens to cook or reheat croissants, pastries and ready made dishes (frozen fresh or pre-raised).</p><ul><li>Fast temperature rise: 270°C in 7 min.</li><li>Even cooking thanks to ventilation holes.</li><li>FC 380 TQ associates ventilated heat, Turbo Quartz®, ventilated pastry oven and ventilated salamander functions.</li></ul><p>Recommended for pre-raised deep-frozen baking products:</p><ul><li>18 raised frozen croissants: 180°C, 16 min,</li><li>20 raised frozen buns: 220°C, 18 min,</li><li>18 raised chocolate bread rolls: 200°C, 16 min.</li></ul><p>Cleaning: stainless steel inside and removable holders.</p><p>Features: thermostat-commutator (0-270°C), fan, 2 or 3 grids, baking tray, double-glazed door.</p>",550,550,355,22 kg,2.6 kW,230V,,Electric,Stainless steel,Continuous,270°C,Double glazing,Turbo Quartz,3 grids,,1 Year,1 Year,France,"CE, UL/NSF"
ROL1-FC60,gid://shopify/Product/8645647892679,<p>• Fast temperature rising : 300°C in 10 min.</p><p>• Rapidity + power of convection = increasing cooking possibilities of every kind of dishes.</p><p>Cleaning:</p><ul><li>baking chamber in all stainless steel</li><li>removable grid holders</li><li>double-door easy to remove</li></ul><p>Features:</p><ul><li>thermostat 0-300°C</li><li>120 min timer with lock position for non-stop use</li><li>inside lighting</li><li>Supplied with 4 cooking grids 450 x 340 mm</li><li>no GN tray.</li></ul><p>Option: pastry tray.</p>,595,610,590,36 kg,3 kW,230V,,Electric,Stainless steel,Continuous,300°C,Double door,Ventilated,4 grids,,1 Year,1 Year,France,"CE, UL/NSF"
ROL1-FC60P,gid://shopify/Product/8646051168455,<p>Fast temperature rising: 300°C in 10 min.</p><p>Rapidity + power of convection = increasing cooking possibilities of every kind of dishes.</p><p>Cleaning:</p><ul><li>baking chamber in all stainless steel</li><li>removable grid holders</li><li>double-door easy to remove</li></ul><p>Features:</p><ul><li>thermostat 0-300°C</li><li>120 min timer with lock position for non-stop use</li><li>inside lighting</li><li>Supplied with 4 cooking grids 450 x 340 mm</li><li>no GN tray.</li></ul><p>Option: pastry tray.</p>,595,610,590,36 kg,3 kW,230V,,Electric,Stainless steel,Continuous,300°C,Double door,Water pump,4 grids,,1 Year,1 Year,France,"CE, UL/NSF"
ROL1-FC60TQ,gid://shopify/Product/8646051233991,<p>Fast temperature rising: 300°C in 10 min.</p><p>Rapidity + power of convection = increasing cooking possibilities of every kind of dishes.</p><p>Cleaning:</p><ul><li>baking chamber in all stainless steel</li><li>removable grid holders</li><li>double-door easy to remove</li></ul><p>Features:</p><ul><li>thermostat 0-300°C</li><li>120 min timer with lock position for non-stop use</li><li>inside lighting</li><li>Supplied with 4 cooking grids 450 x 340 mm</li><li>no GN tray.</li></ul><p>Option: pastry tray.</p>,595,610,590,38 kg,3 kW,230V,,Electric,Stainless steel,Continuous,300°C,Double door,Turbo Quartz,4 grids,,1 Year,1 Year,France,"CE, UL/NSF"
ROL1-FCV280,gid://shopify/Product/8645501550791,"<p>28 L compact vertical oven to cook or reheat croissants, pastries and ready-made dishes ( frozen fresh or preraised).</p><ul><li>Fast temperature rise: 270°C in 12 min.</li><li>Even cooking thanks to ventilation holes.</li></ul><p>Recommended for pre-raised deep-frozen baking products:</p><ul><li>raised frozen croissants : 180°C, 16 min</li><li>raised frozen buns : 220°C, 18 min</li><li>raised chocolate bread rolls : 200°C, 16 min.</li></ul><p>Cleaning:</p><ul><li>stainless steel inside and removable holders.</li></ul><p>Features:</p><ul><li>thermostat-commutator 0-270°C</li><li>fan</li><li>2 punched plates 255 x 310 mm with crumb tray</li><li>double-glazed door</li></ul>",370,535,495,20 kg,1.5 kW,230V,,Electric,Stainless steel,Continuous,270°C,Double glazing,Vertical design,2 plates,,1 Year,1 Year,France,"CE, UL/NSF"
ROL1-FD50,gid://shopify/Product/8645501583559,<p>Table top fryers 5 to 8 L with cold zone.</p><p>Reset of safety thermostat in the back in case of overheating or lack of oil.</p><p>FD 80 R / FD 80 DR: stamped and lightly tilted tank in one piece meant for easy oil draining. Safe draining with stainless-steel tap and lever system.</p><p>Fryers with double tank 2 x 5 L and 2 x 8 L with independent control and same specifications as single models.</p><p>Cleaning:</p><ul><li>removable control box and dishwasher-safe stainless-steel tank.</li></ul><p>Features:</p><ul><li>precise bulb thermostat 180°C</li><li>safety thermostat</li><li>microswitch</li><li>pilot light</li><li>basket with heat-resistant handle</li><li>stainless steel lid</li></ul>,215,425,320,5 kg,3.2 kW,230V,,Electric,Stainless steel,Continuous,180°C,Safety thermostat,Cold zone,Basket,,1 Year,1 Year,France,"CE, UL/NSF"
ROL1-FD50D,gid://shopify/Product/8645501616327,<p>Table top fryers 5 to 8 L with cold zone.</p><p>Reset of safety thermostat in the back in case of overheating or lack of oil.</p><p>FD 80 R / FD 80 DR: stamped and lightly tilted tank in one piece meant for easy oil draining. Safe draining with stainless-steel tap and lever system.</p><p>Fryers with double tank 2 x 5 L and 2 x 8 L with independent control and same specifications as single models.</p><p>Cleaning: removable control box and dishwasher-safe stainless-steel tank.</p><p>Features:</p><ul><li>precise bulb thermostat 180°C</li><li>safety thermostat</li><li>microswitch</li><li>pilot light</li><li>basket with heat-resistant handle</li><li>stainless steel lid</li></ul>,390,425,320,9 kg,2x3.2 kW,230V,,Electric,Stainless steel,Continuous,180°C,Safety thermostat,Double tank,2 Baskets,,1 Year,1 Year,France,"CE, UL/NSF"
ROL1-FD50I,gid://shopify/Product/8645877366983,<p>Table top fryers 5 to 8 L with cold zone.</p><p>Reset of safety thermostat in the back in case of overheating or lack of oil.</p><p>FD 80 R / FD 80 DR: stamped and lightly tilted tank in one piece meant for easy oil draining. Safe draining with stainless-steel tap and lever system.</p><p>Fryers with double tank 2 x 5 L and 2 x 8 L with independent control and same specifications as single models.</p><p>Cleaning:</p><ul><li>removable control box and dishwasher-safe stainless-steel tank.</li></ul><p>Features:</p><ul><li>precise bulb thermostat 180°C</li><li>safety thermostat</li><li>microswitch</li><li>pilot light</li><li>basket with heat-resistant handle</li><li>stainless steel lid</li></ul>,215,425,320,5 kg,3.2 kW,230V,,Electric,Stainless steel,Continuous,180°C,Safety thermostat,Cold zone,Basket,,1 Year,1 Year,France,"CE, UL/NSF"
ROL1-FD80,gid://shopify/Product/8645501649095,<p>Table top fryers 5 to 8 L with cold zone.</p><p>Reset of safety thermostat in the back in case of overheating or lack of oil.</p><p>FD 80 R / FD 80 DR: stamped and lightly tilted tank in one piece meant for easy oil draining. Safe draining with stainless-steel tap and lever system.</p><p>Fryers with double tank 2 x 5 L and 2 x 8 L with independent control and same specifications as single models.</p><p>Cleaning:</p><ul><li>removable control box and dishwasher-safe stainless-steel tank.</li></ul><p>Features:</p><ul><li>precise bulb thermostat 180°C</li><li>safety thermostat</li><li>microswitch</li><li>pilot light</li><li>basket with heat-resistant handle</li><li>stainless steel lid</li></ul>,280,425,320,7 kg,3.4 kW,230V,,Electric,Stainless steel,Continuous,180°C,Safety thermostat,Cold zone,Basket,,1 Year,1 Year,France,"CE, UL/NSF"
ROL1-FD80D,gid://shopify/Product/8645501681863,<p>Table top fryers 5 to 8 L with cold zone.</p><p>Reset of safety thermostat in the back in case of overheating or lack of oil.</p><p>FD 80 R / FD 80 DR: stamped and lightly tilted tank in one piece meant for easy oil draining. Safe draining with stainless-steel tap and lever system.</p><p>Fryers with double tank 2 x 5 L and 2 x 8 L with independent control and same specifications as single models.</p><p>Cleaning:</p><ul><li>removable control box and dishwasher-safe stainless-steel tank.</li></ul><p>Features:</p><ul><li>precise bulb thermostat 180°C</li><li>safety thermostat</li><li>microswitch</li><li>pilot light</li><li>basket with heat-resistant handle</li><li>stainless steel lid</li></ul>,540,425,320,12 kg,2x3.4 kW,230V,,Electric,Stainless steel,Continuous,180°C,Safety thermostat,Double tank,2 Baskets,,1 Year,1 Year,France,"CE, UL/NSF"
ROL1-FD80DR,gid://shopify/Product/8645501714631,<p>Table top fryers 5 to 8 L with cold zone.</p><p>Reset of safety thermostat in the back in case of overheating or lack of oil.</p><p>FD 80 R / FD 80 DR: stamped and lightly tilted tank in one piece meant for easy oil draining. Safe draining with stainless-steel tap and lever system.</p><p>Fryers with double tank 2 x 5 L and 2 x 8 L with independent control and same specifications as single models.</p><p>Cleaning:</p><ul><li>removable control box and dishwasher-safe stainless-steel tank.</li></ul><p>Features:</p><ul><li>precise bulb thermostat 180°C</li><li>safety thermostat</li><li>microswitch</li><li>pilot light</li><li>basket with heat-resistant handle</li><li>stainless steel lid</li></ul>,590,450,370,15 kg,2x3.4 kW,230V,,Electric,Stainless steel,Continuous,180°C,Safety thermostat,With drain tap,2 Baskets,,1 Year,1 Year,France,"CE, UL/NSF"
ROL1-FD80R,gid://shopify/Product/8645877399751,<p>Table top fryers 5 to 8 L with cold zone.</p><p>Reset of safety thermostat in the back in case of overheating or lack of oil.</p><p>FD 80 R / FD 80 DR: stamped and lightly tilted tank in one piece meant for easy oil draining. Safe draining with stainless-steel tap and lever system.</p><p>Fryers with double tank 2 x 5 L and 2 x 8 L with independent control and same specifications as single models.</p><p>Cleaning:</p><ul><li>removable control box and dishwasher-safe stainless-steel tank.</li></ul><p>Features:</p><ul><li>precise bulb thermostat 180°C</li><li>safety thermostat</li><li>microswitch</li><li>pilot light</li><li>basket with heat-resistant handle</li><li>stainless steel lid</li></ul>,305,450,360,8 kg,3.4 kW,230V,,Electric,Stainless steel,Continuous,180°C,Safety thermostat,With drain tap,Basket,,1 Year,1 Year,France,"CE, UL/NSF"
ROL1-FM2,gid://shopify/Product/8645501747399,"<p>Electric smoker: cold smoke thanks to the slow burning of beech wood, then cooled down.</p><p>Automatic ignition: heating element and timer.</p><p>100% natural beech wood.</p><p>FM4: smoker for a double use :</p><ul><li>on 1 level to smoke a whole ham on the bone</li><li>on 2 levels to smoke in quantity fish, meat, delicatessen etc.</li></ul>",715,415,230,16 kg,0.25 kW,230V,400x600,Electric,Stainless steel,Timer,Variable,Timer control,Cold smoking,,,1 Year,1 Year,France,"CE, UL/NSF"
ROL1-FM3,gid://shopify/Product/8645501780167,"<p>Electric smoker: cold smoke thanks to the slow burning of beech wood, then cooled down.</p><p>Automatic ignition: heating element and timer.</p><p>100% natural beech wood.</p><p>FM4: smoker for a double use :</p><ul><li>on 1 level to smoke a whole ham on the bone</li><li>on 2 levels to smoke in quantity fish, meat, delicatessen etc.</li></ul>",100,x41,200,18 kg,0.25 kW,230V,400x800,Electric,Stainless steel,Timer,Variable,Timer control,Cold smoking,,,1 Year,1 Year,France,"CE, UL/NSF"
ROL1-FM4,gid://shopify/Product/8645501812935,"<p>Electric smoker: cold smoke thanks to the slow burning of beech wood, then cooled down.</p><p>Automatic ignition: heating element and timer.</p><p>100% natural beech wood.</p><p>FM4: smoker for a double use :</p><ul><li>on 1 level to smoke a whole ham on the bone</li><li>on 2 levels to smoke in quantity fish, meat, delicatessen etc.</li></ul>",715,415,360,21 kg,0.25 kW,230V,,Electric,Stainless steel,Timer,Variable,Timer control,Dual level smoking,,,1 Year,1 Year,France,"CE, UL/NSF"
ROL1-GED10,gid://shopify/Product/8645501845703,"<p>Even cooking on cast-iron plates with high inertia.</p><p>Meant for deep-frozen, precooked frozen or fresh home-made batter.</p><p>Cleaning of plates and hinges with wire brush. Removable surrounding tray for extra dough (patented).</p><p>Features:</p><ul><li>commutator thermostat (0-300°C)</li><li>cast-iron plates</li><li>robust stainless steel handle</li><li>Incoloy heating elements</li><li>timer</li><li>pilot lights</li><li>fork for waffle (except GES 40).</li></ul>",585,510,310,38 kg,3.2 kW,230V,100x170x22,Electric,Cast iron,Continuous,300°C,Thermostat,Double waffle,Cleaning brush,,1 Year,1 Year,France,"CE, UL/NSF"
ROL1-GED20,gid://shopify/Product/8645504729287,"<p>Even cooking on cast-iron plates with high inertia.</p><p>Meant for deep-frozen, precooked frozen or fresh home-made batter.</p><p>Cleaning of plates and hinges with wire brush. Removable surrounding tray for extra dough (patented).</p><p>Features:</p><ul><li>commutator thermostat (0-300°C)</li><li>cast-iron plates</li><li>robust stainless steel handle</li><li>Incoloy heating elements</li><li>timer</li><li>pilot lights</li><li>fork for waffle (except GES 40).</li></ul>",585,510,310,38 kg,3.2 kW,230V,100x180x26,Electric,Cast iron,Continuous,300°C,Thermostat,Double waffle,Cleaning brush,,1 Year,1 Year,France,"CE, UL/NSF"
ROL1-GED75,gid://shopify/Product/8645501878471,"<div>• Even cooking on cast-iron plates with high inertia.<br />• Meant for deep-frozen, precooked frozen or fresh home-made batter.<br />• Cleaning of plates and hinges with wire brush. Removable surrounding tray for extra dough (patented).<br />Features:<br />- commutator thermostat (0-300°C)<br />- cast-iron plates<br />- robust stainless steel handle<br />- Incoloy heating elements<br />- timer<br />- pilot lights<br />- fork for waffle (except GES 40).</div>",585,510,310,38 kg,3.2 kW,230V,Ø185,Electric,Cast iron,Continuous,300°C,Thermostat,Double round,Fork,,1 Year,1 Year,France,"CE, UL/NSF"
ROL1-GED75-B,gid://shopify/Product/8645654380743,"<p>Even cooking on cast-iron plates with high inertia.</p><p>Meant for deep-frozen, precooked frozen or fresh home-made batter.</p><p>Cleaning of plates and hinges with wire brush. Removable surrounding tray for extra dough (patented).</p><p>Features:</p><ul><li>commutator thermostat (0-300°C)</li><li>cast-iron plates</li><li>robust stainless steel handle</li><li>Incoloy heating elements</li><li>timer</li><li>pilot lights</li><li>fork for waffle (except GES 40)</li></ul>",585,510,310,38 kg,3.2 kW,230V,Ø185,Electric,Cast iron,Continuous,300°C,Thermostat,Double round,Fork,,1 Year,1 Year,France,"CE, UL/NSF"
ROL1-GES10,gid://shopify/Product/8645507055815,"<p>Even cooking on cast-iron plates with high inertia.</p><p>Meant for deep-frozen, precooked frozen or fresh home-made batter.</p><p>Cleaning of plates and hinges with wire brush. Removable surrounding tray for extra dough (patented).</p><p>Features:</p><ul><li>commutator thermostat (0-300°C)</li><li>cast-iron plates</li><li>robust stainless steel handle</li><li>Incoloy heating elements</li><li>timer</li><li>pilot lights</li><li>fork for waffle (except GES 40)</li></ul>",305,510,310,22 kg,1.6 kW,230V,100x170x22,Electric,Cast iron,Continuous,300°C,Thermostat,Single waffle,Cleaning brush,40 waffles/h,1 Year,1 Year,France,"CE, UL/NSF"
ROL1-GES20,gid://shopify/Product/8645507088583,"<p>Even cooking on cast-iron plates with high inertia.</p><p>Meant for deep-frozen, precooked frozen or fresh home-made batter.</p><p>Cleaning of plates and hinges with wire brush. Removable surrounding tray for extra dough (patented).</p><p>Features:</p><ul><li>commutator thermostat (0-300°C)</li><li>cast-iron plates</li><li>robust stainless steel handle</li><li>Incoloy heating elements</li><li>timer</li><li>pilot lights</li><li>fork for waffle (except GES 40).</li></ul>",305,510,310,22 kg,1.6 kW,230V,100x180x26,Electric,Cast iron,Continuous,300°C,Thermostat,Single waffle,Cleaning brush,40 waffles/h,1 Year,1 Year,France,"CE, UL/NSF"
ROL1-GES23,gid://shopify/Product/8645501944007,"<p>The turn-key waffle solution refund in a few weeks: electric waffle with 4 imprints in cast-iron plates for waffles on stick, 10 kg of waffle mix, namely 330 waffles on sticks, 500 sticks, display for waffles on sticks P08002Z03.</p><p>Even cooking on cast-iron plates with high inertia.</p><p>96 waffles/h! 4 golden waffles on sticks in 2’30 min!</p><p>Cleaning of plates and hinges with wire brush. Removable surrounding tray for extra dough (patented).</p><p>Features:</p><ul><li>commutator thermostat (0-300°C)</li><li>cast-iron plates</li><li>robust stainless steel handle</li><li>Incoloy heating elements</li><li>timer</li><li>pilot lights</li><li>Mix and accessories sold separately.</li></ul>",305,510,310,22 kg,1.6 kW,230V,230x60x30,Electric,Cast iron,Continuous,300°C,Thermostat,Stick waffle,Display stand,96 waffles/h,1 Year,1 Year,France,"CE, UL/NSF"
ROL1-GES40,gid://shopify/Product/8645501976775,"<p>Even cooking on cast-iron plates with high inertia.</p><p>Meant for deep-frozen, precooked frozen or fresh home-made batter.</p><p>Cleaning of plates and hinges with wire brush. Removable surrounding tray for extra dough (patented).</p><p>Features:</p><ul><li>commutator thermostat (0-300°C)</li><li>cast-iron plates</li><li>robust stainless steel handle</li><li>Incoloy heating elements</li><li>timer</li><li>pilot lights</li><li>fork for waffle (except GES 40).</li></ul>",305,510,310,22 kg,1.6 kW,230V,250x250x40,Electric,Cast iron,Continuous,300°C,Thermostat,Thin waffle,,160 waffles/h,1 Year,1 Year,France,"CE, UL/NSF"
ROL1-GES70,gid://shopify/Product/8645502009543,"<p>Even cooking on cast-iron plates with high inertia.</p><p>Meant for deep-frozen, precooked frozen or fresh home-made batter.</p><p>Cleaning of plates and hinges with wire brush. Removable surrounding tray for extra dough (patented). </p><p>Features:</p><ul><li>commutator thermostat (0-300°C)</li><li>cast-iron plates</li><li>robust stainless steel handle</li><li>Incoloy heating elements</li><li>timer</li><li>pilot lights</li><li>fork for waffle (except GES 40).</li></ul>",,,,,,,,,,,,,,,,,,,
ROL1-GES75,gid://shopify/Product/8645502042311,"<p>Even cooking on cast-iron plates with high inertia.</p><p>Meant for deep-frozen, precooked frozen or fresh home-made batter.</p><p>Cleaning of plates and hinges with wire brush. Removable surrounding tray for extra dough (patented). </p><p>Features:</p><ul><li>commutator thermostat (0-300°C)</li><li>cast-iron plates</li><li>robust stainless steel handle</li><li>Incoloy heating elements</li><li>timer</li><li>pilot lights</li><li>fork for waffle (except GES 40).</li></ul>",305,510,310,22 kg,1.6 kW,230V,Ø185,Electric,Cast iron,Continuous,300°C,Thermostat,Round waffle,Fork,,1 Year,1 Year,France,"CE, UL/NSF"
ROL1-GES80,gid://shopify/Product/8646051266759,"<p>The turn-key waffle solution refund in a few weeks: electric waffle with 4 imprints in cast-iron plates for waffles on stick, 10 kg of waffle mix, namely 330 waffles on sticks, 500 sticks, display for waffles on sticks P08002Z03.</p><p>Even cooking on cast-iron plates with high inertia.</p><p>96 waffles/h! 4 golden waffles on sticks in 2’30 min!</p><p>Cleaning of plates and hinges with wire brush. Removable surrounding tray for extra dough (patented).</p><p>Features:</p><ul><li>commutator thermostat (0-300°C)</li><li>cast-iron plates</li><li>robust stainless steel handle</li><li>Incoloy heating elements</li><li>timer</li><li>pilot lights</li><li>Mix and accessories sold separately.</li></ul>",305,510,310,22 kg,1.6 kW,230V,155x40x40,Electric,Cast iron,Continuous,300°C,Thermostat,Stick waffle,Display stand,96 waffles/h,1 Year,1 Year,France,"CE, UL/NSF"
ROL1-GES80-B,gid://shopify/Product/8646051332295,"<p>The turn-key waffle solution refund in a few weeks: electric waffle with 4 imprints in cast-iron plates for waffles on stick, 10 kg of waffle mix, namely 330 waffles on sticks, 500 sticks, display for waffles on sticks P08002Z03.</p><p>Even cooking on cast-iron plates with high inertia.</p><p>96 waffles/h! 4 golden waffles on sticks in 2’30 min!</p><p>Cleaning of plates and hinges with wire brush. Removable surrounding tray for extra dough (patented).</p><p>Features:</p><ul><li>commutator thermostat (0-300°C)</li><li>cast-iron plates</li><li>robust stainless steel handle</li><li>Incoloy heating elements</li><li>timer</li><li>pilot lights</li><li>Mix and accessories sold separately.</li></ul>",305,510,310,22 kg,1.6 kW,230V,155x40x40,Electric,Cast iron,Continuous,300°C,Thermostat,Stick waffle,Display stand,96 waffles/h,1 Year,1 Year,France,"CE, UL/NSF"
ROL1-GR40E,gid://shopify/Product/8645502107847,<p>Modular gyros / kebab grills.</p><ul><li>Even cooking according to the volume of the meat: movable and adjustable back and heating zones according to the carrot-shaped piece of meat.</li><li>Independent control of heating zones.</li><li>Fully hermetic bottom support: motor on ball-bearings (does not bear weight of meat and user’s strong handling) and protected from any infiltration of grease and juice.</li></ul><p>Cleaning: wide stamped juice collector and removable juice drawer.</p><p>Electric models:</p><ul><li>3 to 5 Incoloy heating elements</li><li>half/full power regulation</li><li>firestones to store heat.</li></ul><p>Gas models:</p><ul><li>2 to 4 infrared burners with safety thermocouple</li><li>regulation knob with slow position</li><li>Supplied in LPG with a set of NG injectors</li></ul>,580,660,690,27 kg,3.6 kW,230V,,Electric,Stainless steel,Continuous,Variable,Thermostat,Adjustable heating,Multiple accessories,,1 Year,1 Year,France,"CE, UL/NSF"
ROL1-GR40G,gid://shopify/Product/8645502173383,<p>Modular gyros / kebab grills.</p><ul><li>Even cooking according to the volume of the meat: movable and adjustable back and heating zones according to the carrot-shaped piece of meat.</li><li>Independent control of heating zones.</li><li>Fully hermetic bottom support: motor on ball-bearings (does not bear weight of meat and user’s strong handling) and protected from any infiltration of grease and juice.</li></ul><p>Cleaning: wide stamped juice collector and removable juice drawer.</p><p>Electric models:</p><ul><li>3 to 5 Incoloy heating elements</li><li>half/full power regulation</li><li>firestones to store heat.</li></ul><p>Gas models:</p><ul><li>2 to 4 infrared burners with safety thermocouple</li><li>regulation knob with slow position</li><li>Supplied in LPG with a set of NG injectors</li></ul>,580,660,690,28 kg,,,,Gas,Stainless steel,Continuous,Variable,Thermocouple,Infrared ceramic,Multiple accessories,,1 Year,1 Year,France,"CE, UL/NSF"
ROL1-GR60E,gid://shopify/Product/8645502206151,<p>Modular gyros / kebab grills.</p><ul><li>Even cooking according to the volume of the meat: movable and adjustable back and heating zones according to the carrot-shaped piece of meat.</li><li>Independent control of heating zones.</li><li>Fully hermetic bottom support: motor on ball-bearings (does not bear weight of meat and user’s strong handling) and protected from any infiltration of grease and juice.</li></ul><p>Cleaning: wide stamped juice collector and removable juice drawer.</p><p>Electric models:</p><ul><li>3 to 5 Incoloy heating elements</li><li>half/full power regulation</li><li>firestones to store heat.</li></ul><p>Gas models:</p><ul><li>2 to 4 infrared burners with safety thermocouple</li><li>regulation knob with slow position</li><li>Supplied in LPG with a set of NG injectors</li></ul>,580,660,860,31 kg,5.8 kW,380V,,Electric,Stainless steel,Continuous,Variable,Thermostat,Adjustable heating,Multiple accessories,,1 Year,1 Year,France,"CE, UL/NSF"
ROL1-GR60G,gid://shopify/Product/8645502238919,<p>Modular gyros / kebab grills.</p><ul><li>Even cooking according to the volume of the meat: movable and adjustable back and heating zones according to the carrot-shaped piece of meat.</li><li>Independent control of heating zones.</li><li>Fully hermetic bottom support: motor on ball-bearings (does not bear weight of meat and user’s strong handling) and protected from any infiltration of grease and juice.</li></ul><p>Cleaning: wide stamped juice collector and removable juice drawer.</p><p>Electric models:</p><ul><li>3 to 5 Incoloy heating elements</li><li>half/full power regulation</li><li>firestones to store heat.</li></ul><p>Gas models:</p><ul><li>2 to 4 infrared burners with safety thermocouple</li><li>regulation knob with slow position</li><li>Supplied in LPG with a set of NG injectors</li></ul>,580,660,860,32 kg,,,,Gas,Stainless steel,Continuous,Variable,Thermocouple,Infrared ceramic,Multiple accessories,,1 Year,1 Year,France,"CE, UL/NSF"
ROL1-GR80E,gid://shopify/Product/8645502271687,<p>Modular gyros / kebab grills.</p><ul><li>Even cooking according to the volume of the meat: movable and adjustable back and heating zones according to the carrot-shaped piece of meat.</li><li>Independent control of heating zones.</li><li>Fully hermetic bottom support: motor on ball-bearings (does not bear weight of meat and user’s strong handling) and protected from any infiltration of grease and juice.</li></ul><p>Cleaning: wide stamped juice collector and removable juice drawer.</p><p>Electric models:</p><ul><li>3 to 5 Incoloy heating elements</li><li>half/full power regulation</li><li>firestones to store heat.</li></ul><p>Gas models:</p><ul><li>2 to 4 infrared burners with safety thermocouple</li><li>regulation knob with slow position</li><li>Supplied in LPG with a set of NG injectors</li></ul>,580,660,35,35 kg,7.2 kW,380V,,Electric,Stainless steel,Continuous,Variable,Thermostat,Adjustable heating,Multiple accessories,,1 Year,1 Year,France,"CE, UL/NSF"
ROL1-MAJESTIC-FT,gid://shopify/Product/8645641633991,"<p>Double contact-grills for fast-foods and high output chains.</p><ul><li>Grilling in high quantities and alternate cooking between both plates.</li><li>Same characteristics as Savoye and Panini contact-grills, with independent controls.</li></ul><p>Options:</p><ul><li>Electronic timer with 3 independent cooking times (for PANINI and DOUBLE PANINI).</li><li>Auto regulation system of the height of cooking.</li><li>Individual plates available in grooved or flat versions for wraps, blinis, Swedish bread, omelettes...</li></ul>",560,460,280,36 kg,4 kW,380V,535x240,Electric,Cast iron,Continuous,300°C,Thermostat,Extra large,Scraper,192 steaks/h,1 Year,1 Year,France,"CE, UL/NSF"
ROL1-MAJESTIC-L,gid://shopify/Product/8645502304455,"<p>Double contact-grills for fast-foods and high output chains.</p><ul><li>Grilling in high quantities and alternate cooking between both plates.</li><li>Same characteristics as Savoye and Panini contact-grills, with independent controls.</li></ul><p>Options:</p><ul><li>Electronic timer with 3 independent cooking times (for PANINI and DOUBLE PANINI).</li><li>Auto regulation system of the height of cooking.</li><li>Individual plates available in grooved or flat versions for wraps, blinis, Swedish bread, omelettes...</li></ul>",560,460,280,36 kg,4 kW,380V,535x240,Electric,Cast iron,Continuous,300°C,Thermostat,Smooth plate,Scraper,192 steaks/h,1 Year,1 Year,France,"CE, UL/NSF"
ROL1-MAJESTIC-M,gid://shopify/Product/8645506924743,"<p>Double contact-grills for fast-foods and high output chains.</p><ul><li>Grilling in high quantities and alternate cooking between both plates.</li><li>Same characteristics as Savoye and Panini contact-grills, with independent controls.</li></ul><p>Options:</p><ul><li>Electronic timer with 3 independent cooking times (for PANINI and DOUBLE PANINI).</li><li>Auto regulation system of the height of cooking.</li><li>Individual plates available in grooved or flat versions for wraps, blinis, Swedish bread, omelettes...</li></ul>",560,460,280,36 kg,4 kW,380V,535x240,Electric,Cast iron,Continuous,300°C,Thermostat,Mixed plate,Scraper,192 steaks/h,1 Year,1 Year,France,"CE, UL/NSF"
ROL1-MAJESTIC-R,gid://shopify/Product/8645502337223,"<p>Double contact-grills for fast-foods and high output chains.</p><ul><li>Grilling in high quantities and alternate cooking between both plates.</li><li>Same characteristics as Savoye and Panini contact-grills, with independent controls.</li></ul><p>Options:</p><ul><li>Electronic timer with 3 independent cooking times (for PANINI and DOUBLE PANINI).</li><li>Auto regulation system of the height of cooking.</li><li>Individual plates available in grooved or flat versions for wraps, blinis, Swedish bread, omelettes...</li></ul>",560,460,280,36 kg,4 kW,380V,535x240,Electric,Cast iron,Continuous,300°C,Thermostat,Ribbed plate,Scraper,192 steaks/h,1 Year,1 Year,France,"CE, UL/NSF"
ROL1-MAJESTIC-RB,gid://shopify/Product/8645877465287,"<p>Double contact-grills for fast-foods and high output chains.</p><ul><li>Grilling in high quantities and alternate cooking between both plates.</li><li>Same characteristics as Savoye and Panini contact-grills, with independent controls.</li></ul><p>Options:</p><ul><li>Electronic timer with 3 independent cooking times (for PANINI and DOUBLE PANINI).</li><li>Auto regulation system of the height of cooking.</li><li>Individual plates available in grooved or flat versions for wraps, blinis, Swedish bread, omelettes...</li></ul>",560,460,280,36 kg,4 kW,380V,535x240,Electric,Cast iron,Continuous,300°C,Thermostat,Double ribbed,Scraper,192 steaks/h,1 Year,1 Year,France,"CE, UL/NSF"
ROL1-MC-03,gid://shopify/Product/8645502369991,"<p>Wheeled cart in stainless steel for takeaways concepts (crepes, waffles, snacks…).</p><ul><li>Storage area with adjustable stainless-steel shelf, locked with 2 sliding doors.</li><li>Glass sneeze guard (H01085 = 1000 x 300 mm).</li><li>Stainless steel plate (40308 = 250 x 265 mm).</li><li>Customized backlit poster upon request (850 x 600 mm).</li><li>2 plugs (16 A / 220-240 V / 1 Ph) to plug in the equipment.</li><li>4 castors, 2 with braking system.</li><li>Delivered with no appliance.</li></ul><p>Option: 2 stainless steel side shelves with stop (Ref. 40325 = 310 x 605 x 220 mm).</p>",100,600,825,38 kg,40 W,230V,,Electric,Stainless steel,Continuous,,,Mobile cart,LED lighting,,1 Year,1 Year,France,"CE, UL/NSF"
ROL1-MF120DR,gid://shopify/Product/8642989719751,<p>Table top fryers in all stainless steel 8 to 12 L with cold zone.</p><p>Reset of safety thermostat in the back in case of overheating or lack of oil.</p><p>Fryers with double tank 2 x 8 L till 2 x 12 L with independent control and same specifications as single models.</p><p>Cleaning: 5 removable parts and dishwasher-safe stainless-steel tank.</p><p>Features:</p><ul><li>precise bulb thermostat 180°C</li><li>safety thermostat</li><li>microswitch</li><li>pilot light</li><li>basket with heat-resistant handle</li><li>stainless steel lid</li></ul>,765,470,350,21 kg,2x6.4 kW,380V,,Electric,Stainless steel,Continuous,180°C,Safety thermostat,Double fryer,2 Baskets,32 kg/h,1 Year,1 Year,France,"CE, UL/NSF"
ROL1-MF120R,gid://shopify/Product/8645877498055,<p>Table top fryers in all stainless steel 8 to 12 L with cold zone.</p><p>Reset of safety thermostat in the back in case of overheating or lack of oil.</p><p>Fryers with double tank 2 x 8 L till 2 x 12 L with independent control and same specifications as single models.</p><p>Cleaning: 5 removable parts and dishwasher-safe stainless-steel tank.</p><p>Features:</p><ul><li>precise bulb thermostat 180°C</li><li>safety thermostat</li><li>microswitch</li><li>pilot light</li><li>basket with heat-resistant handle</li><li>stainless steel lid</li></ul>,395,470,350,11 kg,6.4 kW,380V,,Electric,Stainless steel,Continuous,180°C,Safety thermostat,Single fryer,Basket,16 kg/h,1 Year,1 Year,France,"CE, UL/NSF"
ROL1-MG-02,gid://shopify/Product/8642987065543,"<p>Wheeled cart in stainless steel for takeaways concepts (crepes, waffles, snacks…).</p><ul><li>Storage area with adjustable stainless-steel shelf, locked with 2 sliding doors.</li><li>Glass sneeze guard (H01085 = 1000 x 300 mm).</li><li>Stainless steel plate (40308 = 250 x 265 mm).</li><li>Customized backlit poster upon request (850 x 600 mm).</li><li>2 plugs (16 A / 220-240 V / 1 Ph) to plug in the equipment.</li><li>4 castors, 2 with braking system.</li><li>Delivered with no appliance.</li></ul><p>Option: 2 stainless steel side shelves with stop (Ref. 40325 = 310 x 605 x 220 mm).</p>",100,600,825,38 kg,40 W,230V,,Electric,Stainless steel,Continuous,,,Mobile cart,LED lighting,,1 Year,1 Year,France,"CE, UL/NSF"
ROL1-PANINI-R,gid://shopify/Product/8646051365063,<p>Preheating = 15 min.</p><p>Even cooking thanks to spiral heating element.</p><p>Adjusted cooking: self-balanced upper plate and adjustable pressure spring.</p><p>Cleaning: dishwasher-safe juice tray and stainless steel scraper for cast-iron plates.</p><p>Features:</p><ul><li>commutator-thermostat (0-300°C)</li><li>robust stainless steel handle</li><li>pilot lights.</li></ul>,380,460,280,24 kg,3 kW,230V,360x240,Electric,Cast iron,Continuous,300°C,Thermostat,Ribbed plates,Scraper,48 panini/h,1 Year,1 Year,France,"CE, UL/NSF"
ROL1-PANINI-RB,gid://shopify/Product/8646051397831,<p>Preheating = 15 min.</p><p>Even cooking thanks to spiral heating element.</p><p>Adjusted cooking: self-balanced upper plate and adjustable pressure spring.</p><p>Cleaning: dishwasher-safe juice tray and stainless steel scraper for cast-iron plates.</p><p>Features:</p><ul><li>commutator-thermostat (0-300°C)</li><li>robust stainless steel handle</li><li>pilot lights.</li></ul>,380,460,280,24 kg,3 kW,230V,360x240,Electric,Cast iron,Continuous,300°C,Thermostat,Double ribbed,Scraper,48 panini/h,1 Year,1 Year,France,"CE, UL/NSF"
ROL1-PANINI-XLE,gid://shopify/Product/8646051430599,"<p>1. XL contact-grill function ( 360 x 360 mm): 5 panini in 1 cooking, namely 130 panini/h!</p><p>2. Plancha grill function: 9 fresh or frozen steaks/hamburgers in 1 cooking, namely 415 hamburgers/h!</p><ul><li>Robust construction with cast-iron plates and safety device for heavy duty use.</li><li>Available with flat plates for the cooking of omelettes, fried eggs, galettes, Swedish bread, blinis, wraps…</li></ul><p>Cleaning: stainless steel scraper and dishwasher-safe juice tray.</p><p>Features:</p><ul><li>precise bulb-thermostat (0-300°C)</li><li>robust stainless steel handle</li><li>commutator.</li></ul><p>Option: electronic timer with 3 independent cooking times (PANINI XLE B).</p>",400,600,320,32 kg,3.6 kW,230V,360x360,Electric,Cast iron,Continuous,300°C,Thermostat,Extra large,Timer,130 panini/h,1 Year,1 Year,France,"CE, UL/NSF"
ROL1-PANINI-XLL,gid://shopify/Product/8646051463367,"<p>1. XL contact-grill function ( 360 x 360 mm): 5 panini in 1 cooking, namely 130 panini/h!</p><p>2. Plancha grill function: 9 fresh or frozen steaks/hamburgers in 1 cooking, namely 415 hamburgers/h!</p><ul><li>Robust construction with cast-iron plates and safety device for heavy duty use.</li><li>Available with flat plates for the cooking of omelettes, fried eggs, galettes, Swedish bread, blinis, wraps…</li></ul><p>Cleaning: stainless steel scraper and dishwasher-safe juice tray.</p><p>Features:</p><ul><li>precise bulb-thermostat (0-300°C)</li><li>robust stainless steel handle</li><li>commutator.</li></ul><p>Option: electronic timer with 3 independent cooking times (PANINI XLE B).</p>",400,600,320,32 kg,3.6 kW,230V,360x360,Electric,Cast iron,Continuous,300°C,Thermostat,Smooth plate,Timer,130 panini/h,1 Year,1 Year,France,"CE, UL/NSF"
ROL1-PIC25,gid://shopify/Product/8645507023047,"<p>Induction cooktop with stainless steel frame for snack concepts, takeaways and food-trucks. French and professional induction technology.</p><ul><li>Ultra-fast temperature rise</li><li>Precise and instant regulation</li><li>Non-stop use during 8h without any automatic switch off</li><li>Sauté possibility at 30 - 40 mm high</li><li>Efficiency &gt; 95 %</li></ul><p>Control panel with capacitive keys:</p><ul><li>on/off</li><li>20 power levels</li><li>ventilation</li><li>timer</li><li>sound timer and cut-off</li></ul>",315,380,102,6 kg,2.5 kW,230V,280x280,Electric,Vitroceramic,Continuous,Variable,Electronic control,Induction,,,1 Year,1 Year,France,"CE, UL/NSF"
ROL1-PID30,gid://shopify/Product/8642988572871,HyperText Markup Language,590,380,102,11 kg,2x3 kW,230V,555x280,Electric,Vitroceramic,Continuous,Variable,Electronic control,Double induction,,,1 Year,1 Year,France,"CE, UL/NSF"
ROL1-PID700,gid://shopify/Product/8645877530823,"<p>PID 700 : Induction plancha grill with stainless steel frame for snack concepts, takeaways and food-trucks. French and professional induction technology.</p><ul><li>Ultra-fast temperature rise.</li><li>Sauté possibility at 30 - 40 mm high.</li><li>Non-stop use at maxi power during 8h without any automatic switch off.</li><li>Efficiency &gt; 95 %.</li></ul><p>Control panel with capacitive keys :</p><ul><li>on/off, 20 power levels</li><li>ventilation</li><li>sound timer and cut-off..</li></ul><p>PRG 700:</p><ul><li>2 powerful fire zones</li><li>2 knobs with slow position</li><li>2 press buttons for Piezo lighting</li><li>safety thermocouples.</li><li>Supplied in LPG with a set of NG injectors.</li></ul>",400,700,200,15 kg,2x3 kW,230V,365x585,Electric,Stainless steel,Continuous,Variable,Electronic control,Builtin induction,,,1 Year,1 Year,France,"CE, UL/NSF"
ROL1-PIS30,gid://shopify/Product/8645506990279,"<p>Induction cooktop with stainless steel frame for snack concepts, takeaways and food-trucks. French and professional induction technology.</p><ul><li>Ultra-fast temperature rise.</li><li>Precise and instant regulation.</li><li>Non-stop use during 8h without any automatic switch off.</li><li>Sauté possibility at 30 - 40 mm high.</li><li>Efficiency &gt; 95 %.</li></ul><p>Control panel with capacitive keys:</p><ul><li>on/off</li><li>20 power levels</li><li>ventilation</li><li>timer</li><li>sound timer and cut-off.</li></ul>",315,380,102,6 kg,3 kW,230V,280x280,Electric,Vitroceramic,Continuous,Variable,Electronic control,Single induction,,,1 Year,1 Year,France,"CE, UL/NSF"
ROL1-PIW30,gid://shopify/Product/8645509054663,"<p>Induction cooktop with stainless steel frame for snack concepts, takeaways and food-trucks. French and professional induction technology.</p><ul><li>Ultra-fast temperature rise.</li><li>Precise and instant regulation.</li><li>Non-stop use during 8h without any automatic switch off.</li><li>Sauté possibility at 30 - 40 mm high.</li><li>Efficiency &gt; 95 %.</li></ul><p>Control panel with capacitive keys:</p><ul><li>on/off</li><li>20 power levels</li><li>ventilation</li><li>timer</li><li>sound timer and cut-off.</li></ul>",390,430,165,7 kg,3 kW,230V,Ø360,Electric,Vitroceramic,Continuous,Variable,Electronic control,Wok induction,,,1 Year,1 Year,France,"CE, UL/NSF"
ROL1-PREMIUM,gid://shopify/Product/8646051496135,"<ol><li>Contact-grill function: 48 panini/h!</li><li>Plancha grill function: 6 fresh or frozen steaks/hamburgers in 1 cooking, namely 135 steaks/h!</li><li>Grill marking/reheating function in a few seconds with the top plate.</li></ol><ul><li>High temperature rise in 8’30 min at 280°C!</li><li>Perfect even cooking thanks to spiral heating elements integrated in the plates.</li><li>Adjusted cooking: self-balanced upper plate and adjustable pressure spring.</li><li>Electronic timer with 3 independent cooking times.</li></ul>",940,450,845,53kg,6.6kW,380V,,Electric,Stainless steel,Continuous,Not specified,,,Individual controls,Not specified,1 Year,1 Year,France,"CE, UL/NSF"
ROL1-PSF400E,gid://shopify/Product/8642989097159,"<ul><li>1 or 2 independent cooking zones.</li><li>Preheating = 15 min.</li><li>Cleaning with spatula, wet sponge. Deglazing with ice. Juice and grease draining in the dishwasher-safe drawer.</li></ul><p>Electric version:</p><ul><li>1 or 2 Incoloy heating elements</li><li>1 or 2 commutators-thermostats 0-300°C</li><li>pilot lights.</li></ul><p>Gas version:</p><ul><li>1 or 2 star-shaped burners in 6-8 branches</li><li>Piezo lighting</li><li>1 or 2 safety thermocouples</li><li>Supplied in LPG with NG injectors.</li></ul>",400,475,230,22 kg,3 kW,230V,400x400,Electric,Cast iron,Continuous,300°C,Thermostat,Single zone,Scraper,,1 Year,1 Year,France,"CE, UL/NSF"
ROL1-PSI600E,gid://shopify/Product/8645502435527,<p>High temperature rise in 10 min.</p><p>2 independent cooking zones.</p><p>Very easy cleaning with wet sponge and a little detergent. Juice and grease draining in the dishwasher-safe drawer. No deglazing. Plate = 10-year-waranty.</p><p>Electric version:</p><ul><li>1 or 2 Incoloy heating elements</li><li>1 or 2 commutators-thermostats 0-300°C</li><li>pilot lights.</li></ul><p>Gas version:</p><ul><li>1 or 2 star-shaped burners in 6-8 branches</li><li>Piezo lighting</li><li>2 power control with slow position</li><li>1 or 2 safety thermocouples</li><li>adjustable feet</li><li>Supplied in LPG with NG injectors.</li></ul>,600,500,190,29 kg,3.5 kW,230V,600x450,Electric,Stainless steel,Continuous,300°C,Thermostat,Double zone,Scraper,,1 Year,1 Year,France,"CE, UL/NSF"
ROL1-PSI600G,gid://shopify/Product/8645502468295,<ul><li>High temperature rise in 10 min.</li><li>2 independent cooking zones.</li><li>Very easy cleaning with wet sponge and a little detergent. Juice and grease draining in the dishwasher-safe drawer. No deglazing. Plate = 10-year-waranty.</li></ul><p>Electric version:</p><ul><li>1 or 2 Incoloy heating elements</li><li>1 or 2 commutators-thermostats 0-300°C</li><li>pilot lights.</li></ul><p>Gas version:</p><ul><li>1 or 2 star-shaped burners in 6-8 branches</li><li>Piezo lighting</li><li>2 power control with slow position</li><li>1 or 2 safety thermocouples</li><li>adjustable feet</li><li>Supplied in LPG with NG injectors.</li></ul>,400,520,190,32 kg,,,600x450,Gas,Stainless steel,Continuous,Variable,Thermocouple,Double zone,Scraper,,1 Year,1 Year,France,"CE, UL/NSF"
ROL1-PSR400E,gid://shopify/Product/8646051528903,"<p>High temperature rise in 10 min.</p><p>Available in 1, 2 or 3 independent cooking zones.</p><p>Cleaning with spatula, wet sponge. Deglazing with ice if the cooking surface is very dirty. Juice and grease draining in the dishwasher-safe drawer.</p><p>Electric version:</p><ul><li>1 to 3 incoloy heating elements</li><li>1 to 3 commutators-thermostats 0-300°C</li><li>pilot lights.</li></ul><p>Gas version:</p><ul><li>1 to 3 star-shaped burners in 6-8 branches</li><li>Piezo lighting, safety thermocouples</li><li>Supplied in LPG with NG injectors.</li></ul>",400,475,230,22 kg,3 kW,230V,400x400,Electric,Steel,Continuous,300°C,Thermostat,Single zone,Scraper,,1 Year,1 Year,France,"CE, UL/NSF"
ROL1-PSR400EE,gid://shopify/Product/8645502501063,"<ul><li>High temperature rise in 10 min.</li><li>Available in 1, 2 or 3 independent cooking zones.</li><li>Cleaning with spatula, wet sponge. Deglazing with ice if the cooking surface is very dirty. Juice and grease draining in the dishwasher-safe drawer.</li></ul><p>Electric version:</p><ul><li>1 to 3 incoloy heating elements</li><li>1 to 3 commutators-thermostats 0-300°C</li><li>pilot lights.</li></ul><p>Gas version:</p><ul><li>1 to 3 star-shaped burners in 6-8 branches</li><li>Piezo lighting, safety thermocouples</li><li>Supplied in LPG with NG injectors.</li></ul>",400,475,230,22 kg,3 kW,230V,400x400,Electric,Enameled steel,Continuous,300°C,Thermostat,Single zone,Scraper,,1 Year,1 Year,France,"CE, UL/NSF"
ROL1-PSR400GE,gid://shopify/Product/8642989162695,"<ul><li>High temperature rise in 10 min.</li><li>Available in 1, 2 or 3 independent cooking zones.</li><li>Cleaning with spatula, wet sponge. Deglazing with ice if the cooking surface is very dirty. Juice and grease draining in the dishwasher-safe drawer.</li></ul><p>Electric version:</p><ul><li>1 to 3 incoloy heating elements</li><li>1 to 3 commutators-thermostats 0-300°C</li><li>pilot lights.</li></ul><p>Gas version:</p><ul><li>1 to 3 star-shaped burners in 6-8 branches</li><li>Piezo lighting, safety thermocouples</li><li>Supplied in LPG with NG injectors.</li></ul>",400,475,230,22 kg,,,400x400,Gas,Enameled steel,Continuous,Variable,Thermocouple,Single zone,Scraper,,1 Year,1 Year,France,"CE, UL/NSF"
ROL1-PSR600E-220V,gid://shopify/Product/8646051594439,"<p>High temperature rise in 10 min.</p><p>Available in 1, 2 or 3 independent cooking zones.</p><p>Cleaning with spatula, wet sponge. Deglazing with ice if the cooking surface is very dirty. Juice and grease draining in the dishwasher-safe drawer.</p><p>Electric version:</p><ul><li>1 to 3 incoloy heating elements</li><li>1 to 3 commutators-thermostats 0-300°C</li><li>pilot lights.</li></ul><p>Gas version:</p><ul><li>1 to 3 star-shaped burners in 6-8 branches</li><li>Piezo lighting, safety thermocouples</li><li>Supplied in LPG with NG injectors.</li></ul>",600,475,230,32 kg,6 kW,230V,600x400,Electric,Steel,Continuous,300°C,Thermostat,Double zone,Scraper,,1 Year,1 Year,France,"CE, UL/NSF"
ROL1-PSR600E-380V,gid://shopify/Product/8646051627207,"<p>High temperature rise in 10 min.</p><p>Available in 1, 2 or 3 independent cooking zones.</p><p>Cleaning with spatula, wet sponge. Deglazing with ice if the cooking surface is very dirty. Juice and grease draining in the dishwasher-safe drawer.</p><p>Electric version:</p><ul><li>1 to 3 incoloy heating elements</li><li>1 to 3 commutators-thermostats 0-300°C</li><li>pilot lights.</li></ul><p>Gas version:</p><ul><li>1 to 3 star-shaped burners in 6-8 branches</li><li>Piezo lighting, safety thermocouples</li><li>Supplied in LPG with NG injectors.</li></ul>",600,475,230,32 kg,6 kW,380V,600x400,Electric,Steel,Continuous,300°C,Thermostat,Double zone,Scraper,,1 Year,1 Year,France,"CE, UL/NSF"
ROL1-PSR600EE,gid://shopify/Product/8646051659975,"<ul><li>High temperature rise in 10 min.</li><li>Available in 1, 2 or 3 independent cooking zones.</li><li>Cleaning with spatula, wet sponge. Deglazing with ice if the cooking surface is very dirty. Juice and grease draining in the dishwasher-safe drawer.</li></ul><p>Electric version:</p><ul><li>1 to 3 incoloy heating elements</li><li>1 to 3 commutators-thermostats 0-300°C</li><li>pilot lights.</li></ul><p>Gas version:</p><ul><li>1 to 3 star-shaped burners in 6-8 branches</li><li>Piezo lighting, safety thermocouples</li><li>Supplied in LPG with NG injectors.</li></ul>",600,475,230,32 kg,6 kW,380V,600x400,Electric,Enameled steel,Continuous,300°C,Thermostat,Double zone,Scraper,,1 Year,1 Year,France,"CE, UL/NSF"
ROL1-PSR600G,gid://shopify/Product/8646051692743,"<ul><li>High temperature rise in 10 min.</li><li>Available in 1, 2 or 3 independent cooking zones.</li><li>Cleaning with spatula, wet sponge. Deglazing with ice if the cooking surface is very dirty. Juice and grease draining in the dishwasher-safe drawer.</li></ul><p>Electric version:</p><ul><li>1 to 3 incoloy heating elements</li><li>1 to 3 commutators-thermostats 0-300&deg;C</li><li>pilot lights.</li></ul><p>Gas version:</p><ul><li>1 to 3 star-shaped burners in 6-8 branches</li><li>Piezo lighting, safety thermocouples</li><li>Supplied in LPG with NG injectors.</li></ul>",600,475,230,32 kg,6.4 kW,,600x400,Gas,Steel,Continuous,Variable,Thermocouple,Double zone,Scraper,,1 Year,1 Year,France,"CE, UL/NSF"
ROL1-PSR600GE,gid://shopify/Product/8645506564295,"<ul><li>High temperature rise in 10 min.</li><li>Available in 1, 2 or 3 independent cooking zones.</li><li>Cleaning with spatula, wet sponge. Deglazing with ice if the cooking surface is very dirty. Juice and grease draining in the dishwasher-safe drawer.</li></ul><p>Electric version:</p><ul><li>1 to 3 incoloy heating elements</li><li>1 to 3 commutators-thermostats 0-300°C</li><li>pilot lights.</li></ul><p>Gas version:</p><ul><li>1 to 3 star-shaped burners in 6-8 branches</li><li>Piezo lighting, safety thermocouples</li><li>Supplied in LPG with NG injectors.</li></ul>",600,475,230,32 kg,,,600x400,Gas,Enameled steel,Continuous,Variable,Thermocouple,Double zone,Scraper,,1 Year,1 Year,France,"CE, UL/NSF"
ROL1-PSR900E,gid://shopify/Product/8645502533831,"<ul><li>High temperature rise in 10 min.</li><li>Available in 1, 2 or 3 independent cooking zones.</li><li>Cleaning with spatula, wet sponge. Deglazing with ice if the cooking surface is very dirty. Juice and grease draining in the dishwasher-safe drawer.</li></ul><p>Electric version:</p><ul><li>1 to 3 incoloy heating elements</li><li>1 to 3 commutators-thermostats 0-300°C</li><li>pilot lights.</li></ul><p>Gas version:</p><ul><li>1 to 3 star-shaped burners in 6-8 branches</li><li>Piezo lighting, safety thermocouples</li><li>Supplied in LPG with NG injectors.</li></ul>",900,475,230,44 kg,9 kW,380V,900x400,Electric,Steel,Continuous,300°C,Thermostat,Triple zone,Scraper,,1 Year,1 Year,France,"CE, UL/NSF"
ROL1-PSR900EE,gid://shopify/Product/8645502566599,"<p>High temperature rise in 10 min.</p><p>Available in 1, 2 or 3 independent cooking zones.</p><p>Cleaning with spatula, wet sponge. Deglazing with ice if the cooking surface is very dirty. Juice and grease draining in the dishwasher-safe drawer.</p><p>Electric version:</p><ul><li>1 to 3 incoloy heating elements</li><li>1 to 3 commutators-thermostats 0-300°C</li><li>pilot lights.</li></ul><p>Gas version:</p><ul><li>1 to 3 star-shaped burners in 6-8 branches</li><li>Piezo lighting, safety thermocouples</li><li>Supplied in LPG with NG injectors.</li></ul>",900,475,230,44 kg,9 kW,380V,900x400,Electric,Enameled steel,Continuous,300°C,Thermostat,Triple zone,Scraper,,1 Year,1 Year,France,"CE, UL/NSF"
ROL1-PSR900GE,gid://shopify/Product/8645502599367,"<ul><li>High temperature rise in 10 min.</li><li>Available in 1, 2 or 3 independent cooking zones.</li><li>Cleaning with spatula, wet sponge. Deglazing with ice if the cooking surface is very dirty. Juice and grease draining in the dishwasher-safe drawer.</li></ul><p>Electric version:</p><ul><li>1 to 3 incoloy heating elements</li><li>1 to 3 commutators-thermostats 0-300°C</li><li>pilot lights.</li></ul><p>Gas version:</p><ul><li>1 to 3 star-shaped burners in 6-8 branches</li><li>Piezo lighting, safety thermocouples</li><li>Supplied in LPG with NG injectors.</li></ul>",900,475,230,46 kg,,,900x400,Gas,Enameled steel,Continuous,Variable,Thermocouple,Triple zone,Scraper,,1 Year,1 Year,France,"CE, UL/NSF"
ROL1-PZ4302D,gid://shopify/Product/8646051725511,"<p>A unique range of pizza ovens (1050°C) in catering with firestone and double regulation:</p><ul><li>regulation of baking chamber and top infrared quartz tubes thanks to the thermostat,</li><li>regulation of the firestone according to the thickness of pizza base thanks to the power control.</li></ul><p>1 fresh or frozen pizza Ø41 cm in 3 min!</p><p>1 pizza Ø41 cm / minute with 2 stacked ovens PZ 4302 D!</p><p>Can be used for chapatti, Flammekueche, pastries etc.</p>",895,580,270,57 kg,5 kW,380V,Ø410,Electric,Stainless steel,Variable,350°C,Double regulation,Double chamber,,40 pizzas/h,1 Year,1 Year,France,"CE, UL/NSF"
ROL1-PZ430D,gid://shopify/Product/8646051791047,<p>Features:</p><ul><li>8 infrared quartz tubes</li><li>15 min timer with lock position for non-stop use</li><li>thermostat 0-350°C</li><li>power control</li><li>pilot lights.</li><li>Double-insulated door with tempered glass.</li></ul><p>Option: stackable device KPZ 430.</p>,670,580,500,55 kg,6 kW,380V,Ø410,Electric,Stainless steel,Variable,350°C,Double regulation,Double chamber,,40 pizzas/h,1 Year,1 Year,France,"CE, UL/NSF"
ROL1-PZ430S,gid://shopify/Product/8646051823815,<p>Features:</p><ul><li>8 infrared quartz tubes</li><li>15 min timer with lock position for non-stop use</li><li>thermostat 0-350°C</li><li>power control</li><li>pilot lights.</li><li>Double-insulated door with tempered glass.</li></ul><p>Option: stackable device KPZ 430.</p>,670,580,270,32 kg,3 kW,230V,Ø410,Electric,Stainless steel,Variable,350°C,Double regulation,Single chamber,,20 pizzas/h,1 Year,1 Year,France,"CE, UL/NSF"
ROL1-RBG120,gid://shopify/Product/8645509087431,<p>Electric model: 6 infrared quartz tubes (1050°C).</p><ul><li>Independent control and regulation of spits with 4-position-commutator.</li><li>Cleaning: Removable rear wall.</li></ul><p>Gas model:</p><ul><li>3 infrared burners with safety thermocouple.</li><li>Independent control of spits with regulation knob.</li><li>Supplied in LPG with a set of NG injectors.</li></ul><p>Features:</p><ul><li>switches</li><li>safety glass door</li><li>removable juice tray</li></ul><p>Options:</p><ul><li>feet 100 mm (CE - UL/NSF)</li><li>spit B3 for rib steaks and pieces of poultry</li><li>wheeled table TS 1 with brake system.</li></ul>,940,450,845,63 kg,,,,Gas,Stainless steel,Continuous,Variable,Thermocouples,Infrared burners,Spits,,1 Year,1 Year,France,"CE, UL/NSF"
ROL1-RBG80,gid://shopify/Product/8645509120199,<p>Electric model: 6 infrared quartz tubes (1050°C).</p><ul><li>Independent control and regulation of spits with 4-position-commutator.</li><li>Cleaning: Removable rear wall.</li></ul><p>Gas model:</p><ul><li>3 infrared burners with safety thermocouple.</li><li>Independent control of spits with regulation knob.</li><li>Supplied in LPG with a set of NG injectors.</li></ul><p>Features:</p><ul><li>switches</li><li>safety glass door</li><li>removable juice tray</li></ul><p>Options:</p><ul><li>feet 100 mm (CE - UL/NSF)</li><li>spit B3 for rib steaks and pieces of poultry</li><li>wheeled table TS 1 with brake system.</li></ul>,940,450,845,59 kg,,,,Gas,Stainless steel,Continuous,Variable,Thermocouples,Infrared burners,Spits,,1 Year,1 Year,France,"CE, UL/NSF"
ROL1-RD60TI,gid://shopify/Product/8645509152967,"<p>Ventilated refrigeration system (+2°C/+10°C). Class T3 (tested at 25°C - 60 % of humidity).</p><p>Precise regulation and automatic defrost through electronic thermostat.</p><p>Evaporator on top.</p><p>Stainless steel, white or black.</p><p>Rotating version: 5 rotating glass shelves including 1 mirror shelf. Carrousel moved through the motor fixed on ball-bearing. Automatic stop of the carrousel by door opening.</p><p>Fixed version: 5 adjustable grids on 7 levels.</p><p>RDC 60 / RDC 80:</p><ul><li>Specific cold for chocolate +14°C/+17°C and 50 % of humidity</li><li>Class T3 (tested at 25°C - 60% of humidity)</li></ul><p>Features:</p><ul><li>double-glazed walls and doors</li><li>magnetic door closing</li><li>4 double wheels</li><li>Compressor Tecumseh France</li><li>Gas R290</li></ul><p>Option: glass with micro-holes for a use at high altitude.</p>",545,545,170,198 kg,,230V,,Electric,Stainless steel,Continuous,#ERROR!,Electronic control,Rotating,Glass shelves,,1 Year,1 Year,France,"CE, UL/NSF"
ROL1-RD800-FI,gid://shopify/Product/8645509185735,"<p>Ventilated negative cold system (-5°C/-18°C). Class T3 (tested at 25°C - 60% of humidity).</p><p>Precise regulation and automatic defrost through electronic thermostat.</p><p>Evaporator on top.</p><p>Available in stainless steel, black or white.</p><p>Features:</p><ul><li>triple-glazed walls and doors</li><li>magnetic door closing</li><li>5 glass shelves and 6 levels</li><li>4 double wheels.</li><li>Compressor Tecumseh France</li><li>Gas R290.</li></ul><p>Options:</p><ul><li>lock system</li><li>glass with micro-holes for a use at high altitude.</li></ul>",800,645,850,190 kg,,230V,,Electric,Stainless steel,Continuous,#ERROR!,Electronic control,Ventilated,Glass shelves,,1 Year,1 Year,France,"CE, UL/NSF"
ROL1-RE2,gid://shopify/Product/8645526061255,"<p>Panoramic electric rotisserie with 5 swings for 25 pieces of meat (chickens, legs of lamb, game, roasts).</p><p>Independent control of carrousel and heating sources: Incoloy heating elements on bottom, infrared quartz tubes (1050°C) and halogen (300 W).</p><p>Cleaning: removable swings, shaft, reflectors and anti-wave plate.</p><p>Can be placed on the panoramic ventilated heated display RE 2 to store and to keep warm roasted pieces of meat. Supplied with 10 removable grids and holders.</p><p>Features:</p><ul><li>timer, thermostat</li><li>temperature indicator</li><li>pilot lights.</li></ul><p>Options:</p><ul><li>B1 - set of 5 high-capacity spits (30 poultries)</li><li>B2 - spit for large pieces of meat (side of lamb, pork…)</li><li>TS2 - wheeled table support with stand</li><li>MS4 - wheeled cart with storage area and brake system</li></ul>",850,700,50,95 kg,1.5 kW,230V,,Electric,Stainless steel,Continuous,Variable,Thermostat,Heated display,10 grids,,1 Year,1 Year,France,"CE, UL/NSF"
ROL1-RF12DS,gid://shopify/Product/8645521637575,<p>Modular high power fryers 2 x 8 L and 12 L with cold zone.</p><p>Reset of safety thermostat in the back in case of overheating or lack of oil.</p><p>Cleaning:</p><ul><li>removable control box</li><li>stamped and lightly tilted tank in one piece meant for easy oil draining</li><li>Safe draining with stainless steel tap and lever system</li></ul><p>Features (fryers):</p><ul><li>thermostat-commutator 180°C</li><li>high power heating element hold by 2 stainless steel flanges in each tank</li><li>pilot lights</li><li>basket with heat-resistant handle</li><li>stainless steel lid.</li></ul>,,,,,,230V,,Electric,Stainless steel,Continuous,180°C,Safety thermostat,Double fryer,2 Baskets,,1 Year,1 Year,France,"CE, UL/NSF"
ROL1-RF12S1P,gid://shopify/Product/8646051856583,<p>Modular high power fryers 2 x 8 L and 12 L with cold zone.</p><p>Reset of safety thermostat in the back in case of overheating or lack of oil.</p><p>Cleaning:</p><ul><li>removable control box</li><li>stamped and lightly tilted tank in one piece meant for easy oil draining</li><li>Safe draining with stainless steel tap and lever system</li></ul><p>Features (fryers):</p><ul><li>thermostat-commutator 180°C</li><li>high power heating element hold by 2 stainless steel flanges in each tank</li><li>pilot lights</li><li>basket with heat-resistant handle</li><li>stainless steel lid.</li></ul>,,,,,,230V,,Electric,Stainless steel,Continuous,180°C,Safety thermostat,Single fryer,Basket,,1 Year,1 Year,France,"CE, UL/NSF"
ROL1-RF12S2P,gid://shopify/Product/8645526126791,<p>Modular high power fryers 2 x 8 L and 12 L with cold zone.</p><p>Reset of safety thermostat in the back in case of overheating or lack of oil.</p><p>Cleaning:</p><ul><li>removable control box</li><li>stamped and lightly tilted tank in one piece meant for easy oil draining</li><li>Safe draining with stainless steel tap and lever system</li></ul><p>Features (fryers):</p><ul><li>thermostat-commutator 180°C</li><li>high power heating element hold by 2 stainless steel flanges in each tank</li><li>pilot lights</li><li>basket with heat-resistant handle</li><li>stainless steel lid.</li></ul>,,,,,,230V,,Electric,Stainless steel,Continuous,180°C,Safety thermostat,Single fryer,Basket,,1 Year,1 Year,France,"CE, UL/NSF"
ROL1-RF5DS,gid://shopify/Product/8645877563591,<p>Table top fryers in all stainless steel 5 & 8 L with cold zone.</p><p>Reset of safety thermostat in the back in case of overheating or lack of oil.</p><p>Fryers with double tank 2 x 5 L till 2 x 8 L with independent control and same specifications as single models.</p><p>Cleaning: 5 removable parts and dishwasher-safe stainless-steel tank.</p><p>Features:</p><ul><li>precise bulb thermostat 180°C</li><li>safety thermostat</li><li>microswitch</li><li>pilot light</li><li>basket with heat-resistant handle</li><li>stainless steel lid</li></ul>,400,400,270,9 kg,2x3.2 kW,230V,,Electric,Stainless steel,Continuous,180°C,Safety thermostat,Double fryer,2 Baskets,16 kg/h,1 Year,1 Year,France,"CE, UL/NSF"
ROL1-RF5S,gid://shopify/Product/8646051889351,<p>Table top fryers in all stainless steel 5 & 8 L with cold zone.</p><p>Reset of safety thermostat in the back in case of overheating or lack of oil.</p><p>Fryers with double tank 2 x 5 L till 2 x 8 L with independent control and same specifications as single models.</p><p>Cleaning: 5 removable parts and dishwasher-safe stainless-steel tank.</p><p>Features:</p><ul><li>precise bulb thermostat 180°C</li><li>safety thermostat</li><li>microswitch</li><li>pilot light</li><li>basket with heat-resistant handle</li><li>stainless steel lid</li></ul>,220,400,270,5 kg,3.2 kW,230V,,Electric,Stainless steel,Continuous,180°C,Safety thermostat,Single fryer,Basket,8 kg/h,1 Year,1 Year,France,"CE, UL/NSF"
ROL1-RF8DS,gid://shopify/Product/8645877596359,<p>Table top fryers in all stainless steel 5 & 8 L with cold zone.</p><p>Reset of safety thermostat in the back in case of overheating or lack of oil.</p><p>Fryers with double tank 2 x 5 L till 2 x 8 L with independent control and same specifications as single models.</p><p>Cleaning: 5 removable parts and dishwasher-safe stainless-steel tank.</p><p>Features:</p><ul><li>precise bulb thermostat 180°C</li><li>safety thermostat</li><li>microswitch</li><li>pilot light</li><li>basket with heat-resistant handle</li><li>stainless steel lid</li></ul>,570,400,270,12 kg,2x3.4 kW,230V,,Electric,Stainless steel,Continuous,180°C,Safety thermostat,Double fryer,2 Baskets,24 kg/h,1 Year,1 Year,France,"CE, UL/NSF"
ROL1-RF8S,gid://shopify/Product/8646051954887,<p>Table top fryers in all stainless steel 5 & 8 L with cold zone.</p><p>Reset of safety thermostat in the back in case of overheating or lack of oil.</p><p>Fryers with double tank 2 x 5 L till 2 x 8 L with independent control and same specifications as single models.</p><p>Cleaning: 5 removable parts and dishwasher-safe stainless-steel tank.</p><p>Features:</p><ul><li>precise bulb thermostat 180°C</li><li>safety thermostat</li><li>microswitch</li><li>pilot light</li><li>basket with heat-resistant handle</li><li>stainless steel lid</li></ul>,310,400,270,7 kg,3.4 kW,230V,,Electric,Stainless steel,Continuous,180°C,Safety thermostat,Single fryer,Basket,12 kg/h,1 Year,1 Year,France,"CE, UL/NSF"
ROL1-RFE12,gid://shopify/Product/8646051987655,<p>Modular high power fryers 2 x 8 L and 12 L with cold zone.</p><p>Reset of safety thermostat in the back in case of overheating or lack of oil.</p><p>Cleaning:</p><ul><li>removable control box. stamped</li><li>lightly tilted tank in one piece meant for easy oil draining</li><li>Safe draining with stainless steel tap and lever system.</li></ul><p>Features (fryers):</p><ul><li>thermostat-commutator 180°C</li><li>high power heating element hold by 2 stainless steel flanges in each tank</li><li>pilot lights</li><li>basket with heat-resistant handle</li><li>stainless steel lid.</li></ul>,400,600,470,25 kg,9 kW,380V,,Electric,Stainless steel,Continuous,180°C,Safety thermostat,Professional,Basket,16 kg/h,1 Year,1 Year,France,"CE, UL/NSF"
ROL1-RFE16C,gid://shopify/Product/8645502632135,<p>High power deep-fat fryers on cabinet for fast-foods and restaurants with high output.</p><ul><li>RFE 16 C - 1 tank: oil and energy consumption perfectly controlled.</li><li>RFE 20 C - 2 tanks: independent control of both tanks.</li></ul><p>Cleaning:</p><ul><li>removable control box and filtering bulb-protection</li><li>Draining with high flow tap in the cabinet.</li></ul><p>Features:</p><ul><li>thermostat-commutator 180°C</li><li>double safety and stainless steel with positive cut off</li><li>high power heating elements hold with stainless steel flanges</li><li>Reset of safety thermostat in the cabinet</li><li>Adjustable stainless steel feet till 150 mm (CE - UL/NSF).</li></ul><p>Option: 2 small baskets for RFE 16 C.</p>,400,700,980,34 kg,12 kW,380V,,Electric,Stainless steel,Continuous,180°C,Safety thermostat,High capacity,Basket,25 kg/h,1 Year,1 Year,France,"CE, UL/NSF"
ROL1-RFE20C,gid://shopify/Product/8645502664903,<p>High power deep-fat fryers on cabinet for fast-foods and restaurants with high output.</p><ul><li>RFE 16 C - 1 tank: oil and energy consumption perfectly controlled.</li><li>RFE 20 C - 2 tanks: independent control of both tanks.</li></ul><p>Cleaning:</p><ul><li>removable control box and filtering bulb-protection</li><li>Draining with high flow tap in the cabinet.</li></ul><p>Features:</p><ul><li>thermostat-commutator 180°C</li><li>double safety and stainless steel with positive cut off</li><li>high power heating elements hold with stainless steel flanges</li><li>Reset of safety thermostat in the cabinet</li><li>Adjustable stainless steel feet till 150 mm (CE - UL/NSF).</li></ul><p>Option: 2 small baskets for RFE 16 C.</p>,400,700,980,38 kg,12 kW,380V,,Electric,Stainless steel,Continuous,180°C,Safety thermostat,Double tank,2 Baskets,30 kg/h,1 Year,1 Year,France,"CE, UL/NSF"
ROL1-RFE8D,gid://shopify/Product/8646052020423,<p>Modular high power fryers 2 x 8 L and 12 L with cold zone.</p><p>Reset of safety thermostat in the back in case of overheating or lack of oil.</p><p>Cleaning:</p><ul><li>removable control box</li><li>stamped and lightly tilted tank in one piece meant for easy oil draining</li><li>Safe draining with stainless steel tap and lever system</li></ul><p>Features (fryers):</p><ul><li>thermostat-commutator 180°C</li><li>high power heating element hold by 2 stainless steel flanges in each tank</li><li>pilot lights</li><li>basket with heat-resistant handle</li><li>stainless steel lid.</li></ul>,400,600,470,30 kg,2x4.5 kW,380V,,Electric,Stainless steel,Continuous,180°C,Safety thermostat,Double tank,2 Baskets,24 kg/h,1 Year,1 Year,France,"CE, UL/NSF"
ROL1-RFG16,gid://shopify/Product/8646052053191,"<p>A unique range of gas fryers with the smallest gas fryer in the world (RFG 8), ideal for foodtrucks, markets and point of sales with a limited electric consumption.</p><ul><li>Piezo lighting and pilot burner.</li><li>Back pipe for gas exit.</li><li>Filtering basket holder for big fried rests or for the frying of doughnuts or large pieces without any basket.</li></ul><p>Cleaning:</p><ul><li>stainless steel safety draining device</li><li>Stamped and slightly tilted tank without any oil residue</li><li>Exclusive removal system of burners in case of technical intervention</li></ul><p>Cleaning RFG16:</p><ul><li>draining with high flow tap in the cabinet</li><li>Direct technical access by simply removing the front panel.</li></ul><p>Features:</p><ul><li>Piezo lighting</li><li>regulation knob</li><li>high power burner under the tank</li><li>insulated stainless steel tank with oil level mini/maxi</li><li>stainless steel lid</li><li>Supplied in LPG with a set of NG injectors.</li></ul><p>Features RFG16:</p><ul><li>Piezo lighting</li><li>regulation knob</li><li>high power burner under the tank</li><li>insulated stainless steel tank with oil level mini/maxi</li><li>double magnetic closing door</li><li>draining bucket</li><li>stainless steel lid</li><li>Ajustable stainless-steel feet till 150 mm (CE - UL/NSF)</li><li>Supplied in LPG with a set of NG injectors.</li></ul>",400,600,105,38 kg,12 kW,,,Gas,Stainless steel,Continuous,Variable,Thermocouple,High capacity,Basket,30 kg/h,1 Year,1 Year,France,"CE, UL/NSF"
ROL1-RFG16-C,gid://shopify/Product/8646052085959,"<p>A unique range of gas fryers with the smallest gas fryer in the world (RFG 8), ideal for foodtrucks, markets and point of sales with a limited electric consumption.</p><ul><li>Piezo lighting and pilot burner.</li><li>Back pipe for gas exit.</li><li>Filtering basket holder for big fried rests or for the frying of doughnuts or large pieces without any basket.</li></ul><p>Cleaning:</p><ul><li>stainless steel safety draining device</li><li>Stamped and slightly tilted tank without any oil residue</li><li>Exclusive removal system of burners in case of technical intervention</li></ul><p>Cleaning RFG16:</p><ul><li>draining with high flow tap in the cabinet</li><li>Direct technical access by simply removing the front panel.</li></ul><p>Features:</p><ul><li>Piezo lighting</li><li>regulation knob</li><li>high power burner under the tank</li><li>insulated stainless steel tank with oil level mini/maxi</li><li>stainless steel lid</li><li>Supplied in LPG with a set of NG injectors.</li></ul><p>Features RFG16:</p><ul><li>Piezo lighting</li><li>regulation knob</li><li>high power burner under the tank</li><li>insulated stainless steel tank with oil level mini/maxi</li><li>double magnetic closing door</li><li>draining bucket</li><li>stainless steel lid</li><li>Ajustable stainless-steel feet till 150 mm (CE - UL/NSF)</li><li>Supplied in LPG with a set of NG injectors.</li></ul>",400,600,105,38 kg,12 kW,,,Gas,Stainless steel,Continuous,Variable,Thermocouple,High capacity,Basket,30 kg/h,1 Year,1 Year,France,"CE, UL/NSF"
ROL1-RFG8,gid://shopify/Product/8645502763207,"<p>A unique range of gas fryers with the smallest gas fryer in the world (RFG 8), ideal for foodtrucks, markets and point of sales with a limited electric consumption.</p><ul><li>Piezo lighting and pilot burner.</li><li>Back pipe for gas exit.</li><li>Filtering basket holder for big fried rests or for the frying of doughnuts or large pieces without any basket.</li></ul><p>Cleaning:</p><ul><li>stainless steel safety draining device</li><li>Stamped and slightly tilted tank without any oil residue</li><li>Exclusive removal system of burners in case of technical intervention</li></ul><p>Cleaning RFG16:</p><ul><li>draining with high flow tap in the cabinet</li><li>Direct technical access by simply removing the front panel.</li></ul><p>Features:</p><ul><li>Piezo lighting</li><li>regulation knob</li><li>high power burner under the tank</li><li>insulated stainless steel tank with oil level mini/maxi</li><li>stainless steel lid</li><li>Supplied in LPG with a set of NG injectors.</li></ul><p>Features RFG16:</p><ul><li>Piezo lighting</li><li>regulation knob</li><li>high power burner under the tank</li><li>insulated stainless steel tank with oil level mini/maxi</li><li>double magnetic closing door</li><li>draining bucket</li><li>stainless steel lid</li><li>Ajustable stainless-steel feet till 150 mm (CE - UL/NSF)</li><li>Supplied in LPG with a set of NG injectors.</li></ul>",250,700,325,25 kg,4 kW,,,Gas,Stainless steel,Continuous,Variable,Thermocouple,Compact,Basket,13 kg/h,1 Year,1 Year,France,"CE, UL/NSF"
ROL1-RG11,gid://shopify/Product/8645509284039,"<p>Roller grills to reheat precooked sausages.</p><ul><li>Keep warm up to 20 precooked sausages, 96 hot-dogs/h!</li><li>Cleaning: removable juice tray.</li><li>RG 9, RG 11 and RG 14 with independent control of 2 heating zones.</li></ul><p>Features:</p><ul><li>switch on/off</li><li>power control</li><li>pilot light</li><li>high-powered motor.</li></ul><p>Option:</p><ul><li>protection H01077SE (580 x 450 x 250 mm) for every RG Roller Grill</li></ul>",545,460,240,20 kg,1.4 kW,230V,,Electric,Stainless steel,Continuous,Variable,,Rolling grill,,,1 Year,1 Year,France,"CE, UL/NSF"
ROL1-RG7,gid://shopify/Product/8645509218503,"<p>Roller grills to reheat precooked sausages.</p><ul><li>Keep warm up to 20 precooked sausages, 96 hot-dogs/h!</li><li>Cleaning: removable juice tray.</li><li>RG 9, RG 11 and RG 14 with independent control of 2 heating zones.</li></ul><p>Features:</p><ul><li>switch on/off</li><li>power control</li><li>pilot light</li><li>high-powered motor.</li></ul><p>Option:</p><ul><li>protection H01077SE (580 x 450 x 250 mm) for every RG Roller Grill</li></ul>",545,320,240,14 kg,0.9 kW,230V,,Electric,Stainless steel,Continuous,Variable,,Rolling grill,,,1 Year,1 Year,France,"CE, UL/NSF"
ROL1-RG9,gid://shopify/Product/8645509251271,"<p>Roller grills to reheat precooked sausages.</p><ul><li>Keep warm up to 20 precooked sausages, 96 hot-dogs/h!</li><li>Cleaning: removable juice tray.</li><li>RG 9, RG 11 and RG 14 with independent control of 2 heating zones.</li></ul><p>Features:</p><ul><li>switch on/off</li><li>power control</li><li>pilot light</li><li>high-powered motor.</li></ul><p>Option:</p><ul><li>protection H01077SE (580 x 450 x 250 mm) for every RG Roller Grill</li></ul>",545,460,240,19 kg,1.1 kW,230V,,Electric,Stainless steel,Continuous,Variable,,Rolling grill,,,1 Year,1 Year,France,"CE, UL/NSF"
ROL1-SAVOYE-L,gid://shopify/Product/8645509316807,<ul><li>Preheating = 15 min.</li><li>Even cooking thanks to spiral heating element.</li><li>Adjusted cooking: self-balanced upper plate and adjustable pressure spring.</li></ul><p>Cleaning: dishwasher-safe juice tray and stainless steel scraper for cast-iron plates.</p><p>Features:</p><ul><li>commutator-thermostat (0-300°C)</li><li>robust stainless steel handle</li><li>pilot lights.</li></ul>,280,460,280,19 kg,2 kW,230V,260x240,Electric,Cast iron,Continuous,300°C,Thermostat,Smooth plate,Scraper,,1 Year,1 Year,France,"CE, UL/NSF"
ROL1-SAVOYE-R,gid://shopify/Product/8646052118727,<ul><li>Preheating = 15 min.</li><li>Even cooking thanks to spiral heating element.</li><li>Adjusted cooking: self-balanced upper plate and adjustable pressure spring.</li></ul><p>Cleaning: dishwasher-safe juice tray and stainless steel scraper for cast-iron plates.</p><p>Features:</p><ul><li>commutator-thermostat (0-300°C)</li><li>robust stainless steel handle</li><li>pilot lights.</li></ul>,280,460,280,19 kg,2 kW,230V,260x240,Electric,Cast iron,Continuous,300°C,Thermostat,Ribbed plate,Scraper,,1 Year,1 Year,France,"CE, UL/NSF"
ROL1-SAVOYE-RB,gid://shopify/Product/8646052151495,<p>Preheating = 15 min.</p><p>Even cooking thanks to spiral heating element.</p><p>Adjusted cooking: self-balanced upper plate and adjustable pressure spring.</p><p>Cleaning: dishwasher-safe juice tray and stainless steel scraper for cast-iron plates.</p><p>Features:</p><ul><li>commutator-thermostat (0-300°C)</li><li>robust stainless steel handle</li><li>pilot lights.</li></ul>,280,460,280,19 kg,2 kW,230V,260x240,Electric,Cast iron,Continuous,300°C,Thermostat,Double ribbed,Scraper,,1 Year,1 Year,France,"CE, UL/NSF"
ROL1-SEM600PDS,gid://shopify/Product/8646052184263,<p>Smart vitroceramic salamanders with plate detection system for a use in rush period.</p><ul><li>400°C in 5 s and 570°C on the glass ceramic plate!</li><li>Instant heat up through contact with the stainless-steel bar.</li><li>Instant heat-up and cooking + 35% energy saving.</li><li>Regulation of vitroceramic plate thanks to power control:<ul><li>position mini = to keep warm;</li><li>position maxi = to brown.</li></ul></li><li>Various and precise cooking.</li><li>Independent control of heating zones thanks to commutator.</li></ul><p>Flexibility and energy control.</p>,1250,400,265,35kg,145W,230V,,Electric,Stainless steel,Continuous,2°C/+8°C,,,Electronic thermostat,Not specified,1 Year,1 Year,France,"CE, UL/NSF"
ROL1-SEM600Q-220,gid://shopify/Product/8646052217031,"<p>Salamanders with mobile top to defrost, glaze, brown or grill toasts, gratins, meals just before the service.</p><ul><li>Precise adjustment of the top thanks to the counterweight system of the salamander.</li><li>Independent heating zones.</li><li>Completely open on 3 sides for every size of plates and GN tray</li></ul><p>Working height</p><ul><li>mini = 90 mm.</li><li>maxi = 245 mm.</li></ul>",600,640,590,49 kg,3 kW,230V,495x375,Electric,Stainless steel,Variable,570°C,Double control,Quartz salamander,,,1 Year,1 Year,France,"CE, UL/NSF"
ROL1-SGM600,gid://shopify/Product/8645507154119,"<p>Salamanders with mobile top to defrost, glaze, brown or grill toasts, gratins, meals just before the service.</p><ul><li>Precise adjustment of the top thanks to the counterweight system of the salamander.</li><li>Independent heating zones.</li><li>Completely open on 3 sides for every size of plates and GN tray</li></ul><p>Working height</p><ul><li>mini = 90 mm.</li><li>maxi = 245 mm.</li></ul>",600,640,590,53 kg,5 kW,,495x375,Gas,Stainless steel,Continuous,Variable,Thermocouple,Gas salamander,,,1 Year,1 Year,France,"CE, UL/NSF"
ROL1-TS1270,gid://shopify/Product/8645507186887,"<p>GN salamanders toasters with infrared quartz tubes: rays of 1050°C.</p><p>Instant cooking at core without smoke or smell.</p><p>Cooking in quantities: GN 1/1 in TS 1270 and 2 x GN 1/1 in TS 3270.</p><p>To cook, brown, glaze, grill, toast or melt every kind of meals.</p><p>TS 3270: closing top part with a tray and handles for fast service.</p><p>Cleaning: dishwasher-safe crumb tray.</p><p>Features :</p><ul><li>quartz tubes selector</li><li>timer 15 min with lock position for non-stop use</li><li>pilot lights</li><li>grids with heatresistant handles</li><li>Patented protection grids for quartz tubes</li><li>Delivered with no GN tray</li></ul>",640,450,345,13 kg,2.6 kW,230V,520x320,Electric,Stainless steel,Variable,Variable,Protection grids,Salamander,,200 toasts/h,1 Year,1 Year,France,"CE, UL/NSF"
ROL1-TS3270,gid://shopify/Product/8645502697671,"<p>GN salamanders toasters with infrared quartz tubes: rays of 1050°C.</p><p>Instant cooking at core without smoke or smell.</p><p>Cooking in quantities: GN 1/1 in TS 1270 and 2 x GN 1/1 in TS 3270.</p><p>To cook, brown, glaze, grill, toast or melt every kind of meals.</p><p>TS 3270: closing top part with a tray and handles for fast service.</p><p>Cleaning: dishwasher-safe crumb tray.</p><p>Features :</p><ul><li>quartz tubes selector</li><li>timer 15 min with lock position for non-stop use</li><li>pilot lights</li><li>grids with heatresistant handles</li><li>Patented protection grids for quartz tubes</li><li>Delivered with no GN tray</li></ul>",640,450,480,19 kg,4 kW,380V,520x320,Electric,Stainless steel,Variable,Variable,Protection grids,Double salamander,,400 toasts/h,1 Year,1 Year,France,"CE, UL/NSF"
ROL1-WD100,gid://shopify/Product/8645521670343,"<p>Panoramic counter top heated displays GN 1/1 for quiches, pizzas, pies, croissants etc.</p><p>Heat regulation 20°C to 90°C.</p><p>Humidity control to keep products moist.</p><p>Front and rear openings thanks to liftable doors.</p><p>Cleaning: removable stainless-steel bottom plate and glass shelf.</p><p>Features:</p><ul><li>thermostat (20-90°C)</li><li>water tray</li><li>on/off switch</li><li>pilot lights</li><li>adjustable feet</li><li>Delivered with no GN tray</li></ul>",590,350,285,12 kg,0.65 kW,230V,,Electric,Glass/steel,Continuous,2090°C,Double glazing,Humidity control,,,1 Year,1 Year,France,"CE, UL/NSF"
ROL1-WD200,gid://shopify/Product/8645521768647,"<p>Panoramic counter top heated displays GN 1/1 for quiches, pizzas, pies, croissants etc.</p><p>Heat regulation 20°C to 90°C.</p><p>Humidity control to keep products moist.</p><p>Front and rear openings thanks to liftable doors.</p><p>Cleaning: removable stainless-steel bottom plate and glass shelf.</p><p>Features:</p><ul><li>thermostat (20-90°C)</li><li>water tray</li><li>on/off switch</li><li>pilot lights</li><li>adjustable feet</li><li>Delivered with no GN tray</li></ul>",590,350,390,15 kg,0.65 kW,230V,,Electric,Glass/steel,Continuous,2090°C,Double glazing,Humidity control,,,1 Year,1 Year,France,"CE, UL/NSF"
ROL1-WD200I,gid://shopify/Product/8646052249799,"<ul><li>Panoramic counter top heated displays GN 1/1 for quiches, pizzas, pies, croissants etc.</li><li>Heat regulation 20°C to 90°C.</li><li>Humidity control to keep products moist.</li><li>Front and rear openings thanks to liftable doors.</li></ul><p>Cleaning: removable stainless-steel bottom plate and glass shelf.</p><p>Features:</p><ul><li>thermostat (20-90°C)</li><li>water tray</li><li>on/off switch</li><li>pilot lights</li><li>adjustable feet</li><li>Delivered with no GN tray</li></ul>",590,350,390,15 kg,0.65 kW,230V,,Electric,Glass/steel,Continuous,2090°C,Double glazing,Inox version,,,1 Year,1 Year,France,"CE, UL/NSF"
ROL1-WD780DI,gid://shopify/Product/8646052282567,"<p>Features:</p><ul><li>electronic thermostat (20-90°C)</li><li>water container</li><li>on/off switch, switch for ventilation</li><li>2 or 3 grids</li><li>Flat opening doors</li><li>Delivered with no GN tray</li></ul><p>Option: self-service display with slanted grids upon request.</p>",800,645,140,48 kg,1.8 kW,230V,,Electric,Stainless steel,Continuous,2090°C,Electronic control,Double cabinet,,,1 Year,1 Year,France,"CE, UL/NSF"
ROL1-WD780DN,gid://shopify/Product/8646052315335,"<p>Features:</p><ul><li>electronic thermostat (20-90°C)</li><li>water container</li><li>on/off switch, switch for ventilation</li><li>2 or 3 grids</li><li>Flat opening doors</li><li>Delivered with no GN tray</li></ul><p>Option: self-service display with slanted grids upon request.</p>",800,645,140,48 kg,1.8 kW,230V,,Electric,Black finish,Continuous,2090°C,Electronic control,Double cabinet,,,1 Year,1 Year,France,"CE, UL/NSF"
ROL1-WD780SI,gid://shopify/Product/8645509415111,"<p>Features:</p><ul><li>electronic thermostat (20-90°C)</li><li>water container</li><li>on/off switch, switch for ventilation</li><li>2 or 3 grids</li><li>Flat opening doors</li><li>Delivered with no GN tray</li></ul><p>Option: self-service display with slanted grids upon request.</p>",785,680,735,36 kg,1.2 kW,230V,,Electric,Stainless steel,Continuous,2090°C,Electronic control,Single cabinet,,,1 Year,1 Year,France,"CE, UL/NSF"
ROL1-WDL100,gid://shopify/Product/8646052348103,"<p>Panoramic counter top heated displays GN 1/1 for quiches, pizzas, pies, croissants etc.</p><p>Heat regulation 20°C to 90°C.</p><p>Humidity control to keep products moist.</p><p>Front and rear openings thanks to liftable doors.</p><p>Cleaning: removable stainless-steel bottom plate and glass shelf.</p><p>Features:</p><ul><li>thermostat (20-90°C)</li><li>water tray</li><li>on/off switch</li><li>pilot lights</li><li>adjustable feet</li><li>Delivered with no GN tray.</li></ul>",590,350,375,15 kg,0.65 kW,230V,,Electric,Glass/steel,Continuous,2090°C,Double glazing,With light,,,1 Year,1 Year,France,"CE, UL/NSF"
ROL1-WDL200,gid://shopify/Product/8646052380871,"<p>Panoramic counter top heated displays GN 1/1 for quiches, pizzas, pies, croissants etc.</p><p>Heat regulation 20°C to 90°C.</p><p>Humidity control to keep products moist.</p><p>Front and rear openings thanks to liftable doors.</p><p>Cleaning: removable stainless-steel bottom plate and glass shelf.</p><p>Features:</p><ul><li>thermostat (20-90°C)</li><li>water tray</li><li>on/off switch</li><li>pilot lights</li><li>adjustable feet</li><li>Delivered with no GN tray.</li></ul>",590,350,480,18 kg,0.65 kW,230V,,Electric,Glass/steel,Continuous,2090°C,Double glazing,With light,,,1 Year,1 Year,France,"CE, UL/NSF"
ROL1-WDL200I,gid://shopify/Product/8646052413639,"<p>Panoramic counter top heated displays GN 1/1 for quiches, pizzas, pies, croissants etc.</p><p>Heat regulation 20°C to 90°C.</p><p>Humidity control to keep products moist.</p><p>Front and rear openings thanks to liftable doors.</p><p>Cleaning: removable stainless-steel bottom plate and glass shelf.</p><p>Features:</p><ul><li>thermostat (20-90°C)</li><li>water tray</li><li>on/off switch</li><li>pilot lights</li><li>adjustable feet</li><li>Delivered with no GN tray.</li></ul>",590,350,480,18 kg,0.65 kW,230V,,Electric,Stainless steel,Continuous,2090°C,Double glazing,With light,,,1 Year,1 Year,France,"CE, UL/NSF"
ROL1-WI-1,gid://shopify/Product/8645509447879,"<p>Dry chocolate/sauce warmer to reheat and melt chocolate, hazzelnut topping, honey, caramel ... for desserts, and also sauces, cheese… for savoury snacking.</p><p>Preheating at 75°C during 15 min. Keep warm at 40°C.</p><p>Hygienic, economic and precise topping thanks to the squeeze bottle with 3 exits.</p><p>Features:</p><ul><li>heat regulation</li><li>heating element around the round stainless steel container</li><li>removable display support</li><li>Supplied with 2 squeeze bottles (Ø 85mm, H: 250 mm).</li></ul>",225,330,272,2 kg,170 W,230V,,Electric,Stainless steel,Continuous,75°C max,Thermostat,3 containers,2 bottles,,1 Year,1 Year,France,"CE, UL/NSF"
ROL1-WI-DP,gid://shopify/Product/8645509480647,"<p>Dry chocolate/sauce warmer to reheat and melt chocolate, hazzelnut topping, honey, caramel ... for desserts, and also sauces, cheese… for savoury snacking.</p><p>Preheating at 75°C during 15 min. Keep warm at 40°C.</p><p>Hygienic, economic and precise topping thanks to the squeeze bottle with 3 exits.</p><p>Features:</p><ul><li>heat regulation</li><li>heating element around the round stainless steel container</li><li>removable display support</li><li>Supplied with 2 squeeze bottles (Ø 85mm, H: 250 mm).</li></ul>",225,175,220,2 kg,170 W,230V,,Electric,Stainless steel,Continuous,75°C max,Thermostat,Builtin,2 bottles,,1 Year,1 Year,France,"CE, UL/NSF"
