Variant SKU,Compare At Price,Price
SIR2-IW1471220020,3400,2100
SIR2-LF2011015B,850,510
SIR2-LF011203,15300,9200
SIR2-195104012,6700,4100
SIR2-MF0190,1100,660
SIR2-19814212,170000,102000
SIR2-19413964.07,54300,32600
SIR2-281532XLI,1700,1100
SIR2-19500464,1700,1100
SIR2-LF2095010,6300,3800
SIR2-LF2043015,25700,15500
SIR2-LF2039731,6100,3700
SIR2-IV4230515,1500,900
SIR2-IV5050802,28500,17100
SIR2-LF2007005,5200,3200
SIR2-LF2007004,2500,1500
SIR2-LF2038310,14300,8600
SIR2-IW1071240020,14300,8600
SIR2-FC99004002,6600,4000
SIR2-IW1471220012,2700,1700
SIR2-IW1471220044,910,546
SIR2-IV7300605,950,570
SIR2-19500164,1600,960
SIR2-LF2032902,16800,10100
SIR2-IV5050002,23400,14100
SIR2-19510422,7800,4700
SIR2-19500160,2100,1300
SIR2-LF1013002,2800,1700
SIR2-GM3556200,7800,4700
SIR2-MSC06N076,7400,4500
SIR2-19510276.14,12300,7400
SIR2-19700364.14,7100,4300
SIR2-19564037,1200,720
SIR2-19530766.11,5600,3400
SIR2-19525068,3100,1900
SIR2-19530421,980,588
SIR2-19800120,5400,3300
SIR2-19500465L.07,4800,2900
SIR2-IV98407400L,980,588
SIR2-IV4010000,950,570
SIR2-LF2007010,3000,1800
SIR2-LF2001005,5100,3100
SIR2-MF2113,4000,2400
SIR2-LF2032912,16800,10100
SIR2-MF2118,18100,10900
SIR2-LF2007009,1800,1100
SIR2-LF1041005,8500,5100
SIR2-LF2039725,7600,4600
SIR2-LF2039414,37900,22800
SIR2-LF2093033,29100,17500
SIR2-LF1495001,980,588
SIR2-LF1838301,38300,23000
SIR2-LF2093001,53100,31900
SIR2-19500517,12100,7300
SIR2-LF2039743,1200,720
SIR2-LF2001010,1600,960
SIR2-19510254,4000,2400
SIR2-LF2001006,3300,2000
SIR2-IGS104033,1300,780
SIR2-AMG040,4600,2800
SIR2-AMG264A,10300,6200
SIR2-LF2009007,16400,9900
SIR2-LF2009008,16400,9900
SIR2-IW1071240010,107000,64200
SIR2-FC1099E3002,15500,9300
SIR2-FC1099E3001,15500,9300
SIR2-OSC043042,7400,4500
SIR2-PJET42268,2600,1600
SIR2-19530865,890,534
SIR2-LF1035816,1200,720
SIR2-LF202120017,1200,720
SIR2-IB5944028,1500,900
SIR2-18385574341F,20100,12100
SIR2-49563102,4600,2800
SIR2-LF152120013,1800,1100
SIR2-LF142106045,2200,1400
SIR2-LF102112010,3000,1800
SIR2-LF1144504,4500,2700
SIR2-19530422,910,546
SIR2-MSC04AMON.22,6900,4200
SIR2-19541725,2700,1700
SIR2-19541715VU,1500,900
SIR2-LF1030522066,3500,2100
SIR2-19530618,1900,1200
SIR2-19551500L,2300,1400
SIR2-LF2001008,1400,840
SIR2-IW1471250011,1400,840
SIR2-IB4003019,6800,4100
SIR2-195102093,9400,5700
SIR2-19027564BZ,4300,2600
SIR2-MF2207,4700,2900
SIR2-19525072,5200,3200
SIR2-LF1011012.5,980,588
SIR2-LF152120010,980,588
SIR2-IW1571220010,12500,7500
SIR2-194001096,12200,7400
SIR2-LF2032822,7200,4400
SIR2-LF1041023,1300,780
SIR2-OSC649114,1700,1100
SIR2-LF2043280,2000,1200
SIR2-IW2071250067,1400,840
SIR2-LF1831401,30100,18100
SIR2-29411002,9200,5600
SIR2-IW2071230064,910,546
SIR2-19410144U,910,546
SIR2-19410136.10,1200,720
SIR2-LF2043140,8500,5100
SIR2-LF2041029,2000,1200
SIR2-LF122106001,1900,1200
SIR2-LF142120020,2800,1700
SIR2-18250403210F,4200,2600
SIR2-IB5940300,10300,6200
SIR2-49417000,6800,4100
SIR2-LF152120011,1800,1100
SIR2-IB2486300,1700,1100
SIR2-LF1813001,22500,13500
SIR2-19531047,2700,1700
SIR2-198000322NC,3200,2000
SIR2-LF1043105,1400,840
SIR2-LF1041006,1300,780
SIR2-OSC045663,2300,1400
SIR2-OSC042657,1700,1100
SIR2-GM5036830,1600,960
SIR2-LF1041004,980,588
SIR2-FG915,3400,2100
SIR2-49569001,1200,720
SIR2-LF102106020,4900,3000
SIR2-LF2043144,3100,1900
SIR2-LF1013024,3200,2000
SIR2-49390030,2100,1300
SIR2-19410175,35100,21100
SIR2-LF152106003,1400,840
SIR2-GRG100380,980,588
SIR2-IB4003020,1100,660
SIR2-IV2080500,2400,1500
SIR2-GRG100715,16200,9800
SIR2-LF152106005,1500,900
SIR2-LF202106130,2200,1400
SIR2-LF2043236,2300,1400
SIR2-IV7700020,980,588
SIR2-IW2071230067,1100,660
SIR2-19500513,1500,900
SIR2-LF1843103,18300,11000
SIR2-GRG100376,8100,4900
SIR2-IV9800695,13100,7900
SIR2-29030311,4300,2600
SIR2-IB5940941,2100,1300
SIR2-LF1010080,12700,7700
SIR2-LF1534000N,3200,2000
SIR2-LF1030522010,4900,3000
SIR2-LF1033033,3700,2300
SIR2-LF182112001,36200,21800
SIR2-LF202908210,3400,2100
SIR2-LF202908340,25900,15600
SIR2-LF142908025,2300,1400
SIR2-LF202908115,7000,4200
SIR2-LF202908201,15100,9100
SIR2-LF202908205,12300,7400
SIR2-LF2029917,2200,1400
SIR2-MSC06AMON,6900,4200
SIR2-19525067,1700,1100
SIR2-19525065,3200,2000
SIR2-LF202908055,2100,1300
SIR2-LF2029972,5300,3200
SIR2-IW1071240110,87600,52600
SIR2-IB2080750.14,1200,720
SIR2-19413960.17,64100,38500
ROE2-59318,3400,2100
ROE2-302006,16300,9800
ROE2-39827,5100,3100
ROE2-3202S,30400,18300
ROE2-117956S,2000,1200
ROE2-102303,9200,5600
ROE2-89215,930,558
ROE2-89154,1200,720
ROE2-49095,11600,7000
ROE2-39228,2000,1200
ROE2-89217,1300,780
ROE2-89213,4700,2900
ROE2-89214,900,540
ROE2-303009,112000,67200
ROE2-29069,80600,48400
ROE2-501840,8000,4800
ROE2-39199,22900,13800
ROE2-117653,2400,1500
ROE2-39823,20800,12500
ROE2-29933,5300,3200
ROE2-117398,2000,1200
ROE2-118256S,3300,2000
ROE2-39661,18300,11000
ROE2-29455,10500,6300
ROE2-503363S,3900,2400
ROE2-118186S,4400,2700
ROE2-59388,23700,14300
ROE2-118420S,1700,1100
ROE2-27371,11300,6800
ROE2-118294S,13000,7800
ROE2-39797,2300,1400
ROE2-100974,12300,7400
ROE2-49084,1400,840
ROE2-39866,1700,1100
ROE2-27400,40100,24100
ROE2-39834,4700,2900
ROE2-39747,1200,720
ROE2-101088S,8700,5300
ROE2-39299,12000,7200
ROE2-89507,1900,1200
ROE2-39780,10500,6300
ROE2-29190,12600,7600
ROE2-27351,21100,12700
ROE2-29501,6700,4100
ROE2-39763,4200,2600
ROE2-89364,2500,1500
ROE2-39867,4300,2600
ROE2-118201S,2300,1400
ROE2-49154,71600,43000
ROE2-117932S,20200,12200
ROE2-503362S,9400,5700
ROE2-39690,2900,1800
ROE2-39692,31900,19200
ROE2-117930S,15100,9100
ROE2-29862,9100,5500
ROE2-102020S,2700,1700
ROE2-39903,950,570
ROE2-405590,1300,780
ROE2-104110,3100,1900
ROE2-27346,11300,6800
ROE2-27396,31600,19000
ROE2-49091,10500,6300
ROE2-29244,2500,1500
ROE2-29453,10500,6300
ROE2-29446,10700,6500
ROE2-59223,3400,2100
ROE2-118433,2000,1200
ROE2-29058,920,552
ROE2-118166S,2400,1500
ROE2-39509,870,522
ROE2-89006,2000,1200
ROE2-118292S,12700,7700
ROE2-118143S,2100,1300
ROE2-59502,2000,1200
ROE2-89655,12100,7300
ROE2-117958S,4400,2700
ROE2-100715,7300,4400
ROE2-118324S,950,570
ROE2-118200S,3600,2200
ROE2-105904S,13100,7900
ROE2-118217S,11900,7200
ROE2-511620S,4200,2600
ROE2-125136,1300,780
ROE2-49032,1200,720
ROE2-59143,26800,16100
ROE2-59299,3000,1800
ROE2-59300,3100,1900
ROE2-59320,21800,13100
ROE2-59321,1800,1100
ROE2-59322,5900,3600
ROE2-59331,2400,1500
ROE2-59332,4000,2400
ROE2-59484,4500,2700
ROE2-59485,4500,2700
ROE2-59487,4500,2700
ROE2-59556,27100,16300
ROE2-89058,1600,960
ROE2-89549,7100,4300
ROE2-89556,19900,12000
ROE2-89649,7800,4700
ROE2-89656,8700,5300
ROE2-49471,3100,1900
ROE2-49438,8300,5000
ROE2-39154,78700,47300
ROE2-39772,10800,6500
WIN2-3102276,96200,57800
WIN2-3116021,224000,135000
WIN2-3102037,66300,39800
WIN2-62003000,3200,2000
WIN2-5519024,4500,2700
WIN2-4003027,7400,4500
WIN2-610020843,1700,1100
WIN2-3126034,9300,5600
WIN2-3113077,1400,840
WIN2-3102329,5500,3300
WIN2-3125050,4500,2700
WIN2-3103054,2500,1500
WIN2-62001836,6500,3900
WIN2-62001950,1400,840
WIN2-62001882,4500,2700
WIN2-62001867,830,498
WIN2-5519078,9000,5400
WIN2-62001866,1700,1100
WIN2-60003592,27100,16300
WIN2-5516077,2300,1400
WIN2-2810035,20700,12500
WIN2-3113120,6200,3800
WIN2-5510091,56300,33800
WIN2-2810006,53800,32300
WIN2-3124272,5200,3200
WIN2-60003620,16500,9900
WIN2-3105106,15000,9000
WIN2-60003598,18800,11300
WIN2-3113163,8500,5100
WIN2-2901239,8400,5100
WIN2-2901507,4700,2900
WIN2-2903211,6500,3900
WIN2-2903212,8300,5000
WIN2-3104034,15300,9200
WIN2-3104035,15800,9500
WIN2-3105111,8000,4800
WIN2-62001805,2200,1400
WIN2-60002518,4500,2700
WIN2-60001851,4900,3000
WIN2-62003350,13900,8400
WIN2-4003021,4500,2700
WIN2-3124187,2400,1500
WIN2-60001297,12000,7200
WIN2-60002390,4800,2900
WIN2-3102306,20400,12300
WIN2-3108117,5700,3500
WIN2-70003998,8600,5200
WIN2-2805014,17700,10700
WIN2-5513002,18800,11300
WIN2-62003614,11600,7000
WIN2-4002002,2500,1500
WIN2-3102217,10000,6000
WIN2-3124002,22200,13400
WIN2-4007014,1000,600
WIN2-60002973,2400,1500
WIN2-3201016,19000,11400
WIN2-2904503,4000,2400
WIN2-3102221,11000,6600
WIN2-60001610,5500,3300
WIN2-3102305,14500,8700
WIN2-3111101,8200,5000
WIN2-70004782,23900,14400
WIN2-3015519,22200,13400
WIN2-3106115,75700,45500
WIN2-4003034,2300,1400
WIN2-3501065,1400,840
WIN2-610025403,1000,600
WIN2-3105110,20000,12000
WIN2-3108017,1500,900
WIN2-62001486,1700,1100
WIN2-60003525,4400,2700
WIN2-60003162,1800,1100
WIN2-60003516,7800,4700
WIN2-60003039,3800,2300
WIN2-62003345,7100,4300
WIN2-62003066,3800,2300
WIN2-60003513,6200,3800
WIN2-3106182,6500,3900
WIN2-3125013,16300,9800
WIN2-61001965,11500,6900
WIN2-5528272,30000,18000
WIN2-2710011,18800,11300
WIN2-610023283,4300,2600
WIN2-610023293,4300,2600
WIN2-3124190,5000,3000
WIN2-60002391,3300,2000
WIN2-3201022,5800,3500
WIN2-61004545,1400,840
WIN2-3104115,12700,7700
WIN2-3124067,7500,4500
WIN2-3404061,15800,9500
WIN2-800002584,5300,3200
WIN2-70002547,1700,1100
WIN2-70200413,12700,7700
WIN2-60003846,6100,3700
WIN2-3103136,20000,12000
WIN2-70004624,10000,6000
WIN2-70000514,21300,12800
WIN2-3102170,11800,7100
WIN2-65005466,6200,3800
WIN2-3102466,6200,3800
LKK2-LAY3-10M-1,1300,780
LKK2-B25(F)00002,8900,5400
LKK2-TC12-6,2100,1300
LKK2-DOOR,1100,660
LKK2-TC42-8,6300,3800
LKK2-B25-15-9-1,6600,4000
LKK2-MOTOR(DHL32),1700,1100
LKK2-TOGGLE-SWITCH,1100,660
LKK2-TJ12-06,1700,1100
LKK2-TQ5-12,5800,3500
LKK2-QM1,4400,2700
LKK2-PLATE-4.5(TC42),4600,2800
LKK2-TANK,1800,1100
LKK2-HS30A-41,4400,2700
LKK2-HS30A-32,3200,2000
LKK2-RUN-40UF,1700,1100
LKK2-B40-05-10,840,504
LKK2-B40-06-10,4700,2900
LKK2-B20F(K)-10,2200,1400
LKK2-B40-05-11,2200,1400
LKK2-B20F(K)-16,1600,960
LKK2-PC-RIGHT,1200,720
LKK2-93-ROLLER-SUPPORT-R,1400,840
LKK2-B60-205,9300,5600
LKK2-TOPHEAD,7400,4500
LKK2-B20F(K)-56,990,594
LKK2-B40-05-07,1300,780
LKK2-B20F-56,1100,660
LKK2-B20F(K)-19,1200,720
LKK2-B40-05-16,1700,1100
LKK2-B40-05-21,2900,1800
LKK2-B40-11,1800,1100
LKK2-B40-05-17,2500,1500
LKK2-B40-05-08,2900,1800
LKK2-B40-05-14,3800,2300
LKK2-B30C-01-28,6700,4100
LKK2-205,10600,6400
LKK2-SB3-12,1700,1100
LKK2-B40-06-12,3900,2400
LKK2-WIRE-WHIP(B50),5100,3100
LKK2-B25-15-7-1,23600,14200
LKK2-TC32-02-00,32500,19500
LKK2-B25-65,840,504
LKK2-B30-07-00,39300,23600
LKK2-16-(BM-63),1300,780
LKK2-CHAIN(RG30-11),1100,660
LKK2-FX-13-09,4200,2600
LKK2-ELEMENT(FX13A),1100,660
LKK2-GFO-4C-09-1,2500,1500
LKK2-IND350S-2,4400,2700
LKK2-LS47-2-63,1600,960
LKK2-MR2-03,1300,780
LKK2-SIDE-PANEL,1700,1100
LKK2-380V-1.5KW,55200,33200
LKK2-B40-09,1800,1100
LKK2-B40-05-22,4300,2600
LKK2-BM3-16,1300,780
LKK2-JG300A-63,2100,1300
HAM2-240010101,1200,720
HAM2-30269360000,1000,600
HAM2-990206800,1100,660
HAM2-990386700,1100,660
HAM2-990386500,3300,2000
HAM2-990386100,1500,900
HAM2-990331700,2200,1400
HAM2-990314400,5100,3100
HAM2-960011500,1700,1100
HAM2-650016002,34900,21000
HAM2-31319900000,2700,1700
HAM2-990126500,1700,1100
HAM2-990064600,6800,4100
HAM2-990079300,26700,16100
HAM2-990158241,8500,5100
HAM2-990262800,1500,900
HAM2-990206400,14200,8600
HAM2-990279400,900,540
HAM2-990258400,39700,23900
HAM2-990280300,2100,1300
HAM2-990257000,1700,1100
HAM2-990265600,6100,3700
HAM2-990379900,1800,1100
HAM2-990150310,17600,10600
HAM2-990224800,2000,1200
HAM2-MMK91605,1800,1100
HAM2-990263400,9700,5900
HAM2-990255100,5100,3100
HAM2-990277100,25700,15500
HAM2-990278400,880,528
HAM2-990333210,45300,27200
HAM2-990263100,4300,2600
HAM2-990257900,13400,8100
HAM2-990265400,2600,1600
HAM2-990258200,14500,8700
HAM2-990314701,52400,31500
HAM2-990280400,4900,3000
HAM2-990207100,18900,11400
HAM2-990262300,1200,720
HAM2-990262900,6300,3800
HAM2-990265500,1200,720
HAM2-990278600,1400,840
HAM2-990257500,4300,2600
HAM2-990199100,1500,900
HAM2-990206500,4400,2700
HAM2-990263800,2600,1600
HAM2-990262301,1700,1100
HAM2-990277200,2000,1200
HAM2-990277800,1400,840
HAM2-990258500,23000,13800
HAM2-990199400,1200,720
HAM2-990150500,5500,3300
HAM2-990224900,1500,900
HAM2-990258300,2400,1500
HAM2-990293400,11900,7200
HAM2-990263000,3400,2100
HAM2-990294201,32500,19500
HAM2-990339000,1800,1100
HAM2-990358600,2300,1400
HAM2-990358900,4000,2400
HAM2-35139310000,3800,2300
EKA2-5032931,4100,2500
RTN2-40.03.467,2400,1500
RTN2-40.00.454,3300,2000
HAT2-070117900,1100,660
PMF2-4S010500,2800,1700
COG2-236042C,3300,2000
BER2-SPO-P-C2208019A,4800,2900
PMF2-5M200011+5D010002,1400,840
VRM2-R15-59.1Z,44100,26500
PIT2-A6667105,23300,14000
SAN2-52516,4000,2400
ZAN2-MOTO0196,31400,18900
TOP2-9816MALE2ZT-02,7800,4700
TOA2-1952730,7000,4200
BER2-CM-AEZ2415,10400,6300
TOA2-1852351,6200,3800
TOA2-1850856K,1700,1100
BER2-CM-AE3448,12200,7400
BER2-CAPA(CKE4SCSM),1600,960
JTA2-302130037,2500,1500
CTX2-3006034,30800,18500
CTX2-7608516,32000,19200
BER2-DF007,1900,1200
RJ2-SPFCS-00,7400,4500
VRM2-AR40PH-41Z,7300,4400
JTA2-301040553,1100,660
CTX2-35818,6500,3900
PIT2-60001201,2000,1200
BER2-CC-DC311CC,7600,4600
MID2-70852,23600,14200
SKP2-AM109S0020,14000,8400
MID2-70884,64600,38800
RAN2-10060514,2700,1700
ZNS2-0CA074,3400,2100
VRM2-R40-97,4000,2400
BER2-CC-24DF,9600,5800
CTX2-7610250,234000,141000
CTX2-3100335,6600,4000
CTX2-34080,21800,13100
RJ2-SPFCS-0124,7400,4500
RJ2-FC1600-009,7900,4800
CRO2-4-LLP1,24800,14900
CRO2-2-230R,2700,1700
CRO2-2-KB01,2700,1700
CRO2-4-TD02,7000,4200
CRO2-4-T251,92900,55800
CRO2-2-011R,2700,1700
ROL2-F01052,850,510
COG2-215041-2,14000,8400
BES2-31954300,3600,2200
RJ2-FC1600-007,9600,5800
ROL2-37282,850,510
LAC2-485612000,1700,1100
BES2-31978400,1200,720
HOU2-30520319,5500,3300
PIT2-1850401,2400,1500
MID2-M9608,24800,14900
HOU2-30800064,14200,8600
RON2-122773T01,46100,27700
SAN2-02201ED,4200,2600
HAT2-R02.30.044.00,1900,1200
ROB2-TC0041,1500,900
ROB2-TC0001,2300,1400
ROB2-HC0198,22400,13500
ROB2-HC0197,22400,13500
RTN2-87.01.191,52700,31700
VRM2-AR005-352-TZ001,1700,1100
ZAN2-RESI0077,3300,2000
RTN2-22.00.915,2000,1200
BES2-38952300,1200,720
VRM2-AR005-339-TZ001,16600,10000
EDL2-A7563,75100,45100
BES2-32777200,1200,720
VRM2-AR005-332-TZ001,2000,1200
PMF2-5C150006,11400,6900
PMF2-5P110005,820,492
HAT2-R0004007500,39100,23500
ZAN2-RESI0150,3100,1900
RTN2-54.01.141S,8700,5300
MBM2-168001,12600,7600
HAT2-040923000,7400,4500
TBC2-FRE-1162,3100,1900
RTN2-40.03.515,1300,780
ROL2-SB03007,1800,1100
RTN2-54.01.148,11400,6900
ZAN2-ELET0826,2400,1500
HAT2-020571400,7000,4200
ROL2-D06014,64200,38600
HAT2-021825300,12700,7700
RTN2-24.00.502,3900,2400
RTN2-87.00.470,3600,2200
RTN2-5006.0207,8800,5300
RTN2-50.00.140P,45100,27100
RTN2-42.00.128,12100,7300
SKP2-SDC36W1100,1500,900
ROB2-ES0283,3200,2000
ROL2-G16034,1100,660
COG2-65212,4000,2400
PMF2-5P050020,7900,4800
COG2-209043,6700,4100
COG2-984009,1900,1200
COG2-127176,1100,660
COG2-127105,1400,840
COG2-121162,1200,720
COG2-124063,3600,2200
ROB2-SS0025,9000,5400
HAT2-R02.08.229E.00,4400,2700
PIT2-60198703,157000,94200
HAT2-05.03.077.00,5700,3500
SAN2-28300,68000,40800
LTE2-CF110,3900,2400
BER2-OP-KM234MT,2100,1300
TS2-065X,2800,1700
RAN2-38123019,1900,1200
CEC2-L027A,8000,4800
TS2-001120-45,2000,1200
RAN2-34040027,2400,1500
ROB2-ES0004,5300,3200
BES2-40413000,1200,720
CEC2-M611A,1100,660
CEC2-M461A,840,504
SAN2-10700,42400,25500
CEC2-L269A,3400,2100
CEC2-V001A,1900,1200
CEC2-V002A,7500,4500
CEC2-L041A,6800,4100
CEC2-L112A,10300,6200
CEC2-L002A,6300,3800
CEC2-D017A,7100,4300
SAN2-50950,4200,2600
ROB2-HP505-17,7400,4500
LTE2-N6106,3100,1900
CEC2-80236,5200,3200
CEC2-H297Q,1700,1100
CEC2-F199A,1100,660
RAN2-10705201,3600,2200
TS2-002856-40,2500,1500
BER2-GL-NFW45-D,1100,660
ROB2-MS0226,3400,2100
ZAN2-SUPP0140,4500,2700
ZAN2-SUPP0139,4500,2700
LTE2-CF210,1400,840
ROB2-HC0033,12800,7700
ROL2-A03010,71800,43100
HAT2-R0216057,10200,6200
BES2-25646900,40600,24400
RAN2-10060467,2000,1200
EDL2-K012,5100,3100
RAN2-34200034,2400,1500
RAN2-38228002,1100,660
ROB2-HC0012,3700,2300
BER2-OP-KM3B-S,4100,2500
BER2-PN-UR4D-B,3900,2400
SAN2-10200,6000,3600
SAN2-11150,1000,600
HOU2-30800164,8600,5200
COG2-75154,880,528
HAT2-05.03.057.00,8900,5400
BER2-GL-CHL-N,22700,13700
RAN2-10705365,5000,3000
BER2-HT-DDF2.4KW,3200,2000
BER2-CC-DC311C,6300,3800
COG2-121135,1900,1200
BER2-CI-600,9000,5400
BER2-GS-459X539C7,1700,1100
SAN2-33100,10400,6300
LAC2-2441133575,18000,10800
SAN2-50300,11400,6900
ROB2-SS0018,1900,1200
CAM2-735423,2600,1600
BES2-25763400,4300,2600
BES2-31283600,2900,1800
BES2-23060600,4100,2500
BES2-35876000,1200,720
RAN2-10705400,5100,3100
BER2-GS-M1071-D2,1700,1100
RON2-91317,18600,11200
MID2-27399-0003,71500,42900
LAC2-803130003,6300,3800
MID2-27021-0011,19700,11900
MID2-27170-0223,53600,32200
MID2-22140-0017,5900,3600
MID2-44390,1900,1200
MID2-39258,2800,1700
MID2-35000-1011,25700,15500
HOU2-20820013,3600,2200
HOU2-20800023,17400,10500
HOU2-30420007,34100,20500
EKA2-11961668500,13000,7800
EKA2-11950537000,2400,1500
EKA2-11951017000,5500,3300
EKA2-11950017000,3000,1800
EKA2-11972569202,2200,1400
EKA2-09952437000,6700,4100
MID2-M10198,4900,3000
MID2-51356,13000,7800
BES2-31912400,3200,2000
ROL2-90018,1800,1100
COG2-999137,15300,9200
COG2-42185,5100,3100
MID2-33985,30600,18400
COG2-117007,7300,4400
BER2-GS-M1071-UR-558X681,1700,1100
BER2-GS-M1071-UR-404X551,1700,1100
BER2-GS-M1071-UR-559X686,1700,1100
BER2-GS-M1071-UR-555X685,1700,1100
MID2-50587,212000,128000
HAT2-X043602700,4100,2500
HOU2-20500050,6000,3600
HOU2-30520307,20700,12500
HOU2-30300183,7200,4400
BER2-GS-525X407,1700,1100
ZAN2-REFR0029,12600,7600
HAT2-0219028,3300,2000
CAS2-965069010,3000,1800
CAM2-60222,870,522
CAM2-12106,860,516
CAM2-60431,1500,900
CAM2-60430,1200,720
CAM2-60009,1900,1200
BER2-GL-SC3456R,7300,4400
EKA2-11971899202,1500,900
EKA2-11960208612,1000,600
EKA2-11950447000,1400,840
EKA2-11950437000,1400,840
HAT2-X043603600,3800,2300
ROB2-MC0906,2300,1400
BES2-22049800,3800,2300
BES2-31953000,1200,720
BES2-32686300,3500,2100
BES2-32583800,1200,720
SAN2-62110,11600,7000
CAS2-958812000,6800,4100
CAS2-958061010,4500,2700
TS2-002987-40,1500,900
TS2-004R,2000,1200
BES2-31928000,12000,7200
MID2-60193,138000,82800
MID2-44914,146000,87600
BER2-GL-DWCG211N,6300,3800
HOU2-30120069,10200,6200
MID2-22521-0006,122000,73200
CAS2-965172000,1800,1100
RAN2-32330369,2000,1200
TBA2-KR2AF00200,10100,6100
TBA2-KR2AF00102,10100,6100
BER2-GLC-RCS6F,26000,15600
CAS2-965113014,3600,2200
CAS2-965121017,20000,12000
SAN2-70303,1900,1200
SAN2-70404,1400,840
BES2-22508000,4100,2500
COG2-215036,4000,2400
HAT2-X030207900,3300,2000
BER2-GS-M1071-CT-410X522,1700,1100
SAN2-02435,7900,4800
SAN2-02145,1900,1200
SAN2-02330,850,510
SAN2-09202,5000,3000
SAN2-02205,2800,1700
SAN2-02165,1800,1100
GLO2-L201-220-380-24,4300,2600
CRO2-3738-15,24800,14900
JTA2-302110694,3300,2000
MBM2-RTCP800065,9800,5900
SKP2-400V-15UF,6400,3900
BER2-NT-PSC6-8,1600,960
RON2-52714,5700,3500
JTA2-302190431,2300,1400
JTA2-301040693,3000,1800
RTN2-56.00.784,2900,1800
LAC2-499094000,1500,900
ZNS2-0C7661,1200,720
ZNS2-0A2135,2700,1700
PIT2-PP10741,19800,11900
UNO2-KSN1021A,15800,9500
VRM2-AR005-341-TS001,1500,900
ZNS2-0L0055,830,498
RTN2-40.03.999,5100,3100
TBA2-K2R1223101,1300,780
MBM2-RTBF900007,2900,1800
ZNS2-054085,2300,1400
RTN2-56.00.966,7400,4500
MID2-60179,3200,2000
COG2-230125,3100,1900
CAM2-41150,2200,1400
SAN2-71300,19400,11700
RON2-51226,2500,1500
CAS2-968015020,820,492
CAS2-968834000,2300,1400
CAS2-968018010,960,576
CAS2-968053000,820,492
CAS2-968026034,1500,900
CAS2-968754000,2600,1600
CMD2-ELET0727,5100,3100
ZAN2-TRAS0089,3500,2100
ROL2-76106,1600,960
SKP2-PM013T0010,30100,18100
ZNS2-048290,2500,1500
JTA2-301130156,3100,1900
RTN2-87.01.368,7900,4800
COG2-75875,1200,720
CRO2-7-5017,162000,97200
SAN2-37109,1200,720
CEC2-G266A,4400,2700
ZAN2-CUSC0071,2400,1500
CEC2-K402Q,1600,960
BER2-VA-BV1-2,1300,780
CTX2-3004265,21100,12700
CMD2-ELET0726,14300,8600
CMD2-ELET0492,2700,1700
CMD2-ELET0493,8800,5300
CMD2-ELET0728,5300,3200
CMD2-PLANO20134A,2700,1700
CMD2-ELET0491,2700,1700
CMD2-ELET0725,5100,3100
CMD2-ELET0502,5100,3100
CMD2-MECC0570,4500,2700
CMD2-ELET0563,6400,3900
BER2-VA-K-V,990,594
RON2-10309,1500,900
ROB2-HC0026,5600,3400
ZNS2-004472,9900,6000
PMF2-3T050020,2200,1400
ROB2-MC0073,2100,1300
COG2-203424,1200,720
SKP2-PM216P0021,1700,1100
ZNS2-0C7705,4500,2700
RTN2-56.00.176,2600,1600
TBA2-P996300201,2200,1400
ZNS2-075737,1700,1100
RON2-121334T02,1800,1100
TBA2-BDA-KF25-2,12000,7200
SKP2-M724100103,960,576
SKP2-P8F2700102,1200,720
EDL2-A591N,4700,2900
ZNS2-058875,3000,1800
LAC2-533895100R,6300,3800
EDL2-F036,1200,720
EDL2-A1035,3600,2200
EDL2-F088,14600,8800
UNO2-KBR1355A,18600,11200
EDL2-F038,1200,720
EDL2-M203,25200,15200
KIT2-9708845,1500,900
GLO2-X80F10,10700,6500
EDL2-F082,1200,720
JTA2-301100174,5800,3500
EDL2-F037,1700,1100
MMT2-14179128,5900,3600
BES2-32328000,2400,1500
ZAN2-ELET0549,3500,2100
LAC2-3301134963,1200,720
MBM2-RIC0003220,28900,17400
MBM2-RIC0003218,2200,1400
PMF2-7S010000,4500,2700
SKP2-PM005H0010,1500,900
HOU2-30920003,15300,9200
PIT2-P5045639,32000,19200
ZAN2-SUPP0496,5800,3500
ZAN2-SUPP0497,7400,4500
JTA2-301040752,2800,1700
GLO2-X60080,16700,10100
RTN2-22.00.725,15500,9300
ROB2-HS0014,6500,3900
ZAN2-PLAN40T062A,3000,1800
ZNS2-0C7385,1200,720
ROL2-B02018,8800,5300
ROL2-B02023,11800,7100
ROL2-E01016,5400,3300
RTN2-54.01.169,11000,6600
RTN2-44.01.470,3900,2400
ZNS2-0C0124,2600,1600
ZNS2-0C3638,10500,6300
ZNS2-0C7484,1300,780
ZNS2-005965,4500,2700
ZNS2-005927,4100,2500
ZAN2-SUPP0492,6600,4000
ZAN2-SUPP0493,6600,4000
ZAN2-RESI0151,3100,1900
ZAN2-PANN0436,2000,1200
ZAN2-CAVI0058,1500,900
ZAN2-RESI0078,4000,2400
BES2-35301400,15100,9100
SAN2-10301,3700,2300
SAN2-10505,2500,1500
CRO2-6161-3,72300,43400
RON2-50162,5100,3100
PMF2-5S080003,16400,9900
JTA2-302250046,900,540
KIT2-W10448698,2100,1300
CTX2-3000227,9300,5600
RTN2-87.00.437,32200,19400
ROL2-F07011,3800,2300
ZNS2-0A5621,1600,960
RTN2-52.00.016P,43200,26000
SKP2-K3F5300206,1500,900
SKP2-K3F4400800,26200,15800
ROB2-WS0006,4700,2900
GLO2-X10005,920,552
MBM2-160738,8800,5300
SAN2-37618,4700,2900
JTA2-301090120,1700,1100
MBM2-184105,1400,840
ZNS2-056821,1400,840
RTN2-40.03.686S,22600,13600
RTN2-50.00.844,850,510
GLO2-X30057-1,920,552
JTA2-301120031,2000,1200
RTN2-50.00.846,1400,840
ZNS2-0L2095,8600,5200
PMF2-3A050511,2600,1600
ZNS2-0C1884,10300,6200
GLO2-L501-1-093010-024,21100,12700
GLO2-X00734,10500,6300
GLO2-X10012,1800,1100
GLO2-X30024,2400,1500
TOP2-00098-30,1500,900
PMF2-3A010072,1100,660
COG2-65515,4400,2700
GLO2-X60114-117,40800,24500
RTN2-40.00.594,7500,4500
PMF2-3S010019,4800,2900
ZNS2-054905,1100,660
COG2-121150,1200,720
SAN2-52420,24700,14900
RTN2-54.01.511,15500,9300
COG2-65784,23400,14100
JTA2-302060648,3100,1900
HOU2-20920018,5200,3200
ROL2-H01023,4400,2700
HOU2-069020,1100,660
ZNS2-0C7533,1300,780
JTA2-301030071,9900,6000
RJ2-FC1600-002,18500,11100
ZNS2-0L0056,890,534
SKP2-PM022H0060,960,576
HOU2-30700022,2600,1600
LAC2-947506000,970,582
RTN2-40.03.684S,8700,5300
ZNS2-0E5056,1600,960
ZAN2-ELET0807,14000,8400
SKP2-PM009H0090,10200,6200
BER2-OP-U30-TC,1600,960
HAT2-BO10126,4100,2500
TBA2-KF6CD00100,10000,6000
MBM2-RC00000401,2000,1200
TBA2-K1D5100103,2200,1400
PMF2-5C030501,3200,2000
MBM2-GACU700131,7100,4300
JTA2-301010111,3400,2100
ZNS2-0C4529,3900,2400
RON2-52711,1700,1100
SAN2-70240,7100,4300
JTA2-20121041004,1200,720
JTA2-301150123,2600,1600
RTN2-87.01.275,6500,3900
ZNS2-048632,1800,1100
ZAN2-PANN0511,2200,1400
JTA2-301090086,2500,1500
JTA2-301100106,2500,1500
RTN2-24.03.192,7600,4600
JTA2-302090034,1500,900
BES2-30169700,1200,720
JTA2-301040171,810,486
JTA2-302190500,1400,840
JTA2-302220029,3700,2300
JTA2-301040148,3300,2000
PMF2-4S010502,3700,2300
JTA2-302100388,1000,600
JTA2-301080108,1400,840
JTA2-302220021,4500,2700
RON2-52354,11600,7000
RTN2-87.01.369,7300,4400
MBM2-168516,1200,720
JTA2-301150062,6300,3800
JTA2-302100144,2300,1400
JTA2-301040007,2700,1700
MID2-69295,14600,8800
MBM2-RC00005904,3100,1900
RTN2-24.03.451P,15600,9400
PMF2-3A050510,2400,1500
JTA2-302190499,8600,5200
PMF2-3A010502,1300,780
JTA2-302020289,3700,2300
TOP2-M0098SV1-124G,6200,3800
JTA2-302070039,960,576
SKP2-PM021T0030,164000,98400
JTA2-302070234,1800,1100
ROB2-MC1034,810,486
JTA2-302190122,1100,660
ZNS2-003334,23700,14300
JTA2-302220027,870,522
SKP2-P998200100,1500,900
SAN2-37625,1700,1100
BER2-BR-MT6-N,5100,3100
COG2-65785,12000,7200
COG2-136029,1200,720
COG2-927045,2600,1600
COG2-75877,3100,1900
KIT2-9706787,1700,1100
TBA2-T07AAE0010-CURTAIN,940,564
TBA2-T10AAE0010-CURTAIN,940,564
KIT2-W10395280,810,486
HAT2-02.12.158.00,4900,3000
ROB2-EC0208,2800,1700
LAC2-530901910,8900,5400
PIT2-B6763001,1800,1100
CTX2-97217,2500,1500
LAC2-533900900,6600,4000
TBA2-NT2178GK-2A,2400,1500
MMT2-20135901,4200,2600
LAC2-947758020,24300,14600
MBM2-RTCU700465,11000,6600
SAN2-53535,16300,9800
TOP2-98-PP,1200,720
TBA2-KR83300107,1100,660
SKP2-K1F0300100,3500,2100
ZNS2-056655,18000,10800
RTN2-42.00.223,10200,6200
ZNS2-005929,8400,5100
ZNS2-0C7625,40800,24500
ZNS2-0C9224,7700,4700
ROL2-D02153,4000,2400
ROL2-SA03080,1300,780
RTN2-56.00.677,3300,2000
MID2-71975,65300,39200
HAT2-R0004007200,35500,21300
CTX2-3002686,13800,8300
RON2-99269,4900,3000
MBM2-176894,3800,2300
SKP2-P996300303,10200,6200
ROL2-76105,1600,960
ROL2-50052,1100,660
RTN2-50.01.733,11100,6700
RTN2-22.00.916,1900,1200
RTN2-50.00.282,8400,5100
MID2-48469,6800,4100
RJ2-SPFCS-0080,1400,840
CTX2-34079,156000,93600
ZNS2-0C2570,8500,5100
MBM2-168515,1600,960
MBM2-168520,1200,720
ZNS2-0C7180,2500,1500
COG2-75165,4600,2800
CTX2-33055,2100,1300
ZAN2-ELET0652,2000,1200
RON2-128109,2100,1300
RTN2-87.01.373,8900,5400
TBA2-TDA-KF25-2,12000,7200
PIT2-60102602,36700,22100
MBM2-RC00000914,2800,1700
TBA2-KUFHM16100,1100,660
HAT2-020134800,2600,1600
RTN2-87.01.356,19600,11800
ZNS2-0C2697,13800,8300
RTN2-87.00.352,13900,8400
ZNS2-049773,4200,2600
SKP2-PM016S0012,1500,900
ZNS2-0L0058,1100,660
ZNS2-0L0612,980,588
ZNS2-048401,3200,2000
ZNS2-0TH122,1000,600
ZNS2-048746,2300,1400
ZNS2-0L1887,2100,1300
MBM2-RC00121000,1700,1100
RTN2-24.03.190,5800,3500
UNO2-KBR1340A,1900,1200
TBA2-K2D1221105,2700,1700
RON2-12009,17800,10700
RON2-136316,3100,1900
RTN2-56.00.918,11500,6900
SKP2-K1R5300106,1200,720
RTN2-24.02.937,9700,5900
RTN2-22.00.914,1200,720
RTN2-87.01.376,71200,42800
RTN2-87.01.365,5700,3500
RTN2-87.01.371,13100,7900
RTN2-56.00.823,960,576
RTN2-56.00.731,47100,28300
RTN2-44.01.569,2500,1500
RTN2-44.01.463,4300,2600
RTN2-24.03.195,29200,17600
ZNS2-0C6237,2300,1400
RTN2-50.00.303,1700,1100
RTN2-40.05.016,4900,3000
RTN2-40.04.041P,13400,8100
RTN2-40.03.998,4300,2600
RTN2-40.03.683S,44500,26700
RTN2-24.03.193,4200,2600
RTN2-24.03.191,3600,2200
RTN2-24.01.351,17900,10800
RTN2-87.00.353,12400,7500
RTN2-54.01.254,11600,7000
RTN2-50.01.799,2100,1300
RTN2-54.01.253,11600,7000
RTN2-50.00.313,2400,1500
RTN2-40.04.907,3300,2000
RTN2-40.03.685S,20800,12500
RTN2-24.03.450P,14900,9000
RTN2-24.03.288,7100,4300
RTN2-40.05.255P,19400,11700
ZNS2-0C2526,9400,5700
ZAN2-ELET0827,2400,1500
SKP2-K3R53001069,1500,900
COG2-130175,3500,2100
ZNS2-0CA464,7000,4200
PMF2-3T050035,1500,900
MBM2-RTBF800076,8300,5000
ZNS2-0CA489,4300,2600
PMF2-7I010003,2200,1400
ZNS2-0C0756,1400,840
PIT2-60138704,41400,24900
COG2-143170,1100,660
SKP2-PM209S0010,1200,720
SKP2-PM016S0112,1700,1100
ROB2-HS0022,8200,5000
SKP2-K2F5300106,1200,720
SKP2-K3F4500204,23300,14000
SKP2-K3F2500101,3000,1800
ZNS2-0C2581,3900,2400
CTX2-7007661,11000,6600
PIT2-B2005301,78700,47300
ZNS2-0CA374,4000,2400
RON2-108240,7300,4400
TOP2-M0098SV-065G,6400,3900
RON2-11749,10800,6500
CTX2-3002918,20100,12100
ZNS2-0C7868,15400,9300
UNO2-KBR1354A,18600,11200
UNO2-KTR1136A,3300,2000
MBM2-RC00000614,6300,3800
VRM2-AR005-085-TD001,13100,7900
VRM2-AE101-92.1,4600,2800
ROB2-HC0227,8300,5000
ZAN2-CUS3205-2RS,2900,1800
ZNS2-056820,960,576
ZAN2-ELET0585,12600,7600
PMF2-7S010009,5100,3100
ZNS2-0C7938,1400,840
ZAN2-CRIS0094,6600,4000
PMF2-3A010500,1300,780
ZNS2-0C0125,2000,1200
TBA2-KSR1216101,1100,660
RON2-121334T01,1800,1100
PMF2-7I010004,2200,1400
ZNS2-056843,2200,1400
MBM2-RIC0003217,2500,1500
RJ2-FC1600-001,5500,3300
RON2-50603,43300,26000
MBM2-161819,12900,7800
MBM2-184110,1600,960
ZNS2-0C0614,1900,1200
MBM2-176895,3800,2300
ZAN2-CRIS0006,1600,960
ZNS2-0C2578,4900,3000
RON2-125589,34300,20600
ZNS2-0C8739,4600,2800
RON2-9286,5000,3000
PMF2-4S010501,2900,1800
SAN2-50425,2200,1400
ZAN2-CINGHIA-SPZX-1060,2800,1700
ZNS2-0A2563,1800,1100
ZNS2-0C0640,5500,3300
ROL2-76114,3500,2100
ZNS2-0C9967,4500,2700
PMF2-5S080001,15100,9100
PMF2-3A010501,1300,780
PMF2-3A010081,820,492
MBM2-168511,970,582
MBM2-168512,1200,720
MBM2-RC00296000,2900,1800
MBM2-RIC0001301,3700,2300
MBM2-RIC0003426,2000,1200
MBM2-RIC0003579,5700,3500
ZAN2-TRAS0065,7000,4200
ZAN2-PLAN40T044B,4900,3000
ZAN2-ELET0456,2100,1300
ROL2-SA03110,40300,24200
RON2-125463,2400,1500
ZAN2-MECC0846,1400,840
ZAN2-MECC0570,5500,3300
SAN2-68210,27700,16700
SAN2-68230,6900,4200
SAN2-68718,1300,780
SAN2-68660,4200,2600
SAN2-68865,37800,22700
CRO2-4605-1,21400,12900
CRO2-4661-5,9100,5500
CRO2-5984-1,2700,1700
CRO2-4623-1,2700,1700
SAN2-62109,5900,3600
SAN2-62308,45400,27300
SAN2-65220,27900,16800
COG2-130177,4400,2700
COG2-65920,57500,34500
COG2-65928,49500,29700
COG2-75876,8400,5100
COG2-80816,1500,900
COG2-927245,11800,7100
PIT2-50006602,86500,51900
COG2-929179,7500,4500
COG2-215010,13400,8100
COG2-80933,5800,3500
COG2-75866,3600,2200
COG2-65764,3300,2000
COG2-66452,1300,780
COG2-66454,6200,3800
COG2-80813,2900,1800
ROL2-36131VO,7100,4300
COG2-75645,3400,2100
COG2-70942,4900,3000
COG2-70943,3200,2000
BER2-BK-PASTA,2500,1500
BER2-IC-W77-OH,2000,1200
BER2-VA-PB-TAP-2,3000,1800
BER2-VA-SOLE-3-8,3900,2400
BER2-IC-WPU-FAUCET-R,2500,1500
BER2-IC-WPU-MV,2500,1500
BER2-IC-WPU-WLS,1300,780
BER2-IC-WPU-TCO,1600,960
BER2-IC-WPU-DCB,4100,2500
BER2-IC-WPU-SP,1300,780
COG2-65177,4800,2900
BER2-BR-TF45,11400,6900
PMF2-5P100152,2200,1400
COG2-056290,3600,2200
COG2-143235,830,498
COG2-143261,2800,1700
COG2-144992,1600,960
COG2-130206,2900,1800
COG2-990160,2500,1500
COG2-990155,2400,1500
COG2-116035,3000,1800
VRM2-AR40PH-85.1,46900,28200
ROB2-EC0561,1500,900
ROB2-MC0684,1200,720
ROB2-VS0317,8400,5100
ROB2-ES0407,1600,960
HAT2-04.11.192.33,8000,4800
EDL2-A756,63400,38100
TBA2-K1D5100108,1500,900
ROL2-A03067,5100,3100
ROL2-B10017,1900,1200
HAT2-02.05.314.00,2800,1700
DUH2-BO10136,43900,26400
DUH2-BO10135,65700,39500
MBM2-185740,4000,2400
COG2-77060,2900,1800
COG2-74903,9700,5900
COG2-80397C,12900,7800
VRM2-CR20-110,1100,660
BER2-OP-NT-TD-S,1800,1100
BER2-IC-VCM-CTC,1900,1200
BER2-SPO-P-C2207054A,4600,2800
BER2-HT-WO-1,1700,1100
ROB2-VS0329,2000,1200
ROL2-49018,1300,780
ROL2-G06251,1600,960
ROL2-SA03001,1100,660
HAT2-R02.30.045.00,3800,2300
VRM2-R15-46Z,3900,2400
VRM2-R27-172,7900,4800
VRM2-AR31-174.3,4000,2400
VRM2-AR31-174.5,8000,4800
MBM2-173320,1400,840
MBM2-RTCU900337,1400,840
MBM2-RIC0004951,2700,1700
MBM2-RTFOC00694,2500,1500
MBM2-163292,3300,2000
PIT2-A1100111-C,23300,14000
SAN2-65422,3900,2400
PMF2-5T010210,1500,900
PMF2-5E010001,8600,5200
TBA2-T05A34001,1500,900
ROB2-EC0169,1100,660
ROB2-MC0061,5200,3200
HAT2-02.09.313.00,2900,1800
SAN2-65265,1500,900
PIT2-60183205,127000,76200
PIT2-60209201,33400,20100
PIT2-B8061502-C,24500,14700
MBM2-201706,930,558
MBM2-RTBF900277,1600,960
MBM2-RTCU700449,4400,2700
MBM2-RIC0005226,1200,720
MBM2-A770000140,6700,4100
BER2-TM-215,2400,1500
BER2-TM-200,2100,1300
BER2-TM-180,2000,1200
LIN2-KB14,15900,9600
LIN2-CP-CIBOPLUS-B,63300,38000
LIN2-BU23,42500,25500
LIN2-CIBO-BT,7700,4700
LIN2-CO15,1600,960
LIN2-CO33,3300,2000
LIN2-GA92-S,11800,7100
LIN2-MA143,6500,3900
LIN2-SW114,2400,1500
LIN2-SW120,2800,1700
LIN2-TC58-S,11400,6900
LAC2-2221091877,4200,2600
LAC2-531194710,3600,2200
LIN2-S-R0079,13000,7800
LIN2-CA92,2100,1300
LIN2-DO73,2500,1500
LIN2-HA124,6800,4100
LIN2-FA102,8000,4800
LAC2-925852000,860,516
LIN2-EL190,12300,7400
LIN2-TU105-500,3700,2300
LIN2-BA114,19600,11800
LIN2-EL326,37900,22800
LIN2-EL328,3800,2300
LIN2-FA70,15400,9300
LIN2-FI58,2700,1700
LIN2-HA05,1400,840
LIN2-TFS05,1500,900
LIN2-BA93,7300,4400
LAC2-803190032,2500,1500
LAC2-803190035,3500,2100
LAC2-3301134672,4900,3000
LAC2-438926030,1300,780
LAC2-4951132933,1200,720
LAC2-803140032,25700,15500
LAC2-532301900,2900,1800
LAC2-915268014,11100,6700
LIN2-TH64,28100,16900
LIN2-PR113-S,23100,13900
LAC2-465603000,4200,2600
LIN2-LT02,7700,4700
LIN2-TE45,2600,1600
LAC2-911544000,8400,5100
BER2-CC-38DF,14000,8400
BER2-CC-185,5500,3300
MON2-7979-8,2100,1300
RHE2-5510(S600),960,576
RHE2-5754,1020,612
MON2-1982-8,3600,2200
RHE2-01241,12000,7200
ELO2-K0432,1400,840
MON2-2154-7,3200,2000
MON2-1044-8,1400,840
MON2-2016-8,1200,720
MON2-2043-5,21200,12800
MON2-2123-7,10900,6600
MON2-3499-1,27700,16700
TRI2-TS-1225,4200,2600
TRI2-TS-27051,1300,780
MON2-19839-0,1100,660
SAM2-2149015,1500,900
AMA2-D7834603,13000,7800
AMA2-R0156921,15300,9200
AMA2-R0163215,2500,1500
AMA2-10094104,8500,5100
AMA2-R0150102,1600,960
SAM2-2009059,3000,1800
NUO2-16300091,1200,720
BIR2-A19,16400,9900
FAG2-R073008,1100,660
FAG2-Z718405,1400,840
WYO2-83821,1100,660
WYO2-54008,4700,2900
CRA2-1261,870,522
WYO2-1499405,5100,3100
WYO2-46837,7600,4600
BLO2-11528,9300,5600
STA2-2N-Z2051,9200,5600
BEN2-5016,2800,1700
FAG2-X386501,8700,5300
WYO2-2093200,1600,960
SAM2-2141413,1300,780
SAM2-2509320,6500,3900
FAG2-R660504,4800,2900
ELO2-E0153,6200,3800
FAG2-R683000,5200,3200
BEN2-2028,4400,2700
WYO2-218131-75,3600,2200
BEN2-2008,3500,2100
WYO2-217485-05,3400,2100
RHE2-08073,2000,1200
FAG2-Z603005,3900,2400
BLO2-6501,1100,660
SAM2-3030110,12000,7200
FAG2-Z728306,12300,7400
FAG2-U222100,1300,780
BIR2-16302,2800,1700
BIR2-605,1200,720
FAG2-X323009,8600,5200
BIR2-604,860,516
BIR2-S11,1300,780
BIR2-601,960,576
NUO2-16300107,3200,2000
RHE2-16007,1800,1100
FAG2-Z710906,1200,720
EUR2-RF000624,1400,840
SAM2-4039005,1500,900
SAM2-4039065,1800,1100
LAS2-108035,1900,1200
NUO2-16300028,19000,11400
WOL2-719202,6900,4200
WOL2-719737-04,6900,4200
PAN2-PLATINE009,75000,45000
NUO2-04900170,5500,3300
SAM2-2149003,1500,900
RHE2-08080,1100,660
SAM2-2149101,1000,600
TOM2-2541276,5500,3300
NUO2-16100089,1200,720
FAG2-U010504,2000,1200
WYO2-1473103,1300,780
SAM2-2149090,18500,11100
WNK2-JD-TANK,3500,2100
TRI2-TS-1231,5000,3000
RHE2-11037,2000,1200
NUO2-16300085,1650,990
STA2-2J-Z1836,41000,24600
NUO2-04200015,1000,600
SAM2-2002425,38000,22800
SOU2-1176019,56000,33600
SOU2-1160320,4400,2700
STA2-2E-Y1392,3400,2100
DOR2-72,9100,5500
WEL2-50562,2100,1300
GOL2-76300,1600,960
CON2-92117,7000,4200
VUL2-407789-3,1700,1100
ELO2-H0313,820,492
SOU2-1181996,23800,14300
WYO2-87307-10,1100,660
TOM2-2912650B,1900,1200
SOU2-1008755,2100,1300
SOU2-1177447,9200,5600
SOU2-1177448,9200,5600
CHR2-115,7400,4500
CHR2-116,7400,4500
SAE2-126520119,850,510
SAE2-222900500,1300,780
SAE2-229180400,1100,660
SUT2-41A,2200,1400
SUT2-44-1,12300,7400
SUT2-47,11800,7100
LAS2-108055,2900,1800
LAS2-206224,820,492
LAS2-400029,1100,660
PAN2-CONT017,1000,600
PAN2-THER012,1000,600
PAN2-PLATINE014,20000,12000
PAN2-THER011,13000,7800
PAN2-RESI008,2300,1400
PAN2-VENT024,2500,1500
FRA2-177117,900,540
NUO2-16300052,3400,2100
NUO2-16300068,5300,3200
DIH2-3002030,5700,3500
DIH2-3003903,5600,3400
DIH2-3003902,5600,3400
DIH2-3004148,1800,1100
DIH2-3004147,9000,5400
DIH2-3003010,2400,1500
DIH2-3009906,32000,19200
CHR2-BELT,2000,1200
FAG2-R725064,820,492
CHR2-34,2300,1400
SAM2-2504296,16500,9900
SAM2-2509314,4500,2700
SAM2-2509326,19500,11700
SAM2-2509330,17500,10500
SAM2-2000720,4500,2700
SAM2-2502960,3000,1800
SAM2-2509112,14500,8700
CON2-18009,870,522
COF2-41(SHAFT),1300,780
SAM2-2059018,2300,1400
WAR2-002993,3100,1900
WAR2-018102,4200,2600
COF2-39,4800,2900
POW2-WRHA2G0003,1100,660
COF2-19,2100,1300
TOL2-P301,1200,720
WYO2-46831,3200,2000
EUR2-RF000610,1800,1100
EUR2-RF000622,3500,2100
EUR2-RH003800,1300,780
COF2-13(STIRRING-PADDLE),1900,1200
WYO2-1301602,2800,1700
SAM2-2339014,1100,660
ELO2-390007,1500,900
RHE2-11065,1850,1200
SAM2-4420170,4000,2400
SAM2-4429025,20000,12000
FRA2-177012,2520,1600
FRA2-177114,1500,900
FRA2-177127,2400,1500
FRA2-496429,3100,1900
FAG2-Z683071,1700,1100
WYO2-3102200,2400,1500
WYO2-218131-65,3200,2000
WYO2-2065612,2200,1400
SOU2-1185150,11000,6600
SOU2-1161525,63700,38300
WYO2-2066100,1700,1100
RHE2-07063,13500,8100
RHE2-50-51-52,2200,1400
RHE2-07327,3000,1800
RHE2-07328,3000,1800
SOU2-1160532,4700,2900
FAG2-R665067,1200,720
FAG2-R663091,8900,5400
WYO2-1211700,7900,4800
ELO2-H0635,1500,900
ELO2-K0828,2800,1700
ELO2-E0817,1700,1100
FAG2-R013030,6200,3800
WOL2-20385,1900,1200
JET2-S6677,3300,2000
SAM2-4519010,3300,2000
SAM2-2002625,48000,28800
SAM2-2009050,10000,6000
SAM2-2001575,1800,1100
SAM2-2009057,1800,1100
SAM2-2009058,1400,840
SAM2-2009045,9000,5400
NUO2-01100002,1800,1100
NUO2-04100011,2200,1400
NUO2-15000042,850,510
ELO2-H0195,5500,3300
ELO2-H0314,1300,780
ELO2-V0603,3000,1800
NUO2-15000043,1900,1200
FAG2-R735700,4400,2700
ELO2-E0432,32700,19700
ELO2-E0433,6200,3800
SOU2-1073498,1800,1100
TOL2-D73,1000,600
ROU2-4010110,1000,600
NAY2-GS4055,1400,840
SAM2-2050867,6500,3900
SAM2-2059062,1900,1200
SAV2-51189,2900,1800
RHE2-08011,3500,2100
RHE2-09365,1000,600
WOL2-770560,13200,8000
WOL2-770541,5300,3200
SAE2-907002600A,1800,1100
VUL2-404193-1,1100,660
VUL2-407727-3,1300,780
SOU2-4440401,16900,10200
SOU2-1008749,2000,1200
SOU2-1176665,23800,14300
SAV2-22294,1600,960
SOU2-1170344,5000,3000
FAM2-F0133,2400,1500
FAM2-F0136,900,540
FAG2-Z203009,1100,660
SAM2-4030675,2000,1200
SAM2-4039092,3000,1800
SAM2-4519005,14000,8400
SAM2-4030020,10000,6000
SAM2-4039075,5000,3000
TRI2-TS-2505,7400,4500
FRA2-494018,2000,1200
SAM2-4301854,1500,900
SAM2-2140243,60000,36000
SAM2-2149033,6500,3900
SAM2-2141485,15000,9000
SAM2-2149009,6200,3800
SAM2-2149024,4300,2600
SAM2-2149010,11000,6600
VUL2-719221,1300,780
POW2-WRHA2G0007,1000,600
RHE2-4+5(12006),5400,3300
FAG2-U260503,3900,2400
FAG2-R662623,2400,1500
FAG2-R723004,2200,1400
FAG2-R725012,820,492
FAG2-U134324000,15800,9500
FAG2-U264399,3700,2300
FAG2-X326501,3200,2000
FAG2-Z710904,890,534
FAG2-Z710905,1200,720
GRC2-S013,5500,3300
GRC2-S128,6000,3600
FAG2-X033020,6600,4000
FAG2-Z740903,1300,780
FAG2-Z710704,4800,2900
FAG2-Z740703,2500,1500
FAG2-Z651123,8100,4900
FAG2-Z213007,3400,2100
NUO2-16300088,2100,1300
NUO2-04200042,1600,960
SAM2-2011510,1600,960
SAM2-2011550,2600,1600
SAM2-2050608,1000,600
SAM2-2149102,9900,6000
SAM2-2149121,5300,3200
SAM2-2309580,1400,840
LIN2-BA112,20400,12300
WOL2-13576,1200,720
PIT2-B6671203,43800,26300
BER2-FE-F4-ROHS-2,1500,900
HAM2-990156120,1500,900
PIT2-B5305003,19600,11800
GLO2-X30033,5100,3100
SKP2-AM075S0020,36600,22000
ROL2-90138D+90138G,2400,1500
BER2-GL-HE5,21100,12700
TOP2-30600010-11-21,16200,9800
BER2-GL-NFW50-D,2000,1200
CAS2-965157000,7000,4200
BER2-CM-CAJ2464,34800,20900
JTA2-302120029,810,486
TOA2-1850855,17300,10400
TOA2-BO10171,15400,9300
SAN2-06713,1500,900
MID2-60185,51600,31000
PIT2-PP11370,233000,140000
ROL2-D02010,1700,1100
RAN2-34070171,2600,1600
ROB2-HS0002,9300,5600
ROL2-SA03113,9700,5900
ROL2-D02141,2500,1500
SAN2-06701,880,528
TBA2-K3F5400600,7400,4500
RAN2-10060530,1800,1100
JTA2-301110503,1100,660
BES2-23116200,6000,3600
VRM2-R40-96,2100,1300
VRM2-R40-129M5,42700,25700
CTX2-7610287S,13500,8100
ROL2-37260,1200,720
MID2-69533,28900,17400
VRM2-R40-100,3200,2000
HOU2-20920003,5200,3200
MID2-60190,138000,82800
HAM2-990105700,1800,1100
MID2-66065,126000,75600
ROB2-SS2415,2500,1500
HAT2-070128400,2400,1500
COG2-65265,6100,3700
PMF2-4F050010,1500,900
HAM2-990293210,14600,8800
PMF2-5R050460,2600,1600
ZAN2-ASSM0770,5800,3500
HAM2-990200100,5700,3500
VRM2-AR005-372-TS001,4600,2800
HAM2-990167220,1700,1100
JTA2-30314540017,2400,1500
ZAN2-ELET0144,3200,2000
BER2-CC-24UR,9600,5800
HAT2-021917700,1900,1200
VRM2-AR005-347-TZ001,1200,720
ZAN2-ELET0457,2700,1700
BER2-NT-TD,1300,780
PMF2-5R050090,2200,1400
COG2-70774,3400,2100
COG2-143010,1200,720
COG2-80184,2400,1500
COG2-990159,2500,1500
COG2-990158,2500,1500
COG2-116041,2800,1700
COG2-144991B,1200,720
ROB2-SS2777,2300,1400
HAM2-990096600,1300,780
PMF2-5T010016,10100,6100
MBM2-RTCP800024,5800,3500
CAM2-12119,980,588
CEC2-F196A,2800,1700
LTE2-N6114,1300,780
CEC2-M172S,2800,1700
CAM2-60034,2600,1600
CAM2-60232,7500,4500
BES2-25165400,14500,8700
ROB2-21,4800,2900
CEC2-F057A,960,576
CEC2-S013A,4600,2800
CEC2-U019H,1100,660
SAN2-50210,1600,960
CEC2-L111A,4200,2600
CEC2-87046,7000,4200
CEC2-L029A,13700,8300
CEC2-L265A,7800,4700
CEC2-G298A,6100,3700
ROB2-HC0145,8700,5300
ROB2-HC0058,13200,8000
BER2-FE-BLOW030,8100,4900
EDL2-P169,2300,1400
LTE2-N6103,2900,1800
BES2-22039300,4100,2500
BES2-35614800,10000,6000
BES2-31953500,1200,720
BES2-31613900,7600,4600
RAN2-34070192,22800,13700
ROB2-MC0086,3500,2100
SAN2-37190,6100,3700
TS2-002709-40,2600,1600
LTE2-MIX05,2700,1700
BES2-25684000,2900,1800
BER2-OP-KM234MC,1500,900
LTE2-MIX1.09,2700,1700
SAN2-50801,4400,2700
BER2-GS-423X539C5,1700,1100
BER2-GS-318X539C4,1700,1100
BER2-MTRPH0033-31,1200,720
LAC2-803190008,1400,840
LAC2-803130021,1600,960
LAC2-3301135353,1800,1100
PIT2-B5305001,16100,9700
SAN2-58210,27700,16700
CEC2-P221A,1300,780
BES2-25763600,4300,2600
BES2-25273000,14600,8800
BES2-25273200,11800,7100
BES2-25073000,15300,9200
BES2-25079300,7100,4300
BES2-25763800,3900,2400
BES2-25764000,3600,2200
BES2-25763200,4900,3000
BES2-25780000,4200,2600
BES2-25648000,17200,10400
BES2-27604700,1000,600
BES2-27604500,1200,720
BES2-22037400,27200,16400
BES2-22069700,5900,3600
BES2-33614800,6700,4100
BES2-31287000,3200,2000
BER2-HT-169,920,552
BER2-HT-193,920,552
BER2-HT-88,1000,600
LAC2-803130015,1200,720
LAC2-803130023,1600,960
LAC2-803180014,1300,780
CAS2-457341008,1100,660
HOU2-20520270,8700,5300
HOU2-067874,20900,12600
HOU2-058672,3500,2100
HOU2-059145,1900,1200
HOU2-059301,1100,660
HOU2-20800087,960,576
HOU2-20700028,6900,4200
HOU2-20800174,4200,2600
HOU2-30800033,8500,5100
HOU2-20500193,7200,4400
HOU2-32720003,80800,48500
HOU2-30420008,28800,17300
HOU2-064875,8800,5300
HOU2-30900002,24700,14900
HOU2-20520250,5800,3500
HOU2-061248,11700,7100
EKA2-11972917800,1200,720
EKA2-11950947000,18500,11100
CAM2-IB32LIDCW-135,7200,4400
HAM2-990074402,10400,6300
BES2-35880200,1200,720
BES2-31807100,3900,2400
EKA2-11950417000,2700,1700
COG2-143178,1400,840
MID2-59906,13600,8200
MID2-42752,24900,15000
MID2-42753,24900,15000
ROL2-A15028,1800,1100
CAM2-60005,2300,1400
CAM2-60352,2200,1400
EKA2-09951627000,17000,10200
EKA2-09987699002,2700,1700
EKA2-09982767915,1000,600
EKA2-09982928518,2500,1500
EKA2-SP00902,17000,10200
ROB2-HC0184,17600,10600
TBA2-KR5AF00200,10100,6100
EDL2-A580DC,8400,5100
CAS2-531194810,2400,1500
CAS2-530990800,4700,2900
MID2-58920,74600,44800
ROB2-SC0056,1600,960
LTE2-CF0007,2800,1700
BER2-GL-NFW40-D,1300,780
RAN2-38123753B,3300,2000
CAS2-925945000,3000,1800
CAS2-925934000,9300,5600
HOU2-20900028,10900,6600
BER2-GS-M1071-CT-410X519,1700,1100
RAN2-14705015,1100,660
CAS2-965173000,5800,3500
CAS2-531550300,2400,1500
CAS2-531493700,2100,1300
HOU2-32700230,5700,3500
HOU2-32700229,5500,3300
HOU2-32700212,5600,3400
HOU2-32700092,5900,3600
HOU2-32700170,4500,2700
HOU2-32700221,84000,50400
CAS2-965101000,1400,840
CAS2-965022000,820,492
CAS2-532023200,820,492
CAS2-965160000,1100,660
CAS2-580105310,1700,1100
CAS2-4821022831,3400,2100
CAS2-965168010,3600,2200
CAS2-4831022840,890,534
CAS2-965236000,3000,1800
BER2-OP-DR-C-RHSDR,4800,2900
RON2-53437,6800,4100
HAT2-021706000,2800,1700
COG2-214088,1600,960
MID2-44527,74000,44400
MID2-27170-0270,17700,10700
MID2-61186,38700,23300
MID2-65701,118000,70800
HAT2-070349800,4300,2600
SAN2-02409,3700,2300
JTA2-301030112,9900,6000
JTA2-302020036,4600,2800
HAT2-R02.08.143E.00,4700,2900
ZAN2-CART0338,5000,3000
TBA2-K2F1600200,3100,1900
PIT2-60104701,19100,11500
TBA2-KR89000101,1900,1200
HOU2-30800145,2200,1400
ZAN2-ELET0717,1200,720
GLO2-X40014,11900,7200
MBM2-RTCU800109,1100,660
ROB2-ES0355,3300,2000
JTA2-20203026011,1200,720
JTA2-301010015,3900,2400
JTA2-301090081,7000,4200
TBA2-KR53300107,2600,1600
ZNS2-0L0598,7900,4800
UNO2-KPE2044A,32200,19400
SKP2-P996300203,7000,4200
GLO2-X30154ABB,24100,14500
PMF2-5C020015,2900,1800
KIT2-9709028,810,486
ZAN2-RESI0106,4000,2400
CAS2-968016010,960,576
PMF2-5C020100,1300,780
CAS2-965823000,2500,1500
PIT2-60128101,11000,6600
CAS2-537050900,6200,3800
CAS2-968002000,10700,6500
CEC2-L019Q,4200,2600
CTX2-73456,44300,26600
CTX2-72373,22500,13500
CEC2-C223AL,3500,2100
TBA2-KR99880102,1100,660
ZAN2-VENT0024,2500,1500
MBM2-RIC0003052,2900,1800
HAM2-990167380,20300,12200
ROL2-D02145,1800,1100
COG2-480159,1500,900
SKP2-PM221S0010,29500,17700
GLO2-X40072-2,20700,12500
PIT2-60148601,22300,13400
UNO2-KVG1014A,20700,12500
ZAN2-REFR0032,5300,3200
ZNS2-0L2560,2100,1300
PIT2-B6623202-C,82900,49800
HAM2-990293000,1900,1200
LAC2-4151135190,1200,720
MID2-60967,15900,9600
MID2-70819,37600,22600
BER2-GS-M1071-C5-7,1700,1100
HAM2-990293910,1100,660
ROL2-F03049,1600,960
HAM2-990292800,8200,5000
HAM2-990347000,2300,1400
CTX2-51081,16000,9600
HAT2-R02.08.144E.00,4400,2700
COG2-993069,5200,3200
SAN2-53345,1400,840
ZNS2-0C7179,2100,1300
ZNS2-0C7181,1700,1100
ZNS2-020094,1400,840
ZNS2-059235,8400,5100
MBM2-RTBF700096,12400,7500
PIT2-60130807,143000,85800
PMF2-5E200401,1700,1100
BER2-GS-M1071-C6,1700,1100
HAT2-020576600,4800,2900
TS2-013788-45,2800,1700
MBM2-174832,1900,1200
MBM2-RC00004808,1600,960
VRM2-AR005-362-TZ001,960,576
VRM2-AR40PH-83Z,4300,2600
ROB2-HLC260,4400,2700
SKP2-PM002H0060,880,528
UNO2-KPE2021A,23600,14200
RAN2-10060109,2500,1500
SKP2-LED0V04080,4700,2900
GLO2-X02014,7500,4500
SKP2-PM009H0190,9400,5700
GLO2-X30158,4500,2700
GLO2-X40004-DG,29100,17500
PIT2-B6740501,79400,47700
MBM2-RTCU900064,23600,14200
BER2-GL-GR003,1400,840
TS2-013787-45,2800,1700
ZNS2-0CA490,11600,7000
SKP2-PM221S0020,36600,22000
MBM2-RIC0005366,3900,2400
MBM2-RTCU900103,820,492
JTA2-301040060,3100,1900
PIT2-B6602501-C,89600,53800
JTA2-301040154,1700,1100
MBM2-RIC0003215,2200,1400
RTN2-42.00.002,215000,129000
HAM2-990293800,1100,660
BES2-31856200,12900,7800
MBM2-161874,5200,3200
JTA2-302160152,870,522
JTA2-302070090,1600,960
JTA2-302130161,1500,900
JTA2-302100259,2100,1300
JTA2-302170022,6000,3600
HAM2-990292500,1300,780
KIT2-9709030,810,486
SAN2-50410,5600,3400
ROL2-F01075,820,492
ZAN2-MECC0845,13700,8300
MID2-69482,12500,7500
LAC2-457355017,5000,3000
PIT2-B6661002,78200,47000
CTX2-3430108A,2700,1700
ZAN2-ELET0480,2000,1200
LAC2-457358017,820,492
MBM2-168000,14100,8500
ROL2-37325SE,1300,780
PLX2-BO10214,38600,23200
VRM2-AR40PH-92.2,1500,900
HAM2-990292400,1500,900
HAM2-990292100,8900,5400
VRM2-R40-3M5,29300,17600
RON2-50406,2300,1400
VRM2-AR40PH-6M,56900,34200
PIT2-B6783401,7800,4700
ROL2-76124SE,4700,2900
MBM2-167224,7600,4600
PIT2-60131801,30400,18300
ROB2-SS2558,2300,1400
MBM2-A770050,18400,11100
MID2-72829,12400,7500
MID2-66313,1200,720
MBM2-RTBF800113,6100,3700
HAT2-R041653300,2600,1600
MBM2-176656,6100,3700
HAM2-990293300,5300,3200
VRM2-R40-2.23Z,124000,74400
VRM2-R40-36M5,23200,14000
PLX2-BO10213,8300,5000
PLX2-BO10215,23500,14100
ZNS2-0L0057,5300,3200
ZNS2-0L0051,4700,2900
ZNS2-0L0365,4300,2600
ZNS2-0L0052,6100,3700
CTX2-73455,40500,24300
PIT2-B6741301,25500,15300
ROB2-MC0083,1800,1100
MBM2-RTCU600067,10000,6000
SKP2-P996300402,14600,8800
SKP2-LED0V06040,4700,2900
RTN2-20.02.553P,14700,8900
RTN2-20.02.551P,13000,7800
MBM2-KFB55S,16600,10000
HAM2-990154840,6300,3800
COG2-121147,1100,660
PIT2-B6745502,11200,6800
CTX2-7610288S,19900,12000
COG2-335015,1300,780
COG2-69020,9600,5800
UNO2-KVN1165A,3800,2300
MBM2-RTCU900024,2000,1200
BER2-OP-DR-C-LHSDR-(L),4800,2900
CTX2-7610247,50100,30100
ZAN2-ELET0552,1700,1100
VRM2-R40-2M5,36300,21800
PMF2-7M010007,1100,660
ZAN2-ELET0548,2300,1400
MBM2-182731,1400,840
CTX2-69736,2900,1800
PMF2-3R020023,1500,900
PMF2-3P010010,1500,900
PMF2-7I010002,2200,1400
PIT2-60059302,11500,6900
ZAN2-ELET0551,1700,1100
COG2-215032-1,17200,10400
HAM2-990206700,1700,1100
PMF2-3R020003,1500,900
PMF2-5V050005,2200,1400
CTX2-35210-0429,8900,5400
CTX2-69739,1900,1200
MBM2-RC00000814,2600,1600
HAM2-990292200,840,504
ZAN2-ELET0494,12100,7300
ZAN2-ELET0525,11200,6800
ROB2-SS2724,830,498
HAM2-990292900,1500,900
ROL2-07178,1100,660
SAN2-68654,4200,2600
CRO2-4309-1,99400,59700
PIT2-B7402241-C,35800,21500
SAN2-62315,4100,2500
COG2-73351,7400,4500
COG2-211017,1800,1100
COG2-230112,3800,2300
ZAN2-TERM0064,1300,780
COG2-69796,9100,5500
PIT2-60126601,126000,75600
PIT2-B6700605-CL,19100,11500
ZAN2-ELET0839,1200,720
ROL2-F01056,1300,780
PIT2-60087202,23900,14400
PIT2-B5303503-C,105000,63000
PIT2-PP10703,60300,36200
COG2-65502,2800,1700
BER2-IC-W77-TM200,1600,960
BER2-SPO-P-C2101004A,1900,1200
HAM2-990050500,3400,2100
PMF2-5P050100,3700,2300
COG2-73178,2000,1200
RON2-50401,990,594
RON2-53891,1600,960
PIT2-PP10982,48800,29300
PIT2-PP10654,6800,4100
SAN2-11204NJ,2700,1700
HAM2-990338800,2300,1400
HAM2-990346500,2300,1400
MBM2-RTCU700286,5600,3400
JTA2-302110727,2100,1300
TBA2-T10A440010,8900,5400
TBA2-T07A440010,7800,4700
TBA2-T07AAE0010,21300,12800
TBA2-T10AAE0010,29000,17400
COG2-215042-2,20300,12200
MBM2-RTCU700285,6700,4100
TOP2-MS-98SW-007,1100,660
ZAN2-REFR0008,4300,2600
WES2-P435-109,840,504
ROB2-MC0078,4900,3000
RAN2-38228005,1000,600
ROL2-SA03016,6600,4000
BES2-23297400,3000,1800
ZNS2-0L2053,3800,2300
ZNS2-072393,1700,1100
RTN2-87.01.188,7300,4400
HAM2-990058700,850,510
COG2-69871,1100,660
PMF2-5C020107,820,492
TBA2-KR95200100,1100,660
MBM2-177040,7100,4300
MBM2-RTCU700744,22400,13500
COG2-929180,4000,2400
COG2-929181,6700,4100
COG2-999363,3200,2000
COG2-999366,3100,1900
BES2-23118500,11200,6800
MID2-22151-0002,6600,4000
HOU2-30800063,9600,5800
HOU2-20120131,2900,1800
BER2-GS-M1071-UR-551X680,1700,1100
COG2-DEI35,15400,9300
COG2-DEI37,15100,9100
MID2-27381-0066,68500,41100
MID2-3003946,16300,9800
SAN2-50203,1400,840
ROB2-LT10-29,1600,960
ROL2-801020,1200,720
SAN2-40102,2600,1600
KIT2-W10308348,1300,780
RON2-33012,21900,13200
SAN2-28870,36300,21800
HAT2-0230074,3100,1900
BER2-NT-FW33-1,1500,900
ZNS2-0C5248,26000,15600
ZNS2-053671,1700,1100
BER2-NT-FWB6,1500,900
PIT2-50006610,86500,51900
RAN2-10705942,10000,6000
ZNS2-0C8190,4400,2700
SAN2-11202,1500,900
SAN2-11204AJ,2700,1700
EDL2-A055,5500,3300
SAN2-37230,5500,3300
BER2-BR-BBQ001,4500,2700
RAN2-21201402,4000,2400
RON2-99077,16300,9800
BER2-BR-A300,3200,2000
EDL2-A278,6900,4200
EDL2-A528,6900,4200
SAN2-01213,1300,780
ZAN2-ELET0085,5300,3200
RON2-98147,4000,2400
HAT2-0503024,8700,5300
SAN2-37125P,6200,3800
RAN2-10060290,4200,2600
HAM2-990038000,1900,1200
EDL2-M007SP,25200,15200
HAT2-X0419112300,6100,3700
ZNS2-0C2616,9100,5500
SAN2-06311,1400,840
SAN2-06725,1500,900
SAN2-01100,3900,2400
SAN2-10304,920,552
SAN2-10105,1400,840
SAN2-10104,1300,780
RAN2-10060478,1600,960
BER2-CM-CAJ2432,21100,12700
HAM2-960011400,2300,1400
BER2-PL-JD-L,1800,1100
CEC2-U022A,1600,960
EDL2-A592,4700,2900
EDL2-A281,2300,1400
EDL2-B202,6100,3700
EDL2-K031,2300,1400
EDL2-R072,1100,660
EDL2-S316,2300,1400
BER2-GR6,15100,9100
EDL2-C192,2200,1400
SAN2-28226,2800,1700
SAN2-28600,11400,6900
SAN2-28604,4100,2500
SAN2-28865,37800,22700
ZAN2-ELET0149,19500,11700
SAN2-37416,2000,1200
SAN2-37106,3800,2300
ROB2-MS0047,15300,9200
EDL2-MO15SP,25200,15200
EDL2-A041,1400,840
ROB2-40LT-01,6300,3800
SAN2-50613,2100,1300
SAN2-09502,2200,1400
SAN2-09409,3700,2300
LTE2-BLADE-ARM,2300,1400
ROL2-F05051,2000,1200
ROL2-F05010,2200,1400
ROL2-D02003,2800,1700
TBC2-I3-3209-4,58400,35100
ZNS2-0C8647,14900,9000
CTX2-65127,21800,13100
RAN2-34070174,1900,1200
ROB2-HC0053,4800,2900
HAT2-R0212012,67400,40500
BER2-OP-SPIT720,1300,780
ROL2-000204020,850,510
ZNS2-0C7241,1300,780
RAN2-10060462,6800,4100
RAN2-38120051,1200,720
HAT2-0201295C00,10300,6200
RAN2-10781351,3800,2300
ROB2-HC0041,4600,2800
PIT2-P6071785,31000,18600
ZNS2-0C7353,4900,3000
ZNS2-0L1951,33200,20000
RAN2-34030025,1900,1200
ROL2-F05002,4400,2700
KIT2-9706814,1800,1100
RAN2-10060477,3000,1800
BER2-NT-FW77,1500,900
KIT2-W10391115,1200,720
ZNS2-049583,2400,1500
ZNS2-0L0067,2000,1200
ZNS2-048235,7100,4300
ZNS2-049599,3100,1900
BER2-CC-24DF-N-S,9600,5800
RAN2-10905001,7000,4200
RAN2-32331123,2500,1500
ROL2-B03003,1500,900
PIT2-B2005303,101000,60600
COG2-314009,2200,1400
ZNS2-0C7226,11200,6800
COG2-211013,1700,1100
COG2-124060,4000,2400
SKP2-BR84100101,1300,780
ZNS2-005942,26100,15700
ZNS2-005940,11400,6900
BER2-HW-SPCG,840,504
BES2-25058400,7500,4500
SAN2-40711K,3400,2100
BER2-HT-DF55,8000,4800
ZNS2-0A2036,2700,1700
ZNS2-0A5441,3000,1800
RON2-123345,11800,7100
HAT2-X020126500,9500,5700
ZNS2-0C5252,1900,1200
ZNS2-0C7737,1200,720
ZNS2-0C0625,1500,900
ZNS2-003328,3900,2400
ZNS2-0C7802,1600,960
ZNS2-051950,1100,660
ZNS2-003182,1100,660
ZNS2-054118,950,570
RON2-123597,10300,6200
RON2-122774T02,3300,2000
RON2-123343,3800,2300
ZNS2-005932,4700,2900
ZNS2-0C6155,2100,1300
ZNS2-0C7534,1200,720
HAM2-990065200,9900,6000
RON2-123340,4500,2700
TBC2-HHB-3234,6500,3900
CRO2-9348-208,72300,43400
SAN2-06710,6900,4200
SAN2-33101,2600,1600
SAN2-33102,2100,1300
SAN2-33118,1800,1100
SAN2-33119,1700,1100
SAN2-33128,950,570
SAN2-33203,880,528
SAN2-33209,10000,6000
SAN2-33235,3300,2000
BER2-CM-AEZ2411,10000,6000
COG2-999288,4500,2700
BER2-NT-RO46S,2300,1400
BES2-31807000,4700,2900
BER2-FE-FM-COND,8100,4900
PIT2-PP10434,13500,8100
HAM2-990342400,1200,720
SAN2-06733,1500,900
SAN2-06736,1500,900
SAN2-06772,2100,1300
RAN2-20114701,1100,660
HAT2-023006700,1700,1100
BES2-25985000,3900,2400
ZAN2-FLTR0002,1200,720
BER2-GL-850B6-C,4700,2900
HAM2-990038001,3700,2300
HAM2-990078800,5600,3400
BES2-25985200,2100,1300
BES2-33614600,6700,4100
COG2-77904,2300,1400
MID2-44687,74600,44800
EKA2-09982338418,6000,3600
COG2-143239,3600,2200
COG2-325102,2000,1200
COG2-206003,2500,1500
COG2-69956,3700,2300
COG2-75231,5600,3400
COG2-927103,41000,24600
COG2-77044,6100,3700
COG2-75401,2600,1600
COG2-75616,8300,5000
EKA2-11951449400,6000,3600
COG2-127041,1900,1200
COG2-130109,37200,22400
RON2-36236,5000,3000
RON2-73436,2100,1300
RON2-73437,2100,1300
RON2-123178,5000,3000
RON2-123176,10800,6500
ROL2-30037,1100,660
BER2-IC-DRC150A-BR,12300,7400
RAN2-10060406,1800,1100
EKA2-09960137915,1500,900
EKA2-09960209002,2300,1400
ROB2-HC0043,3300,2000
TBA2-KF24400100,5300,3200
TBA2-K3F3200400,1100,660
MMT2-58101001,2100,1300
MMT2-58101053,1500,900
MMT2-58121071,2000,1200
ETL2-0641400000,4800,2900
CAS2-925902000,11200,6800
HAM2-990113501,4300,2600
TBA2-KR81900302,1100,660
BES2-32773500,9000,5400
SAN2-70512,1600,960
SAN2-70200,9700,5900
LIN2-EL152,10600,6400
LIN2-EL151,2500,1500
LIN2-CP11,2400,1500
LIN2-EL128,10400,6300
LIN2-EL241,7900,4800
LIN2-KN178,820,492
LIN2-EL18UL,3400,2100
LIN2-EL19UL,10900,6600
LIN2-KN54,950,570
LIN2-BU47,21700,13100
LIN2-LE19,8000,4800
LIN2-SW34,1700,1100
LIN2-KS07,970,582
LIN2-VA07,8900,5400
LIN2-KS10,970,582
LIN2-EL136,10000,6000
LIN2-EL295,17700,10700
LIN2-BU28,17700,10700
LIN2-HI12,6000,3600
LIN2-DO142,3100,1900
LIN2-HI11,6000,3600
LIN2-BA115,16300,9800
LIN2-BA116,16300,9800
LIN2-TC54,12100,7300
LIN2-TC14,2700,1700
LIN2-TC15,2700,1700
LAC2-803190023,2200,1400
LAC2-803190006,1200,720
LAC2-803190005,3400,2100
LAC2-4504133562,1300,780
LAC2-3711022897,1100,660
LAC2-4529134772,1300,780
LAC2-803130004,4800,2900
LAC2-925752000,9000,5400
LAC2-925751000,11800,7100
LAC2-533798310,6300,3800
LAC2-3341134873,3600,2200
LAC2-537041700,2100,1300
LAC2-803130052,2800,1700
LAC2-4251133590,1200,720
LAC2-2251135179,12500,7500
LAC2-915284020,2100,1300
LAC2-465377000,810,486
LAC2-465393000,4200,2600
LAC2-465391000,8400,5100
LAC2-465992000,1500,900
LAC2-4613134994,2700,1700
LIN2-PL201,5000,3000
LIN2-PR64KIT,26300,15800
BER2-CD-100N,13900,8400
FAG2-R660503,6800,4100
FRA2-400364,3000,1800
NUO2-04900162,8000,4800
STA2-2E-Z1837,18700,11300
GOL2-47106,1200,720
TRI2-TS-1031,7400,4500
DCS2-30639,2200,1400
REG2-105-57,1700,1100
REG2-125,1000,600
REG2-116-62,1400,840
REG2-109-62,1700,1100
NUO2-16300127,2800,1700
TRI2-TS-2033,18500,11100
FRA2-400369,2900,1800
FRA2-177837,3500,2100
FAG2-R665036,3000,1800
NUO2-04100024,1600,960
NAY2-GS2020,3600,2200
GMI2-512015,2200,1400
TRI2-TS-1202,4400,2700
TRI2-TS-1145,2800,1700
CEC2-G235A,4400,2700
MON2-1055-3,1200,720
MON2-1065-0,19700,11900
MON2-23130-4,3600,2200
LAP2-438103,26000,15600
MON2-1316-1,35300,21200
MON2-2389-2,2800,1700
MON2-1038-3,8200,5000
MON2-1293-9,3100,1900
MON2-1407-9,26800,16100
MON2-2041-9,1200,720
AMA2-C10794402,8000,4800
AMA2-D7692501,980,588
STA2-2E-Y5636,1600,960
AMA2-C8798605,14200,8600
AMA2-D7685503,880,528
STA2-B9-Z1770,8700,5300
SAM2-2509312,12500,7500
SAM2-4030125,4000,2400
FAG2-R723032,23400,14100
FAG2-X012119,11600,7000
BAR2-BR-31006,840,504
NUO2-15050009,1300,780
SAE2-9160039,1000,600
NUO2-16300149,2800,1700
COF2-STARTING-RELAY(0),2700,1700
FAG2-R202104,6200,3800
SAM2-2149027,7700,4700
TOL2-D82C,6200,3800
WYO2-83260,2400,1500
SUT2-40,4600,2800
BAR2-BR-3006SS,6100,3700
BAR2-BR-17006,1300,780
FAG2-R660549,4400,2700
NUO2-16300150,4200,2600
FAG2-R670500,10900,6600
FAG2-R642100,8200,5000
SAM2-4039087,2300,1400
NUO2-16300021,1450,870
FAG2-X163010,3000,1800
WYO2-83273,4200,2600
FAG2-Z203014,2900,1800
SAM2-2140035,32000,19200
FAG2-Z683064,1200,720
FAG2-U010511,2000,1200
SAM2-2140032,4600,2800
SAM2-2149115,1700,1100
FRA2-278171,3600,2200
VUL2-407789-1,1900,1200
CHX2-CH-SW-84,2600,1600
WYO2-2092702,8200,5000
PAN2-CONT056,1500,900
STA2-2E-Y1241,1900,1200
FAG2-X153000,2200,1400
DCS2-18020-2,920,552
DCS2-2441,6800,4100
WIS2-449,1100,660
SAM2-2059074,2600,1600
SAE2-196900752,7300,4400
SAE2-334000658,1100,660
SUT2-41B,1900,1200
RHE2-16047,1200,720
SAV2-22180,1600,960
PAN2-ECLAI024,2000,1200
PAN2-EV007,6000,3600
PAN2-EV004,1000,600
PAN2-RESI015,1500,900
PAN2-MINU015,16500,9900
PAN2-THER009,7000,4200
NUO2-16300054,8200,5000
NUO2-16300005,850,510
NUO2-16300080,1800,1100
NUO2-16400002,1000,600
WYO2-83261,1900,1200
DIH2-2200114,810,486
LAP2-395218,2200,1400
SAM2-4421102,1800,1100
SAM2-2509310,9000,5400
SAM2-2504290,13500,8100
INB2-42,2000,1200
WYO2-1431730,4600,2800
SAV2-21319,1700,1100
SAM2-2059015,1400,840
SAM2-2019074,2600,1600
SAM2-2019076,1850,1200
WAR2-002972,920,552
WAR2-010698,1600,960
STA2-2A-Z0372,9700,5900
STA2-2C-Y6879,820,492
STA2-2I-Y9636,1500,900
STA2-2V-Y7661,1700,1100
WOL2-763833,1200,720
WOL2-763834,1200,720
CRA2-2243,5300,3200
COF2-CONDENSER120,2800,1700
FRA2-09562017,1620,972
FAG2-X163001,4100,2500
FAG2-Z603016,3300,2000
FAG2-Z653610,3600,2200
FAG2-Z683027,2100,1300
FAG2-Z683062,1200,720
NUO2-15000041,1100,660
FRA2-101010,2600,1600
WYO2-1473400,3900,2400
RHE2-08172,1400,840
JET2-S6562,6500,3900
SAM2-2009078,850,510
SAM2-2009055,4000,2400
NUO2-01200009,2300,1400
ELO2-E0205,5200,3200
NUO2-15000024,1300,780
NUO2-15000025,2200,1400
NUO2-15050012,1400,840
SAE2-031482900A,9500,5700
SAM2-2059063,3800,2300
SAM2-2059078,8600,5200
SAM2-2059082,7800,4700
GRC2-S044,1500,900
FAG2-X323008000,1200,720
LAP2-331120,3500,2100
WOL2-713466,2300,1400
WOL2-770516,820,492
PIE2-START,1100,660
PIE2-STOP,1400,840
WOL2-706771-A,880,528
MON2-1024-3,2100,1300
STA2-A9-TO4015,2500,1500
STA2-2E-Y9050,1900,1200
FRA2-299404,3000,1800
SAM2-4039090,6500,3900
SAM2-4039015,1600,960
SAM2-4039070,2000,1200
SAM2-2149116,5400,3300
SAM2-2149118,3100,1900
SAM2-2149199,3800,2300
POW2-WRHA2G0005,2000,1200
FAG2-R345020,1800,1100
FAG2-Z200910,890,534
FAG2-Z213014,1800,1100
FAG2-Z683085,3600,2200
FAG2-Z650716,3000,1800
FAG2-Z241701,6600,4000
FAG2-Z203030,5200,3200
COF2-183,2500,1500
SAM2-2011525,2000,1200
SAM2-2011530,1900,1200
ROE2-89544,8700,5300
ROE2-117136,3300,2000
ROE2-103185,8800,5300
ROE2-27295,27800,16700
ROE2-27019,2500,1500
ROE2-39662,1200,720
ROE2-504127,3200,2000
ROE2-117072,1200,720
ROE2-27169,36000,21600
ROE2-49075,1200,720
ROE2-303141S,42700,25700
ROE2-118157S,2900,1800
ROE2-29706,1200,720
ROE2-39877,2700,1700
ROE2-59317,6900,4200
ROE2-102099S,18300,11000
ROE2-89223,4900,3000
ROE2-89004,13600,8200
ROE2-59314,44700,26900
ROE2-39591,1800,1100
ROE2-39744,4900,3000
ROE2-59165,12900,7800
ROE2-59313,2800,1700
ROE2-118171S,2000,1200
ROE2-29692,5900,3600
ROE2-39322,10500,6300
ROE2-59280,7100,4300
ROE2-117656,5400,3300
ROE2-117980S,7100,4300
ROE2-89529,17500,10500
ROE2-89554,15900,9600
ROE2-29930,5000,3000
ROE2-102935,53200,32000
ROE2-39057,8800,5300
ROE2-49166,6000,3600
ROE2-27075,16200,9800
ROE2-102922,2200,1400
ROE2-109164,13600,8200
ROE2-117136S,3500,2100
ROE2-29335,9100,5500
ROE2-118373,12200,7400
ROE2-29507,1700,1100
ROE2-303093,14900,9000
ROE2-29442,10700,6500
ROE2-303076,49100,29500
ROE2-102924,5500,3300
ROE2-102923,6200,3800
ROE2-102910,17300,10400
ROE2-29585,4200,2600
ROE2-303021,123000,73800
ROE2-302034,57900,34800
ROE2-39205,11000,6600
ROE2-29352,13400,8100
ROE2-39876,960,576
ROE2-49167,6000,3600
ROE2-119162,910,546
ROE2-39879,1500,900
ROE2-117177,1400,840
ROE2-29486,2200,1400
ROE2-89686,4200,2600
ROE2-401548,1300,780
ROE2-89759,5300,3200
ROE2-118340,2500,1500
ROE2-101097,1500,900
ROE2-29605,11300,6800
ROE2-101650,38000,22800
ROE2-102060,8900,5400
WIN2-3102263,166000,99600
WIN2-3106134,3300,2000
WIN2-2710013,11300,6800
WIN2-3124104,6000,3600
WIN2-3103015,12500,7500
WIN2-3124240,3300,2000
WIN2-60003514,1500,900
WIN2-70003337,29700,17900
WIN2-5528559,11300,6800
WIN2-60003025,1400,840
WIN2-61002522,2400,1500
WIN2-60003738,2900,1800
WIN2-3102212,13200,8000
WIN2-61005185,1900,1200
WIN2-3124130(GS10-2),3000,1800
WIN2-62003347,17000,10200
WIN2-3124034,6800,4100
WIN2-60003599,21000,12600
WIN2-60003022,4800,2900
WIN2-60002994,3000,1800
WIN2-3113063,4300,2600
WIN2-3116050,30000,18000
WIN2-60002704,5000,3000
WIN2-3124229,5300,3200
WIN2-5515164,14000,8400
WIN2-2907209,2000,1200
WIN2-3015506,1300,780
WIN2-5515163,6300,3800
WIN2-3103032,20800,12500
WIN2-60003606,9500,5700
WIN2-3113180,19700,11900
WIN2-3124223,6300,3800
WIN2-62003351,10500,6300
WIN2-3124184,5000,3000
WIN2-3103100,24200,14600
WIN2-60003605,15700,9500
WIN2-62002984,2500,1500
WIN2-62001837,9700,5900
WIN2-3115020,31300,18800
WIN2-70002581,14700,8900
WIN2-62002011,2200,1400
WIN2-62002010,4500,2700
WIN2-60003831,3300,2000
WIN2-2019201,1000,600
WIN2-61000945,6500,3900
WIN2-3106116,2500,1500
WIN2-5515147,5000,3000
WIN2-2805501,1300,780
WIN2-3108111,4200,2600
WIN2-3106082,6000,3600
WIN2-3108023,1200,720
WIN2-3111111,4000,2400
WIN2-60003066,3000,1800
WIN2-4002005,4000,2400
WIN2-2805500,1300,780
WIN2-3124035,3000,1800
WIN2-5505008,4500,2700
WIN2-5515090,3300,2000
WIN2-5504035,7500,4500
WIN2-4003033,3300,2000
WIN2-62001158,17000,10200
WIN2-3102201,9800,5900
WIN2-3126029,3300,2000
WIN2-2802103,880,528
WIN2-60003518,7400,4500
WIN2-60003259,2300,1400
WIN2-62003437,2900,1800
WIN2-3102218,980,588
WIN2-61005198,8700,5300
WIN2-60001304,1000,600
WIN2-5505019,9500,5700
WIN2-3113072,11700,7100
WIN2-70002092,16700,10100
WIN2-70003338,28800,17300
WIN2-65002079,1200,720
WIN2-3124068,7500,4500
WIN2-5505029,4500,2700
WIN2-70003085,1100,660
WIN2-62003099,4300,2600
WIN2-61006359,11500,6900
WIN2-3124280,8900,5400
WIN2-61005189,15300,9200
WIN2-60003593,26800,16100
WIN2-4004023,2400,1500
LKK2-B20F(K)-65-73,1900,1200
LKK2-TJ22-09,2800,1700
LKK2-GB1243.1-83(HS30A)B,1400,840
LKK2-TC12I-14,6300,3800
LKK2-B20B-61,1700,1100
LKK2-LSP520-71,860,516
LKK2-B80-206,8200,5000
LKK2-B20F(K)-58,1900,1200
LKK2-B30-06-05-1,1400,840
LKK2-B20F(K)-64,1700,1100
LKK2-IND500W-7,4300,2600
LKK2-B30-06-05-2,1400,840
LKK2-B20F(K)-74,1600,960
LKK2-B20F(K)-13,1600,960
LKK2-IND500W-1,1900,1200
LKK2-IND350BK-1,1400,840
LKK2-B20F(K)-31,1200,720
LKK2-B40-06-08,1100,660
LKK2-B40-06-06,3100,1900
LKK2-B20F(K)-07,1300,780
LKK2-B20F(K)-14,1200,720
LKK2-TJ12-34A,1100,660
LKK2-CHAIN(RG-7),1100,660
LKK2-HS40A-31,920,552
LKK2-TR180-01(F),1100,660
LKK2-B25-52,1600,960
LKK2-400MF,1300,780
LKK2-B30-02,6000,3600
LKK2-HS30-19-2,3700,2300
LKK2-TC12I-19,3200,2000
LKK2-TJ12-01,1100,660
LKK2-PLATE-3(TC42),4600,2800
LKK2-PLATE-8(TC42),4600,2800
LKK2-B20B-44,2000,1200
LKK2-START-300UF,1600,960
LKK2-PCPA03-3,3600,2200
LKK2-TC12-08,1600,960
LKK2-SAFETY(B5),2100,1300
LKK2-DA(B40),6600,4000
LKK2-1575,1100,660
LKK2-B30-05-22,2100,1300
LKK2-259,4200,2600
LKK2-108,1600,960
LKK2-B15-21,2600,1600
LKK2-JG300-60,1700,1100
LKK2-SB3-11,1100,660
LKK2-PLATE-8(TJ32B),2200,1400
LKK2-JG-210-63,15800,9500
LKK2-JG300-08,1300,780
LKK2-LK-GDO-26,4000,2400
LKK2-TJ12-H-20,1200,720
LKK2-THERMOSTAT(EG548),1100,660
LKK2-B25-23,5600,3400
LKK2-B30-05-38,840,504
LKK2-JOINTER,1700,1100
LKK2-TJ12-25,3800,2300
LKK2-ROLLER-TUBE(RG24-7),840,504
LKK2-HOOK-(M20),3100,1900
LKK2-ROLLER-TUBE(RG7),840,504
LKK2-HW(B40),1300,780
LKK2-EPZ6-30,3500,2100
LKK2-B25-22,4700,2900
LKK2-B25-34,2900,1800
LKK2-B30-05-14,2500,1500
LKK2-ELEMENT(WF-101),1100,660
LKK2-LK-GDO-22,1500,900
SIR2-IGS402P,2300,1400
SIR2-IB2260720,1500,900
SIR2-LF1013022,5200,3200
SIR2-IB5054000C,15600,9400
SIR2-MF0139,1200,720
SIR2-IB5036000,8100,4900
SIR2-FC99004017,1300,780
SIR2-LF2013023,1200,720
SIR2-19411000.12,3800,2300
SIR2-IB3556000,1500,900
SIR2-19401960.17,61200,36800
SIR2-19413964.17,64200,38600
SIR2-40751DESP,1300,780
SIR2-LF2010078,1300,780
SIR2-19400109,17300,10400
SIR2-19702512,850,510
SIR2-18250403210T,5600,3400
SIR2-GM5636950E,5000,3000
SIR2-LF2009014,1300,780
SIR2-LF2009015,2700,1700
SIR2-GM5946300,11400,6900
SIR2-GM3047100,3500,2100
SIR2-GM2586215,980,588
SIR2-GM5253250,1700,1100
SIR2-LF2039214,16600,10000
SIR2-LF1001009,910,546
SIR2-IGS103013,1200,720
SIR2-19500466L,4800,2900
SIR2-19513070,5000,3000
SIR2-19801260UN,8300,5000
SIR2-IGS703103,2400,1500
SIR2-GRG100165,850,510
SIR2-29401850,14200,8600
SIR2-IW2071230545A,19000,11400
SIR2-MSC04N116,910,546
SIR2-LF2043136,3400,2100
SIR2-19529160UNC,12500,7500
SIR2-IW2071220130,1100,660
SIR2-IW1071240513,28300,17000
SIR2-19562904,1100,660
SIR2-29530150,2500,1500
SIR2-IW2071220135,1100,660
SIR2-IB4003003,1900,1200
SIR2-IB4070710,980,588
SIR2-LF1033031,11500,6900
SIR2-IV2060666,1300,780
SIR2-19513037,4000,2400
SIR2-LF102112001,5000,3000
SIR2-IB2680300,2600,1600
SIR2-IGS103043,1900,1200
SIR2-IGS103033,1900,1200
SIR2-MSC04N108VT,1800,1100
SIR2-18385574315F,20400,12300
SIR2-IB5940980,5600,3400
SIR2-IB5080710C.14,14300,8600
SIR2-IB2260930,12200,7400
SIR2-MF2138,3500,2100
SIR2-GM3047400,3200,2000
SIR2-195102026,2800,1700
SIR2-19400107L,12300,7400
SIR2-IW1071240210,1300,780
SIR2-SM21005006,9000,5400
SIR2-LF2033102,15600,9400
SIR2-LF1838601,47900,28800
SIR2-19500466,2800,1700
SIR2-MF0111,3000,1800
SIR2-19522639,1900,1200
SIR2-LF2007008,10500,6300
SIR2-IB2104005,2500,1500
SIR2-MF2206,1500,900
SIR2-IB4003008,1600,960
SIR2-MSC04V256,3300,2000
SIR2-LF2007014,850,510
SIR2-19562324,950,570
SIR2-MF0132,4600,2800
SIR2-MF30-21000000,2600,1600
SIR2-IB4004011,950,570
SIR2-19500465.07,2800,1700
SIR2-19522640,1300,780
SIR2-IW1071240510,23800,14300
SIR2-19700354,12600,7600
SIR2-IGS402C,2300,1400
SIR2-IB2680301,2600,1600
SIR2-19500505,3900,2400
SIR2-19511956,5200,3200
SIR2-19563510,2200,1400
SIR2-LF2039420,1900,1200
SIR2-MSC09V072F,1200,720
SIR2-LF2007038,1100,660
SIR2-19416064,5900,3600
SIR2-19522615,2300,1400
SIR2-19510256,4300,2600
SIR2-GM5036200,1900,1200
SIR2-19513056,7000,4200
SIR2-19511854,3800,2300
SIR2-19522645,2600,1600
SIR2-19531056A,3000,1800
SIR2-19562336,3000,1800
SIR2-19531306,950,570
SIR2-MSC09V028,1200,720
SIR2-19530612,2100,1300
SIR2-GM4296200,1700,1100
SIR2-19415064,7800,4700
SIR2-LF1839701,65600,39400
SIR2-19500556,9900,6000
SIR2-19500207,1300,780
SIR2-19562344,1500,900
SIR2-19513042,6500,3900
SIR2-19530540,950,570
SIR2-19021332,1200,720
SIR2-IV2330500,4600,2800
SIR2-IV2320500,3100,1900
SIR2-LF2010080,810,486
SIR2-LF2001009,1600,960
SIR2-IB5506800,1900,1200
SIR2-18350574280GF,20800,12500
SIR2-19410136.08,2000,1200
SIR2-IW2071230045,20000,12000
SIR2-AMG022,4900,3000
SIR2-AMG258,1400,840
SIR2-AME402,1900,1200
SIR2-AME436,910,546
SIR2-IW2071230063,950,570
SIR2-GM3556250,7800,4700
SIR2-SM21005008,9900,6000
SIR2-19511108,4100,2500
SIR2-19511208C,4700,2900
SIR2-19522505,1300,780
SIR2-19540408,1900,1200
SKP2-S2SRF00200,14000,8400
MID2-35900-0398,8000,4800
JTA2-301040061,1200,720
SIR2-LF1013004,17500,10500
ASL2-HN-MB50,13800,8300
HAM2-990187200,12500,7500
LKK2-B25-38,1500,900
LKK2-IND350BK-8,850,510
RAN2-14010220,13500,8100
MID2-59144,5700,3500
HOU2-30500393,2700,1700
LAC2-532392600,1200,720
BER2-CS-AC8-A,2700,1700
MBM2-RIC0003089,2000,1200
SKP2-B3D5800300,10800,6500
MBM2-185734,8800,5300
SKP2-PM008S0070,4400,2700
MBM2-RIC0003051,1500,900
PMF2-5C030500,3700,2300
MID2-37000-0413,8200,5000
MBM2-RC01586000,5600,3400
MBM2-RIC0003213,2300,1400
MBM2-RIC0002500,5700,3500
SIR2-IW1071220100,980,588
MBM2-RC00005304,1900,1200
MBM2-RIC0003219,6400,3900
ROE2-89768,15300,9200
COG2-75871,1800,1100
COG2-75872,1100,660
ROL2-E02298,22000,13200
HOU2-50001010,91200,54800
BER2-IC-VCM-CPC,7200,4400
BER2-IC-VCM-C-TRANS,5800,3500
BER2-MST28APK3240,930,558
MID2-22290-0010,4600,2800
MID2-46831,3400,2100
MID2-51157,15900,9600
MID2-22273-0002,1900,1200
MID2-22151-0003,7800,4700
HOU2-060211,2900,1800
HOU2-060306,22500,13500
HOU2-30800054,29500,17700
HOU2-20800022,5000,3000
HOU2-30900006,1300,780
MID2-27381-0069,101000,60600
MID2-51399,45000,27000
MID2-42951,5400,3300
MID2-32102,28700,17300
MBM2-200341,1500,900
MMT2-58101022,1300,780
MID2-31486,97400,58500
MID2-60196,52400,31500
MID2-57288,76300,45800
MID2-58669,47100,28300
MID2-59132,4600,2800
MID2-44549,34000,20400
MID2-45019,53400,32100
MID2-27375-0004,35300,21200
MID2-27170-0269,6000,3600
SAN2-06612,1700,1100
JTA2-20210003012,2400,1500
PIT2-A8009601,12000,7200
PIT2-P6071332,1800,1100
ROE2-303042,112000,67200
SAN2-37155P,4900,3000
SKP2-PM009H0120,2600,1600
ZNS2-0C1380,1800,1100
HAT2-R00010105,3500,2100
LKK2-B20B-36,1600,960
CEC2-B017A,1400,840
HAT2-X070351200,2500,1500
ROB2-HC0027,11400,6900
RAN2-14030001,1600,960
ROE2-401165,1100,660
RAN2-10905006A,5800,3500
HAM2-921899001,8800,5300
HAT2-0405215,2200,1400
ROE2-29188,9100,5500
ROE2-29606,10500,6300
RAN2-33322028,2900,1800
SIR2-MF2110,9500,5700
SIR2-6-MM,3200,2000
SIR2-19702030,7300,4400
SIR2-28101210X,2300,1400
ZNS2-004600,12600,7600
ROB2-MC0067,840,504
ROE2-106524,2400,1500
LKK2-HEATER(EF-171),1300,780
RAN2-10060517,2900,1800
ROE2-102180,3600,2200
WIN2-3102332,82500,49500
SIR2-SM560201,2300,1400
HAT2-X020560800,18600,11200
SIR2-19522600,6400,3900
SIR2-IB9866003,4600,2800
ROL2-402075,2700,1700
CEC2-L016F,11800,7100
SAN2-06103,1200,720
SAN2-09412,1800,1100
SAN2-06500,44100,26500
RAN2-21202375,2200,1400
HAT2-X0503040,1600,960
SAN2-01418,2700,1700
SAN2-11306N,1600,960
SIR2-IB5940702,2700,1700
HAM2-42017501600,890,534
HAM2-260027300,7000,4200
EDL2-A049,2200,1400
RAN2-10060486,2000,1200
EDL2-A2813,3400,2100
SAN2-28522,1700,1100
SAN2-28505,3800,2300
SAN2-28510,4200,2600
SAN2-28853,1500,900
HAT2-02.17.040.00,3500,2100
ZAN2-ELET0119,8900,5400
SAN2-37490,3500,2100
ZAN2-ELET0134,9800,5900
HAM2-210017100,12500,7500
ROB2-AF50-43,3700,2300
ROB2-AF75-34,6800,4100
LKK2-B10-06,3600,2200
LKK2-B15-17,1300,780
LKK2-B30-05-01,1700,1100
LKK2-248,1600,960
ROE2-101677,3000,1800
ROB2-HC0148,4800,2900
ZAN2-AGAS0022,1700,1100
RAN2-10705383,1400,840
SIR2-IB5000800,8300,5000
BER2-TM-TM120,2300,1400
ROB2-HC0029,12000,7200
ELO2-E0530,1100,660
ROL2-A03006,3200,2000
HAT2-R0201029,5500,3300
HAT2-0212006,10900,6600
HAT2-0219004,2200,1400
BES2-31952200,1200,720
BES2-25078600,3100,1900
ROL2-B04011,1700,1100
ZNS2-002909,920,552
SIR2-SM501501,4000,2400
RAN2-10706009,1200,720
SIR2-19310252,950,570
SIR2-18300574254F,7400,4500
LKK2-520-30-20,1800,1100
SIR2-SM212740,1200,720
RAN2-14030005,1600,960
RAN2-21202101,1000,600
HAT2-X020565300,6500,3900
ROE2-39058,1700,1100
SIR2-SM501401,3000,1800
BES2-24118700,40600,24400
ROE2-102573,1500,900
SIR2-IB9865320.04,11100,6700
SIR2-IB5866000,2300,1400
ROL2-B02026,11700,7100
ROE2-29025,5900,3600
ROE2-27065,11300,6800
RAN2-38123508,1450,870
HAT2-X020123800,10400,6300
ROE2-27110,10100,6100
SIR2-19400107,12300,7400
ROE2-27253,11300,6800
ROE2-27121,21100,12700
LKK2-ROLLER-TUBE(RG30-11),840,504
RAN2-21201443,3300,2000
RAN2-21201453,3300,2000
RAN2-21201442,3300,2000
ROL2-207007,1300,780
LKK2-HS40A-16,5600,3400
RON2-50000,8600,5200
ROE2-49155,1300,780
SIR2-LF1210801,910,546
SIR2-LF1033010A,1600,960
HAT2-X050304200,7500,4500
GMI2-512403,1000,600
SIR2-IB5054001C,15600,9400
ROE2-103184,9200,5600
TBA2-T05AAD0010,2600,1600
TBA2-T07AAD0010,3000,1800
ROE2-29243,2500,1500
RAN2-10060481,3500,2100
RON2-123341,11200,6800
BER2-NT-UR6D-F,1700,1100
KIT2-W10376294,2900,1800
ZNS2-048579,2200,1400
SIR2-28123210,2400,1500
SAN2-33107,6500,3900
LKK2-PCP012-3,1200,720
COG2-224029,2100,1300
JTA2-301040502,1200,720
SIR2-MF2106,9700,5900
BER2-20UFD-400V,2000,1200
KIT2-9703904,860,516
ROE2-89685,4000,2400
ZNS2-002785,2400,1500
BER2-NT-FW35,1500,900
SIR2-28100803X,1800,1100
BER2-HT-WO,1300,780
JTA2-301040384,990,594
ZNS2-054150,1700,1100
BER2-OP-DRO-SHL,2100,1300
PMF2-5S030010,1400,840
BER2-TM-BSP102,4500,2700
ROE2-100954S,1800,1100
ROE2-103683S,12300,7400
ROE2-117091S,950,570
ROE2-119166S,7500,4500
ZNS2-059314,830,498
ZNS2-006725,1700,1100
ZNS2-0C8769,4900,3000
ZNS2-058613,1200,720
ZNS2-049303,3200,2000
HAT2-X030204400,2400,1500
HAT2-X044401500,2600,1600
SIR2-19541006,2100,1300
SIR2-19562322,950,570
SIR2-19531355,1400,840
HAM2-990062300,1200,720
ZNS2-053408,2500,1500
ZNS2-0A2533,1100,660
ZNS2-0C9655,1300,780
HAM2-990040300,820,492
SIR2-IV4010010,1200,720
BER2-NT-FW44-1,1500,900
SIR2-LF2039423,1900,1200
SIR2-19525058,1700,1100
SIR2-IB2104004,2400,1500
HAM2-990036800,1500,900
ROE2-27125,36000,21600
ROE2-89428,5000,3000
SAN2-33105,980,588
SAN2-33110,2400,1500
SAN2-33111,2400,1500
SAN2-52200,1000,600
ROL2-E02070,1900,1200
BES2-24118500,22500,13500
BER2-RVA4P3D369,1700,1100
PIT2-B6779850,14600,8800
BER2-MSP38AMK3240,1000,600
ROE2-29253,9700,5900
RAN2-10705402,6400,3900
ROL2-A03054,14700,8900
SIR2-IV2080010,4000,2400
SIR2-19538065,1700,1100
SIR2-19510232,4300,2600
SIR2-IV7300500,2400,1500
SIR2-19700364,12600,7600
PIT2-60139201,51300,30800
PIT2-P5047151,13500,8100
ZAN2-ELET0100,1200,720
ZAN2-TUBO0057,3300,2000
ZAN2-ELET0062,1500,900
ZAN2-ELET0138,3200,2000
ZAN2-ELET0001,980,588
HAM2-990038101,1300,780
HAM2-990060500,11700,7100
BER2-IC-DARC150-CP,23400,14100
BES2-30064600,4100,2500
LKK2-SKP006,1200,720
PIT2-B7490701,12000,7200
RON2-84673,13800,8300
RON2-7223,1100,660
MID2-32108,13500,8100
TBA2-T07A620050,1200,720
SIR2-LF2013022,5200,3200
SIR2-LF2013024,950,570
HOU2-32710033,22100,13300
LKK2-QD-30,4400,2700
SIR2-GM5636950B,16400,9900
SIR2-GM5636950F,3300,2000
COG2-026152,3500,2100
COG2-143258,2200,1400
COG2-236048,970,582
COG2-429050,1200,720
COG2-325001,1500,900
COG2-206009,2600,1600
COG2-80959,4300,2600
COG2-325094,1500,900
COG2-80375,2600,1600
COG2-927105,47500,28500
COG2-927038,5100,3100
COG2-929163,2100,1300
COG2-927150,13900,8400
COG2-926150,76100,45700
COG2-80880,10800,6500
ROB2-HC0170,2600,1600
MID2-28082-0010,75900,45600
MID2-33813,61700,37100
COG2-224010,2600,1600
COG2-236042,2900,1800
COG2-468151,1500,900
COG2-121078,840,504
COG2-130105,5700,3500
COG2-130150,6200,3800
COG2-406998,2800,1700
COG2-303029,1700,1100
COG2-127036,2300,1400
COG2-327006,2500,1500
COG2-129039,2100,1300
COG2-325076,2600,1600
COG2-315017,10700,6500
COG2-116021,3600,2200
COG2-315022,3700,2300
COG2-926255,1900,1200
HAM2-990065800,1100,660
HAT2-X021707000,5400,3300
EKA2-09960127915,3300,2000
EKA2-09975038518,1000,600
HAT2-X030204500,2300,1400
HAT2-X020124500,3300,2000
BER2-GLC-D-B8-850L,13200,8000
BER2-GLC-D-B8-850R,13200,8000
LKK2-LSP520-41,2100,1300
ROL2-E02032,1800,1100
ROL2-E02201,1800,1100
TBA2-K3F2500100,850,510
TBA2-K3F4400803,7800,4700
TBA2-DK8A100103,3100,1900
SIR2-SM19023004.1,13300,8000
SIR2-SM190100028,1100,660
SIR2-19500208,3700,2300
TBA2-P996000100,2100,1300
MMT2-58101056,2800,1700
ROB2-VS0252,1200,720
SIR2-19525070,1200,720
HAM2-990105500,1500,900
TBA2-BR2AD00103,5900,3600
HAM2-990151970,23900,14400
SIR2-FC99004072,3200,2000
HAM2-990158250,2600,1600
HAM2-990043500,2200,1400
HAT2-021907600,2000,1200
ROL2-607001,810,486
HOU2-30900008,58700,35300
LIN2-TR15,5800,3500
LIN2-EL13,10900,6600
LIN2-KN144,1100,660
LKK2-TJ32-25W,2100,1300
LIN2-MC15,12700,7700
LIN2-SO1,7600,4600
LKK2-HS40-24,6300,3800
LIN2-EL106,14500,8700
LIN2-HA80,1500,900
LIN2-KN181,1100,660
LIN2-RO135,4000,2400
LKK2-B25-37,1100,660
LKK2-B30-05-27,2200,1400
LIN2-EL74,10000,6000
LIN2-TH34,11700,7100
LIN2-VA09,9600,5800
LIN2-FA12,24600,14800
LIN2-HI57,6000,3600
LIN2-SW32,11400,6900
LIN2-SW43,1400,840
LKK2-TC22-04,840,504
LAC2-485612010,1900,1200
LAC2-803130059,4200,2600
LIN2-HI58,2700,1700
LIN2-HI60,2500,1500
LIN2-FA106,12100,7300
LIN2-EL236,12200,7400
BER2-CD-060,6000,3600
LKK2-B30-05-16,1600,960
REG2-149-62,950,570
LKK2-B30-05-34,2100,1300
WIN2-3106135,3000,1800
RHE2-6,1200,720
FRA2-400370,3200,2000
LKK2-HEATER(HYG-1D),1700,1100
LKK2-TRANSDUCER,16000,9600
WIN2-2904229,970,582
WIN2-62001953,1400,840
FAG2-R680500,8900,5400
LKK2-ROLLER-TUBE(RG12-5),840,504
WIN2-61003430,7200,4400
WIN2-4003028,5500,3300
WIN2-3103062,20400,12300
WIN2-60004142,9400,5700
LKK2-B25-20,4700,2900
WIN2-61004903,2400,1500
WIN2-2901316,5200,3200
WIN2-71001453,6300,3800
WIN2-61004787,1000,600
GOL2-38093,2900,1800
ELO2-B0322,820,492
WIN2-61005446,880,528
WIN2-3102010,19400,11700
WIN2-2804001,4900,3000
REG2-124,1000,600
REG2-123,2700,1700
LKK2-LX29-713,1100,660
LKK2-B30-05-19,2400,1500
WIN2-61005192,70000,42000
SAV2-22633,3500,2100
RHE2-08099,1400,840
WIN2-3103017,22200,13400
WIN2-5513112,2500,1500
WIN2-61002608,9700,5900
WIN2-61004192,10100,6100
WIN2-3126026,7500,4500
WIN2-61005195,12300,7400
LKK2-GB1243.1-83(RG12-5),950,570
SAV2-22634,4800,2900
GMI2-511417,5500,3300
GMI2-512095,4700,2900
WIN2-80002670,11300,6800
LKK2-LIGHT-SET,840,504
WIN2-3111316,49400,29700
XIN2-TW-32S-24,1500,900
LKK2-TSP520-57,3400,2100
LKK2-B25-16,1100,660
LKK2-B20B-15-9-1,7400,4500
LKK2-SKP004,2700,1700
LKK2-JG300-61,1100,660
WIN2-70200633,31300,18800
WIN2-2904202,3400,2100
WIN2-70005398,5800,3500
SIR2-SM504120U,10900,6600
JTA2-302190428,1800,1100
JTA2-302190430,1800,1100
RON2-122955,3100,1900
MID2-57408,21500,12900
SIR2-IW2071230046,16600,10000
SIR2-LF1033021,2400,1500
LKK2-HS20-19-1,2800,1700
SIR2-IB5940920,950,570
RAN2-34040002,1800,1100
ROE2-104207,7300,4400
HAM2-280099200,2200,1400
BER2-OP-BC001,1900,1200
SAN2-06702,1300,780
RAN2-10700966,4000,2400
SAN2-28210,27700,16700
ROL2-D02029,3700,2300
HAT2-X0509052,2800,1700
HAM2-6126-911,13100,7900
HAM2-31659503100,870,522
HAM2-990036500,3000,1800
SAN2-37195,1200,720
BER2-HT-BMC1.6KW,2600,1600
SAN2-50552,3700,2300
ROE2-29096,10700,6500
ROB2-TC0008,6000,3600
BER2-HT-DW2.9KW,3800,2300
RAN2-14701020,1000,600
RAN2-14010002,9400,5700
EDL2-A932SP,5400,3300
SIR2-19410160,3500,2100
SIR2-IB5000900,15300,9200
ROE2-3092S,28100,16900
RON2-123581,1100,660
RON2-121344T24,61400,36900
RON2-11957,21600,13000
RON2-12094,21600,13000
SIR2-LF1033011,2400,1500
LKK2-TC42-10,1100,660
SIR2-IB9866004,1500,900
LKK2-HEATING(EG738),2600,1600
KIT2-W10448785,2300,1400
ROL2-E02088,14700,8900
ROE2-29870,3600,2200
ROE2-101845S,910,546
HAM2-990038700,1600,960
ZNS2-0C7485,1300,780
TBA2-12WK3F6000800,5300,3200
ROE2-89548,1500,900
SIR2-IB1980400,850,510
SIR2-LF1007001,3400,2100
ROE2-502173,4400,2700
HAM2-990072000,9500,5700
LKK2-FB(B40),7400,4500
BES2-25938600,1100,660
MID2-31651,29900,18000
COG2-DPE127,31200,18800
TBA2-T07A640010,1600,960
MID2-42400-0163,13400,8100
LKK2-DK-J-Y,3100,1900
COG2-240020,3900,2400
RON2-85845T05,38900,23400
EKA2-09987399002,3800,2300
LKK2-BT-200T1-1,3600,2200
LKK2-LK-GDO-16,2600,1600
LIN2-EL120,14800,8900
LIN2-MO25,27600,16600
LIN2-SL22,5200,3200
LKK2-B15-31,1300,780
LKK2-B20B-35,1400,840
LIN2-NUT,3300,2000
LIN2-TH12,10200,6200
LKK2-TJ22-26,820,492
LKK2-PLATE-6(TJ32B),1400,840
LKK2-011-300L-OLD,4300,2600
LKK2-BT-200T1-4,1700,1100
WIN2-3109063,4100,2500
LKK2-HEATER(GX10),1700,1100
WIN2-2805012,1000,600
WIN2-4003022,12700,7700
LKK2-B30-05-15,4500,2700
WIN2-3126035,15800,9500
LKK2-75-MF,840,504
LKK2-B20B-18,1700,1100
WIN2-5515080,12500,7500
WIN2-61004786,1500,900
LKK2-HS20-19-2,2800,1700
GOL2-38227,1200,720
LKK2-B10-01-08,2100,1300
LKK2-B25-61,1100,660
LKK2-B25-26,3400,2100
COF2-441,3400,2100
WIN2-60003159,1500,900
HAL2-H15,3500,2100
NUO2-72012007,900,540
LKK2-TC22-19,1700,1100
WIN2-3506105,18800,11300
WIN2-3111311,28600,17200
LKK2-YD90L-6-4-P-B14,20000,12000
WIN2-5512032,111000,66600
WIN2-5501178,10000,6000
LKK2-MICRO-(NEW),17000,10200
CEC2-M005S,4200,2600
RAN2-35002509,1100,660
HAM2-280012300,4400,2700
HAM2-31109020000,4900,3000
HAM2-31366540000,1600,960
RAN2-34200258,3000,1800
HAT2-X040544200,7200,4400
EDL2-A025,1700,1100
ROB2-HC0040,7800,4700
HAM2-280023501,5200,3200
LKK2-B15-28,3700,2300
LKK2-B20B-37,2200,1400
ZAN2-RESI0076,6000,3600
BER2-LE-EA-RELAY,1600,960
ROL2-A03008,14700,8900
SIR2-3-MM,3300,2000
HAT2-020925000,2900,1800
ROE2-89536,1100,660
ZNS2-0C0205,9300,5600
ROL2-D04023,1400,840
LIN2-EL103,12200,7400
LIN2-LA87,5100,3100
LKK2-B15-29,1100,660
LKK2-B20B-38,1400,840
LIN2-EL75,9500,5700
LIN2-KN96,830,498
LIN2-TH14,10600,6400
WIN2-2907203,1400,840
LKK2-QD-10,5100,3100
WIN2-4002006,27500,16500
WIN2-3104161,14800,8900
RAN2-34020022,1300,780
HAT2-0205095,4500,2700
SKP2-PM009H0070,4400,2700
BER2-EG004,5600,3400
LKK2-B15-30,1300,780
HAM2-31319110000,2200,1400
HAM2-280020500,1400,840
RAN2-33122014,1900,1200
HAM2-990035300,840,504
ROE2-302033,54100,32500
ROB2-HC0047,7500,4500
ROE2-106257,9800,5900
HAM2-990033900,810,486
BER2-CFB10W,2100,1300
MID2-50275,150000,90000
LKK2-LSP520-53,1400,840
LKK2-RHX-12-14,5300,3200
LIN2-HO10,9100,5500
LIN2-KN62,860,516
LIN2-KN52,860,516
LIN2-SW11,1200,720
LKK2-PLATE-3(TC22),1400,840
WIN2-61004885,1200,720
LKK2-B5A-25,7900,4800
WIN2-2907303,980,588
LKK2-TC42-5-6,1400,840
LKK2-HEATING(EG618),2600,1600
LKK2-WATER-PROTECTOR,1300,780
WIN2-3126009,5800,3500
WIN2-4001024,1400,840
SKP2-PM002S0512,2400,1500
HAM2-990341800,2300,1400
MID2-22152-0017,2600,1600
MID2-64106,34300,20600
COG2-80700,1500,900
MID2-50517,11600,7000
MID2-37020,870,522
SIR2-IB5940910,5900,3600
HAT2-0205096,4500,2700
SIR2-19310365,3700,2300
HAM2-990065100,8000,4800
SIR2-IB5256400,1500,900
LKK2-LSP520-74,3200,2000
LKK2-LSP520-75,3200,2000
SIR2-IB1981450,1500,900
LKK2-LSP520-73,1300,780
SKP2-PM002H0040,2400,1500
ROB2-AF25-45,12500,7500
ROE2-101163,3900,2400
ZAN2-RESI0036,7500,4500
ROL2-F04013,1600,960
SIR2-IB5804402,2500,1500
ZAN2-RESI0020,6600,4000
BER2-ESM008,1900,1200
HAT2-0219015,2500,1500
HAT2-R0205016,3500,2100
HAT2-0205317,4200,2600
RAN2-14000022,12300,7400
RAN2-22104001,1000,600
SIR2-195104011,4800,2900
SIR2-GM5646200,3200,2000
RON2-12054,1900,1200
SIR2-MF0174,2000,1200
ROB2-105053,9200,5600
COG2-236052,970,582
LKK2-PLATE-4.5(TC12I),1400,840
SKP2-PM009H0050-O,14600,8800
ROB2-EC0028,930,558
HAM2-990071900,1900,1200
LKK2-LSP520-07,5300,3200
MID2-45244,222000,134000
HAM2-990151900,13000,7800
LIN2-KN53,860,516
LKK2-263,4700,2900
LKK2-B30-05-10,1400,840
LIN2-CO111,6100,3700
LKK2-B30-05-11,4200,2600
LKK2-B25-35,1400,840
LIN2-TH35,14500,8700
LIN2-EL105,14300,8600
LIN2-M011,16200,9800
NUO2-16100072,1400,840
FAG2-X366502,9800,5900
WIN2-2707024,1700,1100
FAG2-R253042,30000,18000
NUO2-16300010,8350,5100
WIN2-61004859,8000,4800
FRA2-300914,1000,600
LKK2-B25-29,1100,660
LKK2-B25-36,1200,720
WIN2-61004059,880,528
LKK2-SWITCH-LOW,1100,660
LKK2-TC42-5-12,2100,1300
LKK2-RHX-12-12,4300,2600
WIN2-80003155,10300,6200
PMF2-5P030001,2500,1500
ROB2-LT20-13A,3300,2000
ROE2-103681S,11500,6900
MBM2-RIC0002758,1400,840
LKK2-B20B-65,840,504
ROB2-HC0096,7300,4400
TBA2-KR99860101,1300,780
LKK2-B15-56,1100,660
BER2-HT-ER2340,3800,2300
ROB2-HC0049,11400,6900
MID2-60123,5100,3100
MBM2-175753,2100,1300
MID2-59562,2100,1300
ROE2-101105S,1500,900
MBM2-RIC0002286,5900,3600
ROE2-117009,1700,1100
PMF2-4P100007,820,492
ROE2-117092S,840,504
BER2-VA-0.8,1100,660
BER2-VA-1.6,1100,660
MID2-42810-0120,29400,17700
MID2-22450-0001,147000,88200
MID2-33900-0032,9900,6000
MID2-22152-0018,3200,2000
MID2-22420-0005,2300,1400
MID2-30927,3700,2300
MID2-50050,8000,4800
MID2-44568,146000,87600
MID2-59668,12400,7500
MID2-50240,9900,6000
MID2-22521-0005,122000,73200
MID2-60520-2,13200,8000
HAM2-990042400,970,582
SAN2-01226,8700,5300
EDL2-A284,2300,1400
ROE2-27135,11300,6800
BER2-NT-7C-M,1600,960
HAT2-0216028,10200,6200
JTA2-301040081,1100,660
JTA2-301040082,1100,660
RAN2-10110167,2900,1800
KIT2-W10462785,2300,1400
TBC2-100757,4800,2900
EDL2-A288,28800,17300
SAN2-01206,1600,960
SAN2-01600,8000,4800
LKK2-6205DU,1100,660
LKK2-TJ12-05,1900,1200
ROE2-39192,11000,6600
HAT2-050302200,6600,4000
LKK2-B25-28,5400,3300
LKK2-B10-01-06,2800,1700
ROE2-29599,1100,660
ROE2-29097,10700,6500
ROB2-AF50-22,2100,1300
ROE2-29192,12600,7600
SAN2-01500,7300,4400
HAM2-210022800,3700,2300
CEC2-L238A,3000,1800
SAN2-28875,850,510
ROL2-SA03018,2700,1700
SAN2-37442,1500,900
ZNS2-002272,1800,1100
LKK2-44,1500,900
ROE2-39380,7900,4800
LKK2-B30-05-39,1100,660
ZAN2-ELET0035,2900,1800
HAT2-0216058,9300,5600
ROL2-B06010,870,522
BER2-HT-HP1.5KW,2900,1800
RAN2-33122016,3800,2300
RAN2-14701011,7400,4500
ZNS2-0C7571,860,516
EDL2-H063,4200,2600
ROE2-29336,2400,1500
RAN2-21201452,3300,2000
RAN2-35002504,1100,660
HAT2-0509025,2400,1500
BER2-COVER-U10,1600,960
ZNS2-059295,990,594
BER2-NT-ESM44,2400,1500
HAT2-R0208228E00,2900,1800
ZNS2-052330,8900,5400
RON2-122774T05,3300,2000
KIT2-W10461707,3200,2000
PIT2-B8039518-C,22600,13600
BER2-NT-ESM55,2500,1500
LKK2-SKP007,1200,720
ROL2-E01001,17400,10500
ROL2-E02077,870,522
ZNS2-003551,2100,1300
BER2-PL-ESMB,2500,1500
BER2-C-CG11C,1100,660
ZNS2-0A5439,5700,3500
ZNS2-0C4691,4600,2800
ZNS2-0C7232,2400,1500
CTX2-69711,2100,1300
ZNS2-0C4279,10700,6500
RON2-122775T02,2600,1600
ZNS2-052725,850,510
ZNS2-0A2472,1900,1200
ZNS2-0C2669,9000,5400
ZNS2-054039,1100,660
ZNS2-057728,1100,660
ZNS2-0A2650,1100,660
HAM2-990064700,7200,4400
ROE2-503268S,1800,1100
ROE2-27254,11300,6800
ROE2-510212,4300,2600
ROE2-89575,890,534
ROE2-89612,900,540
ROL2-36008COM,6100,3700
PIT2-PP10984,3900,2400
ROE2-29968,6800,4100
HAT2-050701100,2400,1500
HAT2-040538600,2800,1700
SAN2-37120P,20400,12300
HAM2-990076201,2500,1500
HAM2-990071700,1900,1200
HAM2-990079200,2100,1300
EKA2-11951439400,5100,3100
COG2-69632,1100,660
COG2-124065,3800,2300
COG2-75141,2900,1800
COG2-75142,2400,1500
COG2-927015,1200,720
COG2-335003,1700,1100
COG2-456023,3200,2000
COG2-124002,4900,3000
COG2-210010,1500,900
COG2-230086,4600,2800
COG2-143219,2400,1500
COG2-121075,1400,840
COG2-127026,810,486
COG2-144011,1500,900
COG2-240011,1400,840
COG2-142053,820,492
COG2-127050,1800,1100
COG2-144003,1900,1200
COG2-143246,1100,660
COG2-143243,1100,660
COG2-412029,1200,720
COG2-314001,4400,2700
COG2-124038,3600,2200
COG2-80380,3000,1800
COG2-315011,2100,1300
HAM2-990151800,2500,1500
HAM2-990113600,1700,1100
HAT2-R0208011F00,4300,2600
ETL2-006699,1200,720
LKK2-B30-05-06,2200,1400
LIN2-KN39,860,516
LKK2-250,4800,2900
LIN2-HO11,8400,5100
LKK2-B5A-03,1900,1200
LKK2-TJ22-18-22,2100,1300
LIN2-EL50,15600,9400
LIN2-LA94,1600,960
LKK2-MOTOR(HS20),16900,10200
LIN2-OL01,1000,600
LKK2-LK-GDO-27,3700,2300
BER2-GL-GR003R,1400,840
FAG2-R143000,10200,6200
NUO2-14100035,1600,960
LKK2-260,2000,1200
FRA2-400625,1300,780
WIN2-60003160,3200,2000
GOL2-87399,6600,4000
NUO2-16300001,1700,1100
WIN2-60003281,5900,3600
WNK2-JD-COVER(C),1800,1100
NUO2-04900117,6600,4000
ELO2-E0231,3900,2400
NAY2-GS4021,1600,960
WIN2-60003512,6800,4100
TRI2-TS-1201,4000,2400
XIN2-TW-32S-28,1000,600
LKK2-A1550,1100,660
LKK2-SWITCH-HIGH,1100,660
WIN2-3124165,9700,5900
WIN2-2803266,4500,2700
WIN2-2710015,14500,8700
WIN2-3104131,39400,23700
WIN2-62002145,5300,3200
SIR2-GM2492000,3400,2100
SIR2-LF102705001,3700,2300
SIR2-GM5946350,3000,1800
SIR2-GM5866000,1500,900
SIR2-281008045X,2200,1400
SIR2-19335054,1400,840
SIR2-IB4050800,1900,1200
SIR2-LF2010734,1800,1100
SIR2-19530554,1200,720
SIR2-4.5-MM,3300,2000
SIR2-LF2032604,4900,3000
SIR2-IB1981440,1200,720
SIR2-LF2033007,1300,780
SIR2-19510601,1700,1100
SIR2-19510206,4600,2800
SIR2-IB9865520,5000,3000
SIR2-19562803,1200,720
SIR2-IB4100920,1400,840
SIR2-IB5940915,2400,1500
SIR2-LF1134001,950,570
SIR2-28102216X,3200,2000
SIR2-IB1980410,3500,2100
SIR2-195103E07,7000,4200
SIR2-IB4003015,850,510
SIR2-19522610,1700,1100
SIR2-19530564,950,570
SIR2-IB2104003,2300,1400
SIR2-MSC09V064F,1200,720
SIR2-19563554LV,1500,900
SIR2-19522652,1100,660
SIR2-28123204,2200,1400
SIR2-19702100,25300,15200
SIR2-19310215,810,486
SIR2-LF2013038,950,570
SIR2-19702516,3200,2000
SIR2-19500105,3100,1900
SIR2-LF2011014,1800,1100
SIR2-19521464,950,570
SIR2-28113203X,3300,2000
SIR2-AMG212,2900,1800
SIR2-GM5636950C,16400,9900
SIR2-SM401408,22400,13500
VRM2-08030-0804,1100,660
BKP2-H1008K,2800,1700
BKP2-T1210U,41600,25000
SIR2-LF1010094,2600,1600
MID2-15125-0002,1300,780
TOP2-XDF-5100N,9800,5900
WES2-P168-45D,2300,1400
SIR2-19700307,6300,3800
ROB2-HP1500-21,6100,3700
ROL2-E01005,6200,3800
SIR2-28101203X,2600,1600
ROL2-B04039,1400,840
SIR2-28103203X,3400,2100
TBA2-KR53300105,2600,1600
VRM2-AE61-92,8400,5100
HAM2-990072300,5300,3200
ROE2-303082,43300,26000
TBA2-CM25000100,1900,1200
BES2-31613700,19200,11600
ROB2-PS0129,980,588
ROB2-HC0190,20900,12600
ROL2-SH01033,6900,4200
EDL2-A7204,44300,26600
HAT2-020571600,9500,5700
EDL2-C0844,4900,3000
TBC2-FRE-1176,1100,660
JTA2-301040546,6600,4000
ROL2-E02149,1100,660
HAT2-020114500,3800,2300
VRM2-AR005-010-TZ001,16400,9900
ROL2-B06012,4000,2400
HAM2-990339600,1200,720
CEC2-M600A,1800,1100
BER2-415X418-A,3100,1900
CEC2-L292A,1500,900
ROB2-LT40-15,2900,1800
BES2-25021400,22500,13500
BER2-CS-IR412,9400,5700
EGO2-KNOB,850,510
LTE2-CF213,1400,840
LKK2-255,3400,2100
ROE2-29538,4000,2400
LTE2-N6102,3900,2400
ROE2-29487,9400,5700
CEC2-B069A,3200,2000
BER2-FE-BLOW040,9300,5600
BES2-23063000,4600,2800
LTE2-N6105,1400,840
BES2-32070300,5200,3200
ROL2-A15018,2800,1700
ROL2-D01021,1100,660
BES2-25051700,4100,2500
BES2-23105800,6000,3600
BES2-31613800,10600,6400
BES2-25164500,4800,2900
LAC2-2211130305,970,582
ROE2-39334,1700,1100
ROL2-F01046,1400,840
LAC2-803130060,840,504
LAC2-2211133621,3800,2300
PIT2-60126001,18400,11100
PIT2-P5046686,12500,7500
ZAN2-RESI0054,17700,10700
HAM2-990078700,12300,7400
BES2-25077900,18200,11000
BES2-25763000,4200,2600
BES2-25589700,15700,9500
BES2-25081800,16900,10200
BES2-31643600,8100,4900
BES2-22016200,24200,14600
BES2-32714400,2600,1600
BES2-31502300,6800,4100
BES2-32714900,3200,2000
CAS2-531194700,1700,1100
LAC2-803130008,2700,1700
CAS2-457895000,1200,720
MID2-37000-0408,136000,81600
MID2-37115-0102,14400,8700
HOU2-066020,1100,660
HOU2-20400051,840,504
HOU2-20400060,820,492
HOU2-32700086,1300,780
HOU2-30400005,2200,1400
HOU2-20400052,850,510
HOU2-30400088,9500,5700
HOU2-20400058,910,546
HOU2-30400094,7500,4500
HOU2-30400049,1700,1100
HOU2-30400112,2000,1200
HOU2-059143,990,594
HOU2-30800057,3000,1800
HOU2-30620027,10700,6500
HOU2-32700126,3800,2300
HOU2-32700055,3800,2300
HOU2-32720009,80800,48500
HOU2-059216,2600,1600
EKA2-09974978518,1500,900
COG2-230116,5000,3000
CAS2-965076000,6200,3800
MID2-60048,21700,13100
EKA2-09973008518,1200,720
TBA2-KR8AF00300,10100,6100
TBA2-KR8AF00100,10100,6100
TBA2-KR931C0200,3200,2000
HOU2-30520210,5100,3100
CAS2-457037048,1200,720
HOU2-30920035,13800,8300
RAN2-34200112,4300,2600
HAM2-990142600,6100,3700
HOU2-32700208,5600,3400
HOU2-32700165,82300,49400
HOU2-32700166,7000,4200
BER2-D-C7-B-R,7900,4800
HAM2-990126900,1700,1100
SIR2-FC99004031,3200,2000
HAT2-R020129500,12700,7700
ROE2-102921S,3000,1800
CAS2-531494100,1100,660
HAT2-021816101,2800,1700
JTA2-301040072,1800,1100
JTA2-301040034,1500,900
JTA2-301040537,1500,900
JTA2-301040538,1500,900
SKP2-PM013H0010,37200,22400
ZAN2-TERM0093,1600,960
JTA2-301010121,1800,1100
ROE2-501258S,2200,1400
HAM2-990207301,3900,2400
HAM2-990187500,22000,13200
CAS2-538037000,3400,2100
PMF2-5V010015,2200,1400
SKP2-K3F3200901,1200,720
BES2-30064900,5600,3400
HAM2-990292300,4200,2600
TBA2-K3F5104001,1900,1200
SIR2-LF1041018,1800,1100
MID2-73491,102000,61200
PIT2-PP11337,11200,6800
VRM2-AR40PH-128,10100,6100
SIR2-LF1530045I2,1300,780
BKP2-2A-R3025A,1300,780
HOU2-058031,920,552
RON2-52976,9600,5800
EDL2-I064,2300,1400
JTA2-20140068006,11000,6600
CTX2-65554,16000,9600
SKP2-PM013S0010,22000,13200
SKP2-AM013S0091,11700,7100
BES2-32811600,1200,720
MID2-61823,6500,3900
ETF2-HC119306,12900,7800
ETF2-HC151097,53700,32300
SIR2-19511245,3100,1900
TBA2-K1F0516100,960,576
SIR2-19530802,5000,3000
SIR2-19526065,980,588
SIR2-19538864,2900,1800
ZNS2-0C7425,2100,1300
PIT2-60130806,138000,82800
SIR2-GRG100377,4700,2900
ROE2-39743,2000,1200
ROL2-15252SE,3300,2000
ZAN2-UNI6604-A-8X30,1300,780
BER2-NT-UR2D-C,1700,1100
ROE2-59282,7800,4700
LAC2-915789000,1600,960
HOU2-30800098,23300,14000
GLO2-X30043,1800,1100
VRM2-AR005-378-TS001,30200,18200
GLO2-X40047,3300,2000
GLO2-X60070-2,13000,7800
GLO2-X40061,5600,3400
TOP2-M-098-SV,2900,1800
VRM2-AR40PH-68,10000,6000
SIR2-29536001,2600,1600
HOU2-20800166,2200,1400
HOU2-30920000,11900,7200
PIT2-PP11124,16300,9800
SKP2-PM021H0020,880,528
JTA2-302110041,1100,660
JTA2-301040094,1200,720
ROE2-39754,900,540
VRM2-56AR31-102.1,1700,1100
JTA2-302130041,2400,1500
PMF2-5P050040,5700,3500
VRM2-R60-110,1400,840
MID2-65173,1200,720
MID2-73722,109000,65400
MID2-73727,92400,55500
JTA2-302250034,1400,840
JTA2-302250179,1400,840
KIT2-16998,890,534
SAN2-53316,900,540
BER2-DC-3D-M,1300,780
PIT2-60130901,21300,12800
LAC2-535668000,3000,1800
SIR2-SM11016007,12000,7200
LAC2-532392810,1300,780
VRM2-AR31-194.53M,4400,2700
COG2-80179,1200,720
ZAN2-UNI6604-A-8X50,1300,780
LKK2-B20F(K)-29,1700,1100
HAM2-960039000,3100,1900
SIR2-IW2071230029,1500,900
SIR2-GRG100300,980,588
HAT2-041654700,1600,960
ZAN2-UNI6604-A-8X45,1300,780
MID2-72456,6600,4000
VRM2-AR005-213-TZ001,1200,720
VRM2-CR30-129,10100,6100
VRM2-R40-30Z,18900,11400
SKP2-K3F6500200,1800,1100
VRM2-AR41-33.5Z,44100,26500
ROE2-59210,3800,2300
SIR2-GRG103042,10500,6300
VRM2-R40-1M5,31200,18800
SIR2-49563101,6700,4100
VRM2-AR40PH-63M,2500,1500
SIR2-19510730.18,2000,1200
ZAN2-TERM0076,4600,2800
ROL2-SB07023,1800,1100
RJ2-FC1600-008,5100,3100
ROE2-600087S,1800,1100
CTX2-3003839,4700,2900
UNO2-XRF008,15600,9400
PIT2-P5046626,20100,12100
VRM2-AR40PH-63Z,2600,1600
VRM2-AR005-034-TD001,4300,2600
SIR2-LF1539701,2100,1300
TBA2-K1F0516200,960,576
SIR2-GRG100354,5000,3000
PMF2-5R050415,2900,1800
SIR2-19525073,2500,1500
COG2-65951,1700,1100
SIR2-29030201.14,5400,3300
SIR2-GRG100378,1700,1100
PIT2-P6071780,16600,10000
PIT2-PP10331,14400,8700
SAN2-62303,1600,960
COG2-74073,1900,1200
COG2-75864,3000,1800
PIT2-60070701,26300,15800
PIT2-60089601-C,14600,8800
COG2-144010NT,1500,900
ROL2-E02210,10500,6300
COG2-429077,990,594
COG2-209042,6700,4100
EDL2-A7564,75100,45100
BER2-LE-FW-LB+LE-FW-LAMP,1900,1200
TBA2-K2D9000307,1600,960
TBA2-KR89000103,1100,660
COG2-77068,3300,2000
HAM2-990338700,1400,840
SIR2-FC02044,7800,4700
MID2-70049,65000,39000
HAM2-990341500,870,522
SIR2-LF202908510,9600,5800
SIR2-LF2029985,2800,1700
SIR2-LF202908230,910,546
SIR2-LF202908513,4800,2900
ROB2-MC1808,1300,780
LKK2-246,4500,2700
LIN2-KS19,970,582
LKK2-20XB-32B,1100,660
LAC2-803130044,2800,1700
LIN2-EC04,2700,1700
LIN2-HI183,6400,3900
LAC2-803140050,34000,20400
LAC2-803190039,2000,1200
LAC2-465875000,2400,1500
LAC2-465006030,2500,1500
LAC2-465403000,1200,720
LAC2-537020300,2500,1500
LAC2-465578014,1600,960
LAC2-465050031,900,540
LAC2-465140040,2800,1700
LAC2-465432000,3200,2000
LAC2-465990010,3800,2300
LAC2-531401900,840,504
LIN2-LE49,2000,1200
BER2-D-B5-8-950-L,7300,4400
MON2-1300-5,4600,2800
CEC2-G237A,5700,3500
LKK2-B10-01-03,840,504
MON2-23220-3,5400,3300
ELO2-E0268,2000,1200
ELO2-K0435,1800,1100
MON2-1012-0,2500,1500
STA2-2E-Z2125,37200,22400
LKK2-93-ROLLER-SUPPORT-L,1400,840
JTA2-302010344,18900,11400
AMA2-10766601,1800,1100
WIN2-3113073,1800,1100
WIN2-3103082,19000,11400
FAG2-X036107,2200,1400
SAE2-145800759,5500,3300
WIN2-2910238,1800,1100
WIN2-80001902,2200,1400
FAG2-R663016,2800,1700
FAG2-U264398,3600,2200
FAG2-Z103066,5200,3200
SAM2-2141377,1100,660
FAG2-X343001,890,534
SAM2-4600420,1700,1100
SAM2-4039035,2500,1500
BIR2-16159,1300,780
FAG2-R260544,3300,2000
FAG2-R260543,2900,1800
WIN2-60003643,5500,3300
WIN2-5510015,18300,11000
WYO2-56527,7100,4300
COF2-64.01,3000,1800
WIN2-2801026,20000,12000
FRA2-278170,3600,2200
WIN2-62003015,3800,2300
WIN2-3102215,17500,10500
WIN2-3102275,6200,3800
STA2-2E-Z2974,10400,6300
FRA2-100947,2200,1400
WIN2-620020044,3400,2100
WIN2-3102203,3200,2000
WYO2-83240,2600,1600
WIN2-2903002,29300,17600
WIN2-3106080,84600,50800
WIN2-5516069,2000,1200
WIN2-3108062,2500,1500
SAE2-127470920,1000,600
TOL2-D83M,1900,1200
GOL2-87086,2600,1600
NUO2-16100037,6000,3600
NUO2-16300008,1900,1200
NUO2-16300062,4000,2400
NUO2-16300078,1000,600
CHR2-39-B,3200,2000
WIN2-3105149,55600,33400
SAM2-2509157,2600,1600
CON2-92001,5500,3300
WAR2-013470,850,510
STA2-2A-Y7658,1700,1100
WNK2-HANDLE,1000,600
STA2-2A-Y9637,4200,2600
COF2-S-S-FRONT,2400,1500
CRA2-2305,1600,960
FRA2-400534,1600,960
ELO2-227005,3000,1800
SAM2-4420010,2300,1400
FAG2-X763021,3900,2400
FAG2-Z680741,1200,720
WYO2-2091912,14500,8700
WYO2-705462,10800,6500
WIN2-62003406,7700,4700
WIN2-620013342,13500,8100
WIN2-3124222,61200,36800
WIN2-60003517,1100,660
WIN2-61005204,6300,3800
WIN2-3108116,5000,3000
WIN2-2710010,18800,11300
WOL2-713656,8200,5000
FAG2-Z952201,9600,5800
WIN2-5505036,2300,1400
SAM2-2001525,3000,1800
SAM2-2009077,1000,600
SAE2-NE05023,900,540
NUO2-04000167,1300,780
NUO2-04200044,1400,840
NUO2-14100037,4000,2400
ELO2-E0237,3900,2400
ELO2-N0306,1200,720
ELO2-V0600,2800,1700
ELO2-227007,3000,1800
SAM2-2019030,2500,1500
WOL2-770085,7600,4600
VUL2-404145-1,1200,720
FAG2-X343015,1200,720
STA2-2E-Z2139,2200,1400
SAM2-4039042,1400,840
SAM2-2149251,6300,3800
WIN2-702000854,4800,2900
WIN2-3124194,5800,3500
WIN2-70003000,7200,4400
WIN2-2813020,2900,1800
SEV2-00144,1000,600
FAG2-LV321300,1700,1100
FAG2-X012117,1800,1100
FAG2-X376502,8200,5000
GRC2-S045,2500,1500
WIN2-71002591,4000,2400
WIN2-2707075,830,498
VRM2-R60-85.1,82800,49700
BER2-SPO-R-C2204032F,1400,840
BER2-SPO-R-C2204032G,1400,840
BER2-SPO-R-C2204032I,1400,840
BER2-SPO-R-C2204032J,1400,840
BER2-SPO-R-C2204032K,1400,840
WIN2-60003043,2400,1500
UNI2-06000220,10500,6300
WIN2-2910313,3000,1800
ROB2-PS50-05,2400,1500
MBM2-RTCU600080,4600,2800
JTA2-302250037,2900,1800
JTA2-302120167,22300,13400
ROE2-59560,5900,3600
LKK2-IND300T-001-003,2300,1400
COG2-143005,1200,720
HAM2-990075900,7700,4700
SIR2-MF0102,19100,11500
JTA2-302050045,13700,8300
MID2-69582,44500,26700
HAM2-260050101,8400,5100
ROL2-E02006,820,492
ROL2-A18013,890,534
ROL2-SA06057,3300,2000
ROL2-SH01038,2400,1500
ROL2-F07046,9400,5700
CAS2-958204000,860,516
CEC2-L210A,12800,7700
CEC2-L266A,7200,4400
BES2-40112000,1200,720
BER2-BR-IR412,8000,4800
CEC2-D021A,2800,1700
ROL2-A06018,2500,1500
CEC2-E011A,10500,6300
CEC2-X004A,1100,660
CEC2-M003A,950,570
CEC2-L052A,1500,900
ZAN2-ELET0135,4800,2900
EDL2-S275,1100,660
BES2-40113000,1200,720
BES2-22062600,8200,5000
BES2-22050300,2600,1600
SAN2-37199,3300,2000
BER2-BK-13F-N-N-1,1600,960
BES2-25081400,13200,8000
BES2-25081600,13200,8000
BES2-25982800,28400,17100
BES2-25108000,12600,7600
SIR2-LF1530030I2,1800,1100
SIR2-19500501,1800,1100
ROE2-39349,6000,3600
LTE2-N8001-M,1200,720
LAC2-803190015,1400,840
PIT2-PP10559,7500,4500
ROB2-SS1205,1300,780
BES2-25111400,8200,5000
BES2-25760000,3700,2300
BES2-25610000,2900,1800
BES2-33059200,1200,720
BES2-22016500,3000,1800
CAS2-3951133673,1700,1100
CAS2-913438000,1200,720
LAC2-803130012,850,510
HOU2-011195,1900,1200
HOU2-016443,1400,840
HOU2-30220071,15200,9200
HOU2-30800010,29500,17700
EKA2-11972639202,1000,600
CEC2-C359A,10800,6500
MID2-65904,24700,14900
BER2-AP-4537B-S,1700,1100
PIT2-B8704701-CL,55000,33000
CAM2-60293,2600,1600
TBA2-KR8AF00200,10100,6100
TBA2-KR2AF00100,10100,6100
BES2-31927000,5700,3500
ROB2-VS0251,3600,2200
HOU2-30100125,3900,2400
HOU2-30100119,3900,2400
HOU2-32700220,91100,54700
CAS2-4814133684,1100,660
SIR2-FC99994016,5300,3200
ETF2-HC162605,1200,720
SIR2-19021461.12,1600,960
JTA2-301020006,1300,780
JTA2-301010024,60300,36200
ZAN2-ELET0825,2400,1500
SIR2-GRG100379,4100,2500
JTA2-302110567,3300,2000
SIR2-MF2102,2400,1500
CTX2-70756,1300,780
TBA2-KR99000101,1900,1200
SKP2-PM009H0061,3200,2000
CAS2-3341133478,1200,720
ETF2-HC116938,24700,14900
CTX2-70697,2400,1500
MID2-72128,115000,69000
TBA2-BS81900403,4200,2600
JTA2-302200581,9000,5400
ETF2-HC138940,2100,1300
JTA2-301030002,1500,900
JTA2-302050031,2100,1300
CTX2-35000-1531,4400,2700
ROL2-SH01137,3400,2100
ETF2-HC114982,2300,1400
ETF2-HC153138,2400,1500
ETF2-HC136860,2400,1500
LKK2-IND300T-4,1600,960
HAM2-990349200,2300,1400
MMT2-12133901,3500,2100
PIT2-60078502,31500,18900
MID2-69497,17200,10400
JTA2-301080081,1700,1100
CTX2-68150,12300,7400
JTA2-301030070,10400,6300
HOU2-30700072,6500,3900
PIT2-B6700601-C,47900,28800
SKP2-G8F5000200,8200,5000
LKK2-IND350W-1,1500,900
BER2-CD-095A,11300,6800
COG2-65787,9100,5500
LKK2-IND350BK-10,1400,840
LKK2-IND350W-12,2200,1400
LKK2-IND350T-1,850,510
JTA2-20140025019,3900,2400
JTA2-301040093,1300,780
JTA2-302130413,1500,900
MID2-69197,15200,9200
TBA2-G8F6000100,2000,1200
MMT2-59001659,1100,660
VRM2-R40-31,6600,4000
VRM2-R40-32,9400,5700
VRM2-R40-78.5M,25600,15400
JTA2-302130197,1100,660
JTA2-302220046,35200,21200
VRM2-R40-85.1,71600,43000
MID2-71813,6300,3800
HAM2-UP91605,3900,2400
COG2-80174,1800,1100
VRM2-AR005-378-TS003,21200,12800
HAM2-260054001,7200,4400
HAM2-CG91605,2200,1400
MID2-72554,15700,9500
MID2-72760,41000,24600
RJ2-SPFCS-0086,1800,1100
CTX2-27480-0001,19800,11900
CTX2-65806,3400,2100
CTX2-69557,2600,1600
SKP2-PM002S0050,990,594
CTX2-72374,31800,19100
VRM2-56AR31-107M,1300,780
CTX2-68153,13000,7800
TBA2-K1F0129105,2100,1300
CTX2-60123,5600,3400
HAM2-990185700,35300,21200
PMF2-5T010301,2200,1400
SIR2-GRG102405,5800,3500
HAM2-LH91605,3700,2300
COG2-927106,3400,2100
PIT2-60068301,5300,3200
ROL2-D04037,3500,2100
PIT2-BO10144,8700,5300
BER2-SPO-P-C1908077A,1200,720
BER2-NT-DF-2-3D-S,1300,780
COG2-75639,2500,1500
COG2-80679,1600,960
TBA2-K2D9000308,2300,1400
BKP2-AS-R3034X,11600,7000
LAC2-803130057,6900,4200
LAC2-803130056,7000,4200
LIN2-KN247,1100,660
LAC2-803140003,1400,840
LAC2-803140045,1100,660
LIN2-LE21,3500,2100
LIN2-SO16,3700,2300
LIN2-KN248,1100,660
LAC2-803140023,1300,780
LIN2-GA80,9500,5700
LAC2-3445134119,840,504
LAC2-915267014,11100,6700
LAC2-965216000,1200,720
LAC2-532001008,5200,3200
MON2-1025-1,20700,12500
CEC2-S014A,4200,2600
LKK2-B10-01-04,2600,1600
LKK2-TC,1700,1100
MON2-3415-0,1500,900
ELO2-E0471,1400,840
LKK2-BURNER,5300,3200
MON2-1295-5,1300,780
MON2-22325-5,10100,6100
TRI2-TS-10000-14,1900,1200
AMA2-D7670302,2700,1700
AMA2-10366902,1900,1200
FAG2-U264315,13000,7800
DCS2-14035,1100,660
SUT2-20-8,3900,2400
WYO2-85285,1100,660
WIN2-3124153,7700,4700
BAR2-BR-3006,4400,2700
WIN2-3124162,11600,7000
FAG2-T110506,2800,1700
NUO2-04900027,3700,2300
FAG2-R503005,5100,3100
WYO2-2092710,13800,8300
SAM2-4039095,3500,2100
WIN2-2802305,2500,1500
BIR2-602B,1300,780
WIN2-61006244,13000,7800
WIN2-3501017,11000,6600
COF2-EVAPORATOR-UNIT,3600,2200
FRA2-21550015,5500,3300
WIN2-3103089,20900,12600
WIN2-2906508,1300,780
WIN2-62001776,3500,2100
SAM2-2009313,1400,840
WIN2-60003165,1200,720
WIN2-3124166,9400,5700
WOL2-718224,860,516
SAM2-2140531,900,540
WIN2-61002391,1500,900
WIN2-3126042,17400,10500
WIN2-2904231,5900,3600
WIN2-3111100,8200,5000
SOU2-1166011,3700,2300
WIS2-436,3300,2000
DCS2-16190,1800,1100
DCS2-18110,3500,2100
SAM2-2502625,2600,1600
SAM2-2500635,2200,1400
SAM2-2600145,2200,1400
SAM2-2000003,2500,1500
SAM2-2509124,1100,660
INB2-10,1700,1100
WYO2-1301100,9400,5700
SAM2-2059003,4400,2700
SAM2-2050618,1000,600
COF2-CONDENSER360,6600,4000
FAG2-U445732,9300,5600
RHE2-495,815,489
WOL2-718361,860,516
WYO2-4377300,1700,1100
COF2-231,1100,660
SOU2-1182043,1500,900
WYO2-218130-75,7300,4400
WIN2-62001485,1200,720
WIN2-60003045,4800,2900
WIN2-3124001,7500,4500
WIN2-3124208,1300,780
WIN2-610020811,4300,2600
WIN2-3109155,3300,2000
WYO2-217475-30,3100,1900
WOL2-713933,3600,2200
WIN2-3102169,5300,3200
HAL2-H15C,3500,2100
HAL2-K500BL,1200,720
SAM2-2002215,3500,2100
NUO2-04900116,7300,4400
NUO2-01200006,2300,1400
ELO2-E0467,4500,2700
WOL2-719383,880,528
WOL2-770517-04,1200,720
WOL2-719255,3200,2000
WOL2-719385,1100,660
WIN2-65002080,1100,660
FAM2-F0131-45,1100,660
WIN2-3109064,1300,780
WIN2-3113040,3500,2100
WIN2-3501187,9500,5700
WIN2-3501188,9500,5700
WIN2-3124144,3800,2300
FAG2-Z710711,2500,1500
FAG2-Z710712,900,540
FAG2-Z650704,1800,1100
FAG2-Z200704,2100,1300
GRC2-S130,2200,1400
WIN2-3102431,4700,2900
WIN2-3103014,1500,900
MBM2-181529,1000,600
MBM2-RTCU900413,1800,1100
PMF2-5S010052,17100,10300
LKK2-B30-05-17,1400,840
MID2-55567,3600,2200
RAN2-10705016,1300,780
MBM2-171437,2400,1500
MBM2-RTCU900027,2500,1500
MBM2-RTCU900004,1300,780
SKP2-HR81410300,5900,3600
MBM2-RTCU900026,2500,1500
MID2-33363,890,534
MBM2-174322,1200,720
MBM2-RTBF800020,1200,720
MID2-33900-0089,6400,3900
HOU2-30800016,4800,2900
MID2-32570,70100,42100
MID2-60671,51700,31100
MID2-69724,110000,66000
PIT2-B6700605-C,19100,11500
JTA2-301040775,1600,960
JTA2-301030017,1500,900
SIR2-19401542.09,16600,10000
SIR2-IB1981430,950,570
EDL2-A054,2200,1400
HAM2-960039100,25600,15400
SIR2-28102212X,3200,2000
RON2-122773T02,36400,21900
LKK2-GB1243.1-83(HS20)T,1400,840
RAN2-35002507,2000,1200
EDL2-S229,2300,1400
EDL2-A590,1200,720
SIR2-SM592021,1700,1100
EDL2-H001,3100,1900
HAM2-280081903,6100,3700
SAN2-28872,1700,1100
SAN2-28601,960,576
CEC2-F134F,1600,960
ROB2-EC0042,4100,2500
SIR2-IB9865132,8900,5400
SIR2-MSC04N062,3000,1800
SIR2-MSC04N064F,1100,660
ROL2-H01034,2600,1600
HAT2-X021210300,1500,900
SIR2-19700332,3700,2300
ROE2-29506,4400,2700
ROE2-29512,1200,720
SIR2-IB2100910,910,546
RON2-50001,4200,2600
SIR2-LF2033505,7800,4700
ROE2-89569,960,576
SIR2-LF2001014,1500,900
JTA2-301030008,1500,900
ROB2-TC0009,6300,3800
ROB2-EC0044,2000,1200
SIR2-MSC09V062,4100,2500
COG2-141008,940,564
COG2-141009,940,564
TBC2-101274,990,594
SIR2-IW1471220425,23700,14300
HAM2-990033400,1300,780
SIR2-MSC04N214,1200,720
ZNS2-0C3644,4500,2700
ZNS2-0C0190,920,552
SIR2-19800007,6300,3800
SIR2-28100806X,1800,1100
SAN2-33207,1600,960
BER2-72MF260V,1600,960
ROE2-117610,860,516
SIR2-19700306,9700,5900
SIR2-LF2007007,9500,5700
PIT2-P5045044,11500,6900
ZAN2-TERM0023,4000,2400
ZAN2-ELET0327,1600,960
HAM2-990072200,5600,3400
ROE2-39906,2100,1300
BES2-31972700,24500,14700
COG2-80632,2300,1400
COG2-DWD3,5900,3600
COG2-80117,11900,7200
COG2-80677,3700,2300
COG2-80283,2800,1700
COG2-315024,1400,840
COG2-80376,2600,1600
COG2-75058,1500,900
COG2-75057,2200,1400
COG2-927013,1700,1100
COG2-230111,8300,5000
COG2-143240,4100,2500
COG2-209025,7000,4200
COG2-80345,4700,2900
COG2-124039,3600,2200
COG2-124053,3400,2100
HAT2-X030205100,6900,4200
HAT2-X030206600,7300,4400
HAT2-X020650400,8200,5000
HAT2-X021613400,4500,2700
HAT2-X020124300,2400,1500
TBA2-K2R4200302,1100,660
TBA2-KR59000100,1900,1200
SIR2-SM591531,20300,12200
PIT2-60149501-CL,138000,82800
HAM2-990158230,930,558
LIN2-PR10,14000,8400
LKK2-B25-31,1500,900
LKK2-GB28-B4,1600,960
LIN2-EL93,10700,6500
LIN2-KN59,860,516
LIN2-EL150,2500,1500
LIN2-EL101,9500,5700
LIN2-KN57,3300,2000
LIN2-SO23,4100,2500
LIN2-KN249,1100,660
FAG2-R612103,6800,4100
FAG2-R020502,850,510
WIN2-61005191,1200,720
WIN2-60003653,13800,8300
WIN2-2904250(GS41-4),7300,4400
LKK2-B5A-24,1900,1200
LKK2-BELT(B60),820,492
LKK2-GB1243.1-83(HS50)T,1400,840
REG2-126,1400,840
NUO2-16300082,4200,2600
FAG2-U329201,5200,3200
WIN2-3103018,22800,13700
LKK2-HEATER(RG30-11),1100,660
LKK2-B10-01-28,980,588
WIN2-3108112,2900,1800
WIN2-3104162,5300,3200
HAL2-H16,1400,840
WIN2-70200219,9500,5700
WIN2-702002924,4300,2600
RAN2-34020025,1100,660
RAN2-34200267,3400,2100
LKK2-B25-21,4700,2900
LKK2-PLATE-6(TC12I),1300,780
ROL2-D02144,3500,2100
LKK2-TOP-PLATE,1100,660
HAM2-240003400,8000,4800
ROB2-25TS-03A,4200,2600
LKK2-B10-DOUGH-ARM,3200,2000
LKK2-B15-22,3400,2100
LKK2-B5D-38,1400,840
BER2-HT-DW2.2KW,3300,2000
HAT2-R0205015,4100,2500
ROL2-D02097,1400,840
RAN2-69000274,3000,1800
RAN2-34011002,7700,4700
SIR2-MF0127,1200,720
SKP2-PM009H0110,29100,17500
ROB2-EC0043,930,558
ZNS2-0C6235,22400,13500
SIR2-281012035X,1800,1100
ROE2-89624,1400,840
HAT2-050904200,1600,960
PIT2-B3900701,51600,31000
LKK2-LSP520-29-5,2300,1400
SIR2-GM5636950D,5000,3000
BER2-HT-L-TYPE,3800,2300
LKK2-B25-55,1500,900
LIN2-EL24,10900,6600
LKK2-B15-50,1300,780
LKK2-PCP005-3,1100,660
LKK2-B25-51,1600,960
LKK2-B25-32,3200,2000
LIN2-TH46,11200,6800
GMI2-512139,1000,600
LKK2-JZX-18FF,1600,960
LKK2-B15-55,1500,900
COF2-EVAPORATOR-UNIT-NEW,3600,2200
FAG2-R662627,1400,840
DOR2-K50-Y002,10800,6500
MID2-27159-0019,6600,4000
LKK2-B5A-32,1900,1200
ROL2-A03010(FC110E),71400,42900
LKK2-B20B-42,1800,1100
LKK2-PLATE-6(TC22),1700,1100
BER2-HT-DF12-3KW,4000,2400
HAM2-260022000,1200,720
ROL2-D02143,3900,2400
LKK2-HEATER(EF-101),1300,780
SIR2-MF0143+MF2127,5700,3500
RAN2-10060459,7000,4200
ROE2-89627,1100,660
WIN2-2903230,1800,1100
LKK2-B20B-29,2100,1300
MID2-44701,14100,8500
ROE2-89555,6800,4100
LKK2-TC12-07,840,504
SAN2-28660,4200,2600
BER2-TM-EGO85,2600,1600
ROL2-D02142,1900,1200
BER2-HT-FW1KW,1700,1100
RAN2-36404111,1600,960
HAM2-240001300,9800,5900
BER2-BR-DR412,5000,3000
ROB2-HC0075,12200,7400
HAM2-922191100,3500,2100
HAM2-260059000,4300,2600
HAM2-260048200,6500,3900
CEC2-L113F,2000,1200
HAM2-965015801,5200,3200
CEC2-X014A,950,570
HAT2-0530001,1300,780
LKK2-B20B-57,2300,1400
SIR2-MSC06N062,3200,2000
HAM2-280121200,1100,660
HAM2-960024400,14400,8700
HAM2-260054900,1600,960
RAN2-10700972,24600,14800
RAN2-34200114,2400,1500
KIT2-9701129,900,540
LKK2-LSP520-72,1300,780
LKK2-TC42-5-5,1100,660
LKK2-PLATE-6(TC42),4300,2600
BER2-NT-8C-M,1700,1100
BER2-HT-ESM-BAND,2900,1800
ZNS2-0C3643,1700,1100
BER2-88UF330V,1600,960
HAT2-040538700,2300,1400
MID2-41872,11300,6800
ROE2-39900,2100,1300
HAM2-990151910,3500,2100
LIN2-CE01,980,588
LIN2-SW27,1200,720
LIN2-SW38,3900,2400
LKK2-TJ32-26,2100,1300
LKK2-B25-42,1500,900
LIN2-HI15,2400,1500
LIN2-TH32,10300,6200
LKK2-TJ22-18,1100,660
LKK2-KA2,1400,840
WIN2-3501066,2900,1800
JET2-A7296,2000,1200
LKK2-009-300L,2700,1700
WIN2-70200462,24000,14400
ROL2-D02154,2600,1600
TBA2-P996300203,2200,1400
ROE2-103288,1800,1100
MID2-35145,4600,2800
COG2-80697,1100,660
ROE2-507198,1900,1200
BER2-HT-DF41,3300,2000
HAM2-960031901,15900,9600
ROE2-514030,6900,4200
RAN2-34200192,1400,840
EDL2-A508,4300,2600
KIT2-3183588,950,570
ZAN2-TERM0005,4800,2900
LKK2-PLATE-3.5(TC22),1300,780
ROB2-TS0001,5000,3000
HAM2-280126100,2300,1400
HAM2-280112902,7600,4600
HAM2-280118800,4700,2900
SAN2-28705,1300,780
ZAN2-ELET0116,2300,1400
HAM2-280081602,3500,2100
LKK2-TC22-07,1400,840
RAN2-10705015,3200,2000
LKK2-B5D-17,1400,840
BER2-HT-CG1.1KW,2100,1300
BER2-HT-DW1.6KW,2500,1500
HAM2-990058500,7600,4600
LKK2-KA1,1600,960
SIR2-SM501303,2300,1400
SIR2-IB5820900,950,570
LKK2-TC42-5-7,1700,1100
SIR2-IB5944010,8100,4900
SKP2-PM008S0045,2400,1500
ROE2-89659,7800,4700
ROB2-HC0159,6800,4100
SIR2-19522620,850,510
ZNS2-0C9198,1100,660
ZNS2-0C0204,3000,1800
ROE2-117706S,2500,1500
BER2-3ARR3T10AD3,2700,1700
BER2-MTRP0012-31,1200,720
BER2-MRA3811-3253,1000,600
HAT2-040528600,2300,1400
HAT2-040514200,2100,1300
MID2-27170-0017,8000,4800
TBA2-T05A540010,1500,900
EKA2-09950327000,1800,1100
SIR2-281112045X,2600,1600
COG2-141002,1800,1100
PIT2-B6744401,9400,5700
ROL2-E02180,870,522
RAN2-10705414,2800,1700
RAN2-34070052,2200,1400
MID2-65756,103000,61800
LKK2-B25-56,1100,660
LIN2-TC03,5200,3200
LKK2-TJ32-27,2100,1300
FAG2-R663090,3000,1800
WIN2-61002310,3400,2100
WIN2-2710014,4300,2600
JET2-S4381,1800,1100
LKK2-B5D-15,1100,660
WIN2-4007027,22700,13700
WIN2-3124134,22700,13700
MID2-69508,10300,6200
CAM2-ADCD33-131,2900,1800
VRM2-AR31-88.004,2800,1700
TOP2-9860-BK,1300,780
SIR2-19801235,4600,2800
LAC2-3301134927,2100,1300
LKK2-FX-12-020,2100,1300
CEC2-C076A,840,504
CAM2-41064,1200,720
LAC2-2211117836,840,504
BES2-23155300,930,558
CEC2-L286A,2100,1300
CEC2-X070A,2300,1400
CEC2-L215A,10500,6300
CEC2-L236A,1600,960
LTE2-CF206,1400,840
LTE2-CF108,3900,2400
BES2-24684200,2500,1500
LTE2-N6101,3700,2300
ROL2-B06017,870,522
LAC2-2441134294,4200,2600
BES2-23595600,17600,10600
BES2-25064500,8600,5200
BER2-GS-850B6-M,1700,1100
BES2-31858600,3100,1900
BES2-32811800,1200,720
BES2-32714500,4000,2400
CAS2-958811000,4500,2700
CAS2-533893300R,4800,2900
CAS2-923523010,5800,3500
LAC2-3831091811,1100,660
HOU2-32700060,2500,1500
HOU2-32700130,8000,4800
COG2-80282,2200,1400
MID2-97525,19300,11600
MID2-66994,26400,15900
MID2-60054,36600,22000
BES2-31777600,1200,720
BER2-CD-125A,15300,9200
JTA2-301040389,2100,1300
JTA2-301040387,2800,1700
JTA2-301030004,960,576
JTA2-301040113,1500,900
APW2-BO10121,4200,2600
APW2-BO10144,18800,11300
COG2-80162,9300,5600
PIT2-60127601,8300,5000
VRM2-AR31-194.18M,2200,1400
SIR2-SFCL017,1800,1100
MID2-68887,22300,13400
TBA2-S49F110100,2400,1500
PIT2-P5047587,41500,24900
SKP2-PM009H0060,3800,2300
LKK2-IND500T-7,4300,2600
VRM2-AR31-194.62M,2600,1600
BER2-CC-CKE-RCS4-N,10800,6500
VRM2-AR31-88.011,4000,2400
ROL2-A06066,5500,3300
TBA2-K3F9700200,6900,4200
MBM2-RTCU700277,3200,2000
ROE2-39938,65700,39500
PIT2-60127702,11000,6600
VRM2-AR31-194.54M,1400,840
CTX2-97393,12300,7400
VRM2-AR31-194.19M,4300,2600
VRM2-AR31-194.63M,1100,660
LIN2-KS03,970,582
LIN2-FH04,2100,1300
LAC2-803190003,840,504
LAC2-4772117321,2000,1200
LKK2-SEAL-DOOR,1100,660
TRI2-TS-1176,1100,660
WES2-33600-12D,1600,960
STA2-2J-Z1664,16700,10100
WIN2-60004274,1100,660
WIN2-5528193,3500,2100
BAR2-BR-15006,1200,720
WIN2-60003697,3300,2000
CRA2-1122,8900,5400
WIN2-3124164,9400,5700
SUT2-2,3600,2200
WIN2-2906524,2300,1400
WIN2-3501156,1200,720
WIN2-5515024,14700,8900
WIN2-61004904,8800,5300
WIN2-62001807,8300,5000
WIN2-3104168,3700,2300
WIN2-3124131,6000,3600
WIN2-3103030,20800,12500
FAG2-X708102,4800,2900
WYO2-69103,4900,3000
WAR2-004949,1300,780
WYO2-1404411,5200,3200
FAG2-U262110,4300,2600
WIN2-3102273,15900,9600
WIN2-4003050,4500,2700
WIN2-61005206,3000,1800
FAG2-R743091,21000,12600
ELO2-E0314,820,492
WIN2-3104164,11000,6600
FAG2-9325900,8200,5000
WIN2-80002153,2700,1700
BKP2-SM4-L5027P,17500,10500
CAS2-958889000,28900,17400
PIT2-PP11296,20700,12500
VRM2-AR31-530.13M,41900,25200
ROL2-SH01034,2600,1600
SAN2-28887,1200,720
SIR2-18275404218,5400,3300
HAM2-260036600,3800,2300
CEC2-B075A,2900,1800
CEC2-L115F,1700,1100
ROB2-PS100-08,3800,2300
BES2-27114900,3700,2300
LAC2-3781133765,3000,1800
RAN2-10110471,1300,780
BES2-25118400,11800,7100
CAS2-958743000,820,492
CAS2-421289010,5200,3200
EKA2-11972559202,2200,1400
EKA2-01950037000,2500,1500
BES2-31802800,1200,720
JTA2-302130201,1400,840
JTA2-301040035,1200,720
JTA2-301030107,7600,4600
HAT2-041713000,2300,1400
JTA2-302110022,1400,840
TBA2-P996300303,3400,2100
PIT2-PP10735,9500,5700
BER2-UNDERSHELF-6,5200,3200
GLO2-X80J19-1,14800,8900
PIT2-A7016401,11700,7100
ZNS2-0C0127,4500,2700
LKK2-IND350T-8,3800,2300
JTA2-302250025,1800,1100
MID2-73170,14300,8600
BKP2-2R-8706400,2000,1200
MID2-69489,10300,6200
JTA2-301150003,5700,3500
MID2-73964,23600,14200
LAC2-3301132921,1200,720
PIT2-60172201,1800,1100
PIT2-PP11353,1800,1100
COG2-325126,1800,1100
COG2-66945,3400,2100
COG2-65015,3500,2100
MID2-27470-0004,2300,1400
MID2-22450-0028,4600,2800
MID2-50222,5400,3300
MID2-58668,46400,27900
ROL2-D02001,2300,1400
BES2-32924100,1200,720
ROE2-28107,2600,1600
LTE2-MIX1.05,2000,1200
JTA2-301040026,1100,660
HAT2-0219032,2700,1700
HAM2-280112903,3500,2100
SIR2-IV7000010,950,570
SIR2-LF1033020,12000,7200
EDL2-S274,1700,1100
SIR2-19700301,3300,2000
HAM2-960016500,36300,21800
HAM2-980007600,9300,5600
BER2-TM-EGO93,3700,2300
SAN2-37313,2500,1500
SAN2-09203,1400,840
ROL2-SH03006,3000,1800
ZAN2-RESI0035,6900,4200
RAN2-10700971,23000,13800
LKK2-FDMZ125-18,1100,660
MMT2-14179122,8900,5400
BER2-PN-UR2D-B,2200,1400
HAM2-990037100,870,522
ZNS2-0L1871,3100,1900
LKK2-K-360-2,2600,1600
ZNS2-0C1007,1700,1100
KIT2-4176340,1500,900
TBA2-IS-27213QTBE,950,570
ROE2-117682S,1900,1200
ZNS2-0C0201,2500,1500
ZNS2-0C7333,4000,2400
ZNS2-002544,1400,840
ROL2-D02043,3700,2300
BER2-3ARRST6AA3,2600,1600
EKA2-09950317000,2700,1700
COG2-926014,1600,960
COG2-209021,13800,8300
COG2-437049,2100,1300
COG2-80844,820,492
SIR2-AMG006,3600,2200
ROL2-D02159,1600,960
LKK2-B20B-34,1300,780
LKK2-B20B-31,1300,780
LIN2-EL119,10900,6600
LIN2-TH09,11700,7100
LIN2-KN145,1100,660
LIN2-PR65KIT,20800,12500
LAC2-531505800,1400,840
LAC2-2811136553,3500,2100
LAC2-427868000,9900,6000
LAC2-465007010,2500,1500
LKK2-BELT(B10),940,564
LKK2-GB1243.1-83(HS30)T,1400,840
WIN2-3201036,14100,8500
NUO2-16100068,1200,720
LKK2-FDMZ125-17,1100,660
LKK2-TJ32-25,2100,1300
WIN2-61006064,9500,5700
LKK2-BASKET,1600,960
WIN2-3103027,13800,8300
WIN2-3113028,4000,2400
SAM2-2149017,1500,900
COF2-50,1300,780
NUO2-16300077,5000,3000
FAG2-S113034,2100,1300
FAG2-R073007,1800,1100
FAG2-R673059,9600,5800
FAG2-Z201901,1600,960
SAM2-2140540,2000,1200
NUO2-09200014,2400,1500
RHE2-08075,1200,720
BET2-051466,2000,1200
WIN2-2802303,2300,1400
WIN2-5531007,3200,2000
WIN2-3124008,7500,4500
WIN2-3102208,21700,13100
STA2-2N-Z2264,20300,12200
WIN2-3105100,14500,8700
WIN2-3111110,8200,5000
WAR2-012008,1800,1100
SUT2-52,1200,720
SAM2-2059006,3500,2100
WAR2-500979,8500,5100
COF2-A,2600,1600
RHE2-08074,1300,780
FAG2-Z680745,3200,2000
WIN2-3201017,19000,11400
SAV2-68117,1400,840
WIN2-5504030,6300,3800
SAV2-22732,1400,840
FRA2-299403,2400,1500
GLO2-X60068-6,138000,82800
LKK2-93-ROLLER-SUPPORT,1400,840
BER2-SPO-R-C2204032C,1400,840
WIN2-3102230,7300,4400
TOP2-ZZ85,3500,2100
HAM2-20609360000,810,486
MID2-72797,110000,66000
SIR2-19500101,860,516
CTX2-322904,5600,3400
ROL2-E02160,1000,600
PIT2-60113501-CL,23000,13800
ROB2-VS0238,1200,720
BES2-33606100,1200,720
LTE2-CF106,3900,2400
LKK2-BAR,1100,660
CEC2-L099F,13000,7800
LAC2-535100200,1400,840
ROL2-E02323,1200,720
TS2-00372-40,2600,1600
CEC2-M027A,950,570
ZAN2-ELET0136,8300,5000
CEC2-L308A,6000,3600
LTE2-N6115,1100,660
LTE2-CF208,1400,840
RAN2-10111031,3500,2100
ROB2-MS0017,6100,3700
RAN2-34200098,1500,900
RAN2-34200015,5500,3300
KIT2-3184176,920,552
KIT2-3183680,890,534
BES2-25932400,1100,660
BER2-GS-950B5-M,1700,1100
LAC2-532021608,1200,720
LAC2-3442133670,3500,2100
PIT2-60132601,1800,1100
BES2-25760200,1400,840
BES2-25775000,5100,3100
BES2-25884400,17700,10700
BES2-25915000,2600,1600
BES2-25780200,6700,4100
BES2-24653900,1200,720
CAS2-911377008,1100,660
CAS2-985716000,820,492
MID2-34121-0003,3300,2000
MID2-35323,7500,4500
HOU2-32700087,1700,1100
HOU2-20410003,960,576
HOU2-20700062,14500,8700
EKA2-09989738000,1600,960
BES2-35954900,830,498
COG2-141007,1300,780
BER2-GS-M1071-UR-551X679,1700,1100
BER2-GS-M1071-UR-552X681,1700,1100
MID2-66995,26400,15900
BES2-31278400,11100,6700
BES2-31924700,1200,720
CAS2-965185000,2200,1400
MMT2-58101028,1500,900
BES2-31290200,4600,2800
EDL2-A592DC,9300,5600
MID2-69635,14100,8500
CEC2-M229A,980,588
MID2-66382,9600,5800
HAM2-990127200,1400,840
ROL2-76237,1600,960
VRM2-AR30-212,1100,660
MID2-65754,13200,8000
JTA2-301080061,870,522
LAC2-533894500R,6300,3800
ZNS2-0C0203,3000,1800
TOP2-XDF5188-T2,10500,6300
TBA2-G8F6500100,890,534
SKP2-AM105H0010,1900,1200
MID2-66317,14400,8700
EDL2-B028,2800,1700
SIR2-49411000,2900,1800
UNO2-KMT1012A,12900,7800
UNO2-KVN1170A,6100,3700
PIT2-P5045717,1800,1100
GLO2-X30045,7700,4700
PIT2-60144001-CL,12800,7700
CTX2-70984,2900,1800
LKK2-IND500W-9,11500,6900
LKK2-IND500W-12,3400,2100
CTX2-3101175,1800,1100
ROE2-507250S,1700,1100
SIR2-IW1071240512,40100,24100
MID2-70818,16400,9900
TBA2-G8F6500200,890,534
MID2-72601,125000,75000
VRM2-56CR10-111M,5100,3100
CTX2-35210-0491,2600,1600
MMT2-59174525,11700,7100
ZAN2-RESI0052,6000,3600
PIT2-PP10736,2300,1400
MBM2-PACU700421,2700,1700
ROB2-VS0280,6500,3900
CTX2-69988,2300,1400
BES2-22015200,24200,14600
CTX2-F716A8805,2000,1200
SKP2-PM009T0210,7400,4500
ROB2-MC1038,1800,1100
PIT2-PP10765,2200,1400
PIT2-PP10739,40100,24100
ZAN2-RESI0069,6000,3600
PIT2-60130805,100000,60000
SIR2-IV1080626,1600,960
PIT2-60127301-CL,15500,9300
PIT2-60144002-C,14600,8800
ROL2-D02148,1500,900
ROB2-ES0214,1100,660
TBA2-K3F900109,1900,1200
TBA2-K3D9000202,1900,1200
LKK2-257,4000,2400
LIN2-SH136,2500,1500
LAC2-915122000,1300,780
LAC2-4251133589,1400,840
LAC2-4151134655,1300,780
LAC2-531390700,1300,780
LAC2-465564000,2900,1800
LAC2-531401500,2300,1400
LAC2-465534000,1100,660
LIN2-CG11,24600,14800
COF2-177,2100,1300
EGO2-5513042080,1500,900
CEC2-M241A,1200,720
STA2-2N-Z2248,14400,8700
STA2-2N-Z2249,14400,8700
CEC2-C100A,840,504
RHE2-08100,1400,840
WYO2-1479807,10700,6500
WIN2-3102216,3800,2300
WIN2-3111205,10800,6500
BAR2-BR-19006,2100,1300
WIN2-3104068,10000,6000
BLO2-6502,1200,720
WIN2-3113099,3500,2100
WIN2-3124193,17300,10400
SAM2-2149002,1000,600
WIN2-62002829,4900,3000
WIN2-70003114,4300,2600
WIN2-5528278,44600,26800
WIN2-62002804,3600,2200
WIN2-3102231,19700,11900
WIN2-3501006,1100,660
CON2-92038,5100,3100
DCS2-14005-1,1800,1100
WIN2-5527040,20900,12600
WIS2-437,3000,1800
SUT2-4A,2600,1600
SUT2-4C,1100,660
FAG2-Z203601,3400,2100
CON2-92125,1700,1100
FRA2-177145,3750,2300
FAG2-U445731,9000,5400
RHE2-5506,900,540
COF2-6+4L,4100,2500
COF2-179,1500,900
WYO2-55962,3800,2300
CRA2-2266,1000,600
WYO2-46879,1400,840
VUL2-BL008-14,820,492
RHE2-08076,1700,1100
FRA2-177222,1500,900
WIN2-3501005,3400,2100
FAG2-X163000,12300,7400
FAG2-X313003,890,534
RHE2-07321,1600,960
WIN2-62001391,1700,1100
WIN2-60003214,2800,1700
WIN2-3501067,1800,1100
WIN2-3501064,1600,960
WIN2-5519018,5100,3100
SAV2-22295,8500,5100
HAL2-H16B,1200,720
FAG2-X143000,2800,1700
WOL2-700871-A,6300,3800
WIN2-60003216,3000,1800
WIN2-800002574,5300,3200
WIN2-5531001,4200,2600
BER2-NT-UR6D-F-M,1700,1100
BER2-SPO-R-C2204032D,1300,780
WIN2-3102433,5000,3000
WIN2-60004641,1100,660
WIN2-2907301,2000,1200
ROL2-A03012,9200,5600
BES2-31859000,2400,1500
HOU2-30820031R,17600,10600
SKP2-BR84100200,5100,3100
LKK2-IND350BK-6,940,564
JTA2-20134008008,4800,2900
MID2-23052-0007,1300,780
MID2-22174-0006,2400,1500
MID2-22290-0009,8400,5100
MID2-49400-0050,8700,5300
MID2-35000-1008,3500,2100
HOU2-30820013,12200,7400
MID2-58391,19400,11700
EDL2-L066,2300,1400
JTA2-301040027,1100,660
HAM2-931099000,23800,14300
LKK2-TC12-04,2600,1600
SAN2-01409,3700,2300
CEC2-G015A,7500,4500
SAN2-01102,1700,1100
ROE2-203118,1100,660
RAN2-10700975,13400,8100
SAN2-28654,4200,2600
BER2-GE-N820-GDF,15900,9600
ZAN2-RESI0074,10500,6300
SIR2-IB4050900,2000,1200
LKK2-TC42-5-8,1400,840
SAN2-06606,2700,1700
ROE2-29031,980,588
BER2-GE-MPBGDF,3100,1900
SIR2-18300404254,7000,4200
EDL2-K011,1600,960
CTX2-68906,4500,2700
RAN2-10700973,37300,22400
LKK2-TJ22-08,1500,900
RAN2-10700974,17400,10500
LKK2-B25-18,5300,3200
ROE2-29387,3200,2000
LKK2-FDMZ150-20,1300,780
HAT2-0219081,2500,1500
LKK2-TYE.K360-3,2400,1500
ROB2-HC0059,11700,7100
SIR2-SM540501,1200,720
EDL2-P026,820,492
SIR2-SM19010002,2300,1400
ROE2-29195,10500,6300
HAT2-050904100,4100,2500
ROL2-B01002,1800,1100
BER2-TM-Y135,1300,780
ROL2-07096BRI,2600,1600
ZNS2-0C2810,1100,660
JTA2-301040778,4800,2900
ZNS2-0C7102,1500,900
BER2-MTRP4931,1200,720
PIT2-P5047588,37500,22500
PIT2-P6071353,1800,1100
BER2-MST16AGZ-3253,900,540
SAN2-37240,14400,8700
HAM2-990071500,2100,1300
COG2-80370,5800,3500
HAT2-X020124600,14600,8800
COG2-80188,3000,1800
COG2-75155,990,594
COG2-206004,2400,1500
COG2-412030,1300,780
SIR2-SM15018007,1300,780
SIR2-19511202,2100,1300
ZAN2-PANN0354,1800,1100
SIR2-19525071,1100,660
LIN2-LA12,14800,8900
LKK2-B5A-05,3400,2100
CEC2-C396A,1400,840
FRA2-300927,1000,600
COF2-CONDENSER240,4800,2900
LKK2-CHAIN(RG18-7),1100,660
WIN2-62003065,3500,2100
WIN2-5513009,36200,21800
WIN2-61005203,3800,2300
WIN2-3501018,11200,6800
WIN2-61002486,6300,3800
WIN2-3102213,3000,1800
FRA2-400388,2700,1700
LKK2-FDMZ150-19,1300,780
WIN2-3102204,31800,19100
WIN2-3201030,2600,1600
LKK2-HEATER(KBM-150-204),1100,660
WIN2-61006241,1700,1100
LKK2-HEATER(WF-081),1100,660
WIN2-3102211,7900,4800
SIR2-28103208X,3400,2100
ZAN2-LAMP0040,1200,720
MID2-31504,61700,37100
MID2-66226,48600,29200
HAT2-0205315,3200,2000
LKK2-TC12-05-00,3200,2000
HAM2-950012200,23800,14300
LKK2-SKPA01,1100,660
LKK2-B5D-08,840,504
HAT2-021600200,6300,3800
ROE2-29559,5400,3300
LKK2-B15-27,2000,1200
SAN2-01412,1800,1100
CEC2-L296A,12500,7500
ROE2-503092,3200,2000
BER2-ESM002,1200,720
HAT2-020104300,10200,6200
ROB2-EC0046,810,486
LKK2-PLATE-3.5(TC12I),1300,780
ROB2-ES0009,3800,2300
SIR2-LF1010025,18900,11400
ROE2-39225,2000,1200
SKP2-PM002H0071,5000,3000
ROE2-515482S,4600,2800
BER2-MRT24AJN3253,1000,600
ROE2-39352,4800,2900
ROB2-PS0011,1200,720
TBA2-K3F5300101,2100,1300
TBA2-KF24900105,10000,6000
LIN2-SW53,1800,1100
LKK2-B25-50,1500,900
LKK2-261,5900,3600
LIN2-SL12,7000,4200
FRA2-400374,2700,1700
LKK2-B20B-50,2000,1200
COF2-CURRENT-RELAY,2200,1400
LKK2-HEATING(EG548),1700,1100
WIN2-2019204,2000,1200
WIN2-4003024,2500,1500
WIN2-3104157,2600,1600
LKK2-CHAIN(RG24-7),1100,660
LKK2-010-300L,1100,660
WIN2-3104061,13800,8300
RAN2-14000220,11400,6900
HAM2-928002210,1000,600
ROE2-102963,890,534
SIR2-MF0110,4300,2600
LKK2-PLATE-8(TC12I),1300,780
RAN2-10111032,2100,1300
JTA2-302050051,870,522
HAM2-930095000,1500,900
SIR2-MSC04N108,1400,840
LKK2-LSP520-62,2100,1300
LKK2-TYE.K360-1,2400,1500
LKK2-BASKET(WF-061),1200,720
SIR2-SM133418,1200,720
SIR2-66203000,13600,8200
LIN2-HI16,980,588
LKK2-TC22-05-00,4200,2600
LIN2-EL100,2100,1300
LKK2-IND300-9,1500,900
FAG2-R343100,3400,2100
LKK2-B20B-55,2000,1200
LKK2-PLATE-3(TJ32B),2100,1300
TBA2-BR85400100,2300,1400
COG2-C.80398C,9400,5700
PIT2-B6700604-C,20700,12500
MID2-66989,26800,16100
TS2-00888-45,3300,2000
CEC2-L265E,7800,4700
ROB2-HC0076,13000,7800
CAS2-535617000,1700,1100
BES2-31952500,1200,720
PIT2-PP10470,69800,41900
GLO2-X30070-1A,13000,7800
MID2-60941,3600,2200
SIR2-LF1532045I2,2000,1200
LKK2-IND500T-9,11900,7200
VRM2-AR40PH-90,4200,2600
PIT2-B6660001-C,46700,28100
SKP2-PM009H0081,1100,660
HAM2-960006104,1600,960
HAM2-980038000,3500,2100
BES2-40111000,1200,720
BER2-DR-12,920,552
ROE2-29549,6300,3800
HAM2-940006601,5400,3300
CEC2-X006A,1100,660
CEC2-F134A,1600,960
CEC2-X033A,2000,1200
HAM2-950016712,10900,6600
HAM2-210047100,880,528
LKK2-B5A-09,1100,660
BER2-CI-YS,2600,1600
ROE2-29630,7400,4500
BER2-HT-DF13-2.4KW,3200,2000
ROE2-89547,1900,1200
ROB2-HS0001,12400,7500
ROE2-503940,5300,3200
BER2-64UFD-330V,1600,960
ROB2-HS0010,3100,1900
BER2-NT-6C-8C-S,1600,960
KIT2-W10307642,8100,4900
RTN2-4001.0224,1600,960
BER2-GS-M1071-D3,1700,1100
COG2-229029,2500,1500
EKA2-01960597915,1000,600
EKA2-09963048801,2100,1300
HAM2-990114100,2600,1600
LKK2-MOTOR(RG),2300,1400
LKK2-HEATER(HYG-2D),2600,1600
LKK2-YCJ7124,7300,4400
LAC2-803140037,5100,3100
LIN2-SW28,1200,720
LAC2-465822008,19800,11900
LAC2-531101210,1100,660
GMI2-11120,2500,1500
TRI2-TS-21070,5000,3000
LKK2-HEATER-H,1100,660
GMI2-512079,2300,1400
WIN2-3125022,15600,9400
WIN2-2910312,1400,840
LKK2-TJ12-11,3800,2300
WIN2-61004060,1400,840
WIN2-3102209,2900,1800
WIN2-61002024,1900,1200
WIN2-3113114,4500,2700
LKK2-B175W,2100,1300
LKK2-HEAT-INFRARED,1300,780
ROW2-T141,2800,1700
WIN2-3125035,15600,9400
WIN2-5519036,1200,720
WIN2-3104052,35500,21300
WIN2-3124111(1500),10000,6000
NUO2-16100043,2100,1300
NUO2-16300154,5000,3000
FAG2-U322120,890,534
CRA2-1010,2800,1700
FAG2-X383020,5100,3100
FAG2-R275027,1100,660
WYO2-2066106,4400,2700
WIN2-3124216,8300,5000
WIN2-3501003,3200,2000
FAG2-R243016,4000,2400
JET2-A2475,1200,720
SAV2-12899,8600,5200
BER2-SPO-R-C2204032L,1400,840
GLO2-X60130,32700,19700
CEC2-H134L,1400,840
GLO2-X00567,7400,4500
GLO2-X60025,920,552
GLO2-X60024,2400,1500
KIT2-4176728,1700,1100
MID2-72835,7200,4400
JTA2-301040467,870,522
ROL2-A01025,870,522
HAT2-X0205595,11600,7000
HAT2-R0208232,2600,1600
HAM2-31009113101,2300,1400
HAM2-260039200,4700,2900
LKK2-B5D-04,1400,840
HAM2-912891100,1500,900
EKA2-01951317000,1500,900
LIN2-SL18,1100,660
WIN2-3103067,3700,2300
WIN2-3501063,2400,1500
COF2-9,4800,2900
XIN2-TW-32S-10,970,582
TRI2-TS-1609,1100,660
CRA2-1161,1100,660
FAG2-R343123,820,492
DCS2-13001-1,2600,1600
WIN2-3501019,2800,1700
WIN2-3201032,15800,9500
SAE2-181561352,8700,5300
FAG2-X012126,900,540
WYO2-8705600,2300,1400
WIN2-3501130,1800,1100
WIN2-3501210,980,588
STA2-2E-Z1858,850,510
BKP2-R3022X,2500,1500
ROL2-A03025,9200,5600
ROB2-LT10-15,1400,840
ROL2-SA06030,3900,2400
ROE2-509124,6100,3700
BES2-23111300,18000,10800
ROB2-HC0101,3300,2000
BES2-30684100,950,570
ROB2-HC0045,8000,4800
BES2-25061800,820,492
COG2-80311,4800,2900
HOU2-30420244,1500,900
BES2-31859300,1200,720
BES2-31777700,1200,720
TBA2-KF25300100,3600,2200
BER2-GLC-SC34568R,7300,4400
CEC2-F210A,1500,900
BES2-35954500,1200,720
JTA2-301040048,1200,720
ZNS2-0C7244,860,516
GLO2-X40154-1ABB,22000,13200
BES2-31954700,3600,2200
SKP2-PM008S0091,3000,1800
MID2-69488,17100,10300
GLO2-X02628,21100,12700
GLO2-X02073,2100,1300
VRM2-AR005-336-TD010,1100,660
KIT2-8212014,1400,840
SKP2-PM009H0130,2600,1600
RHE2-07646,5500,3300
RHE2-109,1200,720
MON2-1013-8,3100,1900
FAG2-X356502,6100,3700
WIN2-3501150,3400,2100
COF2-490,2800,1700
COF2-44,3400,2100
SAV2-51134,9000,5400
FAG2-Z201902,1600,960
BET2-022031,1200,720
FRA2-300915,1050,630
COF2-180,2100,1300
SAE2-142842336,1500,900
WIN2-5528253,53100,31900
WIN2-3104139,9500,5700
WIN2-3113112,7500,4500
WIN2-61005883,3800,2300
WIN2-60003616,3100,1900
WIN2-3125010,12400,7500
WIN2-61004061,1700,1100
WIN2-3108022,1300,780
WIN2-3124150,8300,5000
DOR2-48,8700,5300
SAE2-334000652,1100,660
CON2-92012,1200,720
WAR2-500978,5100,3100
RHE2-11053,1850,1200
RHE2-11066,1850,1200
RHE2-11001,1200,720
FAG2-Z203050,4100,2500
FAG2-X373005,3400,2100
RHE2-06070,1200,720
WIN2-3106046,8800,5300
WIN2-61002069,11700,7100
SIM2-142,4500,2700
SAM2-2119020,2400,1500
GLO2-X02635,157000,94200
HAM2-81009093101,3400,2100
LKK2-TIME(HS80),1700,1100
CEC2-L005A,6900,4200
EDL2-A526SP,16300,9800
BER2-CFW10W,2100,1300
ROB2-25TS-03,4200,2600
HAM2-980033201,10600,6400
HAM2-210040700,1400,840
HAM2-30879800100,1200,720
LKK2-B5A-18,1100,660
RAN2-10060466,2700,1700
BER2-TM-EGO205,3700,2300
BER2-GL-IRGRL,4200,2600
RAN2-33323030,3200,2000
LKK2-TC42-14,1700,1100
LKK2-PCP004-3,1800,1100
ZAN2-TERM0020,4000,2400
HAM2-990086300,7600,4600
TBA2-T8F5300800,1200,720
LKK2-B25-57,1900,1200
LIN2-TU54,2900,1800
LIN2-EL183,2500,1500
WIN2-3201035,14100,8500
WIN2-4003017,18300,11000
LKK2-B15-03,3800,2300
WIN2-3113090,22500,13500
HAT2-02.12.039.00,8100,4900
LKK2-204,9100,5500
RAN2-33122013,2400,1500
LKK2-34-B,1200,720
RAN2-33324030,3800,2300
TBC2-100214,2800,1700
ROB2-MS0012,5400,3300
RAN2-10060476,3200,2000
CAS2-958577070F,4100,2500
ROE2-102572,1500,900
LKK2-HANDLE,1100,660
ROE2-117124,10700,6500
HAM2-911993900,1800,1100
HAM2-260039700,1200,720
RAN2-10720014,4500,2700
LKK2-PL-2-22A-9,1100,660
ROE2-39022S,10400,6300
BER2-NT-FW4C,1500,900
SAN2-00001B,4300,2600
MID2-33812-3,20800,12500
COG2-143004,1500,900
ROB2-ES0256,1100,660
LKK2-B10-04-00,11900,7200
LIN2-KN97,830,498
LIN2-KN143,1100,660
LIN2-TI34,13800,8300
WIN2-70003678,52500,31500
DCS2-19006,3200,2000
WIN2-61002023,850,510
LKK2-1205ETN9,1100,660
SAE2-9121047,1700,1100
EGO2-5510022010,1300,780
ROE2-29581,13400,8100
HAT2-020567900,4400,2700
HAT2-020568200,4400,2700
LKK2-BASKET(WGF-181),1800,1100
MID2-65141,7400,4500
ROB2-HP505-16,7400,4500
ZAN2-GASI0007,12800,7700
BER2-KMB005,1700,1100
SAN2-00001,4500,2700
SAN2-01300,65900,39600
HAM2-6126-91515,8200,5000
SIR2-281012045X,2600,1600
SAN2-28105,13000,7800
SAN2-40500,44500,26700
SIR2-MF0108,3300,2000
BER2-NT-BBQ1,1200,720
BER2-TM-EGO234,4300,2600
COG2-127085,2100,1300
RON2-124000,1400,840
RAN2-34020111,900,540
SIR2-MF20-21000000,3900,2400
LKK2-TQ5-22,2600,1600
ZNS2-0L1676,5100,3100
BER2-VA-SS1,2400,1500
SIR2-18385574315GF,26400,15900
COG2-127082,1500,900
ROE2-89687,4400,2700
HAT2-040564000,2900,1800
RON2-35600,33400,20100
LKK2-LSP520-81,1500,900
LKK2-LSP520-83,1500,900
BER2-HT-DF12-3KW-1,3000,1800
ROL2-D05080,4700,2900
LKK2-BK50VAI,1600,960
ROB2-EC0461,2400,1500
TBA2-T07A540010,5300,3200
TBA2-T07A50001,7000,4200
HAT2-X050905600,2800,1700
HAM2-990048000,1600,960
LKK2-TSP520-30-2,1300,780
LIN2-TI28,9100,5500
LIN2-KN73,860,516
LKK2-TJ32-38,22700,13700
LIN2-SE76,12000,7200
FAG2-R660520,1100,660
WNK2-S-S-PIPE,1500,900
WIN2-60003746,6900,4200
WIN2-3105119,50600,30400
FAG2-U262107,7000,4200
WIN2-3105131,96900,58200
WIN2-61005184,7900,4800
LKK2-HYG-2D-006,1100,660
LKK2-TC12-02-00,13300,8000
WIN2-62001292,9100,5500
WIN2-3104117-(GS23S),25000,15000
LKK2-EPZ6-11,1300,780
CEC2-G359A,8100,4900
RAN2-10705369,1400,840
TS2-061X,1900,1200
CEC2-F022F,960,576
CEC2-C005Q,2300,1400
BES2-25850000,1300,780
BES2-31979000,1200,720
EKA2-09952477000,1900,1200
BER2-GS-M1071-C4,1700,1100
HAM2-990167210,1600,960
UNO2-KCN1003A,1500,900
COG2-927309,2400,1500
JTA2-302130366,1600,960
JTA2-301040182,4200,2600
ROB2-HC0039,3900,2400
HAT2-0205053E,4800,2900
BES2-31952300,1200,720
RAN2-38123029,1000,600
HAM2-260054800,1500,900
SIR2-MF0118,1200,720
SIR2-SM500503U,7000,4200
RAN2-34070165,26700,16100
PIT2-P6071356,1800,1100
ROE2-29548,5800,3500
HAM2-6126-1G912,13800,8300
HAM2-906093901,1100,660
SIR2-IB2680900,1200,720
RAN2-10060512,1500,900
ROL2-304005,810,486
BER2-BA-C-SALA-1,1100,660
ROB2-TS0015,7900,4800
BER2-GS-562X1397DC,1700,1100
SIR2-IW1471240055,950,570
PIT2-P6073148,12400,7500
BER2-MTRPH0056-31,1200,720
PIT2-60068304,5400,3300
LKK2-B5A-02,2100,1300
LAC2-465818000,9400,5700
LAC2-911544010,6600,4000
BER2-BK-GDF23,1900,1200
LKK2-HEATER-L,1100,660
COF2-235,4800,2900
WIN2-3113029,1800,1100
WIN2-3501193,6600,4000
SAV2-22055,2600,1600
RHE2-0032,2100,1300
GMI2-512194,895,537
WIN2-3124112,1300,780
WIN2-3124163,13100,7900
WIN2-3104155,17500,10500
FAG2-U742130,9000,5400
WIN2-2801008,18400,11100
WIN2-3108060,1800,1100
SAV2-14687,13500,8100
SAE2-222890358,6300,3800
WYO2-75617,820,492
WAR2-004950,1100,660
RHE2-08098,1400,840
WYO2-1431430,2400,1500
WYO2-21748900,1100,660
WIN2-3124161,10200,6200
WIN2-702000864,7800,4700
SIR2-MF2114,950,570
ROB2-HC0016,940,564
ROL2-D02045,3500,2100
EKA2-09950977000,1800,1100
JTA2-301040466,1100,660
HAM2-990154900,23400,14100
GLO2-X60027,29200,17600
GLO2-X60021,24000,14400
KIT2-9709419,1100,660
BER2-FL-FD3-8-SC,1500,900
BES2-35876200,1200,720
ROE2-102305S,10700,6500
MID2-45017,14300,8600
SIR2-LF1033010,11100,6700
HAM2-260055000,1300,780
SAN2-01203,950,570
HAM2-950014911,6400,3900
BER2-HT-BMC1KW,2400,1500
CEC2-E002A,3500,2100
HAT2-X021612900,15700,9500
BER2-VA7988-B6,5200,3200
ROB2-MS0015,6400,3900
ROL2-E02081,1800,1100
ZNS2-002926,1100,660
WIN2-5509054,9200,5600
WIN2-3104166,1900,1200
LKK2-PLATE-8(TC22),1900,1200
COF2-49,2200,1400
FAG2-X012130,5100,3100
SAV2-51203,3200,2000
WIN2-61002084,2200,1400
WIN2-60001695,2200,1400
WIN2-2018262,1900,1200
WIN2-3108002,4400,2700
WIN2-3104082,1500,900
WAR2-017989,1900,1200
CRA2-1733,1200,720
WIN2-60003515,8100,4900
WIN2-3124160,10400,6300
HAT2-R044846600,5300,3200
MID2-22420-0017,1900,1200
GLO2-X30053-1,1800,1100
GLO2-X02673,12700,7700
PIT2-PP10612,31100,18700
CEC2-G197A,5600,3400
CEC2-M121A,880,528
CEC2-L224A,1300,780
CEC2-X008A,2600,1600
CEC2-F176A,2100,1300
CEC2-L290A,1300,780
TS2-00821-40,2800,1700
BER2-OP-KM234-S,3700,2300
BER2-BA-NA018,1600,960
BES2-40312000,1200,720
MID2-30185S,7700,4700
MID2-21296-0003,1300,780
EKA2-13950017400,1300,780
EKA2-11951377000,2100,1300
EKA2-09950677000,6000,3600
MID2-66991,26800,16100
MMT2-58101011,5700,3500
CAM2-PK57002,1200,720
SIR2-66203500,13600,8200
PIT2-60113502-C,32000,19200
VRM2-R40-90Z,6000,3600
GLO2-X00568,17500,10500
BKP2-2F-T1007A,26300,15800
KIT2-9708315,2700,1700
GLO2-X00570,1500,900
GLO2-X10134,2100,1300
GLO2-X10057,1500,900
GLO2-X30051,4000,2400
GLO2-X40096,920,552
GLO2-X40057-60,29400,17700
RTN2-3019.0120,6700,4100
TOP2-98-SVH,840,504
COG2-75751,22600,13600
COG2-CDZ206R,21200,12800
PIT2-PP10613,39300,23600
MID2-21216-0018,840,504
TOP2-ZZ00,2700,1700
SIR2-28102203X,2400,1500
ROL2-E02031,11100,6700
WIN2-61004421,19700,11900
ZAN2-REFR0027,7400,4500
ROL2-402019,1700,1100
ROB2-HC0046,12400,7500
TBA2-K3F6500200,850,510
KIT2-K45SBWH,990,594
TBA2-K3F6500400,850,510
HAM2-990167200,1800,1100
BER2-IC-IK40-SC-A,1200,720
MID2-46451,34100,20500
MID2-22229-0003,2400,1500
LKK2-LK-LEO-36#16,3600,2200
MID2-36452,1800,1100
HAM2-990065400,15700,9500
ROE2-29283,7900,4800
BER2-ESM005,1500,900
ROE2-100082,2000,1200
WIN2-4001015,4500,2700
HAM2-990035500,1300,780
CEC2-L025A,4700,2900
SIR2-281232045,2400,1500
SIR2-28123203,3100,1900
BER2-NT-BC6-6,1300,780
CEC2-L217A,950,570
HAM2-60019110010,2100,1300
HAM2-903891100,1300,780
ROB2-MC0138,2000,1200
ROB2-MC0137,3500,2100
ROB2-MC0136,3400,2100
RAN2-10060412,5400,3300
HAM2-30659110000,1200,720
RAN2-10705367,2800,1700
SIR2-281022045X,2400,1500
RAN2-10071120,2000,1200
HAM2-260020801,1400,840
HAM2-650010200,1800,1100
HAM2-260045401,930,558
WIN2-61002211,9800,5900
EDL2-A5191,6400,3900
HAM2-31239110000,950,570
HAM2-968000370,2700,1700
CEC2-L151A,840,504
CEC2-L291A,1500,900
TRI2-TS-1110,7700,4700
CEC2-DISH,990,594
ROB2-HC0038,6100,3700
ZNS2-0L1945,2400,1500
HAM2-6200-VV,13300,8000
ROB2-TC0011,19800,11900
LKK2-B5A-17,1100,660
BER2-WL-NB4,920,552
BER2-HT-BMC1.4KW,2500,1500
SIR2-MSC04N072F,1100,660
ROE2-102138S,900,540
ZAN2-LAMP0037,1800,1100
RAN2-34040023,2800,1700
BER2-GE-TC-GDF,5800,3500
WIN2-4001016,5000,3000
BER2-C-BJS10-0.8,3200,2000
BER2-BR-KM,3900,2400
ROB2-PC0046,1200,720
ROB2-MC0139,2200,1400
RAN2-10070100,2400,1500
ROE2-89626,1200,720
SIR2-IB2000905,1900,1200
ROL2-F07008,4400,2700
BER2-TM-EGO240,4300,2600
RAN2-36901801,1000,600
RAN2-36930011,1100,660
ROB2-HC0019,5400,3300
ROB2-ES0205,3300,2000
HAT2-R0209032,1800,1100
HAT2-0502011,2000,1200
LKK2-HEATER(DHL-32),1300,780
BER2-15MF440V,1900,1200
HAM2-6126-HBB909-CE,5900,3600
BER2-MT-JD-EM,3400,2100
MMT2-59174529,11400,6900
BER2-88UFD-330V,1600,960
ROL2-E02147,1800,1100
KIT2-W10487699,4100,2500
HAM2-990037800,1400,840
SIR2-IW1471240050,950,570
BER2-GE-GR500,3400,2100
MMT2-59114146,20200,12200
RON2-105249,2600,1600
BER2-MTRP0033-31,1200,720
PIT2-P5047541,10300,6200
PIT2-B6756601-C,30200,18200
BER2-TM-XR30NTC,5300,3200
HAM2-990034800,1000,600
HAM2-990086400,2200,1400
LKK2-TEFD-2001,4100,2500
MID2-42810-0117,18700,11300
ROB2-EC0383,4000,2400
ROL2-D02108,2800,1700
ROB2-MC0293,840,504
COG2-926117,2000,1200
MID2-22450-0052,9100,5500
COG2-124031,2400,1500
RON2-91361,8500,5100
HAM2-990087900,980,588
BER2-NT-HH2-3D-S,1500,900
ROB2-HC0015,950,570
MMT2-58121075,6000,3600
SIR2-19526062,1300,780
SIR2-19526060,1300,780
EDL2-IO65,2300,1400
LAC2-803130055,1700,1100
LIN2-TH11,10200,6200
LKK2-ALARM,1100,660
LKK2-400W,1200,720
LIN2-DK08,14100,8500
LKK2-JG-210-07-(2.5-CM),5900,3600
LIN2-EL11UL,13200,8000
LIN2-BA90,8200,5000
LIN2-EL184,2500,1500
JET2-S6676,5100,3100
WYO2-8950000,1100,660
POE2-PBL79X5-8,1000,600
WOL2-719221,1400,840
COF2-161,8900,5400
LKK2-TC12-29-00,1100,660
FAG2-R343018,3400,2100
COF2-162,11600,7000
WIN2-3104114,14200,8600
LKK2-CUTTER(TR12),1100,660
LKK2-PCP013-3,840,504
WES2-KA36FT02201BK,2100,1300
WYO2-89408,1900,1200
LKK2-500W,1200,720
COF2-32,3200,2000
LKK2-PCP002-3,1700,1100
WIN2-60002474,1900,1200
WIN2-3109072,900,540
WIN2-61005052,9300,5600
FRA2-400640,1600,960
COF2-DRIP-TRAY-P,1200,720
WIN2-3113071,2900,1800
WIN2-3501002,10800,6500
WES2-P650-3,2300,1400
WIN2-3126003,15800,9500
LKK2-TIMER(DHL-32),840,504
WIN2-80000555,21500,12900
WIN2-3125011,16300,9800
WIN2-61004880,850,510
JET2-A3058,1300,780
JET2-A7292,1700,1100
LKK2-TAP(KSQ-3),1500,900
LKK2-K-360-1,4200,2600
LKK2-TIMER(QL246),4600,2800
LKK2-8206,1600,960
LKK2-HEATER(KSY10),1300,780
LKK2-PCP003-3,1100,660
LKK2-JG300-42,2500,1500
BER2-NT-UR4-6D-F-S,1600,960
LKK2-TJ22-07,1300,780
LKK2-ROLLER-TUBE(RG18-7),840,504
WES2-P399-109,1900,1200
LKK2-B5A-11,840,504
LKK2-011-300L-NEW,4300,2600
WES2-1415835,1300,780
STA2-2N-Z2135,12500,7500
WES2-P169-45D,1300,780
COF2-4L,1300,780
WES2-P1053-20D,1300,780
WES2-KA36FT02401BK,1600,960
WNK2-CD-SP-9A,1000,600
WIN2-3124128,8500,5100
WIN2-3104116,4000,2400
WIN2-3124129,8200,5000
WIN2-3104152,33900,20400
WIN2-3125032,15600,9400
WIN2-2910507,1700,1100
COF2-MP-M,2400,1500
WIN2-3104120,29400,17700
FAG2-X163007,940,564
COF2-15,2100,1300
STA2-2T-Z2043,10500,6300
CRA2-1013,1300,780
NUO2-16400001,2700,1700
FAG2-Z683081,3600,2200
FAG2-R693007,7500,4500
SUT2-10,840,504
SUT2-15,1200,720
COF2-EVAPORATOR-CORE,1100,660
COF2-168,3400,2100
BAR2-BR-41606,2400,1500
WIN2-3104130,4200,2600
WNK2-ROLLER-SET-B,1900,1200
COF2-71,3300,2000
COF2-169,4400,2700
FAG2-R010534,1100,660
WYO2-2068000,1800,1100
WYO2-89406,2100,1300
WIN2-3124130,7800,4700
COF2-496,4400,2700
WNK2-JD-TAP-CON,870,522
COF2-174,1000,600
COF2-192,1300,780
FAG2-R343125,820,492
SIM2-K3H,2000,1200
WYO2-85144,13200,8000
WIN2-3125030,15600,9400
WIN2-610022703,1200,720
WIN2-3102459,1700,1100
NUO2-16300020,1630,978
DOR2-60,8900,5400
FAG2-X033001,3400,2100
FAG2-R693004,2800,1700
CRA2-3220,1100,660
SER2-82351,4900,3000
SER2-82383,830,498
SUT2-17,1200,720
SUT2-62,1200,720
NUO2-16300110B,1500,900
NUO2-16300126,2800,1700
NUO2-16300155,4000,2400
WIN2-2804041,1000,600
CRA2-1288,10200,6200
LKK2-FDMZ125-16-1,5800,3500
FAG2-9616402+9616401,1300,780
FAG2-X353005,3400,2100
FAG2-Z680742,1200,720
WYO2-20928-00,2200,1400
RHE2-07318,2000,1200
WIN2-3501004,1300,780
WIN2-5510008,1200,720
WIN2-82000014,1500,900
FAG2-R663058,960,576
FAG2-R723000,2800,1700
NUO2-04100010,4000,2400
SAV2-51207,1100,660
WIN2-80003804,3200,2000
BER2-SPO-R-C2204032E,1300,780
SIR2-MF0112,3500,2100
MID2-22174-0010,1900,1200
MID2-33812-1,23100,13900
HAT2-0509020,1900,1200
HAM2-960050400,2700,1700
ROL2-A18028,860,516
HAT2-R0216066,4800,2900
ROE2-29081,1800,1100
RAN2-34040115,2800,1700
ROE2-29443,10500,6300
SAN2-01103,1300,780
HAM2-990033500,960,576
CEC2-K149A,950,570
HAM2-260054901,1100,660
ZNS2-0C0139,910,546
BER2-BA-B412-CV,990,594
ROE2-29388,3500,2100
LKK2-K-25,1100,660
ZNS2-0C0138,910,546
ZNS2-0C7243,860,516
BER2-117U5015,1500,900
HAM2-990043400,970,582
PIT2-P6071300,10100,6100
COG2-80281,830,498
COG2-80316,900,540
COG2-026154,3400,2100
COG2-456031,1900,1200
EKA2-01960167915,1000,600
EKA2-01960177915,1000,600
ROB2-VS0253,1100,660
SIR2-19511105,1100,660
SIR2-19400107A.11,12300,7400
TBA2-KR29000101,1300,780
HAM2-990113901,1900,1200
ROL2-D01054,1300,780
LKK2-BASKET(EF-061),1200,720
LIN2-EL102,9100,5500
WIN2-3108064,4700,2900
LKK2-PLATE-4.5(TC22),1700,1100
NUO2-16100073,3300,2000
LKK2-B20B-51,2000,1200
WIN2-61005681,1700,1100
WIN2-3103084,20900,12600
BES2-25040600,14500,8700
TS2-B-0068-H,5300,3200
CEC2-L112F,10600,6400
HAM2-913595000,1400,840
CEC2-F002F,1300,780
CEC2-L282A,1900,1200
BES2-24119100,51900,31200
BES2-27653300,1200,720
HAT2-0405363,2200,1400
BER2-MSP28AMK3240,1000,600
BES2-40114000,1200,720
BES2-40309200,1200,720
EKA2-11971909202,1500,900
ROE2-118174S,3200,2000
LKK2-IND500T-12,3400,2100
LKK2-IND350W-13,4300,2600
ETF2-HC150429,1400,840
MID2-66311,2400,1500
HAM2-990167285,7800,4700
LKK2-IND350K-13,3100,1900
GLO2-X00569,5900,3600
GLO2-X10051,4300,2600
LKK2-IND300T-9,2900,1800
ROL2-E02296,4600,2800
JTA2-302220036,18000,10800
MMT2-59114175,1400,840
CTX2-21415-0001,2300,1400
VRM2-AR005-923-TD001,1400,840
PMF2-5E200400,950,570
ROL2-SA18037,1500,900
MBM2-RIC0004363,2200,1400
ROB2-MS0582,1700,1100
LAC2-990709000,13200,8000
LIN2-LE18,4300,2600
MON2-146518,1200,720
MON2-22786-2,1500,900
WIN2-3125033,15600,9400
FAG2-R663030,5900,3600
SUT2-43,1200,720
SAV2-51202,3200,2000
SAV2-21213,2400,1500
WIN2-60003591,4700,2900
COF2-551,1700,1100
WIN2-2802108,1000,600
FAG2-P253038,820,492
WIN2-2801016,14400,8700
"LKK2-EH1,EH2",2400,1500
FAG2-U324304,2000,1200
NUO2-16300067,1500,900
WYO2-1473210,1300,780
CRA2-1742,1900,1200
WYO2-75916,820,492
FAG2-X363005,3400,2100
WIN2-3104158,3800,2300
WIN2-3108054,2000,1200
FAG2-R343072,10200,6200
SAV2-22656,9500,5700
WIN2-2802306,1800,1100
WIN2-2803410,1000,600
ROB2-14,3300,2000
WIN2-3102288,65000,39000
ROB2-15(REGULATOR),1900,1200
WIN2-61002564,35000,21000
ZAN2-SPRI0034,950,570
WES2-P399-109L,1300,780
WIN2-3124186,8200,5000
JTA2-302110688,960,576
ZAN2-SPRI0033,950,570
LKK2-EPZ6-29,2700,1700
RTN2-87.01.523S,5400,3300
JTA2-302130378,3500,2100
RTN2-54.01.045,4900,3000
RTN2-87.01.367,7500,4500
RTN2-87.01.370,11700,7100
PMF2-5R050200,2200,1400
PMF2-4M020031,950,570
ZAN2-ELET0160,5000,3000
LKK2-ELEMENT(EPZ-2),1100,660
FRA2-400375,3500,2100
WIN2-5507002,6300,3800
ROS2-TS11J(1-2),5500,3300
LKK2-RG12-5-15,840,504
LKK2-HEATER(FX20),2600,1600
WIN2-3104169,2500,1500
COF2-158,10900,6600
BER2-NT-FW5C,1500,900
HAT2-0212010,6400,3900
WIN2-SP166Z,33000,19800
WIN2-60003646,6000,3600
ZAN2-TERMOCOUPLE-J200,3000,1800
EDL2-G047,1100,660
RAN2-34070050,2200,1400
WIN2-70002382,12400,7500
SAN2-50545,1400,840
CEC2-L069A,950,570
HAT2-0219019,4000,2400
JIN2-DOOR-GASKET,1700,1100
WIN2-60001846,9400,5700
WIN2-3103025,21400,12900
ROE2-102921,2800,1700
BER2-COVER-B,2000,1200
RHE2-6-(ELICA),1300,780
ZNS2-0C7622,4500,2700
TBA2-KID5400100,6900,4200
ROL2-F01059,2500,1500
ROE2-89652,9400,5700
BER2-HT-DF21,2600,1600
SIR2-28045202,950,570
WIN2-61005201,39000,23400
LKK2-TSP520-68,1100,660
LKK2-TSP520-67,1100,660
ETL2-0646804001,11200,6800
ROB2-MS0539,1200,720
BER2-GLC-DB5-8950L,13200,8000
RAN2-34200293,2000,1200
RON2-121028,3400,2100
ROL2-B02050EMA,11300,6800
ROL2-F05009,15100,9100
RTN2-40.04.040P,14500,8700
LKK2-HYG-2D-004,1200,720
COG2-325097,2900,1800
ZAN2-REFR0017,4300,2600
SIR2-28101206X,2600,1600
SAN2-28200B,36800,22100
ROB2-HC0044,4700,2900
SIR2-IW1071240320,11800,7100
RTN2-24.02.920,12800,7700
LKK2-QM2,4400,2700
RTN2-40.02.100P,19500,11700
RAN2-10060492,4100,2500
RTN2-40.03.528,5000,3000
SKP2-K3F4500202,14600,8800
LKK2-TC22-20,1600,960
LKK2-TJ12-26,5300,3200
PMF2-7S010001,5200,3200
BER2-COVER-T,2800,1700
LKK2-PC-LEFT,1100,660
HAT2-X07.03.466.00,3800,2300
ROB2-HC0037,6100,3700
PMF2-5P030010,1300,780
COG2-129076,2600,1600
COG2-129080,2600,1600
RTN2-42.00.094,6000,3600
RTN2-40.00.608P,13900,8400
MBM2-180426,2000,1200
PMF2-7S010002,5200,3200
ROE2-39277,4200,2600
RTN2-24.02.959,2000,1200
RTN2-24.03.213,15200,9200
PMF2-5C020102,1700,1100
PMF2-5C020105,820,492
RTN2-3017.1011,12100,7300
RON2-11935,2800,1700
RON2-11936,15800,9500
RTN2-42.00.266,12300,7400
SKP2-B3D5800400,11700,7100
RTN2-24.02.923,7600,4600
RTN2-40.03.772,12300,7400
RTN2-44.00.362,8300,5000
RTN2-8354.1320,1500,900
ROB2-MC1039,26200,15800
SKP2-K3F4400204,20400,12300
PMF2-5P030000,1800,1100
ROE2-49238,59500,35700
ROE2-49449,3600,2200
TBA2-T05A340030,840,504
ROB2-HC0221,7100,4300
ROB2-HS0026,8000,4800
MID2-27011-0011,4700,2900
HOU2-20900002,71100,42700
EKA2-09985898000,1000,600
COG2-DEI40,15600,9400
MID2-44585,111000,66600
BER2-SPO-R-C2305032A,1600,960
TBA2-K3D5400300,6100,3700
SIR2-MF2203,23600,14200
ROB2-MC0878,10400,6300
SAN2-37175,3400,2100
SIR2-MSC04N064Z,1100,660
EDL2-A2812,3100,1900
ZAN2-GUAR0010,7800,4700
ROE2-102471S,6800,4100
ZNS2-0C7141,880,528
LKK2-WIRE-WHIP(B10),2600,1600
ROL2-H04003,5400,3300
LKK2-CHAIN(RG-9X),1100,660
RAN2-10905005A,5800,3500
SIR2-18300574254,7000,4200
TBC2-I1-3217-2,8400,5100
ROE2-29554,2700,1700
SAN2-37300,37400,22500
LKK2-HS20-12,3400,2100
TBC2-I1-3220-1,12300,7400
RAN2-35002506,1400,840
EDL2-S317,2300,1400
EDL2-A2814,6000,3600
SAN2-37134,880,528
SAN2-28800,7100,4300
RAN2-10060127,3200,2000
ROB2-HC0093,5500,3300
ROL2-F01042-43,4600,2800
ZNS2-006710,18900,11400
RAN2-10705126,2700,1700
SIR2-19565505,2900,1800
BER2-NT-FW6C,1500,900
SAN2-06718,2100,1300
SAN2-06705,1200,720
SAN2-06771,1900,1200
SAN2-06515,12000,7200
SAN2-06510,7900,4800
CEC2-L187A,3100,1900
SAN2-01201,19300,11600
SAN2-11201,820,492
SAN2-11300N,22000,13200
HAM2-990033800,960,576
SAN2-11316N,16400,9900
HAM2-950005300,18500,11100
CEC2-L022A,12200,7400
CEC2-87040,7500,4500
RAN2-10705368,2600,1600
EDL2-I004,2300,1400
EDL2-S314,2300,1400
EDL2-S338,11000,6600
ZNS2-004360,2400,1500
RAN2-10706065,2800,1700
ZAN2-ELET0148,21700,13100
SAN2-37430,5700,3500
SAN2-37460,1800,1100
SAN2-37454,3300,2000
SAN2-37440,910,546
SAN2-37402,2900,1800
SAN2-40101,950,570
SAN2-09109,850,510
HAM2-61489390020,1100,660
CEC2-G236A,5700,3500
ROB2-AF75-42,12900,7800
ROL2-H04031,1100,660
RAN2-35162505,2300,1400
CEC2-D024A,4700,2900
SIR2-19413964,54300,32600
BER2-NT-BMD211,1200,720
LKK2-B10-01-16,1100,660
LKK2-B20B-23,6200,3800
ROE2-103700S,17900,10800
LKK2-B25-17,1300,780
LKK2-14-MF.,1200,720
SIR2-MSC04N072Z,1100,660
ZAN2-ELET0002,5000,3000
ZAN2-ELET0003,3100,1900
ROE2-29523,14100,8500
ROB2-RC25,9200,5600
RAN2-21300741,1500,900
ROL2-H03020,870,522
HAT2-0212026,11400,6900
KIT2-W10465140,5000,3000
HAT2-0416533,2600,1600
RAN2-GEAR,2500,1500
BER2-NT-BMD311,3100,1900
EDL2-A050,3100,1900
SIR2-IB2100900,1900,1200
ROB2-PS100-05,2400,1500
ROE2-29149,35000,21000
SIR2-MF0115,4600,2800
RON2-106562T03,14700,8900
RAN2-13010410,2800,1700
SKP2-PM021S0020,81800,49100
SIR2-MF0187,6700,4100
HAT2-R0212025,14700,8900
SIR2-19510207,4800,2900
BER2-OP-U20-TC,1600,960
BER2-COVER-U30,2000,1200
TBC2-I1-3220-2,12300,7400
KIT2-4162058,1200,720
ROL2-A03026,860,516
RAN2-34030006,1500,900
RAN2-34070161,39000,23400
ZNS2-006205,19000,11400
ZNS2-006206,20700,12500
LKK2-THERMOSTAT(GX10),1600,960
ROL2-E02087,13900,8400
ZNS2-003931,9100,5500
SAN2-28888I,1500,900
ROE2-104125,17300,10400
RAN2-10905002,7000,4200
ROB2-PS0137,1700,1100
SIR2-19401962,51300,30800
COG2-136030,830,498
PIT2-A6653505,60600,36400
BER2-OP-DRO-HC,1100,660
SKP2-AM002S0020,37800,22700
SKP2-PM009H0150,1600,960
ZAN2-TERM0049,3200,2000
KIT2-9706619,2700,1700
BER2-TM-ROD,2700,1700
PMF2-5C020101,1400,840
JTA2-302220103,18000,10800
BER2-HL-F12,1100,660
KIT2-9706648,3900,2400
BER2-NT-FWB5,1500,900
ZAN2-TERM0084,2700,1700
ZNS2-051389,3200,2000
ZNS2-005366,2600,1600
ZNS2-003326,8300,5000
ZNS2-004358,7100,4300
ZNS2-004357,4600,2800
ZNS2-004362,6500,3900
ZNS2-051906,1200,720
ZNS2-004836,1600,960
HAT2-X010502200,1900,1200
ROE2-29390,10500,6300
ROE2-29278,2500,1500
ZNS2-003594,11400,6900
ZNS2-004359,4000,2400
ROE2-502174,4400,2700
CRO2-4967-1,41800,25100
ROE2-89570,870,522
BER2-CM-AE9422ES,10000,6000
BER2-CM-AE9430ES,10400,6300
BER2-CM-AE9440ES,11200,6800
BER2-PN-D1D-LB-S,2900,1800
PIT2-P6071309,1800,1100
ROE2-29553,1900,1200
RAN2-10705405,5000,3000
ROL2-A01006,810,486
SIR2-SM500618-N,2500,1500
SIR2-29401502,6900,4200
SIR2-IV98407400,980,588
SIR2-29030401,2000,1200
HAT2-021813400,8700,5300
PIT2-60138703,36500,21900
PIT2-P5047302,11200,6800
ZAN2-VENT0001,12500,7500
ZAN2-GUAR0032,4400,2700
LKK2-TSP520-79,840,504
BER2-CM-GS26CLX,35800,21500
BER2-IC-DRC150A-GV,22400,13500
BER2-IC-DRC150A-NF,1300,780
BER2-IC-DRC150A-HF,3300,2000
ROL2-B03004,1900,1200
ZAN2-RESI0053,15500,9300
ZAN2-ELET0436,5300,3200
PIT2-A3301001,7200,4400
SAN2-65350,61900,37200
TBA2-QTBC103100,3700,2300
BER2-PL-JD-TT-C,920,552
HOU2-30420001,17500,10500
EKA2-11951027000,14000,8400
EKA2-09965298418,7000,4200
SIR2-281122045X,2000,1200
COG2-75120,13200,8000
COG2-75123,8100,4900
COG2-75146,12600,7600
COG2-75200,17700,10700
COG2-80351,6100,3700
RON2-36235,7300,4400
RON2-124062,2800,1700
RON2-123357,3100,1900
BER2-GS-M1071-CT-401X519,1700,1100
RAN2-32330365,3500,2100
SIR2-AMG280,3600,2200
SIR2-IW2071230078,1900,1200
EKA2-09962657915,2500,1500
EKA2-09962647915,2500,1500
TBA2-K3F3101003,1900,1200
TBA2-M6059000108,16000,9600
ROE2-401501,1100,660
ROE2-130933,1200,720
ROE2-102089,7800,4700
ROE2-3077S,20200,12200
BES2-33171000,1200,720
SIR2-SM210507,2000,1200
MMT2-58101013,4700,2900
MMT2-58101058,900,540
ETL2-0694801600,3500,2100
ETL2-0699802200,6300,3800
ETL2-0830816900,40300,24200
ETL2-0639805100,810,486
ETL2-0675817301,72200,43400
BER2-GLC-SC34568L,7300,4400
BER2-BR-GDF12,6800,4100
BES2-31787000,1200,720
LKK2-AIR-DUCT,1700,1100
TBA2-K3R3300204,1900,1200
ROB2-HS0017,6800,4100
TBA2-S722500104,1100,660
TBA2-KF24900104,1900,1200
TBA2-KR81900104,850,510
SAN2-70100,7300,4400
SIR2-FC99994015,17700,10700
RON2-121029,3400,2100
ROB2-ES0282,5400,3300
LIN2-KS08,970,582
LIN2-EL145,10400,6300
LKK2-GB678-64,840,504
LIN2-SS05,930,558
LIN2-MO14,28700,17300
LIN2-CO10,7000,4200
LKK2-Y80L2-2,14500,8700
LIN2-KS09,970,582
LIN2-KS11,970,582
LIN2-EL15,10400,6300
LIN2-EL98,13900,8400
LIN2-SP38,1500,900
LKK2-TJ32-09,1100,660
LKK2-TJ32-03,2800,1700
LIN2-SO20,7200,4400
LIN2-TI37,3000,1800
LKK2-BOWL(B40),14100,8500
LKK2-LSP520-79,1900,1200
LKK2-LK-GDO-17,10600,6400
BER2-CC-34UR,9600,5800
BER2-CC-13C,5000,3000
NUO2-04900120,5000,3000
NUO2-14100027,2200,1400
JIN2-S-S-CR,6000,3600
LKK2-206,11100,6700
LKK2-GB1171-74(B30),1900,1200
PUJ2-HEATER,2400,1500
LKK2-HS50-24,5600,3400
NUO2-75006035,1000,600
ROS2-1980-24,850,510
WIN2-3102206,16400,9900
LKK2-BASKET(EF-101),1600,960
WIN2-70004781,12800,7700
JIN2-SCC,1500,900
JIN2-GLASS-DOOR,1000,600
MON2-1036-7,5700,3500
WIN2-61002390,5900,3600
REG2-009-57,1400,840
REG2-117,900,540
REG2-137-62,1500,900
CEC2-L573A,950,570
LKK2-B30-05-03,2200,1400
WIN2-3103158,26300,15800
WIN2-61005194,1700,1100
FAG2-R795700,2000,1200
WIN2-3113164,9000,5400
WIN2-60003595,48200,29000
WIN2-4003051,5000,3000
FAG2-R665042,16400,9900
JET2-S6600,1500,900
NAY2-GS4022,1200,720
WIN2-5506045,3300,2000
LKK2-GEAR-MOTOR,2700,1700
MON2-4355-9,57800,34700
SAV2-22665,3000,1800
LKK2-TR180-01(B),1100,660
TRI2-TS-1020,5200,3200
WIN2-70004879,17300,10400
WIN2-70300599,61300,36800
LKK2-MOTOR(B40),16900,10200
WIN2-70300271,9500,5700
WIN2-30002167,80900,48600
WIN2-30002171,55000,33000
WIN2-3104098,7500,4500
WIN2-620020053,19000,11400
WIN2-3015509,2700,1700
WIN2-3104067,7500,4500
WIN2-3106044,5500,3300
WIN2-3102453,24500,14700
WIN2-61002557,11500,6900
WIN2-61005671,950,570
WIN2-61004529,17000,10200
SAE2-314827,7500,4500
WIN2-70002387,65000,39000
LKK2-BM3-17,1300,780
JTA2-302240010,10500,6300
WIN2-5523053,8500,5100
ZAN2-BGAS0025,27000,16200
ROB2-HP1500-17,3700,2300
WIN2-5528236,25400,15300
SKP2-WSC032S-JS,4600,2800
WIN2-3108006,1500,900
SKP2-SIS1000300,10200,6200
RON2-134805,5400,3300
WIN2-3126041,9300,5600
SIR2-29401562,29300,17600
ZAN2-REFR0018,6800,4100
SIR2-OSC649333,25000,15000
WIN2-5519100,5000,3000
WIN2-3101017,15000,9000
WIN2-4003025,2000,1200
WIN2-SP166L,48900,29400
RON2-137355,2000,1200
SAE2-9160009150,6000,3600
SIR2-LF18G32502,28700,17300
SIR2-LF1832602,38200,23000
ROB2-HC0011,3900,2400
ROL2-118014,5200,3200
TBA2-KF95300101,2700,1700
RON2-134623,2000,1200
SIR2-GM5946420,18200,11000
SIR2-GM5866125,1300,780
ROE2-39293,5300,3200
CTX2-61803,120000,72000
JTA2-302220073,7700,4700
PMF2-4F050015,2600,1600
BER2-VA-TXV-02N-1,1400,840
BER2-VA-TXV-TS2-1,5600,3400
SKP2-K3F5300504,7300,4400
TBA2-KF25300101,3600,2200
ROE2-39752,4900,3000
RON2-137364,5700,3500
RON2-140144,9900,6000
TBC2-CON-7039,84100,50500
CTX2-7610272,224000,135000
BES2-31782500,7600,4600
RTN2-42.00.224,15300,9200
HAM2-990185501,54800,32900
HAM2-990185701,41900,25200
SIR2-195104E011E,3400,2100
SKP2-G8F3200502,1200,720
SKP2-P8F2700500,13100,7900
SIR2-OSC649283,2400,1500
RON2-137352,9800,5900
RON2-134648,4300,2600
BER2-GE-SGN10S-3-8,1400,840
ROL2-B10004,870,522
BER2-CS-BF-C7-8,1600,960
PMF2-5P030036,2800,1700
PMF2-5M010506,39800,23900
HAM2-990346800,19500,11700
HAM2-990346700,17000,10200
SKP2-SDC36W0700,26200,15800
LAC2-532390600,1100,660
HAM2-990073700,33600,20200
EKA2-09989808000,5200,3200
SIR2-IV2520505L,5000,3000
TBA2-K3D5400100,1300,780
ETL2-0646808400,15900,9600
RON2-50091,1700,1100
RAN2-10060019,2500,1500
SIR2-IGS460,1600,960
RHE2-10066,8000,4800
WIN2-60003519,9600,5800
NAY2-GS3875,4200,2600
ROB2-14(ELEMENT),2800,1700
JIN2-S-S-CL,6000,3600
EDL2-A285,117000,70200
TRI2-TS-1096,3000,1800
WIN2-62001943,4300,2600
FAG2-R663031,4900,3000
NAY2-GS2157,8000,4800
COF2-215,5400,3300
ROS2-1951-536,1500,900
WAR2-501838,15500,9300
WIN2-60003414,4500,2700
NAY2-GS2163,20000,12000
LKK2-CM4803-60-02,3200,2000
JIN2-30X77,1200,720
ROS2-TS11J(3-8),5500,3300
LKK2-CM4803-00-16,2400,1500
SIR2-182X5404218F,5400,3300
ROE2-101120,870,522
TRI2-TS-1232,6000,3600
SAN2-37171,810,486
SAN2-37172,2400,1500
SAN2-37173,2400,1500
SAN2-37174,2400,1500
EDL2-A581,8600,5200
SAN2-06205,2100,1300
SAM2-2149222,5300,3200
SAN2-10903,890,534
ROB2-19,4400,2700
ROB2-08(162),3300,2000
HAM2-960031902,15900,9600
HAM2-260045400,2200,1400
GOL2-49368,900,540
SAN2-50830,10000,6000
CEC2-Q024A,9500,5700
KIT2-9706633,900,540
CEC2-L161V,13000,7800
BER2-GS-8309,2100,1300
SAN2-50820,14500,8700
CEC2-D022A,6200,3800
CHR2-COMPTEUR,25100,15100
RAN2-10706003,1000,600
COF2-EVA240CPL,16700,10100
BER2-BK-12N,2100,1300
LIN2-LE12,2700,1700
FRA2-279800,1800,1100
JIN2-COVER-LEFT,1000,600
DEA2-2507,6700,4100
WIN2-61002679,18000,10800
WIN2-61005196,14600,8800
FAG2-2151116411,1400,840
LKK2-KM2,1900,1200
BER2-HT-IR1KW,1500,900
LKK2-SWITCH-P(JG210),1500,900
RAN2-35002503,1500,900
RAN2-38123012,1100,660
NUO2-04900121,12000,7200
NUO2-13200012,1000,600
ELO2-R0188,2200,1400
RAN2-22105001,900,540
RAN2-69000033,1600,960
SIR2-SM190100011,2300,1400
ROE2-102880,7300,4400
ROE2-302007,18600,11200
RAN2-10060120,4300,2600
POE2-238735,1000,600
ROL2-A02016,2000,1200
SIR2-281532X,1700,1100
HAT2-X0213330,5900,3600
ROL2-45001,1600,960
RAN2-10706024,3400,2100
RAN2-10705226,2800,1700
SIR2-8-MM,3200,2000
FRA2-400189,3500,2100
SIR2-IB4004010,950,570
WIN2-70002580,17100,10300
TBA2-K1D54001100,6500,3900
PIE2-LIMIT(MIX30),2100,1300
RAN2-32330971,2500,1500
HAM2-990050001,1300,780
COG2-127133,5200,3200
TBC2-I1-3213,2100,1300
CTX2-69649,121000,72600
TBC2-I3-3209-3,58400,35100
HAM2-960007800,2100,1300
TBC2-NGC-3005,14300,8600
BER2-CM-CAJ2446,30600,18400
LTE2-MIX01,2100,1300
TBA2-K1F0420100,2100,1300
SKP2-KF81530300,4400,2700
BER2-NT-FWB7,1500,900
BER2-NT-FW8C-M,1500,900
TBC2-CON-3003,2700,1700
ROB2-ES0225,21900,13200
TBC2-CON-3004-1-1,38400,23100
TBC2-ENC-3011,34400,20700
TBC2-I1-3214,13200,8000
TBC2-NGC-3083,1700,1100
WNK2-JD-COVER(B),1800,1100
ROB2-HC0146,10800,6500
SIR2-LF1831403,29500,17700
TBC2-HHC-6517-2,6800,4100
TBC2-100506,3200,2000
TBC2-CON-3004-2-2,38400,23100
ROE2-39970,2000,1200
ROE2-502175,4500,2700
CRO2-4-M605,24500,14700
CRO2-5517-1,30100,18100
ROL2-E02112,5900,3600
ROL2-A15009,1600,960
HAM2-990351500,11600,7000
SIR2-19510902C.06,3200,2000
SAN2-58200,36800,22100
BER2-GL-BMC8U,2600,1600
LKK2-CM4803-00-12,1100,660
LKK2-CM4803-10-18,1300,780
LKK2-CM4803-10-67,1100,660
LKK2-PUMP(CM4803),1500,900
SAN2-58950,4800,2900
PIT2-B3307401-C,43200,26000
HAM2-6126-91503,9000,5400
WIN2-60003597,16500,9900
EKA2-09989708000,4000,2400
EKA2-11973859400,5600,3400
EKA2-11972708418,4200,2600
EKA2-01981248300,1100,660
ROL2-B02013,12000,7200
SIR2-28111206X,2600,1600
COG2-215032,17200,10400
RON2-124065T01,88100,52900
RON2-123555T01,53100,31900
WIN2-30000121,42500,25500
SIR2-IW1071240019,6500,3900
EKA2-21003590,5300,3200
EKA2-11972718418,4000,2400
EKA2-09975468518,4500,2700
EKA2-09984978400,1700,1100
LIN2-EL217,3900,2400
SIR2-28045310,1200,720
MMT2-58101054,1100,660
ETL2-0830824600,1700,1100
ETL2-0574805200,12700,7700
NTS2-L290061072,1200,720
ROB2-MS0459,1100,660
RAN2-34200269,4700,2900
BER2-CM-NL11MF,14700,8900
HAM2-990105900,15400,9300
BER2-FP-CKE3,1300,780
BER2-OP-DR-C-LHSDR-(R),4800,2900
LKK2-IND300-2,1600,960
LKK2-IND300-14,1600,960
NTS2-COVER,2100,1300
WIN2-30002166,21300,12800
ROE2-101800S,5800,3500
TBA2-CLEANER,7000,4200
HAM2-990086600,15000,9000
RTN2-40.03.516P,5800,3500
JTA2-20133010004,9600,5800
ZAN2-SUPP0495,8400,5100
BKP2-T3045T,32500,19500
ROL2-A15061,2100,1300
ROL2-F01078,840,504
ROL2-B02027+PTR,6700,4100
ROL2-H01018,2800,1700
RJ2-YYDFW-0.37,99600,59800
PMF2-5C020201,820,492
HAT2-02.17.064.00,5100,3100
JTA2-302130191,5900,3600
GLO2-X02013,10000,6000
GLO2-X30033-2,5100,3100
BES2-31856800,4500,2700
RAN2-69000032,2400,1500
GLO2-EB-GD-SP60-NK01-T,10000,6000
GLO2-X01086,5800,3500
JTA2-302250170,3300,2000
JTA2-302250171,2800,1700
CTX2-66948,32300,19400
SKP2-AM075S0010,40800,24500
VRM2-R40-27.2M,17300,10400
PMF2-5M200010+5D010001,1300,780
RAN2-34040107,2500,1500
TRI2-TS-1175,6200,3800
HAT2-R0209034,1800,1100
TOA2-3101772,1020,612
TBA2-AE2425ZK00,29700,17900
TOA2-1850856,16700,10100
SKP2-PM021S0010,81800,49100
TBA2-M724400605,15200,9200
TOA2-BO10172,14000,8400
TOA2-BO10167,5000,3000
RJ2-SPFCS-0077,7400,4500
ROL2-SH03026,3000,1800
ROL2-F04002,1100,660
JTA2-302100045,1800,1100
ZAN2-SUPP0393,4500,2700
TBA2-K3F0606100,2200,1400
CEC2-E070A,33000,19800
MBM2-182949,1500,900
VRM2-R40-98,4000,2400
ZAN2-CRIS0023,2300,1400
ROL2-A03038,8800,5300
HAT2-023009100,1500,900
EDL2-A591,1600,960
ROL2-A02029,2600,1600
HAT2-R0209217,1800,1100
ROL2-106002,4800,2900
ZNS2-0C0230,3900,2400
TS2-062X,1900,1200
JTA2-301100053,850,510
VRM2-R40-99,4000,2400
RJ2-SPFCS-0074,1200,720
ROL2-SA03023,25300,15200
MMT2-20044801,1200,720
MBM2-185726,8500,5100
ZAN2-SUPP0394,4500,2700
ROL2-A05011,2200,1400
CRO2-3-AV01,15000,9000
CRO2-3-SRV9-1,43200,26000
CRO2-4-70EU,2300,1400
CRO2-4-22TB,72300,43400
COG2-74069,3900,2400
ROL2-G06702,960,576
ROL2-57004RAM,1300,780
PIT2-60055003,22000,13200
ZAN2-MOTO0034,18700,11300
ZAN2-MOTO0027,6100,3700
ROB2-809948,7700,4700
BES2-31288300,1900,1200
MBM2-RIC0004964,9000,5400
ROL2-B03004COM,7200,4400
ROB2-EC0382,27400,16500
MBM2-180499,7500,4500
MBM2-RTCP800067,5600,3400
ROB2-ES0280,4500,2700
TBA2-KF84900100,5300,3200
MID2-65565,110000,66000
CTX2-97398,22200,13400
TBA2-K1FFC00300,11300,6800
ROB2-VS0376,3700,2300
ROB2-VS0189,28200,17000
ROB2-SS0446,2600,1600
ROB2-MS0389,7200,4400
ROB2-MS0076,7700,4700
ROB2-MC1088,2500,1500
ROB2-MC0888,4600,2800
ROB2-HC0189,20900,12600
ROB2-HC0173,4700,2900
ZAN2-0TU0V04,85300,51200
HOU2-30800045,3300,2000
ROL2-E01019,7600,4600
SKP2-AS25DC0200,2600,1600
RON2-135656,5600,3400
BES2-30169100,1200,720
ROL2-64041,8000,4800
TBC2-FRE-1150,20800,12500
TBC2-FRE-3002,24300,14600
TBC2-FRE-1046,32000,19200
TBC2-FRE-3007,6600,4000
HOU2-36020038,22300,13400
RTN2-40.01.482S,10200,6200
TBC2-FRE-3003,24300,14600
TBC2-FRE-3001,28300,17000
TBC2-FRE-3013,107000,64200
TBC2-FRE-1193,10900,6600
TBC2-FRE-3005,4500,2700
TBC2-FRE-1060,34000,20400
TBC2-CON-3027,7400,4500
JTA2-301010047,960,576
JTA2-302200587,2600,1600
COG2-87773,3700,2300
LAC2-959775000,1300,780
RTN2-16.02.062,3800,2300
HAT2-05.07.008.00,3300,2000
ROL2-SH01035,3200,2000
ROL2-F05084,1400,840
SKP2-AS25DC0100,2600,1600
SKP2-BR8AD10000,30000,18000
ZAN2-ELET0828,29500,17700
TBA2-T8F9300800,1200,720
COG2-127177,1300,780
COG2-127178,1200,720
COG2-127124,920,552
COG2-127175,1200,720
COG2-121156,1100,660
COG2-121157,1100,660
COG2-121166,1100,660
ROB2-MC0685,2100,1300
VRM2-CR20-75M,35000,21000
ROL2-F01062,1700,1100
HAT2-R02.01.088.00,2100,1300
PMF2-5R010201,17100,10300
PMF2-5L020020,1100,660
ASL2-HN-DP-50-NV-202007,2100,1300
MID2-59272,8500,5100
MON2-11810-9,25300,15200
ROB2-M3-08,1500,900
CEC2-L499A,3500,2100
RAN2-10706054,8000,4800
RAN2-10705361,3600,2200
CAM2-60273,1500,900
ROB2-GS0006,1500,900
CAM2-41020,4100,2500
ROB2-MS0116,5300,3200
ROL2-SA03012,4000,2400
CEC2-U023Q,7600,4600
CEC2-R128A,3300,2000
CEC2-L281A,1700,1100
CEC2-F126F,840,504
CEC2-59016,4000,2400
CEC2-09296,2000,1200
CEC2-80235,4900,3000
CEC2-L263A,6800,4100
EDL2-G041SP,5800,3500
CEC2-L424C,1600,960
CEC2-99603,2300,1400
CEC2-G042A,11100,6700
CEC2-77205,1700,1100
CEC2-L343A,12500,7500
CEC2-B000A,1500,900
CEC2-75014,1300,780
CEC2-97215,2900,1800
CEC2-L401C,1600,960
TS2-002711-40,3400,2100
TS2-002712-40,3400,2100
RHE2-5556,1260,756
MON2-2403-1,2000,1200
RAN2-34200095,2000,1200
ROB2-M3-06,3400,2100
COG2-DEI35N,11700,7100
RAN2-34070173,21200,12800
HAT2-R0219079,3700,2300
MON2-1034-0,4700,2900
MON2-14033-3,5200,3200
BES2-32652600,1000,600
RHE2-07645,8200,5000
RHE2-53-54-55,1800,1100
BES2-35614600,10500,6300
ELO2-H0500,1800,1100
RAN2-32331027,3300,2000
RAN2-10060457,12400,7500
ELO2-E0470,4800,2900
RAN2-33323430,2500,1500
MON2-1003-0,2500,1500
RAN2-33322060,3200,2000
RAN2-33322061,3800,2300
BES2-35271800,14500,8700
RAN2-10220100,5600,3400
HOU2-30320110,20600,12400
BES2-25779600,1200,720
BES2-23524700,3900,2400
RAN2-10110312,29000,17400
COG2-65382A,139000,83400
BES2-0K000027,20200,12200
LAP2-331103,3300,2000
RON2-124003,1900,1200
RAN2-33322027,3800,2300
RAN2-69000950,1600,960
ROB2-MS0021,1800,1100
BES2-25878100,13300,8000
BES2-25080600,6100,3700
BES2-25042000,22500,13500
ROL2-57012,3300,2000
PIT2-P5045282,1800,1100
ZAN2-MANI0064,8300,5000
BES2-25589900,13500,8100
BES2-25605100,7900,4800
HAT2-R020501800,5100,3100
HAT2-R0205017E00,4500,2700
MID2-22140-0012,8400,5100
MID2-22450-0225,131000,78600
HOU2-32700045,2100,1300
HOU2-30420013,29000,17400
HOU2-20800181,23200,14000
HOU2-30520194,24900,15000
HOU2-20800084,26900,16200
HOU2-30420010,39200,23600
HOU2-30420004,27300,16400
CAM2-60063,1900,1200
EKA2-11950097000,1000,600
EKA2-11972629202,1000,600
EKA2-09988928000,1200,720
ROL2-53024,1800,1100
LAC2-3951134828,1700,1100
BES2-31834100,1200,720
MID2-59904,23500,14100
MID2-59307,62000,37200
MID2-50052,12100,7300
MID2-50059,67100,40300
HOU2-30700018,14500,8700
HOU2-30700020,15800,9500
HOU2-30400179,16900,10200
HOU2-30400180,25000,15000
HOU2-30520259,4800,2900
MID2-66990,31200,18800
HAT2-0203005A,1900,1200
CAS2-965264000,11200,6800
CAS2-965266000,15000,9000
CAS2-967001010,820,492
CAS2-967703010,4800,2900
CAS2-967005000,3000,1800
CAS2-967012000,1400,840
CAS2-967033000,2500,1500
CAS2-537046700,8300,5000
CAM2-60294,2300,1400
CAM2-60433,850,510
EKA2-01202660,6000,3600
EKA2-09960148801,2300,1400
ROB2-MC0884,3800,2300
TBA2-K1FFC00200,11300,6800
CAS2-958195000,3400,2100
CAS2-533896600R,3600,2200
CAS2-958082030,5100,3100
CAS2-959775010,1300,780
CAS2-530111000,2400,1500
CAS2-530112200,2000,1200
CAS2-959715000,29300,17600
CAS2-537048700,9300,5600
CAS2-533896500R,4800,2900
ETL2-0543801400,1400,840
ETL2-0617832200,16000,9600
ETL2-0543825301,12400,7500
ETL2-0660807200,1100,660
ETL2-0640602014,1300,780
ETL2-0830812503,3700,2300
ETL2-0574804900,1300,780
ETL2-0514834100,1100,660
ETL2-0330281100,1100,660
ETL2-0835840500,1400,840
ETL2-0543820203,8400,5100
ETL2-0806807500,10000,6000
ETL2-0516850600,2900,1800
ETL2-0548837200,1100,660
ETL2-0652800401,1300,780
ETL2-0646807101,11200,6800
ETL2-0617813201,1100,660
ETL2-0544815200,1700,1100
ETL2-0675400B00,2700,1700
ETL2-0696400000,4600,2800
ETL2-0543825401,14600,8800
ETL2-0830882602,24800,14900
ETL2-0830812301,32000,19200
ETL2-0830824304,5000,3000
ETL2-0543818701,7200,4400
ETL2-0543819902,9000,5400
ETL2-0275290025,1200,720
ETL2-0830812800,7600,4600
ETL2-0830828100,2400,1500
ETL2-0543820002,1100,660
ETL2-0830831400,1400,840
ETL2-0830866100,2500,1500
ETL2-0830888402,21500,12900
ETL2-0835821400,10000,6000
ETL2-0646807700,11700,7100
ETL2-0648803001,3300,2000
ETL2-0694800300,1400,840
ETL2-0694601000,1200,720
ETL2-0648807300,3500,2100
ETL2-0675823501,7100,4300
BES2-31995000,7100,4300
BES2-35050100,5900,3600
BES2-31990900,17700,10700
BES2-33170700,1200,720
LAC2-494413580,1200,720
BES2-31290600,7200,4400
NTS2-L290061062,1100,660
NTS2-L290061063,1300,780
MID2-61511,33600,20200
MID2-60185OLD,44700,26900
RAN2-10060106,3500,2100
ZAN2-ELET0076,1300,780
ZAN2-ELET0075,2300,1400
ETL2-0611804200,25500,15300
HAT2-020701700,6500,3900
RAN2-34070211,2600,1600
CAS2-965118000(64),15000,9000
TBA2-BR21700101,1400,840
HOU2-32700090,11200,6800
HOU2-32700233,47700,28700
HOU2-32710034,2900,1800
HOU2-32720004,7400,4500
COG2-26154,3400,2100
CAS2-965120000,1500,900
CAS2-965356000,3000,1800
CAS2-965357000,1100,660
RON2-50927,1500,900
RON2-53436,6600,4000
RON2-53439,2700,1700
BES2-23524900,6000,3600
ROB2-WS0011,36800,22100
COG2-H.228047,2700,1700
HAT2-R041234900,9200,5600
SKP2-CY15805100,1900,1200
LAC2-947987000,8600,5200
PMF2-5S080004,12200,7400
SKP2-K3F5300702,6400,3900
RTN2-40.03.928,4800,2900
RTN2-87.01.016,33800,20300
CEC2-355-00035,5200,3200
JTA2-302050002,1500,900
APW2-BO10119,1600,960
APW2-BO10120,3100,1900
RON2-106221,11900,7200
EDL2-B137BG,9500,5700
PMF2-5S030009,950,570
SKP2-BR2AD00105,23000,13800
ZAN2-MECC0624,30500,18300
ASL2-IGBT-H30,1100,660
EDL2-F033,4200,2600
ZAN2-PLAN40T0458,19500,11700
CTX2-3101174,10800,6500
GLO2-X02677,35600,21400
HOU2-20100070,2800,1700
CEC2-310-00007,40400,24300
UNO2-KTR1141A,3300,2000
CAS2-968738030,10800,6500
TBA2-LDU-KF45-4,7400,4500
CAS2-968027000,19600,11800
PMF2-3A050513,3200,2000
IMC2-G45-139,9100,5500
CMD2-MECC0766,6900,4200
CEC2-M326AL,840,504
RJ2-FC1600-004,26800,16100
TBC2-700-1214,950,570
CTX2-35842,59800,35900
JTA2-302090088,1100,660
KIT2-W10504744,1700,1100
CEC2-320-00020,26100,15700
VRM2-CR20-78M,17600,10600
CEC2-L706AL,15700,9500
CEC2-L599AL,8600,5200
CEC2-L462AL,3100,1900
JTA2-20340148001,2400,1500
CEC2-L532A,6000,3600
CTX2-50056,39400,23700
BES2-32777300,1200,720
NIC2-23647,1900,1200
RON2-136945,25900,15600
CMD2-MECC0767,9800,5900
COG2-65700,26600,16000
CMD2-MOTO0157,25700,15500
CMD2-TRAS0083,15500,9300
RTN2-87.01.374,128000,76800
RON2-134526,12500,7500
RON2-139851,4200,2600
MBM2-185131,11100,6700
RON2-106904,16700,10100
NIC2-26517,7800,4700
ZAN2-MANI0058,1500,900
IMC2-S79-043,3800,2300
EDL2-V002,9600,5800
SKP2-S2F1221101,4400,2700
MBM2-186390,18900,11400
RON2-138824,94100,56500
RON2-106816,13000,7800
ROL2-B02024,8700,5300
ROL2-SH01032,5100,3100
ZNS2-056964,4000,2400
PMF2-5P030008,820,492
EDL2-A593DC,70500,42300
MBM2-RTCU700584,1200,720
EDL2-F009,4200,2600
GLO2-X40021,24700,14900
EDL2-A1075,3900,2400
EDL2-B410,13400,8100
EDL2-F018,1300,780
EDL2-B137,26300,15800
RTN2-40.03.428,12900,7800
EDL2-V015S,38900,23400
RTN2-40.04.869,5300,3200
JTA2-302110042,840,504
EDL2-F050,2500,1500
EDL2-A2815,8300,5000
EDL2-V005,9600,5800
EDL2-V014,11700,7100
MBM2-180950-01,26700,16100
NIC2-24715,8800,5300
RON2-50588,27300,16400
RAN2-38123754B,3300,2000
EKA2-5073094,6700,4100
UNO2-KPE2046A,2500,1500
SKP2-ST25W01202,3000,1800
ROL2-76247,1900,1200
SKP2-SISI1100100,10200,6200
RON2-124004V1_ET,34800,20900
ZNS2-0C5421,11700,7100
SKP2-K3F4400206,20400,12300
ROL2-76156,2500,1500
HAT2-BO10127,11600,7000
NIC2-17899,1400,840
RAN2-33323002,2500,1500
ZAN2-PLAN40017A,6200,3800
ETF2-HC153019,6300,3800
RTN2-87.01.218,8500,5100
PMF2-5P020001,1800,1100
NIC2-25659,4700,2900
UNO2-KEL1252A,2900,1800
NIC2-25546,14000,8400
RON2-125459,3600,2200
ZAN2-PULE0057,4700,2900
ROL2-B02027,10800,6500
PMF2-5T020008,3600,2200
GLO2-X60154-2,33600,20200
SKP2-G5F2700102,4100,2500
JTA2-302130458,2500,1500
KIT2-9705130,1900,1200
CRO2-9228-1,24500,14700
ZAN2-UNI6604-A-8X70,1300,780
JTA2-20140148005,2400,1500
ZAN2-ELET0563,6500,3900
BES2-25185200,2400,1500
MBM2-182728,8300,5000
RON2-139873,15900,9600
SKP2-T8F5300800,2400,1500
RON2-149894,3000,1800
ZAN2-PLAN40T061A,9700,5900
NIC2-25119,40000,24000
RON2-52642,2300,1400
SKP2-K1F5300106,1200,720
JTA2-301040926,5100,3100
UNO2-KVL1037A,5000,3000
VRM2-AR005-024-TZ001,4800,2900
TBA2-T05AAE0011-CURTAIN,940,564
ZNS2-004591,16500,9900
GLO2-X40154-2,31500,18900
GLO2-X30070-1,9000,5400
RTN2-40.03.425,7500,4500
RTN2-40.04.107,4300,2600
GLO2-X60125,5300,3200
GLO2-X60011-2ABB,24600,14800
RON2-122774T03,6300,3800
IMC2-C15-013-M1,27300,16400
GLO2-X40114-117,37500,22500
HOU2-38520001,54800,32900
GLO2-X40027,25400,15300
VRM2-CR20-27A2M,16500,9900
JTA2-302130456,1700,1100
JTA2-302130457,1900,1200
JTA2-302130459,2700,1700
HOU2-30100147,1300,780
COG2-143266,3600,2200
HOU2-30800210,8900,5400
HOU2-20100004,19200,11600
NIC2-12725,1800,1100
PMF2-5M010010,24400,14700
HOU2-30520452,2700,1700
ROL2-53120SE,11300,6800
ZAN2-REFR0030,10500,6300
JTA2-302100175,1700,1100
HAT2-0405105400,3500,2100
ROL2-A02031,2100,1300
IMC2-S79-041,86000,51600
IMC2-S79-048,2700,1700
IMC2-A75-031,3300,2000
IMC2-A02-060,2400,1500
IMC2-A02-052,1000,600
SKP2-PM013S0090,22000,13200
SKP2-AM102S0020,72700,43700
IMC2-S79-049,1600,960
IMC2-A21-052,15700,9500
IMC2-C23-004-M1-Z,6000,3600
SKP2-PM0025028,2400,1500
SKP2-PM00250290,2400,1500
IMC2-S79-040,44300,26600
IMC2-G45-140,72000,43200
IMC2-J03-165,2500,1500
IMC2-L54-004-Z,8500,5100
NIC2-25581,7700,4700
TBA2-DAM-KSR18-3,11300,6800
RON2-125872,85400,51300
BES2-30169300,1200,720
SKP2-K2F0419100,23300,14000
BES2-32071200,7200,4400
UNO2-KVE1020B,1300,780
ROL2-H01032,1400,840
HAT2-02.16.003A.00,8700,5300
JTA2-20340151001,1800,1100
JTA2-20340102003,4300,2600
JTA2-301040008,7700,4700
ZAN2-ACCE0151,53500,32100
JTA2-301130110,1800,1100
LAC2-913148000,2400,1500
ZAN2-PLAN30T075A,3800,2300
CTX2-7609642,135000,81000
JTA2-301040103,2800,1700
RON2-123219,12100,7300
PMF2-5P030007,820,492
HAT2-050906200,2900,1800
MMT2-59114168,1700,1100
SKP2-K3F2901507,1800,1100
RON2-106225,6400,3900
CTX2-321635,10600,6400
COG2-K75860,20800,12500
JTA2-301040691,9300,5600
JTA2-302160175,1200,720
LAC2-457342000,1200,720
PMF2-5P030005,820,492
PMF2-5M010502,37000,22200
RON2-51660,4100,2500
UNO2-KPE1710A,1900,1200
SKP2-KR85500200,17500,10500
ROL2-SH03030,9100,5500
JTA2-302220115,9400,5700
JTA2-302130168,2800,1700
JTA2-302130171,6200,3800
ROB2-MC0292,2800,1700
ROL2-B07015,1800,1100
RTN2-40.03.948,17600,10600
KIT2-8211658,950,570
KIT2-9703674,2100,1300
KIT2-9706251,1700,1100
ZAN2-SUPP0494,8400,5100
CTX2-97589,3800,2300
PMF2-5C020109,820,492
KIT2-9706760,3400,2100
COG2-65624,4700,2900
COG2-66451,5000,3000
COG2-DEI416,13500,8100
COG2-DEI417,12800,7700
SKP2-PM009S0010,4100,2500
LAC2-947988000,13500,8100
KIT2-8212396,2100,1300
PIT2-60131007,30900,18600
COG2-429074,1700,1100
RON2-134647,1900,1200
BES2-31283500,4100,2500
BES2-30169200,1200,720
LAC2-913786010,950,570
UNO2-KVE1026A,4600,2800
LAC2-419077000,2300,1400
SKP2-AM003S0010,15400,9300
ZAN2-ASSM1380,45000,27000
LAC2-535849000,1300,780
TBA2-M726800200,1300,780
LAC2-947989010,13600,8200
ROL2-F01026,1400,840
ROL2-SB06026,830,498
COG2-800921,5100,3100
SKP2-K3F5300502,1500,900
SKP2-S3F2902000,2700,1700
ZAN2-PLAN40T041A,3500,2100
SKP2-SIS1000100,10200,6200
RTN2-40.05.256,4000,2400
ROL2-SH03029,9100,5500
HAT2-05.07.007.00,3000,1800
RON2-106814,18700,11300
UNO2-XRF011,15600,9400
ROL2-E02141,28200,17000
UNO2-KGN1392C,6300,3800
SKP2-K3F5104000,4200,2600
HAT2-020581400,10100,6100
ROL2-76246,3000,1800
CTX2-321636,12600,7600
UNO2-KTR1106A,4000,2400
RON2-53361,7000,4200
RON2-122774T06,9500,5700
RON2-125588,22600,13600
BES2-22699200,1200,720
PMF2-7S010012,5100,3100
ROL2-76133SE,1400,840
PIT2-60129403,7000,4200
CTX2-97570,1200,720
TBA2-RDU-KF45-4,7400,4500
CTX2-51067,66600,40000
HAT2-0405107300,3100,1900
ROL2-76281,2600,1600
RON2-136946,1600,960
ROL2-76248,3200,2000
ZAN2-REFR0023,7400,4500
ZAN2-PANN0582,4000,2400
ZAN2-MOTO0147,54300,32600
SKP2-G8F3200202,2400,1500
MBM2-RC00000514,4500,2700
PMF2-5P030009,820,492
MBM2-RIC0001356,3800,2300
MID2-1952889,19600,11800
MID2-3000330,3400,2100
MID2-1200578,3800,2300
MID2-65109,3200,2000
SKP2-SB08100300,14000,8400
PMF2-5S080000,12900,7800
MBM2-186393,4300,2600
MBM2-RIC0003216,4800,2900
HAT2-040561000,2800,1700
HAT2-02.01.016.00,6500,3900
HAT2-02.16.004.00,8000,4800
HAT2-021216600,1200,720
HAT2-021217200,1200,720
ROB2-PC0047,1600,960
HAT2-050906100,1700,1100
HAT2-BO10130,10800,6500
HAT2-05.07.009.00,3400,2100
HAT2-BO10128,3600,2200
MBM2-RTCU700341,5400,3300
HAT2-BO10129,25700,15500
NIC2-4405-18,2000,1200
SKP2-K2F1107300,2400,1500
MMT2-14119064,24100,14500
NIC2-21094,40100,24100
NIC2-6004,1400,840
NIC2-18686,900,540
NIC2-25502,15300,9200
MBM2-RTCP800026,7100,4300
PMF2-3S010100,4400,2700
SKP2-PM016S0030,3200,2000
RON2-106593,3100,1900
TBA2-LDT-KF45-4,7400,4500
VRM2-AR31-148E,4000,2400
VRM2-AR40PH-25,3000,1800
VRM2-STA2522,830,498
TBA2-RDT-KF45-4,7400,4500
RON2-134543,2000,1200
MBM2-RIC0003578,5500,3300
UNO2-KVE0008A,1900,1200
MBM2-161829,1200,720
COG2-143263,4000,2400
PMF2-4S010503,2200,1400
VRM2-CR20-28AM,16500,9900
MBM2-163882,3200,2000
ZAN2-TUBO0179,4800,2900
RON2-53371,2600,1600
RTN2-87.01.410,69200,41600
UNO2-KGN1521A,2600,1600
RTN2-44.01.581,7700,4700
SKP2-K3F2500201,3000,1800
CTX2-97598,4200,2600
MBM2-RIC0004756,8600,5200
MBM2-163291,4700,2900
MBM2-RIC0002488,21100,12700
PIT2-60143513-CL,130000,78000
RON2-121337,7400,4500
UNO2-KSL1025A,3000,1800
RON2-125909,5700,3500
RON2-106815,13600,8200
SKP2-ST45W01001,4400,2700
SKP2-ST45W0092,3200,2000
COG2-143267,2400,1500
COG2-209037,10000,6000
COG2-026408,4500,2700
SKP2-T8F0525200,2400,1500
COG2-325070,2200,1400
COG2-116032,2800,1700
SKP2-S3F2901900,2700,1700
SKP2-PM009H0110-S,29500,17700
SKP2-K3F5300105,5900,3600
SKP2-K3F4400902,36400,21900
SKP2-PM002S0320,3200,2000
SKP2-PM022H0030,3700,2300
SKP2-K3R6500102,7300,4400
SKP2-K3F4740200,2500,1500
SKP2-K3F2901605,1800,1100
PMF2-5C020110,820,492
VRM2-R20-31,2400,1500
MBM2-177895,95400,57300
VRM2-STA2007,1700,1100
RJ2-SPFCS-0089,2800,1700
ROB2-HC0007,18500,11100
CTX2-30250,62300,37400
UNO2-KVL0001A,10000,6000
UNO2-KVE1636A,9600,5800
UNO2-KEL1140A,1800,1100
UNO2-KRS1095A,5200,3200
UNO2-KVL1014A,4000,2400
UNO2-KVE0009B,9300,5600
UNO2-KEL1424A,3300,2000
RON2-53366,4600,2800
VRM2-R40-141,1500,900
VRM2-CR20-75AM,32300,19400
MBM2-RTCU800181,900,540
MBM2-186391,14800,8900
ZNS2-0C2666,32300,19400
MBM2-RIC0004892,8700,5300
BES2-30169000,1200,720
ZAN2-MECC0848,4100,2500
MBM2-PACU700447,2700,1700
RON2-121069,15500,9300
ZAN2-MECC0822,4200,2600
RON2-50085,10500,6300
MBM2-RTCU700448,4400,2700
RON2-106218,8700,5300
RON2-135689,16000,9600
MBM2-183863,4500,2700
MBM2-186392,6400,3900
ZAN2-MANDX,5200,3200
MBM2-184154,14200,8600
ZNS2-056789,10300,6200
PMF2-5C030502,1500,900
ZNS2-0CA760,12700,7700
MBM2-RTCU700278,4600,2800
PMF2-5M010004,15600,9400
PMF2-7S010010,5100,3100
PMF2-5R010001,10200,6200
CTX2-68229,10700,6500
MBM2-184842,2200,1400
MBM2-RIC0003214,4700,2900
BES2-31807600,1200,720
PMF2-3A050514,2600,1600
RON2-12061,84200,50600
RON2-50628,23300,14000
TBC2-103548,4900,3000
ROL2-76101,1400,840
ZAN2-MECC0847,130000,78000
RJ2-FC1600-003,56200,33800
ROB2-HC0161,5600,3400
RON2-121070,14600,8800
CRO2-8-6030,2400,1500
CRO2-3415-1,2700,1700
CRO2-6604-1,104000,62400
CRO2-3412-2,11000,6600
CRO2-4661-4,9100,5500
CRO2-3974-2,94900,57000
CRO2-7-5016,157000,94200
CRO2-9064-23H,2700,1700
COG2-927044,4500,2700
COG2-65600,89800,53900
COG2-80627,17000,10200
COG2-929174,107000,64200
ROL2-F04012,4500,2700
ROL2-F05022,3200,2000
ROL2-D01033,870,522
COG2-69282,3000,1800
ZAN2-GHIE0012,10500,6300
ZAN2-ELET0483,2600,1600
PIT2-BO10121,6400,3900
PIT2-B8706201-C,5500,3300
COG2-65755,3200,2000
COG2-80815,4100,2500
ROL2-36091,3400,2100
ROL2-A06063,4900,3000
ROL2-H03007,2300,1400
COG2-70100,54000,32400
COG2-75648,3400,2100
COG2-65018,1700,1100
COG2-65922,59200,35600
COG2-927104,40500,24300
COG2-80829,3600,2200
COG2-80826,4900,3000
COG2-75983,15200,9200
COG2-DEI40N,12300,7400
COG2-DEI36N,12300,7400
COG2-70939,2100,1300
COG2-70941,6800,4100
COG2-70944,4400,2700
COG2-70945,5200,3200
COG2-75429,7400,4500
COG2-65883,3500,2100
PMF2-5C030513,1100,660
PMF2-5C020135,1800,1100
PMF2-5C020113,950,570
PMF2-5P030033,2800,1700
PMF2-5C030508,2800,1700
PMF2-5C020138,950,570
PMF2-5C020139,1800,1100
PMF2-5P030039,820,492
PMF2-5C030012,950,570
COG2-104056,14700,8900
COG2-143248,1800,1100
COG2-127174,960,576
VRM2-AR31-530.22M,58900,35400
ROB2-ES0408,2200,1400
HAT2-04.11.231.21,3300,2000
ROL2-A05018,2800,1700
ROL2-37380SE,22200,13400
ROL2-E02189,1800,1100
ROL2-E02264,1400,840
DUH2-BO10208,55500,33300
COG2-65747,2000,1200
COG2-927114,3200,2000
COG2-DEI38N,11400,6900
COG2-74933,2500,1500
COG2-K67876,3500,2100
COG2-67600,96400,57900
COG2-999372,5700,3500
COG2-K67875,2300,1400
VRM2-CR30-90,8600,5200
VRM2-CR20-128,3800,2300
VRM2-CR20-129,5500,3300
VRM2-CR20-85,46700,28100
VRM2-CR30-63M,2300,1400
VRM2-CR20-62M,12000,7200
VRM2-CR20-23M,20700,12500
VRM2-R15-215,1400,840
VRM2-RN20-9,15900,9600
VRM2-56CR20-110M,4600,2800
VRM2-CR20-552.4M,63300,38000
VRM2-56CR20-111M,11500,6900
VRM2-CR20-501.13M,49400,29700
JTA2-301040682,21700,13100
JTA2-301090065,2400,1500
JTA2-302020016,7600,4600
HAT2-R02.09.200E.00,1700,1100
ROL2-53077,870,522
ROL2-F01083SE,8200,5000
ROL2-35087SE,3300,2000
ROL2-A15067,1600,960
ROL2-F01057,2600,1600
ROL2-07088FSE,1100,660
VRM2-AR31-47Z,13300,8000
VRM2-R27-128,14500,8700
VRM2-56G20-280,4000,2400
VRM2-R27-62Z,15500,9300
VRM2-AR31-68Z,10500,6300
VRM2-R27-83Z,4100,2500
VRM2-R30-69Z,3000,1800
VRM2-AR81-173,4700,2900
MBM2-200902,2600,1600
MBM2-186315,13100,7900
MBM2-163290,2400,1500
MBM2-RIC0005135,5000,3000
MBM2-RIC0005139,7900,4800
MBM2-168006,7300,4400
JTA2-302230092,3000,1800
BKP2-V-R3021A,930,558
HOU2-30900059,18600,11200
PMF2-5R010202,4400,2700
PMF2-5P020005,2200,1400
PMF2-5C150002,11400,6900
ROB2-HC0052,5100,3100
ROB2-HC0062,14200,8600
ROB2-TC0002,2300,1400
HAT2-02.12.121.00,10500,6300
HAT2-02.20.515.00,1800,1100
PIT2-60132705,1700,1100
PIT2-60132706,1900,1200
PIT2-P5045701,8600,5200
MBM2-RTCU900220,1500,900
MBM2-RTCP900063,3100,1900
MBM2-176874,47400,28500
MBM2-RTCU700476,10200,6200
MBM2-RIC0004988,10100,6100
MBM2-GACU700263,12700,7700
MBM2-RIC0004963,2100,1300
MBM2-202052,1400,840
MBM2-186773,4400,2700
ROB2-VS0348,32000,19200
LAC2-973511000F,1900,1200
LIN2-DS37,5600,3400
LIN2-LE15,2700,1700
LIN2-FI60,10000,6000
LIN2-MC13,15200,9200
LIN2-MCK01,20000,12000
LIN2-LE13,4000,2400
LAC2-457427008F,16500,9900
LIN2-KN188,1200,720
LAC2-477512030,5900,3600
LIN2-KN180,920,552
LIN2-EL18,10400,6300
LIN2-BA77,2000,1200
LIN2-TA12,11400,6900
LIN2-BA158,7100,4300
LIN2-CA235,3300,2000
LIN2-CCB04,50500,30300
LIN2-CF02-S,26900,16200
LIN2-CP42,7500,4500
LIN2-DI53,1800,1100
LIN2-EL343,26000,15600
LIN2-EL346,39600,23800
LIN2-MG01,9700,5900
LIN2-MO32-S,17300,10400
LIN2-PS15,13900,8400
LIN2-TC57-S,10100,6100
LIN2-TX02,21100,12700
LAC2-2771133839,4900,3000
LAC2-465992010,1700,1100
LAC2-531194720,1600,960
LIN2-EL141,12200,7400
LIN2-PR103,15500,9300
LIN2-KN184,1100,660
LIN2-CA209,2200,1400
LIN2-CA210,4000,2400
LIN2-CC01,35400,21300
LIN2-CDB01,47000,28200
LIN2-CG121,31100,18700
LIN2-EL324,10300,6200
LIN2-PL306,5300,3200
LIN2-FA128,5200,3200
LIN2-CG113,31100,18700
LIN2-IM24,74000,44400
LIN2-FI41,1800,1100
LIN2-FI34,8400,5100
LIN2-PL202,5500,3300
LIN2-S-R0181,20400,12300
LAC2-800134843,4900,3000
LIN2-LA14,2100,1300
LIN2-TH107,11200,6800
LIN2-CO215,9400,5700
AMA2-10937200,11600,7000
CHX2-TG-2603,2400,1500
AMA2-10110311,8900,5400
AMA2-D7751101,1900,1200
AMA2-D7784901,4700,2900
AMA2-R0156912,4900,3000
AMA2-R0156915,6000,3600
AMA2-R0154047,1100,660
AMA2-D7831005,7400,4500
SAV2-21842,4200,2600
DIH2-2000364,8300,5000
SAE2-0301R03,1200,720
SOU2-1178202,6300,3800
FAG2-U134316,13400,8100
FAG2-R660532,6600,4000
DIH2-30001011-A,8300,5000
WOL2-719298,9800,5900
RHE2-11020,1000,600
STA2-2E-Z3007,2200,1400
NUO2-04900195,8000,4800
SAV2-51142,2000,1200
NUO2-04900113,19500,11700
WYO2-1334600,2800,1700
ELO2-E0431,6200,3800
ARP2-123521,860,516
ARP2-123070,17200,10400
ARP2-123480,2300,1400
ARP2-123522,1600,960
FAG2-U329200,8900,5400
COF2-489,1500,900
DIH2-30001011-B,8300,5000
DIH2-3004026,4600,2800
SAV2-21281,6400,3900
STA2-2N-Z2126,11000,6600
REG2-131-62,3800,2300
FAG2-X316503,13000,7800
NUO2-01300004,4800,2900
NUO2-04900123,36000,21600
NUO2-04800005,1900,1200
SAM2-2149250,5000,3000
NUO2-04100012(MASTER),3000,1800
BAR2-BR-26006,6000,3600
FAG2-U262103,1300,780
NAY2-GS2169,2000,1200
BEN2-5021,1800,1100
WOL2-763457-A,13800,8300
NUO2-98005006,2200,1400
BET2-099407,9900,6000
BET2-018079,3600,2200
BIR2-71-0,3700,2300
SOU2-1176005,5400,3300
BIR2-MC32-17,5600,3400
CHX2-SG-2307,2100,1300
CHR2-SUP0007,1700,1100
BIR2-850-1020,2500,1500
SAV2-21353,2350,1500
FAG2-Z713002,1200,720
FAG2-X033000,2800,1700
BIR2-10-0,6200,3800
BLO2-11523,6900,4200
SAE2-0301R1000A,2700,1700
WYO2-83859,12100,7300
SAE2-0301046230,1220,732
FAG2-U442134,2000,1200
SUT2-1,1200,720
FAG2-U322118,3300,2000
COF2-509,1300,780
NAY2-GS3602,1200,720
NUO2-14100040,1000,600
TRI2-TS-1075,1100,660
CHR2-32211,1800,1100
LAS2-108143,2400,1500
SOU2-1182151,9300,5600
RHE2-11000,3300,2000
WYO2-1473102,2200,1400
DIT2-10676,10700,6500
SAV2-21351,2800,1700
NUO2-04100038,2000,1200
FAG2-U322101,1700,1100
DCS2-12024,26000,15600
DIT2-10667,1500,900
NUO2-16300024,1630,978
NUO2-16300025,1370,822
SAV2-21200,1200,720
SAM2-2140351,3500,2100
SAM2-2149221,5000,3000
VAC2-GASKET,1600,960
VAC2-PRESSURE-TUBE,5300,3200
STA2-2N6462,34800,20900
STA2-2SY8321,3100,1900
STA2-2TY3330,24900,15000
SOU2-1176017,14500,8700
SOU2-1038099,14900,9000
SOU2-1176099,9500,5700
VAC2-SILICON-PROFIL,1600,960
WEL2-50398,2400,1500
CON2-92024,4200,2600
CON2-92101,1800,1100
MON2-22818-4,3500,2100
DCS2-12117,2800,1700
VUL2-413225-G1,6900,4200
VUL2-417256-1,3600,2200
FAG2-U562130,1200,720
SAM2-4039060,1600,960
TOM2-28153242,4000,2400
TOM2-2912603B,3200,2000
SOU2-1178204,2000,1200
DCS2-1897,2600,1600
DCS2-13023,1800,1100
DCS2-14110,2300,1400
DIH2-3002052,1200,720
SOU2-1175409,96800,58100
FRA2-400362,2400,1500
STA2-2E78785,1400,840
STA2-2NY8227,6900,4200
CHR2-117,7400,4500
DIH2-10702,810,486
DCS2-13017,1500,900
HIC2-542,10000,6000
HIC2-567,6000,3600
HIC2-569,8500,5100
TOL2-D88D,2300,1400
VUL2-409125-3,1700,1100
GOL2-87094,2600,1600
PAN2-CONT040,1500,900
NUO2-16100117,6000,3600
NUO2-16300070,2500,1500
NUO2-16300071,900,540
NUO2-16300098,2000,1200
DIH2-3006080,1300,780
DIH2-2000380,3900,2400
DIH2-2000385,5100,3100
DIH2-2000390,4200,2600
DIH2-2000393,4200,2600
DIH2-2000394,4200,2600
DIH2-2000395,5400,3300
DIH2-2000400,4200,2600
DIH2-2000310,1900,1200
DIH2-2000311,1900,1200
DIH2-3002055,1100,660
DIH2-2000230,1400,840
DIH2-3002050,2200,1400
DIH2-3002051,1200,720
DIH2-3006120,12200,7400
DIH2-2000244,1400,840
DIH2-2000121,2100,1300
DIH2-10707-1,1200,720
DIH2-2000430,1600,960
DIH2-3006061,1200,720
DIH2-10300401,1800,1100
CHR2-845869137,3500,2100
CHR2-48,4500,2700
CHR2-84586971,1500,900
CHR2-84586993,8200,5000
CHR2-84586948,4200,2600
SAM2-2009080,1300,780
WYO2-46850,1800,1100
CHR2-84586939,3500,2100
CHR2-137,2700,1700
TRI2-TS-1040,20300,12200
DIT2-18109,880,528
SAM2-2502967,2500,1500
SAM2-2503995,9500,5700
SAM2-2000571,1700,1100
SAM2-2000572,1000,600
SAM2-2509306,11700,7100
SAM2-2509316,6500,3900
SAM2-2509328,4500,2700
SAM2-2504030,5700,3500
SAM2-2509109,12500,7500
SAM2-2509150,7500,4500
SAM2-2509174,9500,5700
SOU2-1170425,8800,5300
SAM2-2509188,11000,6600
SAM2-2504293,9500,5700
SAM2-2509142,13800,8300
SAM2-2509145,12500,7500
SAM2-2509186,6000,3600
INB2-55,3200,2000
INB2-LIGHT,1200,720
SAV2-21242,1000,600
SAV2-21277,6000,3600
SAV2-30042,1000,600
SAV2-21453,3500,2100
CON2-92113,4700,2900
RHE2-10080,2000,1200
SAM2-2059026,2200,1400
SAM2-2050575,25500,15300
WAR2-002963,2100,1300
WAR2-009358,1200,720
FAG2-U322102,3300,2000
FAG2-U565403,5500,3300
COF2-BEARING,1100,660
RHE2-FRAME-D10,2000,1200
WOL2-715107,33200,20000
COF2-EVAPORATOR120,8900,5400
RHE2-4,1200,720
COF2-16,2700,1700
COF2-40,1100,660
COF2-19+20,19800,11900
COF2-29,3300,2000
TOL2-P338,2300,1400
CRA2-1059,4200,2600
COF2-295,4800,2900
FRA2-400360,2900,1800
FRA2-400361,3420,2100
ROU2-0010145,830,498
ROU2-0200146,1330,798
ROU2-4010105,1400,840
ROU2-403K157,2760,1700
FRA2-600216,5500,3300
COF2-14(COUNTER-PADDLE),1400,840
WYO2-1404408,9400,5700
ELO2-390006,18500,11100
ELO2-P0185,1100,660
ELO2-P0187,820,492
ELO2-P0268,4500,2700
EUR2-RF000615,2000,1200
EUR2-RH000828,4800,2900
EUR2-RI003551,5200,3200
RHE2-11024,1100,660
GRI2-90-027,1300,780
RHE2-11078,6000,3600
RHE2-35,2760,1700
FRA2-177019,22000,13200
FRA2-177061,1080,648
FRA2-177064,12000,7200
FRA2-177183,1700,1100
FRA2-177186,1700,1100
FAG2-X383005,4000,2400
DIH2-10300117,4500,2700
DIH2-2000320,6600,4000
MON2-3447-9,17200,10400
WYO2-20658-01,4200,2600
WYO2-1328110,9400,5700
SOU2-1161998,37800,22700
SOU2-1175375,41800,25100
FRN2-141206,2500,1500
RHE2-12101,1200,720
PER2-PILOT-LIGHT,1400,840
DIH2-10708,2200,1400
GRI2-90-027-5,1000,600
GRI2-90-028,1500,900
GRI2-90-015,3000,1800
GRI2-90-017,1000,600
WYO2-1327310,4200,2600
PIE2-TRANSFORMER,2300,1400
RHE2-16067,2800,1700
RHE2-16004,3000,1800
RHE2-16005,3500,2100
SAM2-2002825,38000,22800
HOB2-BEATER,38200,23000
NUO2-04500031,8800,5300
NUO2-14100029,1300,780
NUO2-14100036,1800,1100
ELO2-E0232,3000,1800
ELO2-H0680,1500,900
ELO2-K0826,7500,4500
ELO2-V0602,15000,9000
ELO2-X0586,1400,840
FAG2-S116127,1700,1100
SAM2-2140617,5500,3300
ELO2-E0506,8200,5000
ELO2-H0360,820,492
TOL2-D82,4400,2700
NAY2-GS3645,13000,7800
NAY2-GS2010,1000,600
LAS2-0662,2200,1400
NUO2-04100005,1000,600
NUO2-05000162,1800,1100
SAM2-2059066,22000,13200
POE2-237180,2100,1300
POE2-239277,7200,4400
PIE2-COMMUTATOR,4000,2400
PIE2-THERMO,12500,7500
SAM2-2009318,2500,1500
RHE2-10079,2000,1200
LAP2-438105,34000,20400
MON2-2067-2,17900,10800
WOL2-713447,2600,1600
SAE2-912108000A,4900,3000
PIE2-BELT(S600),1300,780
PIE2-LIMIT(S600),1900,1200
PIE2-SWITCH(S600),1500,900
RHE2-01341,5600,3400
RHE2-01342,10400,6300
RHE2-12100,9000,5400
RHE2-12102,9600,5800
RHE2-12104,12000,7200
MON2-6703-2,109000,65400
FAG2-X156117,7000,4200
MON2-1031-6,20700,12500
SAV2-22054,9200,5600
SOU2-1172130,3600,2200
SOU2-1170350,2000,1200
SOU2-1170337,3800,2300
SOU2-1172277,20300,12200
UNI2-7100020,1500,900
UNI2-7100021,1100,660
UNI2-1023087,11700,7100
UNI2-S-S-BOWL,25300,15200
UNI2-1035024,24000,14400
PER2-TIMER-MOTOR,2400,1500
SAV2-14673,3400,2100
SAV2-22666,3000,1800
FRA2-297263,1920,1200
FRA2-09580111,4200,2600
FAM2-F0143,1200,720
GMI2-120600,2300,1400
SAM2-2119009,4000,2400
SAM2-2119012,1700,1100
SAM2-4030510,17000,10200
FAM2-F0030,900,540
TRI2-TS-1039,18500,11100
MON2-19692-4,13900,8400
MON2-20239-8,20300,12200
MON2-20535-4,2100,1300
MON2-20564-8,20100,12100
FRA2-295101,21000,12600
FRA2-295091,2100,1300
SAM2-2141463,68000,40800
SAM2-2149108,3300,2000
SAM2-2149122,4700,2900
SAM2-2140306,3000,1800
SAM2-2140614,5000,3000
FAG2-R672651,14300,8600
POW2-WRHA1G0001,1300,780
FAG2-R293000,2000,1200
FAG2-R665020,820,492
FAG2-X129200,4100,2500
FAG2-U022108,10200,6200
FAG2-R675017,1200,720
PIE2-BELT(MIX30),2800,1700
PIE2-SWITCH(1203),1400,840
RHE2-4+5-(S-SWORM),9600,5800
VAC2-SILICON,1600,960
FAG2-Z710529,2500,1500
FAG2-Z710528,3900,2400
SAM2-2140873,10500,6300
NAY2-GS2172,27000,16200
SAM2-2141530,5000,3000
SAM2-2149149,16000,9600
WOL2-719710,1300,780
WOL2-719711,1300,780
SAM2-2509429,7500,4500
MID2-70112,707000,425000
NUO2-04000029,4000,2400
NUO2-04200020,4200,2600
NUO2-40500006,1200,720
NUO2-73012002,900,540
NUO2-40600009,7000,4200
NUO2-40300023.1,1800,1100
SAM2-2009211,3200,2000
SAM2-6100420,2000,1200
BEN2-1021,2700,1700
WNK2-BT-200T-2,2000,1200
WNK2-BT-200T-5,3000,1800
LIN2-PR100,13200,8000
HAM2-990059800,24200,14600
HAM2-950012205,23600,14200
HAM2-990060300,2000,1200
HAM2-990263200,2000,1200
HAM2-990390900,98100,58900
HAM2-990386400,1600,960
HAM2-990349600,2300,1400
HAM2-220008600,1400,840
HAM2-990342801,4200,2600
HAM2-280009200,4400,2700
HAM2-990038100,2400,1500
HAM2-210003901,5500,3300
HAM2-990282100,4300,2600
HAM2-990136400,2700,1700
HAM2-990213300,16600,10000
HAM2-990264700,6800,4100
HAM2-990167370,1700,1100
HAM2-990258100,2800,1700
HAM2-990390800,26300,15800
HAM2-990256700,930,558
HAM2-990265100,14600,8800
HAM2-990277500,16500,9900
HAM2-990308300,4700,2900
HAM2-990266300,18900,11400
HAM2-990257100,4200,2600
HAM2-990276200,5500,3300
HAM2-990276700,6300,3800
HAM2-990255700,1700,1100
HAM2-990277700,5200,3200
HAM2-6126-851,5500,3300
HAM2-990276100,5900,3600
HAM2-990262600,2700,1700
HAM2-6126-950,11700,7100
HAM2-990313300,13900,8400
HAM2-990207500,1700,1100
HAM2-990278200,10600,6400
HAM2-990265900,5900,3600
HAM2-967000150,1200,720
HAM2-990259500,930,558
HAM2-990314800,3100,1900
HAM2-990277000,3900,2400
HAM2-990264000,1700,1100
HAM2-990277900,9200,5600
HAM2-990256900,1400,840
HAM2-990266400,3300,2000
HAM2-990280700,3900,2400
HAM2-990265800,74500,44700
HAM2-967993200,2100,1300
HAM2-990264800,3700,2300
HAM2-990278100,1400,840
HAM2-990262400,1200,720
HAM2-990277401,1600,960
HAM2-990266000,1400,840
HAM2-990256600,3300,2000
HAM2-990206900,9500,5700
HAM2-990276400,1500,900
HAM2-990277300,13100,7900
HAM2-990266500,16500,9900
HAM2-990206600,5000,3000
HAM2-990083700,1200,720
HAM2-990062900,2300,1400
HAM2-990351400,9300,5600
HAM2-990342901,2300,1400
HAM2-596705,890,534
HAM2-990057800,24200,14600
HAM2-990097000,25400,15300
WIN2-3116076,68000,40800
WIN2-3101027,266000,160000
WIN2-3102363,113000,67800
WIN2-3102340,125000,75000
WIN2-3116070,191000,115000
WIN2-3116014,211000,127000
WIN2-3116090,205000,123000
WIN2-5528138,14500,8700
WIN2-62003282,2400,1500
WIN2-70300390,9500,5700
WIN2-70004240,1900,1200
WIN2-3102243,40700,24500
WIN2-5528221,2200,1400
WIN2-62002648,4000,2400
WIN2-62001802,6500,3900
WIN2-3102168,7000,4200
WIN2-60003435,4500,2700
WIN2-3501157,1800,1100
WIN2-5511067,3300,2000
WIN2-2910234,1800,1100
WIN2-5527096,21300,12800
WIN2-5513004,11000,6600
WIN2-60001205,2500,1500
WIN2-2810029,7000,4200
WIN2-4003003,6800,4100
WIN2-70002295,47900,28800
WIN2-3104117,25000,15000
WIN2-3106051,47700,28700
WIN2-3106052,10000,6000
WIN2-3124221,15600,9400
WIN2-60002855,10900,6600
WIN2-62001812,9600,5800
WIN2-3104154,9500,5700
WIN2-702001403,4500,2700
WIN2-62001810,2800,1700
WIN2-70004625,15500,9300
WIN2-5505018,4500,2700
WIN2-2901240,2700,1700
WIN2-5515089,3300,2000
WIN2-62001958,24500,14700
WIN2-3126044,12700,7700
WIN2-3102480,15000,9000
WIN2-3106118,1000,600
WIN2-4003052,1800,1100
WIN2-3108025,1800,1100
WIN2-5515081,12500,7500
WIN2-61005083,25000,15000
WIN2-61005333,5400,3300
WIN2-60001204,2200,1400
WIN2-3102407,21200,12800
WIN2-702004258,19000,11400
WIN2-702000964,8800,5300
WIN2-70200125,4000,2400
WIN2-70001753,13200,8000
WIN2-702003883,3300,2000
WIN2-70002428,5000,3000
WIN2-70002490,4200,2600
WIN2-2810005,35900,21600
WIN2-3106179,2000,1200
WIN2-3125045,6000,3600
WIN2-60002453,1700,1100
WIN2-70004155,5800,3500
WIN2-70004623,6300,3800
WIN2-3124036,6300,3800
WIN2-3124115,2500,1500
WIN2-5504019,18800,11300
WIN2-5505035,9500,5700
WIN2-2801053,2500,1500
WIN2-62003600,5600,3400
WIN2-62003352,10500,6300
WIN2-70300346,12300,7400
WIN2-2030503,880,528
WIN2-61004984,3800,2300
WIN2-3205035,8000,4800
WIN2-70005762,5300,3200
WIN2-70008918,9300,5600
WIN2-70008916,20500,12300
WIN2-3102519,8300,5000
WIN2-70000907,7000,4200
WIN2-60003994,6000,3600
WIN2-3103169,18000,10800
WIN2-3111317,34900,21000
WIN2-61004175,5400,3300
WIN2-3102597,41800,25100
WIN2-30000181,72700,43700
WIN2-4002029,2300,1400
WIN2-30002495,35200,21200
WIN2-30002170,29600,17800
WIN2-30002179,8500,5100
BER2-2D-DC-BOTTOM-PANEL,5600,3400
BER2-GL-HE3,15800,9500
BER2-GL-CKE4DG,5200,3200
BER2-MC-TP3237,35200,21200
BER2-IC-DRC150A-CP,23400,14100
BER2-CM-SC21CLX,22200,13400
BER2-CM-THB4419,8800,5300
BER2-CM-CAJ4492,19700,11900
BER2-TM-NTC-C-B,1800,1100
BER2-GS-M1701-D2,1700,1100
BER2-LED-AC6DLFP6,1000,600
BER2-CC-BL-FZR-3MM,45800,27500
BER2-NT-SALA1122,1300,780
BER2-NT-FW45,1500,900
BER2-GL-CHL-O,22700,13700
BER2-RL,2600,1600
BER2-CC-DC211CC,5900,3600
BER2-CC-DC211C,4500,2700
BER2-32X33X6,2000,1200
BER2-ER,2300,1400
BER2-GL-BGC8,8400,5100
BER2-OP-KM234T,2100,1300
BER2-SELVING-LEFT,1100,660
BER2-SELVING-RIGHT,1100,660
BER2-OP-SALA-O.R,3900,2400
BER2-PN-UR6D-B,3900,2400
BER2-GL-CHR-N,22700,13700
BER2-NT-BD6-6,1300,780
BER2-GL-BGC7,8400,5100
BER2-CD-025,3200,2000
BER2-D-CKE5-L,4800,2900
BER2-D-CKE5-R,4800,2900
BER2-GL-HE4,21100,12700
BER2-GS-M1063-UR,1700,1100
BER2-GS-M1071-CT-402X519,1700,1100
BER2-GS-M1071-CT-411X525,1700,1100
BER2-10MF,6200,3800
BER2-CS-D-Y-B-LT,10400,6300
BER2-CS-D-Y-B-LB,10400,6300
BER2-S-ODER-BLKR-CKE3,1300,780
BER2-FE-CS-VDE69W,9200,5600
BER2-72UF-260V,1500,900
BER2-GLC-D-RCS4-L,15300,9200
BER2-CD-BL-FZR,19500,11700
BER2-BR-201A-1,3600,2200
BER2-FL-FD3-8-S,1500,900
BER2-AP-4540G,1100,660
BER2-OP-GDF-BR,7500,4500
BER2-GLC-D-RCS4-R,15300,9200
BER2-GL-NFW35-D,1100,660
BER2-117-7012,6200,3800
BER2-GE-PC306FS,3700,2300
BER2-SPO-P-PIE19020004A,1600,960
BER2-GC-SDFH-SM-RC,14900,9000
BER2-SPO-P-C1908042A,18500,11100
BER2-BR-PASTA-400,4500,2700
BER2-FE-F3,1300,780
BER2-CC-ICS12,30600,18400
BER2-IC-WPU-PCB213,6600,4000
BER2-VA-SS3-4,1600,960
BER2-IC-IK-TRANS-A,1200,720
BER2-BK-SDF12A,1900,1200
BER2-CC-52DF,14800,8900
BER2-CD-150N,15300,9200
BER2-GL-BMC6U,2100,1300
BER2-GL-BMC6S,2100,1300
BER2-D-B5-8-950-R,7300,4400
LKK2-KSQ3-10,1700,1100
LKK2-SB6-03,6700,4100
LKK2-DOOR-PL-6,7400,4500
LKK2-56,1700,1100
LKK2-PULLEY,3600,2200
LKK2-BOWL,24500,14700
LKK2-TR12-28-00,17400,10500
LKK2-KSQ3-LITTLE-FLOAT,1300,780
LKK2-TIMER(EF-171),840,504
LKK2-B30-06-17,1500,900
LKK2-KNIFE(NO.3),3900,2400
LKK2-QS503A-01-09,840,504
LKK2-B40-06-05B,8600,5200
LKK2-UP-DECORATE(EPC-4T),1600,960
LKK2-UP-DECORATE(EPC-6T),1900,1200
LKK2-GLASS-FRAME,1100,660
LKK2-RIGHT-SIDE-PANEL-RED,840,504
LKK2-RHX-12-27,950,570
LKK2-EHS660#6,1600,960
LKK2-EHS330#6,1100,660
LKK2-HEATING(JB35),1300,780
LKK2-TSP520-54,1100,660
LKK2-YD1325-5-4,61700,37100
LKK2-B80-205,4700,2900
LKK2-B20F-59,4300,2600
LKK2-IND350W-21,820,492
LKK2-TC25-47-7,1100,660
LKK2-B40-05-19,1500,900
LKK2-HWH25-03-02,1100,660
LKK2-750W,68500,41100
LKK2-JG300-44,10600,6400
LKK2-245,1200,720
LKK2-BODY-FOR-HYG2D,3200,2000
LKK2-SWITCH(JG210),1200,720
LKK2-JG300A-60,3200,2000
LKK2-JG-210-40,840,504
LKK2-QS503A-08-04,1100,660
LKK2-LEFT-SIDE-DOOR-FRAME,1100,660
LKK2-LEFT-SIDE-PANEL(RED),1100,660
LKK2-008-300L,1100,660
LKK2-002-300L,1700,1100
LKK2-014-300L,1100,660
LKK2-BT-200T1-3,1200,720
LKK2-LK-GDO-9,840,504
LKK2-EPZ6-21,1300,780
LKK2-HYG-2D-016,1100,660
LKK2-ขอบยางแบบแม่เหล็ก,2300,1400
LKK2-HYG-1D-002,1100,660
LKK2-38,2200,1400
LKK2-TC42-5-13,2100,1300
LKK2-CENTRIFUGAL-SWITCH,1100,660
LKK2-LK-BODY-TOP,14100,8500
LKK2-MT30-32-01,1100,660
LKK2-OVEN-DOOR(LK-PL2-4-6,7400,4500
LKK2-ROLLER-TUBE(RG11X),840,504
LKK2-QS503A(NO.12),1700,1100
LKK2-MOTOR(NO.23),13700,8300
LKK2-EHS660#3,1800,1100
LKK2-PLATE(JB35),7400,4500
LKK2-B80-116,10100,6100
LKK2-B80-Z-D2,2400,1500
LKK2-B80-258,3100,1900
LKK2-B80-261,3100,1900
LKK2-B80-257,3100,1900
LKK2-B80-250,3800,2300
LKK2-B80-255,2200,1400
LKK2-B80-263,4700,2900
LKK2-B80-260,2100,1300
LKK2-B80-256,2300,1400
LKK2-B80-246,3800,2300
LKK2-B80-108,1600,960
LKK2-P102,20500,12300
LKK2-B80-252,3100,1900
LKK2-B80-248,2200,1400
LKK2-B80-225,1200,720
LKK2-B80-265,1900,1200
LKK2-B80-109,1200,720
LKK2-B80-207,7400,4500
LKK2-B80-226,1400,840
LKK2-B80-208,30300,18200
LKK2-B80-003,18300,11000
LKK2-HT1100W,2700,1700
SAN2-37103I,9900,6000
SAN2-66110,11600,7000
SAN2-66260,25900,15600
SAN2-52510,2900,1800
SAN2-62332F,45100,27100
SAN2-52515-220-V,12100,7300
SAN2-37101,9300,5600
SAN2-02315,38000,22800
SAN2-02328,7700,4700
SAN2-02201GD,4200,2600
SAN2-02201AG,4200,2600
SAN2-02201CD,4200,2600
SAN2-02201FD,4200,2600
SAN2-06100,3100,1900
SAN2-28658,6000,3600
SAN2-50800,41400,24900
SAN2-09435,7900,4800
SAN2-58230,6400,3900
SAN2-50100,9700,5900
SAN2-50840,8400,5100
SAN2-50810,4600,2800
SAN2-28855,7100,4300
SAN2-62310,18200,11000
SAN2-58361,830,498
SAN2-28659,1800,1100
SAN2-02324,6200,3800
SAN2-02419,2200,1400
SAN2-09200,6900,4200
SAN2-02200,6700,4100
SAN2-02201BD,4200,2600
SAN2-02327,6100,3700
SAN2-02341,2000,1200
SAN2-02124,6200,3800
SAN2-02502,2200,1400
SAN2-50860,41400,24900
SAN2-66311,2300,1400
SAN2-38300,30000,18000
SAN2-66104,2200,1400
SAN2-01202,1900,1200
SAN2-38402,810,486
SAN2-01435,7900,4800
SAN2-01419,2200,1400
SAN2-66230,33000,19800
SAN2-66105,2700,1700
SAN2-66430,3000,1800
SAN2-66431,880,528
SAN2-66255,1700,1100
SAN2-66312,4300,2600
SAN2-66310,2600,1600
SAN2-66411,920,552
SAN2-37615,2000,1200
SAN2-38101,1000,600
SAN2-38102,1000,600
SAN2-38406,1800,1100
SAN2-50720,10200,6200
SAN2-50600,15700,9500
SAN2-52500,24300,14600
SAN2-66254,2200,1400
SAN2-53230,17300,10400
SAN2-52402,1600,960
SAN2-65615,2200,1400
SAN2-70712,1300,780
SAN2-68100,2500,1500
SAN2-68950,4800,2900
SAN2-68653,1800,1100
SAN2-68659,1800,1100
SAN2-68505,3800,2300
SAN2-68516,7000,4200
SAN2-68510,4200,2600
SAN2-28854,1100,660
SAN2-28950,4800,2900
SAN2-62103,1800,1100
SAN2-62330,64000,38400
SAN2-62365,1700,1100
SAN2-62400,3000,1800
SAN2-65101,1100,660
SAN2-65206,38900,23400
SAN2-65263,1500,900
SAN2-65266,1400,840
SAN2-65271,2400,1500
SAN2-65273,1400,840
SAN2-65280,20100,12100
SAN2-37110,3300,2000
SAN2-65624,1700,1100
SAN2-65526,1500,900
SAN2-65411,2600,1600
SAN2-65413,1100,660
SAN2-65204,970,582
SAN2-65625,6400,3900
SAN2-71101,1100,660
SAN2-71507B,2100,1300
SAN2-71200C,7800,4700
SAN2-71410,1600,960
SAN2-71403,850,510
SAN2-71405,2900,1800
SAN2-54330,8000,4800
SAN2-54400,1900,1200
SAN2-54603,880,528
SAN2-54714,3300,2000
SAN2-54710,1700,1100
SAN2-54705,2200,1400
SAN2-54101,2500,1500
SAN2-54105,1600,960
SAN2-11400,14300,8600
SAN2-53706,2000,1200
SAN2-53260,17100,10300
SAN2-65240,33500,20100
SAN2-70250,6800,4100
SAN2-70110,4400,2700
SAN2-70102,830,498
ROE2-39618,3300,2000
ROE2-59551,3900,2400
ROE2-117196,68600,41200
ROE2-102021,870,522
ROE2-29718,1200,720
ROE2-102600,17100,10300
ROE2-39055,1600,960
ROE2-104122,1100,660
ROE2-29628,45900,27600
ROE2-29374,6800,4100
ROE2-100106,5900,3600
ROE2-100702,3200,2000
ROE2-303234,45700,27500
ROE2-105230,1700,1100
ROE2-29767,11600,7000
ROE2-301074,54100,32500
ROE2-509091,8300,5000
ROE2-29761,13300,8000
ROE2-29558,12200,7400
ROE2-303080S,24600,14800
ROE2-118287S,15500,9300
ROE2-117225S,3700,2300
ROE2-104918S,14600,8800
ROE2-101802S,11600,7000
ROE2-101801S,5800,3500
ROE2-100792S,2700,1700
ROE2-89219,2500,1500
ROE2-89216,1100,660
ROE2-59496,42600,25600
ROE2-59495,39100,23500
ROE2-59460,27100,16300
ROE2-59459,27100,16300
ROE2-59458,19700,11900
ROE2-59436,5800,3500
ROE2-59364,6200,3800
ROE2-59347,7400,4500
ROE2-59311,3300,2000
ROE2-59279,2300,1400
ROE2-59278,12400,7500
ROE2-59007,3500,2100
ROE2-39888,1700,1100
ROE2-39703,11600,7000
ROE2-39702,13900,8400
ROE2-39142,830,498
ROE2-27324,68800,41300
ROE2-27305,21400,12900
ROE2-27304,21400,12900
ROE2-405591,1300,780
ROE2-27213,26500,15900
ROE2-302041,55300,33200
ROE2-29191,10500,6300
ROE2-27014,55800,33500
ROE2-406516,2000,1200
ROE2-112288,12200,7400
ROE2-39234,161000,96600
ROE2-49054,1700,1100
ROE2-29539,7600,4600
ROE2-39126,11000,6600
ROE2-29608,10500,6300
ROE2-89615,1900,1200
ROE2-118251S,17300,10400
ROE2-27386,52100,31300
ROE2-102022S,1200,720
ROE2-100701,1200,720
ROE2-100634,21900,13200
ROE2-39639,6700,4100
ROE2-29894,2400,1500
ROE2-29485,2400,1500
ROE2-100953,5900,3600
ROE2-118156S,2800,1700
ROE2-89003,16000,9600
ROE2-3144S,32300,19400
ROE2-39307,5100,3100
ROE2-101033,920,552
ROE2-101142,2500,1500
ROE2-39705,920,552
ROE2-89000,5100,3100
ROE2-39688,17700,10700
ROE2-39820,45900,27600
ROE2-101967S,29400,17700
ROE2-39241,11500,6900
ROE2-29218,9100,5500
ROE2-208582S,1200,720
ROE2-39691,13200,8000
ROE2-503354S,5000,3000
ROE2-39495,1300,780
ROE2-118155S,3100,1900
ROE2-39118,11000,6600
ROE2-39761,36200,21800
ROE2-117987,105000,63000
ROE2-39253,2700,1700
ROE2-39522,3500,2100
ROE2-39110,11000,6600
ROE2-39336,850,510
ROE2-118268S,3500,2100
ROE2-59155,64200,38600
ROE2-102455,38000,22800
ROE2-39235,8000,4800
ROE2-118100,1400,840
ROE2-29196,12600,7600
ROE2-29134,66700,40100
ROE2-39869,11200,6800
ROE2-119205S,6200,3800
ROE2-29932,5000,3000
ROE2-504728,4300,2600
ROE2-29217,12600,7600
ROE2-59503,6000,3600
ROE2-503352S,5800,3500
ROE2-101060,1600,960
ROE2-39197,3300,2000
ROE2-59272,17200,10400
ROE2-100950,6900,4200
ROE2-101636S,29400,17700
ROE2-39855,1100,660
ROE2-29144,102000,61200
ROE2-117982S,2700,1700
ROE2-29399,10500,6300
ROE2-39638,5800,3500
ROE2-39675,12900,7800
ROE2-59435,49100,29500
ROE2-39886,3100,1900
ROE2-504702,4900,3000
ROE2-59157,24700,14900
ROE2-59294,37000,22200
ROE2-121858,1400,840
ROE2-503353S,13400,8100
ROE2-117766,3600,2200
ROE2-29177,12600,7600
ROE2-29934,5300,3200
ROE2-59204,15500,9300
ROE2-117079S,19200,11600
ROE2-39778,10500,6300
ROE2-59439,7700,4700
ROE2-59517,18400,11100
ROE2-117984,89300,53600
ROE2-39949,4600,2800
ROE2-117777,3400,2100
ROE2-118127S,1300,780
ROE2-39636,2900,1800
ROE2-39896,4200,2600
ROE2-39915,8600,5200
ROE2-303062S,140000,84000
ROE2-100363,1200,720
ROE2-100963,2000,1200
ROE2-29045,1100,660
ROE2-27382,51000,30600
ROE2-27384,52100,31300
ROE2-118245S,20400,12300
ROE2-118380,12200,7400
ROE2-29766,1600,960
ROE2-29185,10700,6500
ROE2-39831,43300,26000
ROE2-57070,86600,52000
ROE2-39947,3500,2100
ROE2-39948,19200,11600
ROE2-49074,14400,8700
ROE2-39701,11500,6900
ROE2-104122S,1100,660
ROE2-39124,11000,6600
ROE2-29260,2500,1500
ROE2-125290S,1200,720
ROE2-39483,10500,6300
ROE2-39873,1200,720
ROE2-27375,80900,48600
ROE2-59137,9900,6000
ROE2-119200S,2300,1400
ROE2-59505,35700,21500
ROE2-49160,4900,3000
ROE2-39859,1700,1100
ROE2-103205,6300,3800
ROE2-29600,1100,660
ROE2-119266S,13900,8400
ROE2-59395,3400,2100
ROE2-102098,3900,2400
ROE2-106250S,10300,6200
ROE2-39818,2300,1400
ROE2-39157,5000,3000
ROE2-59156,16200,9800
ROE2-501105S,1100,660
ROE2-39530,6400,3900
ROE2-49161,4900,3000
ROE2-101643,3900,2400
ROE2-39824,11200,6800
ROE2-29905,9800,5900
ROE2-89976,11300,6800
ROE2-89008,2900,1800
ROE2-39687,4900,3000
ROE2-117922S,18000,10800
ROE2-39268,3600,2200
ROE2-59128,17800,10700
ROE2-57069,80400,48300
ROE2-119167S,8000,4800
ROE2-57072,83600,50200
ROE2-118296S,30900,18600
ROE2-29629,21900,13200
ROE2-39515,3600,2200
ROE2-121836,3800,2300
ROE2-49435,69700,41900
ROE2-39633,2200,1400
ROE2-39853,1300,780
ROE2-104113,3100,1900
ROE2-29082,860,516
ROE2-119204S,6200,3800
ROE2-29378,2500,1500
ROE2-102309,10700,6500
ROE2-59310,1300,780
ROE2-27190,10400,6300
ROE2-117954S,19700,11900
ROE2-29250,2500,1500
ROE2-100952,2400,1500
ROE2-59203,21400,12900
ROE2-118151S,12800,7700
ROE2-117641,5500,3300
ROE2-29179,9100,5500
ROE2-29936,5800,3500
ROE2-141780,143000,85800
ROE2-39950,7300,4400
ROE2-39964,1600,960
ROE2-39974,66200,39800
ROE2-400177,1100,660
ROE2-400538,1100,660
ROE2-49090,10500,6300
ROE2-502495S,950,570
ROE2-504703,5000,3000
ROE2-505087,3400,2100
ROE2-507256,11000,6600
ROE2-507683,1400,840
ROE2-507694,1200,720
ROE2-57019,34700,20900
ROE2-57083,76200,45800
ROE2-57091,133000,79800
ROE2-57145,34700,20900
ROE2-57156,34700,20900
ROE2-57211,56300,33800
ROE2-59001,1600,960
ROE2-59017,31500,18900
ROE2-59151,35300,21200
ROE2-59152,26000,15600
ROE2-59161,22900,13800
ROE2-59162,22900,13800
ROE2-59163,13800,8300
ROE2-59169,1500,900
ROE2-59192,12900,7800
ROE2-59208,8100,4900
ROE2-59293,12000,7200
ROE2-59349,13000,7800
ROE2-59404,42100,25300
ROE2-59440,10400,6300
ROE2-59486,4500,2700
ROE2-59514,11100,6700
ROE2-59515,2200,1400
ROE2-59516,6700,4100
ROE2-59520,28700,17300
ROE2-59608,1200,720
ROE2-89033,2700,1700
ROE2-89070,810,486
ROE2-89151,4600,2800
ROE2-89606,1600,960
ROE2-89651,24000,14400
ROE2-89994,18800,11300
ROE2-102332,4000,2400
ROE2-27310,21800,13100
ROE2-27316,25200,15200
ROE2-49431,3300,2000
ROE2-49460,15100,9100
ROE2-59273,5300,3200
ROE2-118132S,2200,1400
ROE2-105905S,14600,8800
ROE2-59222,7200,4400
ROE2-511622S,4100,2500
ROE2-59482,30400,18300
ROE2-89152,1400,840
ROE2-59590,27100,16300
ROE2-39871,10500,6300
ROE2-89094,11800,7100
ROE2-89092,35200,21200
SIR2-49370120,1800,1100
SIR2-19411008,4600,2800
SIR2-LF1533030I2,4200,2600
SIR2-IB4030713,3700,2300
SIR2-IB9865600,23500,14100
SIR2-LF202106025,22300,13400
SIR2-LF142106005,4000,2400
SIR2-MF0169,6700,4100
SIR2-29530251L,14900,9000
SIR2-LF1061102,2600,1600
SIR2-19510250.09,1900,1200
SIR2-MF0192,2900,1800
SIR2-281032045X,3400,2100
SIR2-IB5054002C,15600,9400
SIR2-IV1020106,3900,2400
SIR2-281542,3000,1800
SIR2-SM500722N,4800,2900
SIR2-66204000,14200,8600
SIR2-LF1041025,1200,720
SIR2-19702005,2000,1200
SIR2-LF1143101,950,570
SIR2-19562395,4400,2700
SIR2-49374020L.11,2300,1400
SIR2-LF142106001,7100,4300
SIR2-195102074,2800,1700
SIR2-LF1810501,24000,14400
SIR2-19513064,4100,2500
SIR2-LF182505003,38400,23100
SIR2-MF0123,16200,9800
SIR2-19525060,1200,720
SIR2-IW2071220064,1600,960
SIR2-IW1071240325A,22500,13500
SIR2-IW1071220010,46900,28200
SIR2-19510664,9200,5600
SIR2-19510420.13,9600,5800
SIR2-19510764,3700,2300
SIR2-19511720,20900,12600
SIR2-19530654.12,2700,1700
SIR2-19540154.15,2300,1400
SIR2-19511252C,1900,1200
SIR2-19511253C,1700,1100
SIR2-LF1010704,1600,960
SIR2-19513060,7400,4500
SIR2-19500560,2800,1700
SIR2-19531057A,2900,1800
SIR2-IGS103123,1500,900
SIR2-IGS103093,1500,900
SIR2-IB9865335.05,7300,4400
SIR2-AMG264,4000,2400
SIR2-AMC800,6000,3600
SIR2-LF1013008,31400,18900
SIR2-MF2217,1500,900
SIR2-LF1010032,2500,1500
SIR2-LF1809001,75900,45600
SIR2-49700353,6800,4100
SIR2-49567001,980,588
SIR2-LF202502250,3000,1800
SIR2-OSC649199,1100,660
SIR2-IV5966010,2300,1400
SIR2-LF1533020I,3500,2100
SIR2-PJET32296,16600,10000
SIR2-49370020,1600,960
SIR2-LF202106200,10900,6600
SIR2-LF202120200,12500,7500
SIR2-19510616EL,1800,1100
SIR2-19510419.11,7300,4400
SIR2-19530740,5600,3400
SIR2-TR069326000,910,546
SIR2-IV1080605,3900,2400
SIR2-LF18G32901,45600,27400
SIR2-EK008BS042,1500,900
SIR2-LF182502003,29300,17600
SIR2-LF202106050,6800,4100
SIR2-LF2043340,13500,8100
SIR2-LF202502203,9300,5600
SIR2-LF202502300,12900,7800
SIR2-49401533,14200,8600
SIR2-IV4050600,5200,3200
SIR2-EK008BS014PGTG,9100,5500
SIR2-LF202106220,2400,1500
SIR2-49410220,3100,1900
SIR2-19500464L,1300,780
SIR2-LF202106240,2700,1700
SIR2-19500102,1700,1100
SIR2-MSC09V006,14400,8700
SIR2-19500474,1300,780
SIR2-29530252L,20000,12000
SIR2-TR374755000,5600,3400
SIR2-LF142120025,7700,4700
SIR2-49418020,4800,2900
SIR2-19700170,19300,11600
SIR2-19530424,1200,720
SIR2-IGS701213,19100,11500
SIR2-IGS701233,18900,11400
SIR2-GM2486520,16800,10100
SIR2-19513064.15,8200,5000
SIR2-LF202505261,3100,1900
SIR2-LF142112045,2700,1700
SIR2-LF1838303,41400,24900
SIR2-LF2032821,17500,10500
SIR2-IW2071230545,16100,9700
SIR2-MF2132,3900,2400
SIR2-29531060,5200,3200
SIR2-LF2001037,2200,1400
SIR2-19512260,1800,1100
SIR2-TR374770000,2600,1600
SIR2-LF142502201,910,546
SIR2-IB4003001,1200,720
SIR2-LF0221A20030503,11800,7100
SIR2-IB5000300,22600,13600
SIR2-49534000,2100,1300
SIR2-LF202106230,2600,1600
SIR2-49700352,7300,4400
SIR2-LF202502264,5400,3300
SIR2-29021251,2100,1300
SIR2-LF202106027,8100,4900
SIR2-LF202502015,11600,7000
SIR2-LF2035888,4900,3000
SIR2-LF2031406,12200,7400
SIR2-IW2071250046,96500,57900
SIR2-TR069330000,8900,5400
SIR2-29530452L,6000,3600
SIR2-IV1080100,8800,5300
SIR2-LF2043240,10100,6100
SIR2-IB5940421,3700,2300
SIR2-IV1020615,3700,2300
SIR2-IB1980415C,3900,2400
SIR2-LF1035831,1200,720
SIR2-IV1320606,1300,780
SIR2-29536011L,7800,4700
SIR2-LF1033019,1100,660
SIR2-IW2071250200,12300,7400
SIR2-IW2071230200,5900,3600
SIR2-OSC649275,7200,4400
SIR2-IV5820510,910,546
SIR2-IV2080600,3800,2300
SIR2-PJET42269,1600,960
SIR2-IV2080610,850,510
SIR2-LF1844503,19200,11600
SIR2-IV2060500,1300,780
SIR2-LF202112255,4600,2800
SIR2-LF1011016,1300,780
SIR2-TR069329000,8900,5400
SIR2-49535011,3900,2400
SIR2-PJET80106,1500,900
SIR2-GRG103348,3300,2000
SIR2-LF202106205,4800,2900
SIR2-IV5050603,25200,15200
SIR2-PJET80104,1800,1100
SIR2-29530351L,5400,3300
SIR2-LF202502210,5300,3200
SIR2-OSC041917,22800,13700
SIR2-LF1533016I,3500,2100
SIR2-49401532,28000,16800
SIR2-LF1013001,39800,23900
SIR2-LF142505005,1800,1100
SIR2-OSC708237,1400,840
SIR2-49373001,2600,1600
SIR2-IB4003004,1300,780
SIR2-LF142112043,1500,900
SIR2-LF202505020,1100,660
SIR2-OSC649131,2000,1200
SIR2-19531710,3200,2000
SIR2-LF202106225,3400,2100
SIR2-IW2071220043,10000,6000
SIR2-LF202106055,14900,9000
SIR2-PJET42230,1800,1100
SIR2-LF202106045,5600,3400
SIR2-19511240,2900,1800
SIR2-IB5940420,3000,1800
SIR2-EK008BS015LFL,1800,1100
SIR2-29515005,1500,900
SIR2-LF2043244,5700,3500
SIR2-IV2080606,4100,2500
SIR2-LF202502255,1800,1100
SIR2-FG9072,2100,1300
SIR2-19413014.19,13100,7900
SIR2-TR374782000,1800,1100
SIR2-TR374823000,2400,1500
SIR2-EK008BS047,20200,12200
SIR2-19531042,2800,1700
SIR2-LF1831501,36000,21600
SIR2-LF202505023,1400,840
SIR2-49401820,14600,8800
SIR2-LF2043544,7000,4200
SIR2-IV4050610,850,510
SIR2-IV1080625,1500,900
SIR2-IV2270500,2700,1700
SIR2-19540140,910,546
SIR2-LF1035804,4000,2400
SIR2-LF1533018I,3500,2100
SIR2-18300404254T,12400,7500
SIR2-LF142112035,4100,2500
SIR2-IV1020616,1100,660
SIR2-19401800A,20700,12500
SIR2-LF2043119,10100,6100
SIR2-LF1035810,6300,3800
SIR2-LF1813002,22200,13400
SIR2-LF2035880,3100,1900
SIR2-OSC649342,19000,11400
SIR2-LF1010005,980,588
SIR2-LF1533012I,3500,2100
SIR2-19510337,7400,4500
SIR2-LF2001027,2200,1400
SIR2-PJET42499,13800,8300
SIR2-LF142112040,1900,1200
SIR2-LF202120130,20400,12300
SIR2-19027664,1300,780
SIR2-LF2039212,3800,2300
SIR2-LF2044536,3400,2100
SIR2-PJET43812,3500,2100
SIR2-19500560A,7400,4500
SIR2-29515004,1400,840
SIR2-49565501,910,546
SIR2-IV2420606,4100,2500
SIR2-19513034,1600,960
SIR2-19525052,1200,720
SIR2-LF18G32802,42300,25400
SIR2-LF2043129,3900,2400
SIR2-29530451L,3900,2400
SIR2-49401522,10900,6600
SIR2-LF2030522090,10100,6100
SIR2-LF1810506,35100,21100
SIR2-IV1080606,1900,1200
SIR2-LF1013060,1300,780
SIR2-LF1033036,8400,5100
SIR2-LF182106003,22400,13500
SIR2-LF142502015,3700,2300
SIR2-LF202106210,2400,1500
SIR2-OSC708239,2300,1400
SIR2-19419090,980,588
SIR2-IB5940940,4800,2900
SIR2-IB5970806,4900,3000
SIR2-GM4253155,13400,8100
SIR2-GM4253125,2600,1600
SIR2-LF1010088,3900,2400
SIR2-29030511,2300,1400
SIR2-LF202908102,3700,2300
SIR2-LF142505015,3700,2300
SIR2-LF202505255,2600,1600
SIR2-LF202505260,2600,1600
SIR2-LF202505266,5500,3300
SIR2-LF202505201,10100,6100
SIR2-LF142505201,1100,660
SIR2-LF202505250,7200,4400
SIR2-LF202505273,12700,7700
SIR2-49568051,980,588
SIR2-49568061,1700,1100
SIR2-49700350,11200,6800
SIR2-49020345,2000,1200
SIR2-49020350,5800,3500
SIR2-IGS103023,1100,660
SIR2-19510259,5200,3200
SIR2-19539790,1200,720
SIR2-19414090,16800,10100
SIR2-LF1013044,27700,16700
SIR2-TR069360000C,8700,5300
SIR2-IGS304073,1900,1200
SIR2-IGS303323,5700,3500
SIR2-19700305,5300,3200
SIR2-BFS10007,4500,2700
SIR2-BFS10005,1700,1100
SIR2-BFS10028,1500,900
SIR2-GM5806060,7800,4700
SIR2-GM5846040,2400,1500
SIR2-29401810,10800,6500
SIR2-MF2140,10000,6000
SIR2-LF2031510,19900,12000
SIR2-IB5000801A,10000,6000
SIR2-IB5823500,850,510
SIR2-LF202908050,9200,5600
SIR2-LF202908126,4200,2600
SIR2-LF142908015,1600,960
SIR2-GM5256400,1900,1200
SIR2-GM5036000,7000,4200
SIR2-IB2486010,910,546
SIR2-IW1071230110,58300,35000
SIR2-IW1071240013,3200,2000
SIR2-IW1471270020,13900,8400
SIR2-IW1071270038,10900,6600
SIR2-IW1071270084,16100,9700
SIR2-IW1071270065,10000,6000
SIR2-LF1034561,6500,3900
SIR2-IB2490000,1200,720
SIR2-29401552,18600,11200
LKK2-B30-01,20000,12000
BKP2-2F-T1212A,15700,9500
KIT2-9705132,1800,1100
KIT2-4162116,5000,3000
KIT2-9709627,3400,2100
HAT2-02.19.161.00,1700,1100
ROB2-MC0296,4600,2800
HAT2-02.19.164.00,2600,1600
ROE2-104925S,3200,2000
KIT2-3184052,1800,1100
BKP2-2F-3106145,64100,38500
KIT2-4176099,6100,3700
HOU2-30420697,24600,14800
ROE2-39749,3200,2000
ROE2-28120,11200,6800
MBM2-RTCU900110,3200,2000
HAT2-02.16.122.00,2500,1500
ROE2-39977,1800,1100
ROE2-89239,4400,2700
ROB2-SS0765,1900,1200
ROB2-ES0197,2400,1500
LKK2-LK-LEO-BOILER-SENSOR,880,528
LKK2-LK-LEO-36#11,2000,1200
LIN2-SE25,3500,2100
LIN2-SE26,2900,1800
LIN2-MI99,12800,7700
LKK2-LK-LEO-36#8,12600,7600
LKK2-LK-LEO-36#15,1500,900
ROE2-49437,3100,1900
TOA2-1000623,14700,8900
TOA2-1000693K,2000,1200
TOA2-1000680,9300,5600
TOA2-1000105,1100,660
TOA2-1850191,6400,3900
TOP2-98-HD-H,930,558
BER2-IC-VCM-E-TRANS,19600,11800
TOP2-HS098-01,1300,780
SIR2-SFG01-1-0034-0,9200,5600
HAM2-990315500,16700,10100
TOA2-1700562,5100,3100
TBA2-KG30311105,11800,7100
TOP2-M0098SV-124G,5800,3500
TOA2-S1170337,6500,3900
MBM2-200885,13500,8100
ROL2-D02209,5100,3100
SIR2-MSC09AMON.22,8900,5400
HAM2-990279900,13700,8300
COG2-65690,62200,37400
TOA2-1000592,14400,8700
TOA2-1700563,6500,3900
HAT2-R0405106700,3300,2000
HAM2-990182200,8100,4900
TBA2-K3F0624105,7700,4700
TBA2-K2FP419103,19600,11800
TBA2-K1D4400306,10900,6600
TBA2-KUF60DL0102,12700,7700
BKP2-2K-CH0008,18500,11100
SIR2-MSC09V076,10900,6600
MBM2-A800000800,14700,8900
ROL2-E02257,1900,1200
BER2-IC-VCM-EMV,10700,6500
BKP2-V-R3020A,6000,3600
HAT2-R040558000,2700,1700
BER2-BA-PB,1000,600
BER2-TM-XB590L,50200,30200
COG2-209029,10500,6300
LKK2-LK-LEO-HEATER-BOILER,2000,1200
LTE2-O3870,1700,1100
RON2-123570,1500,900
HAM2-990035700,1200,720
RON2-123568,1200,720
BER2-GS-551X539C8,1700,1100
BER2-GS-158X605D3,1700,1100
TBA2-K2F9000108,2100,1300
LKK2-ELEMENT(LK-PL),3700,2300
WIN2-5504024,6000,3600
CAM2-60267,1300,780
HAM2-20609900000,1700,1100
SIR2-MSC04N104,4200,2600
SIR2-19702000,3000,1800
LKK2-22,1100,660
BER2-HT-ERGT5KW,1800,1100
BER2-HT-ERSR5KW,1500,900
ZNS2-0L1568,8000,4800
MBM2-A660000310,7000,4200
MBM2-RTBF800164,7700,4700
ROB2-TS0003,2700,1700
BES2-35614900,8200,5000
TBA2-KR85400400,2700,1700
HAT2-R020904200,1800,1100
HAT2-R0213125,18600,11200
HAT2-020924900,2900,1800
BES2-32365300,1200,720
TBA2-BR84100100,1300,780
SIR2-IW1071240200,15300,9200
VRM2-AR005-027-TD001,3700,2300
MID2-71037,6900,4200
ROE2-117703S,870,522
PIT2-P6072145,16200,9800
HAT2-X020125800,1500,900
HAM2-990084400,2800,1700
COG2-429038,1900,1200
ROB2-PC0417,850,510
LKK2-TIMER(EF-101),840,504
WIN2-3113078,3200,2000
LKK2-RHX-12-23,4600,2800
BER2-BK-23N,2600,1600
LIN2-BA15,6300,3800
LIN2-KN95,920,552
LKK2-LK-EDO-17,14100,8500
LIN2-CO112,13800,8300
LIN2-TA23,10900,6600
BER2-117U5018,1600,960
ZNS2-049901,2300,1400
VRM2-AR005-028-TS002,8200,5000
SIR2-195102072,6700,4100
ROE2-27061,11300,6800
SIR2-GM5646210,13300,8000
LTE2-MIX1.07,3000,1800
LTE2-MIX1.01,2500,1500
HAM2-960020901,8900,5400
SAN2-37330,2300,1400
HAM2-30869800100,1500,900
HAM2-30889800600,2000,1200
HAM2-31809900000,1300,780
BER2-BR-SH,2100,1300
ZAN2-RESI0075,6900,4200
BER2-TI-TIMER,2200,1400
SIR2-281532UX,2900,1800
LKK2-TJ12-33,840,504
SKP2-PM009H0200,14100,8500
LAC2-973032010,3800,2300
SKP2-PM008S0071,4400,2700
MID2-71771,4600,2800
SIR2-19400432,11300,6800
JTA2-302020078-16,1800,1100
RAN2-34200110,2600,1600
PIT2-60148401,1800,1100
HAT2-020119200,4000,2400
LKK2-TC22-17,1100,660
HAT2-X0209258,4600,2800
LAC2-2771133838,5200,3200
PIT2-PP10594,96200,57800
BES2-30168500,1200,720
BES2-30168800,1200,720
PIT2-60128403,19900,12000
MID2-54724,23800,14300
VRM2-AR005-340-TZ001,1900,1200
ROL2-F04045,4900,3000
ROE2-89531,2500,1500
PIT2-B8046101,11900,7200
BER2-3ARR3T6AC3,3100,1900
BER2-GS-571X539C6,1700,1100
BER2-GS-950B6-M,1700,1100
PIT2-PP10263,10400,6300
BES2-24292000,1200,720
BES2-31187000,3000,1800
BES2-22049900,1800,1100
LKK2-RHX-36-12,3700,2300
HAM2-990069600,12500,7500
MID2-28041-0008,11000,6600
MID2-22011-0013,3100,1900
COG2-144010,1400,840
BES2-22037800,6100,3700
COG2-124049,2500,1500
ROB2-TC0028,2100,1300
COG2-206005,3300,2000
PIT2-1850405,2400,1500
TBA2-KR8A100101,4800,2900
TBA2-KF24900100,3000,1800
LAC2-610004224,1200,720
SIR2-28110806X,1900,1200
ZAN2-ELET0440,1200,720
HOU2-30421087,8100,4900
RAN2-10705960,6800,4100
RAN2-34040149,3000,1800
HAT2-020111600,2800,1700
HAT2-021210701,3800,2300
LKK2-B20F(K)-89,4000,2400
LKK2-B10-01-19,2500,1500
BER2-MT-ER001,8000,4800
BER2-CD-050,4900,3000
LIN2-TH63,14700,8900
ASL2-MB50-NV-2-202007,15500,9300
LKK2-TJ32-07,1300,780
ROB2-EC0240,30400,18300
CAS2-968755000,2600,1600
SIR2-SM500218,2900,1800
ZNS2-051119,1100,660
SAN2-37102,820,492
HAM2-31819900000,3100,1900
ROB2-EC0062,5200,3200
LKK2-B15-20,4400,2700
ZAN2-TERM0014,2300,1400
ROB2-ES0026,16700,10100
ROB2-EC0187,1500,900
ROE2-100062S,1600,960
BER2-TM-TMT350,2000,1200
SIR2-LF1013005,1300,780
KIT2-W10307847,7400,4500
COG2-215034-6,11600,7000
COG2-230118,4300,2600
CTX2-82905,25200,15200
SKP2-PM008S0072,4400,2700
MID2-60185NEW,45700,27500
SIR2-AMC024,950,570
HAM2-990205600,24100,14500
ROE2-39340,4600,2800
ROE2-39721,5900,3600
SIR2-LF1010090,4000,2400
ROB2-MS0577,7900,4800
RON2-11279,3400,2100
SIR2-MF40-21000000,1600,960
SAN2-33245,1500,900
SIR2-GM5646220,5800,3500
RAN2-33122017,3200,2000
TBA2-KF81530200,5500,3300
MID2-35000-1012,25500,15300
ROB2-ES0011,6700,4100
BER2-TM-XR20,3300,2000
BER2-BK-13N,2300,1400
HAT2-050305700,8900,5400
MID2-49972,2200,1400
VRM2-AR005-078-TD001,3700,2300
ROE2-101921S,3300,2000
SIR2-19401566.09,15800,9500
ZNS2-0C7964,2800,1700
ROB2-HC0220,7100,4300
ROL2-B03007,870,522
PMF2-5T010305,2200,1400
PMF2-7S010025,5100,3100
PMF2-4F050016,2600,1600
SIR2-LF029810,43300,26000
COG2-999135,17600,10600
SIR2-SM1901001,1900,1200
HAM2-990066300,950,570
BES2-23063300,4200,2600
COG2-80112,34300,20600
ROL2-H01012,1400,840
MID2-35000-1013,7400,4500
MID2-36451,33100,19900
COG2-80354,3700,2300
COG2-236035,970,582
COG2-229039,2800,1700
COG2-236047,950,570
COG2-104060,11900,7200
LKK2-TJ32-06,1500,900
HAT2-R02.01.448.00,32900,19800
MID2-31485,97400,58500
HAM2-990106000,1400,840
LKK2-TIMER-WIRE,2100,1300
LKK2-B20B-27,1400,840
LIN2-EL197,13400,8100
LKK2-B20B-28,4100,2500
LKK2-B20B-30,1400,840
SIR2-MF2107,6100,3700
HAM2-990338600,1400,840
ROE2-39907,870,522
LKK2-TAP-(WGF-181),1400,840
SIR2-19800031,4600,2800
TBA2-K2F9700100,3700,2300
SIR2-IW2071250060,2200,1400
SIR2-19410142,1200,720
SIR2-19410140,1200,720
SIR2-19411000,5900,3600
ROE2-39173,1300,780
LTE2-O2820,9600,5800
ROB2-EC0051,860,516
SIR2-LF1033302,1200,720
VRM2-AR005-325-TZ001,3400,2100
ROE2-39062,1700,1100
SIR2-MF2223,2500,1500
MID2-38811,51600,31000
LKK2-10ED-12-20,3800,2300
COG2-227083,9500,5700
COG2-75956,5100,3100
LKK2-TOP-PLATE(NEW),1100,660
KIT2-9704329,1550,930
ROE2-507007S,870,522
COG2-206002,2900,1800
JTA2-302130020,960,576
SIR2-19700340.10,3000,1800
SAN2-70150,4200,2600
JTA2-301010209,4400,2700
CAS2-418941010,1100,660
HAT2-R02.01.229.00,25600,15400
HAT2-02.13.322.00,9300,5600
SIR2-19410135CU.12,2100,1300
JTA2-20118003011,2100,1300
BES2-32189300,1200,720
BES2-31802000,4600,2800
SAN2-58202,4800,2900
SIR2-LF1013063,4400,2700
BER2-CI-LBT-1,2600,1600
SIR2-LF102120030,67400,40500
SIR2-GM5636950A,48900,29400
TOA2-1000707,1200,720
KIT2-3400022,1100,660
HAT2-R0503007A00,5500,3300
LKK2-PCPA01,1100,660
LIN2-SW25,3400,2100
LKK2-001-300L,3200,2000
SIR2-18250403210,3700,2300
EDL2-H019-2,2500,1500
EDL2-B119-3,880,528
BER2-CI-CBT,4400,2700
HAT2-R0208139E,5100,3100
RTN2-3019.0114,1200,720
EDL2-A026,1400,840
HAT2-05.02.011.00,2000,1200
SIR2-LF1531080I2,2100,1300
MID2-62044,5000,3000
LKK2-IGNITOR-(WGF-181),1000,600
ROL2-D04043SE,2700,1700
CAM2-CSCWB-000,2200,1400
JTA2-302050017,16500,9900
EDL2-B057,2800,1700
PIT2-PP10101,97700,58700
PIT2-60126801-C,114000,68400
SIR2-MSC09V064,1300,780
JTA2-302170038,1600,960
ROE2-102480S,6800,4100
BER2-OP-CRB23-FS,1900,1200
SIR2-MSC09V072,1300,780
ROE2-89642,1200,720
HAM2-990224701,20800,12500
SIR2-GM2210200,6500,3900
ROB2-TC0037,1100,660
LKK2-HEATER(MW-2),1100,660
COG2-927088,1400,840
EDL2-H020,1600,960
BER2-HT-DF19,2600,1600
SIR2-LF1531030I2,2400,1500
BER2-MT-JD-N,2400,1500
SIR2-MSC09V072Z,1200,720
BER2-NT-UR6D-C-M,1700,1100
BER2-MRP56AMK-3240,1000,600
BER2-IC-VCM-A-SPR,2200,1400
ROL2-D02026,10600,6400
ROE2-89468,1300,780
CAS2-532195500,4500,2700
ROE2-89133,5800,3500
WIN2-3113062,11900,7200
LIN2-SW14,5400,3300
ROL2-A02015,860,516
HAT2-R0208141,3000,1800
ZNS2-0C5247,26100,15700
ROE2-27180,22900,13800
SIR2-SM400108,6200,3800
SIR2-LF1033001,2500,1500
JTA2-301030042,2200,1400
ROE2-49048,5300,3200
SIR2-LF2031410,14800,8900
COG2-124057,3900,2400
ROL2-A06011,1600,960
SIR2-MF2122PS,6100,3700
HAT2-X0209259,4600,2800
ROE2-27120,19700,11900
SIR2-IW1471270044,1200,720
BER2-VA-FC,2900,1800
LKK2-CAPACITOR400UF,1200,720
VRM2-AR40PH-604Z,6400,3900
VRM2-AR31-174.35Z,4900,3000
SIR2-LF1531060I2,2100,1300
LAC2-533795610,6000,3600
ROE2-29379,2000,1200
HAM2-990050200,1300,780
COG2-65800,62100,37300
COG2-77047,34700,20900
ROL2-D02122,1900,1200
BER2-64MF260V,1600,960
COG2-984005,1400,840
COG2-230098,3400,2100
COG2-224003,2800,1700
TBA2-G8F5000200,3400,2100
TOA2-1952717,48200,29000
SIR2-FC02045,8500,5100
LKK2-TY50,3200,2000
LAC2-457886070,5500,3300
HAT2-R0209038,1800,1100
ROE2-39755,3500,2100
ROB2-HC0030,3900,2400
ROE2-39348,13300,8000
WIN2-3501080,1400,840
WIN2-61006243,1700,1100
WIN2-2802309,980,588
WIN2-2802110,830,498
LKK2-BT-200T1-5,2900,1800
BES2-27022300,5900,3600
BER2-HT-CG1.4KW,2100,1300
BER2-OP-KM2B-S,3700,2300
LKK2-FX-12-015,3700,2300
ROL2-D04009,880,528
LKK2-BASKET(EF-171),1800,1100
PIT2-P6071516,13400,8100
EDL2-R060,2700,1700
SAN2-10601,4400,2700
RAN2-10071010,1700,1100
BER2-FT-SENSOR,11300,6800
HAT2-050303500,8100,4900
PIT2-60132701,2300,1400
ROE2-89503,4800,2900
TBA2-K2F0419100,11000,6600
ROB2-ES0013,3000,1800
JTA2-301040079,1300,780
ZNS2-0C9240,2600,1600
HAT2-053000700,840,504
SIR2-19401580,3400,2100
PIT2-B8039517-C,17000,10200
SIR2-49414071C,1700,1100
HAT2-050304900,1400,840
LAC2-533898300R,6400,3900
ROE2-39740,2800,1700
BER2-OP-KM234-S-G,2200,1400
EDL2-A279-3,3200,2000
HAT2-R021202500,14700,8900
TBC2-NGC-3062-2,19800,11900
ROE2-106268S,7400,4500
JTA2-302020078,1800,1100
ROE2-29441,1600,960
BER2-BA-C-WOOL,1600,960
BER2-HT-CIR3KW,2600,1600
JTA2-301040080,1400,840
LKK2-B20F-CE-ON,1100,660
BER2-CC-16C-C5-6,6000,3600
ROE2-89653,9800,5900
CTX2-69799,17600,10600
SIR2-FG956NP,3900,2400
HAM2-990105800,1200,720
ROE2-89175,5100,3100
ROE2-501624S,970,582
SIR2-19410135.1,3400,2100
SIR2-LF1041015,1900,1200
HAM2-990192000,1700,1100
SIR2-66209000,17000,10200
SIR2-19700345.10,5900,3600
BER2-VA-1.3,1100,660
TBA2-K1F0420103,1700,1100
SIR2-FC02041CIMS,6300,3800
LAC2-2441133416,12100,7300
ROE2-39901,1800,1100
MBM2-A770000150,7300,4400
MID2-27396-0004,9600,5800
MID2-36510,21000,12600
MID2-62285,45700,27500
EKA2-01951367000,2600,1600
COG2-115113,6400,3900
COG2-303032,2600,1600
ZAN2-REFR0031,4800,2900
MID2-73287,39100,23500
ROE2-104964S,1800,1100
SIR2-IW1071240035,6000,3600
TOA2-1952716,27300,16400
ROB2-VS0254,1800,1100
HAM2-990151930,3800,2300
LKK2-TJ22-1,15000,9000
LKK2-GB1243.1-83(HS20)B,1400,840
LKK2-HS80-20,7900,4800
NUO2-04100012,2000,1200
LKK2-GB1243.1-83(HS50)B,2100,1300
LAC2-985717000,2300,1400
LKK2-LK-GDO-13,5000,3000
BER2-HT-FW1.5KW,1900,1200
SIR2-19510902.08,2900,1800
ZNS2-083406,2300,1400
MID2-58500,58300,35000
SAN2-10610,2300,1400
SIR2-LF2032608,16100,9700
SIR2-LF2033013,3800,2300
JTA2-301020020,3000,1800
HOU2-30720661,16500,9900
ROE2-39748,3500,2100
BER2-MC-KM008,4000,2400
BER2-MT-KM020,5300,3200
MID2-55091,20000,12000
ROE2-89534,2500,1500
SIR2-LF1232605,850,510
RON2-123571,1900,1200
RON2-123572,1300,780
SAN2-50566,1300,780
BER2-50UFD-260V,1600,960
SAN2-28652,6000,3600
SAN2-50220,13200,8000
BER2-VA-0.7,1100,660
BER2-64UF260V,1600,960
SAN2-58350,6200,3800
ROL2-F01027-GAU,3500,2100
RON2-50190,6200,3800
SIR2-IB5944027,10800,6500
ROE2-89155,2400,1500
TBA2-KRF8140200,3800,2300
LKK2-TSP520-52,880,528
MMT2-14179118,5200,3200
MBM2-RTCU900010,1100,660
MBM2-RTCU700283,8800,5300
SIR2-IV2420600,4300,2600
SIR2-MSC09V116,1300,780
JTA2-302190357,1500,900
JTA2-302190358,2700,1700
ROE2-39298,12400,7500
ROE2-29534,21700,13100
SIR2-28103206X,3400,2100
MMT2-14179126,6000,3600
SIR2-LF2032621,4200,2600
LKK2-GB1243.1-83,1400,840
SIR2-LF2031418,4900,3000
MID2-74719,3000,1800
RON2-51352,1500,900
ROE2-89159,2600,1600
COG2-80397,11000,6600
COG2-80399,16400,9900
BER2-CKE4SCSB-001,930,558
COG2-926056,2800,1700
ROL2-A01002,5700,3500
HAM2-990343600,1800,1100
HAM2-990075200,4400,2700
HAM2-990071300,1100,660
BES2-23020500,4000,2400
RON2-123102T02,35300,21200
VRM2-AR31-174.2,4000,2400
SIR2-MSC04AMON,6400,3900
TBA2-T10A620020,970,582
SIR2-MF2127,950,570
MID2-22361-0001,49900,30000
MID2-37503,23800,14300
COG2-121138,2300,1400
COG2-927246,3200,2000
COG2-215029,8200,5000
COG2-447128,970,582
PIT2-60147801,15500,9300
TBA2-400V-4MF,1100,660
TBA2-BR21900104,3200,2000
SIR2-FC02038T,3000,1800
KIT2-9708316,3200,2000
LKK2-LIMIT-SWITCH,1100,660
BER2-HT-DRY2.7KW-BA,2400,1500
ROB2-ES0168,3100,1900
SIR2-SFCL015,1300,780
KIT2-240018-1,890,534
SIR2-19403042,7800,4700
JTA2-301030018,4500,2700
ROE2-104312,1300,780
JTA2-301040250,900,540
ZNS2-0C3162,4100,2500
SIR2-IB5256500,2500,1500
ROL2-A03064,12200,7400
JTA2-302170045,900,540
LKK2-PCP019A,1100,660
BER2-LE-RELAY,1100,660
PIT2-60084502,20100,12100
ROL2-D02139,1800,1100
CAS2-532392500,1200,720
COG2-80934,1700,1100
LKK2-FB(B10),2800,1700
LKK2-THERMOSTAT(EF-101),1100,660
KIT2-W10477041,3200,2000
PRO2-PX-HK-J33302S,2500,1500
KIT2-W10119326,1000,600
LKK2-B30-03,6000,3600
JTA2-301030024,1900,1200
KIT2-9706596,1000,600
KIT2-W10538289,1200,720
LKK2-PROBE-1400MM,1100,660
PIT2-60203002-CL,26200,15800
ROL2-A01022,1400,840
EDL2-KT2700,13500,8100
EDL2-KT1415,9200,5600
ROL2-D04028,1800,1100
ROE2-89533,1100,660
ROL2-D04029,870,522
ROL2-D04030,870,522
CAS2-958810000,6000,3600
COG2-K67878,3500,2100
LKK2-HEATER(KBM-204),1100,660
ROB2-TC0024,2600,1600
ROL2-A06048,870,522
COG2-224031,3500,2100
SIR2-FC99004030,1900,1200
ROB2-VS0344,3300,2000
MBM2-A800000780,9600,5800
MBM2-A800000790,9600,5800
SIR2-GM2492100,12500,7500
ROL2-B04071,4300,2600
MBM2-RTCP800033,820,492
SIR2-IW1071240063,12300,7400
COG2-80871,2100,1300
TOP2-98-SP,3100,1900
TOP2-M98E-H,3000,1800
MBM2-177037,4500,2700
TOP2-98-WB,2800,1700
HAM2-990059900,1500,900
ROL2-A03055,14400,8700
MBM2-RTBF800192,13900,8400
COG2-65812,3800,2300
COG2-70600,1100,660
BER2-GE-LPG332-PB4,880,528
HAM2-990083600,2100,1300
HAM2-990062800,900,540
ROL2-53120SEEM,15300,9200
ROL2-A06035-1,1300,780
SIR2-IW1471230425,23900,14400
ROL2-H01011,2300,1400
SIR2-AMG058,910,546
BER2-CC-16-C5-6-1,6600,4000
HAM2-990156400,16700,10100
ZNS2-005933,5800,3500
ROE2-502170S,1800,1100
EDL2-G004SP,2600,1600
EDL2-K005SP,1600,960
EDL2-G003SP,4700,2900
EDL2-K004SP,2100,1300
CAS2-537053200,1400,840
BER2-GE-TC600-GDF,2000,1200
ROL2-D02140,1800,1100
ROE2-117792,1200,720
ROE2-117805,1200,720
SIR2-MSC09V052A,1500,900
SIR2-19401865T,14100,8500
MID2-63909,2300,1400
LKK2-HEATING(EPC4-6T),1100,660
LKK2-THERMOSTAT(QL2),5300,3200
LIN2-TI15,9100,5500
COG2-215023,16500,9900
CAS2-533894600R,4400,2700
ROB2-HC0050,4000,2400
SIR2-IW1071230010,66100,39700
ROB2-MC1116,4600,2800
COG2-215034-3,11600,7000
ROE2-89392,4300,2600
ROE2-89040,19300,11600
MID2-33984,23100,13900
MID2-64149,60400,36300
ROL2-D02171,2100,1300
MID2-33812-5,12600,7600
LIN2-LA210,12000,7200
WIN2-3124228,6200,3800
LIN2-TI10,10100,6100
ZNS2-0L1006,12900,7800
COG2-81016,3800,2300
TOP2-98-SV,910,546
LKK2-PCP010-24,1100,660
ZNS2-0L0280,1600,960
SKP2-AM007H0010,2200,1400
ROB2-TS0021,2900,1800
LKK2-33,840,504
LKK2-BT-200T1-2,1200,720
LIN2-EL104,13500,8100
LAC2-532021708,1500,900
LIN2-HA126,2000,1200
MBM2-RTCP800034,1500,900
TBA2-KR85500100,5000,3000
SIR2-IW2071240046,29000,17400
SIR2-MSC04N136,17500,10500
SIR2-MSC06N104,4600,2800
ROE2-39333,4300,2600
ROL2-D02013,5900,3600
SKP2-PM021H0010,31300,18800
ZNS2-0C4463,12600,7600
SIR2-LF1533045I2,3000,1800
SIR2-LF1533010I,3700,2300
SIR2-SM591519,6700,4100
ROB2-VS0250,4400,2700
JTA2-302170028,900,540
ZNS2-0A2914,2600,1600
CTX2-3102458,2200,1400
TBC2-102075,12100,7300
ROE2-39342,12500,7500
VRM2-AR005-075-TS001,6700,4100
SIR2-LF1533000N,1700,1100
MID2-70926,14900,9000
HAM2-990043100,1400,840
HAM2-990075100,1200,720
MID2-42810-0114,34000,20400
MID2-33983,62200,37400
TBA2-T07A620010,970,582
COG2-69850,3100,1900
ROL2-D02157,3300,2000
ROB2-MC0697,3200,2000
MMT2-56001036,870,522
MMT2-58101020,1300,780
MMT2-58121078,1400,840
BER2-HL-JD-H,1000,600
ROB2-HC0152,5200,3200
LKK2-CDA-H24PC,3000,1800
LAC2-990888000,1500,900
LKK2-LK-GDO-8,4700,2900
ROB2-TS0014,2700,1700
ROE2-27074,11300,6800
CEC2-G107A,2700,1700
BER2-HT-FW750W,1300,780
SIR2-LF2007006,2900,1800
VRM2-AR005-193-TZ001,10300,6200
SIR2-28102208X,3200,2000
ROB2-TC0029,1300,780
ZNS2-049627,1400,840
HAT2-R020127300,19600,11800
LKK2-SWV-GFO-EFO,4200,2600
COG2-74122,24000,14400
HAT2-R021202100,14700,8900
RON2-106583,1900,1200
MID2-28091-0017,21100,12700
SIR2-IW1471230060,980,588
COG2-240016,1800,1100
TBA2-KR85400100,2700,1700
ROE2-27342,61900,37200
LIN2-TH10,10600,6400
EDL2-K006-6,1100,660
CEC2-K108A,4100,2500
HAT2-02.12.096.00,14000,8400
COG2-65501,2800,1700
HAT2-R021208601,25700,15500
HAT2-R02.19.019.00,4000,2400
HAT2-02.09.251.00,2900,1800
JTA2-302020078-12,1800,1100
ROL2-B01004,1400,840
LKK2-BASKET(WF-171),1800,1100
TBA2-K2F9700100-KR,5100,3100
BER2-HT-DF3KW,4200,2600
JTA2-301040169,1700,1100
BER2-TM-ERKTMST,3800,2300
BER2-GE-MINISIT,15300,9200
BER2-VA-FCPP,1500,900
CTX2-66581,6700,4100
TBA2-K1F0420104,2400,1500
TBA2-K1D6900100,3300,2000
BES2-31643500,6200,3800
COG2-227077,19800,11900
MID2-66318,13900,8400
MID2-76979,29000,17400
WIN2-3501194,6600,4000
WIN2-3104196,5600,3400
LKK2-STOP-BOTTON(B),1500,900
LKK2-IND300-1,1500,900
LKK2-B25-27,1500,900
LKK2-B25-30,1500,900
LAC2-535514008,10500,6300
ROL2-G06078,1100,660
HAM2-280045100,3000,1800
CEC2-L154A,3700,2300
ROB2-EC0047,1500,900
RAN2-10071020,1750,1100
HAT2-0216050,4600,2800
HAT2-R0216046,6300,3800
ROE2-102832,990,594
ROE2-503057,890,534
ROE2-27134,11300,6800
HAT2-0509031,11100,6700
HAT2-R0219082,3700,2300
LKK2-WF171-9,960,576
ROL2-B02016EMA,14200,8600
ZNS2-0L1974,7700,4700
JTA2-301040047,930,558
JTA2-301040029,1200,720
JTA2-301100022,1100,660
PIT2-60130302,16500,9900
COG2-K65502,5100,3100
LKK2-IND350K-10,1100,660
LKK2-IND500T-1,1100,660
SIR2-MSC04N072.22,850,510
SIR2-LF1010034,14100,8500
JTA2-302170002,4200,2600
CTX2-69765,38800,23300
ROB2-HC0169T,18900,11400
JTA2-301120029+301110492,3300,2000
ROE2-27124,35200,21200
SAN2-28873,1200,720
LKK2-IND2000-6,1800,1100
ROE2-49448,7400,4500
HAM2-35139900000,1600,960
ROE2-49484,19900,12000
ROL2-E02011,1200,720
ROL2-402083,1200,720
ROE2-117073,1100,660
RAN2-10705397,4900,3000
MID2-54947,2100,1300
ROB2-MC0249,4400,2700
JTA2-301040168,1600,960
LKK2-B20F-CE-OFF,1100,660
BER2-HT-DF27,2600,1600
HAT2-021619900,1300,780
CTX2-71995,25800,15500
LKK2-KSQ3-21,1700,1100
ROL2-A07023,2100,1300
PIT2-60130902,25600,15400
HAM2-990037900,2600,1600
CTX2-68030,37600,22600
SIR2-FC99004029,1700,1100
ROL2-C03008,2500,1500
SAN2-52150,1000,600
COG2-74902,3500,2100
ROL2-A15066,1700,1100
ROL2-A16023,1300,780
PIT2-P5045644,41200,24800
TBA2-K2F9700100-KF,3700,2300
PIT2-P6071050,22200,13400
MID2-62047,5000,3000
SIR2-LF152020U16,1200,720
CAS2-530298120,9600,5800
EKA2-09954657000,3800,2300
COG2-929115,3400,2100
COG2-80259,2400,1500
COG2-80186,2700,1700
COG2-994012,2200,1400
CTX2-71994,134000,80400
LKK2-PCP019D,1100,660
TBA2-P470MD147,1200,720
HAT2-020120300,4000,2400
CEC2-L159G,5300,3200
LKK2-B15-34,3000,1800
LKK2-THERMOSTAT(DHL-32),1100,660
WIN2-2701007,830,498
LIN2-KN182,920,552
HAM2-990054300,9600,5800
ROE2-39201,5900,3600
CEC2-C512A,6300,3800
LTE2-CF113,3900,2400
ROE2-103957,14400,8700
ROE2-27111,11300,6800
PIT2-60157202,30400,18300
JTA2-301040146,1200,720
LKK2-IND350T-7,1100,660
HAT2-021803800,2900,1800
JTA2-302030042,4500,2700
VRM2-W40-603E,1400,840
ROE2-27143,11300,6800
COG2-143252,1800,1100
SAN2-65396,3000,1800
SIR2-19801232,3300,2000
ROE2-27138,11300,6800
SAN2-28100,2400,1500
VRM2-AR005-178-TS025,2500,1500
VRM2-AR005-178-TS024,2500,1500
ROE2-89679,1600,960
HAT2-020144500,1100,660
HAM2-990275800,3900,2400
JTA2-301040422,8500,5100
ROE2-39975,75200,45200
ROB2-EC0193,4300,2600
SKP2-PM002H0180,1600,960
HAT2-020576500,4800,2900
PIT2-60152001,15100,9100
LAC2-985717010,1900,1200
ROB2-ES0356,16700,10100
SIR2-FG02146,3000,1800
BES2-24575600,14500,8700
BER2-VA-BV1-A,4900,3000
ROL2-D02155,2300,1400
ROE2-49469,54600,32800
HAM2-990201700,1100,660
SIR2-GM5946390,11100,6700
LKK2-SW(B40),3100,1900
SAN2-65421,3900,2400
HOU2-038225,3200,2000
SIR2-28112203X,2400,1500
COG2-236039,980,588
COG2-230113,3900,2400
COG2-236043,2900,1800
ROL2-A15011,3700,2300
BES2-31686800,6200,3800
HOU2-30520180,4900,3000
HAT2-R021611800,2200,1400
PIM2-20210005012,1500,900
NTS2-CD-101-9L-D,4000,2400
ASL2-HN-FAN,1100,660
PIM2-BGR-71C,1600,960
NTS2-CED-7L-PC-03,1400,840
PIM2-302110090,1300,780
PIM2-TC22-24,1500,900
PIM2-20110003401,1600,960
NTS2-WDV-15L-07,870,522
NTS2-YUDJD-002,1900,1200
NTS2-JD-8LS-PC-001,1600,960
PIM2-PFB16SC-008,20500,12300
PIM2-301040445,6100,3700
NTS2-EWB-24-019,3100,1900
PIM2-30402062,2500,1500
PIM2-CF-D-MA,3800,2300
PIM2-TC22-7,1200,720
NTS2-D330500066,12100,7300
NTS2-EWB-37-012,3700,2300
PIM2-30303030,2200,1400
PIM2-ESK-10-02,1500,900
PIM2-302100019,2600,1600
PIM2-20210003007,1400,840
MMT2-59154464,1300,780
PIM2-30402047,26100,15700
PIM2-301030025,9750,5900
PIM2-70200402973L,1200,720
PIM2-301040446,5400,3300
PIM2-30403134,8200,5000
PIM2-301010131,4100,2500
PIM2-PFB14-HW2000W,2700,1700
ASL2-HN-GLA-2000,2800,1700
PIM2-70101002073L,2700,1700
NTS2-HP-CD1133,820,492
KIT2-4162099,1600,960
WIN2-3113165,14500,8700
ROB2-EC0457,950,570
PIM2-M-1D,11500,6900
PIM2-30312074,1400,840
PIM2-905060046,1900,1200
NTS2-HL-400A1-GY-BASE,2200,1400
PIM2-70202021828L,950,570
PIM2-REPLACE-HEATING,1800,1100
ASL2-HN-MB35-16,10400,6300
PIM2-CF-SSC,1200,720
PIM2-302100023,1800,1100
PIM2-CF-HB,1400,840
PIM2-PFB14-ST,1100,660
NTS2-JD-5LS-CTN,1900,1200
NTS2-JD-5L-FC,1400,840
SEV2-00320,2700,1700
PIM2-30402059,1500,900
PIM2-CF4-SSA-NEW,4200,2600
SEV2-00405,1700,1100
PIM2-TC22-DP3.5,1800,1100
PIM2-302220073,8100,4900
PIM2-302220072,9200,5600
PIM2-CF5-SSA-10,4900,3000
PIM2-CF-MO-10,6400,3900
PIM2-30403021,2400,1500
PIM2-30403073,1300,780
ASL2-HN-DP-50-NV,2100,1300
NTS2-D330500067,12800,7700
PIM2-GDO-007,1100,660
NTS2-VP-03,870,522
PIM2-MS300-004,1800,1100
MID2-22140-0012TH,3000,1800
NTS2-CD-1135-4L2-STC,950,570
PIM2-DR520-200,980,588
NTS2-CD-101-9L-SPS,2000,1200
NTS2-WDV-15L-03,910,546
NTS2-HLRL-DS,5100,3100
NTS2-WDV-15L-04,910,546
NTS2-WDV-01,1300,780
NTS2-HL-101,830,498
PIM2-ESK-10-03,1400,840
PIM2-CHL12-2D-L75-WSL750,2800,1700
PIM2-CHL15-2D-L75-WSL1050,3200,2000
PIM2-CHL18-3D-L75-WSL,5800,3500
PIM2-CHL43-2D-L-WSL505,1900,1200
PIM2-CHL43-4D-L-WSL1135,3800,2300
PIM2-FRZ12-2D-L75-WSL750,2800,1700
PIM2-FRZ15-2D-L75-WSL1050,3200,2000
PIM2-FRZ18-3D-L75-WSL,5800,3500
PIM2-FRZ43-2D-L-WSL505,1900,1200
PIM2-PMG-30L-WH-118,2800,1700
PIM2-SM20-40L-108,1000,600
PIM2-SM20-40L-109,1500,900
PIM2-SM-20L-102,4400,2700
PIM2-SM-30L-102,5000,3000
PIM2-SM-40L-102,5500,3300
PIM2-SM-50L-60L-101,860,516
PIM2-SM-50L-60L-102,5500,3300
PIM2-SM-50L-60L-108,1000,600
PIM2-SM-50L-60L-109,1500,900
PIM2-FRZ43-4D-L-WSL1135,3800,2300
PIM2-SM100000041,10900,6600
PIM2-SM150000007,1600,960
PIM2-SM150000010,1200,720
PIM2-JD10000001,4400,2700
PIM2-JD10000002,1900,1200
PIM2-JD10000003,1600,960
PIM2-JD10000009,7900,4800
PIM2-JD10000018,7900,4800
PIM2-JD10000021,1900,1200
PIM2-JD10000024,1900,1200
PIM2-JD10000030,2300,1400
PIM2-JD10000034,1400,840
PIM2-JD180000001,5100,3100
PIM2-JD180000002,1900,1200
PIM2-JD180000003,1400,840
PIM2-JD180000006,1200,720
PIM2-JD180000009,7900,4800
PIM2-JD180000018,7900,4800
PIM2-JD180000021,1900,1200
PIM2-JD180000030,2300,1400
PIM2-JD180000034,1100,660
PIM2-JD180000039,1200,720
PIM2-SM100000001,5100,3100
PIM2-SM100000002,3100,1900
PIM2-SM100000005,2300,1400
PIM2-SM100000006,1200,720
PIM2-SM100000007,1200,720
PIM2-SM100000008,1200,720
PIM2-SM100000009,1200,720
PIM2-SM100000013,12700,7700
PIM2-SM100000015,990,594
PIM2-SM100000016,1200,720
PIM2-SM100000020,1200,720
PIM2-SM100000020-1,1600,960
PIM2-SM100000021,12700,7700
PIM2-SM100000025,1200,720
PIM2-SM100000031,3700,2300
PIM2-SM100000032,1200,720
PIM2-SM100000032-1,1400,840
PIM2-SM100000038,2300,1400
PIM2-SM100000042,10900,6600
PIM2-SM150000001,4000,2400
PIM2-SM150000003,5700,3500
PIM2-SM150000017,5300,3200
PIM2-SM150000020,1400,840
PIM2-SM150000021,33800,20300
PIM2-SM150000022,1200,720
PIM2-SM150000023,1200,720
PIM2-SM150000025,12700,7700
PIM2-SM150000031,1900,1200
PIM2-SM150000036,2700,1700
PIM2-SM150000037,1900,1200
PIM2-SM150000043,2300,1400
PIM2-JD180000025,1400,840
PIM2-CHL12-2D-L75-CDS,5700,3500
PIM2-CHL12-2D-L75-CDSF,3100,1900
PIM2-CHL12-2D-L75-EPT,15300,9200
PIM2-CHL12-2D-L75-EPTF,2800,1700
PIM2-CHL12-2D-L75-MBB,6900,4200
PIM2-CHL12-2D-L75-RBDS380,1300,780
PIM2-CHL15-2D-L75-CDS,5700,3500
PIM2-CHL15-2D-L75-CDSF,3100,1900
PIM2-CHL15-2D-L75-EPT,16000,9600
PIM2-CHL15-2D-L75-EPTF,2800,1700
PIM2-CHL15-2D-L75-MBB,6900,4200
PIM2-CHL15-2D-L75-RBDS530,1300,780
PIM2-CHL18-3D-L75-CDS,5700,3500
PIM2-CHL18-3D-L75-CDSF,3100,1900
PIM2-CHL18-3D-L75-EPT,16000,9600
PIM2-CHL18-3D-L75-EPTF,2800,1700
PIM2-CHL18-3D-L75-MBB,6900,4200
PIM2-CHL18-3D-L75-RBDS,1300,780
PIM2-CHL43-2D-L-CDS,16100,9700
PIM2-CHL43-2D-L-CDSF,3100,1900
PIM2-CHL43-2D-L-EPT,20800,12500
PIM2-CHL43-2D-L-EPTF,3100,1900
PIM2-CHL43-2D-L-MBB,6900,4200
PIM2-CHL43-2D-L-RBDS566,1300,780
PIM2-CHL43-4D-L-CDS,19000,11400
PIM2-CHL43-4D-L-CDSF,3100,1900
PIM2-CHL43-4D-L-EPT,25100,15100
PIM2-CHL43-4D-L-EPTF,3100,1900
PIM2-CHL43-4D-L-MBB,6900,4200
PIM2-CHL43-4D-L-RBDS566,1300,780
PIM2-FRZ12-2D-L75-CDS,8800,5300
PIM2-FRZ12-2D-L75-CDSF,3100,1900
PIM2-FRZ12-2D-L75-EPT,16000,9600
PIM2-FRZ12-2D-L75-EPTF,2800,1700
PIM2-FRZ12-2D-L75-FDFH,2300,1400
PIM2-FRZ12-2D-L75-MBB,6900,4200
PIM2-FRZ12-2D-L75-RBDS380,1300,780
PIM2-FRZ15-2D-L75-CDS,8800,5300
PIM2-FRZ15-2D-L75-CDSF,3100,1900
PIM2-FRZ15-2D-L75-EPT,16000,9600
PIM2-FRZ15-2D-L75-EPTF,2800,1700
PIM2-FRZ15-2D-L75-FDFH,2300,1400
PIM2-FRZ15-2D-L75-MBB,6900,4200
PIM2-FRZ15-2D-L75-RBDS530,1300,780
PIM2-FRZ18-3D-L75-CDS,8800,5300
PIM2-FRZ18-3D-L75-CDSF,3100,1900
PIM2-FRZ18-3D-L75-EPT,16000,9600
PIM2-FRZ18-3D-L75-EPTF,2800,1700
PIM2-FRZ18-3D-L75-FDFH,2300,1400
PIM2-FRZ18-3D-L75-MBB,6900,4200
PIM2-FRZ18-3D-L75-RBDS,1300,780
PIM2-FRZ43-2D-L-CDS,18400,11100
PIM2-FRZ43-2D-L-CDSF,3100,1900
PIM2-FRZ43-2D-L-EPT,23300,14000
PIM2-FRZ43-2D-L-EPTF,3100,1900
PIM2-FRZ43-2D-L-FDFH,2700,1700
PIM2-FRZ43-2D-L-MBB,6900,4200
PIM2-FRZ43-2D-L-RBDS566,1300,780
PIM2-FRZ43-4D-L-CDS,21300,12800
PIM2-FRZ43-4D-L-CDSF,3100,1900
PIM2-FRZ43-4D-L-EPT,27600,16600
PIM2-FRZ43-4D-L-EPTF,3100,1900
PIM2-FRZ43-4D-L-FDFH,2700,1700
PIM2-FRZ43-4D-L-MBB,6900,4200
PIM2-FRZ43-4D-L-RBDS566,1300,780
PIM2-PMG-30L-WH-1201,3900,2400
PIM2-PMG-30L-WH-1202,3900,2400
PIM2-PMG-30L-WH-1203,3900,2400
PIM2-PMG-30L-WH-1204,6100,3700
PIM2-PMG-30L-WH-212,860,516
PIM2-PMG-30L-WH-303,860,516
PIM2-PMG-30L-WH-305,860,516
PIM2-PMG-30L-WH-310,860,516
PIM2-PMG-30L-WH-403,860,516
PIM2-PMG-30L-WH-509,1200,720
PIM2-PMG-30L-WH-512,6900,4200
PIM2-PMG-30L-WH-603,2300,1400
PIM2-PMG-30L-WH-616,860,516
PIM2-SM20-40L-211,2800,1700
PIM2-SM20-40L-212,2300,1400
PIM2-SM20-40L-223,1200,720
PIM2-SM20-40L-225,1200,720
PIM2-SM-50L-207,51900,31200
PIM2-SM-50L-211,2800,1700
PIM2-SM-50L-60L-205,860,516
PIM2-SM-50L-60L-212,2300,1400
PIM2-SM-50L-60L-222,1500,900
PIM2-SM-50L-60L-225,1500,900
PIM2-SM-60L-211,2800,1700
RAN2-35002508,1800,1100
TBA2-30283L0100,850,510
RON2-W540L2000,7500,4500
MID2-50450(TH),1600,960
LKK2-HS30D-19-1,3400,2100
RTN2-87.01.272,16700,10100
ROE2-59008,3700,2300
RON2-W500L2050,7000,4200
HOU2-069029,2700,1700
RTN2-40.00.274P,104000,62400
RAN2-10700228,1500,900
REF2-AE2410AK,5000,3000
REF2-AE2410Y,6500,3900
REF2-AE2413Y,7500,4500
ASL2-HN-MB35-NV,12100,7300
ASL2-HN-MB35-15,13200,8000
ASL2-HN-DP-35-OLD,2100,1300
ASL2-HN-C-35W,3400,2100
ASL2-HN-C-20F,2100,1300
ASL2-HN-C-35F,3100,1900
ASL2-HN-DP-50-OLD,2100,1300
ASL2-HN-C-50,4600,2800
ASL2-HN-DP-1,1800,1100
RTN2-24.02.761,4300,2600
REF2-AE7426EK,8000,4800
RTN2-20.00.399P,16000,9600
RJ2-SPFCS-0082,92500,55500
RIN2-0003,11300,6800
RIN2-0005,1300,780
RTN2-60.60.100,11900,7200
LKK2-60-UF,1100,660
RJ2-GPH436T5L,9600,5800
RJ2-SPFCS-0121,26800,16100
RIN2-0002,6800,4100
RTN2-20.02.550P,13900,8400
MID2-59668(TH),2100,1300
DAN2-ML80TB,11100,6700
ASL2-HN-MB35W-NV-202007,12100,7300
ASL2-HN-MCP-50W,1900,1200
LKK2-OL,1600,960
REF2-MRA68242,1000,600
ASL2-HN-MB20,6900,4200
ASL2-HN-DP-1-SET,2500,1500
ASL2-HN-C-50W,3500,2100
REF2-CN101,3800,2300
RTN2-40.03.257P,9700,5900
RTN2-87.01.011,18000,10800
RTN2-42.00.112P,107000,64200
RTN2-42.00.081P,28400,17100
RTN2-42.00.080P,115000,69000
TBA2-IS-3225DWSQ-3,1400,840
ASL2-BP-50-NV-202007,1200,720
REF2-EX-LT2002,8800,5300
REF2-PT203,5500,3300
REF2-KJA4M,1000,600
REF2-00034,1600,960
REF2-PT303,7000,4200
REF2-UPPER-LEFT,1000,600
REF2-00047,1800,1100
REF2-AE7430Y,7500,4500
REF2-AM-009E,2000,1200
REF2-KME660-24-C,1000,600
WIN2-6001110,6800,4100
REF2-CN001,4800,2900
REF2-00157,1500,900
LIN2-SW23,1300,780
PIT2-PG150,2200,1400
REF2-RF-7780,1200,720
SIR2-19410135.08,2000,1200
REF2-00080,1800,1100
REF2-00097,1300,780
REF2-EL-6-4058042,11000,6600
REF2-EC1-233,4500,2700
HAM2-990000990,57500,34500
ASL2-HN-GLA+FRAME5000,11000,6600
ASL2-HN-FRAME-5000,8300,5000
ASL2-HN-MCP+FRAME,13100,7900
WIN2-30000170,82000,49200
LKK2-62112RS,1600,960
LKK2-GFO-6C-32,7800,4700
LKK2-300MFS-220-250VAC,1100,660
REF2-00044,7000,4200
WIN2-60003174,2600,1600
WIN2-60003520,9200,5600
SEV2-00094,1100,660
WIN2-410200140,2000,1200
NTS2-HLTL-DS,5100,3100
NTS2-WDV-04,1100,660
NTS2-JD-5LS-LID,1400,840
NTS2-LT-B-002,3100,1900
NTS2-CD-IN68-005-L,1100,660
NTS2-HL1SS,5100,3100
NTS2-HL1C,8400,5100
NTS2-HL1G,8400,5100
NTS2-HL1BK,8400,5100
NTS2-HSB01-HT,3100,1900
NTS2-CU-D10-FCT,1700,1100
NTS2-FM30-005,8900,5400
NTS2-CD-101-9L-F,1900,1200
NTS2-CD-101-9L-C,1300,780
NTS2-CED-YJ-LID,1300,780
NTS2-D311903017,2900,1800
NTS2-HLSL-DS,5100,3100
NTS2-WDV-03,950,570
NTS2-HL-010,1400,840
NTS2-VP-05,1600,960
NTS2-CD-IN55-003,8500,5100
NTS2-HLTL-DG,9500,5700
NTS2-CED-7L-PC-01,880,528
NTS2-HLRL-SG,9500,5700
NTS2-HLSL-SC,9500,5700
NTS2-EWB-37-022,880,528
NTS2-HLRL-DG,9500,5700
NTS2-EWB-24-021,1700,1100
NTS2-HLRL-DC,9500,5700
NTS2-HB-TMT,980,588
NTS2-L290061049,2700,1700
NTS2-D311900222,3100,1900
NTS2-D311903021,4000,2400
NTS2-HLRL-SS,5100,3100
NTS2-HLSL-DC,9500,5700
NTS2-HLSL-DG,9500,5700
NTS2-HLSL-SG,9500,5700
NTS2-HLSL-SS,5100,3100
NTS2-HLTL-DC,9500,5700
NTS2-CD-1135-4L2-PN,4100,2500
NTS2-CD-1135-4L2-SBOWL,2800,1700
NTS2-CED-PC-HEAD-SET,4200,2600
NTS2-BBC-GY-WT-TRAY,990,594
NTS2-CD-4046-4L1-LID,1300,780
NTS2-CD-401-4L-LID,8400,5100
NTS2-EWB-24-018,3500,2100
NTS2-EWB-24-024,2400,1500
NTS2-1205020003,820,492
NTS2-1205020012,1100,660
NTS2-HLR1G,9500,5700
NTS2-CD-IN55-001,9300,5600
NTS2-CD-IN68-003,5500,3300
SEV2-00396,1500,900
SEV2-00507,1700,1100
SEV2-00467,1400,840
SEV2-00100,4500,2700
SEV2-00518,1300,780
SEV2-00081,1300,780
SEV2-S-RB-S-6,1500,900
SEV2-00176,1800,1100
SEV2-3ARR3U13AS2,1050,630
SEV2-00059,4500,2700
SEV2-12UF400-450-500VAC,1000,600
SEV2-00147,4200,2600
SEV2-STL-SL3001,1500,900
SEV2-00323,3400,2100
SEV2-LC1-D18B7,1500,900
SEV2-00041,10000,6000
SEV2-BX65,1500,900
SEV2-00109,900,540
SEV2-00092,4500,2700
SEV2-00363,6700,4100
SEV2-00364,1200,720
SEV2-00365,2000,1200
SEV2-00369,850,510
SEV2-00386,2700,1700
SEV2-00391,1500,900
SEV2-00393,1300,780
SEV2-00397,12300,7400
SEV2-00398,3800,2300
SEV2-00417,2100,1300
SEV2-00498,1300,780
SEV2-00499,1900,1200
SEV2-00500,1500,900
SEV2-00501,1200,720
SEV2-00502,2200,1400
SEV2-00503,3800,2300
SEV2-00504,16600,10000
SEV2-00505,1700,1100
SEV2-00506,6900,4200
SEV2-00359,4100,2500
SEV2-00422,1200,720
SEV2-00425,1100,660
SEV2-00426,1300,780
SEV2-00427,1600,960
SEV2-00431,1200,720
SEV2-00433,840,504
SEV2-00434,1700,1100
SEV2-00435,1100,660
SEV2-00436,850,510
SEV2-00439,1100,660
SEV2-00440,900,540
SEV2-00468,2000,1200
SEV2-00470,7100,4300
SEV2-00488,1000,600
SEV2-00489,1600,960
SEV2-00490,2800,1700
SEV2-00419,3300,2000
SEV2-00548,890,534
SEV2-00558,2700,1700
SEV2-00559,1400,840
SEV2-00566,2700,1700
SEV2-00573,1400,840
SEV2-00574,1400,840
SEV2-00606,1200,720
SEV2-00625,2500,1500
SEV2-00640,6700,4100
SEV2-00641,2400,1500
SEV2-00653,1100,660
SEV2-00660,1200,720
SEV2-00664,1300,780
SEV2-00665,2900,1800
SEV2-00666,2300,1400
SEV2-00701,1500,900
SEV2-QUICK-COUPLE,2000,1200
SEV2-00012,1500,900
SEV2-00032,2500,1500
SEV2-00025,1050,630
PIM2-11021501308-320,3500,2100
PIM2-11014200110,870,522
PIM2-GDO-018,1100,660
PIM2-30407071,1300,780
PIM2-11023301546,930,558
PIM2-BD-1500-08,4200,2600
PIM2-30403033,4900,3000
PIM2-301030009,950,570
PIM2-CF6-82-STL,6100,3700
PIM2-301040128,4300,2600
PIM2-909070023,5700,3500
PIM2-910010065,4200,2600
PIM2-CF6-82MO,6400,3900
PIM2-TC22-10,3800,2300
PIM2-TC22-44,850,510
PIM2-TC22-6,1200,720
PIM2-ECM13-TAPBODY,1400,840
PIM2-30402017,2900,1800
PIM2-EWB16B25B-TAPBODY,1400,840
PIM2-PP-8HC,1400,840
PIM2-30407080,2500,1500
PIM2-11021501852,1400,840
PIM2-11014211020,7000,4200
PIM2-11014202023,2100,1300
PIM2-GDO-020,1300,780
PIM2-B-59D,1900,1200
PIM2-30405003,1900,1200
PIM2-30407143,1300,780
PIM2-BD-1500-09,1200,720
PIM2-CF7-103-STL,8000,4800
PIM2-BD-1500-19,1200,720
PIM2-CF4-58MO-NEW,6400,3900
PIM2-CF4-58-STL,2900,1800
PIM2-CF6-SSA-NEW,6100,3700
PIM2-TC12-DP4.5,950,570
PIM2-TC22-DP4.5,1200,720
PIM2-909110017,8100,4900
PIM2-915040018,1900,1200
PIM2-909110016,8400,5100
PIM2-301020037,8970,5400
PIM2-30421038,8300,5000
PIM2-BD-1500-19NEW,1200,720
PIM2-CF7-103-10MO,8100,4900
PIM2-TC22-16,2600,1600
PIM2-30408055,1400,840
PIM2-GDO-022,2100,1300
PIM2-TC22-DP4,1800,1100
PIM2-TC12-DP3.5,1500,900
PIM2-TC12-DP4,1500,900
PIM2-70201301400,1600,960
PIM2-MS-041,4500,2700
PIM2-PFB14-SSP,1600,960
PIM2-30402023,1800,1100
PIM2-CF4-5-6-FLA,1000,600
PIM2-CF4-SSA-10,4200,2600
PIM2-MS300SG-73,5900,3600
PIM2-TC22-8-6,1100,660
PIM2-CF4-58MO,6400,3900
PIM2-TC22-8-8,1600,960
PIM2-FT-76D,4500,2700
PIM2-70201101582,990,594
PIM2-302220059,1100,660
PIM2-BD-1500-01,1900,1200
PIM2-GDO-001,16300,9800
PIM2-PFB14-HD500W,4100,2500
PIM2-MS300-028,1200,720
PIM2-MS300-047,7100,4300
PIM2-GDO-004,7100,4300
PIM2-GDO-009,4800,2900
PIM2-PFB14-TC,5900,3600
PIM2-EDO-011,7300,4400
PIM2-905180012,3700,2300
PIM2-302090001,1100,660
PIM2-TC12-8,1400,840
PIM2-GDO-017,1100,660
PIM2-COMBI-MP-1011,17400,10500
PIM2-DAC-MD,23500,14100
PIM2-INTLFT-6D-TF,1700,1100
PIM2-INTLFT-6D-DV,1400,840
PIM2-INTLFT-6D-FAN,1100,660
PIM2-TC12-44,850,510
PIM2-1.04.0621,11200,6800
PIM2-MG42-05,3100,1900
PIM2-906010017,19400,11700
PIM2-DDR-30-057,1500,900
PIM2-301090061,1200,720
PIM2-DDR-30-038,4700,2900
PIM2-COMBI-MP-611,15600,9400
PIM2-GDO-021,1900,1200
PIM2-MG42-07,3400,2100
PIM2-MG42-10,1100,660
PIM2-DR520-050,7200,4400
PIM2-20210002201,910,546
PIM2-DDR-30-085,2800,1700
PIM2-MG32-05,950,570
PIM2-IM-50SC-014,16200,9800
PIM2-MG22-04,5400,3300
PIM2-EDO-005,8800,5300
PIM2-DDR-30-058,2700,1700
PIM2-20102010095,182000,110000
PIM2-DDR-30-008,35000,21000
PIM2-905040007,1800,1100
PIM2-MG42-03,3100,1900
PIM2-11021501308-450,4100,2500
PIM2-MG22-02,1300,780
PIM2-MG32-02,1900,1200
PIM2-DR520-070,1200,720
PIM2-TC-22-8-4.5,1100,660
PIM2-DDR-30-010,1300,780
PIM2-DDR-30-016,840,504
PIM2-DDR-30-018,3600,2200
PIM2-DDR-30-020,7000,4200
PIM2-DDR-30-023,5300,3200
PIM2-DDR-30-027,2100,1300
PIM2-DDR-30-033,19000,11400
PIM2-DDR-30-049,1300,780
PIM2-DDR-30-062,17000,10200
PIM2-DDR-30-076,4100,2500
PIM2-DDR-30-081,3300,2000
PIM2-DDR-30-090,1700,1100
PIM2-DDR-30-093,2800,1700
PIM2-DDR-30-094,1500,900
PIM2-DDR-30-096,9300,5600
PIM2-DDR-30-102,2800,1700
PIM2-DDR-30-110,1500,900
PIM2-DDR-30-014,1700,1100
PIM2-DDR-30-032,17400,10500
PIM2-DDR-30-034,8500,5100
PIM2-DDR-30-041,10100,6100
PIM2-DDR-30-051,2500,1500
PIM2-DDR-30-066,3000,1800
PIM2-DDR-30-104,2500,1500
PIM2-905130022,1500,900
PIM2-906010029A,35400,21300
PIM2-905160009,179000,108000
PIM2-909010063,30300,18200
PIM2-904010018,860,516
PIM2-905060037,14100,8500
PIM2-905080014,34600,20800
PIM2-910020009A,3500,2100
PIM2-905060052,30400,18300
PIM2-905160068,12600,7600
PIM2-905060008,17400,10500
PIM2-905060009,27100,16300
PIM2-905160065,31900,19200
PIM2-905040029,3400,2100
PIM2-916040002,1800,1100
PIM2-905060034,36700,22100
PIM2-905060014A,51800,31100
PIM2-905060048,11500,6900
PIM2-GDO-013,1900,1200
PIM2-ESK-10-BS,4500,2700
PIM2-MG22-03,1300,780
PIM2-11012041312-450,116000,69600
PIM2-MG42-04,4500,2700
PIM2-B-69B,10100,6100
PIM2-20207017018,1400,840
PIM2-MG42-02,3100,1900
PIM2-11012041312-320,86300,51800
PIM2-B-69C,13100,7900
PIM2-11021501308,3500,2100
PIM2-1.06.0149,1700,1100
PIM2-1.06.0183,1600,960
PIM2-1.04.0586,10400,6300
PIM2-IM-50SC-010,2100,1300
PIM2-GDO-016,3100,1900
PIM2-MG12-08,9000,5400
PIM2-MG42-11,25300,15200
PIM2-MG42-08,1600,960
PIM2-TC22-25,21600,13000
PIM2-MS-061,840,504
PIM2-MG12-04,3100,1900
PIM2-TC12-25,20200,12200
PIM2-MG42-06,6000,3600
PIM2-EWB30-21-26,1100,660
PIM2-TC12-6,870,522
PIM2-MG22-08,11100,6700
PIM2-MG42-01,1100,660
PIM2-MG32-03,1900,1200
PIM2-MG32-04,6000,3600
PIM2-MG12-07,1900,1200
PIM2-PFB14-FBS,2300,1400
PIM2-IM-50SC-023,3500,2100
PIM2-TC12-10,3100,1900
PIM2-MG42-12,3100,1900
PIM2-801003010002,950,570
PIM2-ECM16-30-33,2500,1500
PIM2-GDO-011,1300,780
PIM2-DR520-MOT,36100,21700
PIM2-MS220T-001,1200,720
PIM2-904010031,3500,2100
PIM2-905080013,3900,2400
PIM2-PFB16SC-002,5700,3500
PIM2-PFB16SC-009,99000,59400
PIM2-301040103,3450,2100
PIM2-301040165,3680,2300
PIM2-301100022,1450,870
PIM2-301150087L,5290,3200
PIM2-302020178,1580,948
PIM2-302110075,1150,690
PIM2-302110076,1250,750
PIM2-302110077,1250,750
PIM2-302110078,1630,978
PIM2-302110079,1850,1200
PIM2-302110080,1710,1100
PIM2-30402098,21700,13100
PIM2-70200401791+20102011,1700,1100
PIM2-905030010,2000,1200
PIM2-905130025,1200,720
PIM2-905120014,1200,720
PIM2-909120005,1700,1100
PIM2-905160048,13300,8000
PIM2-905990083,3400,2100
PIM2-905180013,7900,4800
PIM2-905020016,890,534
PIM2-910020001,2400,1500
PIM2-905030026,12800,7700
PIM2-DAC1100W-FRH,2500,1500
PIM2-DAC1100W-DEH,2600,1600
PIM2-DAC-FMSET,7000,4200
PIM2-DAC-CPS,1100,660
PIM2-DFM8LY-PPB,1200,720
PIM2-905040004,3600,2200
PIM2-B-69A,8000,4800
PIM2-IM-50SC-003,2700,1700
PIM2-EDO-008,1100,660
PIM2-70100403891,1900,1200
PIM2-905160052,9700,5900
PIM2-TC12-22-34,1500,900
PIM2-905020007,1100,660
PIM2-905070016,8000,4800
PIM2-DDR-30-047,1500,900
PIM2-BD-1500-05,5000,3000
PIM2-11023001360,5100,3100
PIM2-IM-50SC-004,3700,2300
PIM2-11023001460,1200,720
PIM2-MS300T-044,3200,2000
PIM2-DR520-100,1900,1200
PIM2-DDR-30-059,840,504
PIM2-302110089,830,498
PIM2-905060019,3400,2100
PIM2-20102280021,6900,4200
PIM2-910010034,6200,3800
PIM2-910010061,5300,3200
PIM2-906010030,57500,34500
PIM2-906010031,16300,9800
PIM2-910010059,5300,3200
PIM2-905040016,2500,1500
PIM2-910020006,3500,2100
PIM2-906010032,16300,9800
PIM2-905160053,8000,4800
PIM2-905040012,2000,1200
PIM2-905090006,3800,2300
PIM2-906010042A,27900,16800
PIM2-TC22-4-5,11700,7100
PIM2-11021501305,2700,1700
PIM2-MS275T-047,3600,2200
PIM2-EDO-001,10500,6300
PIM2-20209037012,1500,900
PIM2-ESK-10-CE,1500,900
PIM2-NSP01-5L+NSP13-5,11800,7100
PIM2-PFB14-DR,10500,6300
PIM2-IM-50SC-001,6300,3800
PIM2-TC12-22-35,1100,660
PIM2-TC22-42,1400,840
PIM2-TC22-43,1100,660
PIM2-20110002501,1500,900
PIM2-302100143,2800,1700
PIM2-302110088,1000,600
PIM2-IM-50SC-009,5100,3100
PIM2-EDO-006,1100,660
PIM2-B-59C,1300,780
PIM2-URN-HEATING-ELEMENT,1600,960
PIM2-70100401900,1400,840
PIM2-TW-32S-10,970,582
PIM2-11040031014,1600,960
PIM2-11020011451,4700,2900
PIM2-MS220T-047,3600,2200
PIM2-MS300T-047,6500,3900
PIM2-1.04.0747,5000,3000
PIM2-IM-50SC-006,870,522
PIM2-IM-50SC-011,870,522
PIM2-IM-50SC-018,870,522
PIM2-EDO-002,4500,2700
PIM2-PFB14-DH,4800,2900
PIM2-EDO-003,7100,4300
PIM2-MSS-5H-29,1100,660
PIM2-CF7-103-HB,1500,900
PIM2-MG12-09,1400,840
PIM2-CF4-SSA,3600,2200
PIM2-8536508008,870,522
PIM2-MS250T-047,3600,2200
PIM2-BD-1500-04,6600,4000
PIM2-MS-021-024,980,588
PIM2-30405006,1600,960
PIM2-30408039,1600,960
PIM2-BSC31-0430,3800,2300
PIM2-BSC31-0370,1200,720
PIM2-BSC31-MOTOR,10800,6500
PIM2-CF4-58-BSN,2800,1700
PIM2-CF7-103-BSN,6800,4100
PIM2-EWB20-30-14,850,510
PIM2-PIPE,3600,2200
PIM2-905060026A,19800,11900
PIM2-905080003,38900,23400
PIM2-PFB-18SC-001,47400,28500
PIM2-PFB-18SC-002,11900,7200
PIM2-PFB-18SC-003,3000,1800
PIM2-PFB-18SC-004,4800,2900
PIM2-PFB-18SC-005,7200,4400
PIM2-PFB-18SC-006,3000,1800
PIM2-PFB14-BWLC,1700,1100
PIM2-PFB16SC-001,3600,2200
PIM2-PFB16SC-003,2400,1500
PIM2-PFB16SC-004,4500,2700
PIM2-PFB16SC-006,6600,4000
PIM2-PFB16SC-007,6600,4000
PIM2-PFB16SC-010,8700,5300
PIM2-MG32-08,1400,840
PIM2-301010204,13200,8000
PIM2-301020034,970,582
PIM2-302030067,5520,3400
PIM2-802007006007,5200,3200
PIM2-7021791+8022010+2011,1500,900
PIM2-301040094,1700,1100
PIM2-301040775,2200,1400
PIM2-30399017,870,522
PIM2-909010068,4000,2400
PIM2-905130021,880,528
PIM2-910020002,4100,2500
PIM2-EDO-010-LO,1400,840
PIM2-909010067,18100,10900
PIM2-905180010,1900,1200
PIM2-905050022,12200,7400
PIM2-905050023,10600,6400
PIM2-905130023,920,552
PIM2-905180006,4800,2900
PIM2-909010177,2600,1600
PIM2-905020034A,2500,1500
PIM2-905090005,2800,1700
PIM2-905020017,1800,1100
PIM2-EDO-009-UP,1400,840
PIM2-COMBI-MP-523,11500,6900
PIM2-TB-RL-FAN,1200,720
PIM2-TB-RL-SCP,1100,660
PIM2-TB-RL-TF,1700,1100
PIM2-TB-RL-WT,1000,600
PIM2-TB-RL-WG,1000,600
PIM2-301040166,1200,720
PIM2-B-69D,15500,9300
PIM2-ECM13-01,1100,660
PIM2-MG42-13,950,570
PIM2-905070010,35800,21500
PIM2-302110125,1500,900
PIM2-ECM13-23,1700,1100
PIM2-11020012164,16600,10000
PIM2-CF7-103-D-MA,4900,3000
PIM2-11023001016,5100,3100
PIM2-1.04.0032,2500,1500
PIM2-11040301302,1900,1200
PIM2-11023001397,5100,3100
PIM2-EDO-004,1100,660
PIM2-PFB14-SINK,8200,5000
PIM2-30402082,1900,1200
PIM2-30407311,3400,2100
PIM2-CF5-68-BSN,3100,1900
PIM2-CF5-68-STL,3600,2200
PIM2-CF6-82-BSN,5300,3200
PIM2-CF6-82MO-NEW,6400,3900
PIM2-905060031,2700,1700
PIM2-905990002,10700,6500
PIM2-905040001,1900,1200
PIM2-905100001,1800,1100
PIM2-905030003,2600,1600
PIM2-906010064,6700,4100
PIM2-905080001,14400,8700
PIM2-905990051,8200,5000
PIM2-20101060103,1900,1200
PIM2-905990040,7300,4400
PIM2-20101060144,157000,94200
PIM2-905990048,2300,1400
PIM2-905030002,960,576
PIM2-301030198L,2760,1700
PIM2-802007006006,1060,636
PIM2-TC12-16,2900,1800
PIM2-30403133,14500,8700
PIM2-CF5-SSA-NEW,4900,3000
PIM2-70201001437L,2700,1700
PIM2-302100144,2500,1500
PIM2-70100301982L,2600,1600
PIM2-70201101155,2400,1500
PIM2-302092L+286L+0056+57,2300,1400
PIM2-905990003,2000,1200
PIM2-905180011,1200,720
PIM2-905070007,4600,2800
PIM2-909040004,1100,660
PIM2-302050072,3500,2100
PIM2-20237036077,1600,960
PIM2-301030071,11900,7200
ROE2-117654,2400,2000
ROE2-27145,11200,9000
ROE2-29582,59200,47400
ROE2-29583,59200,47400
ROE2-103232,10500,8400
ROE2-507008,2900,2400
ROE2-39168,4700,3800
ROE2-39516,2100,1700
ROE2-106458,6300,5100
ROE2-501947,7300,5900
ROE2-39290,5300,4300
ROE2-39759,39100,31300
ROE2-102731,11300,9100
ROE2-39707,21800,17500
ROE2-29520,7900,6400
ROE2-27700,40100,32100
ROE2-27113W,23300,18700
ROE2-27114W,23300,18700
ROE2-27201,61600,49300
ROE2-27621,5800,4700
ROE2-28117,13700,11000
ROE2-28118,11200,9000
ROE2-28119,11200,9000
ROE2-28121,11200,9000
ROE2-28122,11200,9000
ROE2-28129W,11000,8800
ROE2-28130W,11000,8800
ROE2-28131W,11000,8800
ROE2-28132W,11000,8800
ROE2-28133W,11000,8800
ROE2-39933,1100,880
ROE2-100021,1700,1400
ROE2-100034,4000,3200
ROE2-100072,8100,6500
ROE2-100172,27000,21600
ROE2-100327,860,688
ROE2-100329,12500,10000
ROE2-100340,64500,51600
ROE2-100376,15500,12400
ROE2-100389,1500,1200
ROE2-100392,10100,8100
ROE2-100395,5100,4100
ROE2-100509,24900,20000
ROE2-100544,7300,5900
ROE2-100556,860,688
ROE2-100604,11500,9200
ROE2-100612,3200,2600
ROE2-100639,1100,880
ROE2-100682,79200,63400
ROE2-100709,950,760
ROE2-100725,2100,1700
ROE2-100752,77100,61700
ROE2-100783,7500,6000
ROE2-100794,29400,23600
ROE2-100797,3100,2500
ROE2-100798,5500,4400
ROE2-100799,11400,9200
ROE2-100804,13800,11100
ROE2-100806,25500,20400
ROE2-100812,19500,15600
ROE2-100820,5500,4400
ROE2-100823,8000,6400
ROE2-100848,2300,1900
ROE2-100853,7500,6000
ROE2-100854,8000,6400
ROE2-100858,15800,12700
ROE2-100860,7400,6000
ROE2-100862,37200,29800
ROE2-100863,26200,21000
ROE2-100866,6200,5000
ROE2-100867,3600,2900
ROE2-100868,11300,9100
ROE2-100869,6500,5200
ROE2-100873,64800,51900
ROE2-100898,5300,4300
ROE2-100928,5700,4600
ROE2-100929,2600,2100
ROE2-100933,2100,1700
ROE2-100942,28100,22500
ROE2-100946,4400,3600
ROE2-100955S,1100,880
ROE2-100982,3600,2900
ROE2-100983,2800,2300
ROE2-101010,2400,2000
ROE2-101014,6400,5200
ROE2-101056,14600,11700
ROE2-101061,1400,1200
ROE2-101080,930,744
ROE2-101095,1100,880
ROE2-101111,6400,5200
ROE2-101113,34400,27600
ROE2-101116,8200,6600
ROE2-101117,16100,12900
ROE2-101126,6700,5400
ROE2-101128,6200,5000
ROE2-101140,25500,20400
ROE2-101178,7500,6000
ROE2-101196,24300,19500
ROE2-101200,94000,75200
ROE2-101212,23500,18800
ROE2-101213,26900,21600
ROE2-101214,67900,54400
ROE2-101227,33900,27200
ROE2-101236,870,696
ROE2-101246,17400,14000
ROE2-101254,17400,14000
ROE2-101258,17700,14200
ROE2-101261,18900,15200
ROE2-101277,1500,1200
ROE2-101279,17100,13700
ROE2-101287,1500,1200
ROE2-101311,5300,4300
ROE2-101314,1200,960
ROE2-101384,17400,14000
ROE2-101405,75600,60500
ROE2-101412,2800,2300
ROE2-101415,19200,15400
ROE2-101417,17700,14200
ROE2-101419,71400,57200
ROE2-101421,5700,4600
ROE2-101423,11900,9600
ROE2-101428,13300,10700
ROE2-101429,17100,13700
ROE2-101430,36300,29100
ROE2-101438,7800,6300
ROE2-101439,1800,1500
ROE2-101447,2600,2100
ROE2-101489,7400,6000
ROE2-101548,1700,1400
ROE2-101555,41200,33000
ROE2-101557,1700,1400
ROE2-101565,5700,4600
ROE2-101638,29300,23500
ROE2-101647,11600,9300
ROE2-101648,11600,9300
ROE2-101652,6800,5500
ROE2-101668,1700,1400
ROE2-101699,1200,960
ROE2-101709,6600,5300
ROE2-101725,1600,1300
ROE2-101762,132000,106000
ROE2-101796,7100,5700
ROE2-101797,7800,6300
ROE2-101798,4700,3800
ROE2-101810,8900,7200
ROE2-101811,25500,20400
ROE2-101817,13600,10900
ROE2-101843,46700,37400
ROE2-101851,1800,1500
ROE2-102003,35000,28000
ROE2-102036,1600,1300
ROE2-102063,4500,3600
ROE2-102064,10200,8200
ROE2-102065,10200,8200
ROE2-102066,11300,9100
ROE2-102067,11300,9100
ROE2-102071,16000,12800
ROE2-102077,3400,2800
ROE2-102109,6500,5200
ROE2-102236,2700,2200
ROE2-103245,950,760
ROE2-103249,2400,2000
ROE2-103289,10600,8500
ROE2-103294,9600,7700
ROE2-103534S,7900,6400
ROE2-103540,1900,1600
ROE2-103703S,5800,4700
ROE2-103716,11700,9400
ROE2-103728S,20200,16200
ROE2-103889,21700,17400
ROE2-104031,22000,17600
ROE2-104077,34900,28000
ROE2-104109S,1300,1100
ROE2-104454,25300,20300
ROE2-104943,10200,8200
ROE2-105069,30100,24100
ROE2-105072,8100,6500
ROE2-105106,2600,2100
ROE2-105226,10200,8200
ROE2-106821,8700,7000
ROE2-109670,40800,32700
ROE2-110022,1100,880
ROE2-111056,1900,1600
ROE2-111078,10200,8200
ROE2-112287,2200,1800
ROE2-112600S,22200,17800
ROE2-116534,2500,2000
ROE2-116655,60700,48600
ROE2-116666,17400,14000
ROE2-116677,18900,15200
ROE2-116688,30800,24700
ROE2-116699,13100,10500
ROE2-116700,13000,10400
ROE2-116810,8500,6800
ROE2-116842,8500,6800
ROE2-116853,1200,960
ROE2-117030,2100,1700
ROE2-117101,4200,3400
ROE2-117102,3600,2900
ROE2-117104,6800,5500
ROE2-117125,2700,2200
ROE2-117196S,65700,52600
ROE2-117221,2800,2300
ROE2-117226,2700,2200
ROE2-117236,78100,62500
ROE2-117237,17600,14100
ROE2-117280,1600,1300
ROE2-117518,1500,1200
ROE2-117613,2600,2100
ROE2-117629,19700,15800
ROE2-117631,37600,30100
ROE2-117647,35200,28200
ROE2-117657,11700,9400
ROE2-117686,18800,15100
ROE2-117687,6000,4800
ROE2-117688,12200,9800
ROE2-117689,3900,3200
ROE2-117693,860,688
ROE2-117705S,1600,1300
ROE2-117791,20900,16800
ROE2-117990,106000,84800
ROE2-117995,155000,124000
ROE2-117998,191000,153000
ROE2-118006,57900,46400
ROE2-118008,2500,2000
ROE2-118104,5900,4800
ROE2-118105,5900,4800
ROE2-118145,9800,7900
ROE2-118203,950,760
ROE2-118221,2400,2000
ROE2-118223,3200,2600
ROE2-118224,870,696
ROE2-118225,950,760
ROE2-118226,1100,880
ROE2-118229,2200,1800
ROE2-118329,30000,24000
ROE2-118333,16100,12900
ROE2-118335,28600,22900
ROE2-118377,2000,1600
ROE2-118395,14900,12000
ROE2-118396,14900,12000
ROE2-118397,5300,4300
ROE2-118427,23600,18900
ROE2-118428,26800,21500
ROE2-118430,20900,16800
ROE2-118433S,2000,1600
ROE2-118441,950,760
ROE2-118526,2400,2000
ROE2-118532,2300,1900
ROE2-118547,33700,27000
ROE2-118556,18400,14800
ROE2-118557,18400,14800
ROE2-118558,18400,14800
ROE2-118559,20500,16400
ROE2-118560,17500,14000
ROE2-118570,92400,74000
ROE2-118576,52800,42300
ROE2-118577,55400,44400
ROE2-118578,59300,47500
ROE2-118579,82900,66400
ROE2-118590,3000,2400
ROE2-119126,5700,4600
ROE2-119178,103000,82400
ROE2-119180,162000,130000
ROE2-119184,7400,6000
ROE2-119186,11600,9300
ROE2-119238,5300,4300
ROE2-119239,5800,4700
ROE2-119240,54900,44000
ROE2-119241,56900,45600
ROE2-119243,60500,48400
ROE2-119265S,11000,8800
ROE2-120047,29800,23900
ROE2-120254,1500,1200
ROE2-120264,1500,1200
ROE2-120714,15700,12600
ROE2-121748,27400,22000
ROE2-122056,1700,1400
ROE2-127017,10500,8400
ROE2-127127,8300,6700
ROE2-129356,2100,1700
ROE2-141416,900,720
ROE2-141427,3800,3100
ROE2-141790,41300,33100
ROE2-1905,45500,36400
ROE2-1906,42600,34100
ROE2-1907,21700,17400
ROE2-1908,58300,46700
ROE2-1909,54000,43200
ROE2-1944,45500,36400
ROE2-1945,41500,33200
ROE2-1950,29400,23600
ROE2-1954,37300,29900
ROE2-1957,22900,18400
ROE2-1965,26900,21600
ROE2-1966,69800,55900
ROE2-2012,23200,18600
ROE2-2195,41700,33400
ROE2-27004,55800,44700
ROE2-27023,71100,56900
ROE2-27028,48300,38700
ROE2-27029,49500,39600
ROE2-27038,20200,16200
ROE2-27044,40600,32500
ROE2-27045,49500,39600
ROE2-27050,10100,8100
ROE2-27060,10100,8100
ROE2-27102,46900,37600
ROE2-27103,48300,38700
ROE2-27126,22300,17900
ROE2-27144,17400,14000
ROE2-27154,59200,47400
ROE2-27170,18900,15200
ROE2-27172,14200,11400
ROE2-27185,81000,64800
ROE2-27194,17800,14300
ROE2-27195,17800,14300
ROE2-27206,25300,20300
ROE2-27210,26000,20800
ROE2-27225,17400,14000
ROE2-27229,27700,22200
ROE2-27235,49500,39600
ROE2-27247,22300,17900
ROE2-27250,18900,15200
ROE2-27268,17800,14300
ROE2-27280,18900,15200
ROE2-27337,60300,48300
ROE2-27338,65400,52400
ROE2-27352,36000,28800
ROE2-27369,52400,42000
ROE2-27374,72300,57900
ROE2-27377,50800,40700
ROE2-27378,57400,46000
ROE2-27380,22300,17900
ROE2-27381,47100,37700
ROE2-27385,48500,38800
ROE2-27392,18900,15200
ROE2-27393,31600,25300
ROE2-27407,27000,21600
ROE2-27456,48000,38400
ROE2-27566,5800,4700
ROE2-27599,7000,5600
ROE2-27984,22300,17900
ROE2-28018,205000,164000
ROE2-28029,27800,22300
ROE2-28030,27800,22300
ROE2-28031,27800,22300
ROE2-28032,27800,22300
ROE2-28033,27800,22300
ROE2-28046,133000,107000
ROE2-28095,108000,86400
ROE2-28099,129000,104000
ROE2-28102,144000,116000
ROE2-28106,9600,7700
ROE2-28108,222000,178000
ROE2-28136,10000,8000
ROE2-28139,153000,123000
ROE2-28142,67900,54400
ROE2-28154,133000,107000
ROE2-28155,156000,125000
ROE2-28156,141000,113000
ROE2-28157,156000,125000
ROE2-28163,9600,7700
ROE2-28164,10900,8800
ROE2-28165,11600,9300
ROE2-28177,17600,14100
ROE2-28178,17600,14100
ROE2-28180,35200,28200
ROE2-28186,23100,18500
ROE2-28187,23100,18500
ROE2-28191,36000,28800
ROE2-28198,16500,13200
ROE2-28206,23100,18500
ROE2-28391,14100,11300
ROE2-28402,14100,11300
ROE2-29013,31300,25100
ROE2-29015,17500,14000
ROE2-29028,13300,10700
ROE2-29052,870,696
ROE2-29066,6700,5400
ROE2-29068,8700,7000
ROE2-29083,860,688
ROE2-29091,17100,13700
ROE2-29095,5300,4300
ROE2-29098,79200,63400
ROE2-29108,5800,4700
ROE2-29112,3700,3000
ROE2-29114,1500,1200
ROE2-29133,21900,17600
ROE2-29136,29600,23700
ROE2-29150,150000,120000
ROE2-29155,93000,74400
ROE2-29156,8700,7000
ROE2-29157,6300,5100
ROE2-29160,10700,8600
ROE2-29165,3300,2700
ROE2-29228,21900,17600
ROE2-29241,1500,1200
ROE2-29242,15800,12700
ROE2-29252,5700,4600
ROE2-29267,11100,8900
ROE2-29270,8800,7100
ROE2-29276,11100,8900
ROE2-29300,3300,2700
ROE2-29301,11200,9000
ROE2-29306,12100,9700
ROE2-29307,1700,1400
ROE2-29312,29200,23400
ROE2-29328,11300,9100
ROE2-29332,8900,7200
ROE2-29333,11000,8800
ROE2-29334,11000,8800
ROE2-29338,43300,34700
ROE2-29339,43300,34700
ROE2-29340,25200,20200
ROE2-29344,11000,8800
ROE2-29345,2600,2100
ROE2-29346,45900,36800
ROE2-29369,18600,14900
ROE2-29389,24300,19500
ROE2-29397,24300,19500
ROE2-29400,18300,14700
ROE2-29411,10700,8600
ROE2-29420,10700,8600
ROE2-29436,18400,14800
ROE2-29456,1200,960
ROE2-29488,18900,15200
ROE2-29564,1800,1500
ROE2-29573,2200,1800
ROE2-29578,23500,18800
ROE2-29592,1800,1500
ROE2-29595,58100,46500
ROE2-29596,59200,47400
ROE2-29627,55000,44000
ROE2-29691,920,736
ROE2-29693,21900,17600
ROE2-29694,58600,46900
ROE2-29695,13900,11200
ROE2-29704,14800,11900
ROE2-29705,5500,4400
ROE2-29707,1200,960
ROE2-29708,31000,24800
ROE2-29709,19100,15300
ROE2-29710,12400,10000
ROE2-29738,13900,11200
ROE2-29739,55000,44000
ROE2-29741,1100,880
ROE2-29789,55600,44500
ROE2-29821,45000,36000
ROE2-29857,12800,10300
ROE2-29861,12500,10000
ROE2-29866,12500,10000
ROE2-29877,11200,9000
ROE2-29880,6300,5100
ROE2-29882,18300,14700
ROE2-29898,63300,50700
ROE2-29904,9800,7900
ROE2-29908,2000,1600
ROE2-29909,4500,3600
ROE2-29911,20500,16400
ROE2-29912,20500,16400
ROE2-29913,20100,16100
ROE2-29921,5000,4000
ROE2-29922,18400,14800
ROE2-29923,22400,18000
ROE2-29924,277000,222000
ROE2-29925,7900,6400
ROE2-29926,1700,1400
ROE2-29927,20000,16000
ROE2-29928,202000,162000
ROE2-29929,39300,31500
ROE2-29988,294000,236000
ROE2-29996,143000,115000
ROE2-301006,112000,89600
ROE2-301015,46300,37100
ROE2-301033,113000,90400
ROE2-301035,113000,90400
ROE2-301037,128000,103000
ROE2-301053,111000,88800
ROE2-301054,133000,107000
ROE2-301056,124000,99200
ROE2-301057,113000,90400
ROE2-301058,113000,90400
ROE2-301068,110000,88000
ROE2-301083,57900,46400
ROE2-301093,110000,88000
ROE2-302005,134000,108000
ROE2-302040,522000,418000
ROE2-302045,55300,44300
ROE2-302665,406000,325000
ROE2-303014,126000,101000
ROE2-303020,112000,89600
ROE2-303023,48500,38800
ROE2-303029,110000,88000
ROE2-303031,115000,92000
ROE2-303044,117000,93600
ROE2-303065,183000,147000
ROE2-303067,319000,256000
ROE2-303099,51600,41300
ROE2-303108,116000,92800
ROE2-303113,125000,100000
ROE2-303114,132000,106000
ROE2-303139,172000,138000
ROE2-303145S,42700,34200
ROE2-303250,49000,39200
ROE2-3041,28100,22500
ROE2-3048,28100,22500
ROE2-37060,32600,26100
ROE2-39018,11200,9000
ROE2-39099,7600,6100
ROE2-39113,11000,8800
ROE2-39115,11000,8800
ROE2-39148,18600,14900
ROE2-39152,11300,9100
ROE2-39189,11000,8800
ROE2-39193,11000,8800
ROE2-39198,22900,18400
ROE2-39200,48100,38500
ROE2-39203,11000,8800
ROE2-39204,11000,8800
ROE2-39207,10300,8300
ROE2-39215,6300,5100
ROE2-39218,30600,24500
ROE2-39219,8200,6600
ROE2-39221,12900,10400
ROE2-39222,37100,29700
ROE2-39238,28300,22700
ROE2-39255,22000,17600
ROE2-39258,1300,1100
ROE2-39278,3400,2800
ROE2-39279,2600,2100
ROE2-39284,11000,8800
ROE2-39288,5900,4800
ROE2-39291,5000,4000
ROE2-39370,17600,14100
ROE2-39443,4100,3300
ROE2-39470,43900,35200
ROE2-39471,54400,43600
ROE2-39472,11800,9500
ROE2-39475,2600,2100
ROE2-39480,10800,8700
ROE2-39481,10700,8600
ROE2-39484,25000,20000
ROE2-39494,3700,3000
ROE2-39512,51900,41600
ROE2-39660,3400,2800
ROE2-39663,2700,2200
ROE2-39664,1800,1500
ROE2-39665,1800,1500
ROE2-39666,1500,1200
ROE2-39669,15300,12300
ROE2-39671,3800,3100
ROE2-39672,1700,1400
ROE2-39673,127000,102000
ROE2-39674,21400,17200
ROE2-39678,57200,45800
ROE2-39684,20800,16700
ROE2-39730,15200,12200
ROE2-39758,42400,34000
ROE2-39765,1200,960
ROE2-39767,1400,1200
ROE2-39769,1300,1100
ROE2-39770,11000,8800
ROE2-39771,1200,960
ROE2-39773,1200,960
ROE2-39775,1200,960
ROE2-39777,1300,1100
ROE2-39779,1300,1100
ROE2-39781,1400,1200
ROE2-39782,1300,1100
ROE2-39783,1300,1100
ROE2-39784,1300,1100
ROE2-39785,1200,960
ROE2-39786,1700,1400
ROE2-39815,2500,2000
ROE2-39816,2500,2000
ROE2-39817,2300,1900
ROE2-39822,10500,8400
ROE2-39826,13900,11200
ROE2-39830,43300,34700
ROE2-39832,78600,62900
ROE2-39837,1800,1500
ROE2-39847,3000,2400
ROE2-39858,1600,1300
ROE2-39861,43300,34700
ROE2-39862,2200,1800
ROE2-39935,1400,1200
ROE2-39936,1800,1500
ROE2-39937,1700,1400
ROE2-39940,65700,52600
ROE2-39952,5800,4700
ROE2-39971,1700,1400
ROE2-39973,2200,1800
ROE2-39978,2200,1800
ROE2-39979,2600,2100
ROE2-400187,10400,8400
ROE2-400237,1100,880
ROE2-400315,1300,1100
ROE2-400325,1400,1200
ROE2-400356,1100,880
ROE2-400377,870,696
ROE2-400402,1100,880
ROE2-400403,1800,1500
ROE2-400404,1400,1200
ROE2-400529,1100,880
ROE2-400539,1100,880
ROE2-400540,1100,880
ROE2-401044,1100,880
ROE2-401545,1300,1100
ROE2-406279,1300,1100
ROE2-406280,1500,1200
ROE2-407828,1200,960
ROE2-407839,1200,960
ROE2-407840,1200,960
ROE2-49033,19200,15400
ROE2-49034,26900,21600
ROE2-49035,2300,1900
ROE2-49036,2700,2200
ROE2-49037,8600,6900
ROE2-49039,1100,880
ROE2-49059,22100,17700
ROE2-49061,14400,11600
ROE2-49063,12600,10100
ROE2-49064,12500,10000
ROE2-49065,1200,960
ROE2-49072,14400,11600
ROE2-49073,1200,960
ROE2-49076,12500,10000
ROE2-49077,1200,960
ROE2-49078,12500,10000
ROE2-49093,10500,8400
ROE2-49094,10300,8300
ROE2-49096,10300,8300
ROE2-49097,10300,8300
ROE2-49102,14800,11900
ROE2-49106,59200,47400
ROE2-49107,2500,2000
ROE2-49108,72200,57800
ROE2-49109,5000,4000
ROE2-49110,7700,6200
ROE2-49112,2500,2000
ROE2-49162,5800,4700
ROE2-49163,5800,4700
ROE2-49164,5800,4700
ROE2-49165,5800,4700
ROE2-49168,6000,4800
ROE2-49169,6000,4800
ROE2-49174,8300,6700
ROE2-500301,4500,3600
ROE2-500321,4700,3800
ROE2-500322,4700,3800
ROE2-500323,940,752
ROE2-500324,1200,960
ROE2-501841,8000,6400
ROE2-507054S,1500,1200
ROE2-57007,23300,18700
ROE2-57008,23300,18700
ROE2-57009,27800,22300
ROE2-57023,34700,27800
ROE2-57031,266000,213000
ROE2-57032,284000,228000
ROE2-57034,340000,272000
ROE2-57047,6200,5000
ROE2-57050,8700,7000
ROE2-57058,109000,87200
ROE2-57059,115000,92000
ROE2-57060,119000,95200
ROE2-57061,159000,128000
ROE2-57074,83600,66900
ROE2-57075,89700,71800
ROE2-57077,86600,69300
ROE2-57092,139000,112000
ROE2-57093,118000,94400
ROE2-57095,137000,110000
ROE2-57097,65500,52400
ROE2-57098,69300,55500
ROE2-57099,69300,55500
ROE2-57103,102000,81600
ROE2-57104,107000,85600
ROE2-57106,160000,128000
ROE2-57123,127000,102000
ROE2-57124,130000,104000
ROE2-57125,143000,115000
ROE2-57126,182000,146000
ROE2-59003,1200,960
ROE2-59006,21600,17300
ROE2-59020,111000,88800
ROE2-59021,920,736
ROE2-59023,62400,50000
ROE2-59040,108000,86400
ROE2-59048,44900,36000
ROE2-59050,12000,9600
ROE2-59054,82700,66200
ROE2-59078,8400,6800
ROE2-59079,9600,7700
ROE2-59081,10300,8300
ROE2-59115,248000,199000
ROE2-59116,34700,27800
ROE2-59117,29400,23600
ROE2-59118,41000,32800
ROE2-59132,77400,62000
ROE2-59133,24400,19600
ROE2-59134,44400,35600
ROE2-59135,16300,13100
ROE2-59139,24700,19800
ROE2-59140,26000,20800
ROE2-59146,26000,20800
ROE2-59148,136000,109000
ROE2-59154,23900,19200
ROE2-59168,5800,4700
ROE2-59172,98200,78600
ROE2-59173,106000,84800
ROE2-59174,148000,119000
ROE2-59186,1100,880
ROE2-59187,97900,78400
ROE2-59188,117000,93600
ROE2-59190,194000,156000
ROE2-59197,46600,37300
ROE2-59198,39900,32000
ROE2-59199,1200,960
ROE2-59205,6200,5000
ROE2-59206,6900,5600
ROE2-59214,79600,63700
ROE2-59215,81500,65200
ROE2-59217,84100,67300
ROE2-59219,1500,1200
ROE2-59220,1700,1400
ROE2-59221,5100,4100
ROE2-59225,303000,243000
ROE2-59226,323000,259000
ROE2-59228,407000,326000
ROE2-59236,1700,1400
ROE2-59237,1800,1500
ROE2-59239,2200,1800
ROE2-59241,31600,25300
ROE2-59251,32300,25900
ROE2-59254,306000,245000
ROE2-59261,37300,29900
ROE2-59264,61200,49000
ROE2-59265,64200,51400
ROE2-59266,67400,54000
ROE2-59274,40000,32000
ROE2-59275,40700,32600
ROE2-59277,45200,36200
ROE2-59283,61700,49400
ROE2-59284,62400,50000
ROE2-59286,65600,52500
ROE2-59287,44000,35200
ROE2-59288,44700,35800
ROE2-59290,41000,32800
ROE2-59302,64400,51600
ROE2-59303,65100,52100
ROE2-59305,67600,54100
ROE2-59306,46700,37400
ROE2-59307,47400,38000
ROE2-59309,51600,41300
ROE2-59324,108000,86400
ROE2-59325,110000,88000
ROE2-59327,132000,106000
ROE2-59351,113000,90400
ROE2-59353,3700,3000
ROE2-59354,75900,60800
ROE2-59355,21500,17200
ROE2-59357,125000,100000
ROE2-59366,3700,3000
ROE2-59368,82900,66400
ROE2-59369,24300,19500
ROE2-59370,138000,111000
ROE2-59382,20000,16000
ROE2-59386,5700,4600
ROE2-59390,1800,1500
ROE2-59392,7800,6300
ROE2-59393,8300,6700
ROE2-59403,42100,33700
ROE2-59407,11700,9400
ROE2-59409,104000,83200
ROE2-59410,3100,2500
ROE2-59411,114000,91200
ROE2-59412,104000,83200
ROE2-59413,115000,92000
ROE2-59415,150000,120000
ROE2-59416,3100,2500
ROE2-59426,114000,91200
ROE2-59463,42100,33700
ROE2-59468,107000,85600
ROE2-59469,115000,92000
ROE2-59472,34900,28000
ROE2-59473,35300,28300
ROE2-59478,70100,56100
ROE2-59479,74100,59300
ROE2-59481,77400,62000
ROE2-59501,9300,7500
ROE2-59506,10000,8000
ROE2-59507,1800,1500
ROE2-59508,5900,4800
ROE2-59518,21800,17500
ROE2-59522,245000,196000
ROE2-59523,254000,204000
ROE2-59525,270000,216000
ROE2-59528,11900,9600
ROE2-59531,19700,15800
ROE2-59533,12700,10200
ROE2-59534,14200,11400
ROE2-59536,20400,16400
ROE2-59537,14200,11400
ROE2-59538,14200,11400
ROE2-59540,21200,17000
ROE2-59548,2900,2400
ROE2-59549,8200,6600
ROE2-59593,27100,21700
ROE2-59600,120000,96000
ROE2-59601,126000,101000
ROE2-59602,133000,107000
ROE2-59603,146000,117000
ROE2-59604,19400,15600
ROE2-59605,900,720
ROE2-59606,960,768
ROE2-59607,1600,1300
ROE2-59612,27100,21700
ROE2-59623,2200,1800
ROE2-69806,84200,67400
ROE2-89007,3200,2600
ROE2-89011,1600,1300
ROE2-89023,2000,1600
ROE2-89031,2700,2200
ROE2-89032,2700,2200
ROE2-89034,2900,2400
ROE2-89037,2700,2200
ROE2-89038,2700,2200
ROE2-89039,2700,2200
ROE2-89379,2000,1600
ROE2-89385,3600,2900
ROE2-89581,2000,1600
ROE2-89584,1700,1400
ROE2-89585,1700,1400
ROE2-89586,1700,1400
ROE2-89605,1600,1300
ROE2-89607,1600,1300
ROE2-89608,1600,1300
ROE2-89609,1600,1300
ROE2-89614,1700,1400
ROE2-89630,2100,1700
ROE2-89641,3000,2400
ROE2-89643,1200,960
ROE2-89746,1500,1200
ROE2-89811,4400,3600
ROE2-27150,5800,4700
ROE2-59471,153000,123000
ROE2-400355,3100,2500
ROE2-400485,1700,1400
ROE2-39680,150000,120000
ROE2-39681,236000,189000
ROE2-501914,3700,3000
ROE2-29060,11500,9200
ROE2-39098,4500,3600
ROE2-89201,51600,41300
ROE2-89193,24600,19700
ROE2-89185,27600,22100
ROE2-507901S,2500,2000
ROE2-507168S,2400,2000
ROE2-501270S,2200,1800
ROE2-500901S,830,664
ROE2-303250S,49000,39200
ROE2-303146S,40900,32800
ROE2-303103S,295000,236000
ROE2-303064S,246000,197000
ROE2-301068S,123000,98400
ROE2-119132S,2600,2100
ROE2-118298S,60700,48600
ROE2-118297S,34800,27900
ROE2-118257S,3400,2800
ROE2-118243S,14800,11900
ROE2-118205S,4100,3300
ROE2-118204S,2600,2100
ROE2-118175S,12300,9900
ROE2-118153S,1300,1100
ROE2-117952S,14200,11400
ROE2-117466S,890,712
ROE2-117465S,1500,1200
ROE2-101195S,4100,3300
ROE2-101097S,1200,960
ROE2-502508,1800,1500
ROE2-502443,1300,1100
ROE2-121847,4400,3600
ROE2-89077,2600,2100
ROE2-59614,27100,21700
ROE2-59613,26500,21200
ROE2-59611,27100,21700
ROE2-59596,27100,21700
ROE2-59591,27100,21700
ROE2-59583,26500,21200
ROE2-59582,27100,21700
ROE2-59573,26300,21100
ROE2-59567,3600,2900
ROE2-59559,27100,21700
ROE2-59552,2000,1600
ROE2-59547,3700,3000
ROE2-59539,15500,12400
ROE2-59535,14800,11900
ROE2-59530,14200,11400
ROE2-59527,2600,2100
ROE2-59498,3600,2900
ROE2-59378,40600,32500
ROE2-59377,152000,122000
ROE2-59360,47300,37900
ROE2-59358,131000,105000
ROE2-59340,2800,2300
ROE2-57084,89700,71800
ROE2-57082,92600,74100
ROE2-57081,86600,69300
ROE2-49474,147000,118000
ROE2-49454,2600,2100
ROE2-49453,1300,1100
ROE2-49257,1900,1600
ROE2-39997,14400,11600
ROE2-39829,59200,47400
ROE2-39819,4600,3700
ROE2-39695,830,664
ROE2-29633,1100,880
ROE2-27454,10100,8100
ROE2-28011,10500,8400
ROE2-28369,13400,10800
ROE2-27234,48300,38700
LIN2-EBM06,1100,880
TBA2-K2F1107401,1100,880
TBA2-K2F1107200,1300,1100
RHE2-5557,1260,1100
TOL2-P337,2500,2000
RHE2-4+5,4800,3900
RHE2-08071,1500,1200
RHE2-11005,1000,800
RHE2-12010,1010,808
RHE2-MF20450,1500,1200
BER2-CC-16DF,6000,4800
BER2-CC-16-C5-6,8100,6500
SKP2-HUR0126203,36400,29200
BER2-BKSH6L,8000,6400
AMA2-10366904,1500,1200
PUJ2-900.000,9000,7200
MID2-78159,21300,17100
SKP2-PM002S0480,15400,12400
BKP2-BKPSM4-L5027P,17500,14000
BKP2-H1044X,3700,3000
RON2-120750T02,27900,22400
RON2-121344,56600,45300
COF2-34,4800,3900
GLO2-X40162-163,5600,4500
HAM2-990342900,2300,1900
SKP2-PM016S0111,1500,1200
HAM2-HMIS21,42000,33600
HAM2-HMIS18,34700,27800
HAM2-HMIS14,27000,21600
TBA2-KR25-1G-LW-GD,52800,42300
GLO2-X600S1,29500,23600
GLO2-X30504,3000,2400
RON2-121344T02,43600,34900
HAM2-990342800,4200,3400
COG2-75500,228000,183000
SKP2-QTBD103100,11700,9400
HAT2-044034400,6400,5200
HAT2-X04.05.528.00,1900,1600
RTN2-87.01.372,14600,11700
RJ2-YYDFW-0.55,101000,80800
TBA2-K3F0624103,5700,4600
PIT2-P10429-M,18900,15200
RON2-79776,8800,7100
TBC2-HCT-3017-1,52300,41900
TBC2-I1-9179-2,1700,1400
RON2-53027,16200,13000
HAM2-990315000,26300,21100
HAM2-990315100,3600,2900
CRO2-9092-3,2700,2200
TBC2-HHC-6595,2100,1700
ZAN2-AGAS0036,1300,1100
HAM2-990065501,6800,5500
HAM2-990150300,10500,8400
ROB2-MC0846,1100,880
NTS2-L290061045,2300,1900
AMA2-C8901508,4300,3500
REF2-00121,2400,2000
AMA2-D7741701,1100,880
WYO2-48609400,8200,6600
FRA2-42050224,3240,2600
FRA2-42050225,4770,3900
SAV2-12355,2450,2000
NUO2-09200006,3000,2400
UNI2-AX26,1800,1500
UNI2-AX33,1900,1600
FRA2-21650015,6100,4900
ELO2-E0260,2500,2000
SAV2-51098,1400,1200
ROS2-1980-48,900,720
SAV2-18027,3300,2700
ROB2-LT40-04,6300,5100
STA2-2E-Z2147,3700,3000
ROB2-25TS-17,2300,1900
NUO2-16300073,33000,26400
WYO2-54006,4400,3600
FAG2-R672638,4800,3900
FAG2-R680508,5900,4800
SAE2-031781500A,9375,7500
NAY2-GS3895,1000,800
POE2-168851,1000,800
ELO2-P0514,8900,7200
NUO2-16300034,6000,4800
SAV2-21099,3000,2400
GRC2-V141,1900,1600
FAG2-R672625,10200,8200
FAG2-R672626,10200,8200
SAM2-2140033,20000,16000
DIH2-10300011,7600,6100
ROU2-4030163,2295,1900
NUO2-16300003,1200,960
NAY2-GS3854,1000,800
WIN2-5523051,8300,6700
ASL2-SK-IND5000,2100,1700
MON2-5384-7,39700,31800
JIN2-30X104,1700,1400
PIE2-TIMER,4800,3900
NAY2-GS3649,15000,12000
WIN2-5523050,15000,12000
WIN2-5523018,16000,12800
FAG2-U322100,3700,3000
WIN2-70200291,16300,13100
COF2-157,7400,6000
NUO2-04600001,3700,3000
ELO2-N0075,860,688
NUO2-14100024,4000,3200
NUO2-15050001,2600,2100
NAY2-GS3720,1000,800
COF2-318,2500,2000
BEN2-5046,2800,2300
LAS2-108450,1800,1500
NUO2-16100118,1050,840
MAX2-EJ222-3B,5000,4000
MON2-3173-9,8000,6400
CHR2-CB60-FOUET,28600,22900
WYO2-87053,2600,2100
CAM2-CS2112V-480,1600,1300
CAM2-CSMHDTK145-000,17900,14400
CAM2-CSMHDTK12-000,7900,6400
CAM2-CSMHDTK10-000,13200,10600
CAM2-IB44LIDCW,6600,5300
CAM2-60032,2500,2000
CAM2-CSMHDTKE6-000,6500,5200
CAM2-CSMHDDB-000,2600,2100
SKP2-SDCHZ01300,2500,2000
CAM2-41058,4300,3500
CAM2-CS2118V-480,2300,1900
SAM2-2141581,1600,1300
CAM2-CSMHDTKE5-000,5600,4500
CAM2-CSMHDTKE4-000,5200,4200
LAP2-440071,820,656
SAV2-12551,5000,4000
CAM2-60033,3000,2400
TRI2-TS-1106,1100,880
CAM2-7354,2700,2200
CAM2-CS2111V-480,1500,1200
VOL2-XMIX1002,7700,6200
NAY2-GS3060,15000,12000
CHR2-6309-2RS1,1800,1500
WOL2-714268,2300,1900
WIN2-70002251,14000,11200
CAM2-730SR-194,7500,6000
ZAN2-TERM0001,4500,3600
CEC2-G098A,3900,3200
SAM2-2149112,18500,14800
LAS2-108245,5000,4000
LAS2-108456,3300,2700
WIN2-60003522,5500,4400
MID2-64217,21700,17400
JIN2-CURVE(G150L),5500,4400
COF2-C,4400,3600
WIN2-3116062,19500,15600
NUO2-09100003,2000,1600
WIN2-70002277,14000,11200
WIN2-70002270,16700,13400
WIN2-70002271,19700,15800
WIN2-70002272,17400,14000
WIN2-70002255,21800,17500
WIN2-3015512,2500,2000
WIN2-3201005,17400,14000
WIN2-3111104,3300,2700
CEC2-L271A,6400,5200
CEC2-V113A,3700,3000
CEC2-X005A,1100,880
HAT2-0216061,8500,6800
GOL2-76176,6000,4800
MON2-3395-2,39700,31800
VUL2-417424-G1,4400,3600
SAM2-2149004,1200,960
COF2-D,2800,2300
CEC2-75015,1300,1100
CEC2-280-00022,13300,10700
NUO2-04100017,4000,3200
WES2-P651-3,2300,1900
DCS2-12025,31500,25200
CHR2-39-A,6300,5100
CEC2-355-00032,4500,3600
CHR2-42,4200,3400
HIC2-523,2800,2300
CEC2-D037C,2100,1700
SAE2-187672952,2600,2100
FRA2-177252,28600,22900
REG2-16,1500,1200
CEC2-L299C,2000,1600
FAG2-X033201,6600,5300
CEC2-E040A,3700,3000
ROB2-DC0117,3300,2700
LAS2-108192,3000,2400
LAS2-108409,11500,9200
LAS2-108451,1100,880
CEC2-58028,7500,6000
NUO2-16300019,14000,11200
NUO2-16300057,35500,28400
NUO2-16400020,25500,20400
CHR2-B6767,1500,1200
TS2-002710-40,2600,2100
CHR2-84586947,5500,4400
CHR2-84586941,3100,2500
CHR2-1101-RO-1R-0-1,4500,3600
CHR2-84586933,5500,4400
CHR2-845869183,17500,14000
CHR2-38,1100,880
CHR2-84586997,19400,15600
SAM2-2503997,27000,21600
CHR2-BASKET-COMPLETE,5300,4300
CHR2-MINKEV144,27500,22000
CHX2-CH-TO-252,1400,1200
FAG2-T032101,5500,4400
CMD2-TRAS0084,3300,2700
SAM2-2509149,3700,3000
EUR2-ก้านคันโยก,1400,1200
SAM2-2509127,42500,34000
SAV2-21436,1100,880
COF2-EVAPORATOR240,17700,14200
COF2-EVAPORATOR-PLAT,2600,2100
COF2-CAPACITOR,1300,1100
WAR2-012712,2400,2000
WYO2-3100945,3600,2900
COF2-B,3900,3200
WOL2-714592,5100,4100
COF2-47,6400,5200
COF2-RELAY,1200,960
COF2-DRIP-TRAY1,1400,1200
WYO2-1201200,13400,10800
COF2-159,8900,7200
COF2-160,8400,6800
COF2-VALVE-BODY,3100,2500
EUR2-0067+0760+1070,1600,1300
EUR2-R100A031,2000,1600
EUR2-RG000636,4800,3900
EUR2-RG000640,3400,2800
EUR2-RI00A115,5200,4200
EUR2-RH003618,1300,1100
EUR2-RQ00A064,1500,1200
EUR2-RR003635,1300,1100
EUR2-RB000226,26000,20800
ELO2-E0210,2200,1800
ELO2-330006,4800,3900
ELO2-334007,1800,1500
ELO2-444018,1700,1400
ROL2-B02049,9700,7800
ELO2-P0150,7100,5700
EUR2-A053,6600,5300
EUR2-RV003223,960,768
FRA2-177110,30000,24000
FRE2-PUMP-MOTOR,6000,4800
ELO2-M0121,1500,1200
WIN2-30002187,75300,60300
FRA2-300717,3600,2900
MON2-11758-7,8300,6700
WYO2-1380200,7900,6400
RHE2-06071,1200,960
DEA2-1204,6200,5000
TBA2-K25F2I7007,3700,3000
WIN2-61001713,32500,26000
WIN2-70008044,9500,7600
WIN2-61002741,17000,13600
ROT2-2933004,840,672
FAG2-R723003,47600,38100
FAG2-R670525,1500,1200
ROB2-DS0011,5600,4500
ELO2-E0156,7100,5700
ELO2-E0230,3000,2400
WOL2-713652,5700,4600
WOL2-713930,1200,960
RAN2-HANDLE2,2100,1700
ROB2-VS0004,10900,8800
EDL2-A72002,60700,48600
NUO2-01300005,6500,5200
EGO2-5511569070,1500,1200
SAE2-031780400A,7000,5600
EDL2-A279,3100,2500
SAE2-9160005,1000,800
NUO2-01200003,12000,9600
NUO2-04500033,7300,5900
EDL2-A75602,90000,72000
NUO2-80006000,2800,2300
NUO2-98050006,6500,5200
WIN2-70200343,16300,13100
ELO2-E433,6200,5000
EDL2-C08402,4700,3800
EDL2-P244,1100,880
ELO2-R0184,4400,3600
EDL2-A287DC,156000,125000
EDL2-C404,2000,1600
EDL2-K27519,24900,20000
WIN2-70200387,10200,8200
EDL2-SW010,10500,8400
EDL2-L065,5800,4700
PRI2-TRAY,1500,1200
ELO2-R0303,4000,3200
WNK2-JD-TAP,3200,2600
EGO2-5511549020,1600,1300
WOL2-719362,8800,7100
SAE2-9120006150,3500,2800
SAV2-12548,1500,1200
SAV2-12549,1500,1200
SAV2-13312,3000,2400
RAN2-20122251,1400,1200
ELO2-HEATER,4100,3300
FAG2-R253030,1800,1500
FAG2-U192101,890,712
FAG2-X562130,820,656
LAS2-202174,900,720
ELO2-E0467(RELAY),4500,3600
UNI2-1023089,8000,6400
UNI2-7100027,1500,1200
UNI2-DOUGH-HOOK,11700,9400
PER2-COMP-TIMER,6200,5000
RAN2-34200092,2900,2400
FRA2-09580110,3500,2800
GMI2-16122,4800,3900
HAT2-X0209261,4600,3700
WIN2-70200289,12000,9600
WIN2-70200336,10300,8300
WIN2-2210301,2900,2400
VOL2-40763,6200,5000
WIN2-3102378,22300,17900
WIN2-5525050,72500,58000
LOC2-WHEEL-02-SS,1800,1500
RAN2-35162501,3200,2600
ROL2-B01005,1800,1500
GLO2-X40125,4500,3600
ROL2-E02215,1900,1600
CRO2-4174-1,146000,117000
PIE2-LIMIT(MIX20),1800,1500
LAC2-457340028,13600,10900
RAN2-38123753,6000,4800
GRC2-S041,4000,3200
PMF2-3T300010,820,656
ROL2-E02218,5900,4800
PRI2-101-118,1500,1200
RAN2-10070108,1800,1500
MID2-72796,9800,7900
GLO2-X30011PABB,19500,15600
GLO2-X40080,12200,9800
MMT2-R9900585,6000,4800
PAN2-E1,21700,17400
PAN2-G6,15800,12700
GLO2-X600S2,18600,14900
HAM2-990278500,3000,2400
MID2-60664,22600,18100
ZAN2-CARP0588,1500,1200
GRC2-S082,2500,2000
WIS2-00107,2600,2100
WIN2-3102410,29700,23800
PRI2-910-50,1250,1000
PRI2-919-191A,1100,880
LAS2-108063,1600,1300
LAS2-108201,6200,5000
LAS2-108460,7500,6000
LAS2-202001,5000,4000
LAS2-202102,1500,1200
LAS2-202229,5700,4600
LAS2-400154,1100,880
MMT2-59174522,12600,10100
PAN2-RESI001,3000,2400
BES2-25779400,3500,2800
HAT2-050300700,5600,4500
IMC2-S79-039,30200,24200
NUO2-16300133,53000,42400
NUO2-แผงวงจร,2000,1600
WYO2-85140,10100,8100
HAT2-02.05.766.00,4800,3900
SKP2-STA-CAPA,5900,4800
MID2-69510,2300,1900
BES2-32786300,6000,4800
WYO2-63453,860,688
WYO2-63454,860,688
HAT2-0440025,5200,4200
MON2-11790-0,1200,960
MON2-14033-5,5200,4200
MON2-15589-6,18200,14600
MON2-15591-8,18200,14600
MON2-14061-9,2100,1700
MON2-1984-4,3800,3100
MON2-3416-9,1500,1200
WYO2-20658-02,4200,3400
WYO2-31022-05,2100,1700
WYO2-1380101,7900,6400
WYO2-20661-13,1900,1600
WYO2-1479813,17000,13600
WYO2-1488300,830,664
BKP2-AS-M1009A,12000,9600
WIN2-5510078,19500,15600
WIN2-2804040,1500,1200
MID2-70820,37600,30100
MID2-69683,12500,10000
WIN2-610020680,98000,78400
WIN2-61003085,9700,7800
WIN2-3106180,4400,3600
VOL2-40761,13000,10400
WIN2-61005327,11300,9100
WIN2-3102330,5000,4000
WOL2-18348,10300,8300
HAT2-X021613300,2100,1700
NUO2-12100004,2600,2100
VOL2-40762,6100,4900
MID2-72947,17100,13700
NAY2-GS2158,3800,3100
NAY2-GS3851,1300,1100
NAY2-GS2170,1000,800
NAY2-GS3644,9000,7200
NAY2-GS3689,1000,800
TBA2-RUNCAP-LX125LAJM,2100,1700
TBA2-CA2435Z00,43500,34800
NAY2-GS3865,2000,1600
HAM2-260057600,2100,1700
POE2-168852,1500,1200
PIE2-SAFETY,1500,1200
MON2-16782-7,99900,80000
MON2-19187-6,16200,13000
MON2-2125-3,21200,17000
ROL2-76111SE,6600,5300
ZAN2-MANI0127,1200,960
ROB2-MC0032,1600,1300
SKP2-SDCHZ01400,2500,2000
WIN2-70300239,12400,10000
MAX2-4,3300,2700
MID2-22450-0297,1300,1100
MID2-51017,99900,80000
MID2-48382,19700,15800
MID2-48635,3400,2800
MID2-50060,19400,15600
MID2-50061,19400,15600
MID2-57258,9400,7600
MID2-59280,7100,5700
MID2-52358,7200,5800
MID2-30153,7000,5600
MID2-45739,2200,1800
MID2-48387,19600,15700
MID2-48395,33600,26900
MID2-48471,82000,65600
MID2-48392,50700,40600
MID2-48396,34800,27900
MID2-50062,19400,15600
MID2-67872,11900,9600
MID2-67975,16600,13300
MID2-50163,26300,21100
MID2-51409,9600,7700
MID2-60598,5000,4000
MID2-31497,3200,2600
MID2-51961,101000,80800
MID2-72826,38700,31000
MID2-M10434,16300,13100
MID2-68310,84900,68000
MID2-3101212,1700,1400
MID2-48378,7700,6200
MID2-48412,19700,15800
MID2-51398,1300,1100
MID2-55217,8500,6800
MID2-57474,1600,1300
MID2-69190,41400,33200
MID2-48408,19400,15600
MID2-51387,1300,1100
MID2-44696,8700,7000
MID2-45349,12100,9700
MID2-48410,6400,5200
MID2-67857,22600,18100
MID2-M3828,5100,4100
MID2-M4818,3300,2700
MID2-M7471,55800,44700
WIN2-5528174,36000,28800
MID2-50715,96200,77000
MID2-M4815,13600,10900
MID2-M4817,8800,7100
MID2-70984,2700,2200
MID2-S1172857,11400,9200
HAT2-02.13.340.00,5800,4700
HAT2-021613200,1800,1500
SKP2-SDC36Z0500,3700,3000
HAT2-040543900,3500,2800
POW2-WRHA2G0002,1000,800
POW2-WRHA2G0004,13000,10400
HAT2-040558200,1200,960
HAT2-040523500,2600,2100
HAT2-040558400,3600,2900
HAT2-20119200,4400,3600
HAT2-R02.06.302.00,5400,4400
HAT2-R041786406,7500,6000
HAT2-070125500,2700,2200
HAT2-R020573600,2800,2300
HAT2-R02.06.452.00,5400,4400
HAT2-R023026612,7100,5700
ZAN2-BOCC0020,1200,960
PMF2-5G080001,5700,4600
HAT2-R02.06.301.00,5400,4400
MMT2-59154460,2700,2200
PIT2-PP10962,46400,37200
VOL2-40764,6200,5000
VRM2-AR31-152.1M,12500,10000
SKP2-RUN-CAPA,5900,4800
TRA2-8086,1330,1100
REF2-00134,1200,960
REF2-00130,6500,5200
REF2-00135,1300,1100
REF2-00142,1200,960
REF2-00067,1500,1200
REF2-00066,1500,1200
REF2-00143,3000,2400
WIN2-4004006,5000,4000
SKP2-SIS1000400,10200,8200
SKP2-S2SRF00100,8800,7100
VOL2-XMIX1004,3100,2500
SKP2-K3F2901702,2400,2000
RTN2-40.00.395,7500,6000
RTN2-40.00.251,48800,39100
BKP2-2F-L5014E,15700,12600
VRM2-AR005-010-TS001,11000,8800
SKP2-SCD1580500,3000,2400
ROL2-37024,1400,1200
ROL2-E01022COM,7500,6000
RTN2-40.04.771,1700,1400
ROL2-SA18051SE,3700,3000
ROL2-SH03028,3400,2800
RTN2-42.00.004,89400,71600
RTN2-40.01.603,13900,11200
WNK2-JD-ICE-TUBE,1300,1100
RTN2-50.01.147,2200,1800
WIN2-70007240,13600,10900
SKP2-PM002S0310,3200,2600
SKP2-PM009H0080,1100,880
SKP2-PM009H0050,14600,11700
SKP2-SDC36W2200,11700,9400
SKP2-SDC36E0200,36400,29200
SKP2-SDC36E0100,36400,29200
SKP2-SDCHZ00100,11700,9400
SKP2-SDC36Z0700,4400,3600
SKP2-PM01S0010,1500,1200
SKP2-KF81500200,4400,3600
SKP2-G8F5000400,21900,17600
SKP2-K3F4400803,36400,29200
SKP2-SDC36E0300,50900,40800
SKP2-SDC36Z0600,3700,3000
SKP2-SDC36W0403,26200,21000
SKP2-PM021H0030,127000,102000
SKP2-K2F9000109,5900,4800
SKP2-SDC36W0600,36400,29200
TOA2-1800105,850,680
TOA2-52244,115000,92000
TOP2-0098-H03,2800,2300
TOP2-KSH410,2300,1900
PIT2-60126801,114000,91200
TOP2-XDF-H110,5700,4600
TOP2-M98E-H44,4200,3400
TOP2-0098-03,3200,2600
TOP2-HS420-1500,1100,880
TOP2-GR106,900,720
"TOP2-98-H68""",3000,2400
"TOP2-98-H20""",2000,1600
TOP2-9870-FEU,1100,880
SEV2-00152,1200,960
HAM2-990080500,3200,2600
TBA2-KIF0420100,2600,2100
ROB2-DC0116,3300,2700
TBA2-K2F5700100,45600,36500
WIN2-85000436,8000,6400
BKP2-S115Y,160000,128000
WIN2-3103152,18000,14400
WIN2-700009073,9000,7200
XIN2-TW-7S-45,1200,960
TBA2-K1F5700100,45600,36500
TBA2-K3F4500206,10000,8000
VRM2-AR005-363-TD001,4600,3700
VRM2-AR005-364-TD001,3600,2900
NTS2-AWC-06,900,720
NTS2-WHEEL-01,1900,1600
NTS2-WHEEL-02,1800,1500
ROL2-A16010,1100,880
ZNS2-002355,3400,2800
ZNS2-004361,6400,5200
ZNS2-052062,1300,1100
ZNS2-0C0854,4600,3700
MBM2-182100,9500,7600
MBM2-188982,30400,24400
MBM2-203478,6100,4900
MBM2-203480,5600,4500
MBM2-RTCU700366,10700,8600
PMF2-5E200582,2200,1800
PMF2-5E200583,1300,1100
ZAN2-TERM0038,5200,4200
HAM2-BW800SS,14200,11400
HAM2-DH800SS,4700,3800
HAM2-WW800SS,4700,3800
ROB2-NC0044,1200,960
ROB2-VS0284,2800,2300
CRO2-9207-3,2700,2200
CRO2-3529-2,43200,34600
CRO2-4298-100,92900,74400
CRO2-3533-1,7000,5600
CRO2-9207-5,2700,2200
CRO2-9147-2,2700,2200
CRO2-9342-1,15000,12000
LIN2-FA99,2000,1600
PIT2-P6071371,24000,19200
PIT2-PP11371,345000,276000
PIT2-PP11372,266000,213000
RON2-50587,270000,216000
TBC2-100539,6000,4800
TBC2-100547,19900,16000
TBC2-101279,1700,1400
TBC2-101752,1300,1100
TBC2-102660,38500,30800
TBC2-102661,40400,32400
TBC2-102662,36400,29200
TBC2-102663,37700,30200
TBC2-102664,39300,31500
TBC2-102668,44900,36000
TBC2-104228,940,752
TBC2-CON-3012-XX,41400,33200
TBC2-CON-3026,1800,1500
TBC2-CON-3031,26400,21200
TBC2-CON-7013,65900,52800
TBC2-ECS-9566,7800,6300
TBC2-HCT-3009,117000,93600
TBC2-HCT-3010,184000,148000
TBC2-HCT-3011,184000,148000
TBC2-HCT-3012,183000,147000
TBC2-HCT-3013,1900,1600
TBC2-HCT-3014,118000,94400
TBC2-HCT-3015,30100,24100
TBC2-HCT-3016,84000,67200
TBC2-HCT-3017-2,44500,35600
TBC2-HCT-3017-3,60800,48700
TBC2-HCT-3017-4,42600,34100
TBC2-HCT-3018,2700,2200
TBC2-HCT-3022,58700,47000
TBC2-HCT-3023,5500,4400
TBC2-HCT-3024,5300,4300
TBC2-HCT-3025,5800,4700
TBC2-HCT-3026,4800,3900
TBC2-HCT-3027,4700,3800
TBC2-HCT-3028,4400,3600
TBC2-HCT-4001-XXXX,1000,800
TBC2-HCT-4038.C,8300,6700
TBC2-HCT-4041.D,6600,5300
TBC2-HCT-4045,2400,2000
TBC2-HCT-4116-1,30200,24200
TBC2-HCT-4116-2,60800,48700
TBC2-HCT-4116-3,42100,33700
TBC2-HCT-4117.E,45200,36200
TBC2-HCT-4175,2700,2200
TBC2-HCT-4202,3500,2800
TBC2-HCT-4258,40000,32000
TBC2-HCT-4354,12500,10000
TBC2-HHC-1234,7400,6000
TBC2-HHC-3011,1100,880
TBC2-HHC-3012-2,38100,30500
TBC2-HHC-4120,69700,55800
TBC2-I1-3202,15400,12400
TBC2-I1-3210,16600,13300
TBC2-I1-3212,4800,3900
TBC2-I1-3219,32700,26200
TBC2-I1-9039,1200,960
TBC2-I1-9159,2200,1800
TBC2-I1-9668,3600,2900
TBC2-NGC-1076-2,4200,3400
TBC2-NGC-1530,1900,1600
TBC2-NGC-3023,38200,30600
TBC2-NGC-3032,2200,1800
TBC2-NGC-3061-2,9500,7600
TBC2-TC3-0433,11000,8800
PMF2-7I010001,2200,1800
PMF2-8K010135,35900,28800
ROB2-DC0133,4800,3900
ROB2-DC0134,4500,3600
ROB2-HC0150,13000,10400
ROB2-VS0306,27400,22000
ROB2-WS0012,27900,22400
ROB2-WS0020,5400,4400
HAM2-6126-HBF500,9500,7600
HAM2-9900314701,52400,42000
RON2-51309,50100,40100
HAM2-990263500,1000,800
HAM2-990264100,16500,13200
HAM2-990264300,5000,4000
HAM2-990264900,5100,4100
HAM2-990265300,10600,8500
HAM2-990265700,1100,880
HAM2-990266200,1700,1400
HAM2-990276800,3900,3200
HAM2-990282000,7700,6200
HAM2-990282200,22500,18000
HAM2-990282300,2800,2300
HAM2-990294301,39500,31600
HAM2-990301900,5000,4000
ROL2-F03017NM,31100,24900
COG2-73100,1900,1600
ROL2-76104,2500,2000
ROL2-76119,1100,880
ROL2-76136,2800,2300
ROL2-SB06012,1700,1400
ROL2-SH01105,9500,7600
ROL2-SH01106,8500,6800
ROL2-SB06044,1200,960
ROL2-76100,1400,1200
COG2-80398,9500,7600
LIN2-ST81,1200,960
LIN2-EBM03,6200,5000
ROL2-A19013,6100,4900
ROL2-G06640,870,696
PIT2-60143501,130000,104000
PIT2-60144001-C,13800,11100
PIT2-A8002201,15100,12100
PIT2-PP10618,1800,1500
PIT2-PP10591,1800,1500
PIT2-PP11257,23300,18700
PIT2-60132201,41500,33200
LIN2-CCB01,37400,30000
LIN2-FT03,6000,4800
LIN2-HA121,5200,4200
LIN2-TH136,3900,3200
LIN2-USB01,4800,3900
LIN2-USB02,890,712
ROL2-15246SE,2500,2000
ROL2-A18024,6600,5300
ROL2-F05004,7300,5900
ROL2-H04083BRO,5200,4200
COG2-129053,3800,3100
COG2-127053,2500,2000
COG2-214077,1300,1100
COG2-478056,2000,1600
COG2-990121,5500,4400
COG2-15038,1400,1200
COG2-15039,1400,1200
COG2-26407,4200,3400
COG2-33294,1200,960
SEV2-N550-10,50000,40000
BES2-25156000,3000,2400
LIN2-TA86,17800,14300
PMF2-5M200030,820,656
PMF2-5P030040,820,656
PMF2-5I030211,25600,20500
ROB2-ES0416,10300,8300
ROB2-ES0418,2500,2000
EDL2-A720,38700,31000
EDL2-C084H,8000,6400
HAT2-BO10193,33400,26800
HAT2-BO10183,29400,23600
TOA2-BO10064,15400,12400
HAT2-1001013,1900,1600
ROL2-B03008,870,696
ROL2-D02019,2300,1900
ROL2-D02170,2100,1700
HAT2-021916100,1700,1400
HAT2-0219164,3100,2500
CAM2-EMCWB-000,4000,3200
SKP2-PM016S0010,1500,1200
TBC2-HCT-4213,9300,7500
SKP2-PM013S0150,1500,1200
TBC2-I1-9411,5800,4700
SKP2-A-G8F3200602,4400,3600
VOL2-00001,8600,6900
BKP2-S1094X,2000,1600
BKP2-R3021X,930,744
BKP2-R3020X,6000,4800
BKP2-S1016X,4300,3500
RTN2-40.03.928P,4800,3900
RTN2-50.01.146P,2100,1700
HAM2-990349400,19500,15600
ROB2-GC0010,8900,7200
ROB2-GC0005,3200,2600
ROL2-C03013,870,696
ROL2-57031,3700,3000
CAM2-ADCC000,5600,4500
ZAN2-ELET0059,3600,2900
LIN2-IG38,2700,2200
LIN2-KN230,1600,1300
LIN2-KN231,1500,1200
CEC2-R123A,5100,4100
CEC2-R122A,10600,8500
CAM2-41019,3600,2900
CAM2-60008,2000,1600
ROB2-VS0111,29200,23400
ROB2-317159,29200,23400
NUO2-40900001,4200,3400
NUO2-49800001,1000,800
NUO2-40700005,1200,960
NUO2-49900001,3500,2800
NUO2-40500002,1000,800
NUO2-49800002,2000,1600
REF2-00081,1800,1500
HAM2-930093601,1900,1600
WIN2-70003169,8900,7200
WIN2-60003995,6000,4800
WIN2-62003596,7700,6200
VRM2-56SN20-30,3000,2400
MBM2-RTFOC00203-00,2600,2100
TBA2-T05AAE0010,14200,11400
HAM2-990058800,11000,8800
REF2-00086,8000,6400
LAC2-2445133575,17400,14000
WIN2-3104128,8100,6500
HOU2-32700125,2700,2200
REF2-LA40-0300-EWL,95000,76000
EKA2-09988078000,1200,960
EKA2-09985128418,4200,3400
REF2-HL3-0400-DB1,120000,96000
CAM2-853FH-150,1500,1200
SAM2-2600310,9500,7600
CEC2-E053A,30500,24400
MID2-62329,70300,56300
PIT2-60125202-C,27700,22200
WIN2-60003350,1200,960
LTE2-14,2500,2000
REF2-231-9040-0443,16000,12800
MID2-22176-0017,2000,1600
MID2-P9000-26,6000,4800
MID2-59905,27300,21900
WIN2-70003485,29000,23200
WIN2-70003504,34800,27900
WIN2-70003587,43500,34800
MID2-3101908,4200,3400
MID2-66992,31200,25000
PIT2-B3301506-C,1166000,933000
MID2-50551,23700,19000
MID2-68909,13000,10400
NTS2-B5-002,5400,4400
CAM2-41104110,5400,4400
RON2-50561,52900,42400
RON2-106852,16400,13200
RON2-125404,34100,27300
TOP2-30600021,9500,7600
SKP2-SK00DS0100,1500,1200
SKP2-MDS001,1500,1200
ROL2-91049,5600,4500
CAM2-60432,920,736
SEV2-00101,3500,2800
MID2-60047,27300,21900
WIN2-3117007,99000,79200
EKA2-09940588000,2100,1700
TBA2-G5R5700200,15200,12200
PIT2- 60143513-CL,113000,90400
MID2-37923,17300,13900
MID2-39224,17500,14000
BEN2-4002,2800,2300
BEN2-5036,9500,7600
BEN2-4001,2800,2300
TBA2-K1F9000101,2600,2100
CAS2-533899000,4400,3600
MMT2-58121077,1400,1200
ETL2-0831857602,23100,18500
ETL2-0624804600,21500,17200
ETL2-0574805901,4800,3900
ETL2-0524817201,4600,3700
ROL2-37005,1400,1200
LIN2-GL492,13200,10600
WNK2-BT-200T-1,2500,2000
WNK2-BT-200T-3,1500,1200
WNK2-BT-200T-4,1800,1500
WNK2-BT-200T-7,840,672
WNK2-BT-200T-8,1000,800
NTS2-L290061044,2500,2000
NTS2-L290061064,1800,1500
ROB2-SC0055,1600,1300
WNK2-BT-180T-2,2000,1600
WNK2-BT-180T-4,1800,1500
WNK2-BT-180T-5,3000,2400
NUO2-16300001-G,1700,1400
MID2-60192,64600,51700
MID2-45333,6600,5300
MID2-58484,12800,10300
MID2-M10534,47900,38400
HAM2-960042000,21000,16800
ZAN2-CART0018,9800,7900
KIT2-9706977,2100,1700
TBA2-KIF9000105,2600,2100
TBA2-KR53300102,1300,1100
NTS2-YS-W60J-1A-005,1700,1400
NTS2-YS-W60J-1A-001,5000,4000
WIN2-61005229,23000,18400
REF2-00108,1700,1400
REF2-00109,1800,1500
REF2-00110,1500,1200
REF2-00111,1500,1200
REF2-00112,1500,1200
ROB2-TS0011,5000,4000
RAN2-10060527,3000,2400
HAT2-X021209300,7600,6100
TBA2-G2R5700200,14300,11500
MID2-M10127,8400,6800
WIN2-5430001,3000,2400
REF2-AE2425ZK-SR,7000,5600
WIN2-70004851,1200,960
WIN2-5528249,1500,1200
LIN2-EBM01,1100,880
NTS2-WEB0009810,18000,14400
WIN2-3106250,4900,4000
ROB2-BMH2,880,704
TS2-5SV-H,3700,3000
MID2-65566,34400,27600
NTS2-1204010019,9800,7900
NTS2-1204040004,2300,1900
NTS2-1204060006,1700,1400
NTS2-1204060011,2500,2000
HAT2-R020460100,5500,4400
LIN2-STA08,8800,7100
LIN2-13078,7100,5700
LIN2-SH109,5300,4300
LIN2-KN240,890,712
LIN2-MC16,13400,10800
LIN2-EL240,10200,8200
LIN2-EL239,10200,8200
LIN2-EBM22,3000,2400
LIN2-FZ214000,1900,1600
LIN2-FZ100947,11200,9000
LIN2-TH116,11200,9000
LIN2-Y10100,11600,9300
LIN2-GA62,1300,1100
LIN2-FZ214088,3300,2700
LIN2-DV02,2700,2200
LIN2-LE64,1400,1200
LIN2-LE65,1100,880
LIN2-EL297,6300,5100
LIN2-EL155,8700,7000
LIN2-EL108,15600,12500
LIN2-KN238,890,712
LIN2-EL225,5500,4400
LIN2-EL226,11200,9000
LIN2-HA78,1700,1400
LIN2-KN237,890,712
LIN2-EL214,2900,2400
LIN2-TU105,3700,3000
LIN2-EL216,10400,8400
SAN2-62375,42600,34100
SAN2-01222,2300,1900
SAN2-01227,1800,1500
SAN2-52518,3700,3000
SAN2-01225P,13000,10400
SAN2-66100,17700,14200
SAN2-02201AD,4200,3400
SAN2-SP,28400,22800
SAN2-4I,62500,50000
SAN2-33145,1100,880
SAN2-37165,2000,1600
SAN2-33123,3500,2800
SAN2-37180,13600,10900
SAN2-52532,11000,8800
SAN2-65111,38000,30400
SAN2-52511,2100,1700
SAN2-52501,4300,3500
SAN2-01604,2000,1600
SAN2-37105I,27400,22000
SAN2-37135I,24500,19600
SAN2-62125,2400,2000
SAN2-62200,7000,5600
SAN2-62204,2000,1600
SAN2-62208,1700,1400
SAN2-62220,3800,3100
SAN2-62222,2700,2200
SAN2-62300,123000,98400
SAN2-62301,14200,11400
SAN2-62340,2400,2000
SAN2-62343,2200,1800
SAN2-62343B,2100,1700
SAN2-62345,950,760
SAN2-62401,2400,2000
SAN2-65102,5400,4400
SAN2-65201,35700,28600
SAN2-65260,3100,2500
SAN2-65382,6900,5600
SAN2-65383,11900,9600
SAN2-37213,2200,1800
SAN2-01310,6200,5000
SAN2-37485,3200,2600
SAN2-37250,24400,19600
SAN2-58105,13000,10400
SAN2-58300,68000,54400
SAN2-28856,7700,6200
SAN2-02122,5100,4100
BER2-CM-NL6.1MF,10000,8000
BER2-CM-AEZ4430,10800,8700
BER2-CM-GL90TG,12700,10200
BER2-CM-GLY12RGB,13200,10600
BER2-CM-GP14TG,13500,10800
BER2-CM-NL8.4MF,12700,10200
BER2-DF009,1900,1600
BER2-TM-EGO250,4300,3500
BER2-416X293,3100,2500
BER2-HT-IR810W,1500,1200
BER2-HT-HP2KW,3100,2500
BER2-CM-THB4422,10300,8300
BER2-TM-EGO329,2300,1900
BER2-GAS-PIPE,1500,1200
BER2-BR-VEN-L,1400,1200
BER2-GL-FW55,2000,1600
BER2-BR-E40B,2500,2000
BER2-CM-MS26FG,30600,24500
BER2-GL-CHR-O,22700,18200
BER2-BS-C-WOOL,1400,1200
BER2-DRS-BS2D,11700,9400
BER2-IC-VCM-L-SW,1600,1300
BER2-HT-IR510W,1500,1200
BER2-HT-ESM-CRV,2900,2400
BER2-GE-GR200,3400,2800
BER2-CM-AE4440Y,12700,10200
BER2-CM-CAE4456,16900,13600
BER2-CM-MX21FBA,22200,17800
BER2-NT-FWB7-M,1500,1200
BER2-NT-FW22-1,1500,1200
BER2-CM-CAE4448,16900,13600
BER2-GL-BGC6,8400,6800
BER2-FE-FM10,1500,1200
BER2-CM-CAE2420,13700,11000
BER2-CM-CAE2424,15300,12300
BER2-BA-201A-CV,2100,1700
BER2-SPO-R-C2410058A,1500,1200
BER2-SPO-E-C2410058B,1300,1100
BER2-SPO-E-C2410058C,1500,1200
BER2-SPO-E-C2410058D,1900,1600
BER2-SPO-E-C2410058F,1400,1200
BER2-CM-SC15G,15800,12700
BER2-CM-NL84MF,12700,10200
BER2-FL-50G-C,1500,1200
BER2-CM-KCN430,21100,16900
BER2-CM-MPT14LA,14700,11800
BER2-FE-VDE90W,6900,5600
BER2-CM-GL80TG,11600,9300
BER2-CM-MPT16LA,20000,16000
BER2-CM-MX21FG,22200,17800
BER2-CM-GLY90RAB,12700,10200
BER2-GLC-D-GDF-L,13200,10600
BER2-CM-CAJ2440,28000,22400
BER2-TI-10M,1900,1600
BER2-GS-445X635C7,2000,1600
BER2-CM-MS26FB,26300,21100
BER2-BR-B110,6100,4900
BER2-SPO-P-PIE19020036A,1400,1200
BER2-GC-SDFH-SM-LC,14900,12000
BER2-GL-CHL,22700,18200
BER2-BR-201A,5500,4400
BER2-D-GDC-S-R,14200,11400
BER2-D-GDC-S-L,14200,11400
BER2-GL-RCS4F-C,12000,9600
BER2-IC-DRC150A-TS,6400,5200
BER2-IC-VCM-V-PUMP,54800,43900
BER2-GL-SC3456L,7300,5900
BER2-GL-950B6-C,5300,4300
BER2-CM-SC15CLX,14800,11900
BER2-HT-60,1300,1100
BER2-BKSH6H,10500,8400
BER2-8662559,990,792
BER2-FRONT-C,6600,5300
BER2-S-ODER-BLKR,4400,3600
BER2-CM-AE3430,10800,8700
BER2-CM-AE3440,9000,7200
BER2-COTR-TOP,13500,10800
BER2-GS-M1071-CT-402X522,1700,1400
BER2-CAPA(GR001),1600,1300
BER2-GLC-DB5-8950R,13200,10600
BER2-GLC-RCS4T,15400,12400
BER2-CM-AE44482SR,12700,10200
BER2-CM-NL10MF,13200,10600
BER2-80UF250V,2100,1700
BER2-CS-D-Y-B-RT,10400,8400
BER2-CS-D-Y-B-RB,10400,8400
BER2-GS-M1071-CT-405X519,1700,1400
BER2-CM-SC18CLX,22200,17800
BER2-HT-BM3KW-S,2500,2000
BER2-HT-BM2.5KW,2500,2000
JTA2-301010048,7500,6000
JTA2-20210003007,870,696
JTA2-302100019,2100,1700
JTA2-302110223,2100,1700
JTA2-301020011,7500,6000
JTA2-301120015,3200,2600
JTA2-302220072,6800,5500
JTA2-302050078,12900,10400
JTA2-302020055-8,840,672
JTA2-20218009002,1500,1200
JTA2-301040446,5800,4700
JTA2-20117032016,18900,15200
JTA2-20140026020,7500,6000
JTA2-20140174006,2700,2200
JTA2-20501001109,3200,2600
JTA2-20210002013,1700,1400
JTA2-20133009011,8400,6800
JTA2-20140174016,2700,2200
JTA2-20210002012,3000,2400
JTA2-301150057,5100,4100
JTA2-20240026079,1700,1400
JTA2-302180404,810,648
JTA2-302190037,2400,2000
JTA2-302130174,4500,3600
JTA2-302020178,1200,960
JTA2-20233010050,2900,2400
JTA2-302010155,7200,5800
JTA2-302050021,1600,1300
JTA2-302110125,1500,1200
JTA2-302130462,3100,2500
JTA2-20109047002,3500,2800
JTA2-20209037012,1400,1200
JTA2-20117018012,8500,6800
JTA2-20210002007,990,792
JTA2-302110088,900,720
JTA2-302110598,3000,2400
JTA2-20110003401,1100,880
JTA2-20240167037,2100,1700
JTA2-302100433,10500,8400
JTA2-20109047003,4500,3600
JTA2-20219002013,3600,2900
JTA2-302110172,1400,1200
JTA2-302030051,6000,4800
JTA2-302110339,1800,1500
JTA2-302110331,1700,1400
JTA2-302110440,1800,1500
JTA2-302130463,2800,2300
JTA2-302250149,2100,1700
JTA2-302230030,1500,1200
JTA2-LG-20-FS,15000,12000
JTA2-LG-20-FM,7900,6400
JTA2-LG-20-RG,11300,9100
JTA2-302250039,3900,3200
JTA2-LG-20-SSG,15800,12700
JTA2-302250132,3000,2400
JTA2-LG-20-FC,7200,5800
JTA2-302110297,960,768
JTA2-302230043,1100,880
JTA2-20210005012,1700,1400
LKK2-EPZ6-14,1900,1600
LKK2-MT30B-CB,1100,880
LKK2-LK-LEO-36#17,18000,14400
LKK2-SOCKET,1300,1100
LKK2-DWB7124,10600,8500
LKK2-PL-2-21,840,672
LKK2-GB1161,1300,1100
LKK2-34-A,1200,960
LKK2-WIRE-WHIP(B5B),1900,1600
LKK2-JG300A-64,2600,2100
LKK2-B25-14,5100,4100
LKK2-B25-03,3700,3000
LKK2-B25-06,5100,4100
LKK2-B25-04,2100,1700
LKK2-45,3600,2900
LKK2-B5A-37,2100,1700
LKK2-IND350BK-17,940,752
LKK2-ROLLER-TUBE(RG9),840,672
LKK2-520-30-1,810,648
LKK2-CONTAC(PL2),3400,2800
LKK2-KM1,1900,1600
LKK2-28(TC42),2200,1800
LKK2-17-(BM-63),1300,1100
LKK2-B40-05-02,2600,2100
LKK2-B40-PLUG,1100,880
LKK2-B40-07,2000,1600
LKK2-M20-05-28,1100,880
LKK2-B40-06-09,1300,1100
LKK2-B20-SAFETY,1100,880
LKK2-B40-17,1800,1500
LKK2-B40-46,1300,1100
LKK2-B40-03,2600,2100
LKK2-B40-45,4600,3700
LKK2-B40-05-15,4300,3500
LKK2-B40-08,840,672
LKK2-B40-14,2100,1700
LKK2-B15-23,4400,3600
LKK2-DL1-29,1100,880
LKK2-B40-06-07,1300,1100
LKK2-B40-06-14,840,672
LKK2-B40-05-04,3300,2700
LKK2-HS50A-19,1900,1600
LKK2-HS30D-01-03,8900,7200
LKK2-B40-05-01,3900,3200
LKK2-DL-1-22A-5,840,672
LKK2-JG210-TRAY,1100,880
LKK2-PCP019B,2100,1700
LKK2-PEO-40X1B-001,1700,1400
LKK2-HS30A-38,3800,3100
LKK2-PCP028-3,1100,880
LKK2-M20A-05-23,1900,1600
LKK2-LSP20-33,2400,2000
LKK2-MOTOR(SB3),6300,5100
LKK2-PEO-40X1B-003,2100,1700
LKK2-PLATE4.8,1100,880
LKK2-RHX-24-21,1100,880
LKK2-THERMOSTAT(PL2)-380V,4700,3800
LKK2-TC42A-15,11300,9100
LKK2-TC42A-16,3600,2900
LKK2-TR12-27-00,14200,11400
LKK2-IND300T-1,1200,960
LKK2-IND300T-2,930,744
LKK2-JG-210-07,1800,1500
LKK2-B40-06-05A,8000,6400
LKK2-CM4803-00-23,1100,880
LKK2-CM4803-10-47,1100,880
LKK2-WIRE-WHIP(B40),4600,3700
LKK2-7309BEP,3800,3100
LKK2-7211BEP,3800,3100
LKK2-SKP005,1200,960
LKK2-SKP012,1900,1600
LKK2-4803-00-10,980,784
LKK2-LSP520-68,840,672
LKK2-LSP520-29-1,1300,1100
LKK2-HS20-32,1800,1500
LKK2-TSP520-65,880,704
LKK2-TSP520-33A,1100,880
LKK2-TSP520-66,1300,1100
LKK2-TSP520-64,1300,1100
LKK2-MIXING-SHAFT,1500,1200
LKK2-GFO-2C-22A-5,4200,3400
LKK2-TC22-12,2200,1800
LKK2-B20B-11,1100,880
LKK2-LTN-B60,10100,8100
LKK2-B20F-44,1500,1200
LKK2-TSP520-30-1,1100,880
SIR2-19419062,4900,4000
SIR2-19510160I,29600,23700
SIR2-LF1032001,2600,2100
SIR2-OSC649345,41900,33600
SIR2-LF1807001,44700,35800
SIR2-OSC649156,9200,7400
SIR2-19530607,1900,1600
SIR2-19400101,6900,5600
SIR2-19530760,6100,4900
SIR2-28045240,1500,1200
SIR2-19413007,8900,7200
SIR2-IB2280122,2400,2000
SIR2-29025002.13,2300,1900
SIR2-49560030,6400,5200
SIR2-MSC04N002,2100,1700
SIR2-49530020.17,10100,8100
SIR2-LF2033101,22100,17700
SIR2-LF2011015C,1000,800
SIR2-LF1110801,980,784
SIR2-IW0000000000,1100,880
SIR2-MF2208,900,720
SIR2-LF2032006,12400,10000
SIR2-MSC09V286,910,728
SIR2-IB9866000,11600,9300
SIR2-PJET42594,44400,35600
SIR2-LF2041103,23700,19000
SIR2-19021352.11,1500,1200
SIR2-1903T1245,1800,1500
SIR2-1940185,14800,11900
SIR2-19410506,1100,880
SIR2-19510140,19300,15500
SIR2-195104030,4500,3600
SIR2-195104E030,4300,3500
SIR2-19510630,3100,2500
SIR2-19511130,1900,1600
SIR2-19511235,2100,1700
SIR2-19521212,2300,1900
SIR2-29700150,18300,14700
SIR2-19530640,1300,1100
SIR2-19800101A,3000,2400
SIR2-28104203X,6000,4800
SIR2-281042045X,6000,4800
SIR2-28104206X,6000,4800
SIR2-28104208X,6000,4800
SIR2-29030211.14,6100,4900
SIR2-397X390X5,1000,800
SIR2-40781001,2400,2000
SIR2-AMA648T,8400,6800
SIR2-AMC002,11800,9500
SIR2-AMC022,4000,3200
SIR2-AMC104,1900,1600
SIR2-AMC212,3000,2400
SIR2-AMC258,1700,1400
SIR2-AMC280,2700,2200
SIR2-AME264,2800,2300
SIR2-AME264A,3200,2600
SIR2-AMG040C,4600,3700
SIR2-GM2492280,1600,1300
SIR2-GM4253500,1100,880
SIR2-GM4253550,1100,880
SIR2-LF2009002,6200,5000
SIR2-LF2009052,1300,1100
SIR2-IB9865341.05,13800,11100
SIR2-IGS660T06,1700,1400
SIR2-IV2220300,3300,2700
SIR2-IW2071220012,3500,2800
SIR2-IW2071220017,2800,2300
SIR2-IW2071220019,2200,1800
SIR2-IW2071220033,13600,10900
SIR2-IW2071240033,1700,1400
SIR2-LF1071230010,58000,46400
SIR2-LF18G32801,47900,38400
SIR2-LF2038610(NEW),18200,14600
SIR2-LF2038610(OLD),18200,14600
SIR2-LF2039282,8300,6700
SIR2-LF2039282T,8300,6700
SIR2-SFCL031,1100,880
SIR2-1033020,15000,12000
SIR2-LF2039703,18100,14500
SIR2-MF2211,21000,16800
SIR2-28103210,3000,2400
SIR2-28103212,3000,2400
SIR2-28103216,3000,2400
SIR2-28103218,3000,2400
SIR2-28103220,3000,2400
SIR2-LF2034004,5100,4100
SIR2-GM5806050,3700,3000
SIR2-LF2032603,12000,9600
SIR2-LF2032805,6700,5400
SIR2-AMG002,10800,8700
SIR2-AMA294A,1200,960
SIR2-LF2037072,5200,4200
SIR2-LF202908501A,97900,78400
SIR2-MF2087,5400,4400
SIR2-19510640,5200,4200
SIR2-195104E011,3700,3000
SIR2-19510440,4000,3200
SIR2-MF2209,9000,7200
SIR2-IW2071240100,4000,3200
SIR2-IW2071240109,4800,3900
SIR2-COPRILA25PC,4600,3700
SIR2-28184032,5500,4400
HAM2-6126-755R,12500,10000
PMF2-5M010512,54100,43300
ROE2-117073S,1100,880
ROE2-117187S,3100,2500
ROE2-29915,52100,41700
ROE2-39153,5900,4800
ROE2-39667,920,736
ROE2-39668,10800,8700
ROE2-507341S,4600,3700
LIN2-GR71,11800,9500
ROE2-49468,7100,5700
ROL2-F04058,3300,2700
ROL2-F01079,2600,2100
LIN2-KN183,920,736
LIN2-WI29,1500,1200
ROB2-MC0840,1500,1200
ROB2-MC0841,1700,1400
ROB2-MC0952,930,744
SIR2-SFCL052,2300,1900
SIR2-SFCL053,1900,1600
SIR2-IGS101013,15200,12200
SIR2-BLOCCO22B,1900,1600
SIR2-MOTOREP35,10500,8400
SIR2-CANOTTO22,1500,1200
SIR2-PULEGGIACE,2400,2000
LIN2-CIBO-TT,8800,7100
ROL2-D07004,49600,39700
ROE2-303161S,45100,36100
ROE2-39112,5900,4800
ROB2-ES0163(TCR15),16200,13000
LIN2-LA10,9300,7500
HAT2-X02.09.274.00,840,672
LKK2-IND350S-10-OLD,3800,3100
LAC2-534393300,5400,4400
ZNS2-0C0202,980,784
CAS2-537060000,2900,2400
BER2-NT-BBQ2,920,736
ZNS2-056783,8200,6600
RON2-125462,2900,2400
ZAN2-ELET0550,1200,960
ROL2-A15031,1900,1600
ROL2-D02018,1300,1100
ROB2-TS0002,2700,2200
HAT2-020925100,2900,2400
JTA2-301010169,810,648
ZAN2-RESI0133,11600,9300
HAM2-990167240,8300,6700
JTA2-301030025,7500,6000
LKK2-6000W,2000,1600
ROE2-59281,7800,6300
HAM2-6126-450-CE,7600,6100
BER2-UNDERSHELF-4,3900,3200
ROL2-A18008,1100,880
BER2-TM-EW30-ITY,4100,3300
HAM2-990346400,980,784
ROL2-D02158,2100,1700
BES2-22993700,1200,960
COG2-75133,1300,1100
COG2-929172,2400,2000
BER2-GS-M1071-CT-413X522,1700,1400
MID2-44695,66300,53100
BER2-GS-M1071-UR-565X686,1700,1400
EDL2-A285DC,117000,93600
ZAN2-TERM0060,13700,11000
BES2-24291600,1700,1400
BER2-GS-M1071-UR-565X685,1700,1400
LAC2-4151133429,1200,960
TOP2-M98E-HSV,1700,1400
TBA2-KR23300107,1600,1300
ROE2-39742,42400,34000
ZNS2-0L1973,8000,6400
ZNS2-049600,1500,1200
ROB2-HS0025,9400,7600
HOU2-30421088,29500,23600
ROE2-39745,2300,1900
HAT2-BO10194,8400,6800
BES2-31613600,10700,8600
ROE2-27255,9600,7700
JTA2-301040128,4700,3800
TBA2-KR81410400,3800,3100
LAC2-531190310,7000,5600
RON2-122775T03,3100,2500
JTA2-301040445,5400,4400
BER2-VA7988-B7,5200,4200
LKK2-CONTACT(LK-PL4-6),3400,2800
RTN2-56.00.166,1300,1100
SKP2-PM009H0170,7700,6200
BER2-TM-250,2100,1700
ROB2-EC0689,17900,14400
COG2-230124,2100,1700
COG2-143277,2200,1800
BER2-SPO-R-C2204032H,1400,1200
BER2-TM-XR30CX-B,4900,4000
COG2-136020,1900,1600
COG2-80177,2100,1700
COG2-75271,12500,10000
COG2-927057,2700,2200
COG2-80398C,11200,9000
COG2-75169,2600,2100
COG2-75171,2800,2300
MID2-31432,157000,126000
BES2-31015900,17500,14000
ROL2-A06044,1800,1500
NUO2-04200043,1500,1200
LKK2-TJ32-04,9600,7700
BER2-CC-CKE-RCS4,10800,8700
SIR2-LF1013003,4300,3500
SKP2-PM009H0030,3000,2400
PMF2-5P030011,1800,1500
LIN2-SW57,1400,1200
SAN2-37104,890,712
SAN2-50415,1300,1100
HAM2-31092060001,1500,1200
LKK2-B20B-15-7-1,14800,11900
ROB2-ES0163,16700,13400
BER2-LE-FW-BULD,1600,1300
BER2-GL-FW50,1900,1600
SIR2-IGS407C,2300,1900
ROE2-49081,9800,7900
PMF2-5P030006,1300,1100
ROE2-102016S,4900,4000
RTN2-40.00.404,11000,8800
ROL2-H01083,1000,800
RTN2-40.05.269,9100,7300
RTN2-44.00.207P,7200,5800
RTN2-50.01.146,2100,1700
JTA2-301090061,1000,800
SKP2-ST25PW0200,1400,1200
SIR2-GM4800200,4800,3900
NFZ2-BO10133,2500,2000
LKK2-LSP520-56,46900,37600
ROE2-103695,10000,8000
BER2-NT-FW55,1500,1200
RAN2-34070029,6000,4800
ETF2-HC116939,33100,26500
JTA2-301130047,1300,1100
ROE2-39849,32400,26000
SKP2-PM009H0180,22700,18200
LKK2-LSP520-82,1500,1200
IMC2-G45-121,1400,1200
JTA2-302020084,1500,1200
SKP2-IS4420QTBC-1,36400,29200
BES2-32070800,5700,4600
SIR2-195102025,2800,2300
JTA2-302220034,5900,4800
JTA2-302020055,840,672
JTA2-301020037,7500,6000
JTA2-301010131,3000,2400
RTN2-40.03.257,8300,6700
HAT2-0503036,8200,6600
SKP2-HR81021200,3100,2500
ROE2-39474,2600,2100
TBA2-G8F5000400,4000,3200
TBA2-K931C0200,3400,2800
HAM2-990063601,13600,10900
ROE2-104921S,1700,1400
BER2-CS-TM-XR30CX-B-1,4900,4000
BER2-CS-BR-B110,9500,7600
BER2-TM-EW70-ITY-N,6600,5300
SIR2-19562322.06,850,680
SIR2-19500540,2500,2000
CAS2-923522020,4200,3400
COG2-231014,1200,960
LKK2-RHX-36-27,1500,1200
HOU2-059959,6600,5300
ROL2-H01022,3500,2800
SIR2-28112208X,3400,2800
COG2-143136,2700,2200
COG2-75262,14600,11700
COG2-929169,1800,1500
LKK2-TJ32-02,20300,16300
LKK2-B20-BOWL,4800,3900
TBC2-105108,26300,21100
SIR2-28111208X,2700,2200
CAS2-3951117886,1100,880
MMT2-58101070,6900,5600
MMT2-58121074,5500,4400
ETL2-0648807400,4600,3700
RAN2-10060104,3500,2800
FAG2-R743013,12000,9600
WIN2-3124185,6900,5600
LKK2-JG300-38,10500,8400
LKK2-RHX-12-10,3000,2400
CAS2-968757010,8100,6500
SIR2-19513072,5000,4000
HOU2-30500394,6300,5100
CEC2-G111A,6200,5000
CMD2-SUPP0684,21800,17500
CMD2-MECC1089,2200,1800
CMD2-VITI0773,1300,1100
CMD2-MECC1090,2200,1800
ZNS2-0L0068,2300,1900
SIR2-19510251A,1400,1200
HOU2-30700073,15800,12700
MBM2-RTCP900036,11000,8800
JTA2-302110089,870,696
MBM2-RTCU600075,5800,4700
HOU2-30500101,3700,3000
SIR2-LF202502201,8500,6800
PLX2-BO10212,13500,10800
ZAN2-ELET0518,14300,11500
HOU2-30700068,12600,10100
COG2-215038,9000,7200
ROE2-39795,33800,27100
ROE2-27249,17800,14300
ROE2-119263S,8400,6800
ROL2-A05020,2800,2300
SIR2-LF142908301,11100,8900
CAS2-958816000,5900,4800
LKK2-B15(K)-25,1600,1300
LKK2-B15(K)-26,1200,960
LKK2-B15(K)-31,1600,1300
LKK2-B15(K)-57,1800,1500
LKK2-B15(K)-83,5800,4700
LKK2-B15(K)-101,940,752
LKK2-B15(K)-29,1200,960
ROB2-MS0576,5200,4200
HAT2-02.01.487.00,18900,15200
HAT2-02.01.360.00,930,744
PIT2-60199601,23900,19200
LIN2-EL207,9400,7600
LAC2-485923050F,6600,5300
LIN2-SW64,3200,2600
SIR2-MF0113,2000,1600
TBA2-G8F5000100,2900,2400
BER2-IC-VCM-P-SW,1300,1100
BER2-NT-BC5-6,1300,1100
ROE2-39452,10300,8300
ROE2-303075,52600,42100
PMF2-5T010010,7900,6400
HAT2-R02.16.117.00,3800,3100
SIR2-MF2215PS,9500,7600
SAN2-38411,2200,1800
HAT2-R02.08.042E.00,2800,2300
HAT2-R02.08.045E.00,3400,2800
MBM2-180558,1200,960
CAS2-958577080F,4100,3300
CAS2-958578080F,4500,3600
ROE2-27278,56300,45100
HAM2-990154810,11500,9200
HAT2-R02.08.041E.00,2500,2000
HAT2-021916800,1500,1200
SIR2-MF0136,4300,3500
HAM2-39909900020,46000,36800
SIR2-66204500,14200,11400
RTN2-20.00.398P,14900,12000
ROL2-A18003,1400,1200
TBC2-101273,2600,2100
SIR2-IGS104013,1200,960
ROE2-89082,18300,14700
SAN2-2LP,16600,13300
COG2-80275,3300,2700
PIT2-60067401,7200,5800
VRM2-56CR20-280,3600,2900
HAM2-990075400,10800,8700
CAS2-532390600,1100,880
BES2-22189200,1300,1100
SIR2-LF152500010,3200,2600
LIN2-SW66,1800,1500
ROE2-27287,11300,9100
ROE2-89235,5600,4500
ROE2-39689,1200,960
ROE2-89065,830,664
TBA2-KF6CD00106,12700,10200
JTA2-302220064,8300,6700
LKK2-KSY-10-08,1100,880
LIN2-SE05,8700,7000
BES2-32065900,5200,4200
JTA2-301120029,3200,2600
LKK2-55.57021.010,1900,1600
TBA2-K3F4500202,10000,8000
LKK2-THERMOSTAT(PL2)-220V,4700,3800
ROL2-A18023,1700,1400
SIR2-MF2109,3400,2800
SIR2-MF2104,3700,3000
ROE2-39988,1100,880
ROE2-27361,14200,11400
SIR2-19530561.12,1200,960
ROE2-39283,2400,2000
ROE2-101569S,1100,880
ROE2-89102,2800,2300
PMF2-5S010050,6500,5200
MBM2-RTCU700020,1200,960
TBA2-KF84900105,6300,5100
JTA2-20110003102,1400,1200
JTA2-302220059,810,648
MBM2-167997,7600,6100
JTA2-302130380,840,672
LKK2-BASKET(WF-101),1600,1300
MBM2-164738,1100,880
ROE2-27450,11300,9100
BES2-22287500,2300,1900
HOU2-20800173,3700,3000
LKK2-HEATER(KBM-150),1100,880
CAS2-965088000,1300,1100
SIR2-FC1099E3009,2900,2400
MBM2-168005,17600,14100
SIR2-29530352L,10100,8100
"TOP2-98-H44""",4800,3900
SIR2-19522639.12,1600,1300
SIR2-19510460UN,6300,5100
SIR2-19525071UN,2300,1900
SIR2-19533795UN,1300,1100
SIR2-19525070UN,3200,2600
SIR2-19541520,3600,2900
SIR2-19531303UN,970,776
SIR2-19511817UN,3000,2400
SIR2-19510453P,8500,6800
SIR2-19511760UN,5000,4000
COG2-121120,1300,1100
BER2-OP-BC002,1900,1600
COG2-69016,1300,1100
ROL2-A05017,7600,6100
MBM2-KFB70S,13800,11100
COG2-121139,2400,2000
LKK2-530-30-1,1400,1200
LIN2-BA91,15700,12600
COG2-215042-6,20900,16800
ZNS2-0L0098,2700,2200
ROE2-3161S,40100,32100
ROE2-27286,10100,8100
PMF2-5T010200,4400,3600
LKK2-B20F(K)-90,5100,4100
LAC2-952846010,31400,25200
HOU2-069023,4400,3600
LKK2-EPZ6-24,1900,1600
ROE2-39088,9100,7300
ZNS2-004492,6300,5100
ROE2-39756,2000,1600
LKK2-RHX-36-23,3600,2900
LAC2-2251091807,1100,880
HOU2-30700015,43800,35100
LKK2-OCE-K339,4700,3800
LKK2-SKF6307-C3,1300,1100
WIN2-60002785,1300,1100
BER2-NT-5C-7C-S,1400,1200
LIN2-SW58,1500,1200
LAC2-915400000,3500,2800
BER2-BR-99BAR,990,792
LKK2-MICRO,28500,22800
BER2-FE-F6-ROHS,2600,2100
SAN2-50411,830,664
BER2-CI-LBT,1600,1300
MMT2-59001167,3000,2400
BER2-BK-12F-N-N,1900,1600
ROB2-ES0192,3000,2400
COG2-224023,2500,2000
CAM2-H06002,2800,2300
HAT2-R0208142E00,3500,2800
HAT2-R020900200,1800,1500
ETF2-HC196005-01,6100,4900
SIR2-LF1150010,850,680
SIR2-19702034,3600,2900
EDL2-H021,1400,1200
LTE2-O2830,3500,2800
ROL2-D02095,1400,1200
LKK2-THERMOSTAT(KSQ-3),1100,880
HAM2-6126-750,21300,17100
BER2-GS-573X695UR,1700,1400
COG2-229040,2900,2400
COG2-224025,2600,2100
JTA2-302220058,4500,3600
NTS2-ESK-10-02,1500,1200
JTA2-302220101,5900,4800
JTA2-301040898,1600,1300
BES2-40112500,1200,960
BER2-NT-UR2D-F,1600,1300
JTA2-301010251,3400,2800
JTA2-302170041,1800,1500
VRM2-R40-101Z,2100,1700
LKK2-B20F(K)-59,3400,2800
ROL2-D02025,6300,5100
ZAN2-ELET0723,45500,36400
MBM2-B800005,14700,11800
SAN2-68202,5000,4000
COG2-240018,1900,1600
ROL2-D04025,2500,2000
ZNS2-0L2666,4200,3400
ZAN2-RESI0089,3500,2800
MID2-45036,3500,2800
HOU2-20900026,4900,4000
CAM2-60270,1400,1200
CAM2-60271,1400,1200
MID2-62288,2900,2400
BER2-BK-13F,1200,960
MID2-31498,3400,2800
MBM2-B800003,9600,7700
MBM2-B800004,9600,7700
LKK2-TJ32-05,1400,1200
LAC2-485923022,3600,2900
LIN2-FC02,7900,6400
LKK2-GLASS,1100,880
SKP2-PM009H0051,14600,11700
ROB2-HC0021,1200,960
ZNS2-049810,5900,4800
JTA2-301040166,1200,960
HAM2-6126-990,40000,32000
LKK2-B30-04-00,6000,4800
MID2-69149,59900,48000
HAM2-6126-HBF600S,20700,16600
RTN2-87.01.297,14200,11400
SIR2-IV7000600,2200,1800
JTA2-302100023,1500,1200
ROE2-38150,9600,7700
JTA2-301030151,1400,1200
ZNS2-0L0111,5700,4600
SKP2-KR85400300,11400,9200
SIR2-FC02144,3500,2800
SIR2-FC99004002HAL,6600,5300
SKP2-HR81410400,11400,9200
MID2-70698,12700,10200
JTA2-301040167,1200,960
MID2-73048,60000,48000
ROB2-MS0565,1100,880
COG2-65802,51700,41400
ZAN2-CRIS0027,2500,2000
ROE2-89625,1100,880
ROE2-39709,4400,3600
ROB2-VS0237,4900,4000
BER2-88MF260V,1600,1300
BES2-32617100,9800,7900
BES2-31273700,7600,6100
CEC2-L007A,5900,4800
CAS2-457573010F,3500,2800
SIR2-IV73060042RS,820,656
RTN2-20.02.552P,13400,10800
CAM2-H06001,2400,2000
LKK2-B25-33,1900,1600
BER2-T129,1600,1300
BES2-32188200,1200,960
ROE2-89156,3100,2500
ROE2-89211,830,664
SIR2-OSC649130,26100,20900
RON2-9371,2300,1900
ROB2-MS0014,6900,5600
SIR2-MSC09V064Z,1200,960
ZNS2-0L0556,6800,5500
ZNS2-0L0567,2400,2000
ROB2-MC0524,3200,2600
SIR2-IW1471230020,4300,3500
JTA2-302110090,1100,880
JTA2-302190359,1100,880
ROE2-29735,5000,4000
RON2-105033T03,29400,23600
PMF2-5I200005,950,760
TBC2-100481,1400,1200
SIR2-LF152120003,1600,1300
PMF2-5T010005,2200,1800
PMF2-5T010300,2200,1800
ROE2-89657,10100,8100
ROB2-ES0406,17000,13600
LKK2-HWH25-08,1300,1100
LKK2-HWH25-04-06,3000,2400
PIT2-60152001-CL,12500,10000
TOP2-31300011,2300,1900
TOP2-30300173,3300,2700
ZAN2-REFR0033,9800,7900
TBA2-KR53300100,1300,1100
TOA2-1952715,7000,5600
SIR2-281108045X,2000,1600
LTE2-MIX1.06,1100,880
BER2-CD-075,7100,5700
LKK2-SELECTOR,2000,1600
SAN2-50101,1500,1200
RTN2-50.00.130S,5500,4400
SKP2-PM009S0040,14100,11300
ZNS2-0C9635,7600,6100
RON2-52874,830,664
SIR2-19410136C.12,2400,2000
RTN2-50.00.176P,47400,38000
SKP2-PM009H0020,3000,2400
ZAN2-ASSM1377,14800,11900
RON2-124802,1700,1400
SIR2-19562324.06,860,688
SKP2-PM009S0030,3200,2600
MBM2-RTCP900074,13800,11100
PIT2-A2510101,18100,14500
BES2-23117700,6600,5300
COG2-224004,3400,2800
SKP2-AM109S0010,3500,2800
BER2-HT-DRY3KW,3000,2400
ROE2-129451,1900,1600
ROE2-39339,11300,9100
BES2-27291100,2400,2000
ROL2-207015,1700,1400
ROL2-D02096,1800,1500
SIR2-19530507,860,688
SIR2-28102206X,3200,2600
JTA2-302220011,17100,13700
VRM2-AR005-090-TZ001,4500,3600
SIR2-IB52565010,1900,1600
ROB2-MC0935,1400,1200
SKP2-PM009H0051-N,14600,11700
HOU2-30400027,1200,960
COG2-226071,850,680
COG2-209038,8200,6600
BER2-MT-KM024,14800,11900
ROE2-29556,11700,9400
JTA2-302170007,1200,960
RTN2-40.00.091S,6800,5500
PMF2-5M050500,820,656
ROL2-D06012,38100,30500
MMT2-59001893,5500,4400
KIT2-9704677,890,712
JTA2-302110090+302110698,1500,1200
HAT2-X020567400,3300,2700
TBA2-K3F4500201,3900,3200
RJ2-FC1600-005,43900,35200
JTA2-302100143,3000,2400
RTN2-40.00.606P,19900,16000
UNO2-KEL1432A,4000,3200
SIR2-19401960,53800,43100
PIT2-60119001,15100,12100
BES2-22274000,6500,5200
TBA2-T05A640010,2700,2200
EKA2-09953137000,1500,1200
WIN2-61005187,14800,11900
EKA2-09988098500,16000,12800
RON2-121344T30,24700,19800
ZAN2-CRIS0028,3200,2600
SIR2-28110803X,1900,1600
SIR2-FC2146,2800,2300
NUO2-09000005,1300,1100
BER2-CD-033,4000,3200
SIR2-66205000,14800,11900
HOU2-30920049,41400,33200
LKK2-26,3000,2400
ROE2-29451,1900,1600
ROL2-A06021,1400,1200
COG2-429072,850,680
SIR2-LF1531045I2,2100,1700
SKP2-IS4420QTBC,36400,29200
RTN2-2112.1006,9000,7200
RON2-98146,15100,12100
RTN2-40.04.048,3200,2600
BES2-22274600,16900,13600
ROE2-29547,3000,2400
ZNS2-049379,3700,3000
ZNS2-005295,12100,9700
ZNS2-054032,2400,2000
SKP2-IS4420QTBE,36400,29200
SKP2-PM022H0040,2000,1600
VRM2-W40-209,1400,1200
ROE2-39760,39100,31300
ROL2-A06009,1800,1500
BER2-GE-GR600,3400,2800
HAT2-X0503041,4300,3500
ROE2-501010,1000,800
ROL2-F04008,5400,4400
ROE2-29620,13400,10800
PIT2-60127301,15500,12400
LKK2-LK-GDO-15,14100,11300
HOU2-30920090,18800,15100
ZNS2-049287,1600,1300
ZNS2-048531,1600,1300
HAM2-990167250,29200,23400
RON2-51350,1100,880
JTA2-301030021,3200,2600
ROE2-117106S,51000,40800
ROE2-27288,11300,9100
HAM2-990069700,29600,23700
MID2-69079,28100,22500
SIR2-IB5080705,11400,9200
MBM2-185130,8200,6600
COG2-927107,29500,23600
ROB2-VC0046,1900,1600
TOA2-BO10132,64900,52000
TOA2-BO10143,21300,17100
ROL2-B10014,4500,3600
ROE2-105529,2200,1800
RAN2-38123772,11500,9200
MID2-48862,48400,38800
EKA2-09952787000,5500,4400
COG2-926007,3300,2700
TBA2-K3F5400200,5700,4600
WIN2-61005231,20300,16300
LKK2-TMT-46812,2700,2200
LAC2-903761000,1100,880
ROE2-29305,60600,48500
ROL2-F03037,3400,2800
ROL2-B02032PTR,8600,6900
SAN2-50675,1700,1400
ROL2-A03024,11800,9500
ROE2-39704,4500,3600
SIR2-LF2032630,7100,5700
TBA2-K3F3101009,1900,1600
HOU2-30920068,16900,13600
HAM2-990147700,900,720
SIR2-MF0104+MF0283,10500,8400
SIR2-FC99004057,2300,1900
SIR2-19510662A,4500,3600
RON2-125222V1,28100,22500
LKK2-HS50-16,4300,3500
LKK2-HS50-19,2600,2100
BER2-DRO-4L-BURNER-CHANNEL,1500,1200
ROE2-39753,2100,1700
ROE2-89021,31600,25300
KIT2-9707426,950,760
LAC2-418935030,3800,3100
SIR2-LF1010001,5800,4700
RON2-50607,2600,2100
SIR2-LF152120005,1600,1300
TBC2-101272,3700,3000
SIR2-19413964.11,55400,44400
HAM2-990206001,62800,50300
HAM2-990206201,15200,12200
HOU2-30900089,52200,41800
SKP2-K3F0500100,10500,8400
ROE2-39630,80500,64400
LKK2-B20F(K)-87,4000,3200
RAN2-34200016,4300,3500
LAC2-952723010,2600,2100
JTA2-302190008,960,768
LAC2-911544020,8400,6800
ROE2-27272,27200,21800
MID2-74424,17900,14400
HAM2-990205900,1200,960
RON2-124803,4600,3700
HAM2-990084300,4300,3500
ROE2-39513,2600,2100
SIR2-19800033NC,4700,3800
ROE2-504674S,1900,1600
ROE2-89241,15500,12400
SAN2-50151,6200,5000
SAN2-62105,2700,2200
COG2-65908,22100,17700
COG2-65810,59600,47700
ROL2-B02019+PTR,2600,2100
HOU2-30820046,8100,6500
HAM2-990342700,2200,1800
SIR2-IW1471230200,850,680
MID2-50643,24800,19900
LKK2-HWH25-02,7700,6200
LAC2-485910010,2000,1600
BER2-GE-WL1500,990,792
HAT2-02.13.338.00,3600,2900
SIR2-195102025CHM.09,1900,1600
HAT2-02.05.674.00,4800,3900
HAT2-R04.05.625.00,3100,2500
LKK2-IND350BK-15,4600,3700
SIR2-18300403254,7000,5600
JTA2-301080043,2100,1700
SIR2-GM5826100,1500,1200
SIR2-GM2492260,1900,1600
ROE2-89041,19300,15500
HOU2-20700059,11500,9200
SAN2-50230,3500,2800
PIT2-P6071449,13800,11100
SAN2-37340,930,744
SIR2-19410136CU.12,2200,1800
CAS2-534393100,7300,5900
VRM2-56CR20P-22Z,22300,17900
SAN2-50400,6200,5000
SIR2-FC02146,4500,3600
NFZ2-1200574,20800,16700
VRM2-AR005-001-TD001,3100,2500
TBA2-K3F5400800,2700,2200
HAT2-R02.19.008A.00,2200,1800
JTA2-302130096,2900,2400
ROE2-102481S,6800,5500
COG2-144030,2200,1800
SIR2-19310201,950,760
LKK2-TEMP(LK-PL),4700,3800
BES2-31802100,4600,3700
SIR2-19702000.18,3500,2800
SIR2-SFCL008,2600,2100
ROE2-89053,9400,7600
HAT2-02.01.238.00,9200,7400
COG2-226095,830,664
BER2-IC-VCM-AP-RB,1500,1200
SAN2-37160,2500,2000
SIR2-19700360,11200,9000
CAS2-958739020,2200,1800
CAS2-965089010,3000,2400
SIR2-19410152,950,760
LKK2-IND350S-9,1600,1300
BES2-22286910,2200,1800
BER2-LE-LAMP1.5BL,920,736
ROL2-F07025,4700,3800
LKK2-IND350S-8,2700,2200
BER2-GE-E630-DRO,14900,12000
HAT2-R0208140E00,4200,3400
BER2-TM-ERIRLTMST,2800,2300
LKK2-HEATER(WF-101),1300,1100
ROE2-39914,1300,1100
ZAN2-TERM0072,5300,4300
BER2-VA-MT10B,1600,1300
ROL2-A04006,1400,1200
HAM2-990079500,1900,1600
LKK2-IND350S-10-NEW,4200,3400
SIR2-MSC04N064,1100,880
SIR2-MSC04N072,1100,880
ZNS2-049643,1500,1200
LKK2-MICRO-(OLD),20500,16400
BES2-31273600,7600,6100
KIT2-4162546,900,720
EDL2-KT2326,4500,3600
SIR2-IB4004043.04,910,728
ROL2-A06001,1300,1100
TOP2-M98E-CC04,990,792
TOP2-98-V,2100,1700
TOA2-1801292N,1300,1100
LAC2-973700000,1200,960
SIR2-19403052,6300,5100
BER2-HT-IRL510W,1500,1200
ROL2-F04039,5400,4400
PIT2-P6071267,1900,1600
LKK2-HEATER5KW(WF171),1600,1300
ROB2-EC0421,2200,1800
VRM2-AR005-002-TS001,25100,20100
ROB2-TC0026,8200,6600
LKK2-CONTACTOR,3400,2800
ROE2-89054,3100,2500
ROE2-89096,7900,6400
LKK2-IGC,4200,3400
ROE2-89136,2500,2000
ROE2-39585,6000,4800
ROE2-49180,1600,1300
ROE2-39341,19300,15500
ROE2-117395S,7900,6400
ROE2-89233,5600,4500
LAC2-495764000,840,672
ROE2-39912,6700,5400
HOU2-30300134,7100,5700
LKK2-HEATER(MW-2)NEW,1100,880
LKK2-IND350S-1,1500,1200
HAT2-02.16.120.00,2600,2100
COG2-230083C,7600,6100
HAT2-05.03.039.00,4200,3400
SIR2-19411007.18,3100,2500
ROB2-ES0007,2200,1800
ROE2-502169S,1800,1500
ROB2-HC0168,16600,13300
ROE2-39757,17200,13800
LKK2-3000W,2500,2000
SIR2-SFCL006,3400,2800
KIT2-9707670,1100,880
LIN2-SE30,3200,2600
ROE2-89678,9900,8000
ROE2-27449,11300,9100
LIN2-TH61,12000,9600
ROE2-89146,4800,3900
ROE2-112204S,12900,10400
ROE2-501678S,940,752
ROE2-27448,11300,9100
ROE2-39741,10000,8000
PMF2-7P010200,2100,1700
SIR2-19413007.18,5600,4500
ROE2-49212,2900,2400
ROE2-89163,1600,1300
ROE2-89538,1600,1300
ROE2-89553,7600,6100
ROE2-89676,4400,3600
COG2-65811,3800,3100
ROB2-ES0371,2200,1800
ROB2-TS0028,3300,2700
ROB2-TC0055,4800,3900
ROE2-39345,5300,4300
SIR2-19500150,1300,1100
ROB2-TS0005,3300,2700
ROB2-MC1115,3800,3100
ROB2-EC0209,2400,2000
ROB2-ES0258,2600,2100
SIR2-FC1099E3006,6400,5200
ROB2-TS0020,2800,2300
LIN2-FC04,7900,6400
COG2-780133,3100,2500
KIT2-9704309,1600,1300
BER2-GE-ES,920,736
ROL2-D02160,3200,2600
MBM2-RIC0004096,3200,2600
BER2-GE-L1500TC,1800,1500
SIR2-LF1532000I,1300,1100
MBM2-RTCU700374,1100,880
BER2-GE-LPG332-PB,1500,1200
ROL2-A06042,2500,2000
ROL2-A18022,950,760
BER2-HT-IRL810W,1500,1200
SIR2-LF151650U16,850,680
BER2-VA-MT10A-1,1700,1400
ROL2-A02035,3200,2600
SIR2-IW1471230010,1500,1200
SIR2-GM5256850,3200,2600
SIR2-IW2071250004,2500,2000
BER2-TM-320,2100,1700
ROL2-D02034,2600,2100
ROL2-H03005,1300,1100
MBM2-185732,3700,3000
SIR2-19530802.14,5400,4400
ROL2-E01012,6300,5100
MID2-52244,57700,46200
ROL2-A06032,1400,1200
MBM2-RTCU900061,1200,960
BER2-BR-VEN-S,1100,880
ROL2-F04030,1600,1300
BER2-BR-HEX-L,1600,1300
BER2-HT-IRL1KW,1400,1200
COG2-215042-5,20900,16800
BER2-BR-VEN-L-1,1500,1200
BER2-TM-250-V,1500,1200
BER2-BR-HEX-R,1600,1300
BER2-TM-EW70-ITY-N-1,6900,5600
ROL2-H03006,1600,1300
BER2-BR-BBQ002,4700,3800
BER2-HT-DF16,2800,2300
SIR2-MSC04N112A,1200,960
ROL2-H01076,1400,1200
BER2-GE-L600TC,1200,960
TOA2-1952221,2000,1600
TOA2-1952889,13400,10800
SIR2-19310206,950,760
HAT2-021917400,6000,4800
ROL2-A06056,2500,2000
SIR2-FC99004017HAL,1300,1100
ROL2-A06012,5700,4600
BER2-CS-AC8-P,4000,3200
CTX2-340931,78300,62700
BER2-FE-VDE10W,2600,2100
BER2-TM-329,2100,1700
ROL2-A02019,1300,1100
COG2-130977,23500,18800
COG2-230020C,8100,6500
COG2-73350,3900,3200
ROL2-A02034,3200,2600
ROL2-A05019,7600,6100
ROL2-A18026,1400,1200
ROL2-H01028,3300,2700
SIR2-29530200,1200,960
SIR2-29030501,2000,1600
SIR2-19563560LV,2200,1800
SIR2-29030301,1700,1400
SIR2-IW1471240060,1300,1100
ROL2-A03057,6900,5600
COG2-231016,2900,2400
SIR2-19562342,980,784
SIR2-FC02064O,1300,1100
BER2-IC-VCM-HEATER,1300,1100
ROL2-F04038,3300,2700
SIR2-MSC04V052A,1200,960
BER2-IC-VCM-COVER,19700,15800
ROE2-39335,11700,9400
MBM2-RTCU900474,1100,880
HAM2-83249900500,3300,2700
HAM2-921999001,11100,8900
ROE2-89001,33200,26600
ROE2-3114S,20700,16600
HAM2-990060700,2800,2300
ROE2-89079,16300,13100
ROE2-89168,4800,3900
ROE2-39337,4800,3900
MBM2-RIC0004953,7800,6300
BER2-PL-JD-B2,5000,4000
ROE2-89231,5600,4500
SIR2-MSC09V112,2400,2000
ROL2-H01021,3400,2800
BER2-TM-EW30-ITY-1,4100,3300
BER2-HT-EG17.5KW,3100,2500
HAT2-020144200,4500,3600
COG2-121146,1300,1100
MBM2-168202,950,760
ROL2-D04033,870,696
BER2-TM-110,2200,1800
ROL2-D02023,4200,3400
MID2-72209,51600,41300
ROL2-A13019,1800,1500
HAT2-020144100,7000,5600
ROL2-D02151,6300,5100
SIR2-1940010780,12300,9900
MBM2-167549,20600,16500
BER2-HW-JD-V,2100,1700
SIR2-LF153100U16,1200,960
BER2-VA-MT10B-1,1600,1300
ROL2-D02176,3800,3100
COG2-74086,8200,6600
ROL2-D02105,3700,3000
MID2-27381-0023,64800,51900
MID2-75729,121000,96800
COG2-926049,2600,2100
ROL2-A07011,1900,1600
SIR2-IW1471220010,1300,1100
COG2-80389,14200,11400
COG2-229042,3400,2800
SIR2-LF21320FUP-7,83700,67000
MBM2-RTCU700646,10600,8500
SIR2-49530030.17,11900,9600
MBM2-165900,11100,8900
SIR2-MF2364,3600,2900
ROL2-F04046,4700,3800
ROL2-A01006-1,1100,880
COG2-130202,15900,12800
ROL2-E01021,3700,3000
ROL2-D02161,7500,6000
SIR2-29401800,7600,6100
SIR2-IW1471270011,2200,1800
COG2-478059,2600,2100
COG2-115075,1600,1300
CTX2-79108,13400,10800
ROL2-53164SE,1800,1500
ROL2-B02049EMA,11800,9500
TOP2-M98E-HD03,990,792
MBM2-168878,2900,2400
SIR2-19510372,7900,6400
SIR2-19562344.09,1200,960
ROL2-H01075,1800,1500
BER2-FE-CS-VDE45W,6000,4800
MBM2-RTBF800041,6400,5200
MBM2-184641,7200,5800
MBM2-RIC0003832,6200,5000
MBM2-RTCU700212,3100,2500
MBM2-RTCU700085,4100,3300
SIR2-IW1471240425,23900,19200
SIR2-IW2071230033,2100,1700
SIR2-LF142106020,2500,2000
HAT2-R0405104500,3800,3100
HAT2-04.05.616.00,4500,3600
BER2-BK-GDF12,2000,1600
SIR2-IB5256202,3500,2800
CTX2-67857,22600,18100
SIR2-19310264,910,728
BER2-WA-MGTCTC,3600,2900
SIR2-FG92010C,4300,3500
CRO2-9110-1,13300,10700
COG2-999348,2000,1600
ROL2-A06062,910,728
COG2-215042-9,20800,16700
COG2-74905V,22900,18400
COG2-67806,1800,1500
BER2-IC-VCM-HT-RB,1500,1200
COG2-111030,1200,960
SIR2-18350574280TF,16400,13200
BER2-OP-JD-H,1100,880
BER2-NT-UR4-6D-C-S,1600,1300
MID2-M1115,3700,3000
MID2-M1116,3700,3000
ROL2-A03061,3300,2700
BER2-IC-VCM-E-CH,5100,4100
HAM2-6126-HBB908-CE,8700,7000
ROE2-39910,12100,9700
ROE2-102600S,18300,14700
ROE2-103695S,11200,9000
ROE2-106458S,6800,5500
HAM2-990156200,1000,800
HAM2-990142800,12700,10200
ROE2-39972,57200,45800
LAC2-531193100,4500,3600
LIN2-EL177,8200,6600
SIR2-19310205,1100,880
LIN2-KB21,17900,14400
LKK2-TSV-T2432,5100,4100
LKK2-TJ12-34C,1400,1200
ZNS2-0L2583,35400,28400
ROE2-103693S,11200,9000
LKK2-RHX-12-18,4300,3500
ROE2-27155,20400,16400
ROE2-29530,7800,6300
ROB2-HC0048,4700,3800
ROB2-TS0007,2700,2200
LKK2-B20B-20,4200,3400
ROL2-D04022,1100,880
ROL2-A01001,1400,1200
ROB2-HC0168T,18100,14500
ROE2-502171S,1800,1500
ROE2-39332,10300,8300
ROE2-129451S,1300,1100
LIN2-EN10,5500,4400
ROE2-303051,132000,106000
SIR2-IW2071240029,8500,6800
HOU2-30520192,3600,2900
ROE2-39699,2700,2200
ROE2-501010S,1100,880
LIN2-SW59,4700,3800
LIN2-TH58,11600,9300
ROE2-27055,10100,8100
ROE2-29341,12200,9800
ZNS2-0L1640,27700,22200
ROE2-39202,6800,5500
ROE2-29881,3400,2800
LAC2-973031010,4000,3200
ROE2-27447,11300,9100
MID2-45037,4000,3200
HOU2-30520034,2200,1800
ROE2-39331,18700,15000
LKK2-B20F(K)-88,4000,3200
ROE2-117100S,2700,2200
SIR2-19800123,5700,4600
ROE2-89430,5000,4000
PMF2-5T010001,3700,3000
ROE2-39338,19700,15800
ROE2-39344,13100,10500
SIR2-IW2071250005,1500,1200
SIR2-19700335,3000,2400
SIR2-IGS406013,2800,2300
ROE2-39810,9000,7200
ROE2-59080,8900,7200
ROE2-89080,16800,13500
ROE2-89406,6100,4900
LIN2-TH69,10700,8600
ROE2-39346,20200,16200
ROE2-89530,1300,1100
COG2-74169,4300,3500
ROB2-VS0241,930,744
ROB2-EC0737,30400,24400
MID2-46521,21200,17000
HOU2-30800017,5900,4800
COG2-121052,3300,2700
COG2-199058,1400,1200
MID2-51958,99400,79600
LKK2-B20(K)-BOWL,4700,3800
ROE2-49241,3400,2800
ROE2-39286,3200,2600
LKK2-EPZ-2-40040010,1500,1200
LKK2-THERMOSTAT16A-0-350,1100,880
ROE2-27362,16100,12900
COG2-215037,1700,1400
ROE2-89101,12200,9800
VRM2-AR005-194-TD002,1800,1500
TBC2-100599,2700,2200
MBM2-B800006,11500,9200
BER2-CI-LBB,1600,1300
ROL2-D01044,870,696
ROL2-D01045,1300,1100
ROL2-D02163,4700,3800
JTA2-302130415,1900,1600
PIT2-PP10537,6900,5600
ROE2-39911,3600,2900
HAT2-020564200,4800,3900
EDL2-K045-6,3800,3100
KIT2-9707672,1500,1200
SAN2-50730,7900,6400
ROB2-TS0010,3300,2700
HAT2-R0219019,4000,3200
TBA2-IS-4420QTBD,3700,3000
TOA2-1801292R,1200,960
TBC2-100592,1600,1300
MID2-73057,110000,88000
HAT2-05.03.036.00,8200,6600
ROL2-D02009,1600,1300
SAN2-62100,17700,14200
ROB2-HC0104,810,648
PMF2-3P020001,820,656
ZNS2-048250,2000,1600
ZNS2-049620,3200,2600
CTX2-69734,5500,4400
JTA2-302130018,1400,1200
ROB2-TC0018,7800,6300
HAT2-050303900,3500,2800
ROE2-89535,810,648
LKK2-TIMER(WF),840,672
BES2-31291300,2900,2400
PMF2-5R050220,4400,3600
ROL2-A03063,3400,2800
LKK2-B20F(K)-SWITCH,1700,1400
CTX2-3102468,1700,1400
CTX2-71996,174000,140000
TBC2-NGC-3015,7300,5900
SIR2-LF152400U16,950,760
ROE2-507341,4600,3700
LKK2-RHX-36-24,9100,7300
LKK2-RHX-36-14,4900,4000
CAM2-41076,1800,1500
SIR2-IW1071240040,4800,3900
BES2-38877600,1700,1400
ROB2-MS0506,2900,2400
PIT2-PP10368,53000,42400
HAT2-020567400,4800,3900
SIR2-FC02060,11800,9500
HAM2-6126-755,15200,12200
LKK2-JG-210-79,1300,1100
LAC2-457886020,5400,4400
SIR2-MSC09V104,6400,5200
SIR2-19414060N,950,760
BES2-31288600,2000,1600
TOA2-BC31558,8700,7000
ROE2-29533,1700,1400
ROB2-MC0038,3800,3100
SAN2-28201,4300,3500
ROL2-A02001,3100,2500
SIR2-MSC09V108,2200,1800
ROL2-A03050,14000,11200
SIR2-LF2039412,6400,5200
HAT2-021215800,4900,4000
COG2-65654,16600,13300
HAT2-X040544400,2800,2300
HAT2-021203900,8100,6500
ROE2-39354,21200,17000
BES2-31802500,1300,1100
TBA2-KR59000101,1900,1600
MMT2-59004111,17400,14000
SIR2-FG92000C,3200,2600
BER2-TM-XR460,9600,7700
JTA2-302130067,1600,1300
TBC2-100232,3500,2800
ROE2-102690S,1600,1300
ROE2-500289S,1900,1600
CAS2-485910010,2100,1700
MID2-22523-0002,43500,34800
MID2-60679,64200,51400
HOU2-30920002,11200,9000
MID2-66186,96000,76800
ROB2-VS0397,22100,17700
SIR2-GM5036100,13500,10800
SIR2-GM5256600,5900,4800
SIR2-GM5947200,1200,960
ROE2-27344,10100,8100
SIR2-FC02064G,1300,1100
COG2-215034-5,11600,9300
PIT2-PP10429-M,18900,15200
HAT2-R0208136E00,4900,4000
LAC2-534392500,5400,4400
SAN2-11101,1100,880
ZNS2-0L1005,12800,10300
HAT2-021209600,14000,11200
SIR2-LF1532080I2,2600,2100
SIR2-LF1532060I2,2300,1900
ROE2-39917,2300,1900
BER2-BA-C-SALA,1500,1200
SIR2-IW1071230020,10100,8100
RON2-50004,2100,1700
PMF2-5P050010,5100,4100
LKK2-KSQ-6-39,4200,3400
ROE2-39708,13200,10600
BER2-BR-H23,3200,2600
LAC2-457887070,5500,4400
ROL2-D02180,6400,5200
ROL2-F01045,16800,13500
ROE2-89002,30600,24500
SIR2-IW1071240220,5700,4600
RON2-50928,860,688
LKK2-SWITCH(LK-PL),1500,1200
MID2-67050,138000,111000
ROE2-504229,1200,960
RON2-51351,1100,880
SIR2-GM5946340,19500,15600
ROE2-89751,5800,4700
COG2-65813,3800,3100
COG2-74168,3500,2800
PMF2-5I100022,1400,1200
ROB2-ES0286,5600,4500
SIR2-18350574280,13000,10400
ROE2-501270,2400,2000
SAN2-50200,20300,16300
HAM2-990075300,2000,1600
MID2-27170-0011,39100,31300
CAS2-531503520,8800,7100
MID2-22523-0003,44300,35500
MID2-47321,121000,96800
ROE2-39909,6400,5200
ROE2-39913,1900,1600
SIR2-IW2071250000,1500,1200
MID2-63910,2300,1900
SIR2-AMG064,850,680
SIR2-GM5826150,1700,1400
CAS2-533180010,12500,10000
NUO2-09000015,5800,4700
LKK2-HT1500W,1600,1300
LIN2-DS24,4000,3200
LAC2-922792000,5000,4000
SIR2-19525060.1,860,688
COG2-107012,820,656
SIR2-AMC648,7900,6400
CAS2-485923050F,4500,3600
LKK2-B20F(K)-33,990,792
SIR2-MSC09V256,2400,2000
WIN2-61006178,2000,1600
JTA2-302190432,2500,2000
SKP2-IS4420QTBCH,36400,29200
ROE2-3074S,28100,22500
ZNS2-006879,5300,4300
ROE2-27370,11300,9100
COG2-115143,1100,880
HOU2-30900235,36100,28900
ROB2-EC0472,18300,14700
MID2-71814,60700,48600
MID2-72491,68600,54900
SIR2-19021461.14,4700,3800
ROL2-D02169,1700,1400
ROE2-27303,20300,16300
MID2-27392-0002,9600,7700
KIT2-4162075,1900,1600
EKA2-09951017000,1000,800
COG2-211002,920,736
CAS2-3951130515,2100,1700
HAM2-6126-HBF600,12500,10000
WIN2-30008044,24600,19700
BER2-D-UR-B-L,10600,8500
LAC2-533895200R,6300,5100
JTA2-301080040,1500,1200
CAS2-968756000,7800,6300
ROL2-A04005,2800,2300
JTA2-302110091,1200,960
SAN2-11103,1000,800
SAN2-62101,7000,5600
ROB2-VS0256,4000,3200
SIR2-IW1471220060,910,728
VRM2-AR005-337-TZ001,11300,9100
COG2-142058,1000,800
HAT2-021917800,2100,1700
HAT2-X0703469,5600,4500
CTX2-68310,88700,71000
SKP2-HR5040101,32000,25600
LKK2-CCA-H-070K,4200,3400
SIR2-19400105,6600,5300
ROE2-89662,1400,1200
SIR2-19411007,7200,5800
JTA2-301030096,870,696
ZNS2-0L0084,2300,1900
PMF2-5I100030,2400,2000
MID2-74097,64600,51700
BER2-CI-OB246,3700,3000
ROE2-27345,11300,9100
TBA2-IS-4420QTBC,4000,3200
MMT2-59004013,8400,6800
HAM2-990029800,1200,960
ROE2-117187,2900,2400
SKP2-M726800100,2800,2300
CTX2-67975,17100,13700
ZNS2-0C0129,4600,3700
ROB2-EC0440,1800,1500
PMF2-5M010507,39800,31900
SAN2-68200,33100,26500
ROE2-89042,19600,15700
ROL2-B02024+PTR,7800,6300
ROL2-B02023+PTR,5300,4300
COG2-206014,2000,1600
TOA2-1001090,20600,16500
JTA2-302020360,840,672
HAT2-02.16.219.00,1700,1400
MID2-28154-0013,3900,3200
MID2-28041-0011,16100,12900
HOU2-30300136,8200,6600
COG2-220011,97500,78000
ROE2-39926,45100,36100
PIT2-60084501,23700,19000
CAS2-537048800,2800,2300
ROL2-A02008,3200,2600
HAT2-0216011,7100,5700
LKK2-B20B-22,3800,3100
ROL2-D04020,1300,1100
ZNS2-0C1605,2900,2400
ROE2-39751,2000,1600
MBM2-RIC0004862,21700,17400
LAC2-537047600,4900,4000
ROE2-39887,14300,11500
HOU2-30520037,2800,2300
MBM2-171855,4200,3400
ROE2-117813S,3100,2500
ROE2-39355,23000,18400
LAC2-3529133899,2800,2300
COG2-926189,70700,56600
LKK2-10ED-12-11,3300,2700
HOU2-30300182,6200,5000
HAT2-02.16.206.00,1300,1100
ROL2-F01035,2200,1800
ROE2-102920S,2600,2100
FAG2-R663012,1700,1400
LAC2-936960020F,3200,2600
LIN2-SL29,9200,7400
ROE2-27356,11100,8900
SAN2-37170,18700,15000
ROE2-29586,3600,2900
LKK2-2000W,1500,1200
HAT2-R05.03.007A.00,5900,4800
COG2-65788,10000,8000
HAT2-041663800,2100,1700
CAM2-60007,2400,2000
LKK2-BLOWER,4700,3800
CTX2-71670,134000,108000
ROE2-29724,3700,3000
ROB2-HC0133,1400,1200
ETF2-HC150878,2800,2300
JTA2-20140032019,2600,2100
CTX2-73961,5800,4700
COG2-66453,2700,2200
COG2-66455,890,712
JTA2-301110499+301110390,990,792
MID2-42810-0121,39200,31400
CAM2-60006,1800,1500
MID2-59450,40500,32400
COG2-142052,910,728
CAM2-41063,1400,1200
ROE2-29061,2700,2200
LKK2-BM-5-1500W,3700,3000
LIN2-LA211,1400,1200
LAC2-537047400,2100,1700
LKK2-HEATING-TUBE,1900,1600
ROE2-89148,1400,1200
MBM2-180500,7300,5900
ROE2-105529S,2300,1900
ROE2-510217S,1500,1200
ROE2-49057,13800,11100
HAM2-990054200,1600,1300
ROE2-89761,14300,11500
ROE2-39897,1200,960
ROB2-HC0169,18000,14400
WIN2-0117003,1400,1200
BER2-D-UR-B-R,10600,8500
LKK2-TIMER(QL-PL-SERIES),2600,2100
SAN2-28516,7000,5600
ZNS2-0L1914,29200,23400
CAS2-958572020F,4100,3300
ROE2-39700,68700,55000
BES2-38951000,1200,960
CTX2-67872,12300,9900
RON2-121973,43400,34800
VRM2-AR005-090-TD001,1100,880
RON2-122954T01,42200,33800
LKK2-B20B-21,3100,2500
JTA2-20128051014,2400,2000
JTA2-20128051013,3600,2900
BER2-HT-KM2.5KW,3300,2700
EDL2-G030SP,5200,4200
JTA2-301040230,2100,1700
JTA2-301010204,11100,8900
TBA2-K1D5400100,6900,5600
MID2-74081,34400,27600
SKP2-S1S1000300,8800,7100
RON2-87615,1500,1200
ROE2-89081,18200,14600
ROE2-39502,3700,3000
ROB2-VS0349,30600,24500
HAM2-990150501,5200,4200
ROL2-D02093,1700,1400
BER2-IC-IK-TRANS,2300,1900
COG2-229037,3200,2600
RJ2-TSW-01,3900,3200
HOU2-20700012,7300,5900
HOU2-20800211,23700,19000
SAN2-70400,5600,4500
CAM2-H07007,50000,40000
BES2-35878000,1200,960
LIN2-EL264,8100,6500
HAM2-990241000,2200,1800
ROE2-89224,3100,2500
ROE2-39868,33800,27100
SIR2-IW1571240010,16900,13600
LKK2-10ED-12-212223,4300,3500
ROL2-G16033,870,696
MBM2-RTCU700464,2600,2100
ROE2-29604,13100,10500
MBM2-RTBF800048,9900,8000
LKK2-B20B-15-4-2,1200,960
LKK2-B20F(K)-52,5100,4100
ROE2-39762,1700,1400
ROL2-90138D,1100,880
ROL2-90138G,1100,880
SIR2-MSC04N076,6100,4900
ROE2-29883,3400,2800
ROE2-39943,7600,6100
ROE2-39953,3200,2600
ROE2-89043,23800,19100
ROE2-89551,1700,1400
ROE2-89618,860,688
ROE2-89767,13000,10400
LIN2-PI10,6100,4900
HAT2-R02.16.039.00,5200,4200
ROE2-49511,147000,118000
SIR2-GM2492150,14800,11900
ROB2-EC0239,1600,1300
HOU2-30800053,29500,23600
ROE2-39507,13800,11100
HAM2-990305300,4400,3600
LKK2-18,4700,3800
HOU2-30520181,5900,4800
ROB2-HC0158,7600,6100
WIN2-61005182,6200,5000
WIN2-61004900,6200,5000
NUO2-41400001,9000,7200
CEC2-C395A,1000,800
SKP2-HF5040101,32000,25600
HAM2-990074300,2000,1600
LIN2-EL176,11300,9100
SAN2-10107,1800,1500
LKK2-LC1-D099,2100,1700
SIR2-19522605,5700,4600
SIR2-MF0182,9500,7600
BES2-24069900,7900,6400
HOU2-30520025,13200,10600
PMF2-3R010030,3200,2600
PMF2-3R010070,2900,2400
PMF2-3A010024,2600,2100
PMF2-5I100023,820,656
RTN2-20.02.549P,11400,9200
JTA2-301090016,1400,1200
HAT2-X020124100,2900,2400
SKP2-K2F1107400,2400,2000
SIR2-LF1043140,2100,1700
ROE2-29941,1300,1100
CEC2-80234,7000,5600
ROL2-B10006,4200,3400
PMF2-5I100031,2200,1800
SAN2-28200,36800,29500
HAT2-R02.08.043E.00,2800,2300
JTA2-301110499,1000,800
BER2-GL-FW35,1100,880
BES2-35877100,1200,960
ROE2-502474,4300,3500
ROE2-303145,39900,32000
BER2-HT-DF17,2600,2100
HAM2-990065500,7700,6200
SKP2-PM009H0050-N,14600,11700
HAT2-X021333800,2600,2100
JTA2-301040195,2100,1700
JTA2-302050040,2400,2000
SKP2-G8F3200108,3100,2500
ROL2-F03034,5200,4200
PMF2-3A010054,1500,1200
HAM2-HBB-99100,1600,1300
ROE2-89654,11200,9000
SAN2-52100,1000,800
SAN2-65272,1600,1300
BER2-TM-EGO230,9800,7900
PMF2-5C020133,1800,1500
TOA2-T7236B8714,8700,7000
ROE2-89557,22300,17900
HAM2-990066500,1800,1500
HAM2-280113700,4800,3900
SIR2-MSC09AMON,8200,6600
SAN2-70723,2200,1800
BER2-8680156,1600,1300
MID2-50794,10200,8200
COG2-80956,3800,3100
HAT2-R021504700,1900,1600
BES2-36062400,8600,6900
SIR2-MF2117,10800,8700
MID2-66759,88900,71200
CAS2-936960010,6000,4800
CAS2-533898300R,4500,3600
HOU2-060242,7600,6100
SAN2-70500,29700,23800
SIR2-IW2071240045,29000,23200
SAN2-02201DD,4200,3400
SIR2-IW1471240020,4100,3300
SAN2-02412,1800,1500
CEC2-280-00021,13400,10800
LAC2-922785000,1200,960
LIN2-SW97,3000,2400
LAC2-532020208,3100,2500
LAC2-531404000,1100,880
LIN2-EL198,22700,18200
LKK2-LK-GDO-10,4300,3500
VRM2-AR40PH-23-24.1Z,132000,106000
ROL2-F07024,7100,5700
SAN2-10103,2300,1900
SIR2-19702100.16,27900,22400
JTA2-302170023,3000,2400
SIR2-IW2071220210,5600,4500
ROE2-89145,3200,2600
ROE2-89009,4400,3600
SIR2-LF2032008,3200,2600
ROE2-89225,4100,3300
LAC2-537068400,18400,14800
PIT2-60128001,31300,25100
SIR2-19700171,8400,6800
SIR2-29410108,910,728
ROL2-B09003,1400,1200
ROB2-VS0265,1900,1600
ROE2-39343,5400,4400
SKP2-SMPS-12W,3800,3100
TOA2-1850853,47500,38000
SAN2-38200,8700,7000
LKK2-B20F(K)-39,2200,1800
SIR2-40750080,2700,2200
BER2-CC-16UR,5500,4400
SIR2-19410335,850,680
PIT2-B6783402,9500,7600
ROE2-49221,3400,2800
COG2-74901,5500,4400
BER2-VA-WB-CC,2400,2000
BER2-IC-WPU-H2KW,2000,1600
SAN2-50200C,25500,20400
ROE2-89650,16200,13000
PIT2-60133401,35800,28700
SIR2-GM5966000,2600,2100
CAS2-965109000,1800,1500
CEC2-C223A,2900,2400
WIN2-61006065,5100,4100
LAC2-1241033,1200,960
RON2-W600L2367,13800,11100
PIM2-TC12-4-5,11000,8800
ASL2-HN-MB50-15,14700,11800
LKK2-00009,900,720
ROE2-510217,1400,1200
VRM2-R60-91,9700,7800
PIM2-GDO-003,8800,7100
LKK2-00011,7000,5600
PIM2-MS-041-300T,4500,3600
RTN2-87.01.770S,36200,29000
PIM2-TC12-8-8,1400,1200
DAN2-GPY16RAB,9200,7400
ROE2-600457,930,744
PIM2-TC12-22-24,1600,1300
PIM2-PFB14-HC,3400,2800
PIM2-TC12-22-19,1600,1300
MMT2-59174520,4100,3300
RON2-W470L2400,8000,6400
NTS2-WDV-15L-01,970,776
PIM2-EWB20-21-26,1100,880
PIM2-MSS-7H-17,2300,1900
PIM2-MSS-7H-30,1900,1600
HAT2-023008300,3800,3100
PIM2-EDO-012,6100,4900
PIM2-MS-004,1600,1300
HOS2-A6+A22,900,720
HAT2-R02.08.135E.00,2600,2100
BER2-CS-TM-XR70CX-B-2,4900,4000
RON2-W610L3420,17700,14200
LKK2-CONTACTOR-380-V,3400,2800
DAN2-MPT18LA,10800,8700
PIM2-DSGSS-3-WT,153000,123000
LKK2-BELT(LSP520),11000,8800
PIM2-DR520-CVB,13700,11000
PIM2-TC22-13-20,6700,5400
RIN2-B-05,1000,800
ZAN2-CRIS0026,2700,2200
WIN2-5528255,17100,13700
ASL2-HN-DP-35,1800,1500
SEV2-KB8,2400,2000
PIM2-301010251,3500,2800
PIM2-70100300819,5400,4400
PIM2-30402009,14400,11600
RJ2-FC1600-006,60100,48100
PMF2-5L020005,1100,880
BER2-FE-VDE18W,3300,2700
DAN2-MS26FB,22400,18000
RIN2-0001,12300,9900
PIM2-TC12-7,950,760
PIM2-30312043,1200,960
PIM2-MSS-08,1100,880
PIM2-30304025,5500,4400
RJ2-SPFCF-0082,99600,79700
NTS2-CD-401-6L-SPRING-SET,2000,1600
PIM2-302050078,16500,13200
SIR2-IW2071230059,2200,1800
PIM2-30301009,14800,11900
DAN2-MPT16LA,10300,8300
DAN2-GPY14RAB,9000,7200
SEV2-00055,820,656
DAN2-GLY90RAB,8400,6800
DAN2-MPT14LA,14500,11600
SEV2-FDF2A65,3400,2800
PIM2-EDO-007,1100,880
PIM2-TC12-22-17,870,696
PIM2-302020084,2100,1700
SIR2-IW1471240010,1200,960
PIM2-302110440,2500,2000
DAN2-GLY80RAA,8200,6600
NTS2-NVP-06,1300,1100
PIT2-60203001-CL,12900,10400
PIT2-60125401,3100,2500
PIT2-60125501,1900,1600
PIM2-30499012,3200,2600
ROB2-HC0036,5600,4500
KIT2-4162037,1200,960
BER2-LE-LAMP2BL,1100,880
NFZ2-1200578,3400,2800
ZAN2-LAMP0055,1200,960
PIM2-30402012,8200,6600
PIM2-30402015,7300,5900
PIT2-PP10084,4000,3200
PIM2-30418071,2900,2400
PIM2-30418424,6900,5600
RTN2-40.02.684P,1600,1300
SIR2-IW2071240059,2200,1800
PIM2-30304031,5600,4500
PIM2-30306031,1000,800
SEV2-KB5,2000,1600
SEV2-KB7,2200,1800
PIM2-905990046,3800,3100
PIM2-302190037,2300,1900
ROE2-600018S,1800,1500
LKK2-CONTACT(LK-PL),3400,2800
PIM2-301010035,5200,4200
PIM2-301040195,2900,2400
PIM2-301080040+0033+0019,2300,1900
TOA2-T3000639,9700,7800
MID2-27L571S,2500,2000
PIM2-30403135,1500,1200
PIM2-30403201,3400,2800
PIM2-302170023,3400,2800
NTS2-HL-102,1700,1400
PIM2-30402049,3000,2400
PIM2-301010047,1200,960
PIM2-CF5-68MO,6400,5200
PIM2-30403116,11900,9600
PIM2-301100024+301150012,2100,1700
PIM2-302130201,1700,1400
PIM2-30310051,1200,960
SEV2-00495,950,760
PIM2-905050029,890,712
PIM2-302040263,1100,880
PIM2-DR520-250,1400,1200
PIM2-DR520-260,1200,960
PIM2-301040230,1900,1600
PIM2-301010169,990,792
SEV2-00340,900,720
PIM2-302130067,1500,1200
NTS2-E400900155,2200,1800
PIM2-70100300200,920,736
PIM2-302130018,1300,1100
NTS2-CD-1135-4L2-HFH,2800,2300
PIM2-302110090+302110698,1200,960
PIM2-302110091,1300,1100
PIM2-301040898,1400,1200
PIM2-301080040,1400,1200
NTS2-CD-6L-01-HINGE,13100,10500
PIM2-ESK-10-CON,1300,1100
PIM2-CF6-SSA-10,6100,4900
PIM2-DR520-360,1100,880
PIM2-20210002007,940,752
PIM2-301040167,1200,960
PIM2-PFB14-SLNV,1700,1400
PIM2-70100403873,2500,2000
LKK2-35-MF,880,704
PIM2-DR520-090,4600,3700
PIM2-302220058,5400,4400
PIM2-301090016,1900,1600
PIM2-301030020,1100,880
DAN2-GLY12RAA,8400,6800
CAM2-S07012,2300,1900
DAN2-SC18MLX,15800,12700
ASL2-HN-DP-50,1800,1500
ASL2-HN-DP-35-NV,2100,1700
DAN2-GPY12RAB,8300,6700
PIM2-301030151,2300,1900
SEV2-FH2588-SY,7900,6400
NTS2-ESK-10-03,1400,1200
RTN2-42.00.269P,76700,61400
PIM2-GDO-005,8800,7100
ZAN2-ELET0432,5600,4500
RTN2-40.00.464P,4900,4000
PIM2-EWB20-30-32,2800,2300
PIM2-GDO-006,8800,7100
PIM2-CF7-SSA-NEW,7400,6000
SEV2-00438,1200,960
SEV2-00447,1900,1600
SEV2-00448,6300,5100
PIM2-SM-0000007,1600,1300
PIM2-SM-0000010,1200,960
PIM2-301040146,1500,1200
PIM2-DR520-005,3800,3100
PIM2-DR520-011,1400,1200
PIM2-DR520-013,2200,1800
PIM2-DR520-014,2600,2100
PIM2-DR520-015,2600,2100
SEV2-00689,2500,2000
PIM2-20110003102,1500,1200
PIM2-70100400082,13700,11000
PIM2-DR520-007,1400,1200
PIM2-905990038,3700,3000
PIM2-70101500037-05946L,6900,5600
PIM2-DR520-BR001,900,720
PIM2-IMB220-270W-BL200-02,1400,1200
NTS2-CED-YJ-KNOB,1100,880
PIM2-CF-TC-10,2600,2100
WIN2-61004907,6300,5100
SEV2-00036,1200,960
RTN2-50.01.640S,14600,11700
PIM2-CF5-SSA,4500,3600
RAN2-34200093,9000,7200
RTN2-50.01.050S,6700,5400
RTN2-56.00.153P,24700,19800
RJ2-SPFCS-0123,54100,43300
RON2-W640L2680,14600,11700
RTN2-24.00.142,2400,2000
RTN2-40.01.329S,9800,7900
RTN2-42.00.260P,167000,134000
KIT2-9701670,3700,3000
KIT2-4162320,910,728
RAN2-13007050,3000,2400
NTS2-EWB-37-021,880,704
RTN2-40.00.453P,12800,10300
RTN2-40.03.378P,107000,85600
RTN2-42.00.064P,61000,48800
SEV2-00027,1000,800
PIM2-TC12-22-16,4000,3200
RJ2-SPFCS-0122,43900,35200
DAN2-MTZ22-5VM,61700,49400
SEV2-R134A,4000,3200
PIM2-30699020,3100,2500
PIM2-TC12-22-15,900,720
PIM2-CW-PN,3400,2800
LKK2-00003,3000,2400
RTN2-87.00.039,4700,3800
NTS2-CD-1133-1.8L2-LID,2000,1600
RTN2-50.00.286P,2200,1800
ASL2-DP-50-NV-202007,2100,1700
RTN2-56.00.618S,52700,42200
RTN2-40.03.428P,12900,10400
RTN2-50.01.213,8300,6700
RTN2-42.00.002P,215000,172000
RTN2-16.01.662P,2400,2000
RTN2-16.00.232P,850,680
TBA2-00001,900,720
SEV2-00126,850,680
RON2-W475L1470,6300,5100
NTS2-CD-101-9L-B,9900,8000
NTS2-CD-401-4L-C,1300,1100
NTS2-CD-401-4L-F,1900,1600
PIM2-801021041010,6100,4900
PIM2-MINI-IB220-BL160E-16,1100,880
PIM2-MINI-IB220-BL160E-13,1100,880
PIM2-MINI-IB220-BL160E-19,1200,960
PIM2-IMB850-650W-BL550-22,3400,2800
PIM2-IMB850-650W-BL550-18,6400,5200
PIM2-IMB220-270W-BL200-04,1300,1100
PIM2-IMB220-270W-BL200-05,2300,1900
PIM2-IMB220-270W-BL200-12,3400,2800
PIM2-IMB220-270W-BL200-19,1600,1300
PIM2-IMB220-270W-BL200-20,1700,1400
PIM2-IMB220-270W-BL200-22,1500,1200
PIM2-IMB220-270W-BL250-19,1700,1400
PIM2-IMB220-270W-BL250-20,1800,1500
PIM2-IMB220-270W-BL250-22,1500,1200
PIM2-IMB450-450W-BL350-01,1400,1200
PIM2-IMB450-450W-BL350-07,930,744
PIM2-IMB450-450W-BL350-18,2600,2100
PIM2-IMB450-450W-BL350-19,3000,2400
PIM2-IMB450-450W-BL350-20,930,744
PIM2-IMB450-450W-BL350-21,5200,4200
PIM2-IMB650-650W-BL450-01,1400,1200
PIM2-IMB650-650W-BL450-03,1300,1100
PIM2-IMB650-650W-BL450-14,3100,2500
PIM2-IMB650-650W-BL450-17,1300,1100
PIM2-IMB650-650W-BL450-18,6100,4900
PIM2-IMB650-650W-BL450-22,3400,2800
PIM2-IMB850-650W-BL550-01,1400,1200
PIM2-IMB850-650W-BL550-14,3100,2500
PIM2-PM-40L-SV-21,20400,16400
PIM2-PM-40L-SV-04,40400,32400
PIM2-PM-40L-SV-06,2000,1600
PIM2-PM-40L-SV-07,1400,1200
PIM2-PM-40L-SV-08,1800,1500
PIM2-PM-40L-SV-09,970,776
PIM2-PM-40L-SV-10,2200,1800
PIM2-PM-40L-SV-18-19,5500,4400
PIM2-PM-40L-SV-23,2000,1600
PIM2-PM-40L-SV-24,1700,1400
PIM2-PM-40L-SV-25,12400,10000
PIM2-PM-40L-SV-26,2700,2200
PIM2-PM-30L-SV-62,1400,1200
PIM2-PM-30L-SV-18,40400,32400
PIM2-PM-30L-SV-16,12900,10400
PIM2-PM-30L-SV-80,2600,2100
PIM2-PM-30L-SV-78,2300,1900
PIM2-PM-30L-SV-27,7400,6000
PIM2-PM-30L-SV-68,4400,3600
PIM2-PM-30L-SV-39,4100,3300
PIM2-PM-30L-SV-111,4100,3300
PIM2-PM-30L-SV-135,4400,3600
PIM2-PM-30L-SV-57,970,776
PIM2-PM-30L-SV-58,2600,2100
PIM2-PM-30L-SV-41-53,3600,2900
PIM2-PM-30L-SV-144,2300,1900
PIM2-PM-30L-SV-141,1700,1400
PIM2-PM-20L-SV-22,23000,18400
PIM2-PM-20L-SV-28,1600,1300
PIM2-PM-20L-SV-35,12900,10400
PIM2-PM-20L-SV-43,1900,1600
PIM2-PM-20L-SV-45,1800,1500
PIM2-PM-20L-SV-40,7400,6000
PIM2-PM-20L-SV-34,2400,2000
PIM2-PM-20L-SV-58,19200,15400
PIM2-PM-20L-SV-75,2900,2400
PIM2-PM-20L-SV-79,4900,4000
PIM2-PM-20L-SV-100,4000,3200
PIM2-PM-20L-SV-96,820,656
PIM2-PM-20L-SV-81,2900,2400
PIM2-PM-20L-SV-16,1700,1400
PIM2-PM-20L-SV-17,1700,1400
PIM2-JD10000025,1400,1200
REF2-00125,1500,1200
SEV2-176,3500,2800
SEV2-00145,1000,800
SEV2-00167,850,680
SEV2-00168,1500,1200
SEV2-LE1-M35Q714,7000,5600
REF2-00090,4000,3200
NTS2-HLRL-SC,9500,7600
NTS2-GGBK,20200,16200
NTS2-JD-5LS-DP,2100,1700
NTS2-1205020012-1050046,1730,1400
NTS2-AWC-01,15500,12400
NTS2-AWC-02,25600,20500
NTS2-AWC-03,5000,4000
NTS2-AWC-04,13200,10600
NTS2-BL-900-04,12700,10200
NTS2-BL-900-05,1600,1300
NTS2-BL-900-21,820,656
NTS2-BOW,17800,14300
NTS2-CC-1B-L-01,820,656
NTS2-CC-1B-L-02,6200,5000
NTS2-CC-1B-L-03,1200,960
NTS2-CC-2B-01,6200,5000
NTS2-CC-2B-03,2500,2000
NTS2-CD-6L-06-001,6600,5300
NTS2-CDHR-700W-MB,1800,1500
NTS2-CDHR-900W-DPP,1000,800
NTS2-CDHR-900W-MB,2000,1600
NTS2-CD-IN68-002,8500,6800
NTS2-CD-IN68-004,8500,6800
NTS2-CONVERTER,36600,29300
NTS2-D330222006,1800,1500
NTS2-E480100402,3300,2700
NTS2-EWB-24-001,1200,960
NTS2-EWB-37-013,7800,6300
NTS2-FM30-006,6000,4800
NTS2-FM30-007,6000,4800
NTS2-FM30-008,1700,1400
NTS2-FM-30-CON,36600,29300
NTS2-HL-002,10200,8200
NTS2-HL-003,11800,9500
NTS2-HL-004,12200,9800
NTS2-HL-005,10200,8200
NTS2-HL-006,11800,9500
NTS2-HL-007,12200,9800
NTS2-HLCR-SS,5100,4100
NTS2-HLH1C,9500,7600
NTS2-HLH1G,9500,7600
NTS2-HLR1C,9500,7600
NTS2-HLRB1C,9500,7600
NTS2-HLRB1G,9500,7600
NTS2-HLS1C,9500,7600
NTS2-HLS1G,9500,7600
NTS2-JD-5LD-CTN,2400,2000
NTS2-JD-5LS-INNP,880,704
NTS2-JD-5LS-PIL,1200,960
NTS2-LUGC19-BALL,2600,2100
NTS2-MBF-40C-CB,3300,2700
NTS2-MBM-175-02,1100,880
NTS2-MBM-175-08,3500,2800
NTS2-MBM-175-11,2300,1900
NTS2-MBM-175-14,1900,1600
NTS2-MBM-175-15,1500,1200
NTS2-MBM-175-26,3400,2800
NTS2-MBM-175-36,1400,1200
NTS2-MBM-175-38,2000,1600
NTS2-MBM-175-71,2500,2000
NTS2-MOP-LO-42S-FC,890,712
NTS2-MT-50L-002,1800,1500
NTS2-MU-10L-01,4700,3800
NTS2-PLW-L-R,1150,920
NTS2-VP-06,1300,1100
NTS2-WDV-06,1100,880
NTS2-WDV-60L-02,840,672
NTS2-WDV-80L-02,840,672
NTS2-WHEEL-01-G,4300,3500
NTS2-WHEEL-01-SS,4300,3500
NTS2-WHEEL-02-G,3900,3200
NTS2-WHEEL-02-SS,3900,3200
NTS2-WHEEL-03-G,3000,2400
NTS2-WHEEL-03-SS,3000,2400
NTS2-WHEEL-04-G,2600,2100
NTS2-WHEEL-04-SS,2600,2100
NTS2-WHEEL-05-G,4300,3500
NTS2-WHEEL-05-SS,4300,3500
NTS2-WHEEL-06-G,3900,3200
NTS2-WHEEL-06-SS,3900,3200
NTS2-WIN-168-DO,9600,7700
NTS2-YUDJD-005,1600,1300
NTS2-YUDJD-006,3100,2500
NTS2-SSBG-HLCS,26900,21600
NTS2-EWB-24-029,3100,2500
NTS2-CD-IN68-007,10300,8300
NTS2-1203060001,1600,1300
NTS2-1201030024,1660,1400
NTS2-1205020005,1400,1200
NTS2-AWC-07,21700,17400
NTS2-AWC-08,5800,4700
PIM2-HCL807-1-RACK-R,1300,1100
PIM2-TC12-22-21,2300,1900
PIM2-GDO-002,11700,9400
PIM2-905070043,5300,4300
PIM2-BASE-BURNER+BURNER,7100,5700
PIM2-B-59A,1200,960
PIM2-TC12-22-12,6600,5300
PIM2-HCL807-1-RACK-L,1300,1100
PIM2-70201901600,1900,1600
PIM2-70202002264,3600,2900
PIM2-70202002273,3600,2900
PIM2-70100402500,1100,880
PIM2-70202021819L,1300,1100
PIM2-302020055,1100,880
PIM2-BGR-71B,1000,800
PIM2-FT-76A,2100,1700
PIM2-FT-76C,2300,1900
PIM2-PP-8HD,4000,3200
PIM2-PP-8HE,5200,4200
PIM2-HN-MB35,10400,8400
PIM2-MG12-05,1600,1300
PIM2-MG12-02,950,760
PIM2-MG12-03,950,760
PIM2-MG42-14,11400,9200
PIM2-ECM16-32,4900,4000
PIM2-GDO-010,4800,3900
PIM2-CF6-SSA,5800,4700
PIM2-HANDLE,1500,1200
PIM2-M-1A,6100,4900
PIM2-M-1B,6500,5200
PIM2-M-1C,6500,5200
PIM2-MSS-5H-17,2200,1800
PIM2-MSS-5H-30,1300,1100
PIM2-MSS-5H-34,930,744
PIM2-TC22-8,1600,1300
PIM2-MINI-IB250-BL190E-18,2800,2300
PIM2-MINI-IB250-BL190E-19,1200,960
PIM2-TC12-22-13-20,6800,5500
PIM2-CF7-SSA,8000,6400
PIM2-BLOWER-VALVE,1800,1500
PIM2-CF5-68-SSA-NEW,4900,4000
PIM2-CF6-82-BDY,6100,4900
PIM2-ESK-S10L-07,2200,1800
PIM2-FFB14-WHEEL,2400,2000
PIM2-FULL-SET-MSS-5H,5000,4000
PIM2-KNSM230-BO,970,776
PIM2-KNSM230-FRL,1200,960
PIM2-KNSM230-IRP,2900,2400
PIM2-KNSM230-MO,3600,2900
PIM2-KNSM230-RRL,1200,960
PIM2-MG12-10,950,760
PIM2-MS-065,3500,2800
PIM2-MS-068,3900,3200
PIM2-ON-OFF-SAFETY-VALVE,4900,4000
PIM2-ESK-S10L-08,1100,880
PIM2-PFB16SC-005,46600,37300
PIM2-MS300-049,6100,4900
PIM2-SM-0000003,5700,4600
PIM2-30403125,2900,2400
PIM2-PILOT-NOZZLE,1100,880
PIM2-GDO-023,5700,4600
PIM2-DAC-CPSET,15600,12500
PIM2-INTLFT-6D-40A-RE,2000,1600
ASL2-HN-MB50-16,17000,13600
ASL2-HN-MB35-OLD,11000,8800
ASL2-HN-MB50-NV,17000,13600
ASL2-HN-MB50-17,18600,14900
ASL2-HN-MB35-OV,12100,9700
ASL2-HN-GLA-5000,3000,2400
ASL2-HN-DP-35-1,2100,1700
SEV2-00327,1600,1300
ATT2-ATT-TA5STS-TBAG,960,768
RON2-W490L1056,4500,3600
RTN2-87.01.289,5100,4100
MID2-400J4,5700,4600
RTN2-40.02.684,1600,1300
RTN2-87.01.489,34000,27200
RTN2-42.00.241S,24600,19700
RTN2-40.03.425P,7500,6000
BER2-CDS2502505R,3700,3000
SEV2-FRN002C2S-7A,9500,7600
SEV2-SA16-5-2-61061B03,1000,800
BER2-TM-XR30CX,6200,5000
SEV2-00520,10200,8200
RTN2-42.00.047P,71800,57500
RTN2-87.01.076,68300,54700
RTN2-44.01.417P,6600,5300
RTN2-87.00.366,16100,12900
RTN2-87.00.396,72100,57700
RTN2-87.01.075,45500,36400
RTN2-40.03.994P,1200,960
RTN2-56.00.512P,3600,2900
PIT2-B2303201,32400,26000
PIT2-A3631402,10900,8800
PIT2-A3800603,1700,1400
PIT2-A1100111,23300,18700
WIN2-30000861,8800,7100
LKK2-00007,4000,3200
TBA2-00002,830,664
RTN2-87.00.367,28800,23100
RTN2-WCI-202,4300,3500
TBC2-NGC-3069,9900,8000
SEV2-00700,1000,800
SKP2-ML80TB,20400,16400
ROB2-EC1000254,1200,960
NEW2-UD-8,3500,2800
RTN2-20.00.394P,11800,9500
RIN2-0004,940,752
FUJ2-B2,1300,1100
FUJ2-B3,2500,2000
FUJ2-A3,840,672
FUJ2-B4,6800,5500
IMC2-75-001,3000,2400
LKK2-LED12V,1300,1100
LKK2-MBB,9500,7600
RTN2-40.03.513P,135000,108000
NEW2-SC-51,3300,2700
NEW2-A3A4,1900,1600
NEW2-007,2500,2000
NEW2-AV5535,67000,53600
NEW2-006,6000,4800
NEW2-2061962-02S,37500,30000
NEW2-MH,17000,13600
RTN2-22.00.188,38000,30400
RTN2-20.01.802P,13400,10800
RTN2-87.00.139,89400,71600
RTN2-40.02.512P,2500,2000
RTN2-24.00.194,8500,6800
WIN2-3102477,31300,25100
WIN2-61006874,3500,2800
WIN2-61006875,3200,2600
WIN2-30002770,15100,12100
WIN2-61007025,1300,1100
WIN2-61007023,1600,1300
WIN2-61006768,2200,1800
DAN2-GPY12LAA,8700,7000
DAN2-GPY16LAB,9200,7400
DAN2-MPT12RA,9100,7300
HAM2-LS-LC,1000,800
WIN2-30011898,42400,34000
RTN2-42.00.047,71800,57500
NEW2-TB32,1000,800
NEW2-H3JA-8C-5A,2000,1600
BER2-HT-196,920,736
NEW2-PLB,4000,3200
NEW2-WAS,2300,1900
HOS2-B4,8100,6500
NEW2-001,7500,6000
NEW2-002,8000,6400
NEW2-003,59500,47600
LKK2-TJ32-07SS,1900,1600
NEW2-NT-PM0080,10000,8000
NEW2-004,1200,960
HOS2-B3,3000,2400
HOS2-A3,850,680
RTN2-110402356-24.00.194,8500,6800
LKK2-42210H,2900,2400
RTN2-40.00.277,13600,10900
REF2-AE4430Y,7500,6000
REF2-00122,1500,1200
REF2-AE4448Y,7500,6000
REF2-00023,2500,2000
REF2-00030,1700,1400
REF2-00017,1500,1200
REF2-00031,1620,1300
REF2-00019,1620,1300
REF2-00008,1300,1100
REF2-00039,1800,1500
REF2-00003,1000,800
REF2-00022,1500,1200
REF2-00021,1500,1200
REF2-00037,1800,1500
REF2-AE4425Y,7500,6000
REF2-AE7435EK,7000,5600
REF2-00050,10500,8400
REF2-00053,1500,1200
REF2-00035,1800,1500
REF2-00056,4500,3600
REF2-58,15000,12000
REF2-00063,6500,5200
REF2-M4Q045-CA03,2200,1800
REF2-00009,4500,3600
REF2-00041,1800,1500
REF2-00042,1800,1500
REF2-00046,6500,5200
REF2-00016,1500,1200
REF2-00020,1620,1300
REF2-00018,1800,1500
REF2-00032,1800,1500
REF2-00040,1800,1500
REF2-00048,1500,1200
REF2-00064,1800,1500
REF2-00065,1500,1200
REF2-00045,4500,3600
REF2-00028,1800,1500
REF2-00027,1800,1500
REF2-BA7445EK,8000,6400
REF2-00024,1800,1500
REF2-00025,2500,2000
REF2-AE4459Y-SR,9000,7200
REF2-00119,1900,1600
REF2-AW5515EK,11000,8800
REF2-00126,1500,1200
REF2-00148,1200,960
REF2-00129,1000,800
REF2-W-OP4,10500,8400
REF2-00133,1000,800
REF2-AE7440EK,7000,5600
REF2-00152,1100,880
REF2-00026,2300,1900
REF2-00043,2000,1600
REF2-00128,1500,1200
REF2-00123,2100,1700
REF2-00127,1500,1200
REF2-00124,1200,960
REF2-00138,1200,960
REF2-00132,900,720
REF2-00147,1800,1500
REF2-00139,1300,1100
REF2-00120,1200,960
REF2-00146,1700,1400
REF2-00059,1000,800
REF2-FJ155,1000,800
REF2-AE7440AK,7000,5600
REF2-00149,1500,1200
REF2-00141,1500,1200
REF2-WJ5510EK,11000,8800
REF2-ZB19KQE-TFD-558,71000,56800
REF2-AE9437Y-SR,11500,9200
REF2-AE2415Y,7000,5600
REF2-WJ2435ZK-SA,16000,12800
REF2-00159,2500,2000
REF2-AE4440Y,7500,6000
REF2-00156,1200,960
REF2-00150,1200,960
REF2-AW9516Z,19900,16000
REF2-00155,1500,1200
REF2-00062,1300,1100
REF2-00036,1800,1500
REF2-00038,1800,1500
REF2-AJ2425A,17000,13600
REF2-00151,1300,1100
REF2-00029,1800,1500
REF2-00145,1800,1500
REF2-00068,9000,7200
REF2-00069,1600,1300
REF2-00070,1800,1500
REF2-00071,4000,3200
REF2-00074,1200,960
REF2-00076,1200,960
REF2-WB92,1100,880
REF2-00077,1800,1500
REF2-00078,1800,1500
REF2-00079,1800,1500
REF2-00082,1800,1500
REF2-00083,1800,1500
REF2-00084,5500,4400
REF2-00105,3500,2800
REF2-00085,10500,8400
"REF2-TIE-HW,TIO-002",4500,3600
REF2-00088,4000,3200
REF2-TIE-HW,4500,3600
REF2-00091,1800,1500
REF2-00099,10000,8000
REF2-00087,9000,7200
REF2-00092,3500,2800
REF2-00095,1600,1300
REF2-200RB4S3T,2500,2000
REF2-00096,2000,1600
REF2-00098,1300,1100
REF2-00100,1800,1500
REF2-00101,1800,1500
REF2-00102,2000,1600
REF2-043-0111-00,900,720
REF2-3ARR3U13AS2,1100,880
REF2-00106,1800,1500
REF2-00113,1000,800
REF2-00114,1500,1200
REF2-00118,900,720
REF2-AW7512Z,16000,12800
SEV2-00140,4000,3200
SEV2-00042,4500,3600
SEV2-00003,1500,1200
SEV2-00142,1700,1400
SEV2-00143,2500,2000
SEV2-00179,1000,800
SEV2-00141,2300,1900
SEV2-KB10,2000,1600
SEV2-00004,1000,800
SEV2-00040,5000,4000
SEV2-00150,3700,3000
SEV2-00151,3700,3000
SEV2-00146,1200,960
SEV2-00148,1500,1200
SEV2-60128010,4800,3900
SEV2-00058,4000,3200
SEV2-00023,1000,800
SEV2-00028,1000,800
SEV2-00030,1000,800
SEV2-00031,2500,2000
SEV2-00044,2000,1600
SEV2-UCP207-35,3000,2400
SEV2-00048,4500,3600
SEV2-00050,1000,800
SEV2-00052,6000,4800
SEV2-00156,5500,4400
SEV2-00047,15500,12400
SEV2-00159,1100,880
SEV2-S-RB-F-6,1350,1100
SEV2-S-RB-S-8,2000,1600
SEV2-S-RB-F-8,1800,1500
SEV2-R404A,4700,3800
SEV2-00160,1800,1500
SEV2-PE39080-00,18700,15000
SEV2-LV4403B4,4500,3600
SEV2-00161,4500,3600
SEV2-00170,9000,7200
SEV2-00193,6500,5200
SEV2-00164,900,720
SEV2-W500L2000,6500,5200
SEV2-00169,950,760
SEV2-00180,2500,2000
SEV2-MDYA-60,3600,2900
SEV2-00183,3000,2400
SEV2-00184,3800,3100
SEV2-00185,1200,960
SEV2-00186,1500,1200
SEV2-00191,5400,4400
SEV2-00192,1000,800
SEV2-00056,3000,2400
SEV2-W500L1920,6500,5200
SEV2-00061,2500,2000
SEV2-6202-VA201,1500,1200
SEV2-00209,6500,5200
SEV2-00214,1700,1400
SEV2-00215,2100,1700
SEV2-00227,1350,1100
SEV2-RL7012-SZ,7900,6400
SEV2-41063,1400,1200
SEV2-00062,3000,2400
SEV2-00063,1500,1200
SEV2-00067,1800,1500
SEV2-W500XL2040,4700,3800
SEV2-00071,1200,960
SEV2-00075,1200,960
SEV2-00076,1100,880
SEV2-00078,1500,1200
SEV2-00079,2000,1600
SEV2-UCP205-100DI,1200,960
SEV2-C-40,4000,3200
SEV2-00084,1500,1200
SEV2-00088,3000,2400
SEV2-UC-206,1500,1200
SEV2-00091,4000,3200
SEV2-00093,9500,7600
SEV2-00098,9500,7600
SEV2-00263,1100,880
SEV2-00104,4500,3600
SEV2-00136,1400,1200
SEV2-00110,5000,4000
SEV2-00116,6000,4800
SEV2-00120,3000,2400
SEV2-00125,2600,2100
SEV2-00129,14000,11200
SEV2-00130,2500,2000
SEV2-00131,47000,37600
SEV2-00132,19000,15200
SEV2-00133,2500,2000
SEV2-00134,57800,46300
,,
,,
,,
,,
,,
,,
,,
,,
,,
,,
,,
,,
,,
,,
,,
,,
,,
,,
,,
,,
,,
,,
,,
,,
,,
,,
,,
,,
,,
,,
,,
,,
,,
,,
,,
,,
,,
,,
,,
,,
,,
,,
,,
,,
,,
,,
,,
,,
,,
,,
,,
,,
,,
,,
,,
,,
,,
,,
,,
,,
,,
,,
,,
,,
,,
,,
,,
,,
,,
,,
,,
,,
,,
,,
,,
,,
,,
,,
,,
,,
,,
,,
,,
,,
,,
,,
,,
,,
,,
,,
,,
,,
,,
,,
,,
,,
,,
,,
,,
,,
,,
,,
,,
,,
,,
,,
,,
,,
,,
,,
,,
,,
,,
,,
,,
,,
,,
,,
,,
,,
,,
,,
,,
,,
,,
,,
,,
,,
,,
,,
,,
,,
,,
,,
,,
,,
,,
,,
,,
,,
,,
,,
,,
,,
,,
,,
,,
,,
,,
,,
,,
,,
,,
,,
,,
,,
,,
,,
,,
,,
,,
,,
,,
,,
,,
,,
,,
,,
,,
,,
,,
,,
,,
,,
,,
,,
,,
,,
,,
,,
,,
,,
,,
,,
,,
,,
,,
,,
,,
,,
,,
,,
,,
,,
,,
,,
,,
,,
,,
,,
,,
,,
,,
,,
,,
,,
,,
,,
,,
,,
,,
,,
,,
,,
,,
,,
,,
,,
,,
,,
,,
,,
,,
,,
,,
,,
,,
,,
,,
,,
,,
,,
,,
,,
,,
,,
,,
,,
,,
,,
,,
,,
,,
,,
,,
,,
,,
,,
,,
,,
,,
,,
,,
,,
,,
,,
,,
,,
,,
,,
,,
,,
,,
,,
,,
,,
,,
,,
,,
,,
,,
,,
,,
,,
,,
,,
,,
,,
,,
,,
,,
,,
,,
,,
,,
,,
,,
,,
,,
,,
,,
,,
,,
,,
,,
,,
,,
,,
,,
,,
,,
,,
,,
,,
,,
,,
,,
,,
,,
,,
,,
,,
,,
,,
,,
,,
,,
,,
,,
,,
,,
,,
,,
,,
,,
,,
,,
,,
,,
,,
,,
,,
,,
,,
,,
,,
,,
,,
,,
,,
,,
,,
,,
,,
,,
,,
,,
,,
,,
,,
,,
,,
,,
,,
,,
,,
,,
,,
,,
,,
,,
,,
,,
,,
,,
,,
,,
,,
,,
,,
,,
,,
,,
,,
,,
,,
,,
,,
,,
,,
,,
,,
,,
,,
,,
,,
,,
,,
,,
,,
,,
,,
,,
,,
,,
,,
,,
,,
,,
,,
,,
,,
,,
,,
,,
,,
,,
,,
,,
,,
,,
,,
,,
,,
,,
,,
,,
,,
,,
,,
,,
,,
,,
,,
,,
,,
,,
,,
,,
,,
,,
,,
,,
,,
,,
,,
,,
,,
,,
,,
,,
,,
,,
,,
,,
,,
,,
,,
,,
,,
,,
,,
,,
,,
,,
,,
,,
,,
,,
,,
,,
,,
,,
,,
,,
,,
,,
,,
,,
,,
,,
,,
,,
,,
,,
,,
,,
,,
,,
,,
,,
,,
,,
,,
,,
,,
,,
,,
,,
,,
,,
,,
,,
,,
,,
,,
,,
,,
,,
,,
,,
,,
,,
,,
,,
,,
,,
,,
,,
,,
,,
,,
,,
,,
,,
,,
,,
,,
,,
,,
,,
,,
,,
,,
,,
,,
,,
,,
,,
,,
,,
,,
,,
,,
,,
,,
,,
,,
,,
,,
,,
,,
,,
,,
,,
,,
,,
,,
,,
,,
,,
,,
,,
,,
,,
,,
,,
,,
,,
,,
,,
,,
,,
,,
,,
,,
,,
,,
,,
,,
,,
,,
,,
,,
,,
,,
,,
,,
,,
,,
,,
,,
,,
,,
,,
,,
,,
,,
,,
,,
,,
,,
,,
,,
,,
,,
,,
,,
,,
,,
,,
,,
,,
,,
,,
,,
,,
,,
,,
,,
,,
,,
,,
,,
,,
,,
,,
,,
,,
,,
,,
,,
,,
,,
,,
,,
,,
,,
,,
,,
,,
,,
,,
,,
,,
,,
,,
,,
,,
,,
,,
,,
,,
,,
,,
,,
,,
,,
,,
,,
,,
,,
,,
,,
,,
,,
,,
,,
,,
,,
,,
,,
,,
,,
,,
,,
,,
,,
,,
,,
,,
,,
,,
,,
,,
,,
,,
,,
,,
,,
,,
,,
,,
,,
,,
,,
,,
,,
,,
,,
,,
,,
,,
,,
,,
,,
,,
,,
,,
,,
,,
,,
,,
,,
,,
,,
,,
,,
,,
,,
,,
,,
,,
,,
,,
,,
,,
,,
,,
,,
,,
,,
,,
,,
,,
,,
,,
,,
,,
,,
,,
,,
,,
,,
,,
,,
,,
,,
,,
,,
,,
,,
,,
,,
,,
,,
,,
,,
,,
,,
,,
,,
,,
,,
,,
,,
,,
,,
,,
,,
,,
,,
,,
,,
,,
,,
,,
,,
,,
,,
,,
,,
,,
,,
,,
,,
,,
,,
,,
,,
,,
,,
,,
,,
,,
,,
,,
,,
,,
,,
,,
,,
,,
,,
,,
,,
,,
,,
,,
,,
,,
,,
,,
,,
,,
,,
,,
,,
,,
,,
,,
,,
,,
,,
,,
,,
,,
,,
,,
,,
,,
,,
,,
,,
,,
,,
,,
,,
,,
,,
,,
,,
,,
,,
,,
,,
,,
,,
,,
,,
,,
,,
,,
,,
,,
,,
,,
,,
,,
,,
,,
,,
,,
,,
,,
,,
,,
,,
,,
,,
,,
,,
,,
,,
,,
,,
,,
,,
,,
,,
,,
,,
,,
,,
,,
,,
,,
,,
,,
,,
,,
,,
,,
,,
,,
,,
,,
,,
,,
,,
,,
,,
,,
,,
,,
,,
,,
,,
,,
,,
,,
,,
,,
,,
,,
,,
,,
,,
,,
,,
,,
,,
,,
,,
,,
,,
,,
,,
,,
,,
,,
,,
,,
,,
,,
,,
,,
,,
,,
,,
,,
,,
,,
,,
,,
,,
,,
,,
,,
,,
,,
,,
,,
,,
,,
,,
,,
,,
,,
,,
,,
,,
,,
,,
,,
,,
,,
,,
,,
,,
,,
,,
,,
,,
,,
,,
,,
,,
,,
,,
,,
,,
,,
,,
,,
,,
,,
,,
,,
,,
,,
,,
,,
,,
,,
,,
,,
,,
,,
,,
,,
,,
,,
,,
,,
,,
,,
,,
,,
,,
,,
,,
,,
,,
,,
,,
,,
,,
,,
,,
,,
,,
,,
,,
,,
,,
,,
,,
,,
,,
,,
,,
,,
,,
,,
,,
,,
,,
,,
,,
,,
,,
,,
,,
,,
,,
,,
,,
,,
,,
,,
,,
,,
,,
,,
,,
,,
,,
,,
,,
,,
,,
,,
,,
,,
,,
,,
,,
,,
,,
,,
,,
,,
,,
,,
,,
,,
,,
,,
,,
,,
,,
,,
,,
,,
,,
,,
,,
,,
,,
,,
,,
,,
,,
,,
,,
,,
,,
,,
,,
,,
,,
,,
,,
,,
,,
,,
,,
,,
,,
,,
,,
,,
,,
,,
,,
,,
,,
,,
,,
,,
,,
,,
,,
,,
,,
,,
,,
,,
,,
,,
,,
,,
,,
,,
,,
,,
,,
,,
,,
,,
,,
,,
,,
,,
,,
,,
,,
,,
,,
,,
,,
,,
,,
,,
,,
,,
,,
,,
,,
,,
,,
,,
,,
,,
,,
,,
,,
,,
,,
,,
,,
,,
,,
,,
,,
,,
,,
,,
,,
,,
,,
,,
,,
,,
,,
,,
,,
,,
,,
,,
,,
,,
,,
,,
,,
,,
,,
,,
,,
,,
,,
,,
,,
,,
,,
,,
,,
,,
,,
,,
,,
,,
,,
,,
,,
,,
,,
,,
,,
,,
,,
,,
,,
,,
,,
,,
,,
,,
,,
,,
,,
,,
,,
,,
,,
,,
,,
,,
,,
,,
,,
,,
,,
,,
,,
,,
,,
,,
,,
,,
,,
,,
,,
,,
,,
,,
,,
,,
,,
,,
,,
,,
,,
,,
,,
,,
,,
,,
,,
,,
,,
,,
,,
,,
,,
,,
,,
,,
,,
,,
,,
,,
,,
,,
,,
,,
,,
,,
,,
,,
,,
,,
,,
,,
,,
,,
,,
,,
,,
,,
,,
,,
,,
,,
,,
,,
,,
,,
,,
,,
,,
,,
,,
,,
,,
,,
,,
,,
,,
,,
,,
,,
,,
,,
,,
,,
,,
,,
,,
,,
,,
,,
,,
,,
,,
,,
,,
,,
,,
,,
,,
,,
,,
,,
,,
,,
,,
,,
,,
,,
,,
,,
,,
,,
,,
,,
,,
,,
,,
,,
,,
,,
,,
,,
,,
,,
,,
,,
,,
,,
,,
,,
,,
,,
,,
,,
,,
,,
,,
,,
,,
,,
,,
,,
,,
,,
,,
,,
,,
,,
,,
,,
,,
,,
,,
,,
,,
,,
,,
,,
,,
,,
,,
,,
,,
,,
,,
,,
,,
,,
,,
,,
,,
,,
,,
,,
,,
,,
,,
,,
,,
,,
,,
,,
,,
,,
,,
,,
,,
,,
,,
,,
,,
,,
,,
,,
,,
,,
,,
,,
,,
,,
,,
,,
,,
,,
,,
,,
,,
,,
,,
,,
,,
,,
,,
,,
,,
,,
,,
,,
,,
,,
,,
,,
,,
,,
,,
,,
,,
,,
,,
,,
,,
,,
,,
,,
,,
,,
,,
,,
,,
,,
,,
,,
,,
,,
,,
,,
,,
,,
,,
,,
,,
,,
,,
,,
,,
,,
,,
,,
,,
,,
,,
,,
,,
,,
,,
,,
,,
,,
,,
,,
,,
,,
,,
,,
,,
,,
,,
,,
,,
,,
,,
,,
,,
,,
,,
,,
,,
,,
,,
,,
,,
,,
,,
,,
,,
,,
,,
,,
,,
,,
,,
,,
,,
,,
,,
,,
,,
,,
,,
,,
,,
,,
,,
,,
,,
,,
,,
,,
,,
,,
,,
,,
,,
,,
,,
,,
,,
,,
,,
,,
,,
,,
,,
,,
,,
,,
,,
,,
,,
,,
,,
,,
,,
,,
,,
,,
,,
,,
,,
,,
,,
,,
,,
,,
,,
,,
,,
,,
,,
,,
,,
,,
,,
,,
,,
,,
,,
,,
,,
,,
,,
,,
,,
,,
,,
,,
,,
,,
,,
,,
,,
,,
,,
,,
,,
,,
,,
,,
,,
,,
,,
,,
,,
,,
,,
,,
,,
,,
,,
,,
,,
,,
,,
,,
,,
,,
,,
,,
,,
,,
,,
,,
,,
,,
,,
,,
,,
,,
,,
,,
,,
,,
,,
,,
,,
,,
,,
,,
,,
,,
,,
,,
,,
,,
,,
,,
,,
,,
,,
,,
,,
,,
,,
,,
,,
,,
,,
,,
,,
,,
,,
,,
,,
,,
,,
,,
,,
,,
,,
,,
,,
,,
,,
,,
,,
,,
,,
,,
,,
,,
,,
,,
,,
,,
,,
,,
,,
,,
,,
,,
,,
,,
,,
,,
,,
,,
,,
,,
,,
,,
,,
,,
,,
,,
,,
,,
,,
,,
,,
,,
,,
,,
,,
,,
,,
,,
,,
,,
,,
,,
,,
,,
,,
,,
,,
,,
,,
,,
,,
,,
,,
,,
,,
,,
,,
,,
,,
,,
,,
,,
,,
,,
,,
,,
,,
,,
,,
,,
,,
,,
,,
,,
,,
,,
,,
,,
,,
,,
,,
,,
,,
,,
,,
,,
,,
,,
,,
,,
,,
,,
,,
,,
,,
,,
,,
,,
,,
,,
,,
,,
,,
,,
,,
,,
,,
,,
,,
,,
,,
,,
,,
,,
,,
,,
,,
,,
,,
,,
,,
,,
,,
,,
,,
,,
,,
,,
,,
,,
,,
,,
,,
,,
,,
,,
,,
,,
,,
,,
,,
,,
,,
,,
,,
,,
,,
,,
,,
,,
,,
,,
,,
,,
,,
,,
,,
,,
,,
,,
,,
,,
,,
,,
,,
,,
,,
,,
,,
,,
,,
,,
,,
,,
,,
,,
,,
,,
,,
,,
,,
,,
,,
,,
,,
,,
,,
,,
,,
,,
,,
,,
,,
,,
,,
,,
,,
,,
,,
,,
,,
,,
,,
,,
,,
,,
,,
,,
,,
,,
,,
,,
,,
,,
,,
,,
,,
,,
,,
,,
,,
,,
,,
,,
,,
,,
,,
,,
,,
,,
,,
,,
,,
,,
,,
,,
,,
,,
,,
,,
,,
,,
,,
,,
,,
,,
,,
,,
,,
,,
,,
,,
,,
,,
,,
,,
,,
,,
,,
,,
,,
,,
,,
,,
,,
,,
,,
,,
,,
,,
,,
,,
,,
,,
,,
,,
,,
,,
,,
,,
,,
,,
,,
,,
,,
,,
,,
,,
,,
,,
,,
,,
,,
,,
,,
,,
,,
,,
,,
,,
,,
,,
,,
,,
,,
,,
,,
,,
,,
,,
,,
,,
,,
,,
,,
,,
,,
,,
,,
,,
,,
,,
,,
,,
,,
,,
,,
,,
,,
,,
,,
,,
,,
,,
,,
,,
,,
,,
,,
,,
,,
,,
,,
,,
,,
,,
,,
,,
,,
,,
,,
,,
,,
,,
,,
,,
,,
,,
,,
,,
,,
,,
,,
,,
,,
,,
,,
,,
,,
,,
,,
,,
,,
,,
,,
,,
,,
,,
,,
,,
,,
,,
,,
,,
,,
,,
,,
,,
,,
,,
,,
,,
,,
,,
,,
,,
,,
,,
,,
,,
,,
,,
,,
,,
,,
,,
,,
,,
,,
,,
,,
,,
,,
,,
,,
,,
,,
,,
,,
,,
,,
,,
,,
,,
,,
,,
,,
,,
,,
,,
,,
,,
,,
,,
,,
,,
,,
,,
,,
,,
,,
,,
,,
,,
,,
,,
,,
,,
,,
,,
,,
,,
,,
,,
,,
,,
,,
,,
,,
,,
,,
,,
,,
,,
,,
,,
,,
,,
,,
,,
,,
,,
,,
,,
,,
,,
,,
,,
,,
,,
,,
,,
,,
,,
,,
,,
,,
,,
,,
,,
,,
,,
,,
,,
,,
,,
,,
,,
,,
,,
,,
,,
,,
,,
,,
,,
,,
,,
,,
,,
,,
,,
,,
,,
,,
,,
,,
,,
,,
,,
,,
,,
,,
,,
,,
,,
,,
,,
,,
,,
,,
,,
,,
,,
,,
,,
,,
,,
,,
,,
,,
,,
,,
,,
,,
,,
,,
,,
,,
,,
,,
,,
,,
,,
,,
,,
,,
,,
,,
,,
,,
,,
,,
,,
,,
,,
,,
,,
,,
,,
,,
,,
,,
,,
,,
,,
,,
,,
,,
,,
,,
,,
,,
,,
,,
,,
,,
,,
,,
,,
,,
,,
,,
,,
,,
,,
,,
,,
,,
,,
,,
,,
,,
,,
,,
,,
,,
,,
,,
,,
,,
,,
,,
,,
,,
,,
,,
,,
,,
,,
,,
,,
,,
,,
,,
,,
,,
,,
,,
,,
,,
,,
,,
,,
,,
,,
,,
,,
,,
,,
,,
,,
,,
,,
,,
,,
,,
,,
,,
,,
,,
,,
,,
,,
,,
,,
,,
,,
,,
,,
,,
,,
,,
,,
,,
,,
,,
,,
,,
,,
,,
,,
,,
,,
,,
,,
,,
,,
,,
,,
,,
,,
,,
,,
,,
,,
,,
,,
,,
,,
,,
,,
,,
,,
,,
,,
,,
,,
,,
,,
,,
,,
,,
,,
,,
,,
,,
,,
,,
,,
,,
,,
,,
,,
,,
,,
,,
,,
,,
,,
,,
,,
,,
,,
,,
,,
,,
,,
,,
,,
,,
,,
,,
,,
,,
,,
,,
,,
,,
,,
,,
,,
,,
,,
,,
,,
,,
,,
,,
,,
,,
,,
,,
,,
,,
,,
,,
,,
,,
,,
,,
,,
,,
,,
,,
,,
,,
,,
,,
,,
,,
,,
,,
,,
,,
,,
,,
,,
,,
,,
,,
,,
,,
,,
,,
,,
,,
,,
,,
,,
,,
,,
,,
,,
,,
,,
,,
,,
,,
,,
,,
,,
,,
,,
,,
,,
,,
,,
,,
,,
,,
,,
,,
,,
,,
,,
,,
,,
,,
,,
,,
,,
,,
,,
,,
,,
,,
,,
,,
,,
,,
,,
,,
,,
,,
,,
,,
,,
,,
,,
,,
,,
,,
,,
,,
,,
,,
,,
,,
,,
,,
,,
,,
,,
,,
,,
,,
,,
,,
,,
,,
,,
,,
,,
,,
,,
,,
,,
,,
,,
,,
,,
,,
,,
,,
,,
,,
,,
,,
,,
,,
,,
,,
,,
,,
,,
,,
,,
,,
,,
,,
,,
,,
,,
,,
,,
,,
,,
,,
,,
,,
,,
,,
,,
,,
,,
,,
,,
,,
,,
,,
,,
,,
,,
,,
,,
,,
,,
,,
,,
,,
,,
,,
,,
,,
,,
,,
,,
,,
,,
,,
,,
,,
,,
,,
,,
,,
,,
,,
,,
,,
,,
,,
,,
,,
,,
,,
,,
,,
,,
,,
,,
,,
,,
,,
,,
,,
,,
,,
,,
,,
,,
,,
,,
,,
,,
,,
,,
,,
,,
,,
,,
,,
,,
,,
,,
,,
,,
,,
,,
,,
,,
,,
,,
,,
,,
,,
,,
,,
,,
,,
,,
,,
,,
,,
,,
,,
,,
,,
,,
,,
,,
,,
,,
,,
,,
,,
,,
,,
,,
,,
,,
,,
,,
,,
,,
,,
,,
,,
,,
,,
,,
,,
,,
,,
,,
,,
,,
,,
,,
,,
,,
,,
,,
,,
,,
,,
,,
,,
,,
,,
,,
,,
,,
,,
,,
,,
,,
,,
,,
,,
,,
,,
,,
,,
,,
,,
,,
,,
,,
,,
,,
,,
,,
,,
,,
,,
,,
,,
,,
,,
,,
,,
,,
,,
,,
,,
,,
,,
,,
,,
,,
,,
,,
,,
,,
,,
,,
,,
,,
,,
,,
,,
,,
,,
,,
,,
,,
,,
,,
,,
,,
,,
,,
,,
,,
,,
,,
,,
,,
,,
,,
,,
,,
,,
,,
,,
,,
,,
,,
,,
,,
,,
,,
,,
,,
,,
,,
,,
,,
,,
,,
,,
,,
,,
,,
,,
,,
,,
,,
,,
,,
,,
,,
,,
,,
,,
,,
,,
,,
,,
,,
,,
,,
,,
,,
,,
,,
,,
,,
,,
,,
,,
,,
,,
,,
,,
,,
,,
,,
,,
,,
,,
,,
,,
,,
,,
,,
,,
,,
,,
,,
,,
,,
,,
,,
,,
,,
,,
,,
,,
,,
,,
,,
,,
,,
,,
,,
,,
,,
,,
,,
,,
,,
,,
,,
,,
,,
,,
,,
,,
,,
,,
,,
,,
,,
,,
,,
,,
,,
,,
,,
,,
,,
,,
,,
,,
,,
,,
,,
,,
,,
,,
,,
,,
,,
,,
,,
,,
,,
,,
,,
,,
,,
,,
,,
,,
,,
,,
,,
,,
,,
,,
,,
,,
,,
,,
,,
,,
,,
,,
,,
,,
,,
,,
,,
,,
,,
,,
,,
,,
,,
,,
,,
,,
,,
,,
,,
,,
,,
,,
,,
,,
,,
,,
,,
,,
,,
,,
,,
,,
,,
,,
,,
,,
,,
,,
,,
,,
,,
,,
,,
,,
,,
,,
,,
,,
,,
,,
,,
,,
,,
,,
,,
,,
,,
,,
,,
,,
,,
,,
,,
,,
,,
,,
,,
,,
,,
,,
,,
,,
,,
,,
,,
,,
,,
,,
,,
,,
,,
,,
,,
,,
,,
,,
,,
,,
,,
,,
,,
,,
,,
,,
,,
,,
,,
,,
,,
,,
,,
,,
,,
,,
,,
,,
,,
,,
,,
,,
,,
,,
,,
,,
,,
,,
,,
,,
,,
,,
,,
,,
,,
,,
,,
,,
,,
,,
,,
,,
,,
,,
,,
,,
,,
,,
,,
,,
,,
,,
,,
,,
,,
,,
,,
,,
,,
,,
,,
,,
,,
,,
,,
,,
,,
,,
,,
,,
,,
,,
,,
,,
,,
,,
,,
,,
,,
,,
,,
,,
,,
,,
,,
,,
,,
,,
,,
,,
,,
,,
,,
,,
,,
,,
,,
,,
,,
,,
,,
,,
,,
,,
,,
,,
,,
,,
,,
,,
,,
,,
,,
,,
,,
,,
,,
,,
,,
,,
,,
,,
,,
,,
,,
,,
,,
,,
,,
,,
,,
,,
,,
,,
,,
,,
,,
,,
,,
,,
,,
,,
,,
,,
,,
,,
,,
,,
,,
,,
,,
,,
,,
,,
,,
,,
,,
,,
,,
,,
,,
,,
,,
,,
,,
,,
,,
,,
,,
,,
,,
,,
,,
,,
,,
,,
,,
,,
,,
,,
,,
,,
,,
,,
,,
,,
,,
,,
,,
,,
,,
,,
,,
,,
,,
,,
,,
,,
,,
,,
,,
,,
,,
,,
,,
,,
,,
,,
,,
,,
,,
,,
,,
,,
,,
,,
,,
,,
,,
,,
,,
,,
,,
,,
,,
,,
,,
,,
,,
,,
,,
,,
,,
,,
,,
,,
,,
,,
,,
,,
,,
,,
,,
,,
,,
,,
,,
,,
,,
,,
,,
,,
,,
,,
,,
,,
,,
,,
,,
,,
,,
,,
,,
,,
,,
,,
,,
,,
,,
,,
,,
,,
,,
,,
,,
,,
,,
,,
,,
,,
,,
,,
,,
,,
,,
,,
,,
,,
,,
,,
,,
,,
,,
,,
,,
,,
,,
,,
,,
,,
,,
,,
,,
,,
,,
,,
,,
,,
,,
,,
,,
,,
,,
,,
,,
,,
,,
,,
,,
,,
,,
,,
,,
,,
,,
,,
,,
,,
,,
,,
,,
,,
,,
,,
,,
,,
,,
,,
,,
,,
,,
,,
,,
,,
,,
,,
,,
,,
,,
,,
,,
,,
,,
,,
,,
,,
,,
,,
,,
,,
,,
,,
,,
,,
,,
,,
,,
,,
,,
,,
,,
,,
,,
,,
,,
,,
,,
,,
,,
,,
,,
,,
,,
,,
,,
,,
,,
,,
,,
,,
,,
,,
,,
,,
,,
,,
,,
,,
,,
,,
,,
,,
,,
,,
,,
,,
,,
,,
,,
,,
,,
,,
,,
,,
,,
,,
,,
,,
,,
,,
,,
,,
,,
,,
,,
,,
,,
,,
,,
,,
,,
,,
,,
,,
,,
,,
,,
,,
,,
,,
,,
,,
,,
,,
,,
,,
,,
,,
,,
,,
,,
,,
,,
,,
,,
,,
,,
,,
,,
,,
,,
,,
,,
,,
,,
,,
,,
,,
,,
,,
,,
,,
,,
,,
,,
,,
,,
,,
,,
,,
,,
,,
,,
,,
,,
,,
,,
,,
,,
,,
,,
,,
,,
,,
,,
,,
,,
,,
,,
,,
,,
,,
,,
,,
,,
,,
,,
,,
,,
,,
,,
,,
,,
,,
,,
,,
,,
,,
,,
,,
,,
,,
,,
,,
,,
,,
,,
,,
,,
,,
,,
,,
,,
,,
,,
,,
,,
,,
,,
,,
,,
,,
,,
,,
,,
,,
,,
,,
,,
,,
,,
,,
,,
,,
,,
,,
,,
,,
,,
,,
,,
,,
,,
,,
,,
,,
,,
,,
,,
,,
,,
,,
,,
,,
,,
,,
,,
,,
,,
,,
,,
,,
,,
,,
,,
,,
,,
,,
,,
,,
,,
,,
,,
,,
,,
,,
,,
,,
,,
,,
,,
,,
,,
,,
,,
,,
,,
,,
,,
,,
,,
,,
,,
,,
,,
,,
,,
,,
,,
,,
,,
,,
,,
,,
,,
,,
,,
,,
,,
,,
,,
,,
,,
,,
,,
,,
,,
,,
,,
,,
,,
,,
,,
,,
,,
,,
,,
,,
,,
,,
,,
,,
,,
,,
,,
,,
,,
,,
,,
,,
,,
,,
,,
,,
,,
,,
,,
,,
,,
,,
,,
,,
,,
,,
,,
,,
,,
,,
,,
,,
,,
,,
,,
,,
,,
,,
,,
,,
,,
,,
,,
,,
,,
,,
,,
,,
,,
,,
,,
,,
,,
,,
,,
,,
,,
,,
,,
,,
,,
,,
,,
,,
,,
,,
,,
,,
,,
,,
,,
,,
,,
,,
,,
,,
,,
,,
,,
,,
,,
,,
,,
,,
,,
,,
,,
,,
,,
,,
,,
,,
,,
,,
,,
,,
,,
,,
,,
,,
,,
,,
,,
,,
,,
,,
,,
,,
,,
,,
,,
,,
,,
,,
,,
,,
,,
,,
,,
,,
,,
,,
,,
,,
,,
,,
,,
,,
,,
,,
,,
,,
,,
,,
,,
,,
,,
,,
,,
,,
,,
,,
,,
,,
,,
,,
,,
,,
,,
,,
,,
,,
,,
,,
,,
,,
,,
,,
,,
,,
,,
,,
,,
,,
,,
,,
,,
,,
,,
,,
,,
,,
,,
,,
,,
,,
,,
,,
,,
,,
,,
,,
,,
,,
,,
,,
,,
,,
,,
,,
,,
,,
,,
,,
,,
,,
,,
,,
,,
,,
,,
,,
,,
,,
,,
,,
,,
,,
,,
,,
,,
,,
,,
,,
,,
,,
,,
,,
,,
,,
,,
,,
,,
,,
,,
,,
,,
,,
,,
,,
,,
,,
,,
,,
,,
,,
,,
,,
,,
,,
,,
,,
,,
,,
,,
,,
,,
,,
,,
,,
,,
,,
,,
,,
,,
,,
,,
,,
,,
,,
,,
,,
,,
,,
,,
,,
,,
,,
,,
,,
,,
,,
,,
,,
,,
,,
,,
,,
,,
,,
,,
,,
,,
,,
,,
,,
,,
,,
,,
,,
,,
,,
,,
,,
,,
,,
,,
,,
,,
,,
,,
,,
,,
,,
,,
,,
,,
,,
,,
,,
,,
,,
,,
,,
,,
,,
,,
,,
,,
,,
,,
,,
,,
,,
,,
,,
,,
,,
,,
,,
,,
,,
,,
,,
,,
,,
,,
,,
,,
,,
,,
,,
,,
,,
,,
,,
,,
,,
,,
,,
,,
,,
,,
,,
,,
,,
,,
,,
,,
,,
,,
,,
,,
,,
,,
,,
,,
,,
,,
,,
,,
,,
,,
,,
,,
,,
,,
,,
,,
,,
,,
,,
,,
,,
,,
,,
,,
,,
,,
,,
,,
,,
,,
,,
,,
,,
,,
,,
,,
,,
,,
,,
,,
,,
,,
,,
,,
,,
,,
,,
,,
,,
,,
,,
,,
,,
,,
,,
,,
,,
,,
,,
,,
,,
,,
,,
,,
,,
,,
,,
,,
,,
,,
,,
,,
,,
,,
,,
,,
,,
,,
,,
,,
,,
,,
,,
,,
,,
,,
,,
,,
,,
,,
,,
,,
,,
,,
,,
,,
,,
,,
,,
,,
,,
,,
,,
,,
,,
,,
,,
,,
,,
,,
,,
,,
,,
,,
,,
,,
,,
,,
,,
,,
,,
,,
,,
,,
,,
,,
,,
,,
,,
,,
,,
,,
,,
,,
,,
,,
,,
,,
,,
,,
,,
,,
,,
,,
,,
,,
,,
,,
,,
,,
,,
,,
,,
,,
,,
,,
,,
,,
,,
,,
,,
,,
,,
,,
,,
,,
,,
,,
,,
,,
,,
,,
,,
,,
,,
,,
,,
,,
,,
,,
,,
,,
,,
,,
,,
,,
,,
,,
,,
,,
,,
,,
,,
,,
,,
,,
,,
,,
,,
,,
,,
,,
,,
,,
,,
,,
,,
,,
,,
,,
,,
,,
,,
,,
,,
,,
,,
,,
,,
,,
,,
,,
,,
,,
,,
,,
,,
,,
,,
,,
,,
,,
,,
,,
,,
,,
,,
,,
,,
,,
,,
,,
,,
,,
,,
,,
,,
,,
,,
,,
,,
,,
,,
,,
,,
,,
,,
,,
,,
,,
,,
,,
,,
,,
,,
,,
,,
,,
,,
,,
,,
,,
,,
,,
,,
,,
,,
,,
,,
,,
,,
,,
,,
,,
,,
,,
,,
,,
,,
,,
,,
,,
,,
,,
,,
,,
,,
,,
,,
,,
,,
,,
,,
,,
,,
,,
,,
,,
,,
,,
,,
,,
,,
,,
,,
,,
,,
,,
,,
,,
,,
,,
,,
,,
,,
,,
,,
,,
,,
,,
,,
,,
,,
,,
,,
,,
,,
,,
,,
,,
,,
,,
,,
,,
,,
,,
,,
,,
,,
,,
,,
,,
,,
,,
,,
,,
,,
,,
,,
,,
,,
,,
,,
,,
,,
,,
,,
,,
,,
,,
,,
,,
,,
,,
,,
,,
,,
,,
,,
,,
,,
,,
,,
,,
,,
,,
,,
,,
,,
,,
,,
,,
,,
,,
,,
,,
,,
,,
,,
,,
,,
,,
,,
,,
,,
,,
,,
,,
,,
,,
,,
,,
,,
,,
,,
,,
,,
,,
,,
,,
,,
,,
,,
,,
,,
,,
,,
,,
,,
,,
,,
,,
,,
,,
,,
,,
,,
,,
,,
,,
,,
,,
,,
,,
,,
,,
,,
,,
,,
,,
,,
,,
,,
,,
,,
,,
,,
,,
,,
,,
,,
,,
,,
,,
,,
,,
,,
,,
,,
,,
,,
,,
,,
,,
,,
,,
,,
,,
,,
,,
,,
,,
,,
,,
,,
,,
,,
,,
,,
,,
,,
,,
,,
,,
,,
,,
,,
,,
,,
,,
,,
,,
,,
,,
,,
,,
,,
,,
,,
,,
,,
,,
,,
,,
,,
,,
,,
,,
,,
,,
,,
,,
,,
,,
,,
,,
,,
,,
,,
,,
,,
,,
,,
,,
,,
,,
,,
,,
,,
,,
,,
,,
,,
,,
,,
,,
,,
,,
,,
,,
,,
,,
,,
,,
,,
,,
,,
,,
,,
,,
,,
,,
,,
,,
,,
,,
,,
,,
,,
,,
,,
,,
,,
,,
,,
,,
,,
,,
,,
,,
,,
,,
,,
,,
,,
,,
,,
,,
,,
,,
,,
,,
,,
,,
,,
,,
,,
,,
,,
,,
,,
,,
,,
,,
,,
,,
,,
,,
,,
,,
,,
,,
,,
,,
,,
,,
,,
,,
,,
,,
,,
,,
,,
,,
,,
,,
,,
,,
,,
,,
,,
,,
,,
,,
,,
,,
,,
,,
,,
,,
,,
,,
,,
,,
,,
,,
,,
,,
,,
,,
,,
,,
,,
,,
,,
,,
,,
,,
,,
,,
,,
,,
,,
,,
,,
,,
,,
,,
,,
,,
,,
,,
,,
,,
,,
,,
,,
,,
,,
,,
,,
,,
,,
,,
,,
,,
,,
,,
,,
,,
,,
,,
,,
,,
,,
,,
,,
,,
,,
,,
,,
,,
,,
,,
,,
,,
,,
,,
,,
,,
,,
,,
,,
,,
,,
,,
,,
,,
,,
,,
,,
,,
,,
,,
,,
,,
,,
,,
,,
,,
,,
,,
,,
,,
,,
,,
,,
,,
,,
,,
,,
,,
,,
,,
,,
,,
,,
,,
,,
,,
,,
,,
,,
,,
,,
,,
,,
,,
,,
,,
,,
,,
,,
,,
,,
,,
,,
,,
,,
,,
,,
,,
,,
,,
,,
,,
,,
,,
,,
,,
,,
,,
,,
,,
,,
,,
,,
,,
,,
,,
,,
,,
,,
,,
,,
,,
,,
,,
,,
,,
,,
,,
,,
,,
,,
,,
,,
,,
,,
,,
,,
,,
,,
,,
,,
,,
,,
,,
,,
,,
,,
,,
,,
,,
,,
,,
,,
,,
,,
,,
,,
,,
,,
,,
,,
,,
,,
,,
,,
,,
,,
,,
,,
,,
,,
,,
,,
,,
,,
,,
,,
,,
,,
,,
,,
,,
,,
,,
,,
,,
,,
,,
,,
,,
,,
,,
,,
,,
,,
,,
,,
,,
,,
,,
,,
,,
,,
,,
,,
,,
,,
,,
,,
,,
,,
,,
,,
,,
,,
,,
,,
,,
,,
,,
,,
,,
,,
,,
,,
,,
,,
,,
,,
,,
,,
,,
,,
,,
,,
,,
,,
,,
,,
,,
,,
,,
,,
,,
,,
,,
,,
,,
,,
,,
,,
,,
,,
,,
,,
,,
,,
,,
,,
,,
,,
,,
,,
,,
,,
,,
,,
,,
,,
,,
,,
,,
,,
,,
,,
,,
,,
,,
,,
,,
,,
,,
,,
,,
,,
,,
,,
,,
,,
,,
,,
,,
,,
,,
,,
,,
,,
,,
,,
,,
,,
,,
,,
,,
,,
,,
,,
,,
,,
,,
,,
,,
,,
,,
,,
,,
,,
,,
,,
,,
,,
,,
,,
,,
,,
,,
,,
,,
,,
,,
,,
,,
,,
,,
,,
,,
,,
,,
,,
,,
,,
,,
,,
,,
,,
,,
,,
,,
,,
,,
,,
,,
,,
,,
,,
,,
,,
,,
,,
,,
,,
,,
,,
,,
,,
,,
,,
,,
,,
,,
,,
,,
,,
,,
,,
,,
,,
,,
,,
,,
,,
,,
,,
,,
,,
,,
,,
,,
,,
,,
,,
,,
,,
,,
,,
,,
,,
,,
,,
,,
,,
,,
,,
,,
,,
,,
,,
,,
,,
,,
,,
,,
,,
,,
,,
,,
,,
,,
,,
,,
,,
,,
,,
,,
,,
,,
,,
,,
,,
,,
,,
,,
,,
,,
,,
,,
,,
,,
,,
,,
,,
,,
,,
,,
,,
,,
,,
,,
,,
,,
,,
,,
,,
,,
,,
,,
,,
,,
,,
,,
,,
,,
,,
,,
,,
,,
,,
,,
,,
,,
,,
,,
,,
,,
,,
,,
,,
,,
,,
,,
,,
,,
,,
,,
,,
,,
,,
,,
,,
,,
,,
,,
,,
,,
,,
,,
,,
,,
,,
,,
,,
,,
,,
,,
,,
,,
,,
,,
,,
,,
,,
,,
,,
,,
,,
,,
,,
,,
,,
,,
,,
,,
,,
,,
,,
,,
,,
,,
,,
,,
,,
,,
,,
,,
,,
,,
,,
,,
,,
,,
,,
,,
,,
,,
,,
,,
,,
,,
,,
,,
,,
,,
,,
,,
,,
,,
,,
,,
,,
,,
,,
,,
,,
,,
,,
,,
,,
,,
,,
,,
,,
,,
,,
,,
,,
,,
,,
,,
,,
,,
,,
,,
,,
,,
,,
,,
,,
,,
,,
,,
,,
,,
,,
,,
,,
,,
,,
,,
,,
,,
,,
,,
,,
,,
,,
,,
,,
,,
,,
,,
,,
,,
,,
,,
,,
,,
,,
,,
,,
,,
,,
,,
,,
,,
,,
,,
,,
,,
,,
,,
,,
,,
,,
,,
,,
,,
,,
,,
,,
,,
,,
,,
,,
,,
,,
,,
,,
,,
,,
,,
,,
,,
,,
,,
,,
,,
,,
,,
,,
,,
,,
,,
,,
,,
,,
,,
,,
,,
,,
,,
,,
,,
,,
,,
,,
,,
,,
,,
,,
,,
,,
,,
,,
,,
,,
,,
,,
,,
,,
,,
,,
,,
,,
,,
,,
,,
,,
,,
,,
,,
,,
,,
,,
,,
,,
,,
,,
,,
,,
,,
,,
,,
,,
,,
,,
,,
,,
,,
,,
,,
,,
,,
,,
,,
,,
,,
,,
,,
,,
,,
,,
,,
,,
,,
,,
,,
,,
,,
,,
,,
,,
,,
,,
,,
,,
,,
,,
,,
,,
,,
,,
,,
,,
,,
,,
,,
,,
,,
,,
,,
,,
,,
,,
,,
,,
,,
,,
,,
,,
,,
,,
,,
,,
,,
,,
,,
,,
,,
,,
,,
,,
,,
,,
,,
,,
,,
,,
,,
,,
,,
,,
,,
,,
,,
,,
,,
,,
,,
,,
,,
,,
,,
,,
,,
,,
,,
,,
,,
,,
,,
,,
,,
,,
,,
,,
,,
,,
,,
,,
,,
,,
,,
,,
,,
,,
,,
,,
,,
,,
,,
,,
,,
,,
,,
,,
,,
,,
,,
,,
,,
,,
,,
,,
,,
,,
,,
,,
,,
,,
,,
,,
,,
,,
,,
,,
,,
,,
,,
,,
,,
,,
,,
,,
,,
,,
,,
,,
,,
,,
,,
,,
,,
,,
,,
,,
,,
,,
,,
,,
,,
,,
,,
,,
,,
,,
,,
,,
,,
,,
,,
,,
,,
,,
,,
,,
,,
,,
,,
,,
,,
,,
,,
,,
,,
,,
,,
,,
,,
,,
,,
,,
,,
,,
,,
,,
,,
,,
,,
,,
,,
,,
,,
,,
,,
,,
,,
,,
,,
,,
,,
,,
,,
,,
,,
,,
,,
,,
,,
,,
,,
,,
,,
,,
,,
,,
,,
,,
,,
,,
,,
,,
,,
,,
,,
,,
,,
,,
,,
,,
,,
,,
,,
,,
,,
,,
,,
,,
,,
,,
,,
,,
,,
,,
,,
,,
,,
,,
,,
,,
,,
,,
,,
,,
,,
,,
,,
,,
,,
,,
,,
,,
,,
,,
,,
,,
,,
,,
,,
,,
,,
,,
,,
,,
,,
,,
,,
,,
,,
,,
,,
,,
,,
,,
,,
,,
,,
,,
,,
,,
,,
,,
,,
,,
,,
,,
,,
,,
,,
,,
,,
,,
,,
,,
,,
,,
,,
,,
,,
,,
,,
,,
,,
,,
,,
,,
,,
,,
,,
,,
,,
,,
,,
,,
,,
,,
,,
,,
,,
,,
,,
,,
,,
,,
,,
,,
,,
,,
,,
,,
,,
,,
,,
,,
,,
,,
,,
,,
,,
,,
,,
,,
,,
,,
,,
,,
,,
,,
,,
,,
,,
,,
,,
,,
,,
,,
,,
,,
,,
,,
,,
,,
,,
,,
,,
,,
,,
,,
,,
,,
,,
,,
,,
,,
,,
,,
,,
,,
,,
,,
,,
,,
,,
,,
,,
,,
,,
,,
,,
,,
,,
,,
,,
,,
,,
,,
,,
,,
,,
,,
,,
,,
,,
,,
,,
,,
,,
,,
,,
,,
,,
,,
,,
,,
,,
,,
,,
,,
,,
,,
,,
,,
,,
,,
,,
,,
,,
,,
,,
,,
,,
,,
,,
,,
,,
,,
,,
,,
,,
,,
,,
,,
,,
,,
,,
,,
,,
,,
,,
,,
,,
,,
,,
,,
,,
,,
,,
,,
,,
,,
,,
,,
,,
,,
,,
,,
,,
,,
,,
,,
,,
,,
,,
,,
,,
,,
,,
,,
,,
,,
,,
,,
,,
,,
,,
,,
,,
,,
,,
,,
,,
,,
,,
,,
,,
,,
,,
,,
,,
,,
,,
,,
,,
,,
,,
,,
,,
,,
,,
,,
,,
,,
,,
,,
,,
,,
,,
,,
,,
,,
,,
,,
,,
,,
,,
,,
,,
,,
,,
,,
,,
,,
,,
,,
,,
,,
,,
,,
,,
,,
,,
,,
,,
,,
,,
,,
,,
,,
,,
,,
,,
,,
,,
,,
,,
,,
,,
,,
,,
,,
,,
,,
,,
,,
,,
,,
,,
,,
,,
,,
,,
,,
,,
,,
,,
,,
,,
,,
,,
,,
,,
,,
,,
,,
,,
,,
,,
,,
,,
,,
,,
,,
,,
,,
,,
,,
,,
,,
,,
,,
,,
,,
,,
,,
,,
,,
,,
,,
,,
,,
,,
,,
,,
,,
,,
,,
,,
,,
,,
,,
,,
,,
,,
,,
,,
,,
,,
,,
,,
,,
,,
,,
,,
,,
,,
,,
,,
,,
,,
,,
,,
,,
,,
,,
,,
,,
,,
,,
,,
,,
,,
,,
,,
,,
,,
,,
,,
,,
,,
,,
,,
,,
,,
,,
,,
,,
,,
,,
,,
,,
,,
,,
,,
,,
,,
,,
,,
,,
,,
,,
,,
,,
,,
,,
,,
,,
,,
,,
,,
,,
,,
,,
,,
,,
,,
,,
,,
,,
,,
,,
,,
,,
,,
,,
,,
,,
,,
,,
,,
,,
,,
,,
,,
,,
,,
,,
,,
,,
,,
,,
,,
,,
,,
,,
,,
,,
,,
,,
,,
,,
,,
,,
,,
,,
,,
,,
,,
,,
,,
,,
,,
,,
,,
,,
,,
,,
,,
,,
,,
,,
,,
,,
,,
,,
,,
,,
,,
,,
,,
,,
,,
,,
,,
,,
,,
,,
,,
,,
,,
,,
,,
,,
,,
,,
,,
,,
,,
,,
,,
,,
,,
,,
,,
,,
,,
,,
,,
,,
,,
,,
,,
,,
,,
,,
,,
,,
,,
,,
,,
,,
,,
,,
,,
,,
,,
,,
,,
,,
,,
,,
,,
,,
,,
,,
,,
,,
,,
,,
,,
,,
,,
,,
,,
,,
,,
,,
,,
,,
,,
,,
,,
,,
,,
,,
,,
,,
,,
,,
,,
,,
,,
,,
,,
,,
,,
,,
,,
,,
,,
,,
,,
,,
,,
,,
,,
,,
,,
,,
,,
,,
,,
,,
,,
,,
,,
,,
,,
,,
,,
,,
,,
,,
,,
,,
,,
,,
,,
,,
,,
,,
,,
,,
,,
,,
,,
,,
,,
,,
,,
,,
,,
,,
,,
,,
,,
,,
,,
,,
,,
,,
,,
,,
,,
,,
,,
,,
,,
,,
,,
,,
,,
,,
,,
,,
,,
,,
,,
,,
,,
,,
,,
,,
,,
,,
,,
,,
,,
,,
,,
,,
,,
,,
,,
,,
,,
,,
,,
,,
,,
,,
,,
,,
,,
,,
,,
,,
,,
,,
,,
,,
,,
,,
,,
,,
,,
,,
,,
,,
,,
,,
,,
,,
,,
,,
,,
,,
,,
,,
,,
,,
,,
,,
,,
,,
,,
,,
,,
,,
,,
,,
,,
,,
,,
,,
,,
,,
,,
,,
,,
,,
,,
,,
,,
,,
,,
,,
,,
,,
,,
,,
,,
,,
,,
,,
,,
,,
,,
,,
,,
,,
,,
,,
,,
,,
,,
,,
,,
,,
,,
,,
,,
,,
,,
,,
,,
,,
,,
,,
,,
,,
,,
,,
,,
,,
,,
,,
,,
,,
,,
,,
,,
,,
,,
,,
,,
,,
,,
,,
,,
,,
,,
,,
,,
,,
,,
,,
,,
,,
,,
,,
,,
,,
,,
,,
,,
,,
,,
,,
,,
,,
,,
,,
,,
,,
,,
,,
,,
,,
,,
,,
,,
,,
,,
,,
,,
,,
,,
,,
,,
,,
,,
,,
,,
,,
,,
,,
,,
,,
,,
,,
,,
,,
,,
,,
,,
,,
,,
,,
,,
,,
,,
,,
,,
,,
,,
,,
,,
,,
,,
,,
,,
,,
,,
,,
,,
,,
,,
,,
,,
,,
,,
,,
,,
,,
,,
,,
,,
,,
,,
,,
,,
,,
,,
,,
,,
,,
,,
,,
,,
,,
,,
,,
,,
,,
,,
,,
,,
,,
,,
,,
,,
,,
,,
,,
,,
,,
,,
,,
,,
,,
,,
,,
,,
,,
,,
,,
,,
,,
,,
,,
,,
,,
,,
,,
,,
,,
,,
,,
,,
,,
,,
,,
,,
,,
,,
,,
,,
,,
,,
,,
,,
,,
,,
,,
,,
,,
,,
,,
,,
,,
,,
,,
,,
,,
,,
,,
,,
,,
,,
,,
,,
,,
,,
,,
,,
,,
,,
,,
,,
,,
,,
,,
,,
,,
,,
,,
,,
,,
,,
,,
,,
,,
,,
,,
,,
,,
,,
,,
,,
,,
,,
,,
,,
,,
,,
,,
,,
,,
,,
,,
,,
,,
,,
,,
,,
,,
,,
,,
,,
,,
,,
,,
,,
,,
,,
,,
,,
,,
,,
,,
,,
,,
,,
,,
,,
,,
,,
,,
,,
,,
,,
,,
,,
,,
,,
,,
,,
,,
,,
,,
,,
,,
,,
,,
,,
,,
,,
,,
,,
,,
,,
,,
,,
,,
,,
,,
,,
,,
,,
,,
,,
,,
,,
,,
,,
,,
,,
,,
,,
,,
,,
,,
,,
,,
,,
,,
,,
,,
,,
,,
,,
,,
,,
,,
,,
,,
,,
,,
,,
,,
,,
,,
,,
,,
,,
,,
,,
,,
,,
,,
,,
,,
,,
,,
,,
,,
,,
,,
,,
,,
,,
,,
,,
,,
,,
,,
,,
,,
,,
,,
,,
,,
,,
,,
,,
,,
,,
,,
,,
,,
,,
,,
,,
,,
,,
,,
,,
,,
,,
,,
,,
,,
,,
,,
,,
,,
,,
,,
,,
,,
,,
,,
,,
,,
,,
,,
,,
,,
,,
,,
,,
,,
,,
,,
,,
,,
,,
,,
,,
,,
,,
,,
,,
,,
,,
,,
,,
,,
,,
,,
,,
,,
,,
,,
,,
,,
,,
,,
,,
,,
,,
,,
,,
,,
,,
,,
,,
,,
,,
,,
,,
,,
,,
,,
,,
,,
,,
,,
,,
,,
,,
,,
,,
,,
,,
,,
,,
,,
,,
,,
,,
,,
,,
,,
,,
,,
,,
,,
,,
,,
,,
,,
,,
,,
,,
,,
,,
,,
,,
,,
,,
,,
,,
,,
,,
,,
,,
,,
,,
,,
,,
,,
,,
,,
,,
,,
,,
,,
,,
,,
,,
,,
,,
,,
,,
,,
,,
,,
,,
,,
,,
,,
,,
,,
,,
,,
,,
,,
,,
,,
,,
,,
,,
,,
,,
,,
,,
,,
,,
,,
,,
,,
,,
,,
,,
,,
,,
,,
,,
,,
,,
,,
,,
,,
,,
,,
,,
,,
,,
,,
,,
,,
,,
,,
,,
,,
,,
,,
,,
,,
,,
,,
,,
,,
,,
,,
,,
,,
,,
,,
,,
,,
,,
,,
,,
,,
,,
,,
,,
,,
,,
,,
,,
,,
,,
,,
,,
,,
,,
,,
,,
,,
,,
,,
,,
,,
,,
,,
,,
,,
,,
,,
,,
,,
,,
,,
,,
,,
,,
,,
,,
,,
,,
,,
,,
,,
,,
,,
,,
,,
,,
,,
,,
,,
,,
,,
,,
,,
,,
,,
,,
,,
,,
,,
,,
,,
,,
,,
,,
,,
,,
,,
,,
,,
,,
,,
,,
,,
,,
,,
,,
,,
,,
,,
,,
,,
,,
,,
,,
,,
,,
,,
,,
,,
,,
,,
,,
,,
,,
,,
,,
,,
,,
,,
,,
,,
,,
,,
,,
,,
,,
,,
,,
,,
,,
,,
,,
,,
,,
,,
,,
,,
,,
,,
,,
,,
,,
,,
,,
,,
,,
,,
,,
,,
,,
,,
,,
,,
,,
,,
,,
,,
,,
,,
,,
,,
,,
,,
,,
,,
,,
,,
,,
,,
,,
,,
,,
,,
,,
,,
,,
,,
,,
,,
,,
,,
,,
,,
,,
,,
,,
,,
,,
,,
,,
,,
,,
,,
,,
,,
,,
,,
,,
,,
,,
,,
,,
,,
,,
,,
,,
,,
,,
,,
,,
,,
,,
,,
,,
,,
,,
,,
,,
,,
,,
,,
,,
,,
,,
,,
,,
,,
,,
,,
,,
,,
,,
,,
,,
,,
,,
,,
,,
,,
,,
,,
,,
,,
,,
,,
,,
,,
,,
,,
,,
,,
,,
,,
,,
,,
,,
,,
,,
,,
,,
,,
,,
,,
,,
,,
,,
,,
,,
,,
,,
,,
,,
,,
,,
,,
,,
,,
,,
,,
,,
,,
,,
,,
,,
,,
,,
,,
,,
,,
,,
,,
,,
,,
,,
,,
,,
,,
,,
,,
,,
,,
,,
,,
,,
,,
,,
,,
,,
,,
,,
,,
,,
,,
,,
,,
,,
,,
,,
,,
,,
,,
,,
,,
,,
,,
,,
,,
,,
,,
,,
,,
,,
,,
,,
,,
,,
,,
,,
,,
,,
,,
,,
,,
,,
,,
,,
,,
,,
,,
,,
,,
,,
,,
,,
,,
,,
,,
,,
,,
,,
,,
,,
,,
,,
,,
,,
,,
,,
,,
,,
,,
,,
,,
,,
,,
,,
,,
,,
,,
,,
,,
,,
,,
,,
,,
,,
,,
,,
,,
,,
,,
,,
,,
,,
,,
,,
,,
,,
,,
,,
,,
,,
,,
,,
,,
,,
,,
,,
,,
,,
,,
,,
,,
,,
,,
,,
,,
,,
,,
,,
,,
,,
,,
,,
,,
,,
,,
,,
,,
,,
,,
,,
,,
,,
,,
,,
,,
,,
,,
,,
,,
,,
,,
,,
,,
,,
,,
,,
,,
,,
,,
,,
,,
,,
,,
,,
,,
,,
,,
,,
,,
,,
,,
,,
,,
,,
,,
,,
,,
,,
,,
,,
,,
,,
,,
,,
,,
,,
,,
,,
,,
,,
,,
,,
,,
,,
,,
,,
,,
,,
,,
,,
,,
,,
,,
,,
,,
,,
,,
,,
,,
,,
,,
,,
,,
,,
,,
,,
,,
,,
,,
,,
,,
,,
,,
,,
,,
,,
,,
,,
,,
,,
,,
,,
,,
,,
,,
,,
,,
,,
,,
,,
,,
,,
,,
,,
,,
,,
,,
,,
,,
,,
,,
,,
,,
,,
,,
,,
,,
,,
,,
,,
,,
,,
,,
,,
,,
,,
,,
,,
,,
,,
,,
,,
,,
,,
,,
,,
,,
,,
,,
,,
,,
,,
,,
,,
,,
,,
,,
,,
,,
,,
,,
,,
,,
,,
,,
,,
,,
,,
,,
,,
,,
,,
,,
,,
,,
,,
,,
,,
,,
,,
,,
,,
,,
,,
,,
,,
,,
,,
,,
,,
,,
,,
,,
,,
,,
,,
,,
,,
,,
,,
,,
,,
,,
,,
,,
,,
,,
,,
,,
,,
,,
,,
,,
,,
,,
,,
,,
,,
,,
,,
,,
,,
,,
,,
,,
,,
,,
,,
,,
,,
,,
,,
,,
,,
,,
,,
,,
,,
,,
,,
,,
,,
,,
,,
,,
,,
,,
,,
,,
,,
,,
,,
,,
,,
,,
,,
,,
,,
,,
,,
,,
,,
,,
,,
,,
,,
,,
,,
,,
,,
,,
,,
,,
,,
,,
,,
,,
,,
,,
,,
,,
,,
,,
,,
,,
,,
,,
,,
,,
,,
,,
,,
,,
,,
,,
,,
,,
,,
,,
,,
,,
,,
,,
,,
,,
,,
,,
,,
,,
,,
,,
,,
,,
,,
,,
,,
,,
,,
,,
,,
,,
,,
,,
,,
,,
,,
,,
,,
,,
,,
,,
,,
,,
,,
,,
,,
,,
,,
,,
,,
,,
,,
,,
,,
,,
,,
,,
,,
,,
,,
,,
,,
,,
,,
,,
,,
,,
,,
,,
,,
,,
,,
,,
,,
,,
,,
,,
,,
,,
,,
,,
,,
,,
,,
,,
,,
,,
,,
,,
,,
,,
,,
,,
,,
,,
,,
,,
,,
,,
,,
,,
,,
,,
,,
,,
,,
,,
,,
,,
,,
,,
,,
,,
,,
,,
,,
,,
,,
,,
,,
,,
,,
,,
,,
,,
,,
,,
,,
,,
,,
,,
,,
,,
,,
,,
,,
,,
,,
,,
,,
,,
,,
,,
,,
,,
,,
,,
,,
,,
,,
,,
,,
,,
,,
,,
,,
,,
,,
,,
,,
,,
,,
,,
,,
,,
,,
,,
,,
,,
,,
,,
,,
,,
,,
,,
,,
,,
,,
,,
,,
,,
,,
,,
,,
,,
,,
,,
,,
,,
,,
,,
,,
,,
,,
,,
,,
,,
,,
,,
,,
,,
,,
,,
,,
,,
,,
,,
,,
,,
,,
,,
,,
,,
,,
,,
,,
,,
,,
,,
,,
,,
,,
,,
,,
,,
,,
,,
,,
,,
,,
,,
,,
,,
,,
,,
,,
,,
,,
,,
,,
,,
,,
,,
,,
,,
,,
,,
,,
,,
,,
,,
,,
,,
,,
,,
,,
,,
,,
,,
,,
,,
,,
,,
,,
,,
,,
,,
,,
,,
,,
,,
,,
,,
,,
,,
,,
,,
,,
,,
,,
,,
,,
,,
,,
,,
,,
,,
,,
,,
,,
,,
,,
,,
,,
,,
,,
,,
,,
,,
,,
,,
,,
,,
,,
,,
,,
,,
,,
,,
,,
,,
,,
,,
,,
,,
,,
,,
,,
,,
,,
,,
,,
,,
,,
,,
,,
,,
,,
,,
,,
,,
,,
,,
,,
,,
,,
,,
,,
,,
,,
,,
,,
,,
,,
,,
,,
,,
,,
,,
,,
,,
,,
,,
,,
,,
,,
,,
,,
,,
,,
,,
,,
,,
,,
,,
,,
,,
,,
,,
,,
,,
,,
,,
,,
,,
,,
,,
,,
,,
,,
,,
,,
,,
,,
,,
,,
,,
,,
,,
,,
,,
,,
,,
,,
,,
,,
,,
,,
,,
,,
,,
,,
,,
,,
,,
,,
,,
,,
,,
,,
,,
,,
,,
,,
,,
,,
,,
,,
,,
,,
,,
,,
,,
,,
,,
,,
,,
,,
,,
,,
,,
,,
,,
,,
,,
,,
,,
,,
,,
,,
,,
,,
,,
,,
,,
,,
,,
,,
,,
,,
,,
,,
,,
,,
,,
,,
,,
,,
,,
,,
,,
,,
,,
,,
,,
,,
,,
,,
,,
,,
,,
,,
,,
,,
,,
,,
,,
,,
,,
,,
,,
,,
,,
,,
,,
,,
,,
,,
,,
,,
,,
,,
,,
,,
,,
,,
,,
,,
,,
,,
,,
,,
,,
,,
,,
,,
,,
,,
,,
,,
,,
,,
,,
,,
,,
,,
,,
,,
,,
,,
,,
,,
,,
,,
,,
,,
,,
,,
,,
,,
,,
,,
,,
,,
,,
,,
,,
,,
,,
,,
,,
,,
,,
,,
,,
,,
,,
,,
,,
,,
,,
,,
,,
,,
,,
,,
,,
,,
,,
,,
,,
,,
,,
,,
,,
,,
,,
,,
,,
,,
,,
,,
,,
,,
,,
,,
,,
,,
,,
,,
,,
,,
,,
,,
,,
,,
,,
,,
,,
,,
,,
,,
,,
,,
,,
,,
,,
,,
,,
,,
,,
,,
,,
,,
,,
,,
,,
,,
,,
,,
,,
,,
,,
,,
,,
,,
,,
,,
,,
,,
,,
,,
,,
,,
,,
,,
,,
,,
,,
,,
,,
,,
,,
,,
,,
,,
,,
,,
,,
,,
,,
,,
,,
,,
,,
,,
,,
,,
,,
,,
,,
,,
,,
,,
,,
,,
,,
,,
,,
,,
,,
,,
,,
,,
,,
,,
,,
,,
,,
,,
,,
,,
,,
,,
,,
,,
,,
,,
,,
,,
,,
,,
,,
,,
,,
,,
,,
,,
,,
,,
,,
,,
,,
,,
,,
,,
,,
,,
,,
,,
,,
,,
,,
,,
,,
,,
,,
,,
,,
,,
,,
,,
,,
,,
,,
,,
,,
,,
,,
,,
,,
,,
,,
,,
,,
,,
,,
,,
,,
,,
,,
,,
,,
,,
,,
,,
,,
,,
,,
,,
,,
,,
,,
,,
,,
,,
,,
,,
,,
,,
,,
,,
,,
,,
,,
,,
,,
,,
,,
,,
,,
,,
,,
,,
,,
,,
,,
,,
,,
,,
,,
,,
,,
,,
,,
,,
,,
,,
,,
,,
,,
,,
,,
,,
,,
,,
,,
,,
,,
,,
,,
,,
,,
,,
,,
,,
,,
,,
,,
,,
,,
,,
,,
,,
,,
,,
,,
,,
,,
,,
,,
,,
,,
,,
,,
,,
,,
,,
,,
,,
,,
,,
,,
,,
,,
,,
,,
,,
,,
,,
,,
,,
,,
,,
,,
,,
,,
,,
,,
,,
,,
,,
,,
,,
,,
,,
,,
,,
,,
,,
,,
,,
,,
,,
,,
,,
,,
,,
,,
,,
,,
,,
,,
,,
,,
,,
,,
,,
,,
,,
,,
,,
,,
,,
,,
,,
,,
,,
,,
,,
,,
,,
,,
,,
,,
,,
,,
,,
,,
,,
,,
,,
,,
,,
,,
,,
,,
,,
,,
,,
,,
,,
,,
,,
,,
,,
,,
,,
,,
,,
,,
,,
,,
,,
,,
,,
,,
,,
,,
,,
,,
,,
,,
,,
,,
,,
,,
,,
,,
,,
,,
,,
,,
,,
,,
,,
,,
,,
,,
,,
,,
,,
,,
,,
,,
,,
,,
,,
,,
,,
,,
,,
,,
,,
,,
,,
,,
,,
,,
,,
,,
,,
,,
,,
,,
,,
,,
,,
,,
,,
,,
,,
,,
,,
,,
,,
,,
,,
,,
,,
,,
,,
,,
,,
,,
,,
,,
,,
,,
,,
,,
,,
,,
,,
,,
,,
,,
,,
,,
,,
,,
,,
,,
,,
,,
,,
,,
,,
,,
,,
,,
,,
,,
,,
,,
,,
,,
,,
,,
,,
,,
,,
,,
,,
,,
,,
,,
,,
,,
,,
,,
,,
,,
,,
,,
,,
,,
,,
,,
,,
,,
,,
,,
,,
,,
,,
,,
,,
,,
,,
,,
,,
,,
,,
,,
,,
,,
,,
,,
,,
,,
,,
,,
,,
,,
,,
,,
,,
,,
,,
,,
,,
,,
,,
,,
,,
,,
,,
,,
,,
,,
,,
,,
,,
,,
,,
,,
,,
,,
,,
,,
,,
,,
,,
,,
,,
,,
,,
,,
,,
,,
,,
,,
,,
,,
,,
,,
,,
,,
,,
,,
,,
,,
,,
,,
,,
,,
,,
,,
,,
,,
,,
,,
,,
,,
,,
,,
,,
,,
,,
,,
,,
,,
,,
,,
,,
,,
,,
,,
,,
,,
,,
,,
,,
,,
,,
,,
,,
,,
,,
,,
,,
,,
,,
,,
,,
,,
,,
,,
,,
,,
,,
,,
,,
,,
,,
,,
,,
,,
,,
,,
,,
,,
,,
,,
,,
,,
,,
,,
,,
,,
,,
,,
,,
,,
,,
,,
,,
,,
,,
,,
,,
,,
,,
,,
,,
,,
,,
,,
,,
,,
,,
,,
,,
,,
,,
,,
,,
,,
,,
,,
,,
,,
,,
,,
,,
,,
,,
,,
,,
,,
,,
,,
,,
,,
,,
,,
,,
,,
,,
,,
,,
,,
,,
,,
,,
,,
,,
,,
,,
,,
,,
,,
,,
,,
,,
,,
,,
,,
,,
,,
,,
,,
,,
,,
,,
,,
,,
,,
,,
,,
,,
,,
,,
,,
,,
,,
,,
,,
,,
,,
,,
,,
,,
,,
,,
,,
,,
,,
,,
,,
,,
,,
,,
,,
,,
,,
,,
,,
,,
,,
,,
,,
,,
,,
,,
,,
,,
,,
,,
,,
,,
,,
,,
,,
,,
,,
,,
,,
,,
,,
,,
,,
,,
,,
,,
,,
,,
,,
,,
,,
,,
,,
,,
,,
,,
,,
,,
,,
,,
,,
,,
,,
,,
,,
,,
,,
,,
,,
,,
,,
,,
,,
,,
,,
,,
,,
,,
,,
,,
,,
,,
,,
,,
,,
,,
,,
,,
,,
,,
,,
,,
,,
,,
,,
,,
,,
,,
,,
,,
,,
,,
,,
,,
,,
,,
,,
,,
,,
,,
,,
,,
,,
,,
,,
,,
,,
,,
,,
,,
,,
,,
,,
,,
,,
,,
,,
,,
,,
,,
,,
,,
,,
,,
,,
,,
,,
,,
,,
,,
,,
,,
,,
,,
,,
,,
,,
,,
,,
,,
,,
,,
,,
,,
,,
,,
,,
,,
,,
,,
,,
,,
,,
,,
,,
,,
,,
,,
,,
,,
,,
,,
,,
,,
,,
,,
,,
,,
,,
,,
,,
,,
,,
,,
,,
,,
,,
,,
,,
,,
,,
,,
,,
,,
,,
,,
,,
,,
,,
,,
,,
,,
,,
,,
,,
,,
,,
,,
,,
,,
,,
,,
,,
,,
,,
,,
,,
,,
,,
,,
,,
,,
,,
,,
,,
,,
,,
,,
,,
,,
,,
,,
,,
,,
,,
,,
,,
,,
,,
,,
,,
,,
,,
,,
,,
,,
,,
,,
,,
,,
,,
,,
,,
,,
,,
,,
,,
,,
,,
,,
,,
,,
,,
,,
,,
,,
,,
,,
,,
,,
,,
,,
,,
,,
,,
,,
,,
,,
,,
,,
,,
,,
,,
,,
,,
,,
,,
,,
,,
,,
,,
,,
,,
,,
,,
,,
,,
,,
,,
,,
,,
,,
,,
,,
,,
,,
,,
,,
,,
,,
,,
,,
,,
,,
,,
,,
,,
,,
,,
,,
,,
,,
,,
,,
,,
,,
,,
,,
,,
,,
,,
,,
,,
,,
,,
,,
,,
,,
,,
,,
,,
,,
,,
,,
,,
,,
,,
,,
,,
,,
,,
,,
,,
,,
,,
,,
,,
,,
,,
,,
,,
,,
,,
,,
,,
,,
,,
,,
,,
,,
,,
,,
,,
,,
,,
,,
,,
,,
,,
,,
,,
,,
,,
,,
,,
,,
,,
,,
,,
,,
,,
,,
,,
,,
,,
,,
,,
,,
,,
,,
,,
,,
,,
,,
,,
,,
,,
,,
,,
,,
,,
,,
,,
,,
,,
,,
,,
,,
,,
,,
,,
,,
,,
,,
,,
,,
,,
,,
,,
,,
,,
,,
,,
,,
,,
,,
,,
,,
,,
,,
,,
,,
,,
,,
,,
,,
,,
,,
,,
,,
,,
,,
,,
,,
,,
,,
,,
,,
,,
,,
,,
,,
,,
,,
,,
,,
,,
,,
,,
,,
,,
,,
,,
,,
,,
,,
,,
,,
,,
,,
,,
,,
,,
,,
,,
,,
,,
,,
,,
,,
,,
,,
,,
,,
,,
,,
,,
,,
,,
,,
,,
,,
,,
