Variant SKU,Inventory quantity
NTS1-GAB-85,0
NTS1-SH21903,0
NTS1-6033A-BE,0
NTS1-NP70,0
NTS1-X04013,0
NTS1-FG1088D,0
NTS1-99.9814DA,0
NTS1-C-7,0
NTS1-MH001,0
NTS1-GPX-207A,0
NTS1-JT15,0
NTS1-99.9803,0
NTS1-GPX-45F(031),0
NTS1-X23677,0
NTS1-94.9480Y,0
NTS1-LC-15,0
NTS1-FG1066A,0
NTS1-KT-1055,0
NTS1-MH002,0
NTS1-MS-BEDSTEAD,0
NTS1-99.2400,0
NTS1-YMJ100,0
NTS1-SZ034-21751,0
NTS1-JT200,0
NTS1-99.6000,0
NTS1-CTA29,0
NTS1-FS1,0
NTS1-FS1(GY),0
NTS1-HH2010C-DW,0
NTS1-HH2010I-DW,0
NTS1-T2.010MP,0
NTS1-T2.002MP,0
NTS1-92.N200DJ,0
NTS1-FG1088A-21991,0
NTS1-T7.010MP,0
NTS1-T7.211MP,0
NTS1-MATIRX-07,0
NTS1-99.3212C,0
NTS1-FG1055W-22049,0
NTS1-DO15W-B,0
NTS1-SP0035,0
NTS1-86521,0
NTS1-86321,0
NTS1-RK0018,0
NTS1-SH221-1,0
NTS1-ANTA164,0
NTS1-T006BJ,0
NTS1-IH2500E-A-WM,0
NTS1-DB30,0
NTS1-NW016-22144,0
NTS1-NW017-22160,0
NTS1-NW018-22168,0
NTS1-NW019-22172,0
NTS1-11000014,0
NTS1-11000022,0
NTS1-11000015,0
NTS1-GPX-45C(03),0
NTS1-982.2021S,0
NTS1-DO10W,0
NTS1-I PATTERN C,0
NTS1-MATIRX-103DP,0
NTS1-L5.OF007ST-A,0
NTS1-MATIRX-103BP,0
NTS1-MATIRX-103D,0
NTS1-MATIRX-104B,0
NTS1-KN8008-K,0
NTS1-KN8008-Y,0
NTS1-95.3359,0
NTS1-21000133,0
NTS1-HH2010A-DW,0
NTS1-HH2010M-DW,0
NTS1-HH2010Q-DW,0
NTS1-HH2010X-DW,0
NTS1-HH2010Z-DW,0
NTS1-MZD-CT-BS0001,0
NTS1-MZD-CT-DC0001,0
NTS1-MZD-TC-DU0001,0
NTS1-MZD-TC-MP0001,0
NTS1-MZD-CT-PI0001,0
NTS1-MZD-CT-PC0001,0
NTS1-MZD-PO-DP0001,0
NTS1-MZD-PO-BR0001,0
NTS1-MZD-CT-BS0002,0
NTS1-MZD-CT-DC0002,0
NTS1-MZD-TC-DU0002,0
NTS1-MZD-TC-MP0002,0
NTS1-MZD-TC-PI0002,0
NTS1-MZD-CT-PC0002,0
NTS1-99.0210DAJ,0
NTS1-99.9221S-P,0
NTS1-GPX-45N(031),0
NTS1-GPX-107A,0
NTS1-95.1051,0
NTS1-96.9430Y,0
NTS1-96.9420YC,0
NTS1-96.9410FC,0
NTS1-96.9430RC,0
NTS1-96.9430SD,0
NTS1-99.2028DJ,0
NTS1-99.0928DJ,0
NTS1-99.0210DSDJ,0
NTS1-99.9221DJ,0
NTS1-99.N200DJ,0
NTS1-YT113,0
NTS1-TC156,0
NTS1-TC178,0
NTS1-TC159,0
NTS1-HX020,0
NTS1-HX003,0
NTS1-HX021,0
NTS1-HX011,0
NTS1-HX024,0
NTS1-HX015,0
NTS1-HX010,0
NTS1-HX008,0
NTS1-HX012,0
NTS1-HX006,0
NTS1-TC177,0
NTS1-TC123,0
NTS1-HX032,0
NTS1-HX033,0
NTS1-HX034,0
NTS1-HX036,0
NTS1-TC205,0
NTS1-I PATTERN B,0
NTS1-AUSTRIAN PATTERN C,0
NTS1-I PATTERN D,0
NTS1-I PATTERN E,0
NTS1-AUSTRIAN PATTERN E,0
NTS1-HX023,0
NTS1-HX029,0
NTS1-HX031,0
NTS1-HX030,0
NTS1-95.1069,0
NTS1-KT-20,0
NTS1-92.1096,0
NTS1-PTM-3238B,0
NTS1-C88691,0
NTS1-SA1030,0
NTS1-SA1071,0
NTS1-96.1618FF,0
NTS1-96.1416B,0
NTS1-BB-007,0
NTS1-KNB5028,0
NTS1-KNB5034,0
NTS1-KNB5035,0
NTS1-99.0210DSAJ,0
NTS1-99.1210DSF,0
NTS1-KT-0210,0
NTS1-99.9221SC-P,0
NTS1-99.0210DSB,0
NTS1-99.0210DSBC,0
NTS1-99.1928AJ,0
NTS1-99.0928RC,0
NTS1-10702,0
NTS1-10701,0
NTS1-99.0210DHF,0
NTS1-99.1210DB,0
NTS1-99.1210DFFC,0
NTS1-L5.PC220BK,0
NTS1-KNB5039A,0
NTS1-KNB5039B,0
NTS1-KNB5039C,0
NTS1-KNB5038A,0
NTS1-KNB5038B,0
NTS1-KNB5038C,0
NTS1-KNB5040A,0
NTS1-KNB5040B,0
NTS1-KNB5011-1,0
NTS1-KNB5030,0
NTS1-L5.PC185QM,0
NTS1-L5.HT054QM,0
NTS1-L5.HT052QM,0
NTS1-NW003,0
NTS1-NW004,0
NTS1-NW010,0
NTS1-CI001,0
NTS1-CI002,0
NTS1-CI003,0
NTS1-CI004,0
NTS1-CI005,0
NTS1-CI006,0
NTS1-CI007,0
NTS1-CI056,0
NTS1-KN8001-Y3,0
NTS1-KN8002-K2,0
NTS1-KN8002-K3,0
NTS1-KN8002-Y3,0
NTS1-KN8003-K1,0
NTS1-KN8003-K2,0
NTS1-KN8003-K3,0
NTS1-NW011,0
NTS1-TZ003,0
NTS1-SH6009-18932,0
NTS1-SH6009-18933,0
NTS1-SH6009-18931,0
NTS1-SA332,0
NTS1-SZ035,0
NTS1-TZ024,0
NTS1-SZ036-21753,0
NTS1-NW007,0
NTS1-L5.OF007ST-B,0
NTS1-L5.OF008ST,0
NTS1-L5.OF028ST,0
NTS1-94.1200ST,0
NTS1-11000038,0
NTS1-11000039,0
NTS1-11000042,0
NTS1-11000043,0
NTS1-11000044,0
NTS1-11000045,0
NTS1-11000046,0
NTS1-11000047,0
NTS1-11000048,0
NTS1-11000051,0
NTS1-KN8003-Y1,0
NTS1-KN8003-Y2,0
NTS1-KN8003-Y3,0
NTS1-YMJ017,0
NTS1-BR-0924-1100001(L),0
NTS1-BR-0918-1100305(M),0
NTS1-KN8010-Y3,0
NTS1-99.3350,0
NTS1-95.3350AJ,0
NTS1-NW020,0
NTS1-NW006,0
NTS1-SZ036-21754,0
NTS1-A001SW,0
NTS1-A001W,0
NTS1-B407W,0
NTS1-DO17W,0
NTS1-DO28W,0
NTS1-VCL-1,0
NTS1-T7.003MP,0
NTS1-1101902(L),0
NTS1-BR-0918-1100305(M)01,0
NTS1-BR-0916-1100101(M)02,0
NTS1-BR-0914-1100001(M)01,0
NTS1-1104301(M)-01,0
NTS1-C042626,0
NTS1-C03018,0
NTS1-C03019,0
NTS1-MGB06,0
NTS1-MEB02,0
NTS1-MEB10,0
NTS1-MEB16,0
NTS1-CTA 125R,0
NTS1-CTA 125Y,0
NTS1-CTA 125B,0
NTS1-CTA 125G,0
NTS1-LID 6,0
NTS1-SB 25Y,0
NTS1-SB 25G,0
NTS1-CWS045,0
NTS1-TLP214B,0
NTS1-KMC-R645R,0
NTS1-KM M270R,0
NTS1-CTM101R,0
NTS1-CTM101Y,0
NTS1-CTM101B,0
NTS1-CTM101W,0
NTS1-CTM101G,0
NTS1-CTH83R,0
NTS1-CTH83Y,0
NTS1-CTH83B,0
NTS1-CTH83G,0
NTS1-CTH83W,0
NTS1-SP0120,0
NTS1-GC32535,0
NTS1-DP345-1,0
NTS1-DMR80,0
NTS1-DM80MR,0
NTS1-DMF80SS,0
NTS1-FMV25,0
NTS1-FMV40,0
NTS1-FMV50,0
NTS1-FMV60,0
NTS1-FMRA29,0
NTS1-FMRA44,0
NTS1-FMRA54,0
NTS1-FMRA64,0
NTS1-FMR-E44,0
NTS1-FMR-E54,0
NTS1-FMR-E64,0
NTS1-FG1088WD-19561,0
NTS1-FG1055W-19557,0
NTS1-FG1055WD,0
NTS1-FG1088A-20071,0
NTS1-FG1086A,0
NTS1-FG1066A-19558,0
NTS1-FG1066A-20076,0
NTS1-90B.2021S,0
NTS1-91.2008A,0
NTS1-90.2016,0
NTS1-90.5390,0
NTS1-S023B,0
NTS1-T023BF,0
NTS1-T054GJ,0
NTS1-S016BF,0
NTS1-T049GJ,0
NTS1-C019TF,0
NTS1-MS-RUJIA,0
NTS1-MS-NUOFUTE,0
NTS1-MS-JINHUJI,0
NTS1-MS-LOUKEXI,0
NTS1-MS-SHIJIHUANGTING,0
NTS1-NW014,0
NTS1-NW017,0
NTS1-NW018,0
NTS1-NW019,0
NTS1-1103104(L)-01,0
NTS1-1103301(M),0
NTS1-1101901(L),0
NTS1-HB001,0
NTS1-HB002,0
NTS1-HB003,0
NTS1-HB004,0
NTS1-HB005,0
NTS1-HB006,0
NTS1-1.3.2.0.2.101-01,0
NTS1-1.3.2.2.2.405,0
NTS1-1.3.2.1.0.410-02,0
NTS1-1.3.3.2.0.202,0
NTS1-1.3.3.2.0.302,0
NTS1-1.3.3.2.0.401,0
NTS1-HA001,0
NTS1-HA002,0
NTS1-HA003,0
NTS1-HA004,0
NTS1-HA005,0
NTS1-B-005,0
NTS1-AJ85-3,0
NTS1-H86-3,0
NTS1-AJ11-4,0
NTS1-AJ88-3,0
NTS1-M10A-8,0
NTS1-H50-6,0
NTS1-H37-2,0
NTS1-H33-3,0
NTS1-H30-3,0
NTS1-H30-4,0
NTS1-H1,0
NTS1-HM001,0
NTS1-H53-2,0
NTS1-H24,0
NTS1-H68-4,0
NTS1-H33-4,0
NTS1-HM002,0
NTS1-AJ94-7,0
NTS1-H47-4,0
NTS1-H112-7,0
NTS1-H53-5,0
NTS1-C031-10,0
NTS1-AJ88-8,0
NTS1-H62-2,0
NTS1-AJ88,0
NTS1-H106-4,0
NTS1-HM003,0
NTS1-HM004,0
NTS1-HM005,0
NTS1-HM006,0
NTS1-HM007,0
NTS1-HM008,0
NTS1-HM009,0
NTS1-HM010,0
NTS1-HM011,0
NTS1-AJ92-3,0
NTS1-FH99-8,0
NTS1-HM012,0
NTS1-H53-6,0
NTS1-AJ39-2,0
NTS1-H48-3,0
NTS1-AJ39-1,0
NTS1-HM013,0
NTS1-H26CUSTOM TONE,0
NTS1-HM015,0
NTS1-HM016,0
NTS1-HM017,0
NTS1-HM018,0
NTS1-MATIRX-09,0
NTS1-MATIRX-03,0
NTS1-MATIRX-15,0
NTS1-MATIRX-25,0
NTS1-MATIRX-26,0
NTS1-MATIRX-27,0
NTS1-MATIRX-30,0
NTS1-MATIRX-34,0
NTS1-MATIRX-35,0
NTS1-MATIRX-100B,0
NTS1-MATIRX-100D,0
NTS1-MATIRX-100FP,0
NTS1-MATIRX-101B,0
NTS1-MATIRX-101D,0
NTS1-MATIRX-101FP,0
NTS1-MATIRX-101BP,0
NTS1-MATIRX-102B,0
NTS1-MATIRX-102D,0
NTS1-MATIRX-102FP,0
NTS1-MATIRX-102BP,0
NTS1-MATIRX-103FP,0
NTS1-MATIRX-103P,0
NTS1-MATIRX-103DU,0
NTS1-MATIRX-103PR,0
NTS1-MATIRX-103S,0
NTS1-MATIRX-104D,0
NTS1-MATIRX-104FP,0
NTS1-MATIRX-104BP,0
NTS1-M001D,0
NTS1-YM001B,0
NTS1-YM001S,0
NTS1-YM001L,0
NTS1-YM002S,0
NTS1-YM003D,0
NTS1-YM003B,0
NTS1-YM003S,0
NTS1-YM003L,0
NTS1-YMJ010,0
NTS1-YMJ203,0
NTS1-HX009,0
NTS1-HX002,0
NTS1-HX013,0
NTS1-HX017,0
NTS1-HX018,0
NTS1-HX022,0
NTS1-HX019,0
NTS1-HX014,0
NTS1-HX007,0
NTS1-HX025,0
NTS1-HX058,0
NTS1-HX001,0
NTS1-HX016,0
NTS1-HX027,0
NTS1-HX026,0
NTS1-HX005,0
NTS1-HX028,0
NTS1-HX082,0
NTS1-HX035,0
NTS1-HX038,0
NTS1-HX039,0
NTS1-HX040,0
NTS1-HX041,0
NTS1-HX042,0
NTS1-HX060,0
NTS1-HX061,0
NTS1-HX062,0
NTS1-HX090,0
NTS1-HX064,0
NTS1-HX065,0
NTS1-HX066,0
NTS1-HX067,0
NTS1-HX068,0
NTS1-HX069,0
NTS1-HX070,0
NTS1-HX071,0
NTS1-HX072,0
NTS1-HX073,0
NTS1-HX074,0
NTS1-HX075,0
NTS1-HX076,0
NTS1-1500#,0
NTS1-1512#,0
NTS1-1394#,0
NTS1-1367#,0
NTS1-1518#,0
NTS1-1523#,0
NTS1-1327#,0
NTS1-1328#,0
NTS1-1415#,0
NTS1-1414#,0
NTS1-HX043,0
NTS1-HX044,0
NTS1-1326#,0
NTS1-1323#,0
NTS1-1529#,0
NTS1-1288#,0
NTS1-1287#,0
NTS1-110#,0
NTS1-HX045,0
NTS1-110#SOFT COTTON,0
NTS1-1103#,0
NTS1-1270#,0
NTS1-1270#SOFT COTTON,0
NTS1-1271#,0
NTS1-1271#SOFT COTTON,0
NTS1-1105#SOFT COTTON,0
NTS1-HX046,0
NTS1-HX047,0
NTS1-HX048,0
NTS1-HX049,0
NTS1-1617#,0
NTS1-HX051,0
NTS1-HX052,0
NTS1-HX053,0
NTS1-1336#,0
NTS1-HX054,0
NTS1-HX055,0
NTS1-1687#,0
NTS1-HX056,0
NTS1-1551#,0
NTS1-1521#,0
NTS1-1561#,0
NTS1-HX057,0
NTS1-1483#,0
NTS1-217#,0
NTS1-1299#,0
NTS1-1095#,0
NTS1-1598#,0
NTS1-YT145,0
NTS1-YT131,0
NTS1-HX084,0
NTS1-C01001B,0
NTS1-22186,0
NTS1-22586U,0
NTS1-22586W,0
NTS1-21734,0
NTS1-YMJ012,0
NTS1-SH6003,0
NTS1-91.2021S,0
NTS1-90.2001A,0
NTS1-C03015,0
NTS1-C06027,0
NTS1-22561,0
NTS1-CN18012B,0
NTS1-SA1020C,0
NTS1-VM304040B,0
NTS1-HX077,0
NTS1-HX063,0
NTS1-99.0733DC,0
NTS1-KM M270W,0
NTS1-HX037R,0
NTS1-HX037GR,0
NTS1-HX028D,0
NTS1-HX021Y,0
NTS1-HX021P,0
NTS1-HX021GR,0
NTS1-HX021G,0
NTS1-BH-67,0
NTS1-BH-131,0
NTS1-HATB-001,0
NTS1-HATB-002,0
NTS1-KMC140Y,0
NTS1-DM80SS,0
NTS1-23115A,0
NTS1-23217A,0
NTS1-C04012T,0
NTS1-WS0550,0
NTS1-WS0750,0
NTS1-C04002T,0
NTS1-SAB1390391,0
NTS1-SAB13503212,0
NTS1-SAB13684013,0
NTS1-SAB1302464,0
NTS1-SAB1306585,0
NTS1-SAB1326076,0
NTS1-MC-2045ZH,0
NTS1-MA-2045ZH,0
NTS1-HH2010H-DW,0
NTS1-ACRYL(WHITE)-21681,0
NTS1-ACRYL(WHITE)-21682,0
NTS1-BL-0911-21525,0
NTS1-BL-0911-21526,0
NTS1-BL-0911-21527,0
NTS1-BL-0911-21528,0
NTS1-BL-0911-21529,0
NTS1-HAX1300101,0
NTS1-HAX1300102,0
NTS1-HAX13008513,0
NTS1-HAX13008514,0
NTS1-HAX13008515,0
NTS1-HAX1300556,0
NTS1-HAX1300077,0
NTS1-HAX1300488,0
NTS1-HAX1300579,0
NTS1-HAX13000510,0
NTS1-HAX13006911,0
NTS1-HAX13006912,0
NTS1-HAX130081113,0
NTS1-YM003-21260,0
NTS1-YM003-21261,0
NTS1-T-65-14827,0
NTS1-T-65-14828,0
NTS1-V-7-14829,0
NTS1-V-7-14830,0
NTS1-V-32-14831,0
NTS1-V-32-14832,0
NTS1-V-35-14833,0
NTS1-V-35-14834,0
NTS1-V-44-14835,0
NTS1-V-44-14836,0
NTS1-DSCF5243,0
NTS1-IMG-0282,0
NTS1-IMG-0297,0
NTS1-DSCF5227,0
NTS1-B-007,0
NTS1-B-008,0
NTS1-B-009,0
NTS1-B-010,0
NTS1-DSCF5244,0
NTS1-DSCN0019,0
NTS1-200743091527,0
NTS1-DSCF5228,0
NTS1-SC020,0
NTS1-SH6017-18941,0
NTS1-TS091 R-S,0
NTS1-BCH-21-B,0
NTS1-TS091B,0
NTS1-TS195,0
NTS1-CKSC-R,0
NTS1-CKSC-S,0
NTS1-CRW02,0
NTS1-CRW01,0
NTS1-M5040W,0
NTS1-3021IS,0
NTS1-M227-9,0
NTS1-M227-12,0
NTS1-M429TOK,0
NTS1-M227-16,0
NTS1-MBT102,0
NTS1-MBT103,0
NTS1-MBT104,0
NTS1-MBT109,0
NTS1-MBT201,0
NTS1-MBT203,0
NTS1-M09TR,0
NTS1-M09TV,0
NTS1-M09TK,0
NTS1-M09TCL,0
NTS1-M12TR,0
NTS1-M12TV,0
NTS1-M12TK,0
NTS1-M12TCL,0
NTS1-MBT205,0
NTS1-MS-RUJIA-20101,0
NTS1-MS-RUJIA-20102,0
NTS1-MS-RUJIA-20103,0
NTS1-MS-RUJIA-20104,0
NTS1-MS-RUJIA-20105,0
NTS1-MS-RUJIA-20106,0
NTS1-MS-RUJIA-20107,0
NTS1-MS-RUJIA-20108,0
NTS1-MS-RUJIA-20109,0
NTS1-MS-RUJIA-20111,0
NTS1-MS-RUJIA-20112,0
NTS1-MS-RUOFUTE-20113,0
NTS1-MS-RUOFUTE-20114,0
NTS1-MS-RUOFUTE-20115,0
NTS1-MS-RUOFUTE-20116,0
NTS1-MS-RUOFUTE-20117,0
NTS1-MS-RUOFUTE-20118,0
NTS1-MS-RUOFUTE-20119,0
NTS1-MS-RUOFUTE-20120,0
NTS1-MS-RUOFUTE-20121,0
NTS1-MS-RUOFUTE-20122,0
NTS1-MS-RUOFUTE-20123,0
NTS1-MS-JINHUJI-20125,0
NTS1-MS-JINHUJI-20126,0
NTS1-MS-JINHUJI-20127,0
NTS1-MS-JINHUJI-20128,0
NTS1-MS-JINHUJI-20129,0
NTS1-MS-JINHUJI-20130,0
NTS1-MS-JINHUJI-20131,0
NTS1-MS-JINHUJI-20132,0
NTS1-MS-JINHUJI-20133,0
NTS1-MS-JINHUJI-20135,0
NTS1-MS-JINHUJI-20136,0
NTS1-SA001-1,0
NTS1-SH6017-18942,0
NTS1-S001TF,0
NTS1-S001TF2,0
NTS1-S001TF3,0
NTS1-T007TJ,0
NTS1-S016BF2,0
NTS1-91.2003,0
NTS1-91.2002,0
NTS1-980.2021S,0
NTS1-CTA107,0
NTS1-CTA50,0
NTS1-CTA103A,0
NTS1-CTA103L,0
NTS1-CTA104,0
NTS1-CTA113,0
NTS1-ZETA55,0
NTS1-CTA105,0
NTS1-CTA105A,0
NTS1-JTB25,0
NTS1-JTMB25,0
NTS1-CTA1507,0
NTS1-CTA1509GY,0
NTS1-CTA1510,0
NTS1-CTA1514,0
NTS1-CTA1511,0
NTS1-CTA100GY,0
NTS1-CTA200B,0
NTS1-CTA200R,0
NTS1-CTA200Y,0
NTS1-CTA200G,0
NTS1-CTA200GY,0
NTS1-CTA300,0
NTS1-CTA25B,0
NTS1-CTA80,0
NTS1-CTAL80,0
NTS1-CTA81,0
NTS1-CTA90L,0
NTS1-CTA90S,0
NTS1-BASE C,0
NTS1-BASE A,0
NTS1-BASE B,0
NTS1-BASE MR,0
NTS1-BASE AR,0
NTS1-BASE BS,0
NTS1-PTM-3238W,0
NTS1-PTM-3823SH,0
NTS1-PTM-3821SL,0
NTS1-PTM-3843DH,0
NTS1-PTM-3571,0
NTS1-PTM-3573,0
NTS1-PTJ-1006S,0
NTS1-PTJ-1003,0
NTS1-SB B25R,0
NTS1-SB B25Y,0
NTS1-BDE70003L,0
NTS1-BDE70012L,0
NTS1-BDE70111L,0
NTS1-BDE70010L,0
NTS1-SB B25B,0
NTS1-SB B25G,0
NTS1-SB 25R-H,0
NTS1-SB 25Y-H,0
NTS1-SB 25B-H,0
NTS1-SB 25G-H,0
NTS1-CTA30,0
NTS1-CTA31,0
NTS1-DPH26,0
NTS1-SC01,0
NTS1-SC02,0
NTS1-SC03,0
NTS1-SC04,0
NTS1-SC05,0
NTS1-SC06,0
NTS1-SC07,0
NTS1-FS2,0
NTS1-FS3,0
NTS1-FS4,0
NTS1-FS5,0
NTS1-FS6,0
NTS1-FS7,0
NTS1-FS22,0
NTS1-FS88,0
NTS1-FL0,0
NTS1-CWS025,0
NTS1-CWS030,0
NTS1-CWS040,0
NTS1-CWS050,0
NTS1-CWS055,0
NTS1-CWS125,0
NTS1-CWS130,0
NTS1-CWS135,0
NTS1-CWS140,0
NTS1-CWS145,0
NTS1-CWS150,0
NTS1-CWS155,0
NTS1-CWH01BU,0
NTS1-CWH01BK,0
NTS1-CC0250,0
NTS1-CC0300,0
NTS1-CC0350,0
NTS1-CC0400,0
NTS1-CC0450,0
NTS1-CC0500,0
NTS1-CC0550,0
NTS1-CC1250,0
NTS1-CC1300,0
NTS1-CC1350,0
NTS1-CC1400,0
NTS1-CC1450,0
NTS1-CC1500,0
NTS1-CC1550,0
NTS1-TWS025,0
NTS1-TWS035,0
NTS1-TWS045,0
NTS1-TWS125,0
NTS1-TWS135,0
NTS1-TWS145,0
NTS1-TWH01,0
NTS1-TC0250,0
NTS1-TC0350,0
NTS1-TC0450,0
NTS1-TC1250,0
NTS1-TC1350,0
NTS1-TC1450,0
NTS1-WW0250,0
NTS1-TH0250,0
NTS1-TH0350,0
NTS1-TH0450,0
NTS1-SC0250,0
NTS1-SC0350,0
NTS1-SC0450,0
NTS1-SC1250,0
NTS1-SC1350,0
NTS1-SC1450,0
NTS1-WW1250,0
NTS1-WW1350,0
NTS1-WW1450,0
NTS1-SC2250,0
NTS1-SC2350,0
NTS1-SC2450,0
NTS1-AP0240,0
NTS1-AP0360,0
NTS1-DP345,0
NTS1-DP345-B,0
NTS1-BH-CR04,0
NTS1-BB-TC58,0
NTS1-BB-TC42,0
NTS1-BB-TC-23,0
NTS1-CI-001,0
NTS1-TWSH-1,0
NTS1-WT-CSP35,0
NTS1-WT-BG35,0
NTS1-WT-BL35,0
NTS1-WT-S20,0
NTS1-WT-SK,0
NTS1-WT-SC,0
NTS1-SIL-CSP30,0
NTS1-SIL-SG30,0
NTS1-SIL-BL30,0
NTS1-SIL-CSP60,0
NTS1-SIL-SG60,0
NTS1-SIL-BL60,0
NTS1-SIL-S20,0
NTS1-SIL-S30,0
NTS1-SIL-C,0
NTS1-SIL-SK,0
NTS1-SIL-CB,0
NTS1-U-CSP25,0
NTS1-U-SG25,0
NTS1-U-BL25,0
NTS1-U-S15,0
NTS1-U-SC,0
NTS1-U-CB,0
NTS1-U-TBP,0
NTS1-UT-CSP25,0
NTS1-UT-SG25,0
NTS1-UT-BL25,0
NTS1-MER-CSP30,0
NTS1-MER-BL30,0
NTS1-MER-S15,0
NTS1-MER-CSPS,0
NTS1-MER-SGS,0
NTS1-MER-BLS,0
NTS1-MER-C,0
NTS1-MER-RZ,0
NTS1-MER-SK,0
NTS1-MER-SC,0
NTS1-MER-CB,0
NTS1-MER-TBP,0
NTS1-GWF-BF20,0
NTS1-GWF-CN30,0
NTS1-GWF-CB,0
NTS1-GWF-TBP,0
NTS1-C103,0
NTS1-C102,0
NTS1-C105,0
NTS1-SOZ-LM-1,0
NTS1-SOZ-LM-3,0
NTS1-PP45180,0
NTS1-RUB-SSG30,0
NTS1-FILM-DIS441,0
NTS1-FILM-DIS553,0
NTS1-RC-45,0
NTS1-YT134,0
NTS1-C001B,0
NTS1-11000012,0
NTS1-90.5490U,0
NTS1-GPX-90A,0
NTS1-GPX-90C,0
NTS1-SA907,0
NTS1-SA306,0
NTS1-SA2023,0
NTS1-NW009,0
NTS1-NW005,0
NTS1-SA2006C,0
NTS1-SA1040,0
NTS1-SA3132,0
NTS1-NW013,0
NTS1-NW015,0
NTS1-C03011,0
NTS1-C021BF,0
NTS1-C011TFQ,0
NTS1-1.3.0.0.0.502,0
NTS1-1.3.2.0.0.402,0
NTS1-1.3.2.1.0.401,0
NTS1-1.3.1.1.0.207,0
NTS1-1.3.0.1.0.301,0
NTS1-1.3.2.1.0.406,0
NTS1-1.3.1.1.0.205,0
NTS1-1.3.0.1.0.310,0
NTS1-1.3.1.0.2.401-01,0
NTS1-1.3.0.0.2.401-01,0
NTS1-1.3.3.0.0.201-01,0
NTS1-1.3.1.1.0.211-01,0
NTS1-1.3.2.3.0.501,0
NTS1-1.3.1.3.0.202,0
NTS1-1.3.0.3.0.401,0
NTS1-1.3.1.2.2.203,0
NTS1-1.3.0.2.2.701,0
NTS1-1.3.0.1.0.603,0
NTS1-1.3.0.2.1.407,0
NTS1-1.3.3.2.0.218,0
NTS1-1103#SOFT COTTON,0
NTS1-1101#,0
NTS1-YT67,0
NTS1-YT69,0
NTS1-YT78,0
NTS1-YT132,0
NTS1-YT142,0
NTS1-SC010,0
NTS1-HALQ-01,0
NTS1-DUVET230270,0
NTS1-LG-U-304,0
NTS1-LG-U-201,0
NTS1-TC001,0
NTS1-TC004,0
NTS1-1.0.5.4.00.0205,0
NTS1-1.0.5.4.00.0210,0
NTS1-1.0.5.5.00.0202,0
NTS1-1.0.5.0.00.0203,0
NTS1-1.0.5.2.00.0102,0
NTS1-1.0.5.1.02.0103,0
NTS1-1.04.3.07.0907,0
NTS1-SB806,0
NTS1-SB308,0
NTS1-PCA-SW01-2100,0
NTS1-PCA-SW01-2700,0
NTS1-KT63541,0
NTS1-YC-002,0
NTS1-OK-528A,0
NTS1-OK-512A,0
NTS1-SAB00091,0
NTS1-SAB00582,0
NTS1-SAB00083,0
NTS1-SAB005214,0
NTS1-SAB005115,0
NTS1-SAB00596,0
NTS1-SAB00347,0
NTS1-SAB005218,0
NTS1-SAB00419,0
NTS1-SAB006110,0
NTS1-SW03311,0
NTS1-SW000112,0
NTS1-SW074413,0
NTS1-SW000214,0
NTS1-SW09315,0
NTS1-SW051116,0
NTS1-SW029417,0
NTS1-SW003218,0
NTS1-CB000511,0
NTS1-CB0062,0
NTS1-YT02021,0
NTS1-LOUNGER-1,0
NTS1-LOUNGER-2,0
NTS1-LOUNGER-3,0
NTS1-LOUNGER-4,0
NTS1-SIDE TABLE-3,0
NTS1-BL-255,0
NTS1-BW-432,0
NTS1-BW-414,0
NTS1-L8516,0
NTS1-L5027,0
NTS1-T8018,0
NTS1-L8029,0
NTS1-L8001,0
NTS1-L8022,0
NTS1-L882F,0
NTS1-L7606,0
NTS1-T7605,0
NTS1-YM8042,0
NTS1-YM8068,0
NTS1-YL1159,0
NTS1-YL1160,0
NTS1-YL1010,0
NTS1-YL1015,0
NTS1-YM8094,0
NTS1-JPY-850E,0
NTS1-JPY-650E,0
NTS1-JPY-850P,0
NTS1-JPY-650P,0
NTS1-CB0003011,0
NTS1-KT000282,0
NTS1-NW0441,0
NTS1-XPC-053,0
NTS1-XPC-049,0
NTS1-XPC-031,0
NTS1-XPC-032,0
NTS1-XPC-033,0
NTS1-XPC-034,0
NTS1-XPC-035,0
NTS1-XPC-036,0
NTS1-NW1161,0
NTS1-NW9042,0
NTS1-UP-001A,0
NTS1-UP-001B,0
NTS1-UP-001C,0
NTS1-JF486,0
NTS1-JF484,0
NTS1-KT-SWT01,0
NTS1-HM-J02,0
NTS1-ZE-120-JLB,0
NTS1-ZE-120-JLG,0
NTS1-KT-03742,0
NTS1-1.0.5.5.00.0203,0
NTS1-1.0.5.1.02.0104,0
NTS1-YH732,0
NTS1-CD-A9L-G,0
NTS1-715#20421,0
NTS1-W51130,0
NTS1-X32621EV,0
NTS1-22483,0
NTS1-131#20432,0
NTS1-131#20429,0
NTS1-W51120,0
NTS1-131#20427,0
NTS1-131#20428,0
NTS1-21165,0
NTS1-21065,0
NTS1-21265,0
NTS1-21464,0
NTS1-21564,0
NTS1-21664,0
NTS1-21764,0
NTS1-21864,0
NTS1-22064,0
NTS1-21964,0
NTS1-52039,0
NTS1-52139,0
NTS1-52239,0
NTS1-X88013,0
NTS1-29683U,0
NTS1-20347,0
NTS1-21347,0
NTS1-22147,0
NTS1-21047,0
NTS1-21747,0
NTS1-81122,0
NTS1-11122P,0
NTS1-11222P,0
NTS1-10122L,0
NTS1-10322,0
NTS1-10222,0
NTS1-10122,0
NTS1-23586W,0
NTS1-82686W,0
NTS1-22584,0
NTS1-2306ATK,0
NTS1-2306AP,0
NTS1-2106AP,0
NTS1-2006AP,0
NTS1-X23676-1,0
NTS1-728#20340,0
NTS1-728#20341,0
NTS1-728#20342,0
NTS1-728#20343,0
NTS1-728#20344,0
NTS1-728#20345,0
NTS1-728#20346,0
NTS1-728#20347,0
NTS1-728#20348,0
NTS1-728#20349,0
NTS1-728#20350,0
NTS1-728#20352,0
NTS1-728#20353,0
NTS1-728#20354,0
NTS1-728#20355,0
NTS1-728#20356,0
NTS1-728#20357,0
NTS1-821#20358,0
NTS1-821#20359,0
NTS1-821#20360,0
NTS1-821#20361,0
NTS1-821#20362,0
NTS1-821#20363,0
NTS1-821#20366,0
NTS1-822#20376,0
NTS1-729#20383,0
NTS1-729#20384,0
NTS1-729#20385,0
NTS1-729#20386,0
NTS1-729#20387,0
NTS1-729#20388,0
NTS1-729#20389,0
NTS1-729#20390,0
NTS1-729#20391,0
NTS1-729#20392,0
NTS1-729#20393,0
NTS1-729#20394,0
NTS1-729#20395,0
NTS1-729#20396,0
NTS1-729#20397,0
NTS1-729#20398,0
NTS1-992#20399,0
NTS1-992#20400,0
NTS1-992#20402,0
NTS1-992#20403,0
NTS1-992#20404,0
NTS1-992#20406,0
NTS1-992#20407,0
NTS1-992#20408,0
NTS1-992#20409,0
NTS1-992#20410,0
NTS1-715#20411,0
NTS1-715#20412,0
NTS1-715#20413,0
NTS1-715#20414,0
NTS1-715#20415,0
NTS1-715#20416,0
NTS1-715#20417,0
NTS1-715#20418,0
NTS1-715#20419,0
NTS1-715#20420,0
NTS1-715-20421,0
NTS1-715#20422,0
NTS1-715#20424,0
NTS1-715#20425,0
NTS1-715#20426,0
NTS1-715#21904,0
NTS1-131#20430,0
NTS1-131#20431,0
NTS1-131#20433,0
NTS1-131#20434,0
NTS1-131#20435,0
NTS1-131#20436,0
NTS1-131#20437,0
NTS1-131#20438,0
NTS1-131#20439,0
NTS1-131#20440,0
NTS1-131#20441,0
NTS1-131#20442,0
NTS1-131#20443,0
NTS1-131#20444,0
NTS1-390-20445,0
NTS1-390-20446,0
NTS1-390-20447,0
NTS1-390-20448,0
NTS1-390-20449,0
NTS1-390-20450,0
NTS1-390-20451,0
NTS1-390-20452,0
NTS1-390-20453,0
NTS1-390-20454,0
NTS1-390-20455,0
NTS1-390-20456,0
NTS1-390-20457,0
NTS1-390-20458,0
NTS1-390-20459,0
NTS1-390-20460,0
NTS1-390-20461,0
NTS1-88189L,0
NTS1-88681L,0
NTS1-33122PQ,0
NTS1-33221Q,0
NTS1-33521Q,0
NTS1-33921Q,0
NTS1-MX278,0
NTS1-W01-2001,0
NTS1-C03012,0
NTS1-701#00149,0
NTS1-701#00150,0
NTS1-701#00151,0
NTS1-701#00152,0
NTS1-W51129,0
NTS1-X52229,0
NTS1-X52229E,0
NTS1-31338Q,0
NTS1-31330Q,0
NTS1-31331Q,0
NTS1-31334Q,0
NTS1-31357Q,0
NTS1-31358Q,0
NTS1-31300Q,0
NTS1-31337Q,0
NTS1-31333Q,0
NTS1-31332Q,0
NTS1-31335Q,0
NTS1-31359Q,0
NTS1-11222H,0
NTS1-11122H,0
NTS1-33121Q,0
NTS1-33021Q,0
NTS1-C10005-3,0
NTS1-C10005-2,0
NTS1-C10005D-3B,0
NTS1-MSS10S,0
NTS1-CVP1000M,0
NTS1-CVP2000M,0
NTS1-CVP1000S,0
NTS1-CVP1500S,0
NTS1-CVP2000S,0
NTS1-715#20423,0
NTS1-S3675,0
NTS1-S4565,0
NTS1-YH733,0
NTS1-YH731,0
NTS1-YH723,0
NTS1-YH721,0
NTS1-YH723BGH,0
NTS1-YH721BGH,0
NTS1-100P,0
NTS1-APRON-BK,0
NTS1-MJS20,0
NTS1-GRP-CIR20,0
NTS1-GRP-CIR22,0
NTS1-GRP-CIR24,0
NTS1-GRP-CIR26,0
NTS1-GRP-CIR28,0
NTS1-GRP-CIR30,0
NTS1-GRP-CIR32,0
NTS1-PLA-CIR18,0
NTS1-PLA-CIR22,0
NTS1-PLA-CIR24,0
NTS1-PLA-CIR28,0
NTS1-PLA-CIR30,0
NTS1-RBSL-24,0
NTS1-SB0630,0
NTS1-WB-NLBO,0
NTS1-SK505030-M-90114,0
NTS1-90.2018,0
NTS1-SN2190,0
NTS1-SN2066,0
NTS1-ICE-M6,0
NTS1-21365,0
NTS1-36568,0
NTS1-35568,0
NTS1-33568,0
NTS1-CN16014,0
NTS1-CN16018,0
NTS1-CN16022,0
NTS1-CN16024,0
NTS1-CN16026,0
NTS1-CN16028,0
NTS1-411PM2,0
NTS1-411LA2,0
NTS1-411PA2,0
NTS1-411TA2,0
NTS1-411MF2,0
NTS1-MCB05,0
NTS1-MGB11,0
NTS1-MGB26,0
NTS1-429LA2K,0
NTS1-4611LA2,0
NTS1-4612LA2,0
NTS1-4613LA2,0
NTS1-4614LA2,0
NTS1-4615LA2,0
NTS1-4616LA2,0
NTS1-4617LA2,0
NTS1-46212SL2,0
NTS1-46211SL2,0
NTS1-429MF2K,0
NTS1-429PA2K,0
NTS1-429PB2K,0
NTS1-429CP2K,0
NTS1-429TA2K,0
NTS1-46510TA2,0
NTS1-46512TA2,0
NTS1-CN18014B,0
NTS1-CN18016B,0
NTS1-CN18018B,0
NTS1-CN18020B,0
NTS1-M17017,0
NTS1-M17019,0
NTS1-HWC001,0
NTS1-SYD-01-201,0
NTS1-SYD-01-304,0
NTS1-ST-01,0
NTS1-CN16012,0
NTS1-CN16036,0
NTS1-CN16016,0
NTS1-C17210,0
NTS1-C17212,0
NTS1-C17214,0
NTS1-C17017,0
NTS1-C17018,0
NTS1-C17019,0
NTS1-C17022,0
NTS1-CN16020,0
NTS1-CN16030,0
NTS1-CN16032,0
NTS1-CN16034,0
NTS1-DS1390194,0
NTS1-D0032,0
NTS1-821-2,0
NTS1-FC-13HB-304,0
NTS1-812-8,0
NTS1-813-20,0
NTS1-813-40,0
NTS1-813-8,0
NTS1-814-2,0
NTS1-814-4,0
NTS1-814-6,0
NTS1-814-8,0
NTS1-816-2,0
NTS1-816-8,0
NTS1-819-6,0
NTS1-821-40,0
NTS1-821-6,0
NTS1-823-20,0
NTS1-823-40,0
NTS1-823-2,0
NTS1-823-6,0
NTS1-824-2,0
NTS1-824-4,0
NTS1-824-6,0
NTS1-812-2P,0
NTS1-812-6P,0
NTS1-811-L,0
NTS1-812-L,0
NTS1-814-L,0
NTS1-821-L,0
NTS1-823-L,0
NTS1-812-2,0
NTS1-GN165,0
NTS1-JVS-B,0
NTS1-VC20-MP,0
NTS1-VTC15-ME,0
NTS1-VTC20-ME,0
NTS1-4SL1200,0
NTS1-4SL2000,0
NTS1-CTS-2,0
NTS1-AP10-MA,0
NTS1-PKNAMEPALTE,0
NTS1-TRL860-GSS,0
NTS1-JT60,0
NTS1-X23588X2,0
NTS1-90.2001,0
NTS1-XC-40BB,0
NTS1-X23888,0
NTS1-90.2007A,0
NTS1-90.8319SQ,0
NTS1-84112SC,0
NTS1-C88690,0
NTS1-99.3335D,0
NTS1-WKF-D212,0
NTS1-20242,0
NTS1-20542,0
NTS1-11006,0
NTS1-85621,0
NTS1-85921,0
NTS1-32568,0
NTS1-86021,0
NTS1-86121,0
NTS1-86221,0
NTS1-8114TGG,0
NTS1-8111TGG,0
NTS1-84106SC,0
NTS1-84124SC,0
NTS1-84164SC,0
NTS1-MGB05,0
NTS1-MEB24,0
NTS1-MGB03A,0
NTS1-MEB09,0
NTS1-X23673-1,0
NTS1-SB 25R,0
NTS1-91.2001A,0
NTS1-90.8319A,0
NTS1-L290061067,0
NTS1-MVP1500M,0
NTS1-MVP750M,0
NTS1-M17214,0
NTS1-C10005-1,0
NTS1-ZE-120U,0
NTS1-D-026,0
NTS1-KNEYPSH-002,0
NTS1-CK-0023B,0
NTS1-CVP1500M,0
NTS1-YS-W90H-1A,0
NTS1-505030-12H,0
NTS1-C10005D-1B,0
NTS1-C10005D-2B,0
NTS1-JT50,0
NTS1-JT130,0
NTS1-JT135,0
NTS1-CTA 116A,0
NTS1-CTA 117A,0
NTS1-CTA 118A,0
NTS1-CTA 126R,0
NTS1-CTA 120,0
NTS1-CTA 14,0
NTS1-CTA 45,0
NTS1-CTA 121,0
NTS1-CTA 122,0
NTS1-CTA 123,0
NTS1-CTA 126Y,0
NTS1-CTA 126B,0
NTS1-CTA 126G,0
NTS1-CTA 55,0
NTS1-LID 55,0
NTS1-CTA 101,0
NTS1-CTA 103,0
NTS1-22113A,0
NTS1-22117A,0
NTS1-12118Q,0
NTS1-12119Q,0
NTS1-CTA60,0
NTS1-CTA120A,0
NTS1-CTA45A,0
NTS1-ANTA137,0
NTS1-ANTA112,0
NTS1-CTA108,0
NTS1-CTA102,0
NTS1-CTA106,0
NTS1-CTA210,0
NTS1-CTA220,0
NTS1-CTA112,0
NTS1-JT25,0
NTS1-JT15D,0
NTS1-DB50-H,0
NTS1-DT50RS,0
NTS1-DT50SS,0
NTS1-DT50RS-H,0
NTS1-DT50SS-H,0
NTS1-DB30-H,0
NTS1-821-20,0
NTS1-823-4,0
NTS1-811-20,0
NTS1-811-40,0
NTS1-811-2,0
NTS1-811-4,0
NTS1-811-6,0
NTS1-811-8,0
NTS1-812-20,0
NTS1-812-40,0
NTS1-812-4,0
NTS1-813-2,0
NTS1-813-4,0
NTS1-813-6,0
NTS1-816-4,0
NTS1-816-6,0
NTS1-819-4,0
NTS1-811-2P,0
NTS1-811-4P,0
NTS1-811-6P,0
NTS1-812-4P,0
NTS1-CTB 25R,0
NTS1-CTB 25Y,0
NTS1-CTB 25B,0
NTS1-CTB 25G,0
NTS1-BT 25RS,0
NTS1-BT 25SS,0
NTS1-BT 25RS-H,0
NTS1-BT 25SS-H,0
NTS1-BASE D,0
NTS1-BASE E,0
NTS1-CB000041,0
NTS1-CB000232,0
NTS1-KMC140G,0
NTS1-KMC140B,0
NTS1-KMC140BW,0
NTS1-DM60SS,0
NTS1-DM100SS,0
NTS1-DM60M-SS,0
NTS1-DM80M-SS,0
NTS1-23959,0
NTS1-B-043,0
NTS1-B-040,0
NTS1-C-009,0
NTS1-C-011,0
NTS1-C-201,0
NTS1-KT-03783,0
NTS1-HC-21,0
NTS1-812-6,0
NTS1-813-L,0
NTS1-819-2,0
NTS1-821-4,0
NTS1-816-L,0
NTS1-819-L,0
NTS1-D0031,0
NTS1-KT-78B,0
NTS1-WKF-115S,0
NTS1-GPX-110N(03),0
NTS1-KT-163,0
NTS1-T2.111MP,0
NTS1-T2.211MP,0
NTS1-T7.111MP,0
NTS1-DO14W-B,0
NTS1-MATIRX-05,0
NTS1-MATIRX-01,0
NTS1-HH2010N-DW,0
NTS1-HH2010T-DW,0
NTS1-HH2010R-DW,0
NTS1-HH2010W-DW,0
NTS1-HH2010Y-DW,0
NTS1-GPX-45M(031),0
NTS1-GPX-87,0
NTS1-96.1416AJ,0
NTS1-96.1416HRR,0
NTS1-96.1416HF,0
NTS1-KNB5051,0
NTS1-94.1103BK,0
NTS1-94.1200BK,0
NTS1-L5.PC132BK,0
NTS1-L5.PC140BK,0
NTS1-L5.PC222BK,0
NTS1-L5.PC221BK,0
NTS1-DO20W-B,0
NTS1-TZ001,0
NTS1-TZ002,0
NTS1-KN8013-Y2,0
NTS1-T2.103MP,0
NTS1-T2.004MP,0
NTS1-T2.104MP,0
NTS1-T2.005MP,0
NTS1-T2.006MP,0
NTS1-T2.007MP,0
NTS1-T2.311MP,0
NTS1-T2.012MP,0
NTS1-T7.002MP,0
NTS1-T7.004MP,0
NTS1-T7.005MP,0
NTS1-T7.006MP,0
NTS1-T7.007MP,0
NTS1-HS2010B-RC,0
NTS1-MATIRX-02,0
NTS1-MATIRX-04,0
NTS1-MATIRX-08,0
NTS1-MATIRX-06,0
NTS1-MATIRX-100BP,0
NTS1-YM002D,0
NTS1-YM002B,0
NTS1-YM002L,0
NTS1-M8020TR,0
NTS1-HX037BR,0
NTS1-HX037W,0
NTS1-RACK(SAMPLE),0
NTS1-C019BF,0
NTS1-M05NS12,0
NTS1-M06NY12,0
NTS1-WKF-9301G,0
NTS1-WKF-826,0
NTS1-HRD-JF4018-(BL),0
NTS1-HRD-JF4018-(IV),0
NTS1-ETK-JK-5CBL,0
NTS1-JF4018B,0
NTS1-HJ-7LB,0
NTS1-HX-B7,0
NTS1-AT-JC25,0
NTS1-AT-BF11,0
NTS1-KD-210S2,0
NTS1-ZD-17,0
NTS1-RWB015D-20C,0
NTS1-RWB015D-30C,0
NTS1-RCM015D-16C,0
NTS1-NFB-7L,0
NTS1-NFB-5L,0
NTS1-XTY-650,0
NTS1-XTY-767,0
NTS1-SM-40,0
NTS1-GX2000-3000,0
NTS1-H35B,0
NTS1-H35-HJO18-A35CK,0
NTS1-H50-HJ013-P5X,0
NTS1-TW1011,0
NTS1-AT-BF-11T,0
NTS1-MBF35-HBL,0
NTS1-HLRIG-OB,0
NTS1-CF4-58,0
NTS1-HLCS2D-RBG,0
NTS1-ESK-S10L,0
NTS1-MGB-28B,0
NTS1-HOB-VC380,0
NTS1-LIF-380,0
NTS1-VEG-WM265,0
NTS1-VEG-WM375,0
NTS1-CON-LINE308,0
NTS1-XC-30AB,0
NTS1-XC-30BA,0
NTS1-JK-5,0
NTS1-MI-2045,0
NTS1-MF-2045ZH,0
NTS1-92.8319E2,0
NTS1-92.8309E,0
NTS1-CIC1800-7,0
NTS1-X32621UV,0
NTS1-BCH-40-B-20165,0
NTS1-XC-40AA,0
NTS1-FG1088WD,0
NTS1-X32621V,0
NTS1-XC-25AB,0
NTS1-BCW-25-20681,0
NTS1-81328-7,0
NTS1-87328-7,0
NTS1-FC-13HB-201,0
NTS1-PDT-4008,0
NTS1-PDT-4009,0
NTS1-JF5014,0
NTS1-JF5016,0
NTS1-JF5011,0
NTS1-JF404,0
NTS1-JF4020,0
NTS1-JF4011,0
NTS1-BCH-40-B-20167,0
NTS1-WKF-830,0
NTS1-JK-7,0
NTS1-JK-22,0
NTS1-WKF-210S,0
NTS1-JF5015,0
NTS1-JF5010,0
NTS1-MC-2043ZH,0
NTS1-MB-2045UZH,0
NTS1-MH-85SZ,0
NTS1-MH-100SZ,0
NTS1-BCH-36,0
NTS1-YS-W60J-1A,0
NTS1-YS-W80J-1A,0
NTS1-YS-W100J-2A,0
NTS1-EB-J2D,0
NTS1-EB-J4D,0
NTS1-YS-W110H-1A,0
NTS1-EB-J6D,0
NTS1-BCH-283,0
NTS1-BCH-65,0
NTS1-YS-W70H-1A,0
NTS1-FX12J,0
NTS1-XC-25-BA,0
NTS1-BCH-28,0
NTS1-MH-85DZ,0
NTS1-BCH-40AZ,0
NTS1-E01-10017,0
NTS1-83388-7,0
NTS1-X32129V,0
NTS1-X32129EV,0
NTS1-X32229V,0
NTS1-LP18X2-W,0
NTS1-JF588,0
NTS1-GEB-J4D,0
NTS1-GEB-J2D,0
NTS1-SEY1-22B,0
NTS1-ZCY2-52-104Y1,0
NTS1-ZCY1-52-52Y1,0
NTS2-BYS1133-LID,0
NTS2-DR520-250,0
NTS2-DR520-260,0
NTS2-DR520-670,0
NTS2-DR520-690,0
NTS2-BSC31-0250,0
NTS2-DR520-MIC,0
NTS2-1203090002,0
NTS2-AZ-7120-10A,0
NTS2-CONNECTOR,0
NTS2-INDICA-TOR-LIGHT,0
NTS2-INGITIONPIN,0
NTS2-LID,0
NTS2-NUT,0
NTS2-OEM-UJ15010-UD15,0
NTS2-THERMO,0
NTS2-TRAVEL-SWITCH,0
NTS2-HN-C-35W,0
NTS2-BUTTON-Y090-11TS,0
NTS2-POTENTION-SPEED,0
NTS2-GD(GEB-J4D),0
ROB2-PC0595,0
COG2-115167,0
RTN2-42.00.346P,0
RAN2-34040008,0
BER2-SPO-E-C2404053A,0
EDL2-BEARING,0
EDL2-BUSH,0
PUJ2-HOOK,0
ROL2-402013,0
HOB2-477016-126,0
PRI2-911-C1,0
HOB2-31600200105,0
NUO2-6001-DD,0
NUO2-TC12-20-5,0
WNK2-แท่งสแตนเลส,0
RAN2-10060051,0
RAN2-34040024,0
CEC2-G023A,0
ROL2-D02011,0
WIN2-3105140,0
WIN2-2213001,0
WIN2-3104057,0
WIN2-3105199,0
WIN2-3106043,0
WIN2-3102277,0
WIN2-3105144,0
HOB2-A-200-T,0
RAN2-38123063,0
RAN2-10706017,0
RAN2-38228030,0
LIN2-LA11,0
RAN2-20102931,0
PIE2-17,0
RAN2-34011026,0
RAN2-34040012,0
RAN2-38123077,0
NEW2-THERMOSTAT,0
NEW2-แผ่นS-S,0
ROB2-กระป๋องSS,0
RAN2-33324031,0
RAN2-40100105,0
RAN2-36220018,0
RAN2-10706023,0
PIE2-49001700,0
PIE2-37110891,0
PIE2-49001685,0
RAN2-36301030,0
RAN2-20102940,0
RON2-8584T05,0
RON2-SUPPORT,0
RAN2-35162504,0
RAN2-3622009,0
RAN2-36404109,0
RAN2-10022202,0
RAN2-20102701,0
WIN2-3104059,0
WIN2-3102392,0
WIN2-3102444,0
WIN2-3104058,0
WIN2-3104066,0
CAS2-5113912,0
CAS2-5072524,0
ETL2-002647,0
ETL2-002650,0
ETL2-002717,0
ETL2-0C8758,0
TBA2-T10A060090,0
TBA2-T07A350130-1,0
MMT2-59214756,0
HAT2-RHW-11QT-LID-HG,0
MID2-74319,0
RON2-52260,0
RAN2-36220018(L4),0
KIT2-W10305968,0
KIT2-W10420628,0
KIT2-W10354780,0
KIT2-9706788,0
MID2-36541,0
RAN2-10705384,0
RAN2-38123758,0
RAN2-36990004,0
POW2-WRG1G0004,0
POW2-WRG1G0001,0
MID2-97525(TH),0
CAM2-60064,0
FIR2-40700610,0
MID2-35900-0255,0
MAX2-001-EJ102,0
RAN2-38123753A,0
SEV2-50MF40V,0
LIN2-PR65,0
SIR2-19300107N+19300207,0
ROB2-HC1059,0
SIR2-60150002,0
TBA2-JG2AF00105,0
TBA2-JF5AF00205,0
TBA2-KR83000102,0
TBA2-KR93000102,0
TBA2-P2F0730100,0
LIN2-TA85,0
HOU2-034708,0
HOU2-034682,0
HOU2-014667,0
HOU2-016048,0
HOU2-015298,0
SKP2-PM009H0100,0
SKP2-PM209S0020,0
WIN2-30002178,0
TBA2-K3FF00701,0
NFZ2-CNT-4009,0
NFZ2-T97525,0
ROL2-SH01129,0
RTN2-40.06.808P,0
RTN2-10.01.751P,0
VTS2-FEA-2ERD-P-INLET+CONV,0
RON2-B1010295,0
RON2-162497,0
NVA2-112-0343-A,0
NVA2-112-0344-A,0
COG2-136028,0
PIT2-B6700610-CL,0
PIT2-60055003-C,0
HAT2-04.05.384.00,0
ROL2-GRID(FC110E),0
LIN2-BOOT,0
LAC2-568101000,0
PMF2-5P110003,0
ROB2-MC0039,0
HOB2-874781,0
HOB2-874834,0
HOB2-874790,0
HOB2-874792,0
TBA2-A120905106,0
TBA2-A150905106,0
DUH2-228888,0
APW2-1475020,0
APW2-1486500,0
HAT2-R02.08.148E.00,0
CAM2-ADCD33-401,0
CAM2-ADCD33-157,0
SAN2-65320,0
SAN2-02128+02129,0
SIR2-FC99004005,0
SIR2-49569055,0
VTS2-0VT451,0
VTS2-0VT017,0
HAT2-041798400,0
MID2-69490,0
SKP2-PM009T0100,0
SIR2-66201000,0
MID2-PS360G1BU001,0
HOU2-32710023,0
PIT2-BK133314,0
LIN2-EBM05,0
TBA2-RUNCAP-AE2425ZK,0
TBA2-RUNCAP-CA2435Z,0
SIR2-11003010,0
HOU2-30700040,0
HOU2-30800085,0
NUO2-98005024,0
NUO2-03000072,0
NUO2-03000073,0
RAN2-69000702,0
SIR2-29561350,0
SIR2-29561651,0
ROL2-SH01090,0
TBA2-DS-KF45-4,0
COG2-717087,0
CTX2-3422197B,0
CTX2-8001296,0
CTX2-8001295,0
CTX2-3422198B,0
CTX2-7610127,0
CTX2-7610252,0
CTX2-220035,0
CTX2-324503,0
CTX2-325001,0
CTX2-1455A8805,0
CTX2-344101,0
CTX2-2000346,0
CTX2-18411,0
CTX2-18412,0
CTX2-18413,0
CTX2-324502,0
CTX2-220026,0
ZAN2-PLAN40T060A,0
FIR2-40100041,0
FIR2-40700620,0
FIR2-40100008,0
FIR2-40100009,0
FIR2-40100010,0
FIR2-40400070,0
CRO2-7–5016,0
CRO2-455306,0
CRO2-2618060,0
GLO2-X40068-6,0
MID2-759144,0
KIT2-240026,0
FIR2-40700600,0
KIT2-K5THSBP,0
ROB2-MS0388,0
ROB2-SS2883,0
ROB2-SS2887,0
ROB2-SS2903,0
ROB2-SS2905,0
ROB2-SS2906,0
ROB2-SS2907,0
ROB2-SS2908,0
ROB2-SS2909,0
ROB2-SS2880,0
ROB2-SS2879,0
ROB2-SS2885,0
ROB2-SS2884,0
ROB2-SS2755,0
ROB2-SS2910,0
TBA2-K1FFC00301,0
TBA2-K1FFC00101,0
SEV2-30204,0
CAM2-730SR-131,0
MID2-47862,0
MID2-28021-0047,0
MID2-50610,0
MID2-28021-0061,0
MID2-50990,0
MID2-55566,0
CTX2-ACSKDSTRAP,0
CTX2-340933,0
PIT2-001,0
CAM2-S09006,0
CAM2-S09007,0
CAM2-S09008,0
EDL2-A1047,0
GLO2-L201-400-415-24,0
PMF2-5M010501,0
SAN2-37130I,0
SAN2-37100I,0
ZAN2-SUPP0298,0
SIR2-AMA008,0
SIR2-AMA026,0
SIR2-AMA030,0
SIR2-AMA038,0
SIR2-AMA054,0
SIR2-AMA056,0
SIR2-AMA058,0
SIR2-AMA064,0
SIR2-AMA080,0
SIR2-AME290,0
SIR2-AME292,0
SIR2-19410533,0
SIR2-00-OUT,0
COG2-111984,0
RTN2-6004.1012,0
RTN2-60.70.400,0
ROL2-H0422BROSER,0
EDL2-A274,0
EDL2-A1050,0
MID2-69649,0
SIR2-19342255,0
SIR2-IV5050552,0
LAC2-2211-116-078,0
SKP2-PM009S0080,0
RJ2-FC1600-010,0
SIR2-19532584,0
SIR2-19538064,0
RAN2-10705364,0
RAN2-10705387,0
HAM2-990167300,0
MMT2-12002625,0
SAN2-53850,0
EDL2-KT1200,0
PMF2-5M010505,0
CAS2-969022000,0
PIT2-B2004201-C,0
PIT2-60130701,0
PIT2-60127701,0
ETF2-160056,0
HOU2-20820039,0
HOU2-20900004,0
HOU2-30300363,0
HOU2-30400335,0
HOU2-30410049,0
HOU2-30410050,0
HOU2-038131,0
HOU2-057140,0
HOU2-058229,0
HOU2-060240,0
HOU2-060243,0
HOU2-063603,0
HOU2-063624,0
SKP2-PC-SRT-SFT-SRFT,0
SKP2-GP16FB,0
SKP2-GP14FB,0
SKP2-SC-15CL,0
SKP2-SC-18CL,0
SKP2-SC-21CL,0
LIN2-CIBO-USB,0
LIN2-PL317,0
LIN2-PL318,0
RAN2-0001,0
SKP2-AS25D00100,0
SKP2-AS25D00200,0
SKP2-AS25D00300,0
SKP2-AS45D00200,0
SKP2-AS45D00100,0
SKP2-AS45D00600,0
SKP2-AS45D00500,0
SKP2-AS45D00400,0
SKP2-AS45D00300,0
SKP2-M605900103,0
SKP2-AE4459Y,0
SKP2-NEK2150GK,0
SKP2-KK325DZ1,0
SKP2-NT2178GK,0
SKP2-LX125LAJM,0
SKP2-ST25W01701,0
SKP2-ST25W02701,0
SKP2-ST25W01801,0
SKP2-G3F2500201,0
SKP2-BS93200101,0
SKP2-BS93200201,0
SKP2-400V-5UF,0
HAM2-990314700,0
SKP2-K1FFA00200,0
SKP2-AS25T00100,0
SKP2-K1F1900100,0
SKP2-AS25C00100,0
SKP2-AS25C00200,0
SKP2-K3F0400100,0
SKP2-ST25N00101,0
SKP2-K1F1600200,0
SKP2-ST25W00801,0
SKP2-WS02221000,0
SKP2-SDC50KF201,0
SKP2-K3F2100500,0
SKP2-K3F2100600,0
SKP2-SDC36N4200,0
SKP2-K3F2201201,0
SKP2-SDC36W6100,0
SKP2-SDC36W2500,0
SKP2-SDC900F001,0
SKP2-SDC900F100,0
SKP2-SDC36N2208,0
SKP2-SDCHZ00500,0
SKP2-SDCHZ00499,0
SKP2-SDC900F203,0
SKP2-SDC36W6000,0
SKP2-SDC40W1800,0
SKP2-S1FBR00100,0
SKP2-SDCHZ00800,0
SKP2-SDC900F402,0
SKP2-SDC900F300,0
SIR2-IV4000810,0
SIR2-MSC06AMON.22,0
HAM2-990221600,0
MID2-71070,0
ROB2-กระป๋อง,0
WIN2-3106214,0
RAN2-10060508,0
WYO2-83880,0
NUO2-16100079,0
RON2-34919,0
LAC2-915250004,0
RAN2-10705501,0
SIR2-IW1071240511,0
SIR2-IW1071240514,0
PIT2-A4500601,0
SIR2-NH5363-25,0
SIR2-IGS816303,0
PMF2-8K010130,0
CTX2-MD78669,0
CTX2-MD68229,0
MMT2-59194649,0
MMT2-20057401,0
MMT2-59184622,0
MMT2-20181801,0
MMT2-59174541,0
MMT2-20241403,0
SIR2-HANDLE,0
HAT2-04.05.310.00,0
CAS2-968711030,0
LAC2-533894600R,0
ZAN2-REFR0024,0
SIR2-SFCL018,0
KIT2-9701508,0
CMD2-ANT40-50-7AS,0
CMD2-ANT45-46-7A,0
CMD2-CUS606-2RS,0
TBA2-TP1800750,0
TBA2-TP1800700,0
EDL2-A8204,0
EDL2-A8104,0
EDL2-P177,0
TOP2-9840-0111+0155+0354,0
HOU2-31906,0
LTE2-MIX-ES,0
PIT2-60130801,0
PIT2-50006201,0
PIT2-50006603,0
PIT2-B6718702-C,0
PIT2-PP10730,0
PIT2-PP10429,0
ROL2-A06034-1,0
LAC2-3849134252,0
ETL2-0516823500,0
ETL2-0830898801,0
ETL2-0611804002,0
HAT2-R0219008A,0
HAT2-0217040,0
LTE2-MIX1.10,0
HAT2-021332200,0
HOU2-060210,0
HOU2-033950,0
PIT2-B6671201,0
CTX2-74719,0
MID2-72816,0
GLO2-X40064,0
TBC2-100516,0
TBC2-CON-7015,0
TBC2-100884,0
TBC2-102013,0
HOU2-060305,0
SKP2-B-G8F3200701,0
SIR2-SFSCL004,0
LIN2-34400,0
BKP2-R3032X,0
SIR2-19320203,0
MID2-66582,0
ETL2-0830828703,0
ETL2-0835840301,0
PIT2-B6700604-CL,0
PIT2-MK2J-PP11296,0
PIT2-PP11370-STD,0
BKP2-2F-3106360,0
SAN2-2350,0
SIR2-LF029912,0
ROL2-A17009,0
ROL2-B03007+B06063,0
ROL2-B03008+B06063,0
ROL2-E02253,0
ROL2-NB-CLUB-SUPERCLUB,0
ROL2-SA03119,0
ROL2-SA18033,0
ROL2-SH01138,0
ROL2-SH01157,0
ROL2-E02011+E02081,0
ROL2-SA03137,0
ROB2-VS0342,0
PMF2-SWICH-IBM10,0
HAT2-07.01.299,0
SIR2-LAMA25-SK,0
ROB2-SS0459,0
SKP2-SRT65-6-W-0001,0
SKP2-SRT65-6-W-0002,0
RTN2-40.05.919P,0
RTN2-87.01.535S,0
RTN2-42.00.273P,0
RTN2-44.02.195S,0
RTN2-87.01.557S,0
RTN2-87.01.558S,0
RTN2-42.00.346P,0
MID2-74106,0
MID2-72533,0
MID2-78971,0
CHG2-SMART-TEA-I-001,0
HAT2-050401000,0
HAT2-051102900,0
RAN2-32330955,0
REF2-00072,0
REF2-00073,0
RAN2-38123666,0
HAT2-R0209279,0
LIN2-KN234,0
WIN2-3006124,0
WIN2-2907302,0
SEV2-00077,0
RAN2-32330351,0
RAN2-38123010,0
RAN2-38123031,0
LIN2-TA76,0
HAT2-041124033,0
MID2-ZB4-BZ101-BD2,0
RAN2-23212013,0
RAN2-38228042,0
RAN2-69000068,0
RAN2-69000067,0
SIR2-LF1201001,0
SIR2-LF142908020,0
SIR2-LF202908105,0
SIR2-LF202908110,0
SIR2-LF202908135,0
SAN2-65310,0
CMD2-MECC1117,0
CMD2-MECC1118,0
CMD2-SUPP0695,0
CMD2-CUSC0071,0
CMD2-CUSC0064,0
CMD2-PULE0108,0
CMD2-MECC1120,0
CMD2-MECC1119,0
CMD2-MECC1121,0
CMD2-MECC1122,0
CMD2-TENU0017,0
CMD2-CUSC0017,0
CMD2-MECC1123,0
CMD2-TENU0016,0
CMD2-GUAR0084,0
CMD2-MECC1124,0
CMD2-MECC1065,0
RON2-50045,0
RON2-125953,0
RON2-125954,0
RON2-126085,0
RON2-126086,0
PIT2-B3613503,0
HAT2-02.05.665.00,0
RJ2-PDP-MODULE,0
RON2-128308T02,0
RON2-128308T01,0
RON2-108270,0
RON2-50717,0
RAN2-38123760,0
RAN2-38123761,0
RAN2-34200037,0
LAC2-803110011,0
RAN2-38123761A,0
HOU2-30900014,0
HOU2-32700125,0
HOU2-059142,0
HOU2-32700129,0
HOU2-30400030,0
HOU2-30400032,0
HOU2-32710038,0
HOU2-30900015,0
HOU2-30320223,0
HAM2-280104401,0
SEV2-00095,0
WIN2-LSB,0
WIN2-LST,0
CAS2-REGR,0
MID2-27159-0012,0
CAS2-SP-L+R,0
RAN2-38123879,0
RAN2-38123519,0
SIR2-AMA070,0
SIR2-AMA072,0
SIR2-AMA082,0
SIR2-AMA085,0
SIR2-AMA086,0
SIR2-AMA094,0
SIR2-AMA096,0
SIR2-AMA238,0
SIR2-AMA250,0
SIR2-AMA260,0
SIR2-AMA278,0
ZAN2-PLAM0018,0
ZAN2-PLAM0019,0
HAT2-0502002,0
HAT2-0502001,0
REF2-ZXL020E,0
ROL2-SA03093COM,0
LIN2-GR68,0
RAN2-10025015,0
RAN2-38123754A,0
KIT2-4161956,0
RAN2-10705371,0
EDL2-A580,0
SIR2-MF2214,0
KIT2-4162347,0
HOU2-30500002,0
HOU2-39000021,0
HOU2-30700052,0
RAN2-34011102,0
HOU2-041021,0
HOU2-032480,0
HOU2-041063,0
HOU2-33950,0
HOU2-031867,0
ROB2-MC0458,0
ROB2-MC0506,0
TBA2-KME682-21NT,0
KIT2-103994,0
CAS2-988055010,0
RAN2-10700229B,0
RAN2-10060103,0
HAM2-990105600,0
RAN2-10700229,0
HAM2-990095800,0
RAN2-10700230,0
WIN2-3011301,0
WIN2-3009201,0
HOU2-031854,0
HOU2-060220,0
HOU2-20120203,0
WIN2-30008051,0
RAN2-10060059,0
RAN2-10111036,0
RAN2-81530120,0
SAN2-0220IED,0
PIT2-1000558-MC,0
PIT2-10901.0007,0
PIT2-10102.0025,0
PIT2-ENC14-228MC,0
PIT2-10105.0029,0
PIT2-11303.0012,0
ROB2-VS0375,0
ROB2-VS0350,0
ROB2-TS0013,0
ROB2-SS2738,0
ROB2-SS2733,0
ROB2-SS2732,0
ROB2-SS0729,0
ROB2-SS0726,0
ROB2-SS0033,0
ROB2-PC0010,0
ROB2-MC0577,0
ROB2-HS0008,0
ROB2-HS0007,0
ROB2-HC0229,0
ROB2-HC0228,0
ROB2-HC0199,0
ROB2-HC0191,0
ROB2-HC0179,0
ROB2-HC0141,0
ROB2-HC0042,0
HAM2-918192500,0
HAM2-990386800,0
HAM2-990385100,0
HAM2-990385200,0
HAM2-990386300,0
HAM2-933,0
HAM2-990408100,0
JTA2-YXD-8A,0
JTA2-20109036001,0
JTA2-20109047001,0
JTA2-20140174015,0
JTA2-20140150026,0
JTA2-3000W,0
JTA2-301070032,0
JTA2-BS-S36,0
JTA2-NOZZLE130,0
JTA2-NOZZLE220,0
JTA2-20102029001,0
JTA2-20140174004,0
JTA2-20209047019,0
JTA2-20209047020,0
JTA2-20209047021,0
JTA2-20209047027,0
JTA2-20209047028,0
JTA2-20210003010,0
JTA2-20210005010,0
JTA2-20210005011,0
JTA2-20218003050,0
JTA2-20218003056,0
JTA2-20218011001,0
JTA2-20218011003,0
JTA2-20218011004,0
JTA2-20240148017,0
JTA2-20240151011,0
JTA2-20240151019,0
JTA2-20240174015,0
JTA2-301010407,0
JTA2-302180538,0
JTA2-302202132,0
JTA2-302212891,0
JTA2-302212698,0
JTA2-302212782,0
JTA2-201401016002,0
JTA2-KNOB-BASE-21,0
JTA2-OUTER-RACK,0
JTA2-SMALL-HEXAGONAL,0
JTA2-SWITCH,0
JTA2-UWB-1-34,0
JTA2-20110002012,0
JTA2-20110003805,0
JTA2-BEARING-BUSH,0
JTA2-NUT,0
JTA2-SCREW,0
JTA2-30403125,0
JTA2-302200454,0
JTA2-302250007,0
JTA2-302130062,0
JTA2-302130043,0
JTA2-302150074,0
JTA2-302200003,0
JTA2-302190098,0
JTA2-302200004,0
JTA2-301110015,0
JTA2-302090053,0
JTA2-20114003006,0
JTA2-302160014,0
JTA2-301090017,0
JTA2-301130023,0
JTA2-301070180,0
JTA2-302170021,0
JTA2-301110184,0
JTA2-302130464,0
JTA2-302070077,0
JTA2-302130225,0
JTA2-302130224,0
JTA2-302130222,0
JTA2-302130223,0
JTA2-301040165,0
JTA2-301040163,0
JTA2-301100015,0
JTA2-301130056,0
JTA2-301110184+301110389,0
JTA2-302201242,0
JTA2-PB-F-JZH-RQ-4,0
JTA2-301110071,0
BER2-ชุดยึดสปริง,0
BER2-310X495,0
BER2-GL-FW40,0
BER2-GL-GR003LEFT,0
BER2-585X690X50,0
BER2-OB005,0
BER2-OB001,0
BER2-U008,0
BER2-HDWORL,0
BER2-AE7440EK,0
BER2-CM-FH2511Z,0
BER2-GL-ESM55R,0
BER2-HL-B02-630-3.5,0
BER2-HB-30B,0
BER2-GLC-D-CKE3-L,0
BER2-GLC-D-CKE3-R,0
BER2-LE-2PIN-SOCKET,0
BER2-GL-FW45,0
BER2-GL-ESM44D,0
BER2-GL-ESM55D,0
BER2-GL-ESM44S,0
BER2-GL-ESM55S,0
BER2-GL-ESM44R,0
BER2-WA-JUNC-BOX,0
BER2-PN-DIP-LB-G-S,0
BER2-PN-D2P-LB-G-S,0
BER2-PN-D3P-LB-G-S,0
BER2-GL-DCSG321L,0
BER2-GL-DCSG321R,0
BER2-GL-DCCG211,0
BER2-GL-DCCG311,0
BER2-GL-SDDC211,0
BER2-GL-SDDC311,0
BER2-GL-FZR,0
BER2-CENTER-PANEL,0
BER2-ACRYLIC-SHEET,0
BER2-GDC-2D-DF-S-EV-L,0
BER2-GDC-2D-DF-S-EV-R,0
BER2-BC-TBWH,0
BER2-CPGD44567638,0
BER2-OBC-OB4GG1BWOL,0
BER2-NT-CKE41-A,0
BER2-NT-CKE41-B,0
BER2-STK-CHL-BJY,0
BER2-3ARRST6AC3,0
BER2-IC-FR11-MC,0
BER2-IC-FR-IH,0
BER2-IC-FR11-EMV,0
BER2-IC-FR-EMV,0
BER2-IC-FR-TEMP-C,0
BER2-IC-FD-TC,0
BER2-IC-FR-L-S,0
BER2-IC-FR-T-S,0
BER2-IC-FR-FUSE5A,0
BER2-IC-FR-SL,0
BER2-IC-FR-PC303B,0
BER2-AP-AA6.35,0
BER2-CI-YS-1,0
BER2-CS-SD-UR-Z-L-(LEFT),0
BER2-CS-SD-UR-Z-R-(RIGHT),0
BER2-MT-ER002,0
BER2-00003,0
BER2-BK-TKSP,0
BER2-HL-FW,0
BER2-D-SDC-S-L,0
BER2-D-SDC-S-R,0
BER2-P-N-AP-4537B-S,0
BER2-IC-DRC150A-K,0
BER2-IC-DRC150A-KL,0
BER2-D-B8-850-L,0
BER2-D-B8-850-R,0
BER2-SPO-E-C2306019A,0
BER2-S-ODER-L-1B,0
BER2-S-ODER-L-2B,0
BER2-NT-RO46B,0
BER2-BCP-DRO6L,0
BER2-LE-OVEN-LB,0
BER2-80MF,0
BER2-CI-CGP,0
BER2-BN-CG4X8,0
BER2-GLC-RCS6T,0
BER2-VA7989-B6,0
BER2-TM-85,0
BER2-PL-JD-TB,0
BER2-OP-OP3500,0
BER2-MT-GR001,0
BER2-IC-WPU-H3KW,0
BER2-IC-VCM-V-OIL,0
BER2-IC-IK-LHL,0
BER2-HT-SDF2.75KW,0
BER2-HT-SALA3KW,0
BER2-HT-DF123KW,0
BER2-CS-KM234MC,0
BER2-CS-BR-SALA22N,0
BER2-CS-BR-SALA11N,0
BER2-C-SALA-BN,0
LKK2-CONTROL,0
LKK2-365X904-MM.,0
LKK2-XE2-EA,0
LKK2-25A,0
LKK2-MR2-07,0
LKK2-HS80-40,0
LKK2-B60-207,0
LKK2-KSQ3-50,0
LKK2-37109,0
LKK2-COVER,0
LKK2-BOWL-TROLLEY,0
LKK2-B15(K)-97,0
LKK2-YD100L3-8-4-PB,0
LKK2-LC1E0601M5N,0
LKK2-LC1E1201M5N,0
LKK2-M5X15,0
LKK2-LEFTSIDE-BODY(GFO4B),0
LKK2-B40-05-24,0
LKK2-B40-05-23,0
LKK2-Y112M-4,0
LKK2-STAND,0
LKK2-WHISK(B60),0
LKK2-IND350BK-008,0
LKK2-YL100L1-4-B5,0
LKK2-BASE,0
LKK2-PCP023,0
LKK2-TC42A-10,0
LKK2-EPZ6-33,0
LKK2-JG300-20,0
LKK2-JG300-20-4,0
LKK2-JG300-13,0
LKK2-JG300-12,0
LKK2-JG300-14,0
LKK2-JG300-14-3,0
LKK2-16004,0
LKK2-JG300-62,0
LKK2-JG300-22,0
LKK2-JG300-01,0
LKK2-JG300-17,0
LKK2-16001,0
LKK2-JG300-41,0
LKK2-JG300-37,0
LKK2-JG300-36,0
LKK2-JG300-15,0
LKK2-JG300-04,0
LKK2-JG300-06,0
LKK2-JG300-43,0
LKK2-JG300-07,0
LKK2-JG300-09,0
LKK2-JG300-31,0
LKK2-JG300-02,0
LKK2-JG300-28,0
LKK2-JG300-48,0
LKK2-JG300-49,0
LKK2-JG300-50,0
LKK2-JG300-51,0
LKK2-JG300-29,0
LKK2-JG210A-9,0
LKK2-EFO-6C-32,0
LKK2-SB6-16,0
LKK2-SB6-17,0
LKK2-TJ12-31,0
LKK2-WTB,0
LKK2-CM4803-00-04,0
LKK2-B20FK-85,0
LKK2-IND350S-006,0
LKK2-00004,0
LKK2-THERMOSTAT(PL2),0
LKK2-LK-QL-21,0
LKK2-B10(K)-75,0
LKK2-CM4803-20-07,0
LKK2-CM4803-40-27,0
LKK2-CM4803-40-22,0
LKK2-CM4803-80-18,0
LKK2-CM4802-40-30,0
LKK2-CM4803-10-66,0
LKK2-CM4802-80-34,0
LKK2-CM4802-40-29,0
LKK2-CM4802-10-70,0
LKK2-CM4803-00-07,0
LKK2-CM4803-60-19,0
LKK2-CM4803-00-17,0
LKK2-CM4803-00-21,0
LKK2-SKP008,0
LKK2-SKP009,0
LKK2-FX26A-RSD,0
LKK2-HS20-38,0
LKK2-00006,0
LKK2-WIRE-TERMINAL,0
LKK2-GFO-4C-09-3,0
LKK2-GFO-4C-09-8,0
LKK2-GFO-4C-09-10,0
LKK2-GFO-4C-09-4,0
LKK2-WGF-27,0
LKK2-CK-PLATE(JB35),0
LKK2-YD132-6-4,0
VRM2-AR40PH-75M,0
VRM2-R40-101ZB,0
VRM2-R40-78AM,0
VRM2-W40-78M,0
VRM2-AR30-517,0
VRM2-R40-129,0
VRM2-R100-78M,0
VRM2-14030-0502,0
VRM2-RN20-85.031,0
VRM2-R60-2.9M,0
VRM2-AR005-355-TD001,0
VRM2-AR005-357-TD002,0
VRM2-AR005-358-TD002,0
VRM2-AR005-356-TD001,0
VRM2-AR005-359-TD002,0
VRM2-AR005-357-TD003,0
VRM2-AR005-362-TD001,0
VRM2-3VC-390C,0
VRM2-AR005-357-TD001,0
VRM2-AR005-022-TZ001WHITE,0
VRM2-RN20-27M,0
VRM2-RN20-552M,0
VRM2-AR61-522,0
VRM2-56AR80-126,0
VRM2-R20-28M,0
VRM2-CR20-27.2M,0
VRM2-CR10-28M,0
VRM2-R20-28.3AM,0
VRM2-R20-28MS,0
VRM2-CR20-28.3M,0
VRM2-CR20-28.3AM,0
VRM2-56CR10P-22.2M,0
VRM2-RN30-78MZB,0
VRM2-CR10-27M,0
VRM2-CR10-25.7M,0
VRM2-CR10-552.2MZB,0
VRM2-21-85020440,0
VRM2-21-81220031,0
VRM2-21-TT24010,0
VRM2-21-40002545,0
VRM2-R60-33.2Z,0
VRM2-R60-33.5Z,0
VRM2-AR40-33.5Z,0
VRM2-AR005-336-TD001,0
VRM2-STA7210,0
VRM2-W30-188.17Z,0
VRM2-R20-34,0
VRM2-R20-78M,0
VRM2-RN20-552.2M,0
VRM2-RN20-30.3Z,0
VRM2-RN20-30.6Z,0
VRM2-R20-33Z,0
VRM2-R20-32,0
VRM2-RN20-65.1Z,0
VRM2-RN20-63ME,0
VRM2-RN20-85.330,0
VRM2-RN20-85.331,0
VRM2-RN20-85.332,0
VRM2-RN20-85.031M,0
VRM2-RN20-85.1M,0
VRM2-RN20-501M,0
VRM2-08020-0001,0
VRM2-AR005-336-TZ010,0
VRM2-21-40002568,0
VRM2-AE61-92ZB,0
VRM2-AR31-530.21MZB,0
VRM2-6008-2RS,0
VRM2-R40-96ZB,0
VRM2-6208-2RS,0
VRM2-AR005-193-TS002,0
VRM2-AR005-193-TZ004,0
VRM2-STA3421,0
VRM2-STA5623,0
VRM2-AR140E-420,0
VRM2-AR140E-421,0
VRM2-AR30-425,0
VRM2-R20-88.5,0
VRM2-R20-88.44,0
VRM2-R20-88.22,0
VRM2-R20-88.47,0
VRM2-R20-88.46,0
VRM2-R100-90Z,0
VRM2-21-81170108,0
VRM2-22RN100,0
VRM2-AR31-604M0Z,0
VRM2-R100-85.52,0
VRM2-AR60E-512M,0
VRM2-AR80-2.3M0,0
VRM2-R60-78.5M,0
VRM2-R60-2.12M,0
VRM2-AR31-604M0KK,0
VRM2-R27-91,0
VRM2-W40-75AM,0
VRM2-AR30E-512M,0
VRM2-R40-2.15M,0
VRM2-R40-1,0
VRM2-R27-6M,0
VRM2-R15-41Z,0
VRM2-R30-285,0
VRM2-STA6040,0
VRM2-56P30-15,0
VRM2-W40-600M,0
VRM2-R40-36Z,0
VRM2-AR81-86.2,0
VRM2-R100-85.1,0
VRM2-WN100-33.5,0
VRM2-R100-97,0
VRM2-RN100-90.2,0
VRM2-RN100-6M,0
VRM2-R60-41Z,0
VRM2-56P60-75,0
VRM2-AR81-600.1M,0
VRM2-R100-101Z,0
VRM2-WN100-2.3M,0
VRM2-AR30-86.2,0
VRM2-CR10-174.35Z,0
VRM2-STA5721,0
VRM2-STA6033,0
VRM2-56AR41-22,0
VRM2-56AR41-21.1M,0
VRM2-STA5344,0
VRM2-STA5047,0
VRM2-R30-6,0
VRM2-AR40PH-61,0
VRM2-STA3002,0
VRM2-56P30-75,0
VRM2-42R40-204,0
VRM2-42RN100-204,0
VRM2-ERGO60-50150-2,0
VRM2-R60-59.1ZB,0
VRM2-AR005-024-TZ-WHITE,0
VRM2-AR005-022-TZ-WHITE,0
VRM2-A20-88.44,0
VRM2-AR31-530.3MZB,0
VRM2-CE101-170ZB,0
VRM2-AE140-560.1MZB,0
VRM2-CE101-172ZB,0
VRM2-RN30-27.2M,0
VRM2-AR005-011-TD002,0
ROE2-39133,0
ROE2-PIC16C505,0
ROE2-28188,0
ROE2-6203DU,0
ROE2-117107S,0
ROE2-29819,0
ROE2-89150,0
ROE2-1902,0
ROE2-27026,0
ROE2-27108,0
ROE2-27269,0
ROE2-29151,0
ROE2-29302,0
ROE2-29303,0
ROE2-29412,0
ROE2-29575,0
ROE2-39111,0
ROE2-39114,0
ROE2-39117,0
ROE2-39119,0
ROE2-39120,0
ROE2-39121,0
ROE2-39122,0
ROE2-39123,0
ROE2-39125,0
ROE2-39187,0
ROE2-39191,0
ROE2-39194,0
ROE2-39206,0
ROE2-39240,0
ROE2-39737,0
ROE2-39787,0
ROE2-39788,0
ROE2-39796,0
ROE2-49029,0
ROE2-49421,0
ROE2-59240,0
ROE2-59242,0
ROE2-59243,0
ROE2-59250,0
ROE2-59252,0
ROE2-59253,0
ROE2-59260,0
ROE2-59263,0
ROE2-89579,0
ROE2-100338,0
ROE2-100373,0
ROE2-100606,0
ROE2-100967,0
ROE2-101062,0
ROE2-101096,0
ROE2-101385,0
ROE2-101449,0
ROE2-101649,0
ROE2-101680,0
ROE2-101815,0
ROE2-102108,0
ROE2-103287,0
ROE2-117774,0
ROE2-117775,0
ROE2-117812,0
ROE2-118110,0
ROE2-118111,0
ROE2-118191,0
ROE2-118256,0
ROE2-118257,0
ROE2-118298,0
ROE2-118436,0
ROE2-118527,0
ROE2-118529,0
ROE2-118565,0
ROE2-118566,0
ROE2-118567,0
ROE2-118582,0
ROE2-118584,0
ROE2-118585,0
ROE2-118586,0
ROE2-118850,0
ROE2-119183,0
ROE2-121495,0
ROE2-121506,0
ROE2-121517,0
ROE2-122023,0
ROE2-301013,0
ROE2-302064,0
ROE2-302654,0
ROE2-303025,0
ROE2-39792,0
ROE2-49066,0
ROE2-29026,0
ROE2-109208,0
ROE2-400439,0
ROE2-400516,0
ROE2-400517,0
ROE2-100338S,0
ROE2-100702S,0
ROE2-100869S,0
ROE2-101062S,0
ROE2-101096S,0
ROE2-101120S,0
ROE2-101680S,0
ROE2-102108S,0
ROE2-102303S,0
ROE2-89572,0
ROE2-103287S,0
ROE2-103288S,0
ROE2-9658,0
ROE2-89617,0
ROE2-105230S,0
ROE2-49237,0
ROE2-117200S,0
ROE2-117321S,0
ROE2-29903,0
ROE2-117774S,0
ROE2-117775S,0
ROE2-117809S,0
ROE2-29775,0
ROE2-118191S,0
ROE2-49527,0
ROE2-118527S,0
ROE2-118529S,0
ROE2-118565S,0
ROE2-118566S,0
ROE2-118567S,0
ROE2-118582S,0
ROE2-118584S,0
ROE2-118585S,0
ROE2-118586S,0
ROE2-118850S,0
ROE2-119183S,0
ROE2-119184S,0
ROE2-119186S,0
ROE2-141790S,0
ROE2-203206S,0
ROE2-27495,0
ROE2-28016W,0
ROE2-28198W,0
ROE2-29053,0
ROE2-89425,0
ROE2-59191,0
ROE2-301066S,0
ROE2-301093S,0
ROE2-303082S,0
ROE2-303234S,0
ROE2-59617,0
ROE2-59585,0
ROE2-59597,0
ROE2-59615,0
ROE2-59594,0
ROE2-59563,0
ROE2-59562,0
ROE2-89173,0
ROE2-59592,0
ROE2-59561,0
ROE2-59577,0
ROE2-59579,0
ROE2-49242,0
ROE2-59644,0
ROE2-59564,0
ROE2-39190,0
ROE2-501947S,0
ROE2-502173S,0
ROE2-502174S,0
ROE2-504127S,0
ROE2-509091S,0
ROE2-510212S,0
ROE2-59449,0
ROE2-59450,0
ROE2-89298,0
ROE2-410804,0
ROE2-89658,0
ROE2-29102,0
ROE2-39838,0
CAM1-4RFSPROPP-190,0
CAM1-2RFSFPDPP-265,0
CAM1-6RFSFPDPP-266,0
CAM1-12RFSFPDPP-267,0
CAM1-PWB12PROPP-190,0
CAM1-PWB18PROPP-190,0
CAM1-PWB22PROPP-190,0
CAM1-2SFSPROPP-190,0
CAM1-6SFSPROPP-190,0
CAM1-8SFSPROPP-190,0
CAM1-12SFSPROPP-190,0
CAM1-18SFSPROPP-190,0
CAM1-22SFSPROPP-190,0
CAM1-RFS8PP-190,0
CAM1-RFS12PP-190,0
CAM1-RFS18PP-190,0
CAM1-RFSC12PP-190,0
CAM1-EDBS-480,0
CAM1-CSSD218-151,0
CAM1-PCUL1000H4-615,0
CAM1-EWSDRY1836-480,0
CAM1-EWST40-000,0
CAM1-EWSSBS18-110,0
CAM1-EWSACC3-000,0
CAM1-EWSACC1-000,0
CAM1-EWSACC2-000,0
CAM1-EWSACC7-000,0
CAM1-EWSSBS24-110,0
CAM1-EWSSBS21-110,0
CAM1-EWSSBS14-110,0
CAM1-EWSSK2436V-580,0
CAM1-EWSU452PK-110,0
CAM1-EWSPB36-110,0
CAM1-EWSSBA21-110,0
CAM1-EWSOPEN2136-580,0
CAM1-EWSACC8-000,0
CAM1-1014FF-107,0
CAM1-VTC2632TF86,0
CAM1-VTC2632TF87,0
CAM1-VTC3253TNS-F87,0
CAM1-VTC3343T-F88,0
CAM1-VTC3646T-F89,0
CAM1-VTC3253T-F90,0
CAM1-GL4002-A27,0
CAM1-MY3646-E79,0
CAM1-MA2435E86,0
CAM1-MA2435E87,0
CAM1-MA2435E88,0
CAM1-MA2435E89,0
CAM1-MA2435E90,0
CAM1-EXU243672VS4-480,0
CAM1-EXU246072VS4-480,0
CAM1-EXCC4-480,0
CAM1-CSDS24H6-480,0
CAM1-CSDS24H10-480,0
CAM1-CSUPR6040S6-580,0
CAM1-ESR2460-151,0
CAM1-EXPK1872-480,0
CAM1-EXTR482PK-480,0
CAM1-EMT244880V4-480,0
CAM1-EST244881V4-480,0
CAM1-EXSK1836S1-480,0
CAM1-14HPU-150,0
CAM1-10HPCU-150,0
CAM1-CBDS21H6-580,0
CAM1-CBUNVR21-580,0
CAM1-CBR21483-151,0
CAM1-CBU213672VS4-580,0
CAM1-CBU216072VS4-580,0
CAM1-CPMU243675V4-480,0
CAM1-CPR2436-151,0
CAM1-6RFSPROPP-190,0
CAM1-8RFSPROPP-190,0
CAM1-12RFSPROPP-190,0
CAM1-18RFSPROPP-190,0
CAM1-22RFSPROPP-190,0
CAM1-TF10703-110,0
CAM1-TF10113-110,0
CAM1-TF10133-110,0
CAM1-TF10357-365,0
ARC1-58001,0
ARC1-38936,0
ARC1-55239,0
VOL1-9008420,0
VOL1-9028420,0
HAM1-HMI014-CEDIS,0
HAM1-HMD1000-UK,0
SOU1-GH-10SC,0
SOU1-SLGB-12SC,0
TBA1-TB9-2G-(900-MM),0
TBA1-TB9-2G-BK-(800-MM),0
TBA1-TB13-3G-BK-(800-MM),0
NFZ1-CW-I-LINE,0
TBA1-TB6-8H-SWSBS,0
TBA1-KGR12-2-L(700MM),0
TBA1-SF-23-1-W,0
SKP1-SUR12-2-L(700-MM),0
SKP1-SUR15-2-L(700-MM),0
TBA1-CTPR-67SD-L,0
POW1-SCE-3-G,0
POW1-FSK-1-G,0
POW1-FSE-1-G,0
POW1-RRS-1-G,0
ROL1-CFG400-TH,0
TBA1-CTPR-93SD-L,0
TBA1-TB6-1G-SS-(800-MM),0
TBA1-TB1200-3RD,0
TBA1-TCR-23D,0
TBA1-TB900-3RD,0
TBA1-TB900-2RD,0
TBA1-TGF-5,0
TBA1-CTPR-67SD-W,0
TBA1-CTPR-93SD-W,0
TBA1-KGR12-2-LW(600MM),0
TBA1-TGF-23SD,0
TBA1-TCBE-72SDR-E,0
TBA1-TCBE-36SDR,0
ROL1-400FG-TH,0
TBA1-KRF45-4-L,0
ZAN1-PLANET-8-GAS-MC,0
TBA1-CTPR-93-D6-L,0
TBA1-CTPR-93-D4-L,0
TBA1-KRF45-4-W,0
TBA1-CTPR-93-D4-W,0
TBA1-CTPR-93-D6-W,0
TBA1-KGR12-2-L(600MM),0
TBA1-KGR12-2-W(600MM),0
POW1-WRGN-1A-G,0
POW1-WRGQ-2A-G,0
HOU1-CPE-GAS-1.20,0
POW1-WRHA-2-G,0
POW1-WRG-1-G-E1,0
SOU1-136,0
SOU1-1364,0
SOU1-324E,0
SOU1-336D,0
SOU1-GFS-35,0
SOU1-MDG-24,0
SOU1-MDO-12,0
MID1-PS540G-3,0
MKC1-FM-RMB-624CR,0
PIT1-TB-SSH55-2-FD-D,0
PIT1-FBG24,0
MID1-X70-2,0
PIT1-SFSSH55,0
MID1-PS520G-1,0
BKP1-CH-8,0
MID1-PS570G-2,0
JTA1-TRM60,0
SOU1-P36D-BBB,0
POW1-WRG-2-G-E2,0
POW1-SCE-3A-GST-N1,0
POW1-FSE-1AB-GST-N1,0
POW1-RRS-1A-GST-N1,0
TOA1-T324E,0
TOA1-TMDG-24,0
TOA1-TMDG-36,0
TOA1-TSIG-3230,0
TOA1-TMDC-24,0
TOA1-T336D,0
TOA1-TMDO-36,0
PIT1-TBV-SRTG-14-2,0
MBM1-FB77FEVXL,0
POW1-FSE-2AB-GST-N1,0
POW1-SPO-1-G280,0
MID1-PS360WB-1,0
MID1-PS360GWB-1,0
MID1-PS360WB-2,0
MID1-PS360GWB-2,0
ZNS1-392016,0
ZNS1-372044,0
IMP1-IHR-2FT-XB,0
MID1-PS360G-1-WOW,0
PIT1-SSH75,0
ZNS1-372215,0
ZNS1-372180,0
ZNS1-372001,0
ZNS1-372005,0
ZNS1-372045,0
HOU1-CPE-GAS-1.20-ROLL-IN,0
PIT1-SFSG14T-D,0
ZNS1-372036,0
ZNS1-372010,0
PIT1-SFSG6H,0
PIT1-2-SG14-D-FD,0
PIT1-BK-SFSSH60W,0
MID1-PS520G-2,0
MID1-PS360G-2-WOW,0
FIR1-PRIG180M,0
FIR1-DBRG145A,0
FIR1-PRIG130M,0
FIR1-DBRG110A,0
MID1-PS360G-1-TOP,0
PIT1-SG14TS,0
SOU1-234R-LP,0
PIT1-BK-SSH60W-2-FD-I12,0
HOU1-CPE2.20-ROLL-IN-GAS,0
PIT1-45C+S-TPC,0
MBM1-MG7G2A77XS,0
MBM1-MG7GPL477G,0
MBM1-MG7GTF77,0
MBM1-MG7GF777,0
MID1-PS536G-1,0
MID1-PS536G-2,0
MID1-PS840G-1,0
MID1-PS840G-2,0
PIT1-SSH55-SSTC,0
PIT1-BK-SGH50,0
PIT1-SG6H,0
PIT1-BK-SSH60W+55-2-FD,0
PIT1-BK-SSH55,0
MBM1-MG7G277XS,0
HOU1-BPE1.06-GAS,0
HOU1-KPE1.06-GAS,0
MBM1-MG7GC777-SC,0
PIT1-SSH60W-2-FD,0
PIT1-SSH60W-3-FD,0
PIT1-BK-SFSSH55,0
PIT1-SFSGLVRF,0
MBM1-MFRG77T,0
MBM1-MFTG77ALC,0
MBM1-MG7GFTA477LC,0
MBM1-MG7G4MFA77XL,0
LKK1-GF171,0
POW1-SCE-1A-GST-N1,0
FAG1-HGC10-21,0
POW1-WRC-2-G,0
POW1-RRS-1AB-GST-N1,0
POW1-PRO-3-GHR,0
PIT1-SGH50-PCSM,0
SOU1-4361D,0
SOU1-436C-3G,0
FIR1-REC1830-2023,0
MBM1-G1508,0
MBM1-G150I8,0
MBM1-G100I8,0
MID1-PS360G-1-WOW-HB,0
MID1-PS360G-2-WOW-HB,0
PIT1-SSH55S-D,0
PIT1-SSH60WS-D,0
MBM1-MG7G6F77MXS,0
PIT1-SSH55C-BL-2-FD-BNB,0
PIM1-GAS-COOK155,0
RTN1-ICOMBI-CLASSIC-20-G,0
ZNS1-E7GRGDLC00,0
ZNS1-E7GCGH4CG0,0
MID1-X55G-2,0
MID1-X55-3,0
MID1-PS3240G-1,0
HOU1-C2.20-ROLL-IN,0
HOU1-CPE1.10-GAS,0
BKP1-CH-6,0
MID1-PS638G-2,0
PIT1-BK-SSHLV14-2-FD-AF,0
POW1-DRO-2AD-GHR,0
POW1-SCE-1AB-GST-N2,0
POW1-DRO-1A-GHR,0
POW1-WRHA-1A-G,0
LKK1-GRS-12,0
LKK1-GRS-24,0
POW1-FSE-1AB-GST-N1-W-O,0
POW1-SCE-3AB-GST-N2,0
MID1-PS540G-2,0
MID1-PS540G-1,0
TOA1-THEGF6-70C-2VAT-UFM,0
TOA1-THEGF6-70C-3VAT-UFM,0
MID1-X55G-1,0
MID1-PS638G-1,0
PIT1-SFSG14RC-S,0
PIT1-SSPG14,0
POW1-DRO-1AD-GHR,0
POW1-WRG-1A-G,0
POW1-WRG-2A-G,0
PIT1-SFSG14S-SOLID-STATE,0
HOU1-C-GAS1.20-ROLL-IN,0
POW1-WRGN-2A-G,0
PIT1-SG14S,0
POW1-WRHA-3A-G,0
POW1-WRHA-2A-G,0
POW1-WRG-2-G,0
HOU1-C1.20-ROLL-IN-GAS,0
HOU1-C2.20-ROLL-IN-GAS,0
MID1-PS640G-2,0
PIT1-TB-SFSSH55-I12,0
PIT1-TB-SRTG14,0
MBM1-MFRG742VA,0
PIT1-35C+S-TPC,0
PIT1-45C+S,0
PIT1-SGC,0
PIT1-SSH55-3C-FD,0
PIT1-SSH60W,0
PIT1-1-SF-SSH55C-S,0
PIT1-65C+S,0
POW1-WRG-2B-G,0
MID1-PS540SG,0
RTN1-SCCWE61G,0
RTN1-SCCWE101G,0
RTN1-SCCWE62G,0
RTN1-SCCWE102G,0
RTN1-SCCWE201G,0
RTN1-SCCWE202G,0
RTN1-CMP61G,0
RTN1-CMP101G,0
RTN1-CMP62G,0
RTN1-CMP102G,0
RTN1-CMP201G,0
RTN1-CMP202G,0
PIT1-SG14,0
LKK1-WRC-2-G,0
MID1-PS636G-2,0
MID1-PS636G-3,0
PIT1-PH-SSH55-2-FD,0
PIT1-PH-SSHF55,0
BER1-DC311,0
BER1-RCS6SM,0
BER1-RCS8SM,0
BER1-CKE6SCSM,0
BER1-CKE8SCSM,0
BER1-1D-DC-G,0
BER1-B4D-C8-L7,0
BER1-B2D-C6-L7,0
BER1-CCS-15SS-2,0
BER1-CCS-15SS-3,0
BER1-RCS-15SS-2,0
BER1-RCS-15SS-3,0
BER1-CKE3SCGM,0
BER1-B3D-C7-BL6,0
BER1-B4D-C8-BL6,0
BER1-RCS4SB,0
BER1-RCS4GM,0
BER1-PS2DD-CF-N-L,0
BER1-PS4DD-CF-L,0
BER1-3D-DC-HH-G,0
BER1-CKE5SCGM,0
BER1-BS2D-F4-W,0
BER1-BS2D-F5-W,0
BER1-BS2D-F5-BW,0
BER1-BS2D-F6-W,0
BER1-BS2D-F6-BL(750),0
BER1-BS3D-F7-W,0
BER1-BS2D-CF5-W,0
BER1-BS3D-CF7-W,0
BER1-B2D-C4-BL6,0
BER1-B2D-C4-BW6,0
BER1-B2D-C5-BW6,0
BER1-B2D-C6-BW6,0
BER1-B3D-C7-BW6,0
BER1-B4D-C8-BW6,0
BER1-CKE6SCGM,0
BER1-CKE8SCGM,0
BER1-1D-DC-G-E,0
BER1-2D-DC-S-E,0
BER1-3D-DC-HH-S,0
BER1-3D-DF-G-EV,0
BER1-PS2DD-CF-L,0
BER1-PS4DD-CF-N-L,0
BER1-PS6DD-CF-N-L,0
BER1-B4D-C8-W6,0
BER1-CUSTOM,0
BER1-3D-DC-S-E,0
BER1-RCS5GM,0
BER1-RCS6GM,0
BER1-RCS8GM,0
BER1-RCS8SB,0
BER1-B3D-C7-W6,0
BER1-W78G,0
BER1-W105G,0
BER1-B2D-C5-BL6-R,0
BER1-BSDU-2F-2C-Z-L(770),0
BER1-1D-DF-SM-EV,0
BER1-3D-DF-SM-EV,0
BER1-B2D-C6-Z(760),0
BER1-B2D-C5-600-SM,0
BER1-BS2D-CF5-Z,0
BER1-BS2D-CF6-Z,0
BER1-BS2D-F4-Z,0
BER1-BS2D-F6-Z,0
BER1-BS2DU-C-Z,0
BER1-BS2DU-CF-Z,0
BER1-BS2DU-F-Z,0
BER1-BS3D-C7-Z,0
BER1-BS3D-C8-Z,0
BER1-BS3D-F8-Z,0
BER1-GS18GB,0
BER1-BJY-DCFSD338,0
BER1-BJY-DCFSD252,0
BER1-BJY-DFGD518,0
BER1-BJY-IFGD718,0
BER1-BJY-CFSSG767,0
BER1-BJY-CFSS828,0
BER1-BJY-188L-80,0
BER1-BJY-4GDC98L,0
BER1-BS2D-F5-BW(750),0
BER1-BS-3FDUC-Z-GN,0
BER1-BS6DR-C1850-3-BL(750,0
BER1-BS-SW2D-L6(750)-304,0
BER1-BS2D-C6-L(750)-304,0
BER1-RCS18SB13-3FB,0
BER1-SM-BS2D-SSC,0
BER1-SM-B2D-C5,0
BER1-SM-BS-SD-4C,0
BER1-RHP3SC,0
BER1-RHP4SC,0
BER1-RHP5SC,0
BER1-RHP6SC,0
BER1-BS3D-2C1F8-Z(750),0
BER1-BS3D2C1-F8-Z(750),0
BER1-BS3D-2C1F8-Z(760),0
BER1-SM-BS1D-C4,0
BER1-SM-BS2D-C5,0
BER1-BS1FDU-C,0
BER1-BS1FDU-F,0
BER1-SM-B4D-C8-6,0
BER1-SM-BS4GDU-C-L,0
BER1-BSP-350L-150,0
BER1-BSP-270L-114,0
BER1-BS-SW1D-BL4,0
BER1-SM-BS6D-C7-3FD3BD,0
BER1-BSP-CF100-NM,0
BER1-BSP-CF210-NM,0
BER1-BSP-CF312-NM,0
BER1-B3D-C7-L6-R,0
BER1-S-ODER-BLKR,0
BER1-CKE5SCSB-W-4-LAYERS,0
BER1-B2D-C5-L6-R,0
BER1-BSF-16F,0
BER1-B2D-C5-L(750),0
BER1-BS3D-CF7-L(750),0
BER1-BS-SW2D-BL4(750),0
BER1-BS-SW2D-BL4-R(750),0
BER1-BS-SW2D-BL5(750),0
BER1-BS-SW2D-BL6(750),0
BER1-BS-SW2D-L6-R(750),0
BER1-BS-SW2D-BL6-R(750),0
BER1-BS-SW1D-BL4(750),0
BER1-BS2D-C4-L-2F2B(750),0
BER1-BS2D-CF6-BL(750),0
BER1-BS2D-F4-BL(750),0
BER1-BS2D-F5-BL(750),0
BER1-BS9DR-C8-3-L(750),0
BER1-BS6DR-C6-3-L(750),0
BER1-BS-SW3D-BL8(750),0
BER1-BS2D-C4-BL(750),0
BER1-BS2D-C4-BW(750),0
BER1-BS2D-C4-W(750),0
BER1-BS2D-C5-BL-R(750),0
BER1-BS2D-C5-BW(750),0
BER1-SM-BS6DR-C8-2-L(750),0
BER1-B2D-C4-BW(750),0
BER1-BS2D-C6-L-R(750),0
BER1-BS2DR-C4-2-BL(750),0
BER1-BS3D-C7-BL(750),0
BER1-BS3D-C7-BW(750),0
BER1-BS3D-C7-L-3F3B(750),0
BER1-BS3D-C7-L-R(750),0
BER1-BS3D-C8-BL(750),0
BER1-BS3D-C8-BW(750),0
BER1-BS3D-CF7-BL(750),0
BER1-BS3D-CF7-BW(750),0
BER1-BS3D-CF7-W(750),0
BER1-BS3D-CF8-BL(750),0
BER1-BS3D-CF8-BW(750),0
BER1-BS3D-CF8-W(750),0
BER1-BS3D-F7-BL(750),0
BER1-BS3D-F7-BW(750),0
BER1-BS3D-F8-BL(750),0
BER1-BS3D-F8-BW(750),0
BER1-BS3DR-C4-3-BL(750),0
BER1-BS3DR-C4-3-L(750),0
BER1-BS3F3B-C8-L(750),0
BER1-BS4DR-C5-2-BL(750),0
BER1-BS4DR-C6-2-BL(750),0
BER1-BS6DR-C5-3-L(750),0
BER1-BS6DR-C6-3-BL(750),0
BER1-BS6DR-C7-3-L(750),0
BER1-BS6DR-C8-2-L(750),0
BER1-BS9DR-C8-3-BL(750),0
BER1-PS2D-F5-L(750),0
BER1-SM-BS-SW3D-L6(750),0
BER1-SM-BS1D-3DR-C4L(750),0
BER1-SM-BS2D-C5-L(750),0
BER1-B2D-C4-BL(750),0
BER1-B2D-C4-L(750),0
BER1-B2D-C5-BL-R(750),0
BER1-B2D-C5-BW(750),0
BER1-B2D-C5-W(750),0
BER1-B2D-C6-BL(750),0
BER1-B2D-C6-BL-R(750),0
BER1-B2D-C6-BW(750),0
BER1-B2D-C6-L-R(750),0
BER1-BS-SBC2D-5L(750),0
BER1-BS2D-C6-BW(750),0
BER1-BS2D-CF4-BL(750),0
BER1-B3D-C7-BL(750),0
BER1-B4D-C8-BL(750),0
BER1-SM-BS3D-C6-BL(750),0
BER1-SM-BS3D-C6-L(750),0
BER1-BS2D-C6-BL(750),0
BER1-BS2D-CF5-BL(750),0
BER1-B4D-C8-L(750)R,0
BER1-B2D-C6-BL6-R,0
BER1-3D-DC-S-60-HZ,0
BER1-FSGDF23,0
BER1-BSR-HKCCF1-B5,0
BER1-AFS-2,0
BER1-A-G27,0
BER1-A-HG27,0
BER1-A-HG33,0
BER1-FSGDF23M-1B,0
BER1-FSGDF23M-2B,0
BER1-FSGDF23-2B,0
BER1-KC24,0
BER1-KC36,0
BER1-KC48,0
BER1-MG-43,0
BER1-BJY-1B+12PF-G,0
BER1-BSR-HKCCF2-B5,0
BER1-BMC4,0
BER1-BMC5,0
BER1-BMC6,0
BER1-BMC8,0
BER1-WB-GA,0
BER1-U10,0
BER1-DW111,0
LKK1-SWR-2,0
PRI1-108REC-F,0
ROB1-E24-100G,0
VOL1-72540,0
VOL1-72542,0
VOL1-72630,0
ITO1-ISI-271THN,0
CAM1-CMBHC1826TSC-CMBR,0
CAM1-CMBR,0
CAM1-CMBH1826TSC-CMBR-194,0
CAM1-CMBH1826LC-CMBR,0
CAM1-CMBHC1826TBC-CMBR,0
CAM1-CMBHC1826LC-CMBR,0
RON1-SSH7807H.A0,0
SAM1-EC-30,0
COG1-PROTECH1117-DRYER,0
COG1-PROTECH1117,0
LKK1-GO15W2,0
LKK1-SS180-2,0
LKK1-SS210-1,0
LKK1-SS210-2,0
PRI1-DHB2PT-33CCE,0
PRI1-Z120240HFC,0
CMK1-HA-HC36,0
CMK1-HA-HC20,0
BER1-BSP-CM1K-S,0
SER1-FSPW-SS,0
LAC1-M27-RE-DT2-RED,0
SIR1-DOLOMITI-5CT,0
DST1-SS-150,0
DST1-UC2S-13-75-1615GN,0
DST1-UF2S-13-75,0
DST1-UC1S3D-13-75,0
DST1-UC1S6D-17-75,0
DST1-UC2S-13-75,0
DST1-UC3S-18-75-1614GN,0
DST1-UC3S-17-75-1614GN,0
DST1-CWD-BI,0
CAM1-CMBH1826LC,0
CAM1-CMBHC1826LC,0
FIR1-LWD2,0
FIR1-LWD3,0
FIR1-DRC700,0
ROL1-VVC800,0
ROL1-VVF800,0
BER1-HPS4SB,0
BER1-HPS4GM,0
BER1-HPS6SB,0
BER1-HPS6GM,0
BER1-HRPS4SB,0
BER1-HRPS4GM,0
BER1-HRPS6SB,0
BER1-HRPS6GM,0
BER1-NFW35-1,0
BER1-NFW40-1,0
BER1-NFW45-1,0
BER1-NFW50-1,0
BER1-NFW55-1,0
BER1-U50,0
BER1-BMC5WC,0
BER1-BMC6WC,0
BER1-BMCFP3-WC,0
BER1-BM3,0
BER1-BM4,0
BER1-BM5,0
BER1-BM6,0
BER1-BM15,0
BER1-BM18,0
BER1-BM21,0
LKK1-TW-2,0
LKK1-CM4803,0
REF1-SNC-0403B,0
REF1-SNC-0323B,0
CMK1-HA-HC32E,0
HAM1-HDC700B,0
BER1-HDW3GM,0
LKK1-HDD112,0
VTS1-FEA-1ERD-P,0
SKP1-SFT25-2-L,0
COG1-ISYTECH36-13D,0
COG1-ISYTECH38-13D,0
COG1-TOPTECH32-23-D.6,0
CAM1-BAR730DSPMT2-667,0
CAM1-BAR730DSPMT2-668,0
CAM1-BAR730DSPMT2-669,0
CAM1-BAR730DSPMT2-770,0
CAM1-BAR730PMT220-189,0
CAM1-BAR730PMT220-191,0
CAM1-BAR730PMT220-194,0
CAM1-BAR730PMT220-420,0
CAM1-CMBH1826LC-191,0
CAM1-CMBH1826LC-192,0
CAM1-CMBH1826LC-194,0
CAM1-CMBH1826TBC-192,0
CAM1-CMBH1826TBC-194,0
CAM1-CMBH1826TSC-191,0
CAM1-CMBH1826TSC-192,0
CAM1-CMBH1826TSC-194,0
CAM1-CMBHC1826LC-191,0
CAM1-CMBHC1826LC-192,0
CAM1-CMBHC1826LC-194,0
CAM1-CMBHC1826TBC-191,0
CAM1-CMBHC1826TBC-192,0
CAM1-CMBHC1826TBC-194,0
CAM1-CMBHC1826TSC-191,0
CAM1-CMBHC1826TSC-192,0
CAM1-CMBHC1826TSC-194,0
ROL1-HDS60,0
ROL1-CD1200,0
ROB1-HE1200L,0
ROB1-HE1200R,0
CMK1-HA-HC36E,0
NEW1-ICEU305,0
HSK1-FM-750AKE,0
COG1-ISYTECH-AP31-10.1W-D,0
COG1-ISYTECH-AP31-10.2,0
CAM1-CMBPLH2-615,0
BER1-BJY-WB80PU,0
HOU1-FAT,0
ZNS1-534324,0
HAM1-HBH650R,0
HAM1-HJE960R,0
HAM1-HCJ967R,0
HAM1-24855,0
COG1-ISYTECH31-10.2,0
COG1-ISYTECH31-10.2DZ,0
REF1-OZBM-0500-DB3,0
REF1-OZBM-0600-DB3,0
ROL1-HD4,0
SIR1-CERVINO10-Y08-GELATE,0
SIR1-CERVINO14-Y08-GELATE,0
SIR1-CERVINO5-Y08,0
SIR1-MARMOLADA 7T,0
CAM1-UPCHT8002,0
ROB1-BM23A,0
ROE1-C40,0
RJ1-FC1220,0
RJ1-FC1800,0
COG1-TOPTECH32-23-D.7,0
HAM1-HBS1200-CE,0
ROB1-E14-65,0
ROB1-E16-65,0
ROB1-E24-65,0
ROB1-E25RD,0
CAM1-BAR730PMT220,0
CAM1-BAR730DSPMT2,0
SEV1-SHM45,0
HAM1-HBB908R-CE,0
ZNS1-ZHT7(520505),0
COG1-ISYTECH-AP31-10.2-A,0
BER1-U20-B-EC,0
BER1-U30-B-EC,0
ETF1-30T-RMT,0
ROB1-E25-65RD,0
SIR1-DOLOMITI-14T-1-1 60X40-R290,0
HAM1-HMD200R,0
ROE1-C40-D,0
ROE1-J100-ULTRA-B,0
HAM1-HBF1100SR,0
TCB1-FLEX-LINE,0
TCB1-TCTFD-1621,0
REF1-SWC435SRT,0
EDL1-401,0
POK1-PWB-30,0
ROB1-DM21W,0
PIT1-FAT-VAT,0
COG1-NEOTECH500,0
ROB1-PW100(S),0
COG1-STEEL9-3+DRYER,0
HAM1-HMD900T-CE,0
COG1-STEELTECH-330,0
LIN1-EB3F-PB,0
DSS1-DS-MH14+MR14,0
BER1-JD318MIX26,0
LIN1-C6R-130BL,0
REF1-SNH-0103,0
REF1-SNH-0303,0
HSK1-FM-600AKE,0
HSK1-IM240XNE+B800PF,0
ROE1-J100-ULTRA,0
LKK1-E02-1-SSBLMBB,0
LKK1-DM-WZ200,0
LKK1-TJ12B,0
LKK1-TJ22B,0
LKK1-YZ28B,0
LKK1-JG300,0
POE1-P79EP,0
POE1-P79SS,0
ROE1-CL50D,0
ROE1-R502,0
ROE1-BLIXER5-VV,0
SIR1-MASTER 30,0
SIR1-W8-30-DS,0
SIR1-W8-30-DX,0
VOL1-69504,0
VOL1-69520,0
FRI1-SUPER-EASY-411-OP1,0
FRI1-OF1,0
FRI1-VISION-411-OP1,0
SIR1-W8-50-DS,0
CMK1-HA-HC32,0
LTE1-20638CHB,0
ROE1-R201-XL-ULTRA-D,0
HOB1-6614,0
ROE1-CL60V.V2FEED-HEADS,0
ROE1-CL60PUSHER-FEED-HEAD,0
SIR1-SO1650BREMEN BASICTF,0
SIR1-SO1650F MN,0
SIR1-SO1840F MN,0
SIR1-SO1650F2 MN,0
SIR1-SO1840F2 MN,0
LKK1-SF260,0
ROE1-R5-VV-230-50-1,0
ROE1-R7VV-230-50-1-M,0
SIR1-TCG12E-220V,0
ROE1-R652VV,0
ROE1-R60,0
ROE1-BLIXER5-PLUS-3-PH,0
ROE1-MP600-ULTRA-LED,0
SIR1-PPJ6 3PH,0
ROE1-R652,0
SIR1-W8-40-EASY-DX,0
ROE1-CL60-WORKSTATION,0
SIR1-CICLONE-15-VV,0
SIR1-CICLONE-23-VV,0
SIR1-CICLONE-30-VV,0
SIR1-C15,0
SIR1-SIRPASTA-XP,0
SIR1-GALILEO-350,0
SIR1-KATANA-20,0
SIR1-W8-70-DX-40-TB-TOP,0
SIR1-EASYVAC40-BX,0
ROE1-BLIXER5A-PLUS-3-PH,0
LKK1-TQ8A,0
ROE1-R752-VV,0
HOB1-2612,0
BER1-I-BSP-SM250,0
SIR1-SOFTCOOKER,0
SIR1-IP50M07,0
SIR1-AGATA250,0
LKK1-TJS12A,0
LKK1-TJS22A,0
ROE1-R10-230-V,0
SIR1-TC32-BARCELLONA-Q-CE-220V,0
POE1-PS-10,0
POE1-PS-12,0
POE1-PS-12A,0
POE1-PG-12FS,0
POE1-PS-12B,0
POE1-PG-22-L,0
ROE1-R502-VVE,0
ROE1-R5-VVA,0
ROE1-BLIXER-15E,0
PMF1-IBT-20-2V,0
PMF1-IBT-30-2V,0
PMF1-IBT-40-2V,0
ROE1-CL55-PUSHER,0
SIR1-ORIONE-VV,0
ROE1-R10,0
ROE1-R5VV,0
ROE1-MP800-TURBO,0
ROE1-R402-220V,0
ROE1-R8VV,0
PMF1-BASIC-1-40,0
PMF1-BASIC-2-40,0
ROE1-CL55-PUSHER-FEED-HEA,0
PMF1-BASIC-1-40-G&L,0
PMF1-BASIC-2-40-G&L,0
SIR1-PALLADIO350-RS-CE,0
ROE1-CL60-WORKSTATION-400V-50-3,0
ROE1-BLIXER-5G-230-50-1-M,0
ROE1-BLIXER-5G-400-50-3-M,0
ROE1-BLIXER 5VVG 230-50-1-M,0
ROE1-BLIXER-7VV-230-50-1-M,0
ROE1-CL60-2-FEED-HEADS-F,0
ROE1-CL60-WORKSTATION-F,0
ROE1-CL60PUSHER FEED HEAD-F,0
ROE1-CL60V.V2FEED-HEADS-F,0
ROE1-MP350-ULTRA-L,0
ROE1-MP350COMBI-ULTRA-L,0
ROE1-MP450COMBI-ULTRA-L,0
ROE1-MP550-ULTRA-LED-LH,0
ROE1-MP600-ULTRA-LED-LH,0
ROE1-MP800-TURBO-L,0
ROE1-R2-B-D,0
ROE1-R201-XL-D,0
ROE1-R211-XL-ULTRA-D,0
ROE1-R5G-230-50-1-M,0
ROE1-R5G-400-50-3-M,0
ROE1-R5VVG-230-50-1-M,0
ROE1-CL60E-F,0
ROE1-BLIXER-5-1V-230-50-1,0
ROE1-BLIXER-5-2V-400-50-3,0
ROE1-BLIXER-5VV-230-50-1,0
ROE1-R2,0
ROE1-R204-XL-ULTRA,0
ROE1-R5-1V-230-50-1,0
ROE1-C120,0
ROE1-BLIXER-20E,0
SIR1-OLIMPO 20K MN,0
ROE1-CL60-AUTO-FEED-HEAD,0
ROE1-R15VV,0
SIR1-SO1840F2 TF,0
SIR1-28045202,0
SIR1-IP30M TF,0
SIR1-IP50 M-B,0
SIR1-IP50B-A TF,0
ROE1-R201-XL,0
ROE1-CL60-2-FEED-HEADS,0
SIR1-SO2400-INOX-SLIDING-TABLE,0
SIR1-W8-40-DS,0
SIR1-W8-40-DX,0
LKK1-BX50A,0
LKK1-SL9,0
RON1-STM5303.AO,0
RON1-SSO6405.AO,0
SOU1-EH-10SC,0
TDB1-TBPR-690,0
LKK1-HS80A,0
HOU1-BPE1.06-PIE-FACE-SPE,0
CMD1-SELENE-80-AUT,0
ZAN1-GALASSIA-PN160,0
CMD1-GALASSIA-45-S,0
VRM1-AR40-M040-0098,0
VRM1-KODIAK10-M010K-01,0
VRM1-AR40P-DOMINO,0
ZAN1-PLANET-8-MC,0
ZAN1-PLANET-8-CL,0
RON1-SHTP.A0,0
RON1-H-DE.40-30UNO,0
ZAN1-SELENE-120-AUT,0
LKK1-RCO-26,0
ZAN1-ROLLER-30-PVC,0
RON1-SFA6127H.AO,0
ZAN1-T6-POLIS-MC28,0
ZAN1-T4-POLIS-MC28-1D,0
ZAN1-GALASSIA-PN50,0
RON1-SSO685C.BO,0
HOB1-HL-200,0
VRM1-ERGO100-A-B-C-KIT,0
VRM1-ERGO0100-ABCKIT+SCRAPER,0
DDY1-CHOCOLATE-SHAVER,0
LIN1-C6R-125BU,0
RON1-SSO677C.BO,0
RON1-SCR40.D0,0
CMD1-GALASSIA-18S-SUPER,0
ZAN1-T-POLIS-PW2-BM-70,0
BER1-BSP-2B+16PF-E,0
BER1-I-BSP-BM30N,0
CMD1-GALASSIA-18S,0
HOU1-32620112,0
VRM1-AR200-M200-0018,0
BER1-BJY-BM7,0
CMD1-SELENE-40-VAR,0
CMD1-SELENE-40,0
CMD1-SELENE-60,0
CMD1-GALASSIA-25-S,0
CMD1-GALASSIA-60-S,0
GLO1-SP60,0
VRM1-AR80-M080-0028,0
RON1-SFS6607C.EO,0
HOU1-BPE1.20-ROLL-IN,0
RON1-SHTP.A10,0
VRM1-RN10-M010-A008,0
VRM1-RN10-M010-A009,0
VRM1-AR80-M080-0031,0
VRM1-AR80-M080-0029,0
VRM1-42CR20A-202,0
VRM1-AR40-M040-0076,0
RON1-SSO677.BO,0
RON1-SSO685.BO,0
VRM1-AR40-M040-0078,0
VRM1-AR40-M040-0079,0
VRM1-AR60-M060-0075,0
VRM1-AR60-M060-0076,0
VRM1-ERGO60-M060-0077,0
VRM1-AR40-PH-M040-0076,0
VRM1-AR40-PHSS-M040-0076,0
RON1-SSO6405C.DO,0
VRM1-AR30-M030-0037,0
VRM1-AR5-M005-0001Z,0
VRM1-AR30-M030-0038,0
VRM1-AR30-M030-0039,0
VRM1-AR30-M030-0040,0
VRM1-KODIAK30-M030-0042,0
LIN1-CIBO-GR,0
LIN1-CIBO-PP,0
LIN1-CIBO-OR,0
LKK1-B60(K),0
VRM1-AR40-P-M040-0076,0
VRM1-AR40P-TPC-JHOOK,0
VRM1-AR80-M080-0030,0
VRM1-ERGO100-M100-0039,0
VRM1-ERGO100-M100-0040,0
VRM1-AR100-M100-0035,0
VRM1-AR100-M100-0036,0
VRM1-AR100-M100-0037,0
VRM1-AR100-M100-0038,0
VRM1-ERGO140-M140-0011,0
BER1-I-BSP-BM30,0
LKK1-BX50B,0
LKK1-BX50C,0
RON1-SSO6405C.AO,0
POE1-PM-20,0
POE1-PM-40,0
ZAN1-ASADOR-CONV.16,0
RON1-SSO687.BO,0
ZAN1-T4-POLIS-MC28-3D,0
BER1-BSP-3B12P-E,0
BER1-I-BSP-16PF,0
RON1-SSO6407C.AO,0
GLO1-SP05,0
GLO1-SP08,0
VRM1-AR40-PHSS-BA,0
VRM1-AR40-M040-KK,0
VRM1-AR100-M100-KK,0
VRM1-AR30-M030-0053,0
VOL1-MIX1030,0
VOL1-MIX1040,0
VOL1-MIX1060,0
LKK1-B30A,0
VRM1-AR60,0
VRM1-RN10-TABLE,0
VRM1-RN10-FLOOR,0
VRM1-KODIAK20-M020-0076,0
VRM1-KODIAK20-42CR20A-202,0
VRM1-KODIAK20-M020-0078,0
RON1-SCMG50.AO,0
ZAN1-PLANET 5-MC,0
ZAN1-GALASSIA 10S,0
ZAN1-PLANET-5-CL,0
RON1-SGRR.AO,0
LKK1-B30(K)-380V,0
VRM1-ERGO140-M140-0015,0
RON1-SPR53.B10,0
RON1-SSO5304.AO,0
RON1-SFS6607H.EO,0
RON1-SSO675.BO,0
RON1-SFI6607H.EO,0
RON1-SCM50.A0,0
RON1-SSO6407.DO,0
RON1-SSO6407.AO,0
ZAN1-T-POLIS-PW3-ST-MC18,0
ZAN1-T-POLIS-PW3-ST-MC30,0
HAT1-FSDT-1,0
HAT1-GRAH30C,0
HAT1-GRH36TL10,0
HAT1-C-45,0
HAT1-FDW-1X,0
HAT1-GM5AH-42,0
HAT1-GM5AHL-30,0
HAT1-GM5AHL-54,0
HAT1-GRFHS-21,0
HAT1-C-54,0
HAT1-DL-600RL-BCOPPER,0
HAT1-DL-725RL-BRIGHT-NICK,0
HAT1-TF-2005,0
HAT1-TF-1919-(220V),0
HAT1-C-36,0
HAT1-RMB-15AH,0
HAT1-C-57,0
HAT1-FLOM-40,0
HAT1-HSBF-SS-4818,0
HAT1-DL-500RL-BLACK,0
HAT1-DL-500SL-BBRASS,0
HAT1-DL-725RL-BBRASS,0
HAT1-DL-800SL-GROSSY-GRAY,0
HAT1-HDW-2-W-O,0
HAT1-GRFSCL-18,0
HAT1-DL-725RL-HUNTER-GREE,0
HAT1-DL-775RL-ANTIQUE-COP,0
HAT1-DL-500RL-GRAY-GRANIT,0
HAT1-DL-800RL-ANTIQUEBRON,0
HAT1-HDW-1N-W-O,0
HAT1-GRACL-30D,0
HAT1-GRAHL-78D,0
HAT1-GRAHL-54D,0
HAT1-GRAHL-72D-RMB,0
HAT1-GRAHL-96D-RMB,0
HAT1-FDW-1,0
HAT1-HWBI-5M,0
HAT1-HWBL-FUL,0
HAT1-HWBL-FULD,0
HAT1-HWBLI-FUL,0
HAT1-HWBLI-FULD,0
HAT1-HWBLIB-FUL,0
HAT1-HWBLIB-FULD,0
HAT1-HWB-FUL,0
HAT1-HWBL-43,0
HAT1-HWBL-43D,0
HAT1-HWBL-43DA,0
HAT1-GRSBF-24-O,0
HAT1-FLOM-80,0
HAT1-IRNG-PB2-36,0
HAT1-HWBHI-11QTDA,0
HAT1-GR5AHL-30,0
HAT1-HXMH-24,0
HAT1-GRAHL-30D-(76-MM),0
HAT1-GRAHL-30D(152-MM),0
HAT1-GRAHL-54D-(76-MM),0
HAT1-GRAHL-54D(152-MM),0
HAT1-GRAHL-72D-(76-MM),0
HAT1-GRAHL-72D(152-MM),0
HAT1-GRAHL-96D-(76-MM),0
HAT1-GRAHL-96D(152-MM),0
HAT1-HDW-2N,0
HAT1-DL-800RL-ANTIQUE-NIC,0
HAT1-HBGBH-6018,0
HAT1-GR5AL-36,0
HAT1-GRAH-42,0
HAT1-HCSSBR-3618,0
HAT1-GRS-72-I,0
HAT1-GRS-30-I,0
HAT1-GRS-66-I,0
HAT1-GRFHS-PTT21,0
HAT1-GRCW,0
HAT1-GRKW-1,0
HAT1-C-12,0
HAT1-C-13-240V,0
HAT1-C-15,0
HAT1-C-17,0
HAT1-C-24,0
HAT1-C-27,0
HAT1-C-30,0
HAT1-C-39,0
HAT1-HBG-2418-HANDLE-SS,0
HAT1-HBG-2418-HANDLE-BLK,0
HAT1-SRBW-1,0
HAT1-RMB-UGA-INF,0
HAT1-DCS400-1,0
HAT1-DL-800RL-WARM-RED,0
HAT1-C-13-380V,0
HAT1-GR3SDS-39DCT,0
HAT1-GRSDHI-27,0
HAT1-DL-700RL-BNICKEL,0
HAT1-DL-775RL-BNICKEL,0
HAT1-DL-725SU-BBRASS,0
HAT1-RMB-3,0
HAT1-RMB-7,0
HAT1-RMB-14,0
HAT1-DL-1100-RL-WARM-RED,0
HAT1-DL-760SU-GLOSSY-GRAY,0
HAT1-DL-760SL-ANTQUEBRASS,0
HAT1-3CS-3,0
HAT1-TQ3-500H-STAINLESS-STEE,0
HAT1-C-18-240,0
HAT1-C-18-380,0
HAT1-TQ1800H,0
HAT1-CSSBFR-36-I,0
HAT1-CWBR-3,0
HAT1-TPU-230-4,0
FAG1-HME6-11,0
LKK1-EF-171,0
LKK1-EF-102,0
LKK1-EF-172,0
PRI1-212GF,0
ROB1-162,0
ROB1-S15,0
PIT1-KF-SFSE14T-KFC,0
PIT1-KF-SE14T-2-FD,0
STA1-GR14SPTK-MCF,0
PIT1-E35,0
IND1-GMROVE18-1FD,0
UNO1-XEVC-0711-EPRM,0
LNX1-NAE161B,0
BKP1-P22S,0
HOU1-INVOQ-COMBI-10-1-1,0
SIR1-AETNA 85X70-2,0
ZAN1-T-POLIS-2-MC26,0
MID1-PS640E-1,0
LKK1-SK-800N,0
PIT1-KF-SE14,0
PIT1-BK-P14,0
MMT1-RCS511TS,0
RTN1-SCC5S102E,0
CTX1-G-26,0
PIT1-KF-SE14T-3-FD,0
LKK1-EG750,0
HOU1-CPE1.16-ROLL-IN,0
HOU1-CPE1.20-ROLL-IN,0
EDL1-895L,0
PIT1-SELV14C-3-FDATO,0
PIT1-SE14C-3-FD,0
TOA1-TECG-7224,0
PIT1-SFSE184,0
MID1-PS640E-2,0
HOU1-K1.10,0
PIT1-PCF14,0
HAT1-RMB-3-2T,0
TBC1-I3-TOUCH,0
COT1-HTF-9500-SH25-3,0
COT1-HRD-9500-SS35-3,0
RTN1-ICOMBI-PRO-6-2-1-E,0
PIT1-SE184C-1-FD,0
ELT1-HSG3RPRSE1,0
LKK1-KL1,0
LKK1-KL2,0
BER1-CMM001,0
CTX1-DZ55II,0
CTX1-DZ33I-2-W-STAND,0
ROL1-DOUBLE-PANINI-R-380V,0
TBC1-I1-SOTA-EL-BANDIDO,0
PRC1-G36D1-STG-S,0
PRC1-TGQ30J-CP,0
HOU1-INVOQ-BAKE-6-P-T,0
HOU1-INVOQ-BAKE-9-P-T,0
HOU1-INVOQ-STACKIT,0
HOU1-INVOQ-STACKIT-STAND,0
BER1-BJY-CG11,0
MBM1-DR-IN74-M1,0
PIT1-PH-SEF184-CE,0
PIT1-PH-SFSE14-CE,0
PIT1-PH-SE14-2-FD-CE,0
SIR1-SO2400-INOX-GDO-COLONNA,0
PIT1-SE14X-D,0
PIT1-SE148-D,0
ZAN1-LILLIPUT-10-MC,0
ZNS1-372014,0
ZNS1-285751,0
CRO1-ELT-100,0
ZNS1-372192,0
ZNS1-372015,0
TBC1-HHC2020-STD,0
TBC1-HHC2020-STD-SP-220V,0
FIR1-CBTE130,0
FIR1-CBTE180,0
MMT1-DEC14E2,0
HOU1-KPE1.10,0
ROL1-RF25DS,0
SIR1-SIRPASTA Y15,0
HOU1-C1.20-ROLL-IN-ELEC,0
HOU1-C2.20-ROLL-IN-ELEC,0
PIT1-SE148,0
ZNS1-240005,0
ZNS1-240015,0
HOU1-CPE2.20-ROLL-IN-ELEC,0
CRO1-ELT-80,0
ZNS1-372084,0
ZNS1-372082,0
CTX1-DZ33I-3,0
ZNS1-372191,0
HOU1-KPE1.16-ROLL-IN,0
PIT1-SE148-C,0
TBC1-FIRE-RAL-3020,0
PIT1-BK-SFSE184R,0
ZNS1-372094,0
HAT1-IRNG-PB1-18,0
FIR1-CBTE030,0
FIR1-CBTE030C,0
FIR1-CBTE180-V1,0
FIR1-CBTE130-V1,0
SOU1-KDLT-40,0
TBC1-I1-SOTA-TOUCH-I1-9500-802-UK,0
HOU1-KPE2.20-ROLL-IN,0
CRO1-ELT-60,0
CRO1-EC-10TW,0
CRO1-EC-12TW,0
HOU1-BPE1.06,0
TBC1-BULLET,0
PIT1-SE14-SSTC,0
TBC1-DOUBLE-BATCH,0
PIT1-BK-P18,0
HOU1-B1.06,0
HOU1-B1.10,0
MID1-PS840E-2,0
MID1-PS536E-2,0
MID1-PS636E-1,0
TBC1-ECO-EXCL-WIFI,0
TBC1-TORNADO,0
PIT1-TB-SE14-2-FD,0
PIT1-TB-SRTE14-2,0
TBC1-I3-STANDARD,0
BER1-EOFS25,0
CTX1-DZ33I-1-W-O-STAND,0
TBC1-HHC2620-VENTLESS,0
PIT1-TBV-STRE14-2,0
JOP1-HJX-25-M,0
HOU1-BPE1.10,0
HOU1-C1.16-ROLL-IN,0
PIT1-BK-SFSELVRF,0
PIT1-BK-SELVRF-2-FD,0
PIT1-BK-SE184-2-FD,0
JOP1-HJX-20,0
JOP1-HJX-20-P,0
PIT1-SE184C-3-FD,0
TBC1-ECO-BK-EXCL-WIFI,0
RJ1-HYBRID-HOOD-2000,0
MMT1-JET514,0
MID1-DZ33I,0
MID1-DZ55II,0
MID1-DZ33I-2,0
MID1-DZ33I-3,0
RTN1-SCCWE61E,0
RTN1-SCCWE62E,0
RTN1-SCCWE201E,0
MID1-DZ33I-2-W-STAND,0
MID1-DZ33I-2 W-O-STAND,0
CTX1-DZ33I-W-STAND,0
TBC1-I3-WIFI,0
PIT1-SE184-2FD,0
PIT1-SE184,0
EVO1-10-0148-EVT-CE,0
MBM1-PR77FE,0
MBM1-FRBE74A,0
MBM1-FTBE77ALR,0
MBM1-FTBE77TLR,0
MBM1-PEE7750I,0
BES1-E9BR12-I+RM,0
MBM1-MFB711AFEXL,0
RJ1-HYBRID-HOOD-1600,0
RJ1-HYBRID-HOOD-1500,0
RTN1-60.72.202,0
FIR1-BR1E120I,0
FIR1-BR1E120I.M,0
RJ1-SESP-1400,0
PMF1-TRAYS-66L,0
MID1-PS520E-1-W-STAND,0
CRO1-ELT-40,0
SEV1-GE872,0
PIT1-KF-SF-SE14RSSVC210,0
ROL1-CGS600,0
MBM1-MTPE77FE,0
BES1-E7BR8-1,0
HOU1-INVOQ HYBRID 6-1-1,0
PLX1-DP2010M,0
MBM1-E150I98,0
MBM1-E150I8,0
MBM1-E100I8,0
PIT1-SE184S-D,0
PIT1-SE14S-D,0
JOP1-ASJ-063,0
PIT1-RH14E-1,0
MBM1-MG7EFTA777L,0
LKK1-BT-350T,0
LKK1-E3500T,0
PIT1-TB-SEF14,0
PIT1-TBV-SRTE14,0
PIT1-SE18R-SSTC,0
PIT1-RH14E-2,0
ZNS1-ECOE61T2A0,0
ZNS1-E7FRED2A00,0
ZNS1-E7IIMDAOMEA,0
JOP1-HJX-PRO-S80,0
HAT1-RCTHW-6B,0
MID1-PS638E-1,0
MID1-G-26,0
TBC1-HHC2020STD,0
TBC1-HHC2020STD-SP,0
TBC1-HHC2020STD-SP-220V,0
TBC1-FIRE,0
TBC1-TORNADO-2,0
TBC1-I3,0
TBC1-HHC2620,0
TBC1-ECO,0
TBC1-ECO-BK,0
RJ1-HYBRID-HOOD,0
PIT1-SE184S-D-3-FD,0
CTX1-DZ33T-2-W-O-STAND,0
CTX1-DZ33T-1-W-O-STAND,0
MSN1-20037000,0
CTX1-DZ33T-1-RED-LOBSTER,0
TOA1-TEFF6-18C-3VAT-UFM,0
TOA1-E14FM3CZ,0
HAT1-RCTHW2-6,0
MBM1-PEE98A150I,0
PIT1-SELV14C-MANUAL-2FD,0
PIT1-SELV14C-AUTO-2FD,0
PNS1-NE-1756,0
PIT1-P18,0
PIT1-SE184R-D-SS,0
PIT1-SE14-SE14,0
MID1-PS520E-2,0
MMT1-UC11E,0
MMT1-DFS18EA,0
MMT1-DFS11EA,0
SIR1-PD POWER,0
FIR1-CBTE090C-V1,0
FIR1-CBTE130C-V1,0
TOA1-TEFF6-18C-2VAT-UFM,0
FIR1-DBRE145A-V1,0
CTX1-DZ33T-1-W-STAND,0
CTX1-DZ33T-2-W-STAND,0
PIT1-SE14R-FD-SE14R,0
PIT1-SFSE-14R,0
MMT1-DEC18M,0
PIT1-PCC18,0
HOU1-K1.06,0
HOU1-C1.16,0
HOU1-C1.20,0
LKK1-XK25,0
CRO1-SC1,0
PIT1-RP14,0
MID1-PS520E-1,0
POW1-WRGQ-1A-G,0
"HOU1-C1.10-W-O-PR,-HS",0
HOU1-C2.20,0
LKK1-EP-8R,0
MID1-PS520E-3,0
MID1-PS536ES-2,0
MID1-PS536ES-3,0
LIN1-UMO50,0
MID1-PS638E-2,0
PIT1-SFSE18-C,0
TBC1-FIRE-JET-BLACK,0
MID1-PS536ES-1,0
MID1-PS536E-1,0
MMT1-DEC18E2,0
MID1-PS540E-1,0
MID1-PS555E-2,0
RTN1-SCC61E,0
RTN1-CMP61E,0
RTN1-SCC101E,0
RTN1-SCC62E,0
RTN1-SCC102E,0
RTN1-SCC201E,0
RTN1-SCC202E,0
RTN1-CMP101E,0
RTN1-CMP62E,0
RTN1-CMP102E,0
RTN1-CMP201E,0
RTN1-CMP202E,0
HOU1-C1.06 PASS-THROUGH,0
HOU1-C1.10-PASS-THROUGH,0
MID1-PS536GS-1,0
HOU1-CPE1.06,0
HOU1-CPE1.10,0
MID1-PS628E-1,0
LIN1-OE7702,0
PIT1-PH-SE14-2-FD,0
PIT1-SE14TX,0
PIT1-SE14X,0
HOU1-KPE1.06,0
PRI1-910A,0
PRI1-919ADS,0
PRI1-953,0
SIR1-IP67,0
LTE1-EA,0
LTE1-CTX55,0
LTE1-CSAM,0
EDL1-FFD-WMB,0
SIR1-PS12,0
SIR1-69012002,0
SIR1-28180386,0
SIR1-28180005,0
SIR1-28180055,0
SIR1-28180078,0
SIR1-28180080,0
SIR1-28180370,0
SIR1-28180193,0
SIR1-28180214,0
SIR1-28180008,0
SIR1-28180082,0
SIR1-28180010,0
SIR1-28180011,0
SIR1-28180114,0
SIR1-28180144,0
SIR1-28180210,0
SIR1-28180211,0
SIR1-28180215,0
SIR1-28180242,0
SIR1-28180021A,0
SIR1-28180372,0
SIR1-28180380,0
SIR1-28180062,0
SIR1-28180069,0
SIR1-28180007,0
SIR1-28180075,0
SIR1-28180230,0
SIR1-28180232,0
SIR1-28180250,0
SIR1-28180267,0
SIR1-28180366,0
SIR1-28180368,0
SIR1-28180095,0
SIR1-28180030,0
SIR1-28180031,0
ROE1-27116W,0
ROE1-27117W,0
ROE1-28115,0
ROE1-28131,0
ROE1-28132,0
ROE1-28133,0
ROE1-28175,0
ROE1-28176,0
ROE1-28370,0
ROE1-29176,0
EDL1-625,0
LTE1-N7006,0
LTE1-N7000,0
EDL1-610,0
SIR1-LF1532145-2,0
SIR1-MSC09PMOP.22,0
ROE1-49682,0
ROE1-27069W,0
ROE1-27070W,0
ROE1-28153W,0
ROE1-28181W,0
ROE1-R211-XL-D,0
ROE1-1943W,0
ROE1-27066W,0
ROE1-27067W,0
ROE1-27068W,0
ROE1-27164W,0
ROE1-27219W,0
ROE1-27244W,0
ROE1-27245W,0
ROE1-28004W,0
ROE1-28052W,0
ROE1-28055W,0
ROE1-28067W,0
ROE1-28068W,0
ROE1-28069W,0
ROE1-28073W,0
ROE1-28128W,0
ROE1-28134W,0
ROE1-28135W,0
ROE1-28159W,0
ROE1-28172W,0
ROE1-28173W,0
ROE1-28174W,0
ROE1-28194,0
ROE1-28196W,0
ROE1-28200W,0
ROE1-28203W,0
LTE1-R400,0
LTE1-R300,0
SIR1-28044184,0
SIR1-28112208X,0
SIR1-281122045X,0
SIR1-281522X,0
ROE1-27255,0
BER1-FP1-1-4,0
BER1-CP14C,0
BER1-FP1-6-4,0
BER1-FP1-6-6,0
BER1-CP16C,0
BER1-CKE53,0
BER1-CKE54,0
BER1-FP1-1-6,0
BER1-FP1-3-4,0
BER1-FP1-4-4,0
EDL1-RM2,0
EDL1-RM25,0
EDL1-SR2200C,0
KIN1-8890,0
KIN1-843A,0
KIN1-8039A-23,0
POL1-LID,0
PRI1-120-28,0
PRI1-136-1,0
PRI1-152ARN,0
PRI1-676-10,0
PRI1-676-12,0
PRI1-676-22,0
PRI1-676-9,0
PRI1-696,0
PRI1-697,0
PRI1-698,0
PRI1-77,0
ROB1-GN11065,0
ROB1-GN12065,0
RON1-79617V4,0
RON1-122278T09,0
RON1-V-QUER-OHNEAUSWERFER,0
RON1-122651T03,0
SEA1-OT11STC,0
ZAN1-T2-POLIS-CV,0
TRA1-1418-02,0
HAT1-RMB-3-T,0
PRI1-943-C,0
HAM1-COT2000,0
SIR1-N.117,0
BLE1-18020-1,0
TOA1-TIMER-HOLDER-12,0
SER1-94009,0
TS1-EC3102,0
TS1-5HR-242-01WE1,0
NVA1-HW-2G,0
SFN1-CPB09R,0
BDB1-ILAL218-L1WH291XX-LED,0
ZAN1-PLANET-8-CA,0
BER1-A-C27,0
BER1-A-C33,0
BER1-A-HC27,0
BER1-A-HC33,0
BER1-U20-X,0
BER1-U30-X,0
BER1-U40-X,0
BER1-U50-X,0
BER1-CS,0
BER1-FP1-1-8,0
BER1-FP1-2-8,0
BER1-FP1-9-2.5,0
BER1-FP1-9-4,0
BER1-CP19C,0
BER1-FP1-9-6,0
HAM1-FP-HB,0
SEV1-KD-200,0
HAM1-88085,0
ZAN1-T6-POLIS-CV,0
ZAN1-T4-POLIS-CV,0
LDP1-RCT-16369-PSTK,0
TOP1-XDF-5148S/S(5M),0
SIR1-28180117,0
SIR1-28180091,0
SER1-SR-2,0
HAM1-BCR100R,0
ROL1-CVC600,0
ROL1-HB600,0
CTP1-GS-10828-LH-BK,0
CTP1-GS-10835ONN,0
CTP1-GS-10842-26VL-BK,0
STS1-500X500,0
CTP1-GS-10444-180S-BK,0
CTP1-GS-1044-200C-BK,0
PIT1-B6661002,0
HOU1-045481,0
FIR1-CAPKE130,0
FIR1-CAPV1020,0
FIR1-CARP0030,0
FIR1-PAF0701,0
FIR1-CAPKE180,0
FIR1-CAPV1030,0
FIR1-CARP0040,0
FIR1-PAF2032,0
FIR1-PAF0901,0
FIR1-A99-05,0
BKP1-S1115Y,0
HSK1-B-801SA,0
SAN1-02201DD,0
ZAN1-0PO2B10A,0
ROL1-RG-B3,0
PIT1-CASTER,0
ZNS1-921618,0
ZNS1-206397,0
HOU1-32520050,0
FIR1-CADE0010,0
FIR1-D150,0
FIR1-PACF0700,0
FIR1-PAF2022,0
FIR1-PAF0700,0
FIR1-DAF0145,0
FIR1-PACF0600,0
FIR1-PAF0600,0
FIR1-DAF0110,0
FIR1-CARC0020,0
FIR1-CAGM030,0
FIR1-CAPV0030,0
FIR1-PAF0451,0
ROL1-H01077SE,0
CTP1-GS-10928-BK,0
CTP1-GS-10935-ONN,0
CTP1-GS-10942-26VL-BK,0
CRO1-CH-60,0
CRO1-LM-227,0
CRO1-DF-18,0
HOU1-33020064,0
ZNS1-206423P,0
ZAN1-BGAS0045,0
ZAN1-7RWP000,0
ZAN1-TEGL0018,0
ADC1-PAB-20,0
ADC1-PMB-13,0
TBC1-I1-9500-4-EW,0
RTN1-60.71.926,0
PIT1-A7025301,0
FIR1-PACT0700,0
FIR1-CAPM0010,0
RON1-SSO6404.DO,0
ROE1-28129,0
CTP1-SGS-FT-300,0
RTN1-6014.1102,0
ROE1-59471,0
SEV1-8401C-100K,0
ROL1-53197SE,0
ROL1-HB53176,0
ROL1-53191SE,0
ROL1-53192SE,0
ROL1-53198,0
ROB1-LIGHTSTND,0
LTE1-N3022,0
LTE1-ID4010,0
LTE1-ID4030,0
LTE1-ID4000,0
LTE1-N4280,0
HAT1-ST-PAN-1-2,0
BER1-FP-BMC,0
RON1-122650T39,0
TOP1-SAMPLE-1-PRE,0
STS1-3LM-C,0
PRC1-KB-CP-I-A-9-B,0
PLX1-MID10,0
MID1-HB-1-PS360G,0
MID1-HB-2-PS360G,0
ROE1-39700,0
SIR1-40115120E,0
TBC1-700-0673,0
TBC1-FRE-3014,0
RTN1-6019.115,0
BKP1-CIR-8,0
JOP1-240024,0
TOP1-M98E-505,0
MID1-HBB-1,0
SEK1-NO45WH,0
SEK1-NO12,0
SEK1-NO16,0
HUA1-G-16,0
BKP1-T1007A,0
HAT1-DL-500RCL-WARM-RED,0
ROL1-POUBELLE,0
ROL1-PORTE-BOUTEILLES,0
ROL1-HOUSSE,0
ROE1-28166W,0
ROE1-28195W,0
ROE1-27298W,0
ROE1-28158W,0
ROE1-28199W,0
HAT1-5-RAIL,0
SIR1-11001000,0
ZAN1-PLANET-8-BM,0
BER1-FP-BMC-C,0
RON1-SSO6404.AO,0
SEV1-24CR503,0
SEV1-K-930,0
RTN1-60.76.217,0
HAT1-RHW-11QT-LID,0
RON1-35214+79626,0
JOP1-HJX-PRO-MINI,0
COG1-75588D,0
COG1-75588S,0
SOU1-KECTC-06,0
PRC1-KK-RR3225,0
ZAN1-RACK18,0
ZAN1-RACK10,0
RON1-ZIG-ZAG6405C,0
STS1-240066040,0
STS1-240066040150,0
RTN1-110402396,0
RTN1-60.11.011,0
RTN1-60.22.086,0
PUJ1-208.020,0
PUJ1-215.024,0
PUJ1-127.020,0
PUJ1-115.024,0
PUJ1-126.038,0
PUJ1-350.726,0
PUJ1-623.002,0
PUJ1-837.300,0
PUJ1-140.002,0
PUJ1-290.060,0
PUJ1-290.050,0
PUJ1-290.040,0
PUJ1-290.035,0
PUJ1-290.024,0
PUJ1-290.020,0
PUJ1-316.635,0
PUJ1-316.640,0
PUJ1-896.500,0
PUJ1-615.100,0
PUJ1-80.530,0
PUJ1-850.034,0
PUJ1-147.100,0
PUJ1-240.060,0
PUJ1-241.060,0
PUJ1-307.230,0
PUJ1-307.240,0
PUJ1-980.300,0
PUJ1-859.108,0
PUJ1-859.112,0
PUJ1-859.118,0
PUJ1-859.127,0
PUJ1-859.128,0
PUJ1-859.131,0
PUJ1-850.324,0
PUJ1-850.614,0
PUJ1-850.008,0
PUJ1-850.009,0
PUJ1-850.010,0
PUJ1-850.029,0
PUJ1-850.030,0
PUJ1-850.032,0
PUJ1-850.035,0
PUJ1-850.036,0
PUJ1-850.037,0
PUJ1-850.038,0
PUJ1-850.039,0
PUJ1-850.040,0
PUJ1-843.150,0
PUJ1-843.140,0
PUJ1-843.210,0
PUJ1-847.008,0
PUJ1-875.003,0
PUJ1-875.004,0
PUJ1-644.100,0
PUJ1-644.175,0
PUJ1-633.001,0
PUJ1-633.004,0
PUJ1-311.335,0
PUJ1-886.160,0
PUJ1-880.175,0
PUJ1-890.125,0
PUJ1-890.100,0
PUJ1-891.150,0
PUJ1-891.200,0
PUJ1-5283520,0
PUJ1-47146,0
PUJ1-P947.500,0
PUJ1-26120-13,0
PUJ1-30102,0
PUJ1-118.145,0
PUJ1-299.016,0
PUJ1-117.127,0
PUJ1-117.135,0
PUJ1-117.150,0
PUJ1-116.160,0
PUJ1-47398,0
PUJ1-47403,0
PUJ1-47400,0
PUJ1-47378,0
PUJ1-118.160,0
VOL1-35641,0
VOL1-35937,0
VOL1-47141,0
VOL1-47142,0
VOL1-47143,0
VOL1-47144,0
VOL1-47809-11,0
VOL1-47809-50,0
VOL1-47812-20,0
VOL1-47812-30,0
VOL1-47812-40,0
VOL1-47812-70,0
VOL1-47816-20,0
VOL1-47816-60,0
VOL1-47816-70,0
VOL1-48070,0
VOL1-52002-00,0
VOL1-52002-70,0
VOL1-58011,0
VOL1-58322,0
VOL1-58333,0
VOL1-58344,0
VOL1-58355,0
VOL1-58366,0
VOL1-62310,0
VOL1-62319,0
VOL1-62321,0
VOL1-62326,0
VOL1-62327,0
VOL1-62328,0
VOL1-67608,0
VOL1-67610,0
VOL1-67612,0
VOL1-67628,0
VOL1-67630,0
VOL1-68127,0
VOL1-86100,0
VOL1-86101,0
VOL1-86102,0
VOL1-86105,0
VOL1-86106,0
VOL1-86109,0
VOL1-86111,0
VOL1-86112,0
VOL1-86115,0
VOL1-86116,0
VOL1-86121,0
VOL1-86128,0
VOL1-94943,0
VOL1-97273,0
VOL1-77570,0
VOL1-78310,0
VOL1-67305,0
VOL1-67133,0
VOL1-67135,0
VOL1-68372,0
VOL1-47809-10,0
VOL1-47193,0
VOL1-47168,0
VOL1-47712,0
VOL1-85320,0
VOL1-47118,0
VOL1-47232,0
VOL1-47212,0
VOL1-94942,0
VOL1-35464,0
VOL1-90322,0
VOL1-59900,0
VOL1-69108,0
VOL1-47309,0
VOL1-46588,0
VOL1-4970610,0
VOL1-46043,0
VOL1-78760,0
VOL1-79120,0
VOL1-78780,0
VOL1-79170,0
VOL1-69080,0
VOL1-42100A,0
VOL1-42100,0
VOL1-47755,0
VOL1-29200,0
VOL1-40163,0
VOL1-40343,0
VOL1-40682,0
VOL1-49003,0
VOL1-49502,0
VOL1-49503,0
VOL1-49603,0
VOL1-49903,0
VOL1-77350,0
VOL1-80224-CLEAR,0
VOL1-90242,0
VOL1-90244-AMBER,0
VOL1-90244-BLACK,0
VOL1-90302,0
VOL1-90442,0
VOL1-90462,0
VOL1-90642,0
VOL1-90662,0
VOL1-93600,0
VOL1-90922,0
VOL1-90942,0
VOL1-93900,0
VOL1-94900,0
VOL1-8002410,0
VOL1-8022410,0
VOL1-8006410,0
VOL1-8008410,0
VOL1-8026410,0
VOL1-8028410,0
VOL1-8052410,0
VOL1-8034410,0
VOL1-8036410,0
VOL1-8038410,0
VOL1-8042410,0
VOL1-8044410,0
VOL1-8046410,0
VOL1-8062410,0
VOL1-8066410,0
VOL1-8092410,0
VOL1-8094410,0
VOL1-8024420,0
VOL1-8036420,0
VOL1-8042420,0
VOL1-8046420,0
VOL1-8062420,0
VOL1-8064420,0
VOL1-8066420,0
VOL1-8094420,0
VOL1-8092420,0
VOL1-31400,0
VOL1-32400,0
VOL1-29300,0
VOL1-29600,0
VOL1-9002410,0
VOL1-9004410,0
VOL1-9006410,0
VOL1-9008410,0
VOL1-9028410,0
VOL1-9036410,0
VOL1-9036420,0
VOL1-9038410,0
VOL1-9044410,0
VOL1-9044420,0
VOL1-9046410,0
VOL1-9046420,0
VOL1-9062410,0
VOL1-9064420,0
VOL1-9066410,0
VOL1-9066420,0
VOL1-9092410,0
VOL1-9094410,0
VOL1-9094420,0
VOL1-23100,0
VOL1-5250160,0
VOL1-5250230,0
VOL1-30467,0
VOL1-30447,0
VOL1-30367,0
VOL1-30067,0
VOL1-52504,0
VOL1-52505,0
VOL1-5250120,0
VOL1-5250030,0
VOL1-5250110,0
VOL1-5250060,0
VOL1-5250020,0
VOL1-5250010,0
VOL1-5250130,0
VOL1-5250220,0
VOL1-5250260,0
VOL1-5250210,0
VOL1-30627,0
VOL1-30647,0
VOL1-30047,0
VOL1-30022,0
VOL1-30025,0
VOL1-30262,0
VOL1-30442,0
VOL1-30242,0
VOL1-75220,0
VOL1-75240,0
LKK1-SS240-2,0
LKK1-RG-11G,0
LKK1-W-2690,0
LKK1-W-2192,0
LKK1-W-1039-810,0
LKK1-W-2193,0
LKK1-W-2398-300,0
LKK1-W-2398-280,0
LKK1-W-2398-230,0
LKK1-W-1015,0
LKK1-W-1016,0
LKK1-W-1020,0
LKK1-W-1021,0
LKK1-W-1022,0
LKK1-W-1023,0
LKK1-W-1024,0
LKK1-W-1027,0
LKK1-W-1034,0
LKK1-W-1035,0
LKK1-W-1036,0
LKK1-W-1037,0
LKK1-W-2004,0
LKK1-W-2027,0
LKK1-W-2028,0
LKK1-W-2029,0
LKK1-W-2030,0
LKK1-W-2032,0
LKK1-W-2046,0
LKK1-W-2047,0
LKK1-W-2048,0
LKK1-W-2049,0
LKK1-W-2050,0
LKK1-W-2051,0
LKK1-W-2052,0
LKK1-W-2053,0
LKK1-W-2054,0
LKK1-W-2055,0
LKK1-W-2056,0
LKK1-W-2068,0
LKK1-W-2069,0
LKK1-W-2070,0
LKK1-W-2072,0
LKK1-W-2073,0
LKK1-W-2074,0
LKK1-W-2075,0
LKK1-W-2076,0
LKK1-W-2077,0
LKK1-W-2141,0
LKK1-W-2143,0
LKK1-W-2137,0
LKK1-W-2138,0
LKK1-W-2139,0
LKK1-W-2140,0
LKK1-W-2146,0
LKK1-W-2147,0
LKK1-W-2148,0
LKK1-W-2150,0
LKK1-W-2151,0
LKK1-W-2157,0
LKK1-W-2158,0
LKK1-W-2159,0
LKK1-W-2160,0
LKK1-W-2153,0
LKK1-W-2154,0
LKK1-W-2155,0
LKK1-W-2156,0
LKK1-W-2187,0
LKK1-W-2188,0
LKK1-W-2213,0
LKK1-W-2214,0
LKK1-W-2211,0
LKK1-W-2216,0
LKK1-W-2217,0
LKK1-W-2218,0
LKK1-W-2275,0
LKK1-W-2292,0
LKK1-W-2401,0
LKK1-W-2403,0
LKK1-W-2396,0
LKK1-W-2397,0
LKK1-W-2399,0
LKK1-W-2406,0
LKK1-W-2404,0
LKK1-W-2667,0
LKK1-W-2668,0
LKK1-W-2670,0
LKK1-W-2671,0
LKK1-W-2672,0
LKK1-W-2673,0
LKK1-W-2675,0
LKK1-W-2686,0
LKK1-W-2687,0
LKK1-W-2688,0
LKK1-W-2689,0
LKK1-W-2691,0
LKK1-W-2692,0
LKK1-W-2693,0
LKK1-W-2694,0
LKK1-W-2695,0
LKK1-W-2696,0
LKK1-W-2697,0
LKK1-W-2757,0
LKK1-W-2758,0
LKK1-W-2762,0
LKK1-W-2763,0
LKK1-W-2759,0
LKK1-W-2760,0
LKK1-W-2761,0
LKK1-W-2764,0
LKK1-W-2765,0
LKK1-W-2766,0
LKK1-W-2767,0
LKK1-W-2768,0
LKK1-W-2800,0
LKK1-W-2801,0
LKK1-W-2802,0
LKK1-W-2803,0
LKK1-W-2804,0
LKK1-W-2805,0
LKK1-W-2806,0
LKK1-W-2830,0
LKK1-W-2831,0
LKK1-W-2832,0
LKK1-W-2833,0
LKK1-W-2834,0
LKK1-W-2835,0
LKK1-W-2836,0
LKK1-W-2837,0
LKK1-W-2838,0
LKK1-W-2839,0
LKK1-W-1017-500,0
LKK1-W-1017-400,0
LKK1-W-1018-500,0
LKK1-W-1018-400,0
LKK1-W-1029-960,0
LKK1-W-1041-530,0
LKK1-W-1041-460,0
LKK1-W-1040-530,0
LKK1-W-1040-460,0
LKK1-W-2020-300,0
LKK1-W-2020-400,0
LKK1-W-2020-500,0
LKK1-W-2020-600,0
LKK1-W-2021-300,0
LKK1-W-2021-400,0
LKK1-W-2021-500,0
LKK1-W-2021-600,0
LKK1-W-2022-350,0
LKK1-W-2022-400,0
LKK1-W-2022-450,0
LKK1-W-2022-500,0
LKK1-W-2023-450,0
LKK1-W-2024-300,0
LKK1-W-2024-400,0
LKK1-W-2024-500,0
LKK1-W-2024-600,0
LKK1-W-2025-100,0
LKK1-W-2025-120,0
LKK1-W-2026-260,0
LKK1-W-2026-280,0
LKK1-W-2031-450,0
LKK1-W-2031-400,0
LKK1-W-2033-450,0
LKK1-W-2033-350,0
LKK1-W-2071-200,0
LKK1-W-2071-220,0
LKK1-W-2071-160,0
LKK1-W-2142-280,0
LKK1-W-2142-300,0
LKK1-W-2144-250,0
LKK1-W-2144-300,0
LKK1-W-2145-260,0
LKK1-W-2145-240,0
LKK1-W-2149-360,0
LKK1-W-2149-330,0
LKK1-W-2152-280,0
LKK1-W-2152-300,0
LKK1-W-2189-320,0
LKK1-W-2189-150,0
LKK1-W-2190-250,0
LKK1-W-2190-270,0
LKK1-W-2191-280,0
LKK1-W-2191-260,0
LKK1-W-2215-250,0
LKK1-W-2215-280,0
LKK1-W-2215-300,0
LKK1-W-2210-390,0
LKK1-W-2210-300,0
LKK1-W-2212-210,0
LKK1-W-2212-240,0
LKK1-W-2212-260,0
LKK1-W-2274-300,0
LKK1-W-2276-380,0
LKK1-W-2276-230,0
LKK1-W-2277-260,0
LKK1-W-2277-410,0
LKK1-W-2278-180,0
LKK1-W-2278-280,0
LKK1-W-2278-300,0
LKK1-W-2279-280,0
LKK1-W-2279-300,0
LKK1-W-2290-350,0
LKK1-W-2290-400,0
LKK1-W-2290-500,0
LKK1-W-2290-600,0
LKK1-W-2291-240,0
LKK1-W-2291-300,0
LKK1-W-2400-280,0
LKK1-W-2400-260,0
LKK1-W-2402-230,0
LKK1-W-2402-430,0
LKK1-W-2407-300,0
LKK1-W-2407-150,0
LKK1-W-2405-300,0
LKK1-W-2405-250,0
LKK1-W-2674-280,0
LKK1-W-2674-250,0
CAM1-6UBR-193,0
CAM1-KSC402220-192,0
CAM1-WW1500CW-135,0
CAM1-MDS8-110,0
CAM1-MDSPLT9-000,0
CAM1-MDSDCPKG-480,0
CAM1-MDSCDCB9-000,0
CAM1-CLJ6190,0
CAM1-CL900P190,0
CAM1-MDC1411T60-401,0
CAM1-WW1000CW-135,0
CAM1-MY3200-E76,0
CAM1-CD100-180,0
CAM1-2030UT,0
CAM1-CVC72,0
CAM1-CVC724,0
CAM1-KVC854,0
CAM1-KVC854C-426,0
CAM1-KVC854U,0
CAM1-400STP-100,0
CAM1-1317DSLG-821,0
CAM1-1317DSLG-822,0
CAM1-1317DSLG-823,0
CAM1-1317DSLG-824,0
CAM1-1317DSLG-826,0
CAM1-1317DSLG-827,0
CAM1-1317DSLG-828,0
CAM1-WW250-135,0
CAM1-KVC854-158,0
CAM1-KVC854-186,0
CAM1-KVC854-191,0
CAM1-KVC854-192,0
CAM1-KVC854-426,0
CAM1-KVC854-519,0
CAM1-IT3753T-000,0
CAM1-KVC854C-158,0
CAM1-KVC854C-186,0
CAM1-KVC854C-191,0
CAM1-KVC854C-192,0
CAM1-KVC854C-519,0
CAM1-UPCHT8002-110,0
CAM1-UPCHT8002-131,0
CAM1-UPCHT8002-191,0
CAM1-UPCHT8002-192,0
CAM1-HT14CWPER-100,0
CAM1-400STP-000,0
CAM1-BAR730-189,0
CAM1-BAR730-191,0
CAM1-BAR730-194,0
CAM1-BAR730-420,0
CAM1-BAR730CP-110,0
CAM1-BAR730CP-189,0
CAM1-BAR730CP-191,0
CAM1-BAR730CP-194,0
CAM1-BAR730CP-420,0
CAM1-BAR730DS-669,0
CAM1-BAR730DS-770,0
CAM1-BAR730DSCP-667,0
CAM1-BAR730DSCP-668,0
CAM1-BAR730DSCP-669,0
CAM1-BAR730DSCP-770,0
CAM1-CVC72-110,0
CAM1-CVC72-158,0
CAM1-CVC72-191,0
CAM1-CVC72-192,0
CAM1-CVC724-110,0
CAM1-CVC724-158,0
CAM1-CVC724-191,0
CAM1-CVC724-192,0
CAM1-CVC724-519,0
CAM1-DRS48-131,0
CAM1-DRS48-480,0
CAM1-BC340KS4SB-110,0
CAM1-EXSK2136V1-480,0
CAM1-EXU245464V4-480,0
CAM1-EXU245484V5-480,0
CAM1-EXU246064V4-480,0
CAM1-EXU246084V5-480,0
CAM1-BAR540DS-670,0
CAM1-PC34CW-135,0
CAM1-23-SL,0
CAM1-23-SLB250,0
CAM1-23-SLINB250,0
CAM1-GP4002-A26,0
CAM1-CO3253-D01,0
CAM1-VL2129RNS-A87,0
CAM1-EPPBEVH2-110,0
CAM1-BAR730CP,0
CAM1-BAR730DSCP,0
CAM1-BAR730DS,0
CAM1-0057-123,0
CAM1-0810-123,0
CAM1-500LCD-LID,0
CAM1-500LCD-BODY,0
CAM1-16C578-151,0
CAM1-BR258110,0
CAM1-1400CTPER100,0
CAM1-VT3646C-F86,0
CAM1-IT3253,0
CAM1-SRE13-110,0
CAM1-300MPC-157,0
CAM1-300MPC-186,0
CAM1-UPCD180-480,0
CAM1-EDSB-580,0
CAM1-CMB1826,0
CAM1-1826LTC3,0
CAM1-VBRTHD5,0
CAM1-VBRU6,0
CAM1-VBRR6,0
CAM1-300MPC-131,0
CAM1-CBPK1864+CBSK1836V,0
CAM1-CBPK1864+CBSK1848V,0
CAM1-CBPK1864+CBSK1860V,0
CAM1-CBPK1864+1836V+1842V,0
CAM1-CBPK1864+1842V+1848V,0
CAM1-CBPK1864+CBSK1872V,0
CAM1-EXU213664V4-580,0
CAM1-EPCT21-580,0
CAM1-EXPCT18-480,0
CAM1-UPC101-180,0
CAM1-1318MTC-180,0
CAM1-20HPD-135,0
CAM1-30HPD-135,0
CAM1-VBRR6-110,0
CAM1-VBRR6-158,0
CAM1-VBRR6-186,0
CAM1-VBRR6-191,0
CAM1-VBRR6-519,0
CAM1-VBRTHD5-110,0
CAM1-VBRTHD5-158,0
CAM1-VBRTHD5-186,0
CAM1-VBRTHD5-519,0
CAM1-VBRU6-110,0
CAM1-VBRU6-158,0
CAM1-VBRU6-186,0
CAM1-VBRU6-519,0
CAM1-1826LTC3-131,0
CAM1-1826LTC3-157,0
CAM1-1826LTC3-186,0
CAM1-350LCD-131,0
CAM1-CPMU244875PDPKG,0
CAM1-350LCD131,0
CAM1-IBSF27148,0
CAM1-CPU212464V4-580,0
CAM1-CPU2123064V4-580,0
CAM1-CPU213664V4-580,0
CAM1-CPU214264V4-580,0
CAM1-CPU214864V4-580,0
CAM1-CPU215464V4-580,0
CAM1-CPU216064V4-580,0
CAM1-CPU217264V4PKG-580,0
CAM1-CPA217264V4PKG-480,0
CAM1-CSDR7-151,0
CAM1-UPCSS160-131,0
CAM1-32HP-771,0
CAM1-34HP-771,0
CAM1-44HP-772,0
CAM1-66HP-771,0
CAM1-66HP-772,0
CAM1-CBU244872V4PDPKG,0
CAM1-EMU244878PDPKG-580,0
CAM1-CPMU244875PDPKG-480,0
CAM1-SFC12SCPP-441,0
CAM1-EXA184272V4-480,0
CAM1-EXA216072V4-480,0
CAM1-EXA244272V4-480,0
CAM1-EXPK1830-480,0
CAM1-EXPK2164-480,0
CAM1-EXPK2172-480,0
CAM1-EXSK2148V1-480,0
CAM1-EXSK2160S1-480,0
CAM1-EXSK2172S1-480,0
CAM1-EXSK2172V1-480,0
CAM1-EXU183630V2-480,0
CAM1-EXU184830V2-480,0
CAM1-EXU184872V4-480,0
CAM1-EXU185464S4-480,0
CAM1-EXU185472S4-480,0
CAM1-EXU186064S4-480,0
CAM1-EXU186072V4-480,0
CAM1-EXU213664V4-480,0
CAM1-EXU213672V4-480,0
CAM1-EXU214272V4-480,0
CAM1-EXU214872V4-480,0
CAM1-EXU215464V4-480,0
CAM1-EXU215472V4-480,0
CAM1-EXU215484S5-480,0
CAM1-EXU216064V4-480,0
CAM1-EXU216084S5-480,0
CAM1-EXU217272S4-480,0
CAM1-EXU217284S5-480,0
CAM1-EXU243664V4-480,0
CAM1-EXU244264V4-480,0
CAM1-EXU244284S5-480,0
CAM1-EXU244884S5-480,0
CAM1-EXU246064S4-480,0
CAM1-EXU246084S5-480,0
CAM1-EXU247264S4-480,0
CAM1-EXU247284S5-480,0
CAM1-EXPCW4-000,0
CAM1-EXMU214270V4-480,0
CAM1-CPU187264V4PKG-480,0
CAM1-CLRSB9-490,0
CAM1-CLRSM8B5-490,0
CAM1-CPU21426V4-480,0
CAM1-1318MTC-401,0
CAM1-4SFSPROPP-190,0
CAM1-900CW-133,0
CAM1-EWS36SINK-110,0
CAM1-EWSU302PK-110,0
CAM1-EWSSK2136V-580,0
CAM1-EWSSK1836S-580,0
CAM1-EWSSK1436S-580,0
CAM1-EWSR2136-151,0
CAM1-EWSU152PK-110,0
CAM1-CBDBS21-480,0
CAM1-24HPU-150,0
CAM1-CSTRSERK24-000,0
CAM1-CSTRSJKIT-000,0
CAM1-CSTRSR5-000,0
CAM1-CBU214864S4-580,0
CAM1-PCMCX4-615,0
CAM1-1216ET-148,0
CAM1-VT3253-A27,0
CAM1-EPP160FD-110,0
CAM1-1216FF168,0
CAM1-VTC2632TNS-F86,0
CAM1-VTC3040T-F89,0
CAM1-VTC3646T-S60,0
CAM1-VT1418-A22,0
CAM1-VL1418-A20,0
CAM1-GP4002-A86,0
CAM1-CA3253-E76,0
CAM1-CA3646-E73,0
CAM1-CA3753-E75,0
CAM1-MY3253-E76,0
CAM1-GBD13913-110,0
CAM1-GBD151212-110,0
CAM1-2RFSPROPP-190,0
CAM1-EDS21,0
CAM1-ECC,0
CAM1-CSID,0
CAM1-30HPLN-150,0
CAM1-SFC6SCPP-441,0
CAM1-SFC2SCPP-441,0
VRM1-1078,0
VRM1-22AR40A,0
VRM1-21AE140ESL,0
VRM1-21AE140ESH,0
VRM1-42R60AP,0
VRM1-AR60-B.5M,0
VRM1-R60-28.5M,0
VRM1-AR200-27.6M,0
VRM1-42AR200PTF,0
VRM1-22AR60,0
VRM1-AR40-B,0
VRM1-AR80-B,0
VRM1-AR60-A,0
VRM1-AR60-B,0
VRM1-21AE60ESH,0
VRM1-22AR80,0
VRM1-R100-27B2M,0
VRM1-RN10-1078,0
VRM1-CR10-27M,0
VRM1-CR10-28M,0
VRM1-CR10-78M,0
VRM1-CR20-A,0
VRM1-RN20-28M,0
VRM1-RN20-28AM,0
VRM1-AR80-AG,0
VRM1-AR80-75M,0
VRM1-AR60-SP,0
VRM1-ATT-DR,0
VRM1-AR40-AG,0
VRM1-AR40-AP,0
VRM1-AR60-AG,0
VRM1-AR60-AP,0
VRM1-HJT,0
VRM1-WSSPH,0
VRM1-22CR20,0
VRM1-42CR20-204,0
VRM1-L-ATT-DR,0
VRM1-AT,0
VRM1-ERGO60-AR60-A,0
VRM1-ERGO60-AG,0
VRM1-22R60,0
VRM1-R60-78M,0
VRM1-R40-78.5M,0
VRM1-R60-28AM,0
VRM1-R60-75M,0
VRM1-R60-78.5M,0
VRM1-R60-27.2M,0
VRM1-R60-28M,0
VRM1-R60-28MT,0
VRM1-44R60,0
VRM1-AG,0
VRM1-14R60,0
VRM1-42R60P,0
VRM1-42R60PT,0
VRM1-42R60-204,0
VRM1-42R60-204T,0
VRM1-39R60,0
VRM1-3MM,0
VRM1-8R3Z,0
VRM1-42CR10-202,0
VRM1-42CR10-204,0
VRM1-5R1M,0
VRM1-41R6-100.1,0
VRM1-1130.001,0
VRM1-6RZ,0
VRM1-CR30-A,0
VRM1-CR30-75M,0
VRM1-KODIAK30-22CR30,0
VRM1-CR30-78M,0
VRM1-CR30-28.1M,0
VRM1-42CR30P,0
VRM1-42CR30-204,0
VRM1-4R1M,0
VRM1-1130.003,0
VRM1-AP,0
VRM1-AR30-A,0
VRM1-RN30-75M,0
VRM1-22AR30,0
VRM1-RN30-27.2M,0
VRM1-RN30-78M,0
VRM1-RN30-28M,0
VRM1-R30-28MT,0
VRM1-14RN30,0
VRM1-42RN30P,0
VRM1-42RN30PT,0
VRM1-42RN30-204,0
VRM1-42RN30-204T,0
VRM1-39RN30,0
VRM1-56AR30-280,0
VRM1-21CR30,0
VRM1-21AE60ESL,0
VRM1-R40-75M,0
VRM1-R40-28M,0
VRM1-R40-28MS,0
VRM1-R40-28MT,0
VRM1-14R40,0
VRM1-42AR41P,0
VRM1-42AR41PT,0
VRM1-KODIAK20-CR20-2.1Z,0
VRM1-42CR10-204T,0
VRM1-48R20Z,0
VRM1-24R20RZ,0
VRM1-CR20-B,0
VRM1-SK-REMOVED,0
VRM1-42CR20-204A,0
VRM1-8R6,0
VRM1-AR5-AR005-075-TS001,0
VRM1-8R5Z,0
VRM1-CR30-27.4M,0
VRM1-42CR30-204T,0
VRM1-CR30-B,0
VRM1-CR30-75AM,0
VRM1-CR30-78AM,0
VRM1-CR30-27.3AM,0
VRM1-42CR30AP,0
VRM1-42CR30-204A,0
VRM1-44AR140.1M,0
VRM1-42RN100A-202,0
VRM1-42RN100B-202,0
VRM1-44RN100,0
VRM1-42RN100-204,0
VRM1-42RN100B-204,0
VRM1-42RN100-202,0
VRM1-W40-75M,0
VRM1-22WR40,0
VRM1-RN100-75M,0
VRM1-22WR100.1,0
VRM1-RN100-78.5M,0
VRM1-RN100-27M,0
VRM1-42RN100P,0
VRM1-RN100-28M,0
VRM1-AR30-21AE60ESH,0
VRM1-AR80-22AR80,0
VRM1-AR80-R100-78M,0
VRM1-AR80-R100-27B2M,0
VRM1-KODIAK20 CR20-A,0
VRM1-AR60-22AR60,0
VRM1-RN10-CR10-27M,0
VRM1-RN10-CR10-28M,0
VRM1-RN10-CR10-78M,0
VRM1-KODIAK20-CR20-A,0
VRM1-KODIAK20-42CR20-202,0
VRM1-KODIAK20-ATT-DR,0
VRM1-AR40-SP,0
VRM1-AR40-HIT,0
VRM1-AR60-HIT,0
VRM1-AR60-WSSPH,0
VRM1-KODIAK20-CR20-75M,0
VRM1-KODIAK20-22CR20,0
VRM1-KODIAK20-CR20-78M,0
VRM1-KODIAK20-CR20-27.2M,0
VRM1-KODIAK20-CR20-28M,0
VRM1-KODIAK20-42CR20-204,0
VRM1-RN10-S-ATT-DR,0
VRM1-RN10-L-ATT-DR,0
VRM1-ERGO60-AT,0
VRM1-ERGO60-R60-75M,0
VRM1-ERGO60-22R60,0
VRM1-ERGO60-R60-78M,0
VRM1-ERGO60-R60-27.2M,0
VRM1-ERGO60-R60-28M,0
VRM1-ERGO60-R60-28MT,0
VRM1-ERGO60-14R60,0
VRM1-ERGO60-42R60P,0
VRM1-AR40-R40-78.5M,0
VRM1-AR30-50150-2,0
VRM1-AR60-50150-2,0
VRM1-AR60-R60-75M,0
VRM1-AR60-R60-78M,0
VRM1-AR60-R60-78.5M,0
VRM1-AR60-R60-27.2M,0
VRM1-AR60-R60-28M,0
VRM1-AR60-R60-28MT,0
VRM1-AR30-AG,0
VRM1-AR60-14R60,0
VRM1-AR60-42R60P,0
VRM1-AR60-42R60PT,0
VRM1-AR60-42R60-204,0
VRM1-AR60-42R60-204T,0
VRM1-AR60-39R60,0
VRM1-AR5-3MM,0
VRM1-AR5-41R6-100.1,0
VRM1-AR5-8R3Z,0
VRM1-RN10-42CR10-202,0
VRM1-RN10-42CR10-204,0
VRM1-RN10-5R1M,0
VRM1-RN10-3MM,0
VRM1-RN10-41R6-100.1,0
VRM1-RN10-8R3Z,0
VRM1-RN10-1130.001,0
VRM1-RN20-AP,0
VRM1-RN20-AG,0
VRM1-RN20-ATT-DR,0
VRM1-RN20-AD,0
VRM1-RN20-75.2M,0
VRM1-RN20-78M,0
VRM1-RN20-27M,0
VRM1-RN20-28MS,0
VRM1-RN20-28MT,0
VRM1-RN20-14R20,0
VRM1-RN20-42RN20P,0
VRM1-RN20-42RN20PT,0
VRM1-RN20-42RN20-204,0
VRM1-RN20-42RN20-204T,0
VRM1-RN20-39RN20,0
VRM1-RN20-5R1M,0
VRM1-RN20-41R6-100.1,0
VRM1-RN20-6RZ,0
VRM1-RN20-1130.003,0
VRM1-KODIAK20-6RZ,0
VRM1-KODIAK20-5R1M,0
VRM1-KODIAK20-4R1M,0
VRM1-KODIAK20-41R6-100.1,0
VRM1-KODIAK20-1130.003,0
VRM1-KODIAK30-ATT-DR,0
VRM1-KODIAK30-SK,0
VRM1-KODIAK30-CR30-A,0
VRM1-KODIAK30-CR30-75M,0
VRM1-KODIAK30-CR30-78M,0
VRM1-KODIAK30-CR30-27.3M,0
VRM1-KODIAK30-CR30-28.1M,0
VRM1-KODIAK30-42CR30P,0
VRM1-KODIAK30-42CR30-204,0
VRM1-KODIAK30-6RZ,0
VRM1-KODIAK30-5R1M,0
VRM1-KODIAK30-4R1M,0
VRM1-KODIAK30-41R6-100.1,0
VRM1-KODIAK30-1130.003,0
VRM1-AR30-AP,0
VRM1-AR30-ATT-DR,0
VRM1-AR30-RN30-75M,0
VRM1-AR30-22AR30,0
VRM1-AR30-RN30-78M,0
VRM1-AR30-RN30-28M,0
VRM1-AR30-RN30-28MS,0
VRM1-AR30-R30-28MT,0
VRM1-AR30-14RN30,0
VRM1-AR30-42RN30P,0
VRM1-AR30-42RN30PT,0
VRM1-AR30-42RN30-204,0
VRM1-AR30-42RN30-204T,0
VRM1-AR30-39RN30,0
VRM1-AR30-56AR30-280,0
VRM1-AR30-21CR30,0
VRM1-AR30-21AE60ESL,0
VRM1-AR30-5R1M,0
VRM1-AR30-4R1M,0
VRM1-AR30-41R6-100.1,0
VRM1-AR30-6RZ,0
VRM1-AR30-1130.003,0
VRM1-AR40-50150-2,0
VRM1-AR40-R40-75M,0
VRM1-AR40-R40-78M,0
VRM1-AR40-R40-28M,0
VRM1-AR40-R40-28MS,0
VRM1-AR40-R40-28MT,0
VRM1-AR40-14R40,0
VRM1-AR40-42AR41P,0
VRM1-AR40-42AR41PT,0
VRM1-AR40-42R40-204,0
VRM1-RN10-42CR10-204T,0
VRM1-RN10-48R20Z,0
VRM1-RN10-24R20RZ,0
VRM1-KODIAK20-CR20-B,0
VRM1-KODIAK20-SK-REMOVED,0
VRM1-KODIAK20-CR20-75AM,0
VRM1-KODIAK20-RN20-78AM,0
VRM1-KODIAK20-CN20-27A2M,0
VRM1-KODIAK20-CR20-27A2M,0
VRM1-KODIAK20-CR20-28AM,0
VRM1-KODIAK20-42CR20-204A,0
VRM1-KODIAK20-8R6,0
VRM1-KODIAK20-8R5Z,0
VRM1-RN10-8R5Z,0
VRM1-AR5-AR005-080-TDM00,0
VRM1-KODIAK30-22CR20,0
VRM1-KODIAK30-42CR30-204T,0
VRM1-KODIAK30-CR30-B,0
VRM1-KODIAK30-CR30-75AM,0
VRM1-KODIAK30-CR30-78AM,0
VRM1-KODIAK30-CR30-27.3AM,0
VRM1-KODIAK30-42CR30AP,0
VRM1-KODIAK30-42CR30-204A,0
VRM1-KODIAK30-8R5Z,0
VRM1-KODIAK30-48R20Z,0
VRM1-AR40-HJT,0
VRM1-AR60-HJT,0
VRM1-R100-78M,0
VRM1-AE140-75M,0
VRM1-AR140-27.5M,0
VRM1-AR140-28.5M,0
HAT1-FSDT-1X,0
HAT1-GR2BW-30,0
HAT1-GR2SDS-36D,0
HAT1-GRAHL-48,0
HAT1-HDW-1,0
HAT1-HDW-3,0
HAT1-RCTHW-1E,0
HAT1-DL-725RL-ANTIQUE-COP,0
HAT1-S-36,0
HAT1-DL-800SL-BLACK,0
HAT1-UGAH-24,0
HAT1-DL-725RL-GLEAMIMG-G,0
HAT1-DL-600RL-ANTIQUE-NIC,0
HAT1-DL-400AU-BRIGHT-NICK,0
HAT1-GRAHL-36,0
HAT1-GRS-18-I,0
HAT1-FSHC-17W1D,0
HAT1-FSHC-6W1,0
HAT1-GR2SDS-30D,0
HAT1-GRPWS-4824T,0
HAT1-HDW-1N,0
HAT1-HDW-2B,0
HAT1-UGAHL-60D,0
HAT1-GRS-48-I,0
HAT1-RHW-1B,0
HAT1-HGSM-4060,0
HAT1-UGFFBL,0
HAT1-GRAHL-54,0
HAT1-GRAHL-66,0
HAT1-DL-500SL-WARM-RED,0
HAT1-DL-500CL-GRAY-GRANIT,0
HAT1-FSHC-17W1,0
HAT1-GRAIH-60,0
HAT1-DL-500SL-BLACK,0
HAT1-GRAIH-30,0
HAT1-GRAIH-36,0
HAT1-UGAHL-48D,0
HAT1-DL-800RL-BLACK,0
HAT1-GR2AH-36,0
HAT1-GR2A-30D,0
HAT1-DL-750SL-WARM-RED,0
HAT1-DL-500RL-HUNTER-GREE,0
HAT1-DL-500RL-ANTIQUE-COP,0
HAT1-DL-500RL-BRIGHT-COPP,0
HAT1-DL-600RL-WARM-RED,0
HAT1-DL-600RL-ANTIQUEBRAS,0
HAT1-DL-400RL-BRIGHT-NICK,0
HAT1-IHDCH-45,0
HAT1-DL-800RL-BRIGHT-NICK,0
HAT1-GRAIH-48-TCBI,0
HAT1-PFST-2X,0
HAT1-PFST-1X,0
HAT1-GMFFL,0
HAT1-WFST-1X,0
HAT1-HWBI-1DA,0
HAT1-HWBI-2,0
HAT1-HWBI-2D,0
HAT1-HWBI-2DA,0
HAT1-HWBI-2M,0
HAT1-HWBI-2MA,0
HAT1-HWBI-3,0
HAT1-HWBI-3D,0
HAT1-HWBI-3DA,0
HAT1-HWBI-3M,0
HAT1-HWBI-3MA,0
HAT1-HWBI-4,0
HAT1-HWBI-4D,0
HAT1-HWBI-4DA,0
HAT1-HWBI-4M,0
HAT1-HWBI-4MA,0
HAT1-HWBI-5,0
HAT1-HWBI-5D,0
HAT1-HWBI-5DA,0
HAT1-HWBI-5MA,0
HAT1-HWB-FULD,0
HAT1-HWBI-FUL,0
HAT1-HWBI-FULD,0
HAT1-HWBIB-FUL,0
HAT1-HWBIB-FULD,0
HAT1-HWBH-FUL,0
HAT1-HWBH-FULD,0
HAT1-HWBHI-FUL,0
HAT1-HWBHI-FULD,0
HAT1-HWBHIB-FUL,0
HAT1-HWBHIB-FULD,0
HAT1-GRSBF-24-F,0
HAT1-GRSBF-24-I,0
HAT1-GRSBF-24-S,0
HAT1-GRSBF-30-F,0
HAT1-GRSBF-30-I,0
HAT1-GRSBF-30-S,0
HAT1-GRSBF-30-O,0
HAT1-GRSBF-36-F,0
HAT1-GRSBF-36-I,0
HAT1-GRSBF-36-S,0
HAT1-GRSBF-36-O,0
HAT1-GRSBF-42-F,0
HAT1-GRSBF-42-I,0
HAT1-GRSBF-42-S,0
HAT1-GRSBF-42-O,0
HAT1-GRSBF-60-F,0
HAT1-GRSBF-60-I,0
HAT1-GRSBF-60-S,0
HAT1-GRSBF-60-O,0
HAT1-GRSBF-72-F,0
HAT1-GRSBF-72-I,0
HAT1-GRSBF-72-S,0
HAT1-GRSBF-72-O,0
HAT1-GRSBF-48-F,0
HAT1-HDW-1B,0
HAT1-HDW-1BN,0
HAT1-GRAHL-66D,0
HAT1-GR2S-24,0
HAT1-GRSSR20-DL77516,0
HAT1-UGAHL-30D,0
HAT1-GRAHL-72D,0
HAT1-GRAHL-96D,0
HAT1-HWB-43,0
HAT1-HWB-43D,0
HAT1-HWB-43DA,0
HAT1-GRNH-18,0
HAT1-GRNH-24,0
HAT1-GRNH-42,0
HAT1-GRNH-48,0
HAT1-GRNH-54,0
HAT1-GRNH-60,0
HAT1-GRNH-66,0
HAT1-GRNH-72,0
HAT1-GRFHS-16,0
HAT1-GRFHS-26,0
HAT1-GRSS-2418,0
HAT1-GRSS-3018,0
HAT1-GRSS-3618,0
HAT1-GRSS-4818,0
HAT1-GRSS-6018,0
HAT1-GRSS-7218,0
HAT1-GRSSB-2418,0
HAT1-GRSSB-3018,0
HAT1-GRSSB-3618,0
HAT1-GRSSB-4818,0
HAT1-GRSSB-6018,0
HAT1-GRSSB-7218,0
HAT1-GRBW-36,0
HAT1-GRBW-48,0
HAT1-GRBW-54,0
HAT1-GRBW-60,0
HAT1-GRBW-66,0
HAT1-GRBW-72,0
HAT1-GR2BW-24,0
HAT1-GR2BW-36,0
HAT1-GR2BW-42,0
HAT1-GR2BW-48,0
HAT1-GR2BW-54,0
HAT1-GR2BW-60,0
HAT1-GR2BW-66,0
HAT1-GR2BW-72,0
HAT1-GRCD-1P,0
HAT1-GRCD-2P,0
HAT1-GRCD-3P,0
HAT1-GRCD-1PD,0
HAT1-GRCD-2PD,0
HAT1-GRCD-3PD,0
HAT1-GRCDH-1P,0
HAT1-GRCDH-2P,0
HAT1-GRCDH-3P,0
HAT1-GRCDH-1PD,0
HAT1-GRCDH-3PD,0
HAT1-FSHC-6W2,0
HAT1-C-6,0
HAT1-C-7,0
HAT1-C-9,0
HAT1-HWBH-43,0
HAT1-HWBH-43D,0
HAT1-HWBH-43DA,0
HAT1-HWB-4QT,0
HAT1-HWB-4QTD,0
HAT1-HWB-7QT,0
HAT1-HWB-7QTD,0
HAT1-HWBH-7QT,0
HAT1-HWBH-7QTD,0
HAT1-HWB-11QT,0
HAT1-HWB-11QTD,0
HAT1-HWBH-11QT,0
HAT1-HWBH-11QTD,0
HAT1-GRSBF-48-I,0
HAT1-GRSBF-48-S,0
HAT1-GRSBF-48-O,0
HAT1-GRAHL-48D,0
HAT1-GRN-18,0
HAT1-GRN-24,0
HAT1-GRN-30,0
HAT1-GRN-36,0
HAT1-GRN-42,0
HAT1-GRN-48,0
HAT1-GRN-54,0
HAT1-GRN-60,0
HAT1-GRN-66,0
HAT1-GRN-72,0
HAT1-UGAHL-36D,0
HAT1-HBG-2418,0
HAT1-DL-775RL-WARM-RED&BL,0
HAT1-FDWD-2X,0
HAT1-DL-750SR,0
HAT1-DCSB400-R24-1,0
HAT1-DCSB400-3624-2,0
HAT1-DL-775RRP,0
HAT1-HDW-3N,0
HAT1-DL-700AU-BCOPPER,0
HAT1-HSBF-GL-3018,0
HAT1-FR-3,0
HAT1-UGAHL-36,0
HAT1-GR2A-42D,0
HAT1-GRAIH-18,0
HAT1-GRAIH-42,0
HAT1-GRCMW-1DH,0
HAT1-HWBHRT-11QTD,0
HAT1-GRAHL-36D,0
HAT1-GRAIH-54,0
HAT1-FST-1-MN,0
HAT1-GRBW-24,0
HAT1-GRFFBL-INF,0
HAT1-GRAH36D,0
HAT1-GRFHS-PT26,0
HAT1-DL-500SL-BCOPPER,0
HAT1-GRNH-36,0
HAT1-DL-400AU-HUNTER-GREE,0
HAT1-DL-400AU-BLACK,0
HAT1-DL-725SL-WARM-RED,0
HAT1-DL-500SL-GLOSSY-GRAY,0
HAT1-GRCSCL-24,0
HAT1-TQ10,0
HAT1-TQ400,0
HAT1-CSUX-48-F,0
HAT1-CWBR-S1,0
HAT1-HBGB-3618,0
HAT1-HBGB-7218,0
HAT1-ITQ-1750-2C,0
HAT1-HBGB-2418,0
HAT1-HBGB-6018,0
HAT1-HBGB-4818,0
HAT1-TM3-5H,0
HAT1-MPWS-45,0
HAT1-TQ3-500-BLACK,0
HAT1-IRNG-PC1-36,0
HAT1-TK-100,0
HAT1-TK-75,0
HAT1-TQ3-900-WARM-RED,0
HAT1-TQ3-900H-WARM-RED,0
HAT1-3CS-4,0
HAT1-3CS-6,0
HAT1-3CS-9,0
HAT1-3CS-3B,0
HAT1-3CS-4B,0
HAT1-3CS-9B,0
HAT1-GRCSCLH-24,0
HAT1-TMS-1,0
HAT1-TMS-1H,0
HAT1-FDWD-1-MN,0
SIR1-HERCULES-50TA-400V,0
SIR1-HERCULES-50-2V,0
SIR1-HERCULES-30-2V,0
SIR1-HERCULES-40,0
SIR1-HERCULES-30-TA-CE,0
SIR1-PLUTONE-10,0
SIR1-HERCULES-30,0
SIR1-HERCULES-50,0
SIR1-HERCULES-40-TA,0
SIR1-HERCULES-50-TA,0
SIR1-HERCULES-5,0
SIR1-HERCULES-10,0
SIR1-HERCULES-20-TA-2V,0
SIR1-HERCULES 30 TA 2V,0
SIR1-HERCULES-40-TA-2V,0
SIR1-HERCULES-50-TA-2V,0
SIR1-BARMASTER-Q-WIFI,0
SIR1-MODULO 3 ALOQN,0
SIR1-MIRRA300,0
SIR1-SO2400-IX-CE-400-TF,0
SIR1-SIRIO1,0
SIR1-VORTEX-35VV,0
SIR1-VORTEX-50,0
SIR1-TCG12E-400V,0
SIR1-SO1650-F3-TF,0
SIR1-C15-DA-BANCO,0
SIR1-STERILIZZ-ELETTR-CO,0
SIR1-TC32 NEVADA,0
SIR1-VETRINETTA-D-42,0
SIR1-PPJ20-SC-220V,0
SIR1-TOP-M,0
SIR1-VORTEX-55VV,0
SIR1-DRAGONE-CHROME,0
SIR1-VORTEX-43,0
SIR1-VORTEX-55,0
SIR1-PALLADIO-350-AUTOMEC,0
SIR1-TC22-BARCELLONA-Q-ICE-220V,0
SIR1-IP30M-Y14-1PH,0
SIR1-IP50M-Y14-1PH,0
SIR1-IP50M-Y14-3PH,0
SIR1-DRAKE,0
SIR1-IP-180 XP-BA-3PH,0
SIR1-MASTER 60 Y12 HP4,0
SIR1-TC32-MONTANA-Y12-HP4-400,0
SIR1-TC42-MONTANA-Y12-HP5-400V,0
SIR1-IP20M,0
SIR1-PPJ10 SC 1PH,0
SIR1-PALLADIO300 AUTOMEC,0
SIR1-PALLADIO300VV AUTOME,0
SIR1-PALLADIO300-AUTOMATI,0
SIR1-51-MB,0
SIR1-RAFFAELLO-370-EVO,0
SIR1-32-BARCELLONA-Q-ICE-220V,0
SIR1-PALLADIO-350-TOP,0
SIR1-ORCHESTRA-10,0
SIR1-GF-VEGAS,0
SIR1-EASYVAC30-BX,0
SIR1-HW45,0
SIR1-SIRIO2-VV,0
SIR1-MIRRA250T,0
SIR1-TC22-BARCELLONA-T-220V,0
SIR1-SO2020-INOX-DA-PAVIM-CE,0
SIR1-SO2020 INOX-TF-BANCO-CE,0
SIR1-SO2400-INOX-COLONNA-CE,0
SIR1-GALILEO385-AUTO,0
SIR1-45K,0
SIR1-NE1840,0
SIR1-NE1840-DIGITAL,0
SIR1-C-TRONIC-4-VV,0
SIR1-PPJ-SC-220V,0
SIR1-PPJ10-SC-400V,0
SIR1-PPJ20-220V,0
SIR1-PPJ20-SC-400V,0
SIR1-PPJ-SC-4000V,0
SIR1-SO2400-INOX-NORMAL,0
SIR1-TC32-BARCELLONA-Q-220V,0
SIR1-PPJ20,0
SIR1-PPJ20-SC,0
SIR1-PPJ10 220V,0
SIR1-PPJ10 SC 230V,0
SIR1-SO2020 INOX TF DA,0
SIR1-W8-TOP-30-BX,0
SIR1-STERILIZER-UV-16-NAPOLI,0
SIR1-ATHOS-MN,0
SIR1-W8-TOP-70-BX-40-TB-P,0
SIR1-SO1840F3,0
SIR1-TW6,0
SIR1-TW12,0
SIR1-EX-TRACTOR,0
SIR1-MANTEGNA-300-VCS,0
SIR1-22-COLORADO-400V,0
BER1-U20,0
BER1-JD318MIX25,0
CEC1-FE100N,0
COF1-NEWCOF224,0
COF1-NEWCOF224H-C,0
LKK1-MT30B,0
LKK1-ZJ-1A,0
LKK1-PB240,0
HAM1-1G950,0
LIN1-EB6F,0
NUO1-ARB1M,0
NUO1-OSCAR-BLACK,0
NUO1-VENUS-BAR(CH),0
NUO1-OSCAR-SILVER,0
NUO1-MASTER-CAPP,0
RAN1-CLASSE10-SDE2-GR,0
RAN1-EPOCA-S2-GREY,0
RAN1-CLASSE6-S2-GR-GREY,0
RAN1-CLASSE10-S2-GR-GREY,0
ROB1-AF50,0
ROB1-LT30,0
ROE1-MP450,0
ROE1-MP450COMBI,0
ROE1-CMP300VV-A,0
SAE1-STRATOS,0
LAC1-7-S-A,0
LKK1-QL-7600,0
HAM1-HCU065S-CE,0
NTS1-HB-D1,0
LKK1-G338C2F,0
LKK1-SS150-1,0
LKK1-SS180-1,0
SAN1-01U,0
CEC1-CPO-3RP-CE,0
ROE1-MP550-ULTRA-LED,0
ROB1-83DT,0
LIN1-LWB2,0
LIN1-LWB4,0
LIN1-LWB6,0
LAC1-M27-C2,0
ROE1-MP350-ULTRA,0
ROE1-MP350COMBI-ULTRA,0
LIN1-EB4F,0
LAC1-6-S-A,0
CAM1-MDSCDC9X5EU-24V,0
OMG1-C-12W,0
OMG1-BL332S,0
COG1-STEELTECH18-00,0
HAM1-60200-CE,0
COF1-JETCOF240,0
COF1-JETCOF360,0
LKK1-TJ32B,0
LKK1-JG210,0
LTE1-MIX1.2,0
RAN1-EPOCA-ST1-RED,0
SAN1-33,0
SAN1-37,0
PIM1-WC750760,0
PIM1-SS-ISC760800,0
PIM1-BD-2200W-450,0
PIM1-EWB-45,0
PIM1-MF-1H,0
PIM1-SEM-500W,0
BER1-BJY-WB80,0
LTE1-OEXTC,0
LTE1-OE750M,0
ROE1-BLIXER23,0
ROE1-BLIXER30,0
ROE1-BLIXER60,0
JTA1-JUS-TY-2,0
SAN1-32-BAC,0
SAN1-33E,0
EDL1-FFD-18,0
CAM1-PCU1000CC-615,0
CAM1-PCU1000CP-615,0
CAM1-PCU1000HC-615,0
CAM1-PCU1000HH-615,0
CAM1-PCU1000HP-615,0
CAM1-PCU1000PP-615,0
CAM1-PCU2000CC-615,0
CAM1-PCU2000CP-615,0
CAM1-PCU2000HC-615,0
CAM1-PCU2000HH-615,0
CAM1-PCU2000HP-615,0
CAM1-PCU2000PP-615,0
PIM1-SICSM2-28L,0
PIM1-SICSM2-30L,0
ROL1-VHF1000,0
SAN1-43,0
ROL1-RDC60T,0
ROL1-TPR60,0
SAN1-32T,0
ROB1-BR22,0
ROL1-CD800,0
SAN1-04N,0
JTA1-DH-22-21,0
JTA1-DRN-2,0
ROE1-CL55-2-FEED-HEADS,0
COG1-TOPTECH31-22.2,0
COG1-TOPTECH31-22.3,0
HAM1-HBH550R,0
COG1-TOPTECH31-22.1,0
HAM1-HJE960-CE,0
COG1-TOPTECH39-20D,0
LKK1-TC32(Y),0
ROE1-R45,0
CAM1-UPCH8002-192,0
LKK1-TQ8,0
SAN1-50C,0
CAM1-UPCH8002-110,0
ROE1-C80,0
EDL1-CH-5000,0
LIN1-M3F,0
NTS1-KT1200D,0
NTS1-KT1500D,0
NTS1-KT1200DW,0
CAM1-PCUHH2-615,0
HAM1-HBH755R,0
LKK1-JG650,0
ROE1-CL52,0
CAM1-UPCHW4002-401,0
LKK1-QS505A,0
ROL1-RD60-F,0
PIM1-REF-MR24-CART,0
PIM1-REF-MR48-CART,0
ROE1-BLIXER-8-VV,0
LIN1-FPB7,0
LTE1-N5600+R300,0
ROE1-R30,0
BER1-BJY-IM191-IB-300,0
BER1-BJY-IM682-IB775,0
ROB1-UDS20V,0
NTS1-MH-100DZ,0
NTS1-MH-168SZ,0
NTS1-BCH-32,0
NTS1-MH-54SZ,0
NTS1-MH-54DZ,0
ROE1-BLIXER45,0
REF1-00040,0
REF1-SHELLY-12,0
REF1-ALBA-20,0
REF1-SNH-0163,0
ROE1-BLIXER10-VV,0
BER1-ESM44,0
BER1-ESM55,0
BER1-BMCFP3,0
BER1-BMCFP4,0
LKK1-RG-7X,0
LIN1-BS3,0
PUJ1-910.008,0
ROB1-E14-65G,0
ROB1-E25-100G,0
ROB1-PS50,0
ROB1-BM1B,0
ROB1-CS10,0
ROB1-E16-100RD,0
ROU1-CC21,0
VOL1-96457,0
LIN1-BS7,0
JTA1-DH-580,0
JTA1-DH-805,0
JTA1-DH-11-5F,0
JTA1-DH-310,0
JTA1-DR-2,0
CAM1-PCUS800HC-4,0
ROL1-SBC40C,0
ROL1-SBC40F,0
ROL1-SBM40F,0
ROL1-SBM40C,0
LIN1-BM6C,0
JTA1-DH-11-21,0
ROL1-CB20,0
ROL1-VHC1000,0
BER1-NFW35-2,0
BER1-NFW40-2,0
BER1-NFW45-2,0
BER1-NFW50-2,0
BER1-NFW55-2,0
BER1-BMC8WC,0
BER1-BMCFP4-WC,0
LKK1-KBM-150,0
LKK1-KBM-204,0
ROB1-BM1,0
LKK1-MHDD112,0
LKK1-MHDD212,0
ROL1-HD800,0
ROE1-CL40,0
ROL1-CS4E,0
JTA1-R60-2,0
ROB1-40DT,0
ROB1-80DT,0
ROL1-WI-2,0
ROL1-WI-3,0
BER1-HFD24-65,0
BER1-HFD25-65,0
ROL1-BW30,0
ROB1-E14,0
ROB1-E16,0
ROB1-E24,0
ROB1-E25,0
ROB1-HQ1200,0
ROB1-M6T,0
CAM1-PCUCH2-615,0
LKK1-E03A-2-SSWHMBB,0
LKK1-E05A-2-SVWOB,0
LKK1-E05A-2-GDWOB,0
LKK1-E02-1-GDWHMBB,0
LKK1-E03A-2-SSBLMBB,0
LKK1-B10,0
LKK1-B15,0
LKK1-B20F,0
LKK1-B25,0
LKK1-B5B,0
LKK1-HS20,0
LKK1-HS50A,0
LKK1-HWH25B,0
LKK1-LSP520,0
LKK1-SM20,0
LKK1-FX20A,0
LKK1-B50,0
LKK1-DS4,0
LKK1-DS6,0
LKK1-DS8,0
LKK1-FX13A,0
LKK1-B5A,0
ROL1-350E,0
ROL1-FC260,0
SAV1-C20VS,0
STA1-SWB7RBE,0
TOA1-TCO2114,0
TOL1-BTM4WSH,0
ZAN1-T2-POLIS-MC18,0
ZAN1-T2-POLIS-MC28,0
ZAN1-CIT-6-F-MC,0
ZAN1-T-POLIS-PW3-TP,0
ZAN1-T-POLIS-PW3-CL,0
ZAN1-GIANO-DA-BANCO,0
ZAN1-SELENE-60,0
ZAN1-ROTOR-WIND-3E,0
ZAN1-ROTOR-WIND-3GF,0
JTA1-TT-450,0
JTA1-DE-1-A,0
JTA1-P18S,0
ZAN1-T-POLIS-PW4ST-MC30,0
ZAN1-T-POLIS-PW4-ST-CL,0
LKK1-EPZ-418,0
LKK1-EPZ-12,0
JTA1-UWB-H,0
LKK1-HDD36B,0
LKK1-HDD36,0
LKK1-B80,0
LKK1-HS30,0
LKK1-PEO-40X1B,0
ZAN1-ROLLER-30-INOX,0
ZAN1-ROLLER-40-PVC,0
ZAN1-ROLLER-40-INOX,0
LKK1-M20A,0
ROL1-GES70,0
ZAN1-T-POLIS-PW2-CL-3MC,0
LKK1-B40A,0
ZAN1-GALASSIA-60S,0
ZAN1-GALASSIA-PN120,0
VRM1-AR60-M060-0073,0
JTA1-DE-1,0
ZAN1-T-POLIS-PW6-CL,0
ZAN1-T-POLIS-PW6-BM,0
ZAN1-T-POLIS-PW6-MC30,0
ROL1-FC380,0
ZAN1-GALASSIA-PN80,0
LKK1-HS50(D),0
ZAN1-TPOLIS-PW-3-TP,0
ZAN1-TPOLIS-PW-3-CL,0
ZAN1-TPOLIS-PW-4ST-MC30,0
ZAN1-TPOLIS-PW-4-ST-CL,0
ZAN1-TPOLIS-PW6-CL,0
ZAN1-TPOLIS-PW6-BM,0
ZAN1-TPOLIS-PW6-MC30,0
ZAN1-TPOLIS-PW-3-ST-MC18,0
ZAN1-TPOLIS-PW-3-ST-MC30,0
ZAN1-T-POLIS-3-MC30-2D,0
LIN1-CO133M,0
LIN1-CO133T,0
LIN1-CO223M,0
LIN1-CO223T,0
LIN1-CO235M,0
LIN1-CO235T,0
ZAN1-T-POLIS-3-MC18-3D,0
ROL1-GES40 B,0
ROL1-PANINI-RB,0
ZAN1-ROTOR-WIND-4EL,0
ZAN1-CIT-6F-CL,0
ZAN1-CITIZEN-6-FMC-C,0
ZAN1-GALASSIA-PN60,0
SAN1-18,0
ZAN1-SIRIO-500,0
LKK1-HS40,0
LKK1-HS50,0
ZAN1-T3-POLIS-CL,0
ZAN1-GALASSIA 25,0
LKK1-LK-HBC-5,0
LKK1-HWH25(HY),0
LIN1-PO425,0
LIN1-PO430,0
LIN1-PO425-2,0
LIN1-PO430-2,0
LKK1-EPZ-6,0
SEV1-QL2,0
ZAN1-SELENE-80-AUTOMATICA,0
BER1-EG3500,0
BER1-DDF126,0
ELO1-ELG3,0
FAG1-HMI10-11,0
LKK1-EF-101,0
LKK1-EF-061,0
LKK1-EG618,0
LKK1-EG618-2,0
LKK1-EL280,0
ROB1-HP1505C,0
ROB1-SC1,0
ROB1-TX4,0
ROB1-CGR610,0
ROL1-CO6,0
WIS1-412-6,0
PMF1-CELLA-XL-4-44,0
JTA1-EF-8L,0
JTA1-EF-12L,0
ROL1-PANINI-XLL,0
JTA1-JZH-RT,0
MBM1-MIN77T-M1,0
LKK1-HBE350I,0
LKK1-BT-350H-1,0
LKK1-E350S,0
LKK1-BT-180T1,0
LKK1-MSD-300FM,0
BES1-E7FL4M,0
LKK1-NPL-1L,0
LKK1-NPL-1D,0
ZNS1-372187,0
CTX1-DZ33I-2-W-O-STAND,0
TBC1-HHC1618-STD-36,0
TBC1-HHDEWD00029,0
LKK1-SGS-680Y,0
MBM1-MG7EA777I,0
LKK1-IND700A,0
ROL1-DPI300,0
JTA1-ZH-TC-1,0
LIN1-IH3,0
LKK1-EG600-2,0
SIR1-PD-POWER-RR-RR-TIMER,0
HOU1-COMBISLIM-C-1.10,0
BER1-DF12,0
BER1-DF23D,0
LKK1-EG548,0
LKK1-EG738-2,0
SIR1-PDR3000,0
ZAN1-CITIZEN-6+6-FMC,0
ROL1-SEM800Q-380,0
ROL1-SEM600Q-380,0
ROL1-SEM800Q-220,0
JTA1-JO-E-T61,0
ZAN1-ROTOR-WIND-3GL,0
ZAN1-T-POLIS-2-MC18-STEAM-STONE,0
CAM1-CMBH1826TBC-191,0
JTA1-EB-600-1PH,0
JTA1-YXD-8A,0
JTA1-EF-6L,0
JTA1-EF-11L,0
JTA1-EF-6L-2,0
JTA1-EF-8L-2,0
JTA1-EF-12L-2,0
JTA1-YXD-1AE,0
ZAN1-T-POLIS-PW4-MC30-1D,0
JTA1-GH-813A,0
JTA1-JUS-TEF-2,0
JTA1-EWR-04-23-L,0
JTA1-JZH-TG,0
ROL1-GED75,0
JTA1-DZL28,0
MBM1-MBRE98A,0
MBM1-MFRE98A,0
MBM1-MFTE98ALR,0
BER1-SDF12D,0
BER1-SDF12,0
JTA1-EWR-10-11-H,0
SIR1-DOLOMITI-3T-1-1-P,0
SIR1-DOLOMITI-3T-2-3 P,0
SIR1-DOLOMITI-5T-1-1,0
SIR1-DOLOMITI-5T-GELATERI,0
SIR1-DOLOMITI-5T-P,0
SIR1-DOLOMITI-5T-1-1-P,0
ROL1-ELR-5-XL,0
JTA1-JZH-TO,0
ZAN1-CITIZEN GAS PW9-TP,0
JTA1-EWR-20-11-H,0
JTA1-JZH-RM-S4,0
ZAN1-CITIZEN-EP70-4+4-MC,0
ZNS1-283002,0
LIN1-SLI3,0
LIN1-SLI3W,0
SIR1-PD-WAFER-TIMER,0
SIR1-VULCANO-2C-220V,0
SIR1-VESUVIO-70X70,0
SIR1-VESUVIO-85X70,0
SIR1-VESUVIO-105X70,0
SIR1-VESUVIO-105X70-2C,0
JTA1-EWR-20-21-H,0
JTA1-JUS-DGH-60,0
JTA1-EWR-06-11-H,0
JTA1-EWR-10-11-M,0
JTA1-HD-09-S,0
JTA1-HD-11-S,0
JTA1-JUS-600,0
JTA1-JUS-DM-3,0
JTA1-JUS-TH60,0
JTA1-JUS-TZ-4,0
JTA1-JZH-GT360,0
JTA1-JZH-TM-S4,0
JTA1-MME-500H-S,0
ZNS1-372098,0
ZAN1-T-POLIS-PW4-MC18,0
ZAN1-T-POLIS-PW3-MC18,0
JTA1-HP-4500,0
JTA1-JZH-TH,0
JTA1-ZH-TT-6A,0
SIR1-SA110,0
ZAN1-T-POLIS-PW2S-MC18-2D,0
ROL1-SEF800Q,0
ZAN1-T-POLIS-PW2S-MC18-3D,0
MBM1-MPEE98A100I,0
MBM1-MPEE98A150I,0
MBM1-MIN77A-M1,0
MBM1-MBRE78A,0
MBM1-MFTE77TLR,0
ZAN1-CITIZEN-GAS-PW6-CL,0
ZAN1-CITIZEN-GAS-PW6-BM,0
ZAN1-CITIZEN-GAS-PW9-CL,0
ZAN1-CITIZEN-GAS-PW9-BM,0
LIN1-FWDG,0
JTA1-EB-600-3PH,0
MBM1-VC77A,0
MBM1-VC74A,0
ZAN1-T-POLIS-PW4-MC30-2D,0
ROB1-ET310,0
ROB1-ET315,0
JTA1-TE601BQ1,0
SIR1-TIZIANO-350-EVO-BS1,0
SIR1-MANTEGNA-350-BS1,0
SIR1-MANTEGNA-330-BS1,0
ZAN1-T-POLIS-PW2-MC18-2D,0
JTA1-GH-550,0
ZAN1-T-POLIS-4-MC18,0
LIN1-OE8405,0
ZAN1-CITIZEN-EP70-4-MC,0
ZAN1-TPOLIS-PW-4-MC30,0
ROL1-RBE80,0
ZAN1-T-POLIS-PW4-MC30,0
ROL1-DOUBLE-PANINI-380V,0
LIN1-OE8205-C,0
JTA1-JZH-TE-4,0
ROL1-PANINI-PREMIUM,0
ROL1-PREMIUM,0
LIN1-IH42,0
ROL1-PL600E,0
SIR1-6Q-2400W,0
LKK1-SK-600,0
ZAN1-SYNTH.08-50V,0
ROL1-RBE25,0
ROL1-PANINI-XL,0
LIN1-GG1R,0
JTA1-GH-250,0
MBM1-SAE541,0
SIR1-TC22 BARCELLONA-Q-ICE-H-220V,0
SIR1-TC22-BARCELLONA-Q-ICE-H-400V,0
SIR1-W8-TOP-50-BX,0
RTN1-ICOMBI-CLASSIC-6-1-1,0
SIR1-MIRRA-300-Y09-CE,0
SIR1-TM-TG-400V,0
ROL1-140I,0
ROL1-MAJESTIC-M,0
SIR1-W8-TOP-50-DX,0
ROL1-MAJESTIC-RB,0
LKK1-LK-LEO-12,0
LKK1-LK-LEO-36,0
LKK1-LK-DL-22D,0
SIR1-DOLOMITI-10T-GELATER,0
LIN1-LSF-OLD-VERSION,0
LIN1-LSF-NEW-VERSION,0
ROL1-DOUBLE-PANINI,0
LIN1-SL13,0
LIN1-SL13W,0
SIR1-PD-WAFER,0
ROL1-DOUBLE-PANINI-220V,0
SAN1-12-12R,0
SAN1-48,0
ZAN1-CIT-9+9-MC,0
LKK1-WG500,0
LKK1-WG600-2,0
ZAN1-SYNTH.05-40V,0
SIR1-PI2.5-INCASSO,0
LKK1-D03-2-SSSSST,0
LIN1-UM50,0
LCO1-BATHIDOR-500-30,0
LCO1-BATHIDOR-500-40,0
LCO1-BATHIDOR-500-50,0
LCO1-SOUS-VIDE-PRECISE,0
LCO1-SOUS-VIDE-GOURMET-BK,0
LCO1-SOUS-VIDE-PRO,0
LCO1-CONCEDOR-SOUS-VIDE,0
LCO1-LICUADORA-PRO,0
LCO1-BATIDORA,0
LCO1-SOUS-VIDE-GOURMET-WH,0
LIN1-LDF,0
LIN1-LFF,0
LKK1-EPZ-8,0
HOU1-COMBISLIM-CPE1.10,0
NTS1-B5D,0
BES1-GL15M,0
CEC1-GF16,0
CEC1-FE100G,0
DCS1-DCS24-4-1,0
FAG1-FTG905R,0
LKK1-GT600-2,0
SOU1-SCB-24,0
TRI1-TSHP-6-36C,0
ZAN1-CITIZEN-6-MC-GAS,0
SKP1-SIM-75A,0
BES1-G7F6P+FG1,0
BES1-G7F4P+FG1,0
PIM1-FDM-170,0
JTA1-NYGF300-RF,0
JTA1-S24,0
JTA1-RB-6,0
JTA1-JUS-RA-4,0
JTA1-FGC100,0
JTA1-JZH-RC-2,0
JTA1-JUS-TRC-2,0
SKP1-SB6-1G-BK-(800-MM),0
SKP1-SB1500-3RD-SS,0
JTA1-JZH-TQ-4,0
JTA1-JZH-RS,0
CAM1-CBUWR184872PKG,0
CAM1-CPUWR184872PKG,0
CAM1-EXUWR184872PKG,0
MBM1-MFB98FEXL,0
BES1-G7PI,0
JTA1-JUS-RA-6,0
JTA1-JUS-TR-4,0
ROL1-SGM800,0
ZNS1-372179,0
ROL1-SGF800,0
ZNS1-372090,0
ZNS1-372000,0
ZNS1-372178,0
ZNS1-372066,0
ZNS1-372071,0
JTA1-JZH-RU,0
ROL1-RBG200,0
JTA1-JZH-TQ-6,0
ROL1-RFG16,0
ZNS1-372008,0
MBM1-MPEG98A100I,0
MBM1-MPEG98A150,0
MBM1-MFB711FGMXS,0
MBM1-FB77FGXS,0
SKP1-SUR12-2-L-GN(750-MM),0
SKP1-SIM-75NA,0
MBM1-SAG660,0
MBM1-MG7GF477TS,0
MBM1-MG7G50I77,0
LIN1-GR7-N,0
LIN1-GS4-P,0
MBM1-FB711AXL,0
MBM1-FB74AXL,0
LKK1-WGF-181,0
ROL1-RBG30,0
ZAN1-CITIZEN-GAS-PW6-MC,0
BER1-CB5B,0
BER1-OB6,0
BER1-SALA22,0
BER1-GR001,0
BER1-CRB3B,0
BER1-GDF12,0
BER1-GG2B12RFS,0
BER1-FSGDF11D,0
BER1-BJY-GDF55-1B,0
BER1-BJY-GDF55-2B,0
BER1-OB4GG1BFS,0
BER1-OB2FS,0
BER1-CB3BGG1B,0
BER1-CB3BGG1BFS,0
BER1-OB4GG1B,0
BER1-FSGDF12,0
BER1-TK43CW,0
BER1-BP30,0
BER1-BS4DU-F-L,0
BER1-BS4DU-CF-W,0
BER1-B2D-C5-BL,0
BER1-BS1FDUF-Z-GN-60HZ,0
BER1-BF-1300-40-5,0
BER1-BS4DR-C1850-2-LB(760),0
BER1-BS-OS3SC-14B,0
BER1-B2D-C5-BL6,0
BER1-2D-DC-S,0
BER1-3D-DC-S-50HZ,0
BER1-FDC4,0
BER1-FDC6,0
BER1-FDC8,0
BER1-BS6DU-C-L,0
BER1-BS9DR-C8-3-L,0
BER1-BS6DU-F-L,0
BER1-BS2DU-C-W,0
BER1-BS6DU-C-W,0
BER1-BS2DU-F-W,0
BER1-BS4DU-F-W,0
BER1-BS6DU-F-W,0
BER1-BS2DU-CF-W,0
BER1-BS6DU-CF-W,0
BER1-BS2D-CF6-W,0
BER1-CKE8SCSB,0
BER1-B2D-C5-W6,0
BER1-B3D-C7-L6,0
BER1-B4D-C8-L6,0
BER1-BS-SW2D-L5(760),0
BER1-BS-SW2D-L6(760),0
BER1-BS3D-F7-Z-L(760),0
BER1-3D-DC-BBH-1,0
BER1-BS2D-CF5-L-R(750),0
BER1-BS3D-2C1-F8-Z-L(760),0
BER1-GS12-W,0
BER1-B3D-C7-7-SM-L(760),0
BER1-BSDU2F2C-C,0
BER1-BS2D-C4-Z-W(760),0
BER1-BS2D-C5-Z-W(760),0
BER1-RDS-M-12W,0
BER1-RDS-M-15W,0
BER1-RDS-M-12,0
BER1-RDS-M-15,0
BER1-B2D-C5-7-SM-L(750),0
BER1-GS08-G,0
BER1-BJY-IM55,0
BER1-BJY-IM95,0
BER1-BJY-IM191LD-IB-300,0
BER1-BJY-IM455-IB375,0
BER1-BJY-IM455LD-IB-375,0
BER1-BJY-IMF300,0
BER1-IB-300,0
BER1-IB-375,0
BER1-IB-775,0
BER1-BS3D-C7-L(750),0
BER1-B2D-C6-L(750),0
BER1-BS2D-C5-BL(750),0
BER1-BS2D-C5-L-R(750),0
BER1-BS2D-C5-W(750),0
BER1-BS2D-F6-W(750),0
BER1-BS3D-C7-W(750),0
BER1-BS3D-C8-W(750),0
BER1-BS3D-CF8-L(750),0
BER1-BS3D-F7-W(750),0
BER1-BS3D-F8-W(750),0
BER1-BS6DR-C7-2-L(750),0
BER1-BS9DR-C7-3-L(750),0
BER1-BS2D-CF5-W(750),0
BER1-BS-SW2D-W6(750),0
BER1-BS2D-F4-W(750),0
BER1-BS3D-PCF8-C(750),0
TBA1-KF25-1G-LW,0
TBA1-KF25-2-LW-GN,0
TBA1-KF25-2-W,0
TBA1-KUR15-2-L(600MM),0
TBA1-KRF65-6-L,0
TBA1-KURF12-2-L(700-MM),0
TBA1-KURF15-2-L(700-MM),0
TBA1-KURF18-3-L(700-MM),0
TBA1-KRF65-6-W,0
TBA1-KURF12-2-W(700-MM),0
TBA1-KURF15-2-W(700-MM),0
TBA1-KURF18-3-W(700-MM),0
TBA1-TB6-1G-BK-(800-MM),0
TBA1-KGR18-3-L(750-MM),0
TBA1-KGR18-3-W(750-MM),0
TBA1-TB9-8H-SWSBS,0
TBA1-KUR9-3D-3-L(750-MM),0
TBA1-KUR12-3D-6-L(750MM),0
TBA1-KR45-4G-L,0
TBA1-KUF9-1-L(750-MM),0
TBA1-KR45-2G-L,0
TBA1-KUF9-3D-3-L(750MM),0
TBA1-KRF25-2-W,0
TBA1-KHR9-1-L(750-MM),0
TBA1-KUF15-2D-2-L(750MM),0
TBA1-KUR9-1-L(750MM),0
TBA1-KUR15-3D-3-L(750-MM),0
TBA1-KURF12-2-L(750MM),0
TBA1-KURF15-2-L(750MM),0
TBA1-KURF18-3-L(750MM),0
TBA1-KUR18-3D-9-L(750MM),0
TBA1-KGR12-2-L(750MM),0
TBA1-KGR12-2-W(750MM),0
TBA1-KURF12-2-W(750MM),0
TBA1-KURF15-2-W(750MM),0
TBA1-KURF18-3-W(750MM),0
TBA1-KUR12-2D-2-L(750MM),0
TBA1-KUR18-3D-3-L(750MM),0
TBA1-KGR9-1-L(600-MM),0
TBA1-KR25-1-L,0
TBA1-KF25-1-W,0
TBA1-KR65-3-W,0
TBA1-KR65-6-W,0
TBA1-KF65-3-W,0
TBA1-KRF45-4H-W,0
TBA1-KR65-3G-W,0
TBA1-KR65-3G-L,0
TBA1-KR65-6G-L,0
TBA1-KR65-6G-W,0
TBA1-KTR9-1-L,0
TBA1-KTR12-2-L,0
TBA1-KTR15-2-L,0
TBA1-KTR18-3-L,0
TBA1-KUR18-3-BL(750MM),0
TBA1-KUR15-2-BL(750MM),0
TBA1-KUF15-2-BL(750MM),0
TBA1-KF45-2-L,0
TBA1-KF45-2-W,0
TBA1-KUF12-3D-3-L(750MM),0
TBA1-KF65-6-L,0
TBA1-KF25-1G-L,0
TBA1-KR65-6-L,0
TBA1-KUR18-3-L(600-MM),0
TBA1-KUR18-3-W(600-MM),0
TBA1-KUF18-3-L(600-MM),0
TBA1-KUF18-3-W(600-MM),0
TBA1-KF45-2G-L,0
TBA1-KF45-4G-L,0
TBA1-KUR12-3D-3-L(750-MM),0
TBA1-KWR18-3-BL(750-MM),0
TBA1-KUR9-3D-3-W(750-MM),0
TBA1-KHR9-1-W(750-MM),0
TBA1-KF25-1G-W,0
TBA1-KF25-2G-W,0
TBA1-KF45-2G-W,0
TBA1-KF45-4G-W,0
TBA1-KF65-3-L,0
TBA1-KF65-6-W,0
TBA1-KR45-2G-W,0
TBA1-KR45-4G-W,0
TBA1-KR25-1-W,0
TBA1-KR65-3-L,0
TBA1-KUF9-1-W(750-MM),0
TBA1-KUR9-1-W(750-MM),0
TBA1-KUF12-3D-6-L(750-MM),0
TBA1-KF25-2G-LW,0
TBA1-KF45-2G-LW,0
TBA1-KF45-4G-LW,0
TBA1-KF65-3-LW,0
TBA1-KR25-1-LW,0
TBA1-KR25-2G-LW,0
TBA1-KR65-3G-LW,0
TBA1-KRF45-4-LW,0
TBA1-KSR9-1-LW(700MM),0
TBA1-KUF18-3-LW(600-MM),0
TBA1-KUR18-3-LW(600-MM),0
TBA1-KUR9-3D-3-LW(750-MM),0
TBA1-KURF12-2-LW(700-MM),0
TBA1-KURF15-2-LW(700-MM),0
TBA1-KUR18-3-LW(750MM)-R,0
TBA1-CMST-60-24,0
TBA1-KF25-2P-L,0
TBA1-KUR15-3D-6-LW(700MM),0
TBA1-KR65-3-LW(800MM),0
TBA1-KSR18-3-LW(700MM),0
TBA1-KUF15-2-LW(700MM),0
TBA1-TOH-1500,0
TBA1-KUR18-3D-9(750MM),0
TBA1-KUR18-3D-3(750MM),0
TBA1-KUR18-3D-6(750MM),0
TBA1-KUR12-2-LW(700MM),0
TBA1-KUR15-2-L(750MM),0
TBA1-TB13-8H-SWSBS,0
TBA1-TB9-8H-SLSBS,0
TBA1-KUR18-3-L(750MM),0
TBA1-KUR18-3-L(750MM)-R,0
TBA1-KUF18-3-L(750MM),0
TBA1-KF25-2-L,0
TBA1-KR25-2-L,0
TBA1-KRF45-4H-L,0
TBA1-KSR15-2-L(750MM),0
TBA1-KUR12-2-L(750MM),0
TBA1-KR45-2-L,0
TBA1-KHR12-2-L(750MM),0
TBA1-KSR18-3-L(750MM),0
TBA1-KSR12-2-L(750MM),0
TBA1-KUF12-2-L(750MM),0
TBA1-KHR12-2-W(750MM),0
TBA1-KUR12-2-W(750MM),0
TBA1-KUR15-2-W(750MM),0
TBA1-KF25-1-L,0
TBA1-KHR15-2-L(750-MM),0
TBA1-KHR18-3-L(750-MM),0
TBA1-KSR9-1-L(750MM),0
TBA1-CTPR-44SD-L,0
TBA1-KUF15-3D-6-L(750MM),0
TBA1-KUF15-3D-3-L(750MM),0
TBA1-KGR15-2-L(750-MM),0
TBA1-KGR9-1-L(750MM),0
TBA1-KSR9-1-L(700MM),0
TBA1-KUR18-3-L(700MM),0
TBA1-KHR18-3-L(700MM),0
TBA1-CM3F47-4-L,0
TBA1-KUR15-2-L(700MM),0
TBA1-KGR9-1-W(750MM),0
TBA1-KR45-2-W,0
TBA1-KHR15-2-W(750-MM),0
TBA1-KHR18-3-W(700MM),0
TBA1-KSR12-2-W(750MM),0
TBA1-KUR15-2-W(700MM),0
TBA1-CTPR-44SD-W,0
TBA1-KSR15-2-W(750MM),0
TBA1-KSR18-3-W(750MM),0
TBA1-CM3F47-4-W,0
TBA1-KSR9-1-W(700MM),0
TBA1-KR25-2G-W,0
TBA1-KSR9-1-W(750MM),0
TBA1-KUF15-2-W(750MM),0
TBA1-KUF15-3D-3-W(750MM),0
TBA1-KUF15-3D-6-W(750MM),0
TBA1-KUR18-3-W(700MM),0
TBA1-KUR18-3-W(750MM),0
TBA1-KUR18-3-W(750MM)-R,0
TBA1-KR25-1G-L,0
TBA1-KR25-1G-W,0
TBA1-KUR15-2-W(600MM),0
TBA1-KUR15-3D-6-L(750MM),0
TBA1-KUR18-3D-6-L(750MM),0
SIR2-28184032,0
BER1-FP1-2-2.5,0
BER1-CP12C,0
WNK1-E8GN11100P,0
WNK1-E8GN11L,0
WNK1-E8GN13L,0
WNK1-E8GN14L,0
WNK1-E8GN1140,0
WNK1-E8GN11150,0
WNK1-E8GN2120,0
WNK1-CR-015(C),0
WNK1-CR-016(C),0
HAM1-1G932,0
KIT1-KPRA,0
LTE1-CS10,0
LIN1-WT4,0
RHE1-CHEF-E2,0
ROB1-Z11025,0
ROB1-Z11100,0
ROB1-Z12065,0
ROB1-Z16000C,0
ROB1-Z11150,0
ROB1-Z14000C,0
ROB1-Z23150,0
TS1-B-0502,0
TS1-B-0507,0
TRA1-1401-01,0
TRA1-2751,0
TRA1-4740-01,0
TRA1-4842-18,0
TRA1-532-01,0
TRA1-WR1009,0
NTS1-DS1210400,0
PRC1-BSK-PB40,0
NTS1-LUGC19-GB,0
NTS1-AP20-MI,0
TS1-062X,0
TS1-059X,0
NTS1-WIN-S85ST,0
TAC1-N32A-R,0
LTE1-N000-PAPPARDELLE,0
NTS1-HCA-OAK,0
ROE1-28174,0
ROL1-BE1-3,0
ROE1-39681,0
ROE1-39680,0
ROE1-49066,0
BER1-BJY-IT-36C,0
ROL1-MS-RFG12,0
ZNS1-960638,0
ROE1-407435,0
ROE1-107812,0
ROE1-28118,0
ROE1-28141,0
ROE1-28140,0
ROE1-28197,0
ROE1-28200,0
ROE1-28203,0
WNK1-CD-158(C),0
NTS1-PCCM-161,0
NTS1-PCCM-163,0
SAR1-VM5280CL,0
SAR1-VM5280LG,0
SAR1-SI7000,0
TOP1-9814,0
SAR1-L2203,0
ROE1-27364,0
TS1-5F-1SLX05,0
TS1-5F-4DLX12,0
TS1-5EF-EU1DS-C,0
TAC1-N32A-BR,0
TAC1-PM1918,0
HAT1-CSCL-BOARD,0
TAC1-8032R,0
TAC1-8032X,0
TAC1-8032W,0
NTS1-HH2010K-DW,0
NTS1-L5.PC223BK,0
NTS1-KND6003-1,0
NTS1-L5.PC184QM,0
NTS1-L5.HT051QM,0
NTS1-L5.HT053QM,0
NTS1-94.1200QM,0
NTS1-94.42616QM,0
NTS1-94.11746AQM,0
NTS1-L5.PC186QM,0
NTS1-NW021,0
NTS1-T7.001MP,0
NTS1-PH005,0
NTS1-MATIRX-28,0
NTS1-MATIRX-103B,0
NTS1-MATIRX-103BR,0
ROE1-38150,0
LKK1-E01-2-SSBLMBB,0
TS1-5AFL12,0
TAC1-16SV,0
TS1-5F-1SLX06,0
NTS1-TSL-7310,0
BER1-CP11C,0
BER1-CP13C,0
CAD1-77690203,0
ELO1-0531,0
ELO1-0533,0
ELO1-0534,0
ELO1-0536,0
ELO1-0537,0
GET1-6695-2,0
LTE1-N3078,0
LTE1-R400-P,0
LIN1-WT3,0
ROB1-Z16100,0
ROB1-Z19065,0
ROB1-Z11065,0
ROB1-Z13065,0
ROB1-Z13100,0
ROB1-Z14150,0
ROB1-Z16150,0
ROB1-Z19100,0
ROB1-Z14100,0
ROB1-Z19000C,0
SUN1-B316C8,0
TS1-B-1128,0
TS1-B-536,0
TS1-B-0231,0
TS1-B-1141,0
TRA1-1216-38,0
TRA1-1217-21,0
TRA1-1370,0
TRA1-4701,0
TRA1-4840-62,0
TRA1-1216-06,0
TRA1-5224-08,0
ZAN1-T2-POLIS-CL,0
ZAN1-PALE0004,0
HAT1-2-RAIL,0
HAT1-RMB-3-TI,0
FNC1-T100,0
NTS1-MCH-250ML,0
NTS1-CEK-1.9L,0
NTS1-HT-300KG,0
NTS1-OC-PCD48,0
NTS1-ICE-S212,0
NTS1-PEN-TH,0
NTS1-ICE-S200,0
NTS1-LACL-350ML,0
NTS1-HTS-13,0
NTS1-MT-B10L,0
HAT1-HWBRT-7QT,0
NTS1-TAL-60-3,0
NTS1-SCP-001,0
NTS1-LUGC17-SR,0
NTS1-LT-BR,0
NTS1-BED-BB,0
NTS1-HKC1300,0
NTS1-PIL-01,0
NTS1-AP15-MI,0
NTS1-VCP-150,0
NTS1-VCP-75,0
TOP1-9809,0
TS1-5F-4DLS12,0
TS1-5F-8DLS12,0
TS1-5F-4DLS05,0
LTE1-X530,0
NTS1-DKH238A,0
NTS1-DKH210P,0
EDL1-625M,0
EDL1-700SS,0
BER1-LR-47,0
TOP1-M98E-504SG03,0
ZAN1-T-POLIS-PW4-CL-2MC,0
ZAN1-T-POLIS-PW4-TP,0
ZAN1-T6-POLIS-CL,0
ZAN1-T4-POLIS-CL,0
ZAN1-T6-POLIS-BM(2MC),0
ZAN1-T6-POLIS-BM(3MC),0
ROL1-B3,0
HAT1-UGAH-42,0
EDL1-SG-2,0
EDL1-SG-2C,0
EDL1-SG-2L,0
EDL1-SG-2CL,0
EDL1-S-11,0
EDL1-S-11C,0
EDL1-S-11TP,0
EDL1-S-11WB,0
EDL1-S-11CL,0
HAT1-FM-5,0
NTS1-SB2,0
NTS1-UO23-WF,0
CTP1-GS-10829P,0
SEV1-3S-600G,0
NTS1-RT-600730,0
HAT1-CL-LOW,0
JTA1-2009-E-D,0
HAT1-HWBIB-FULDA,0
HAT1-HWB-2-7Q,0
HAT1-7QT-LID,0
JTA1-R60-1,0
NTS1-GM-RO11-GY,0
ROE1-R10VV,0
SEV1-B-04,0
SEV1-B-05,0
ZAN1-T-POLIS-PW2S-CL-3MC,0
CTP1-GS-10929P-BK,0
ZAN1-T-POLIS-PW4-CL-3MC,0
VRM1-AR40-A,0
ZAN1-CITIZEN-GAS-PW6-TP,0
TOP1-KS409H,0
BER1-BP30B,0
HAT1-11QT-PAN,0
HAT1-11QT-LID,0
TOP1-WV-3170P-FEP,0
TOP1-M-H098-SV,0
NTS1-BS170-SSG,0
ZAN1-TPOLIS-PW-4-CL-2MC,0
ZAN1-TPOLIS-PW-4-TP,0
ROE1-27395,0
ROE1-28161,0
HAM1-6126-1100S,0
ROE1-29343,0
ROL1-GR53176,0
ROL1-CHPS600,0
ROL1-F07023,0
TOP1-M98E-200-HRW15,0
TOP1-9817-M800-VB,0
TS1-EC-3101,0
TS1-EC-3102,0
TS1-B-1115,0
TS1-B-1121,0
TS1-B-0207,0
TS1-B-0212,0
TS1-B-0300,0
TS1-B-0320,0
TS1-B-0598,0
TS1-B-0610,0
TS1-B-0865-04,0
TS1-B-3940,0
ZAN1-CIT-6F-TP,0
ROB1-Z11025-P,0
ROB1-Z11065-P,0
ZAN1-T4-POLIS-BM(3MC),0
EDL1-S-11L,0
EDL1-S-11CE,0
HAT1-TCBI,0
LTE1-ID2500,0
LTE1-N4107,0
HAT1-7QT-PAN,0
EDL1-CA-3000,0
HAT1-TQRAMP,0
EDL1-610M,0
TOP1-20114,0
TOP1-98007-M001,0
ZAN1-T-POLIS-2-TP,0
NTS1-SHP-AL1-2,0
NTS1-SHP-AL1-2P,0
NTS1-SHP-AL1-4,0
NTS1-SHP-AL1-8,0
NTS1-SHP-AL2-3,0
NTS1-SHPE-AL1-2,0
NTS1-SHPE-AL1-4,0
ROB1-PGS60-5,0
NTS1-GR-GRI1185,0
NTS1-AWC150,0
NTS1-CWS 045,0
TOP1-M-H098-SV1,0
ROB1-WA132,0
TS1-5PR-2S00-H,0
ZAN1-CIT-6+6F-BM,0
HAT1-HL-BRKT,0
LTE1-N80022,0
SEV1-4240.18,0
EDL1-G2,0
HAT1-DL-775RL-GLEAMING-G,0
LTE1-N3705,0
EDL1-625A,0
HAT1-RCTHW-7QT,0
TS1-5F-8DLX12,0
TS1-5F-8DLX03,0
TS1-5F-2SLX05,0
TS1-5F-2SLX12,0
TS1-5F-8DLX06,0
TS1-5F-8WLX03,0
HAT1-HBG-3018,0
NTS1-X23577X3,0
REF1-00033,0
NTS1-99.8329,0
NTS1-22683,0
NTS1-SB 25B,0
NTS1-MATIRX-16,0
NTS1-MATIRX-17,0
NTS1-MATIRX-18,0
NTS1-MATIRX-19,0
NTS1-MATIRX-20,0
NTS1-MATIRX-21,0
NTS1-MATIRX-23,0
NTS1-MATIRX-24,0
NTS1-MATIRX-29,0
LKK1-E01-2-CPWHMBB,0
REF1-00038,0
ARC1-23694C,0
ARC1-23761C,0
ARC1-24929C,0
ARC1-23369C,0
ARC1-76399,0
ARC1-03034,0
ARC1-08935,0
ARC1-08942,0
ARC1-71220,0
ARC1-76487,0
ARC1-09130,0
ARC1-48198,0
ARC1-48172,0
ARC1-22522,0
ARC1-22530,0
ARC1-58833,0
ARC1-28891,0
ARC1-36378,0
ARC1-49361,0
ARC1-75187,0
ARC1-07132,0
ARC1-71602,0
ARC1-10011,0
ARC1-10018,0
ARC1-10040,0
ARC1-10027,0
ARC1-02388,0
ARC1-00648,0
ARC1-00630,0
ARC1-65669,0
ARC1-52104,0
ARC1-63118,0
ARC1-04063,0
ARC1-06498,0
ARC1-06527,0
ARC1-13295,0
ARC1-12558,0
ARC1-28382,0
ARC1-25425,0
ARC1-65297,0
ARC1-65296,0
COF1-SUNRISE-1,0
COF1-SUNRISE-3,0
EDL1-4412HDL,0
EDL1-4416HDL,0
WNK1-WIN1-5,0
WNK1-CD-018(B),0
OBE1-C310,0
OBE1-C550,0
OBE1-C420,0
OBE1-C422,0
OBE1-C610,0
OBE1-C720-2000019,0
OBE1-P122,0
OBE1-C750,0
OBE1-P430,0
OBE1-C311-2000002,0
SEA1-AC101BL,0
SEA1-BB124C,0
SEA1-BB130C,0
SEA1-NG101CB,0
SEA1-NG101MV,0
SEA1-NG101PH,0
SEA1-NG411ST-BR,0
SEA1-PB315CB,0
PRC1-TK-BP3H,0
NTS1-SDC-1,0
NTS1-PCC-RO,0
TAC1-3713,0
WNK1-CD-151(C),0
CTP1-SS-FTS-180-BL,0
NTS1-AVA1-15,0
WNK1-SL0005-PM,0
WNK1-RB-330HF,0
WNK1-RCT5842HF,0
WNK1-PE-34-T-PM,0
WNK1-CON-001A-PM,0
WNK1-CD-088,0
WNK1-DWCP-27HF,0
WNK1-CD-043,0
NTS1-HP-350W-1,0
NTS1-TEA-B8-S,0
NTS1-HP-350W,0
LKK1-W-1030,0
LKK1-W-2002,0
WNK1-PC148M,0
LKK1-W-2669,0
LKK1-W-2799,0
ARC1-42073,0
ARC1-48112,0
ARC1-10343,0
ARC1-02327,0
ARC1-25565,0
ARC1-71143,0
ARC1-42250,0
ARC1-55429,0
ARC1-51245,0
WNK1-CD-093-POR(DIV),0
WNK1-CD-163,0
WNK1-BT-180T2,0
TAC1-599P,0
TAC1-8064A-BR,0
REF1-SCT-060-SDD,0
TAC1-8064A-OR,0
TAC1-542,0
TAC1-R169,0
TAC1-A139,0
TAC1-BK17508,0
NTS1-MY13221,0
NTS1-MY12271,0
SIR1-69012010,0
SIR1-28180024,0
SIR1-28180026,0
SIR1-28180027,0
SIR1-28180033,0
SIR1-ARIES8,0
SIR1-ARIES16,0
SIR1-N.5,0
SIR1-N.7,0
SIR1-N.8,0
SIR1-N.10,0
SIR1-N.11,0
SIR1-N.15,0
SIR1-N.21A,0
SIR1-N.24,0
SIR1-N.26,0
SIR1-N.27,0
SIR1-N.30,0
SIR1-N.31,0
SIR1-N.33,0
SIR1-N.35,0
SIR1-N.36,0
SIR1-N.55,0
SIR1-N.56,0
SIR1-N.62,0
SIR1-N.69,0
SIR1-N.75,0
SIR1-N.78,0
SIR1-N.79,0
SIR1-N.80,0
SIR1-N.81,0
SIR1-N.82,0
SIR1-N.95,0
SIR1-N.144,0
SIR1-N.145,0
SIR1-N.193,0
SIR1-N.200,0
SIR1-N.210,0
SIR1-N.211,0
SIR1-N.214,0
SIR1-N.215,0
SIR1-N.230,0
SIR1-N.232,0
SIR1-N.242,0
SIR1-N.246,0
SIR1-N.250,0
SIR1-N.260,0
SIR1-N.267,0
SIR1-N.366,0
SIR1-N.368,0
SIR1-N.370,0
SIR1-N.372,0
SIR1-N.380,0
SIR1-N.386,0
SIR1-28180397,0
SIR1-N.114,0
SIR1-N.115,0
SIR1-STER-L,0
SIR1-28180145,0
SIR1-28180200,0
SIR1-28180246,0
SIR1-28180260,0
SIR1-28180079,0
SIR1-MSC04AMOP,0
SIR1-MSC04AMOI,0
SIR1-MSC15AMOZ,0
SIR1-MSC15AMOF,0
SIR1-MSC15AMOP,0
SIR1-MSC15AMOI,0
SIR1-LF039255,0
SIR1-69013000,0
SIR1-11003004,0
SIR1-11003001,0
SIR1-11003002,0
SIR1-11003003,0
SIR1-PPJ10 3PH,0
SIR1-ANNIVERSARIO-300-BK,0
SIR1-69062500,0
SIR1-SWP,0
SIR1-TC12E-CE-RV,0
SIR1-IW2071240098,0
SIR1-5858VAC13100B,0
SIR1-5858VAC12100B,0
SIR1-5858VAC13000C,0
SIR1-5858VAC12000CI,0
SIR1-IW2071230104,0
SIR1-PPJ10 400V,0
VOL1-29823,0
VOL1-29825,0
VOL1-29827,0
VOL1-35362,0
VOL1-35363,0
VOL1-35364,0
VOL1-35461,0
VOL1-35462,0
VOL1-35463,0
VOL1-35939,0
VOL1-35940,0
VOL1-47139,0
VOL1-47140,0
VOL1-47145,0
VOL1-47146,0
VOL1-47147,0
VOL1-47713,0
VOL1-47809-20,0
VOL1-47809-30,0
VOL1-47809-40,0
VOL1-47809-60,0
VOL1-47809-70,0
VOL1-47812-60,0
VOL1-52671,0
VOL1-52674,0
VOL1-52675,0
VOL1-52695,0
VOL1-62306,0
VOL1-62309,0
VOL1-62314,0
VOL1-62320,0
VOL1-62322,0
VOL1-86104,0
VOL1-86108,0
VOL1-86110,0
VOL1-86113,0
VOL1-86114,0
VOL1-86117,0
VOL1-86119,0
VOL1-86124,0
VOL1-93943,0
VOL1-97286,0
VOL1-68374,0
VOL1-47234,0
VOL1-47236,0
VOL1-47214,0
VOL1-46789,0
VOL1-68371,0
VOL1-23200,0
VOL1-29818,0
VOL1-32200,0
VOL1-34200,0
VOL1-40026,0
VOL1-40042,0
VOL1-40122,0
VOL1-40442,0
VOL1-40522,0
VOL1-40562,0
VOL1-40942,0
VOL1-42008,0
VOL1-49103,0
VOL1-49303,0
VOL1-49403,0
VOL1-93100,0
VOL1-94200,0
VOL1-90312,0
VOL1-94300,0
VOL1-90422,0
VOL1-8024410,0
VOL1-8054410,0
VOL1-8064410,0
VOL1-8002420,0
VOL1-8004420,0
VOL1-8022420,0
VOL1-8026420,0
VOL1-8028420,0
VOL1-8054420,0
VOL1-8032420,0
VOL1-8034420,0
VOL1-8038420,0
VOL1-8044420,0
VOL1-31500,0
VOL1-31300,0
VOL1-31600,0
VOL1-32600,0
VOL1-31900,0
VOL1-29100,0
VOL1-29400,0
VOL1-9004420,0
VOL1-9006420,0
VOL1-9022420,0
VOL1-9024410,0
VOL1-9024420,0
VOL1-9026420,0
VOL1-9052410,0
VOL1-9052420,0
VOL1-9054420,0
VOL1-9032420,0
VOL1-9034410,0
VOL1-9034420,0
VOL1-9038420,0
VOL1-9042410,0
VOL1-9042420,0
VOL1-9062420,0
VOL1-9092420,0
VOL1-33100,0
VOL1-34100,0
VOL1-34300,0
VOL1-33400,0
VOL1-34400,0
VOL1-34600,0
VOL1-33900,0
VOL1-23300,0
VOL1-23400,0
VOL1-23600,0
VOL1-47068,0
VOL1-30267,0
VOL1-30327,0
VOL1-30347,0
VOL1-30227,0
VOL1-30247,0
VOL1-30427,0
VOL1-30027,0
VOL1-30462,0
VOL1-40662,0
PUJ1-137.040,0
PUJ1-624.000,0
PUJ1-704.027,0
PUJ1-720.009,0
PUJ1-775.008,0
PUJ1-781.022,0
PUJ1-785.022,0
PUJ1-786.016,0
PUJ1-787.020,0
PUJ1-770.008,0
PUJ1-770.016,0
PUJ1-771.030,0
PUJ1-793.000,0
PUJ1-794.000,0
PUJ1-800.060,0
PUJ1-797.003,0
PUJ1-797.001,0
PUJ1-792.000,0
PUJ1-981.400,0
PUJ1-701.014,0
PUJ1-886.035,0
PUJ1-886.060,0
PUJ1-885.060,0
PUJ1-141.501,0
PUJ1-850.524,0
PUJ1-850.014,0
PUJ1-111.501,0
PUJ1-634.000,0
PUJ1-852.085,0
PUJ1-859.110,0
PUJ1-859.109,0
PUJ1-859.126,0
PUJ1-859.117,0
PUJ1-859.122,0
PUJ1-980.000,0
PUJ1-980.200,0
PUJ1-969.132,0
PUJ1-969.136,0
PUJ1-969.140,0
PUJ1-862.100,0
PUJ1-861.045,0
PUJ1-861.053,0
PUJ1-317.425,0
PUJ1-937.000,0
PUJ1-938.000,0
PUJ1-111.111,0
PUJ1-122.222,0
PUJ1-859.101,0
PUJ1-859.102,0
PUJ1-859.103,0
PUJ1-859.104,0
PUJ1-859.105,0
PUJ1-859.107,0
PUJ1-859.111,0
PUJ1-859.113,0
PUJ1-859.114,0
PUJ1-859.115,0
PUJ1-859.119,0
PUJ1-859.120,0
PUJ1-859.123,0
PUJ1-859.124,0
PUJ1-859.125,0
PUJ1-859.130,0
PUJ1-859.132,0
PUJ1-850.424,0
PUJ1-850.426,0
PUJ1-850.124,0
PUJ1-850.128,0
PUJ1-850.222,0
PUJ1-850.001,0
PUJ1-850.002,0
PUJ1-850.003,0
PUJ1-850.004,0
PUJ1-850.006,0
PUJ1-850.007,0
PUJ1-850.026,0
PUJ1-851.055,0
PUJ1-837.003,0
PUJ1-837.005,0
PUJ1-837.007,0
PUJ1-852.060,0
PUJ1-782.075,0
PUJ1-785.024,0
PUJ1-773.008,0
PUJ1-762.045,0
PUJ1-711.022,0
PUJ1-895.010,0
PUJ1-895.015,0
PUJ1-895.020,0
PUJ1-894.003,0
PUJ1-894.004,0
PUJ1-894.005,0
PUJ1-896.003,0
PUJ1-896.008,0
PUJ1-625.000,0
PUJ1-885.025,0
PUJ1-885.040,0
PUJ1-885.120,0
PUJ1-887.025,0
PUJ1-887.060,0
PUJ1-887.100,0
PUJ1-887.160,0
PUJ1-888.025,0
PUJ1-888.060,0
PUJ1-880.020,0
PUJ1-880.050,0
PUJ1-880.100,0
PUJ1-881.035,0
PUJ1-881.175,0
PUJ1-882.050,0
PUJ1-882.100,0
PUJ1-882.175,0
PUJ1-883.035,0
PUJ1-883.050,0
PUJ1-890.025,0
PUJ1-890.035,0
PUJ1-890.060,0
PUJ1-891.035,0
PUJ1-891.060,0
PUJ1-891.100,0
PUJ1-892.015,0
PUJ1-892.025,0
PUJ1-892.035,0
PUJ1-892.060,0
PUJ1-892.100,0
PUJ1-892.150,0
PUJ1-892.200,0
PUJ1-893.025,0
PUJ1-893.035,0
PUJ1-P19.101,0
PUJ1-P19.113,0
PUJ1-929.025,0
NTS1-ALI1-19,0
NTS1-429SM2K,0
NTS1-429CT2K,0
NTS1-TCR-B,0
NTS1-SN4721,0
NTS1-EBT,0
NTS1-SOUP-H300,0
NTS1-SOUP-H250,0
NTS1-ISC3-50-1,0
NTS1-CW-500ML-AL,0
NTS1-LAD-D70,0
NTS1-SKIM-D70,0
NTS1-SAUP-H60,0
NTS1-FPB-105,0
NTS1-SIH-30,0
NTS1-SS-SC35,0
NTS1-SCALE-5,0
NTS1-SCALE-30,0
NTS1-MCS-100ML,0
NTS1-CB-903,0
NTS1-CB-1004,0
NTS1-TOWEL-BR,0
NTS1-TOWEL-WH,0
NTS1-GLOVE-WH,0
NTS1-PVC-F300,0
NTS1-TIME-55,0
NTS1-TRY-B5,0
NTS1-FT-D18,0
NTS1-AB-8888,0
NTS1-MDM-2006,0
NTS1-ST-SSA4,0
NTS1-CON-SS5P,0
NTS1-CH-PP,0
NTS1-H-MS168,0
NTS1-H-MS230,0
NTS1-H-MS231,0
NTS1-H-MS001,0
NTS1-H-MS002,0
NTS1-H-MS004,0
NTS1-H-MS005,0
NTS1-H-MS006,0
NTS1-H-MS007,0
NTS1-H-MS008,0
NTS1-H-MS009,0
NTS1-H-MS010,0
NTS1-H-MS011,0
NTS1-H-MS012,0
NTS1-H-MS013,0
NTS1-H-MS014,0
NTS1-H-MS015,0
NTS1-H-MS016,0
NTS1-H-MS017,0
NTS1-H-MS018,0
NTS1-H-MS019,0
NTS1-H-MS020,0
NTS1-H-MS022,0
NTS1-H-MS023,0
NTS1-H-MS024,0
NTS1-H-MS025,0
NTS1-H-MS027,0
NTS1-H-MS028,0
NTS1-H-MS029,0
NTS1-H-MS030,0
NTS1-H-MS031,0
NTS1-H-MS032,0
NTS1-H-MS033,0
NTS1-H-MS035,0
NTS1-H-MS036,0
NTS1-H-MS037,0
NTS1-H-MS038,0
NTS1-H-MS039,0
NTS1-H-MS040,0
NTS1-H-MS041,0
NTS1-H-MS042,0
NTS1-H-MS043,0
NTS1-H-MS045,0
NTS1-H-MS046,0
NTS1-H-MS047,0
NTS1-H-MS048,0
NTS1-H-MS049,0
NTS1-H-MS050,0
NTS1-H-MS051,0
NTS1-H-MS052,0
NTS1-H-MS053,0
NTS1-H-MS054,0
NTS1-H-MS055,0
NTS1-H-MS057,0
NTS1-H-MS058,0
NTS1-H-MS059,0
NTS1-H-MS060,0
NTS1-H-MS061,0
NTS1-H-MS062,0
NTS1-H-MS063,0
NTS1-H-MS064,0
NTS1-H-MS065,0
NTS1-H-MS066,0
NTS1-H-MS067,0
NTS1-H-MS068,0
NTS1-H-MS069,0
NTS1-H-MS070,0
NTS1-H-MS071,0
NTS1-H-MS072,0
NTS1-H-MS073,0
NTS1-H-MS074,0
NTS1-H-MS075,0
NTS1-H-MS076,0
NTS1-H-MS077,0
NTS1-H-MS078,0
NTS1-H-MS079,0
NTS1-H-MS080,0
NTS1-H-MS081,0
NTS1-H-MS082,0
NTS1-H-MS083,0
NTS1-H-MS084,0
NTS1-H-MS085,0
NTS1-H-MS086,0
NTS1-H-MS087,0
NTS1-H-MS088,0
NTS1-H-MS090,0
NTS1-H-MS092,0
NTS1-H-MS093,0
NTS1-H-MS094,0
NTS1-H-MS095,0
NTS1-H-MS096,0
NTS1-H-MS097,0
NTS1-H-MS098,0
NTS1-H-MS099,0
NTS1-H-MS100,0
NTS1-H-MS101,0
NTS1-H-MS102,0
NTS1-H-MS103,0
NTS1-H-MS104,0
NTS1-H-MS105,0
NTS1-H-MS106,0
NTS1-H-MS107,0
NTS1-H-MS108,0
NTS1-H-MS109,0
NTS1-H-MS110,0
NTS1-H-MS111,0
NTS1-H-MS112,0
NTS1-H-MS113,0
NTS1-H-MS114,0
NTS1-H-MS115,0
NTS1-H-MS116,0
NTS1-H-MS117,0
NTS1-H-MS118,0
NTS1-H-MS119,0
NTS1-H-MS120,0
NTS1-H-MS121,0
NTS1-H-MS123,0
NTS1-H-MS124,0
NTS1-H-MS125,0
NTS1-H-MS127,0
NTS1-H-MS128,0
NTS1-H-MS129,0
NTS1-H-MS130,0
NTS1-H-MS131,0
NTS1-H-MS132,0
NTS1-H-MS133,0
NTS1-H-MS135,0
NTS1-H-MS136,0
NTS1-H-MS137,0
NTS1-H-MS138,0
NTS1-H-MS139,0
NTS1-H-MS140,0
NTS1-H-MS141,0
NTS1-H-MS142,0
NTS1-H-MS143,0
NTS1-H-MS144,0
NTS1-H-MS145,0
NTS1-H-MS146,0
NTS1-H-MS147,0
NTS1-H-MS148,0
NTS1-H-MS150,0
NTS1-H-MS152,0
NTS1-H-MS153,0
NTS1-H-MS154,0
NTS1-H-MS155,0
NTS1-H-MS156,0
NTS1-H-MS157,0
NTS1-H-MS158,0
NTS1-H-MS159,0
NTS1-H-MS160,0
NTS1-H-MS161,0
NTS1-H-MS162,0
NTS1-H-MS163,0
NTS1-H-MS164,0
NTS1-H-MS165,0
NTS1-H-MS166,0
NTS1-H-MS167,0
NTS1-H-MS091,0
NTS1-H-MS232,0
NTS1-ICED-D50,0
NTS1-BRUSH-SB30,0
NTS1-BRUSH-SB10,0
NTS1-BK-3SET,0
NTS1-SSCH-10OZ,0
NTS1-SSPE-10OZ,0
NTS1-SS-SOLID13,0
NTS1-SN48484,0
NTS1-SHT-NONS,0
NTS1-PPRD-D47,0
NTS1-PPRD-D50,0
NTS1-PPRD-D55,0
NTS1-PPRD-D60,0
NTS1-MLK600,0
NTS1-SS-L3-CP,0
PUJ1-208.018,0
PUJ1-302.008,0
PUJ1-302.012,0
PUJ1-323.050,0
PUJ1-338.060,0
PUJ1-215.020,0
PUJ1-248.028,0
PUJ1-249.028,0
PUJ1-210.016,0
PUJ1-118.018,0
PUJ1-117.022,0
PUJ1-115.022,0
PUJ1-115.026,0
PUJ1-115.035,0
PUJ1-115.045,0
PUJ1-111.016,0
PUJ1-107.035,0
PUJ1-107.045,0
PUJ1-114.065,0
PUJ1-112.018,0
PUJ1-112.020,0
PUJ1-130.028,0
PUJ1-471.420,0
PUJ1-982.001,0
PUJ1-370.000,0
PUJ1-904.600,0
PUJ1-250.020,0
PUJ1-632.001,0
PUJ1-977.015,0
PUJ1-239.128,0
PUJ1-103.026,0
PUJ1-115.050,0
PUJ1-115.055,0
PUJ1-128.140,0
PUJ1-128.440,0
PUJ1-149.032,0
PUJ1-304.028,0
PUJ1-307.125,0
PUJ1-307.135,0
PUJ1-854.006,0
PUJ1-854.008,0
PUJ1-854.010,0
PUJ1-854.012,0
PUJ1-853.016,0
PUJ1-847.016,0
PUJ1-490.620G,0
PUJ1-490.620N,0
PUJ1-490.620R,0
PUJ1-490.620A,0
PUJ1-490.624G,0
PUJ1-490.624N,0
PUJ1-490.624A,0
PUJ1-490.628G,0
PUJ1-490.628N,0
PUJ1-490.628A,0
PUJ1-490.632G,0
PUJ1-490.632N,0
PUJ1-490.632R,0
PUJ1-490.632A,0
PUJ1-490.724G,0
PUJ1-490.724N,0
PUJ1-490.724R,0
PUJ1-490.724A,0
PUJ1-490.728R,0
PUJ1-490.728A,0
PUJ1-490.732G,0
PUJ1-490.732R,0
PUJ1-490.732A,0
PUJ1-490.928G,0
PUJ1-490.928N,0
PUJ1-490.928R,0
PUJ1-490.928A,0
PUJ1-490.932G,0
PUJ1-490.932N,0
PUJ1-490.932R,0
PUJ1-490.932A,0
PUJ1-490.016N,0
PUJ1-490.016R,0
PUJ1-490.016A,0
PUJ1-144.124,0
PUJ1-995.030,0
PUJ1-995.032,0
PUJ1-995.034,0
PUJ1-995.038,0
PUJ1-995.040,0
PUJ1-490242-130501,0
PUJ1-490242-130502,0
PUJ1-490242-130508,0
PUJ1-490242-130513,0
PUJ1-490242-130544,0
PUJ1-490242-130554,0
PUJ1-23800,0
PUJ1-120.6F3A,0
PUJ1-120.6F3N,0
PUJ1-24713,0
PUJ1-24710,0
PUJ1-24413,0
PUJ1-46789,0
PUJ1-47602,0
PUJ1-632.003,0
PUJ1-632.004,0
PUJ1-632.005,0
PUJ1-632.066,0
PUJ1-632.078,0
PUJ1-632.099,0
PUJ1-115.320,0
PUJ1-115.324,0
PUJ1-240.050,0
PUJ1-248.040,0
PUJ1-118.055,0
PUJ1-394.008,0
PUJ1-904.113,0
PUJ1-307.050,0
PUJ1-848.008,0
PUJ1-970.000,0
PUJ1-984.100,0
PUJ1-240.040,0
PUJ1-241.040,0
PUJ1-242.028,0
PUJ1-242.032,0
PUJ1-242.035,0
PUJ1-901.014,0
PUJ1-901.018,0
PUJ1-945.037,0
PUJ1-945.050,0
PUJ1-945.051,0
PUJ1-603.012,0
PUJ1-867.030,0
PUJ1-867.060,0
PUJ1-867.090,0
PUJ1-867.120,0
PUJ1-902.000,0
PUJ1-968.000,0
PUJ1-972.060,0
PUJ1-962.002,0
PUJ1-962.003,0
PUJ1-633.003,0
PUJ1-144.028,0
PUJ1-154.024,0
PUJ1-47938,0
PUJ1-47943,0
PUJ1-646.000,0
PUJ1-299.020,0
PUJ1-299.024,0
PUJ1-299.028,0
PUJ1-299.030,0
PUJ1-299.032,0
PUJ1-299.035,0
PUJ1-299.040,0
PUJ1-299.045,0
PUJ1-299.050,0
PUJ1-299.060,0
PUJ1-290.124,0
PUJ1-290.120,0
PUJ1-290.128,0
PUJ1-290.130,0
PUJ1-290.132,0
PUJ1-290.135,0
PUJ1-290.140,0
PUJ1-290.145,0
PUJ1-290.150,0
PUJ1-291.120,0
PUJ1-291.124,0
PUJ1-291.128,0
PUJ1-291.130,0
PUJ1-291.132,0
PUJ1-291.135,0
PUJ1-291.140,0
PUJ1-291.145,0
PUJ1-291.150,0
PUJ1-291.160,0
PUJ1-292.120,0
PUJ1-292.124,0
PUJ1-292.128,0
PUJ1-292.130,0
PUJ1-292.132,0
PUJ1-292.135,0
PUJ1-292.140,0
PUJ1-292.145,0
PUJ1-292.150,0
PUJ1-292.160,0
PUJ1-293.132,0
PUJ1-293.135,0
PUJ1-112.001,0
ARS1-281000,0
ARS1-703601,0
ARS1-252900,0
ARS1-251000,0
ARS1-251100,0
ARS1-282604,0
ARS1-281504,0
ARS1-284604,0
ARS1-283804,0
WNK1-E03SB3020,0
KIN1-8040B-23,0
ROB1-CH2,0
ROB1-CH4,0
ROB1-CH7,0
ROB1-FP20,0
ROB1-FP24,0
ROB1-FP28,0
ROB1-FP32,0
ROB1-SH2,0
ROB1-SH7,0
ROB1-SL2,0
ROB1-SL3,0
ROB1-WH300,0
ROB1-WH900,0
ROB1-WSS12,0
ROB1-WSS16,0
ROB1-WSS20,0
ROB1-WSS24,0
ROB1-WSS8,0
ROB1-WH500,0
VOL1-52000-00,0
VOL1-52000-30,0
VOL1-52000-40,0
VOL1-52000-50,0
VOL1-52000-70,0
VOL1-52002-40,0
VOL1-52002-50,0
VOL1-52002-60,0
VOL1-52003-00,0
VOL1-52003-40,0
VOL1-52003-60,0
VOL1-52003-70,0
VOL1-77680,0
VOL1-78330,0
VOL1-58910,0
VOL1-58930,0
VOL1-67137,0
VOL1-46812,0
VOL1-46814,0
VOL1-46818,0
VOL1-47192,0
VOL1-47084,0
VOL1-47064,0
VOL1-37100,0
VOL1-37200,0
VOL1-78720,0
VOL1-79040,0
VOL1-47752,0
VOL1-68181,0
VOL1-47031,0
VOL1-47078,0
VOL1-47054,0
CTP1-GS-30512-180-WH,0
CTP1-CP-KNIFE-SET-FHT,0
CTP1-KB-06-90SYD-BL,0
CTP1-KB-06-90SYD-WH,0
SIR1-N.9,0
SIR1-N.13,0
SIR1-N.21,0
SIR1-N.25,0
TAC1-RAM3W,0
CMK1-T509(NEW),0
CTP1-GS-10943-BL,0
CTP1-SS-FTS-180-RD,0
CTP1-SS-FTS-180-YL,0
CTP1-FDMS-TR-09-301,0
CTP1-KB-07-65YD-WH,0
CTP1-KB-06-90YD-WH,0
ADC1-CCB-1824-YL,0
ADC1-MS-2000,0
ADC1-MS-3000,0
ADC1-STK-249,0
VOL1-46915,0
CTP1-RO-004-NT,0
SIR1-N.220,0
SIR1-ADJUSTABLE-SHEETER,0
SEV1-40309-H,0
SEV1-271-1-45,0
SEV1-P0995-L,0
CTP1-KB-7519-250,0
CTP1-KB-2219-250,0
CTP1-SCP-NF-360-GY,0
CTP1-KB-2255-230,0
SEV1-5518,0
CTP1-DM-5801-200W-BR901,0
SEV1-5536,0
LTE1-N4105,0
LTE1-ID4018,0
LTE1-ID4028,0
EDL1-KSR-5000,0
ROB1-WH175,0
ROB1-WH1500,0
LTE1-N4188X,0
LTE1-N3010,0
LTE1-N7910,0
HAT1-18-PIZZA-PAN,0
SEV1-49501,0
SEV1-WMD-08DW,0
SEV1-KWP-10,0
CTP1-GS-10827-CZ-BK,0
CTP1-GS-10827-ZS-BK,0
CTP1-GS-10828-RH-BK,0
EDL1-KR-50R,0
EDL1-KR-50B,0
ROB1-WH1000,0
ROB1-WH1200,0
ROB1-WH1800,0
ROB1-WH2000,0
SAR1-BD2003,0
CHF1-6786RMT-XL,0
SAR1-CBG152012BG,0
DEX1-24223B,0
DEX1-24013B,0
DEX1-24503B,0
DEX1-01543,0
DEX1-01543Y,0
DEX1-12443G,0
DEX1-12443Y,0
DEX1-12433G,0
DEX1-01272,0
DEX1-32783,0
DEX1-32791,0
DEX1-32793,0
SAR1-VM5280BB,0
EDL1-U-12CL,0
EKA1-KSPX-965,0
SAR1-CB121834BG,0
SAR1-H4005TBK,0
TAC1-823,0
DEX1-20206,0
DEX1-14012,0
DEX1-19703R,0
DEX1-24383B,0
EDL1-KSUV-18,0
DEX1-20713,0
CAM1-100CW-414,0
CAM1-100VS-191,0
CAM1-1010VS-191,0
CAM1-110GPVS-191,0
CAM1-120GPVS-191,0
CAM1-1216FF-414,0
CAM1-16E1-184,0
CAM1-36E1-184,0
CAM1-45CW-154,0
CAM1-6R6-157,0
CAM1-750SCWNR-154,0
CAM1-825CWNR-148,0
CAM1-86VS-191,0
CAM1-90SPCW-186,0
CAM1-911VS-191,0
CAM1-913VS-197,0
CAM1-96SCWNR-148,0
CAM1-9CWNR-154,0
CAM1-SPO11CW-148,0
CAM1-TDC30-192,0
CAM1-120VS-191,0
CAM1-91PCVS-197,0
CAM1-LCDCH-194,0
CAM1-1005CW-133,0
CAM1-905CW-133,0
CAM1-SPO11CW-133,0
CAM1-DP15-110,0
CAM1-13F-309,0
CAM1-SB80-110,0
CAM1-DC5-404,0
CAM1-DC5-148,0
CAM1-PPB23-176,0
CAM1-PI10-152,0
CAM1-PI16-152,0
CAM1-26CF-110,0
CAM1-36CF-110,0
CAM1-66CF-110,0
CAM1-30CFC-135,0
CAM1-60CFC-135,0
CAM1-CFRC18-135,0
CAM1-DCC5-135,0
CAM1-SFV1217-110,0
CAM1-DC5-110,0
CAM1-DC10-110,0
CAM1-2900CT-410,0
CAM1-1826-102,0
CAM1-DT1220CW-135,0
CAM1-912CBR-110,0
CAM1-1826DBCSP-131,0
CAM1-901CW-152,0
CAM1-1000CW-148,0
CAM1-1520-199,0
CAM1-MDSB9-110,0
CAM1-MDSP9-477,0
CAM1-MDSL9-487,0
CAM1-MDSL9-497,0
CAM1-EDBA-480,0
CAM1-CSDBS-480,0
CAM1-CSDDC245-151,0
CAM1-107PCVS-191,0
CAM1-BR258-110,0
CAM1-CSCSL,0
CAM1-10CWNR-110,0
CAM1-TGA8-148,0
CAM1-100VS-380,0
CAM1-18SFSPP-190,0
CAM1-22SFSPP-190,0
CAM1-12SFSPP-190,0
CAM1-2SFSPP-190,0
CAM1-20CV1D-335,0
CAM1-30CV1D-335,0
CAM1-CSWRKIT18P12-151,0
CAM1-1600DIV-401,0
CAM1-DRLNK-110,0
CAM1-125MPC-157,0
CAM1-23CLRHP-150,0
CAM1-35CLRHP-150,0
CAM1-105VS-101,0
CAM1-2025-148,0
CAM1-909CW-152,0
CAM1-2900CT-110,0
CAM1-DD1220SCW-135,0
CAM1-SPASL14-150,0
CAM1-1216FF-168,0
CAM1-1520CL-142,0
CAM1-10HPC-150,0
CAM1-20LPCWD-135,0
CAM1-CSDR8-151,0
CAM1-CECWW6-000,0
CAM1-80CWD-135,0
CAM1-MDSHB5-487,0
CAM1-MDSHB9-487,0
CAM1-MDSHM8-487,0
CAM1-MDSHM8-497,0
CAM1-1014-110,0
CAM1-1014-536,0
CAM1-1014-177,0
CAM1-CBCC8-580,0
CAM1-1216-536,0
CAM1-1216-428,0
CAM1-1418-199,0
CAM1-3253-148,0
CAM1-6RS6-157,0
CAM1-9013CW-486,0
CAM1-LCDCH-157,0
CAM1-DR360-131,0
CAM1-730SR-110,0
CAM1-1418ET-521,0
CAM1-CFPMRC10-135,0
CAM1-CSU48486-480,0
CAM1-MY4300-E73,0
CAM1-TGA11-133,0
CAM1-CP1210-159,0
CAM1-PSB23-176,0
CAM1-WC100CWNH-135,0
CAM1-80HPD-150,0
CAM1-84HP-150,0
CAM1-86HP-150,0
CAM1-80HPCH-150,0
CAM1-82HP-150,0
CAM1-1418CWNSH-488,0
CAM1-GL4060-A83,0
CAM1-GL4060-A86,0
CAM1-6SFSFPDPP-265,0
CAM1-1418FF-186,0
CAM1-350LCD(SOUP)-131,0
CAM1-500LCD-131,0
CAM1-LD130A-133,0
CAM1-103VS-191,0
CAM1-107VS-191,0
CAM1-1013CRVS-191,0
CAM1-PE600CW-135,0
CAM1-99SMVS-197,0
CAM1-978SFVS-197,0
CAM1-PS1014-145,0
CAM1-EPPMTSW-110,0
CAM1-CSDDC24-151,0
CAM1-CSDR73-151,0
CAM1-CSPEGKIT24-110,0
CAM1-QCSB-110,0
CAM1-MCCH-150,0
CAM1-60HPLN-150,0
CAM1-EPCW8-580,0
CAM1-EMTD8-580,0
CAM1-CPCC8-480,0
CAM1-1600TL-322,0
CAM1-1317DSLG-830,0
CAM1-1317LG-521,0
CAM1-1218CCW-464,0
CAM1-1826CCW-464,0
CAM1-LDT6-152,0
CAM1-LDT9-152,0
CAM1-EPPMFBE1-110,0
CAM1-EPPMFBE2-110,0
CAM1-EPPMFE1-107,0
CAM1-HP3253-444,0
CAM1-CGH200WEU-486,0
CAM1-CLRSB9-480,0
CAM1-CLRSM8B5-480,0
CAM1-GL210P-A27,0
CAM1-GL4002RNS-A83,0
CAM1-GP1070-S60,0
CAM1-GP3980NS-B99,0
CAM1-GP4002NS-B22,0
CAM1-GP4004-A36,0
CAM1-MDSCDB9EU24V-487,0
CAM1-MDSLD9-497,0
CAM1-MDSPC9-110,0
CAM1-SP3253-110,0
CAM1-SP3253-R02,0
CAM1-ICS125L-180,0
CAM1-80HPC-150,0
CAM1-30HPCHN-150,0
CAM1-1418DCET-825,0
CAM1-1418DSLM-815,0
CAM1-18266CW-467,0
CAM1-1826CCW-467,0
CAM1-1418DC-815,0
CAM1-1520DC-810,0
CAM1-1520DCET-815,0
CAM1-1418DCET-820,0
CAM1-CA3253-E88,0
CAM1-10302MT-110,0
CAM1-500LCD-519,0
CAM1-500LCD-157,0
CAM1-MDSB5-497,0
CAM1-MDSB9-497,0
CAM1-MDSM8-497,0
CAM1-TGA11-135,0
CAM1-20HPLN-150,0
CAM1-DD1220CW-135,0
CAM1-ICS100L-194,0
CAM1-UC500-194,0
CAM1-BAR650DS-669,0
CAM1-DC825-194,0
CAM1-ICS125LB-159,0
CAM1-4FBRTT-186,0
CAM1-SPOP10CW-119,0
CAM1-BAR540-110,0
CAM1-ICS175L-194,0
CAM1-BC1115SH-194,0
CAM1-BC225-194,0
CAM1-ICS200TB-186,0
CAM1-BAR540-401,0
CAM1-WW500CW-135,0
CAM1-FSG480-110,0
CAM1-ICS175LB-192,0
CAM1-CD300-110,0
CAM1-R500LCD-157,0
CAM1-LCDCH-401,0
CAM1-20HPL-150,0
CAM1-DG3CW-135,0
CAM1-1014FF-119-OKJ,0
CAM1-1216FF-119-OKJ,0
CAM1-1418FF-119-OKJ,0
CAM1-CLLT10190,0
CAM1-CLLT12190,0
CAM1-CLLT6190,0
CAM1-CLNT10190,0
CAM1-CLNT12190,0
CAM1-CLNT5190,0
CAM1-CLNT8190,0
CAM1-CLNT9190,0
CAM1-CLRSB16148,0
CAM1-CLRSB9148,0
CAM1-CLRSM8B5148,0
CAM1-CLSM8B5190,0
CAM1-CLST6190,0
CAM1-CL950P190,0
CAM1-LT10-427,0
CAM1-MDC1520T30-131,0
CAM1-MDC1418T30-131,0
CAM1-MDC1520S20-131,0
CAM1-CD300-131,0
CAM1-1525RST-376,0
CAM1-CSCWB,0
CAM1-TC1418-191,0
CAM1-ADCRC8PKG-110,0
CAM1-ADCRCCVR-000,0
CAM1-ADCSCT4-480,0
CAM1-MDC1520S20-401,0
CAM1-MDC1520S20-191,0
CAM1-BC330-157,0
CAM1-MDC1520S20-157,0
CAM1-CD400-110,0
CAM1-BC2304S-110,0
CAM1-BC235-110,0
CAM1-EPPID5,0
CAM1-SPA14-150,0
CAM1-TC1418-157,0
CAM1-ICS200TB-180,0
CAM1-DCS1125-131,0
CAM1-DCS1125-480,0
CAM1-CD300-401,0
CAM1-BC340KDLP-480,0
CAM1-MDC1520T30-191,0
CAM1-MDC1418T30-191,0
CAM1-DCS1125-110,0
CAM1-5FBRTT-158,0
CAM1-4FBRTT-158,0
CAM1-1014FF-106,0
CAM1-1600P-152,0
CAM1-6FBRTT-110,0
CAM1-5FBRTT-110,0
CAM1-4FBRTT-110,0
CAM1-6FBRTT-186,0
CAM1-MDC1520S20-192,0
CAM1-MDC1520S20-194,0
CAM1-CD400-157,0
CAM1-CD2020-157,0
CAM1-ESU243664V4-580,0
CAM1-ESU244264V4-580,0
CAM1-ESU245464V4-580,0
CAM1-ESU245484V5-580,0
CAM1-ESU246064V4-580,0
CAM1-ESU246084V5-580,0
CAM1-VBR5-110,0
CAM1-VBR5-158,0
CAM1-VBR5-186,0
CAM1-RSB6CW-110,0
CAM1-MDC1520S10-191,0
CAM1-MDC1520S10HD-191,0
CAM1-CECBL-000,0
CAM1-EXTD4-480,0
CAM1-MDC1418S20-191,0
CAM1-MDC24F-191,0
CAM1-UPCS400-192,0
CAM1-ICS175TB-157,0
CAM1-ICS175TB-401,0
CAM1-ICS175T-401,0
CAM1-CD300HB-401,0
CAM1-MDC1418T16-191,0
CAM1-1318-204,0
CAM1-MDC24-191,0
CAM1-96SKRP-148,0
CAM1-10146DCPC-190,0
CAM1-ICS175LB-110,0
CAM1-BC225-110,0
CAM1-BC330-180,0
CAM1-BC235-180,0
CAM1-MDC1520T16-191,0
CAM1-RSB6CW-135,0
CAM1-CBSK2430V1-580,0
CAM1-CBSK2430S1-580,0
CAM1-CBSK2436S4-580,0
CAM1-CBSK2442S4-580,0
CAM1-CBSK2448S4-580,0
CAM1-CBSK2436V5-580,0
CAM1-CBSK2442V5-580,0
CAM1-CBSK2448V5-580,0
CAM1-CBSK2436S5-580,0
CAM1-CBSK2442S5-580,0
CAM1-CBSK2448S5-580,0
CAM1-CBSK2436VS4-580,0
CAM1-CBSK2442VS4-580,0
CAM1-CBSK2448VS4-580,0
CAM1-CBSK2436VS5-580,0
CAM1-CBSK2442VS5-580,0
CAM1-CBSK2448VS5-580,0
CAM1-PS1014-161,0
CAM1-UC250-157,0
CAM1-UC250-401,0
CAM1-ICS100L-110,0
CAM1-MDC1520S10D-191,0
CAM1-SC337-615,0
CAM1-QCTB-110,0
CAM1-SFT1010-148,0
CAM1-SFT1212-148,0
CAM1-DC1225-401,0
CAM1-CP12-110,0
CAM1-96SKRLC-405,0
CAM1-DCS950-401,0
CAM1-BAR540DS-671,0
CAM1-TDC30-110,0
CAM1-ICS175T-191,0
CAM1-PS1014-133,0
CAM1-SRB13-148,0
CAM1-CSR5-417,0
CAM1-SRB13-110,0
CAM1-1007CW-148,0
CAM1-9CWNR-148,0
CAM1-9CWNR-401,0
CAM1-9CWNR-414,0
CAM1-DRS360-157,0
CAM1-DC10-148,0
CAM1-SFV811-110,0
CAM1-RSB6CW-404,0
CAM1-RSB6CW-186,0
CAM1-CP15-186,0
CAM1-CP15-416,0
CAM1-RSB12CW-404,0
CAM1-26CF-148,0
CAM1-CFR18-148,0
CAM1-DC5-152,0
CAM1-DC10-404,0
CAM1-SFV1015-110,0
CAM1-SFD9-110,0
CAM1-SFD11-110,0
CAM1-SFR610-110,0
CAM1-SFR1012-110,0
CAM1-BSB12-176,0
CAM1-RSB15CW-148,0
CAM1-725CWNR-110,0
CAM1-725CWNR-148,0
CAM1-MDSD9-487,0
CAM1-MDSD9-497,0
CAM1-MDSD9-110,0
CAM1-MDSPL-000,0
CAM1-MDSL9-110,0
CAM1-SRB5-152,0
CAM1-MDSD9-480,0
CAM1-MDSL9-480,0
CAM1-HK39B-487,0
CAM1-HK39B-497,0
CAM1-HK39B-110,0
CAM1-MDSCDB9-110,0
CAM1-MDSCDB9-480,0
CAM1-MDSCDP9-110,0
CAM1-MDSCDB9-497,0
CAM1-HK39B-447,0
CAM1-HK39B-457,0
CAM1-HK39B-480,0
CAM1-HK39B-485,0
CAM1-MDSB16-480,0
CAM1-MDSB16-497,0
CAM1-MDSB5C-148,0
CAM1-MDSB9C-148,0
CAM1-DRS300-131,0
CAM1-21155CBR-110,0
CAM1-DRS30-480,0
CAM1-DRS60,0
CAM1-86VS-197,0
CAM1-86VS-101,0
CAM1-105VS-197,0
CAM1-806CW-148,0
CAM1-806CW-153,0
CAM1-806CW-133,0
CAM1-1005CW-148,0
CAM1-1005CW-153,0
CAM1-1007CW-153,0
CAM1-150CW-133,0
CAM1-9011CW-153,0
CAM1-MDSLD9-110,0
CAM1-MDSPLT9-148,0
CAM1-MDSCDCP9-000,0
CAM1-CHPL100-000,0
CAM1-CPMU213675DDPKG,0
CAM1-CSDDC-151,0
CAM1-725CWNR-133,0
CAM1-50CW-148,0
CAM1-9114CW-133,0
CAM1-RSB8CW-135,0
CAM1-RSB10CW-135,0
CAM1-BUF48-158,0
CAM1-MDSHB5-497,0
CAM1-MDSHB9-497,0
CAM1-MDSHB9-110,0
CAM1-MDSHB9-447,0
CAM1-MDSHB9-485,0
CAM1-MDSHB9-489,0
CAM1-DT1220CW-110,0
CAM1-CFPSRC10-135,0
CAM1-1418TRCW-168,0
CAM1-68VS-191,0
CAM1-91VS-191,0
CAM1-95VS-191,0
CAM1-99VS-191,0
CAM1-106VS-191,0
CAM1-85SFVS-197,0
CAM1-RD1220CWH-135,0
CAM1-RSB8CW-110,0
CAM1-1411CW-133,0
CAM1-SRB13CW-110,0
CAM1-MDSB5-480,0
CAM1-MDSM8-480,0
CAM1-BCT1014-161,0
CAM1-BCT1014-133,0
CAM1-1826LTC-402,0
CAM1-UPC140-194,0
CAM1-UPC400-192,0
CAM1-UPC400-194,0
CAM1-PWB22-148,0
CAM1-UPC600-194,0
CAM1-UPC800-519,0
CAM1-UPC800-186,0
CAM1-UPC1600-519,0
CAM1-UPCS160-403,0
CAM1-20CWL-135,0
CAM1-CPMU243675DDPKG,0
CAM1-CPMU244875DRPKG,0
CAM1-CPMU246075DRPKG,0
CAM1-1826LTC-180,0
CAM1-22LPHP-150,0
CAM1-EXU183672V4-480,0
CAM1-12183P-148,0
CAM1-18268CLRKIT-135,0
CAM1-CBSK2154V1-580,0
CAM1-UPC800-157,0
CAM1-UPC800-180,0
CAM1-CSWRC14P4-151,0
CAM1-CSWRC18P4-151,0
CAM1-CSWRKIT14P1-151,0
CAM1-CSWRKIT14P12-151,0
CAM1-CSWRKIT14P8-151,0
CAM1-CSWRKIT18P1-151,0
CAM1-CSWRKIT18P8-151,0
CAM1-EXU183630V2-580,0
CAM1-EXU184830V2-580,0
CAM1-CPU244864SUPKG-480,0
CAM1-CPMU244867SUPKG-480,0
CAM1-CPFWSC244860-000,0
CAM1-CSMHDTK10-000,0
CAM1-CSMHDTK12-000,0
CAM1-CSMHDTKE4-000,0
CAM1-CSMHDTKE5-000,0
CAM1-CSMHDTKE6-000,0
CAM1-18269CW-464,0
CAM1-EXPCB18-480,0
CAM1-SLL30,0
CAM1-ICS125L-131,0
CAM1-UPCS180-180,0
CAM1-1520CBCP-131,0
CAM1-35CLRCW-135,0
CAM1-UPCS400-436,0
CAM1-ESU246072V4-580,0
CAM1-ESU243672V4-580,0
CAM1-CBU184264V4-580,0
CAM1-CBU214264V4-580,0
CAM1-CBU215464V4-580,0
CAM1-CPA217264V4PKG,0
CAM1-CPU187264V4PKG,0
CAM1-BK60406-186,0
CAM1-CPA212464V4-480,0
CAM1-CPA213064V4-480,0
CAM1-CPA213664V4-480,0
CAM1-CPA214264V4-480,0
CAM1-CPA214864V4-480,0
CAM1-CPA215464V4-480,0
CAM1-CPA216064V4-480,0
CAM1-CPU243664V4-480,0
CAM1-CPU244264V4-480,0
CAM1-CPMCWB-000,0
CAM1-22SFSP-148,0
CAM1-12HP-771,0
CAM1-14HP-771,0
CAM1-14HP-772,0
CAM1-16HP-771,0
CAM1-16HP-772,0
CAM1-22HP-771,0
CAM1-22HP-772,0
CAM1-24HP-771,0
CAM1-24HP-772,0
CAM1-42HP-772,0
CAM1-62HP-772,0
CAM1-46HP-771,0
CAM1-92HP-772,0
CAM1-CPA243672V4-480,0
CAM1-CPA244272V4-480,0
CAM1-CPA244872V4-480,0
CAM1-CPA246072V4-480,0
CAM1-CPA183664V4-480,0
CAM1-CPA183672V4-480,0
CAM1-CPA184264V4-480,0
CAM1-CPA184864V4-480,0
CAM1-CPA184872V4-480,0
CAM1-CPA185464V4-480,0
CAM1-CPA186064V4-480,0
CAM1-CPA186072V4-480,0
CAM1-CPU213664V4-480,0
CAM1-CPU214264V4-480,0
CAM1-CPU214864V4-480,0
CAM1-CPU215464V4-480,0
CAM1-CPU216064V4-480,0
CAM1-CPU243672V4-480,0
CAM1-CPU244872V4-480,0
CAM1-CPU246072V4-480,0
CAM1-CPU183664V4-480,0
CAM1-CPU183672V4-480,0
CAM1-CPU184264V4-480,0
CAM1-CPU184864V4-480,0
CAM1-CPU184872V4-480,0
CAM1-CPU185464V4-480,0
CAM1-CPU186064V4-480,0
CAM1-CPU186072V4-480,0
CAM1-EA184272V4-580,0
CAM1-EA216072V4-580,0
CAM1-EA244272V4-580,0
CAM1-ESK2160S1-580,0
CAM1-ESK2172S1-580,0
CAM1-ESK2172V1-580,0
CAM1-CPU215472V4-480,0
CAM1-CPU216072V4-480,0
CAM1-EXMU183678V4-480,0
CAM1-EXMU244878V4-480,0
CAM1-UPC1600-110,0
CAM1-UPC600-131,0
CAM1-CBA246072V4-580,0
CAM1-CBA243672V4-580,0
CAM1-UPC400-110,0
CAM1-CBU183672V4-580,0
CAM1-1318CC-401,0
CAM1-CPHU246067V4-480,0
CAM1-VBRU5-110,0
CAM1-ESU185464S4-580,0
CAM1-ESU186064S4-580,0
CAM1-ESU185472S4-580,0
CAM1-ESU217272S4-580,0
CAM1-ESU246064S4-580,0
CAM1-ESU247264S4-580,0
CAM1-ESU215484S5-580,0
CAM1-ESU216084S5-580,0
CAM1-ESU217284S5-580,0
CAM1-ESU244284S5-580,0
CAM1-ESU244884S5-580,0
CAM1-ESU246084S5-580,0
CAM1-ESU247284S5-580,0
CAM1-EPK1830-580,0
CAM1-10HPD-150,0
CAM1-GBBP111417-110,0
CAM1-MDC24-401,0
CAM1-EPP280WSTSW-110,0
CAM1-8RS8-110,0
CAM1-100MPC-131,0
CAM1-UPC400-186,0
CAM1-CBPK2484-580,0
CAM1-CBU245472V4-580,0
CAM1-PCMPX-615,0
CAM1-PCMHX-615,0
CAM1-CSID6-000,0
CAM1-ICS175L-110,0
CAM1-CPU183672VS4-480,0
CAM1-EMU214270V4-580,0
CAM1-CPHU243667S4-480,0
CAM1-CSSC244818-000,0
CAM1-DB18263P-151,0
CAM1-CSMHDTK145-000,0
CAM1-10CWL-135,0
CAM1-18266CW-464,0
CAM1-EPPMFE2-107,0
CAM1-EPPMFBA-PKG,0
CAM1-EPP4060FADJR-110,0
CAM1-DB604010-148,0
CAM1-EPP4060F6R-110,0
CAM1-EPP4060EXT-110,0
CAM1-EPP180XS-110,0
CAM1-EPPCTL-110,0
CAM1-EPPCTS-110,0
CAM1-EPPFLID-110,0
CAM1-HP2632-444,0
CAM1-ITENEPP1118-107,0
CAM1-ITENEPP1118H-107,0
CAM1-ITENEPP21-107,0
CAM1-ITENEPP21H-107,0
CAM1-ITENEPP23-107,0
CAM1-ITENEPP23H-107,0
CAM1-ITPD3753T-000,0
CAM1-ITPD3753TH-000,0
CAM1-24LPHP-150,0
CAM1-20LPHPD-150,0
CAM1-20LPHPC-150,0
CAM1-34HP1H-150,0
CAM1-34HP2H-150,0
CAM1-25GE2-151,0
CAM1-ESU183664VS4-580,0
CAM1-ESU184264VS4-580,0
CAM1-ESU186064VS4-580,0
CAM1-ESU244864V4-580,0
CAM1-ESU244872VS4-580,0
CAM1-ESU214272V5-580,0
CAM1-12189P-148,0
CAM1-1520CT-410,0
CAM1-1520VCRST-382,0
CAM1-1520VCRST-381,0
CAM1-1520VCRST-380,0
CAM1-1418VC-380,0
CAM1-1014DSLNS-825,0
CAM1-1014DSLNS-830,0
CAM1-1317DSLNS-815,0
CAM1-1317DSLNS-820,0
CAM1-1418DSLNS-815,0
CAM1-1418DSLNS-820,0
CAM1-1418DSLNS-825,0
CAM1-1418DSLNS-830,0
CAM1-1014DSLG-815,0
CAM1-1014DSLG-820,0
CAM1-1014DSLG-825,0
CAM1-1014DSLG-830,0
CAM1-1014DSLG-148,0
CAM1-1317DSLG-815,0
CAM1-1317DSLG-825,0
CAM1-1317DSLG-110,0
CAM1-1317DSLG-148,0
CAM1-1418DSLG-815,0
CAM1-1418DSLG-820,0
CAM1-1418DSLG-825,0
CAM1-1418DSLG-830,0
CAM1-1418DSLG-110,0
CAM1-1418DSLG-148,0
CAM1-1014DSLM-815,0
CAM1-1014DSLM-820,0
CAM1-1317DSLM-825,0
CAM1-1317DSLM-830,0
CAM1-1418TRCW-180,0
CAM1-900CT-138,0
CAM1-1520CL-674,0
CAM1-1418FF-107,0
CAM1-1014-123,0
CAM1-1014-101,0
CAM1-1014-513,0
CAM1-1014-409,0
CAM1-1014-116,0
CAM1-1014-522,0
CAM1-1014-521,0
CAM1-1014-537,0
CAM1-1014-505,0
CAM1-1014-220,0
CAM1-1014-538,0
CAM1-1014-117,0
CAM1-1014-104,0
CAM1-1014-514,0
CAM1-1014-221,0
CAM1-1014-551,0
CAM1-1014-105,0
CAM1-1014-429,0
CAM1-1014-106,0
CAM1-1014-113,0
CAM1-1014-504,0
CAM1-1014-428,0
CAM1-1014-222,0
CAM1-1014-107,0
CAM1-1014-410,0
CAM1-1014-501,0
CAM1-1014-518,0
CAM1-1014-119,0
CAM1-1014-510,0
CAM1-1014-401,0
CAM1-1014-508,0
CAM1-1014-199,0
CAM1-1014-414,0
CAM1-1014-171,0
CAM1-1014-148,0
CAM1-1216-123,0
CAM1-1216-101,0
CAM1-1216-513,0
CAM1-1216-409,0
CAM1-1216-116,0
CAM1-1216-522,0
CAM1-1216-521,0
CAM1-1216-537,0
CAM1-1216-505,0
CAM1-1216-220,0
CAM1-1216-538,0
CAM1-1216-117,0
CAM1-1216-104,0
CAM1-1216-514,0
CAM1-1216-221,0
CAM1-1216-551,0
CAM1-1216-105,0
CAM1-1216-429,0
CAM1-1216-106,0
CAM1-1216-113,0
CAM1-1216-504,0
CAM1-1216-222,0
CAM1-1216-107,0
CAM1-1216-410,0
CAM1-1216-501,0
CAM1-1216-518,0
CAM1-1216-119,0
CAM1-1216-510,0
CAM1-1216-177,0
CAM1-1216-401,0
CAM1-1216-508,0
CAM1-1216-199,0
CAM1-1216-414,0
CAM1-1216-171,0
CAM1-1216-148,0
CAM1-1418-123,0
CAM1-1418-101,0
CAM1-1418-513,0
CAM1-1418-110,0
CAM1-1418-409,0
CAM1-1418-116,0
CAM1-1418-522,0
CAM1-1418-521,0
CAM1-1418-537,0
CAM1-1418-505,0
CAM1-1418-220,0
CAM1-1418-538,0
CAM1-1418-117,0
CAM1-1418-104,0
CAM1-1418-514,0
CAM1-1418-221,0
CAM1-1418-551,0
CAM1-1418-105,0
CAM1-1418-429,0
CAM1-1418-536,0
CAM1-1418-106,0
CAM1-1418-113,0
CAM1-1418-504,0
CAM1-1418-222,0
CAM1-1418-107,0
CAM1-1418-410,0
CAM1-1418-501,0
CAM1-1418-518,0
CAM1-1418-119,0
CAM1-1418-510,0
CAM1-1418-177,0
CAM1-1418-508,0
CAM1-1418-414,0
CAM1-1418-171,0
CAM1-1418-148,0
CAM1-3253-123,0
CAM1-3253-101,0
CAM1-3253-513,0
CAM1-3253-409,0
CAM1-3253-116,0
CAM1-3253-522,0
CAM1-3253-521,0
CAM1-3253-537,0
CAM1-3253-505,0
CAM1-3253-220,0
CAM1-3253-538,0
CAM1-3253-117,0
CAM1-3253-104,0
CAM1-3253-514,0
CAM1-3253-221,0
CAM1-3253-551,0
CAM1-3253-105,0
CAM1-3253-429,0
CAM1-3253-536,0
CAM1-3253-106,0
CAM1-3253-113,0
CAM1-3253-504,0
CAM1-3253-428,0
CAM1-3253-222,0
CAM1-3253-107,0
CAM1-3253-410,0
CAM1-3253-501,0
CAM1-3253-518,0
CAM1-3253-119,0
CAM1-3253-510,0
CAM1-3253-177,0
CAM1-3253-401,0
CAM1-3253-508,0
CAM1-3253-199,0
CAM1-3253-414,0
CAM1-3253-171,0
CAM1-1014ET-167,0
CAM1-1216ET-167,0
CAM1-1418-401,0
CAM1-1622-514,0
CAM1-1600CT-308,0
CAM1-VT3646C-A72,0
CAM1-1418ET-110,0
CAM1-1418ET-167,0
CAM1-1418ET-206,0
CAM1-1418ET-207,0
CAM1-1418ET-503,0
CAM1-1520ET-110,0
CAM1-1520ET-206,0
CAM1-1520ET-207,0
CAM1-1520ET-503,0
CAM1-1520ET-521,0
CAM1-1400ET-110,0
CAM1-1400ET-167,0
CAM1-1400ET-206,0
CAM1-1400ET-207,0
CAM1-1400ET-503,0
CAM1-1400ET-521,0
CAM1-1600ET-110,0
CAM1-1600ET-167,0
CAM1-1600ET-206,0
CAM1-1600ET-207,0
CAM1-1600ET-503,0
CAM1-1600ET-521,0
CAM1-1520-123,0
CAM1-1520-101,0
CAM1-1520-513,0
CAM1-1520-110,0
CAM1-1520-409,0
CAM1-1520-116,0
CAM1-1520-522,0
CAM1-1520-521,0
CAM1-1520-537,0
CAM1-1520-505,0
CAM1-1520-220,0
CAM1-1520-538,0
CAM1-1520-117,0
CAM1-1520-104,0
CAM1-1520-514,0
CAM1-1520-221,0
CAM1-1520-551,0
CAM1-1520-105,0
CAM1-1520-429,0
CAM1-1520-536,0
CAM1-1520-106,0
CAM1-1520-113,0
CAM1-1520-504,0
CAM1-1520-428,0
CAM1-1520-222,0
CAM1-1520-107,0
CAM1-1520-410,0
CAM1-1520-501,0
CAM1-1520-518,0
CAM1-1520-119,0
CAM1-1520-510,0
CAM1-1520-177,0
CAM1-1520-401,0
CAM1-1520-508,0
CAM1-1520-414,0
CAM1-1520-171,0
CAM1-1520-148,0
CAM1-10146DCP-414,0
CAM1-1520CL-145,0
CAM1-1014ET-131,0
CAM1-1216ET-131,0
CAM1-1550CT-138,0
CAM1-1418DC-820,0
CAM1-1216TL-322,0
CAM1-1317DSLG-820,0
CAM1-1418LM-409,0
CAM1-1014DSLNS-815,0
CAM1-1014DSLNS-820,0
CAM1-1014DSLM-825,0
CAM1-1014DSLM-830,0
CAM1-1317DSLM-820,0
CAM1-1418DSLM-820,0
CAM1-1418DSLM-830,0
CAM1-1400CT-522,0
CAM1-1600CT-522,0
CAM1-1800CT-522,0
CAM1-CA2632-E79,0
CAM1-CA2632-E82,0
CAM1-CA2836-E89,0
CAM1-CA3253-E89,0
CAM1-CA3343-E86,0
CAM1-CA3646-E88,0
CAM1-CO3800-D01,0
CAM1-GL220P-A86,0
CAM1-GP1070AB-A83,0
CAM1-MA2435-E86,0
CAM1-MA2435-E87,0
CAM1-MA2435-E88,0
CAM1-MA2435-E89,0
CAM1-MA2435-E90,0
CAM1-MA3142H-E87,0
CAM1-VL2632-A27,0
CAM1-VL2632-A83,0
CAM1-VT2632-A72,0
CAM1-VT2632-A86,0
CAM1-VT3646C-F02,0
CAM1-VT3646C-F04,0
CAM1-VT3646C-F90,0
CAM1-VT3646C-S60,0
CAM1-VTC2632T-F86,0
CAM1-VTC2632T-F87,0
CAM1-VTC2632T-F88,0
CAM1-VTC2632T-F89,0
CAM1-VTC2632T-F90,0
CAM1-VTC2632T-F91,0
CAM1-VTC3253T-F88,0
CAM1-VTC3253T-F89,0
CAM1-VTC3343T-F86,0
CAM1-VTC3343T-F87,0
CAM1-VTC3343TNS-F86,0
CAM1-VTC3343TNS-F91,0
CAM1-VTC3646T-F86,0
CAM1-VTC3646T-F87,0
CAM1-VTC3753T-F90,0
CAM1-VTC3753TNS-F88,0
CAM1-VTCT2632T-110,0
CAM1-VTCT3646T-110,0
CAM1-1014DSLG-110,0
CAM1-1317DSLM-815,0
CAM1-1317DSLNS-825,0
CAM1-1317DSLNS-830,0
CAM1-CA3343-E88,0
CAM1-1030MT-148,0
CAM1-10302MT-148,0
CAM1-915-171,0
CAM1-915-536,0
CAM1-915-514,0
CAM1-810-171,0
CAM1-810-536,0
CAM1-810-514,0
CAM1-1418TL-110,0
CAM1-1418TL-138,0
CAM1-10146CW-161,0
CAM1-BR578-186,0
CAM1-25S638-119,0
CAM1-PR59314151,0
CAM1-16C258-184,0
CAM1-BR578-151,0
CAM1-BR414-184,0
CAM1-10HS318-151,0
CAM1-16S318-119,0
CAM1-16S318-163,0
CAM1-16S318-167,0
CAM1-16S318-184,0
CAM1-16S318-186,0
CAM1-16S434-119,0
CAM1-16S434-163,0
CAM1-16S434-167,0
CAM1-16S434-184,0
CAM1-16S434-186,0
CAM1-16S638-163,0
CAM1-16S638-167,0
CAM1-16S638-184,0
CAM1-16S638-186,0
CAM1-16S800-119,0
CAM1-16S800-163,0
CAM1-16S800-167,0
CAM1-16S800-184,0
CAM1-16S800-186,0
CAM1-16S958-119,0
CAM1-16S958-163,0
CAM1-16S958-167,0
CAM1-16S958-184,0
CAM1-16S958-186,0
CAM1-16S1114-119,0
CAM1-16S1114-151,0
CAM1-16S1114-163,0
CAM1-16S1114-167,0
CAM1-16S1114-184,0
CAM1-16S1114-186,0
CAM1-25S318-119,0
CAM1-25S318-163,0
CAM1-25S318-167,0
CAM1-25S318-184,0
CAM1-25S318-186,0
CAM1-25S434-119,0
CAM1-25S434-163,0
CAM1-25S434-184,0
CAM1-25S434-186,0
CAM1-25S638-163,0
CAM1-25S638-167,0
CAM1-25S638-184,0
CAM1-25S638-186,0
CAM1-25S800-119,0
CAM1-25S800-163,0
CAM1-25S800-167,0
CAM1-25S800-184,0
CAM1-25S800-186,0
CAM1-25S958-119,0
CAM1-25S958-163,0
CAM1-25S958-167,0
CAM1-25S958-184,0
CAM1-25S958-186,0
CAM1-25S1114-119,0
CAM1-25S1114-151,0
CAM1-25S1114-163,0
CAM1-25S1114-167,0
CAM1-25S1114-184,0
CAM1-25S1114-186,0
CAM1-36S318-119,0
CAM1-36S318-163,0
CAM1-36S318-167,0
CAM1-36S318-184,0
CAM1-36S318-186,0
CAM1-36S434-119,0
CAM1-36S434-163,0
CAM1-36S434-167,0
CAM1-36S434-184,0
CAM1-36S434-186,0
CAM1-36S638-119,0
CAM1-36S638-163,0
CAM1-36S638-167,0
CAM1-36S638-184,0
CAM1-36S638-186,0
CAM1-36S800-119,0
CAM1-36S800-163,0
CAM1-36S800-167,0
CAM1-36S800-184,0
CAM1-36S800-186,0
CAM1-36S958-119,0
CAM1-36S958-163,0
CAM1-36S958-167,0
CAM1-36S958-184,0
CAM1-36S958-186,0
CAM1-36S1114-119,0
CAM1-36S1114-163,0
CAM1-36S1114-167,0
CAM1-36S1114-184,0
CAM1-36S1114-186,0
CAM1-49S318-119,0
CAM1-49S318-163,0
CAM1-49S318-167,0
CAM1-49S318-184,0
CAM1-49S318-186,0
CAM1-49S434-119,0
CAM1-49S434-163,0
CAM1-49S434-167,0
CAM1-49S434-184,0
CAM1-49S434-186,0
CAM1-49S638-119,0
CAM1-49S638-163,0
CAM1-49S638-167,0
CAM1-49S638-184,0
CAM1-49S638-186,0
CAM1-49S800-119,0
CAM1-49S800-163,0
CAM1-49S800-167,0
CAM1-49S800-184,0
CAM1-49S800-186,0
CAM1-49S958-119,0
CAM1-49S958-163,0
CAM1-49S958-167,0
CAM1-49S958-184,0
CAM1-49S958-186,0
CAM1-49S1114-119,0
CAM1-49S1114-163,0
CAM1-49S1114-167,0
CAM1-49S1114-184,0
CAM1-49S1114-186,0
CAM1-CECBL6-000,0
CAM1-CECBE6-000,0
CAM1-CECCF6-000,0
CAM1-CECCM6-000,0
CAM1-CECGO6-000,0
CAM1-CECPI6-000,0
CAM1-CECRW6-000,0
CAM1-CECRT6-000,0
CAM1-CECWF6-000,0
CAM1-CECWT6-000,0
CAM1-16S418-119,0
CAM1-16S418-163,0
CAM1-16S418-167,0
CAM1-16S418-184,0
CAM1-16S418-186,0
CAM1-16S534-119,0
CAM1-16S534-163,0
CAM1-16S534-167,0
CAM1-16S534-184,0
CAM1-16S534-186,0
CAM1-16S738-119,0
CAM1-16S738-163,0
CAM1-16S738-167,0
CAM1-16S738-184,0
CAM1-16S738-186,0
CAM1-16S900-119,0
CAM1-16S900-163,0
CAM1-16S900-167,0
CAM1-16S900-184,0
CAM1-16S900-186,0
CAM1-16S1058-119,0
CAM1-16S1058-163,0
CAM1-16S1058-184,0
CAM1-16S1058-186,0
CAM1-16S1214-119,0
CAM1-16S1214-151,0
CAM1-16S1214-163,0
CAM1-16S1214-167,0
CAM1-16S1214-184,0
CAM1-16S1214-186,0
CAM1-20S318-119,0
CAM1-20S318-163,0
CAM1-20S318-167,0
CAM1-20S318-184,0
CAM1-20S318-186,0
CAM1-20S434-119,0
CAM1-20S434-163,0
CAM1-20S434-167,0
CAM1-20S434-184,0
CAM1-20S434-186,0
CAM1-20S638-119,0
CAM1-20S638-163,0
CAM1-20S638-167,0
CAM1-20S638-184,0
CAM1-20S638-186,0
CAM1-20S800-119,0
CAM1-20S800-163,0
CAM1-20S800-167,0
CAM1-20S800-184,0
CAM1-20S800-186,0
CAM1-20S418-119,0
CAM1-20S418-151,0
CAM1-20S418-163,0
CAM1-20S418-167,0
CAM1-20S418-184,0
CAM1-20S418-186,0
CAM1-20S534-119,0
CAM1-20S534-151,0
CAM1-20S534-163,0
CAM1-20S534-167,0
CAM1-20S534-184,0
CAM1-20S534-186,0
CAM1-20S738-119,0
CAM1-20S738-151,0
CAM1-20S738-163,0
CAM1-20S738-167,0
CAM1-20S738-184,0
CAM1-20S738-186,0
CAM1-20S900-119,0
CAM1-20S900-163,0
CAM1-20S900-167,0
CAM1-20S900-184,0
CAM1-20S900-186,0
CAM1-20S958-119,0
CAM1-20S958-163,0
CAM1-20S958-167,0
CAM1-20S958-184,0
CAM1-20S958-186,0
CAM1-20S1058-119,0
CAM1-20S1058-151,0
CAM1-20S1058-163,0
CAM1-20S1058-167,0
CAM1-20S1058-184,0
CAM1-20S1058-186,0
CAM1-20S1114-119,0
CAM1-20S1114-163,0
CAM1-20S1114-167,0
CAM1-20S1114-184,0
CAM1-20S1114-186,0
CAM1-20S1214-119,0
CAM1-20S1214-151,0
CAM1-20S1214-163,0
CAM1-20S1214-167,0
CAM1-20S1214-184,0
CAM1-20S1214-186,0
CAM1-25S418-119,0
CAM1-25S418-163,0
CAM1-25S418-167,0
CAM1-25S418-184,0
CAM1-25S418-186,0
CAM1-25S534-119,0
CAM1-25S534-163,0
CAM1-25S534-167,0
CAM1-25S534-184,0
CAM1-25S534-186,0
CAM1-25S738-119,0
CAM1-25S738-163,0
CAM1-25S738-167,0
CAM1-25S738-184,0
CAM1-25S738-186,0
CAM1-25S900-119,0
CAM1-25S900-163,0
CAM1-25S900-167,0
CAM1-25S900-184,0
CAM1-25S900-186,0
CAM1-25S1058-119,0
CAM1-25S1058-163,0
CAM1-25S1058-167,0
CAM1-25S1058-184,0
CAM1-25S1058-186,0
CAM1-25S1214-119,0
CAM1-25S1214-151,0
CAM1-25S1214-163,0
CAM1-25S1214-167,0
CAM1-25S1214-184,0
CAM1-25S1214-186,0
CAM1-30S318-119,0
CAM1-30S318-151,0
CAM1-30S318-163,0
CAM1-30S318-167,0
CAM1-30S318-184,0
CAM1-30S318-186,0
CAM1-30S434-119,0
CAM1-30S434-151,0
CAM1-30S434-163,0
CAM1-30S434-167,0
CAM1-30S434-184,0
CAM1-30S434-186,0
CAM1-30S638-119,0
CAM1-30S638-163,0
CAM1-30S638-167,0
CAM1-30S638-184,0
CAM1-30S638-186,0
CAM1-30S800-119,0
CAM1-30S800-163,0
CAM1-30S800-167,0
CAM1-30S800-184,0
CAM1-30S800-186,0
CAM1-30S958-119,0
CAM1-30S958-163,0
CAM1-30S958-167,0
CAM1-30S958-184,0
CAM1-30S958-186,0
CAM1-30S1114-119,0
CAM1-30S1114-163,0
CAM1-30S1114-167,0
CAM1-30S1114-184,0
CAM1-30S1114-186,0
CAM1-36S418-119,0
CAM1-36S418-163,0
CAM1-36S418-167,0
CAM1-36S418-184,0
CAM1-36S418-186,0
CAM1-36S534-119,0
CAM1-36S534-163,0
CAM1-36S534-167,0
CAM1-36S534-184,0
CAM1-36S534-186,0
CAM1-36S738-119,0
CAM1-36S738-163,0
CAM1-36S738-167,0
CAM1-36S738-184,0
CAM1-36S738-186,0
CAM1-36S900-119,0
CAM1-36S900-163,0
CAM1-36S900-167,0
CAM1-36S900-184,0
CAM1-36S900-186,0
CAM1-36S1058-119,0
CAM1-36S1058-151,0
CAM1-36S1058-163,0
CAM1-36S1058-167,0
CAM1-36S1058-184,0
CAM1-36S1058-186,0
CAM1-36S1214-119,0
CAM1-36S1214-151,0
CAM1-36S1214-163,0
CAM1-36S1214-167,0
CAM1-36S1214-184,0
CAM1-36S1214-186,0
CAM1-16S1058-167,0
CAM1-25S434-167,0
CAM1-9S638-151,0
CAM1-FWC56-151,0
CAM1-36S738-414,0
CAM1-30S800-168,0
CAM1-25S434-416,0
CAM1-25S418-168,0
CAM1-9S638-416,0
CAM1-CL800P190,0
SAN2-06205,0
SAN2-10605,0
SAN2-10903,0
ROB2-HP1500-17,0
ROB2-14,0
ROB2-19,0
ROB2-08(162),0
HAM2-960031902,0
HAM2-260045400,0
GOL2-49368,0
EDL2-A581,0
EDL2-G047,0
EDL2-S318,0
EDL2-A285,0
SAN2-28860,0
SAN2-37171,0
SAN2-37207,0
SAN2-37172,0
SAN2-37173,0
SAN2-37174,0
SAN2-37188,0
SAN2-37434,0
WES2-P317-109,0
WES2-P399-109L,0
WES2-P434-9,0
SAN2-50820,0
SAN2-50830,0
SAN2-50545,0
REG2-032,0
REG2-064+066,0
REG2-132,0
REG2-111-62,0
SAN2-09147,0
LAS2-109011,0
LKK2-B25-15-6,0
CEC2-L069A,0
WAR2-501838,0
LIN2-VA09,0
ZAN2-ELET0002,0
ZAN2-TERMOCOUPLE-J200,0
ZAN2-BGAS0025,0
ZAN2-REFR0027,0
ZAN2-REFR0018,0
CEC2-L161V,0
CEC2-Q024A,0
CEC2-D022A,0
FRA2-400375,0
BER2-BK-12N,0
LIN2-KN97,0
LIN2-LE12,0
LIN2-LE14,0
RAN2-36401002,0
RAN2-34070050,0
RAN2-10060176,0
FRA2-279800,0
LKK2-HEATER(FX20),0
JIN2-30X77,0
JIN2-HANDLE,0
JIN2-COVER-LEFT,0
JIN2-DOOR-GASKET,0
WIN2-3108006,0
WIN2-5528236,0
HAT2-0219019,0
WIN2-5519100,0
WIN2-60001846,0
WIN2-3126041,0
WIN2-60003519,0
WIN2-4001016,0
WIN2-60003414,0
WIN2-60003646,0
WIN2-3101017,0
WIN2-2907500,0
WIN2-3103025,0
WIN2-3124186,0
WIN2-61004421,0
WIN2-61002211,0
WIN2-61002564,0
WIN2-61002679,0
WIN2-SP166Z,0
WIN2-4003025,0
WIN2-61005196,0
FAG2-R663031,0
FAG2-2151116411,0
FAG2-R663013,0
LKK2-KM2,0
BER2-IC-IK-FUSE,0
BER2-HT-IR1KW,0
LKK2-SWITCH-P(JG210),0
RAN2-35002503,0
RAN2-38123012,0
ROB2-LT10-20,0
ROB2-MCOO69,0
RAN2-10070100,0
NUO2-03000066,0
NUO2-04900121,0
NUO2-13200012,0
ELO2-B0720,0
ELO2-R0188,0
RAN2-22105001,0
RAN2-69000033,0
RAN2-37030407,0
SIR2-SM190100011,0
LKK2-KSD302,0
RAN2-10060120,0
RAN2-34200057,0
NAY2-GS2157,0
NAY2-GS2163,0
NAY2-GS3875,0
NAY2-GS2866,0
BER2-OB002,0
SIR2-IB4100905,0
SIR2-IB7310910,0
POE2-238735,0
ROL2-380050115,0
CHR2-COMPTEUR,0
RHE2-10066,0
ROB2-PS100-11,0
ROB2-HC0046,0
ROL2-A02016,0
SIR2-182X5404218F,0
ROL2-45001,0
LKK2-RG12-5-15,0
LKK2-GEAR-MOTOR,0
ROS2-TS11J(1-2),0
ROS2-TS11J(3-8),0
ROS2-1951-536,0
SAE2-9160009150,0
RAN2-10071120,0
RAN2-10202204,0
RAN2-27400001,0
RAN2-37030513,0
RAN2-10060412,0
RAN2-36404013,0
RAN2-36404014,0
RAN2-36310008,0
DEA2-2507,0
COF2-215,0
COF2-EVA240CPL,0
RON2-7079,0
RAN2-10706024,0
RAN2-10705226,0
SIR2-MF0109,0
LKK2-TC22-13,0
SIR2-LF18G32502,0
SIR2-8-MM,0
SIR2-281532X,0
SIR2-LF1832602,0
FRA2-400189,0
LKK2-TJ12-19,0
LKK2-6003Z,0
HAT2-X0213330,0
HAT2-0212010,0
TRI2-TS-1096,0
TRI2-TS-1110,0
TRI2-TS-1232,0
ROB2-HC0011,0
BER2-U007,0
BER2-U009,0
BER2-COVER-B,0
SAM2-2149222,0
SIR2-IB4004010,0
ROL2-118014,0
WIN2-3102288,0
WIN2-70002580,0
WIN2-70002382,0
WIN2-3104169,0
WIN2-4001015,0
WIN2-5507002,0
WIN2-SP166L,0
WIN2-5523053,0
RAN2-10706003,0
BER2-HL-NB01-692,0
COG2-228014,0
TBA2-K1D54001100,0
ZAN2-SPRI0033,0
ZAN2-SPRI0034,0
SIR2-GM5946420,0
SIR2-GM5866125,0
ZAN2-ELET0718,0
PIE2-LIMIT(MIX30),0
WIN2-2310304(GS14),0
SIR2-IGS460,0
RAN2-32330971,0
JIN2-S-S-CL,0
RAN2-37900304,0
ROB2-14(ELEMENT),0
ROB2-15(REGULATOR),0
RHE2-6-(ELICA),0
WIN2-65002764-(WKT1000),0
LKK2-START-BOTTON,0
COG2-127133,0
COG2-H.165168,0
JTA2-302220073,0
HAM2-960007800,0
CTX2-69649,0
LKK2-IND350BK-17,0
KIT2-9706633,0
KIT2-4161745,0
LTE2-MIX01,0
RAN2-69000149,0
LKK2-FUSE(LK-PL),0
BER2-NT-FW5C,0
LKK2-SB,0
LKK2-RK,0
LKK2-CCS,0
BER2-GS-8309,0
BER2-GE-GR500,0
TBA2-K1F0420100,0
PMF2-4F050015,0
BER2-DR-04L-BOLT,0
BER2-CC-16DF,0
BER2-NT-FWB7,0
BER2-NT-FW8C-M,0
BER2-CM-CAJ2446,0
BER2-VA-TXV-02N-1,0
BER2-HT-378,0
BER2-VA-TXV-TS2-1,0
BER2-GE-SGN10S-3-8,0
TBA2-KF95300101,0
TBA2-KF25300101,0
TBA2-KID5400100,0
JTA2-302240010,0
ZNS2-002862,0
ZNS2-0C7622,0
RON2-134623,0
RON2-134648,0
RON2-137352,0
RON2-137355,0
RON2-137364,0
RON2-140144,0
RON2-134805,0
HAM2-280114500,0
SIR2-29401562,0
JTA2-302090037,0
CTX2-7610272,0
CTX2-61803,0
MMT2-20045102,0
ROL2-F01059,0
SKP2-HUR0126203,0
SKP2-WSC032S-JS,0
BES2-31782500,0
MBM2-175327,0
BER2-CC-16-C5-6,0
TBA2-CLEANER,0
TBC2-CON-3003,0
TBC2-100214,0
TBC2-100506,0
TBC2-CON-3004-1-1,0
TBC2-CON-3004-2-2,0
TBC2-CON-7039,0
TBC2-ENC-3011,0
TBC2-I1-3213,0
TBC2-I1-3214,0
TBC2-I3-3209-3,0
TBC2-NGC-3005,0
TBC2-NGC-3083,0
TBC2-HHC-6517-2,0
RTN2-42.00.224,0
RTN2-54.01.045,0
RTN2-87.01.523S,0
RTN2-87.01.367,0
RTN2-87.01.370,0
CRO2-4-M605,0
CRO2-5517-1,0
WNK2-JD-COVER(B),0
WIN2-62001943,0
WIN2-2208502,0
LKK2-EPZ6-29,0
JTA2-302130378,0
JTA2-302110688,0
LKK2-JG300-24,0
SIR2-19540540,0
HAM2-990185701,0
SKP2-SIS1000300,0
SKP2-KF81530300,0
SKP2-G8F3200502,0
SKP2-P8F2700500,0
SKP2-K3F5102103,0
HAM2-990185501,0
SKP2-K3F5300504,0
SIR2-OSC649283,0
SIR2-OSC649333,0
LIN2-TC14,0
ROL2-B10004,0
LKK2-CM4803-00-16,0
SIR2-19320235,0
ROL2-A15009,0
BER2-CS-BF-C7-8,0
COF2-158,0
RAN2-41010010,0
BER2-HT-DF21,0
LKK2-CM4803-60-02,0
LKK2-CM4802-10-83,0
LKK2-CM4802-00-06,0
ROB2-MC0117,0
ROB2-ES0225,0
ROB2-HC0146,0
HAM2-990050001,0
SIR2-LF1831403,0
SIR2-195104E011E,0
SIR2-EK008BS022,0
PMF2-5R050200,0
PMF2-4M020031,0
PMF2-5M200013,0
PMF2-5P030036,0
PMF2-5M010506,0
ZAN2-ELET0160,0
COG2-75969,0
JTA2-KNOB-BASE-17,0
JTA2-KNOB-21,0
HAM2-990351500,0
HAM2-990346800,0
HAM2-990346700,0
SKP2-SDC36W0700,0
SIR2-19564033,0
SIR2-19564022,0
SIR2-19510902C.06,0
SIR2-28045202,0
SIR2-IGS336,0
ROL2-B06035,0
LAC2-532390600,0
SAN2-58200,0
LKK2-TBA,0
LKK2-CM4803-00-03,0
BER2-GL-BMC8U,0
LKK2-CM4803-00-12,0
LKK2-CM4803-00-11,0
LKK2-CM4803-00-14,0
LKK2-CM4803-10-48,0
LKK2-CM4803-00-13,0
LKK2-CM4803-10-18,0
LKK2-CM4803-80-34,0
LKK2-CM4803-10-67,0
LKK2-CM4803-60-05,0
LKK2-CM4803-10-72,0
LKK2-CM4803-80-10,0
LKK2-CM4803-40-21,0
LKK2-PUMP(CM4803),0
BER2-TM-XR30NTC,0
SAN2-58950,0
HAM2-990073700,0
LKK2-TEFD-2001,0
HAT2-X021333400,0
PIT2-B3307401-C,0
HAM2-6126-91503,0
WIN2-60003597,0
TBA2-D8F2700400,0
BER2-BKSH6L,0
WIN2-2707043,0
ROB2-MC0293,0
EKA2-09989708000,0
EKA2-11973859400,0
EKA2-09989808000,0
EKA2-11962268500,0
EKA2-11972708418,0
EKA2-01981248300,0
ROL2-B02013,0
WIN2-61005201,0
SIR2-28111206X,0
COG2-215032,0
RON2-124065T01,0
RON2-123555T01,0
RON2-91361,0
BER2-STK-DF13,0
SIR2-IV2520505L,0
LKK2-LK-LEO-36#16,0
MBM2-180499,0
WIN2-30000121,0
LKK2-TSP520-68,0
SIR2-IW1071240019,0
EKA2-21003590,0
EKA2-11972718418,0
EKA2-09975468518,0
EKA2-09984978400,0
HAT2-X020929000,0
TBA2-K3D5400100,0
TBA2-KR89000100,0
LIN2-EL217,0
SIR2-28045310,0
LKK2-TSP520-67,0
LKK2-TSP520-29-1,0
MMT2-58101054,0
ETL2-0660802502,0
ETL2-0508840801,0
ETL2-0548837300,0
ETL2-0646804001,0
ETL2-0646808400,0
ETL2-0652805100,0
ETL2-0830824600,0
ETL2-0574805200,0
NTS2-KNOB3X22X1.65M,0
NTS2-KNOB3X22X2.35M,0
NTS2-L290061054,0
NTS2-L290061066,0
NTS2-L290061072,0
NTS2-L290061073,0
LKK2-ELEMENT(EPZ-2),0
ROB2-MS0459,0
ROB2-MS0539,0
BER2-GLC-DB5-8950L,0
RAN2-34200293,0
RAN2-34200269,0
BER2-CM-NL11MF,0
HAM2-990105900,0
BER2-GL-S-3DW-A,0
BER2-GL-S-3DW-B,0
BER2-FP-CKE3,0
BER2-OP-DR-C-LHSDR-(R),0
LKK2-IND300-15,0
LKK2-IND300-2,0
LKK2-IND300-14,0
RON2-121028,0
RON2-50091,0
NTS2-COVER,0
BER2-HL-NB02-692L,0
BER2-HL-NB02-692R,0
WIN2-30002166,0
RAN2-10060019,0
CAM2-730SR-194,0
PRI2-101-118,0
GOL2-76176,0
MON2-3173-9,0
MON2-3395-2,0
DCS2-55114,0
VUL2-417424-G1,0
ROB2-25TS-17,0
VUL2-412787-2,0
EDL2-A279,0
PAN2-E1,0
PAN2-G6,0
TRA2-9601-06,0
ZAN2-CARP0588,0
DCS2-14046,0
DCS2-12025,0
WES2-KP24BL117,0
WES2-KM11PS112,0
WES2-P162-72,0
WES2-P170-97,0
WES2-P71-86F,0
CHR2-39-A,0
CHR2-42,0
WIS2-00107,0
HIC2-523,0
SAE2-140322061,0
SAE2-187672952,0
REG2-16,0
ROB2-HP605-16,0
ROB2-HP605-18,0
FAG2-X033201,0
GOL2-87044,0
LAS2-108245,0
HAM2-906090800,0
PRI2-910-50,0
PRI2-919-191A,0
LAS2-106111,0
LAS2-108063,0
LAS2-108192,0
LAS2-108201,0
LAS2-108409,0
LAS2-108413,0
LAS2-108450,0
LAS2-108451,0
LAS2-108456,0
LAS2-108460,0
LAS2-109015,0
LAS2-109024,0
LAS2-109079,0
LAS2-109081,0
LAS2-109100,0
LAS2-200056,0
LAS2-202001,0
LAS2-202102,0
LAS2-202229,0
LAS2-202237,0
LAS2-400154,0
LAS2-507405,0
PUJ2-900.000,0
PAN2-RESI001,0
NUO2-16100118,0
NUO2-16300003,0
NUO2-16300004,0
NUO2-16300019,0
NUO2-16300034,0
NUO2-16300035,0
NUO2-16300133,0
NUO2-16300057,0
NUO2-16300036V,0
NUO2-16300073,0
NUO2-ฐานยึด,0
NUO2-แผงวงจร,0
NUO2-16400020,0
WYO2-54006,0
WYO2-85140,0
DIH2-3002068,0
TS2-002710-40,0
LAP2-440071,0
LAP2-BRUSH,0
FAG2-T032101,0
SAM2-2503997,0
SAM2-2509149,0
SAM2-2509127,0
SAV2-21099,0
SAV2-21282,0
SAV2-21436,0
WAR2-012712,0
CHR2-CB60-FOUET,0
CHR2-LAMTZ54,0
CHR2-BLADE43,0
WNK2-ROLLER-SET-P,0
WNK2-8X12,0
WYO2-3100945,0
FAG2-U322100,0
MKN2-303324,0
MKN2-303325,0
RHE2-510,0
WOL2-714268,0
WOL2-714592,0
CHR2-1101-RO-1R-0-1,0
CEC2-E040A,0
CEC2-V113A,0
CEC2-X005A,0
WYO2-1201200,0
COF2-B,0
COF2-C,0
COF2-D,0
COF2-157,0
COF2-34,0
CHR2-BASKET-COMPLETE,0
ROU2-2090101,0
CHR2-B6767,0
WYO2-48609400,0
WYO2-87053,0
ROB2-E25-16,0
FRA2-42050224,0
FRA2-42050225,0
HAM2-SHAFT,0
EUR2-0067+0760+1070,0
EUR2-R100A031,0
EUR2-RG000636,0
EUR2-RG000640,0
EUR2-RI00A115,0
EUR2-ก้านคันโยก,0
EUR2-RH003618,0
EUR2-RQ00A064,0
EUR2-RR003635,0
EUR2-RB000226,0
WYO2-63453,0
WYO2-63454,0
ELO2-E0210,0
ELO2-E0915,0
ELO2-330006,0
ELO2-334007,0
ELO2-444018,0
ELO2-P0150,0
ELO2-E0341,0
ELO2-P0514,0
ZAN2-TERM0001,0
EUR2-A053,0
EUR2-RV003223,0
RHE2-AE0874E,0
RHE2-TC16-26-7,0
CHR2-84586933,0
CHR2-84586941,0
CHR2-84586947,0
CHR2-84586997,0
FRA2-177110,0
FRA2-177252,0
FRE2-PUMP-MOTOR,0
HAT2-0440025,0
FRA2-279348,0
FRA2-300717,0
CEC2-58028,0
CEC2-90254,0
CEC2-D037C,0
CEC2-L299C,0
MON2-11790-0,0
MON2-14033-5,0
MON2-5384-7,0
JIN2-30X104,0
JIN2-CURVE(G150L),0
MON2-15589-6,0
MON2-15591-8,0
MON2-11758-7,0
MON2-14061-9,0
MON2-1984-4,0
MON2-3416-9,0
WYO2-20658-02,0
WYO2-31022-05,0
WYO2-1380101,0
WYO2-1380200,0
WYO2-20661-13,0
WYO2-1479813,0
WYO2-1488300,0
RHE2-06071,0
LIN2-KN188,0
GRC2-V141,0
HAT2-0216061,0
WIN2-5510078,0
WIN2-60003522,0
WIN2-2804040,0
WIN2-61001713,0
WIN2-2704002,0
WIN2-610020680,0
WIN2-61002741,0
WIN2-61003085,0
WIN2-610060324,0
WIN2-3106180,0
WIN2-61005327,0
WIN2-3102330,0
WIN2-3116062,0
ROT2-2933004,0
CHX2-CH-TO-252,0
FAG2-R723003,0
FAG2-R670525,0
FAG2-Q352001,0
FAG2-R672638,0
FAG2-R672625,0
FAG2-R672626,0
FAG2-R680508,0
ELO2-E0156,0
ELO2-E1078,0
ELO2-E0230,0
WOL2-18348,0
WOL2-713652,0
WOL2-713930,0
PIE2-CONTACT,0
PIE2-TIMER,0
ROB2-DS0011,0
RAN2-38123068,0
WNK2-JD-TAP,0
JET2-S4206,0
CHR2-MINKEV144,0
RAN2-HANDLE2,0
ROB2-LT40-04,0
ROB2-VS0004,0
NUO2-01300005,0
NUO2-04100017,0
NUO2-14100024,0
NUO2-75006010,0
NUO2-00300021,0
NUO2-08000017,0
SAE2-301032220,0
SAE2-031780400A,0
SAE2-031781500A,0
SAE2-9160005,0
NUO2-04000513,0
NUO2-04000149,0
NUO2-04000511,0
NUO2-01000023,0
NUO2-01200003,0
NUO2-04500033,0
NUO2-04600001,0
NUO2-09100003,0
NUO2-09500006,0
NUO2-15050001,0
NUO2-80003024,0
NUO2-80006000,0
NUO2-04900185,0
NUO2-13200006,0
NUO2-12100004,0
NUO2-98050006,0
NUO2-09200006,0
ELO2-E433,0
ELO2-H0239,0
ELO2-H0657,0
ELO2-M0121,0
ELO2-N0075,0
PIE2-ADAPTER,0
ELO2-E0107,0
ELO2-R0184,0
RAN2-38123107,0
ROU2-4030163,0
COF2-EVAPORATOR-PLAT,0
NAY2-GS3649,0
NAY2-GS2158,0
NAY2-GS3851,0
NAY2-GS3060,0
NAY2-GS2170,0
NAY2-GS3720,0
NAY2-GS3644,0
NAY2-GS3689,0
NAY2-GS3891,0
NAY2-GS3854,0
NAY2-GS3895,0
NAY2-GS3865,0
LAS2-0663,0
LAS2-0664,0
LAS2-0670,0
LAS2-0672,0
LAS2-1019,0
NUO2-07300363,0
NUO2-98013020,0
NUO2-05000178,0
POE2-168851,0
POE2-168852,0
SAV2-51098,0
CHR2-845869183,0
CHR2-38,0
PRI2-TRAY,0
ROB2-PS50-12,0
ELO2-E0260,0
ELO2-R0303,0
ELO2-W0106,0
AMA2-C8959901,0
AMA2-D7741701,0
AMA2-10366904,0
WOL2-719362,0
ROS2-1980-48,0
ROS2-A-260,0
EGO2-5511549020,0
EGO2-5511569070,0
SAE2-9120006150,0
SAE2-NM02010,0
SAE2-9161140,0
SAE2-NM20212,0
SAV2-12355,0
SAV2-12548,0
SAV2-12549,0
SAV2-12551,0
SAV2-18027,0
SAV2-13312,0
RAN2-20122251,0
PIE2-SAFETY,0
ELO2-HEATER,0
RHE2-70,0
FAG2-R253030,0
FAG2-U192101,0
FAG2-X562130,0
MON2-16782-7,0
MON2-19187-6,0
MON2-2125-3,0
DEA2-1204,0
LAS2-106050,0
LAS2-202174,0
COF2-318,0
COF2-75,0
COF2-CAP-TUBE,0
COF2-CAPACITOR,0
COF2-DRIP-TRAY1,0
COF2-EVAPORATOR240,0
COF2-RELAY,0
COF2-VALVE-BODY,0
COF2-150,0
COF2-47,0
COF2-160,0
COF2-6.5X10,0
UNI2-1023089,0
UNI2-4400009,0
UNI2-7100027,0
UNI2-AX26,0
UNI2-AX33,0
UNI2-DOUGH-HOOK,0
PER2-COMP-TIMER,0
PER2-CHAIN,0
CEC2-L271A,0
RON2-121344,0
RON2-121344T02,0
SAV2-14619,0
STA2-2E-Z2147,0
RAN2-34200092,0
ROB2-EC0013,0
ROB2-MC0032,0
FRA2-H-C,0
FRA2-LPR-ENG,0
FRA2-09580110,0
FRA2-21650015,0
HAT2-050300700,0
HAT2-X0209261,0
GMI2-16122,0
TRI2-TS-1106,0
TRI2-TS-1105,0
AMA2-C8901508,0
SAM2-2149004,0
VUL2-719951-56,0
CEC2-G098A,0
ELO2-E0569,0
WIN2-5528174,0
WIN2-610030324,0
WIN2-70200289,0
WIN2-70200291,0
WIN2-70200336,0
WIN2-70200343,0
WIN2-70200387,0
WIN2-2210301,0
WIN2-3102378,0
WIN2-70002251,0
WIN2-70002277,0
WIN2-70002270,0
WIN2-70002271,0
WIN2-70002272,0
WIN2-70002255,0
WIN2-2810018,0
WIN2-3015512,0
WIN2-3111082,0
WIN2-3111083,0
WIN2-3111084,0
WIN2-3111085,0
WIN2-3201005,0
WIN2-5525050,0
WIN2-5523050,0
WIN2-5523051,0
WIN2-3111104,0
WIN2-5523018,0
POW2-WRHA2G0002,0
POW2-WRHA2G0001,0
POW2-WRHA2G0004,0
RAN2-35162501,0
HAT2-R020573600,0
ZAN2-BOCC0020,0
HAM2-HMIS21,0
HAM2-HMIS18,0
HAM2-HMIS14,0
PMF2-5G080001,0
HAT2-X04.05.528.00,0
TBA2-K25F2I7007,0
ROL2-B01005,0
ROL2-E02208,0
ROL2-B06068,0
ROL2-E02215,0
CRO2-4174-1,0
PIT2-PP10962,0
TBA2-KR25-1G-LW-GD,0
COF2-159,0
ELO2-E0467(RELAY),0
FAG2-Z853001(FI1200),0
PIE2-LIMIT(MIX20),0
BEN2-5023,0
BEN2-5046,0
SAM2-2149112,0
CHR2-6309-2RS1,0
WES2-P201-97,0
WES2-P651-3,0
HAT2-20119200,0
RAN2-38123753,0
GRC2-S076,0
GRC2-S087,0
GRC2-S112,0
GRC2-S041,0
SAM2-2140033,0
BKP2-2F-L5014E,0
ROL2-37024,0
ROL2-E01022COM,0
ROL2-H04082,0
ROL2-SA18051SE,0
ROL2-SH03028,0
RAN2-10070108,0
MID2-60664,0
HAM2-990278500,0
CMD2-TRAS0084,0
PIT2-60126801,0
REF2-00121,0
SEV2-00152,0
HAM2-990080500,0
TBA2-KIF0420100,0
CMK2-RELAY-10A,0
CMK2-FUSE-8A,0
SKP2-PM021H0030,0
TBA2-K2F5700100,0
BKP2-S115Y,0
HAT2-02.05.766.00,0
BKP2-BKPSM4-L5027P,0
BKP2-H1044X,0
RJ2-YYDFW-0.55,0
HAM2-990342900,0
HAM2-990342800,0
MID2-78159,0
SAM2-2141581,0
BES2-25779400,0
GRC2-S082,0
BES2-32786300,0
NUO2-16300027,0
DIH2-10300011,0
WIN2-3124191,0
REF2-00051,0
CAM2-41058,0
CAM2-7354,0
PMF2-5C030000,0
PMF2-8K010013,0
PMF2-5C030007,0
PMF2-5L500024,0
PMF2-3T300010,0
CAM2-60032,0
CAM2-60033,0
REF2-A3A3,0
BKP2-AS-M1009A,0
PMF2-5E200582,0
PMF2-5E200583,0
ZAN2-TERM0038,0
HAM2-BW800SS,0
HAM2-DH800SS,0
HAM2-WW800SS,0
MBM2-RTCU700366,0
MBM2-203480,0
MBM2-203478,0
ROB2-NC0044,0
CRO2-9207-3,0
CRO2-3529-2,0
CRO2-4298-100,0
CRO2-3533-1,0
CRO2-9207-5,0
CRO2-9147-2,0
CRO2-9342-1,0
LIN2-FA99,0
NTS2-WHEEL-01,0
NTS2-WHEEL-02,0
PIT2-P6071371,0
CAM2-EDBA-480,0
CAM2-EDBS-480,0
CAM2-CSMHDDB-000,0
REF2-00130,0
BES2-31283500,0
PIT2-P10429-M,0
EDL2-A72002,0
EDL2-A75602,0
EDL2-C08402,0
MID2-70820,0
MID2-69683,0
MID2-69510,0
REF2-00134,0
REF2-00135,0
SKP2-PM002S0480,0
RON2-79776,0
PIT2-PP11371,0
PIT2-PP11372,0
RON2-50587,0
MID2-59280,0
SEV2-00162,0
MID2-72796,0
MID2-64217,0
EDL2-C404,0
EDL2-K27519,0
REF2-00142,0
REF2-00143,0
CAM2-CS2111V-480,0
CAM2-CS2118V-480,0
CAM2-CS2112V-480,0
CEC2-355-00032,0
TBA2-K1F5700100,0
MID2-72947,0
ZNS2-052062,0
RON2-51309,0
RON2-53027,0
LOC2-HL-001,0
TBA2-RUNCAP-LX125LAJM,0
TBA2-CA2435Z00,0
HAM2-260057600,0
HAM2-SC001-91605,0
LOC2-WHEEL-02-SS,0
ROL2-F03017NM,0
COG2-73100,0
NTS2-1203100002,0
NTS2-AWC-05,0
NTS2-AWC-06,0
NTS2-HS-CD-IN55,0
ROL2-76104,0
ROL2-76118,0
ROL2-76119,0
ROL2-76136,0
ROL2-SB06012,0
ROL2-SH01105,0
ROL2-SH01106,0
ROL2-SB06044,0
ROB2-VS0284,0
HAT2-044034400,0
HAT2-X021335200,0
HAT2-X021335100,0
XIN2-TW-7S-45,0
COG2-75500,0
TBA2-K3F101009,0
ROB2-VS0306,0
HAT2-070125500,0
ROL2-76111SE,0
ROL2-76100,0
ROB2-DC0133,0
ROB2-DC0134,0
MMT2-59154460,0
LAC2-457340028,0
ZAN2-MANI0127,0
HAT2-021828600,0
WIN2-30002187,0
ROB2-MS0502,0
HAM2-9900314701,0
IMC2-S79-039,0
ASL2-PLASTIC-SHELL3500,0
ROL2-E02218,0
ROB2-WS0012,0
MID2-69190,0
SKP2-QTBD103100,0
GLO2-X30011PABB,0
GLO2-X40080,0
GLO2-X40125,0
HAT2-040543900,0
HAT2-040558400,0
HAT2-040558200,0
ZNS2-004361,0
ZNS2-0C0854,0
ZNS2-002355,0
ROL2-B02049,0
ROB2-MC0062,0
ROB2-MC0279,0
ROB2-MC0417,0
ROB2-MC0557,0
ROB2-MC0565,0
ROB2-MC0602,0
ROB2-MC0688,0
ROB2-MC0695,0
ROB2-MC0954,0
ROB2-MC0278,0
ROB2-MC0404,0
ROB2-MC0699,0
ROB2-NS0001,0
ROB2-NC0005,0
ROB2-MC0283,0
ROB2-PC0072,0
ROB2-PC0482,0
ROB2-MC0371,0
ROB2-MC0718,0
ROB2-WS0020,0
ASL2-SK-IND5000,0
TBC2-I1-3212,0
TBC2-I1-3219,0
LIN2-KN184,0
RTN2-40.04.771,0
RTN2-87.01.372,0
CRO2-9092-3,0
VRM2-AR005-364-TD001,0
VRM2-AR005-363-TD001,0
WIN2-700009073,0
COG2-927044,0
ASL2-PLASTIC-SHELL-OLD,0
COG2-80398,0
COG2-80627,0
HAM2-6126-HBF500,0
TBC2-I1-3210,0
TBC2-I1-9159,0
TBC2-I1-9179-2,0
TBC2-I1-9668,0
TBC2-I1-3202,0
MID2-48392,0
MID2-48396,0
MID2-51387,0
MID2-52358,0
MID2-M3828,0
MID2-50715,0
MID2-51017,0
MID2-51961,0
MID2-60598,0
MID2-48382,0
MID2-48387,0
MID2-48408,0
MID2-48412,0
MID2-48378,0
MID2-48410,0
MID2-51398,0
MID2-21296-0005,0
MID2-48395,0
MID2-M10434,0
MID2-45739,0
MID2-22450-0297,0
MID2-57258,0
MID2-31497,0
MID2-57474,0
MID2-57476,0
MID2-44696,0
MID2-50163,0
MID2-48635,0
MID2-48471,0
MID2-M4817,0
MID2-M4815,0
MID2-M4818,0
MID2-M7471,0
MID2-50060,0
MID2-50062,0
MID2-50061,0
MID2-3101212,0
MID2-55217,0
MID2-45349,0
MID2-30153,0
MID2-51409,0
LIN2-ST81,0
LIN2-EBM03,0
TBA2-K3F4500206,0
REF2-00158,0
RTN2-40.01.603,0
RTN2-40.00.395,0
RTN2-42.00.004,0
REF2-00160,0
MMT2-R9900585,0
MMT2-59174522,0
MBM2-RTBF700049,0
TBC2-100539,0
TBC2-101279,0
TBC2-101752,0
TBC2-102660,0
TBC2-102661,0
TBC2-102662,0
TBC2-102663,0
TBC2-102664,0
TBC2-102668,0
TBC2-CON-3012-XX,0
TBC2-CON-7013,0
TBC2-HCT-3009,0
TBC2-HCT-3010,0
TBC2-HCT-3011,0
TBC2-HCT-3012,0
TBC2-HCT-3013,0
TBC2-HCT-3014,0
TBC2-HCT-3015,0
TBC2-HCT-3016,0
TBC2-HCT-3017-1,0
TBC2-HCT-3017-2,0
TBC2-HCT-3017-3,0
TBC2-HCT-3017-4,0
TBC2-HCT-3018,0
TBC2-HCT-3022,0
TBC2-HCT-3023,0
TBC2-HCT-3024,0
TBC2-HCT-3025,0
TBC2-HCT-3026,0
TBC2-HCT-3027,0
TBC2-HCT-3028,0
TBC2-HCT-4001-XXXX,0
TBC2-HCT-4038.C,0
TBC2-HCT-4041.D,0
TBC2-HCT-4045,0
TBC2-HCT-4116-1,0
TBC2-HCT-4116-2,0
TBC2-HCT-4116-3,0
TBC2-HCT-4117.E,0
TBC2-HCT-4143,0
TBC2-HCT-4175,0
TBC2-HCT-4202,0
TBC2-HCT-4354,0
TBC2-HCT-4258,0
TBC2-HHC-1234,0
TBC2-HHC-3011,0
TBC2-HHC-3012-2,0
TBC2-HHC-4120,0
TBC2-NGC-1530,0
TBC2-NGC-3023,0
TBC2-NGC-3032,0
TBC2-TC3-0433,0
TBC2-CON-3031,0
SKP2-PM01S0010,0
SKP2-PM016H0010,0
SKP2-PM002S0240,0
VOL2-XMIX1002,0
VOL2-40761,0
VOL2-40764,0
NTS2-B5-001,0
RTN2-50.01.147,0
HAT2-R041786406,0
GLO2-X30099,0
GLO2-X30504,0
GLO2-X40162-163,0
GLO2-X600S1,0
GLO2-X600S2,0
HAT2-040523500,0
VRM2-AR31-152.1M,0
PMF2-7I010001,0
TBC2-100547,0
VRM2-STA6370,0
CAM2-IB44LIDCW,0
RTN2-40.00.251,0
TBA2-K3F0624103,0
TBC2-NGC-1076-2,0
EDL2-A287DC,0
EDL2-SW010,0
EDL2-S098,0
EDL2-P244,0
EDL2-W018,0
EDL2-S049,0
EDL2-P165,0
EDL2-P393,0
EDL2-P392,0
EDL2-S059,0
EDL2-W022,0
EDL2-S085,0
EDL2-W023,0
EDL2-S318T,0
EDL2-L065,0
MID2-68310,0
MID2-67857,0
MID2-70984,0
MID2-67975,0
TOP2-GR106,0
HAT2-02.13.340.00,0
MID2-67872,0
NTS2-BOT-DIS-FF,0
MBM2-173400,0
SKP2-PM002S0310,0
SKP2-PM009H0050,0
SKP2-PM009H0080,0
SKP2-PM202P0010,0
SKP2-RUN-CAPA,0
SKP2-STA-CAPA,0
NTS2-CD-IN68-005,0
NTS2-TIP-DIS-FF,0
NTS2-TIP-DIS-FF-01,0
TOP2-0098-01,0
TOP2-0098-02,0
TOP2-0098-03,0
TOP2-0098-H03,0
TOP2-9870-FEU,0
"TOP2-98-H20""",0
"TOP2-98-H68""",0
TOP2-H-02,0
TOP2-HS418-300,0
TOP2-HS418-400,0
TOP2-HS418-500,0
TOP2-HS419-300,0
TOP2-HS419-400,0
TOP2-HS419-500,0
TOP2-HS420-1000,0
TOP2-HS420-1200,0
TOP2-HS420-1500,0
TOP2-HS420-400,0
TOP2-HS420-500,0
TOP2-HS420-700,0
TOP2-KSH410,0
TOP2-M98E-H44,0
SKP2-K2F9000109,0
MID2-72826,0
ROL2-A19013,0
ROL2-G06640,0
PIT2-60143501,0
PIT2-60144001-C,0
TOP2-XDF-H110,0
HAT2-R023026612,0
PIT2-A8002201,0
PIT2-PP10618,0
PIT2-PP10591,0
PIT2-PP11257,0
PIT2-60132201,0
TBC2-I1-9039,0
TBC2-ECS-9566,0
TBC2-CON-3026,0
TBC2-104228,0
TBC2-NGC-3061-2,0
RJ2-SPFCS-0078,0
RJ2-SPFCS-0087,0
RJ2-SPFCS-0088,0
SKP2-SIS1000400,0
SKP2-S2SRF00100,0
SKP2-K3F5102004,0
LIN2-CCB01,0
LIN2-FT03,0
LIN2-HA121,0
LIN2-SP107,0
LIN2-TH136,0
LIN2-USB01,0
LIN2-USB02,0
VOL2-40763,0
VOL2-40762,0
VOL2-XMIX1004,0
VOL2-XMIX1020,0
CEC2-280-00022,0
MBM2-182100,0
COG2-129053,0
COG2-121149,0
COG2-127053,0
COG2-214077,0
COG2-236059,0
COG2-311008,0
COG2-311009,0
COG2-417038,0
COG2-417104,0
COG2-459018,0
COG2-478056,0
COG2-990121,0
COG2-15038,0
COG2-15039,0
COG2-26407,0
COG2-33294,0
ROL2-F05004,0
ROL2-A13010,0
ROL2-15246SE,0
ROL2-H04083BRO,0
SKP2-K3F4400803,0
SKP2-SKP9900100,0
SKP2-ST25W00200,0
SKP2-K3F2901702,0
HAM2-990262700,0
HAM2-990262500,0
HAM2-990263600,0
HAM2-990263500,0
HAM2-990278300,0
HAM2-990280800,0
HAM2-990264300,0
HAM2-990280000,0
HAM2-990280600,0
HAM2-990265700,0
HAM2-990294301,0
HAM2-990266200,0
HAM2-990301900,0
HAM2-990265300,0
HAM2-990264100,0
HAM2-990264900,0
HAM2-990276800,0
HAM2-990315000,0
HAM2-990315100,0
HAM2-990282300,0
HAM2-990282200,0
HAM2-990282000,0
MID2-S1172857,0
ROB2-DC0116,0
ROB2-DC0117,0
PMF2-5G510002,0
VRM2-AR005-010-TS001,0
SKP2-G8F5000400,0
SKP2-SDC36W0600,0
SKP2-SDC36E0300,0
SKP2-SDC36E0100,0
SKP2-SDC36E0200,0
SKP2-SDC36W2200,0
SKP2-SDC36Z0500,0
SKP2-SDC36Z0600,0
SKP2-SDC36Z0700,0
MBM2-188982,0
SKP2-SDC36W0403,0
SKP2-SDCHZ00100,0
SKP2-SCD1580500,0
SKP2-SDCHZ01300,0
SKP2-SDCHZ01400,0
WNK2-JD-ICE-TUBE,0
SEV2-N550-10,0
WIN2-85000436,0
HAM2-BS-LC,0
NUO2-40200004,0
HAT2-021613200,0
HAT2-X021613300,0
MAX2-4,0
CEC2-75015,0
TRA2-8086,0
ROB2-HC0150,0
MAX2-3,0
WIN2-3102410,0
WIN2-4004006,0
WIN2-70300239,0
REF2-00066,0
REF2-00067,0
WIN2-70007240,0
WIN2-70008044,0
WIN2-3103152,0
BES2-25156000,0
SEV2-CS-40,0
MAX2-EJ222-3B,0
MAX2-EJ202,0
PMF2-8K010135,0
TOA2-52244,0
TOA2-1800105,0
LIN2-TA86,0
HAT2-05.08.001.00,0
SKP2-PM016S0111,0
ROL2-A18024,0
HAT2-R02.06.301.00,0
HAT2-R02.06.302.00,0
HAT2-R02.06.452.00,0
SKP2-KF81500200,0
RON2-120750T02,0
CAM2-CSMHDTK10-000,0
CAM2-CSMHDTK12-000,0
CAM2-CSMHDTK145-000,0
CAM2-CSMHDTKE4-000,0
CAM2-CSMHDTKE5-000,0
CAM2-CSMHDTKE6-000,0
PMF2-5M200030,0
PMF2-5P030040,0
PMF2-5I030211,0
PMF2-5E200588,0
PMF2-5E200587,0
TBC2-HHC-6595,0
EDL2-A720,0
EDL2-C084H,0
TOP2-30400155,0
TOP2-31700111,0
HAT2-BO10193,0
HAT2-BO10183,0
TOA2-BO10064,0
HAT2-1001013,0
COG2-74933,0
ROL2-A17003,0
ROL2-A18027,0
ROL2-B03008,0
ROL2-D02019,0
ROL2-D02170,0
HAT2-021916100,0
HAT2-0219164,0
CAM2-EMCWB-000,0
ZAN2-AGAS0036,0
SKP2-PM016S0010,0
TBC2-HCT-4213,0
SKP2-PM013S0150,0
TBC2-I1-9411,0
SKP2-A-G8F3200602,0
TBA2-K3F510205,0
VOL2-00001,0
BKP2-S1094X,0
BKP2-R3031X,0
BKP2-R3021X,0
BKP2-R3020X,0
BKP2-S1016X,0
RTN2-40.03.928P,0
RTN2-50.01.146P,0
HAM2-990349400,0
HAM2-990065501,0
ROL2-D02178,0
MBM2-A800000810,0
LIN2-EBM06,0
PIT2-PP10732,0
VOL2-28717,0
VOL2-29818,0
VOL2-29823,0
VOL2-29824,0
VOL2-29825,0
VOL2-29826,0
VOL2-29827,0
VOL2-29828,0
VOL2-29830,0
VOL2-29831,0
VOL2-29832,0
VOL2-29837,0
ROB2-GC0010,0
ROB2-GC0005,0
ROL2-C03013,0
ROL2-57031,0
HAT2-022005500,0
HAT2-053006800,0
CAM2-ADCC000,0
ZAN2-ELET0059,0
LIN2-IG38,0
LIN2-KN230,0
LIN2-KN231,0
CEC2-R123A,0
CEC2-R122A,0
WIN2-2801042,0
CAM2-41019,0
CAM2-60008,0
ROB2-VS0111,0
ROB2-317159,0
NUO2-40900001,0
NUO2-40200002,0
NUO2-49800001,0
NUO2-40700005,0
NUO2-49900001,0
NUO2-40500002,0
CAS2-401204000,0
CAS2-402199010,0
CAS2-457560000,0
NUO2-49800002,0
REF2-00081,0
LIN2-FI10,0
HAM2-930093601,0
WIN2-70003169,0
WIN2-60003995,0
WIN2-62003596,0
VRM2-56SN20-30,0
MBM2-RTFOC00203-00,0
TBA2-T05AAE0010,0
TOP2-31700071,0
TOP2-30600050,0
HAM2-990058800,0
REF2-00086,0
LAC2-2445133575,0
XIN2-DT,0
WIN2-3104128,0
REF2-LA40-0300-EWL,0
EKA2-09988078000,0
EKA2-09985128418,0
REF2-HL3-0400-DB1,0
CAM2-853FH-150,0
SAM2-2600310,0
CEC2-E053A,0
MID2-62329,0
LAC2-3951134828,0
PIT2-60125202-C,0
WIN2-60003350,0
LTE2-14,0
REF2-231-9040-0443,0
ROB2-SS2289,0
MID2-22176-0017,0
MID2-P9000-26,0
MID2-59905,0
CAM2-14200,0
WIN2-70003485,0
WIN2-70003504,0
WIN2-70003587,0
MID2-3101908,0
MID2-66992,0
PIT2-B3301506-C,0
MID2-50551,0
MID2-68909,0
NTS2-B5-002,0
CAM2-41104110,0
RON2-7034,0
RON2-50561,0
RON2-106852,0
RON2-106887,0
RON2-125404,0
TOP2-30600021,0
HAM2-990150300,0
SKP2-SK00DS0100,0
SKP2-MDS001,0
ROL2-91049,0
CAM2-60432,0
SEV2-00101,0
MID2-60047,0
WIN2-3117007,0
EKA2-09940588000,0
ROB2-MC0846,0
TBA2-K3F8400400,0
TBA2-G5R5700200,0
PIT2- 60143513-CL,0
MID2-37923,0
MID2-39224,0
BEN2-4002,0
BEN2-5036,0
BEN2-4001,0
TBA2-K1F9000101,0
MMT2-58121077,0
ETL2-0831857602,0
ETL2-0624804600,0
ETL2-0574805901,0
ETL2-0524817201,0
ROL2-37005,0
LIN2-GL492,0
WNK2-BT-200T-1,0
WNK2-BT-200T-3,0
WNK2-BT-200T-4,0
WNK2-BT-200T-6,0
WNK2-BT-200T-7,0
WNK2-BT-200T-8,0
NTS2-SWITCH-AZ-7120-10A,0
NTS2-SWITCH-CZ7311,0
NTS2-SWITCH-TZ8111,0
NTS2-L290061044,0
NTS2-L290061045,0
NTS2-L290061053,0
NTS2-L290061055,0
NTS2-L290061064,0
ROB2-SC0055,0
ROB2-MC0584,0
WNK2-BT-180T-2,0
WNK2-BT-180T-4,0
WNK2-BT-180T-5,0
NUO2-16300001-G,0
MID2-60192,0
MID2-45333,0
MID2-58484,0
MID2-M10534,0
WNK2-PLASTIC,0
HAM2-960042000,0
ZAN2-CART0018,0
KIT2-9706977,0
TBA2-KIF9000105,0
TBA2-KR53300102,0
TBA2-K3F5102401,0
NTS2-YS-W60J-1A-005,0
NTS2-YS-W60J-1A-001,0
NTS2-YS-W60J-1A-002,0
NTS2-YS-W60J-1A-003,0
NTS2-YS-W60J-1A-004,0
WIN2-61005229,0
REF2-00108,0
REF2-00109,0
REF2-00110,0
REF2-00111,0
REF2-00112,0
ROB2-TS0011,0
RAN2-10060527,0
HAT2-X021209300,0
TBA2-G2R5700200,0
MID2-M10127,0
MID2-M1118,0
WIN2-5430001,0
REF2-AE2425ZK-SR,0
WIN2-70004851,0
WIN2-5528249,0
LIN2-EBM01,0
NTS2-WEB0009810,0
NTS2-BH-67,0
WIN2-3106250,0
ROB2-BMH2,0
TS2-5SV-H,0
MID2-65566,0
NTS2-1203080001,0
NTS2-120310005,0
NTS2-1204010019,0
NTS2-1204040004,0
NTS2-1203080003,0
NTS2-1203100006,0
NTS2-1203060004,0
NTS2-1204060006,0
NTS2-1204060011,0
NTS2-1202040005,0
NTS2-1202090002,0
HAT2-R020460100,0
MBM2-RIC0005326,0
MBM2-205989,0
MBM2-185799,0
MBM2-205724,0
MBM2-200342,0
MBM2-RIC0004944,0
MBM2-201395,0
MBM2-RTBF900045,0
MBM2-182906,0
MBM2-201394,0
MBM2-183993,0
LIN2-STA08,0
LIN2-13078,0
LIN2-SH109,0
LIN2-KN240,0
LIN2-MC16,0
LIN2-EL240,0
LIN2-EL239,0
LIN2-EBM22,0
LIN2-FZ214000,0
LIN2-FZ100947,0
LIN2-TH116,0
LIN2-Y10100,0
LIN2-FE42,0
LIN2-GA62,0
LIN2-FZ214088,0
LIN2-DV02,0
LIN2-LE64,0
LIN2-LE65,0
LIN2-LE57,0
LIN2-EL297,0
LIN2-EL155,0
LIN2-EL108,0
LIN2-KN238,0
LIN2-EL225,0
LIN2-EL226,0
LIN2-HA78,0
LIN2-KN237,0
LIN2-EL214,0
LIN2-TU105,0
LIN2-KN163,0
LIN2-EL216,0
SAN2-01222,0
SAN2-01227,0
SAN2-01225P,0
SAN2-110406A,0
SAN2-11326,0
SAN2-28658,0
SAN2-37435,0
SAN2-66100,0
SAN2-50202,0
SAN2-SP,0
SAN2-4I,0
SAN2-28400,0
SAN2-33145,0
SAN2-37165,0
SAN2-33123,0
SAN2-52532,0
SAN2-65111,0
SAN2-02201AD,0
SAN2-52503,0
SAN2-52504,0
SAN2-52505,0
SAN2-52518,0
SAN2-52514,0
SAN2-52513,0
SAN2-52511,0
SAN2-52501,0
SAN2-37105I,0
SAN2-37135I,0
SAN2-65201,0
SAN2-65102,0
SAN2-65260,0
SAN2-65274,0
SAN2-62116,0
SAN2-62125,0
SAN2-62200,0
SAN2-62204,0
SAN2-62207,0
SAN2-62208,0
SAN2-62220,0
SAN2-62222,0
SAN2-62300,0
SAN2-62301,0
SAN2-62309,0
SAN2-62340,0
SAN2-62343,0
SAN2-62345,0
SAN2-62348,0
SAN2-62370,0
SAN2-62375,0
SAN2-62376,0
SAN2-62377,0
SAN2-62401,0
SAN2-01604,0
SAN2-62119,0
SAN2-62203,0
SAN2-62405,0
SAN2-62402,0
SAN2-62304,0
SAN2-62312,0
SAN2-62378,0
SAN2-62353,0
SAN2-62344,0
SAN2-62343B,0
SAN2-62351,0
SAN2-62347,0
SAN2-62352,0
SAN2-28871,0
SAN2-65382,0
SAN2-65383,0
SAN2-37213,0
SAN2-58205,0
SAN2-58206,0
SAN2-58207,0
SAN2-01310,0
SAN2-37485,0
SAN2-37250,0
SAN2-58105,0
SAN2-58300,0
SAN2-50633,0
SAN2-50631,0
SAN2-28856,0
SAN2-02122,0
BER2-GAS-PIPE,0
BER2-TM-EGO250,0
BER2-TLD-15W-05,0
BER2-TM-EGO329,0
BER2-DF009,0
BER2-BR-VEN-L,0
BER2-416X293,0
BER2-SW-3PS,0
BER2-HT-HP2KW,0
BER2-HT-IR810W,0
BER2-CM-NL6.1MF,0
BER2-BS-C-WOOL,0
BER2-DRS-BS2D,0
BER2-HT-IR510W,0
BER2-HL-B02-630-3.5(OLD),0
BER2-HT-ESM-CRV,0
BER2-GE-GR200,0
BER2-GL-FW55,0
BER2-CM-AE4440Y,0
BER2-CM-CAE4456,0
BER2-LE-PL3PHRED,0
BER2-B-BE-KM,0
BER2-NT-FW22-1,0
BER2-CM-THB4422,0
BER2-CM-CAE4448,0
BER2-NT-FWB7-M,0
BER2-GL-BGC6,0
BER2-FE-FM10,0
BER2-HW-S-S-LEG,0
BER2-CM-AEZ4430,0
BER2-CM-CAE2420,0
BER2-CM-CAE2424,0
BER2-BA-201A-CV,0
BER2-BA-201A-PILOT,0
BER2-SPO-R-C2410058A,0
BER2-SPO-E-C2410058B,0
BER2-SPO-E-C2410058C,0
BER2-SPO-E-C2410058D,0
BER2-SPO-E-C2410058F,0
BER2-SPO-E-C2410058E,0
BER2-CM-SC15G,0
BER2-CM-NL84MF,0
BER2-FL-50G-C,0
BER2-CM-KCN430,0
BER2-CM-GL90TG,0
BER2-FE-VDE90W,0
BER2-CM-MX21FBA,0
BER2-CM-GL80TG,0
BER2-CM-GLY12RGB,0
BER2-CM-MPT14LA,0
BER2-CM-MPT16LA,0
BER2-CM-MX21FG,0
BER2-CM-MS26FG,0
BER2-CM-GLY90RAB,0
BER2-CM-GP14TG,0
BER2-GLC-D-GDF-L,0
BER2-GL-CHR-O,0
BER2-CM-CAJ2440,0
BER2-TI-10M,0
BER2-GS-445X635C7,0
BER2-CM-MS26FB,0
BER2-HG-SDH-L-L-001,0
BER2-HG-SDH-L-R-002,0
BER2-BR-B110,0
BER2-SPO-P-PIE19020036A,0
BER2-SPO-P-PIE19020004A,0
BER2-PL-PDC-1-BLK,0
BER2-GC-SDFH-SM-LC,0
BER2-GL-CHL,0
BER2-BR-201A,0
BER2-C-C6,0
BER2-C-P6,0
BER2-D-GDC-S-R,0
BER2-D-GDC-S-L,0
BER2-GL-RCS4F-C,0
BER2-IC-DRC150A-TS,0
BER2-00004-R,0
BER2-00005,0
BER2-00004-L,0
BER2-GL-SC3456L,0
BER2-WL-CI4-B,0
BER2-WL-CI4-S,0
BER2-GL-950B6-C,0
BER2-HL-B01-518,0
BER2-HL-B02-518,0
BER2-CM-SC15CLX,0
BER2-HT-60,0
BER2-BKSH6H,0
BER2-CM-NL8.4MF,0
BER2-8662559,0
BER2-FRONT-C,0
BER2-S-ODER-BLKR,0
BER2-CM-AE3430,0
BER2-CM-AE3440,0
BER2-COTR-TOP,0
BER2-GS-M1071-CT-402X522,0
BER2-CAPA(GR001),0
BER2-BN-SC001,0
BER2-HL-LG02-630-(L),0
BER2-GLC-DB5-8950R,0
BER2-GLC-RCS4T,0
BER2-CM-AE44482SR,0
BER2-CM-NL10MF,0
BER2-80UF250V,0
BER2-CS-D-Y-B-RT,0
BER2-CS-D-Y-B-RB,0
BER2-FB-DRUPB,0
BER2-DR-03LLH,0
BER2-GS-M1071-CT-405X519,0
BER2-CM-SC18CLX,0
BER2-HT-BM3KW-S,0
BER2-HT-BM2.5KW,0
JTA2-302220072,0
JTA2-302040265,0
JTA2-301020011,0
JTA2-301030022,0
JTA2-301120015,0
JTA2-20109047002,0
JTA2-20109047003,0
JTA2-20133009011,0
JTA2-20140174006,0
JTA2-302130463,0
JTA2-302130462,0
JTA2-302130174,0
JTA2-20501001109,0
JTA2-301040446,0
JTA2-301150057,0
JTA2-301110389,0
JTA2-302110172,0
JTA2-302110331,0
JTA2-20210003007,0
JTA2-302190037,0
JTA2-20140174016,0
JTA2-20209037012,0
JTA2-20210002007,0
JTA2-20210002008,0
JTA2-20210002013,0
JTA2-20210002201,0
JTA2-20210003011,0
JTA2-20210003801,0
JTA2-20211004004,0
JTA2-20211004009,0
JTA2-303121585,0
JTA2-20211005014,0
JTA2-20218009002,0
JTA2-20218011002,0
JTA2-20219002013,0
JTA2-20233010050,0
JTA2-20240026079,0
JTA2-20240167037,0
JTA2-20240167054,0
JTA2-301040116,0
JTA2-301050013,0
JTA2-301070063,0
JTA2-301110514,0
JTA2-302010155,0
JTA2-302030051,0
JTA2-302060079,0
JTA2-302100019,0
JTA2-302100433,0
JTA2-302110115,0
JTA2-302110125,0
JTA2-302110287,0
JTA2-302110088,0
JTA2-302110339,0
JTA2-302110440,0
JTA2-302110598,0
JTA2-302120049,0
JTA2-302140024,0
JTA2-302140025,0
JTA2-302160154,0
JTA2-302180404,0
JTA2-20228051011,0
JTA2-302110114,0
JTA2-302050078,0
JTA2-302250132,0
JTA2-302201877,0
JTA2-302230030,0
JTA2-302230048,0
JTA2-302250039,0
JTA2-302250149,0
JTA2-314490014,0
JTA2-LG-20-FC,0
JTA2-LG-20-FM,0
JTA2-LG-20-FS,0
JTA2-LG-20-RG,0
JTA2-LG-20-SSG,0
JTA2-20110003401,0
JTA2-20234008003,0
JTA2-20210002012,0
JTA2-302160071,0
JTA2-302020178,0
JTA2-302210274,0
JTA2-20232023028,0
JTA2-20232023006,0
JTA2-302090007,0
JTA2-302020077,0
JTA2-302060053,0
JTA2-302060054,0
JTA2-302080058,0
JTA2-301110186,0
JTA2-302050021,0
JTA2-302090021,0
JTA2-20140026020,0
JTA2-20201031004+005,0
JTA2-302020318,0
JTA2-302070019,0
JTA2-302070023,0
JTA2-302070027,0
JTA2-302070017,0
JTA2-302070021,0
JTA2-302070029,0
JTA2-301130055,0
JTA2-301130052,0
JTA2-20117018012,0
JTA2-20117032016,0
JTA2-314480006,0
JTA2-302020055-8,0
JTA2-302070235,0
JTA2-302214265,0
JTA2-301010048,0
JTA2-20201031005,0
JTA2-302020323,0
JTA2-302110297,0
JTA2-302150004,0
JTA2-302230043,0
JTA2-301110052,0
JTA2-20210005012,0
LKK2-IMER-BELT,0
LKK2-B25-14,0
LKK2-B25-03,0
LKK2-B25-06,0
LKK2-B25-04,0
LKK2-45,0
LKK2-GB79-85,0
LKK2-GB6172-86,0
LKK2-GB1161,0
LKK2-SWITCH-P(B5B),0
LKK2-B5A-37,0
LKK2-HANDLE-(EF-101),0
LKK2-KM1,0
LKK2-6004Z,0
LKK2-SIGHT-GLASS-20,0
LKK2-M20-05-28,0
LKK2-MR2-12,0
LKK2-CONTAC(PL2),0
LKK2-PL-2-21,0
LKK2-DL-1-22A-5,0
LKK2-R210-1C5L-DR,0
LKK2-MOTOR(SB3),0
LKK2-SWITCH-P(SB3),0
LKK2-29,0
LKK2-28(TC42),0
LKK2-34-A,0
LKK2-TJ22-17,0
LKK2-DWB7124,0
LKK2-TQ5-19-4,0
LKK2-TR12-27-00,0
LKK2-B40-06-07,0
LKK2-WIRE-WHIP(B5B),0
LKK2-85,0
LKK2-HS30A-38,0
LKK2-PCP190-24,0
LKK2-M20A-05-23,0
LKK2-520-30-1,0
LKK2-JG300-46,0
LKK2-JG300-47,0
LKK2-SWITCH(PL2),0
LKK2-IND350K-4,0
LKK2-IND350K-5,0
LKK2-IND300T-1,0
LKK2-IND300T-2,0
LKK2-IND300T-3,0
LKK2-IND350T-11,0
LKK2-SOCKET,0
LKK2-DL1-29,0
LKK2-SWITCH(TW-2),0
LKK2-B40-05-02,0
LKK2-B40-PLUG,0
LKK2-B40-05-03,0
LKK2-B40-05-18,0
LKK2-B40-05-13,0
LKK2-B40-05-12,0
LKK2-B40-05-09,0
LKK2-B40-05-06,0
LKK2-B40-05-04,0
LKK2-B40-05-15,0
LKK2-B40-03,0
LKK2-B40-17,0
LKK2-B40-06-14,0
LKK2-B40-05-01,0
LKK2-B40-HAND,0
LKK2-B40-06-15,0
LKK2-B40-14,0
LKK2-B40-13,0
LKK2-51203,0
LKK2-B40-08,0
LKK2-B40-07,0
LKK2-B40-06-09,0
LKK2-RHX-36-30,0
LKK2-RHX-36-26,0
LKK2-ROLLER-TUBE(RG9),0
LKK2-JG210-TRAY,0
LKK2-RHX-36-28,0
LKK2-LSP20-33,0
LKK2-LSP520-0100,0
LKK2-B20-SAFETY,0
LKK2-RHX-24-21,0
LKK2-17-(BM-63),0
LKK2-15-(BM-63),0
LKK2-35X62X12,0
LKK2-LEGS,0
LKK2-KSQ6-FLOATING,0
LKK2-PCP011,0
LKK2-PCP019B,0
LKK2-PCP028-3,0
LKK2-PCP037,0
LKK2-B15-23,0
LKK2-BLADE,0
LKK2-PLATE4.8,0
LKK2-COVER-ELE-BOX,0
LKK2-HS50A-19,0
LKK2-EPZ6-14,0
LKK2-EPZ6-18,0
LKK2-JG300A-64,0
LKK2-JG300A-65,0
LKK2-JG300A-66,0
LKK2-JG300A-67,0
LKK2-JG300A-68,0
LKK2-B15-RP,0
LKK2-B40-45,0
LKK2-B40-46,0
LKK2-PEO-40X1B-001,0
LKK2-PEO-40X1B-002,0
LKK2-PEO-40X1B-003,0
LKK2-GB13871-92,0
LKK2-TC42A-16,0
LKK2-GB301-64,0
LKK2-TC42A-17,0
LKK2-TC42A-15,0
LKK2-EHS330-5,0
LKK2-B15-7,0
LKK2-MT30B-CB,0
LKK2-THERMOSTAT(PL2)-380V,0
LKK2-B30-05-04,0
LKK2-SB6-14,0
LKK2-PN(RDS52-T),0
LKK2-12.5X700LA,0
LKK2-CM4803-00-01,0
LKK2-CM4803-00-09,0
LKK2-HS30D-01-03,0
LKK2-JG-210-07,0
LKK2-B40-06-05A,0
LKK2-CM4803-00-23,0
LKK2-CM4803-00-15,0
LKK2-CM4803-60-13,0
LKK2-CM4803-60-14,0
LKK2-CM4803-10-47,0
LKK2-CL(B20F),0
LKK2-JG-210-32,0
LKK2-JG-210-28,0
LKK2-JG-210-33,0
LKK2-JG-210-69,0
LKK2-WIRE-WHIP(B40),0
LKK2-7309BEP,0
LKK2-7211BEP,0
LKK2-TST(SK-600),0
LKK2-HS20-33B,0
LKK2-SKP005,0
LKK2-SKP010,0
LKK2-SKP011,0
LKK2-SKP014,0
LKK2-SKP015,0
LKK2-SKP016,0
LKK2-SKP018,0
LKK2-SKP019,0
LKK2-SKP020,0
LKK2-SKP023,0
LKK2-SKP012,0
LKK2-QS503A-7-02,0
LKK2-4803-00-10,0
LKK2-LSP520-67,0
LKK2-LSP520-68,0
LKK2-LSP520-29-2,0
LKK2-LSP520-29-1,0
LKK2-LSP520-69,0
LKK2-LSP520-70,0
LKK2-SWITCH(M20),0
LKK2-HS20-32,0
LKK2-LK-LEO-36#17,0
LKK2-LK-LEO-36#21,0
LKK2-LK-GFO-NOZZLE,0
LKK2-TSP520-65,0
LKK2-TSP520-33A,0
LKK2-TSP520-21,0
LKK2-GB879-86,0
LKK2-TSP520-66,0
LKK2-GB301-84,0
LKK2-TSP520-64,0
LKK2-MIXING-SHAFT,0
LKK2-GFO-2C-22A-5,0
LKK2-PL-2-22A-8,0
LKK2-TC22-12,0
LKK2-B20B-11,0
LKK2-SWITCH-16A-230V,0
LKK2-LTN-B60,0
LKK2-WGF182-282930,0
LKK2-B20F-44,0
LKK2-SAFETY-TJ12I,0
LKK2-TSP520-30-1,0
SIR2-19413007,0
SIR2-19400101,0
SIR2-19530501,0
SIR2-19563505N,0
SIR2-LF1032001,0
SIR2-GASKET,0
SIR2-49560030,0
SIR2-19530760,0
SIR2-19530607,0
SIR2-MSC04N002,0
SIR2-MSC04N020,0
SIR2-28045240,0
SIR2-60000000(VORTEX),0
SIR2-49530020.17,0
SIR2-LF2011015C,0
SIR2-SM260101,0
SIR2-LF1110801,0
SIR2-IW0000000000,0
SIR2-BR6903Z,0
SIR2-MF2208,0
SIR2-LF2032006,0
SIR2-MSC09V286,0
SIR2-IB9866000,0
SIR2-PJET42594,0
SIR2-LF2041103,0
SIR2-40000000-NUT,0
SIR2-29700150,0
SIR2-LF2009002,0
SIR2-IW1471240180,0
SIR2-LF2009052,0
SIR2-IB2280122,0
SIR2-29030211.14,0
SIR2-19562701,0
SIR2-LF1071230010,0
SIR2-LF15160U16,0
SIR2-GM4253500,0
SIR2-GM4253550,0
SIR2-LF18G32801,0
SIR2-1940185,0
"SIR2-IX279823,9025",0
SIR2-IV2220300,0
SIR2-29025002.13,0
SIR2-19411008,0
SIR2-IGS660T06,0
SIR2-IV7306004LLU,0
SIR2-28104203X,0
SIR2-281042045X,0
SIR2-28104206X,0
SIR2-28104208X,0
SIR2-LF2039282,0
SIR2-LF2039282T,0
SIR2-19530460,0
SIR2-IX2933006016,0
SIR2-19510160I,0
SIR2-IX21751006,0
SIR2-IX2912006014,0
SIR2-LF1061005,0
SIR2-IW1471240137,0
SIR2-IW1471240188,0
SIR2-IW2071220012,0
SIR2-IW2071220017,0
SIR2-IW2071220019,0
SIR2-IW2071220033,0
SIR2-IW2071240125,0
SIR2-IX2125003,0
SIR2-IX26923005,0
SIR2-IX26923006,0
SIR2-IX27380006010,0
SIR2-IX29021008024,0
SIR2-IX2912005008,0
SIR2-IX2934003,0
SIR2-IX2963004020,0
SIR2-IX2963004025,0
SIR2-IX2965003010,0
SIR2-IX2982003,0
SIR2-IX2POEL005020,0
SIR2-AMC002,0
SIR2-IX2963005010,0
SIR2-AMC022,0
SIR2-AMG040C,0
SIR2-AMC066,0
SIR2-IX2933005010,0
SIR2-GM2492280,0
SIR2-IX2913005020,0
SIR2-NE0916006010,0
SIR2-19342005,0
SIR2-AMC104,0
SIR2-AMA106,0
SIR2-AMC212,0
SIR2-AMC242,0
SIR2-AMC248,0
SIR2-IX284005012,0
SIR2-AMC258,0
SIR2-AME264,0
SIR2-AME264A,0
SIR2-AMC280,0
SIR2-AMA284N,0
SIR2-IB77R05,0
SIR2-IX2934005,0
SIR2-AME442C,0
SIR2-IB77R03,0
SIR2-AMA602,0
SIR2-AMA630,0
SIR2-AMA648T,0
SIR2-AMA662,0
SIR2-AMC670,0
SIR2-IX27981003008,0
SIR2-19540901,0
SIR2-19511130,0
SIR2-IX271006,0
SIR2-1903T1245,0
SIR2-19564015,0
SIR2-19533370,0
SIR2-IX2914006030,0
SIR2-19021352.11,0
SIR2-IX2912006012,0
SIR2-IX27991006010,0
SIR2-IX2471008,0
SIR2-IW2071240033,0
SIR2-IX279812.9009.5,0
SIR2-19510140,0
SIR2-IX2963005012,0
SIR2-NE0916006008,0
SIR2-IX2913006008,0
SIR2-IX2913006020,0
SIR2-19540609,0
SIR2-IX2912006030,0
SIR2-19553009,0
SIR2-19530640,0
SIR2-IX2912006016,0
SIR2-IX2913008045,0
SIR2-IX29021006018,0
SIR2-IX2912005016,0
SIR2-IX21751005,0
SIR2-IX21587LC006,0
SIR2-IX29021005020,0
SIR2-IX2913005016,0
SIR2-19530840,0
SIR2-195104E030,0
SIR2-IX21587LC005,0
SIR2-19800101A,0
SIR2-IX2934004,0
SIR2-IX2933005016,0
SIR2-IX29021005015,0
SIR2-IX2913004035,0
SIR2-IX2471006,0
SIR2-19521212,0
SIR2-19521103,0
SIR2-19410506,0
SIR2-195104030,0
SIR2-IB9865341.05,0
SIR2-SFCL013,0
SIR2-SFCL014,0
SIR2-OSC649345,0
SIR2-OSC649156,0
SIR2-LF142505037,0
SIR2-19300107,0
SIR2-19320236,0
SIR2-LF2038610(OLD),0
SIR2-LF2038610(NEW),0
SIR2-LF1807001,0
SIR2-LF2033101,0
SIR2-397X390X5,0
SIR2-19510630,0
SIR2-19511235,0
SIR2-29320111,0
SIR2-SFCL028,0
SIR2-SFCL029,0
SIR2-SFCL030,0
SIR2-SFCL031,0
SIR2-19562403,0
SIR2-40781001,0
SIR2-19419062,0
SIR2-GM7506110,0
SIR2-1033020,0
SIR2-SC20307,0
SIR2-LF2039703,0
SIR2-19562501,0
SIR2-IV5820520,0
SIR2-266,0
SIR2-MF2211,0
SIR2-MF2213,0
SIR2-28103210,0
SIR2-28103212,0
SIR2-28103216,0
SIR2-28103218,0
SIR2-28103220,0
SIR2-LF2034004,0
SIR2-52X25X7,0
SIR2-GM5806050,0
SIR2-IB2423420,0
SIR2-IW1071240030,0
SIR2-LF2032603,0
SIR2-LF2032805,0
SIR2-AMG002,0
SIR2-AMA102G,0
SIR2-AMA210,0
SIR2-AMA220,0
SIR2-AMA222,0
SIR2-AMA262,0
SIR2-AMA266,0
SIR2-AMA284,0
SIR2-AMA294A,0
SIR2-LF2037072,0
SIR2-LF202908501A,0
SIR2-MF2087,0
SIR2-LF2009010,0
SIR2-GM5846300,0
SIR2-626ZZ,0
SIR2-19510640,0
SIR2-1953401640,0
SIR2-19534012,0
SIR2-195104E011,0
SIR2-19510440,0
SIR2-MF2209,0
SIR2-IW2071240100,0
SIR2-IW2071240109,0
ROE2-39168,0
ROE2-102731,0
ROE2-507008,0
ROE2-106458,0
ROE2-501947,0
ROE2-39707,0
ROE2-28011,0
ROE2-89577,0
ROE2-39759,0
ROE2-27700,0
ROE2-27113W,0
ROE2-27114W,0
ROE2-27201,0
ROE2-27621,0
ROE2-28117,0
ROE2-28118,0
ROE2-28119,0
ROE2-28121,0
ROE2-28122,0
ROE2-28129W,0
ROE2-28130W,0
ROE2-28131W,0
ROE2-28132W,0
ROE2-28133W,0
ROE2-28369,0
ROE2-39933,0
ROE2-39516,0
ROE2-119265S,0
ROE2-118225,0
ROE2-59220,0
ROE2-59168,0
ROE2-507054S,0
ROE2-507050S,0
ROE2-39961,0
ROE2-39952,0
ROE2-39951,0
ROE2-39973,0
ROE2-29880,0
ROE2-29389,0
ROE2-29397,0
ROE2-89171,0
ROE2-89616,0
ROE2-120264,0
ROE2-89630,0
ROE2-89811,0
ROE2-89643,0
ROE2-89647,0
ROE2-89379,0
ROE2-89385,0
ROE2-89746,0
ROE2-89389,0
ROE2-89623,0
ROE2-89609,0
ROE2-89576,0
ROE2-89641,0
ROE2-89614,0
ROE2-89067,0
ROE2-89066,0
ROE2-27337,0
ROE2-39858,0
ROE2-39784,0
ROE2-1905,0
ROE2-1907,0
ROE2-1908,0
ROE2-1909,0
ROE2-1944,0
ROE2-1945,0
ROE2-1950,0
ROE2-1954,0
ROE2-1957,0
ROE2-1965,0
ROE2-1966,0
ROE2-2012,0
ROE2-2195,0
ROE2-3041,0
ROE2-3048,0
ROE2-17052,0
ROE2-27004,0
ROE2-27023,0
ROE2-27028,0
ROE2-27029,0
ROE2-27038,0
ROE2-27044,0
ROE2-27045,0
ROE2-27050,0
ROE2-27060,0
ROE2-27102,0
ROE2-27103,0
ROE2-27126,0
ROE2-27144,0
ROE2-27145,0
ROE2-27154,0
ROE2-27170,0
ROE2-27172,0
ROE2-27185,0
ROE2-27194,0
ROE2-27195,0
ROE2-27206,0
ROE2-27210,0
ROE2-27225,0
ROE2-27235,0
ROE2-27247,0
ROE2-27250,0
ROE2-27268,0
ROE2-27280,0
ROE2-27338,0
ROE2-27352,0
ROE2-27369,0
ROE2-27380,0
ROE2-27392,0
ROE2-27393,0
ROE2-27407,0
ROE2-27456,0
ROE2-27984,0
ROE2-28018,0
ROE2-28029,0
ROE2-28030,0
ROE2-28031,0
ROE2-28032,0
ROE2-28033,0
ROE2-28046,0
ROE2-28136,0
ROE2-28095,0
ROE2-28099,0
ROE2-28102,0
ROE2-28106,0
ROE2-28108,0
ROE2-28139,0
ROE2-28142,0
ROE2-1906,0
ROE2-28154,0
ROE2-28155,0
ROE2-28156,0
ROE2-28157,0
ROE2-28163,0
ROE2-28164,0
ROE2-28165,0
ROE2-28177,0
ROE2-28178,0
ROE2-28180,0
ROE2-28186,0
ROE2-28187,0
ROE2-28191,0
ROE2-28198,0
ROE2-28206,0
ROE2-28391,0
ROE2-28402,0
ROE2-29013,0
ROE2-29015,0
ROE2-29028,0
ROE2-29052,0
ROE2-29068,0
ROE2-29079,0
ROE2-29083,0
ROE2-29091,0
ROE2-29095,0
ROE2-29098,0
ROE2-29108,0
ROE2-29112,0
ROE2-29114,0
ROE2-29133,0
ROE2-29136,0
ROE2-29150,0
ROE2-29155,0
ROE2-29156,0
ROE2-29157,0
ROE2-29160,0
ROE2-29165,0
ROE2-29228,0
ROE2-29241,0
ROE2-29242,0
ROE2-29252,0
ROE2-29267,0
ROE2-29270,0
ROE2-29276,0
ROE2-29300,0
ROE2-29301,0
ROE2-29306,0
ROE2-29307,0
ROE2-29312,0
ROE2-29328,0
ROE2-29332,0
ROE2-29333,0
ROE2-29334,0
ROE2-29338,0
ROE2-29339,0
ROE2-29340,0
ROE2-29344,0
ROE2-29345,0
ROE2-29346,0
ROE2-29369,0
ROE2-29400,0
ROE2-29420,0
ROE2-29411,0
ROE2-29436,0
ROE2-29488,0
ROE2-29520,0
ROE2-29546,0
ROE2-29564,0
ROE2-29456,0
ROE2-29573,0
ROE2-29578,0
ROE2-29582,0
ROE2-29583,0
ROE2-29592,0
ROE2-29627,0
ROE2-29691,0
ROE2-29693,0
ROE2-29694,0
ROE2-29695,0
ROE2-29704,0
ROE2-29705,0
ROE2-29707,0
ROE2-29708,0
ROE2-29709,0
ROE2-29710,0
ROE2-29738,0
ROE2-29739,0
ROE2-29741,0
ROE2-29789,0
ROE2-29821,0
ROE2-29857,0
ROE2-29861,0
ROE2-29866,0
ROE2-29877,0
ROE2-29889,0
ROE2-29898,0
ROE2-29904,0
ROE2-29908,0
ROE2-29909,0
ROE2-29911,0
ROE2-29912,0
ROE2-29913,0
ROE2-29921,0
ROE2-29922,0
ROE2-29923,0
ROE2-29924,0
ROE2-29925,0
ROE2-29926,0
ROE2-29927,0
ROE2-29928,0
ROE2-29929,0
ROE2-29988,0
ROE2-29996,0
ROE2-37060,0
ROE2-39018,0
ROE2-39099,0
ROE2-39113,0
ROE2-39115,0
ROE2-39189,0
ROE2-39193,0
ROE2-39198,0
ROE2-39200,0
ROE2-39203,0
ROE2-39204,0
ROE2-39207,0
ROE2-39215,0
ROE2-39218,0
ROE2-39219,0
ROE2-39221,0
ROE2-39222,0
ROE2-39238,0
ROE2-39255,0
ROE2-39258,0
ROE2-39270,0
ROE2-39278,0
ROE2-39279,0
ROE2-39284,0
ROE2-39288,0
ROE2-39290,0
ROE2-39291,0
ROE2-39347,0
ROE2-39370,0
ROE2-39443,0
ROE2-39470,0
ROE2-39471,0
ROE2-39472,0
ROE2-39480,0
ROE2-39481,0
ROE2-39484,0
ROE2-39494,0
ROE2-39512,0
ROE2-39514,0
ROE2-39660,0
ROE2-39663,0
ROE2-39673,0
ROE2-39674,0
ROE2-39678,0
ROE2-39679,0
ROE2-39684,0
ROE2-39730,0
ROE2-39758,0
ROE2-39765,0
ROE2-39767,0
ROE2-39769,0
ROE2-39770,0
ROE2-39771,0
ROE2-39773,0
ROE2-39775,0
ROE2-39777,0
ROE2-39779,0
ROE2-39781,0
ROE2-39782,0
ROE2-39783,0
ROE2-39785,0
ROE2-39786,0
ROE2-39815,0
ROE2-39816,0
ROE2-39817,0
ROE2-39822,0
ROE2-39830,0
ROE2-39832,0
ROE2-39837,0
ROE2-39847,0
ROE2-39861,0
ROE2-39862,0
ROE2-39935,0
ROE2-39936,0
ROE2-39937,0
ROE2-39940,0
ROE2-39960,0
ROE2-39978,0
ROE2-39979,0
ROE2-49039,0
ROE2-49059,0
ROE2-49061,0
ROE2-49063,0
ROE2-49064,0
ROE2-49065,0
ROE2-49072,0
ROE2-49073,0
ROE2-49076,0
ROE2-49077,0
ROE2-49078,0
ROE2-49093,0
ROE2-49094,0
ROE2-49096,0
ROE2-49097,0
ROE2-49106,0
ROE2-49107,0
ROE2-49112,0
ROE2-49158,0
ROE2-49162,0
ROE2-49163,0
ROE2-49164,0
ROE2-49165,0
ROE2-49168,0
ROE2-49169,0
ROE2-49174,0
ROE2-57007,0
ROE2-57008,0
ROE2-57009,0
ROE2-57023,0
ROE2-57031,0
ROE2-57032,0
ROE2-57034,0
ROE2-57047,0
ROE2-57050,0
ROE2-57058,0
ROE2-57059,0
ROE2-57060,0
ROE2-57061,0
ROE2-57074,0
ROE2-57075,0
ROE2-57077,0
ROE2-57092,0
ROE2-57093,0
ROE2-57095,0
ROE2-57097,0
ROE2-57098,0
ROE2-57099,0
ROE2-57103,0
ROE2-57104,0
ROE2-57106,0
ROE2-57123,0
ROE2-57124,0
ROE2-57125,0
ROE2-57126,0
ROE2-59003,0
ROE2-59006,0
ROE2-59020,0
ROE2-59021,0
ROE2-59023,0
ROE2-59040,0
ROE2-59048,0
ROE2-59050,0
ROE2-59054,0
ROE2-59059,0
ROE2-59078,0
ROE2-59079,0
ROE2-59081,0
ROE2-59115,0
ROE2-59116,0
ROE2-59117,0
ROE2-59118,0
ROE2-59132,0
ROE2-59133,0
ROE2-59134,0
ROE2-59135,0
ROE2-59139,0
ROE2-59140,0
ROE2-59146,0
ROE2-59148,0
ROE2-59154,0
ROE2-59172,0
ROE2-59173,0
ROE2-59174,0
ROE2-59186,0
ROE2-59187,0
ROE2-59188,0
ROE2-59190,0
ROE2-59197,0
ROE2-59198,0
ROE2-59199,0
ROE2-59205,0
ROE2-59206,0
ROE2-59214,0
ROE2-59215,0
ROE2-59217,0
ROE2-59219,0
ROE2-59221,0
ROE2-59225,0
ROE2-59226,0
ROE2-59228,0
ROE2-27374,0
ROE2-27377,0
ROE2-27378,0
ROE2-27381,0
ROE2-27385,0
ROE2-59236,0
ROE2-59237,0
ROE2-59239,0
ROE2-59241,0
ROE2-59251,0
ROE2-59254,0
ROE2-59261,0
ROE2-59264,0
ROE2-59265,0
ROE2-59266,0
ROE2-59274,0
ROE2-59275,0
ROE2-59277,0
ROE2-59283,0
ROE2-59284,0
ROE2-59286,0
ROE2-59287,0
ROE2-59288,0
ROE2-59290,0
ROE2-59302,0
ROE2-59303,0
ROE2-59305,0
ROE2-59306,0
ROE2-59307,0
ROE2-59309,0
ROE2-59324,0
ROE2-59325,0
ROE2-59327,0
ROE2-59351,0
ROE2-59353,0
ROE2-59354,0
ROE2-59355,0
ROE2-59357,0
ROE2-59366,0
ROE2-59368,0
ROE2-59369,0
ROE2-59370,0
ROE2-59382,0
ROE2-59386,0
ROE2-59390,0
ROE2-59392,0
ROE2-59393,0
ROE2-59403,0
ROE2-59407,0
ROE2-59409,0
ROE2-59410,0
ROE2-59411,0
ROE2-59412,0
ROE2-59413,0
ROE2-59415,0
ROE2-59416,0
ROE2-59426,0
ROE2-59463,0
ROE2-59468,0
ROE2-59469,0
ROE2-59472,0
ROE2-59473,0
ROE2-59478,0
ROE2-59479,0
ROE2-59481,0
ROE2-59501,0
ROE2-59506,0
ROE2-59507,0
ROE2-59508,0
ROE2-59518,0
ROE2-59522,0
ROE2-59523,0
ROE2-59525,0
ROE2-59528,0
ROE2-59531,0
ROE2-59533,0
ROE2-59534,0
ROE2-59536,0
ROE2-59537,0
ROE2-59538,0
ROE2-59540,0
ROE2-59548,0
ROE2-59549,0
ROE2-59600,0
ROE2-59601,0
ROE2-59602,0
ROE2-59603,0
ROE2-59604,0
ROE2-59605,0
ROE2-59606,0
ROE2-59607,0
ROE2-69806,0
ROE2-89007,0
ROE2-89011,0
ROE2-89022,0
ROE2-89023,0
ROE2-89024,0
ROE2-89031,0
ROE2-89032,0
ROE2-89034,0
ROE2-89037,0
ROE2-89038,0
ROE2-89039,0
ROE2-89581,0
ROE2-89584,0
ROE2-89585,0
ROE2-89586,0
ROE2-89605,0
ROE2-89607,0
ROE2-89608,0
ROE2-100021,0
ROE2-100034,0
ROE2-100061,0
ROE2-100072,0
ROE2-100172,0
ROE2-100327,0
ROE2-100329,0
ROE2-100340,0
ROE2-100389,0
ROE2-100392,0
ROE2-100395,0
ROE2-100509,0
ROE2-100544,0
ROE2-100556,0
ROE2-100581,0
ROE2-100604,0
ROE2-100612,0
ROE2-100616,0
ROE2-100639,0
ROE2-100682,0
ROE2-100725,0
ROE2-100752,0
ROE2-100767,0
ROE2-100769,0
ROE2-100783,0
ROE2-100794,0
ROE2-100797,0
ROE2-100798,0
ROE2-100799,0
ROE2-100804,0
ROE2-100806,0
ROE2-100812,0
ROE2-100816,0
ROE2-100820,0
ROE2-100823,0
ROE2-100848,0
ROE2-100853,0
ROE2-100854,0
ROE2-100858,0
ROE2-100860,0
ROE2-100862,0
ROE2-100863,0
ROE2-100866,0
ROE2-100867,0
ROE2-100868,0
ROE2-100869,0
ROE2-100873,0
ROE2-100898,0
ROE2-100921,0
ROE2-100928,0
ROE2-100929,0
ROE2-100933,0
ROE2-100942,0
ROE2-100946,0
ROE2-100982,0
ROE2-100983,0
ROE2-101010,0
ROE2-101013,0
ROE2-101014,0
ROE2-101056,0
ROE2-101061,0
ROE2-101080,0
ROE2-101095,0
ROE2-101098,0
ROE2-101111,0
ROE2-101112,0
ROE2-101113,0
ROE2-101116,0
ROE2-101117,0
ROE2-101125,0
ROE2-101126,0
ROE2-101128,0
ROE2-101140,0
ROE2-101178,0
ROE2-101196,0
ROE2-101200,0
ROE2-101204,0
ROE2-101212,0
ROE2-101213,0
ROE2-101214,0
ROE2-101215,0
ROE2-101226,0
ROE2-101227,0
ROE2-101231,0
ROE2-101236,0
ROE2-101246,0
ROE2-101254,0
ROE2-101258,0
ROE2-101261,0
ROE2-101277,0
ROE2-101279,0
ROE2-101287,0
ROE2-101311,0
ROE2-101314,0
ROE2-101316,0
ROE2-101359,0
ROE2-101384,0
ROE2-101405,0
ROE2-101412,0
ROE2-101415,0
ROE2-101417,0
ROE2-101419,0
ROE2-101421,0
ROE2-101423,0
ROE2-101424,0
ROE2-101428,0
ROE2-101429,0
ROE2-101430,0
ROE2-101438,0
ROE2-101439,0
ROE2-101447,0
ROE2-101489,0
ROE2-101548,0
ROE2-101555,0
ROE2-101557,0
ROE2-101565,0
ROE2-101638,0
ROE2-101647,0
ROE2-101648,0
ROE2-101652,0
ROE2-101655,0
ROE2-101668,0
ROE2-101699,0
ROE2-101709,0
ROE2-101725,0
ROE2-101762,0
ROE2-101774,0
ROE2-101775,0
ROE2-101796,0
ROE2-101797,0
ROE2-101798,0
ROE2-101810,0
ROE2-101811,0
ROE2-101817,0
ROE2-101843,0
ROE2-101849,0
ROE2-101851,0
ROE2-102003,0
ROE2-102036,0
ROE2-102063,0
ROE2-102064,0
ROE2-102065,0
ROE2-102066,0
ROE2-102067,0
ROE2-102071,0
ROE2-102077,0
ROE2-102084,0
ROE2-102109,0
ROE2-102236,0
ROE2-103245,0
ROE2-103249,0
ROE2-103289,0
ROE2-103294,0
ROE2-103716,0
ROE2-103889,0
ROE2-103903,0
ROE2-104031,0
ROE2-104050,0
ROE2-104077,0
ROE2-104454,0
ROE2-104943,0
ROE2-105069,0
ROE2-105072,0
ROE2-105089,0
ROE2-105106,0
ROE2-105226,0
ROE2-106821,0
ROE2-106876,0
ROE2-109670,0
ROE2-109857,0
ROE2-110022,0
ROE2-111056,0
ROE2-111078,0
ROE2-112287,0
ROE2-116534,0
ROE2-116655,0
ROE2-116666,0
ROE2-116677,0
ROE2-116688,0
ROE2-116699,0
ROE2-116700,0
ROE2-116810,0
ROE2-116842,0
ROE2-116853,0
ROE2-117030,0
ROE2-117104,0
ROE2-117125,0
ROE2-117221,0
ROE2-117224,0
ROE2-117226,0
ROE2-117236,0
ROE2-117237,0
ROE2-117280,0
ROE2-117518,0
ROE2-117613,0
ROE2-117629,0
ROE2-117631,0
ROE2-117647,0
ROE2-117654,0
ROE2-117657,0
ROE2-117686,0
ROE2-117687,0
ROE2-117688,0
ROE2-117689,0
ROE2-117702,0
ROE2-117791,0
ROE2-117990,0
ROE2-117995,0
ROE2-117998,0
ROE2-118006,0
ROE2-118008,0
ROE2-118104,0
ROE2-118105,0
ROE2-118145,0
ROE2-118203,0
ROE2-118221,0
ROE2-118223,0
ROE2-118224,0
ROE2-118226,0
ROE2-118229,0
ROE2-118238,0
ROE2-118329,0
ROE2-118331,0
ROE2-118333,0
ROE2-118335,0
ROE2-118377,0
ROE2-118395,0
ROE2-118396,0
ROE2-118397,0
ROE2-118427,0
ROE2-118428,0
ROE2-118430,0
ROE2-118441,0
ROE2-118526,0
ROE2-118532,0
ROE2-118547,0
ROE2-118556,0
ROE2-118557,0
ROE2-118558,0
ROE2-118559,0
ROE2-118560,0
ROE2-118570,0
ROE2-118576,0
ROE2-118577,0
ROE2-118578,0
ROE2-118579,0
ROE2-118590,0
ROE2-119126,0
ROE2-119145,0
ROE2-119178,0
ROE2-119180,0
ROE2-119184,0
ROE2-119186,0
ROE2-119238,0
ROE2-119239,0
ROE2-119240,0
ROE2-119241,0
ROE2-119243,0
ROE2-120047,0
ROE2-120254,0
ROE2-120714,0
ROE2-121748,0
ROE2-122056,0
ROE2-127017,0
ROE2-127127,0
ROE2-127578,0
ROE2-129356,0
ROE2-141097,0
ROE2-141372,0
ROE2-141416,0
ROE2-141427,0
ROE2-141790,0
ROE2-200053,0
ROE2-200054,0
ROE2-203064,0
ROE2-208626,0
ROE2-301006,0
ROE2-301015,0
ROE2-301033,0
ROE2-301035,0
ROE2-301037,0
ROE2-301053,0
ROE2-301054,0
ROE2-301056,0
ROE2-301057,0
ROE2-301058,0
ROE2-301068,0
ROE2-301083,0
ROE2-301093,0
ROE2-302005,0
ROE2-302040,0
ROE2-302045,0
ROE2-302665,0
ROE2-303014,0
ROE2-303020,0
ROE2-303023,0
ROE2-303029,0
ROE2-303031,0
ROE2-303044,0
ROE2-303065,0
ROE2-303067,0
ROE2-303099,0
ROE2-303108,0
ROE2-303113,0
ROE2-303114,0
ROE2-303139,0
ROE2-303250,0
ROE2-400187,0
ROE2-400237,0
ROE2-400315,0
ROE2-400325,0
ROE2-400337,0
ROE2-400353,0
ROE2-400356,0
ROE2-400377,0
ROE2-400402,0
ROE2-400403,0
ROE2-400404,0
ROE2-400529,0
ROE2-400539,0
ROE2-400540,0
ROE2-100376,0
ROE2-117196S,0
ROE2-29596,0
ROE2-406280,0
ROE2-29882,0
ROE2-29595,0
ROE2-406279,0
ROE2-117705S,0
ROE2-112600S,0
ROE2-39826,0
ROE2-49108,0
ROE2-303145S,0
ROE2-59593,0
ROE2-407839,0
ROE2-39475,0
ROE2-39664,0
ROE2-39665,0
ROE2-39666,0
ROE2-39669,0
ROE2-39670,0
ROE2-39671,0
ROE2-39672,0
ROE2-49109,0
ROE2-49110,0
ROE2-59623,0
ROE2-117321,0
ROE2-118433S,0
ROE2-407840,0
ROE2-39971,0
ROE2-102934,0
ROE2-104109S,0
ROE2-39148,0
ROE2-39152,0
ROE2-49202,0
ROE2-59612,0
ROE2-407828,0
ROE2-49033,0
ROE2-49036,0
ROE2-49037,0
ROE2-49034,0
ROE2-49035,0
ROE2-501841,0
ROE2-117102,0
ROE2-117101,0
ROE2-401545,0
ROE2-100709,0
ROE2-29066,0
ROE2-401044,0
ROE2-117693,0
ROE2-500323,0
ROE2-500324,0
ROE2-500322,0
ROE2-500321,0
ROE2-500301,0
ROE2-130141,0
ROE2-103703S,0
ROE2-103540,0
ROE2-103534S,0
ROE2-103728S,0
ROE2-100955S,0
ROE2-39402,0
ROE2-49102,0
ROE2-27566,0
ROE2-27599,0
ROE2-103232,0
ROE2-27229,0
ROE2-27150,0
ROE2-59471,0
ROE2-203065,0
ROE2-400355,0
ROE2-400485,0
ROE2-39680,0
ROE2-39681,0
ROE2-501914,0
ROE2-27234,0
ROE2-29060,0
ROE2-39098,0
ROE2-89201,0
ROE2-89193,0
ROE2-89185,0
ROE2-507901S,0
ROE2-507168S,0
ROE2-502768S,0
ROE2-501270S,0
ROE2-500901S,0
ROE2-303250S,0
ROE2-303146S,0
ROE2-303103S,0
ROE2-303064S,0
ROE2-301068S,0
ROE2-119132S,0
ROE2-118298S,0
ROE2-118297S,0
ROE2-118257S,0
ROE2-118255S,0
ROE2-118243S,0
ROE2-118205S,0
ROE2-118204S,0
ROE2-118175S,0
ROE2-118153S,0
ROE2-117952S,0
ROE2-117466S,0
ROE2-117465S,0
ROE2-101800S,0
ROE2-101195S,0
ROE2-101097S,0
ROE2-502508,0
ROE2-502443,0
ROE2-121847,0
ROE2-89091,0
ROE2-89077,0
ROE2-59614,0
ROE2-59613,0
ROE2-59611,0
ROE2-59596,0
ROE2-59591,0
ROE2-59583,0
ROE2-59582,0
ROE2-59573,0
ROE2-59567,0
ROE2-59559,0
ROE2-59552,0
ROE2-59547,0
ROE2-59546,0
ROE2-59539,0
ROE2-59535,0
ROE2-59530,0
ROE2-59527,0
ROE2-59498,0
ROE2-59378,0
ROE2-59377,0
ROE2-59360,0
ROE2-59358,0
ROE2-59340,0
ROE2-57084,0
ROE2-57082,0
ROE2-57081,0
ROE2-49474,0
ROE2-49454,0
ROE2-49453,0
ROE2-49257,0
ROE2-49000,0
ROE2-39997,0
ROE2-39829,0
ROE2-39819,0
ROE2-39695,0
ROE2-39506,0
ROE2-29633,0
ROE2-27454,0
ROE2-102880,0
ROE2-302007,0
ROE2-101120,0
ROE2-60052Z,0
ROE2-102921,0
ROE2-39752,0
ROE2-39293,0
ROE2-89550,0
ROE2-89652,0
ROE2-39970,0
ROE2-502175,0
NTS1-MFC-BL,1
NTS1-MFC-GR,1
NTS1-MFC-RD,1
NTS1-MFC-WH,1
NTS1-MFC-YL,1
NTS1-JT150,1
NTS1-SZ034-21752,1
NTS1-T2.001MP,1
NTS1-NW025,1
NTS1-T7.012MP,1
NTS1-SP0010,1
NTS1-NW001,1
NTS1-NW002,1
NTS1-XP-1008-21654,1
NTS1-XP-1008-21653,1
NTS1-XP-1008-21655,1
NTS1-XP-1008-21657,1
NTS1-XP-1008-21659,1
NTS1-XP-1008-21660,1
NTS1-XP-1008-21661,1
NTS1-LEATHER(WHITE)-21662,1
NTS1-LEATHER(WHITE)-21663,1
NTS1-LEATHER(WHITE)-21664,1
NTS1-SA1020,1
NTS1-SA307C,1
NTS1-LEATHER(WHITE)-21665,1
NTS1-LEATHER(WHITE)-21666,1
NTS1-LEATHER(WHITE)-21667,1
NTS1-LEATHER(WHITE)-21668,1
NTS1-LEATHER(WHITE)-21669,1
NTS1-LEATHER(WHITE)-21670,1
NTS1-LEATHER(WHITE)-21671,1
NTS1-LEATHER(WHITE)-21673,1
NTS1-LEATHER(WHITE)-21674,1
NTS1-LEATHER(WHITE)-21675,1
NTS1-LEATHER(WHITE)-21676,1
NTS1-LEATHER(WHITE)-21672,1
NTS1-NW036,1
NTS1-NW037,1
NTS1-NW038,1
NTS1-NW039,1
NTS1-NW008,1
NTS1-NW012,1
NTS1-SZ033-21745,1
NTS1-NW031,1
NTS1-NW032,1
NTS1-NW033,1
NTS1-NW034,1
NTS1-NW035,1
NTS1-NW026,1
NTS1-NW027,1
NTS1-NW028,1
NTS1-NW029,1
NTS1-NW030,1
NTS1-NW022,1
NTS1-NW023,1
NTS1-SZ033-21746,1
NTS1-TZ019,1
NTS1-L5.OF009ST,1
NTS1-L5.OF013ST,1
NTS1-MGB08,1
NTS1-JT-25D,1
NTS1-TB02R,1
NTS1-SS004,1
NTS1-NP-70,1
NTS1-SA1038,1
NTS1-SA972,1
NTS1-SA993,1
NTS1-NEW-PRODUCT,1
NTS1-NW024,1
NTS1-MATIRX-22,1
NTS1-MATIRX-31,1
NTS1-MATIRX-32,1
NTS1-MATIRX-33,1
NTS1-TB02Y,1
NTS1-TB02B,1
NTS1-TB02G,1
NTS1-KM-M270Y,1
NTS1-KM-M270B,1
NTS1-KM-M270G,1
NTS1-SLP4,1
NTS1-LUGC19-SR,1
NTS1-LUGC19-MB,1
NTS1-93010001800-5-1,1
NTS1-SINK404025-M,1
NTS1-CC-H,1
NTS1-WT-10L,1
NTS1-XP-1008-21656,1
NTS1-XP-1008-21658,1
NTS1-411PS2,1
NTS1-411SM2,1
NTS1-411PB2,1
NTS1-MEB04,1
NTS1-JT100,1
NTS1-515030-12H,1
NTS1-VC15-MP,1
NTS1-X88027,1
NTS1-W51139,1
NTS1-X23889,1
NTS1-11000457,1
NTS1-11000463,1
NTS1-ACRYL(BLACK)-21647,1
NTS1-ACRYL(BLACK)-21651,1
NTS1-ACRYL(WHITE)-21680,1
NTS1-ACRYL(WHITE)-21685,1
NTS1-HX037,1
NTS1-21000122,1
NTS1-21000369,1
NTS1-21000127,1
NTS1-21000371,1
NTS1-21000412,1
NTS1-LEATHER-21692,1
NTS1-LEATHER-21693,1
NTS1-90.8319,1
NTS1-90.8309,1
NTS1-29783U,1
NTS1-821#20364,1
NTS1-821#20365,1
NTS1-821#20367,1
NTS1-821#20368,1
NTS1-821#20369,1
NTS1-821#20370,1
NTS1-821#20372,1
NTS1-822#20377,1
NTS1-822#20380,1
NTS1-992#20401,1
NTS1-CB02,1
NTS1-WB22GY,1
NTS1-HX085,1
NTS1-HX086,1
NTS1-22883,1
NTS1-HX037G,1
NTS1-822#00153,1
NTS1-433-01,1
NTS1-M01WY45,1
NTS1-C-9,1
NTS1-99.0733D,1
NTS1-21000542,1
NTS1-21000346,1
NTS1-ACRYL(WHITE)-21683,1
NTS1-11000456,1
NTS1-ACRYL(WHITE)-21677,1
NTS1-ACRYL(BLACK)-21644,1
NTS1-YT112,1
NTS1-21000345,1
NTS1-21000347,1
NTS1-21000348,1
NTS1-21000707,1
NTS1-96.9420Y,1
NTS1-DB50,1
NTS1-90.5118,1
NTS1-SH6066,1
NTS1-11000013,1
NTS1-11000461,1
NTS1-11000462,1
NTS1-LEATHER(BROWN)-21686,1
NTS1-11000016,1
NTS1-11000017,1
NTS1-11000018,1
NTS1-11000019,1
NTS1-11000020,1
NTS1-11000458,1
NTS1-11000459,1
NTS1-11000465,1
NTS1-11000467,1
NTS1-11000468,1
NTS1-ACRYL(BLACK)-21645,1
NTS1-ACRYL(BLACK)-21646,1
NTS1-ACRYL(BLACK)-21648,1
NTS1-ACRYL(BLACK)-21649,1
NTS1-ACRYL(BLACK)-21650,1
NTS1-ACRYL(BLACK)-21652,1
NTS1-ACRYL(WHITE)-21678,1
NTS1-ACRYL(WHITE)-21679,1
NTS1-ACRYL(WHITE)-21684,1
NTS1-DO34W,1
NTS1-YMJ011,1
NTS1-21000106,1
NTS1-21000125,1
NTS1-21000128,1
NTS1-21000473,1
NTS1-21000474,1
NTS1-HH2010P-DW,1
NTS1-KNB5021,1
NTS1-SH6008,1
NTS1-LEATHER-21687,1
NTS1-LEATHER-21688,1
NTS1-LEATHER-21689,1
NTS1-LEATHER-21690,1
NTS1-LEATHER-21691,1
NTS1-YMJ016,1
NTS1-YMJ014,1
NTS1-YMJ015,1
NTS1-CWS-035,1
NTS1-WW0350,1
NTS1-WW0450,1
NTS1-AP0230,1
NTS1-AP0345,1
NTS1-WS0450,1
NTS1-DS501,1
NTS1-A1030,1
NTS1-A5033,1
NTS1-A2066,1
NTS1-SLA-678,1
NTS1-YMJ006,1
NTS1-YMJ005,1
NTS1-YMJ007,1
NTS1-YMJ200,1
NTS1-YMJ201,1
NTS1-YMJ202,1
NTS1-YT71,1
NTS1-YT74,1
NTS1-YT128,1
NTS1-YT141,1
NTS1-YT143,1
NTS1-KMC-R645B,1
NTS1-YM003DD,1
CAM1-113CW-148,1
CAM1-75CW-154,1
CAM1-800MPC-194,1
CAM1-9R9-157,1
CAM1-ADC4-157,1
CAM1-CD400-194,1
CAM1-CSA44367-480,1
CAM1-CSA48487-480,1
CAM1-CSA48607-480,1
CAM1-CSU44607-480,1
CAM1-UC250-194,1
CAM1-UPC160-194,1
CAM1-UPC180-193,1
CAM1-100LCD-131,1
CAM1-CSR5-193,1
CAM1-DC700-194,1
CAM1-DC1225-194,1
CAM1-IB27-148,1
CAM1-6FBRTT-158,1
CAM1-ICS125LB-180,1
CAM1-CFR18-110,1
CAM1-DCC10-135,1
CAM1-SFG1220-110,1
CAM1-BC1115SH-110,1
CAM1-ICS100L-180,1
CAM1-ICS125T-194,1
CAM1-CD1826PDB-180,1
CAM1-UPC1200-131,1
CAM1-BAR730-110,1
CAM1-UC500-192,1
CAM1-UPCS140-110,1
CAM1-UPC101-401,1
CAM1-UPCHT8002-401,1
CAM1-UPCS180-480,1
CAM1-MDSM8-110,1
CAM1-HWAOR-110,1
CAM1-EMU244878-580,1
CAM1-ESU243672-580,1
CAM1-ESU246072-580,1
CAM1-DC700-110,1
CAM1-BC2304S-131,1
CAM1-UPCS400-131,1
CAM1-UPCS400CK,1
CAM1-CSURS44486-480,1
CAM1-DC700-157,1
CAM1-UC250-158,1
CAM1-DC1125-191,1
CAM1-8SFSPP-190,1
CAM1-UPC800-131,1
CAM1-DRS360-131,1
CAM1-DRS600-131,1
CAM1-300DIV-157,1
CAM1-BC1115SH-131,1
CAM1-UPCS400-480,1
CAM1-CSURS44366-480,1
CAM1-CSURS44426-480,1
CAM1-CSURS48366-480,1
CAM1-CSURS48426-480,1
CAM1-UPCS400-401,1
CAM1-DRS36-131,1
CAM1-DRS48,1
CAM1-UPCS160-480,1
CAM1-UPCS180-131,1
CAM1-DC700-131,1
CAM1-DRS600-480,1
CAM1-ESU244872V4-580,1
CAM1-EPP180PKG-110,1
CAM1-CBU183664V4-580,1
CAM1-1826LTC-131,1
CAM1-14105CW-133,1
CAM1-DRS60-480,1
CAM1-12HP-772,1
CAM1-CPU244272V4-480,1
CAM1-ESR24S-151,1
CAM1-ESR21E-151,1
CAM1-3253-110,1
CAM1-CSU41486-480,1
CAM1-CSU41606-480,1
CAM1-CSU41546-480,1
CAM1-CSA41426-480,1
CAM1-DC1225-402,1
CAM1-BAR650DS-668,1
CAM1-BAR54SR-110,1
CAM1-ESU183630V2-580,1
CAM1-CSA48486-480,1
CAM1-ICS175LB-401,1
CAM1-PH558536-000,1
CAM1-CD160-110,1
CAM1-113CW-154,1
CAM1-250LCD-131,1
CAM1-1000LCD-131,1
CAM1-CSR3-191,1
CAM1-1400CT-418,1
CAM1-1111SMVS-191,1
CAM1-85SFVS-101,1
CAM1-1400CT-138LG,1
CAM1-UC250-131,1
CAM1-MHWS18-615,1
CAM1-CPM244867FX2-480,1
CAM1-MDSHD9-487,1
CAM1-UGNPRPSH-480,1
CAM1-CPR2448-151,1
CAM1-CBR2448-151,1
CAM1-EMU244878V4-580,1
CAM1-CBU214872VS4-580,1
CAM1-CBU214272VS4-580,1
CAM1-CPHU243667V4-480,1
CAM1-CBDS21H10-580,1
CAM1-MDSB16-110,1
CAM1-HT14CWPER100-135,1
CAM1-ESU214864-580,1
CAM1-ESU216064-580,1
CAM1-CD2020H-180,1
CAM1-80HPCHN-150,1
CAM1-25GE1-151,1
CAM1-ESU183672-580,1
CAM1-DCS950-131,1
CAM1-UPC800-194,1
CAM1-ICS100L-192,1
CAM1-ICS125L-157,1
CAM1-CD2020-401,1
CAM1-ITPD3253,1
CAM1-CSDC-000,1
BER1-FP1-2-4,1
BER1-FP1-2-6,1
BER1-FP1-3-6,1
BER1-FP1-4-6,1
COL1-266-36YW,1
DIA1-MM044G&MM045G,1
DIA1-MM251,1
DIA1-MM257-GREEN,1
DIA1-MM257-ORANGE,1
EDL1-CM1000S-S,1
EDL1-RM5,1
EDL1-SR1000C,1
EDL1-SR11000C,1
FRA1-377914,1
FRA1-377916,1
FRA1-377917,1
FRA1-377940,1
FRA1-377941,1
FRA1-377942,1
FRA1-377944,1
WNK1-E8GN16100,1
WNK1-E8GN1120,1
WNK1-E8GN11200,1
WNK1-E8GN1320,1
WNK1-E8GN2165,1
WNK1-E8GN23L,1
GOU1-JUICER-CYLST,1
HUA1-D-50,1
HUA1-D-59,1
HUA1-G-09,1
KIT1-SSA,1
LTE1-E0010,1
LTE1-E0019,1
LTE1-N6970,1
LTE1-R400-C,1
LTE1-X3,1
LAK1-2012,1
LAK1-209,1
LIN1-LR03,1
MKN1-813637,1
MKN1-206045,1
MKN1-204483,1
PRI1-101KL,1
PRI1-108-128,1
PRI1-141DL,1
PUJ1-717.009,1
PUJ1-726.024,1
PUJ1-785.028,1
PUJ1-809.014,1
PUJ1-802.000,1
RAV1-2000-30ML-R,1
RAV1-SHAKER,1
RAV1-2000-30ML-G,1
RAV1-2000-30ML-B,1
RAV1-SCOOP-S-S,1
RHE1-CHEF-D10X10,1
RHE1-CHEF-D8X8,1
RHE1-CHEF-E10-O,1
RHE1-CHEF-E14SAW,1
RHE1-CHEF-H6,1
RHE1-CHEF-V,1
RHE1-MEAT-MINCER,1
ROE1-28110,1
ROE1-27087,1
SAM1-CA300-FCO6,1
SAM1-CA300-FF10,1
SAM1-CA300-FM8,1
SAM1-CA300-FR3,1
TRA1-1014-44,1
TRA1-1418-44,1
TRA1-1521-05,1
TRA1-1521-31,1
TRA1-1654-22,1
TRA1-1697+1698,1
TRA1-3630,1
TRA1-3802-28,1
TRA1-538-17,1
TRA1-5513-04,1
TRA1-7515-02,1
TRA1-PL1,1
TRA1-5224-13,1
TRA1-1675-04,1
TRA1-1217B-01,1
TRA1-3459-02,1
TRA1-1521-C04,1
TRA1-1511-C04,1
VOL1-86120,1
VOL1-86122,1
VOL1-86123,1
VOL1-86125,1
VOL1-86126,1
VOL1-86127,1
VOL1-86129,1
VOL1-97102,1
VOL1-90622,1
VOL1-8032410,1
VOL1-8006420,1
TRA1-1216-04,1
TRA1-1418-191,1
TRA1-1418-31,1
ROE1-1933W,1
ROE1-27072W,1
ROE1-27114W,1
ROE1-28175W,1
ROE1-28176W,1
ROE1-28194W,1
HAM1-HMIS14,1
HAM1-HMIS18,1
HAM1-HMIS21,1
COT1-STDVV001,1
COT1-PFPD001,1
ROE1-28196,1
TOP1-M98E-101,1
HAM1-SB305,1
HAM1-SB406,1
TS1-5GF-8P-WS,1
TS1-B-1125-LN,1
LTE1-CAX106,1
ROE1-28369,1
COT1-301631,1
COT1-301550,1
HAM1-6126-1100SR,1
PUJ1-80790,1
SIR1-28180115,1
PUJ1-P85090SS,1
PUJ1-P851001,1
PUJ1-P851002,1
PUJ1-P851003,1
LIN1-EB4FX,1
LIN1-EB6TFX,1
HAT1-DL-600SL-GLOSSY-GRAY,1
ROE1-28162,1
ROE1-28199,1
ZAN1-T-POLIS-PW2S-CL-2MC,1
ROL1-WI-DP,1
TOP1-M98E-507SG03,1
LDP1-DCBK30-QUARTER-PSTK,1
LDP1-RND-14678-PSTK,1
VRM1-KODIAK20-SK,1
RTN1-6019.1250,1
RTN1-6014.1106,1
RTN1-6035.1015,1
VRM1-42CR20-202,1
VRM1-SP,1
WNK1-NBGN1665-7,1
PUJ1-841.000,1
PUJ1-726.028,1
VRM1-CR20-75M,1
PUJ1-P19.100,1
PUJ1-705.124,1
SEV1-GN12100,1
SEV1-GN16100,1
HAM1-FB800SS,1
LIN1-OA8972,1
TOP1-M98E-508SG03,1
ROE1-27150,1
ROE1-28122,1
ROE1-28130,1
TOP1-20124,1
TS1-5F-1SLX00,1
TS1-EX-RINSER-2,1
TS1-EC-3103,1
HAT1-X0419139700,1
HAT1-X0419107500,1
HAT1-RCTHW-NL,1
TRA1-4843-06,1
HAM1-929,1
ZAN1-CIT-EP65-TP,1
TOP1-20132,1
TOP1-9801-009DJ,1
TOP1-F-S,1
TOP1-GR102,1
TOP1-GR105,1
TOP1-GR200,1
TOP1-M98E-SG02,1
TOP1-GR101NB2,1
SIR1-ICE-SPAGHETTI,1
SIR1-SA180,1
WNK1-RTT5137-PM,1
ROE1-27106,1
SAR1-C5450C,1
ROE1-27363,1
CHF1-J027-S,1
ZAN1-CIT-EP-65-BM-100,1
ZAN1-CIT-6-BM-GAS,1
ZAN1-T2-POLIS-BM,1
TRA1-1418-49,1
SIR1-PS20,1
ROE1-27148,1
ROE1-27149,1
HAT1-RCTHW-4QT,1
TOP1-UK001,1
TOP1-UK004,1
TS1-B-7132-02,1
SIR1-TC32-DALLAS-400V,1
SAR1-C2901,1
WNK1-CED-002,1
ROE1-27365,1
LKK1-STBT400600,1
LKK1-BMBT400600,1
LKK1-ANBT400600,1
LKK1-FBBT400600,1
ROE1-1942,1
TS1-5SV-H,1
ROE1-2023W,1
TS1-5F-8DLX05,1
TS1-5EF-EU1DG-C,1
ROE1-28114,1
LKK1-E05A-2-CPWOB,1
TOA1-TIMER-STD,1
ETL1-922171,1
TAC1-6619,1
TAC1-156S&P-2,1
TAC1-10853C,1
TS1-5SP-05,1
ROE1-27248,1
RTN1-9006.0136,1
RTN1-6004.0100,1
REF1-00037,1
ARS1-255200,1
ARS1-253700,1
ARS1-280004,1
ARS1-281004,1
ARS1-280204,1
ARS1-280700,1
ARS1-286000,1
ARS1-140200,1
ARS1-739401,1
ARS1-808201,1
ARS1-140204,1
ARS1-141000,1
ARS1-256300,1
ARS1-282504,1
ARS1-283004,1
ARS1-280404,1
ARS1-284704,1
ARS1-286104,1
EDL1-KSS-5050,1
WNK1-E03SB3222,1
WNK1-E03SB3624,1
PRI1-127,1
PUJ1-307.035,1
PUJ1-325.014,1
PUJ1-338.045,1
PUJ1-206.050,1
PUJ1-244.032,1
PUJ1-248.032,1
PUJ1-211.018,1
PUJ1-234.018,1
PUJ1-106.040,1
PUJ1-105.025,1
PUJ1-117.030,1
PUJ1-115.028,1
PUJ1-108.042,1
PUJ1-107.030,1
PUJ1-107.040,1
PUJ1-102.040,1
PUJ1-119.002,1
PUJ1-119.003,1
PUJ1-119.005,1
PUJ1-112.016,1
PUJ1-134.032,1
PUJ1-134.036,1
PUJ1-138.032,1
PUJ1-130.024,1
PUJ1-130.026,1
PUJ1-350.240,1
PUJ1-350.340,1
TRA1-1354,1
TRA1-1357,1
TRA1-66009,1
TRA1-67013,1
TRA1-15524-05,1
VOL1-52000-60,1
VOL1-52002-30,1
PUJ1-124.040,1
PUJ1-904.145,1
PUJ1-904.500,1
PUJ1-632.006,1
ADC1-DCB-1824H,1
ADC1-HJD-15,1
ADC1-SK-16HG,1
PUJ1-830.000,1
PUJ1-250.024,1
ARS1-601201,1
SAN1-02201BD,1
PUJ1-RE941.001,1
PUJ1-982.002,1
PUJ1-307.060,1
PUJ1-149.020,1
PUJ1-243.032,1
PUJ1-143.020,1
PUJ1-304.026,1
PUJ1-307.070,1
PUJ1-854.014,1
PUJ1-854.016,1
PUJ1-853.004,1
PUJ1-847.018,1
TAC1-PP410,1
PUJ1-490.624R,1
PUJ1-120.6F3G,1
PUJ1-110.000A,1
PUJ1-120.000A,1
PUJ1-209.032A,1
LTE1-ID4015,1
LTE1-ID4002,1
SEV1-SN4640,1
PUJ1-118.132,1
PUJ1-117.160,1
VOL1-47150,1
CHF1-SG10-M,1
CHF1-J027-XL,1
CHF1-J031-S,1
TAC1-CBR6BK,1
TAC1-CB1520RA,1
TAC1-CB1520YA,1
DEX1-01563T,1
WNK1-CD-116,1
TAC1-2924P,1
ARC1-23088C,1
ARC1-51922C,1
ARC1-77639C,1
ARC1-56150C,1
ARC1-43458,1
ARC1-57975,1
ARC1-36536,1
ARC1-24742,1
ARC1-22837,1
ARC1-43315,1
ARC1-40326,1
ARC1-72388,1
ARC1-38949,1
ARC1-75189,1
ARC1-61698,1
ARC1-60440,1
ARC1-79741,1
ARC1-22814,1
ARC1-54584,1
ARC1-58012,1
ARC1-10003,1
ARC1-09415,1
ARC1-12341,1
ARC1-40482,1
ARC1-12944,1
ARC1-64591,1
ARC1-59825,1
ARC1-36341,1
ARC1-34691,1
ARC1-36374,1
ARC1-34436,1
ARC1-10291,1
ARC1-41879,1
ARC1-41881,1
ARS1-185300,1
COF1-SUNRISE-2,1
WNK1-APO1-7,1
WNK1-CD-031,1
WNK1-CD-222(L),1
GOU1-PT-15-YY,1
GOU1-SS-16-TRI-Q,1
GOU1-SS-22-SQU-Q,1
GOU1-STAND-METAL,1
GOU1-M-CUBE-8,1
HUA1-03-655,1
HUA1-03-701,1
HUA1-G-02,1
SEA1-IB3SLB,1
SEA1-NG101BU,1
SEA1-NG101SG,1
SEA1-NG101ST-FG,1
SEA1-RT1025BLC,1
SEA1-TS806COB,1
SEA1-TS806WH,1
TRA1-1018-13,1
TRA1-6214,1
VOL1-62301,1
VOL1-62302,1
VOL1-62304,1
VOL1-62305,1
VOL1-62307,1
VOL1-62308,1
VOL1-62312,1
VOL1-62315,1
VOL1-62318,1
VOL1-62323,1
VOL1-62324,1
VOL1-62325,1
TAC1-AC57,1
WNK1-CAFE1-1,1
ARC1-10029,1
PUJ1-887.015,1
WNK1-CD-098-8L-PM,1
WNK1-RB-355HF,1
WNK1-RB-450HF,1
WNK1-LUT-500HF,1
WNK1-IB3427HF,1
WNK1-PB360HF,1
WNK1-DWWP-48,1
WNK1-SN1320-PM,1
PUJ1-880.035,1
ARC1-01484,1
WNK1-CD-202,1
ARC1-52349,1
WNK1-CD-113,1
WNK1-CD-101A,1
WNK1-CD-152(B),1
WNK1-CD-082,1
WNK1-CD-211(DIV),1
WNK1-DWMJ-25HF,1
LKK1-W-1026,1
LKK1-W-2274-330,1
ARC1-10276,1
ARC1-10269,1
ARC1-10301,1
ARC1-75373,1
ARC1-19734,1
ARC1-10360,1
ARC1-56799,1
ARC1-71166,1
ARC1-00989,1
ARC1-71183,1
ARC1-71160,1
ARC1-71162,1
ARC1-71192,1
ARC1-77275,1
ARC1-52017,1
ARC1-71168,1
ARC1-52029,1
ARC1-18603,1
ARC1-43121,1
ARC1-43740,1
ARC1-40359,1
ARC1-47902,1
ARC1-02342,1
ARC1-52216,1
ARC1-27746,1
ARC1-27756,1
ARC1-27754,1
ARC1-27751,1
ARC1-42439,1
ARC1-56626,1
ARC1-43716,1
ARC1-76161,1
ARC1-76158,1
ARC1-38905,1
ARC1-46751,1
ARC1-50998,1
ARC1-11250,1
WNK1-CD-193G-PM,1
ARC1-07810,1
ARC1-10419,1
ARC1-26002,1
WNK1-CD-193-PM,1
WNK1-CD-161,1
TAC1-RB138,1
TAC1-4404,1
TAC1-1865,1
TAC1-2110,1
TAC1-6706,1
TAC1-SF14,1
TAC1-N32LPR,1
TAC1-N32LPGN,1
TAC1-N32LPY,1
TAC1-N32LPW,1
TAC1-N32BR,1
TAC1-N32OR,1
TAC1-69,1
TAC1-1862,1
TAC1-822,1
TAC1-8064A-W,1
TAC1-8032-BR,1
TAC1-272,1
TAC1-RPD2415,1
TAC1-A1613,1
TAC1-ACR59,1
TAC1-666,1
BER1-DF23S1B,1
BER1-DF23S2B,1
BER1-FW45,1
BER1-DDF23D6,1
BER1-EG3500-12R,1
BER1-EG5250-12R,1
CEC1-CS3,1
CON1-ES216BO,1
EDL1-BDS4KG,1
ELO1-HSB4,1
ELO1-MD5-23,1
FAG1-FE6,1
FAG1-HMI6-11,1
FAG1-HMM6-11,1
FRA1-377932,1
FRA1-FFS21,1
FRA1-FT4,1
LKK1-B60,1
LKK1-DM-WZ150,1
LKK1-FDMZ125,1
LKK1-FDMZ150,1
LKK1-HS40A,1
LKK1-HS80,1
LKK1-HYG1-D,1
LKK1-HYG2-D,1
LKK1-MT25B,1
LKK1-TC12I,1
LKK1-TR180,1
LKK1-TYZ8.0,1
LKK1-TJ12H,1
LKK1-KSY-10,1
LKK1-KSY-20,1
LKK1-KSY-40,1
LKK1-R-1,1
LKK1-RG-7,1
LKK1-RG-9X,1
LKK1-TSP520,1
LKK1-DHL-32,1
LKK1-EFO2B,1
LKK1-QS503A,1
HAM1-990-220,1
HAM1-E915,1
HAT1-GRFFBL,1
HAT1-GRHW-5P,1
HAT1-TQ700,1
HAT1-CL-HIGH,1
HAT1-RHW-1R,1
HAT1-FLOM-12,1
HAT1-FMSS-60,1
HAT1-STM-2-S,1
JIN1-SS120-1,1
LAK1-6010,1
LIN1-IC1,1
LIN1-IC3,1
MAX1-MCP-100,1
MKN1-CGE61,1
NUO1-AGR1,1
NUO1-AGR3,1
PIE1-MIX30,1
PRI1-108REV-F,1
RAN1-NANCY,1
RAN1-SYSTEM-DE2-RED,1
RAN1-TECNA-DE2-RED,1
RAN1-Z11-OMICRON2-D,1
RHE1-GEAR-MOTOR,1
RHE1-GOURMET4LT,1
RHE1-LABOR-2000B32,1
RHE1-PRIMA-CHIP,1
RHE1-PRIMA300,1
ROB1-HP1505B,1
ROB1-HP505B,1
ROB1-HP505C,1
ROB1-AF25,1
ROB1-HL30-F,1
ROB1-PS100,1
ROB1-PM60G,1
ROB1-HP15R,1
ROB1-13,1
ROE1-R5PLUS-1SPEED,1
ROE1-CMP250-VV,1
ROE1-CL30,1
ROL1-CT540,1
ROL1-RST1270C,1
ROL1-RST2270,1
ROL1-RH1,1
ROU1-HDC21,1
SAM1-BM22,1
SAM1-PS-12,1
SAN1-40A,1
SAN1-06A,1
SAN1-37-2LP,1
SAN1-06,1
SAV1-SW22,1
SIR1-TC22-DALLAS220V,1
SIR1-VORTEX-70,1
SIR1-P1C,1
SIR1-GEMMA300,1
SIR1-GEMMA300-INGR,1
TOA1-A710S,1
TOL1-CD500H,1
WIN1-GS302-3.3KW,1
WIN1-GS302-6.3KW,1
WYO1-EHP,1
WYO1-HR30,1
NTS1-EF-01,1
ROL1-FM2,1
ZNS1-ZHT7,1
PMF1-CELLA-XL-6-66,1
LKK1-HS80(D),1
SIR1-TC22-DALLAS400V,1
COT1-PTDS200,1
RAN1-EPOCA-DE2-GREY,1
JIN1-SS120-2,1
JIN1-SS150-2,1
SIR1-TC32-CHICAGO,1
ZAN1-T-POLIS-PW2-MC30,1
RAN1-EPOCA-E1-GREY,1
RAN1-EPOCA-S1-GREY,1
KIT1-5KSM7590GWH,1
JTA1-6ATS-A,1
JTA1-GH-822,1
BER1-BJY-CG23,1
SIR1-VERTIGO-30,1
LKK1-GO2W2,1
ROB1-GT400,1
SAN1-01PS,1
ROB1-ST500A,1
ROL1-RD60TI,1
ROL1-SEM600PDS,1
LAC1-M27-RE-DT2-BLACK,1
SIR1-TC22-NEVADA-220V,1
CRO1-EC-6TW,1
CTX1-DZ33I-1-W-STAND,1
SIR1-W8-30-EASY-BX,1
BER1-E-SALA11,1
LIN1-LD4,1
ROL1-SEM800PDS,1
BAR1-BTC-329SS,1
RAN1-CLASSE8-S1-GR-INOX,1
LKK1-EF-061H,1
SIR1-GALILEO-350-EVO,1
ROL1-RG9,1
ROL1-RG11,1
LKK1-KSY-10A,1
BES1-E7P2B,1
ZAN1-T-POLIS-PW2-CL-2MC,1
BES1-E7FL8M-2,1
WIN1-GS315-6.3KW,1
LKK1-B30A-380-V,1
LKK1-EB350,1
ROL1-DOUBLE-PANINI-FT220V,1
MAX1-MSB1250,1
SIR1-APOLLO-ECO-S-S,1
HAT1-STM-4G,1
SIR1-PPJ10-1PH,1
SAN1-62DCA,1
ROL1-RD800-FI,1
SIR1-CANOVA300-TOP,1
JTA1-GH-820,1
ROL1-CFG400,1
COG1-ISYTECH-AP31-10.1,1
SIR1-T-REX-AUTOMEC-XP,1
SIR1-IP30M-Y14-3PH,1
ROE1-CL50-GOURMET,1
SIR1-DRAKE-MAN,1
JTA1-SH-36,1
SIR1-PPJ6-220V,1
ROE1-CL55E2V-PUSHER,1
SIR1-KATANA-20VV,1
ZNS1-372083,1
SIR1-CANOVA300-VV-AUTOMEC,1
SIR1-KATANA-12,1
SIR1-GALILEO-350-EVO-AUTO,1
HAT1-UGAHL-54D,1
MBM1-SAE540,1
TBC1-HHC2020-STD-SP-380V,1
COT1-PTDS1800-240,1
VRM1-AR40-M040-0076-SP-FG,1
VRM1-AR40-M040-0077,1
VRM1-ERGO60-M060-0078,1
HAT1-FM2SS-7,1
HAT1-FLOM-18,1
VRM1-AR60-M060-0074,1
LIN1-652000,1
LIN1-652004,1
LIN1-AS4,1
LIN1-BM4A,1
LIN1-CT1,1
CHM1-CNH18,1
FRA1-MT1750A-G,1
HAT1-DL-800SL-BRIGHT-COPP,1
LKK1-MM-25,1
RTN1-SCCWE101E,1
HAM1-BIC2000,1
WIN1-GSR36,1
MBM1-SAE641,1
ROL1-CB20B,1
TS1-EC-3100,1
LAC1-MAGNUM-LEVA,1
BER1-I-BSP-ERC64,1
HAT1-FSDT-2X,1
ROB1-HF900,1
SIR1-ROLLER-LONG-VV,1
SIR1-NE2140,1
SIR1-APOLLO-W-O-LEVER,1
SIR1-ORIONE-Q-VV,1
RAN1-EPOCA-E2-GREY,1
LKK1-SK-800,1
ROL1-RE2,1
LIN1-EB3F,1
HAT1-FDWD-1,1
ROL1-GR80E,1
ROL1-PANINI-XLE,1
JTA1-GH-760,1
SIR1-MYCOOK,1
SIR1-MYCOOK-PRO,1
SIR1-CUBE-P2-HOT,1
SIR1-VISTA-P2-BOLD-BRIOCHE,1
SIR1-VISTA-P2-BOLD-HOT,1
NTS1-ESKS-10L,1
PMF1-IBV-40-EVO,1
NTS1-HWT-350W,1
SIR1-TC12E-CE,1
ROE1-BLIXER4-220V-60HZ-3P,1
SIR1-TC22-BARCELLONA-TU,1
ROE1-R4A-TRI-230V-50HZ-3P,1
SAN1-66,1
SIR1-STER-UVC-24W-S,1
SAN1-01PSU,1
HAT1-FSHC-7-1,1
LKK1-WG600T,1
HAT1-DL-500SU-WARM-RED,1
HAT1-DL-700AU-WARM-RED,1
HAT1-DL-725SU-WARM-RED,1
KIT1-5K5SSCWH,1
SIR1-W8-30-BX,1
ZAN1-GALASSIA-45S,1
LKK1-RG-7T,1
HOU1-C1.06,1
EKA1-KF-412,1
EKA1-KF-966-UD-PA,1
ROB1-100,1
EKA1-KF-966-UD-GA,1
HAT1-FS2HAC-4PT,1
HAT1-DL-775RL-CLEAR-BRUSH,1
ROB1-PA100,1
ROL1-HVC-60-GN,1
COG1-STEELTECH-340,1
ROE1-R15,1
OMG1-J1220,1
OMG1-J4220,1
OMG1-C-22C,1
OMG1-BL632A,1
BEN1-STREET-VENDOR6,1
UNI1-SRM60+(REG),1
NTS1-XC-40AB,1
NTS1-XC-40BA,1
NTS1-MH-168DZ,1
NTS1-MB-2045-WITH-PDA,1
UNI1-ASPZ,1
LKK1-E02-2-SSBLMBB,1
LKK1-E02-2-GDBLMBB,1
MID1-PS840E-1,1
CAS1-DODICI-A-2TL-S-BR,1
BEN1-62030,1
SAN1-9U,1
HAM1-MIC2000,1
PIT1-PH-SEF14,1
BER1-BJY-IK30,1
PIT1-SE18-D-5-FD5,1
BER1-GCS55SSC,1
BER1-BS4DU-C-W,1
BER1-BS2DU-CF-L,1
BER1-BS2DR-C4-2-L,1
BER1-BS3DR-C4-3-L,1
LKK1-QL2,1
LKK1-QL6,1
TBA1-TB6-1G-(900-MM),1
BER1-BS2DR-C1165-2-L(760),1
BER1-B2D-C4-BL,1
BER1-BS3D-F7-BL,1
BER1-BS3D-CF7-L,1
BER1-B2D-C6-BL6,1
BER1-RCS4SM,1
BER1-RCS5SM,1
BER1-BS2D-F4-BL,1
BER1-BS2D-F6-L,1
BER1-BS2D-F5-L,1
BES1-MM60GM,1
SKP1-SIM-100A,1
BER1-BS2D-CF6-L,1
BER1-CKE3SCSB,1
BER1-ESM66,1
BER1-BS3D-F7-L,1
BER1-BS2D-CF5-L,1
BER1-CKE5SCSB,1
BER1-CKE6SCSB,1
BER1-3D-DF-S-EV,1
BER1-BS3D-C8-Z-L(760),1
BER1-BS4DU-F-Z-L(770),1
SKP1-SIM-50A-HALF,1
SKP1-SURF15-2-L(750-MM),1
SKP1-SHR12-2-L(750-MM),1
SKP1-SBC-1500RD,1
SKP1-SFT45-4-W-GN,1
TBA1-KGR12-2-LW(750MM),1
TBA1-KGR9-1-LW(750MM),1
TBA1-KR45-2G-LW,1
TBA1-KR65-6G-LW,1
TBA1-KURF18-3-LW(700-MM),1
BER1-B3D-C7-SM-L(600),1
BER1-2D-DF-SM-EV,1
BER1-BS3D-2C1-F7-Z-L(750),1
BER1-3D-DC-BH-1-G,1
BER1-BS2D-SSCF-Z-N-L(760),1
BER1-BS1D-PCF4-Z(760),1
BER1-CCS12SB13-2FB,1
BER1-RCS15SB13-2FB,1
TBA1-KUR15-3D-3-LW(700MM),1
TBA1-KF45-4-W-GN,1
TBA1-KUR15-2D-4-LW(750MM),1
TBA1-KUF15-2-L(750MM),1
BER1-BS2D-C5-L(750),1
BER1-B3D-C7-L(750),1
BER1-BS2D-F4-L(750),1
BER1-BS-SW3D-L8(750),1
BER1-BS2DR-C4-2-L(750),1
BER1-B2D-C5-BL(750),1
TBA1-KR25-2-W,1
TBA1-KGR15-2-W(750-MM),1
TBA1-KHR18-3-W(750MM),1
BER1-GG2B,1
BER1-SALA11,1
BER1-CRB2B,1
BER1-DRO4H,1
BER1-DRO6H,1
BER1-DRO4L,1
BER1-CRB2BFS,1
BER1-GG2BFS,1
BER1-FSGDF23-1B,1
BES1-CPG40E,1
BES1-G7F2BP,1
DCS1-DCS12-2,1
DCS1-DCS24-2,1
DCS1-DCS36G,1
FAG1-BMG710,1
FAG1-CG7115,1
FAG1-HCG2.10-11,1
LKK1-GT600,1
NAY1-NGCB8-75OC,1
NAY1-NGF4-75,1
NAY1-NGKH7-90,1
NAY1-NGFT4-75GOC,1
SOU1-1361,1
SOU1-1363,1
SOU1-MDC-24,1
SOU1-MRA-32,1
TRI1-TSF-15,1
TRI1-TSMG-24C,1
WOL1-RMG36C-RM36C61,1
WOL1-SCB25C-6,1
WYO1-GCB24,1
WYO1-GF30N,1
WYO1-GHP2H,1
PMF1-GAS-6-GPL,1
BES1-G7FL4M-SX,1
BES1-G7FL8M-2,1
JTA1-JZH-RM-12,1
JTA1-S36,1
JTA1-REB-03,1
PIT1-BK-SSH60W-2-FD,1
MBM1-MFTG77TLR,1
BER1-OB2GG1BWOL,1
BER1-KM2,1
BES1-9GL15+15M,1
LKK1-GF172,1
ROL1-RBG120,1
ZNS1-372004,1
ROL1-PSR600GE,1
RAD1-TAF-40,1
MBM1-MG7GFT777L,1
PIT1-BK-SSH60W,1
TRI1-TSR-G24-4,1
TRI1-TSR-G24-6,1
TRI1-TSHP-2-12C,1
LIN1-GR7-P,1
LIN1-OG8201-C-P,1
TOA1-TGFF-35C+S,1
MBM1-MPLG74T,1
HOU1-C-GAS-1.10,1
HOU1-CPE-GAS-1.10,1
MBM1-MPEG7750I,1
ETL1-FCG061,1
ZAN1-CITIZEN-GAS-PW9-MC,1
MID1-PS636G-1,1
BER1-KM2B,2
BER1-OB2,2
BER1-INFRA6,2
BER1-GG3B,2
BER1-CB3BFS,2
BER1-CKE5SCSM,2
BER1-BS2D-F5-BL,2
BES1-G7FL8B-2,2
LIN1-GR3-P,2
NAY1-NGFT8-75S-G,2
TRI1-TSEB-24C,2
TRI1-TSSB-24,2
TRI1-TSSB-36,2
TRI1-TSEB-36C,2
TRI1-TSMG-36C,2
BER1-CB3BGG1B-17,2
STA1-624MD,2
STA1-602HD,2
TRI1-TSMG-48C,2
BER1-BS2D-F4-L,2
BES1-G7T4P4FB,2
BER1-CKE4SCGM,2
JTA1-JUS-TQ-4,2
JTA1-LFH-400S,2
JTA1-LFB-4S,2
BER1-CKE3SCSM,2
BES1-G7F4MP,2
BER1-OB2(S)FS,2
BER1-SP2-HT,2
BER1-KM3,2
BER1-BS2D-CF6-BL,2
BER1-1D-DF-S-EV,2
BER1-2D-DF-S-EV,2
BER1-BS3D-2C1F-7-Z-L(760),2
MBM1-MG7GF777TS,2
MBM1-MG7G677XS,2
TBA1-KF25-1-LW,2
TBA1-CMUR-28,2
BER1-BS2D-CF4-Z-L(760),2
ROL1-GR40G,2
TBA1-KSR15-2-LW(700MM),2
MBM1-MFTG74ALC,2
MBM1-MPLG74A,2
HOU1-C-GAS-1.06,2
HOU1-CPE-GAS-1.06,2
LKK1-LK-GDO-36,2
ROL1-CDE400,2
MBM1-MFRG74A,2
TBA1-KR25-2G-L,2
LKK1-LK-GDO-24,2
BER1-BS2D-C4-L(750),2
BER1-BS2D-CF5-L(750),2
BER1-BS2D-CF6-L(750),2
BER1-BS-SW1D-L4(750),2
BER1-BS2D-C5-L-2F2B(750),2
BER1-B2D-C6-W(750),2
BER1-CG22,2
BER1-FW40,2
BER1-EG5250FS,2
BER1-INFRA4,2
BER1-JD318JET25,2
BER1-JD218MIX25,2
CEC1-G59,2
CEC1-ES12,2
CEC1-MWR2,2
CEC1-HWD2,2
COF1-NEWCOF112,2
COF1-SPRAYCOF120,2
COF1-SPRAYCOF240,2
CON1-C270-SSG-DT,2
EDL1-270C,2
EDL1-203,2
FAM1-FTV100,2
WNK1-CD-333,2
LKK1-B30,2
LKK1-MT12.5B,2
LKK1-TC22,2
LKK1-RG-11XB,2
LKK1-RG30-11,2
LKK1-EG738,2
LKK1-B5D,2
LKK1-DW-WZ200,2
LKK1-US36,2
LKK1-NPL-2,2
LKK1-RHW1,2
LKK1-RHW2,2
HAM1-1G914,2
HAM1-1G91605,2
HAT1-GRCDH-2PD,2
HAT1-GRH24T,2
HAT1-GRHDH-2P,2
HAT1-GRS-24-I,2
HAT1-GRSDS-36D,2
HAT1-GRSR-17,2
HAT1-LW2-B,2
HAT1-TQ800H,2
HAT1-3CS-6B,2
HAT1-RCTHW-SW,2
HAT1-GRH24,2
LIN1-BS7W,2
LIN1-LRB2W,2
LIN1-SBG,2
NUO1-AGR2,2
NUO1-ARB2M,2
NUO1-VENUS-FAMILY,2
NUO1-AMM,2
RAN1-AUDREY,2
RAN1-EPOCA-DE2-RED,2
RAN1-MD50AT,2
RAN1-MIDI-CD2,2
RAN1-S27-GREEN,2
RAN1-EPOCA-S1-RED,2
RAN1-CLASSE6-E2-GR-GREY,2
RAN1-CLASSE8-DE2-GR-INOX,2
ROB1-171N,2
ROB1-HP605B,2
ROB1-M3,2
ROB1-HL90,2
ROB1-E14-100RD,2
ROB1-BM1E,2
ROL1-DW106,2
ROL1-RF12S1P,2
ROL1-WDL200,2
ROL1-CP60,2
ROL1-GED10,2
ROU1-RPCSF14,2
SAM1-BB800,2
SAM1-TPD2,2
SAN1-01D,2
SAN1-01B,2
SIR1-IS-V-15-IDRA-TF,2
SIR1-ORIONE-ALUMINIUM,2
SIR1-IS-V-25-IDRA-TF,2
SIR1-TOP-L,2
WES1-3700D,2
WYO1-DR2A,2
WYO1-FD48,2
ROL1-FM3,2
ROL1-FM4,2
SAN1-50X,2
BER1-I-BSP-IK40,2
ZAN1-SELENE-20,2
HAT1-LW2-R,2
RAN1-EPOCA-ST1-GREY,2
COF1-JETCOF120,2
SAN1-38C,2
LKK1-BWS20Z,2
LKK1-SS150-2,2
ROL1-WI-1,2
ROL1-MG-02,2
ROL1-MC-03,2
COT1-TCS-200,2
HAT1-DL-600SL-ANTIQUE-NIC,2
CAS1-DIECI-S-2-MONOF-RE,2
JTA1-VF-8,2
MBM1-MFTE77TLC,2
ROE1-R502G,2
ROE1-BLIXER2D,2
ROE1-R4A-TRI-400-50-3,2
ROL1-FC340TQ,2
HAT1-RCTHW-PC,2
BER1-EG5250-12RFS,2
JTA1-SH-24,2
LKK1-KSY-30A,2
LKK1-KSY-40A,2
SIR1-VORTEX-75,2
HAT1-TPT-240,2
SAN1-10C,2
RJ1-FC1200,2
SIR1-CANOVA300-AUTOMEC,2
ROL1-BM21,2
HAM1-HBF600R-CE,2
LKK1-TC12I(Y),2
LIN1-650105,2
LIN1-BM3,2
JTA1-AT-937,2
NIC1-EX6225,2
LKK1-TJ32(Y),2
ROE1-R402-220V-60HZ-3PH,2
LAC1-M27-DT2,2
ROB1-HP10,2
LIN1-EB6TF,2
ROB1-AR3,2
PMF1-IBV-60-EVO,2
ROE1-MP450-ULTRA-FW-XL,2
HAT1-GRBW-42,2
ROB1-URN10,2
HAT1-DL-775RL-GRAY-GRANIT,2
HAT1-DL-500SU-GLOSSY-GRAY,2
HAT1-DL-700AU-BLACK,2
HAT1-DL-775RL-NAVY-BLUE,2
HAT1-DL-750SL-GRAY-GRANIT,2
HAT1-DL-750CL-GLOSSY-GRAY,2
HAT1-DL-400SU-HUNTER-GREE,2
HAT1-DCSB400-2420-1,2
CAM1-PCU2000HC4-615,2
CAS1-DIECI-S-3-TRIFASE-BR,2
LKK1-LK-EDO-12,2
ROL1-HVC-120-GN,2
LKK1-EPZ-218,2
ROL1-TS3270,2
LKK1-LK-EDO-24,2
NTS1-ME-2043ZH,2
SIR1-PD-VC-RR,2
LKK1-E02-2-CPBLMBB,2
CAS1-DODICI-S-2TL-S-BR,2
CAS1-ENEA-ON-DEMAND64,2
ROL1-CT3000,2
SIR1-NORDKAPP,2
SIR1-TCG12E-MN,2
ARS1-280200,2
ARS1-253400,2
ARS1-282904,2
ARS1-280504,2
ARS1-284204,2
ARS1-287800,2
BER1-FP1-4-2.5,2
COL1-178BL,2
COL1-5812BK,2
COL1-5811BK,2
DIA1-009099,2
EDL1-S-11E,2
FRA1-377912,2
FRA1-377915,2
FRA1-377967,2
FRA1-377971,2
GET1-6612-2,2
WNK1-JD-013(B),2
WNK1-JD-014(C),2
WNK1-E03SS20L,2
WNK1-TB-203,2
WNK1-E03SB4528,2
WNK1-E8GN1165P,2
WNK1-E8GN11100,2
WNK1-E8GN1265,2
WNK1-E8GN12150,2
WNK1-E8GN2320,2
HUA1-D-01A,2
HUA1-D-56,2
KIT1-FGA,2
KIT1-RVSA,2
LTE1-CS06,2
LTE1-E0011,2
LTE1-E0012,2
LTE1-EP003,2
LTE1-N000-SPAGETTY,2
LAK1-297,2
NUO1-KD8,2
PRI1-123,2
PRI1-911C,2
RAV1-900L6,2
RAV1-BOARD6,2
RAV1-FRUIT,2
RAV1-ROTARY6,2
RAV1-ZESTER,2
RAV1-TWIST,2
RAV1-JIGGERCLEAR,2
RAV1-JULEP,2
RHE1-CHEF-B10,2
RHE1-CHEF-B6,2
RHE1-CHEF-D12X12,2
RHE1-CHEF-D20X20,2
RHE1-CHEF-E1,2
RHE1-CHEF-E14,2
RHE1-CHEF-E2S,2
RHE1-CHEF-E3,2
RHE1-CHEF-E3-O,2
RHE1-CHEF-E4,2
RHE1-CHEF-E4-O,2
RHE1-CHEF-E5,2
RHE1-CHEF-E6-O,2
RHE1-CHEF-E8,2
RHE1-CHEF-E8SAW,2
RHE1-CHEF-H10,2
RHE1-CHEF-H2.5,2
RHE1-CHEF-H8,2
RHE1-CHEF-Z7,2
RHE1-CHEF-E14-O,2
RHE1-CHEF-E3S,2
ROE1-28012,2
ROE1-27081,2
ROE1-27244,2
ROE1-27245,2
ROE1-27191,2
SAM1-CA300-FC10,2
SAM1-CA300-FC14,2
SAM1-CA300-FC3,2
SAM1-CA300-FC6,2
SAM1-CA300-FCC2,2
SAM1-CA300-FCC3,2
SAM1-CA300-FCC5,2
SAM1-CA300-FCE4,2
SAM1-CA300-FF6,2
SAM1-CA300-FF8,2
SAM1-CA300-FK,2
SAM1-CA300-FM10,2
SAM1-CA300-FM20,2
SAM1-CA300-FR2,2
SAM1-CA300-FR7,2
SER1-67580,2
SIR1-MSC04AMOZ,2
TS1-B-0113-B,2
TRA1-1216-03,2
TRA1-1363,2
TRA1-1367,2
TRA1-1521-01,2
TRA1-1612,2
TRA1-1678-91,2
TRA1-2330-01,2
TRA1-2803-18,2
TRA1-3640,2
TRA1-3802-12,2
TRA1-527T,2
TRA1-532-17,2
TRA1-5500-12,2
TRA1-FP30-31,2
TRA1-PL2,2
TRA1-SC1007-01,2
TRA1-WR1012,2
VOL1-52003-50,2
VOL1-67632,2
VOL1-90412,2
VOL1-93400,2
WYO1-CSS-DTS-N,2
ZAN1-PALE0013,2
ROE1-28380,2
SIR1-28180056,2
NTS1-1001,2
NTS1-1002,2
NTS1-1051,2
NTS1-DS60040030-1.5,2
TAC1-1812,2
HAM1-SB254,2
LTE1-CAX104,2
LTE1-CAX112,2
ROL1-CK3,2
HAM1-6126-HBF600-CN,2
HAM1-6126-HBF600S,2
LTE1-N000-LINGUINE,2
TS1-B-1230,2
ROE1-28158,2
ARS1-178200,2
LTE1-N4083X,2
COG1-780134,2
COG1-780138,2
SIR1-28180035,2
SIR1-28180036,2
ROE1-27321,2
ROE1-27201,2
ROE1-28188,2
JTA1-JZH-TM-12,2
ROE1-28172,2
ROE1-28173,2
ROE1-28181,2
ROE1-28159,2
ROE1-28209,2
ROE1-27219,2
ZNS1-921611,2
ZNS1-921610P,2
LDP1-PRM-14598,2
ZNS1-865279,2
ZNS1-865271,2
WNK1-E8GN24150,2
WNK1-NBGN11100-7,2
WNK1-NBGN16100-7,2
VRM1-CR20-28M,2
COT1-302331,2
HAM1-98500,2
ROE1-28117,2
ROE1-28121,2
ROE1-28128,2
HAM1-WW800SS,2
HAM1-DH800SS,2
ROE1-107810,2
WNK1-RDT355-PM,2
TS1-B-0425-M,2
SIR1-IB9865320.04,2
SIR1-IB4050100,2
SIR1-40750040,2
HAT1-RCTHW-SK,2
HAT1-RHW-SS-STEAM,2
HAT1-AIH48WG,2
HAT1-ADJ-ANGLE,2
JTA1-TRAY-AL07,2
HAM1-928,2
HAM1-930,2
TOP1-F-902A,2
ROE1-28197W,2
NTS1-ALI1-18,2
SIR1-SA150,2
WNK1-RDT304,2
WNK1-OVT-4635-PM,2
WNK1-OVT-5137-PM,2
WNK1-OVT-5645-PM,2
CHF1-800FG17,2
HAM1-QS850,2
SAR1-P4800,2
CHF1-803PG,2
HAM1-HMIA200B,2
LKK1-E01-2-SSWHMBB,2
HAT1-RHW-11QT-POT,2
ROE1-28131W,2
ROE1-28132W,2
ROE1-28133W,2
ROE1-27288,2
ROE1-27355,2
TS1-5F-4DLX05,2
TAC1-11663M,2
TAC1-CB1824GNA,2
TAC1-CB1824WB,2
TAC1-657,2
DEX1-19703G,2
HAM1-6126-400-CE,2
NTS1-SLP2,2
BER1-BJY-IK40,2
ARC1-31319C,2
ARC1-23541C,2
ARC1-12782C,2
ARC1-37439,2
ARC1-03086,2
ARC1-08926,2
ARC1-71204,2
ARC1-76500,2
ARC1-48201,2
ARC1-48031,2
ARC1-43829,2
ARC1-40375,2
ARC1-22820,2
ARC1-30187,2
ARC1-36382,2
ARC1-36333,2
ARC1-65298,2
ARC1-06386,2
WNK1-CD-012(B),2
WNK1-CD-13310PB,2
WNK1-CD-051(C),2
WNK1-CD-053(B),2
WNK1-CD-083,2
WNK1-PE-31-PM,2
HUA1-02-655,2
HUA1-17-655,2
HUA1-21-655,2
HUA1-G-03,2
HUA1-O-24,2
HUA1-O-27,2
SEA1-TS611MV,2
VOL1-47812-50,2
VOL1-62303,2
VOL1-62311,2
VOL1-62313,2
WNK1-CD-151(B),2
WNK1-CD-098B-8L,2
WNK1-SL0001-PM,2
WNK1-SL0002-PM,2
WNK1-SQB-325HF,2
WNK1-TFP-400HF,2
WNK1-RCT5515HF,2
WNK1-RT355HF,2
WNK1-LUT-378HF,2
WNK1-FSB-355HF,2
WNK1-WB-002-PM,2
WNK1-FH-4300-HF,2
WNK1-PB360-L-HF,2
WNK1-LB-0910-PM,2
WNK1-CD-112,2
WNK1-CD-045,2
WNK1-CD-048,2
WNK1-CD-041,2
LKK1-W-1019,2
LKK1-W-1025,2
LKK1-W-1031,2
LKK1-W-2003,2
WNK1-ALE1-1,2
LKK1-W-1018-600,2
LKK1-W-2022-360,2
ARC1-24682,2
ARC1-26971,2
ARC1-13849,2
ARC1-77280,2
ARC1-77272,2
ARC1-77270,2
ARC1-13831,2
WNK1-CD-353,2
ROB1-UDS30V,2
TAC1-65,2
TAC1-RCH21,2
TAC1-8064A-Y,2
TAC1-8064A-R,2
TAC1-PC2N,2
TAC1-RB235,2
TAC1-R2212,2
NTS1-822#20373,2
NTS1-822#20374,2
NTS1-822#20375,2
NTS1-822#20378,2
NTS1-822#20379,2
NTS1-822#20381,2
NTS1-822#20382,2
TAC1-MG2,2
WNK1-CD-112(EH),2
PUJ1-302.014,2
PUJ1-307.025,2
PUJ1-331.040,2
PUJ1-336.002,2
PUJ1-348.014,2
PUJ1-705.034,2
PUJ1-215.028,2
PUJ1-215.032,2
PUJ1-241.050,2
PUJ1-249.035,2
PUJ1-211.016,2
PUJ1-234.124,2
PUJ1-104.020,2
PUJ1-117.016,2
PUJ1-117.018,2
PUJ1-115.030,2
PUJ1-111.018,2
PUJ1-111.020,2
PUJ1-111.022,2
PUJ1-107.050,2
PUJ1-107.060,2
PUJ1-113.065,2
PUJ1-114.030,2
PUJ1-137.035,2
PUJ1-119.015,2
PUJ1-119.004,2
PUJ1-112.022,2
PUJ1-138.036,2
PUJ1-130.032,2
PUJ1-317.260,2
PUJ1-763.045,2
PUJ1-755.070,2
PUJ1-757.060,2
PUJ1-780.030,2
PUJ1-781.018,2
PUJ1-781.030,2
PUJ1-787.006,2
PUJ1-767.012,2
PUJ1-770.010,2
PUJ1-834.000,2
PUJ1-809.012,2
PUJ1-809.016,2
PUJ1-800.065,2
PUJ1-957.004,2
PUJ1-705.130,2
PUJ1-311.010,2
PUJ1-307.130,2
PUJ1-BM4,2
PUJ1-121.501,2
PUJ1-775.005,2
PUJ1-887.035,2
PUJ1-215.045,2
PUJ1-239.228,2
PUJ1-147.000,2
PUJ1-128.236,2
PUJ1-128.240,2
PUJ1-302.120,2
PUJ1-377.137,2
PUJ1-307.140,2
PUJ1-850.013,2
PUJ1-850.020,2
PUJ1-850.028,2
PUJ1-850.031,2
PUJ1-851.028,2
PUJ1-851.060,2
PUJ1-847.020,2
PUJ1-758.060,2
PUJ1-886.100,2
PUJ1-881.050,2
PUJ1-881.100,2
PUJ1-490.732N,2
PUJ1-23825,2
PUJ1-23810,2
PUJ1-152.035B,2
PUJ1-141.024B,2
PUJ1-141.032B,2
PUJ1-154.028,2
PUJ1-154.032,2
PUJ1-110.6F3A,2
PUJ1-110.6F3R,2
PUJ1-110.6F3,2
PUJ1-24711,2
PUJ1-985.000,2
PUJ1-209.020A,2
PUJ1-209.024A,2
PUJ1-209.028A,2
PUJ1-117.138,2
PUJ1-BM5,2
PUJ1-BM13,2
PUJ1-632.002,2
PUJ1-117.145,2
PUJ1-117.120,2
CAM1-1400CT-401,2
CAM1-CSU44367-480,2
CAM1-CSU44487-480,2
CAM1-CSU48367-480,2
CAM1-CSU48487-480,2
CAM1-UC1000-191,2
CAM1-UC1000-194,2
CAM1-UPC100-194,2
CAM1-2900CT-138,2
CAM1-R1000LCD-194,2
CAM1-R500LCD-194,2
CAM1-ICS175TB-131,2
CAM1-10HPCH-150,2
CAM1-FBRTBL-192,2
CAM1-CFRSC18-148,2
CAM1-SFT1220-110,2
CAM1-12RS12-540,2
CAM1-9RS9-540,2
CAM1-FBR6R-192,2
CAM1-UPC1600-192,2
CAM1-60135,2
CAM1-CD160-180,2
CAM1-UPCSS160-403,2
CAM1-UPCSS160-157,2
CAM1-CLRWSR36-452,2
CAM1-MDSB16-447,2
CAM1-MDSB9-447,2
CAM1-MDSCDB9-457,2
CAM1-ICS125LB-110,2
CAM1-BR258-168,2
CAM1-ICS125T-157,2
CAM1-TGA11-148,2
CAM1-EXU183672V4-580,2
CAM1-UPC800-191,2
CAM1-EXU244272V4-480,2
CAM1-ADCRC8PKG-401,2
CAM1-ADCRC12PKG-110,2
CAM1-ADCRC12PKG-401,2
CAM1-UPC800-110,2
CAM1-UPC1600-131,2
CAM1-UPCS140-480,2
CAM1-IB44-148,2
CAM1-ESU244272V4-580,2
CAM1-60SC-148,2
CAM1-EXU243672V4-480,2
CAM1-9S638-167,2
CAM1-9S800-119,2
CAM1-CSDDC5-151,2
CAM1-UPC1600-191,2
CAM1-CBU185472V4-580,2
CAM1-ECC1-580,2
CAM1-CSA48366-480,2
CAM1-CSU48366-480,2
CAM1-CSU41366-480,2
CAM1-CSA41546-480,2
CAM1-CSA41366-480,2
CAM1-UPC180-519,2
CAM1-ITPD3753,2
CAM1-CSU48426-480,2
CAM1-CSU48606-480,2
CAM1-ESU184830V2-580,2
CAM1-CSU48546-480,2
CAM1-CSA48426-480,2
CAM1-CSA48546-480,2
CAM1-CSA48606-480,2
CAM1-CSA41486-480,2
CAM1-CSA41606-480,2
CAM1-DC825-191,2
CAM1-BC1115SH-157,2
CAM1-CBU183064VS4-580,2
CAM1-CBPK1872-580,2
CAM1-CBSK2436V4-580,2
CAM1-CBSK2442V4-580,2
CAM1-CBSK2448V4-580,2
CAM1-CSDR84-151,2
CAM1-CPMU244867V4-480,2
CAM1-CPU244872VS4-480,2
CAM1-CPMU244875V4-480,2
CAM1-CPMU244875DR-480,2
CAM1-ESR2448-151,2
CAM1-EMU183678V4-580,2
CAM1-EPCT18-580,2
CAM1-CPDS24H11-580,2
CAM1-EDS24H6-580,2
CAM1-94HP-110,2
CAM1-ESU214264-580,2
CAM1-ESU214272-580,2
CAM1-ESU215472-580,2
CAM1-LITXLPCSK,2
CAM1-LIT2-349,2
CAM1-ESU186072-580,2
CAM1-CSU44427-480,2
CAM1-DCS950-480,2
CAM1-ICS175TB-180,2
CAM1-ADC33-157,2
CAM1-ICS125L-401,2
CAM1-500LCD-401,2
CAM1-ADCS-110,2
SEV3-09-0106,4
BER1-I-BSP-IK30,3
BER1-JD118MIX25,4
BER1-CKE4SCSM,4
COF1-SPRAYCOF112,4
CON1-C250,6
CON1-C270,3
CON1-C250-SSG-DT,6
FAG1-FE4,5
GMI1-TP6E,5
GOL1-8002EX+8005,9
LKK1-EG548-1,6
LKK1-GFO2B,5
HAM1-1G91555,7
HAM1-1G91515,4
HAM1-1G91503,8
HAT1-GRFF,4
HAT1-UGFFL,6
KIN1-3012T1,22
KIN1-3012T1W,4
KIN1-3012,17
LIN1-LSF-A001,4
LIN1-BM6CW,5
NUO1-ARB3M,12
RAN1-MD40ST,9
RAN1-MD50ST,3
RAN1-EPOCA-S2-RED,4
RAN1-CLASSE8-S2-GR-INOX,3
RAN1-ROCKY-SD,6
RAN1-EPOCA-E1-RED,4
ROB1-HP9B,9
ROB1-LT10,5
ROB1-HP9C,8
ROB1-BM4E,6
ROB1-BM4,6
ROB1-HL150,3
ROL1-RF12S2P,3
ROL1-MAJESTIC-FT,5
SAN1-01P,6
SAV1-SG18C+SC18FC,6
SAV1-SG22C+SC22FC,6
SAV1-SW18,6
SIR1-DRAGONE-GREY,3
TRI1-TSMG-24,3
TRI1-TSMG-36,3
TRI1-TSRB-36C,3
WYO1-DR1A,4
WYO1-HRS30S,4
JTA1-QR-24,9
JTA1-RGT-24,6
JTA1-RGT-36,3
JTA1-LFH-900S,3
JTA1-LFB-2S,6
NTS1-MBF40-C,6
CAS1-DIECI-S-2-MONOF-BR,3
MBM1-MFRG74A2V,3
MAX1-MMH-600-50,4
WNK1-BT-200T,4
SKP1-SIM-200A,3
SIR1-IP10M,5
SIR1-PALLADIO350-A-FRO-CE,3
LKK1-EB-2F,8
RAN1-EPOCA-E2-RED,3
HAT1-GRAIH-48,3
JTA1-RB-2,3
HOU1-INVOQ-HYBRID-10-1-1-GN,5
HOU1-INVOQ-HYBRID-6-1-1-GN,6
HAT1-FSHC-7-2,3
HAT1-DL-800SL-GLEAMING-GO,4
HAT1-WHITE-UCTD-240,5
WYO1-HRS30,4
WNK1-DSH-TCP150,14
CAS1-DIECI-S-2-TRIFASE-RE,4
CAS1-DIECI-S-1-BROWN,11
LAC1-M27-SE-C2,3
ETL1-FCF6EOEM,4
ROB1-GSA815R,3
CAS1-DAFNE-S-1-SS,13
BER1-FP1-1-2.5,5
BER1-CKE56,6
BER1-CP2120,22
CEC1-CBL,4
COL1-5810BE,4
DIA1-009181,4
DIA1-010113,166
DIA1-IK153,4
DIA1-MM028G,4
FRA1-377972,4
WNK1-JD-014(B),4
WNK1-E8GN1665,24
WNK1-E8GN1965,9
WNK1-E8GN1220,30
WNK1-E8GN14200,73
WNK1-E8GN2140,4
WNK1-E8GN21100,34
WNK1-E8GN21150,31
WNK1-E8GN2340,11
WNK1-E8GN2365,4
WNK1-E8GN23150,6
WNK1-CD-111,14
WIN1-PR-WHITE,8
HAT1-RED,4
HUA1-D-64,9
HUA1-D-65,14
HUA1-G-06,5
HUA1-G-07,18
HUA1-G-08,18
HUA1-G-15,30
KIT1-FVSFGA,14
KIT1-K5AWJ,6
LTE1-CS08,4
LAK1-215,9
POL1-E20126,70
RAV1-RAVEN25,6
RAV1-SHAKER-CLEAR,6
RAV1-SHAKER-MINI,49
RAV1-WINESTOP,14
RAV1-BAR-KNIFE,8
RAV1-NUT,11
RAV1-SYRUP,14
RAV1-SHAKER16,26
RAV1-SHAKER24,9
RAV1-WINESAVER-B,13
RHE1-CHEF-E6,6
RHE1-CHEF-E6SAW,6
RHE1-CHEF-E8-O,4
RHE1-CHEF-H4,6
RHE1-CHEF-Z2,5
RHE1-CHEF-Z3,7
ROE1-27068,5
ROE1-28068,6
ROE1-27086,8
ROE1-27078,7
ROE1-27114,4
ROE1-27164,7
ROE1-27116,5
SIR1-PS14,4
SIR1-DISC-PS14,5
SUN1-B305C8,502
SUN1-B320C8,94
TS1-B-1120,36
TS1-B-0536,4
TAB1-7PS20,7
TRA1-1009-01,40
TRA1-1009-02,54
TRA1-1009-03,33
TRA1-1009-04,38
TRA1-1009-05,50
TRA1-1009-06,38
TRA1-1009-08,55
TRA1-1009-19,82
TRA1-1009-32,10
TRA1-1216-33,6
TRA1-1217-03,4
TRA1-1522-01,70
TRA1-1620-01,6
TRA1-3610,6
TRA1-3810-12,7
TRA1-3825L-01,6
TRA1-534-17,25
TRA1-CSN2414-1,14
TRA1-CSN2420-1,10
TRA1-INC2,4
TRA1-PL3,6
TRA1-WR1018,4
TRA1-TR11,6
TRA1-TRG,6
TRA1-5232-08,4
TRA1-INC51,5
VOL1-35328,230
VOL1-35361,27
VOL1-35631,120
VOL1-40063,22
VOL1-42000,161
VOL1-42002,10
VOL1-49002,56
VOL1-68370,55
VOL1-94100,16
VOL1-94400,17
VOL1-8052420,5
VOL1-90222,7
WYO1-SG30,7
PRC1-BSK-MLKP500,28
ROE1-28056W,4
TRA1-3632,6
TRA1-TRM,142
TRA1-3677,10
LTE1-N4044,5
TBA1-GN13150,223
NTS1-BH-PKT01,10
NTS1-BH-PKT02,14
NTS1-BH-PKT04,8
NTS1-RAB-1,20
NTS1-UR-B,14
LTE1-N4080,7
SEV1-00124,1978
NTS1-GM-SQ10-GY,235
HAT1-RCTHW-BASKET,5
TOP1-581003,6
ZNS1-865276,6
ZNS1-865277,5
ZNS1-865278,6
TOP1-014S,4
ZNS1-865267,5
ZNS1-865275,10
ADC1-AT-3114-12,141
WNK1-E8GN21L,29
WNK1-CR-017,4
WNK1-CR-018,6
WNK1-NBGN1120-7,7
WNK1-NBGN1140-7,32
WNK1-NBGN11150-7,6
WNK1-NBGN11200-7,5
WNK1-NBGN1220-7,22
WNK1-NBGN13150-7,17
WNK1-NBGN14100-7,7
WNK1-NBGN1965-7,10
WNK1-NBGN11L-7,18
WNK1-NBGN12L-7,36
WNK1-NBGN13L-7,6
WNK1-NBGN16L-7,17
WNK1-NBGN19L-7,38
TRA1-3648,4
VRM1-AR005-080-TDM00,4
TOP1-M98E-503SN10,6
WNK1-RDT460-PM,4
ROE1-27298,5
RAV1-AMBERPOUR,4
SIR1-66203500,4
TOP1-581002,4
TOP1-9820-P3,4
TOP1-GR107B,7
TOP1-GR200A,4
TOP1-GR107C,4
TOP1-9851-S,4
TOP1-9822-P3,4
SEK1-PE30,4
SEK1-PE40,4
SEK1-PE50,4
SEK1-LL35,4
SEK1-LL40,4
SEK1-LL45,4
SEK1-NO50WH,4
SEK1-NO45BL,4
SEK1-NO50BL,4
SEK1-NO14,4
SEK1-NO18,4
SEK1-NO20,4
TS1-B-1125,7
SIR1-66204500,10
SEV1-00032,6
BER1-STAND,10
TOP1-9811-08,16
TOP1-GR138,4
TS1-5F-1SLX12,27
TS1-5F-8WLX12,6
TS1-5EF-EU4DS-C,4
TS1-5EF-EU1WG-C,6
KIN1-893,13
TAC1-406CP,7
TAC1-152S&P,6
TAC1-174PGT,142
TAC1-6618,4
TAC1-RAM15FW,7
TAC1-1210,50
ROE1-27074,6
VOL1-49102,24
VOL1-49902,61
VOL1-40062,101
VOL1-40142,10
VOL1-42006,23
VOL1-40162,14
VOL1-40282,66
VOL1-40382,113
VOL1-42001,87
VOL1-40212,42
VOL1-40312,44
VOL1-42004,40
NTS1-MVP1000M,7
TS1-B-0592,6
VOL1-49006,10
NTS1-SLP5,32
NTS1-SLP7,6
TRA1-2813-13,48
ARS1-253000,4
ARS1-282204,5
ARS1-281804,10
ARS1-281404,5
ARS1-283404,4
ARS1-283504,9
ARS1-282804,4
ARS1-287900,6
ARS1-287300,9
ARS1-287400,7
ARS1-287100,5
ARS1-287200,10
ARS1-288000,10
WNK1-E04SB4040,5
WNK1-E03SS25L,18
WNK1-E03SS40L,18
WNK1-E03SS36L,4
WNK1-E03SS26L,6
WNK1-ML-1061M,9
WNK1-E03SS45L,10
WNK1-E03SS30L,5
WNK1-E03SS50L,6
WNK1-E03SS24L,13
WNK1-E04SB3624,5
WNK1-E04SB4528,10
WNK1-E04SB5030,5
WNK1-E03SB4040,8
WNK1-E03SB5030,4
WNK1-E03SB4026,4
WNK1-EFPN2848,6
WNK1-FP36M,7
HUA1-G-58,5
HUA1-H-07,33
HUA1-H-08,22
HUA1-H-09,39
HUA1-H-10,27
HUA1-H-11,17
HUA1-H-12,16
HUA1-H-13,17
HUA1-H-14,22
TRA1-1350,6
VOL1-52003-30,6
VOL1-67634,5
PRC1-KK-SCR3K,74
PRC1-KK-SCR5K,79
SEV1-292SI-1361S,46
TAC1-RAMS3BK,99
TAC1-RAMS4W,113
CTP1-LCR-SSP-120-OR,10
CTP1-RD-ASP-70-OR,9
CTP1-RD-ASP-120-OR,10
CTP1-KB-2201-300-PL,131
DEX1-18000,4
CTP1-GS-30502-300R-WH,64
CTP1-SG-FT-230-OR,22
CTP1-SG-FT-230-BL,22
CTP1-SG-FT-230-RD,22
TOP1-20137,12
CTP1-SG-FT-180-RD,22
ADC1-PP-605-BL,12
SEV1-6,4
SAR1-CB152012BL,44
SAR1-CB152012GN,25
SAR1-CB152012RD,36
SAR1-CB152012YL,41
SAR1-CB182412BG,4
SAR1-CB182412GN,30
SAR1-CB182412YL,27
DEX1-24253B,5
DEX1-24203B,8
DEX1-01563C,10
DEX1-01543G,7
DEX1-18213,11
DEX1-18213C,22
DEX1-18213G,24
DEX1-18213R,20
DEX1-18213Y,20
SAR1-CB121834YL,16
SAR1-CB121834RD,8
SAR1-CB121834BL,6
SAR1-CBG182412BG,6
CHF1-J070-XS,10
CHF1-J070-2X,4
SAR1-CB152012BR,69
SAR1-CB182412BR,83
CHF1-J070-M,4
CHF1-J070-L,9
TAC1-824,7
TAC1-CB1824YA,10
DEX1-18193,12
DEX1-18193C,14
DEX1-18193G,16
DEX1-18193Y,12
DEX1-18213T,10
SAR1-CB121834BR,12
CAM1-16E2-184,103
CAM1-25E2-184,17
CAM1-25E5-184,11
CAM1-36E2-184,46
CAM1-36E4-184,66
CAM1-36E5-184,18
CAM1-49E1-184,9
CAM1-49E2-184,33
CAM1-75CW-409,30
CAM1-CSU48607-480,4
CAM1-E3-184,10
CAM1-SPO13CW-133,32
CAM1-SPOP11CW-133,46
CAM1-SPOP13CW-119,33
CAM1-3253CT-138,9
CAM1-DIV12-148,12
CAM1-DIV20-148,15
CAM1-20C258-184,5
CAM1-IB36-148,4
CAM1-800CW-152,58
CAM1-16E4-184,18
CAM1-16E5-184,29
CAM1-WW250L-148,15
CAM1-1418-302,10
CAM1-CBSK1836V1-580,7
CAM1-CBSK1842V-580,10
CAM1-CBSK1854V1-580,13
CAM1-40PPCWSC-438,7
CAM1-EXU244872V4-480,22
CAM1-63CLRCW-135,14
CAM1-65CLRHP-150,14
CAM1-20E2-151,50
CAM1-950P-152,24
CAM1-NT12-152,72
CAM1-EXU246072V4-480,5
CAM1-CPCC1-480,5
CAM1-ADCD33-401,4
CAM1-36S1114-151,6
CAM1-EXU214264V4-480,7
CAM1-20GE4-151,50
CAM1-20GE5-151,22
CAM1-CBU246072V4-580,6
CAM1-CBU243672V4-580,5
CAM1-CBU244872V4-580,5
CAM1-10CWGL-150,4
CAM1-NT5-152,89
CAM1-EMSK2136V1-580,38
CAM1-GBCTUGNPR21-CLR,13
CAM1-CBU184864VS4-580,4
CAM1-CBU185464VS4-580,5
CAM1-CBU186064VS4-580,6
CAM1-CBU243664VS4-580,10
CAM1-ETD8-580,40
CAM1-CBSK2448V1-580,10
CAM1-CBSK2460V1-580,10
CAM1-CBPK2464-580,5
CAM1-CBPK2472-580,12
CAM1-1520CWNSH-488,17
CAM1-LD105A-133,22
CAM1-850CW-152,77
CAM1-LT6-152,111
CAM1-HT120CW-196,596
CAM1-HT8CW-196,23
CAM1-CSSD248-151,4
CAM1-CBID6,10
CAM1-LIT2-310,8
CAM1-CBUNVR24-580,6
CAM1-CSUNVR24-580,5
CAM1-CLRSB16-480,14
CAM1-SP3253-R01,11
CAM1-30PPSC-190,5
CAM1-EPK2172-580,30
CAM1-8302MT-110,18
CAM1-8302MT-148,14
CAM1-SPO13CW-135,22
PUJ1-122.050,9
PUJ1-122.060,9
PUJ1-302.016,5
PUJ1-307.045,7
PUJ1-308.040,18
PUJ1-309.060,8
PUJ1-309.070,8
PUJ1-121.060,10
PUJ1-249.040,6
PUJ1-211.020,5
PUJ1-106.038,4
PUJ1-109.050,11
PUJ1-110.018,6
PUJ1-113.055,5
PUJ1-114.045,7
PUJ1-114.060,10
PUJ1-112.055,4
PUJ1-134.040,5
PUJ1-138.028,6
PUJ1-140.040,8
PUJ1-350.640,5
PUJ1-719.009,36
PUJ1-717.011,22
PUJ1-721.007,25
PUJ1-721.009,5
PUJ1-740.045,22
PUJ1-742.045,5
PUJ1-745.070,56
PUJ1-761.035,42
PUJ1-756.045,13
PUJ1-754.035,18
PUJ1-753.035,21
PUJ1-752.040,15
PUJ1-760.050,20
PUJ1-759.045,6
PUJ1-725.024,16
PUJ1-725.032,17
PUJ1-726.020,5
PUJ1-726.032,12
PUJ1-730.022,14
PUJ1-730.024,14
PUJ1-727.020,6
PUJ1-724.018,14
PUJ1-724.020,54
PUJ1-728.035,5
PUJ1-776.008,8
PUJ1-783.026,14
PUJ1-788.050,26
PUJ1-786.010,8
PUJ1-786.012,7
PUJ1-787.008,9
PUJ1-765.010,24
PUJ1-765.018,25
PUJ1-765.020,18
PUJ1-765.022,10
PUJ1-765.024,6
PUJ1-766.014,12
PUJ1-766.016,5
PUJ1-766.018,5
PUJ1-766.020,4
PUJ1-768.016,28
PUJ1-770.014,21
PUJ1-769.020,25
PUJ1-791.000,5
PUJ1-784.025,13
PUJ1-784.040,22
PUJ1-809.010,6
PUJ1-800.030,10
PUJ1-800.045,6
PUJ1-800.070,4
PUJ1-811.004,20
PUJ1-811.006,28
PUJ1-811.008,18
PUJ1-811.014,18
PUJ1-812.005,8
PUJ1-813.016,15
PUJ1-816.013,26
PUJ1-LOCKER,198
PUJ1-620.001,6
PUJ1-132.455,4
PUJ1-110.201,17
PUJ1-764.004,44
PUJ1-307.120,4
PUJ1-606.000,15
PUJ1-307.020,17
PUJ1-115.000,5
PUJ1-135.000,4
PUJ1-145.000,4
PUJ1-210.401,30
PUJ1-132.001,48
PUJ1-210.201,13
PUJ1-121.002,9
PUJ1-708.012,11
PUJ1-981.650,14
PUJ1-103.028,10
PUJ1-117.055,10
PUJ1-396.010,9
PUJ1-303.200,6
PUJ1-853.006,5
PUJ1-853.008,7
PUJ1-817.006,32
PUJ1-725.028,11
PUJ1-85230,11
PUJ1-210.402,66
PUJ1-112.360,4
PUJ1-118.345,4
ARS1-250500,3
ARS1-250700,3
ARS1-281304,3
ARS1-286204,3
ARS1-286304,3
ARS1-286700,3
CAM1-9E2-184,3
CAM1-CD2020-131,3
CAM1-DC1125-194,3
CAM1-IB32-148,3
CAM1-6RS6-480,3
CAM1-ADCS-131,3
WNK1-E04SB4026,3
WNK1-E03SB5535,3
HAT1-BLACK,3
LTE1-CAX108,3
LTE1-CS13,3
LAK1-219,3
PUJ1-117.020,3
PUJ1-110.016,3
PUJ1-114.055,3
PUJ1-350.140,3
PUJ1-789.025,3
PUJ1-790.000,3
PUJ1-835.000,3
RAV1-CLAMP,3
RAV1-WINESAVER-W,3
RAV1-KIPPAMBER,3
RHE1-CHEF-B8,3
RHE1-CHEF-E10,3
ROE1-28009,3
ROE1-27130,3
SIR1-DQ10,3
SIR1-MSC04AMOF,3
TS1-B-2387,3
TRA1-5500-06,3
TRA1-1217B-38,3
VOL1-90262,3
VOL1-93300,3
WHI1-6850,3
CAM1-1826LBC-401,3
CAM1-DC1225-191,3
CAM1-ICS100L-157,3
NTS1-RSTT-11,3
DEX1-31443,3
CAM1-ICS175TB-191,3
CAM1-BC11TC-131,3
PUJ1-BM3.5,3
PUJ1-BM1.5,3
PUJ1-121.001,3
CAM1-9S434-167,3
ROE1-2023,3
ROL1-F01021,3
CAM1-UPC1600-401,3
CAM1-1216-110,3
SEV1-01-0068,3
LDP1-PRM-14598-2,3
VRM1-22AR40,3
TOP1-016S,3
ZNS1-865272,3
WNK1-NBGN14150-7,3
WNK1-NBGN14L-7,3
PUJ1-215.000,3
PUJ1-235.000,3
PUJ1-767.020,3
PUJ1-144.120,3
PUJ1-144.128,3
PUJ1-144.132,3
PUJ1-144.136,3
PUJ1-144.140,3
PUJ1-144.216,3
PUJ1-144.220,3
PUJ1-144.224,3
PUJ1-144.228,3
PUJ1-144.232,3
PUJ1-144.236,3
PUJ1-144.240,3
PUJ1-144.428,3
PUJ1-144.016,3
PUJ1-144.020,3
PUJ1-144.024,3
PUJ1-144.032,3
PUJ1-144.036,3
PUJ1-144.040,3
PUJ1-144.420T,3
PUJ1-144.424T,3
PUJ1-144.428T,3
PUJ1-143.043,3
PUJ1-143.045,3
PUJ1-135.132,3
PUJ1-135.140,3
PUJ1-169.020,3
PUJ1-169.024,3
PUJ1-169.028,3
PUJ1-169.030,3
PUJ1-872.500,3
PUJ1-44572,3
TOP1-M98E-501SN08,3
TOP1-20127,3
TOP1-M98E-507SN10,3
CAM1-CBSK2436V1-580,3
CAM1-CBSK2442V1-580,3
CAM1-CBSK2454V1-580,3
CAM1-CBSK2436S1-580,3
CAM1-CBSK2442S1-580,3
CAM1-CBSK2448S1-580,3
CAM1-CBSK2454S1-580,3
CAM1-CBSK2460S1-580,3
TOP1-F-902,3
HAT1-CSCLB-PACC,3
SEK1-LL50,3
WNK1-RTT5742-PM,3
WNK1-E03SS32L,3
SEV1-4240.15,3
DEX1-01543C,3
TOP1-9822-12,3
CAM1-UCR10R8-580,3
CAM1-EPCB18-580,3
HAM1-6126-255S-CE,3
NTS1-M17018,3
NTS1-SLP3,3
NTS1-SLP6,3
NTS1-SLP8,3
NTS1-SLP9,3
NTS1-SLP10,3
CAM1-ADC33-401,3
CAM1-UPC400-157,3
ARS1-250600,6
CAM1-1014VS-197,16
CAM1-60CW-148,23
CAM1-90SPCW-148,24
CAM1-96CW-148,23
CAM1-TG12-133,34
CAM1-124VS-380,19
CAM1-116VS-197,23
CAM1-900CW-152,78
CAM1-RSB1014CW-110,66
CAM1-SFG1012-110,38
CAM1-SFT1515-110,44
CAM1-WC100CW-135,9
CAM1-BSB10-176,22
CAM1-BSB18-176,14
CAM1-SFG1015-110,39
CAM1-BCT1014-414,14
LKK1-ZINC-COLOR,32
HUA1-11-655,358
HUA1-14-655,26
HUA1-16-655,675
HUA1-19-655,510
HUA1-20-655,758
HUA1-23-655,585
HUA1-26-655,537
HUA1-14-701,18
HUA1-15-701,634
HUA1-17-701,11
HUA1-19-701,851
HUA1-20-701,651
HUA1-21-701,617
HUA1-25-701,759
HUA1-F-04,6
HUA1-F-05,11
HUA1-F-06,6
HUA1-G-26,15
HUA1-G-29,26
HUA1-G-32,3
HUA1-G-33,5
HUA1-O-23,6
HUA1-O-25,4
HUA1-O-28,3
HUA1-P-01,174
OBE1-C320,114
OBE1-C510,207
OBE1-P310,52
PUJ1-311.008,3
PUJ1-335.002,5
PUJ1-337.030,29
PUJ1-337.090,22
PUJ1-617.017,12
PUJ1-317.045,6
PUJ1-630.010,10
PUJ1-630.020,12
PUJ1-630.030,7
PUJ1-639.000,4
PUJ1-326.000,6
PUJ1-311.011,3
SEA1-LO12BLC,5
SEA1-RO117GNNTC,18
SEA1-RO128GNNTC,3
SEA1-RT7GNNTC,14
VOL1-47816-30,12
VOL1-62300,5
CAM1-MDSCDB9-487,6
CAM1-MDSB16-457,3
CAM1-MDSB16-487,3
CAM1-MDSB5-447,4
CAM1-MDSB5-457,5
CAM1-MDSB9-457,3
CAM1-MDSCDB9-447,6
PRC1-TK-MCHH5-PVDG,409
PRC1-TK-MCHSQ2PVDG,273
PRC1-TK-MCHSQ2PBLK,274
PRC1-TK-MCR01,36
TAC1-BK157,15
NTS1-TRA-3,54
TAC1-A361,77
CAM1-105VS-191,22
CAM1-9CWNR-110,5
CAM1-RSB18CW-110,36
CAM1-900CW-486,9
CAM1-124VS-197,11
CAM1-911CWC-135,34
CAM1-21157CBP-131,10
PUJ1-969.000,3
CAM1-CFPFRC10-135,5
PUJ1-630.040,17
CAM1-MDSLD9-487,6
HUA1-701-02,6
CAM1-MDSM8-487,27
CAM1-MDSB5-110,18
LKK1-W-1032,3
LKK1-W-1017-600,3
LKK1-W-1029-1000,8
CAM1-45CW-133,19
PUJ1-909.211,3
TAC1-63KIT,22
TAC1-N63KIT,36
CAM1-RSB912CW-110,10
CAM1-RSB23CW-110,9
TAC1-24,4
TAC1-66,3
TAC1-544,24
TAC1-547,32
TAC1-274,10
TAC1-277,27
TAC1-2068,49
TAC1-ST363B-1,3
TAC1-ST365R-1,13
TAC1-RB164,10
TAC1-RB336,61
TAC1-RB1515,7
TAC1-R1818,5
TAC1-R2020,8
TAC1-A1515,3
TAC1-A167,15
TAC1-A207,15
TAC1-A217,17
TAC1-A278,25
TAC1-RT3,5
TAC1-AC95,5
CAM1-MDSB9-487,5
WNK1-WIN1-1,3
WNK1-WIN1-12,166
WNK1-WIN1-14,3
WNK1-WIN1-17,78
WNK1-WIN1-19,10
WNK1-WIN1-3,11
WNK1-WIN1-7,1308
WNK1-WIN1-9,26
WNK1-WIN1-22,279
WNK1-WIN1-24,4
WNK1-WIN1-28,34
WNK1-WIN1-27,336
WNK1-WIN1-4,10
WNK1-WIN1-31,227
WNK1-COR1-12,85
WNK1-CD-011(B),4
WNK1-CD-013(C),10
WNK1-PW28,10
WNK1-PW30,5
WNK1-28P-PM,6
WNK1-PC118M,106
WNK1-PC128-PM,127
WNK1-CD-023,6
WNK1-SP-228,3
WNK1-PE-30-PM,33
WNK1-CD-011(C),5
WNK1-CD-108(C),5
WNK1-CD-013(B),21
WNK1-MJ-025,46
WNK1-MJ-060,9
WNK1-CD-018(C),3
WNK1-CD-081,3
WNK1-CAFE1-4,5
WNK1-FB-008-HF,10
WNK1-FIN1-3,134
WNK1-CD-094,6
WNK1-CD-153(C),5
WNK1-CD-094POR,5
WNK1-RFP-360HF,6
WNK1-RB-140HF,9
WNK1-RB-385HF,3
WNK1-TFP-300HF,3
WNK1-TFP-460HF,3
WNK1-SFT-340HF,4
WNK1-SL0006-PM,5
WNK1-RTR-360HF,4
WNK1-RFT-424HF,4
WNK1-HT4931HF,3
WNK1-RT355HFR,3
WNK1-SB-118HF,7
WNK1-FB-005-HF,6
WNK1-FB-008-PM,11
WNK1-SB-001HF,8
WNK1-SN0504RB-HF,10
WNK1-FV-001HF,8
WNK1-HSI-105HF,4
WNK1-EM-SB25,102
WNK1-EM-SBC25,54
WNK1-DEM-TP35,26
WNK1-DEM-TP60,49
WNK1-DEM-TP100,26
WNK1-DEM-CP35,23
WNK1-DEM-CP60,23
WNK1-DEM-CP100,26
WNK1-DEM-CP200,11
WNK1-EM-WP150,36
WNK1-EM-WP200,39
WNK1-EM-TP100,26
WNK1-EM-CP100,25
WNK1-EM-CP200,26
WNK1-CP-030,26
WNK1-CP-031,22
WNK1-CP-038,18
WNK1-CP-041,9
WNK1-CP-034,24
WNK1-CP-035,18
WNK1-CP-032,12
WNK1-CP-033,14
WNK1-CP-036,10
WNK1-CP-037,10
WNK1-RCON-001-PM,10
WNK1-CD-110,3
WNK1-SCON-001-PM,6
WNK1-PE-32-PM,5
WNK1-FS-1305-PM,6
WNK1-CD-012(C),3
WNK1-DWWP-48M,3
WNK1-BT-240PM,4
WNK1-PE-33-PM,13
WNK1-ALE1-11,8
WNK1-ALE1-2,3
WNK1-PC138PM,26
WNK1-PC158-PM,43
WNK1-TS-320-PM,7
WNK1-33P-PM,15
WNK1-BT-235F-PM,18
WNK1-CD-193-NS,12
WNK1-CD-194G-PM,4
WNK1-PE-37-PM,3
WNK1-PE-36-PM,4
WNK1-DSH-SBC25,14
WNK1-DSH-SB25,15
WNK1-DSH-MJ25,8
WNK1-DSH-TCP35,18
WNK1-DSH-TCP50,14
WNK1-DSH-TCP100,14
WNK1-DSH-TCP200,18
WNK1-DSH-WP150,18
WNK1-WCS-135-HF,4
WNK1-CD-351,3
WNK1-CD-194-NS,4
WNK1-FB-013-PM,49
ARC1-27622,9
ARC1-23084C,4
ARC1-23089C,42
ARC1-23128C,3
ARC1-23773C,3
ARC1-31315C,8
ARC1-23587C,14
ARC1-23772C,5
ARC1-23666C,10
ARC1-23760C,4
ARC1-24167C,10
ARC1-31318C,6
ARC1-24942C,6
ARC1-24639C,4
ARC1-24533C,14
ARC1-48342C,8
ARC1-51908C,8
ARC1-77335C,17
ARC1-14867C,14
ARC1-12304C,11
ARC1-20071C,15
ARC1-11928C,5
ARC1-79923,3
ARC1-13192,3
ARC1-26671,16
ARC1-50056,5
ARC1-08204,8
ARC1-49352,3
ARC1-76397,10
ARC1-77873,8
ARC1-37264,15
ARC1-02978,4
ARC1-08981,14
ARC1-08923,3
ARC1-08919,10
ARC1-08910,9
ARC1-71225,14
ARC1-71222,13
ARC1-71229,4
ARC1-71197,4
ARC1-76477,18
ARC1-02895,5
ARC1-47974,9
ARC1-76482,23
ARC1-47066,6
ARC1-47032,10
ARC1-22795,16
ARC1-22720,10
ARC1-59709,15
ARC1-67107,4
ARC1-49145,8
ARC1-25293,9
ARC1-46888,41
ARC1-46973,5
ARC1-46978,10
ARC1-47017,23
ARC1-47019,6
ARC1-62447,20
ARC1-46722,19
ARC1-46721,13
ARC1-34901,9
ARC1-35739,42
ARC1-42442,9
ARC1-42438,6
ARC1-29212,5
ARC1-76969,14
ARC1-06153,9
ARC1-56416,26
ARC1-12714,8
ARC1-74607,16
ARC1-05425,48
ARC1-59947,12
ARC1-29879,10
ARC1-55058,14
ARC1-75191,10
ARC1-02727,5
ARC1-60024,9
ARC1-14830,4
ARC1-79728,4
ARC1-79736,7
ARC1-12946,6
ARC1-24941,20
ARC1-07131,5
ARC1-10770,14
ARC1-60548,5
ARC1-62664,5
ARC1-31507,8
ARC1-01105,16
ARC1-71604,23
ARC1-37684,52
ARC1-51943,10
ARC1-63059,6
ARC1-58010,14
ARC1-12615,5
ARC1-71158,14
ARC1-51946,12
ARC1-14661,5
ARC1-62451,4
ARC1-01843,5
ARC1-01846,7
ARC1-25433,35
ARC1-25569,6
ARC1-25442,13
ARC1-60018,14
ARC1-70390,4
ARC1-70271,19
ARC1-58057,14
ARC1-58060,43
ARC1-60026,3
ARC1-60598,5
ARC1-60616,5
ARC1-60615,14
ARC1-59319,4
ARC1-57972,5
ARC1-33040,4
ARC1-52719,5
ARC1-41482,22
ARC1-33820,7
ARC1-02962,21
ARC1-53045,5
ARC1-53041,9
ARC1-53480,30
ARC1-20286,3
ARC1-18079,22
ARC1-C1320,25
ARC1-55531,24
ARC1-50463,4
ARC1-14101,19
ARC1-79747,10
ARC1-47900,6
ARC1-20496,8
ARC1-11203,6
ARC1-C2130,10
HAM1-CK650,11
SAN2-06735,14
KAS2-13074301,22
KAS2-13091301,13
KAS2-13098301,26
EDL2-A5191,13
DOR2-60,29
HAM2-260020801,12
HAM2-31499363101,236
HAM2-31099110000,19
HAM2-31239110000,22
HAM2-31269110000,34
HAM2-280009600,63
HAM2-31219123100,41
HAM2-968000370,56
HAM2-32049110500,12
HAM2-950012700,32
HAM2-260045401,23
DCS2-13029-1,16
SAN2-28221,26
SAN2-28895,12
WES2-P169-45D,25
WES2-KA36FT02201BK,46
WES2-P399-109,102
WES2-P1053-20D,51
WES2-P223-81,207
WES2-P650-3,18
WES2-KA36FT02401BK,262
WES2-P99-72,14
WES2-P683-10,14
WES2-1415835,257
DCS2-13005-56,13
SAN2-50201,19
SAE2-123460120,16
SAE2-140320461,16
ROB2-HC0038,12
SER2-5127,22
SER2-06022,38
SER2-82035,22
SER2-82323,14
SER2-82339,25
SER2-82351,12
SER2-82383,16
SUT2-10,15
SUT2-15,12
SUT2-17,12
SUT2-62,14
HAM2-30659110000,21
HAM2-30409390000,29
HAM2-310003500,18
HAM2-32297074400,24
HAM2-44023184202,30
HAM2-44023222002,39
HAM2-44033272600,41
HAM2-60019110010,27
HAM2-903891100,30
HAM2-650010200,59
HAM2-910193910,19
HAM2-47040280000,14
LAS2-202011,22
HAM2-280056700,20
NUO2-16300006,31
NUO2-16300017,117
NUO2-16300020,38
NUO2-16300022,20
NUO2-16300023,13
NUO2-16300041,107
NUO2-16300110B,12
NUO2-16300126,12
NUO2-16300148,28
NUO2-16300155,18
NUO2-16400001,16
WYO2-85144,12
WYO2-89406,22
WYO2-89408,22
TS2-00821-40,18
LKK2-B5A-11,16
LKK2-B5A-17,12
LKK2-B5A-31,18
LKK2-B5D-06,12
BER2-WL-NB4,18
BER2-WL-NS4,19
BER2-FT-MSP,223
BER2-PL-BSP15,58
BER2-FT-BF6,121
BER2-HT-BMC1.4KW,12
INB2-9,16
INB2-BLADE,76
SAV2-21691,28
SIR2-MSC04N074,148
SIR2-19563030,21
SIR2-MSC04N072F,43
CEC2-F176A,21
WNK2-ROLLER-SET-B,14
WNK2-SPRING,19
WNK2-8,13
WNK2-CD-SP-9A,16
RHE2-5554,15
ZAN2-LAMP0037,16
CEC2-X008A,25
CEC2-X019A,18
CEC2-M008A,12
ROE2-203109,18
COF2-20,15
CEC2-L025A,13
CEC2-L151A,14
CEC2-L290A,23
CEC2-L291A,24
WYO2-2113900,20
WYO2-2132500,14
WYO2-8950000,17
CRA2-1012,73
CRA2-1013,17
CRA2-1288,38
CRA2-1734,32
CRA2-3220,78
LKK2-500W,18
LKK2-400W,18
HAM2-280079900,13
HAM2-SEAL,154
EUR2-RH000675,15
LKK2-KNOB-TH(EF-101),24
RAN2-27350001,25
CEC2-L217A,13
CEC2-L224A,19
CEC2-M121A,18
BER2-ESM005,19
RHE2-12001,23
ROL2-A06034,14
LKK2-FDMZ125-16,15
LKK2-FDMZ125-16-1,14
LKK2-FDMZ150-17,18
FAG2-9616402+9616401,23
FAG2-R343043,20
FAG2-R343125,30
FAG2-X033001,16
FAG2-X353005,18
FAG2-Z602906,23
FAG2-Z853001,14
FAG2-X163007,18
FAG2-X012101,16
FAG2-Z203004,16
FAG2-Z203005,14
FAG2-Q082005,15
FAG2-Q152004,12
FAG2-Q307035,12
FAG2-Z211903,46
FAG2-Z600704,16
FAG2-Z651931,12
FAG2-Z680738,12
FAG2-Z680742,12
FAG2-Z683081,13
BER2-GE-TC-GDF,15
FRA2-400640,12
WYO2-2068000,14
WYO2-20928-00,12
RHE2-07318,14
RHE2-07617,14
RHE2-08175,14
RHE2-08176,13
ROL2-E02031,14
WIN2-2105302,18
WIN2-62001405,17
WIN2-3124130,15
WIN2-62001809,15
WIN2-2910524,21
WIN2-2910529,17
WIN2-2707026,12
WIN2-2707049,54
WIN2-2709009,30
WIN2-2709036,40
WIN2-2802115,12
WIN2-2804041,18
WIN2-3009200,20
WIN2-3104120,21
WIN2-3113071,27
WIN2-3124128,15
WIN2-3124129,22
WIN2-3125030,16
WIN2-3501002,12
WIN2-3501004,13
WIN2-5510008,12
WIN2-61002263,18
WIN2-610022703,18
WIN2-610030314,66
WIN2-65002755,38
WIN2-61005052,14
WIN2-3104152,19
WIN2-82000014,66
WIN2-2707008,14
WIN2-70009122,16
WIN2-60003021,12
WIN2-65002764,23
WIN2-65002765,34
WIN2-62001808,16
FAG2-R343018,18
FAG2-R663043,38
FAG2-R663063,14
FAG2-R663092,15
FAG2-R693004,12
FAG2-R010534,13
FAG2-R663058,24
FAG2-R693007,23
FAG2-R723000,18
FAG2-Z607022,12
LKK2-FUSE-HOLDER,12
SIR2-LF1211302,14
RAN2-34030042,16
COF2-161,26
LKK2-JG-210-07-(2.5-CM),23
JET2-A3058,22
JET2-S6670,18
JET2-S6676,18
BER2-BR-KM,12
LKK2-TAP(KSQ-3),17
LKK2-SIGHT-GLASS-30,28
LKK2-SIGHT-GLASS-40,37
RAN2-37040821,40
LIN2-NE19,15
LIN2-TH11,18
LIN2-BA90,12
ROB2-LT10-06,14
ROB2-LT10-08,51
ROB2-LT10-16,17
ROB2-MC0063,22
ROB2-MC0138,16
ROB2-PC0045,51
ROB2-PC0046,39
ROB2-PS0014,55
ROB2-PS0017,42
ROB2-MC0137,14
ROB2-MC0136,35
ROB2-MC0139,14
RAN2-34030052,18
RAN2-39900001,44
NUO2-02290017,134
NUO2-04100010,14
ELO2-H0515,14
RAN2-39120025,19
RAN2-37030420,36
RAN2-38120004,16
BET2-036969,12
BET2-036982,12
BET2-037617,22
SIR2-IB2000905,13
SIR2-60000000,14
SIR2-IB4100910,22
NUO2-02280004,13
NUO2-07300212,14
POE2-PBL79X5-8,14
SAV2-51207,15
ROL2-D01025,12
ROL2-F07008,14
LKK2-ALARM,25
LKK2-PROBE-550MM,15
ROE2-100082,17
ROL2-402019,38
AMA2-10649001,67
LKK2-RG12-5-16,23
LKK2-LB10,23
LKK2-RG12-5-07(13L),18
LKK2-RG24-7-20,16
RAN2-39220013,12
RAN2-39220011,40
RAN2-39220012,12
RAN2-39120035,22
ROL2-A09001,17
RAN2-38120005,24
RAN2-25105005,18
RAN2-36230001,30
RAN2-38120068,22
SAV2-22032,14
RAN2-23217039,14
SIM2-K3H,17
WIN2-3102459,29
COF2-169,15
COF2-154,187
COF2-56,25
COF2-15,95
COF2-162,26
COF2-32,110
COF2-192,101
COF2-174,133
COF2-4L,50
COF2-5,317
COF2-496,12
COF2-DRIP-TRAY-P,42
COF2-71,19
COF2-MP-M,100
COF2-O-RING,12
COF2-EVAPORATOR-CORE,18
COF2-168,18
CEC2-G197A,14
STA2-2N-Z2135,12
STA2-2T-Z2043,12
RAN2-36930011,22
LKK2-TC12-29-00,20
SIR2-28102203X,19
SIR2-281022045X,15
LKK2-8206,13
ROB2-HC0019,21
ROB2-ES0205,12
HAT2-R0209032,78
HAT2-050101800,17
HAT2-0502011,15
TRI2-TS-1700-55,23
BER2-KN-URN,21
BER2-HL-511W,18
CEC2-DISH,26
WIN2-3104116,17
WIN2-70200382,46
WIN2-70200383,57
WIN2-3104130,12
BKP2-2F-T1007A,12
BER2-OP-KM234-S,18
COF2-15(TANK-GASKET),15
LKK2-CUTTER(TR12),30
LKK2-HEATER(KSY10),13
LKK2-HEATER(DHL-32),12
LKK2-ROLLER-TUBE(RG18-7),17
LKK2-TIMER(QL246),13
CAM2-45751,19
ZNS2-0L1945,199
ZNS2-0Q0002,38
LKK2-TJ22-07,17
BAR2-BR-41606,47
FAG2-Z201906,12
FAG2-Q307036,12
FAG2-Z201905,12
BER2-BA-NA018,14
RAN2-36322003,15
BER2-C-CH-OB123,17
TBA2-K3F6500200,36
CAS2-457874000,40
ROL2-E02147,26
PIT2-60113502-C,17
LKK2-COVER-NUT,31
LKK2-IND350W-7,12
LKK2-IND2000-2,16
LKK2-IND2000-3,16
LKK2-IND2000-4,16
LKK2-IND2000-5,16
LKK2-IND2000-7,16
LKK2-IND2000-10,16
RON2-B1012333,13
BER2-MT-JD-EM,18
KIT2-9703438,17
KIT2-4176183,32
KIT2-9703414,23
KIT2-3179908,23
BER2-15MF440V,18
ROB2-PC0324,20
BER2-BN-RW15.5,21
BER2-C-OB123RING,18
LKK2-TEMP(WF),42
KIT2-9706857,13
BER2-HW-JD-MB-EURO,12
BER2-FT-UST,38
BER2-PL-U20,20
BER2-HL-B01-375,23
BER2-HL-B02-375,26
HAM2-6126-HBB909-CE,15
LKK2-JG300-42,20
HAM2-990167320,12
HAM2-990167200,14
HAM2-990167235,13
SIR2-IW1471240050,14
BER2-HL-NDG01-630,23
BER2-NT-BC6-6,51
SIR2-66203500,14
UNO2-KV11220A,17
SIR2-IX2963004010,16
SIR2-19563100,16
ROE2-102138S,12
ROE2-89626,16
ROE2-89646,24
ROE2-89645,12
JTA2-20234001029,14
JTA2-302220002,16
ZNS2-026806,14
ZNS2-053665,14
HAT2-R044846600,13
ZNS2-052125,15
JTA2-302150095,44
ROL2-SF08015,13
TBA2-K3F6500400,34
ROL2-SH03016,19
MMT2-59114146,13
MMT2-59174529,15
ETF2-HC160076,16
ETF2-HC159132,16
GLO2-X00568,54
GLO2-X00570,14
GLO2-X10057,13
GLO2-X30051,12
GLO2-X10134,14
GLO2-X30059-1,12
GLO2-X30053-1,12
GLO2-X40057-60,13
GLO2-X40096,12
KIT2-9704230,16
KIT2-9703442,62
KIT2-4162403,24
KIT2-K45SBWH,12
MBM2-RTCU700391,14
KIT2-9708315,16
RTN2-3019.0120,16
CAM2-PK57002,15
PIT2-PP10612,390
LKK2-PCP001,14
LKK2-PCP002-3,90
LKK2-PCP003-3,17
LKK2-PCP006-3,15
WNK2-JD-TAP-CON,14
COG2-75751,14
COG2-CDZ206R,14
SIR2-IX2471010,16
GLO2-X02673,21
VRM2-R40-90Z,19
SIR2-19563505LV,13
PIT2-PP10613,127
SKP2-G8F9200400,13
SIR2-IX2125006,14
TOP2-98-SVH,16
SIR2-IX2439006,14
VTS2-0VT016,14
VTS2-0VT123,22
COG2-65727,18
BAR2-BR-7006,124
LAC2-803130055,13
HAM2-990036100,22
HAM2-990036000,31
HAM2-990037800,21
HAM2-990035500,14
LKK2-TIMER(DHL-32),14
LKK2-SCREW(RG),34
BER2-MTRP0033-31,13
WIN2-80003804,15
BER2-IC-IK-BC-A,32
BER2-IC-IK40-SC-A,53
BER2-SPO-P-C2109051B,44
BER2-SPO-R-C2204032E,16
JTA2-302150206,43
BKP2-Q4008A,14
MID2-21216-0018,13
LAC2-4731133577,23
LAC2-4061133599,21
LAC2-4061133598,21
LAC2-4731008848,22
PIT2-B6756601-C,14
BER2-DR-DS-BSP-R,78
BER2-DR-DS-BSP-L,55
LKK2-RG12-5-13,16
HAM2-990034800,12
BES2-40312000,21
NUO2-40000003,37
MID2-42810-0117,12
CAS2-485061010,30
MID2-46451,15
MID2-30185S,15
TOP2-ZZ00,14
LAC2-532802800,41
LAC2-4991133596,21
LAC2-401371000,12
LAC2-465015000,13
LAC2-532800100,32
MID2-21296-0003,13
MID2-22229-0003,14
ROL2-B08050,28
EKA2-09951677000,14
EKA2-11961188000,14
EKA2-13950017400,17
EKA2-01960368000,14
EKA2-09960018500,28
EKA2-09960058500,20
EKA2-11951377000,17
EKA2-09950677000,13
EKA2-09960028500,15
BER2-HL-DPC1-B,17
BER2-HL-NB01-548,31
COG2-926117,12
MID2-22450-0052,14
COG2-124031,15
HAM2-990087900,22
BER2-NT-UR4-6D-F-S,15
BER2-NT-HH2-3D-S,19
ROB2-HC0015,12
TBA2-BR98400200,14
TBA2-BR89100100,63
BER2-IC-IK-B30W,14
MID2-36452,12
MID2-66991,12
XIN2-DOOR-SEAL,15
CAS2-503605180,16
CAS2-457504000,26
CAS2-401338000,33
MMT2-58101011,14
MMT2-58121075,20
LKK2-FOOT(EPC),13
CAS2-485154000,22
CAS2-568101000,41
CAS2-593793001,16
CAS2-4771116081,16
MID2-22420-0017,14
TBA2-K072100100,107
CAS2-4081132841,14
CAS2-402279000,14
CAS2-4731133593,15
CAS2-500004080,16
CAS2-4081050175,23
CAS2-4061016677,31
SIR2-19526062,15
SIR2-19526060,17
EDL2-IO65,14
SAN2-01203,11
HAM2-950014911,11
HAM2-260055000,11
EDL2-W037,11
SAE2-126833000,11
BER2-HT-BMC1KW,11
WAR2-017989,11
WNK2-ROLLER,11
CEC2-E002A,11
ROE2-203107,11
CEC2-E007A,11
CRA2-1733,11
ROL2-D02045,11
FAG2-X012130,11
CEC2-C002A,11
RHE2-07610,11
WIN2-2018262,11
WIN2-2707040,11
WIN2-3108002,11
WIN2-4006004,11
WIN2-5509054,11
WIN2-60001695,11
WIN2-60003515,11
BER2-VA7988-B6,11
ROB2-MS0015,11
NUO2-11600002,11
SAV2-51203,11
RAN2-26105011,11
RAN2-39110010,11
COF2-49,11
RON2-70079,11
RAN2-39110025,11
ROB2-HC0016,11
LKK2-PLATE-8(TC22),11
SIR2-LF1033010,11
WIN2-3124160,11
WIN2-61002084,11
WIN2-3104082,11
WIN2-3104166,11
WIN2-2310304,11
JTA2-301110033,11
JTA2-301040466,11
ROL2-E02081,11
BER2-88UFD-330V,11
KIT2-4176453,11
BES2-35876200,11
ROB2-PC0323,11
SIR2-MF2114,11
EDL2-H027,11
BER2-FL-FD3-8-SC,11
JTA2-20234002032,11
SIR2-19540660,11
ROE2-102305S,11
ZNS2-002926,11
JTA2-20202001032,11
ZNS2-052127,11
JTA2-302140063,11
HAM2-990154900,11
GLO2-X60021,11
GLO2-X60027,11
KIT2-9709419,11
VTS2-0VT051,11
LAC2-4731133581,11
MID2-21426-0004,11
MID2-21416-0003,11
HAM2-990070700,11
EKA2-09950977000,11
EKA2-09980299202,11
COG2-456061,11
COG2-480086,11
MID2-45017,11
TBA2-G8F9200300,11
TBA2-BR98400100,11
CAS2-4731133582-SX,11
ROB2-HC0039,9
HAM2-6126-1G912,9
HAM2-960036800,9
HAM2-260054800,9
EDL2-S158,9
SAE2-222890358,9
HAM2-906093901,9
LAS2-109116,9
WYO2-75617,9
TS2-061X,9
TS2-00922-45,9
LKK2-B5A-02,9
WAR2-004950,9
FAG2-U742130,9
ROE2-500247,9
RAN2-10705369,9
COF2-235,9
CRA2-2302,9
SIR2-IB2680800,9
LKK2-HEATER-L,9
RAN2-10060512,9
RAN2-10781304,9
CEC2-K107A,9
CEC2-C005Q,9
CEC2-G359A,9
BES2-31952300,9
CEC2-F022F,9
WIN2-2709011,9
WIN2-3113029,9
WIN2-3501193,9
WIN2-62001366,9
WYO2-1431430,9
WYO2-21748900,9
LKK2-HS50-21,9
RAN2-38123029,9
NUO2-02060022,9
NUO2-02280012,9
RAN2-39220010,9
SIR2-SM500503U,9
ROE2-29548,9
SIR2-IB2680900,9
ROL2-304005,9
RHE2-0032,9
HAT2-X0205595,9
SAV2-22055,9
SAV2-14687,9
RAN2-34070165,9
SIR2-MF0118,9
LKK2-TC12-13,9
GMI2-512194,9
BER2-KN-110,9
WIN2-3124161,9
WIN2-702000864,9
WIN2-3104155,9
WIN2-3124112,9
WIN2-3124163,9
WIN2-2801008,9
WIN2-3108060,9
WIN2-2707016,9
BER2-BA-C-SALA-1,9
LKK2-KNOB-TH(KSY),9
ROB2-TS0015,9
JTA2-302130366,9
JTA2-301040182,9
PIT2-P6071356,9
LKK2-JG300-39,9
UNO2-KCN1003A,9
LKK2-IND500T-9,9
BES2-25850000,9
BER2-BK-GDF23,9
BER2-GS-562X1397DC,9
HAM2-990167210,9
SIR2-IW1471240055,9
TBA2-G8R7400804,9
TBA2-T07A360020,9
SIR2-FE6885A050525,9
ZNS2-057960,9
SKP2-PM002H0091,9
ROL2-76263,9
MBM2-RTCU900215,9
JTA2-301110009,9
JTA2-301110459,9
JTA2-302020008,9
SIR2-IX2912005012,9
LAC2-3402133614,9
LAC2-465571000,9
SIR2-19533755,9
PIT2-P6073148,9
JTA2-302210292,9
COG2-927309,9
BER2-MTRPH0056-31,9
LAC2-465818000,9
LAC2-4831134778,9
LAC2-4171133230,9
LAC2-911544010,9
PIT2-60068304,9
HAM2-990086400,9
HAT2-X053012500,9
BES2-31979000,9
EKA2-09952477000,9
COG2-456075,9
COG2-H.775601,9
BER2-GS-M1071-C4,9
XIN2-TW-32S-30,9
LKK2-IND300-4,9
RON2-7095,9
HAM2-950016712,10
HAM2-210047100,10
HAM2-31009113101,10
HAM2-960006104,10
HAM2-980038000,10
HAM2-260039200,10
DCS2-13001-1,10
BIR2-177,10
WES2-KM11PS102,10
SAE2-181561352,10
SAE2-186720400,10
SAE2-186720700,10
REG2-106-62,10
SER2-83003,10
SUT2-18,10
NUO2-16100043,10
NUO2-16300007,10
NUO2-16300108,10
NUO2-16300154,10
TS2-00888-45,10
TS2-001085-45,10
LKK2-B5A-09,10
LKK2-YCJ7124,10
LKK2-B5D-04,10
CEC2-F134A,10
BER2-CI-YS,10
FAG2-U322120,10
CEC2-X006A,10
CEC2-X033A,10
ROE2-29630,10
CEC2-E026A,10
CEC2-H134L,10
CEC2-L265E,10
WYO2-4359360,10
WYO2-8660500,10
CRA2-1010,10
CRA2-1161,10
BER2-HT-DF13-2.4KW,10
HAM2-940006601,10
LIN2-SL18,10
LKK2-HEATER-H,10
RAN2-32239044,10
ROB2-HC0076,10
FAG2-X383020,10
FAG2-R343123,10
FAG2-Z603052,10
FAG2-R275027,10
FAG2-X012126,10
FAG2-X313002,10
FAG2-Q152016,10
FAG2-Z680746,10
WYO2-8705600,10
WYO2-2066106,10
RHE2-08098,10
HAT2-R0208232,10
WIN2-3125035,10
WIN2-2707071,10
WIN2-3501130,10
WIN2-2709010,10
WIN2-2910312,10
WIN2-3102209,10
WIN2-3103067,10
WIN2-3124216,10
WIN2-3125022,10
WIN2-3501003,10
WIN2-3501019,10
WIN2-3501063,10
WIN2-3501210,10
WIN2-5519036,10
WIN2-60002465,10
WIN2-61002024,10
WIN2-3113114,10
WIN2-61004060,10
WIN2-70005097,10
WIN2-62001174,10
FAG2-R243016,10
JET2-A2475,10
LIN2-NE18,10
ROB2-HS0001,10
ROB2-LT10-04B,10
ROB2-LT10-05,10
LIN2-SW28,10
RAN2-10049046,10
RAN2-23111011,10
RAN2-34100004,10
RAN2-26216005,10
ROE2-29549,10
RAN2-34200055,10
SIR2-IB4100915,10
SAV2-51280,10
LKK2-HEAT-INFRARED,10
LIN2-NE26,10
ROE2-503940,10
AMA2-M0805104,10
ROW2-T141,10
RAN2-34200058,10
COF2-9,10
SAV2-12899,10
STA2-2E-Z1858,10
RAN2-34030029,10
LKK2-TJ12-11,10
GMI2-11120,10
GMI2-12400,10
GMI2-512079,10
LKK2-TQ5-19-2,10
TRI2-TS-21070,10
TRI2-TS-1609,10
BER2-PL-U10,10
WIN2-3104052,10
WIN2-3124111(1500),10
WIN2-3201032,10
LKK2-HEATER(HYG-2D),10
ROL2-A18006,10
SAN2-33131,10
JTA2-301040467,10
JTA2-301120022,10
JTA2-301040075,10
LKK2-B175W,10
BER2-64UFD-330V,10
ROE2-89547,10
PIT2-B6700604-C,10
PIT2-B6660001-C,10
PIT2-PP10470,10
BER2-NT-6C-8C-S,10
KIT2-W10307642,10
BER2-PL-JD-MPA,10
KIT2-4161950,10
ROB2-HS0010,10
WIN2-2101203,10
HAT2-X021612900,10
BES2-40111000,10
HAM2-912891100,10
BER2-DR-12,10
EDL2-H028,10
JTA2-20234002031,10
MID2-60941,10
SIR2-LF1532045I2,10
SKP2-PM009H0081,10
GLO2-X00567,10
GLO2-X30070-1A,10
MID2-72835,10
MBM2-167184,10
KIT2-4176728,10
RTN2-4001.0224,10
COG2-C.80398C,10
GLO2-X10134B,10
GLO2-X60024,10
GLO2-X60025,10
GLO2-X60130,10
GLO2-A502-6006ZZ,10
GLO2-A502-6006LLU,10
VRM2-AR40PH-90,10
VRM2-R20E-418.2,10
TS2-012534-45,10
ROL2-A01025,10
LAC2-465822008,10
LAC2-803140037,10
LAC2-4771021830,10
SIR2-10000000,10
SIR2-19563219,10
HAT2-X053009400,10
LKK2-MOTOR(RG),10
BER2-SPO-R-C2204032L,10
LAC2-4991133570,10
LAC2-531101210,10
CAS2-535617000,10
BER2-GS-M1071-D3,10
COG2-229029,10
EKA2-11960968712,10
EKA2-01951317000,10
EKA2-01981819512,10
EKA2-09950388535,10
EKA2-09980309202,10
BES2-31952500,10
LIN2-EBM04,10
COG2-456019,10
COG2-461019,10
COG2-423011,10
COG2-437019,10
COG2-80178,10
COG2-926128,10
BER2-FT-BFL4,10
SIR2-AMA014,10
EKA2-01960597915,10
EKA2-09963048801,10
TBA2-K3F2901502,10
TBA2-30229M0304,10
TBA2-G8F3200204,10
MID2-66989,10
XIN2-TW-32S-10,10
ROB2-MC0723,10
ROB2-PC0312,10
LKK2-MICRO-SWITCH(WF-171),10
CAS2-4731133581-DX,10
HAM2-990114100,10
ROB2-PC0013,8
HAM2-230047900,8
HAM2-913595000,8
WES2-6-59,8
SAE2-186014000,8
REG2-106-57,8
FAG2-U324304,8
SUT2-11,8
SUT2-43,8
SUT2-6,8
LAS2-109106,8
HAM2-34449800500,8
HAM2-6200-VV,8
ROB2-TC0011,8
NUO2-16300032,8
NUO2-16300067,8
NUO2-16400004,8
TS2-B-0068-H,8
ROE2-29283,8
SAM2-2019078,8
CEC2-F019A,8
ROE2-203132,8
RAN2-10705367,8
WYO2-4381800,8
CRA2-1742,8
WYO2-75916,8
LIN2-LE18,8
FRA2-101074,8
FRA2-400547,8
RAN2-34040023,8
RHE2-11053,8
RHE2-11066,8
RHE2-11001,8
FAG2-P253038,8
FAG2-X363005,8
FAG2-Q308009,8
FAG2-Z651932,8
FAG2-Z853004,8
FAG2-U322113,8
MON2-146518,8
WYO2-1473210,8
CEC2-F002F,8
CEC2-L112F,8
RHE2-TFX425,8
WIN2-3125033,8
WIN2-3125032,8
WIN2-2707048,8
WIN2-62001176,8
WIN2-60003591,8
WIN2-2303304,8
WIN2-2802108,8
WIN2-3104114,8
WIN2-3109072,8
WIN2-3126003,8
WIN2-3501198,8
WIN2-80000555,8
WIN2-3104158,8
WIN2-3125011,8
WIN2-61004880,8
WIN2-60002474,8
WIN2-2707009,8
WIN2-3108054,8
HAT2-0205053E,8
FAG2-R663030,8
FAG2-R343072,8
LKK2-1602,8
LKK2-SWITCH-P(HYG2-D),8
JET2-A7292,8
DOR2-K50-X066,8
BER2-C-BJS10-0.8,8
RAN2-10090010,8
RAN2-23119016,8
LIN2-EL11UL,8
ROB2-LT10-10A,8
LIN2-EL184,8
NUO2-98004016,8
SAE2-9161108150,8
RAN2-38120061,8
RAN2-36310003,8
BES2-24119100,8
BES2-25040600,8
ROE2-BUSHING,8
"LKK2-EH1,EH2",8
RAN2-34030034,8
BET2-017458,8
SIR2-IB4100900,8
SIR2-IB4050905,8
SAV2-51202,8
LIN2-DK08,8
WOL2-719221,8
SAV2-21213,8
SAV2-22566,8
RAN2-34200086,8
BES2-27653300,8
MON2-22786-2,8
SAV2-22656,8
COF2-551,8
CEC2-L282A,8
HAT2-0405363,8
WIN2-2910507,8
WIN2-2707039,8
WIN2-2802306,8
WIN2-2801016,8
ROE2-118174S,8
SIR2-19390206,8
SIR2-IX2912008020,8
BER2-PL-U40,8
BER2-PL-CHT456,8
SIR2-28123203,8
ROB2-PC0014,8
RAN2-36901801,8
JTA2-302220036,8
JTA2-301030089,8
TS2-014250-45,8
SIR2-IB76M3000,8
KIT2-W10487699,8
LKK2-IND350K-11,8
LKK2-IND350K-13,8
LKK2-IND350K-15,8
LKK2-IND350W-5,8
LKK2-IND350W-6,8
LKK2-IND350W-8,8
LKK2-IND350W-13,8
LKK2-IND300T-9,8
LKK2-IND300T-10,8
LKK2-IND300T-13,8
LKK2-IND350T-2,8
WIN2-2803410,8
SIR2-281232045,8
BER2-TM-EGO240,8
TOP2-00098-10,8
HAM2-990167285,8
HAM2-990092700,8
LAC2-400244000,8
PMF2-5E200400,8
SIR2-IX20007003014,8
ROL2-E02003,8
ROL2-E02004,8
ROL2-E02296,8
SIR2-IB4004120,8
MID2-66311,8
SIR2-IX2471020,8
ZNS2-0C8571,8
SIR2-IV77C4X4X20,8
SIR2-IX29021008032,8
SIR2-IX21751008,8
ROL2-SA18037,8
SIR2-LF1443127,8
SIR2-LF1452507,8
MMT2-59114175,8
MMT2-12131002,8
LKK2-IND350K-04-05,8
CTX2-21415-0001,8
ETF2-HC150429,8
ETF2-HC160026,8
GLO2-X00569,8
GLO2-X10051,8
MBM2-RIC0004363,8
VRM2-AR005-923-TD001,8
VRM2-AR005-925-TD001,8
LKK2-PCP013-3,8
JTA2-302110223,8
SIR2-IX2439008,8
SKP2-PM100H0250,8
SIR2-IX2963004008,8
SIR2-19420175,8
SIR2-NE0916005008,8
SIR2-19410807,8
SIR2-19420177,8
SIR2-19410740,8
VTS2-0VT922,8
BAR2-BR-1006,8
LAC2-990709000,8
HAM2-990065400,8
PIT2-P5047541,8
RON2-105249,8
BER2-SPO-P-C2109051A,8
LAC2-803190022,8
BES2-40114000,8
BES2-40309200,8
BER2-LK-203,8
NUO2-40200001,8
CAS2-401196010,8
CAS2-4701024554,8
ROB2-EC0383,8
SIR2-IB4104035,8
LAC2-465411000,8
ROL2-D02108,8
EKA2-01980518000,8
BER2-HL-B03N,8
COG2-140010,8
COG2-75168,8
EKA2-11971909202,8
COG2-437064,8
SIR2-AMG080,8
SIR2-19336006,8
ROB2-MS0582,8
EKA2-09980918700,8
EKA2-01990298612,8
EKA2-09980908700,8
TBA2-K3F3200100,8
TBA2-M722900206,8
HAM2-11-0733-14003,8
HAM2-990113901,8
CAS2-532748000,8
LKK2-IND300-7,8
SAN2-06715,7
SAN2-01103,7
DOR2-48,7
HAM2-42032503201,7
HAM2-960050400,7
ROB2-25TS-03,7
SAN2-28889,7
BIR2-119A,7
EDL2-A526SP,7
SAE2-142842336,7
SAE2-229102800,7
SAE2-286700300,7
SAE2-334000652,7
REG2-128,7
SUT2-7,7
HAM2-910690900,7
HAM2-81009093101,7
HAM2-210040700,7
HAM2-30879800100,7
NUO2-16100073,7
NUO2-16300042,7
NUO2-16300055,7
LKK2-B15-03,7
LKK2-B20B-51,7
LKK2-B25-57,7
LKK2-B5A-18,7
ROL2-HEATER,7
ROE2-509124,7
CON2-92012,7
CON2-11048,7
WAR2-500978,7
ROB2-HC0101,7
ROE2-203108,7
HAM2-280069100,7
HAM2-980033201,7
HAM2-260054901,7
FRA2-300915,7
LKK2-BASKET(EF-061),7
RAN2-10060466,7
CEC2-K149A,7
BER2-SW-S3P,7
RHE2-08074,7
RHE2-08075,7
FAG2-9612200,7
FAG2-Z203050,7
FAG2-Q041431,7
FAG2-X356502,7
FAG2-X373005,7
FAG2-Q308008,7
FAG2-Z201902,7
FAG2-Z201903,7
BER2-TM-EGO205,7
MON2-2115-6,7
CEC2-L005A,7
RHE2-06070,7
RHE2-07646,7
RHE2-08177,7
ROL2-A14075,7
HAT2-R0216066,7
WIN2-3104139,7
WIN2-5528253,7
WIN2-3113112,7
WIN2-3103084,7
WIN2-62001658,7
WIN2-62002442,7
WIN2-61005883,7
WIN2-2101304,7
WIN2-2101305,7
WIN2-2110303,7
WIN2-2709031,7
WIN2-3106046,7
WIN2-3108064,7
WIN2-3126001,7
WIN2-3201035,7
WIN2-4003017,7
WIN2-61002069,7
WIN2-3125010,7
WIN2-60003616,7
WIN2-60003487,7
WIN2-61005681,7
LKK2-TIME(HS80),7
LKK2-SEAL-BODY,7
LIN2-TU54,7
BER2-GL-IRGRL,7
COF2-180,7
ROB2-LT10-15,7
LIN2-EL183,7
NUO2-02280032,7
NUO2-07300113,7
RAN2-39220015,7
RAN2-34100003,7
RAN2-34030131,7
SIR2-19410406,7
RAN2-34200059,7
COF2-490,7
COF2-44,7
BET2-022031,7
BET2-043823,7
BER2-C-BJS55,7
SAV2-51134,7
BES2-30684100,7
LIN2-EL102,7
ROB2-HC0045,7
ROL2-401024,7
ROE2-29443,7
RAN2-37410610,7
RAN2-38123039,7
RAN2-34030054,7
BER2-BA-B412-CV,7
RHE2-109,7
MON2-1013-8,7
SIM2-142,7
WIN2-3113090,7
RAN2-33323030,7
SIR2-MF0112,7
LKK2-PLATE-4.5(TC22),7
LKK2-TC42-14,7
GMI2-12063,7
SAM2-2119020,7
HAT2-0509020,7
FAM2-F0044,7
SAE2-0302804,7
ROL2-A03025,7
ROL2-SA06030,7
WIN2-61004061,7
WIN2-3501150,7
WIN2-3108022,7
WIN2-3124150,7
LKK2-RHX-12-26,7
FAG2-Q242010,7
ROE2-29081,7
JTA2-301040048,7
ROL2-A10017,7
LKK2-IND500T-12,7
RAN2-34040115,7
BES2-23111300,7
BER2-CFW10W,7
PMF2-5R500020,7
MID2-69488,7
SKP2-PM009H0130,7
ROE2-29388,7
JTA2-301020034,7
ZNS2-0C7243,7
ZNS2-0C7244,7
ZNS2-0C3645,7
ZNS2-0C3646,7
ZNS2-0C0138,7
ZNS2-0C0139,7
ZNS2-005010,7
BES2-31954700,7
BER2-117U5015,7
SIR2-IX2982008,7
RON2-11192,7
ROL2-76264,7
SIR2-LF1010063A,7
SIR2-LF1010072,7
SIR2-LF1010072A,7
SIR2-LF1010075A,7
KIT2-8212014,7
LKK2-PCP004-3,7
SIR2-IW1471230105,7
SKP2-PM008S0091,7
SKP2-PM002S0131,7
ROL2-E02159,7
GLO2-X02073,7
GLO2-X02628,7
GLO2-X40154-1ABB,7
GLO2-X02635,7
VRM2-AR005-336-TD010,7
LAC2-530110000,7
BER2-MSP28AMK3240,7
SIR2-19540708,7
HAM2-990043400,7
HAM2-990042200,7
HAM2-990033500,7
LKK2-K-25,7
TBA2-MR20622100,7
TBA2-M724401201,7
TBA2-SSA151A676,7
BKP2-R3022X,7
BER2-MST18AIN-3253,7
SIR2-19335021,7
SIR2-LF1213001,7
SIR2-19324106,7
SIR2-19563207,7
SIR2-19560203,7
HAT2-050302300,7
HAM2-990086300,7
BES2-25061800,7
MID2-22174-0010,7
CAS2-4701116694,7
CAS2-400335010,7
PIT2-P6071300,7
COG2-80311,7
COG2-456060,7
LAC2-4529133523,7
ROL2-INDUCTOR,7
HOU2-30420244,7
BER2-HL-NB02-548R,7
COG2-80281,7
COG2-80316,7
COG2-456072,7
COG2-437079,7
COG2-437078,7
COG2-437008,7
COG2-441010,7
COG2-456006,7
COG2-456074,7
COG2-026154,7
COG2-CMT13,7
COG2-437050,7
COG2-456015,7
COG2-437030,7
COG2-121017,7
COG2-437063,7
COG2-456031,7
COG2-80182,7
COG2-80310,7
COG2-480058,7
COG2-480057,7
COG2-459004,7
CAM2-46008,7
EKA2-01960167915,7
EKA2-01960177915,7
EKA2-09980928000,7
BER2-PL-A-JOINT,7
BES2-31859300,7
BES2-31777700,7
TBA2-T8F5300800,7
TBA2-M720700101,7
TBA2-M722900104,7
TBA2-BS85300104,7
ROB2-PC0325,7
BER2-GLC-SC34568R,7
XIN2-TW-32S-19,7
TBA2-K3F2100400,7
ROB2-VS0253,7
SIR2-19511105,7
SIR2-19400107A.11,7
TBA2-KR29000101,7
CEC2-F210A,7
SIR2-19335042,7
CAS2-965229000,7
ROL2-D01054,7
MID2-33812-1,7
BES2-35954500,7
SAN2-06606,5
SAN2-06621,5
EDL2-K011,5
SAN2-01102,5
SAN2-01412,5
SAN2-01409,5
BIR2-159,5
HAM2-31279110000,5
HAM2-30669110000,5
HAM2-928002210,5
HAM2-220016300,5
HAM2-20609360000,5
HAM2-930095000,5
CON2-92038,5
DCS2-13030,5
DCS2-14005-1,5
EDL2-F041,5
EDL2-R090,5
EDL2-L066,5
SAN2-28654,5
SAN2-28886,5
ZAN2-RESI0074,5
ZAN2-ELET0136,5
WES2-KP58BP069,5
EDL2-P001,5
WIS2-437,5
SAN2-50421,5
SAE2-142800836,5
SAE2-324000100,5
SUT2-4A,5
SUT2-4C,5
GOL2-87049,5
LAS2-602000,5
HAM2-931099000,5
PAN2-ECLAI034,5
NUO2-16300176,5
WYO2-88705,5
DIH2-11609,5
LKK2-B10-02-09,5
TS2-00372-40,5
TS2-000974-45,5
LKK2-B15-27,5
LKK2-B20B-55,5
LKK2-B20B-50,5
LKK2-SEAL-OIL,5
LKK2-B25-50,5
LKK2-B25-18,5
LKK2-BAR,5
LKK2-B5A-05,5
LKK2-B5D-08,5
LKK2-261,5
LKK2-257,5
CEC2-M241A,5
ROE2-503092,5
ROE2-29387,5
FAG2-Z203601,5
CON2-92125,5
SIR2-MSC04N060,5
SIR2-MSC04N108,5
WAR2-002965,5
WNK2-7X4,5
WYO2-1479807,5
FAG2-U122407,5
FAG2-U445731,5
RHE2-495,5
RHE2-5501,5
RHE2-5616,5
CEC2-C396A,5
CEC2-M027A,5
ROE2-29031,5
RAN2-10700975,5
COF2-179,5
LTE2-CF106,5
LTE2-CF208,5
CEC2-L296A,5
CEC2-L308A,5
WYO2-2132600,5
LIN2-EL100,5
WYO2-55962,5
CRA2-2266,5
FRA2-400374,5
FRA2-400388,5
WYO2-46879,5
SIR2-IB4000820,5
HAM2-950012200,5
LIN2-SL12,5
FRA2-300927,5
FRA2-400770,5
LIN2-SW53,5
LKK2-HEATING(EG548),5
EGO2-5513042080,5
CEC2-C100A,5
ZAN2-10A,5
RAN2-10111031,5
RAN2-10111032,5
BER2-ESM002,5
VUL2-BL008-14,5
RHE2-08076,5
FRA2-177145,5
FRA2-177222,5
FRA2-177240,5
ROL2-A03012,5
LKK2-FDMZ150-20,5
LKK2-FDMZ150-19,5
HAT2-020104300,5
HAT2-021600200,5
FAG2-X163000,5
FAG2-X313003,5
FAG2-X960501,5
HAT2-0219081,5
BER2-GE-N820-GDF,5
BER2-GE-MPBGDF,5
FRA2-400627,5
BES2-31859000,5
MON2-2203-9,5
CEC2-L099F,5
BES2-33606100,5
RHE2-08180,5
HAT2-0205315,5
WIN2-62002804,5
WIN2-62003065,5
WIN2-3102216,5
WIN2-62002829,5
WIN2-3104068,5
WIN2-62001391,5
WIN2-60003386,5
WIN2-2707054,5
WIN2-2802111,5
WIN2-60003214,5
WIN2-3501067,5
WIN2-2019204,5
WIN2-2030002,5
WIN2-3102204,5
WIN2-3102211,5
WIN2-3102213,5
WIN2-3125002,5
WIN2-3201030,5
WIN2-3501005,5
WIN2-3501018,5
WIN2-3501064,5
WIN2-5513009,5
WIN2-5519018,5
WIN2-5527040,5
WIN2-61002486,5
WIN2-4003024,5
WIN2-5528278,5
WIN2-3102231,5
WIN2-61005203,5
WIN2-3104157,5
WIN2-62002820,5
WIN2-62002812,5
BLO2-6502,5
ROB2-EC0046,5
FAG2-R343100,5
FAG2-R663032,5
FAG2-R663046,5
FAG2-Z700603,5
FAG2-Q042032,5
ROB2-HC0059,5
LKK2-GB1171-74(HS20),5
LKK2-HS50-11,5
HAL2-H16B,5
LKK2-PILOT-LIGHT-R,5
LIN2-LA12,5
LKK2-LSP520-62,5
ROB2-MC0069,5
ROB2-MS0017,5
RAN2-34200043,5
NUO2-08000027,5
SAE2-9151069150,5
NUO2-02280010,5
NUO2-07300104,5
NUO2-08000015,5
NUO2-98001001,5
ELO2-E0171,5
ELO2-N0614,5
RAN2-14000220,5
RAN2-21206501,5
RAN2-21208702,5
RAN2-34020109,5
RAN2-38120012,5
RAN2-34200098,5
SIR2-60,5
SIR2-SM540501,5
SIR2-SM570201,5
ROE2-203118,5
ROE2-102963,5
ROE2-29559,5
LTE2-N6115,5
RAN2-38121034,5
COF2-177,5
SIR2-IB4050900,5
SIR2-IB4010910,5
NUO2-01000089,5
LKK2-TYE.K360-1,5
LIN2-HI16,5
SIR2-SM19010002,5
ROE2-29195,5
RAN2-34200015,5
RAN2-38123032A,5
RAN2-38123034,5
EDL2-P026,5
RAN2-36930013,5
RAN2-34030060,5
FAG2-X143000,5
WOL2-700871-A,5
ROL2-B01002,5
SAV2-22295,5
COF2-CONDENSER240,5
COF2-CURRENT-RELAY,5
COF2-6+4L,5
CEC2-L155S,5
CEC2-G015A,5
STA2-2N-Z2248,5
STA2-2N-Z2249,5
RAN2-34030075,5
RAN2-36404113,5
SIR2-MF0110,5
LKK2-TC12-04,5
LKK2-TC12-06,5
LKK2-TC12-05-00,5
LKK2-PLATE-3.5(TC12I),5
LKK2-TC22-05-00,5
LKK2-OIL-SEAL,5
LKK2-TC42-5-8,5
ROB2-ES0009,5
LKK2-TJ22-08,5
HAT2-0503009A,5
HAT2-R3-2Z,5
HAT2-050904100,5
SAM2-2149002,5
ROL2-A15037,5
WIN2-3104061,5
WIN2-800002574,5
WIN2-70003114,5
WIN2-2707014,5
WIN2-3124193,5
WIN2-5531001,5
WIN2-3501006,5
WIN2-3111205,5
PIT2-60113501-CL,5
COF2-33(FRIDGE-SWITCH),5
LKK2-BELT(HS50),5
LKK2-CHAIN(RG18-7),5
LKK2-GB9877.1-88(TC22),5
LKK2-PLATE-3(TJ32B),5
LKK2-PLATE-8(TC12I),5
KIT2-W10234643,5
KIT2-8533910,5
HOU2-20900016,5
RAN2-10700973,5
SIR2-19500101,5
SIR2-LF1010025,5
BER2-C-BJS21-EXT,5
BER2-KN-DF,5
FAG2-Z710706,5
ROE2-39225,5
RAN2-10110490,5
RAN2-10110405,5
RAN2-10700974,5
HAT2-R053008100,5
JTA2-301040027,5
JTA2-301080061,5
JTA2-302050051,5
ROL2-07096BRI,5
MID2-65754,5
CTX2-3101175,5
LAC2-533894500R,5
ROL2-A17002,5
PIT2-60144001-CL,5
PIT2-PP10765,5
PIT2-P5045717,5
PIT2-PP10736,5
PIT2-PP10739,5
SIR2-19566901,5
CTX2-70984,5
HAM2-990156110,5
HAM2-990156100,5
SKP2-BR84100200,5
UNO2-KMT1012A,5
UNO2-KVN1170A,5
LKK2-IND350BK-6,5
LKK2-IND500W-9,5
LKK2-IND500W-12,5
SIR2-19530402,5
SIR2-19324101,5
SIR2-19563208,5
KIT2-4159620,5
KIT2-3183680,5
KIT2-3184176,5
ZAN2-LAMP0040,5
SIR2-19521115,5
BER2-OP-DRO-CP,5
LKK2-B5D-13,5
BER2-TM-Y135,5
BES2-25932400,5
SIR2-LF1171201,5
HAM2-990127200,5
PMF2-5A010001,5
WIN2-60003216,5
ROL2-E02323,5
ROB2-PS0146,5
SIR2-IW1071240512,5
MID2-70818,5
CAM2-12117,5
PIT2-60130805,5
ROE2-89545,5
SIR2-66203000,5
TBA2-G8F6500100,5
TBA2-G8F6500200,5
MID2-72601,5
SIR2-IB4004045.04,5
SIR2-49411000,5
ROE2-515482S,5
SIR2-LF1433007,5
JTA2-301040778,5
ZNS2-0C2810,5
ZNS2-0C0203,5
ZNS2-0C7102,5
ZNS2-059161,5
ZNS2-025245,5
ZNS2-0C7345,5
BER2-HG-SDH-L-R,5
SIR2-IV1080626,5
JTA2-301040407,5
ROE2-507250S,5
JTA2-301110019,5
EDL2-B028,5
LKK2-HEATER(KBM-150-204),5
CTX2-322904,5
HAT2-021924800,5
SKP2-PM002H0071,5
ROL2-E02157,5
ROL2-E02160,5
ROL2-76237,5
MMT2-59174525,5
BES2-22015200,5
ZAN2-RESI0052,5
ZAN2-RESI0069,5
CTX2-69988,5
GLO2-X30045,5
ROB2-VS0280,5
ROB2-MC1038,5
JTA2-302220046,5
CTX2-68906,5
MBM2-PACU700421,5
MBM2-RTCU700324,5
MBM2-RTCU900217,5
MBM2-RTCP800038,5
TBA2-IS-27213QTBE,5
HOU2-30820031R,5
BER2-NT-UR6D-F-M,5
LKK2-PCP020B,5
JTA2-20212003023,5
JTA2-20218007020,5
JTA2-20218007021,5
JTA2-301150003,5
CTX2-21176-0001,5
CTX2-35210-0491,5
CTX2-F716A8805,5
PIT2-60127301-CL,5
SIR2-IGS716023,5
SKP2-PM009T0210,5
VRM2-56CR10-111M,5
VRM2-62052RS,5
VRM2-STA3425,5
VRM2-AR31-88.011,5
VRM2-AR31-88.004,5
VRM2-AR31-174.36,5
VRM2-AR30-212,5
SIR2-19564008,5
WIN2-62002811,5
PIT2-60144002-C,5
SKP2-AM105H0010,5
SKP2-30281Q0100,5
LIN2-SH136,5
COG2-121993,5
ROL2-D02148,5
JTA2-314270002,5
SIR2-18300404254,5
LKK2-TYE.K360-3,5
BAR2-BR-2006,5
BAR2-BR-19006,5
SAN2-33104,5
LAC2-3342133738,5
LAC2-535100200,5
SIR2-19540718,5
SIR2-19390309,5
SIR2-19534026,5
LKK2-SKPA01,5
LKK2-LAMP(HS40),5
LKK2-BASKET(WF-061),5
BER2-GS-950B5-M,5
BER2-MTRP4931,5
HAM2-990042700,5
WIN2-3113099,5
PIT2-P5047588,5
PIT2-P6071353,5
TOP2-XDF5188-T2,5
ROB2-MC1798,5
HAM2-990073800,5
TBA2-110CW,5
ROB2-VS0238,5
ROB2-ES0214,5
ROL2-E02291,5
ROL2-E02292,5
ROL2-E02293,5
ROL2-E02294,5
ROL2-E02295,5
TBA2-K3F900109,5
TBA2-K3D9000202,5
JTA2-20117031013,5
BER2-SPO-R-C2204032D,5
BER2-MRT24AJN3253,5
BER2-MST16AGZ-3253,5
ROE2-39352,5
RAN2-32329039,5
SAN2-37240,5
SIR2-SM133418,5
SIR2-19562903,5
SIR2-19540805,5
LAC2-532021608,5
LAC2-4001042313,5
LAC2-3442133670,5
PIT2-60132601,5
LAC2-915122000,5
LKK2-HEATER(WF-081),5
HAM2-990071500,5
ROB2-PS0011,5
BES2-25760200,5
BES2-25775000,5
BES2-25884400,5
BES2-25915000,5
BES2-25780200,5
BES2-25884300,5
BES2-24653900,5
CAS2-911377008,5
MID2-31504,5
MID2-27170-0017,5
COG2-80370,5
TOP2-ZZ85,5
LAC2-4529133522,5
LAC2-4529133526,5
LAC2-4251133589,5
LAC2-590791010,5
LAC2-4151134655,5
CAS2-985716000,5
LAC2-590159006,5
LAC2-562204000,5
LAC2-531390700,5
LAC2-465564000,5
LAC2-465044000,5
LAC2-590660001,5
LAC2-561900121,5
LAC2-465010001,5
LAC2-465013011,5
LAC2-530110100,5
LAC2-445591000,5
LAC2-531401500,5
CAS2-4001051934,5
LAC2-465534000,5
BER2-PL-R-WO-G,5
MID2-34121-0003,5
MID2-23052-0007,5
MID2-22174-0006,5
MID2-22290-0009,5
MID2-35323,5
MID2-49400-0050,5
MID2-35000-1008,5
WIN2-3102433,5
ZAN2-LAMP0021,5
HOU2-32700087,5
HOU2-20410003,5
HOU2-32000001,5
HOU2-20700062,5
HAT2-X020124600,5
EKA2-09964139512,5
EKA2-09989738000,5
COG2-80188,5
WIN2-61006076,5
WIN2-61006241,5
BES2-35954900,5
COG2-449036,5
COG2-449045,5
COG2-80623,5
COG2-75155,5
COG2-468152,5
COG2-429007,5
COG2-140008,5
COG2-206004,5
COG2-141007,5
COG2-437098,5
COG2-417120,5
COG2-129059,5
COG2-412030,5
COG2-80190,5
ROL2-A15008,5
BER2-GS-M1071-UR-551X679,5
BER2-GS-M1071-UR-552X681,5
MID2-66226,5
MID2-58391,5
MID2-66995,5
LIN2-CG11,5
TOP2-FV-001,5
WIN2-60004641,5
CAM2-45401A,5
EKA2-01970498612,5
BES2-31278400,5
BES2-31924700,5
TBA2-K3F5300101,5
TBA2-K3F2901801,5
TBA2-K3F2901701,5
TOA2-1000831,5
CAS2-965185000,5
SIR2-SM15018007,5
XIN2-TW-32S-18,5
TBA2-KF24900105,5
CAS2-401224000,5
MMT2-58101028,5
BES2-31290200,5
BER2-HL-NB02-630L,5
EDL2-A592DC,5
SIR2-19511202,5
MID2-69635,5
TBA2-3CABR,5
ZAN2-PANN0354,5
SIR2-19525071,5
RAN2-34200088,5
CEC2-M229A,5
CEC2-U586A,5
TBA2-30229M0404,5
CAS2-4121134989,5
CAS2-965227010,5
LKK2-IND300-9,5
WIN2-2907301,5
MID2-66382,5
SAN2-06726,6
SAN2-01336,6
SAN2-01104,6
SAN2-01406,6
ROB2-TS0001,6
ROB2-HC0075,6
HAM2-31336700000,6
HAM2-32229110000,6
HAM2-922191100,6
HAM2-260059000,6
HAM2-240001300,6
HAM2-280126100,6
HAM2-280023800,6
HAM2-980007600,6
HAM2-260048200,6
HAM2-280112903,6
HAM2-260036600,6
HAM2-960031901,6
HAM2-280112902,6
HAM2-960016500,6
HAM2-280118800,6
HAM2-965015801,6
EDL2-A508,6
EDL2-B117,6
EDL2-S167,6
SAN2-28660,6
SAN2-28887,6
SAN2-28705,6
ZAN2-ELET0116,6
DCS2-13029-2,6
DCS2-15033,6
SAN2-37313,6
WES2-33600-12D,6
SAE2-142660159,6
SAE2-142710180,6
SAE2-142861665,6
SAE2-147712565,6
SAE2-147712665,6
SAE2-147890565,6
SAE2-147890665,6
SAE2-149430100,6
TOL2-D17A,6
REG2-139,6
REG2-151-62,6
FAG2-X708102,6
SUT2-16,6
SUT2-2,6
SUT2-28,6
SUT2-34,6
SUT2-52,6
GOL2-41032,6
SAN2-09203,6
HAM2-31079023101,6
LAS2-202110,6
LAS2-202115,6
NUO2-16100047,6
NUO2-16100068,6
NUO2-16300009,6
NUO2-16300030,6
NUO2-16300094,6
NUO2-16300077,6
SIR2-IB5800100,6
WYO2-69103,6
RAN2-10705015,6
LKK2-B10-01-21,6
LKK2-B10-01-25,6
LKK2-B10-01-26,6
LKK2-BELT(B10),6
TS2-001084-45,6
LKK2-B20B-43,6
LKK2-B20B-34,6
LKK2-B20B-57,6
LKK2-B25-42,6
LKK2-B25-56,6
LKK2-TC15-25-7,6
LKK2-B5D-17,6
LKK2-B5D-05,6
ROE2-101754,6
ROE2-514030,6
SIR2-MSC06N062,6
SIR2-MSC04N080A,6
SAM2-2059006,6
WAR2-004949,6
WAR2-012008,6
WAR2-500979,6
WNK2-23X7,6
WNK2-18X3,6
WNK2-8X4,6
WYO2-1404411,6
CAM2-41064,6
LIN2-TC03,6
LIN2-TC07,6
FAG2-U262110,6
RHE2-5506,6
ZAN2-RESI0035,6
ZAN2-TERM0005,6
CEC2-L236A,6
CEC2-X014A,6
ROE2-29782,6
RAN2-10700971,6
COF2-A,6
LTE2-CF206,6
LTE2-CF108,6
CEC2-B075A,6
CEC2-L286A,6
CEC2-X070A,6
ROL2-D02001,6
CRA2-1122,6
BER2-HT-DW1.6KW,6
BER2-TM-EGO93,6
HAM2-280121200,6
HAM2-280081602,6
HAM2-960024400,6
HAM2-260054900,6
LIN2-EL119,6
LIN2-TH09,6
EUR2-PRO03644,6
EUR2-PRO03645,6
BER2-HL-513W,6
CEC2-C076A,6
RAN2-36302001,6
RAN2-10700972,6
RAN2-34200114,6
CEC2-L215A,6
BER2-TM-EGO85,6
BER2-PL-ESMA,6
ROL2-A18028,6
ROL2-A13009,6
LKK2-FDMZ125-18,6
LKK2-FDMZ125-17,6
FAG2-R253044,6
FAG2-R073007,6
FAG2-X313001,6
FAG2-Q307020,6
FAG2-Z201901,6
FAG2-Z680745,6
FAG2-S113034,6
BER2-HT-FW1KW,6
LKK2-FX-12-020,6
CEC2-L113F,6
CEC2-L115F,6
BES2-32924100,6
RHE2-07321,6
RHE2-08100,6
RHE2-08173,6
RHE2-08174,6
LIN2-KS03,6
HAT2-0219032,6
HAT2-0530039,6
WIN2-3124131,6
WIN2-3105100,6
WIN2-2707013,6
WIN2-62001807,6
WIN2-5528193,6
WIN2-2707064,6
WIN2-2707030,6
WIN2-60003697,6
WIN2-60004274,6
WIN2-3201017,6
WIN2-2701003,6
WIN2-2702001,6
WIN2-2710014,6
WIN2-2802102,6
WIN2-2815009,6
WIN2-2906524,6
WIN2-3102208,6
WIN2-3102273,6
WIN2-3109025,6
WIN2-3124008,6
WIN2-3124134,6
WIN2-3201036,6
WIN2-4003050,6
WIN2-5515024,6
WIN2-61002310,6
WIN2-3501066,6
WIN2-3501156,6
WIN2-61004904,6
WIN2-61004969,6
WIN2-61005256,6
WIN2-61005206,6
WIN2-60003023,6
WIN2-3113028,6
FAG2-Q271033,6
FAG2-R662629,6
FAG2-R663090,6
FAG2-R743091,6
FAG2-R673059,6
FAG2-P184011,6
LKK2-GB1243.1-83(HS30)T,6
LKK2-KA1,6
LKK2-KA2,6
ELO2-E0169,6
LKK2-SEAL-DOOR,6
JET2-A7296,6
JET2-S4381,6
LKK2-KSY-10-06,6
RAN2-10706070,6
RAN2-10090002,6
LIN2-CE01,6
LIN2-SW38,6
ROB2-LT10-17,6
LIN2-SW27,6
LIN2-KN112,6
LIN2-KN145,6
LIN2-FE15,6
RAN2-34030028,6
RAN2-36402003,6
RAN2-38125013A,6
NUO2-04200030,6
SAE2-9141029,6
SAE2-NM01032,6
NUO2-02280014,6
NUO2-02290020,6
NUO2-07300107,6
ELO2-E0314,6
ELO2-H0251,6
RAN2-34200192,6
ROE2-507198,6
SIR2-19700301,6
SIR2-SM501303,6
LTE2-N6101,6
RAN2-34030033,6
BET2-051466,6
SIR2-IB5820900,6
SIR2-IB7310900,6
NUO2-09500004,6
NUO2-09200014,6
ROL2-A15036,6
ROL2-D02142,6
SAV2-51048,6
SAV2-68117,6
LIN2-HI15,6
LIN2-TH32,6
RHE2-10116,6
RHE2-06115,6
ROB2-PS100-08,6
ROE2-29007,6
ROE2-102913,6
ROE2-101418,6
SAE2-9121069,6
EDL2-R085,6
EDL2-S274,6
RAN2-36301008,6
RAN2-36404111,6
BES2-27114900,6
BER2-BR-DR412,6
FAG2-9325900,6
ROL2-B06017,6
SAV2-52052,6
COF2-50,6
COF2-FAN,6
RON2-8934,6
RHE2-RN612,6
STA2-2P-Z2062,6
SAV2-22732,6
STA2-2J-Z1664,6
STA2-2N-Z2264,6
ZAN2-INTE0004,6
LKK2-TC12-07,6
LKK2-TC12-21,6
LKK2-TC22-07,6
LKK2-TC42-5-5,6
LKK2-TC42-5-7,6
FRA2-299403,6
LKK2-TJ22-18,6
LKK2-TJ32-25,6
LKK2-TJ32-27,6
LKK2-TJ32-26,6
HAT2-0508005,6
HAT2-0530001,6
SIR2-IV5823451,6
SIR2-IV4300010,6
SIR2-IV7000010,6
GMI2-12046,6
HAT2-0503003,6
TRI2-TS-1176,6
TRI2-TS-1007,6
TRI2-TS-1636,6
BER2-PL-U30,6
SAM2-2140540,6
SAM2-2149017,6
SIR2-IB4004045,6
SIR2-IB7306082RS,6
SIR2-IB4104011,6
SIR2-IB2104020,6
SIR2-IB5944010,6
ROL2-SH03006,6
WIN2-3103027,6
WIN2-70200462,6
WIN2-80002153,6
WIN2-3126036,6
WIN2-70002104,6
WIN2-3104164,6
WIN2-3104168,6
WIN2-5504030,6
WIN2-3103030,6
WIN2-5531007,6
WIN2-2802303,6
WIN2-3124164,6
WIN2-4007027,6
WIN2-3111110,6
LKK2-DHDC-PL6,6
TOP2-9860-BK,6
LKK2-PLATE-6(TC42),6
HOU2-20900017,6
ZNS2-0L1871,6
RAN2-34030116,6
BER2-SW-S2P-B,6
RAN2-10110475,6
RAN2-10110476,6
JTA2-301040026,6
JTA2-302130201,6
JTA2-301040389,6
JTA2-301040387,6
JTA2-301040046,6
JTA2-301040035,6
JTA2-301030004,6
JTA2-301040113,6
JTA2-301030107,6
JTA2-302110022,6
ROB2-HC0159,6
BER2-CD-125A,6
CTX2-97393,6
ROL2-D02154,6
LAC2-3301132921,6
BER2-AP-6479-24,6
PIT2-P5047587,6
PIT2-PP11296,6
PIT2-PP10735,6
ROE2-117809,6
LIN2-PR65KIT,6
SIR2-IB4356300,6
COG2-80162,6
TBA2-P996300203,6
TBA2-P996300303,6
SKP2-PM009H0060,6
BER2-NT-8C-M,6
LKK2-IND350BK-11,6
LKK2-IND350K-9,6
LKK2-IND500T-6,6
LKK2-IND500T-7,6
LKK2-IND500T-8,6
LKK2-IND500T-11,6
LKK2-IND350T-8,6
RON2-126084,6
RON2-162208,6
RON2-53850,6
KIT2-9701129,6
KIT2-4176340,6
KIT2-3183588,6
ROB2-PC0306,6
RAN2-10110471,6
BES2-23155300,6
BES2-23595600,6
BES2-24684200,6
LKK2-LSP520-72,6
LKK2-PLATE-3.5(TC22),6
LKK2-B5D-15,6
BER2-WA-MTL,6
BER2-HT-ESM-BAND,6
WIN2-2703003,6
BES2-25064500,6
HAM2-990058500,6
ROL2-SA14099,6
LAC2-457367000,6
LKK2-93-ROLLER-SUPPORT,6
BER2-HT-DF41,6
BER2-PN-UR2D-B,6
LTE2-MIX1.05,6
ROL2-A06066,6
BKP2-2R-8706400,6
BKP2-SM4-L5027P,6
CAM2-ADCD33-131,6
BER2-UNDERSHELF-6,6
MID2-69489,6
PIT2-60127702,6
PIT2-60127601,6
PIT2-A7016401,6
BER2-CC-CKE-RCS4-N,6
TBA2-S49F110100,6
TBA2-K3F9700200,6
ROE2-89659,6
ROE2-103288,6
ROE2-117682S,6
ROE2-117706S,6
ROE2-89555,6
SIR2-19801235,6
CAS2-532751100,6
LKK2-B25-AM1703,6
ZNS2-0C1007,6
ZNS2-0C0121,6
ZNS2-0C0127,6
ZNS2-0C3643,6
ZNS2-0C0204,6
ZNS2-0C0201,6
ZNS2-0C7333,6
ZNS2-0C9198,6
JTA2-302050007,6
JTA2-302201070,6
MID2-73170,6
HAT2-041713000,6
SIR2-IGS403233,6
SKP2-PM008S0045,6
JTA2-20110005201,6
ROL2-A15016,6
ROL2-SH01034,6
MMT2-14179122,6
ETF2-HC199031,6
ASL2-SENSOR,6
MID2-69508,6
GLO2-X60068-6,6
ROL2-A13018,6
KIT2-9709280,6
MBM2-RTCU700277,6
MBM2-RTCU800182,6
MID2-68887,6
LIN2-FH04,6
ROB2-PC0354,6
LKK2-005-300-L,6
LKK2-PCP008A,6
JTA2-20134008008,6
JTA2-20209037044,6
ROE2-39938,6
PIT2-60172201,6
PIT2-PP11353,6
SIR2-IX2913010045,6
ZAN2-GUAR0059,6
SKP2-PM002H0092,6
GLO2-X80J19-1,6
VRM2-AR31-194.54M,6
VRM2-AR31-194.63M,6
VRM2-AR31-194.18M,6
VRM2-AR31-530.13M,6
VRM2-AR31-194.62M,6
VRM2-AR31-194.19M,6
VRM2-AR30-213,6
JTA2-302130197,6
HOU2-20400239,6
APW2-BO10144,6
ROE2-28107,6
BAR2-BR-15006,6
LAC2-2811136553,6
LAC2-2341134750,6
LAC2-531505800,6
LAC2-803130022,6
LAC2-803130028,6
LAC2-3301134927,6
LAC2-2211117836,6
LAC2-2441134294,6
LAC2-4701001652,6
HAM2-990037100,6
HAM2-990064800,6
LKK2-K-360-2,6
SIR2-19522620,6
SIR2-19550208,6
SIR2-19540709,6
SIR2-18275404218,6
SIR2-LF1033020,6
BER2-GS-850B6-M,6
BER2-3ARR3T10AD3,6
BER2-3ARRST6AA3,6
BER2-88UF330V,6
BES2-31858600,6
ROL2-D02043,6
LAC2-3781133765,6
JTA2-302250025,6
CAM2-41109000,6
CAM2-41110000,6
APW2-BO10121,6
MID2-73964,6
SIR2-SFCL017,6
COG2-325126,6
COG2-66945,6
COG2-65749,6
COG2-65015,6
BER2-SPO-R-C2204032C,6
BER2-MTRP0012-31,6
BER2-MRA3811-3253,6
ROE2-203206,6
SIR2-IV44R0000,6
SIR2-19540406,6
LAC2-803190003,6
LAC2-4911133595,6
LAC2-4529133519,6
HAT2-040528600,6
HAT2-040538700,6
HAT2-040514200,6
ROE2-6204DU,6
BES2-25118400,6
BES2-32811800,6
BES2-32714500,6
CAS2-958559014,6
CAS2-958743000,6
CAS2-421289010,6
CAS2-533893300R,6
CAS2-490055000,6
CAS2-923523010,6
CAS2-958889000,6
MID2-41872,6
BER2-PL-WT300X410,6
ROE2-39900,6
HAT2-X0209279,6
TBA2-T05A540010,6
ROB2-GC0120,6
HAM2-990080400,6
LAC2-965017010,6
LIN2-BU62,6
LAC2-4821023082,6
LAC2-4001051934,6
LAC2-4772117321,6
LAC2-3831091811,6
LAC2-4822130085,6
LAC2-532719400,6
LAC2-427868000,6
LAC2-465406000,6
LAC2-465007010,6
MID2-27470-0004,6
MID2-22450-0028,6
MID2-35145,6
MID2-50222,6
WIN2-3102230,6
HOU2-32700059,6
HOU2-30820013,6
HOU2-32700060,6
HOU2-32700130,6
CAM2-H05021,6
EKA2-01951187000,6
EKA2-11972559202,6
EKA2-09980288000,6
EKA2-01950037000,6
EKA2-09950317000,6
EKA2-09950327000,6
BER2-HL-NB02-548L,6
WIN2-61006064,6
SIR2-281112045X,6
TS2-000922-45,6
COG2-119003,6
COG2-80697,6
COG2-926014,6
EKA2-01960778504,6
COG2-210011,6
COG2-143013,6
COG2-227085,6
COG2-463007,6
COG2-417017,6
COG2-209021,6
COG2-417081,6
COG2-423024,6
COG2-454005,6
COG2-437049,6
COG2-141002,6
COG2-80282,6
COG2-926132,6
COG2-80844,6
COG2-417041,6
COG2-325036,6
COG2-325066,6
MID2-97525,6
MID2-44701,6
SIR2-AMG006,6
SIR2-AMG032,6
SIR2-AMG248,6
MID2-66994,6
VRM2-AR31-88.203,6
TOP2-MS-98SP-042,6
PIT2-B6744401,6
MID2-60054,6
BES2-31802800,6
BES2-31777600,6
ROL2-E02180,6
ROB2-PC0328,6
TBA2-KR932000100,6
TBA2-BR85400100,6
TBA2-KR93200300,6
TBA2-BR25300103,6
TBA2-CF42800500,6
TBA2-KF25300100,6
TOA2-1952714,6
TBA2-K3F2900400,6
TBA2-K3F2900200,6
MMT2-58121073,6
MMT2-58121076,6
LKK2-BASKET,6
LKK2-007-300L,6
LKK2-009-300L,6
MID2-58668,6
RAN2-10705414,6
SIR2-19540402,6
SIR2-19500202,6
ROL2-D02159,6
RAN2-34070052,6
CAS2-965099010,6
CAS2-965104000,6
CAS2-965240000,6
CAS2-965282010,6
CAS2-965283000,6
HAM2-990151910,6
SAN2-70722,6
LKK2-IND350S-4,6
CAS2-4529133530,6
MID2-65756,6
BER2-DR-05L-BASE,6
ETL2-0C5311,6
SAN2-06206,4
EDL2-H001,4
SAN2-01416,4
SOU2-1166011,4
ROB2-PS0082,4
HAM2-31076563100,4
HAM2-240003400,4
HAM2-280080302,4
HAM2-280081903,4
HAM2-260050101,4
HAM2-960039100,4
HAM2-260022000,4
GOL2-74087,4
MON2-1025-1,4
DCS2-14035,4
ROB2-25TS-03A,4
EDL2-S196-3,4
EDL2-A590,4
EDL2-A054,4
SAN2-28872,4
SAN2-28601,4
BIR2-602B,4
SAN2-37199,4
WIS2-436,4
DCS2-16190,4
DCS2-18110,4
SAE2-140321262,4
SAE2-142801236,4
SAE2-145841400,4
SAE2-286700200,4
TOL2-D83M,4
REG2-103,4
REG2-126,4
REG2-142,4
FAG2-U134317,4
SUT2-20-8,4
HAM2-280079700,4
HAM2-31072083100,4
HAM2-31082630000,4
PAN2-ECLAI032,4
PAN2-CONT052,4
ROB2-EC0042,4
NUO2-16300029,4
NUO2-16300038,4
NUO2-16300040,4
NUO2-16300082,4
NUO2-16300100,4
NUO2-16300026,4
SIR2-IB9865132,4
WYO2-83248,4
WYO2-85285,4
DIH2-11708,4
DIH2-13023,4
LKK2-B10-01-28,4
LKK2-GB278-82,4
LKK2-B10-DOUGH-ARM,4
LKK2-B10-01-04,4
LKK2-B15-22,4
LKK2-B15-55,4
LKK2-B15-50,4
LKK2-B20B-42,4
LKK2-B20B-29,4
LKK2-B25-51,4
LKK2-B25-31,4
LKK2-B25-55,4
LKK2-B25-32,4
LKK2-B25-21,4
LKK2-B30-05-17,4
LKK2-GB28-B4,4
LKK2-GB6170-86,4
LKK2-B5A-32,4
LKK2-B5A-16,4
LKK2-B5A-24,4
LKK2-B5D-38,4
SAM2-2500635,4
SAM2-2502625,4
SAM2-2600145,4
SAM2-2000003,4
SAM2-2509124,4
INB2-10,4
INB2-50,4
INB2-65,4
WYO2-1301100,4
CEC2-C072A,4
CON2-92128,4
SIR2-MSC04N062,4
SIR2-MSC04N064F,4
SAM2-2059003,4
SAM2-2050618,4
WAR2-002973,4
CEC2-M003A,4
CEC2-S014A,4
STA2-2P-Y6196,4
STA2-2R-Y9855,4
LIN2-KN59,4
FAG2-U329201,4
FAG2-U264315,4
FAG2-U445732,4
RHE2-5614,4
RHE2-5615,4
RHE2-FAN-BLADE,4
WOL2-718224,4
WOL2-718361,4
WOL2-719344,4
ZAN2-MANI0009,4
ZAN2-ELET0135,4
CEC2-D021A,4
CEC2-E011A,4
CEC2-L052A,4
CEC2-L210A,4
CEC2-X004A,4
RAN2-38123884,4
WYO2-4377300,4
CRA2-เขี้ยวโบว์,4
BER2-HT-DF12-3KW,4
ROL2-A06018,4
BER2-HT-DW2.2KW,4
LIN2-GASKET,4
LIN2-PR10,4
LIN2-SL19,4
LIN2-LE21,4
LIN2-SO16,4
LKK2-HEATER(EF-101),4
ROL2-D02143,4
ROL2-D02144,4
ROL2-H01034,4
HAT2-R0205015,4
FAG2-R243010,4
FAG2-Z853002,4
FRA2-400545,4
FRA2-400698,4
DIH2-10211,4
MON2-3415-0,4
WYO2-2092710,4
CEC2-F134F,4
CEC2-M099F,4
SOU2-1182043,4
WYO2-218130-75,4
RHE2-07614,4
WIN2-3108112,4
WIN2-3126042,4
WIN2-2904231,4
WIN2-62001485,4
WIN2-62001776,4
WIN2-3124153,4
WIN2-60003045,4
WIN2-60003165,4
WIN2-60003653,4
WIN2-3124001,4
WIN2-3124208,4
WIN2-2709025,4
WIN2-2802109,4
WIN2-2802137,4
WIN2-2903230,4
WIN2-2904250(GS41-4),4
WIN2-2907200,4
WIN2-3103018,4
WIN2-3124166,4
WIN2-3501162,4
WIN2-610020811,4
WIN2-3104162,4
WIN2-61005191,4
WIN2-2906508,4
WIN2-60002540,4
WIN2-3109155,4
WIN2-2707074,4
WIN2-61006244,4
WIN2-3103089,4
BLO2-6504,4
FAG2-R010533,4
FAG2-R662627,4
FAG2-R503005,4
FAG2-R020502,4
FAG2-T110506,4
WYO2-217475-30,4
LKK2-GB1243.1-83(HS20)T,4
LKK2-JZX-18FF,4
LKK2-GB1243.1-83(HS50)T,4
LKK2-1350,4
LKK2-TC,4
JET2-S8089,4
HAL2-H15C,4
HAL2-H16,4
DOR2-K50-Y002,4
HAL2-K500BL,4
LKK2-SIGHT-GLASS-10,4
RAN2-38123011,4
DIH2-10206,4
DIH2-10746,4
DIH2-12527,4
DIH2-12528,4
LKK2-GB70-85,4
LIN2-EL150,4
RAN2-38120042,4
RAN2-10705016,4
SAM2-2002215,4
SAM2-2002005,4
NUO2-04200031,4
NUO2-04900116,4
NUO2-09000009,4
SAE2-9141018,4
SAE2-9141034,4
SAE2-9161050230,4
SAE2-9161112150,4
SAE2-9161132,4
NUO2-01200005,4
NUO2-01200006,4
NUO2-03000067,4
NUO2-04900027,4
NUO2-07300105,4
NUO2-07300119,4
NUO2-08000013,4
NUO2-07300201,4
ELO2-E0467,4
ELO2-R0182,4
ELO2-R0302,4
RAN2-26105005,4
RAN2-38120062,4
RAN2-38120063,4
RAN2-34020025,4
ROE2-104178,4
ROE2-507075,4
SIR2-19700332,4
SIR2-SM370101,4
PIE2-FUSE,4
ELO2-E0471,4
ROE2-29506,4
ROE2-29512,4
LKK2-TOP-PLATE,4
COF2-231,4
SIR2-IB2100910,4
NUO2-04200051,4
NUO2-05000182,4
POE2-G173807,4
ROL2-B04034,4
LIN2-EL24,4
LIN2-EL93,4
LIN2-EL101,4
LIN2-KN57,4
LIN2-KN92,4
RHE2-10082,4
LKK2-BURNER,4
SIR2-SM592021,4
AMA2-10366902,4
AMA2-B5684111,4
AMA2-D7670302,4
AMA2-M0805202,4
AMA2-10169101Q,4
WOL2-770517-04,4
WOL2-719255,4
WOL2-720133,4
WOL2-719135,4
WOL2-720136,4
WOL2-713933,4
WOL2-719383,4
WOL2-719385,4
WOL2-719376,4
RAN2-14705001,4
RAN2-36301027,4
EDL2-S275,4
RAN2-69000274,4
BER2-BR-IR412,4
FAG2-R612103,4
FAG2-X343002,4
MON2-1295-5,4
MON2-22325-5,4
RAN2-34200044,4
WIN2-3102169,4
COF2-CONDENSER360,4
COF2-EVAPORATOR-UNIT,4
CEC2-L266A,4
RON2-123592,4
RON2-50001,4
RAN2-10060459,4
RAN2-34011002,4
RAN2-35002507,4
RAN2-25119005,4
SIR2-MF0102,4
SIR2-MF0143+MF2127,4
SIR2-MF0127,4
LKK2-PLATE-6(TC22),4
SIR2-28102212X,4
SIR2-LF1134002,4
SIR2-6205Z,4
SIR2-LF2033505,4
FRA2-21550015,4
FAM2-F0131-45,4
LKK2-TJ12-09,4
HAT2-0503006,4
GMI2-512139,4
HAT2-0530082,4
SAM2-4039095,4
FAM2-F0043,4
FAM2-F0045,4
TRI2-TS-10000-14,4
SAM2-2140282,4
SAM2-2140531,4
SAE2-9990001,4
SIR2-IB1981430,4
SIR2-IB4004020,4
ROL2-A18013,4
ROL2-D02097,4
WIN2-3109064,4
WIN2-61002391,4
WIN2-70200219,4
WIN2-702002924,4
WIN2-65002080,4
WIN2-3111100,4
WIN2-3501017,4
WIN2-2802305,4
WIN2-3113040,4
WIN2-3124162,4
WIN2-3501187,4
WIN2-3501188,4
WIN2-70002054,4
WIN2-3124144,4
SIR2-19337054,4
SIR2-19365010,4
ZAN2-MANI0110,4
COF2-EVAPORATOR-UNIT-NEW,4
LKK2-BEARING(RG30-11),4
LKK2-BELT(B60),4
LKK2-CHAIN(RG24-7),4
LKK2-HEATER(RG30-11),4
LKK2-PLATE-6(TC12I),4
LIN2-NE28,4
ZNS2-068642,4
ZNS2-049593,4
ROB2-EC0044,4
FAG2-Z710711,4
FAG2-Z710713,4
FAG2-Z710712,4
FAG2-Z650704,4
FAG2-Z200705,4
FAG2-Q307051,4
FAG2-Q307050,4
FAG2-Z710714,4
FAG2-Z200704,4
FAG2-T133036000,4
FAG2-T133037000,4
RAN2-34200267,4
GRC2-S077,4
GRC2-S130,4
GRC2-S001,4
ROB2-EC0043,4
ROL2-A03010(FC110E),4
RAN2-38125014A,4
PIT2-B6700605-C,4
COG2-141008,4
COG2-141009,4
COG2-80174,4
JTA2-301040775,4
JTA2-301030017,4
JTA2-302050045,4
JTA2-301030002,4
JTA2-301020006,4
JTA2-301010024,4
JTA2-301040084,4
JTA2-301030008,4
HAM2-990349200,4
TOP2-30600181,4
LIN2-SO23,4
HAT2-053011500,4
TS2-001019-45,4
PIT2-60078502,4
PIT2-B6700601-C,4
SIR2-LF1050103,4
SIR2-IB4003012,4
SKP2-PM002S0050,4
SKP2-G8F5000200,4
SKP2-PM009H0110,4
TBA2-KR99000101,4
BER2-CD-095A,4
COG2-65787,4
SIR2-IW1471220425,4
LKK2-IND350BK-10,4
LKK2-IND350K-1,4
LKK2-IND350K-6,4
LKK2-IND350K-7,4
LKK2-IND350K-8,4
LKK2-IND350W-9,4
LKK2-IND350W-10,4
LKK2-IND350W-11,4
LKK2-IND350W-12,4
LKK2-IND350W-16,4
LKK2-IND350W-17,4
LKK2-IND350W-22,4
LKK2-IND300T-4,4
LKK2-IND300T-5,4
LKK2-IND300T-6,4
LKK2-IND300T-11,4
LKK2-IND300T-12,4
LKK2-IND350T-1,4
LKK2-IND350T-3,4
LKK2-IND350T-14,4
BER2-GS-M1071-UR-2-SM,4
KIT2-4159514,4
KIT2-3400018,4
KIT2-3180238,4
SAM2-2009313,4
BER2-LE-LAMP4WW,4
BER2-PL-JD-RL,4
ROL2-Z01999,4
BES2-22062600,4
BES2-22050300,4
ROB2-PC0075,4
ROB2-TC0009,4
BES2-25081400,4
BES2-25081600,4
BES2-25982800,4
BES2-40112000,4
SIR2-19500501,4
LKK2-TJ32-15,4
BES2-40113000,4
SIR2-19521610-02,4
LKK2-HANDLE-(WF-101),4
BER2-BN-RW9.5,4
BER2-KN-K316,4
BES2-25108000,4
SIR2-LF1043150,4
HAM2-990185700,4
HAM2-990167310,4
HAM2-990167360,4
LAC2-496053000,4
PMF2-5T010301,4
PMF2-5S010052,4
PMF2-5R500019,4
PMF2-7M010000,4
PMF2-5M100010,4
SIR2-19300207,4
BER2-BK-13F-N-N-1,4
PMF2-4T060050,4
SIR2-19300107N,4
SIR2-LF1530030I2,4
SIR2-19300208,4
SIR2-MSC04N010,4
LIN2-KN249,4
LIN2-KN248,4
LIN2-KN247,4
MID2-69497,4
SKP2-PM022H0020,4
SKP2-PM002H0010,4
TBA2-G8F6000100,4
TBA2-K1F0129105,4
HAM2-UP91605,4
MID2-72797,4
MID2-71813,4
MID2-33363,4
MID2-72760,4
SIR2-19410712,4
JTA2-301110061,4
ROE2-89627,4
ROE2-500527S,4
ROE2-502670S,4
ROE2-89569,4
SIR2-MF2102,4
CAS2-3341133478,4
CAS2-965213000,4
CAS2-965450000,4
CAS2-968045000,4
JTA2-20141016002,4
JTA2-301030070,4
ROB2-MC0938,4
ROB2-PC0416,4
ROB2-PC0448,4
ROL2-A16012,4
SIR2-19021461.12,4
ZNS2-0C3644,4
ZNS2-0C0190,4
ZNS2-059216,4
ZNS2-059380,4
ZNS2-0C6235,4
HOU2-30700072,4
BER2-HG-SDH-U-R,4
BER2-HG-SDH-M-L,4
HAM2-CG91605,4
HAM2-260054001,4
HAM2-LH91605,4
JTA2-301040409,4
JTA2-301040408,4
JTA2-301040093,4
JTA2-301080081,4
JTA2-302110567,4
SIR2-GRG102405,4
SIR2-GRG100379,4
MID2-66317,4
MID2-69582,4
JTA2-302250037,4
ROL2-E02006,4
ROL2-SA06057,4
ROL2-SH01137,4
ROL2-SH01038,4
ROL2-F07046,4
SIR2-LF1443120,4
MMT2-59001659,4
MMT2-12133901,4
ZAN2-ELET0825,4
LKK2-IND300T-001-003,4
CTX2-72374,4
CTX2-35000-1531,4
CTX2-68150,4
CTX2-68153,4
JTA2-302200581,4
ETF2-HC153138,4
ETF2-HC138940,4
ETF2-HC159363,4
ETF2-HC136860,4
ETF2-HC165179,4
ETF2-HC165010,4
ETF2-HC162605,4
ETF2-HC114982,4
ETF2-HC116938,4
ETF2-HC137896,4
ETF2-HC165131,4
ETF2-HC165430,4
ETF2-HC165415,4
MID2-69197,4
SKP2-HR81410300,4
ROB2-ES0321,4
KIT2-9709267,4
CTX2-65806,4
CTX2-69557,4
CTX2-27480-0001,4
CTX2-70756,4
CTX2-70697,4
MBM2-171437,4
MBM2-174332,4
MBM2-174322,4
MBM2-181529,4
MBM2-RTCU900027,4
MBM2-RTCU900026,4
MBM2-RTCU900004,4
MBM2-RTCU900413,4
MBM2-RTCU600080,4
MBM2-RTBF800020,4
MBM2-RTCU700648,4
SIR2-IV76C5X5X20,4
TBA2-BS81900403,4
MID2-72554,4
LKK2-PCP005-3,4
LKK2-PCP020,4
ASL2-SENSOR-DW,4
COG2-927106,4
JTA2-20140025019,4
JTA2-20240025104,4
JTA2-301080034,4
JTA2-302050031,4
JTA2-302120167,4
CTX2-60123,4
MID2-55567,4
PIT2-60068301,4
SIR2-19401542.09,4
ROL2-D04037,4
SIR2-193360630,4
JTA2-302130413,4
PIT2-BO10144,4
SKP2-PM009H0061,4
VRM2-56AR31-107M,4
VRM2-R40-85.1,4
VRM2-R40-31,4
VRM2-R40-32,4
VRM2-R40-78.5M,4
BER2-SPO-P-C1908077A,4
BER2-NT-DF-2-3D-S,4
BER2-SPO-P-C1910107A,4
JTA2-302190066,4
SIR2-19335011,4
SIR2-19336052,4
SIR2-19346015,4
SIR2-19390132,4
ROE2-39790,4
COG2-75873,4
COG2-75639,4
RJ2-SPFCS-0086,4
SKP2-K3F2500300,4
LIN2-GA80,4
COG2-80679,4
SIR2-LF1433003,4
ROE2-402961,4
SIR2-19800007,4
SIR2-19530905,4
SIR2-MSC09V062,4
SIR2-MSC04N214,4
BAR2-BR-3006,4
SAN2-33106,4
LAC2-803140023,4
LAC2-803130027,4
LAC2-803140045,4
LAC2-803140003,4
LAC2-803130057,4
LAC2-803130056,4
LAC2-803140039,4
LAC2-4731112143,4
HAM2-990033400,4
EDL2-S229,4
SIR2-LF2001014,4
SAN2-33207,4
SIR2-28100806X,4
SIR2-281012035X,4
ROB2-MS0082,4
HAT2-X030206300,4
HAT2-X021210300,4
HAM2-990043600,4
WIN2-71001455,4
WIN2-70006466,4
RON2-122773T02,4
RON2-122781,4
LKK2-25-40-7,4
JTA2-302080027,4
VRM2-AR005-378-TS003,4
MID2-72128,4
SIR2-EK008BS031,4
ROL2-E02210,4
COG2-308039,4
COG2-454007,4
COG2-74935,4
BER2-CM-SR-117U6016,4
TBA2-K2D9000308,4
TBA2-K3F5104002,4
SIR2-LF1010004,4
BKP2-AS-R3034X,4
BER2-72MF260V,4
ROE2-89624,4
ROE2-39349,4
ROE2-117610,4
LTE2-N8001-M,4
RAN2-27400002,4
SIR2-19700306,4
SIR2-SM370103,4
SIR2-19534038,4
SIR2-19533765,4
SIR2-19533764,4
SIR2-19563213,4
SIR2-19563206,4
SIR2-LF2007007,4
LAC2-803130025,4
LAC2-803180011,4
LAC2-4701026621,4
LAC2-3445134119,4
LAC2-965029000,4
LAC2-803190015,4
LAC2-803140010,4
LAC2-803130048,4
LAC2-530107400,4
LAC2-418014000,4
PIT2-P5045044,4
PIT2-PP10559,4
HAT2-050904200,4
LAC2-915267014,4
ZAN2-TERM0023,4
ZAN2-ELET0327,4
HAM2-990072200,4
ROB2-SS1205,4
BES2-25111400,4
BES2-25760000,4
BES2-25610000,4
BES2-33059200,4
BES2-22016500,4
CAS2-958204000,4
CAS2-3951133673,4
CAS2-913438000,4
CAS2-401183010,4
PIT2-B3900701,4
ROE2-39906,4
WIN2-3102431,4
MBM2-RTCU700296,4
SIR2-IGS109013,4
SIR2-IGS109023,4
TBA2-T07A510060,4
BES2-31972700,4
SIR2-IW1471240015,4
LAC2-803190021,4
LAC2-803130012,4
LAC2-803190017,4
LAC2-532731800,4
LAC2-590715000,4
LAC2-4081021923,4
LAC2-465027021,4
LAC2-465408010,4
LAC2-465144000,4
LAC2-465025000,4
LAC2-465401000,4
LAC2-965216000,4
LAC2-465285010,4
LAC2-465311011,4
LAC2-592782001,4
LAC2-465405001,4
LAC2-532001008,4
CAS2-590791010,4
LAC2-465318000,4
LAC2-465460010,4
MID2-33900-0089,4
WIN2-3103014,4
LKK2-HS80-46,4
HOU2-014070,4
HOU2-067400,4
HOU2-058199,4
HOU2-30800047,4
HOU2-20600007,4
HOU2-011195,4
HOU2-016443,4
HOU2-30400031,4
HOU2-30800016,4
HOU2-30400062,4
HOU2-30220071,4
HOU2-30800010,4
EKA2-11972309202,4
EKA2-11972639202,4
EKA2-11972669202,4
LKK2-LSP520-29-5,4
EKA2-01981599512,4
COG2-80632,4
COG2-143173,4
COG2-DWD3,4
COG2-80117,4
COG2-80677,4
COG2-80283,4
CEC2-C359A,4
COG2-461010,4
COG2-106036,4
COG2-199052,4
COG2-303018,4
COG2-315024,4
COG2-80376,4
COG2-75058,4
COG2-75057,4
COG2-927013,4
COG2-108006C,4
COG2-230111,4
COG2-035031,4
COG2-143240,4
COG2-143005,4
COG2-209025,4
COG2-106008,4
COG2-80345,4
COG2-124039,4
COG2-124053,4
COG2-307003,4
COG2-304021,4
COG2-311019,4
HAM2-990075900,4
MID2-65904,4
HAT2-X030205100,4
HAT2-X030206600,4
BER2-AP-4537B-S,4
SIR2-19562202,4
SIR2-AMA092,4
SIR2-AMG670,4
PIT2-B8704701-CL,4
MID2-32570,4
UNO2-KRS1215A,4
ROE2-59560,4
CAM2-60293,4
SIR2-GM5636950D,4
EKA2-09988848000,4
HAT2-X020650400,4
HAT2-X021613400,4
HAT2-X020124300,4
HAT2-X070351600,4
HAT2-X021917900,4
ROB2-DC0100,4
TBA2-K3F3201100,4
TBA2-K2R4200302,4
TBA2-KR8AF00200,4
TBA2-KR2AF00100,4
TBA2-KR59000100,4
LIN2-TH46,4
SIR2-SM591531,4
SIR2-SM19015004,4
SIR2-19562702,4
HAT2-040514300,4
ROL2-37022,4
BES2-31927000,4
LKK2-009-181,4
ROB2-VS0251,4
MID2-60671,4
SIR2-19336007,4
TS2-013839-25,4
PIT2-60149501-CL,4
LKK2-35X52X12,4
HOU2-30100125,4
HOU2-30100119,4
HAM2-990142600,4
HOU2-32700220,4
CAS2-965243000,4
CAS2-965228000,4
CAS2-4991133594,4
CAS2-4814133684,4
BER2-HT-L-TYPE,4
WIN2-2105304,4
SIR2-FC99994016,4
HAM2-990158230,4
HAT2-050602800,4
SAN2-01205,3
SAN2-01226,3
SAN2-01500,3
SAN2-01600,3
SAN2-01206,3
ROB2-HP1500-21,3
ROB2-HC0096,3
HAM2-210022800,3
HAM2-31319110000,3
HAM2-280020500,3
HAM2-280022200,3
HAM2-31029330000,3
GOL2-47107,3
EDL2-A284,3
EDL2-A288,3
SAN2-28875,3
SAN2-28897,3
BIR2-131,3
BIR2-16155-2B,3
BIR2-16159,3
SAN2-37442,3
WES2-P168-45D,3
WIS2-196,3
SAN2-50825,3
SAN2-50413,3
SAE2-123740521,3
SAE2-127470920,3
SAE2-145800759,3
SAE2-146570450,3
SAE2-147713565,3
SAE2-220640500,3
TOL2-D82C,3
REG2-037-57,3
REG2-107,3
REG2-146,3
REG2-144-62,3
FAG2-X033008,3
SUT2-31,3
GOL2-87086,3
GOL2-87399,3
HAM2-990035300,3
HAM2-910193920,3
LAS2-108108V,3
LAS2-109085,3
LAS2-202116,3
HAM2-31609360000,3
ROB2-AF25-45,3
ROB2-AF50-22,3
NUO2-16100037,3
NUO2-16100072,3
NUO2-16300001,3
NUO2-16300008,3
NUO2-16300010,3
NUO2-16300031,3
NUO2-16300062,3
NUO2-16300096,3
NUO2-16300128,3
NUO2-16300078,3
WYO2-83240,3
DIH2-13025,3
TS2-001637-45,3
TS2-001661-45,3
TS2-000842-20,3
TS2-001097-45,3
TS2-000895-45,3
ROL2-D01003,3
CEC2-G237A,3
ROE2-302033,3
ROE2-101163,3
SAM2-2509157,3
CEC2-M600A,3
CON2-92001,3
CON2-92079,3
CON2-92140,3
WAR2-002930,3
WAR2-013470,3
WNK2-11,3
WNK2-HANDLE,3
STA2-2A-Y7658,3
STA2-2A-Y9637,3
STA2-2I-Y4143,3
STA2-2V-Y4138,3
LIN2-KS19,3
FAG2-0631000,3
FAG2-U264398,3
RHE2-5769,3
WOL2-719257,3
ZAN2-RESI0036,3
ZAN2-ELET0035,3
ZAN2-BOCC0006,3
CEC2-H051A,3
CEC2-L238A,3
ROE2-29599,3
ROL2-F04013,3
LTE2-CF213,3
WYO2-8731400,3
WYO2-56527,3
CRA2-2305,3
FRA2-400534,3
BER2-DW019,3
BER2-FE-BLOW040,3
HAM2-280082600,3
EGO2-KNOB,3
FRA2-300914,3
LIN2-KN125,3
LIN2-KN119,3
BER2-PL-GCS,3
ELO2-227005,3
ZAN2-RESI0020,3
RAN2-36930012,3
BER2-HT-ER2340,3
CEC2-B069A,3
CEC2-H115J,3
BER2-ESM008,3
RHE2-11010,3
RHE2-6,3
SAM2-4420010,3
ROB2-HC0047,3
ROB2-HC0049,3
ROL2-A07015,3
ROL2-B04039,3
HAT2-0219015,3
HAT2-0530026,3
HAT2-R0205016,3
FAG2-Q307047,3
FAG2-X366502,3
FAG2-X376502,3
FAG2-X763021,3
FAG2-X036107,3
FAG2-X312400,3
FAG2-Z680741,3
FAG2-Z853003,3
FRA2-278170,3
HAT2-0216058,3
FRA2-100672,3
FRA2-100947,3
FRA2-400354,3
FRA2-400625,3
BER2-415X418-A,3
MON2-2202-0,3
MON2-23220-3,3
WYO2-2091912,3
WYO2-705462,3
RHE2-08099,3
RHE2-08172,3
RHE2-GRP66,3
BER2-GL-GR003R,3
LIN2-EL50,3
ROL2-116010,3
ROL2-E01005,3
HAT2-0205317,3
HAT2-0205095,3
HAT2-0216028,3
HAT2-0205096,3
WIN2-3103082,3
WIN2-62003015,3
WIN2-62003406,3
WIN2-2106329,3
WIN2-2707024,3
WIN2-3102215,3
WIN2-3126009,3
WIN2-620013342,3
WIN2-620020044,3
WIN2-2803266,3
WIN2-3102275,3
WIN2-2710015,3
WIN2-3102203,3
WIN2-3124222,3
WIN2-60003005,3
WIN2-60003160,3
WIN2-60003264,3
WIN2-60003517,3
WIN2-60003281,3
WIN2-60003643,3
LIN2-EL105,3
WIN2-5510015,3
WIN2-2101302,3
WIN2-2910238,3
WIN2-3124165,3
WIN2-3503004,3
WIN2-4001024,3
WIN2-61002343,3
WIN2-65002754,3
WIN2-2907303,3
WIN2-61004059,3
WIN2-2110305,3
WIN2-61004885,3
WIN2-61005204,3
WIN2-3108116,3
WIN2-61004859,3
WIN2-80003155,3
WIN2-2020307,3
WIN2-2020308,3
WIN2-2707073,3
WIN2-2710010,3
WIN2-3106186,3
FAG2-Z952201,3
FAG2-R662662,3
FAG2-R253042,3
FAG2-R665003,3
FAG2-R260544,3
FAG2-R260543,3
FAG2-R662809,3
FAG2-R662810,3
FAG2-R663016,3
FAG2-Z103066,3
FAG2-Z203008,3
FAG2-R143000,3
ELO2-B329,3
BER2-HT-HP1.5KW,3
LIN2-HO10,3
LIN2-HO11,3
LIN2-KN62,3
RAN2-34150015,3
WNK2-JD-COVER(C),3
RAN2-10042101,3
RAN2-28250045,3
RAN2-33122016,3
RAN2-34030012,3
RAN2-34030014,3
RAN2-36220017,3
RAN2-38123013,3
LIN2-KN52,3
LIN2-KN39,3
ROB2-LT20-13A,3
ROB2-LT40-15,3
RAN2-33122014,3
RAN2-34020022,3
RAN2-38121015,3
RAN2-20121101,3
RAN2-25129001,3
SAM2-2001525,3
SAM2-2009077,3
SAM2-2009078,3
NUO2-00000065,3
NUO2-00200011,3
NUO2-03000322,3
NUO2-04900117,3
NUO2-06200008,3
NUO2-07300060,3
NUO2-07300092,3
NUO2-07300166,3
NUO2-07300292,3
NUO2-08000026,3
NUO2-98003017,3
SAE2-9111027160,3
SAE2-9161110,3
SAE2-NE05023,3
NUO2-02290019,3
NUO2-04000167,3
NUO2-04200033,3
NUO2-04200044,3
NUO2-14100035,3
NUO2-14100037,3
NUO2-05000106,3
NUO2-73006003,3
NUO2-00300022,3
NUO2-08000050,3
NUO2-07300312,3
ELO2-E0173,3
ELO2-E0231,3
ELO2-E0237,3
ELO2-E0268,3
ELO2-H0248,3
ELO2-H0630,3
ELO2-K0435,3
ELO2-N0306,3
ELO2-V0600,3
RAN2-21208501,3
RAN2-34020112,3
RAN2-37060645,3
RAN2-38123002,3
RAN2-22208501,3
RAN2-26208006,3
RAN2-14000022,3
RAN2-14701011,3
RAN2-22104001,3
RAN2-38125008,3
RAN2-23214019,3
BES2-25021400,3
BES2-23063000,3
ELO2-227007,3
ROE2-29538,3
ROE2-102940,3
LTE2-N6102,3
LTE2-N6105,3
RAN2-34030032,3
NAY2-GS2867,3
NAY2-GS4021,3
BET2-037616,3
NUO2-04200052,3
NUO2-07300293,3
NUO2-03000077,3
NUO2-07300358,3
SAM2-2019030,3
SAV2-51070,3
CHR2-39-B,3
LIN2-M011,3
LIN2-SW11,3
LIN2-KN53,3
ROB2-PS50-05,3
ROL2-D01027,3
ROE2-27135,3
ROE2-39380,3
ROE2-29097,3
ROE2-29336,3
AMA2-C8943002Q,3
WOL2-713656,3
WOL2-770085,3
WOL2-713657,3
RAN2-38123040,3
SAE2-9161222,3
SAE2-NV99001,3
ROL2-401035,3
EDL2-H063,3
RAN2-21201452,3
RAN2-35002504,3
RAN2-10060162,3
RAN2-38123503,3
BER2-CS-IR412,3
VUL2-404145-1,3
VUL2-405655-1,3
VUL2-405655-4,3
MON2-1012-0,3
FAG2-X343001,3
FAG2-S116122,3
FAG2-U325707,3
FAG2-X343015,3
MON2-1300-5,3
ROL2-A15018,3
RAN2-34030038,3
COF2-64.01,3
COF2-153,3
COF2-S-S-FRONT,3
CEC2-L292A,3
RON2-50417,3
RON2-12054,3
STA2-2E-Z2125,3
STA2-2E-Z2139,3
STA2-2E-Z2974,3
RAN2-10110167,3
ROB2-105053,3
HAT2-0501023,3
GMI2-11109,3
GMI2-512184,3
HAT2-050302200,3
HAT2-0509025,3
SAM2-4600420,3
SAM2-4039042,3
SAM2-4039035,3
TRI2-TS-1201,3
BER2-COVER-U10,3
AMA2-10766601,3
SAM2-2141377,3
SAM2-2149251,3
SAM2-2149148,3
ROL2-SA18027,3
ROL2-SA03018,3
WIN2-3104131,3
WIN2-3113073,3
WIN2-650020793,3
WIN2-650020804,3
WIN2-702000854,3
WIN2-2801026,3
WIN2-62002145,3
WIN2-80001902,3
WIN2-3124194,3
WIN2-70003000,3
WIN2-70003003,3
WIN2-2208515,3
WIN2-2813019,3
WIN2-2903002,3
WIN2-3106080,3
WIN2-5505036,3
WIN2-5516069,3
WIN2-3108062,3
WIN2-2813020,3
RAN2-10705215,3
SEV2-00144,3
ZNS2-0C7425,3
ZAN2-TERM0093,3
VRM2-AR40PH-604M,3
COF2-32(PEDDLE-SWITCH),3
KIT2-W10504114,3
KIT2-W10462785,3
KIT2-9706885,3
KIT2-W10461707,3
ZNS2-048236,3
ZNS2-048231,3
ZNS2-048230,3
ZNS2-048229,3
ZNS2-048853,3
BEN2-2002,3
BES2-31613800,3
FAG2-X012117,3
FAG2-Q307059,3
FAG2-Z740702,3
ROE2-29192,3
ROE2-39192,3
ROE2-29487,3
FAG2-LV321300,3
GRC2-S081,3
COG2-236052,3
JTA2-301040081,3
JTA2-301040082,3
JTA2-301040072,3
JTA2-301110288,3
JTA2-301040094,3
JTA2-301040034,3
JTA2-301030043,3
JTA2-301040537,3
JTA2-301040538,3
JTA2-301110041,3
JTA2-302020036,3
JTA2-301030111,3
JTA2-302110021,3
TOP2-M-098-SV,3
CMD2-PLANO2007A,3
BER2-NT-7C-M,3
CTX2-3003839,3
RAN2-34030110,3
HAT2-R0208228E00,3
LAC2-402195000,3
LAC2-531492900,3
LAC2-535668000,3
LAC2-532392810,3
ROE2-39743,3
PIT2-B8039518-C,3
PIT2-60130806,3
PIT2-P5046626,3
PIT2-PP11124,3
ROE2-101208,3
LIN2-LA94,3
LIN2-KN148,3
WIN2-3105149,3
HOU2-058031,3
HOU2-058033,3
SKP2-PM021H0020,3
SKP2-PM013H0010,3
SKP2-PM013S0010,3
TBA2-KR53300105,3
CAM2-ADCRCT4-110,3
TBC2-FRE-1176,3
RON2-55316,3
RON2-55317,3
RON2-55220,3
BER2-PL-JD-DT,3
KIT2-9704608,3
KIT2-4162022,3
KIT2-240494-2,3
LIN2-CO111,3
ROL2-E01001,3
ROL2-E02077,3
ROL2-D01021,3
ROB2-PC0307,3
BER2-LE-EAS10HL,3
GRC2-S045,3
BER2-C-OB123NUT,3
BER2-OP-DRO-SH,3
BER2-PL-ESMB,3
BER2-HL-ESM,3
BER2-BN-RW12.5,3
BER2-C-CG11C,3
BER2-NT-ESM44,3
BER2-NT-ESM55,3
BER2-HL-KM520,3
BES2-32070300,3
BES2-25164500,3
BES2-25051700,3
BES2-23105800,3
BES2-31613700,3
HAM2-990167305,3
HAM2-990167350,3
ROL2-B06010,3
ROL2-B06012,3
LAC2-915789000,3
LAC2-3501117396,3
PMF2-5P030001,3
PMF2-4P100007,3
PMF2-5V010015,3
PMF2-5G100001,3
PMF2-5R050415,3
PMF2-5P050040,3
PMF2-5T100001,3
PMF2-5M500005,3
BER2-DR-07HGLH,3
BER2-DR-08HGRH,3
BER2-SW-PS100,3
BER2-CFB10W,3
SAN2-53316,3
BKP2-2A-R3025A,3
BKP2-H1008K,3
BKP2-T1210U,3
TBA2-S120920100,3
COG2-437104,3
COG2-65951,3
TBA2-T07A990011,3
HAT2-R02.09.002.00,3
CAM2-PK57003,3
LIN2-FE01,3
LIN2-EC04,3
LIN2-FE35,3
BES2-32811600,3
PIT2-P6071780,3
PIT2-60130901,3
PIT2-PP11337,3
EDL2-F052,3
BES2-30064900,3
SKP2-PM009H0070,3
UNO2-XRF008,3
TBA2-K3F5104001,3
TBA2-KR99860101,3
CAS2-538037000,3
EDL2-I064,3
MID2-59562,3
SKP2-PM009H0050-O,3
TBA2-KR99800200,3
SKP2-PM002S0512,3
EDL2-A7204,3
EDL2-C0844,3
ROE2-106257,3
ROE2-101105S,3
ROE2-102031S,3
ROE2-102921S,3
ROE2-103681S,3
ROE2-117092S,3
ROE2-503268S,3
CAS2-968024010,3
CAS2-531494100,3
JTA2-302010344,3
ROB2-PC0453,3
TBA2-K1F0516100,3
TBA2-K1F0516200,3
ZNS2-0C8714,3
ZNS2-052725,3
ZNS2-0A2650,3
ZNS2-0C7571,3
ZNS2-057728,3
ZNS2-002272,3
ZNS2-053705,3
ZNS2-0A2472,3
ZNS2-003551,3
ZNS2-0C2669,3
ZNS2-0C4691,3
ZNS2-0C4279,3
ZNS2-0A5439,3
ZNS2-054039,3
ZNS2-0C7232,3
ZNS2-005011,3
ZNS2-005382,3
ZNS2-052330,3
ZNS2-0C4749,3
ZNS2-059293,3
ZNS2-059295,3
ZNS2-0C0730,3
HOU2-30800098,3
BER2-NT-UR2D-C,3
HAM2-960039000,3
JTA2-20140068006,3
ROE2-600087S,3
ROE2-501258S,3
ROE2-59210,3
JTA2-301110169,3
JTA2-302130041,3
JTA2-302150075,3
JTA2-302250117,3
MID2-73491,3
JTA2-301010121,3
ROL2-SB07023,3
JTA2-301040546,3
HAT2-020571600,3
HAT2-R053002900,3
HAT2-041654700,3
BER2-DC-3D-M,3
CTX2-65554,3
SKP2-PM002H0040,3
ROL2-SA13001,3
ROL2-SH01033,3
ROL2-E02149,3
ROL2-B09008,3
MMT2-B5795319,3
MMT2-44780P01,3
ZAN2-TERM0076,3
ZAN2-UNI6604-A-8X30,3
ZAN2-UNI6604-A-8X45,3
ZAN2-UNI6604-A-8X50,3
COG2-80179,3
ETF2-HC151097,3
ETF2-HC150845,3
ETF2-HC119306,3
MID2-72456,3
GLO2-X30043,3
GLO2-X40061,3
GLO2-X60070-2,3
GLO2-X40047,3
KIT2-4176209,3
ROL2-15252SE,3
KIT2-16998,3
KIT2-9709707,3
JTA2-301110138,3
CTX2-69711,3
MBM2-RTCU700649,3
MBM2-RTCU700623,3
KIT2-3177925,3
VRM2-AR005-034-TD001,3
VRM2-AR005-378-TS001,3
ROE2-59282,3
BER2-PL-JD-MGS,3
JTA2-20228005012,3
JTA2-302250029,3
MID2-61823,3
TBC2-101274,3
PIT2-PP10331,3
MBM2-RIC0002758,3
MBM2-RIC0002286,3
WIN2-2010310,3
ROE2-27254,3
COG2-74073,3
JTA2-301070087,3
JTA2-301070062,3
JTA2-301110059,3
JTA2-301130026,3
JTA2-301130061,3
JTA2-301130067,3
JTA2-302110041,3
JTA2-302190001,3
JTA2-302250034,3
ROE2-39754,3
RJ2-FC1600-008,3
HAT2-021816101,3
RON2-52976,3
HAM2-990292300,3
HAM2-990294000,3
VRM2-AR40PH-128,3
VRM2-CR30-129,3
VRM2-R40-1M5,3
VRM2-R40-30Z,3
VRM2-AR41-33.5Z,3
VRM2-AR40PH-68,3
VRM2-AR40PH-63M,3
VRM2-R60-110,3
VRM2-AE61-92,3
VRM2-AR40PH-63Z,3
VRM2-08030-0804,3
VRM2-AR31-194.53M,3
VRM2-56AR31-102.1,3
PIT2-60070701,3
PIT2-60089601-C,3
JTA2-302090030,3
MBM2-175753,3
SKP2-AM013S0091,3
SKP2-P993200800,3
HAM2-990207301,3
ROE2-117009,3
HOU2-20800166,3
HOU2-30920000,3
SKP2-G8F3200602,3
SKP2-G8F3200701,3
SKP2-ST45W00200,3
LIN2-HI183,3
SAN2-62303,3
BER2-VA-0.8,3
BER2-VA-1.6,3
COG2-144010NT,3
SKP2-K3F6500200,3
SKP2-K3F3200901,3
JTA2-302090022,3
VRM2-AR005-010-TZ001,3
VRM2-AR005-213-TZ001,3
KIT2-4159001,3
LAC2-803130044,3
LAC2-2211130305,3
ROE2-29940,3
HAM2-990033900,3
HAM2-990064700,3
HAM2-990040300,3
HAM2-990065100,3
ROL2-36008COM,3
ROE2-510212,3
HAT2-R020300102,3
RAN2-10110433,3
RAN2-38228066,3
SUT2-6202-2RS-16,3
HAM2-990049700,3
ROB2-EC0028,3
ROE2-89612,3
ROE2-89575,3
HAM2-990042400,3
WIN2-2707075,3
WIN2-71002591,3
PIT2-PP10984,3
RON2-98150,3
RON2-10248,3
RON2-122775T02,3
RON2-122774T05,3
WIN2-60003512,3
JTA2-301110492,3
JTA2-302250179,3
MID2-60123,3
MID2-65173,3
MID2-73722,3
MID2-73727,3
ROL2-B06063,3
VRM2-R60-85.1,3
HAM2-990073900,3
COG2-429077,3
COG2-136031,3
COG2-209042,3
ROB2-MS0001,3
ROB2-PC0294,3
ROB2-PC0633,3
EDL2-A7564,3
TBA2-08R7400804,3
TBA2-K2D9000307,3
TBA2-KR89000103,3
COG2-77068,3
BER2-SPO-R-C2204032F,3
BER2-SPO-R-C2204032G,3
BER2-SPO-R-C2204032I,3
BER2-SPO-R-C2204032J,3
BER2-SPO-R-C2204032K,3
HAM2-990341800,3
HAM2-990338700,3
MID2-70049,3
ROL2-35104,3
HAM2-990339600,3
HAM2-990341500,3
ROE2-39334,3
ROE2-29968,3
ROL2-F01046,3
LAC2-803130060,3
LAC2-803130011,3
LAC2-803180006,3
LAC2-803140050,3
LAC2-990728000,3
LAC2-990710000,3
LAC2-2211133621,3
PIT2-60126001,3
PIT2-P5046686,3
HAT2-050701100,3
HAT2-040538600,3
LAC2-220000017,3
ZAN2-RESI0054,3
SAN2-37120P,3
HAM2-990076201,3
HAM2-990071900,3
HAM2-990071700,3
HAM2-990078700,3
HAM2-990079200,3
HAM2-990072300,3
BES2-25077900,3
BES2-25763000,3
BES2-25589700,3
BES2-25081800,3
BES2-31643600,3
BES2-22016200,3
BES2-32714400,3
BES2-31502300,3
BES2-32714900,3
NUO2-4030030,3
CAS2-457058000,3
CAS2-4771021994,3
CAS2-958203000,3
CAS2-915194000,3
CAS2-531194700,3
MID2-15125-0002,3
WIN2-60003043,3
WIN2-61005339,3
CAM2-ADCRCT4-401,3
TBA2-T07A620040,3
TBA2-T07A060090,3
ROB2-MS0109,3
ROB2-MC1808,3
TOP2-XDF-5100N,3
LAC2-531491400,3
LAC2-803130008,3
LAC2-803190019,3
LAC2-803190039,3
LAC2-465875000,3
LAC2-4831133989,3
LAC2-4701134698,3
LAC2-465181000,3
LAC2-465183010,3
LAC2-465006030,3
LAC2-465135000,3
LAC2-465403000,3
LAC2-537020300,3
LAC2-465578014,3
LAC2-465050031,3
LAC2-465140040,3
LAC2-465432000,3
LAC2-465990010,3
LAC2-465133010,3
LAC2-532802700,3
LAC2-531401900,3
CAS2-457895000,3
LAC2-4533132616,3
MID2-27159-0019,3
MID2-42810-0120,3
MID2-22152-0017,3
MID2-37000-0408,3
MID2-22450-0001,3
MID2-33900-0032,3
MID2-22152-0018,3
MID2-33812-3,3
MID2-50275,3
MID2-37115-0102,3
HOU2-066020,3
HOU2-055920,3
HOU2-20400051,3
HOU2-20400060,3
HOU2-32700086,3
HOU2-30400005,3
HOU2-20400052,3
HOU2-20400053,3
HOU2-30400088,3
HOU2-20400058,3
HOU2-30400094,3
HOU2-20400238,3
HOU2-30400049,3
HOU2-30400112,3
HOU2-059143,3
HOU2-30800057,3
HOU2-30620027,3
HOU2-32700126,3
HOU2-32700055,3
HOU2-32720009,3
HOU2-20800027,3
HOU2-059216,3
ROB2-MC0374,3
EKA2-11951439400,3
EKA2-09950288714,3
EKA2-09974978518,3
BER2-IC-IK-B20W,3
KIN2-SILICON,3
COG2-216028,3
COG2-CGR4131NT,3
LIN2-OL01,3
COG2-69632,3
COG2-307005,3
COG2-199051,3
COG2-111026,3
COG2-80700,3
COG2-124065,3
COG2-75141,3
COG2-75142,3
COG2-927015,3
COG2-335003,3
COG2-456023,3
COG2-124002,3
EKA2-11950427000,3
MID2-22420-0005,3
COG2-210010,3
COG2-230086,3
COG2-230116,3
COG2-121075,3
COG2-143174,3
COG2-127026,3
COG2-144011,3
COG2-240011,3
COG2-142053,3
COG2-303019,3
COG2-136023,3
COG2-127050,3
COG2-144003,3
COG2-143246,3
COG2-143243,3
COG2-412029,3
COG2-129054,3
COG2-314001,3
COG2-124038,3
COG2-80380,3
COG2-315011,3
MID2-45244,3
MID2-30927,3
MID2-50517,3
MID2-37020,3
MID2-50050,3
BER2-D-B5-8-950-L,3
CAS2-965076000,3
BER2-SPO-E-C2304025B,3
VRM2-22R140.100,3
CAM2-41059,3
CAM2-46010,3
CAM2-45400A,3
MID2-60048,3
EKA2-01960317915,3
EKA2-09973008518,3
ROB2-DC0101,3
TBA2-K3F2901902,3
TBA2-KR8AF00300,3
TBA2-KR8AF00100,3
TBA2-400V-5MF,3
ROE2-303082,3
TBA2-KR931C0200,3
CAS2-532744000,3
TBA2-K3F2902002,3
TBA2-KF25300403,3
HOU2-30520210,3
UNI2-06000220,3
XIN2-TW-32S-28,3
XIN2-TW-32S-32,3
XIN2-TW-7S-40,3
TBA2-BR84100101,3
CAS2-457037048,3
MID2-44568,3
MID2-59668,3
MID2-50240,3
RAN2-10042109,3
TBA2-M722900106,3
HOU2-30920035,3
MID2-22521-0005,3
RAN2-34200112,3
HOU2-32700208,3
HOU2-32700165,3
HOU2-32700166,3
BER2-D-C7-B-R,3
CAS2-965280000,3
CAS2-965281000,3
CAS2-965105010,3
CAS2-532740300,3
HAM2-990151800,3
HAM2-990151900,3
HAM2-990151950,3
HAM2-990126900,3
HAM2-990154300,3
WIN2-2907300,3
WIN2-2910313,3
HAM2-990113600,3
LAC2-4004043489,3
LAC2-4001041923,3
MID2-69724,3
MID2-60520-2,3
BER2-DR-SWLK,3
LIN2-LE49,3
LIN2-LE48,3
HAT2-R0208011F00,3
ETL2-006699,3
ROB2-PS0129,3
ROB2-HC0190,3
LKK2-B10-01-06,3
LKK2-B10-01-23,3
LKK2-B10-01-24,3
LKK2-B10-01-27,3
LKK2-B10-01-03,3
LKK2-B15-30,3
LKK2-B15-56,3
LKK2-B20B-65,3
LKK2-B20F-16,3
LKK2-B25-28,3
LKK2-B25-43,3
LKK2-B25-35,3
LKK2-B25-29,3
LKK2-B25-36,3
LKK2-44,3
LKK2-B30-05-10,3
LKK2-B30-05-11,3
LKK2-B30-05-39,3
LKK2-B30-05-06,3
LKK2-GB276,3
LKK2-B5A-25,3
LKK2-B5A-22,3
LKK2-B5A-03,3
LKK2-250,3
LKK2-263,3
LKK2-255,3
LKK2-260,3
LKK2-246,3
LKK2-TC50-72-12,3
LKK2-FDMZ125-13,3
LKK2-6205DU,3
LKK2-20XB-32B,3
LKK2-SWITCH-HIGH,3
LKK2-SWITCH-LOW,3
LKK2-FU2,3
LKK2-520-30-3,3
LKK2-WHEEL,3
LKK2-RG12-5-07(16L),3
LKK2-CUTTER,3
LKK2-COMBINE-SWITCH,3
LKK2-PLATE-3(TC22),3
LKK2-TC22-06,3
LKK2-6306-2RS1,3
LKK2-TC42-5-6,3
LKK2-TC42-5-12,3
LKK2-GB276-64-201,3
LKK2-GB955-76,3
LKK2-HG4-692-67-26,3
LKK2-TJ22-18-22,3
LKK2-GB894.1-86,3
LKK2-GB9877.1-88(TC12I),3
LKK2-HEATING(EG618),3
LKK2-PLATE-4.5(TC12I),3
LKK2-15-(WF-171),3
LKK2-JG300-40,3
LKK2-IND350W-1,3
LKK2-IND350T-6,3
LKK2-LSP520-73,3
LKK2-LSP520-74,3
LKK2-LSP520-75,3
LKK2-93-ROLLER-SUPPORT-L,3
LKK2-PCP008,3
LKK2-PCP031,3
LKK2-JG300-34,3
LKK2-SKP007,3
LKK2-TJ12-05,3
LKK2-B20F(K)-29,3
LKK2-MOTOR(HS20),3
LKK2-LSP520-07,3
LKK2-LSP520-53,3
LKK2-GFO-4C-09-9,3
LKK2-WATER-PROTECTOR,3
LKK2-TAP(EPC),3
LKK2-015-300L,3
LKK2-RHX-12-12,3
LKK2-RHX-12-14,3
LKK2-010-300L,3
LKK2-50X72X12,3
LKK2-A1550,3
LKK2-LK-GDO-11,3
LKK2-LK-GDO-27,3
SIR2-IB9865520,3
SIR2-IB4050800,3
SIR2-19562901,3
SIR2-54,3
SIR2-56,3
SIR2-IB2000910,3
SIR2-IB4100920,3
SIR2-IB5940915,3
SIR2-IB5940910,3
SIR2-IB5256400,3
SIR2-19510206,3
SIR2-28101203X,3
SIR2-MF0174,3
SIR2-LF2032604,3
SIR2-28102216X,3
SIR2-4.5-MM,3
SIR2-28103203X,3
SIR2-LF2033007,3
SIR2-LF1134001,3
SIR2-IV5820000,3
SIR2-IB5804402,3
SIR2-IB1980410,3
SIR2-IB4104006,3
SIR2-IB76M4000,3
SIR2-IB4004041,3
SIR2-IB4104004,3
SIR2-IB4290400,3
SIR2-IB1981440,3
SIR2-IB1981450,3
SIR2-19526065,3
SIR2-19538864,3
SIR2-IB5942012,3
SIR2-MF2351,3
SIR2-195103E07,3
SIR2-IB4003015,3
SIR2-IB4003010,3
SIR2-19510601,3
SIR2-195104011,3
SIR2-GM2492000,3
SIR2-GM2486060,3
SIR2-IW1471240013,3
SIR2-IW1471240178,3
SIR2-SM370104,3
SIR2-19562803,3
SIR2-GM5646200,3
SIR2-LF1530045I2,3
SIR2-49563101,3
SIR2-19525073,3
SIR2-SM11016007,3
SIR2-IW2071230029,3
SIR2-GM2023190,3
SIR2-19560160,3
SIR2-LF1041018,3
SIR2-LF1221100,3
SIR2-IV76M20X40,3
SIR2-LF1435807,3
SIR2-IV7506017,3
SIR2-IV7506018,3
SIR2-IV7506000,3
SIR2-IV5826016,3
SIR2-19320247,3
SIR2-19530802,3
SIR2-19543945.13,3
SIR2-29030201.14,3
SIR2-GRG100378,3
SIR2-GRG100377,3
SIR2-GRG103042,3
SIR2-GRG100300,3
SIR2-GRG100354,3
SIR2-29536001,3
SIR2-LF1433001,3
SIR2-LF1539701,3
SIR2-LF1000416020,3
SIR2-LF1010075,3
SIR2-LF102705001,3
SIR2-LF1513006,3
SIR2-LF2013038,3
SIR2-LF1039712,3
SIR2-IW1471220058,3
SIR2-AMC032.11,3
SIR2-GM5946010,3
SIR2-19511245,3
SIR2-19324032,3
SIR2-19700307,3
SIR2-19562410,3
SIR2-IB2104003,3
SIR2-MSC09V064F,3
SIR2-281008045X,3
SIR2-LF2039419,3
SIR2-LF2010734,3
SIR2-19540909,3
SIR2-19310215,3
SIR2-19530909,3
SIR2-19534066,3
SIR2-19563554LV,3
SIR2-19562154,3
SIR2-19300108C,3
SIR2-19310365,3
SIR2-19530564,3
SIR2-19335054,3
SIR2-19530554,3
SIR2-19522610,3
SIR2-19522652,3
SIR2-19560152,3
SIR2-19560154,3
SIR2-19390754,3
SIR2-19390601,3
SIR2-28123204,3
SIR2-19702100,3
SIR2-19510730.18,3
SIR2-IB5890003,3
SIR2-FC02044,3
SIR2-MSC04N018,3
SIR2-19540807,3
SIR2-19702516,3
SIR2-19500105,3
SIR2-LF2011014,3
SIR2-19324107,3
SIR2-19521464,3
SIR2-19530901,3
SIR2-19390134,3
SIR2-19335002,3
SIR2-IV4300500,3
SIR2-LF1010094,3
SIR2-LF202908510,3
SIR2-LF2029985,3
SIR2-LF202908065,3
SIR2-49568000,3
SIR2-LF202908230,3
SIR2-LF202908513,3
SIR2-28113203X,3
SIR2-AMA102,3
SIR2-AMG056,3
SIR2-AMG212,3
SIR2-AMC244,3
SIR2-AMG254,3
SIR2-AMA272,3
SIR2-GM5636950C,3
SIR2-SM401408,3
SIR2-GM5946350,3
SIR2-GM5866000,3
SIR2-FC99004031,3
VAC2-GASKET,1
VAC2-PRESSURE-TUBE,1
BIR2-10-0,1
BIR2-71-0,1
BIR2-850-1020,1
BIR2-MC32-17,1
STA2-2N6462,1
STA2-2R9750,1
STA2-2SY8321,1
STA2-2TY3330,1
SOU2-1176017,1
SOU2-1038099,1
SOU2-1176099,1
SOU2-1176005,1
ROB2-HP1500-18,1
CEC2-F126F,1
VAC2-SILICON-PROFIL,1
VAC2-TAPE,1
WEL2-50398,1
GOL2-47676,1
CON2-92024,1
CON2-92101,1
MON2-1036-7,1
MON2-22818-4,1
DCS2-14031,1
DCS2-12117,1
VUL2-413225-G1,1
VUL2-413381-1,1
VUL2-413381-2,1
VUL2-417256-1,1
ROB2-HC0093,1
EDL2-S166,1
EDL2-A591,1
EDL2-A2814,1
EDL2-G041SP,1
EDL2-S317,1
EDL2-I004,1
EDL2-S314,1
EDL2-S338,1
EDL2-A2812,1
TOM2-28153242,1
TOM2-2912603B,1
ZAN2-ELET0149,1
ZAN2-ELET0148,1
SOU2-1178204,1
BIR2-211A-291Q,1
BIR2-5265,1
DCS2-1897,1
DCS2-19006,1
DCS2-13023,1
DCS2-14008-1,1
DCS2-14110,1
DCS2-15088,1
DCS2-12024,1
WES2-P118-81,1
WES2-P187-97,1
HAT2-0530009A,1
STA2-2E78785,1
STA2-2NY8227,1
STA2-2T68262,1
CHR2-117,1
DCS2-13017,1
DCS2-14159,1
HIC2-542,1
HIC2-567,1
HIC2-569,1
SAE2-189421300,1
SAE2-189424000,1
SAE2-334000400,1
ROB2-HP505-16,1
REG2-009-57,1
REG2-009C-57,1
REG2-013-57,1
REG2-117,1
REG2-137-62,1
REG2-62012Z,1
REG2-131-62,1
REG2-113-62,1
REG2-115-62,1
VUL2-409125-3,1
SUT2-1,1
GOL2-87094,1
ROB2-HC0044,1
PUJ2-HEATER,1
LAS2-106107,1
LAS2-106110,1
LAS2-108143,1
LAS2-202114,1
LAS2-202117,1
LAS2-205310,1
LAS2-205751,1
LAS2-400062,1
LAS2-502004,1
LAS2-507406,1
TOA2-3101772,1
PAN2-CONT040,1
PAN2-CONT012,1
ROB2-AF75-42,1
CEC2-L343A,1
NUO2-16100044,1
NUO2-16100117,1
NUO2-16300024,1
NUO2-16300025,1
NUO2-16300039,1
NUO2-16300070,1
NUO2-16300071,1
NUO2-16300098,1
NUO2-16300121,1
NUO2-16300122,1
LIN2-SS05,1
WYO2-83859,1
DIH2-3006080,1
DIH2-2000380,1
DIH2-2000385,1
DIH2-2000390,1
DIH2-2000393,1
DIH2-2000394,1
DIH2-2000395,1
DIH2-2000400,1
DIH2-2000310,1
DIH2-2000311,1
DIH2-3002055,1
DIH2-3002056,1
DIH2-3002054,1
DIH2-2000230,1
DIH2-3002050,1
DIH2-3002051,1
DIH2-3002052,1
DIH2-3006120,1
DIH2-13015,1
DIH2-12023,1
DIH2-2000244,1
DIH2-2000364,1
DIH2-2000121,1
DIH2-15849,1
DIH2-10702,1
DIH2-10707-1,1
DIH2-2000430,1
DIH2-30001011-A,1
DIH2-3006061,1
DIH2-10300401,1
TS2-062X,1
TS2-002711-40,1
TS2-003199-45,1
TS2-002712-40,1
DIT2-05190,1
DIT2-10635,1
DIT2-10636,1
DIT2-10667,1
DIT2-10669,1
DIT2-10675,1
DIT2-10676,1
DIT2-18109,1
CEC2-G236A,1
FAG2-U322118,1
SAM2-2502967,1
SAM2-2503995,1
SAM2-2000571,1
SAM2-2000572,1
SAM2-2509306,1
SAM2-2509316,1
SAM2-2509328,1
SAM2-2504030,1
SAM2-2509109,1
SAM2-2509150,1
SAM2-2509174,1
SAM2-2509188,1
SAM2-2504293,1
SAM2-2509142,1
SAM2-2509145,1
SAM2-2509186,1
INB2-110,1
INB2-14(BT202),1
INB2-55,1
INB2-LIGHT,1
CEC2-L573A,1
SAV2-18035,1
SAV2-21200,1
SAV2-21242,1
SAV2-21277,1
SAV2-21281,1
SAV2-21842,1
SAV2-30042,1
SAV2-21453,1
SAV2-21288,1
CON2-92113,1
SAM2-2059026,1
SAM2-2050575,1
WAR2-002963,1
WAR2-009358,1
WNK2-13X9-MM,1
WNK2-14X6,1
FAG2-U010510,1
FAG2-U010512,1
FAG2-U262107,1
FAG2-U322101,1
FAG2-U322102,1
FAG2-U329200,1
FAG2-U565403,1
FAG2-U134316,1
FAG2-U262103,1
FAG2-U323030,1
FAG2-U442134,1
RHE2-5556,1
RHE2-5557,1
RHE2-5561,1
WOL2-715107,1
WOL2-719298,1
WOL2-719710,1
WOL2-719711,1
WOL2-719259,1
WOL2-763457-A,1
CHX2-SG-2307,1
CHX2-TG-2603,1
ZAN2-REFR0017,1
ZAN2-GUAR0010,1
ZAN2-ASTA0007,1
ZAN2-CARP0248,1
ZAN2-GASI0007,1
ZAN2-CRIS0023,1
ZAN2-ELET0003,1
CEC2-D024A,1
CEC2-E070A,1
CEC2-L022A,1
CEC2-U023Q,1
WYO2-1334600,1
COF2-16,1
COF2-19+20,1
COF2-29,1
COF2-36,1
COF2-40,1
COF2-BEARING,1
COF2-509,1
LIN2-MC13,1
LIN2-MO14,1
LIN2-EL145,1
LIN2-MCK01,1
TOL2-P337,1
TOL2-P338,1
CRA2-1059,1
FRA2-400362,1
FRA2-400360,1
FRA2-400361,1
ROU2-0010145,1
ROU2-0010159,1
ROU2-0200146,1
ROU2-4010105,1
ROU2-4010106,1
ROU2-403K157,1
WYO2-46850,1
FRA2-600216,1
LIN2-CO10,1
LIN2-LE13,1
LIN2-LE15,1
EUR2-PRO03629,1
EUR2-RV003647,1
FRA2-400769,1
LIN2-TI28,1
EGO2-5510022010,1
WYO2-1404408,1
CEC2-B000A,1
CEC2-G042A,1
ELO2-E0560,1
ELO2-390006,1
ELO2-425018,1
ELO2-440007,1
ELO2-P0185,1
ELO2-P0187,1
ELO2-P0191,1
ELO2-P0268,1
EUR2-RF000615,1
EUR2-RH000828,1
EUR2-RI003551,1
CEC2-L187A,1
CEC2-R128A,1
RHE2-11000,1
RHE2-11018,1
RHE2-11019,1
RHE2-11020,1
RHE2-11024,1
RHE2-35,1
RHE2-4+5,1
RHE2-08071,1
RHE2-11005,1
RHE2-12010,1
CHR2-84586971,1
FRA2-177019,1
FRA2-177057,1
FRA2-177061,1
FRA2-177064,1
FRA2-177116,1
FRA2-177182,1
FRA2-177183,1
FRA2-177186,1
HAT2-0212026,1
HAT2-023005812,1
HAT2-R0219079,1
FAG2-X383005,1
FAG2-X033000,1
FRA2-101286,1
FAG2-961402,1
FAG2-U562130,1
FAG2-X012113,1
FAG2-X012114,1
FAG2-X316503,1
FRA2-278457,1
FRA2-293600,1
FRA2-300750,1
FRA2-400697,1
CEC2-09296,1
CEC2-59016,1
CEC2-80235,1
CEC2-97215,1
CEC2-L263A,1
CEC2-L401C,1
CEC2-L424C,1
CEC2-99603,1
FAG2-R795700,1
FAG2-R612705,1
MON2-1034-0,1
JIN2-GLASS-DOOR,1
MON2-14033-3,1
DIH2-10300117,1
DIH2-15048,1
DIH2-15051,1
DIH2-2000320,1
MON2-11810-9,1
MON2-2403-1,1
MON2-3447-9,1
WYO2-20658-01,1
WYO2-1473102,1
WYO2-1328110,1
SOU2-1182151,1
SOU2-1161998,1
SOU2-1175375,1
BES2-32652600,1
RHE2-07645,1
RHE2-53-54-55,1
RHE2-GRPEX620,1
FRN2-140397,1
FRN2-141206,1
GRI2-90-027,1
GRI2-90-027-5,1
GRI2-90-028,1
GRI2-90-015,1
GRI2-90-017,1
BLO2-11523,1
FAG2-R725019,1
FAG2-R293000,1
HAT2-0416533,1
FAG2-R350515,1
FAG2-R675017,1
FAG2-R660532,1
FAG2-Q062040,1
FAG2-R660520,1
FAG2-R665042,1
FAG2-R665020,1
WYO2-1327310,1
ELO2-E0431,1
ELO2-K0443,1
LIN2-KS08,1
LIN2-KS09,1
LIN2-KS11,1
LIN2-KN180,1
PIE2-TRANSFORMER,1
WNK2-S-S-PIPE,1
COF2-295,1
JET2-S6600,1
RHE2-4,1
RHE2-16005,1
RHE2-MF20450,1
LIN2-EL15,1
LIN2-EL18,1
DIH2-10704,1
DIH2-10708,1
DIH2-15049,1
DIH2-15050,1
DIH2-18080,1
LIN2-BA77,1
LIN2-EL98,1
LIN2-TA12,1
ROB2-LT10-28,1
ROB2-MS0012,1
LIN2-KN143,1
SAM2-2002650,1
ROB2-M3-06,1
ROB2-M3-08,1
SAM2-2009080,1
SAM2-2002825,1
HOB2-BEATER,1
NUO2-02060015,1
NUO2-03000321,1
NUO2-05000040,1
NUO2-09000018,1
NUO2-98012002,1
NUO2-07300110,1
NUO2-07300091,1
NUO2-75006035,1
NUO2-98006802,1
NUO2-98005006,1
SAE2-0301R03,1
SAE2-9121042,1
SAE2-9141044,1
SAE2-9161174220,1
SAE2-9161175240,1
SAE2-NM01044,1
SAE2-NM02005,1
SAE2-U143004,1
NUO2-01300004,1
NUO2-04500031,1
NUO2-04900120,1
NUO2-04900123,1
NUO2-14100029,1
NUO2-14100036,1
NUO2-15000050,1
NUO2-98013001,1
NUO2-02000002,1
NUO2-75006015,1
NUO2-00300019,1
NUO2-08000052,1
NUO2-08000025,1
NUO2-07300321,1
ELO2-E0166,1
ELO2-E0232,1
ELO2-E0470,1
ELO2-H0295,1
ELO2-H0500,1
ELO2-H0654,1
ELO2-H0680,1
ELO2-K0826,1
ELO2-V0602,1
ELO2-X0586,1
SOU2-1178202,1
ELO2-E0506,1
ELO2-E0786,1
ELO2-H0360,1
ELO2-H0653,1
TOL2-D82,1
COF2-489,1
NAY2-GS2172,1
NAY2-GS2169,1
NAY2-GS3856,1
NAY2-GS3602,1
NAY2-GS3837,1
NAY2-GS4022,1
NAY2-GS3645,1
NAY2-GS2010,1
BET2-018079,1
BET2-099407,1
LAS2-0506,1
LAS2-0661,1
LAS2-0662,1
LAS2-0665,1
LAS2-0666,1
LAS2-0669,1
LAS2-0671,1
LAS2-0673,1
LAS2-3001,1
LAS2-3002,1
NUO2-04800005,1
NUO2-14100040,1
NUO2-07300376,1
NUO2-04100005,1
NUO2-07300361,1
NUO2-04900195,1
NUO2-04100038,1
NUO2-05000162,1
SAM2-2059066,1
POE2-237180,1
POE2-239277,1
PIE2-COMMUTATOR,1
PIE2-LAMP,1
PIE2-LIGHT,1
PIE2-THERMO,1
SAV2-51142,1
CHR2-84586939,1
CHR2-84586948,1
CHR2-845869137,1
CHR2-84586993,1
CHR2-137,1
CHR2-48,1
LIN2-KN73,1
LIN2-SP38,1
LIN2-HI100,1
LIN2-HI103,1
SAM2-2009318,1
NUO2-14100027,1
NUO2-04900113,1
RHE2-10044,1
RHE2-10031,1
RHE2-10079,1
RHE2-10080,1
ROB2-PS100-05,1
ROB2-PS100-09,1
ELO2-N0900,1
LAP2-331103,1
LAP2-438105,1
ROB2-RC25,1
MON2-2067-2,1
AMA2-10110311,1
AMA2-A0282802,1
AMA2-D7751101,1
AMA2-D7784901,1
WOL2-713447,1
WOL2-720058,1
ROS2-1980-24,1
SAE2-0301046230,1
SAE2-0301R1000A,1
SAE2-314827,1
SAE2-912108000A,1
SAE2-9121047,1
SAV2-12412,1
SAV2-12919,1
SAV2-21351,1
SAV2-21353,1
EDL2-A050,1
PIE2-BELT(S600),1
PIE2-LIMIT(S600),1
PIE2-SWITCH(S600),1
PIE2-WHEEL,1
ELO2-E0278,1
ELO2-E0338,1
RHE2-01341,1
RHE2-12100,1
RHE2-12102,1
RHE2-12104,1
RHE2-130,1
RHE2-152,1
RHE2-TC16-28-7,1
MON2-6703-2,1
FAG2-X152111,1
FAG2-U183046,1
FAG2-S116127,1
FAG2-X129200,1
FAG2-X156117,1
MON2-1031-6,1
MON2-4355-9,1
SAV2-22029,1
SAV2-22054,1
SOU2-1175409,1
SOU2-1172130,1
SOU2-1170350,1
SOU2-1170337,1
SOU2-1172277,1
SOU2-1170425,1
LAS2-106143,1
LAS2-108464,1
LAS2-200063,1
LAS2-106201,1
LAS2-108602,1
LAS2-206510,1
COF2-EVAPORATOR120,1
UNI2-7100020,1
UNI2-7100021,1
UNI2-7100028,1
UNI2-1023087,1
UNI2-S-S-BOWL,1
UNI2-1035024,1
PER2-PILOT-LIGHT,1
PER2-TIMER-MOTOR,1
CEC2-L281A,1
RON2-124000,1
CHR2-SUP0007,1
RON2-106562T03,1
RON2-124003,1
SAV2-14673,1
RHE2-6126,1
STA2-2E-Z3007,1
STA2-2N-Z2126,1
SAV2-22665,1
SAV2-22666,1
ROB2-MS0116,1
FRA2-296145,1
FRA2-297250,1
FRA2-297263,1
FRA2-แผงชงกาแฟ,1
FRA2-09580111,1
ARP2-123070,1
ARP2-123254,1
ARP2-123480,1
ARP2-123521,1
ARP2-123522,1
FAM2-F0118,1
FAM2-F0143,1
HAT2-0220209,1
HAT2-R0209034,1
HAT2-R0209217,1
GMI2-120600,1
SAM2-2119009,1
SAM2-2119012,1
HAT2-R0212025,1
SAM2-4030510,1
SAM2-4039060,1
FAM2-F0030,1
TRI2-TS-1175,1
TRI2-TS-1700-56,1
TRI2-TS-1075,1
TRI2-TS-1020,1
TRI2-TS-1039,1
TRI2-TS-1040,1
CAM2-64003,1
MON2-1003-0,1
MON2-19692-4,1
MON2-20239-8,1
MON2-20535-4,1
MON2-20564-8,1
MON2-2663-8,1
FRA2-278505,1
FRA2-295081,1
FRA2-295082,1
FRA2-295096,1
FRA2-295101,1
FRA2-295091,1
AMA2-10937200,1
AMA2-B5684106,1
AMA2-D7831005,1
AMA2-R0154047,1
AMA2-R0156912,1
AMA2-R0156915,1
SAM2-2141463,1
SAM2-2149108,1
SAM2-2149122,1
SAM2-2149250,1
SAM2-2140351,1
SAM2-2140306,1
SAM2-2140617,1
SAM2-2140614,1
SAM2-2149221,1
ELO2-E0337,1
POW2-WRHA1G0001,1
ASL2-HN-DP-50-NV-202007,1
HOU2-50001135,1
LIN2-BA158,1
LIN2-CA235,1
LIN2-CCB04,1
LIN2-CF02-S,1
LIN2-CP42,1
LIN2-DI53,1
LIN2-DS37,1
LIN2-EL343,1
LIN2-EL346,1
LIN2-FI60,1
LIN2-MG01,1
LIN2-MO32-S,1
LIN2-PS15,1
LIN2-TC57-S,1
LIN2-TX02,1
MID2-51357,1
MID2-51027,1
MID2-51986,1
MID2-50682,1
HAT2-X07.03.466.00,1
PMF2-5T020008,1
ZNS2-0C0230,1
CRO2-9228-1,1
COF2-14(COUNTER-PADDLE),1
NUO2-16300078(CAPACITOR),1
PIE2-BELT(MIX20),1
PIE2-BELT(MIX30),1
PIE2-SWITCH(1203),1
PIE2-SWITCH(PBM-CO),1
NUO2-04100012(MASTER),1
KIT2-W10465140,1
KIT2-W10504744,1
KIT2-9703674,1
KIT2-9708649,1
KIT2-9703426,1
ZNS2-0L1676,1
BEN2-5021,1
BEN2-2007,1
CHR2-32211,1
ROB2-HC0037,1
JIN2-S-S-CR,1
FAG2-Z713002,1
FAG2-Z200506,1
FAG2-Z710528,1
FAG2-Z710529,1
FAG2-Z740902,1
POW2-WRG1G0007,1
POW2-WRG1G0003,1
POW2-WRG1G0002,1
POW2-WRG1G0005,1
VAC2-SILICON,1
JTA2-301040926,1
JTA2-302130456,1
JTA2-302130457,1
JTA2-302130458,1
JTA2-302130459,1
CMD2-MOTO0157,1
CMD2-MECC0766,1
CMD2-TRAS0083,1
CMD2-MECC0767,1
HAT2-040564000,1
MID2-3000330,1
CTX2-7609642,1
CTX2-30250,1
CTX2-3101174,1
LAC2-465992010,1
LAC2-913148000,1
LAC2-913786010,1
LAC2-947987000,1
LAC2-535849000,1
LAC2-477512030,1
LAC2-419077000,1
LAC2-947988000,1
LAC2-959775000,1
CEC2-L599AL,1
CAS2-958577070F,1
ZAN2-REFR0030,1
RON2-53361,1
RON2-53366,1
RON2-51660,1
RON2-53371,1
EKA2-5073094,1
KIT2-9701663,1
HOU2-055618,1
HOU2-056500,1
HOU2-056600,1
HOU2-057500,1
HOU2-057501,1
HOU2-057600,1
HOU2-20100004,1
HOU2-20100070,1
HOU2-20110054,1
HOU2-30100111,1
HOU2-32300011,1
HOU2-32300012,1
SKP2-PM021S0010,1
SKP2-PM013S0090,1
SKP2-AM102S0020,1
SKP2-AM002S0020,1
SKP2-PM009H0150,1
SKP2-PM0025028,1
SKP2-PM00250290,1
TBA2-AE2425ZK00,1
LIN2-TI34,1
LIN2-TI37,1
RON2-124004V1_ET,1
RON2-7017,1
RON2-7033,1
UNO2-KEL1140A,1
UNO2-KEL1252A,1
UNO2-KEL1424A,1
UNO2-KGN1392C,1
UNO2-KGN1521A,1
UNO2-KPE2046A,1
UNO2-KRS1095A,1
UNO2-KTR1106A,1
UNO2-KTR1141A,1
UNO2-KVE0008A,1
UNO2-KVE0009B,1
UNO2-KVE1020B,1
UNO2-KVE1026A,1
UNO2-KVE1636A,1
UNO2-KVL0001A,1
UNO2-KVL1014A,1
UNO2-KVL1037A,1
UNO2-KPE1710A,1
UNO2-KSL1025A,1
TBC2-FRE-3003,1
TBC2-FRE-3002,1
TBC2-FRE-3001,1
TBC2-FRE-3013,1
TBC2-FRE-1046,1
TBC2-100087,1
TBC2-FRE-1193,1
TBC2-FRE-1150,1
TBC2-FRE-3005,1
TBC2-FRE-1060,1
TBC2-CON-3027,1
TBC2-FRE-3007,1
KIT2-9706619,1
KIT2-4176024,1
KIT2-103993,1
LIN2-SO20,1
RON2-35600,1
SAM2-2140873,1
SAM2-2141530,1
SAM2-2149149,1
BES2-31856800,1
BES2-25878100,1
BES2-25779600,1
DIH2-30001011-B,1
DIH2-3004026,1
BES2-23524700,1
BES2-35271800,1
BES2-25080600,1
KIT2-9703338,1
TOP2-00098-20,1
LAC2-4831133078,1
LAC2-532719500,1
LAC2-973030000,1
LAC2-532746200,1
LAC2-532601000,1
LAC2-503308250,1
LAC2-592036018,1
LAC2-512904050,1
LAC2-415020000,1
LAC2-457342000,1
LAC2-532729700,1
LAC2-532748700,1
LAC2-947989010,1
PMF2-5M010004,1
PMF2-7S010012,1
PMF2-7S010010,1
PMF2-5C020101,1
PMF2-5C020102,1
PMF2-7S010001,1
PMF2-7S010002,1
PMF2-5S080000,1
PMF2-5C020105,1
PMF2-5P030000,1
PMF2-3A050513,1
PMF2-5P030005,1
PMF2-5M010502,1
PMF2-5P030010,1
PMF2-5S500010,1
PMF2-5L500010,1
PMF2-5R010001,1
PMF2-5P020001,1
BES2-35614600,1
BKP2-T3045T,1
ZAN2-SUPP0495,1
ZAN2-SUPP0494,1
TBA2-KG1502L100,1
TBA2-KG1802L100,1
TBA2-T05AAE0011-CURTAIN,1
HAT2-02.12.039.00,1
BES2-32071200,1
BES2-0K000027,1
VTS2-0VT050,1
VTS2-0VT523,1
VTS2-0VTA3H,1
VTS2-0VT015,1
VTS2-0VT524,1
VTS2-0VT403,1
VTS2-0VT232,1
VTS2-0VT404,1
VTS2-0VTA7Y,1
VTS2-0VT311,1
VTS2-0VT266,1
VTS2-0VT208,1
VTS2-0VT207,1
VTS2-0VT242,1
VTS2-0VT588,1
VTS2-0VT110,1
VTS2-0VTDQ9,1
TBA2-M724400605,1
SEV2-00158,1
BES2-25185200,1
BES2-31807600,1
BES2-32777300,1
BES2-30169000,1
BES2-30169100,1
BES2-30169200,1
BES2-30169300,1
BES2-22699200,1
EDL2-B137,1
EDL2-B137BG,1
EDL2-F009,1
EDL2-F018,1
EDL2-F033,1
EDL2-F050,1
EDL2-V002,1
EDL2-V005,1
EDL2-V014,1
EDL2-V015S,1
PIT2-60143513-CL,1
MID2-70884,1
PIT2-A6653505,1
SKP2-PM021S0020,1
SKP2-AM003S0010,1
ZAN2-TERM0084,1
ZAN2-0TU0V04,1
ZAN2-ASSM1380,1
TBA2-T8F9300800,1
TBA2-M726800200,1
TBA2-K3F0606100,1
JTA2-20133010004,1
JTA2-20140148005,1
MID2-59272,1
JTA2-302140181,1
CTX2-66948,1
LIN2-EL141,1
ASL2-IGBT-H15,1
ASL2-IGBT-H25,1
ASL2-IGBT-H30,1
CAS2-968027000,1
CAS2-968738030,1
ROB2-MC0947,1
ROB2-PC0459,1
SAM2-2509429,1
CEC2-L462AL,1
CEC2-310-00007,1
CEC2-320-00020,1
CEC2-355-00035,1
CEC2-L532A,1
ZNS2-0C1280,1
ZNS2-004591,1
ZNS2-006205,1
ZNS2-006206,1
ZNS2-051389,1
ZNS2-005366,1
ZNS2-006710,1
ZNS2-003326,1
ZNS2-004358,1
ZNS2-004359,1
ZNS2-004360,1
ZNS2-004357,1
ZNS2-004362,1
ZNS2-0CA760,1
ZNS2-003391,1
ZNS2-003931,1
ZNS2-051906,1
ZNS2-051907,1
ZNS2-0C7141,1
ZNS2-004836,1
ZNS2-020997,1
ZNS2-056789,1
ZNS2-0C5421,1
ZNS2-056964,1
RON2-134647,1
RON2-135656,1
RON2-139851,1
RON2-50588,1
RON2-52642,1
RON2-106814,1
RON2-106815,1
RON2-106816,1
RON2-125588,1
RON2-134526,1
RON2-134543,1
RON2-136945,1
RON2-136946,1
RON2-122774T06,1
RON2-122774T03,1
RON2-125872,1
RON2-138824,1
RON2-139873,1
RON2-8722,1
RON2-11935,1
RON2-11936,1
RON2-12061,1
RON2-106218,1
RON2-106221,1
RON2-106225,1
RON2-106593,1
RON2-106904,1
RON2-120978,1
RON2-121069,1
RON2-121070,1
RON2-149894,1
RON2-135689,1
RON2-125909,1
RON2-135682,1
RON2-50277,1
RON2-121337,1
RON2-123219,1
RON2-125459,1
RON2-50085,1
RON2-50628,1
UNO2-XRF011,1
TBA2-RUNCAP-LX110LAJM,1
ZNS2-003594,1
JTA2-301010047,1
HOU2-30800210,1
HOU2-36000109,1
HOU2-30520452,1
HOU2-30400382,1
JTA2-301070056,1
ROB2-HC0007,1
JTA2-301040008,1
JTA2-301070078,1
JTA2-301100053,1
PIT2-60129403,1
PIT2-60131007,1
CTX2-51067,1
CTX2-70473,1
CTX2-97398,1
CTX2-68229,1
CTX2-97589,1
CTX2-97598,1
CTX2-66733,1
CTX2-35842,1
CTX2-97570,1
CTX2-321636,1
CTX2-321635,1
HAT2-040561000,1
HAT2-050906200,1
HAT2-050907000,1
HAT2-050307800,1
HAT2-050906100,1
HAT2-050906900,1
HAT2-021217200,1
HAT2-021216600,1
HAT2-0405107700,1
HAT2-0405106200,1
HAT2-0405107300,1
HAT2-0405105400,1
HAT2-020567900,1
HAT2-020568200,1
HAT2-022021200,1
MMT2-10091101,1
MMT2-59174523,1
MMT2-10966612,1
MMT2-59114168,1
MMT2-20044801,1
MMT2-14119064,1
MMT2-59004077,1
MMT2-20020502,1
ZAN2-TUBO0179,1
ZAN2-PANN0511,1
ZAN2-TERM0049,1
ZAN2-SUPP0394,1
ZAN2-MANI0058,1
ZAN2-REFR0023,1
ZAN2-SUPP0393,1
ZAN2-SPRI0009,1
ZAN2-GUAR0040,1
ZAN2-GASI0049,1
ZAN2-TUBO0101,1
ZAN2-MECC0848,1
ZAN2-PULE0057,1
ZAN2-PANN0582,1
ZAN2-ELET0563,1
ZAN2-ELET0828,1
ZAN2-MECC0847,1
ZAN2-MANDX,1
ZAN2-PLAN40017A,1
ZAN2-MECC0624,1
ZAN2-PLAN40T0458,1
ZAN2-MECC0822,1
ZAN2-UNI6604-A-8X70,1
ZAN2-PLAN40T041A,1
ZAN2-MOTO0147,1
ZAN2-PLAN40T061A,1
ZAN2-ACCE0151,1
ZAN2-PLAN30T075A,1
CEC2-M326AL,1
HAT2-020581400,1
HAT2-070374600,1
JTA2-302200587,1
ROB2-PS0127,1
LIN2-BU28,1
CTX2-50056,1
ETF2-HC153019,1
IMC2-A21-052,1
IMC2-A75-031,1
IMC2-G45-139,1
IMC2-G45-140,1
IMC2-J03-165,1
IMC2-S79-040,1
IMC2-S79-041,1
IMC2-S79-043,1
IMC2-S79-048,1
IMC2-S79-049,1
IMC2-A02-052,1
IMC2-A02-060,1
IMC2-A11-098,1
IMC2-C15-013-M1,1
IMC2-C23-004-M1-Z,1
IMC2-D26-007,1
IMC2-E30-020,1
IMC2-J06-046,1
IMC2-L54-004-Z,1
GLO2-X40114-117,1
GLO2-X40021,1
GLO2-X40027,1
GLO2-X40154-2,1
GLO2-X60154-2,1
GLO2-X30070-1,1
SKP2-M722700400,1
SKP2-BR8AD10000,1
SKP2-BR2AD00105,1
GLO2-X01086,1
GLO2-X30033-2,1
GLO2-X60011-2ABB,1
GLO2-X60125,1
KIT2-9705130,1
KIT2-9706648,1
KIT2-8212396,1
KIT2-240205,1
MBM2-180426,1
MBM2-PACU700447,1
MBM2-RTCU700341,1
MBM2-RTCU700448,1
MBM2-184154,1
MBM2-185131,1
MBM2-RIC0004756,1
MBM2-RIC0004892,1
MBM2-183863,1
MBM2-163882,1
MBM2-184842,1
MBM2-RTCU700278,1
MBM2-180950-01,1
MBM2-RTMIN00283,1
KIT2-9706760,1
KIT2-9706251,1
KIT2-3400203,1
KIT2-8211658,1
JTA2-20228003013,1
ZNS2-0C2666,1
SKP2-B3D5800400,1
SKP2-SB08100300,1
ROB2-EC0128,1
JTA2-302190429,1
LIN2-PR103,1
TBC2-I1-3217-2,1
TBC2-I1-3220-1,1
TBC2-I1-3220-2,1
RTN2-24.02.920,1
RTN2-24.02.923,1
RTN2-24.02.959,1
RTN2-24.03.213,1
RTN2-40.01.482S,1
RTN2-40.02.100P,1
RTN2-40.03.425,1
RTN2-40.03.428,1
RTN2-40.03.528,1
RTN2-40.03.772,1
RTN2-40.03.928,1
RTN2-40.03.948,1
RTN2-40.04.107,1
RTN2-40.04.869,1
RTN2-40.05.256,1
RTN2-42.00.266,1
RTN2-44.00.362,1
RTN2-87.01.218,1
RTN2-44.01.581,1
RTN2-87.01.016,1
RTN2-87.01.374,1
RTN2-40.04.040P,1
RTN2-42.00.094,1
CRO2-3-AV01,1
CRO2-3-SRV9-1,1
CRO2-4-70EU,1
CRO2-4-22TB,1
CRO2-8-6030,1
CRO2-3415-1,1
CRO2-6604-1,1
CRO2-3412-2,1
CRO2-4967-1,1
CRO2-4661-4,1
CRO2-3974-2,1
CRO2-7-5016,1
CRO2-9064-23H,1
MBM2-RIC0003214,1
MBM2-RIC0003216,1
MBM2-RC00000514,1
MBM2-RIC0003578,1
MBM2-RIC0001356,1
RTN2-3017.1011,1
RTN2-8354.1320,1
VRM2-CR20-78M,1
VRM2-AR005-024-TZ001,1
EDL2-A593DC,1
JTA2-20340102003,1
JTA2-20340148001,1
JTA2-20340151001,1
JTA2-301070086,1
JTA2-301070178,1
JTA2-301080004,1
JTA2-301110010,1
JTA2-301130110,1
JTA2-302030014,1
JTA2-302070031+302040079,1
JTA2-302070075,1
JTA2-302090088,1
JTA2-302100045,1
JTA2-302100082,1
JTA2-302100175,1
JTA2-302110042,1
JTA2-302150225,1
JTA2-301100176,1
VRM2-R40-78M,1
RTN2-87.01.410,1
ROB2-MC0292,1
JTA2-302150034,1
RTN2-40.00.608P,1
JTA2-30219008,1
RJ2-FC1600-003,1
RJ2-FC1600-004,1
MBM2-RTCP800026,1
MBM2-163291,1
TBC2-103548,1
SKP2-PM008N0060,1
ZAN2-GHIE0012,1
ZAN2-ELET0483,1
SKP2-AM075S0010,1
SKP2-PM016S0030,1
ROB2-MC1039,1
GLO2-X02677,1
GLO2-X02013,1
GLO2-EB-GD-SP60-NK01-T,1
NIC2-6004,1
NIC2-17899,1
NIC2-21094,1
NIC2-4405-16,1
NIC2-4405-18,1
NIC2-18686,1
NIC2-25502,1
NIC2-12725,1
NIC2-21064,1
NIC2-23647,1
NIC2-24715,1
NIC2-25119,1
NIC2-25546,1
NIC2-25659,1
NIC2-25581,1
NIC2-26517,1
VRM2-R15-143,1
VRM2-STA2007,1
VRM2-STA3410,1
VRM2-R40-34,1
VRM2-R40-98,1
VRM2-R40-141,1
VRM2-STA5819,1
VRM2-AE101-92.1,1
VRM2-AR31-127,1
PMF2-5T100010,1
PMF2-5S500001,1
ROB2-PC0047,1
ROB2-HC0161,1
JTA2-20217014052,1
VRM2-STA3143,1
VRM2-STA3014,1
VRM2-R40-99,1
VRM2-STA6043,1
VRM2-STA6460,1
VRM2-STA6529,1
VRM2-AR31-148E,1
VRM2-STA6056,1
VRM2-W40-605E,1
VRM2-STA3407,1
VRM2-STA3580,1
VRM2-AR40PH-25,1
VRM2-STA5319,1
VRM2-STA5088,1
VRM2-STA2522,1
TBA2-LDT-KF45-4,1
TBA2-RDT-KF45-4,1
TBA2-LDU-KF45-4,1
TBA2-RDU-KF45-4,1
PIT2-BO10121,1
EDL2-A2815,1
EDL2-B410,1
JTA2-302202100,1
JTA2-302220063,1
JTA2-302220103,1
JTA2-302250170,1
JTA2-302250171,1
PIT2-B8706201-C,1
JTA2-302150040,1
JTA2-302150047,1
MBM2-RIC0002488,1
MBM2-177895,1
MBM2-182949,1
MBM2-182728,1
MBM2-186390,1
MBM2-186391,1
MBM2-186392,1
MBM2-186393,1
MBM2-161829,1
MBM2-RTCU800181,1
MBM2-RTCU700584,1
SKP2-PM002S0320,1
SKP2-PM009H0110-S,1
SKP2-PM009S0010,1
SKP2-PM009S0090,1
VRM2-CR20-75AM,1
VRM2-CR20-27A2M,1
VRM2-CR20-28AM,1
SKP2-PM022H0030,1
MID2-65109,1
BES2-32290100,1
HOU2-30320110,1
KIT2-4162101,1
TBC2-700-1214,1
HOU2-20900030,1
HOU2-30100147,1
HOU2-30800045,1
HOU2-38520001,1
RJ2-SPFCS-0072,1
RJ2-SPFCS-0073,1
RJ2-SPFCS-0074,1
RJ2-SPFCS-0075,1
RJ2-SPFCS-0076,1
RJ2-SPFCS-0077,1
RJ2-SPFCS-0080,1
RJ2-SPFCS-0089,1
SKP2-K3F4740200,1
SKP2-SIS1000100,1
SKP2-K3F5104000,1
SKP2-SISI1100100,1
SKP2-K3F5300502,1
SKP2-T8F0525200,1
SKP2-ST25W03500,1
SKP2-G8F1400600,1
SKP2-K3F4400206,1
LIN2-CA209,1
LIN2-CA210,1
LIN2-CC01,1
LIN2-CDB01,1
LIN2-CG121,1
LIN2-EL324,1
LIN2-PL306,1
EDL2-A1075,1
JTA2-301040691,1
JTA2-301110050,1
JTA2-302130171,1
JTA2-302130168,1
JTA2-301040103,1
CEC2-L706AL,1
SKP2-AS25DC0100,1
SKP2-AS25DC0200,1
SKP2-K3F4500202,1
SKP2-K2F0419100,1
SKP2-K3F4400204,1
SKP2-K3F4400902,1
SKP2-SR1221300,1
SKP2-G8F3200202,1
SKP2-KR85500200,1
SKP2-CY15805100,1
MBM2-185726,1
SKP2-30281Q0200,1
SKP2-G5F2700102,1
SKP2-T8F5300800,1
SKP2-K3F5300105,1
SKP2-K3F5300702,1
SKP2-K3R6500102,1
SKP2-K1F5300106,1
SKP2-K3F2901605,1
SKP2-K3F2901507,1
SKP2-S3F2902000,1
SKP2-S3F2901900,1
SKP2-K2F1107300,1
SKP2-ST25W01202,1
SKP2-ST45W01001,1
SKP2-S2F1221101,1
SKP2-ST45W0092,1
TBA2-DAM-KSR18-3,1
SKP2-K3F2500201,1
VRM2-R20-31,1
PMF2-5C030502,1
PMF2-5C020109,1
PMF2-3S010100,1
PMF2-5S080004,1
PMF2-4S010503,1
PMF2-5C020110,1
PMF2-5S030009,1
PMF2-5P030009,1
PMF2-3A050514,1
PMF2-5P030008,1
PMF2-5M010010,1
PMF2-5P030007,1
JTA2-301070074,1
JTA2-301110004,1
JTA2-302080084,1
JTA2-302080085,1
JTA2-302160175,1
JTA2-302130191,1
MID2-BO10129,1
MID2-1200578,1
MID2-1952889,1
HOU2-36020038,1
TOA2-1850856,1
APW2-BO10120,1
ROB2-MC0135,1
CAM2-60273,1
ROB2-GS0006,1
BAR2-BR-16006,1
BAR2-BR-26006,1
CAM2-41020,1
LTE2-N000,1
LAC2-2771133839,1
LAC2-4771021994,1
FAG2-R672651,1
ROB2-MS0021,1
JIN2-SCC,1
FAG2-U022108,1
CEC2-75014,1
CEC2-L499A,1
CEC2-77205,1
CEC2-87040,1
ROB2-PS0137,1
HAT2-X010502200,1
KIT2-4159133,1
PIT2-P6071309,1
BES2-25042000,1
KIT2-4162058,1
LIN2-MI99,1
APW2-BO10119,1
LCF2-BO10222,1
LCF2-BO10223,1
HAT2-BO10129,1
HAT2-BO10127,1
HAT2-BO10130,1
HAT2-BO10128,1
HAT2-05.07.008.00,1
HAT2-05.07.007.00,1
HAT2-05.07.009.00,1
LAC2-457427008F,1
LAC2-531194720,1
LAC2-973511000F,1
VRM2-AR005-193-TS003,1
HAT2-02.01.016.00,1
HAT2-02.16.003A.00,1
HAT2-02.16.004.00,1
ROB2-VS0335,1
ROB2-EC0030,1
MID2-70112,1
PMF2-5C030513,1
PMF2-5C020135,1
PMF2-5C020113,1
PMF2-5P030033,1
PMF2-5C030508,1
PMF2-5C020138,1
PMF2-5C020139,1
PMF2-5P030039,1
PMF2-5C030012,1
VRM2-AR31-530.22M,1
ROB2-MC0685,1
ROB2-ES0416,1
ROB2-ES0418,1
ROB2-ES0409,1
HAT2-04.11.231.21,1
VRM2-R40-27.2M,1
LIN2-FA128,1
LIN2-CG113,1
LIN2-IM24,1
LIN2-KN251,1
LIN2-FI41,1
LIN2-FI34,1
LIN2-PL202,1
LIN2-FG03,1
LIN2-S-R0181,1
TOA2-BO10172,1
TOA2-BO10057NEO,1
TOA2-BO10059NEO,1
TOA2-BO10167,1
DUH2-BO10208,1
RTN2-40.03.516P,1
VRM2-CR30-90,1
VRM2-CR20-128,1
VRM2-CR20-129,1
VRM2-CR20-85,1
VRM2-CR30-63M,1
VRM2-CR20-62M,1
VRM2-CR20-23M,1
VRM2-STA5561,1
VRM2-R15-215,1
VRM2-CR30-211,1
VRM2-RN20-9,1
VRM2-56CR20-110M,1
VRM2-CR20-552.4M,1
VRM2-56CR20-111M,1
VRM2-CR20-501.13M,1
VRM2-CR20-75M,1
JTA2-301040682,1
JTA2-301070188,1
JTA2-301070189,1
JTA2-301070190,1
JTA2-301090065,1
JTA2-301110506+301110389,1
JTA2-302020016,1
HAT2-R02.09.200E.00,1
HAT2-050400900,1
HAT2-021813400,1
LAC2-803110001,1
LAC2-4771021902,1
LAC2-800134843,1
PIT2-60055003,1
PIT2-60138703,1
PIT2-P5045282,1
PIT2-P5047302,1
HAT2-051103500,1
ZAN2-MOTO0034,1
ZAN2-VENT0001,1
ZAN2-MANI0064,1
ZAN2-MOTO0027,1
ZAN2-GUAR0032,1
ZAN2-ELET0235,1
ZAN2-ELET0462,1
NUO2-40300022,1
NUO2-40700017,1
ROB2-809948,1
BES2-25589900,1
BES2-31288300,1
BES2-25605100,1
NUO2-04000029,1
NUO2-04200020,1
NUO2-40500006,1
NUO2-73012002,1
NUO2-40500001,1
NUO2-40600009,1
NUO2-40300023.1,1
NUO2-40700016,1
NUO2-4030029,1
NUO2-40500003,1
CAS2-430119000,1
ZAN2-RESI0053,1
ZAN2-ELET0436,1
PIT2-A3301001,1
HAT2-R020501800,1
HAT2-R0205017E00,1
RJ2-YYDFW-0.37,1
TOP2-30300223,1
HAT2-R02.01.088.00,1
HAT2-05.30.018.00,1
VRM2-AR31-47Z,1
VRM2-R27-128,1
VRM2-R40-33Z,1
VRM2-56G20-280,1
VRM2-R27-62Z,1
VRM2-AR31-68Z,1
VRM2-R27-83Z,1
VRM2-R30-69Z,1
VRM2-AR81-173,1
MBM2-202200,1
MBM2-200902,1
MBM2-186315,1
MBM2-163290,1
MBM2-RIC0005135,1
MBM2-RIC0005139,1
MBM2-RIC0004964,1
MBM2-168006,1
JTA2-302190030,1
JTA2-302230092,1
JTA2-302070268,1
BKP2-V-R3021A,1
HOU2-30900059,1
ROB2-EC0461,1
PMF2-5R010202,1
PMF2-5P020005,1
PMF2-5C020201,1
PMF2-5R010201,1
PMF2-5L020020,1
PMF2-5C150002,1
PMF2-5M200010+5D010001,1
PMF2-5P010145,1
PMF2-5I100006,1
PMF2-5I100005,1
TBA2-T07A540010,1
TBA2-T05A340030,1
TBA2-T07A50001,1
TBA2-BPBM-KF45-4P,1
TBA2-QTBC103100,1
ROB2-HC0052,1
ROB2-HC0062,1
ROB2-TC0002,1
ROB2-HC0221,1
ROB2-HS0026,1
LAC2-4731133582,1
LAC2-485612000,1
MID2-22140-0012,1
MID2-27011-0011,1
MID2-44687,1
MID2-22450-0225,1
HOU2-32700045,1
HOU2-20700008,1
HOU2-30420013,1
HOU2-20800181,1
HOU2-30520194,1
HOU2-20800084,1
HOU2-30420010,1
HOU2-30420001,1
HOU2-30420004,1
HOU2-20900002,1
CAM2-60063,1
EKA2-09985898000,1
EKA2-11950097000,1
EKA2-11972629202,1
EKA2-09988928000,1
EKA2-09980438300,1
EKA2-01980859512,1
EKA2-11951027000,1
SAM2-2009211,1
SAM2-6100420,1
HAT2-X050905600,1
MID2-CONTROL,1
EKA2-09965298418,1
CAS2-967018010,1
BES2-31834100,1
ROB2-EC0382,1
RON2-36235,1
RON2-124062,1
RON2-123552,1
RON2-123357,1
MID2-59904,1
MID2-59307,1
MID2-44585,1
MID2-50052,1
MID2-50059,1
HOU2-30700018,1
HOU2-30700020,1
HOU2-30400179,1
HOU2-30400180,1
HOU2-30520259,1
MID2-66990,1
HAT2-0203005A,1
HAT2-050800600,1
HAT2-050800700,1
CAS2-965264000,1
CAS2-965266000,1
CAS2-967001010,1
CAS2-967703010,1
CAS2-967005000,1
CAS2-965223000,1
CAS2-967012000,1
CAS2-967033000,1
CAS2-965079000,1
CAS2-965078010,1
CAS2-537046700,1
NTS2-YDSK-10-SWITCH,1
NTS2-YDSK-10-NEW-DRY,1
HAT2-02.12.121.00,1
HAT2-02.20.515.00,1
HAT2-R02.01.458.00,1
HAT2-02.17.064.00,1
TOP2-30400204,1
PIT2-60132705,1
PIT2-60132706,1
PIT2-P5045701,1
PIT2-P9101-23,1
PIT2-B5302201-C,1
PIT2-60200901,1
MBM2-RTCU900220,1
MBM2-RTCP900063,1
MBM2-176874,1
MBM2-RTCU700476,1
MBM2-RIC0004988,1
MBM2-RTCP800067,1
MBM2-GACU700263,1
MBM2-RIC0004963,1
MBM2-202052,1
MBM2-PACU701198,1
MBM2-186773,1
CAM2-45307,1
CAM2-12307,1
CAM2-60294,1
CAM2-60433,1
CAM2-41066,1
EKA2-01980698612,1
EKA2-01980688700,1
EKA2-11950487000,1
EKA2-09960298715,1
EKA2-09962657915,1
EKA2-09962647915,1
EKA2-01202660,1
EKA2-09960148801,1
EKA2-09963468000,1
EKA2-11950777000,1
ROB2-ES0256,1
ROB2-SS2108,1
ROB2-PC0364,1
ROB2-MC0884,1
ROB2-ES0280,1
TBA2-K3D5400300,1
TBA2-K3F3101003,1
TBA2-K3F5102100,1
TBA2-M6059000108,1
TBA2-KR91700501,1
TBA2-KF85300304,1
TBA2-KF84900100,1
BES2-33171000,1
LIN2-LA14,1
EDL2-S145,1
BEN2-1021,1
XIN2-TW-32S-16,1
XIN2-LED-LIGHT,1
TBA2-K1FFC00200,1
TBA2-K1FFC00300,1
TBA2-K1R5300101,1
TBA2-K1F1600100,1
TBA2-K1F1600200,1
TBA2-K1F5100103,1
CAS2-958195000,1
CAS2-533896600R,1
CAS2-958082030,1
CAS2-985716010,1
CAS2-959775010,1
CAS2-530111000,1
CAS2-530112200,1
CAS2-959715000,1
CAS2-537048700,1
CAS2-533896500R,1
MMT2-58101013,1
MMT2-58101030,1
MMT2-58101058,1
MMT2-58101066,1
ETL2-0543801400,1
ETL2-0214530100,1
ETL2-0617832200,1
ETL2-0543825301,1
ETL2-0660807200,1
ETL2-0640602014,1
ETL2-0830812503,1
ETL2-0574804900,1
ETL2-0214442702,1
ETL2-0514834100,1
ETL2-0330281100,1
ETL2-0282217501,1
ETL2-0835840500,1
ETL2-0543820203,1
ETL2-0514825203,1
ETL2-0806807500,1
ETL2-0516850600,1
ETL2-0694801600,1
ETL2-0699802200,1
ETL2-0830816900,1
ETL2-0660804200,1
ETL2-0548837200,1
ETL2-0660804300,1
ETL2-0652800401,1
ETL2-0652801800,1
ETL2-0646807101,1
ETL2-0617813201,1
ETL2-0639805100,1
ETL2-0544815200,1
ETL2-0675817301,1
ETL2-0675400B00,1
ETL2-0246001622,1
ETL2-0696400000,1
ETL2-0543825401,1
ETL2-0830882602,1
ETL2-0830812301,1
ETL2-0830824304,1
ETL2-0543818701,1
ETL2-0543819902,1
ETL2-0275290025,1
ETL2-0282217401,1
ETL2-0830812800,1
ETL2-0830828100,1
ETL2-0514831600,1
ETL2-0215199700,1
ETL2-0214164400,1
ETL2-0214164101,1
ETL2-0638888000,1
ETL2-0546811100,1
ETL2-0543820002,1
ETL2-0830831400,1
ETL2-0830866100,1
ETL2-0830888402,1
ETL2-0835821400,1
ETL2-0646807700,1
ETL2-0648803001,1
ETL2-0694800300,1
ETL2-0694601000,1
ETL2-0648807300,1
ETL2-0675823501,1
BES2-31995000,1
BES2-35050100,1
BES2-31990900,1
BES2-33170700,1
WNK2-BT-200T-2,1
WNK2-BT-200T-5,1
LAC2-494413580,1
BES2-31290600,1
NTS2-ON-OFF-SWITCH,1
NTS2-L290061062,1
NTS2-L290061063,1
ROB2-PC0414,1
ROB2-PC0466,1
ROB2-EC0387,1
ROB2-PC0427,1
MID2-61511,1
MID2-60185OLD,1
MID2-59132,1
LIN2-TH107,1
ZAN2-ELET0076,1
ZAN2-ELET0075,1
ETL2-0611804200,1
BES2-31787000,1
HAT2-020701700,1
TBA2-K3R3300204,1
ROB2-MC0878,1
ROB2-HS0017,1
HAT2-X021918600,1
CAS2-965118000(64),1
TBA2-BR21700101,1
TBA2-BS90900100,1
TBA2-S722500104,1
TBA2-KF24900104,1
TBA2-KR81900104,1
HOU2-32700090,1
HOU2-32700233,1
HOU2-32710034,1
HOU2-32720004,1
CAS2-965120000,1
CAS2-965356000,1
CAS2-965357000,1
LIN2-CO215,1
LIN2-BR03,1
RON2-121029,1
RON2-99090,1
RON2-50927,1
RON2-53436,1
RON2-53439,1
BES2-23524900,1
ROB2-ES0282,1
ROB2-WS0011,1
MID2-65565,1
MID2-65141,1
CAS2-958133020,1
HAT2-R041234900,1
ROB2-VS0376,1
ROB2-VS0189,1
ROB2-VS0348,1
ROB2-SS0446,1
ROB2-MS0389,1
ROB2-MS0076,1
ROB2-MC1088,1
ROB2-MC0888,1
ROB2-HC0189,1
ROB2-HC0173,1
ROB2-EC0397,1
LIN2-PR100,1
RAN2-34200095,1
RAN2-10705368,1
RAN2-34070173,1
RAN2-10110312,1
RAN2-10110404,1
RAN2-33323430,1
RAN2-21300741,1
RAN2-10060476,1
RAN2-39220014,1
RAN2-38123067,1
RAN2-GEAR,1
RAN2-10720014,1
RAN2-10060492,1
RAN2-37900809,1
RAN2-39930003,1
RAN2-87040814,1
RAN2-38123033,1
RAN2-10781310,1
RAN2-10060127,1
RAN2-10706054,1
RAN2-33324030,1
RAN2-23214016,1
RAN2-23217005,1
RAN2-33122013,1
RAN2-69000032,1
RAN2-38123130,1
RAN2-26212001,1
RAN2-37510320,1
RAN2-26122001,1
RAN2-38123036,1
RAN2-10111015,1
RAN2-25143006,1
RAN2-34020111,1
RAN2-34040107,1
RAN2-23119028,1
RAN2-23123003,1
RAN2-32239002,1
RAN2-36130001,1
RAN2-38121037,1
RAN2-10060457,1
RAN2-13010410,1
RAN2-34020014,1
RAN2-10705126,1
RAN2-36404106,1
RAN2-35162505,1
RAN2-10220100,1
RAN2-33322061,1
RAN2-34030006,1
RAN2-34070161,1
RAN2-33322060,1
RAN2-69000950,1
RAN2-33322027,1
RAN2-10705361,1
RAN2-35002506,1
RAN2-10905002,1
RAN2-33323002,1
RAN2-38123754B,1
RAN2-32331027,1
RAN2-38123520,1
RAN2-10041042,1
RAN2-23232005,1
RAN2-10905005A,1
RAN2-38120041,1
RAN2-10706065,1
RAN2-69111001,1
RAN2-10705405,1
RAN2-32330365,1
RAN2-10060106,1
RAN2-10060181,1
RAN2-34070211,1
HAM2-950005300,1
HAM2-6126-91515,1
HAM2-61069090000,1
HAM2-61489390020,1
HAM2-911993900,1
HAM2-951190900,1
HAM2-42011001200,1
HAM2-260039700,1
HAM2-990390800,1
HAM2-990390900,1
HAM2-6126-851,1
HAM2-967993200,1
HAM2-990136400,1
HAM2-990386400,1
HAM2-967000150,1
HAM2-990059800,1
HAM2-596701,1
HAM2-990213300,1
HAM2-990256500,1
HAM2-990256600,1
HAM2-990256700,1
HAM2-990262400,1
HAM2-990262600,1
HAM2-990263300,1
HAM2-990263700,1
HAM2-990264000,1
HAM2-990264700,1
HAM2-990264800,1
HAM2-990265000,1
HAM2-990265100,1
HAM2-990276100,1
HAM2-990276200,1
HAM2-990276700,1
HAM2-990277300,1
HAM2-990277900,1
HAM2-990278100,1
HAM2-990278700,1
HAM2-990279500,1
HAM2-990280700,1
HAM2-990282100,1
HAM2-990255400,1
HAM2-990255500,1
HAM2-990255700,1
HAM2-990256900,1
HAM2-990257100,1
HAM2-990258100,1
HAM2-990259400,1
HAM2-990259500,1
HAM2-990313300,1
HAM2-990277401,1
HAM2-990167260,1
HAM2-990167370,1
HAM2-990206600,1
HAM2-990206100,1
HAM2-990206900,1
HAM2-990207500,1
HAM2-6126-950,1
HAM2-950012205,1
HAM2-990277000,1
HAM2-990263200,1
HAM2-990278200,1
HAM2-990280900,1
HAM2-990277500,1
HAM2-990265900,1
HAM2-990266000,1
HAM2-990266300,1
HAM2-990266400,1
HAM2-990266500,1
HAM2-990276400,1
HAM2-990276300,1
HAM2-990314800,1
HAM2-990033800,1
HAM2-990038100,1
HAM2-990060300,1
HAM2-280009200,1
HAM2-990265800,1
HAM2-990308300,1
HAM2-990090400,1
HAM2-990083700,1
HAM2-990062900,1
HAM2-990351300,1
HAM2-990346600,1
HAM2-990351400,1
HAM2-990349600,1
HAM2-990342801,1
HAM2-990342901,1
HAM2-596705,1
HAM2-990057800,1
HAM2-220008600,1
HAM2-990097000,1
HAM2-990126200,1
HAM2-990048000,1
HAM2-210003901,1
HAM2-14-0733-03001,1
HAM2-14-0733-02001,1
HAM2-990158200,1
ROL2-F05009,1
ROL2-A03038,1
ROL2-H03020,1
ROL2-F01042-43,1
ROL2-H02034,1
ROL2-F04002,1
ROL2-H04031,1
ROL2-SA03023,1
ROL2-SA18025,1
ROL2-SA03012,1
ROL2-A03026,1
ROL2-106002,1
ROL2-B02024,1
ROL2-B02027,1
ROL2-B02050EMA,1
ROL2-A02029,1
ROL2-53120SE,1
ROL2-F01023,1
ROL2-H04003,1
ROL2-E02087,1
ROL2-B07015,1
ROL2-F01026,1
ROL2-A02031,1
ROL2-H01032,1
ROL2-76133SE,1
ROL2-SB06025,1
ROL2-SB06026,1
ROL2-SH03030,1
ROL2-SB06051,1
ROL2-SH03029,1
ROL2-SA15021,1
ROL2-SH03026,1
ROL2-SH01035,1
ROL2-A05011,1
ROL2-E01019,1
ROL2-E02158,1
ROL2-64041,1
ROL2-F05084,1
ROL2-76156,1
ROL2-76234,1
ROL2-76281,1
ROL2-76246,1
ROL2-76256D,1
ROL2-76256G,1
ROL2-76247,1
ROL2-76248,1
ROL2-76249,1
ROL2-SH01032,1
ROL2-76101,1
ROL2-A16010,1
ROL2-37006,1
ROL2-E02141,1
ROL2-B04087,1
ROL2-A15019,1
ROL2-F04012,1
ROL2-F05022,1
ROL2-D01033,1
ROL2-36091,1
ROL2-H03007,1
ROL2-A06063,1
ROL2-A16026,1
ROL2-E02144,1
ROL2-D05080,1
ROL2-53114SE,1
ROL2-G06880,1
ROL2-A05018,1
ROL2-B10018,1
ROL2-37380SE,1
ROL2-G16386,1
ROL2-G16331,1
ROL2-E02189,1
ROL2-E02264,1
ROL2-53077,1
ROL2-37113,1
ROL2-A15035,1
ROL2-F01083SE,1
ROL2-G16079,1
ROL2-35087SE,1
ROL2-A15061,1
ROL2-B04104,1
ROL2-G06743,1
ROL2-B08044,1
ROL2-F01062,1
ROL2-G06702,1
ROL2-15277SER,1
ROL2-A15067,1
ROL2-F01078,1
ROL2-B02027+PTR,1
ROL2-F01057,1
ROL2-H01018,1
ROL2-07088FSE,1
ROL2-A01006,1
ROL2-57004RAM,1
ROL2-57012,1
ROL2-B03004,1
ROL2-B03004COM,1
ROL2-53024,1
COG2-143267,1
COG2-209037,1
COG2-143266,1
COG2-026408,1
COG2-143263,1
COG2-136030,1
COG2-127082,1
COG2-127085,1
COG2-325097,1
COG2-129076,1
COG2-129080,1
COG2-325070,1
COG2-429074,1
COG2-116032,1
COG2-65624,1
COG2-65700,1
COG2-87773,1
COG2-66451,1
COG2-DEI35N,1
COG2-65382A,1
COG2-DEI416,1
COG2-DEI417,1
COG2-800921,1
COG2-K75860,1
COG2-419040,1
COG2-130177,1
COG2-228004,1
COG2-419036,1
COG2-437117,1
COG2-480153,1
COG2-65600,1
COG2-65920,1
COG2-74069,1
COG2-75876,1
COG2-927245,1
COG2-929174,1
COG2-69282,1
COG2-215010,1
COG2-65755,1
COG2-80815,1
COG2-70100,1
COG2-75648,1
COG2-65018,1
COG2-65922,1
COG2-927104,1
COG2-80829,1
COG2-80826,1
COG2-75983,1
COG2-DEI40N,1
COG2-DEI36N,1
COG2-70939,1
COG2-70941,1
COG2-70944,1
COG2-70945,1
COG2-75076,1
COG2-75075,1
COG2-75429,1
COG2-65883,1
COG2-127177,1
COG2-127178,1
COG2-104056,1
COG2-127124,1
COG2-127175,1
COG2-143248,1
COG2-127139,1
COG2-437034,1
COG2-127174,1
COG2-437108,1
COG2-121156,1
COG2-121157,1
COG2-121166,1
COG2-70996,1
COG2-65747,1
COG2-927322,1
COG2-73218,1
COG2-75976,1
COG2-80105,1
COG2-486078,1
COG2-75817,1
COG2-927114,1
COG2-74938,1
COG2-DEI38N,1
COG2-74903,1
COG2-K67876,1
COG2-67180,1
COG2-67179,1
COG2-67600,1
COG2-999372,1
COG2-K67875,1
COG2-69956,1
COG2-75120,1
COG2-75123,1
COG2-75146,1
COG2-75200,1
COG2-80351,1
COG2-DEI40,1
COG2-143004,1
COG2-215042-2,1
COG2-26154,1
COG2-461028,1
WIN2-2901240,1
WIN2-3101027,1
WIN2-3106051,1
WIN2-3106052,1
WIN2-5505018,1
WIN2-5527096,1
WIN2-5528138,1
WIN2-CONNECTOR,1
WIN2-3124221,1
WIN2-62001618,1
WIN2-60002855,1
WIN2-60003746,1
WIN2-62003282,1
WIN2-3106044,1
WIN2-5515089,1
WIN2-62001292,1
WIN2-620020053,1
WIN2-62001812,1
WIN2-5528221,1
WIN2-62001810,1
WIN2-62001958,1
WIN2-62001189,1
WIN2-62002648,1
WIN2-3126044,1
WIN2-3104154,1
WIN2-3113164,1
WIN2-60003595,1
WIN2-3102480,1
WIN2-60003435,1
WIN2-3102453,1
WIN2-60003778,1
WIN2-2030503,1
WIN2-2202302,1
WIN2-2910234,1
WIN2-3102206,1
WIN2-3104067,1
WIN2-3105119,1
WIN2-3105131,1
WIN2-3106118,1
WIN2-4003051,1
WIN2-4003052,1
WIN2-5511067,1
WIN2-61002023,1
WIN2-61002390,1
WIN2-61002557,1
WIN2-5515081,1
WIN2-3501157,1
WIN2-61004984,1
WIN2-61005083,1
WIN2-61005194,1
WIN2-3104117,1
WIN2-61005333,1
WIN2-61005184,1
WIN2-61005671,1
WIN2-2017306,1
WIN2-61004529,1
WIN2-5513004,1
WIN2-3102363,1
WIN2-3104098,1
WIN2-60001204,1
WIN2-60001205,1
WIN2-2810029,1
WIN2-3102243,1
WIN2-3102340,1
WIN2-3103158,1
WIN2-702000964,1
WIN2-70200125,1
WIN2-702001403,1
WIN2-702003883,1
WIN2-702004258,1
WIN2-70002387,1
WIN2-70002428,1
WIN2-70002490,1
WIN2-4003003,1
WIN2-70002295,1
WIN2-2810005,1
WIN2-2810034,1
WIN2-3102407,1
WIN2-3106179,1
WIN2-3116070,1
WIN2-3116076,1
WIN2-3125045,1
WIN2-60002453,1
WIN2-70004155,1
WIN2-70004240,1
WIN2-70004623,1
WIN2-70004625,1
WIN2-70004781,1
WIN2-3015509,1
WIN2-70004879,1
WIN2-2910526,1
WIN2-3108025,1
WIN2-3116014,1
WIN2-3124036,1
WIN2-3124115,1
WIN2-5504019,1
WIN2-5505035,1
WIN2-70001753,1
WIN2-2801053,1
WIN2-5506045,1
WIN2-62003600,1
WIN2-3104117-(GS23S),1
WIN2-65002765-(WKT1000),1
WIN2-70003678,1
WIN2-62003352,1
WIN2-62001802,1
WIN2-3102168,1
WIN2-61004974,1
WIN2-3205035,1
WIN2-70005762,1
WIN2-70008918,1
WIN2-70008916,1
WIN2-3102519,1
WIN2-70300390,1
WIN2-70300599,1
WIN2-70300346,1
WIN2-3116090,1
WIN2-70000907,1
WIN2-60003994,1
WIN2-70300271,1
WIN2-3103169,1
WIN2-3111317,1
WIN2-61004175,1
WIN2-3102597,1
WIN2-30000181,1
WIN2-4002029,1
WIN2-30002167,1
WIN2-30002171,1
WIN2-30002495,1
WIN2-61006861,1
WIN2-2707092,1
WIN2-30002170,1
WIN2-30002179,1
BER2-NT-BBQ1,1
BER2-TM-EGO234,1
BER2-K50-200,1
BER2-C-MS4,1
BER2-IC-IK-B40W,1
BER2-KMB005,1
BER2-ER,1
BER2-KN-SALA,1
BER2-HN-SPSALA,1
BER2-SEAL,1
BER2-OP-U20-TC,1
BER2-COVER-U30,1
BER2-COVER-T,1
BER2-LED-AC6DLFP6,1
BER2-SPO-E-C2401008A,1
BER2-SPO-E-C2401008F,1
BER2-SPO-E-C2401008G,1
BER2-SPO-E-C2401008B,1
BER2-SPO-E-C2401008D,1
BER2-VA-SS1,1
BER2-GLC-D-RCS4-L,1
BER2-GLC-D-RCS4-R,1
BER2-NT-BC5-6,1
BER2-2D-DC-BOTTOM-PANEL,1
BER2-S-ODER-BLKR-CKE3,1
BER2-PL-JD-DTL,1
BER2-32X33X6,1
BER2-OP-38ED,1
BER2-RL,1
BER2-NT-BMD311,1
BER2-SELVING-LEFT,1
BER2-SELVING-RIGHT,1
BER2-OP-DRO-HC,1
BER2-NT-FW6C,1
BER2-TM-ROD,1
BER2-OP-SALA-O.R,1
BER2-BAR-SALA11A,1
BER2-BAR-SALA22A,1
BER2-NT-FW45,1
BER2-CM-CAJ4492,1
BER2-CC-34UR,1
BER2-HL-FWUC,1
BER2-OP-KM234T,1
BER2-GL-CHL-O,1
BER2-CM-THB4419,1
BER2-CC-DC211C,1
BER2-CC-DC211CC,1
BER2-NT-BMD211,1
BER2-CC-52DF,1
BER2-HL-F12,1
BER2-CC-13C,1
BER2-NT-FWB5,1
BER2-GL-BGC8,1
BER2-GL-BGC7,1
BER2-NT-FW4C,1
BER2-PN-UR6D-B,1
BER2-FE-CS-VDE69W,1
BER2-CD-BL-FZR,1
BER2-CC-BL-FZR-3MM,1
BER2-BR-201A-1,1
BER2-FL-FD3-8-S,1
BER2-117-7012,1
BER2-72UF-260V,1
BER2-AP-4540G,1
BER2-GL-NFW35-D,1
BER2-OP-GDF-BR,1
BER2-BN-PSA6X16,1
BER2-GL-CHR-N,1
BER2-FC-DRO6L,1
BER2-NT-BD6-6,1
BER2-TM-NTC-C-B,1
BER2-CM-AE9422ES,1
BER2-CM-AE9430ES,1
BER2-CM-AE9440ES,1
BER2-CD-025,1
BER2-CD-150N,1
BER2-GE-PC306FS,1
BER2-HL-FW-N,1
BER2-GC-SDFH-SM-RC,1
BER2-CKE4SCSB-002,1
BER2-FE-FPTC8,1
BER2-SPO-P-C1908042A,1
BER2-SPO-P-C1911033A,1
BER2-SPO-P-C2002013A,1
BER2-BR-PASTA-400,1
BER2-IC-W77-IL,1
BER2-IC-W77-I,1
BER2-IC-W77-IH,1
BER2-WL-RB5,1
BER2-WL-RS5,1
BER2-FE-F3,1
BER2-CC-ICS12,1
BER2-IC-WPU-PCB213,1
BER2-IC-WPU-WTC,1
BER2-PN-D1D-LB-S,1
BER2-BN-JCN,1
BER2-GL-HE3,1
BER2-GL-CKE4DG,1
BER2-HL-B02-482,1
BER2-GL-BMC6U,1
BER2-GL-BMC6S,1
BER2-SPO-E-C2012055A,1
BER2-MC-TP3237,1
BER2-SPO-R-C2208001A,1
BER2-D-CKE5-L,1
BER2-D-CKE5-R,1
BER2-GL-HE4,1
BER2-IC-DRC150A-CP,1
BER2-CM-SC21CLX,1
BER2-CM-GS26CLX,1
BER2-IC-DRC150A-GV,1
BER2-IC-DRC150A-NF,1
BER2-IC-DRC150A-HF,1
BER2-GS-M1063-UR,1
BER2-PL-JD-TT-C,1
BER2-GS-M1071-CT-402X519,1
BER2-STK-DW211,1
BER2-STK-DW311,1
BER2-BA-SC001,1
BER2-GS-M1071-CT-411X525,1
BER2-GS-M1071-CT-401X519,1
BER2-D-B5-8-950-R,1
BER2-SPO-R-C2304025A,1
BER2-SPO-R-C2305032A,1
BER2-GS-M1701-D2,1
BER2-10MF,1
BER2-GLC-SC34568L,1
BER2-BR-GDF12,1
BER2-HL-DG04,1
BER2-CS-D-Y-B-LT,1
BER2-CS-D-Y-B-LB,1
BER2-BN-MSSWM6,1
BER2-DR-01,1
BER2-VA-SS3-4,1
BER2-IC-IK-TRANS-A,1
BER2-BK-SDF12A,1
SAN2-06718,1
SAN2-06705,1
SAN2-06771,1
SAN2-06515,1
SAN2-06510,1
SAN2-06100,1
SAN2-00001,1
SAN2-01201,1
SAN2-01300,1
SAN2-01229,1
SAN2-01602,1
SAN2-10606,1
SAN2-10106,1
SAN2-11201,1
SAN2-11307,1
SAN2-11309,1
SAN2-11322N,1
SAN2-11403,1
SAN2-11404N,1
SAN2-11300N,1
SAN2-11316N,1
SAN2-28105,1
SAN2-28200B,1
SAN2-28870,1
SAN2-28753,1
SAN2-28800,1
SAN2-37436,1
SAN2-37300,1
SAN2-37430,1
SAN2-37175,1
SAN2-37460,1
SAN2-37456,1
SAN2-37454,1
SAN2-37134,1
SAN2-37440,1
SAN2-37402,1
SAN2-40101,1
SAN2-40500,1
SAN2-50800,1
SAN2-50417,1
SAN2-09435,1
SAN2-09155,1
SAN2-09109,1
SAN2-01435,1
SAN2-01419,1
SAN2-01202,1
SAN2-66230,1
SAN2-66110,1
SAN2-66260,1
SAN2-66105,1
SAN2-66106,1
SAN2-66430,1
SAN2-66431,1
SAN2-66241,1
SAN2-66255,1
SAN2-66311,1
SAN2-66312,1
SAN2-66310,1
SAN2-66104,1
SAN2-66411,1
SAN2-28888I,1
SAN2-65264,1
SAN2-65615,1
SAN2-37615,1
SAN2-62332F,1
SAN2-38402,1
SAN2-38101,1
SAN2-38102,1
SAN2-38407,1
SAN2-38405,1
SAN2-38406,1
SAN2-38300,1
SAN2-38418,1
SAN2-50860,1
SAN2-50720,1
SAN2-50600,1
SAN2-52500,1
SAN2-53531,1
SAN2-53538,1
SAN2-54250,1
SAN2-66254,1
SAN2-70712,1
SAN2-02201AG,1
SAN2-02201CD,1
SAN2-02201FD,1
SAN2-02201GD,1
SAN2-53230,1
SAN2-52517,1
SAN2-52515-220-V,1
SAN2-52403,1
SAN2-52402,1
SAN2-52404,1
SAN2-52510,1
SAN2-68100,1
SAN2-68950,1
SAN2-68653,1
SAN2-68659,1
SAN2-68505,1
SAN2-68516,1
SAN2-68510,1
SAN2-28950,1
SAN2-65101,1
SAN2-65280,1
SAN2-65206,1
SAN2-65271,1
SAN2-65263,1
SAN2-65266,1
SAN2-65273,1
SAN2-62103,1
SAN2-62114,1
SAN2-62305,1
SAN2-62330,1
SAN2-62400,1
SAN2-62366,1
SAN2-62365,1
SAN2-28854,1
SAN2-37103I,1
SAN2-00001B,1
SAN2-28890,1
SAN2-37110,1
SAN2-65332,1
SAN2-06734,1
SAN2-58230,1
SAN2-37101,1
SAN2-50100,1
SAN2-50840,1
SAN2-50810,1
SAN2-06602,1
SAN2-65350,1
SAN2-65624,1
SAN2-65526,1
SAN2-65411,1
SAN2-65413,1
SAN2-65219,1
SAN2-65204,1
SAN2-65625,1
SAN2-71101,1
SAN2-71507B,1
SAN2-71200C,1
SAN2-71410,1
SAN2-71408,1
SAN2-71403,1
SAN2-71405,1
SAN2-71415,1
SAN2-54330,1
SAN2-54400,1
SAN2-54603,1
SAN2-54714,1
SAN2-54710,1
SAN2-54705,1
SAN2-54201,1
SAN2-54202,1
SAN2-54203,1
SAN2-54101,1
SAN2-54105,1
SAN2-11400,1
SAN2-53706,1
SAN2-53260,1
SAN2-28855,1
SAN2-65240,1
SAN2-70507,1
SAN2-70250,1
SAN2-70251,1
SAN2-70110,1
SAN2-70102,1
SAN2-62310,1
SAN2-58361,1
SAN2-28659,1
SAN2-02337,1
SAN2-70100,1
SAN2-70517,1
SAN2-70504,1
SAN2-70505,1
SAN2-70506,1
SAN2-70702,1
SAN2-70405,1
SAN2-02324,1
SAN2-02315,1
SAN2-02419,1
SAN2-02328,1
SAN2-09200,1
SAN2-02200,1
SAN2-02201BD,1
SAN2-02327,1
SAN2-02341,1
SAN2-02124,1
SAN2-02502,1
LKK2-BLACK-COLOR,1
LKK2-B10-04-00,1
LKK2-WIRE-WHIP(B10),1
LKK2-B10-01-16,1
LKK2-B10-01-02,1
LKK2-B20B-23,1
LKK2-B25-15-7-1,1
LKK2-B25-17,1
LKK2-GB678-64,1
LKK2-GB893.2-8,1
LKK2-GB1171-74(B30),1
LKK2-B30-05-03,1
LKK2-14-MF.,1
LKK2-SWITCH-P(B5D),1
LKK2-PULLEY,1
LKK2-TC17-35-7,1
LKK2-245,1
LKK2-204,1
LKK2-BASKET(EF-101),1
LKK2-TIMER(EF-171),1
LKK2-Y80L2-2,1
LKK2-FDMZ125-21,1
LKK2-FDMZ150-21,1
LKK2-HANDLE,1
LKK2-HS20-15,1
LKK2-HS20-12,1
LKK2-HS50-24,1
LKK2-HS50-37,1
LKK2-1205ETN9,1
LKK2-QM2,1
LKK2-HYG-1D-002,1
LKK2-HYG-2D-004,1
LKK2-BODY-FOR-HYG2D,1
LKK2-HYG-2D-016,1
LKK2-HYG-2D-006,1
LKK2-ขอบยางแบบแม่เหล็ก,1
LKK2-BEARING,1
LKK2-608Z,1
LKK2-LSP520-55,1
LKK2-SWITCH(MW-2),1
LKK2-K-360-1,1
LKK2-PL-2-22A-9,1
LKK2-750W,1
LKK2-15,1
LKK2-30,1
LKK2-TC12-02-00,1
LKK2-TC22-20,1
LKK2-38,1
LKK2-TC42-1,1
LKK2-TC42-5-13,1
LKK2-34-B,1
LKK2-TJ12-26,1
LKK2-TJ12-20,1
LKK2-TJ32-09,1
LKK2-TJ32-38,1
LKK2-TJ32-03,1
LKK2-TQ5-5,1
LKK2-TQ5-19-1,1
LKK2-TQ5-14,1
LKK2-TQ5-18,1
LKK2-TQ5-21,1
LKK2-TQ5-22,1
LKK2-TQ5-20,1
LKK2-TR12-28-00,1
LKK2-TR12-44,1
LKK2-TR12-30,1
LKK2-TR180-01(B),1
LKK2-PC-LEFT,1
LKK2-CAPACITOR(B5B),1
LKK2-CHAIN(RG-9X),1
LKK2-CHAIN(RG30-11),1
LKK2-THERMOSTAT(GX10),1
LKK2-BM3-17,1
LKK2-BOWL,1
LKK2-MICRO(M20A),1
LKK2-LK-BODY-TOP,1
LKK2-IND350K-12,1
LKK2-IND350W-2,1
LKK2-IND350W-14,1
LKK2-IND350W-21,1
LKK2-KNOB-TI(DHL32),1
LKK2-51104,1
LKK2-KSQ3-LITTLE-FLOAT,1
LKK2-B40-05-19,1
LKK2-B40-19,1
LKK2-DOOR-PL-6,1
LKK2-MT30-32-01,1
LKK2-CENTRIFUGAL-SWITCH,1
LKK2-60X80X10,1
LKK2-PCP025,1
LKK2-PCP040B,1
LKK2-PCP042,1
LKK2-PCPA04-3,1
LKK2-TC25-47-7,1
LKK2-EPZ6-2,1
LKK2-EPZ6-11,1
LKK2-EPZ6-21,1
LKK2-EPZ6-32,1
LKK2-JG300A-60,1
LKK2-JG300A-58,1
LKK2-B20F-59,1
LKK2-RHX-14-21,1
LKK2-JG300-44,1
LKK2-JG300-16,1
LKK2-JG300-05,1
LKK2-OVEN-DOOR(LK-PL2-4-6,1
LKK2-SB6-03,1
LKK2-SWITCH(JG210),1
LKK2-JG-210-40,1
LKK2-WST,1
LKK2-LSP520-81,1
LKK2-LSP520-83,1
LKK2-CM4802-10-82,1
LKK2-206,1
LKK2-B25-SHIFT-HANDLE,1
LKK2-JG-210-10,1
LKK2-JG-210-05,1
LKK2-B30-06-17,1
LKK2-B20F(K)-08,1
LKK2-CM4803-60-03,1
LKK2-CM4803-10-64,1
LKK2-CM4803-40-30,1
LKK2-CM4803-10-29,1
LKK2-BK50VAI,1
LKK2-BOWL(B40),1
LKK2-MOTOR(B40),1
LKK2-TSP520-79,1
LKK2-ROLLER-TUBE(RG11X),1
LKK2-HS20-33A,1
LKK2-56,1
LKK2-KSQ3-10,1
LKK2-KNIFE(NO.3),1
LKK2-QS503A-01-09,1
LKK2-QS503A(NO.12),1
LKK2-MOTOR(NO.23),1
LKK2-QS503A(NO.2),1
LKK2-QS503A-08-04,1
LKK2-HS80-51,1
LKK2-PAP030,1
LKK2-BASKET(WGF-181),1
LKK2-HWH25-03-02,1
LKK2-LSP520-79,1
LKK2-B10-01-09,1
LKK2-B40-06-05B,1
LKK2-28(EPC-6T),1
LKK2-TSP520-29-2,1
LKK2-UP-DECORATE(EPC-4T),1
LKK2-UP-DECORATE(EPC-6T),1
LKK2-CU-NUT,1
LKK2-GASKET,1
LKK2-1-2-PROBE,1
LKK2-SILICONE-GASKET,1
LKK2-WATER-SPOUT,1
LKK2-DOOR-PLASTIC-HANDLE,1
LKK2-GLASS-FRAME,1
LKK2-TEMPER-GLASS315X95X6,1
LKK2-LEFT-SIDE-DOOR-FRAME,1
LKK2-LEFT-SIDE-PANEL(RED),1
LKK2-TOP-INSULATION,1
LKK2-BOTTOM-INSULATION,1
LKK2-RIGHT-SIDE-PANEL-RED,1
LKK2-008-300L,1
LKK2-002-300L,1
LKK2-003-300L,1
LKK2-014-300L,1
LKK2-RHX-12-27,1
LKK2-RHX-12-28,1
LKK2-EHS660#3,1
LKK2-EHS660#6,1
LKK2-EHS330#6,1
LKK2-EHS330#7,1
LKK2-EHS660#5,1
LKK2-EHS660#4,1
LKK2-AIR-DUCT,1
LKK2-PLATE(JB35),1
LKK2-WGF181-282930,1
LKK2-FOOT(JB35),1
LKK2-HEATING(JB35),1
LKK2-TSP520-54,1
LKK2-B80-116,1
LKK2-B80-Z-D2,1
LKK2-B80-258,1
LKK2-B80-261,1
LKK2-B80-257,1
LKK2-B80-250,1
LKK2-B80-255,1
LKK2-B80-263,1
LKK2-B80-260,1
LKK2-B80-256,1
LKK2-B80-246,1
LKK2-B80-108,1
LKK2-P102,1
LKK2-B80-252,1
LKK2-B80-248,1
LKK2-B80-225,1
LKK2-B80-265,1
LKK2-B80-109,1
LKK2-YD1325-5-4,1
LKK2-B80-205,1
LKK2-B80-207,1
LKK2-B80-226,1
LKK2-B80-208,1
LKK2-B80-003,1
LKK2-IND300-3,1
LKK2-HT1100W,1
LKK2-BT-200T1-3,1
LKK2-LK-GDO-9,1
LKK2-LK-GDO-17,1
LKK2-TSP520-30-2,1
ROE2-29523,1
ROE2-102021,1
ROE2-39059,1
ROE2-29671,1
ROE2-29718,1
ROE2-102417,1
ROE2-102572,1
ROE2-29554,1
ROE2-117124,1
ROE2-302041,1
ROE2-29149,1
ROE2-102600,1
ROE2-104125,1
ROE2-39831,1
ROE2-39277,1
ROE2-39818,1
ROE2-39824,1
ROE2-39701,1
ROE2-39705,1
ROE2-39820,1
ROE2-29581,1
ROE2-49074,1
ROE2-104122,1
ROE2-29905,1
ROE2-89976,1
ROE2-89615,1
ROE2-89003,1
ROE2-89000,1
ROE2-89008,1
ROE2-89620,1
ROE2-29628,1
ROE2-39675,1
ROE2-49435,1
ROE2-59435,1
ROE2-39886,1
ROE2-504728,1
ROE2-504702,1
ROE2-59310,1
ROE2-59294,1
ROE2-39235,1
ROE2-117079S,1
ROE2-501196,1
ROE2-102022S,1
ROE2-102471S,1
ROE2-103700S,1
ROE2-49160,1
ROE2-49161,1
ROE2-117058S,1
ROE2-119167S,1
ROE2-89686,1
ROE2-89687,1
ROE2-39022S,1
ROE2-49054,1
ROE2-39896,1
ROE2-39522,1
ROE2-39510,1
ROE2-39515,1
ROE2-39530,1
ROE2-117186,1
ROE2-117196,1
ROE2-29374,1
ROE2-59128,1
ROE2-119204S,1
ROE2-119205S,1
ROE2-59395,1
ROE2-59503,1
ROE2-59505,1
ROE2-57069,1
ROE2-57070,1
ROE2-57072,1
ROE2-118268S,1
ROE2-119200S,1
ROE2-59157,1
ROE2-59156,1
ROE2-59272,1
ROE2-59517,1
ROE2-59155,1
ROE2-501105S,1
ROE2-117922S,1
ROE2-118151S,1
ROE2-118155S,1
ROE2-118156S,1
ROE2-59137,1
ROE2-208582S,1
ROE2-59439,1
ROE2-59204,1
ROE2-59203,1
ROE2-117987,1
ROE2-303062S,1
ROE2-503353S,1
ROE2-503354S,1
ROE2-503352S,1
ROE2-118296S,1
ROE2-27382,1
ROE2-27384,1
ROE2-27386,1
ROE2-57083,1
ROE2-118100,1
ROE2-39947,1
ROE2-39948,1
ROE2-39949,1
ROE2-39950,1
ROE2-29399,1
ROE2-59017,1
ROE2-39495,1
ROE2-507683,1
ROE2-121836,1
ROE2-29134,1
ROE2-507694,1
ROE2-101060,1
ROE2-59169,1
ROE2-505087,1
ROE2-57211,1
ROE2-57145,1
ROE2-57019,1
ROE2-57156,1
ROE2-121858,1
ROE2-509091,1
ROE2-504703,1
ROE2-507256,1
ROE2-89651,1
ROE2-89070,1
ROE2-104122S,1
ROE2-27190,1
ROE2-29045,1
ROE2-29082,1
ROE2-29144,1
ROE2-29177,1
ROE2-29179,1
ROE2-29185,1
ROE2-29191,1
ROE2-29196,1
ROE2-29217,1
ROE2-29218,1
ROE2-29250,1
ROE2-29260,1
ROE2-29378,1
ROE2-29485,1
ROE2-29539,1
ROE2-29600,1
ROE2-29608,1
ROE2-29629,1
ROE2-29766,1
ROE2-29894,1
ROE2-29932,1
ROE2-29934,1
ROE2-29936,1
ROE2-39103,1
ROE2-39110,1
ROE2-39118,1
ROE2-39124,1
ROE2-39126,1
ROE2-39157,1
ROE2-39197,1
ROE2-39234,1
ROE2-39241,1
ROE2-39253,1
ROE2-39268,1
ROE2-39281,1
ROE2-39307,1
ROE2-39336,1
ROE2-39483,1
ROE2-39761,1
ROE2-39778,1
ROE2-39869,1
ROE2-39873,1
ROE2-39885,1
ROE2-39964,1
ROE2-39974,1
ROE2-57091,1
ROE2-59151,1
ROE2-59152,1
ROE2-59161,1
ROE2-59162,1
ROE2-59163,1
ROE2-59192,1
ROE2-59208,1
ROE2-27375,1
ROE2-59440,1
ROE2-59514,1
ROE2-59515,1
ROE2-59516,1
ROE2-59520,1
ROE2-59608,1
ROE2-89033,1
ROE2-89094,1
ROE2-89151,1
ROE2-89606,1
ROE2-89994,1
ROE2-100095,1
ROE2-100106,1
ROE2-100096,1
ROE2-100196,1
ROE2-100363,1
ROE2-100473,1
ROE2-100615,1
ROE2-100634,1
ROE2-100701,1
ROE2-100702,1
ROE2-100950,1
ROE2-100952,1
ROE2-100953,1
ROE2-100963,1
ROE2-101033,1
ROE2-101054,1
ROE2-101142,1
ROE2-101643,1
ROE2-102098,1
ROE2-102309,1
ROE2-102455,1
ROE2-103205,1
ROE2-104113,1
ROE2-105230,1
ROE2-109890,1
ROE2-111848,1
ROE2-117641,1
ROE2-117766,1
ROE2-117777,1
ROE2-117984,1
ROE2-118251S,1
ROE2-118321,1
ROE2-118380,1
ROE2-141780,1
ROE2-203011,1
ROE2-208879,1
ROE2-303234,1
ROE2-400177,1
ROE2-400538,1
ROE2-3144S,1
ROE2-125290S,1
ROE2-49090,1
ROE2-118245S,1
ROE2-117954S,1
ROE2-118127S,1
ROE2-119266S,1
ROE2-59551,1
ROE2-117982S,1
ROE2-39687,1
ROE2-39688,1
ROE2-39638,1
ROE2-39691,1
ROE2-39636,1
ROE2-39633,1
ROE2-39855,1
ROE2-39853,1
ROE2-39618,1
ROE2-39859,1
ROE2-101967S,1
ROE2-59404,1
ROE2-59349,1
ROE2-59486,1
ROE2-502495S,1
ROE2-106250S,1
ROE2-101636S,1
ROE2-59293,1
ROE2-59001,1
ROE2-39639,1
ROE2-29278,1
ROE2-39055,1
ROE2-502174,1
ROE2-29767,1
ROE2-29390,1
ROE2-301074,1
ROE2-27014,1
ROE2-27213,1
ROE2-405591,1
ROE2-89570,1
ROE2-49238,1
ROE2-102332,1
ROE2-27310,1
ROE2-49449,1
ROE2-27316,1
ROE2-49431,1
ROE2-49460,1
ROE2-59273,1
ROE2-118132S,1
ROE2-105905S,1
ROE2-59222,1
ROE2-500537S,1
ROE2-507121S,1
ROE2-511622S,1
ROE2-59482,1
ROE2-503356S,1
ROE2-502098S,1
ROE2-503108S,1
ROE2-507206S,1
ROE2-89092,1
ROE2-89152,1
ROE2-29761,1
ROE2-29553,1
ROE2-29558,1
ROE2-59590,1
ROE2-39871,1
ROE2-406516,1
ROE2-401501,1
ROE2-130933,1
ROE2-102089,1
ROE2-3077S,1
ROE2-112288,1
ROE2-303080S,1
ROE2-118287S,1
ROE2-117225S,1
ROE2-117186S,1
ROE2-104918S,1
ROE2-101802S,1
ROE2-101801S,1
ROE2-100792S,1
ROE2-503129,1
ROE2-502639,1
ROE2-104147,1
ROE2-89219,1
ROE2-89216,1
ROE2-59496,1
ROE2-59495,1
ROE2-59460,1
ROE2-59459,1
ROE2-59458,1
ROE2-59436,1
ROE2-59364,1
ROE2-59347,1
ROE2-59311,1
ROE2-59279,1
ROE2-59278,1
ROE2-59007,1
ROE2-39888,1
ROE2-39703,1
ROE2-39702,1
ROE2-39142,1
ROE2-27324,1
ROE2-27305,1
ROE2-27304,1
SIR2-MSC04N064Z,1
SIR2-MSC04N072Z,1
SIR2-6202-Z,1
SIR2-MSC04V256,1
SIR2-LF1061102,1
SIR2-41,1
SIR2-SM570101,1
SIR2-19390303,1
SIR2-19563001,1
SIR2-IB2100900,1
SIR2-SM500722N,1
SIR2-6202Z,1
SIR2-IV4000800,1
SIR2-281012045X,1
SIR2-28101206X,1
SIR2-MF0192,1
SIR2-MF0108,1
SIR2-MF0115,1
SIR2-MF20-21000000,1
SIR2-IV4200500,1
SIR2-MF0187,1
SIR2-281032045X,1
SIR2-281542,1
SIR2-IB5054002C,1
SIR2-19700170,1
SIR2-19510419.11,1
SIR2-19530424,1
SIR2-IGS112023,1
SIR2-IGS701213,1
SIR2-IGS701233,1
SIR2-GM2486520,1
SIR2-IB4024006,1
SIR2-19513064.15,1
SIR2-IB2000900,1
SIR2-MF0169,1
SIR2-19510764,1
SIR2-19511720,1
SIR2-19510420.13,1
SIR2-19510664,1
SIR2-19530654.12,1
SIR2-19540154.15,1
SIR2-19511252C,1
SIR2-19511253C,1
SIR2-IB4003004,1
SIR2-IB5000300,1
SIR2-IB4003001,1
SIR2-LF2032821,1
SIR2-LF2035888,1
SIR2-LF2031406,1
SIR2-TC40-50-6.5,1
SIR2-19500464L,1
SIR2-IW2071230066,1
SIR2-IV5820050,1
SIR2-IX2POEL005010,1
SIR2-IW1071240320,1
SIR2-IW1071240325A,1
SIR2-IW1471240040,1
SIR2-FC99434056,1
SIR2-49569000,1
SIR2-49569060,1
SIR2-49569062,1
SIR2-IW2071250046,1
SIR2-IW1471250200,1
SIR2-IW1471250020,1
SIR2-IW2071250200,1
SIR2-IW1071250325A,1
SIR2-IW1471270180,1
SIR2-IW2071230200,1
SIR2-49538330,1
SIR2-LF18G32802,1
SIR2-GM7506000,1
SIR2-19410408,1
SIR2-49401522,1
SIR2-49370020,1
SIR2-49373001,1
SIR2-49373020,1
SIR2-49530220,1
SIR2-49370120,1
SIR2-49373120.11,1
SIR2-49401820,1
SIR2-49374020L.11,1
SIR2-19320282,1
SIR2-49567000,1
SIR2-49567001,1
SIR2-49535011,1
SIR2-49565601,1
SIR2-49401533,1
SIR2-49401532,1
SIR2-49565501,1
SIR2-19500560A,1
SIR2-19531710,1
SIR2-19401800A,1
SIR2-LF1041025,1
SIR2-LF1810506,1
SIR2-LF2001027,1
SIR2-LF2001037,1
SIR2-LF1143101,1
SIR2-LF2043119,1
SIR2-LF2043129,1
SIR2-LF142106001,1
SIR2-LF142106005,1
SIR2-LF142106010,1
SIR2-LF142112035,1
SIR2-LF142112040,1
SIR2-LF142112045,1
SIR2-LF1541001,1
SIR2-LF182106003,1
SIR2-LF202106025,1
SIR2-LF202106027,1
SIR2-LF202106045,1
SIR2-LF202106050,1
SIR2-LF202106055,1
SIR2-LF202106200,1
SIR2-LF202106205,1
SIR2-LF202106210,1
SIR2-LF202106220,1
SIR2-LF202106225,1
SIR2-LF202106230,1
SIR2-LF202106240,1
SIR2-LF202112145,1
SIR2-LF202112150,1
SIR2-LF202112255,1
SIR2-LF1010005,1
SIR2-LF1033005B,1
SIR2-LF1033019,1
SIR2-LF1035804,1
SIR2-LF1035810,1
SIR2-LF1035831,1
SIR2-LF1035833,1
SIR2-LF1035838,1
SIR2-LF1838303,1
SIR2-LF2030522033,1
SIR2-LF2030522090,1
SIR2-LF2031415,1
SIR2-LF2035880,1
SIR2-LF2039212,1
SIR2-19534460.12,1
SIR2-19533864,1
SIR2-19562395,1
SIR2-LF1132001,1
SIR2-IV79RIV05,1
SIR2-IV2420606,1
SIR2-IV1020106,1
SIR2-IV7043110,1
SIR2-IV1020616,1
SIR2-IV1080606,1
SIR2-IV75C5X15,1
SIR2-IV2080606,1
SIR2-IV77C5X5X20,1
SIR2-IV1320606,1
SIR2-IV5966010,1
SIR2-29530451L,1
SIR2-IV2060500,1
SIR2-29530351L,1
SIR2-29530251L,1
SIR2-29561615,1
SIR2-IV2270500,1
SIR2-LF2032018,1
SIR2-29536011L,1
SIR2-IX26885A080720,1
SIR2-29021251,1
SIR2-29401552,1
SIR2-29561160.14,1
SIR2-19410103,1
SIR2-29530452L,1
SIR2-29530252L,1
SIR2-19702005,1
SIR2-29561751,1
SIR2-29531060,1
SIR2-29530751,1
SIR2-29515004,1
SIR2-29515005,1
SIR2-29530760,1
SIR2-GRG103348,1
SIR2-19562406BZ,1
SIR2-MF2132,1
SIR2-29530120.14,1
SIR2-LF18G32901,1
SIR2-LF2010720,1
SIR2-LF2043340,1
SIR2-LF2043544,1
SIR2-LF2044536,1
SIR2-LF1033036,1
SIR2-LF1010063,1
SIR2-LF1013060,1
SIR2-LF142112043,1
SIR2-LF142120025,1
SIR2-LF1831501,1
SIR2-LF202120130,1
SIR2-LF202120200,1
SIR2-LF0221A20030503,1
SIR2-IV1080605,1
SIR2-IV1020615,1
SIR2-IV5050603,1
SIR2-IV4010025,1
SIR2-IV2020600,1
SIR2-IV4050600,1
SIR2-IV4050610,1
SIR2-IV5820510,1
SIR2-IV7800600,1
SIR2-IV4130605,1
SIR2-IV1080625,1
SIR2-IV1080100,1
SIR2-IV59406031,1
SIR2-IV77C7X8X15,1
SIR2-IV2080600,1
SIR2-IV2080615,1
SIR2-IV2080610,1
SIR2-IB1980415C,1
SIR2-LF1013001,1
SIR2-IB1920900,1
SIR2-19510250.09,1
SIR2-19525052,1
SIR2-19540453,1
SIR2-IW1071220010,1
SIR2-IW1471240102,1
SIR2-IW1471240189,1
SIR2-IW2071220043,1
SIR2-IW2071220064,1
SIR2-IW2071220067,1
SIR2-IW2071220070,1
SIR2-19531042,1
SIR2-LF1813002,1
SIR2-AMA028,1
SIR2-IB5940420,1
SIR2-IB5940421,1
SIR2-19562031,1
SIR2-MSC09V006,1
SIR2-LF1533030I2,1
SIR2-LF1533012I,1
SIR2-LF1533016I,1
SIR2-LF1533018I,1
SIR2-LF1533020I,1
SIR2-19500474,1
SIR2-19027664,1
SIR2-19540670,1
SIR2-18300404254T,1
SIR2-19510337,1
SIR2-193350032,1
SIR2-19530740,1
SIR2-19512260,1
SIR2-19536040,1
SIR2-19543040,1
SIR2-19540140,1
SIR2-19511240,1
SIR2-19564005,1
SIR2-19564016,1
SIR2-19540450,1
SIR2-19410512,1
SIR2-19410806,1
SIR2-OSC649342,1
SIR2-OSC649131,1
SIR2-OSC041917,1
SIR2-OSC708239,1
SIR2-OSC649513,1
SIR2-OSC649199,1
SIR2-OSC708237,1
SIR2-OSC708238,1
SIR2-OSC649275,1
SIR2-IW2071230545,1
SIR2-LF142502007,1
SIR2-LF142502015,1
SIR2-LF142502201,1
SIR2-LF142505005,1
SIR2-LF152502010,1
SIR2-LF182502003,1
SIR2-LF202502015,1
SIR2-LF202502203,1
SIR2-LF202502210,1
SIR2-LF202502215,1
SIR2-LF202502250,1
SIR2-LF202502255,1
SIR2-LF202502264,1
SIR2-LF202502300,1
SIR2-LF202505020,1
SIR2-LF202505023,1
SIR2-LF202505261,1
SIR2-IX2931006200,1
SIR2-LF202502138,1
SIR2-18300574254,1
SIR2-19510207,1
SIR2-66204000,1
SIR2-281508X,1
SIR2-LF1033303,1
SIR2-LF1010704,1
SIR2-18385574315GF,1
SIR2-19336074,1
SIR2-19413964,1
SIR2-19401962,1
SIR2-19565505,1
SIR2-19563200,1
SIR2-19531356,1
SIR2-LF1533004,1
SIR2-19513034,1
SIR2-19500102,1
SIR2-19540101,1
SIR2-19510616EL,1
SIR2-FG9072,1
SIR2-PJET80104,1
SIR2-PJET42499,1
SIR2-PJET42269,1
SIR2-PJET42230,1
SIR2-PJET32296,1
SIR2-PJET80106,1
SIR2-PJET43812,1
SIR2-49534000,1
SIR2-49534002,1
SIR2-49410220,1
SIR2-19413014.19,1
SIR2-49700353,1
SIR2-49418020,1
SIR2-49700352,1
SIR2-LF1844503,1
SIR2-LF2007019,1
SIR2-LF2043240,1
SIR2-LF2043244,1
SIR2-29561210,1
SIR2-LF1011016,1
SIR2-TR374782000,1
SIR2-TR231930000,1
SIR2-TR069210000,1
SIR2-TR374769000,1
SIR2-TR069329000,1
SIR2-TR222422000,1
SIR2-TR069326000,1
SIR2-TR069330000,1
SIR2-TR374770000,1
SIR2-TR069347000,1
SIR2-TR374755000,1
SIR2-TR374823000,1
SIR2-IGS119043,1
SIR2-IGS118503,1
SIR2-EK008BS002TG,1
SIR2-EK008BS014PGTG,1
SIR2-EK008BS015LFL,1
SIR2-EK008BS025,1
SIR2-EK008BS033,1
SIR2-EK008BS040,1
SIR2-EK008BS041,1
SIR2-EK008BS042,1
SIR2-EK008BS043,1
SIR2-EK008BS047,1
SIR2-EK008BS061,1
SIR2-19419090,1
SIR2-IB5940940,1
SIR2-19410530.19,1
SIR2-IB5970806,1
SIR2-GM7506100,1
SIR2-IGS413233,1
SIR2-IGS413103,1
SIR2-GM4253155,1
SIR2-GM4253125,1
SIR2-IGS421213,1
SIR2-LF1010088,1
SIR2-29030511,1
SIR2-IB4030713,1
SIR2-SM500618-N,1
SIR2-29401502,1
SIR2-IV98407400,1
SIR2-19390107,1
SIR2-195102074,1
SIR2-19513060,1
SIR2-19500560,1
SIR2-29561000,1
SIR2-29561100,1
SIR2-29030401,1
SIR2-LF1810501,1
SIR2-19513064,1
SIR2-19531057A,1
SIR2-19534074,1
SIR2-19563034,1
SIR2-IB5846000,1
SIR2-IB5846400,1
SIR2-195340281,1
SIR2-LF202908102,1
SIR2-LF142505015,1
SIR2-LF182505003,1
SIR2-LF202505255,1
SIR2-LF202505260,1
SIR2-LF202505266,1
SIR2-LF202505201,1
SIR2-LF142505201,1
SIR2-LF202505250,1
SIR2-LF202505273,1
SIR2-IGS109043,1
SIR2-IGS540C,1
SIR2-IGS114043N,1
SIR2-IGS108413,1
SIR2-IGS114413N,1
SIR2-49568051,1
SIR2-49568061,1
SIR2-49700350,1
SIR2-49020345,1
SIR2-49020350,1
SIR2-IGS103023,1
SIR2-19510259,1
SIR2-19420390,1
SIR2-19539790,1
SIR2-19414090,1
SIR2-49372001,1
SIR2-LF1013044,1
SIR2-TR069360000C,1
SIR2-TR069212000,1
SIR2-IGS304073,1
SIR2-IGS303323,1
SIR2-IGS312143,1
SIR2-19700305,1
SIR2-BFS10011,1
SIR2-BFS10007,1
SIR2-BFS10005,1
SIR2-BFS10028,1
SIR2-GM5806060,1
SIR2-GM5846040,1
SIR2-GM5826010,1
SIR2-29401810,1
SIR2-MF2140,1
SIR2-LF2031510,1
SIR2-IB9865600,1
SIR2-IB7003012,1
SIR2-IB5000801A,1
SIR2-IB1023018,1
SIR2-IB5823500,1
SIR2-LF202908050,1
SIR2-LF202908126,1
SIR2-LF142908015,1
SIR2-GM5256400,1
SIR2-GM5036000,1
SIR2-GM5826051,1
SIR2-IB2486010,1
SIR2-IB4104002C,1
SIR2-IW1071230110,1
SIR2-IW1071240013,1
SIR2-IW1471270020,1
SIR2-IW1071270038,1
SIR2-IW1071240240,1
SIR2-IW1071230090,1
SIR2-IW1071270084,1
SIR2-IW1071270065,1
SIR2-LF1034561,1
SIR2-LF1091290010,1
SIR2-LF1091290020,1
SIR2-IB2490000,1
SIR2-IGS103123,1
SIR2-IGS103093,1
SIR2-IW1071240015,1
SIR2-IB9865335.05,1
SIR2-281122045X,1
SIR2-MF0123,1
SIR2-AMG038,1
SIR2-AMG054,1
SIR2-AMA062,1
SIR2-19320101,1
SIR2-AMG264,1
SIR2-AMG270,1
SIR2-AMC270A,1
SIR2-AMG280,1
SIR2-AMA295,1
SIR2-AMC800,1
SIR2-AME412,1
SIR2-AME418,1
SIR2-AME420,1
SIR2-AME427,1
SIR2-AME438,1
SIR2-AME440,1
SIR2-AME443,1
SIR2-AME444,1
SIR2-AME446,1
SIR2-AME454,1
SIR2-AME455,1
SIR2-AME456,1
SIR2-AMA624,1
SIR2-AMA646,1
SIR2-AMA667,1
SIR2-AMA668,1
SIR2-AMC672,1
SIR2-AMC674,1
SIR2-AMC676,1
SIR2-AMC678,1
SIR2-AMC680,1
SIR2-AMA682,1
SIR2-IW2071230078,1
SIR2-LF1013008,1
SIR2-MF2203,1
SIR2-SM210507,1
SIR2-19336003,1
SIR2-MF2217,1
SIR2-LF1010032,1
SIR2-LF1809001,1
SIR2-19525060,1
SIR2-19541508,1
SIR2-19530930.1,1
SIR2-FC99994015,1
COG2-203424,2
COG2-143170,2
COG2-314009,2
COG2-224029,2
COG2-69871,2
COG2-211013,2
COG2-216032,2
COG2-303040,2
COG2-121150,2
COG2-121147,2
COG2-993069,2
COG2-335015,2
COG2-124060,2
COG2-456078,2
COG2-480159,2
COG2-69020,2
COG2-65784,2
COG2-65265,2
COG2-75154,2
COG2-429075,2
COG2-65515,2
COG2-65785,2
COG2-143131,2
COG2-136029,2
COG2-927045,2
COG2-230125,2
COG2-984007,2
COG2-121135,2
COG2-75877,2
COG2-75875,2
COG2-215032-1,2
COG2-130175,2
COG2-236042C,2
COG2-75165,2
COG2-107013,2
COG2-73351,2
COG2-211017,2
COG2-230112,2
COG2-236061,2
COG2-65928,2
COG2-69796,2
COG2-80816,2
COG2-80874,2
COG2-929180,2
COG2-929181,2
COG2-999288,2
COG2-CGR3037,2
COG2-929179,2
COG2-926129,2
COG2-65502,2
COG2-215041-2,2
COG2-80933,2
COG2-75866,2
COG2-65212,2
COG2-75872,2
COG2-65764,2
COG2-66452,2
COG2-66454,2
COG2-80813,2
COG2-75645,2
COG2-70942,2
COG2-70943,2
COG2-143268,2
COG2-468165,2
COG2-65177,2
COG2-056290,2
COG2-220010,2
COG2-107017,2
COG2-143235,2
COG2-209043,2
COG2-984009,2
COG2-115153,2
COG2-127176,2
COG2-127105,2
COG2-143261,2
COG2-127184,2
COG2-121162,2
COG2-437107,2
COG2-480161,2
COG2-480005,2
COG2-456052,2
COG2-429011,2
COG2-144992,2
COG2-130206,2
COG2-990160,2
COG2-990155,2
COG2-124063,2
COG2-456084,2
COG2-116035,2
COG2-70774,2
COG2-73178,2
COG2-143010,2
COG2-80184,2
COG2-990159,2
COG2-990158,2
COG2-116041,2
COG2-H.775611-001,2
COG2-468205,2
COG2-999363,2
COG2-144991B,2
COG2-999366,2
COG2-77060,2
COG2-80397C,2
COG2-DPE127,2
COG2-77904,2
COG2-028078,2
COG2-329012,2
COG2-026152,2
COG2-143258,2
COG2-236048,2
COG2-143239,2
COG2-429065,2
COG2-429050,2
COG2-429008,2
COG2-325001,2
COG2-129002,2
COG2-106035,2
COG2-417129,2
COG2-325102,2
COG2-206009,2
COG2-999137,2
COG2-80959,2
COG2-325094,2
COG2-206003,2
COG2-80375,2
COG2-75231,2
COG2-42185,2
COG2-927103,2
COG2-927105,2
COG2-927038,2
COG2-DEI35,2
COG2-DEI37,2
COG2-77044,2
COG2-75401,2
COG2-929163,2
COG2-927150,2
COG2-75616,2
COG2-926150,2
COG2-80880,2
COG2-224010,2
COG2-236042,2
COG2-468151,2
COG2-143219,2
COG2-121078,2
COG2-127044,2
COG2-127037,2
COG2-143178,2
COG2-130105,2
COG2-130150,2
COG2-127041,2
COG2-240020,2
COG2-117007,2
COG2-406998,2
COG2-303029,2
COG2-127036,2
COG2-327006,2
COG2-106006,2
COG2-454002,2
COG2-129039,2
COG2-325076,2
COG2-130109,2
COG2-315017,2
COG2-116021,2
COG2-315022,2
COG2-926255,2
COG2-999108,2
COG2-459006,2
COG2-215036,2
COG2-214088,2
HAM2-44023254100,2
HAM2-6126-911,2
HAM2-42017501600,2
HAM2-280012300,2
HAM2-906691100,2
HAM2-960011400,2
HAM2-960011500,2
HAM2-260027300,2
HAM2-280023300,2
HAM2-280023501,2
HAM2-280045600,2
HAM2-280099200,2
HAM2-30269360000,2
HAM2-30999360000,2
HAM2-31659503100,2
HAM2-31679500001,2
HAM2-280128200,2
HAM2-650016002,2
HAM2-31366540000,2
HAM2-240010101,2
HAM2-31109020000,2
HAM2-20649900500,2
HAM2-210017100,2
HAM2-31319900000,2
HAM2-921899001,2
HAM2-990341100,2
HAM2-990088900,2
HAM2-990293210,2
HAM2-990293910,2
HAM2-990292800,2
HAM2-990349300,2
HAM2-990347000,2
HAM2-990379900,2
HAM2-990102700,2
HAM2-990150310,2
HAM2-990386700,2
HAM2-990156120,2
HAM2-990199100,2
HAM2-990199300,2
HAM2-990199400,2
HAM2-990199800,2
HAM2-990199900,2
HAM2-990200000,2
HAM2-990200100,2
HAM2-990150500,2
HAM2-990292710,2
HAM2-990314500,2
HAM2-990145820,2
HAM2-990150400,2
HAM2-990386500,2
HAM2-990386000,2
HAM2-990386100,2
HAM2-990293100,2
HAM2-990386200,2
HAM2-990331400,2
HAM2-990331700,2
HAM2-990331600,2
HAM2-990058700,2
HAM2-990167380,2
HAM2-990167220,2
HAM2-990187200,2
HAM2-990126500,2
HAM2-990333210,2
HAM2-MMK91605,2
HAM2-30832090500,2
HAM2-990154840,2
HAM2-990292400,2
HAM2-990145811,2
HAM2-990262300,2
HAM2-990262900,2
HAM2-990263000,2
HAM2-990263400,2
HAM2-990263800,2
HAM2-990263900,2
HAM2-990265400,2
HAM2-990265500,2
HAM2-990265600,2
HAM2-990275600,2
HAM2-990278400,2
HAM2-990278600,2
HAM2-990279800,2
HAM2-990280300,2
HAM2-990280400,2
HAM2-990292100,2
HAM2-990292200,2
HAM2-990292500,2
HAM2-990292900,2
HAM2-990293000,2
HAM2-990293300,2
HAM2-990293400,2
HAM2-990293800,2
HAM2-990255100,2
HAM2-990257000,2
HAM2-990257500,2
HAM2-990258200,2
HAM2-990258300,2
HAM2-990294100,2
HAM2-596703,2
HAM2-990206500,2
HAM2-990206700,2
HAM2-990207600,2
HAM2-990206400,2
HAM2-990225300,2
HAM2-990224900,2
HAM2-990224800,2
HAM2-990209400,2
HAM2-990209300,2
HAM2-990207100,2
HAM2-990207000,2
HAM2-990258500,2
HAM2-990258400,2
HAM2-990257900,2
HAM2-990206800,2
HAM2-990187500,2
HAM2-990294201,2
HAM2-990262800,2
HAM2-990262301,2
HAM2-990277800,2
HAM2-990279400,2
HAM2-990314400,2
HAM2-990277200,2
HAM2-990277100,2
HAM2-990038000,2
HAM2-990038700,2
HAM2-990036800,2
HAM2-990036500,2
HAM2-990057600,2
HAM2-990065200,2
HAM2-990064600,2
HAM2-990062300,2
HAM2-990049800,2
HAM2-990050400,2
HAM2-990050500,2
HAM2-990339000,2
HAM2-990338800,2
HAM2-990346500,2
HAM2-990354200,2
HAM2-990358600,2
HAM2-990358900,2
HAM2-990342400,2
HAM2-990342300,2
HAM2-990349500,2
HAM2-990343700,2
HAM2-990066400,2
HAM2-990038001,2
HAM2-990038101,2
HAM2-990072000,2
HAM2-990079300,2
HAM2-990078800,2
HAM2-990060500,2
HAM2-990086600,2
HAM2-596700,2
HAM2-596702,2
HAM2-35139310000,2
HAM2-990096600,2
HAM2-990034700,2
HAM2-990074402,2
HAM2-990065800,2
HAM2-990105700,2
HAM2-990105500,2
HAM2-990113501,2
HAM2-990151970,2
HAM2-990158241,2
HAM2-990158250,2
HAM2-990158220,2
HAM2-990043500,2
SAN2-06311,2
SAN2-06713,2
SAN2-06612,2
SAN2-06614,2
SAN2-06701,2
SAN2-06723,2
SAN2-06725,2
SAN2-06307,2
SAN2-06500,2
SAN2-06702,2
SAN2-06103,2
SAN2-01101,2
SAN2-01213,2
SAN2-01228,2
SAN2-01418,2
SAN2-01230,2
SAN2-01212,2
SAN2-01304,2
SAN2-01335,2
SAN2-01100,2
SAN2-10200,2
SAN2-10700,2
SAN2-10304,2
SAN2-10305,2
SAN2-10105,2
SAN2-10104,2
SAN2-10502,2
SAN2-10905,2
SAN2-11202,2
SAN2-11204AJ,2
SAN2-11306N,2
SAN2-11150,2
SAN2-28210,2
SAN2-28226,2
SAN2-28522,2
SAN2-28600,2
SAN2-28604,2
SAN2-28505,2
SAN2-28865,2
SAN2-28874,2
SAN2-28510,2
SAN2-28853,2
SAN2-28403,2
SAN2-37190,2
SAN2-37195,2
SAN2-37490,2
SAN2-37483,2
SAN2-37416,2
SAN2-37230,2
SAN2-37189,2
SAN2-37125P,2
SAN2-37106,2
SAN2-37155P,2
SAN2-40102,2
SAN2-50210,2
SAN2-50831,2
SAN2-50613,2
SAN2-50552,2
SAN2-50950,2
SAN2-50203,2
SAN2-09167,2
SAN2-09502,2
SAN2-09409,2
SAN2-09412,2
SAN2-37109,2
SAN2-10301,2
SAN2-10726,2
SAN2-10504,2
SAN2-10505,2
SAN2-10906,2
SAN2-71300,2
SAN2-28300,2
SAN2-33107,2
SAN2-40711K,2
SAN2-50410,2
SAN2-37625,2
SAN2-10907,2
SAN2-37618,2
SAN2-62392,2
SAN2-62393,2
SAN2-11410,2
SAN2-62394,2
SAN2-70240,2
SAN2-52420,2
SAN2-53345,2
SAN2-02201ED,2
SAN2-50425,2
SAN2-53205,2
SAN2-53514,2
SAN2-53535,2
SAN2-52516,2
SAN2-68210,2
SAN2-68230,2
SAN2-68718,2
SAN2-68654,2
SAN2-68660,2
SAN2-68865,2
SAN2-68508,2
SAN2-65220,2
SAN2-62109,2
SAN2-62308,2
SAN2-62315,2
SAN2-06710,2
SAN2-33209,2
SAN2-33235,2
SAN2-33110,2
SAN2-33105,2
SAN2-33120,2
SAN2-33128,2
SAN2-33113,2
SAN2-33112,2
SAN2-33118,2
SAN2-33122,2
SAN2-33125,2
SAN2-33111,2
SAN2-33101,2
SAN2-33103,2
SAN2-33102,2
SAN2-33108,2
SAN2-33203,2
SAN2-33119,2
SAN2-50801,2
SAN2-52200,2
SAN2-65537,2
SAN2-11204NJ,2
SAN2-33100,2
SAN2-06733,2
SAN2-06738,2
SAN2-06731,2
SAN2-06736,2
SAN2-06305,2
SAN2-06737,2
SAN2-06772,2
SAN2-06714,2
SAN2-58210,2
SAN2-50300,2
SAN2-50632,2
SAN2-65422,2
SAN2-70732,2
SAN2-11405,2
SAN2-65265,2
SAN2-70601,2
SAN2-70603,2
SAN2-70519,2
SAN2-62110,2
SAN2-70512,2
SAN2-70801,2
SAN2-70802,2
SAN2-70200,2
SAN2-70303,2
SAN2-70404,2
SAN2-70406,2
SAN2-02312,2
SAN2-02340,2
SAN2-02435,2
SAN2-02409,2
SAN2-02430,2
SAN2-02145,2
SAN2-02330,2
SAN2-09206,2
SAN2-09202,2
SAN2-02205,2
SAN2-09209,2
SAN2-02210,2
SAN2-02165,2
SAN2-02345,2
BER2-HT-BMC1.6KW,2
BER2-DF007,2
BER2-FE-BLOW030,2
BER2-HT-DW2.9KW,2
BER2-TM-TM120,2
BER2-EG004,2
BER2-LE-EA-RELAY,2
BER2-BR-A300,2
BER2-GR6,2
BER2-OP-SPIT720,2
BER2-WA-EA-DIODE-6A,2
BER2-CAPA(CKE4SCSM),2
BER2-FE-F4-ROHS-2,2
BER2-SPO-E-C2401008C,2
BER2-SPO-E-C2401008E,2
BER2-NT-PSC6-8,2
BER2-GL-GR003,2
BER2-OP-DR-C-LHSDR-(L),2
BER2-AP-6479-16,2
BER2-20UFD-400V,2
BER2-OP-U30-TC,2
BER2-GS-M1071-DR6-SM,2
BER2-DF11-LID,2
BER2-HT-BM3KW-S-2,2
BER2-OP-SALA-SP,2
BER2-NT-FW35,2
BER2-OP-BC001,2
BER2-BR-BBQ001,2
BER2-PL-JD-MP,2
BER2-PL-JD-MOR,2
BER2-PL-JD-L,2
BER2-PL-JD-CP,2
BER2-OP-DRO-HCP,2
BER2-HT-WO,2
BER2-FE-10FG,2
BER2-BAR-OB1,2
BER2-FT-U40ST,2
BER2-NT-SALA1122,2
BER2-PL-M6X17,2
BER2-HT-DDF2.4KW,2
BER2-HL-RDKM,2
BER2-HW-SPCG,2
BER2-C-CG11B,2
BER2-PL-M6X32,2
BER2-OP-KM3B-S,2
BER2-CD-060,2
BER2-CC-24UR,2
BER2-OP-KM234MT,2
BER2-OP-KM234MC,2
BER2-OP-DRO-SHL,2
BER2-NT-FW44-1,2
BER2-NT-FW33-1,2
BER2-CC-DC311C,2
BER2-CC-DC311CC,2
BER2-TM-BSP102,2
BER2-CM-CAJ2432,2
BER2-CM-CAJ2464,2
BER2-CD-100N,2
BER2-CC-38DF,2
BER2-HT-DF55,2
BER2-CC-185,2
BER2-NT-FWB6,2
BER2-CS-AC8-A,2
BER2-NT-FW77,2
BER2-PN-UR4D-B,2
BER2-CC-24DF,2
BER2-CM-AEZ2415,2
BER2-NT-UR6D-F,2
BER2-BR-COVER,2
BER2-CI-600,2
BER2-C-GG2A,2
BER2-BR-MT6-N,2
BER2-VA-K-V,2
BER2-C-BSC03,2
BER2-IC-IK-SP,2
BER2-VA-BV1-2,2
BER2-PI-B3-4X3-8,2
BER2-C-BEC02,2
BER2-C-OPM10X1-2EK,2
BER2-BR-B110-(SHORT),2
BER2-BA-201A-CV-1,2
BER2-GS-M1071-C5-7,2
BER2-GS-M1071-C6,2
BER2-CC-24DF-N-S,2
BER2-KN-200,2
BER2-GL-CHL-N,2
BER2-GL-NFW45-D,2
BER2-CM-AEZ2411,2
BER2-HT-DF12-3KW-1,2
BER2-C-BJS56,2
BER2-PL-JD-GBS-1,2
BER2-BK-PASTA,2
BER2-IC-W77-KN,2
BER2-IC-W77-TM200,2
BER2-IC-W77-HL105,2
BER2-IC-W77-OH,2
BER2-VA-PB-TAP-2,2
BER2-SPO-P-C2003034C,2
BER2-VA-SOLE-3-8,2
BER2-IC-WPU-MV,2
BER2-IC-WPU-WLS,2
BER2-IC-WPU-TCO,2
BER2-IC-WPU-DCB,2
BER2-IC-WPU-SP,2
BER2-NT-RO46S,2
BER2-GS-423X539C5,2
BER2-GL-HE5,2
BER2-PL-JD-M-CS,2
BER2-FE-FM-COND,2
BER2-GS-459X539C7,2
BER2-GS-318X539C4,2
BER2-RVA4P3D369,2
BER2-MST28AMK-3240,2
BER2-CM-SR-117U6019,2
BER2-SPO-P-C2101004A,2
BER2-BR-TF45,2
BER2-NT-TD,2
BER2-KN-MINISIT,2
BER2-LE-FW-LB+LE-FW-LAMP,2
BER2-IC-IK-SC-A,2
BER2-TM-ER001TMST,2
BER2-OP-NT-TD-S,2
BER2-IC-VCM-CPC,2
BER2-IC-VCM-CTC,2
BER2-IC-VCM-C-TRANS,2
BER2-SPO-P-C2207054A,2
BER2-HT-WO-1,2
BER2-MSP38AMK3240,2
BER2-MST28APK3240,2
BER2-MTRPH0033-31,2
BER2-HL-B01-610,2
BER2-HL-B02-610,2
BER2-GL-850B6-C,2
BER2-IC-DARC150-CP,2
BER2-HT-169,2
BER2-HT-193,2
BER2-HT-88,2
BER2-GS-M1071-D2,2
BER2-HL-B04,2
BER2-SPO-P-C2208019A,2
BER2-CM-AE3448,2
BER2-GS-M1071-UR-551X680,2
BER2-GS-M1071-UR-558X681,2
BER2-GS-M1071-UR-404X551,2
BER2-GS-M1071-UR-559X686,2
BER2-GS-M1071-UR-555X685,2
BER2-IC-DRC150A-BR,2
BER2-GL-NFW50-D,2
BER2-GS-525X407,2
BER2-GL-SC3456R,2
BER2-STK-CHILLER,2
BER2-GLC-D-B8-850L,2
BER2-GLC-D-B8-850R,2
BER2-GL-NFW40-D,2
BER2-GL-DWCG211N,2
BER2-GS-M1071-CT-410X519,2
BER2-GLC-RCS6F,2
BER2-OP-DR-C-RHSDR,2
BER2-DR-06-AWL,2
BER2-GS-M1071-CT-410X522,2
BER2-TM-215,2
BER2-TM-200,2
BER2-TM-180,2
BER2-HT-DF132.4KW,2
ZNS2-0C0124,2
ZNS2-0C7179,2
ZNS2-0C7181,2
ZNS2-020094,2
ZNS2-058875,2
ZNS2-059235,2
ZNS2-0C3638,2
ZNS2-0C7484,2
ZNS2-005965,2
ZNS2-005927,2
ZNS2-048579,2
ZNS2-049527,2
ZNS2-0L0090,2
ZNS2-0L0057,2
ZNS2-049583,2
ZNS2-049594,2
ZNS2-0L0058,2
ZNS2-0L0055,2
ZNS2-0L0056,2
ZNS2-0L0612,2
ZNS2-068799,2
ZNS2-0L0067,2
ZNS2-048235,2
ZNS2-048820,2
ZNS2-048237,2
ZNS2-048401,2
ZNS2-0L0598,2
ZNS2-048632,2
ZNS2-0L2095,2
ZNS2-048290,2
ZNS2-0L0051,2
ZNS2-049849,2
ZNS2-049436,2
ZNS2-0L2560,2
ZNS2-0L1951,2
ZNS2-0TH122,2
ZNS2-048746,2
ZNS2-049599,2
ZNS2-0L0365,2
ZNS2-049773,2
ZNS2-0L0052,2
ZNS2-0L2053,2
ZNS2-0E5056,2
ZNS2-0L1887,2
ZNS2-0L2071,2
ZNS2-048429,2
ZNS2-0L0366,2
ZNS2-0L0557,2
ZNS2-059314,2
ZNS2-0C2526,2
ZNS2-0C7705,2
ZNS2-0C9655,2
ZNS2-0C0125,2
ZNS2-0C0205,2
ZNS2-0C0188,2
ZNS2-0C7241,2
ZNS2-0C7226,2
ZNS2-0C8190,2
ZNS2-0C6237,2
ZNS2-0C7868,2
ZNS2-004600,2
ZNS2-0A2533,2
ZNS2-002909,2
ZNS2-0C2570,2
ZNS2-0C9967,2
ZNS2-056655,2
ZNS2-0C2578,2
ZNS2-002785,2
ZNS2-0C9052,2
ZNS2-004472,2
ZNS2-052262,2
ZNS2-0C2616,2
ZNS2-0C2581,2
ZNS2-0A2036,2
ZNS2-005940,2
ZNS2-058330,2
ZNS2-0C0756,2
ZNS2-005932,2
ZNS2-0C2697,2
ZNS2-0C0614,2
ZNS2-0C0640,2
ZNS2-0C7737,2
ZNS2-0C1380,2
ZNS2-0C0625,2
ZNS2-050682,2
ZNS2-003334,2
ZNS2-054085,2
ZNS2-003328,2
ZNS2-052256,2
ZNS2-052246,2
ZNS2-006725,2
ZNS2-0A2102,2
ZNS2-0A5422,2
ZNS2-056821,2
ZNS2-056820,2
ZNS2-0C4529,2
ZNS2-0C7661,2
ZNS2-0C7180,2
ZNS2-056843,2
ZNS2-0A2135,2
ZNS2-0A2563,2
ZNS2-053408,2
ZNS2-0C7533,2
ZNS2-0C7534,2
ZNS2-058525,2
ZNS2-0C8769,2
ZNS2-0C7802,2
ZNS2-0C5252,2
ZNS2-051950,2
ZNS2-0C5248,2
ZNS2-005929,2
ZNS2-0A5441,2
ZNS2-060325,2
ZNS2-002268,2
ZNS2-003182,2
ZNS2-0C7938,2
ZNS2-0C7385,2
ZNS2-0A5621,2
ZNS2-054905,2
ZNS2-0C8739,2
ZNS2-0CA490,2
ZNS2-0CA464,2
ZNS2-0CA374,2
ZNS2-054118,2
ZNS2-0C8647,2
ZNS2-0C7625,2
ZNS2-053819,2
ZNS2-053671,2
ZNS2-0C7353,2
ZNS2-0C1884,2
ZNS2-0C0068,2
ZNS2-0C6155,2
ZNS2-075737,2
ZNS2-0C7485,2
ZNS2-058613,2
ZNS2-005942,2
ZNS2-0CA489,2
ZNS2-0C9224,2
ZNS2-054150,2
ZNS2-054151,2
ZNS2-0CA074,2
ZNS2-049303,2
ZNS2-054038,2
LAC2-485612010,2
LAC2-539901000,2
LAC2-531104610,2
LAC2-533900900,2
LAC2-533895100R,2
LAC2-532392600,2
LAC2-947506000,2
LAC2-530901910,2
LAC2-531194710,2
LAC2-947758020,2
LAC2-532091300,2
LAC2-402314000,2
LAC2-533100400,2
LAC2-499094000,2
LAC2-532123500,2
LAC2-593790011,2
LAC2-4941134706,2
LAC2-3301134963,2
LAC2-4151135190,2
LAC2-481361000,2
LAC2-903143000,2
LAC2-415031000,2
LAC2-533100500,2
LAC2-530118800,2
LAC2-457355017,2
LAC2-958212000,2
LAC2-457358017,2
LAC2-457357007,2
LAC2-4142011678,2
LAC2-402320000F,2
LAC2-925852000,2
LAC2-457344000,2
LAC2-803190023,2
LAC2-803190024,2
LAC2-803190016,2
LAC2-803130013,2
LAC2-803190006,2
LAC2-803190008,2
LAC2-803190005,2
LAC2-803130021,2
LAC2-803180007,2
LAC2-803130026,2
LAC2-803130029,2
LAC2-803190032,2
LAC2-803190035,2
LAC2-803130061,2
LAC2-803130001,2
LAC2-4504133562,2
LAC2-4831134996,2
LAC2-4721135031,2
LAC2-4529133528,2
LAC2-4529134991,2
LAC2-4941026287,2
LAC2-3711022897,2
LAC2-2441133575,2
LAC2-4731133568,2
LAC2-539000101,2
LAC2-4529134772,2
LAC2-4731133593,2
LAC2-3301134672,2
LAC2-4831134784,2
LAC2-803130004,2
LAC2-803130059,2
LAC2-4731119891,2
LAC2-4031050600,2
LAC2-438926030,2
LAC2-4951132933,2
LAC2-925752000,2
LAC2-925751000,2
LAC2-3301135353,2
LAC2-544400270,2
LAC2-803140032,2
LAC2-532301900,2
LAC2-3341134873,2
LAC2-4161133848,2
LAC2-915268014,2
LAC2-537041700,2
LAC2-803130014,2
LAC2-803130015,2
LAC2-803130023,2
LAC2-803130018,2
LAC2-803130053,2
LAC2-803180014,2
LAC2-803130002,2
LAC2-803130003,2
LAC2-803130052,2
LAC2-803130047,2
LAC2-465427000,2
LAC2-4529133521,2
LAC2-4831134786,2
LAC2-4831119890,2
LAC2-4831119876,2
LAC2-4831119875,2
LAC2-4251133590,2
LAC2-4821134803,2
LAC2-2251135179,2
LAC2-800134918,2
LAC2-800134917,2
LAC2-915284020,2
LAC2-4721134960,2
LAC2-915283010,2
LAC2-465029000,2
LAC2-465182000,2
LAC2-465008021,2
LAC2-465317001,2
LAC2-465377000,2
LAC2-465393000,2
LAC2-465391000,2
LAC2-465992000,2
LAC2-465339020,2
LAC2-465224020,2
LAC2-465425000,2
LAC2-465145000,2
LAC2-465359000,2
LAC2-465603000,2
LAC2-465303020,2
LAC2-465356000,2
LAC2-465321000,2
LAC2-4613134994,2
LAC2-911544000,2
LAC2-4004041772,2
JTA2-301110020+0037+0066,2
JTA2-301110024,2
JTA2-301110145,2
JTA2-301030033,2
JTA2-301030071,2
JTA2-301040502,2
JTA2-301040553,2
JTA2-301010015,2
JTA2-301040061,2
JTA2-301030112,2
JTA2-301090081,2
JTA2-301030006,2
JTA2-301080088,2
JTA2-302190431,2
JTA2-20210003012,2
JTA2-301040384,2
JTA2-302220044,2
JTA2-302130161,2
JTA2-301040752,2
JTA2-301040693,2
JTA2-301080002,2
JTA2-301130036,2
JTA2-301040007,2
JTA2-301040086,2
JTA2-301040154,2
JTA2-302020266,2
JTA2-302050022,2
JTA2-302090027,2
JTA2-302090060,2
JTA2-302100259,2
JTA2-302130037,2
JTA2-302190428,2
JTA2-302190430,2
JTA2-20121041004,2
JTA2-20209037014,2
JTA2-301030113,2
JTA2-301040060,2
JTA2-301040148,2
JTA2-301100003,2
JTA2-301100104,2
JTA2-301110061+301110417,2
JTA2-301110503,2
JTA2-301130065,2
JTA2-301150066,2
JTA2-302020169,2
JTA2-302020312,2
JTA2-302020010,2
JTA2-302030044,2
JTA2-302030045,2
JTA2-302070003,2
JTA2-302070007,2
JTA2-302070078,2
JTA2-302070090,2
JTA2-302070091,2
JTA2-302070234,2
JTA2-302090034,2
JTA2-302090039,2
JTA2-302100144,2
JTA2-302110694,2
JTA2-302120029,2
JTA2-302150090,2
JTA2-302150276,2
JTA2-302160152,2
JTA2-302250046,2
JTA2-302250045,2
JTA2-20203026011,2
JTA2-302020277,2
JTA2-302200260,2
JTA2-302200356,2
JTA2-302200530,2
JTA2-302213138,2
JTA2-302220021,2
JTA2-302220029,2
JTA2-301110033+301150066,2
JTA2-301110514+301150066,2
JTA2-302050016,2
JTA2-302060051,2
JTA2-302110035,2
JTA2-20210003805,2
JTA2-301040171,2
JTA2-302080017,2
JTA2-302220027,2
JTA2-301110052+301110092,2
JTA2-301110061+301110389,2
JTA2-301110071+301110388,2
JTA2-301010111,2
JTA2-301080108,2
JTA2-301090086,2
JTA2-301090120,2
JTA2-301100106,2
JTA2-301100174,2
JTA2-301110008,2
JTA2-301110439,2
JTA2-301120031,2
JTA2-301130156,2
JTA2-301150062,2
JTA2-301150123,2
JTA2-301150152,2
JTA2-302020093-8,2
JTA2-302020217,2
JTA2-302020289,2
JTA2-302060648,2
JTA2-302070039,2
JTA2-302100388,2
JTA2-302170022,2
JTA2-302190122,2
JTA2-302190499,2
JTA2-302190500,2
JTA2-302201320,2
JTA2-302190087,2
JTA2-30314540017,2
JTA2-302201434,2
JTA2-315020004,2
JTA2-20117031018,2
JTA2-20154003266,2
JTA2-20217031047,2
JTA2-302110727,2
JTA2-302210101,2
RAN2-35002509,2
RAN2-10705383,2
RAN2-36401009,2
RAN2-34070171,2
RAN2-34070174,2
RAN2-10700966,2
RAN2-10042171,2
RAN2-34150024,2
RAN2-10060175,2
RAN2-36310011,2
RAN2-10060517,2
RAN2-14010002,2
RAN2-38123069,2
RAN2-38123070,2
RAN2-38123061,2
RAN2-38123064,2
RAN2-38123072,2
RAN2-10060530,2
RAN2-10705201,2
RAN2-10706009,2
RAN2-34040002,2
RAN2-38228002,2
RAN2-38228050,2
RAN2-39930007,2
RAN2-34030090,2
RAN2-38120031,2
RAN2-20123712,2
RAN2-25214002,2
RAN2-14030005,2
RAN2-21202101,2
RAN2-34030031,2
RAN2-38120040,2
RAN2-38125014,2
RAN2-21103000,2
RAN2-14701020,2
RAN2-32329014,2
RAN2-38120024,2
RAN2-14030001,2
RAN2-37900210,2
RAN2-38120013,2
RAN2-22208001,2
RAN2-23308005,2
RAN2-37510400,2
RAN2-26214010,2
RAN2-37410611,2
RAN2-10060462,2
RAN2-36404114,2
RAN2-25214016,2
RAN2-38120051,2
RAN2-38123016,2
RAN2-38123019,2
RAN2-14010220,2
RAN2-32599004,2
RAN2-38123041,2
RAN2-36310009,2
RAN2-21202375,2
RAN2-38125017,2
RAN2-10781351,2
RAN2-21201443,2
RAN2-21201453,2
RAN2-21201402,2
RAN2-21201442,2
RAN2-34200034,2
RAN2-38123504,2
RAN2-38123508,2
RAN2-38228005,2
RAN2-36230014,2
RAN2-37510700,2
RAN2-23212014,2
RAN2-36220009,2
RAN2-10111019,2
RAN2-10060514,2
RAN2-38121007,2
RAN2-10090012,2
RAN2-34030025,2
RAN2-34200258,2
RAN2-38123029A,2
RAN2-10060486,2
RAN2-10905001,2
RAN2-32331123,2
RAN2-10705365,2
RAN2-34070192,2
RAN2-10705942,2
RAN2-37320805,2
RAN2-22206501,2
RAN2-36220004,2
RAN2-45010044,2
RAN2-10060109,2
RAN2-10700996,2
RAN2-10060481,2
RAN2-10060467,2
RAN2-10060478,2
RAN2-10060477,2
RAN2-34040027,2
RAN2-10060290,2
RAN2-10905006A,2
RAN2-33322028,2
RAN2-36990012,2
RAN2-10042022,2
RAN2-10705402,2
RAN2-20114701,2
RAN2-10705400,2
RAN2-10060406,2
RAN2-10060603,2
RAN2-38123753B,2
RAN2-14705015,2
RAN2-32330369,2
RAN2-34200296,2
FAG2-X012119,2
FAG2-X033020,2
FAG2-X326501,2
FAG2-R613030,2
FAG2-S312102,2
FAG2-U222100,2
FAG2-U333003-A,2
FAG2-R202104,2
FAG2-Z203014,2
FAG2-U010504,2
FAG2-U010511,2
FAG2-U260503,2
FAG2-U260504,2
FAG2-U322110,2
FAG2-U264399,2
FAG2-U323007,2
FAG2-X163010,2
FAG2-Q306046,2
FAG2-X386501,2
FAG2-X163001,2
FAG2-X323009,2
FAG2-U134323,2
FAG2-U580521,2
FAG2-X012116,2
FAG2-X012122,2
FAG2-X163008,2
FAG2-X315006,2
FAG2-N503017,2
FAG2-Z603005,2
FAG2-Z603016,2
FAG2-Z603051,2
FAG2-Z653610,2
FAG2-Z653615,2
FAG2-Z683027,2
FAG2-Z683062,2
FAG2-Z683064,2
FAG2-Z683071,2
FAG2-R642100,2
FAG2-R642101,2
FAG2-R723004,2
FAG2-R725064,2
FAG2-R725012,2
FAG2-R013030,2
FAG2-Z213007,2
FAG2-R693011,2
FAG2-R073008,2
FAG2-R723032,2
FAG2-R735700,2
FAG2-R703003,2
FAG2-R670500,2
FAG2-R015030,2
FAG2-R025031,2
FAG2-3676900,2
FAG2-R665067,2
FAG2-R662623,2
FAG2-R660549,2
FAG2-Q221342,2
FAG2-R680500,2
FAG2-R683000,2
FAG2-R665036,2
FAG2-R660503,2
FAG2-R663045,2
FAG2-R665031,2
FAG2-R663091,2
FAG2-R345020,2
FAG2-Z683069,2
FAG2-9473200000,2
FAG2-S112111,2
FAG2-X123001,2
FAG2-X123002,2
FAG2-X152110,2
FAG2-X153000,2
FAG2-Z718405,2
FAG2-Z200910,2
FAG2-Z710905,2
FAG2-Z710906,2
FAG2-Z710704,2
FAG2-Z710701,2
FAG2-Q032011,2
FAG2-Z728306,2
FAG2-Z213014,2
FAG2-Z683085,2
FAG2-Z651123,2
FAG2-Z650711,2
FAG2-Z650716,2
FAG2-Q152024,2
FAG2-Z710901,2
FAG2-Z710902,2
FAG2-Z241701,2
FAG2-Z203033,2
FAG2-R663062,2
FAG2-Z203030,2
FAG2-Z203009,2
FAG2-Z200507,2
FAG2-Z710904,2
FAG2-Z710708,2
FAG2-Q307058,2
FAG2-Z710903,2
FAG2-Z740901,2
FAG2-Z740905,2
FAG2-Z740701,2
FAG2-Z740703,2
FAG2-Z740903,2
FAG2-Q307057,2
FAG2-X323008000,2
FAG2-U134324000,2
FAG2-R660504,2
ROL2-D02029,2
ROL2-B10007,2
ROL2-D02010,2
ROL2-F05051,2
ROL2-F05010,2
ROL2-A17008,2
ROL2-D02003,2
ROL2-A03010,2
ROL2-801020,2
ROL2-A03006,2
ROL2-607001,2
ROL2-A03008,2
ROL2-402075,2
ROL2-B04011,2
ROL2-000204020,2
ROL2-B04033,2
ROL2-B02026,2
ROL2-D02141,2
ROL2-A14042,2
ROL2-115002,2
ROL2-601025,2
ROL2-207007,2
ROL2-117004,2
ROL2-SA03016,2
ROL2-F05002,2
ROL2-B02018,2
ROL2-B02023,2
ROL2-E01016,2
ROL2-E02287,2
ROL2-E02288,2
ROL2-E02289,2
ROL2-E02088,2
ROL2-B03003,2
ROL2-B06050,2
ROL2-F07011,2
ROL2-A10032,2
ROL2-H03023,2
ROL2-F01075,2
ROL2-15268SER,2
ROL2-H01023,2
ROL2-90138D+90138G,2
ROL2-F03049,2
ROL2-D04023,2
ROL2-B07004,2
ROL2-37260,2
ROL2-A10018,2
ROL2-B08004,2
ROL2-SA03080,2
ROL2-SA03110,2
ROL2-SA03113,2
ROL2-SA03114,2
ROL2-SA07026,2
ROL2-SB04066,2
ROL2-SB04070,2
ROL2-SH03015,2
ROL2-SB03007,2
ROL2-SA03077,2
ROL2-G16024,2
ROL2-D06014,2
ROL2-G16034,2
ROL2-50058SE,2
ROL2-A18011,2
ROL2-76270,2
ROL2-76319,2
ROL2-76105,2
ROL2-76106,2
ROL2-76266,2
ROL2-SA03019,2
ROL2-76124SE,2
ROL2-76114,2
ROL2-37325SE,2
ROL2-50052,2
ROL2-36144,2
ROL2-36145,2
ROL2-D02153,2
ROL2-A14121,2
ROL2-D02145,2
ROL2-07178,2
ROL2-F01052,2
ROL2-F01056,2
ROL2-36131VO,2
ROL2-E02070,2
ROL2-E02298,2
ROL2-A03067,2
ROL2-B10017,2
ROL2-B02017+PTR,2
ROL2-07246,2
ROL2-G16012,2
ROL2-37282,2
ROL2-49018,2
ROL2-G06251,2
ROL2-SA03001,2
ROL2-A03054,2
ROL2-A17006,2
ROL2-F05017,2
ROL2-90018,2
ROL2-30037,2
ROL2-A15028,2
ROL2-A14077,2
ROL2-E02201,2
ROL2-SB06007,2
HAT2-R0201029,2
HAT2-0212006,2
HAT2-0219004,2
HAT2-0230074,2
HAT2-R0216057,2
HAT2-R0212012,2
HAT2-R00010105,2
HAT2-0220212,2
HAT2-0530015,2
HAT2-X050304200,2
HAT2-X0503040,2
HAT2-X0509052,2
HAT2-0405215,2
HAT2-0503024,2
HAT2-020925000,2
HAT2-R02.01.448.05,2
HAT2-R02.08.144E.00,2
HAT2-07.01.333.00,2
HAT2-021208801,2
HAT2-X020123800,2
HAT2-02.17.040.00,2
HAT2-X040544200,2
HAT2-05.30.043.00,2
HAT2-R02.08.046E.00,2
HAT2-07.01.034.00,2
HAT2-R02.08.037E.00,2
HAT2-R02.08.039E.00,2
HAT2-R02.08.143E.00,2
HAT2-02.12.158.00,2
HAT2-05.03.057.00,2
HAT2-0201295C00,2
HAT2-023009100,2
HAT2-R0004007500,2
HAT2-R0004007200,2
HAT2-021825300,2
HAT2-R021503000,2
HAT2-020571400,2
HAT2-021917700,2
HAT2-040923000,2
HAT2-020114500,2
HAT2-070117900,2
HAT2-070128400,2
HAT2-070141400,2
HAT2-070140700,2
HAT2-021878300,2
HAT2-020576600,2
HAT2-021505000,2
HAT2-X021333500,2
HAT2-R041653300,2
HAT2-R020129500,2
HAT2-020134800,2
HAT2-R02.30.091.00,2
HAT2-02.16.146.00,2
HAT2-02.16.186.00,2
HAT2-X044401500,2
HAT2-X020126500,2
HAT2-X070351200,2
HAT2-X030204400,2
HAT2-X020560800,2
HAT2-X0419112300,2
HAT2-X020126900,2
HAT2-X030206800,2
HAT2-X030206900,2
HAT2-X020126800,2
HAT2-X021614800,2
HAT2-X02.16.147.00,2
HAT2-X020126700,2
HAT2-X020127000,2
HAT2-X020126600,2
HAT2-X020127200,2
HAT2-X021210400,2
HAT2-X020565300,2
HAT2-X023011200,2
HAT2-051102200,2
HAT2-BO10126,2
HAT2-04.30.020.00,2
HAT2-04.30.021.00,2
HAT2-04.30.022.00,2
HAT2-04.11.192.33,2
HAT2-02.05.314.00,2
HAT2-R02.30.044.00,2
HAT2-022020600,2
HAT2-023006700,2
HAT2-R02.30.045.00,2
HAT2-R02.08.229E.00,2
HAT2-X043602700,2
HAT2-X021707000,2
HAT2-0219028,2
HAT2-02.09.313.00,2
HAT2-05.03.076.00,2
HAT2-05.03.077.00,2
HAT2-X043603600,2
HAT2-X030204500,2
HAT2-X020124500,2
HAT2-021706000,2
HAT2-X030207900,2
HAT2-R053006800,2
HAT2-021907600,2
HAT2-070349800,2
LIN2-KN178,2
LIN2-KN181,2
LIN2-RO135,2
LIN2-EL18UL,2
LIN2-EL74,2
LIN2-EL75,2
LIN2-EL19UL,2
LIN2-KN54,2
LIN2-TH34,2
LIN2-NUT,2
LIN2-EL152,2
LIN2-BU47,2
LIN2-EL128,2
LIN2-MC15,2
LIN2-MO25,2
LIN2-EL13,2
LIN2-EL120,2
LIN2-SL22,2
LIN2-LE19,2
LIN2-EL103,2
LIN2-FA12,2
LIN2-SW35,2
LIN2-TH35,2
LIN2-SW34,2
LIN2-KS07,2
LIN2-RO84,2
LIN2-BU23,2
LIN2-VA07,2
LIN2-JE37,2
LIN2-EL106,2
LIN2-KN96,2
LIN2-KN94,2
LIN2-KS10,2
LIN2-EL136,2
LIN2-KN03,2
LIN2-NE20,2
LIN2-EL151,2
LIN2-KN144,2
LIN2-CP11,2
LIN2-LA87,2
LIN2-SW43,2
LIN2-TH14,2
LIN2-TH12,2
LIN2-KB14,2
LIN2-HA80,2
LIN2-FE10,2
LIN2-EL241,2
LIN2-CIBO-BT,2
LIN2-CO15,2
LIN2-CO33,2
LIN2-GA92-S,2
LIN2-MA143,2
LIN2-SW114,2
LIN2-SW120,2
LIN2-TC58-S,2
LIN2-CP-CIBOPLUS-B,2
LIN2-TR15,2
LIN2-HI57,2
LIN2-CA92,2
LIN2-DO73,2
LIN2-HA124,2
LIN2-BU81,2
LIN2-HI12,2
LIN2-DO142,2
LIN2-HA96,2
LIN2-FA102,2
LIN2-S-R0079,2
LIN2-NE02,2
LIN2-BE16,2
LIN2-TU105-500,2
LIN2-HI11,2
LIN2-SO1,2
LIN2-EL190,2
LIN2-EL295,2
LIN2-BA114,2
LIN2-BA115,2
LIN2-BA116,2
LIN2-EL326,2
LIN2-EL328,2
LIN2-FA70,2
LIN2-FI58,2
LIN2-HA05,2
LIN2-TC54,2
LIN2-TFS05,2
LIN2-LN01,2
LIN2-TC15,2
LIN2-BA93,2
LIN2-TH64,2
LIN2-PR113-S,2
LIN2-HI58,2
LIN2-HI60,2
LIN2-FA106,2
LIN2-BA112,2
LIN2-LT02,2
LIN2-TE45,2
LIN2-PL201,2
LIN2-EL236,2
LIN2-PR64KIT,2
MBM2-RIC0005366,2
MBM2-168000,2
MBM2-168515,2
MBM2-168511,2
MBM2-168520,2
MBM2-168512,2
MBM2-168516,2
MBM2-176894,2
MBM2-176895,2
MBM2-160738,2
MBM2-184110,2
MBM2-184105,2
MBM2-161874,2
MBM2-183846,2
MBM2-RTBF700038,2
MBM2-RTCU700465,2
MBM2-RTCU700744,2
MBM2-GACU700131,2
MBM2-161819,2
MBM2-167224,2
MBM2-KFB55S,2
MBM2-177040,2
MBM2-RTBF900007,2
MBM2-RTCU900112,2
MBM2-RTBF900037,2
MBM2-RTCU800185,2
MBM2-A770050,2
MBM2-RC00000814,2
MBM2-RC00000401,2
MBM2-RIC0003213,2
MBM2-RIC0003215,2
MBM2-RIC0003219,2
MBM2-RIC0003220,2
MBM2-RC00004808,2
MBM2-RC00005304,2
MBM2-RC00005904,2
MBM2-RIC0002500,2
MBM2-RIC0001301,2
MBM2-RC00000914,2
MBM2-RTCU900024,2
MBM2-RTCU800109,2
MBM2-RC00121000,2
MBM2-RIC0003579,2
MBM2-168001,2
MBM2-RIC0003426,2
MBM2-RTBF700096,2
MBM2-RIC0003217,2
MBM2-RIC0003218,2
MBM2-RC00000614,2
MBM2-RC00296000,2
MBM2-RIC0003089,2
MBM2-RC01586000,2
MBM2-RIC0003051,2
MBM2-RIC0003052,2
MBM2-176656,2
MBM2-176789,2
MBM2-RTCU900013,2
MBM2-RTCU900012,2
MBM2-RTBF800076,2
MBM2-RTCU900064,2
MBM2-RTCU900216,2
MBM2-182731,2
MBM2-RTCU900385,2
MBM2-RTCU800195,2
MBM2-RTCU900103,2
MBM2-165122,2
MBM2-RTCU600067,2
MBM2-185734,2
MBM2-RTCU700297,2
MBM2-168517,2
MBM2-174832,2
MBM2-RTBF800113,2
MBM2-RTCP800065,2
MBM2-185740,2
MBM2-202201,2
MBM2-200160,2
MBM2-173320,2
MBM2-RTBF800308,2
MBM2-RTCU900337,2
MBM2-RTCU900005,2
MBM2-RIC0004951,2
MBM2-RTCU700286,2
MBM2-172832,2
MBM2-RTFOC00694,2
MBM2-RTCU900384,2
MBM2-163292,2
MBM2-RTCP800024,2
MBM2-RTCU700285,2
MBM2-173388,2
MBM2-RTCU900222,2
MBM2-200341,2
MBM2-201706,2
MBM2-RTBF900277,2
MBM2-RTCU700449,2
MBM2-RIC0005226,2
MBM2-A770000140,2
TBA2-T05AAD0010,2
TBA2-T07AAD0010,2
TBA2-G2F1900106,2
TBA2-K2F1600200,2
TBA2-K3F5400600,2
TBA2-KR89000101,2
TBA2-KG1202L100,2
TBA2-A120908801,2
TBA2-PZT8SNH101,2
TBA2-R595KDFT2FA,2
TBA2-12038HB,2
TBA2-HYE55Y63,2
TBA2-NTC005HP,2
TBA2-T07K001000,2
TBA2-TA7A990050,2
TBA2-T07A990060,2
TBA2-T07AAE0010-CURTAIN,2
TBA2-T10AAE0010-CURTAIN,2
TBA2-T05A360020,2
TBA2-T05AAE0010-CURTAIN,2
TBA2-T07K002000,2
TBA2-K1F3100202,2
TBA2-K3F1122100,2
TBA2-K1D5100103,2
TBA2-K2D1221105,2
TBA2-K2R1223101,2
TBA2-KR95200100,2
TBA2-KF86200101,2
TBA2-KUFHM16100,2
TBA2-KSR1216101,2
TBA2-BR55100204,2
TBA2-12WK3F6000800,2
TBA2-P996300201,2
TBA2-NT2178GK-2A,2
TBA2-KR53300107,2
TBA2-BDA-KF25-2,2
TBA2-TDA-KF25-2,2
TBA2-KR99880102,2
TBA2-KF6CD00100,2
TBA2-KR83300107,2
TBA2-T8F5200100,2
TBA2-M720700100,2
TBA2-M272300107,2
TBA2-K1D5100108,2
TBA2-T10A440010,2
TBA2-T07A440010,2
TBA2-T05A34001,2
TBA2-T05A34002,2
TBA2-T05A340041,2
TBA2-T07A510041,2
TBA2-T07A510050,2
TBA2-T05A510030,2
TBA2-T07A640010,2
TBA2-SK00DS0100,2
TBA2-T07A620050,2
TBA2-T07A620060,2
TBA2-T07AAE0010,2
TBA2-T10AAE0010,2
TBA2-T07A990150,2
TBA2-T07A350130-2,2
TBA2-BPBS-KF45-4P,2
TBA2-P998200100,2
TBA2-K3F2500100,2
TBA2-K2R5300204,2
TBA2-K2F5300203,2
TBA2-P995200100,2
TBA2-K3F4400803,2
TBA2-KR5AF00200,2
TBA2-KF83000100,2
TBA2-KF55300304,2
TBA2-KF24400100,2
TBA2-BS55300104,2
TBA2-DK8A100103,2
TBA2-P996000100,2
TBA2-K3F3200400,2
TBA2-CM25000100,2
TBA2-3CASW,2
TBA2-KR81900302,2
TBA2-KR2AF00200,2
TBA2-30214T1100,2
TBA2-BR2AD00103,2
TBA2-KR2AF00102,2
EDL2-A025,2
BIR2-601,2
BIR2-604,2
BIR2-A19,2
BIR2-S11,2
BIR2-S229,2
BIR2-S265,2
CAM2-12109,2
SOU2-1176019,2
SOU2-1160320,2
STA2-2E-Y1241,2
STA2-2E-Y1392,2
STA2-2E-Y5636,2
ROB2-HC0040,2
ROB2-MC0078,2
ROB2-21,2
DOR2-72,2
CEC2-F057A,2
CEC2-G235A,2
WEL2-50516,2
WEL2-50562,2
GOL2-38093,2
GOL2-41466,2
GOL2-47059,2
GOL2-47106,2
GOL2-47110,2
GOL2-76300,2
CON2-92117,2
CON2-82082,2
CON2-92085,2
MON2-2004-4,2
DCS2-14006-PL,2
DCS2-18007,2
DCS2-18010-49,2
DCS2-18020-2,2
DCS2-18090,2
DCS2-13005-55,2
VUL2-407789-3,2
VUL2-417366-1,2
VUL2-417865-1,2
VUL2-418051-55,2
EDL2-M007SP,2
EDL2-A592,2
EDL2-B140,2
EDL2-A055,2
EDL2-A281,2
EDL2-B202,2
EDL2-K031,2
EDL2-R072,2
EDL2-S299,2
EDL2-S316,2
EDL2-S312,2
EDL2-A049,2
EDL2-C192,2
EDL2-A278,2
EDL2-A2813,2
TOM2-2541276,2
TOM2-2912650B,2
ZAN2-ELET0085,2
ZAN2-ELET0119,2
SOU2-1008755,2
SOU2-1177447,2
SOU2-1177448,2
BIR2-16155-2A,2
BIR2-16155-2C,2
BIR2-16302,2
BIR2-179,2
BIR2-605,2
DCS2-2441,2
DCS2-30639,2
DCS2-11002-13,2
DCS2-15070,2
DCS2-18020-1,2
WES2-P490-19,2
WES2-P435-109,2
WES2-P89-86,2
EDL2-MO15SP,2
EDL2-W038,2
EDL2-W003,2
EDL2-A528,2
EDL2-A041,2
CHR2-115,2
CHR2-116,2
ROB2-40LT-01,2
WIS2-449,2
WIS2-480,2
HIC2-509,2
SAE2-301859,2
SAE2-126520119,2
SAE2-140321560,2
SAE2-142600536,2
SAE2-147713265,2
SAE2-149260259,2
SAE2-149641336,2
SAE2-189422600,2
SAE2-196900752,2
SAE2-222900500,2
SAE2-229180400,2
SAE2-310008600,2
SAE2-334000658,2
ROB2-HP505-13KNOB,2
ROB2-HP505-17,2
TOL2-D88D,2
REG2-027,2
REG2-105-57,2
REG2-006-57,2
REG2-011-57,2
REG2-003-57,2
REG2-010-57,2
REG2-119,2
REG2-123,2
REG2-124,2
REG2-125,2
REG2-129,2
REG2-140-62,2
REG2-141-62,2
REG2-143,2
REG2-116-62,2
REG2-149-62,2
REG2-150-62,2
REG2-156-62,2
REG2-109-62,2
REG2-110-62,2
REG2-114-62,2
VUL2-402957-2,2
VUL2-413614-1,2
SUT2-40,2
SUT2-41A,2
SUT2-41B,2
SUT2-44-1,2
SUT2-47,2
SUT2-48,2
SUT2-9,2
SUT2-99502H,2
GOL2-38227,2
GOL2-87023,2
GOL2-87043,2
LAS2-106108,2
LAS2-106127,2
LAS2-108035,2
LAS2-108055,2
LAS2-202233,2
LAS2-206224,2
LAS2-400029,2
LAS2-400124,2
LAS2-507131,2
LAS2-507404,2
PAN2-CONT056,2
PAN2-PLATINE009,2
PAN2-CONT017,2
PAN2-THER012,2
PAN2-ECLAI024,2
PAN2-ECLAI003,2
PAN2-EV007,2
PAN2-PLATINE014,2
PAN2-EV004,2
PAN2-RESI015,2
PAN2-CONT053,2
PAN2-MINU015,2
PAN2-THER009,2
PAN2-THER011,2
PAN2-RESI008,2
PAN2-VENT024,2
ROB2-TC0008,2
ROB2-AF50-43,2
ROB2-AF75-34,2
NUO2-16300054,2
NUO2-16100089,2
NUO2-16300005,2
NUO2-16300021,2
NUO2-16300028,2
NUO2-16300036B,2
NUO2-16300037,2
NUO2-16300052,2
NUO2-16300068,2
NUO2-16300076,2
NUO2-16300080,2
NUO2-16300085,2
NUO2-16300091,2
NUO2-16300099,2
NUO2-16300149,2
NUO2-16300107,2
NUO2-16300119,2
NUO2-16300150,2
NUO2-16300127,2
NUO2-16400002,2
WYO2-83273,2
WYO2-217485-05,2
WYO2-83261,2
WYO2-83260,2
WYO2-83874,2
WYO2-83821,2
WYO2-54008,2
DIH2-3002030,2
DIH2-15163,2
DIH2-3006094,2
DIH2-3006069,2
DIH2-3006097,2
DIH2-3003903,2
DIH2-2002054,2
DIH2-2200116,2
DIH2-2200114,2
DIH2-3003902,2
DIH2-30001024,2
DIH2-3004148,2
DIH2-3004147,2
DIH2-80305,2
DIH2-80304,2
DIH2-11719,2
DIH2-3003024,2
DIH2-3003010,2
DIH2-3003100,2
DIH2-3003026,2
DIH2-3009906,2
TS2-001636-45,2
TS2-001660-45,2
TS2-002709-40,2
TS2-065X,2
TS2-002856-40,2
TS2-000753-25,2
TS2-001040-45,2
TS2-003198-45,2
TS2-001120-45,2
SAM2-4421102,2
CEC2-F196A,2
SAM2-2504296,2
SAM2-2509310,2
SAM2-2509312,2
SAM2-2509314,2
SAM2-2509320,2
SAM2-2509326,2
SAM2-2509330,2
SAM2-2504290,2
SAM2-2000720,2
SAM2-2502960,2
SAM2-2509112,2
INB2-42,2
INB2-43,2
INB2-ON-OFF-SWITCH,2
WYO2-1431730,2
CEC2-L002A,2
CEC2-G298A,2
CEC2-M461A,2
CEC2-M611A,2
CEC2-H297Q,2
SAV2-21319,2
CON2-18009,2
SAM2-2050621,2
SAM2-2059015,2
SAM2-2059018,2
SAM2-2019074,2
SAM2-2019076,2
WAR2-002972,2
WAR2-002993,2
WAR2-010698,2
WAR2-013715,2
WAR2-018102,2
CEC2-F199A,2
CEC2-S013A,2
STA2-2A-Z0372,2
STA2-2C-Y6879,2
STA2-2I-Y9636,2
STA2-2P-Z0830,2
STA2-2R-Y9856,2
STA2-2V-Y7661,2
STA2-N2-Y4146,2
WYO2-1499405,2
ROB2-MS0226,2
RHE2-5510(S600),2
RHE2-5622,2
RHE2-5636,2
RHE2-5754,2
RHE2-FRAME-D10,2
RHE2-5619,2
ROB2-HC0148,2
WOL2-704617,2
WOL2-763833,2
WOL2-763834,2
WOL2-719202,2
WOL2-719350,2
ZAN2-LAMP0002,2
ZAN2-ELET0058,2
ZAN2-LAMP0011,2
ZAN2-SUPP0140,2
ZAN2-SUPP0139,2
ZAN2-INTE0011,2
ZAN2-AGAS0014,2
ZAN2-INTE0012,2
ZAN2-LAMP0006,2
ZAN2-ELET0134,2
ZAN2-AGAS0022,2
ZAN2-AGAS0023,2
CEC2-B017A,2
CEC2-D017A,2
CEC2-L029A,2
CEC2-M005S,2
CEC2-M172S,2
CEC2-U019H,2
COF2-10,2
COF2-19,2
COF2-31,2
LTE2-CF110,2
LTE2-CF210,2
ROB2-HC0145,2
CEC2-L111A,2
TOL2-P301,2
CRA2-1261,2
CRA2-2243,2
FRA2-400364,2
FRA2-400369,2
FRA2-400370,2
ROB2-HC0058,2
WYO2-46831,2
WYO2-46837,2
WYO2-72533,2
WYO2-55682,2
WYO2-55817,2
ROB2-HC0027,2
ROB2-HC0029,2
ROB2-HC0033,2
FRA2-09562017,2
EUR2-PQ1152+PR3646,2
EUR2-RF000610,2
EUR2-RF000622,2
EUR2-RF000624,2
EUR2-RH001080,2
EUR2-RH003800,2
WYO2-1301602,2
SAM2-2339014,2
CEC2-L027A,2
CEC2-L041A,2
ELO2-E0530,2
ELO2-390007,2
ELO2-401022,2
ELO2-427018,2
ELO2-438016,2
ELO2-P0165,2
ZAN2-REFR0008,2
ZAN2-RESI0076,2
CEC2-V001A,2
RHE2-11007,2
RHE2-11037,2
RHE2-11065,2
RHE2-11078,2
RHE2-16047,2
RHE2-11050,2
RHE2-08073,2
RHE2-08080,2
SAM2-4420065,2
SAM2-4420170,2
SAM2-4429025,2
FRA2-177012,2
FRA2-177112,2
FRA2-177113,2
FRA2-177114,2
FRA2-177115,2
FRA2-177117,2
FRA2-177127,2
FRA2-177803,2
FRA2-177837,2
ROB2-HC0053,2
FRA2-278171,2
FRA2-101010,2
FRA2-300748,2
FRA2-300749,2
FRA2-400713,2
CEC2-87046,2
MON2-1055-3,2
MON2-1982-8,2
BES2-31952200,2
MON2-1065-0,2
WYO2-2093200,2
WYO2-218131-75,2
WYO2-2092702,2
WYO2-3102200,2
WYO2-218131-65,2
FRN2-146518,2
WYO2-1473400,2
CEC2-L112A,2
WYO2-2065612,2
CEC2-L016F,2
SOU2-1185150,2
WYO2-1473103,2
SOU2-1161525,2
SOU2-1181996,2
WYO2-2066100,2
RHE2-06012,2
RHE2-06072,2
RHE2-07063,2
RHE2-07647,2
RHE2-50-51-52,2
RHE2-07327,2
RHE2-07328,2
RHE2-DA8,2
RHE2-RBZ8,2
RHE2-06770,2
RHE2-08734,2
FRN2-143860,2
BLO2-11528,2
BLO2-6501,2
WYO2-1211700,2
WYO2-87307-10,2
ELO2-B0322,2
ELO2-B0328,2
ELO2-H0635,2
ELO2-K0828,2
ELO2-E0817,2
CEC2-80236,2
WOL2-13576,2
WOL2-20385,2
WOL2-752904,2
WOL2-756388,2
WNK2-JD-TANK,2
COF2-441,2
JET2-S6562,2
JET2-S6677,2
HAL2-H15,2
HAL2-K375BL,2
RHE2-16007,2
RHE2-16067,2
RHE2-16004,2
ROB2-HS0002,2
ROB2-LT10-29,2
SAM2-2002625,2
SAM2-2009050,2
SAM2-2001575,2
SAM2-2009057,2
SAM2-2009058,2
SAM2-2009059,2
SAM2-2002425,2
SAM2-2002450,2
SAM2-2009045,2
SAM2-2009055,2
NUO2-02280009,2
NUO2-04900162,2
NUO2-05000039,2
NUO2-06200036,2
NUO2-08000009,2
SAE2-301813,2
SAE2-9141030,2
SAE2-9160039,2
SAE2-9161080710,2
SAE2-91611080210,2
SAE2-NM01035,2
SAE2-NM02002,2
SAE2-U201002,2
NUO2-04000153,2
NUO2-00300012,2
NUO2-01100002,2
NUO2-01200009,2
NUO2-02280011,2
NUO2-02590009,2
NUO2-03000604,2
NUO2-04100011,2
NUO2-04100024,2
NUO2-04200042,2
NUO2-04900170,2
NUO2-05000095,2
NUO2-07300034,2
NUO2-07300108,2
NUO2-07300324,2
NUO2-08000005,2
NUO2-72012007,2
NUO2-98003016,2
NUO2-04900184,2
NUO2-05000031,2
NUO2-05000032,2
NUO2-02000003,2
NUO2-05000015,2
NUO2-07300318,2
NUO2-08000051,2
NUO2-15000042,2
NUO2-15000064,2
NUO2-08000024,2
NUO2-07300306,2
NUO2-07300330,2
ELO2-B0719,2
ELO2-E0153,2
ELO2-E0168,2
ELO2-E0178,2
ELO2-E0205,2
ELO2-E0566,2
ELO2-E0960,2
ELO2-E0961,2
ELO2-H0195,2
ELO2-H0247,2
ELO2-H0313,2
ELO2-H0314,2
ELO2-H0403,2
ELO2-H0404,2
ELO2-H0686,2
ELO2-K0432,2
ELO2-N0006,2
ELO2-N0011,2
ELO2-N0105,2
ELO2-N0130,2
ELO2-N0308,2
ELO2-N0413,2
ELO2-N0414,2
ELO2-R0181,2
ELO2-V0603,2
NUO2-15000024,2
NUO2-15000025,2
NUO2-15000026,2
NUO2-15000028,2
NUO2-15000041,2
NUO2-15000043,2
NUO2-15000058,2
NUO2-15050009,2
NUO2-15050012,2
LTE2-BLADE-ARM,2
BES2-24118700,2
ELO2-E0432,2
ELO2-E0433,2
SOU2-1073498,2
LTE2-N6103,2
LTE2-N6106,2
LTE2-N6114,2
TOL2-D73,2
ROU2-4010110,2
ROU2-4010137,2
ROU2-401K101,2
ROU2-4060153,2
COF2-39,2
NAY2-GS4055,2
NAY2-GS282C,2
NAY2-GS2176,2
NAY2-GS2020,2
NUO2-05000174,2
NUO2-05000176,2
NUO2-07300375,2
NUO2-98008004,2
NUO2-05000184,2
NUO2-03000078,2
NUO2-73006002,2
NUO2-07300370,2
LTE2-OX842,2
SAM2-2059063,2
SAM2-2050867,2
SAM2-2059074,2
SAM2-2059078,2
SAM2-2059082,2
SAM2-2050606,2
SAM2-2059062,2
POE2-168850,2
SAV2-51189,2
CHR2-34,2
CHR2-BELT,2
NUO2-04200015,2
NUO2-05000064,2
RHE2-08011,2
RHE2-10056,2
RHE2-09365,2
RHE2-10033,2
RHE2-10034,2
SAE2-NM01022,2
ROB2-PS50-09,2
ROB2-PS50-11,2
LAP2-331120,2
LAP2-438103,2
LAP2-361000,2
LAP2-395218,2
AMA2-10094104,2
AMA2-B5684113,2
AMA2-B8376801,2
AMA2-C8793501,2
AMA2-C8798605,2
AMA2-C8981602Q,2
AMA2-D7684601,2
AMA2-D7685503,2
AMA2-D7692501,2
AMA2-D7834603,2
AMA2-M0805105,2
AMA2-R0163215,2
AMA2-C10794402,2
WOL2-713466,2
WOL2-770560,2
WOL2-770516,2
WOL2-719737-04,2
WOL2-758613,2
WOL2-770541,2
SAE2-0301012230,2
SAE2-031482900A,2
SAE2-907002600A,2
SAE2-9071022,2
SAE2-NE05013,2
SAE2-NM02012,2
SAE2-NM05006,2
SAE2-301811,2
SAV2-12447,2
EDL2-S276,2
EDL2-P169,2
ROB2-HC0041,2
PIE2-START,2
PIE2-STOP,2
VUL2-404193-1,2
VUL2-407727-3,2
VUL2-407789-1,2
RHE2-01241,2
RHE2-01342,2
RHE2-12101,2
RHE2-145,2
RHE2-TC30-47-7,2
CHX2-CH-SW-84,2
WOL2-706771-A,2
SOU2-4440401,2
SOU2-1160532,2
SOU2-1008749,2
SOU2-1176665,2
MON2-1316-1,2
MON2-2154-7,2
MON2-2389-2,2
MON2-1024-3,2
MON2-1038-3,2
MON2-1044-8,2
MON2-1293-9,2
MON2-1407-9,2
MON2-2016-8,2
MON2-2041-9,2
MON2-2043-5,2
MON2-2123-7,2
MON2-23130-4,2
MON2-3499-1,2
MON2-7979-8,2
SAV2-22180,2
SAV2-22294,2
SOU2-1170344,2
LAS2-108230,2
LAS2-108231,2
COF2-57,2
COF2-151,2
COF2-CONDENSER120,2
COF2-STICKER,2
COF2-STARTING-RELAY(0),2
CHR2-9.5X1020LA,2
CEC2-L265A,2
CEC2-L269A,2
CEC2-X069A,2
RON2-123581,2
RON2-123591,2
RON2-121344T24,2
RON2-50000,2
RON2-11957,2
RON2-12094,2
RON2-33012,2
RON2-99077,2
STA2-2N-Z2051,2
STA2-A9-TO4015,2
SAV2-22633,2
SAV2-22634,2
SAV2-22079,2
SAV2-22741,2
STA2-2E-Y9050,2
STA2-2E-Z2890,2
STA2-B9-Z1770,2
STA2-2E-Z1837,2
ROB2-ES0004,2
FRA2-297638,2
FRA2-299404,2
FRA2-400372,2
FAM2-F0133,2
FAM2-F0136,2
FAM2-F0139,2
GMI2-511417,2
GMI2-512095,2
GMI2-512403,2
GMI2-512015,2
GMI2-512155,2
SAM2-4030675,2
SAM2-4039005,2
SAM2-4039065,2
SAM2-4039087,2
SAM2-4039092,2
SAM2-4600195,2
SAM2-4039090,2
SAM2-4519005,2
SAM2-4600370,2
SAM2-4039015,2
SAM2-4030020,2
SAM2-4030125,2
SAM2-4039070,2
SAM2-4039075,2
SAM2-4519010,2
SAM2-3030110,2
FAM2-F0011,2
FAM2-F0039,2
FAM2-F0042,2
FAM2-F0046,2
FAM2-F0048,2
TRI2-TS-1625-52,2
TRI2-TS-1225,2
TRI2-TS-2505,2
TRI2-TS-1031,2
TRI2-TS-27051,2
TRI2-TS-1025-16,2
TRI2-TS-1231,2
TRI2-TS-1202,2
TRI2-TS-2033,2
TRI2-TS-1145,2
ROB2-HC0012,2
MON2-19839-0,2
MON2-2002-8,2
FRA2-494018,2
FRA2-496429,2
AMA2-B5684118,2
AMA2-R0150102,2
AMA2-R0156921,2
SAM2-4301854,2
SAM2-2140032,2
SAM2-2140035,2
SAM2-2141413,2
SAM2-2149101,2
SAM2-2149115,2
SAM2-2149116,2
SAM2-2149118,2
SAM2-2149199,2
SAM2-2140243,2
SAM2-2149015,2
SAM2-2149033,2
SAM2-2149090,2
SAM2-2141485,2
SAM2-2149003,2
SAM2-2149009,2
SAM2-2149024,2
SAM2-2149027,2
SAM2-2149010,2
VUL2-420560-1,2
VUL2-719221,2
SAE2-123160502,2
CEC2-L155A,2
POW2-WRHA2G0007,2
POW2-WRHA2G0003,2
POW2-WRHA2G0006,2
POW2-WRHA2G0005,2
PIT2-P5045639,2
ZAN2-SUPP0496,2
ZAN2-SUPP0497,2
HOU2-50000888,2
PMF2-5C150006,2
PMF2-5P110005,2
PMF2-5R050460,2
PIT2-60148601,2
PIT2-A6667105,2
ZAN2-TERM0116,2
ZAN2-LAMP0069,2
ZAN2-ELET0720,2
ZAN2-SUPP0492,2
ZAN2-SUPP0493,2
ZAN2-RESI0150,2
ZAN2-RESI0151,2
ZAN2-PANN0436,2
ZAN2-CAVI0058,2
ZAN2-ASSM0770,2
ZAN2-RESI0077,2
ZAN2-RESI0078,2
CRO2-7-5017,2
CRO2-6161-3,2
CRO2-3738-15,2
BEN2-2028,2
COF2-13(STIRRING-PADDLE),2
COF2-35(SWITCH-MAIN),2
COF2-41(SHAFT),2
NUO2-01000090,2
KIT2-W10395280,2
KIT2-W10308348,2
KIT2-W10234493,2
KIT2-W10360791,2
KIT2-W10417201,2
KIT2-W10448785,2
KIT2-9706787,2
KIT2-W10376294,2
KIT2-W10391115,2
KIT2-9706814,2
KIT2-W10308293,2
KIT2-W10445096,2
KIT2-W10448698,2
BEN2-2001,2
BEN2-5016,2
BEN2-2005,2
BEN2-2006,2
BEN2-2008,2
BES2-31613900,2
WES2-WBD-P704-179,2
CAM2-60232,2
GRC2-S013,2
GRC2-S128,2
TS2-000973-45,2
TS2-000934-45,2
POW2-WRG1G0006,2
ZAN2-REFR0032,2
RHE2-4+5(12006),2
RHE2-4+5-(S-SWORM),2
ZAN2-ELET0835,2
PIT2-60138704,2
PIT2-50006610,2
ROB2-HLC260,2
ZAN2-VENT0024,2
PIT2-B2005303,2
PIT2-A8009601,2
EDL2-A2813P,2
EDL2-K012,2
EDL2-H072,2
TOP2-MS-98-SW-004,2
TOP2-30600180,2
MID2-60967,2
BES2-23297400,2
HOU2-20920018,2
CMD2-ELET0493,2
CMD2-ELET0492,2
CMD2-ELET0491,2
CMD2-ELET0563,2
CMD2-ELET0502,2
CMD2-ELET0725,2
CMD2-ELET0727,2
CMD2-MECC0570,2
CMD2-ELET0728,2
CMD2-ELET0726,2
CMD2-PLANO20134A,2
CTX2-7608516,2
CTX2-3002686,2
CTX2-3004265,2
CTX2-34079,2
CTX2-7610250,2
CTX2-35818,2
CTX2-3000227,2
CTX2-3002918,2
CTX2-33055,2
CTX2-3100335,2
CTX2-7610287S,2
CTX2-7610288S,2
CTX2-3006034,2
CTX2-97217,2
CTX2-34080,2
CTX2-65127,2
CTX2-3430108A,2
TS2-013788-45,2
TS2-013787-45,2
CTX2-7610247,2
CAS2-965823000,2
PIT2-B6745502,2
PIT2-60104701,2
PIT2-B6740501,2
PIT2-B6741301,2
PIT2-P6071332,2
PIT2-P6071785,2
PIT2-PP11370,2
PIT2-PP10741,2
EKA2-5032931,2
SKP2-PM009H0090,2
SKP2-PM008S0070,2
SKP2-PM221S0020,2
SKP2-PM221S0010,2
SKP2-BR84100101,2
SKP2-AM109S0020,2
PIT2-B6602501-C,2
MID2-70852,2
PIT2-B6623202-C,2
UNO2-KBR1340A,2
UNO2-KBR1354A,2
UNO2-KBR1355A,2
UNO2-KPE2021A,2
UNO2-KPE2044A,2
UNO2-KSN1021A,2
UNO2-KTR1136A,2
UNO2-KVG1014A,2
UNO2-KVN1165A,2
ROB2-SS2415,2
VRM2-AR005-372-TS001,2
TBC2-FRE-1162,2
RON2-B1024007,2
BES2-25165400,2
KIT2-4159092,2
KIT2-4159622,2
KIT2-9703904,2
KIT2-W10323373,2
KIT2-4176184,2
LTE2-MIX05,2
BES2-40413000,2
BES2-31953500,2
BES2-22039300,2
BES2-35614800,2
ROB2-PC0308,2
ROB2-MC0067,2
RON2-122773T01,2
BES2-25646900,2
BES2-23116200,2
BES2-25684000,2
COF2-217,2
GRC2-S044,2
NUO2-16300088,2
BES2-25058400,2
BES2-25078600,2
TOP2-00098-30,2
PMF2-5P100015,2
PMF2-7S010009,2
PMF2-5C030501,2
PMF2-5C030500,2
PMF2-4F050010,2
PMF2-5C020100,2
PMF2-7S010000,2
PMF2-5R500027,2
PMF2-5S080001,2
PMF2-5S080003,2
PMF2-4S010500,2
PMF2-4S010501,2
PMF2-4S010502,2
PMF2-5C020107,2
PMF2-5S030010,2
PMF2-3A050510,2
PMF2-3A050511,2
PMF2-5S100101,2
PMF2-3A010500,2
PMF2-3A010501,2
PMF2-3A010502,2
PMF2-4S060504,2
PMF2-4L010026,2
PMF2-4L010027,2
PMF2-7M010007,2
PMF2-5E200401,2
PMF2-5S510005,2
PMF2-3R020003,2
PMF2-3A010072,2
PMF2-3A010081,2
PMF2-5G010005,2
PMF2-5G010001,2
PMF2-3R020023,2
PMF2-3T050020,2
PMF2-3T050035,2
PMF2-5M500001,2
PMF2-5C020015,2
PMF2-5I100001,2
PMF2-5P200001,2
PMF2-5V050005,2
PMF2-3P010010,2
CAM2-60034,2
INB2-SPRING,2
LTE2-MIX1.09,2
PMF2-4P100031,2
PMF2-5E200693,2
PMF2-5E200691,2
CAS2-968002000,2
BES2-35301400,2
BES2-32328000,2
BES2-32777200,2
BES2-38952300,2
BES2-30169700,2
EDL2-F036,2
EDL2-F037,2
EDL2-F038,2
EDL2-F082,2
MID2-70819,2
MID2-69482,2
PIT2-60059302,2
PIT2-60130807,2
PIT2-60128101,2
PIT2-60131801,2
PIT2-B6661002,2
ROB2-HS0014,2
SKP2-PM009H0190,2
SKP2-PM216P0021,2
SKP2-PM002H0050,2
SKP2-PM002H0060,2
SKP2-PM013H0130,2
SKP2-PM009H0120,2
SKP2-PM005H0010,2
MID2-66313,2
PIT2-B6671203,2
EDL2-A7563,2
ASL2-HN-MB50,2
HOU2-30800164,2
CAS2-965471000,2
CAS2-965100000,2
CAS2-968754000,2
CAS2-968011010,2
CAS2-968834000,2
CAS2-968016010,2
CAS2-968037000,2
CAS2-968051000,2
CAS2-968015020,2
CAS2-968054000,2
CAS2-968709010,2
CAS2-537050900,2
CAS2-968032000,2
CAS2-532172500,2
CAS2-968018010,2
CAS2-965368000,2
CAS2-965192000,2
CAS2-968028000,2
CAS2-968007010,2
CAS2-968026034,2
CAS2-968019000,2
CAS2-965193000,2
CAS2-968053000,2
MID2-69533,2
ROB2-HS0022,2
ROB2-HC0026,2
ROB2-MC0936,2
CEC2-G266A,2
CEC2-K402Q,2
CEC2-L019Q,2
RON2-135684,2
RON2-137434,2
RON2-50406,2
RON2-7037,2
RON2-8388,2
RON2-105444,2
RON2-125589,2
RON2-136316,2
RON2-122960,2
RON2-52776,2
RON2-108240,2
RON2-108241,2
RON2-52711,2
RON2-9286,2
RON2-10309,2
RON2-11749,2
RON2-12009,2
RON2-51226,2
RON2-99269,2
RON2-99528,2
RON2-50162,2
RON2-121334T01,2
RON2-121334T02,2
RON2-125463,2
RON2-128109,2
RON2-52354,2
RON2-52714,2
CAS2-965311000,2
CAS2-965312000,2
HOU2-30500393,2
HOU2-30800145,2
HOU2-30700022,2
HOU2-069020,2
ASL2-PLASTIC-SHELL,2
MID2-71975,2
RON2-9351,2
RON2-7247,2
PIT2-B6763001,2
PIT2-60102602,2
PIT2-60001201,2
CAS2-969016000,2
PIT2-B2005301,2
PIT2-B6783401,2
RON2-7169,2
CTX2-7007661,2
MMT2-M0104106,2
MMT2-12163802,2
MMT2-13098801,2
MMT2-B5684129,2
MMT2-B5677203,2
MMT2-59002162,2
MMT2-14179128,2
MMT2-20135901,2
MMT2-M0571003,2
MMT2-B5706704,2
MMT2-12138201,2
ZAN2-RESI0106,2
ZAN2-ELET0480,2
ZAN2-ELET0457,2
ZAN2-ELET0717,2
ZAN2-ELET0652,2
ZAN2-ELET0144,2
ZAN2-CRIS0006,2
ZAN2-CART0338,2
ZAN2-SPRI0010,2
ZAN2-CRIS0094,2
ZAN2-ELET0548,2
ZAN2-ELET0551,2
ZAN2-ELET0549,2
ZAN2-ELET0552,2
ZAN2-ELET0525,2
ZAN2-ELET0456,2
ZAN2-ELET0585,2
ZAN2-ELET0826,2
ZAN2-ELET0827,2
ZAN2-TRAS0089,2
ZAN2-CUSC0071,2
ZAN2-MECC0845,2
ZAN2-MECC0846,2
ZAN2-ELET0494,2
ZAN2-ELET0807,2
ZAN2-MECC0570,2
ZAN2-TENU0010,2
ZAN2-CUS3205-2RS,2
ZAN2-TENU0009,2
ZAN2-TRAS0065,2
ZAN2-CINGHIA-SPZX-1060,2
ZAN2-PLAN40T062A,2
ZAN2-PLAN40T044B,2
CEC2-C223AL,2
CTX2-73456,2
CTX2-73455,2
CTX2-72373,2
CTX2-69736,2
CTX2-69739,2
ETF2-HC150846,2
MID2-59144,2
ROB2-WS0006,2
GLO2-X60114-117,2
SKP2-K3F4500204,2
GLO2-X00734,2
GLO2-X10005,2
GLO2-X10012,2
GLO2-X30024,2
GLO2-X30033,2
GLO2-X30057-1,2
GLO2-X30073,2
GLO2-X30154ABB,2
GLO2-X30158,2
GLO2-X40004-DG,2
GLO2-X40014,2
GLO2-X40072-2,2
GLO2-X60080,2
GLO2-X80B51,2
GLO2-X80F10,2
GLO2-X02014,2
ROB2-PC0455,2
ROB2-SS2724,2
ROB2-SS2558,2
ROB2-MC1034,2
KIT2-4176048,2
KIT2-3184211,2
KIT2-9709028,2
KIT2-9709030,2
KIT2-9708845,2
KIT2-9705506,2
VRM2-AR005-085-TD001,2
SKP2-B3D5800300,2
SKP2-LED00A0300,2
ROB2-ES0283,2
ROB2-EC0208,2
ROB2-HC0227,2
EDL2-A591N,2
RTN2-40.03.684S,2
EDL2-F088,2
TBC2-I3-3209-4,2
TBC2-100757,2
TBC2-101273,2
TBC2-HHB-3234,2
RTN2-5006.0207,2
RTN2-20.02.551P,2
RTN2-20.02.553P,2
RTN2-22.00.914,2
RTN2-22.00.915,2
RTN2-24.00.502,2
RTN2-24.01.351,2
RTN2-24.02.937,2
RTN2-24.03.190,2
RTN2-24.03.191,2
RTN2-24.03.192,2
RTN2-24.03.193,2
RTN2-24.03.195,2
RTN2-24.03.288,2
RTN2-24.03.450P,2
RTN2-24.03.451P,2
RTN2-40.00.454,2
RTN2-40.03.467,2
RTN2-40.03.515,2
RTN2-40.03.683S,2
RTN2-40.03.685S,2
RTN2-40.03.686S,2
RTN2-40.03.998,2
RTN2-40.03.999,2
RTN2-40.04.836,2
RTN2-40.04.907,2
RTN2-40.05.016,2
RTN2-42.00.128,2
RTN2-42.00.223,2
RTN2-44.01.463,2
RTN2-44.01.470,2
RTN2-44.01.569,2
RTN2-50.00.140P,2
RTN2-50.00.282,2
RTN2-50.00.303,2
RTN2-50.00.313,2
RTN2-50.00.844,2
RTN2-50.00.846,2
RTN2-50.01.471,2
RTN2-50.01.733,2
RTN2-50.01.799,2
RTN2-52.00.016P,2
RTN2-87.01.191,2
RTN2-54.01.141S,2
RTN2-54.01.148,2
RTN2-54.01.168,2
RTN2-54.01.169,2
RTN2-54.01.253,2
RTN2-54.01.254,2
RTN2-54.01.503,2
RTN2-54.01.511,2
RTN2-56.00.176,2
RTN2-56.00.677,2
RTN2-56.00.731,2
RTN2-56.00.784,2
RTN2-56.00.823,2
RTN2-56.00.918,2
RTN2-56.00.966,2
RTN2-87.00.352,2
RTN2-87.00.353,2
RTN2-87.00.437,2
RTN2-87.00.470,2
RTN2-87.01.188,2
RTN2-87.01.275,2
RTN2-87.01.356,2
RTN2-87.01.365,2
RTN2-87.01.368,2
RTN2-87.01.369,2
RTN2-87.01.376,2
RTN2-87.01.377,2
RTN2-16.03.205,2
RTN2-40.04.041P,2
RTN2-40.05.255P,2
RTN2-87.01.371,2
RTN2-87.01.373,2
RTN2-44.01.918,2
ROB2-MC0073,2
CRO2-4-LLP1,2
CRO2-9348-208,2
CRO2-4309-1,2
CRO2-2-230R,2
CRO2-2-KB01,2
CRO2-4605-1,2
CRO2-4-TD02,2
CRO2-4661-5,2
CRO2-5984-1,2
CRO2-4-T251,2
CRO2-4623-1,2
CRO2-2-011R,2
PIT2-B7402241-C,2
RTN2-22.00.725,2
RTN2-22.00.916,2
WNK2-JD-KNOB(C),2
WNK2-JD-KNOB(B),2
EDL2-A1035,2
ZAN2-TERM0064,2
CTX2-51081,2
CTX2-35210-0429,2
MID2-69295,2
GLO2-L501-1-093010-024,2
GLO2-MB80-2,2
MID2-48469,2
PIT2-60126601,2
PIT2-B6700605-CL,2
PIT2-50006602,2
RTN2-42.00.002,2
RTN2-40.00.594,2
RJ2-FC1600-001,2
RJ2-FC1600-002,2
RJ2-SPFCS-00,2
RJ2-FC1600-009,2
ZAN2-ELET0839,2
SKP2-PM016S0020,2
SKP2-PM016S0060,2
VRM2-R40-2M5,2
VRM2-AR40PH-41Z,2
VRM2-STA2037,2
VRM2-STA2030,2
VRM2-STA2024,2
VRM2-STA3514,2
VRM2-AR40PH-6M,2
VRM2-STA3526,2
VRM2-R40-96,2
VRM2-R40-100,2
VRM2-STA2040,2
VRM2-STA3474,2
VRM2-STA3520,2
VRM2-R40-129M5,2
VRM2-R40-2.23Z,2
VRM2-R40-3M5,2
VRM2-R40-36M5,2
VRM2-AR60-84,2
VRM2-STA3467,2
VRM2-STA6205,2
VRM2-AR40PH-92.2,2
VRM2-AR40PH-83Z,2
PMF2-5R500010,2
PMF2-7I010002,2
VRM2-R20E-418.6,2
VRM2-R40-97,2
PMF2-5L500017,2
PMF2-5V500019,2
PMF2-5R500028,2
PMF2-3S010019,2
PMF2-7I010003,2
PMF2-7I010004,2
MID2-60185,2
PIT2-60087202,2
PIT2-B5303503-C,2
PIT2-PP10703,2
GLO2-L201-220-380-24,2
SKP2-AM075S0020,2
SKP2-PM002S0120,2
SKP2-PM016S0012,2
SKP2-PM013T0010,2
SKP2-PM021T0030,2
SKP2-PM100H0270,2
SKP2-PM209S0010,2
TOP2-98-PP,2
TOP2-M0098SV-065G,2
TOP2-M0098SV1-124G,2
SKP2-PM022H0050,2
SKP2-PM022H0060,2
SKP2-PM016S0112,2
TOA2-1952730,2
VTS2-0VT561,2
VRM2-AR31-128ZB,2
KIT2-3177975,2
KIT2-4160965,2
KIT2-4161697,2
KIT2-9703905,2
HOU2-30920003,2
RJ2-SPFCS-0083,2
RJ2-SPFCS-0084,2
SKP2-P996300203,2
SKP2-P996300303,2
SKP2-P996300402,2
SKP2-P998200100,2
SKP2-K3F2500101,2
SKP2-ST25W03400,2
SKP2-M724100103,2
SKP2-LED0V06040,2
SKP2-G8F3000100,2
RON2-50603,2
MID2-72829,2
SKP2-K1F0300100,2
SKP2-SDC36W1100,2
SKP2-ST25W00400,2
SKP2-LED0V04080,2
SKP2-K3F4400800,2
SKP2-ST25W02900,2
SKP2-K3F8400113,2
SKP2-P8F2700102,2
VRM2-R15-59.1Z,2
SKP2-K1R5300106,2
SKP2-K2F5300106,2
SKP2-K3F5300206,2
SKP2-K3R53001069,2
SKP2-400V-15UF,2
SKP2-S2SRF00200,2
SKP2-PM002S0360,2
VRM2-AR005-339-TZ001,2
VRM2-AR005-332-TZ001,2
VRM2-AR005-352-TZ001,2
VRM2-AR005-347-TZ001,2
CAM2-41150,2
VRM2-AR005-362-TZ001,2
TOA2-1850855,2
PLX2-BO10214,2
PLX2-BO10215,2
PLX2-BO10213,2
BAR2-BR-3006SS,2
BAR2-BR-17006,2
BAR2-BR-31006,2
BES2-31807000,2
BES2-31954300,2
CAM2-12119,2
EDL2-A932SP,2
BES2-24118500,2
ROB2-MC0086,2
CEC2-V002A,2
RON2-10661,2
ROB2-MS0047,2
STA2-2J-Z1836,2
PIT2-B6779850,2
PIT2-PP10434,2
CEC2-U022A,2
RON2-98147,2
RON2-123597,2
RON2-122774T02,2
RON2-123341,2
RON2-123343,2
RON2-123340,2
RON2-123345,2
RON2-122955,2
EDL2-M203,2
VRM2-AR005-341-TS001,2
VRM2-AR005-109-TD001,2
RJ2-SPFCS-0124,2
ROB2-MC0083,2
ROB2-EC0345,2
ROB2-ES0355,2
MID2-35900-0398,2
MID2-37000-0413,2
MID2-60179,2
PMF2-5M200020,2
PMF2-5M200006,2
PMF2-5M200005,2
PMF2-5R050090,2
PMF2-5P050100,2
PMF2-5M100005,2
PMF2-5P050020,2
PMF2-5P100152,2
PMF2-5M200014,2
PMF2-5I100010,2
ROB2-SS0025,2
VRM2-AR40PH-85.1,2
ROB2-SS2777,2
ROB2-EC0561,2
ROB2-MC0684,2
ROB2-PC0291,2
ROB2-VS0317,2
ROB2-PC0549,2
ROB2-ES0407,2
ROB2-EC0772,2
ROB2-PC0792,2
ROB2-PC0634,2
ROB2-ES0408,2
ROB2-PC0631,2
ROB2-PC0632,2
ROB2-PC0629,2
ZAN2-MOTO0196,2
RON2-50401,2
RON2-53891,2
EDL2-A756,2
TOP2-30100354,2
TOA2-1852351,2
TOA2-BO10171,2
TOA2-1850856K,2
DUH2-BO10136,2
DUH2-BO10135,2
PIT2-PP10982,2
PIT2-PP10654,2
PIT2-B5305003,2
VRM2-CR20-110,2
HOU2-50001010,2
RJ2-FC1600-007,2
CAM2-UPCHD400-401,2
ROB2-VS0329,2
PIT2-60139201,2
PIT2-B5305001,2
PIT2-P5047151,2
BES2-25985000,2
ZAN2-ELET0100,2
ZAN2-TUBO0057,2
ZAN2-FLTR0002,2
ZAN2-ELET0062,2
ZAN2-ELET0138,2
ZAN2-ELET0001,2
CEC2-P221A,2
ROB2-SS0018,2
NUO2-40200008,2
NUO2-40900002,2
CAM2-735423,2
BES2-25763400,2
BES2-25763600,2
BES2-25985200,2
BES2-25273000,2
BES2-25273200,2
BES2-25073000,2
BES2-25079300,2
BES2-23118500,2
BES2-25763800,2
BES2-25764000,2
BES2-25763200,2
BES2-31283600,2
BES2-25938600,2
BES2-25780000,2
BES2-23060600,2
BES2-25648000,2
BES2-27604700,2
BES2-27604500,2
BES2-22037400,2
BES2-30064600,2
BES2-35876000,2
BES2-22069700,2
BES2-33614600,2
BES2-33614800,2
BES2-31287000,2
CAS2-485078010,2
PIT2-B7490701,2
RON2-84673,2
RON2-91317,2
RON2-75407,2
RON2-7223,2
MID2-31651,2
MID2-27399-0003,2
MID2-32108,2
VRM2-R15-46Z,2
VRM2-R27-172,2
VRM2-AR31-174.3,2
VRM2-AR31-174.5,2
PIT2-A1100111-C,2
PMF2-5A020006,2
PMF2-5T010210,2
PMF2-5E010001,2
PMF2-5M200011+5D010002,2
PMF2-5B010152,2
PMF2-5P020006,2
PMF2-5U010010,2
PMF2-5U010001,2
PMF2-5D010052,2
PMF2-5T010016,2
TOP2-9816MALE2ZT-02,2
ROB2-EC0169,2
ROB2-MC0061,2
TOP2-30600010-11-21,2
CAS2-457341008,2
CAS2-457062000,2
MID2-27021-0011,2
MID2-27170-0223,2
MID2-42400-0163,2
MID2-35000-1080,2
MID2-22290-0010,2
MID2-22140-0017,2
MID2-46831,2
MID2-44390,2
MID2-39258,2
MID2-51157,2
MID2-64106,2
MID2-35000-1011,2
MID2-22273-0002,2
MID2-22151-0002,2
MID2-22151-0003,2
CAS2-STICKER,2
HOU2-060211,2
HOU2-20520270,2
HOU2-067874,2
HOU2-058672,2
HOU2-059145,2
HOU2-059301,2
HOU2-20800087,2
HOU2-20820013,2
HOU2-060306,2
HOU2-20920003,2
HOU2-30800054,2
HOU2-20700028,2
HOU2-20800174,2
HOU2-20800022,2
HOU2-20800023,2
HOU2-30900006,2
HOU2-30800033,2
HOU2-071128,2
HOU2-20500193,2
HOU2-059176,2
HOU2-32720003,2
HOU2-30800063,2
HOU2-30420008,2
HOU2-30420007,2
HOU2-064875,2
HOU2-30900002,2
HOU2-30900008,2
HOU2-20520250,2
HOU2-32710033,2
HOU2-061248,2
HOU2-20120131,2
EKA2-11961668500,2
EKA2-11950537000,2
EKA2-11972317900,2
EKA2-11951017000,2
EKA2-11950017000,2
EKA2-11972917800,2
EKA2-11973899202,2
EKA2-11950107000,2
EKA2-11973769202,2
EKA2-11981458000,2
EKA2-11972569202,2
EKA2-01950077400,2
EKA2-09982338418,2
EKA2-11950947000,2
EKA2-11961068000,2
EKA2-09952437000,2
BES2-31978400,2
COF2-183,2
SAM2-2011510,2
SAM2-2011525,2
SAM2-2011530,2
SAM2-2011550,2
SAM2-2050608,2
SAM2-2149102,2
SAM2-2149121,2
SAM2-2309580,2
MID2-M10198,2
CAM2-IB32LIDCW-135,2
MID2-51356,2
NUO2-04000179,2
BES2-35880200,2
BES2-31912400,2
BES2-31807100,2
EKA2-09951707000,2
EKA2-11951449400,2
EKA2-11950417000,2
ROB2-HC0170,2
MID2-27381-0066,2
MID2-27381-0069,2
MID2-28082-0010,2
MID2-33985,2
MID2-33813,2
RON2-36236,2
RON2-018016,2
RON2-98151,2
RON2-6681,2
RON2-10483,2
RON2-50171,2
RON2-73436,2
RON2-73437,2
RON2-71958,2
RON2-71959,2
RON2-123178,2
RON2-10996,2
RON2-123176,2
RON2-85845T05,2
MID2-59906,2
MID2-57408,2
MID2-3003946,2
MID2-51399,2
MID2-50587,2
MID2-42951,2
MID2-42752,2
MID2-42753,2
HOU2-20500050,2
HOU2-30520319,2
HOU2-30520307,2
HOU2-30300183,2
ZAN2-REFR0029,2
MID2-32102,2
CAS2-965069010,2
PIT2-60198703,2
TOP2-30200075,2
PIT2-A4514901,2
PIT2-60207301,2
PIT2-60183205,2
PIT2-60209201,2
PIT2-B8061502-C,2
TOP2-MS-M98E12AD-007,2
TOP2-MS-012S-009,2
TOP2-MS-012S-010,2
TOP2-MS-98SW-007,2
TOP2-MS-98SW-008,2
CAM2-60005,2
CAM2-60222,2
CAM2-60352,2
CAM2-12100,2
CAM2-12101,2
CAM2-12106,2
CAM2-60295,2
CAM2-60431,2
CAM2-60430,2
CAM2-60009,2
PIT2-1850401,2
EKA2-11971899202,2
EKA2-11960208612,2
EKA2-11950447000,2
EKA2-11950437000,2
EKA2-11960228715,2
EKA2-11980249712,2
EKA2-09950407000,2
EKA2-09960127915,2
EKA2-09960137915,2
EKA2-09975038518,2
EKA2-09960209002,2
EKA2-09960218715,2
EKA2-09951627000,2
EKA2-09987399002,2
EKA2-09987699002,2
EKA2-09982767915,2
EKA2-11961808000,2
EKA2-09982928518,2
EKA2-SP00902,2
ROB2-PC0033,2
ROB2-HC0043,2
ROB2-SS2106,2
ROB2-HC0184,2
ROB2-MC0906,2
CAM2-H07005,2
BES2-22049800,2
BES2-31953000,2
BES2-32686300,2
BES2-32583800,2
MID2-1508,2
EDL2-A580DC,2
XIN2-TW-32S-24,2
XIN2-TW-32S-13,2
XIN2-TW-32S-26,2
CAS2-958812000,2
CAS2-531194810,2
CAS2-531195800,2
CAS2-958061010,2
CAS2-530990800,2
MMT2-58101001,2
MMT2-58101022,2
MMT2-58101053,2
MMT2-58101056,2
MMT2-58121071,2
MMT2-58121072,2
ETL2-0641400000,2
TS2-010476-45,2
TS2-000907-45,2
TS2-002987-40,2
TS2-001014-45,2
TS2-004R,2
BES2-31928000,2
MID2-60193,2
MID2-M9608,2
MID2-60190,2
MID2-58920,2
MID2-31486,2
ROB2-PC0071,2
ROB2-PC0415,2
ROB2-SC0056,2
ROB2-VS0252,2
MID2-44914,2
LTE2-CF0007,2
MID2-60196,2
MID2-57288,2
MID2-58669,2
CAS2-925902000,2
CAS2-925945000,2
CAS2-925934000,2
HOU2-20900028,2
HOU2-30120069,2
MID2-22521-0006,2
CAS2-965172000,2
CAS2-965173000,2
CAS2-531550300,2
CAS2-531493700,2
HOU2-32700230,2
HOU2-32700229,2
HOU2-32700212,2
HOU2-32700092,2
HOU2-32700106,2
HOU2-32700170,2
HOU2-32700221,2
HOU2-059005,2
BES2-32773500,2
CAS2-965101000,2
CAS2-965022000,2
CAS2-965218010,2
CAS2-965256000,2
CAS2-402278000,2
CAS2-532023200,2
CAS2-965113014,2
CAS2-965160000,2
CAS2-965121017,2
CAS2-965110000,2
CAS2-532744300,2
CAS2-965157000,2
CAS2-580105310,2
CAS2-4821022831,2
CAS2-965168010,2
CAS2-4831022840,2
CAS2-965236000,2
CAS2-4814022895,2
HOU2-30800064,2
RON2-53437,2
BES2-22508000,2
MID2-44527,2
MID2-44549,2
MID2-45019,2
MID2-27170-0270,2
MID2-66065,2
MID2-61186,2
MID2-65701,2
MID2-27375-0004,2
MID2-27170-0269,2
ROB2-TC0041,2
ROB2-TC0001,2
ROB2-HC0198,2
ROB2-HC0197,2
ROB2-HC0056,2
ROB2-ES0014,2
ROE2-101677,2
ROE2-401165,2
ROE2-27075,2
ROE2-303009,2
ROE2-118373,2
ROE2-39067,2
ROE2-39058,2
ROE2-39057,2
ROE2-39060,2
ROE2-29507,2
ROE2-303093,2
ROE2-302006,2
ROE2-102573,2
ROE2-29025,2
ROE2-106524,2
ROE2-109164,2
ROE2-19188,2
ROE2-29188,2
ROE2-27065,2
ROE2-29442,2
ROE2-100084,2
ROE2-500467,2
ROE2-29930,2
ROE2-3092S,2
ROE2-303076,2
ROE2-102922,2
ROE2-102924,2
ROE2-102923,2
ROE2-102910,2
ROE2-29606,2
ROE2-27110,2
ROE2-29585,2
ROE2-27253,2
ROE2-27121,2
ROE2-117136,2
ROE2-303021,2
ROE2-89223,2
ROE2-29243,2
ROE2-29335,2
ROE2-102935,2
ROE2-302034,2
ROE2-39205,2
ROE2-104070,2
ROE2-39827,2
ROE2-27351,2
ROE2-39823,2
ROE2-29501,2
ROE2-29058,2
ROE2-39834,2
ROE2-118433,2
ROE2-49080,2
ROE2-49075,2
ROE2-49091,2
ROE2-39877,2
ROE2-39876,2
ROE2-49084,2
ROE2-39763,2
ROE2-89004,2
ROE2-89006,2
ROE2-89364,2
ROE2-59314,2
ROE2-59317,2
ROE2-89213,2
ROE2-89217,2
ROE2-89214,2
ROE2-104935S,2
ROE2-59388,2
ROE2-503362S,2
ROE2-89768,2
ROE2-119162,2
ROE2-100954S,2
ROE2-39879,2
ROE2-101845S,2
ROE2-102020S,2
ROE2-117452S,2
ROE2-102099S,2
ROE2-102382S,2
ROE2-103683S,2
ROE2-27400,2
ROE2-39271,2
ROE2-117091S,2
ROE2-117136S,2
ROE2-49167,2
ROE2-49166,2
ROE2-118324S,2
ROE2-118420S,2
ROE2-119166S,2
ROE2-89639,2
ROE2-89544,2
ROE2-89685,2
ROE2-89536,2
ROE2-89548,2
ROE2-3202S,2
ROE2-49155,2
ROE2-515493S,2
ROE2-89507,2
ROE2-39902,2
ROE2-39903,2
ROE2-39509,2
ROE2-39915,2
ROE2-49154,2
ROE2-39591,2
ROE2-405590,2
ROE2-117653,2
ROE2-59502,2
ROE2-105904S,2
ROE2-118201S,2
ROE2-118217S,2
ROE2-118200S,2
ROE2-117930S,2
ROE2-118292S,2
ROE2-118294S,2
ROE2-118256S,2
ROE2-118186S,2
ROE2-59313,2
ROE2-59318,2
ROE2-118171S,2
ROE2-59165,2
ROE2-118157S,2
ROE2-59223,2
ROE2-118150S,2
ROE2-117958S,2
ROE2-118143S,2
ROE2-118144S,2
ROE2-118166S,2
ROE2-117956S,2
ROE2-511620S,2
ROE2-117980S,2
ROE2-503363S,2
ROE2-101088S,2
ROE2-59280,2
ROE2-29692,2
ROE2-117200,2
ROE2-89655,2
ROE2-501840,2
ROE2-117072,2
ROE2-27019,2
ROE2-27371,2
ROE2-39746,2
ROE2-27295,2
ROE2-39322,2
ROE2-89158,2
ROE2-39744,2
ROE2-89656,2
ROE2-89649,2
ROE2-89549,2
ROE2-89552,2
ROE2-89661,2
ROE2-89058,2
ROE2-39797,2
ROE2-39299,2
ROE2-27346,2
ROE2-29069,2
ROE2-29190,2
ROE2-29244,2
ROE2-29453,2
ROE2-29455,2
ROE2-29446,2
ROE2-29862,2
ROE2-29875,2
ROE2-29933,2
ROE2-39661,2
ROE2-39747,2
ROE2-39780,2
ROE2-59556,2
ROE2-39866,2
ROE2-39867,2
ROE2-49032,2
ROE2-27396,2
ROE2-89554,2
ROE2-89556,2
ROE2-100715,2
ROE2-100974,2
ROE2-109901,2
ROE2-117398,2
ROE2-117656,2
ROE2-125136,2
ROE2-504127,2
ROE2-104121,2
ROE2-104110,2
ROE2-59545,2
ROE2-100638S,2
ROE2-29706,2
ROE2-39662,2
ROE2-303141S,2
ROE2-89529,2
ROE2-117932S,2
ROE2-39692,2
ROE2-59300,2
ROE2-59331,2
ROE2-59332,2
ROE2-59484,2
ROE2-59487,2
ROE2-59485,2
ROE2-59320,2
ROE2-59321,2
ROE2-59322,2
ROE2-504253S,2
ROE2-59299,2
ROE2-59143,2
ROE2-39690,2
ROE2-104131,2
ROE2-27125,2
ROE2-29870,2
ROE2-104207,2
ROE2-401548,2
ROE2-502173,2
ROE2-29352,2
ROE2-103183,2
ROE2-103184,2
ROE2-303042,2
ROE2-29096,2
ROE2-102180,2
ROE2-29486,2
ROE2-103185,2
ROE2-89759,2
ROE2-89428,2
ROE2-117177,2
ROE2-117320,2
ROE2-27169,2
ROE2-49485,2
ROE2-49471,2
ROE2-49438,2
ROE2-49432,2
ROE2-49497,2
ROE2-39154,2
ROE2-29253,2
ROE2-118340,2
ROE2-89573,2
ROE2-101097,2
ROE2-29605,2
ROE2-203080,2
ROE2-39061,2
ROE2-101650,2
ROE2-39898,2
ROE2-39772,2
ROE2-102060,2
ROE2-141020,2
ROE2-102303,2
ROE2-39199,2
ROE2-89613,2
ROE2-89574,2
ROE2-89571,2
ROE2-89215,2
ROE2-89154,2
ROE2-49095,2
ROE2-39228,2
WIN2-2901239,2
WIN2-2901507,2
WIN2-2903211,2
WIN2-2903212,2
WIN2-3104034,2
WIN2-3104035,2
WIN2-3105110,2
WIN2-3105111,2
WIN2-3124002,2
WIN2-62001805,2
WIN2-60002328,2
WIN2-60002518,2
WIN2-3102010,2
WIN2-60001851,2
WIN2-62002984,2
WIN2-62003347,2
WIN2-62003000,2
WIN2-62003099,2
WIN2-60003514,2
WIN2-62003350,2
WIN2-2801502,2
WIN2-2904229,2
WIN2-3102037,2
WIN2-3102217,2
WIN2-3102332,2
WIN2-3103015,2
WIN2-3103062,2
WIN2-3108017,2
WIN2-3124034,2
WIN2-3124035,2
WIN2-3124116,2
WIN2-5501178,2
WIN2-5505008,2
WIN2-5515090,2
WIN2-5528559,2
WIN2-5504035,2
WIN2-62002011,2
WIN2-62002010,2
WIN2-62001159,2
WIN2-62001160,2
WIN2-62001486,2
WIN2-62001401,2
WIN2-4003033,2
WIN2-62001158,2
WIN2-5515164,2
WIN2-62001837,2
WIN2-2814318,2
WIN2-4007014,2
WIN2-5519024,2
WIN2-4003021,2
WIN2-2910239,2
WIN2-3102201,2
WIN2-3102276,2
WIN2-3126029,2
WIN2-2802103,2
WIN2-62001433,2
WIN2-62001190,2
WIN2-62001836,2
WIN2-62001950,2
WIN2-3113180,2
WIN2-60003525,2
WIN2-3124240,2
WIN2-60003606,2
WIN2-60003599,2
WIN2-60003592,2
WIN2-60003620,2
WIN2-60002999,2
WIN2-60003022,2
WIN2-60003162,2
WIN2-60003518,2
WIN2-60003516,2
WIN2-60003025,2
WIN2-60002994,2
WIN2-60003738,2
WIN2-2707066,2
WIN2-60003159,2
WIN2-60002973,2
WIN2-3113163,2
WIN2-3125050,2
WIN2-3113120,2
WIN2-60003259,2
WIN2-60003066,2
WIN2-62003437,2
WIN2-60003039,2
WIN2-3124223,2
WIN2-60003605,2
WIN2-62003345,2
WIN2-60004142,2
WIN2-62003066,2
WIN2-60003870,2
WIN2-60003513,2
WIN2-60003831,2
WIN2-2019201,2
WIN2-3201016,2
WIN2-61000945,2
WIN2-2030502,2
WIN2-2101301,2
WIN2-2110302,2
WIN2-2710013,2
WIN2-2804001,2
WIN2-2805012,2
WIN2-2815008,2
WIN2-2901316,2
WIN2-2904202,2
WIN2-2904503,2
WIN2-2907209,2
WIN2-3102212,2
WIN2-3102218,2
WIN2-3102263,2
WIN2-3103017,2
WIN2-3104161,2
WIN2-3106116,2
WIN2-3106182,2
WIN2-3124104,2
WIN2-3125013,2
WIN2-3501161,2
WIN2-4002006,2
WIN2-5510091,2
WIN2-5512032,2
WIN2-5513112,2
WIN2-61001965,2
WIN2-610020843,2
WIN2-61002522,2
WIN2-61002608,2
WIN2-61003430,2
WIN2-61004192,2
WIN2-5515080,2
WIN2-3109063,2
WIN2-2907203,2
WIN2-2707001,2
WIN2-5515147,2
WIN2-3103054,2
WIN2-2707058,2
WIN2-5528272,2
WIN2-3113077,2
WIN2-3126026,2
WIN2-4002002,2
WIN2-61005192,2
WIN2-61005195,2
WIN2-61005446,2
WIN2-61004903,2
WIN2-61004787,2
WIN2-61004786,2
WIN2-2707072,2
WIN2-61005198,2
WIN2-3113063,2
WIN2-4002005,2
WIN2-2710011,2
WIN2-610023283,2
WIN2-610023293,2
WIN2-610025403,2
WIN2-2805500,2
WIN2-2805501,2
WIN2-3015506,2
WIN2-3102221,2
WIN2-3102329,2
WIN2-3102331,2
WIN2-3108111,2
WIN2-3115020,2
WIN2-3124187,2
WIN2-3124190,2
WIN2-3126034,2
WIN2-60001297,2
WIN2-60001304,2
WIN2-60001519,2
WIN2-60001555,2
WIN2-60001610,2
WIN2-60002390,2
WIN2-60002391,2
WIN2-65002842,2
WIN2-65003257,2
WIN2-3116050,2
WIN2-2810035,2
WIN2-3102305,2
WIN2-3102306,2
WIN2-3104115,2
WIN2-3106134,2
WIN2-3106135,2
WIN2-3113072,2
WIN2-3116021,2
WIN2-3124067,2
WIN2-3124184,2
WIN2-3404061,2
WIN2-4003022,2
WIN2-610020232,2
WIN2-610023923,2
WIN2-70200633,2
WIN2-800002584,2
WIN2-70002092,2
WIN2-70003338,2
WIN2-70003337,2
WIN2-70002547,2
WIN2-70002581,2
WIN2-65002079,2
WIN2-3103032,2
WIN2-3111101,2
WIN2-4003028,2
WIN2-70200413,2
WIN2-70005398,2
WIN2-60003846,2
WIN2-70003135,2
WIN2-2010307,2
WIN2-2810006,2
WIN2-3103100,2
WIN2-3103136,2
WIN2-3108117,2
WIN2-3126035,2
WIN2-61004545,2
WIN2-70003998,2
WIN2-70004624,2
WIN2-80002670,2
WIN2-70004782,2
WIN2-2805014,2
WIN2-3015519,2
WIN2-3106082,2
WIN2-3106115,2
WIN2-3108023,2
WIN2-3124068,2
WIN2-3201022,2
WIN2-4003027,2
WIN2-4003034,2
WIN2-5505019,2
WIN2-5505029,2
WIN2-5513002,2
WIN2-2310300,2
WIN2-5516077,2
WIN2-3501065,2
WIN2-70000514,2
WIN2-3111111,2
WIN2-3506105,2
WIN2-3105106,2
WIN2-3124130(GS10-2),2
WIN2-62003614,2
WIN2-5515163,2
WIN2-60003598,2
WIN2-62003351,2
WIN2-62001882,2
WIN2-62001867,2
WIN2-5519078,2
WIN2-62001866,2
WIN2-60002704,2
WIN2-62001953,2
WIN2-61005189,2
WIN2-3102170,2
WIN2-61005185,2
WIN2-70003085,2
WIN2-71001453,2
WIN2-61006359,2
WIN2-3124272,2
WIN2-3124280,2
WIN2-65005466,2
WIN2-60003593,2
WIN2-3124229,2
WIN2-2701028,2
WIN2-4004023,2
WIN2-3102466,2
WIN2-3116074,2
WIN2-3111311,2
WIN2-3111316,2
WIN2-61005048,2
WIN2-60004381,2
LKK2-B10-06,2
LKK2-GB893.1-86,2
LKK2-B10-02-10,2
LKK2-SWITCH-P(B10),2
LKK2-B10-01-08,2
LKK2-B10-01-31,2
LKK2-B15-17,2
LKK2-B15-31,2
LKK2-B15-21,2
LKK2-B15-28,2
LKK2-B15-29,2
LKK2-TC17-35-10,2
LKK2-B20B-61,2
LKK2-B20B-39,2
LKK2-B20B-37,2
LKK2-B20B-35,2
LKK2-B20B-38,2
LKK2-B20B-33,2
LKK2-6205-2RS1,2
LKK2-B20B-62,2
LKK2-B20B-40,2
LKK2-B20B-18,2
LKK2-B20B-15-9-1,2
LKK2-B25-20,2
LKK2-B25-22,2
LKK2-B25-34,2
LKK2-B25-16,2
LKK2-B25-39,2
LKK2-B25-37,2
LKK2-B25-48,2
LKK2-B25-62,2
LKK2-B25-65,2
LKK2-B25-61,2
LKK2-B25-66,2
LKK2-B25-38,2
LKK2-B25-40,2
LKK2-B25-52,2
LKK2-B25-15-9-1,2
LKK2-B25-23,2
LKK2-B25-26,2
LKK2-400MF,2
LKK2-B30-02,2
LKK2-B30-05-01,2
LKK2-B30-05-14,2
LKK2-B30-05-15,2
LKK2-B30-05-19,2
LKK2-B30-05-27,2
LKK2-B30-05-28,2
LKK2-B30-05-38,2
LKK2-B30-07-00,2
LKK2-GB892-86,2
LKK2-B30-05-34,2
LKK2-B30-05-16,2
LKK2-B30-05-22,2
LKK2-B30-06-18,2
LKK2-B5A-12,2
LKK2-B5A-21,2
LKK2-B5A-14,2
LKK2-B5A-19,2
LKK2-B5A-40,2
LKK2-M-21,2
LKK2-75-MF,2
LKK2-JOINTER,2
LKK2-205,2
LKK2-108,2
LKK2-259,2
LKK2-248,2
LKK2-MOTOR(DHL32),2
LKK2-FDMZ125-23-1,2
LKK2-FDMZ125-11,2
LKK2-FDMZ125-15,2
LKK2-FDMZ150-16,2
LKK2-LB-10,2
LKK2-SIDE-PANEL,2
LKK2-HS20-19-2,2
LKK2-GB281-64,2
LKK2-HS20-13,2
LKK2-LAY3-10M-1,2
LKK2-HS30-37,2
LKK2-HS30-19-2,2
LKK2-GB1243.1-83(HS30A)B,2
LKK2-HS30-13,2
LKK2-HS40-24,2
LKK2-LD=710,2
LKK2-HS50-38,2
LKK2-LX29-713,2
LKK2-FU1,2
LKK2-QM1,2
LKK2-TOGGLE-SWITCH,2
LKK2-SMALL-THERMOSTA,2
LKK2-DOOR,2
LKK2-JG-210-50,2
LKK2-JG-210-44,2
LKK2-520-30-20,2
LKK2-MR2-03,2
LKK2-CHAIN(RG-7),2
LKK2-GB1243.1-83(RG12-5),2
LKK2-RG12-5-07(17L),2
LKK2-ROLLER-TUBE(RG12-5),2
LKK2-ROLLER-TUBE(RG30-11),2
LKK2-SB3-11,2
LKK2-SB3-12,2
LKK2-TC12I-19,2
LKK2-TC12-6,2
LKK2-TC12I-14,2
LKK2-TC17-40-10,2
LKK2-TC22-04,2
LKK2-TC22-19,2
LKK2-TC42-10,2
LKK2-TC42-8,2
LKK2-HG4-672-67,2
LKK2-TJ12-25,2
LKK2-TJ12-23,2
LKK2-TJ12-06,2
LKK2-TJ12-34A,2
LKK2-TJ12-34B,2
LKK2-TJ12-01,2
LKK2-HG4-692-67-39,2
LKK2-TJ22-09,2
LKK2-FAN-FOR-MOTOR,2
LKK2-TJ22-26,2
LKK2-TJ22-12,2
LKK2-TJ32-08,2
LKK2-GB1171-74(TQ5),2
LKK2-TQ5-12,2
LKK2-TQ5-19-3,2
LKK2-TR180-01(F),2
LKK2-PC-RIGHT,2
LKK2-LK-GDO-16,2
LKK2-GB276(203),2
LKK2-HEATER(GX10),2
LKK2-HEATER(HYG-1D),2
LKK2-HEATER(EF-171),2
LKK2-HEATING(EG738),2
LKK2-HG4-692-67(JG210),2
LKK2-ROLLER-TUBE(RG24-7),2
LKK2-THERMOSTAT(HYG-2D),2
LKK2-THERMOSTAT(EG548),2
LKK2-PLATE-3(TC42),2
LKK2-PLATE-3(TC12I),2
LKK2-PLATE-6(TJ32B),2
LKK2-PLATE-8(TC42),2
LKK2-PLATE-8(TJ32B),2
LKK2-BM3-16,2
LKK2-JG-210-63,2
LKK2-B20B-36,2
LKK2-HS20-19-1,2
LKK2-TRANSDUCER,2
LKK2-HS30A-41,2
LKK2-HS30A-32,2
LKK2-B20B-44,2
LKK2-B60-205,2
LKK2-START-300UF,2
LKK2-RUN-40UF,2
LKK2-HS30-05,2
LKK2-GB893-76,2
LKK2-MICRO-(NEW),2
LKK2-530-30-1-(UP),2
LKK2-530-30-1-(DOWN),2
LKK2-LSP-530-30-1,2
LKK2-LSP-530-30-1-2,2
LKK2-B40-06-16,2
LKK2-IND350BK-3,2
LKK2-IND350BK-4,2
LKK2-IND350BK-5,2
LKK2-IND350BK-7,2
LKK2-IND350BK-8,2
LKK2-IND350BK-13,2
LKK2-IND350SBK-16,2
LKK2-IND350W-23,2
LKK2-IND500T-2,2
LKK2-IND500T-13,2
LKK2-IND500T-15,2
LKK2-IND500W-1,2
LKK2-IND500W-2,2
LKK2-IND500W-6,2
LKK2-IND500W-7,2
LKK2-IND500W-8,2
LKK2-IND500W-11,2
LKK2-IND500W-13,2
LKK2-IND2000-9,2
LKK2-IND300T-7,2
LKK2-IND300T-8,2
LKK2-IND350T-4,2
LKK2-IND350T-9,2
LKK2-TC20-40-7,2
LKK2-TJ32-25W,2
LKK2-LSP520-54,2
LKK2-LSP520-61,2
LKK2-B5D-23,2
LKK2-B5D-25,2
LKK2-16-MF,2
LKK2-ELEMENT(WF-101),2
LKK2-FX-13-09,2
LKK2-TJ12-H-20,2
LKK2-B40-05-21,2
LKK2-B40-05-17,2
LKK2-B40-05-22,2
LKK2-B40-05-14,2
LKK2-B40-05-10,2
LKK2-B40-05-07,2
LKK2-B40-05-11,2
LKK2-B40-05-08,2
LKK2-B40-05-16,2
LKK2-B40-16,2
LKK2-B40-06-10,2
LKK2-B40-06-12,2
LKK2-B40-06-06,2
LKK2-B40-06-08,2
LKK2-B40-11,2
LKK2-B40-09,2
LKK2-TOPHEAD,2
LKK2-WIRE-WHIP(B50),2
LKK2-ROLLER-TUBE(RG7),2
LKK2-HS40A-16,2
LKK2-HS40A-31,2
LKK2-380V-1.5KW,2
LKK2-LIGHT-SET,2
LKK2-LS47-2-63,2
LKK2-B30-06-05-1,2
LKK2-B30-06-05-2,2
LKK2-93-ROLLER-SUPPORT-R,2
LKK2-HOOK-(M20),2
LKK2-ELEMENT(FX13A),2
LKK2-16-(BM-63),2
LKK2-TC32-02-00,2
LKK2-PCP012-3,2
LKK2-PCP038,2
LKK2-PCP040,2
LKK2-PCP041,2
LKK2-PCPA03-3,2
LKK2-EPZ6-30,2
LKK2-JG300A-63,2
LKK2-JG300A-69,2
LKK2-B20F-56,2
LKK2-JG300-61,2
LKK2-SB6-13,2
LKK2-SKP004,2
LKK2-SKP013,2
LKK2-B30-SCREW,2
LKK2-B5A-SMALL-BELT,2
LKK2-TC12-08,2
LKK2-JG300-25,2
LKK2-JG300-43-4,2
LKK2-JG300-08,2
LKK2-JG300-27,2
LKK2-JG300-60,2
LKK2-B20F(K)-07,2
LKK2-B20F(K)-10,2
LKK2-B20F(K)-13,2
LKK2-B20F(K)-14,2
LKK2-B20F(K)-16,2
LKK2-B20F(K)-19,2
LKK2-B20F(K)-31,2
LKK2-B20F(K)-56,2
LKK2-B20F(K)-58,2
LKK2-B20F(K)-60,2
LKK2-B20F(K)-64,2
LKK2-B20F(K)-74,2
LKK2-B20F(K)-80,2
LKK2-B20F(K)-81,2
LKK2-B20F(K)-92,2
LKK2-B20F(K)-65-73,2
LKK2-B25(F)00002,2
LKK2-B30C-01-28,2
LKK2-SAFETY(B5),2
LKK2-DA(B40),2
LKK2-HW(B40),2
LKK2-FB(B40),2
LKK2-OS(B40),2
LKK2-1575,2
LKK2-PLATE-4.5(TC42),2
LKK2-SKP017,2
LKK2-SKP006,2
LKK2-B15-16,2
LKK2-KNOB(HS80),2
LKK2-QD-30,2
LKK2-LSP520-29-4,2
LKK2-LSP520-71,2
LKK2-QD-10,2
LKK2-DK-J-Y,2
LKK2-YD90L-6-4-P-B14,2
LKK2-TJ32-23,2
LKK2-LSP520-41,2
LKK2-LSP520-42,2
LKK2-TSP520-61,2
LKK2-GFO-4C-09-1,2
LKK2-TANK,2
LKK2-PROBE-TRIM-STRIP,2
LKK2-THERMOSTAT-KNOB-BASE,2
LKK2-TAP-DECORATE-COVER,2
LKK2-WATER-PIPE,2
LKK2-MOUNTING-PLATE,2
LKK2-012-300L,2
LKK2-004-300L,2
LKK2-006-300L,2
LKK2-011-300L-OLD,2
LKK2-HANDLE(WGF-181),2
LKK2-GCNP(WGF-182),2
LKK2-KNOB(JB35),2
LKK2-B80-206,2
LKK2-IND350S-2,2
LKK2-IND350S-13,2
LKK2-TSP520-57,2
LKK2-BT-200T1-1,2
LKK2-BT-200T1-4,2
LKK2-BT-200T1-7,2
LKK2-BT-200T1-8,2
LKK2-LK-GDO-12,2
LKK2-LK-GDO-20,2
LKK2-LK-GDO-22,2
LKK2-LK-GDO-23,2
LKK2-LK-GDO-24,2
LKK2-LK-GDO-26,2
SIR2-IB5940702,2
SIR2-MSC04N068,2
SIR2-MSC04N292,2
SIR2-IB5000800,2
SIR2-LF011203,2
SIR2-LF1013022,2
SIR2-LF1013002,2
SIR2-LF1013004,2
SIR2-LF1513001,2
SIR2-19310252,2
SIR2-18300574254F,2
SIR2-19400107L,2
SIR2-19563552LV,2
SIR2-19702030,2
SIR2-19530532,2
SIR2-19410160,2
SIR2-19562324,2
SIR2-SM504120U,2
SIR2-SM212740,2
SIR2-19562905,2
SIR2-195104012,2
SIR2-SM501501,2
SIR2-SM501401,2
SIR2-SM21005006,2
SIR2-19550202,2
SIR2-19550203,2
SIR2-IB9865320.04,2
SIR2-IB5940920,2
SIR2-IB5000900,2
SIR2-IB5866000,2
SIR2-IB5806000,2
SIR2-IB4000130,2
SIR2-IB4000131,2
SIR2-IB5820100,2
SIR2-MF0111,2
SIR2-MF0139,2
SIR2-MF0132,2
SIR2-6-MM,2
SIR2-LF1033011,2
SIR2-3-MM,2
SIR2-MF0190,2
SIR2-MF30-21000000,2
SIR2-LF1233002,2
SIR2-LF2033102,2
SIR2-LF1033010A,2
SIR2-LF2032902,2
SIR2-IV75MTM,2
SIR2-IV5050002,2
SIR2-IV4010000,2
SIR2-IV4220500,2
SIR2-40751DESP,2
SIR2-IB5054000C,2
SIR2-IB4004011,2
SIR2-IB4004021,2
SIR2-IB5054001C,2
SIR2-IB4104002,2
SIR2-IB4004042,2
SIR2-IB4104005,2
SIR2-IB9866003,2
SIR2-IB9866004,2
SIR2-IB4104010,2
SIR2-IB4004040,2
SIR2-IB4104003,2
SIR2-19530618,2
SIR2-19551500L,2
SIR2-19530422,2
SIR2-19533964,2
SIR2-19526064,2
SIR2-19534025,2
SIR2-19530865,2
SIR2-19530864P,2
SIR2-19541725,2
SIR2-19534043,2
SIR2-19541715VU,2
SIR2-IW2071230545A,2
SIR2-IW2071240069,2
SIR2-GM8153830,2
SIR2-IB4200705,2
SIR2-IB5944028,2
SIR2-IB5824003,2
SIR2-LF102906001,2
SIR2-MSC04N116,2
SIR2-IGS402C,2
SIR2-MF2110,2
SIR2-19336062-01,2
SIR2-28123210,2
SIR2-19510422,2
SIR2-IGS402P,2
SIR2-19563131,2
SIR2-IB4206412,2
SIR2-LF1813001,2
SIR2-LF2011015B,2
SIR2-IW2071230046,2
SIR2-19410135.10,2
SIR2-MF2207,2
SIR2-19510276.14,2
SIR2-18385574341F,2
SIR2-19700364.14,2
SIR2-19027564BZ,2
SIR2-19564037,2
SIR2-19521480,2
SIR2-19562160,2
SIR2-19540654.07,2
SIR2-19500164,2
SIR2-19530766.11,2
SIR2-19531059CB,2
SIR2-19500160,2
SIR2-19525068,2
SIR2-19530421,2
SIR2-19562345,2
SIR2-19800120,2
SIR2-19401960.17,2
SIR2-19413964.17,2
SIR2-19500465L.07,2
SIR2-IV98407400L,2
SIR2-19564036,2
SIR2-195304030,2
SIR2-IW1071240510,2
SIR2-IB4003008,2
SIR2-IB2680301,2
SIR2-IB4003016,2
SIR2-IB4003013,2
SIR2-IB2486300,2
SIR2-IB4003011,2
SIR2-IB4003003,2
SIR2-IB4103000,2
SIR2-IB5820300,2
SIR2-IB5940300,2
SIR2-IB4003025,2
SIR2-IB4003020,2
SIR2-IB4003019,2
SIR2-SM17006004,2
SIR2-IB2260720,2
SIR2-LF2032822,2
SIR2-19560101,2
SIR2-IW1271205,2
SIR2-IW1471230000,2
SIR2-IW1071240245,2
SIR2-IW1471240070,2
SIR2-IW1471240073,2
SIR2-IW1471240082,2
SIR2-IW1471240135,2
SIR2-IW2071240066,2
SIR2-IW2071240120,2
SIR2-IW1471230013,2
SIR2-IW1471240143,2
SIR2-SM220203,2
SIR2-19500505,2
SIR2-19336032,2
SIR2-SM560201,2
SIR2-19530612,2
SIR2-MSC06N076,2
SIR2-IV4010010,2
SIR2-GM3556200,2
SIR2-GM5506200,2
SIR2-MSC04AMON.22,2
SIR2-19534040,2
SIR2-19521122,2
SIR2-19529160UNC,2
SIR2-19563795UN,2
SIR2-IW1071240340,2
SIR2-19410301E,2
SIR2-IW1071240513,2
SIR2-FC920P,2
SIR2-FC99504028,2
SIR2-FC99430048,2
SIR2-19801260UN,2
SIR2-FC160P,2
SIR2-IW1571230010,2
SIR2-FC99004028,2
SIR2-49510102,2
SIR2-MSC04N012A,2
SIR2-49568025,2
SIR2-49569050,2
SIR2-49569061,2
SIR2-49569067,2
SIR2-49569056,2
SIR2-OSC708164,2
SIR2-IW1471250060,2
SIR2-IW2071250067,2
SIR2-IW1071250050,2
SIR2-MF2144,2
SIR2-19411000.12,2
SIR2-29401850,2
SIR2-29561600.14,2
SIR2-49563102,2
SIR2-49414043,2
SIR2-19410175,2
SIR2-19410144U,2
SIR2-LF1831401,2
SIR2-49410200,2
SIR2-49390030,2
SIR2-19564011,2
SIR2-19525072,2
SIR2-19562904,2
SIR2-IW1071240210,2
SIR2-LF1013032,2
SIR2-LF1041023,2
SIR2-LF2001008,2
SIR2-LF1043105,2
SIR2-LF1243101,2
SIR2-LF1443105,2
SIR2-LF1843103,2
SIR2-LF2043136,2
SIR2-LF2043140,2
SIR2-LF2043144,2
SIR2-LF2043280,2
SIR2-LF1013024,2
SIR2-LF1030522050,2
SIR2-LF1030522066,2
SIR2-LF142106025,2
SIR2-LF142120015,2
SIR2-LF1510012,2
SIR2-LF152106003,2
SIR2-LF152106005,2
SIR2-LF202106130,2
SIR2-LF2041029,2
SIR2-IX2315012,2
SIR2-LF1033031,2
SIR2-LF1033306,2
SIR2-LF1035816,2
SIR2-LF1435803,2
SIR2-LF2039214,2
SIR2-19530562.12,2
SIR2-19543940.15,2
SIR2-19530160.12,2
SIR2-19513037,2
SIR2-19413964.07,2
SIR2-IV2060666,2
SIR2-IV4630606,2
SIR2-IV5966011,2
SIR2-29561050,2
SIR2-IV72AT40X25X8,2
SIR2-IV2080500,2
SIR2-29561150,2
SIR2-19814212,2
SIR2-29530150,2
SIR2-19410330,2
SIR2-29411002,2
SIR2-IV7700010,2
SIR2-GRG100715,2
SIR2-GRG100376,2
SIR2-GRG101440,2
SIR2-GRG100302,2
SIR2-GRG100165,2
SIR2-GRG100380,2
SIR2-IB4070710,2
SIR2-LF1041004,2
SIR2-LF1144504,2
SIR2-IX26885A080740,2
SIR2-LF102106020,2
SIR2-LF102112001,2
SIR2-LF102112010,2
SIR2-LF1041006,2
SIR2-LF1143201,2
SIR2-LF122106001,2
SIR2-LF1243201,2
SIR2-LF142106045,2
SIR2-LF142120020,2
SIR2-LF1443115,2
SIR2-LF202120017,2
SIR2-LF202120018,2
SIR2-LF2041031,2
SIR2-LF2043236,2
SIR2-IX26885A080728,2
SIR2-LF1011012.5,2
SIR2-LF152120011,2
SIR2-LF152120010,2
SIR2-LF152120013,2
SIR2-IGS703103,2
SIR2-IV7200600,2
SIR2-19320262,2
SIR2-IV5826006,2
SIR2-IV4250600,2
SIR2-IV7700020,2
SIR2-IV9800695,2
SIR2-IV7300605,2
SIR2-19320290,2
SIR2-IV4100610,2
SIR2-IB4000720,2
SIR2-IB3556000,2
SIR2-LF2013042,2
SIR2-LF2013040,2
SIR2-LF1510701,2
SIR2-19562808G,2
SIR2-IW1471220200,2
SIR2-IW1071220100,2
SIR2-IW1071240031,2
SIR2-IW1471220012,2
SIR2-IW1471220020,2
SIR2-IW1471220044,2
SIR2-IW1471220052,2
SIR2-IW1471230005,2
SIR2-IW1471240083,2
SIR2-IW1471240195,2
SIR2-IW1571220010,2
SIR2-IW2071220056,2
SIR2-IW2071220057,2
SIR2-IW2071220130,2
SIR2-IW2071220135,2
SIR2-19513070,2
SIR2-19410313,2
SIR2-195102093,2
SIR2-LF1001009,2
SIR2-194001096,2
SIR2-19500466L,2
SIR2-19531047,2
SIR2-19336071,2
SIR2-OSC045663,2
SIR2-OSC649114,2
SIR2-OSC042657,2
SIR2-OSC043042,2
SIR2-IW2071230067,2
SIR2-IW2071230064,2
SIR2-LF142505007,2
SIR2-GM5036830,2
SIR2-19335055.11,2
SIR2-19400107,2
SIR2-19563510,2
SIR2-19562806,2
SIR2-MF2118,2
SIR2-MF2113,2
SIR2-MF2106,2
SIR2-MF2206,2
SIR2-IB2104004,2
SIR2-IB2104005,2
SIR2-IB1980400,2
SIR2-MSC09V068,2
SIR2-MSC09V028,2
SIR2-MSC09V072F,2
SIR2-GM5036200,2
SIR2-IB4293000,2
SIR2-GM4296200,2
SIR2-GM5400200,2
SIR2-19562322,2
SIR2-IV76CQ06X06X20,2
SIR2-281532XLI,2
SIR2-LF2007014,2
SIR2-LF2001005,2
SIR2-LF2010081,2
SIR2-LF2001011,2
SIR2-LF2010078,2
SIR2-LF2010085,2
SIR2-LF2007010,2
SIR2-LF2007038,2
SIR2-LF2010517,2
SIR2-LF1210801,2
SIR2-LF2001030,2
SIR2-LF1007001,2
SIR2-LF1510704,2
SIR2-LF1510010,2
SIR2-LF2007009,2
SIR2-19700354,2
SIR2-19513056,2
SIR2-195621354,2
SIR2-19510256,2
SIR2-19534072,2
SIR2-19522600,2
SIR2-19511854,2
SIR2-19522640,2
SIR2-19522645,2
SIR2-19525058,2
SIR2-19400109,2
SIR2-19416064,2
SIR2-19415064,2
SIR2-19500466,2
SIR2-19500465.07,2
SIR2-19500464,2
SIR2-19390406,2
SIR2-LF1033021,2
SIR2-19541006,2
SIR2-19511956,2
SIR2-19531355,2
SIR2-19531056A,2
SIR2-19335023,2
SIR2-19562336,2
SIR2-19538054,2
SIR2-19534030,2
SIR2-19534016,2
SIR2-19534023,2
SIR2-19336038,2
SIR2-19522615,2
SIR2-19531306,2
SIR2-19522639,2
SIR2-LF2032912,2
SIR2-LF2032609,2
SIR2-LF2039423,2
SIR2-LF2039420,2
SIR2-28100803X,2
SIR2-28101210X,2
SIR2-LF2011015A,2
SIR2-LF2007008,2
SIR2-195102026,2
SIR2-19562209,2
SIR2-19563020,2
SIR2-19530702,2
SIR2-19562610,2
SIR2-19500513,2
SIR2-19530602,2
SIR2-19530402E,2
SIR2-19564040,2
SIR2-198000322NC,2
SIR2-19540503,2
SIR2-19540740,2
SIR2-FG915,2
SIR2-PJET42268,2
SIR2-49417000,2
SIR2-49569001,2
SIR2-49569015,2
SIR2-49569011,2
SIR2-49425002,2
SIR2-19410136.10,2
SIR2-49520002,2
SIR2-29561710,2
SIR2-IX26885A060620,2
SIR2-IGS103013,2
SIR2-LF122505001,2
SIR2-29030311,2
SIR2-IB5940941,2
SIR2-19420500,2
SIR2-IB4200701,2
SIR2-IGS412203,2
SIR2-LF1534000N,2
SIR2-LF1030522010,2
SIR2-LF1033033,2
SIR2-LF182112001,2
SIR2-LF202908210,2
SIR2-LF202908340,2
SIR2-LF1838601,2
SIR2-LF1041005,2
SIR2-LF2039725,2
SIR2-LF2039414,2
SIR2-LF2093033,2
SIR2-LF2095010,2
SIR2-LF1495001,2
SIR2-LF2043015,2
SIR2-LF1838301,2
SIR2-LF2093001,2
SIR2-LF1839701,2
SIR2-LF2039731,2
SIR2-19500556,2
SIR2-29561600,2
SIR2-LF2012016,2
SIR2-IV2080010,2
SIR2-19500517,2
SIR2-19541502,2
SIR2-19500207,2
SIR2-19564029,2
SIR2-19702512,2
SIR2-19562344,2
SIR2-19538065,2
SIR2-19510232,2
SIR2-19513042,2
SIR2-19563060,2
SIR2-19530540,2
SIR2-19021332,2
SIR2-LF2039743,2
SIR2-LF2039722,2
SIR2-IV4020300,2
SIR2-IV4230515,2
SIR2-IV2330500,2
SIR2-IV2320500,2
SIR2-IV7300500,2
SIR2-IV5050802,2
SIR2-29561800,2
SIR2-LF2001010,2
SIR2-LF2010080,2
SIR2-LF2001009,2
SIR2-IB5506800,2
SIR2-19510254,2
SIR2-18350574280GF,2
SIR2-195621364,2
SIR2-19700364,2
SIR2-LF2007005,2
SIR2-LF2007004,2
SIR2-LF2001006,2
SIR2-19563124,2
SIR2-19410136.08,2
SIR2-MSC04N054,2
SIR2-LF142908025,2
SIR2-LF202908115,2
SIR2-LF202908201,2
SIR2-LF202908205,2
SIR2-LF2029917,2
SIR2-LF2044560,2
SIR2-IGS403203,2
SIR2-IB2680300,2
SIR2-IGS103043,2
SIR2-IGS103033,2
SIR2-IGS107013,2
SIR2-IGS114013,2
SIR2-MSC04N108VT,2
SIR2-MSC06AMON,2
SIR2-18385574315F,2
SIR2-19525067,2
SIR2-19525065,2
SIR2-19530420,2
SIR2-19530535,2
SIR2-IB5940980,2
SIR2-IB5080710C.14,2
SIR2-IB5800109,2
SIR2-IB2260930,2
SIR2-IB4000950,2
SIR2-GM5806000,2
SIR2-GM4206400,2
SIR2-GM5826000,2
SIR2-MF2138,2
SIR2-IV4010020,2
SIR2-IGS336R,2
SIR2-LF202908055,2
SIR2-IX2912008045,2
SIR2-LF2029972,2
SIR2-GM1926000,2
SIR2-IB4104001,2
SIR2-IW1071240110,2
SIR2-IW1471270030,2
SIR2-IB2080750.14,2
SIR2-IB4020930,2
SIR2-IB4000952,2
SIR2-IB4104014,2
SIR2-IB4000954,2
SIR2-IB4000951,2
SIR2-IB2080752,2
SIR2-IB2490010,2
SIR2-IGS104033,2
SIR2-LF2013023,2
SIR2-LF2013022,2
SIR2-LF2013024,2
SIR2-IB4050100,2
SIR2-LF2038310,2
SIR2-GM5636950B,2
SIR2-GM5636950F,2
SIR2-19562404,2
SIR2-IW2071230045,2
SIR2-18250403210T,2
SIR2-AMG022,2
SIR2-AMG032G,2
SIR2-AMG040,2
SIR2-AMG066,2
SIR2-AMA081,2
SIR2-AMG242,2
SIR2-AMC246,2
SIR2-AMG258,2
SIR2-AMG264A,2
SIR2-AMA268,2
SIR2-AMA276,2
SIR2-19521603,2
SIR2-AMA289,2
SIR2-AME402,2
SIR2-AME424,2
SIR2-AME426,2
SIR2-AME428,2
SIR2-AME436,2
SIR2-AME442,2
SIR2-AME450,2
SIR2-AME464,2
SIR2-AME468,2
SIR2-19413960.17,2
SIR2-GM3047400,2
SIR2-IW1071240064,2
SIR2-IW1071240020,2
SIR2-IW2071230063,2
SIR2-IW1471240067,2
SIR2-IW1471240085,2
SIR2-GM3556250,2
SIR2-GM5636950E,2
SIR2-GM2486150,2
SIR2-IB4356000,2
SIR2-SM21005008,2
SIR2-SM521004,2
SIR2-SM211621,2
SIR2-SM19023004.1,2
SIR2-SM190100028,2
SIR2-SM212400,2
SIR2-19511108,2
SIR2-19336005,2
SIR2-19511208C,2
SIR2-19522505,2
SIR2-19540408,2
SIR2-19500208,2
SIR2-IB5036000,2
SIR2-LF2009014,2
SIR2-LF2009007,2
SIR2-LF2009008,2
SIR2-LF2009015,2
SIR2-GM5946300,2
SIR2-GM3047100,2
SIR2-GM8156700,2
SIR2-GM5893030,2
SIR2-GM4223200,2
SIR2-GM2586215,2
SIR2-GM5253250,2
SIR2-GM4206010,2
SIR2-GM5806300,2
SIR2-IW1071240010,2
SIR2-19525070,2
SIR2-19530402.06,2
SIR2-19540431,2
SIR2-FC99004072,2
SIR2-FC99004002,2
SIR2-FC99004017,2
SIR2-FC1099E3002,2
SIR2-FC1099E3001,2
SIR2-19540430,2
SEV2-9660-251-140,1
SEV2-00012,1
SEV2-3ARR3U13AS2,1
SEV2-STL-SL3001,1
SEV2-00024,1
SEV2-00025,1
SEV2-00032,1
SEV2-00163,1
SEV2-00171,1
SEV2-00172,1
SEV2-QUICK-COUPLE,1
SEV2-00419,1
SEV2-00059,1
SEV2-00548,1
SEV2-00549,1
SEV2-00551,1
SEV2-00553,1
SEV2-00555,1
SEV2-00556,1
SEV2-00558,1
SEV2-00559,1
SEV2-00560,1
SEV2-00561,1
SEV2-00562,1
SEV2-00563,1
SEV2-00564,1
SEV2-00565,1
SEV2-00566,1
SEV2-00567,1
SEV2-00568,1
SEV2-00570,1
SEV2-00571,1
SEV2-00572,1
SEV2-00573,1
SEV2-00574,1
SEV2-00575,1
SEV2-00576,1
SEV2-00577,1
SEV2-00578,1
SEV2-00579,1
SEV2-00580,1
SEV2-00581,1
SEV2-00582,1
SEV2-00583,1
SEV2-00584,1
SEV2-00585,1
SEV2-00226,1
SEV2-00586,1
SEV2-00587,1
SEV2-00588,1
SEV2-00589,1
SEV2-00590,1
SEV2-00591,1
SEV2-00592,1
SEV2-00593,1
SEV2-00595,1
SEV2-00596,1
SEV2-00598,1
SEV2-00599,1
SEV2-00601,1
SEV2-00602,1
SEV2-00603,1
SEV2-00604,1
SEV2-00605,1
SEV2-00606,1
SEV2-00607,1
SEV2-00609,1
SEV2-00610,1
SEV2-00612,1
SEV2-00613,1
SEV2-00614,1
SEV2-00615,1
SEV2-00616,1
SEV2-00617,1
SEV2-00618,1
SEV2-00619,1
SEV2-00620,1
SEV2-00621,1
SEV2-00622,1
SEV2-00623,1
SEV2-00624,1
SEV2-00625,1
SEV2-00626,1
SEV2-00634,1
SEV2-00635,1
SEV2-00637,1
SEV2-00638,1
SEV2-00639,1
SEV2-00640,1
SEV2-00641,1
SEV2-00642,1
SEV2-00643,1
SEV2-00644,1
SEV2-00645,1
SEV2-00647,1
SEV2-00648,1
SEV2-00649,1
SEV2-00650,1
SEV2-00652,1
SEV2-00653,1
SEV2-00654,1
SEV2-00655,1
SEV2-00656,1
SEV2-00657,1
SEV2-00658,1
SEV2-00660,1
SEV2-00661,1
SEV2-00662,1
SEV2-00663,1
SEV2-00664,1
SEV2-00665,1
SEV2-00666,1
SEV2-00667,1
SEV2-00668,1
SEV2-00669,1
SEV2-00701,1
SEV2-12UF400-450-500VAC,1
SEV2-00234,1
SEV1-SPC-OIL,1
SEV1-CPC,1
SEV3-13-0056,1
SEV3-02-0030,1
SEV3-06-0081,1
SEV1-SRPH-14,1
SEV3-06-0144,1
SEV3-06-0145,1
SEV1-CBG07B01-15SL00MO,1
SEV1-CBG08B04-15ML00MO,1
SEV1-CBG08B04-15SL00MO,1
SEV1-CBG01B16-15M000MN,1
SEV1-CBG07B02-15LL00AM,1
SEV1-CBG07B01-15LL00MO,1
SEV1-CBG07B01-15ML00MO,1
SEV1-CBG07B02-15ML00AM,1
SEV1-CU-S40S16-35L00MO,1
SEV1-CU-S40S17-35L00MO,1
SEV1-CU-S40S24-35L00MO,1
SEV1-TH2348-150000ASMN,1
SEV1-TV-G0104-W01500MN,1
SEV1-ST-0630-M000MD-MN,1
SEV1-ST-0630-S000MD-MN,1
SEV1-SP-G0139-20190-MN,1
SEV1-SP-G0139-20M00-MN,1
SEV1-SB-V1506-351500MN,1
SEV1-WR-T0603-0000ASMN,1
SEV1-SP-G0801-10L00-MO,1
SEV1-SP-G0801-10S00-MO,1
SEV1-MH-2350-15000ASMN,1
SEV1-SV-S4074-301500MN,1
SEV1-JW-PS13,1
SEV3-02-0883,1
SEV1-WPB-015,1
SEV1-WPB-020,1
SEV1-SER-7,1
SEV1-SRPH-10,1
SEV3-10-0337,1
SEV3-05-0025,1
SEV3-08-0097,1
SEV3-09-0123,1
SEV1-00035,1
SEV3-02-0258,1
SEV3-10-0096,1
SEV3-02-0298,1
SEV3-13-0034,1
SEV3-02-0352,1
SEV3-09-0084,1
SEV1-4107S,1
SEV1-70115,1
SEV3-02-0405,1
SEV2-00016,7
SEV3-09-0128,29
SEV1-SALT,2
SEV1-BKP58X40,145
SEV1-BKP28X38,14
SEV1-P-COVER,79
SEV1-TPP-12CL,29
SEV1-TPP-9.5CL,159
SEV1-K108B,2
SEV1-K112B,8
SEV1-G-600,40
SEV2-00011,2
SEV2-LC1-D18B7,2
SEV2-00015,2
SEV1-CCB-1218,5
SEV2-00041,2
SEV2-00147,3
SEV3-13-0053,11
SEV2-00155,7
SEV3-02-0454,384
SEV2-36-43MFD(G),2
SEV1-4240.22,2
SEV2-6200RS,5
SEV2-00046,3
SEV2-00049,2
SEV2-D-15,10
SEV1-84407,11
SEV2-00323,5
SEV3-08-0059,50
SEV3-06-0132,12
SEV3-06-0133,31
SEV3-06-0134,17
SEV2-D-16,6
SEV2-00176,2
SEV1-CU-G07G01-05000MO,2
SEV2-00181,2
SEV3-10-0493,3
SEV3-13-0074,33
SEV2-LEG-CAMP,5
SEV2-FUSE-5A,8
SEV2-BX65,2
SEV1-SA-5489.000,2
SEV1-BFW-850,6
SEV2-990098900,9
SEV2-990072700,9
SEV1-TOW-1,6
SEV1-2214FL,3
SEV1-SP-1175,2
SEV1-WPB-140,2
SEV1-WPB-330,2
SEV1-VS-2,4
SEV1-24CR215,3
SEV1-24CR225,2
SEV2-00550,2
SEV2-00552,2
SEV2-00554,2
SEV2-00557,3
SEV2-00569,2
SEV2-00225,3
SEV2-00594,2
SEV2-00597,2
SEV2-00608,2
SEV2-00611,2
SEV2-00633,2
SEV2-00636,2
SEV2-00705,2
SEV2-00712,2
SEV1-00033,16
SEV2-00094,7
SEV2-00100,14
SEV2-00102,3
SEV3-10-0037,6
SEV3-10-0066,723
SEV3-10-0067,438
SEV3-13-0003,13
SEV3-13-0019,5
SEV3-14-0001,38
SEV3-13-0023,24
SEV2-00106,5
SEV2-00107,5
SEV2-00122,6
SEV3-02-0414,8
SEV3-08-0053,8
SEV3-02-0122-250ML,9
SEV3-02-0118-100G,3
SEV3-02-0400-50G,8
SEV3-09-0126,7
SEV3-09-0127,27
SEV3-09-0129,16
SEV3-09-0091,37
SEV3-02-0419,14
SEV3-13-0058,8
SEV3-09-0094,83
SEV3-06-0123,14
SEV3-04-0117,65
SEV3-08-0089,26
SEV3-08-0090,26
SEV3-02-0004,2
SEV3-02-0006,423
SEV3-02-0009,48
SEV3-02-0013,8
SEV3-02-0017,22
SEV3-02-0018,123
SEV3-02-0024,2
SEV3-02-0026,3
SEV3-02-0031,4
SEV3-02-0033,4
SEV3-02-0034,5
SEV3-02-0036,2
SEV3-02-0037,7
SEV3-02-0039,2
SEV3-02-0042,831
SEV3-02-0043,72
SEV3-02-0047,14
SEV3-02-0052,39
SEV3-02-0055,22
SEV3-02-0058,44
SEV3-02-0061,42
SEV3-02-0062,8
SEV3-02-0064,61
SEV3-02-0065,25
SEV3-09-0076,15
SEV3-02-0072,6
SEV3-02-0074,56
SEV3-02-0125,162
SEV3-02-0153,2
SEV3-02-0236,4
SEV3-02-0168,30
SEV3-03-0003,19
SEV3-03-0004,11
SEV3-04-0006,9
SEV3-04-0025,43
SEV3-04-0026,156
SEV3-04-0028,64
SEV3-05-0002,4
SEV3-06-0002,354
SEV3-06-0005,46
SEV3-06-0006,30
SEV3-06-0009,21
SEV3-06-0010,2
SEV3-06-0014,6
SEV3-06-0026,16
SEV3-06-0031,30
SEV3-06-0033,4
SEV3-06-0035,8
SEV3-06-0036,6
SEV3-06-0040,9
SEV3-06-0047,114
SEV3-06-0050,3
SEV3-06-0051,93
SEV3-06-0052,3
SEV3-06-0053,67
SEV3-06-0054,5
SEV3-06-0055,37
SEV3-06-0056,20
SEV3-06-0057,9
SEV3-06-0058,3
SEV3-06-0059,18
SEV3-06-0061,30
SEV3-06-0064,39
SEV3-06-0067,2
SEV3-06-0068,18
SEV3-06-0069,14
SEV3-06-0070,11
SEV3-06-0074,4
SEV3-06-0076,3
SEV3-06-0084,25
SEV3-06-0088,23
SEV3-06-0090,38
SEV3-06-0091,41
SEV3-06-0093,4
SEV3-06-0094,4
SEV3-06-0100,102
SEV3-08-0002,30
SEV3-08-0003,31
SEV3-08-0006,10
SEV3-08-0008,8
SEV3-08-0012,18
SEV3-08-0018,52
SEV3-08-0025,13
SEV3-08-0027,31
SEV3-09-0006,5
SEV3-09-0010,44
SEV3-09-0016,96
SEV3-09-0019,42
SEV3-09-0036,2
SEV3-09-0037,117
SEV3-09-0039,29
SEV3-09-0040,18
SEV3-09-0055,5
SEV3-09-0060,10
SEV3-09-0061,11
SEV3-02-0175,6
SEV3-06-0137,60
SEV3-06-0141,10
SEV3-02-0485,8
SEV3-09-0100,2
SEV3-09-0101,2
SEV3-02-0492,2
SEV3-02-0553,2
SEV3-08-0071,8
SEV3-02-0886,51
SEV3-02-0196,2
SEV3-02-0203,4
SEV3-09-0065,14
SEV3-09-0108,2
SEV3-06-0150,2
SEV3-06-0153,2
SEV3-02-0679,45
SEV3-01-0068,22
SEV3-08-0095,2
SEV3-08-0096,2
SEV3-02-0893,16
SEV3-02-0700,14
SEV3-09-0122,3
SEV3-02-0207,14
SEV3-02-0220,5
SEV3-03-0009,18
SEV3-02-0262,2
SEV3-06-0111,19
SEV3-06-0113,86
SEV3-06-0115,39
SEV3-02-0288,22
SEV3-02-0289,8
SEV3-09-0079,10
SEV3-02-0029,3
SEV3-02-0015,237
SEV3-02-0027,14
SEV3-02-0053,93
SEV3-02-0077,260
SEV3-02-0080,232
SEV3-02-0085,3
SEV3-02-0086,3
SEV3-02-0290,26
SEV3-13-0030,34
SEV3-02-0291,2
SEV3-02-0117,107
SEV3-02-0296,647
SEV3-06-0003,5
SEV3-02-0297,2
SEV3-02-0299,2
SEV3-02-0304,154
SEV3-02-0305,158
SEV3-08-0043,4
SEV3-03-0018,2
SEV3-02-0318,11
SEV3-02-0321,2
SEV3-02-0336,2
SEV3-02-0337,25
SEV3-02-0338,160
SEV3-02-0339,78
SEV3-02-0340,32
SEV3-02-0343,34
SEV3-02-0347,299
SEV3-02-0357,2
SEV3-06-0120,16
SEV3-02-0379,14
SEV3-02-0383,4
SEV3-02-0388,80
SEV3-02-0389,140
SEV3-02-0390,98
SEV3-02-0391,51
SEV3-02-0392,65
SEV3-09-0086,22
SEV3-02-0404,16
SEV3-10-0454,1
SEV3-10-0462,5
SEV3-02-0898,8
SEV1-YD-DB305,1
SEV1-YD-DB305T,6
SEV3-10-0103,3
SEV1-00488,1
SEV1-00004,3
SEV1-00057,6
SEV1-00058,1
SEV1-COUPON-300,133
SEV1-C-CPS-99,1
SEV1-CBR-2806,1
SEV1-00070,3
SEV2-00022,1
SEV2-24CR225,3
SEV2-NO.5,10
SEV2-BBF-45558,3
SEV1-00006,9
SEV1-SGS,2
SEV1-SCALE-C,2
SEV1-CU-S12A08-00000MN,1
SEV1-SP-G0267-20200-AM,1
SEV1-SP-G0267-20300-AM,1
SEV1-WR-T0301-0000ASMN,1
SEV1-SP-G0801-10M00-MO,1
SEV1-00130,6
SEV1-LC-BMAT-BLK,9
SEV1-LC-MUD-1-BLK,22
SEV1-LC-MUD-2-BLK,30
SEV1-YD-AT60663-1,1
SEV1-YD-DAT50663,2
SEV1-YD-DAT50683,1
SEV1-YF-1033,1
SEV1-LA-60776,23
SEV1-222021,1
SEV1-00144,1
SEV1-00146,2
SEV2-00482,1
SEV1-200900,1
SEV2-00206,162
SEV2-00207,162
SEV1-GSC-6PT,1
SEV1-00019,732
SEV2-00546,1
SEV2-10-0319,1
SEV1-00260,49
SEV1-00261,47
SEV2-00222,1
SEV2-00631,1
SEV2-00651,1
SEV2-00702,4
SEV2-00703,4
SEV2-00065,2
SEV1-DI-81,1
SEV1-00034,2
SEV1-00037,5
SEV2-00114,1
SEV1-00050,64
SEV1-00051,63
SEV3-05-0016,11
SEV3-16-0004,2
SEV3-13-0049,1
SEV3-02-0413,16
SEV3-09-0089,1
SEV3-02-0777,2
SEV3-02-0778,1
SEV3-02-0871,1
SEV3-08-0054,24
SEV3-02-0416,10
SEV3-02-0417,1
SEV3-09-0092,40
SEV3-01-0055,13
SEV3-02-0418,6
SEV3-02-0420,13
SEV3-02-0421,10
SEV3-05-0017,1
SEV3-02-0433,2
SEV3-02-0423,15
SEV3-02-0425,1
SEV3-02-0426,1
SEV3-02-0427,1
SEV3-02-0428,1
SEV3-02-0429,2
SEV3-13-0062,6
SEV3-13-0063,2
SEV3-04-0077,80
SEV3-02-0430,8
SEV3-02-0431,2
SEV3-02-0432,6
SEV3-02-0435,2
SEV3-02-0439,1
SEV3-02-0441,1
SEV3-02-0442,1
SEV3-02-0443,1
SEV3-02-0900,2
SEV3-02-0447,5
SEV3-09-0095,8
SEV3-02-0450,1
SEV3-06-0127,1
SEV3-06-0128,4
SEV3-09-0096,4
SEV3-08-0057,10
SEV3-08-0058,3
SEV3-02-0449,2
SEV3-02-0463,1
SEV3-06-0163,2
SEV3-06-0164,1
SEV3-06-0165,1
SEV3-06-0166,5
SEV3-02-0835,2
SEV3-02-0836,1
SEV3-02-0837,1
SEV3-02-0020,16
SEV3-02-0048,2
SEV3-09-0071,26
SEV3-09-0072,23
SEV3-02-0059,6
SEV3-02-0060,47
SEV3-02-0067,2
SEV3-09-0073,2
SEV3-02-0081,4
SEV3-02-0090,16
SEV3-02-0101,16
SEV3-02-0102,39
SEV3-02-0108,23
SEV3-02-0110,95
SEV3-02-0111,2
SEV3-02-0158,1
SEV3-02-0169,2
SEV3-04-0003,18
SEV3-04-0007,11
SEV3-04-0015,106
SEV3-04-0016,15
SEV3-04-0018,75
SEV3-04-0021,24
SEV3-04-0035,2
SEV3-04-0038,6
SEV3-04-0054,4
SEV3-04-0061,3
SEV3-04-0064,2
SEV3-06-0011,20
SEV3-06-0017,8
SEV3-06-0022,8
SEV3-06-0025,7
SEV3-06-0032,17
SEV3-06-0038,1
SEV3-06-0039,7
SEV3-06-0042,4
SEV3-06-0043,6
SEV3-06-0049,10
SEV3-06-0062,1
SEV3-06-0063,1
SEV3-06-0065,2
SEV3-06-0082,3
SEV3-06-0089,4
SEV3-06-0107,2
SEV3-08-0004,4
SEV3-08-0016,29
SEV3-08-0017,7
SEV3-08-0020,2
SEV3-08-0026,3
SEV3-08-0031,4
SEV3-08-0033,22
SEV3-08-0035,4
SEV3-09-0001,62
SEV3-09-0003,8
SEV3-09-0015,2
SEV3-09-0021,1
SEV3-09-0022,11
SEV3-09-0023,3
SEV3-09-0024,9
SEV3-09-0030,1
SEV3-09-0032,3
SEV3-09-0034,6
SEV3-09-0041,21
SEV3-09-0045,4
SEV3-09-0047,2
SEV3-09-0048,2
SEV3-09-0049,1
SEV3-09-0050,5
SEV3-09-0051,5
SEV3-09-0053,18
SEV3-09-0057,1
SEV3-09-0058,2
SEV3-02-0189,2
SEV3-02-0192,69
SEV3-13-0071,1
SEV3-02-0806,1
SEV3-14-0028,2
SEV3-02-0901,1
SEV3-06-0131,2
SEV3-02-0480,56
SEV3-02-0902,1
SEV3-06-0147,1
SEV3-08-0060,19
SEV3-09-0103,9
SEV3-01-0063,10
SEV3-02-0551,71
SEV3-08-0065,6
SEV3-01-0066,2
SEV3-02-0890,2
SEV3-02-0825,4
SEV3-14-0019,2
SEV3-02-0580,1
SEV3-02-0581,5
SEV3-14-0020,2
SEV3-14-0021,2
SEV3-02-0600,1
SEV3-04-0084,24
SEV3-04-0085,12
SEV3-02-0201,43
SEV3-02-0617,4
SEV3-02-0618,70
SEV3-02-0637,160
SEV3-06-0151,3
SEV3-01-0057,2
SEV3-05-0020,2
SEV3-02-0672,1
SEV3-01-0051,1
SEV3-01-0052,1
SEV3-01-0053,1
SEV3-01-0054,1
SEV3-02-0675,6
SEV3-09-0111,18
SEV3-09-0112,18
SEV3-09-0113,1
SEV3-03-0023,3
SEV3-08-0080,96
SEV3-05-0021,6
SEV3-05-0022,5
SEV3-02-0682,3
SEV3-02-0683,5
SEV3-09-0114,3
SEV3-02-0685,1
SEV3-02-0686,1
SEV3-02-0696,22
SEV3-02-0698,2
SEV3-02-0699,24
SEV3-12-0046,10
SEV3-03-0026,2
SEV3-02-0701,1
SEV3-03-0027,1
SEV3-02-0702,2
SEV3-02-0907,1
SEV3-02-0908,1
SEV3-02-0909,1
SEV3-02-0716,1
SEV3-16-0016,1
SEV3-02-0881,2
SEV3-02-0738,10
SEV3-02-0743,8
SEV3-02-0744,4
SEV3-02-0745,4
SEV3-13-0188,5
SEV3-02-0748,9
SEV3-02-0756,75
SEV3-04-0074,30
SEV3-03-0007,3
SEV3-02-0205,2
SEV3-09-0068,19
SEV3-09-0059,2
SEV3-02-0206,2
SEV3-02-0208,1
SEV3-02-0209,1
SEV3-02-0210,2
SEV3-02-0211,2
SEV3-02-0212,6
SEV3-02-0213,12
SEV3-02-0214,1
SEV3-02-0215,9
SEV3-02-0217,1
SEV3-02-0219,2
SEV3-02-0221,2
SEV3-02-0225,1
SEV3-02-0226,2
SEV3-02-0227,4
SEV3-02-0228,1
SEV3-02-0229,1
SEV3-02-0230,2
SEV3-02-0232,2
SEV3-02-0233,1
SEV3-02-0234,1
SEV3-02-0235,1
SEV3-02-0238,1
SEV3-02-0239,1
SEV3-06-0073,8
SEV3-06-0018,26
SEV3-02-0245,8
SEV3-02-0087,5
SEV3-02-0088,10
SEV3-02-0252,16
SEV3-02-0253,6
SEV3-02-0079,2
SEV3-02-0257,9
SEV3-02-0259,11
SEV3-02-0260,2
SEV3-02-0261,1
SEV3-02-0264,14
SEV3-02-0265,14
SEV3-06-0110,6
SEV3-02-0275,6
SEV3-02-0277,2
SEV3-02-0282,5
SEV3-06-0114,50
SEV3-02-0285,1
SEV3-13-0044,4176
SEV3-02-0403,1
SEV3-09-0087,25
SEV3-06-0121,14
SEV3-02-0082,2
SEV3-02-0083,84
SEV3-12-0015,3
SEV3-12-0018,1
SEV3-12-0019,2
SEV3-12-0022,2
SEV3-12-0023,2
SEV3-13-0025,6
SEV3-12-0025,2
SEV3-12-0026,2
SEV3-13-0026,14
SEV3-13-0028,3
SEV3-14-0009,10
SEV3-14-0010,5
SEV3-03-0017,1
SEV3-14-0012,5
SEV3-14-0013,3
SEV3-13-0031,3
SEV3-11-0023,7952
SEV3-13-0032,5
SEV3-02-0293,1
SEV3-02-0094,7
SEV3-02-0096,8
SEV3-02-0098,6
SEV3-02-0306,3
SEV3-02-0308,1
SEV3-02-0309,3
SEV3-02-0311,97
SEV3-02-0312,342
SEV3-02-0316,1
SEV3-10-0147,6
SEV3-16-0001,1
SEV3-02-0320,1
SEV3-16-0002,13
SEV3-02-0323,16
SEV3-12-0027,2
SEV3-02-0326,34
SEV3-02-0327,1
SEV3-02-0332,1
SEV3-02-0342,12
SEV3-02-0345,1
SEV3-02-0351,2
SEV3-02-0354,2
SEV3-13-0037,8
SEV3-02-0362,1
SEV3-13-0040,2
SEV3-13-0041,2
SEV3-13-0043,2
SEV3-02-0364,2
SEV3-02-0365,1
SEV3-02-0366,1
SEV3-02-0369,40
SEV3-02-0385,2
SEV3-02-0872,6
SEV3-02-0873,6
SEV3-02-0875,2
SEV3-02-0876,3
SEV3-02-0877,2
SEV3-02-0878,2
SEV3-02-0879,7
SEV3-13-0046,1
SEV3-01-0062,12
SEV3-02-0398,1
SEV3-02-0409,2
SEV3-10-0189,10
SEV3-10-0190,14
SEV3-10-0191,15
SEV3-10-0419,9
SEV3-10-0420,6
SEV3-10-0421,8
SEV3-10-0418,18
SEV3-10-0424,5
SEV3-13-0189,10
SEV3-14-0027,169
SEV3-10-0441,14
SEV3-10-0443,13867
SEV3-10-0426,1299
SEV3-10-0471,4
SEV3-10-0472,4
SEV3-10-0436,40
SEV3-13-0050,22
SEV3-12-0034,3
SEV3-12-0036,3
SEV3-10-0198,39
SEV3-13-0194,583
SEV3-13-0195,8
SEV3-03-0021,4
SEV3-12-0037,3
SEV3-10-0200,83
SEV3-13-0059,3
SEV3-15-0028,14
SEV3-15-0033,17
SEV3-15-0034,22
SEV3-15-0035,12
SEV3-15-0036,18
SEV3-10-0201,3
SEV3-10-0205,586
SEV3-10-0206,10
SEV3-10-0496,120
SEV3-10-0497,160
SEV3-02-0446,4
SEV3-11-0027,354
SEV3-10-0214,14
SEV3-10-0215,102
SEV3-10-0222,7
SEV3-02-0455,13
SEV3-02-0456,16
SEV3-02-0457,16
SEV3-02-0458,16
SEV3-02-0459,16
SEV3-02-0460,16
SEV3-02-0461,16
SEV3-02-0462,16
SEV3-10-0223,34
SEV3-02-0464,4
SEV3-02-0465,5
SEV3-02-0467,9
SEV3-12-0068,24
SEV3-13-0199,3
SEV3-14-0018,6
SEV3-02-0474,9
SEV3-13-0068,4
SEV3-13-0070,4
SEV3-16-0029,6
SEV3-13-0203,8
SEV3-15-0084,7
SEV3-15-0087,10
SEV3-15-0089,5
SEV3-15-0090,6
SEV3-15-0094,4
SEV3-10-0461,24
SEV3-02-0481,6
SEV3-10-0227,413
SEV3-10-0228,3
SEV3-10-0230,4
SEV3-15-0037,37
SEV3-10-0232,26
SEV3-10-0233,6
SEV3-10-0234,57
SEV3-02-0493,6
SEV3-10-0244,3
SEV3-09-0105,7
SEV3-10-0248,42
SEV3-10-0249,17
SEV3-11-0031,7363
SEV3-11-0032,3686
SEV3-11-0033,4312
SEV3-10-0253,4
SEV3-10-0254,14
SEV3-10-0257,50
SEV3-13-0075,5
SEV3-10-0258,8
SEV3-13-0204,128
SEV3-10-0260,24
SEV3-10-0267,408
SEV3-10-0268,26
SEV3-10-0269,34
SEV3-10-0483,200
SEV3-10-0272,53
SEV3-10-0276,8800
SEV3-10-0277,5724
SEV3-10-0279,37
SEV3-10-0220-P,3
SEV3-10-0281,21600
SEV3-10-0282,14800
SEV3-10-0285,106
SEV3-10-0286,75
SEV3-15-0049,10
SEV3-15-0050,6
SEV3-10-0289,2880
SEV3-02-0667,8
SEV3-10-0459,8
SEV3-10-0012-BL,537
SEV3-10-0027-GR,9
SEV3-10-0099-BL,13
SEV3-10-0100-WH,58
SEV3-10-0101-CR,29
SEV3-10-0102-CR,15
SEV3-10-0170-WH,86
SEV3-10-0178-WH,3
SEV3-13-0077-GR,3
SEV3-13-0087,39
SEV3-13-0088,18
SEV3-13-0089,48
SEV3-13-0091,5
SEV3-10-0099-GY,42
SEV3-10-0297-BL,80
SEV3-10-0305,10
SEV3-10-0301,20
SEV3-10-0304,24
SEV3-16-0037,3
SEV3-10-0306,5
SEV3-10-0308,3
SEV3-10-0312,640
SEV3-11-0035,464
SEV3-02-0693,8
SEV3-10-0314,8
SEV3-10-0315,3
SEV3-11-0036,844
SEV3-10-0317,413
SEV3-10-0318,80
SEV3-10-0322,252
SEV3-10-0325,95
SEV3-10-0326,6
SEV3-10-0327,136
SEV3-11-0037,40
SEV3-11-0038,60
SEV3-10-0330,23
SEV3-10-0336,3
SEV3-10-0342,7
SEV3-10-0343,5
SEV3-15-0055,41
SEV3-15-0061,4
SEV3-10-0344,10
SEV3-10-0346,5
SEV3-10-0358,10
SEV3-10-0359,80
SEV3-10-0360,29
SEV3-13-0112,152
SEV3-10-0500,368
SEV3-10-0501,15
SEV3-11-0047,40
SEV3-15-0073,3
SEV3-11-0048,320
SEV3-10-0376,64
SEV3-04-0102,10
SEV3-04-0103,7
SEV3-11-0053,79
SEV3-11-0054,79
SEV3-11-0055,78
SEV3-11-0056,79
SEV3-10-0382,8
SEV3-10-0383,8
SEV3-11-0057,80
SEV3-10-0394,10
SEV3-10-0412,15
SEV3-10-0413,480
SEV3-10-0003,4
SEV3-10-0004,10
SEV3-10-0005,6
SEV3-10-0010,670
SEV3-10-0011,7
SEV3-10-0012-BK,238
SEV3-10-0019,8
SEV3-10-0024,22
SEV3-10-0025,28
SEV3-10-0026,4
SEV3-10-0029,6
SEV3-10-0030,4
SEV3-10-0031,3
SEV3-10-0040,68
SEV3-10-0042,106
SEV3-10-0043,75
SEV3-10-0044,6
SEV3-10-0047,12
SEV3-10-0053,6
SEV3-10-0055,35
SEV3-10-0058,24
SEV3-10-0062,7
SEV3-10-0070,37
SEV3-10-0072,17
SEV3-10-0073,82
SEV3-03-0012,26
SEV3-10-0083,92
SEV3-03-0013,22
SEV3-10-0088,10
SEV3-10-0091,662
SEV3-11-0001,10
SEV3-11-0007,2680
SEV3-11-0009,44
SEV3-11-0011,113
SEV3-11-0012,372
SEV3-11-0013,9
SEV3-11-0014,872
SEV3-11-0015,120
SEV3-11-0016,3584
SEV3-11-0018,9
SEV3-11-0019,22
SEV3-12-0001,3
SEV3-12-0004,3
SEV3-12-0005,5
SEV3-12-0006,3
SEV3-13-0004,24
SEV3-13-0006,10
SEV3-13-0009,3
SEV3-13-0012,21
SEV3-13-0013,8
SEV3-13-0016,7
SEV3-13-0020,5
SEV3-14-0003,5
SEV3-15-0016,17
SEV3-15-0017,13
SEV3-15-0018,24
SEV3-15-0019,10
SEV3-10-0099-WH,28
SEV3-10-0100-CR,15
SEV3-10-0102-WH,19
SEV3-14-0007,3
SEV3-10-0104,19
SEV3-10-0106,19
SEV3-10-0108,14
SEV3-10-0111,689
SEV3-11-0021,9274
SEV3-11-0022,1858
SEV3-03-0014,31
SEV3-10-0076,31
SEV3-10-0119,6
SEV3-10-0132,24
SEV3-10-0137,93
SEV3-10-0138,28
SEV3-10-0143,3
SEV3-10-0148,4
SEV3-10-0151,799
SEV3-10-0170-CR,34
SEV3-10-0171,3
SEV3-10-0173,17
SEV3-10-0174,50
SEV3-10-0176,80
SEV3-10-0179,8
SEV3-10-0182,211
SEV3-10-0485,1977
SEV3-10-0187,4000
SEV3-16-0019,2
SEV3-10-0429,2
SEV3-10-0434,2
SEV3-10-0440,2
SEV3-16-0027,2
SEV3-10-0196,2
SEV3-12-0033,2
SEV3-12-0035,2
SEV3-13-0052,2
SEV3-13-0060,2
SEV3-13-0061,2
SEV3-10-0202,2
SEV3-10-0203,2
SEV3-13-0065,2
SEV3-10-0488,2
SEV3-10-0213,2
SEV3-02-0451,2
SEV3-10-0216,2
SEV3-10-0470,2
SEV3-04-0116,2
SEV3-02-0831,2
SEV3-02-0841,2
SEV3-10-0475,2
SEV3-12-0065,2
SEV3-13-0069,2
SEV3-16-0030,2
SEV3-10-0226,2
SEV3-10-0236,2
SEV3-10-0256,2
SEV3-13-0077-BK,2
SEV3-14-0022,2
SEV3-10-0271,2
SEV3-10-0284,2
SEV3-10-0287,2
SEV3-10-0170-BL,2
SEV3-04-0090,2
SEV3-10-0295,2
SEV3-16-0038,2
SEV3-10-0309,2
SEV3-10-0338,2
SEV3-13-0108,2
SEV3-15-0069,2
SEV3-04-0105,2
SEV3-10-0410,2
SEV3-13-0183,2
SEV3-10-0007,2
SEV3-10-0013,2
SEV3-10-0016,2
SEV3-10-0018,2
SEV3-10-0033,2
SEV3-10-0075,2
SEV3-10-0080,2
SEV3-12-0003,2
SEV3-12-0008,2
SEV3-12-0009,2
SEV3-13-0017,2
SEV3-15-0015,2
SEV3-10-0107,2
SEV3-10-0122,2
SEV3-10-0002,2
SEV3-10-0124,2
SEV3-10-0065,2
SEV3-10-0136,2
SEV3-10-0153,2
SEV3-10-0172,2
SEV3-10-0175,2
SEV3-10-0183,2
SEV3-10-0184,2
SEV3-10-0185,2
SEV3-10-0186,2
SEV3-10-0188,2
SEV3-13-0047,1
SEV3-10-0192,1
SEV3-10-0428,1
SEV3-10-0432,1
SEV3-02-0795,1
SEV3-12-0050,1
SEV3-12-0053,1
SEV3-16-0026,1
SEV3-16-0028,1
SEV3-10-0193,1
SEV3-12-0030,1
SEV3-12-0031,1
SEV3-12-0061,1
SEV3-12-0062,1
SEV3-12-0063,1
SEV3-12-0064,1
SEV3-10-0204,1
SEV3-10-0211,1
SEV3-02-0452,1
SEV3-02-0453,1
SEV3-10-0219,1
SEV3-12-0040,1
SEV3-12-0041,1
SEV3-02-0468,1
SEV3-02-0801,1
SEV3-02-0802,1
SEV3-12-0066,1
SEV3-02-0470,1
SEV3-02-0471,1
SEV3-02-0472,1
SEV3-10-0455,1
SEV3-16-0031,1
SEV3-10-0224,1
SEV3-02-0482,1
SEV3-10-0231,1
SEV3-10-0235,1
SEV3-10-0255,1
SEV3-12-0045,1
SEV3-12-0044,1
SEV3-12-0043,1
SEV3-12-0042,1
SEV3-04-0086,1
SEV3-10-0492,1
SEV3-12-0067,1
SEV3-02-0623,1
SEV3-02-0624,1
SEV3-02-0625,1
SEV3-02-0626,1
SEV3-02-0666,1
SEV3-13-0085,1
SEV3-10-0102-RD,1
SEV3-10-0170-RD,1
SEV3-10-0291,1
SEV3-10-0293,1
SEV3-10-0294,1
SEV3-04-0089,1
SEV3-10-0296,1
SEV3-13-0092,1
SEV3-13-0100,1
SEV3-08-0081,1
SEV3-02-0687,1
SEV3-10-0300,1
SEV3-02-0690,1
SEV3-10-0310,1
SEV3-10-0311,1
SEV3-13-0101,1
SEV3-10-0313,1
SEV3-10-0324,1
SEV3-10-0335,1
SEV3-10-0350,1
SEV3-10-0351,1
SEV3-13-0104,1
SEV3-11-0039,1
SEV3-16-0007,1
SEV3-16-0012,1
SEV3-10-0411,1
SEV3-13-0182,1
SEV3-13-0184,1
SEV3-13-0185,1
SEV3-13-0186,1
SEV3-13-0187,1
SEV3-10-0017,1
SEV3-10-0071,1
SEV3-10-0074,1
SEV3-12-0002,1
SEV3-12-0010,1
SEV3-12-0013,1
SEV3-12-0014,1
SEV3-13-0015,1
SEV3-10-0117,1
SEV3-10-0141,1
SEV3-10-0149,1
SEV3-10-0155,1
SEV3-10-0162,1
OCG1-1015G15,1
OCG1-1P00116,1
OCG1-1P00315,1
OCG1-1B01709,1
OCG1-1B01712,1
OCG1-1B03616,1
OCG1-1P00940,1
OCG1-1V13610,1
OCG1-1P02407,1
OCG1-1P02440,1
OCG1-1P02441,1
OCG1-1P02443,1
OCG1-1P02471,1
OCG1-1P02472,1
OCG1-1P03160,1
OCG1-1P03162,1
OCG1-1501C03,1
OCG1-1501J11,1
OCG1-1501L01,1
OCG1-1501X12,1
OCG1-1P00911,1
OCG1-1B01015,1
OCG1-1B01022,1
OCG1-1P02808,1
OCG1-1P02820,1
OCG1-1P02880,1
OCG1-1P00640,1
OCG1-1521C07,1
OCG1-1B19212,1
OCG1-1P02616,1
OCG1-1P00102,1
OCG1-1P00124,1
OCG1-1P00172,1
OCG1-5P00171G0001,1
OCG1-5P00172G0001,1
OCG1-5V20558G0701,1
OCG1-1503F06,1
OCG1-1503W07,1
OCG1-1B21409,1
OCG1-1B21413,1
OCG1-1B21416,1
OCG1-1B01213,1
OCG1-1B01916,1
OCG1-1B17202,1
OCG1-1B07711,1
OCG1-1B13412,1
OCG1-1C13011,1
OCG1-1B13016,1
OCG1-1B22712,1
OCG1-1P01640,1
OCG1-1P01641,1
OCG1-1P01642,1
OCG1-1P01644,1
OCG1-1P01672,1
OCG1-1019C07,1
OCG1-1019G13,1
OCG1-1019R16,1
OCG1-1019W08,1
OCG1-1P00740,1
OCG1-1C18414,1
OCG1-1B21307,1
OCG1-1B21312,1
OCG1-1B21315,1
OCG1-1B21323,1
OCG1-1B07807,1
OCG1-1P02040,1
OCG1-1P02041,1
OCG1-1B06511,1
OCG1-1B06520,1
OCG1-1B18310,1
OCG1-5V18344G0101,1
OCG1-5V18344G0201,1
OCG1-5V18344G0401,1
OCG1-1B00907,1
OCG1-1B00910,1
OCG1-1B00912,1
OCG1-1P00140,1
OCG1-1B11007,1
OCG1-1P00210,1
OCG1-1019F06,1
OCG1-1B02309,1
OCG1-1B02310,1
OCG1-1B02311,1
OCG1-1P03411,1
OCG1-1P03420,1
OCG1-5P03420G0001,1
OCG1-1P02740,1
OCG1-1B00414,1
OCG1-4P03010,1
OCG1-1026G14,1
OCG1-1B21611,1
OCG1-1B21614,1
OCG1-5P01825G0001,1
OCG1-1B00109,1
OCG1-1P00271,1
OCG1-1P00340,1
OCG1-1P00623,1
OCG1-1P00624,1
OCG1-1B00808,1
OCG1-1B00812,1
OCG1-1B13311,1
OCG1-1B13312,1
OCG1-1B12009,1
OCG1-1B12012,1
OCG1-1B00313,1
OCG1-1B00322,1
OCG1-1B19813,1
OCG1-1B02109,1
OCG1-1B02110,1
OCG1-1B02113,1
OCG1-1B22312,1
OCG1-1B04411,1
OCG1-1P03720,1
OCG1-1P03721,1
OCG1-1P03661,1
OCG1-1C24216,1
OCG1-1C24014,1
OCG1-1C24016,1
OCG1-1P03861,1
OCG1-1P03862,1
OCG1-1P03863,1
OCG1-1530G14,1
OCG1-5B24349G0001,1
OCG1-5B24349G0002,1
OCG1-5B24349G0003,1
OCG1-5B24349G0004,1
OCG1-1P00341,1
OCG1-4GB001A011C01,1
OCG1-4GB001A011C02,1
OCG1-4GB001A011C03,1
OCG1-4GH001A015C01,1
OCG1-4GH001A015C02,1
OCG1-4GH001A015C03,1
OCG1-4GH001A015C04,1
OCG1-1P04261,1
OCG1-1P04262,1
OCG1-1P04263,1
OCG1-1B00914,1
NEW1-NT325-MF,1
NEW1-NT125MU(S),1
REF1-00003,1
REF1-SMF-230SAD,1
REF1-00008,1
REF1-00011,1
REF1-00029,1
FUJ2-XN010,1
MID2-59668(TH),1
TS2-012534-45L,1
WIN2-30000170,1
REF2-AE2410AK,1
REF2-AE2410Y,1
REF2-AE7426EK,1
REF2-00044,1
WIN2-2017301,1
RIN2-0002,1
RTN2-20.02.550P,1
WIN2-60003174,1
RTN2-60.60.100,1
RIN2-0003,1
RIN2-0005,1
LKK2-60203,1
HOS2-A1,1
HOS2-A8,1
LKK2-OL,1
NTS1-SLP-THIN,1
LCR1-3LS04CP0902G0008,1
CHE1-102-25170101,1
STS1-TBS0002,1
STS1-PLWM00001,1
STS1-STF1200B,1
STS1-CTB900B,1
STS1-EXW1300,1
STS1-CSW-C,1
STS1-CSD-C,1
STS1-PLWMCB1000A,1
LCR1-1LS01AQ13E,1
LCR1-1LS01BD26E,1
LCR1-1LS01BG26E,1
LCR1-1LS01CB17E,1
LCR1-1LS01CD13E,1
LCR1-1LS01RL09E,1
LCR1-1LS02BD22E,1
LCR1-1LS02BG26E,1
LCR1-1LS02CD13E,1
LCR1-1LS02CP06E,1
LCR1-1LS02RL09E,1
LCR1-4LT14SH02E,1
LCR1-4LT14HB10E,1
LCR1-4LT14LD15E,1
LCR1-1LS10RR25E,1
LCR1-1LS10RW17E,1
LCR1-1LS10SL08E,1
LCR1-1LS10US15E,1
LCR1-1LS04BD27E,1
LCR1-1LS04BG32E,1
LCR1-1LS04CB19E,1
LCR1-1LS04CD15E,1
LCR1-1LS04CP09E,1
LCR1-4LT04HB10E,1
LCR1-4LT04RK10E,1
LCR1-1LS16BJ18E,1
LCR1-1LT16RK10E,1
LCR1-1LT16HB10,1
LCR1-4LS12CU12E,1
LCR1-4LS12DC12E,1
LCR1-4LS12LT09E,1
LCR1-4LS12SC07E,1
LCR1-4LS12TL20E,1
LCR1-4LT12LB14E,1
LCR1-4LT12QC21E,1
LCR1-1LT17RK10E,1
LCR1-1LS03BD35E,1
LCR1-1LS03BR14E,1
LCR1-1LS03CN23E,1
LCR1-1LS03MN08E,1
LCR1-1LT03DR14E,1
LCR1-1LT03HB10E,1
LCR1-1LT03LD15E,1
LCR1-1LS03LQ03E,1
STS1-EQSNB0002,1
STS1-GT0001,1
STS1-TB2300B,1
REF1-00001,1
CHE1-00001,1
STS1-SN0003,1
STS1-TB1300A,1
STS1-SN0005,1
STS1-2TBNFB1300A,1
STS1-CSSWB900A,1
STS1-CSSW1000A,1
STS1-CSSW1600A,1
STS1-EQSNB1000A,1
STS1-DOVS1700,1
STS1-TBS2500A,1
STS1-4PL600,1
STS1-CSSWB700B,1
STS1-2WS1600,1
STS1-2WS1700,1
STS1-PLWMC2000A,1
UNM1-CJM01,1
UNM1-PT1,1
UNM1-BERET,1
UNM1-03-APVR,1
UNM1-05-TLS,1
RTN1-60.71.157,1
STS1-2STB-001,1
STS1-STB-001,1
STS1-STB-002,1
STS1-STB-003,1
STS1-TYSD700,1
STS1-OVS3900,1
RTN1-56.00.211,1
STS1-18X18,1
STS1-SODSTBSGHB1200A,1
STS1-2TBNB-C,1
STS1-TB-W40D40H50,1
STS1-TB-W60D50H40,1
STS1-TB-W75D70H88,1
STS1-TBSB-W150D70H85,1
STS1-TBS-W75D35H85,1
STS1-TBB-W87D36H81,1
STS1-BASKET-C,1
STS1-GSTR300250,1
NEW1-NTSINGLE,2
FUJ2-HANDLE-SWITCH,5
NTS1-20X30,3
STS1-CUSTOM,26
LKK2-62112RS,2
REF1-CUSTOM,13
LCR1-4LT14WT09E,250
LCR1-4LT14RK08E,2
LCR1-4LT14RK11E,2
LCR1-1LT16LD14,2
LCR1-4LT12HB12E,2
LCR1-1LT17HB10E,2
LCR1-1LS03BG23E,481
LCR1-1LS03BJ18E,481
LCR1-1LS03CP09E,481
LCR1-1LT03RK10E,2
LCR1-4LT04SW22E,2
LCR1-1LS21BG28,481
OCG1-1503R09,39
OCG1-41E0006,2
OCG1-1500G11,39
OCG1-1501F07,231
OCG1-1501M07,115
OCG1-1501C05,231
OCG1-1015F07,116
OCG1-1B01408,231
OCG1-1B11011,231
OCG1-1527C07,2
OCG1-1P00671,2
OCG1-1521F06,2
OCG1-1J14209,2
OCG1-5P00123G0001,2
OCG1-5P00124G0001,2
OCG1-1B13009,58
OCG1-41E0003,2
OCG1-41E0015,2
OCG1-5B02511G0000,2
OCG1-5P03422G0001,2
OCG1-1B00412,154
OCG1-1026W12,2
OCG1-1523F07,3
OCG1-1523R09,2
OCG1-1523W07,2
OCG1-1B16112,231
OCG1-1B16115,39
OCG1-1S14413,58
OCG1-1B00309,58
OCG1-1B00310,58
OCG1-1B04410,2
OCG1-4GZ001E012,2
OCG1-4GZ001E009,2
OCG1-1P03665,2
OCG1-1C24010,38
OCG1-4GB002H312,2
OCG1-4GP005C014,2
CHE1-ZERO-SPOT-A6,4
REF2-AE2413Y,2
STS1-TBS2300A,11
STS1-STFB1100A,2
STS1-TBS2300B,3
STS1-GRATING-C,6
STS1-STAND-C,2
UNM1-TOQUE,2
UNM1-05-TM,4
UNM1-03-HAK,2
UNM1-03-HA,4
UNM1-03-HAB,3
PRC2-FEJ-5000A-001,2
LCR1-1LP26HB12E,4
LCR1-1LP27DR12E,4
LCR1-1LP27HB12E,4
LCR1-1LP25DR12E,4
LCR1-1LP25HB12E,4
LCR1-1LP22DR12E,4
LCR1-1LP22HB12E,4
LCR1-1LP23DR12E,4
LCR1-1LP23HB12L,4
LCR1-1LP24DR12E,4
LCR1-1LP24HB12E,4
LKK2-CAPACITOR-25-MF,2
KLT1-CLEAR-RED-6085,17
LKK2-60-UF,2
KLT1-SILVER-DOVE-4570,17
RTN1-60.73.314,2
RTN2-20.00.399P,2
RTN2-24.02.761,2
STS1-STB600A,2
STS1-EXWFRA2200,2
STS1-TB-W230D75H50,6
STS1-TB-W160D50H85,2
STS1-TB-W230D70H50,2
STS1-TB-W230D76H85,2
STS1-32.5X530,12
WIN2-410200140,3
LKK2-Z-15GW2-B,3
LKK2-300MFS-220-250VAC,2
OCG1-1501R08,231
REG2-130-62,2
RAN2-35002508,1
WIN2-60003520,2
BER2-STARTOR,4
RAN2-34030030,3
ROB2-SP,59
ROL2-37117,2
IWT1-ZB-19M,4
PRC1-BST-TF-001-R,1
PIT2-PG150,2
MID2-70852-NEW,6
RJ2-GPH436T5L,6
ASL1-IND-3500,1
SIR2-6202RS,1
ASL1-CB12060E-WH,2
ASL2-HN-C-20F,2
ASL2-HN-C-35F,1
ASL2-HN-C-35W,6
ASL2-HN-DP-1,12
ASL2-HN-MB20,1
ASL2-HN-RB25A,1
ASL2-HN-RT,1
CAS2-965340000,5
ASL2-HN-DP-35-OLD,5
ASL2-HN-DP-50-OLD,2
ASL2-HN-C-50,2
ASL2-HN-MB35-15,10
ROB2-EC0253,3
RON2-W540L2000,2
MID2-50450(TH),2
PRC1-TK-KDS10,102
PRC1-TK-KDS13,56
PRC1-TK-KDS16,37
PRC1-TK-KDS21,27
PRC1-TK-KDS23,27
RTN2-87.01.011,1
PRC1-KK-LHD08P,54
PRC1-KK-LHD10P,20
PRC1-KK-LHD11P,27
PRC1-KK-LHD12P,14
PRC1-KK-LHD14P,27
PRC1-KK-LHD16P,27
PRC1-KK-LHD18P,27
PRC1-KK-KTSO24,83
PRC1-KK-KTSO26,90
PRC1-BK-PS16,84
PRC1-KK-COLE50,26
PRC1-KK-FPS3,42
PRC1-KK-FPS6,44
PRC1-KK-FPS8,40
ASL2-HN-DP-1-SET,2
ASL2-HN-GLAR-2000,1
ASL2-HN-MB35-NV,2
ASL2-HN-MCP+FRAME,2
LKK2-GFO-6C-32,2
RTN2-87.01.272,1
DAN2-ML80TB,1
PRC1-KK-RR3728,10
PRC1-KK-RR4332,14
PRC1-BK-PM100,12
ASL2-HN-FRAME-5000,1
ASL2-HN-GLA+FRAME5000,1
KTC1-193-001,1
KTC1-193-002,1
KTC1-193-003,1
KTC1-174-006,1
KTC1-193-005,1
RJ2-SPFCS-0082,2
PRC1-KB-T-I-D-9-1.2,1
TBA2-30283L0100,12
SIR2-LF102502030,1
PRC1-BB-AL-I-F-15-A,1
LKK2-BA810,2
RJ2-SPFCS-0121,2
VRM2-00001,5
HOU2-30700039,1
TBA2-150CW,4
LKK2-HS30D-19-1,1
ROE2-59008,8
DAN2-MS30FB,1
ASL2-HN-MB35W-NV-202007,1
ASL2-HN-MCP-50W,2
PMF2-5M500031,7
PRC1-KK-KTPMC1,35
PRC1-KK-SKPB10,250
PRC1-KK-SKPB12,246
PRC1-BSK-BRS209E,1
PRC1-BSK-BRW5F,1
PRC1-TK-MCHH1,42
SIR2-19410135.08,2
PRC1-KK-MPDH35H,49
PRC1-TK-MCH001,741
PRC1-TK-MCH001PVDG,742
PRC1-TK-MCH001PBLK,740
PRC1-BSK-SCU3,1
PRC1-BSK-IBD38T,14
PRC1-KK-SLHSTR8,242
RON2-W500L2050,1
LKK2-TC356212,2
HOU2-069029,10
LTE2-00001,17
BER2-00006,1
HAM2-990000990,6
PRC1-TK-BP2W,6
PRC1-TK-BP2,6
PRC1-BK-PTWP06,218
PRC1-BK-PTWP17,32
PRC1-BK-PTWP18,32
PRC1-BK-PTWP20,12
PRC1-BK-PPT05,30
PRC1-BK-PPT14,11
PRC1-BSK-PPSR,3748
PRC1-BSK-PPW,1461
PRC1-TK-TOP1,138
PRC1-TK-TOP2,138
PRC1-BSK-CSR28,29
PRC1-BSK-WB17K,12
PRC1-TK-CR10,24
PRC1-TK-CR16,24
PRC1-KK-RR3325,35
PRC1-TK-BSKR8,45
PRC1-TK-BSK196,93
LKK2-30203,4
RTN2-40.00.274P,1
RAN2-10700228,2
PRC1-TK-BD3,44
PRC1-BK-PM060,96
PRC1-BK-PM080,6
PRC1-TK-SNT2650,1
SEV2-00356,2
SEV2-00342,2
SEV3-06-0136,6
SEV1-00343,18
SEV3-09-0104,4
SEV2-00396,2
SEV2-00409,2
SEV2-00410,4
SEV2-00414,4
SEV2-00415,2
SEV2-00446,4
SEV2-00450,9
SEV2-00454,8
SEV2-00455,16
SEV2-00456,3
SEV2-00458,8
SEV2-00459,2
SEV2-00467,2
SEV2-00473,2
SEV2-00507,2
SEV2-00510,8
SEV2-00511,2
SEV2-00538,3
SEV3-04-0096,3
SEV2-00685,8
SEV3-10-0039,50
SEV3-13-0008,36
SEV3-13-0010,13
SEV3-13-0011,12
SEV3-13-0018,32
SEV3-02-0244,6
SEV3-13-0022,34
SEV3-06-0158,35
SEV3-02-0794,72
SEV3-02-0797,22
SEV3-08-0055,14
SEV3-09-0132,10
SEV3-02-0016,134
SEV3-02-0021,4
SEV3-02-0022,4
SEV3-02-0025,8
SEV3-02-0063,2
SEV3-02-0068,40
SEV3-02-0097,10
SEV3-02-0137,8
SEV3-02-0118,30
SEV3-02-0165,2
SEV3-02-0166,2
SEV3-03-0001,22
SEV3-03-0005,2
SEV3-03-0008,3
SEV3-04-0004,54
SEV3-04-0005,53
SEV3-06-0001,37
SEV3-06-0008,17
SEV3-06-0015,22
SEV3-06-0016,18
SEV3-06-0037,29
SEV3-06-0041,17
SEV3-06-0045,12
SEV3-06-0046,26
SEV3-06-0072,40
SEV3-07-0003,59
SEV3-07-0004,10
SEV3-08-0013,59
SEV3-08-0015,16
SEV3-08-0019,10
SEV3-08-0021,18
SEV3-08-0022,2
SEV3-08-0023,50
SEV3-09-0002,118
SEV3-09-0004,2
SEV3-09-0005,10
SEV3-09-0014,3
SEV3-09-0017,4
SEV3-09-0018,2
SEV3-09-0020,4
SEV3-09-0052,5
SEV3-06-0135,7
SEV3-02-0487,2
SEV3-05-0024,23
SEV3-02-0707,46
SEV3-02-0708,12
SEV3-02-0709,14
SEV3-02-0752,7
SEV3-02-0248,18
SEV3-02-0249,155
SEV3-02-0250,35
SEV3-02-0254,43
SEV3-02-0195,8
SEV3-09-0064,8
SEV3-02-0284,96
SEV3-09-0078,13
SEV3-02-0069,574
SEV3-13-0029,39
SEV3-09-0081,6
SEV3-02-0310,2
SEV3-02-0384,4
SEV3-09-0085,26
SEV3-05-0013,30
SEV3-09-00088,14
SEV3-02-0786,1
SEV3-02-0861,1
SEV3-02-0023,1
SEV3-02-0035,1
SEV3-02-0131,1
SEV3-02-0073,1
SEV3-02-0178,1
SEV3-08-0042,1
SEV2-00359,1
SEV2-00343,1
SEV2-00345,1
SEV2-00346,1
SEV2-00351,1
SEV2-00352,1
SEV2-00362,1
SEV2-00363,1
SEV2-00364,1
SEV2-00365,1
SEV2-00366,1
SEV2-00367,1
SEV2-00368,1
SEV2-00369,1
SEV2-00370,1
SEV2-00371,1
SEV2-00373,1
SEV2-00374,1
SEV2-00375,1
SEV2-00376,1
SEV2-00377,1
SEV2-00378,1
SEV2-00379,1
SEV2-00380,1
SEV2-00381,1
SEV2-00382,1
SEV2-00383,1
SEV2-00384,1
SEV2-00386,1
SEV2-00361,1
SEV2-00390,1
SEV2-00391,1
SEV2-00392,1
SEV2-00393,1
SEV2-00394,1
SEV2-00395,1
SEV2-00397,1
SEV2-00398,1
SEV2-00399,1
SEV2-00400,1
SEV2-00401,1
SEV2-00411,1
SEV2-00413,1
SEV2-00417,1
SEV2-00420,1
SEV2-00421,1
SEV2-00422,1
SEV2-00423,1
SEV2-00425,1
SEV2-00426,1
SEV2-00427,1
SEV2-00428,1
SEV2-00429,1
SEV2-00430,1
SEV2-00431,1
SEV2-00432,1
SEV2-00433,1
SEV2-00434,1
SEV2-00435,1
SEV2-00436,1
SEV2-00437,1
SEV2-00439,1
SEV2-00440,1
SEV2-00441,1
SEV2-00442,1
SEV2-00444,1
SEV2-00449,1
SEV2-00451,1
SEV2-00452,1
SEV2-00453,1
SEV2-00457,1
SEV2-00460,1
SEV2-00461,1
SEV2-00462,1
SEV2-00463,1
SEV2-00464,1
SEV2-00465,1
SEV2-00466,1
SEV2-00468,1
SEV2-00469,1
SEV2-00470,1
SEV2-00471,1
SEV2-00472,1
SEV2-00474,1
SEV2-00475,1
SEV2-00476,1
SEV2-00488,1
SEV2-00489,1
SEV2-00490,1
SEV2-00498,1
SEV2-00499,1
SEV2-00500,1
SEV2-00501,1
SEV2-00502,1
SEV2-00503,1
SEV2-00504,1
SEV2-00505,1
SEV2-00506,1
SEV3-13-0048,9
SEV3-02-0785,7
SEV3-02-0787,1
SEV3-06-0161,1
SEV3-02-0792,60
SEV3-13-0051,17
SEV3-02-0436,1
SEV3-02-0438,1
SEV2-FR-D720S-0.4K,1
SEV2-00355,1
SEV3-02-0049,5
SEV3-02-0157,9
SEV3-04-0019,16
SEV3-06-0099,2
SEV3-11-0030,10
SEV3-02-0811,10
SEV3-02-0814,13
SEV2-00332,5
SEV1-00538,2
SEV2-00424,1
SEV3-02-0844,1
SEV1-B052,24
SEV3-02-0860,16
SEV2-00496,1
SEV3-02-0863,2
SEV2-00544,2
SEV2-00694,4
SEV2-00696,5
SEV3-09-0117,29
SEV3-09-0118,29
SEV3-02-0717,18
SEV3-02-0218,2
SEV3-02-0231,1
SEV3-02-0267,2
SEV3-08-0039,22
SEV3-04-0043,2
SEV3-13-0045,6
SEV3-02-0396,1
SEV3-10-0430,1
SEV3-10-0194,42
SEV3-12-0032,5
SEV3-10-0218,1
SEV3-11-0029,7
SEV3-10-0467,1
SEV3-15-0098,25
SEV3-15-0099,13
SEV3-15-0100,13
SEV3-15-0101,3
SEV3-15-0102,8
SEV3-15-0103,2
SEV3-15-0104,5
SEV3-15-0105,7
SEV3-15-0106,2
SEV3-15-0107,5
SEV3-15-0108,2
SEV3-16-0035,1
SEV3-10-0453,8
SEV3-02-0824,2
SEV3-10-0273,4
SEV3-13-0083,15
SEV3-15-0051,6
SEV3-15-0052,18
SEV3-15-0053,22
SEV3-15-0054,10
SEV3-14-0030,43
SEV3-10-0303,3
SEV3-15-0110,4
SEV3-15-0111,3
SEV3-15-0112,3
SEV3-15-0113,4
SEV3-15-0115,10
SEV3-15-0116,8
SEV3-15-0117,8
SEV3-15-0118,10
SEV3-15-0120,11
SEV3-15-0121,10
SEV3-15-0122,10
SEV3-15-0123,11
SEV3-15-0125,3
SEV3-15-0126,2
SEV3-15-0127,2
SEV3-15-0128,3
SEV3-15-0130,2
SEV3-15-0131,2
SEV3-15-0132,2
SEV3-15-0133,2
SEV3-10-0331,45999
SEV3-10-0339,2
SEV3-12-0047,6
SEV3-10-0361,26
SEV3-14-0026,2
SEV3-13-0107,5
SEV3-10-0378,8
SEV3-15-0075,111
SEV3-15-0080,111
SEV3-15-0081,7
SEV3-15-0082,5
SEV3-10-0001,58
SEV3-10-0014,2
SEV3-10-0015,5
SEV3-10-0020,22
SEV3-10-0021,23
SEV3-10-0022,24
SEV3-10-0027-OR,6
SEV3-10-0038,113
SEV3-10-0041,10
SEV3-10-0048,8
SEV3-10-0049,1
SEV3-10-0050,8
SEV3-10-0051,34
SEV3-10-0052,24
SEV3-10-0054,11
SEV3-10-0056,11
SEV3-10-0057,15
SEV3-03-0011,1
SEV3-10-0087,263
SEV3-11-0003,13
SEV3-12-0007,10
SEV3-12-0011,2
SEV3-13-0005,5
SEV3-13-0014,26
SEV3-10-0105,22
SEV3-11-0020,24
SEV3-10-0120,7
SEV3-10-0123,18
SEV3-10-0168,2
SEV3-13-0039,6
PIM1-EWB-35,2
PIM1-COMBIPRO523,2
PIM1-CB5L,2
PIM1-IC220-200W,2
PIM1-SG750W-120AS,2
PIM1-OILF-55,2
PIM1-MSS-10H,3
PIM1-SM-50L,2
PIM1-IM-220AC,3
PIM1-MSS-12H,2
PIM1-PFB14-BK-WO,2
PIM1-GDO2-40AS,2
PIM1-GDO3-60AS,2
PIM1-WH-1,8
PIM1-DISC-DH,2
PIM1-DISC-CH,2
PIM1-DISC004-VCM,2
PIM1-EB-800,2
PIM1-DISC010,2
PIM1-DISC014,2
PIM1-DISC140,2
PIM1-DISC888,2
PIM1-FFDISC100,2
PIM1-FFDISC808,2
PIM1-FRS100,2
PIM1-FRS808,2
PIM1-BD-2200W,1
PIM1-BD-2200W-TP,1
PIM1-ELE-KN3,1
PIM1-SM80,1
PIM1-907010082,1
PIM1-907010003,1
PIM1-COMBIPRO2011,1
PIM1-VCMH735W+CB5L,1
PIM1-JD112MIX,1
PIM1-SM315L,1
PIM1-SM110L,1
PIM1-VCM-H735WCN,1
PIM1-CJ250W-50MS,1
PIM1-CJ250W-50MH,1
PIM1-SVC800W-16L,1
PIM1-HPMP150-500PC,1
PIM1-RGT-48-G,1
PIM1-7041-04BE,1
PIM1-MG12,1
PIM1-SPOV-4L,1
PIM1-DM-16L,1
PIM1-DM-30L,1
PIM1-ESK-S10L,1
PIM1-MSS-16V,1
PIM1-CO-E3217-GS,1
PIM1-DR520-TT-SA,1
PIM1-GDO1-20AS,1
PIM1-WL-1B14R,1
PIM1-GDO1-20A,1
PIM1-TB-RL-D300,1
PIM1-RB-1,1
PIM1-IBSH-270WV+IBHS160-225,1
PIM1-IBHS-450WV,1
PIM1-IBHS-850WV,1
PIM1-BLD-310,1
PIM1-BLD-410,1
PIM1-BLD-510,1
PIM1-BLD-560,1
PIM1-WHISK250,1
PIM1-CS250W-MC,1
PIM1-GH-280CR,1
PIM1-VCM-60CH,1
PIM1-VCM-70MF,1
PIM1-BOWL-8HS,1
PIM1-PP10F-22L,1
PIM1-MUS-110LK,1
PIM1-MUS-110SC,1
PIM1-FC-370MT,1
PIM1-KES-100C,1
PIM1-KES-80S,1
PIM1-BC-4L,1
PIM1-BC-8L,1
PIM1-VCM-10MF,1
PIM1-BCF-3L,1
PIM1-DISCK-08,1
PIM1-DISCK-10,1
PIM1-DISC-Q888-VCM,1
PIM1-DISC-Q1000-VCM,1
PIM1-DISC-Q808-VCM,1
PIM1-DISC100-VCM,1
PIM1-DISC001-VCM,1
PIM1-DISC002-VCM,1
PIM1-DISC005-VCM,1
PIM1-DISC009-VCM,1
PIM1-DISC404-VCM,1
PIM1-DISC606-VCM,1
PIM1-DISC-C808-VCM,1
PIM1-DISC-D008-VCM,1
PIM1-DISC-C888-VCM,1
PIM1-DISC-D010-VCM,1
PIM1-DISC-C1000-VCM,1
PIM1-DISC-A008-VCM,1
PIM1-DISC-A010-VCM,1
PIM1-DISC-G010-VCM,1
PIM1-DISC303-VCM,1
PIM1-DISC-R1000-VCM,1
PIM1-IBHS-500WL,1
PIM1-IBHS-750WV,1
PIM1-DISC-Q008-VCM,1
PIM1-DISC-Q010-VCM,1
PIM1-SLIC002,1
PIM1-VCM-65MS,1
PIM1-BRK-200550,1
PIM1-DISC002,1
PIM1-DISC004,1
PIM1-DISC200,1
PIM1-DISC888SE,1
PIM1-DISC-H,1
PIM1-FCM8V1,1
PIM1-IB350S300,1
PIM1-KBS-100E,1
PIM1-KBS-100T,1
PIM1-JZH-RS,1
PIM2-TC22-15,6
PIM2-TC22-8-6,6
PIM2-30403033,3
PIM2-301030009,6
PIM2-905090004,5
PIM2-905180012,3
PIM2-912080237,3
PIM2-915010041,4
PIM2-70202021846L,4
PIM2-302090027,3
PIM2-301040128,4
PIM2-909070023,9
PIM2-910010065,9
PIM2-302070056,6
PIM2-302070057,6
PIM2-TC22-11,5
PIM2-TC22-13,4
PIM2-302090022,3
PIM2-EWB16B25B-38,8
PIM2-EWB16B25B-40,8
PIM2-ECM13-05,4
PIM2-ECM13-09,4
PIM2-ECM13-11,8
PIM2-ECM13-12.1,9
PIM2-ECM13-13.1,9
PIM2-ECM13-TAPHANDLE,5
PIM2-ECM13-TAPBODY,4
PIM2-ECM13-18.2,5
PIM2-ECM13-18.3,8
PIM2-ECM13-20,4
PIM2-ECM13-28,9
PIM2-ECM13-5.1,8
PIM2-ECM13-1.4,4
PIM2-ECM13-1.5,4
PIM2-ECM13-1.1,4
PIM2-ECM13-1.2,4
PIM2-ECM13-33,4
PIM2-ECM13-31,4
PIM2-ECM13-30,4
PIM2-EWB16B25B-30,10
PIM2-EWB16B25B-31,9
PIM2-EWB16B-32,8
PIM2-EWB25B-32,8
PIM2-EWB16B25B-36,8
PIM2-PP-8HC,3
PIM2-RF-15B,3
PIM2-B-59D,3
PIM2-FT-76D,3
PIM2-70201101582,6
PIM2-70200900273,3
PIM2-EWB16B25B-01,8
PIM2-EWB16B25B-02,8
PIM2-EWB16B25B-03,8
PIM2-EWB16B-05,8
PIM2-EWB25B-05,8
PIM2-EWB16B25B-06,8
PIM2-EWB16B25B-09,17
PIM2-EWB16B25B-12,16
PIM2-EWB16B25B-14,8
PIM2-EWB16B25B-15,8
PIM2-EWB16B-17,8
PIM2-EWB25B-17,8
PIM2-EWB16B-18,8
PIM2-EWB25B-18,8
PIM2-EWB16B25B-TAPHANDLE,9
PIM2-EWB16B25B-TAPBODY,7
PIM2-EWB16B25B-29,10
PIM2-EWB16B25B-04,8
PIM2-EWB16B25B-16&19,10
PIM2-EWB16B25B-11,17
PIM2-11023101703,5
PIM2-11021501801,7
PIM2-11023301546,7
PIM2-11021501852,6
PIM2-11014211020,5
PIM2-302220059,4
PIM2-302220010,5
PIM2-11021501308-320,3
PIM2-11014202023,3
PIM2-11014200110,3
PIM2-BD-1500-01,4
PIM2-BD-1500-09,18
PIM2-BD-1500-08,8
PIM2-BD-1500-11,9
PIM2-CF4-58MO,5
PIM2-CF4-58-TC,4
PIM2-BD-1500-03U,26
PIM2-GDO-018,3
PIM2-GDO-019,4
PIM2-GDO-020,3
PIM2-30402017,7
PIM2-30405003,5
PIM2-30407071,8
PIM2-30407080,5
PIM2-30407143,8
PIM2-AUPO-BF216-1,5
PIM2-CF6-82MO,3
PIM2-CF6-82-STL,3
PIM2-CF7-103-BOS,7
PIM2-CF7-103-TC,3
PIM2-CF7-MOF,10
PIM2-CF-KNOB-4,4
PIM2-CF-MOF,9
PIM2-CF-MOS,6
PIM2-EWB20-30-17,7
PIM2-KSD301-C160,12
PIM2-MS300SG-73,3
PIM2-TC22-10,3
PIM2-TC22-44,3
PIM2-TC22-6,3
PIM2-TC22-8-8,3
PIM2-BD-1500-14,3
PIM2-BD-1500-13,4
PIM2-70101100528+70101103900,16
PIM2-DR520-660,8
PIM2-CF7-103-STL,3
PIM2-PFB14-HD500W,3
PIM2-20201002020,3
PIM2-BD-1500-19,3
PIM2-CF4-58MO-NEW,5
PIM2-CF4-58-STL,5
PIM2-CF6-82-LEG,3
PIM2-CF6-SSA-NEW,3
PIM2-CF7-103-WSR,14
PIM2-CF-FG7-103,4
PIM2-TC12-DP4.5,9
PIM2-TC22-DP4.5,8
PIM2-909110017,3
PIM2-915040018,12
PIM2-909110016,3
PIM2-CF7-103-10MO,4
PIM2-30421038,7
PIM2-BD-1500-19NEW,3
PIM2-301030022,5
PIM2-301020037,3
PIM2-70100501400,6
PIM2-70100700782,3
PIM2-70201600955,10
PIM2-70201601891L,4
PIM2-802007006013,4
PIM2-70200800946,9
PIM2-70201600964,7
PIM2-70200900837,10
PIM2-70200201664,10
PIM2-TC22-16,6
PIM2-30408055,3
PIM2-GDO-022,7
PIM2-TC22-DP4,5
PIM2-TC12-DP3.5,4
PIM2-TC12-DP4,5
PIM2-70201301400,7
PIM2-70101103628L,4
PIM2-302090001,6
PIM2-70100800155,3
PIM2-EDO-017,5
PIM2-302110001,6
PIM2-302201337,4
PIM2-MS-041,3
PIM2-PFB14-SSP,4
PIM2-CF4-5-6-FLA,3
PIM2-CF4-SSA-10,4
PIM2-MS-061,1
PIM2-DR520-050,1
PIM2-DR520-070,1
PIM2-DR520-370,1
PIM2-TC-22-8-4.5,1
PIM2-DDR-30-008,1
PIM2-DDR-30-010,1
PIM2-DDR-30-016,1
PIM2-DDR-30-017,1
PIM2-DDR-30-018,1
PIM2-DDR-30-020,1
PIM2-DDR-30-023,1
PIM2-DDR-30-027,1
PIM2-DDR-30-033,1
PIM2-DDR-30-045,1
PIM2-DDR-30-048,1
PIM2-DDR-30-049,1
PIM2-DDR-30-057,1
PIM2-DDR-30-058,1
PIM2-DDR-30-062,1
PIM2-DDR-30-069,1
PIM2-DDR-30-076,1
PIM2-DDR-30-081,1
PIM2-DDR-30-085,1
PIM2-DDR-30-090,1
PIM2-DDR-30-093,1
PIM2-DDR-30-094,1
PIM2-DDR-30-096,1
PIM2-DDR-30-102,1
PIM2-DDR-30-110,1
PIM2-DDR-30-014,1
PIM2-DDR-30-015,1
PIM2-DDR-30-032,1
PIM2-DDR-30-034,1
PIM2-DDR-30-038,1
PIM2-DDR-30-041,1
PIM2-DDR-30-051,1
PIM2-DDR-30-052,1
PIM2-DDR-30-066,1
PIM2-DDR-30-104,1
PIM2-COMBI-MP-611,1
PIM2-910010031,1
PIM2-910010033,1
PIM2-909120005,1
PIM2-20102010095,1
PIM2-906010029A,1
PIM2-905130021,1
PIM2-910010052,1
PIM2-905130025,1
PIM2-905160009,1
PIM2-905160048,1
PIM2-905990003,1
PIM2-909010063,1
PIM2-904010018,1
PIM2-910010087,1
PIM2-905990030,1
PIM2-905060037,1
PIM2-910010056,1
PIM2-905040012,1
PIM2-905040004,1
PIM2-905040015,1
PIM2-905030017,1
PIM2-905030010,1
PIM2-905080014,1
PIM2-905990083,1
PIM2-910020009A,1
PIM2-908070025,1
PIM2-905990052,1
PIM2-905180013,1
PIM2-905120070,1
PIM2-905100010,1
PIM2-905060052,1
PIM2-905060008,1
PIM2-912080370,1
PIM2-905090005,1
PIM2-905020017,1
PIM2-916040002,1
PIM2-905060034,1
PIM2-910010073,1
PIM2-905060014A,1
PIM2-910020001,1
PIM2-905060048,1
PIM2-301070050,1
PIM2-302160014,1
PIM2-ESK-10-BS,1
PIM2-20207017018,1
PIM2-DAC-MD,1
PIM2-301090061,1
PIM2-20210002201,1
PIM2-BD-1500-03,1
PIM2-B-59A,1
PIM2-B-69B,1
PIM2-B-69C,1
PIM2-RR-9HA,1
PIM2-70100700500,1
PIM2-70100701782,1
PIM2-801003010002,1
PIM2-11021501308,1
PIM2-1.06.0149,1
PIM2-1.06.0183,1
PIM2-1.04.0621,1
PIM2-1.04.0586,1
PIM2-11021501308-450,1
PIM2-IM-50SC-010,1
PIM2-IM-50SC-014,1
PIM2-IM-50SC-023,1
PIM2-IM-50SC-024,1
PIM2-IM-50SC-030,1
PIM2-11012041312-320,1
PIM2-11012041312-450,1
PIM2-EDO-005,1
PIM2-BD-1500-06,1
PIM2-MG12-04,1
PIM2-MG12-06,1
PIM2-MG12-07,1
PIM2-MG12-08,1
PIM2-MG22-01,1
PIM2-MG22-02,1
PIM2-MG22-03,1
PIM2-MG22-04,1
PIM2-MG22-05,1
PIM2-MG22-06,1
PIM2-MG22-07,1
PIM2-MG22-08,1
PIM2-MG32-02,1
PIM2-MG32-03,1
PIM2-MG32-04,1
PIM2-MG32-05,1
PIM2-MG32-06,1
PIM2-MG42-01,1
PIM2-MG42-02,1
PIM2-MG42-03,1
PIM2-MG42-04,1
PIM2-MG42-05,1
PIM2-MG42-06,1
PIM2-MG42-07,1
PIM2-MG42-08,1
PIM2-MG42-09,1
PIM2-MG42-10,1
PIM2-MG42-11,1
PIM2-MG42-12,1
PIM2-PFB14-TC,1
PIM2-ECM16-29,1
PIM2-EWB20-30-31,1
PIM2-EWB20-30-27,1
PIM2-ECM16-30-33,1
PIM2-GDO-004,1
PIM2-GDO-009,1
PIM2-GDO-011,1
PIM2-GDO-012,1
PIM2-GDO-013,1
PIM2-GDO-016,1
PIM2-GDO-021,1
PIM2-BSC31-0250,1
PIM2-EWB20-30-29,1
PIM2-SILICA-FOR-TAP,1
PIM2-SILICA-FOR-TAP-1,1
PIM2-TC12-22-22,1
PIM2-TC12-22-27,1
PIM2-TC12-22-28,1
PIM2-TC12-22-29,1
PIM2-TC12-22-30,1
PIM2-TC12-22-32,1
PIM2-TC12-22-38,1
PIM2-TC12-22-39,1
PIM2-TC12-10,1
PIM2-TC12-25,1
PIM2-TC12-42,1
PIM2-TC12-43,1
PIM2-TC12-44,1
PIM2-TC12-6,1
PIM2-TC12-9,1
PIM2-TC22-25,1
PIM2-70100200346,1
PIM2-PFB14-FBS,1
PIM2-EWB30-21-26,1
PIM2-DR520-MOT,1
PIM2-KNSM230-SW,1
PIM2-MS220T-001,1
PIM2-TC12-26,1
PIM2-904010031,1
PIM2-905080013,1
PIM2-INTLFT-6D-TF,1
PIM2-INTLFT-6D-DV,1
PIM2-INTLFT-6D-ESV,1
PIM2-INTLFT-6D-FAN,1
PIM2-PFB16SC-002,1
PIM2-PFB16SC-009,1
PIM2-MS300-009,1
PIM2-MS300-028,1
PIM2-MS300-047,1
PIM2-301150087L,1
PIM2-301100022,1
PIM2-301080154L,1
PIM2-302070070,1
PIM2-301110138,1
PIM2-301040103,1
PIM2-804001001002,1
PIM2-302110077,1
PIM2-302110076,1
PIM2-302110075,1
PIM2-301130041,1
PIM2-301070178,1
PIM2-301120007,1
PIM2-70100700637,1
PIM2-302100036,1
PIM2-301130053,1
PIM2-303120843,1
PIM2-301040165,1
PIM2-802001002014,1
PIM2-302110080,1
PIM2-302110079,1
PIM2-302110078,1
PIM2-302020178,1
PIM2-802002001005+8020020,1
PIM2-30402098,1
PIM2-301070062,1
PIM2-302150075,1
PIM2-EDO-019,1
PIM2-70101105264L,1
PIM2-EDO-011,1
PIM2-TW-32S-18,1
PIM2-TW-32S-30,1
PIM2-70200401791+20102011,1
PIM2-DR520-100,2
PIM2-TC22-23,2
PIM2-DDR-30-021,2
PIM2-DDR-30-047,2
PIM2-DDR-30-059,2
PIM2-COMBI-MP-523,2
PIM2-916020014,2
PIM2-905060019,2
PIM2-910010038,2
PIM2-910010032,2
PIM2-909010067,2
PIM2-909010068,2
PIM2-20102280021,2
PIM2-905180011,2
PIM2-905180010,2
PIM2-905070028,2
PIM2-910020004,2
PIM2-910010034,2
PIM2-910010061,2
PIM2-906010030,2
PIM2-905050022,2
PIM2-905050023,2
PIM2-905070010,2
PIM2-905130023,2
PIM2-905020007,2
PIM2-906010031,2
PIM2-905070026,2
PIM2-905180006,2
PIM2-910020007,2
PIM2-910020005,2
PIM2-910010059,2
PIM2-909010176,2
PIM2-905070016,2
PIM2-905160052,2
PIM2-905030024,2
PIM2-905040016,2
PIM2-909040004,2
PIM2-909010177,2
PIM2-910020006,2
PIM2-906010032,2
PIM2-905160053,2
PIM2-905020034A,2
PIM2-905090006,2
PIM2-905110008,2
PIM2-910020003A,2
PIM2-905990082,2
PIM2-905070027,2
PIM2-910020002,2
PIM2-906010042A,2
PIM2-20209037012,2
PIM2-301040171,2
PIM2-301080008,2
PIM2-301110020+0037+0066,2
PIM2-301110144,2
PIM2-302110125,2
PIM2-301030071,2
PIM2-ESK-10-CE,2
PIM2-NSP01-5L+NSP13-5,2
PIM2-EDO-009-UP,2
PIM2-EDO-010-LO,2
PIM2-TC12-11,2
PIM2-TC12-12,2
PIM2-TC22-12,2
PIM2-TC12-13,2
PIM2-TC12-15,2
PIM2-TC12-20,2
PIM2-TC12-24,2
PIM2-TC12-13-20,2
PIM2-301110034,2
PIM2-301110037,2
PIM2-DAC1100W-FRH,2
PIM2-DAC1100W-DEH,2
PIM2-ECM13-01,2
PIM2-ECM13-22,2
PIM2-ECM13-23,2
PIM2-ECM13-18,2
PIM2-EWB16B-34,2
PIM2-EWB25B-34,2
PIM2-EWB16B25B-35,2
PIM2-EWB16B25B-37,2
PIM2-20110002501,2
PIM2-302100143,2
PIM2-302100109,2
PIM2-302110089,2
PIM2-301110004,2
PIM2-302110088,2
PIM2-MS300T-044,2
PIM2-70201102237,2
PIM2-70100403891,2
PIM2-70101200282,2
PIM2-C-17A,2
PIM2-B-59C,2
PIM2-B-69A,2
PIM2-B-69D,2
PIM2-70100401900,2
PIM2-70101100091,2
PIM2-70101100464,2
PIM2-DAC-FMSET,2
PIM2-DAC-CPS,2
PIM2-DOOR-SEAL,2
PIM2-TW-32S-10,2
PIM2-11023001460,2
PIM2-11040031014,2
PIM2-11023101549,2
PIM2-11021501305,2
PIM2-11020011451,2
PIM2-11023001360,2
PIM2-7320208508,2
PIM2-8536508008,2
PIM2-11023001016,2
PIM2-301040166,2
PIM2-301110145,2
PIM2-302190008,2
PIM2-301130011,2
PIM2-MS220T-047,2
PIM2-MS250T-047,2
PIM2-MS275T-047,2
PIM2-MS300T-047,2
PIM2-1.04.0032,2
PIM2-1.04.0747,2
PIM2-1.04.0092,2
PIM2-IM-50SC-001,2
PIM2-IM-50SC-003,2
PIM2-IM-50SC-004,2
PIM2-IM-50SC-006,2
PIM2-IM-50SC-009,2
PIM2-IM-50SC-011,2
PIM2-IM-50SC-018,2
PIM2-IM-50SC-031,2
PIM2-11040301302,2
PIM2-11020012164,2
PIM2-11030011010,2
PIM2-11023001397,2
PIM2-11040681405,2
PIM2-SM-BTSET,2
PIM2-EDO-001,2
PIM2-EDO-002,2
PIM2-EDO-003,2
PIM2-EDO-004,2
PIM2-EDO-006,2
PIM2-EDO-008,2
PIM2-BD-1500-02,2
PIM2-BD-1500-04,2
PIM2-BD-1500-05,2
PIM2-BD-1500-07,2
PIM2-BD-1500-10,2
PIM2-CF6-82-TC,2
PIM2-ESK-S10L-03,2
PIM2-MG12-09,2
PIM2-MG32-01,2
PIM2-MG32-07,2
PIM2-MG42-13,2
PIM2-PFB14-DH,2
PIM2-PFB14-XDN1-250V,2
PIM2-BD-1500-12,2
PIM2-CF7-103-D-MA,2
PIM2-CF7-103-HB,2
PIM2-DR520-670,2
PIM2-M6X20,2
PIM2-MSS-5H-29,2
PIM2-MSS-7H-14,2
PIM2-TC12-22-34,2
PIM2-TC12-22-35,2
PIM2-TC22-4-5,2
PIM2-TC22-42,2
PIM2-TC22-43,2
PIM2-TC22-9,2
PIM2-URN-HEATING-ELEMENT,2
PIM2-ESK-S10L-10,2
PIM2-CF4-SSA,2
PIM2-MS-021-024,2
PIM2-PFB14-SINK,2
PIM2-DR520-650,2
PIM2-MSS-06,2
PIM2-MSS-07,2
PIM2-30402082,2
PIM2-30405006,2
PIM2-30407311,2
PIM2-BSC31-0430,2
PIM2-BSC31-0370,2
PIM2-BSC31-BELT,2
PIM2-BSC31-MOTOR,2
PIM2-CF4-58-BSN,2
PIM2-CF5-68-BSN,2
PIM2-CF5-68-STL,2
PIM2-CF6-82-BSN,2
PIM2-CF6-82MO-NEW,2
PIM2-CF7-103-BSN,2
PIM2-EWB20-30-14,2
PIM2-MSS-5H-15,2
PIM2-PIPE,2
PIM2-905060031,2
PIM2-905990002,2
PIM2-905040001,2
PIM2-905030001,2
PIM2-905050032,2
PIM2-905060026A,2
PIM2-905100001,2
PIM2-905030003,2
PIM2-906010064,2
PIM2-905080001,2
PIM2-905080003,2
PIM2-905990051,2
PIM2-20101060103,2
PIM2-905990040,2
PIM2-20101060144,2
PIM2-905990048,2
PIM2-905110013,2
PIM2-905020013,2
PIM2-905990005,2
PIM2-905030002,2
PIM2-905990006,2
PIM2-905020005,2
PIM2-TB-RL-FAN,2
PIM2-TB-RL-SCP,2
PIM2-TB-RL-TF,2
PIM2-TB-RL-WT,2
PIM2-TB-RL-WG,2
PIM2-INTLFT-6D-SP,2
PIM2-70200800173,2
PIM2-DFM8LY-PS,2
PIM2-DFM8LY-FM,2
PIM2-DFM8LY-SM,2
PIM2-DFM8LY-HT,2
PIM2-DFM8LY-MT,2
PIM2-DFM8LY-FAN,2
PIM2-DFM8LY-TMT,2
PIM2-DFM8LY-SS,2
PIM2-DFM8LY-PPB,2
PIM2-PFB-18SC-001,2
PIM2-PFB-18SC-002,2
PIM2-PFB-18SC-003,2
PIM2-PFB-18SC-004,2
PIM2-PFB-18SC-005,2
PIM2-PFB-18SC-006,2
PIM2-PFB-18SC-007,2
PIM2-PFB14-BWLC,2
PIM2-PFB16SC-001,2
PIM2-PFB16SC-003,2
PIM2-PFB16SC-004,2
PIM2-PFB16SC-006,2
PIM2-PFB16SC-007,2
PIM2-PFB16SC-010,2
PIM2-MG32-08,2
PIM2-ECM16-08,2
PIM2-301030198L,2
PIM2-301010204,2
PIM2-302030067,2
PIM2-70201101491,2
PIM2-301110046+301110009,2
PIM2-302070066,2
PIM2-302040012,2
PIM2-302040093,2
PIM2-70200400846,2
PIM2-302110286L,2
PIM2-302030045,2
PIM2-301110011,2
PIM2-301030007,2
PIM2-301020034,2
PIM2-302020015,2
PIM2-302070019,2
PIM2-302070017,2
PIM2-301130040,2
PIM2-301130035,2
PIM2-3010110009,2
PIM2-301130002,2
PIM2-301110031+301110024,2
PIM2-302030091,2
PIM2-302020318,2
PIM2-70202023173L,2
PIM2-802007006012,2
PIM2-70201600973,2
PIM2-802007006006,2
PIM2-802007006007,2
PIM2-TC12-16,2
PIM2-30403133,2
PIM2-CF5-SSA-NEW,2
PIM2-70201001437L,2
PIM2-302100144,2
PIM2-301030111,2
PIM2-302092L+286L+0056+57,2
PIM2-70100301982L,2
PIM2-70201101155,2
PIM2-70201900100,2
PIM2-7021791+8022010+2011,2
PIM2-302200627,2
PIM2-302050072,2
PIM2-20237036006,2
PIM2-20237036077,2
PIM2-EDO-014,2
PIM2-EDO-015,2
PIM2-70201500755-1.3MM,2
PIM2-70201500755-1.4MM,2
PIM2-70201500755-1.5MM,2
PIM2-70201500755-1.6MM,2
PIM2-70201500755-1.7MM,2
PIM2-301110022,2
PIM2-70100300891,2
PIM2-301040094,2
PIM2-301040775,2
PIM2-30402023,2
PIM2-301110020,2
PIM2-30399017,2
PIM2-CF7-103-10MOF,2
NTS1-HL1G-SB,1
NTS1-HL1BK-SB,1
NTS1-GSTR400300,1
NTS1-FO-ST56,1
NTS1-FO-ST54,1
NTS1-FO-ST52,1
NTS1-FO-ST47,1
NTS1-BODY-STD52,1
NTS1-BODY-STD54,1
NTS1-BH-MAM12,1
NTS1-LS04-TCC,1
NTS1-GCM-2700,1
NTS1-CC-3B,1
NTS1-FP-1,1
NTS1-LUGC19-GR,1
NTS1-B5,1
NTS1-EB20,1
NTS1-CD-IN55-L1,1
NTS1-CD-68L-E,1
NTS1-FM-60,1
NTS1-FM-30,1
NTS1-9305301800-1D,1
NTS1-TB-MB-2M,1
NTS1-SN9070,1
NTS1-SN8021,1
NTS1-SN4861,1
NTS1-SN4065,1
NTS1-MBF-28B,1
NTS1-HLCS2G-RBG,1
NTS1-HLH1S-SB,1
NTS1-HLCS3C-SSGW,1
NTS1-IND-5000,1
NTS1-WIN-S100ST,1
NTS1-WIN-S54ST,1
NTS1-WIN-S28ST,1
NTS2-MU-E6L-BT,1
NTS1-SN3405,1
NTS1-SN3285,1
NTS1-CD-6L-03,1
NTS1-CU-D10L,1
NTS1-SN3595,1
NTS1-SN5094,1
NTS1-CD-6L-10,1
NTS1-LUGC18-SSR(H),1
NTS2-VP-08,1
NTS1-SN8613,1
NTS1-VR-RD,1
NTS2-FM30-005,1
NTS2-CDHR-900W-FAN,1
NTS1-CD-6049-8L2,1
NTS2-CD-IN55-003,1
NTS2-CD-IN68-003,1
NTS2-JD-5LS-LID,1
NTS2-WHEEL-20L,1
NTS1-ASH-STAND,1
NTS2-HLRL-SG,1
NTS2-HLSL-DG,1
NTS2-EWB-37-024,1
NTS2-EWB-24-021,1
NTS1-APO1-2,1
NTS1-APO1-15,1
NTS1-HLCR2WS-G,1
NTS1-HLCS2WS,1
NTS2-DB-CW76-001,1
NTS1-WIN-D28ST,1
NTS2-CD-1135-4L2-PN,1
NTS1-TRAY-NS20,1
NTS1-TRAY-AL083,1
NTS1-TRAY-AL123,1
NTS2-CD-4046-4L1-LID,1
NTS2-EWB-24-024,1
NTS2-1205020003,1
NTS1-KAT1-1,1
NTS1-KAT1-2,1
NTS1-KAT1-3,1
NTS1-KAT1-5,1
NTS1-KAT1-6,1
NTS1-KAT1-8,1
NTS1-KAT1-11,1
NTS1-KAT1-4,1
NTS1-FOR1-11,1
NTS1-PRI1-1,1
NTS1-PRI1-5,1
NTS1-PRI1-6,1
NTS1-PRI1-9,1
NTS1-PRI1-11-R,1
NTS1-PRI1-12,1
NTS1-BRI-S4-2,1
NTS1-ROB1-10,1
NTS1-ROB1-12,1
NTS1-ROB1-13,1
NTS1-ROB1-17,1
NTS1-ROB1-18,1
NTS1-ROB1-19,1
NTS1-ROB1-2,1
NTS1-ROB1-3,1
NTS1-ROB1-38,1
NTS1-ROB1-5,1
NTS1-ROB1-6,1
NTS1-ROB1-9,1
NTS1-ROB1-9-1,1
NTS1-PRI1-4,1
NTS1-PRI1-7,1
NTS1-PRI1-9-2,1
NTS1-NOA1-18-1,1
NTS1-HOW1-11-1,1
NTS1-ALI-RG1-1,1
NTS1-ALI-RG1-2,1
NTS1-ALI-RG1-3,1
NTS1-ALI-RG1-4,1
NTS1-ALI-RG1-9,1
NTS1-ALI-RG1-17,1
NTS1-ALI-RG1-30,1
NTS1-KAT1-10,1
NTS1-KAT1-12,1
NTS1-KAT1-13,1
NTS1-KAT1-15,1
NTS1-KAT1-17,1
NTS1-KAT1-18,1
NTS1-KAT1-19,1
NTS1-KAT1-34,1
NTS1-KAT1-7,1
NTS1-KAT1-9,1
NTS1-FAN1-2,1
NTS1-FAN1-3,1
NTS1-LUK1-17,1
NTS1-FOR1-7,1
NTS1-DAL1-2,1
NTS1-DAL1-3,1
NTS1-DAM1-2,1
NTS1-DAM1-3,1
NTS1-SAF1-2,1
NTS1-SAF1-3,1
NTS1-SAG1-33,1
NTS1-MUR1-1,1
NTS1-MUR1-11,1
NTS1-MUR1-12,1
NTS1-MUR1-13,1
NTS1-MUR1-14,1
NTS1-MUR1-15,1
NTS1-MUR1-16,1
NTS1-MUR1-17,1
NTS1-MUR1-18,1
NTS1-MUR1-18-2,1
NTS1-MUR1-19,1
NTS1-MUR1-2,1
NTS1-MUR1-27,1
NTS1-MUR1-28,1
NTS1-MUR1-3,1
NTS1-MUR1-4,1
NTS1-MUR1-5,1
NTS1-MUR1-6,1
NTS1-MUR1-7,1
NTS1-MUR1-8,1
NTS1-PER1-1,1
NTS1-PER1-10,1
NTS1-PER1-11,1
NTS1-PER1-12,1
NTS1-PER1-13,1
NTS1-PER1-15,1
NTS1-PER1-16,1
NTS1-PER1-17,1
NTS1-PER1-18,1
NTS1-PER1-19,1
NTS1-PER1-2,1
NTS1-PER1-27,1
NTS1-PER1-28,1
NTS1-PER1-3,1
NTS1-PER1-34,1
NTS1-PER1-4,1
NTS1-PER1-5,1
NTS1-PER1-6,1
NTS1-PER1-7,1
NTS1-PER1-8,1
NTS1-PER1-9,1
NTS1-PER1-9-2,1
NTS1-ROB1-1,1
NTS1-HL1SS-HSB,2
NTS1-HL1G-HSB,2
NTS1-HL2SS-RB,2
NTS1-HL2C-RB,2
NTS1-HL2BK-RB,2
NTS1-HL1C-SB,2
NTS1-HLCS3-SSG,3
NTS1-MBM-175,2
NTS1-KT1500-D,6
NTS1-IND-3500W,2
NTS1-HLH2C-SB,2
NTS1-HLCS4C-SSBG,2
NTS1-HLCS4G-SSBG,2
NTS1-HLCR1G-RW,2
NTS1-HLCS2C-SSGW,2
NTS1-HLCS2G-SSGW,2
NTS1-HLCS3G-SSGW,2
NTS1-HLCS3-SSGW,2
NTS1-HLCR2WS,3
NTS1-FR-4611-4L,14
NTS1-HLCR3C-W-OHD,2
NTS1-MBF-40C,2
NTS1-HLCR2G-SSM,2
NTS1-FR-1711-9L,4
NTS1-FR-1611-9L,12
NTS2-CD-IN68-005-L,2
NTS2-TAL-36-2-HEAD,10
NTS2-HL1SS,3
NTS2-HL1C,3
NTS2-HL1G,3
NTS2-HL1BK,3
NTS2-HSB01-HT,8
NTS2-CU-D10-FCT,2
NTS2-CD-101-9L-F,4
NTS2-CD-101-9L-C,4
NTS2-CD-101-9L-A,2
NTS2-D311903017,3
NTS2-D340125014,2
NTS2-D311900222,3
NTS2-D311903021,5
NTS2-YUDJD-009,2
NTS2-WDV-03,2
NTS2-WDV-04,2
NTS2-WDV-05,2
NTS2-WDV-07,2
NTS2-WDV-08,2
NTS2-HL-008,14
NTS2-HL-010,3
NTS2-LT-B-001,11
NTS2-SCREW,8
NTS2-SCREWS-ADAP,18
NTS2-VP-01,14
NTS2-VP-02,17
NTS2-VP-10,7
NTS2-CED-7L-PC-01,3
NTS2-CED-7L-PC-02,6
NTS2-HB-TMT,2
NTS2-CC-M3L-GY-001,46
NTS2-CED-YJ-LID,2
NTS2-ESK-10-KL,4
NTS2-ESK-10-LEGS,3
NTS2-KEY-SF,4
NTS2-L290061049,2
NTS2-LT-B-002,6
NTS2-MBM-175-63,4
NTS2-MBM-175-64,4
NTS2-MU-D8LB-TAP,2
NTS2-CED-RBF,8
NTS2-HLRL-SS,2
NTS2-HLRL-DG,2
NTS2-HLRL-DC,2
NTS2-HLSL-SS,2
NTS2-HLSL-DS,2
NTS2-HLSL-SG,2
NTS2-HLSL-SC,2
NTS2-HLTL-DS,2
NTS2-HLTL-DG,2
NTS2-HLTL-DC,2
NTS2-EWB-37-022,2
NTS2-CD-1135-4L2-SBOWL,2
NTS2-CED-PC-HEAD-SET,4
NTS2-BBC-GY-WT-TRAY,19
NTS2-ESK-10-DTH,2
NTS2-EWB-24-018,2
NTS2-CAP-MT20,13
NTS2-1205020012,7
NTS2-1201050109,3
NTS2-1201050108,5
NTS1-DN125-FD,2
NTS1-245600260-DD245,2
NTS1-TB2300A,2
NTS1-TB1500A,3
NTS1-BH-MIM01,5
NTS1-BH-MIM02,5
NTS1-BH-MIM04,5
NTS1-BH-MIM05,6
NTS1-BH-MIM06,4
NTS1-BH-MIM10,4
NTS1-BH-MIM11,4
NTS1-BH-MIM12,7
NTS1-BH-MIS02,8
NTS1-BH-MIS03,5
NTS1-BH-MIS04,6
NTS1-BH-MIS06,5
NTS1-BH-MIS08,6
NTS1-BH-MIS09,6
NTS1-BH-MAM01,5
NTS1-BH-MAM02,6
NTS1-BH-MAM03,5
NTS1-BH-MAM04,5
NTS1-BH-MAM05,6
NTS1-BH-MAM06,6
NTS1-BH-MAM07,5
NTS1-BH-MAM10,6
NTS1-BH-MAM11,6
NTS1-BH-MAS01,6
NTS1-BH-MAS02,5
NTS1-BH-MAS03,5
NTS1-BH-MAS04,4
NTS1-BH-MAS06,5
NTS1-BH-MAS07,5
NTS1-BH-MAS10,4
NTS1-BH-MAS11,5
NTS1-BH-MAS12,6
NTS1-BH-CRM02,10
NTS1-BH-CRM03,14
NTS1-BH-CRM03B,6
NTS1-BH-CRM06,5
NTS1-BH-CRM07,5
NTS1-BH-CRM10,5
NTS1-BH-CRM11,5
NTS1-BH-CRS01,5
NTS1-BH-CRS02,5
NTS1-BH-CRS03,5
NTS1-BH-CRS03B,5
NTS1-BH-CRS04,6
NTS1-BH-CRS05,5
NTS1-BH-CRS06,6
NTS1-BH-CRS07,4
NTS1-BH-CRS10,6
NTS1-BH-CRS12,2
NTS1-SD-500,2
NTS1-DB-S2-20,7
NTS1-TPH-1,22
NTS1-HT-15BE,6
NTS1-HT-16BL,6
NTS1-HT-17BE,6
NTS1-RS-4,26
NTS1-HTT-T10BE,18
NTS1-CC-1B,2
NTS1-BH-CRM04,5
NTS1-FP-2,2
NTS1-WJU-1,29
NTS1-WJU-2,50
NTS1-TRA-1,7
NTS1-FLR-W,4
NTS1-LC-SB12,2
NTS1-VCP-100,12
NTS1-CU-10L,12
NTS1-CD-68L,2
NTS1-JD-8LD-PC,6
NTS1-LUGC18-SSR,2
NTS1-SINK505030-S,19
NTS1-9305301800-5D,2
NTS1-9005301800-5D,2
NTS1-9005301800-1D,6
NTS1-90010001800-5-1,2
NTS1-HOOK-300,413
NTS1-BAR-900,42
NTS1-HOOK-150,320
NTS1-FPA-SSNS-D360,13
NTS1-FPB-SS-D340,10
NTS1-FPB-SS-D360,10
NTS1-CSSA-D160H60,5
NTS1-SP-H90,26
NTS1-SINK524028-AS,4
NTS1-SINK505030-ASO,10
NTS1-PRI1-2,2
NTS1-PRI1-3,2
NTS1-KB-SSS,17
NTS1-5-4,2
NTS1-PH09-1700-GY,22
NTS1-PH09-1300-GY,22
NTS1-JD-8LDB,2
NTS1-WT-SMALL,2
NTS1-FAB1-14-O,33
NTS1-P17-WH,6
NTS1-P17-BK,6
NTS1-CD-6L-11,2
NTS1-BTTR-1130,2
NTS1-RB-AC300,6
NTS1-RB-AC540,13
NTS1-CD-9L-05,2
NTS1-SNP380-CL,27
NTS1-KB-PRD120,13
NTS1-AC-06(ROLLS),2
NTS1-TUL1-29-8P,38
NTS1-TUL1-9-2,3
NTS1-NAJ1-13,110
NTS1-NAJ1-4,158
NTS1-NAJ1-7,2
NTS1-ISC1-7,42
NTS1-CAD-S24,9
NTS1-FT-68NM,457
NTS1-FAB1-7,98
NTS1-LIA1-1,686
NTS1-NOA1-19,125
NTS1-NOA1-9,142
NTS1-RAM1-9,226
NTS1-CAR1-13,34
NTS1-CAR1-27,34
NTS1-CAR1-28,23
NTS1-CAR1-29-L,50
NTS1-FAB1-30,198
NTS1-KAN1-10,189
NTS1-KAN1-19,95
NTS1-LR-SS,6
NTS1-MJS150,16
NTS1-DB-S,10
NTS1-CD-6L-08,2
NTS1-CD-6L-02,2
NTS1-KAN1-18,14
NTS1-BAG-VELVET,30
NTS1-RS-960-G,2
NTS1-RO-11L-1,2
NTS1-SQ-5.5L-1,2
NTS1-PH06-1500-CL,22
NTS1-PH06-1300-CL,35
NTS1-PH18-1900-CL,26
NTS1-GN11100-Y,34
NTS1-GN11150-Y,24
NTS1-GN14100-Y,29
NTS1-GN14150-Y,29
NTS1-GN16100-Y,53
NTS1-GN-11SL,62
NTS1-GN-14SL,53
NTS1-IN68-L1,2
NTS1-CD-401-6L2,12
NTS1-PM300450-16BS,4
NTS1-PM300450-7,14
NTS1-JAM1-10,48
NTS1-DB-TC23-DRG,9
NTS1-DB-TC42-DRG,3
NTS1-DB-L,5
NTS1-FAB1-8,235
NTS1-MBM-175-FB,2
NTS1-PH-297210,9
NTS1-SSBG-HLCS,2
NTS1-IN55-L1,3
NTS1-ADAP-CD,20
NTS1-FR-1211-9L,11
NTS1-ALI1-11-1,34
NTS1-CD-11L-HRG,6
NTS1-CAR1-27-1,16
NTS1-CD-11L-RO,2
NTS1-CD-6L-SG,2
NTS1-FR-6211-6L,2
NTS1-SN1084,43
NTS1-SN6501,2
NTS1-SN6502,2
NTS1-SN4780,2
NTS1-SN48604,4
NTS1-SN4775,2
NTS1-SN9066,5
NTS1-SN5792,14
NTS1-SN4009,4
NTS1-SN4308,2
NTS1-SN60115,4
NTS1-SN4741,7
NTS1-SN9023,6
NTS1-SN9213,7
NTS1-SN1543,8
NTS1-SN4063,3
NTS1-SN6185,12
NTS1-SN6833,7
NTS1-SN7979,18
NTS1-SN6109,6
NTS1-SN2094,17
NTS1-SN6004,246
NTS1-SN7976,19
NTS1-SN6012,8
NTS1-SN79636,22
NTS1-SN6821,8
NTS1-SN6123,6
NTS1-SN6401,14
NTS1-SN2303,10
NTS1-SN2096,2
NTS1-SN3247,6
NTS1-SN3345,8
NTS1-SN3343,8
NTS1-SN3327,3
NTS1-SN79616,19
NTS1-SN79676,22
NTS1-SN3503,6
NTS1-SN3505,3
NTS1-SN3507,5
NTS1-SN3593,20
NTS1-SN3594,2
NTS1-SN3596,2
NTS1-SN3861,2
NTS1-SN3865,6
NTS1-SN4375,3
NTS1-SN4384,4
NTS1-SN4391,2
NTS1-SN5067,12
NTS1-SN5221,6
NTS1-SN5722,8
NTS1-SN5745,3
NTS1-SN6001,8
NTS1-SN6002,16
NTS1-SN6003,11
NTS1-SN6005,15
NTS1-SN6023,8
NTS1-SN6041,14
NTS1-SN6043,13
NTS1-SN6046,14
NTS1-SN6047,14
NTS1-SN6050,14
NTS1-SN6061,4
NTS1-SN6064,7
NTS1-SN6065,8
NTS1-SN6082,6
NTS1-SN6102,18
NTS1-SN6105,10
NTS1-SN6106,12
NTS1-SN6111,3
NTS1-SN6141,7
NTS1-SN6143,11
NTS1-SN6145,9
NTS1-SN6161,24
NTS1-SN6162,20
NTS1-SN6172,19
NTS1-SN6184,14
NTS1-SN6236,19
NTS1-SN6238,16
NTS1-SN6253,14
NTS1-SN6281,15
NTS1-SN6400,14
NTS1-SN6402,26
NTS1-SN6405,12
NTS1-SN6406,4
NTS1-SN6411,13
NTS1-SN6412,13
NTS1-SN6413,12
NTS1-SN6414,11
NTS1-SN6415,8
NTS1-SN6416,13
NTS1-SN6417,12
NTS1-SN6418,11
NTS1-SN6419,14
NTS1-SN6420,11
NTS1-SN6421,12
NTS1-SN6422,12
NTS1-SN6423,13
NTS1-SN6424,13
NTS1-SN6832,3
NTS1-SN6834,10
NTS1-SN6851,4
NTS1-SN6871,3
NTS1-SN6916,2
NTS1-SN6918,2
NTS1-SN6215,14
NTS1-SN2054,7
NTS1-SN35934,3
NTS1-SN85746,10
NTS1-SN8639,4
NTS1-SN8641,5
NTS1-SN60125,2
NTS1-SN35925,2
NTS2-DC-PC10-KNOB,1
NTS2-DC-PC14-KNOB,9
NTS2-DC-PC16-KNOB,34
NTS1-PCU-BL55,5
NTS1-WIB-XL27,51
NTS1-WIB-GR23,17
NTS1-WIB-V23,20
NTS1-MLKS-300,7
NTS1-WIB-D22-S,22
NTS1-WIB-SR20-6,22
NTS1-WIB-S25-W,2
NTS1-DC-PC4,2
NTS1-MLK150,8
NTS1-WIB-CV2,3
NTS1-DMC-T16,1
NTS1-ICED-L2,1
NTS1-SALB-15,2
NTS1-SGB-T,10
NTS1-SGB-TH,11
NTS1-SUP2,21
NTS1-SUP4,24
NTS1-SGB-B,6
NTS1-WIB-SF6,5
NTS1-WIB-D22-G,3
NTS1-CKST-35,2
NTS1-CKST-45,2
NTS1-CKST-G30,1
NTS1-CKST-G40,2
NTS1-CKST-G50,2
NTS1-WIB-S30,5
NTS1-WIB-SF5,3
NTS1-BPN-380,13
NTS1-HACK-1580,1
NTS1-BTO-10,1
NTS1-CSPO-26,14
NTS1-CKST-30,2
NTS1-DC-PC3,1
NTS1-CHSPH24,19
NTS1-TABS-A8,40
NTS1-SP-AL-30,10
NTS1-KNCT-3WH,2
NTS1-KNC-12YL,25
NTS1-CHSP-DL22,11
NTS1-CHSP-DL26,1
NTS1-TABS-B12,30
NTS1-TABS-B10,29
NTS1-TABS-B6,20
NTS1-TABS-A10,22
NTS1-KNC-6BL,6
NTS1-FCYL-S2-4,14
NTS1-PST-9,1
NTS1-MFP-H16,2
NTS1-TEA-B4,5
NTS1-VEG-CL7,12
NTS1-WIB-GR18,11
NTS1-PAN-R3,2
NTS1-SKIM-S10,8
NTS1-PTTB-SS11GN,16
NTS1-ASH8,11
NTS1-CSPO-16,19
NTS1-CHSP-DLH18,14
NTS1-SPL-AL-26,15
NTS1-COFS2,8
NTS1-STP-AL-45,6
NTS1-STP-AL-60,6
NTS1-BOT-A3,38
NTS1-BOT-A4,16
NTS1-MFP-16,3
NTS1-WIB-D19,1
NTS1-COV8,2
NTS1-SPB3,4
NTS1-TEA-C2,9
NTS1-SPL-AL-22,10
NTS1-BOT-A2,13
NTS1-CHSP-DL10,7
NTS1-FEBS2,8
NTS1-MLK-A5,17
NTS1-SKIM-14,32
NTS1-PPM-G6,12
NTS1-SBM-137,6
NTS1-CHSP-DL24,15
NTS1-CSPO-20,12
NTS1-TEA-B8,5
NTS1-PPM-G10,10
NTS1-SALB-16,2
NTS1-MLT2,8
NTS1-TEA-B1,9
NTS1-VEG-CL6,2
NTS1-LADLP-8,15
NTS1-LADLP-16,14
NTS1-EGG-CG,6
NTS1-DMC-T12,1
NTS1-FCYL-P2-2,2
NTS1-CHSP28,4
NTS1-CHSP-DL12,7
NTS1-CHSP-DLH10,12
NTS1-CHSP-DLH26,5
NTS1-CHSPH28,6
NTS1-CKST-40,2
NTS1-CKST-50,1
NTS1-CKST-G35,5
NTS1-CKST-G45,1
NTS1-CSFP-26,6
NTS1-CSSA-28,14
NTS1-FFS2,4
NTS1-LADLP-11,10
NTS1-MCS05,20
NTS1-MLK-A2,14
NTS1-MLK-A3,7
NTS1-MLK-A4,15
NTS1-MLK-A6,10
NTS1-MLKH5,6
NTS1-MLK-R,10
NTS1-PKN-11,9
NTS1-PPEL-225,10
NTS1-PPM-G16,2
NTS1-PPM-G8,9
NTS1-PPR-9,11
NTS1-SPB2,4
NTS1-SPL-AL-20H,5
NTS1-SPL-AL-26H,16
NTS1-STO1,6
NTS1-STO3,6
NTS1-TEA-B5,13
NTS1-TEA-B7,10
NTS1-TEA-C1,9
NTS1-TEA-C3,12
NTS1-TUR-N,15
NTS1-TUR-P,10
NTS1-VEG-CL2,1
NTS1-TEA-B2,6
NTS1-TEA-B6,11
NTS1-TEA-C4,10
NTS1-SUP3,22
NTS1-SP-AL-30H,15
NTS1-SP-AL-24H,13
NTS1-WIB-HSS12-7,6
NTS1-SBL15-1,6
NTS1-SP-AL-26H,14
NTS1-SP-AL-28,18
NTS1-SP-AL-22H,13
NTS1-COFS4,9
NTS1-CHSP-DLH16,8
NTS1-CHSP-DLH20,14
NTS1-CHSP-DLH28,3
NTS1-CHSPH22,11
NTS1-CHSPH26,3
NTS1-SPL-AL-24,12
NTS1-SPL-AL-28,18
NTS1-SPL-AL-28H,11
NTS1-LADLP-12,11
NTS1-STP-AL-36H,9
NTS1-STP-AL-40,3
NTS1-STP-AL-40H,2
NTS1-STP-AL-50,9
NTS1-STP-AL-50H,4
NTS1-STP-AL-55,8
NTS1-SBM-117,3
NTS1-SBM-064,9
NTS1-PCCM-P-06,44
NTS1-SBM-140,2
NTS1-SEKI-14,18
NTS1-SEKI-18,13
NTS1-SEKI-20,22
NTS1-PCCM-P3D-08,7
NTS1-PCCM-024,5
NTS1-PCCM-103,3
NTS1-PCCM-106,6
NTS1-PCCM-107,4
NTS1-PCCM-108,7
NTS1-PCCM-109,6
NTS1-PCCM-110,6
NTS1-PCCM-113,2
NTS1-PCCM-114,6
NTS1-PCCM-115,7
NTS1-PCCM-116,3
NTS1-PCCM-117,9
NTS1-PCCM-118,10
NTS1-NCT-28,1
NTS1-SCM-43,4
NTS1-SCM-45,5
NTS1-SCM-46,6
NTS1-PCCM-P3D-01,7
NTS1-PCCM-P3D-06,6
NTS1-PCCM-P3D-09,6
NTS1-PCCM-P3D-10,8
NTS1-PCCM-041,6
NTS1-PCCM-046,7
NTS1-PCCM-049,6
NTS1-PCCM-050,7
NTS1-PCCM-051,6
NTS1-PCCM-080,3
NTS1-PCCM-081,6
NTS1-PCCM-082,8
NTS1-PCCM-083,5
NTS1-PCCM-084,8
NTS1-PCCM-085,7
NTS1-PCCM-086,7
NTS1-PCCM-088,6
NTS1-PCCM-089,6
NTS1-PCCM-092,6
NTS1-PCCM-093,6
NTS1-PCCM-095,2
NTS1-PCCM-096,5
NTS1-PCCM-101,6
NTS1-PCCM-102,7
NTS1-PCCM-105,2
NTS1-PPEL-20,8
NTS1-PCCM-036,9
NTS1-SBM-020,1
NTS1-SBM-046,6
NTS1-SBM-063,3
NTS1-SBM-065,4
NTS1-SBM-068,6
NTS1-SBM-069,3
NTS1-SBM-071,1
NTS1-SBM-077,2
NTS1-SBM-087,2
NTS1-SBM-088,6
NTS1-SBM-089,6
NTS1-SBM-097,6
NTS1-SBM-101,2
NTS1-SBM-107,5
NTS1-SBM-118,3
NTS1-SBM-122,3
NTS1-SCM-47,2
NTS1-SCM-48,6
NTS1-SCM-49,5
NTS1-PCCM-001,7
NTS1-PCCM-007,6
NTS1-PCCM-012,7
NTS1-PCCM-015,5
NTS1-PCCM-016,6
NTS1-PCCM-018,8
NTS1-PCCM-019,4
NTS1-PCCM-020,2
NTS1-PCCM-027,6
NTS1-PCCM-031,4
NTS1-PCCM-032,6
NTS1-PCCM-057,7
NTS1-PCCM-058,6
NTS1-PCCM-060,9
NTS1-PCCM-061,5
NTS1-PCCM-062,7
NTS1-PCCM-065,6
NTS1-PCCM-072,9
NTS1-PCCM-042,6
NTS1-PCCM-075,6
NTS1-PCCM-077,6
NTS1-PCCM-078,6
NTS1-PCCM-120,6
NTS1-PCCM-121,2
NTS1-PCCM-123,4
NTS1-PCCM-125,4
NTS1-PCCM-127,4
NTS1-PCCM-128,7
NTS1-PCCM-130,6
NTS1-PCCM-131,6
NTS1-PCCM-038,7
NTS1-PCCM-134,6
NTS1-PCCM-135,3
NTS1-PCCM-141,7
NTS1-PCCM-142,6
NTS1-PCCM-145,7
NTS1-PCCM-146,4
NTS1-PCCM-151,6
NTS1-PCCM-154,6
NTS1-PCCM-155,7
NTS1-PCCM-156,5
NTS1-PCCM-159,5
NTS1-PCCM-3D-3,7
NTS1-PCCM-3D-4,6
NTS1-PCCM-3D-6,6
NTS1-PCCM-3D-9,12
NTS1-PCCM-P-03,6
NTS1-PCCM-P-04,13
NTS1-PCCM-P-07,6
NTS1-PCCM-P-10,7
NTS1-PCCM-P-11,5
NTS1-PCCM-P-12,7
NTS1-PCCM-P-13,6
NTS1-PCCM-P-14,7
NTS1-PCCM-P-15,3
NTS1-PCCM-P-16,7
NTS1-PCCM-P-17,6
NTS1-SBM-130,6
NTS1-SBM-132,4
NTS1-SBM-136,5
NTS1-SBM-141,5
NTS1-SBM-139,5
NTS1-SBM-145,5
NTS1-PTS-TM13,26
NTS1-SCM-01,4
NTS1-SCM-03,4
NTS1-SCM-04,5
NTS1-SCM-05,3
NTS1-SCM-06,5
NTS1-SCM-10,5
NTS1-SCM-11,4
NTS1-SCM-12,3
NTS1-SCM-14,5
NTS1-SCM-15,2
NTS1-SCM-16,3
NTS1-SCM-17,4
NTS1-SCM-20,13
NTS1-SCM-22,6
NTS1-SCM-23,4
NTS1-SCM-24,6
NTS1-SCM-26,3
NTS1-SCM-30,6
NTS1-SCM-32,6
NTS1-SCM-33,4
NTS1-SCM-35,6
NTS1-SCM-37,4
NTS1-SCM-38,5
NTS1-SCM-50,5
NTS1-SCM-52,4
NTS1-PTS-TMCL5,15
NTS1-PTS-TMS7,19
NTS1-PTS-TM18,15
NTS1-PBSI-WH20,11
NTS1-DCU-18,9
NTS1-PBSI-YL18,1
NTS1-PBSI-YL20,11
NTS1-PTIP-19BL-17,2
NTS1-PTIP-19TR,3
NTS1-PTIP-19TR-24,12
NTS1-PTS-TM15,8
NTS1-PTS-TM8,16
NTS1-PTS-TM9,22
PIM2-MSS-05,0
PIM2-905020016,0
PIM2-905160068,0
PIM2-905060009,0
PIM2-905070043,0
PIM2-905160065,0
PIM2-905040029,0
PIM2-905040007,0
PIM2-905120014,0
PIM2-906010017,0
PIM2-905130022,0
PIM2-905030026,0
PIM2-70202021973L,0
PIM2-70202021837L,0
PIM2-70201901600,0
PIM2-70200401328,0
PIM2-70202002264,0
PIM2-70200700664,0
PIM2-70200401319,0
PIM2-70202002273,0
PIM2-70100402500,0
PIM2-801008005003,0
PIM2-70100800682,0
PIM2-70200900237,0
PIM2-70301216937,0
PIM2-70100700564,0
PIM2-70100500137,0
PIM2-70202021819L,0
PIM2-302070016,0
PIM2-301130013,0
PIM2-301130015,0
PIM2-302020055,0
PIM2-301130038,0
PIM2-301130048,0
PIM2-301050136,0
PIM2-MINI-IB220-BL160E-11,0
PIM2-PP-8HA,0
PIM2-RF-15A,0
PIM2-CLP-18A,0
PIM2-CLP-18B,0
PIM2-BGR-71A,0
PIM2-BGR-71B,0
PIM2-FT-76A,0
PIM2-FT-76C,0
PIM2-PP-8HD,0
PIM2-PP-8HE,0
PIM2-RR-9HC,0
PIM2-RR-9HD,0
PIM2-RR-9HE,0
PIM2-CF4-58-SSC,0
PIM2-DAC-CPSET,0
PIM2-HN-MB35,0
PIM2-MG12-05,0
PIM2-GDO-002,0
PIM2-MG12-01,0
PIM2-ESK-S10L-04,0
PIM2-MG12-02,0
PIM2-MG12-03,0
PIM2-MG42-14,0
PIM2-POLIT-LIGHT(YELLOW),0
PIM2-MSS-5H-21,0
PIM2-MSS-5H-23,0
PIM2-ECM16-32,0
PIM2-BASE-BURNER+BURNER,0
PIM2-EWB20-30-28,0
PIM2-EWB20-30-30,0
PIM2-GDO-010,0
PIM2-ADJUSTABLE-THE-COVER,0
PIM2-CF6-SSA,0
PIM2-ESK-S10L-05,0
PIM2-EWB20-30-19,0
PIM2-EWB20-30-20,0
PIM2-HANDLE,0
PIM2-M-1A,0
PIM2-M-1B,0
PIM2-M-1C,0
PIM2-MSS-5H-17,0
PIM2-MSS-5H-30,0
PIM2-MSS-5H-34,0
PIM2-MSS-5H-34-K,0
PIM2-PC-WATER-GAUGE-16,0
PIM2-PC-WATER-GAUGE-20,0
PIM2-TC12-22-12,0
PIM2-TC12-22-21,0
PIM2-TC12-22-23,0
PIM2-TC22-8,0
PIM2-HCL807-1-RACK-L,0
PIM2-HCL807-1-RACK-R,0
PIM2-MINI-IB250-BL190E-18,0
PIM2-MINI-IB250-BL190E-19,0
PIM2-EWB20-30-1-2,0
PIM2-TC12-22-13-20,0
PIM2-MS-105,0
PIM2-CF7-SSA,0
PIM2-30418682,0
PIM2-BD-1500-15,0
PIM2-BD-1500-16,0
PIM2-BLOWER-VALVE,0
PIM2-BSC31-6204,0
PIM2-BSC31-PLHA,0
PIM2-CF4-58-5,0
PIM2-CF5-68-SSA-NEW,0
PIM2-CF6-82-BDY,0
PIM2-DR520-SPRING,0
PIM2-ECM16-19-24,0
PIM2-ESK-S10L-06,0
PIM2-ESK-S10L-07,0
PIM2-ESK-S10L-11,0
PIM2-ESK-S10L-12,0
PIM2-EWB20-30-11,0
PIM2-FFB14-WHEEL,0
PIM2-FULL-SET-MSS-5H,0
PIM2-KNSM230-AX,0
PIM2-KNSM230-AXB,0
PIM2-KNSM230-BE,0
PIM2-KNSM230-BO,0
PIM2-KNSM230-BW,0
PIM2-KNSM230-CH,0
PIM2-KNSM230-CNW,0
PIM2-KNSM230-CO,0
PIM2-KNSM230-CWB,0
PIM2-KNSM230-CWS,0
PIM2-KNSM230-FB,0
PIM2-KNSM230-FBR,0
PIM2-KNSM230-FF,0
PIM2-KNSM230-FRL,0
PIM2-KNSM230-IRP,0
PIM2-KNSM230-IRPBR,0
PIM2-KNSM230-LG,0
PIM2-KNSM230-MO,0
PIM2-KNSM230-MOP,0
PIM2-KNSM230-MP,0
PIM2-KNSM230-PLL,0
PIM2-KNSM230-PLP,0
PIM2-KNSM230-POC,0
PIM2-KNSM230-RB,0
PIM2-KNSM230-RBR,0
PIM2-KNSM230-RRL,0
PIM2-KNSM230-SB,0
PIM2-KNSM230-SC,0
PIM2-KNSM230-SG,0
PIM2-KNSM230-SLB,0
PIM2-KNSM230-SP,0
PIM2-KNSM230-SPB,0
PIM2-MG12-10,0
PIM2-MS-062,0
PIM2-MS-063,0
PIM2-MS-065,0
PIM2-MS-068,0
PIM2-ON-OFF-SAFETY-VALVE,0
PIM2-TC22-26,0
PIM2-TC22-41,0
PIM2-ESK-S10L-08,0
PIM2-KNSM230-SCP,0
PIM2-TB-RL-RF,0
PIM2-INTLFT-6D-TP,0
PIM2-INTLFT-6D-40A-RE,0
PIM2-PFB16SC-005,0
PIM2-MS300-049,0
PIM2-BD-1500-21,0
PIM2-SM-0000003,0
PIM2-MS300-040,0
PIM2-MS300-043,0
PIM2-301130052,0
PIM2-30403125,0
PIM2-PILOT-NOZZLE,0
PIM2-70100408982,0
PIM2-70201700028,0
PIM2-GDO-023,0
PIM2-COMBI-MP-1011,0
PIM2-GDO-001,0
PIM2-GDO-017,0
PIM2-TC12-8,0
PIM1-COMBIPRO2021,0
PIM1-RC-E2.10,0
PIM1-HHC-1D,0
PIM1-HHC-2D,0
PIM1-MMIXER-550W,0
PIM1-DNT-CA360L,0
PIM1-BM1200W-200T,0
PIM1-OC-3T,0
PIM1-ESM-4,0
PIM1-MG42A,0
PIM1-BD-1500,0
PIM1-CF4-58,0
PIM1-CF7-103,0
PIM1-CF5-68,0
PIM1-DNT-CA1430L,0
PIM1-DNT-CA900L,0
PIM1-PCM8-20,0
PIM1-CCGSS-1W-ATF,0
PIM1-MG22,0
PIM1-IND-6000-F4,0
PIM1-MMIXER-20N,0
PIM1-MS550W-100N,0
PIM1-SAU-WAR-1T,0
PIM1-DR350-TT-SA,0
PIM1-IND-7200-F4,0
PIM1-PM25,0
PIM1-PM30,0
PIM1-PM35,0
PIM1-MG32,0
PIM1-REF-8L-2,0
PIM1-EDO2-40C,0
PIM1-KNSM230,0
PIM1-ESK-S10L-SS,0
PIM1-INTLFT-6D,0
PIM1-V-RL-FT-D300,0
PIM1-TB-RL-D260,0
PIM1-GLTMCH-228W,0
PIM1-BLD-2200W-M,0
PIM1-WL-1S17R,0
PIM1-ELE-M900,0
PIM1-ELE-M809V,0
PIM1-BD-1500-2L,0
PIM1-IND-2000-G,0
PIM1-IND-3500-G,0
PIM1-IND-5000W-G,0
PIM1-IND-1600BI,0
PIM1-IND-1600BIR,0
PIM1-IM-440SC,0
PIM1-RC30A-WOSV,0
PIM1-RC30A-WSV,0
PIM1-SLIC006,0
PIM1-VC-60CH,0
PIM1-VCM-20MF,0
PIM1-VCM-60MS,0
PIM1-BL5S,0
PIM1-GCSSS-1-01,0
PIM1-GCSSS-1-02,0
PIM1-TAKO-45,0
PIM1-CTP-WT-2B,0
PIM1-GH3-30-ST,0
PIM1-CB3-40-ST,0
PIM1-CB3LV-40-ST,0
PIM1-RB-4-120-ST,0
PIM1-RB-6-180-ST,0
PIM1-RB-2-60-ST,0
PIM1-GSTC-3D,0
PIM1-GSTC-1D,0
PIM1-GSTC-2D,0
PIM1-GWR-11D,0
PIM1-GWR-22D,0
PIM1-GNWA-40,0
PIM1-GNWA-20,0
PIM1-GNPC40,0
PIM1-CCL-H308,0
PIM1-CCGSS-1W-BT,0
PIM1-B5,0
PIM1-ARGRILL175,0
PIM1-ARGRILL176,0
PIM1-HCS-3,0
SEV2-TPT1100,0
SEV2-TPT1400,0
SEV2-TPT1800,0
SEV2-TPT1900,0
PC003,0
PC006,0
PC005,0
PC007,0
PC008,0
PC002,0
PRC1-MK-200,0
ASL1-IND-3500D,0
ATT1-LF-6LY,0
ATT1-ATT-95N,0
ATT1-LF-95S,0
ATT1-ATT-TA5STS,0
KTC1-197-001,0
KTC1-197-002,0
KTC1-196-001,0
KTC1-174-004,0
KTC1-194-001,0
KTC1-195-004,0
SEV1-5KSM60S,0
KTC1-198-001,0
VTS1-VHT60,0
RTN2-40.03.257P,0
PRC1-BST-MP230,0
LIN2-SW23,0
SEV2-FRN002C2S-7A,0
SEV2-SA16-5-2-61061B03,0
SEV3-02-0038,0
SEV3-02-0126,0
SEV3-03-0002,0
SEV3-04-0011,0
SEV3-05-0005,0
SEV3-06-0007,0
SEV3-06-0078,0
SEV3-09-0038,0
LKK2-6203,0
ASL2-HN-C-50W,0
RTN2-42.00.081P,0
RTN2-42.00.112P,0
PRC1-BK-PPD14,0
PRC1-BK-PPD15,0
PRC1-BK-PPD30,0
ASL2-HN-MB50-17,0
KTC1-174-002,0
KTC1-174-003,0
KTC1-174-009,0
KTC1-174-005,0
KTC1-193-007,0
KTC1-193-004,0
KTC1-193-006,0
KTC1-192-001,0
KTC1-193-009,0
KTC1-193-010,0
KTC1-193-011,0
KTC1-193-013,0
KTC1-193-014,0
TBC2-NGC-3069,0
PRC1-KB-T-I-D-12-1.2,0
PRC1-KB-FP-II-F-48,0
PRC1-KB-KW-II-D-1.5,0
KTC1-174-012,0
KTC1-174-011,0
SEV2-00518,0
SEV3-02-0862,0
PRC1-TB-PST-II-E-14,0
PRC1-TB-PST-II-E-16,0
TBA2-IS-3225DWSQ-3,0
ASL2-BP-50-NV-202007,0
PRC1-KK-KTPM100,0
PRC1-KK-SLHST8,0
PRC1-KK-CST16P,0
PRC1-KK-CST18P,0
PRC1-TK-TSMO1,0
PRC1-KK-KTCUG1,0
PRC1-BK-PSS12VBL,0
PRC1-BK-PSSRT22VBL,0
PRC1-BK-PCT220,0
PRC1-BSK-TEI6,0
PRC1-KK-CHM10,0
PRC1-KK-CHM31,0
PRC1-KK-CHM21,0
PRC1-TK-MCHSQ03,0
PRC1-BSK-SCU1,0
PRC1-TK-KTCS1,0
PRC1-TK-KTCS2,0
PRC1-TK-KTCS3,0
PRC1-TK-KTCS4,0
PRC1-TK-KTCS5,0
PRC1-TK-KTCS6,0
PRC1-TK-KTCS7,0
PRC1-KK-KTPM125,0
PRC1-BK-PPT16,0
PRC1-BSK-K85N,0
PRC1-BSK-PB20,0
SEV3-09-0070,0
SEV3-06-0112,0
SEV3-02-0401,0
SEV3-02-0151,0
SEV3-02-0408,0
SEV3-MA001-2,0
SEV1-DEPOSIT2,0
SEV3-10-0442,0
SEV3-MA003-1,0
SEV3-MA004-1,0
SEV3-MA007-2,0
SEV3-MA008-2,0
SEV3-MA009-2,0
SEV3-MA010-1,0
SEV3-MA010-2,0
SEV3-MA011-2,0
SEV3-MA012-1,0
SEV3-MA012-2,0
SEV3-MA013-2,0
SEV3-MA014-1,0
SEV3-MA014-2,0
SEV3-MA019-2,0
SEV3-MA020-2,0
SEV3-MA021-2,0
SEV3-MA038-2,0
SEV3-MA041-2,0
SEV3-MA044-2,0
SEV3-MA045-2,0
SEV3-MA046-2,0
SEV3-MA048-1,0
SEV3-MA054-1,0
BER2-CDS2502505R,0
RON2-W490L1056,0
SEV3-MA061-1,0
SEV3-MA062-1,0
SEV3-MA065-1,0
SEV3-MA066-1,0
SEV3-MA074-1,0
SEV3-MA075-1,0
SEV3-MA057-3,0
PRC1-BST-TG-003BK,0
PRC1-BST-BR005,0
PRC1-A12-PB5060,0
SEV3-08-0088,0
SEV2-00327,0
ATT2-ATT-TA5STS-TBAG,0
SEV3-09-0135,0
SEV3-02-0046,0
SEV3-02-0057,0
SEV3-06-0004,0
SEV3-06-0012,0
BER2-TM-XR30CX,0
SEV3-06-0142,0
MID2-400J4,0
ASL2-HN-GLA-5000,0
RTN2-87.01.289,0
CON2-BANK,0
ASL1-FW40-IND,0
SEV3-06-0149,0
SEV3-04-0078,0
ASL2-HN-DP-35-1,0
ASL2-HN-MB35-OLD,0
ASL2-HN-MB50-16,0
RTN2-40.02.684,0
PRC1-BSK-LPB15,0
PRC1-BSK-LPB19,0
PRC1-BSK-WB41,0
PRC1-BSK-WTS12,0
PRC1-KK-KTSO28,0
PRC1-KK-KTSO30,0
SEV3-02-0197,0
ASL2-HN-MB35-OV,0
ASL2-HN-MB50-NV,0
DAN2-GPY12LAA,0
DAN2-GPY16LAB,0
DAN2-MPT12RA,0
SEV2-00372,0
SEV2-00443,0
SEV3-07-0009,0
PRC1-KB-BS-VI-L-18,0
PRC1-KB-BS-VI-L-24,0
PRC1-BSB-BS-II-G-S-S,0
PRC1-KB-KT-XII-A-1,0
PRC1-KB-KW-I-O,0
PRC1-KB-FP-II-F-60,0
PRC1-TB-PST-II-A-0.7-25,0
PRC1-KB-KW-II-X-0.5,0
PRC1-KB-KW-II-X-1.5,0
PRC1-KB-KW-II-D-3,0
PRC1-KB-KW-II-D-13,0
PRC1-KB-KW-II-D-16,0
LKK2-SWITCH(B30),0
KTC1-201-001,0
KTC1-201-002,0
KTC1-201-003,0
KTC1-205-001,0
KTC1-203-001,0
KTC1-200-004,0
KTC1-193-008,0
SEV3-04-0094,0
SEV2-00520,0
SEV3-04-0118,0
SEV2-00522,0
SEV2-00523,0
SEV2-00527,0
KTC1-200-001,0
KTC1-200-002,0
KTC1-200-003,0
KTC1-200-005,0
KTC1-200-006,0
SEV2-00539,0
RTN2-87.01.489,0
RTN2-42.00.241S,0
RTN2-40.03.425P,0
SIR2-IB4104021,0
SIR2-6900Z,0
LKK2-00002,0
RTN2-42.00.047P,0
RTN2-87.01.076,0
RTN2-44.01.417P,0
RTN2-87.00.366,0
RTN2-87.00.396,0
RTN2-87.01.075,0
RTN2-40.03.994P,0
SEV1-00568,0
SEV1-00569,0
SEV1-00570,0
SEV1-00571,0
RTN2-56.00.512P,0
PIT2-B2303201,0
PIT2-A3631402,0
PIT2-A3800603,0
PIT2-A1100111,0
SEV4-BANK-PK,0
SEV4-BANK-SM,0
SEV4-INVOICE,0
BER2-00007,0
WIN2-30000861,0
ROL2-00001,0
ROL2-00002,0
LKK2-00007,0
TBA2-00002,0
RTN2-87.00.367,0
RTN2-WCI-202,0
HAM2-BR629,0
PRC1-KK-SC8,0
PRC1-TK-CHFD8E,0
PRC1-TK-BP3W,0
PRC1-TK-BP3,0
PRC1-TK-RD4,0
PRC1-BSK-K85TGRT,0
PRC1-BSK-K85TGO,0
PRC1-BSK-K85TGR,0
PRC1-BSK-K85FTN,0
PRC1-BK-DPC8,0
PRC1-TK-CB115,0
PRC1-BK-PH31,0
PRC1-TK-OVD25,0
PRC1-TK-OVD22,0
SEV3-02-0377,0
SEV3-02-0400,0
SEV3-01-0049,0
SEV1-CREDIT NOTE,0
SEV1-PROMOTION2,0
SEV2-COUPON3,0
PC004,0
SEV2-COUPON2,0
SEV1-DC2500,0
SEV1-PC300,0
SEV1-PC500,0
SEV1-PC800,0
SEV1-PC1000,0
SEV1-PC1200,0
SEV1-PC1500,0
SEV1-PC2000,0
SEV1-PC2300,0
SEV1-PC2500,0
SEV2-TC(BKK-CHO),0
SEV2-TC(BKK-PAT),0
SEV2-TC(BKK-AYU),0
SEV2-TC(BKK-RAT),0
SEV2-TC(BKK-KAN),0
SEV2-TC(BKK-SAR),0
SEV2-TC(BKK-PET),0
SEV2-TC(BKK-SUP),0
SEV2-TC(BKK-RAY),0
SEV2-SERV650-ELEC,0
SEV2-SERV1000-ELEC,0
SEV2-SERV50-ELEC,0
SEV2-SERV620-GAS,0
SEV2-SERV1500-GAS,0
SEV2-SERV640-PLUMBING,0
SEV2-SERV150-PLUMBING,0
SEV1-DC350,0
SEV4-WDC3000,0
SEV4-WDC4000,0
SEV4-TPT7000,0
SEV4-TPT8000,0
SEV4-TPT9000,0
SEV4-IC1000,0
SEV4-IC1500,0
SEV2-PM5000,0
SEV2-SERV100-MC,0
SEV2-SERV200-MC,0
SEV2-SERV300-MC,0
SEV2-SERV400-MC,0
SEV2-SERV500-MC,0
SEV2-SERV600-MC,0
SEV2-SERV700-MC,0
SEV2-SERV800-MC,0
SEV2-SERV900-MC,0
SEV2-SERV1000-MC,0
SEV2-SERV1500-MC,0
SEV2-SERV2000-MC,0
SEV2-SERV3000-MC,0
SEV2-SERV3500-MC,0
SEV2-SERV4000-MC,0
SEV2-SERV4500-MC,0
SEV2-SERV5000-MC,0
SEV2-SERV1500-WS,0
SEV2-SERV2000-WS,0
SEV2-SERV2500-WS,0
SEV2-SERV3000-WS,0
SEV2-SERV3500-WS,0
SEV2-SERV4000-WS,0
SEV2-SERV4500-WS,0
SEV2-SERV5000-WS,0
SEV2-SERV2500-WHCF,0
SEV2-SERV2500-SCF,0
SEV3-DC5000,0
SEV4-IC3000,0
SEV4-IC4000,0
SEV4-IC5000,0
SEV4-TVE13500,0
SEV4-TVE27000,0
SEV4-TVE3000,0
SEV4-TVE5500,0
SEV4-TVE6000,0
SEV4-TVE6500,0
SEV4-TVE7000,0
SEV4-TVE7500,0
SEV4-TVE8000,0
SEV4-TVE8500,0
SEV4-TVE9000,0
SEV4-TVE9500,0
SEV4-TVE10000,0
SEV4-TVE10500,0
SEV4-TVE11000,0
SEV4-TVE11500,0
SEV4-TVE12000,0
SEV4-TVE12500,0
SEV4-TVE14000,0
SEV4-TVE15000,0
SEV4-DC1200,0
SEV4-TVE15500,0
SEV4-TVE16000,0
SEV4-TVE16500,0
SEV4-TVE17000,0
SEV4-TVE17500,0
SEV4-TVE18000,0
SEV4-TVE18500,0
SEV4-TVE19000,0
SEV4-TVE19500,0
SEV4-TVE20000,0
SEV4-TVE20500,0
SEV4-TVE21000,0
SEV4-TVE21500,0
SEV4-TVE22000,0
SEV4-TVE22500,0
SEV4-TVE23000,0
SEV4-TVE23500,0
SEV4-TVE24000,0
SEV4-TVE24500,0
SEV4-TVE25000,0
SEV4-TVE25500,0
SEV4-TVE26000,0
SEV4-TVE26500,0
SEV4-TVE27500,0
SEV4-TVE28000,0
SEV4-TVE28500,0
SEV4-TVE29000,0
SEV4-TVE29500,0
SEV4-TVE30000,0
SEV4-DC15500,0
SEV2-PM2500,0
SEV4-DC7500,0
SEV4-DC17000,0
PIM1-101105631,0
PIM1-101106792,0
SEV2-WIRING,0
SEV1-DEPOSIT,0
SEV1-PROMOTION,0
STV1-SINTESI+R300,0
PIM1-IMB650-650W-BL350N,0
PIM1-MG22H,0
PIM1-MG32H,0
RTN1-60.22.490,0
RTN1-6019.1150,0
RTN1-6015.1165,0
RTN1-SN-DS1610170,0
RTN1-IVARIO-PRO-XL,0
RTN1-IVARIO-PRO-2-S,0
RTN1-IVARIO-PRO-L,0
PIM1-ICE-MOLD,0
SEV4-DEPOSIT,0
PIM1-VW-3000,0
PIM1-VW3000-US,0
PIM1-CCO-1348,0
PIM1-EF-OF-184EF-CTT,0
PIM1-EF-OF-184EF,0
PIM1-EF-OF-14EF-CTT,0
PIM1-EF-OF-14EF,0
KTC1-EPPSG-7-B-S,0
PIM1-CB-1.8L-SS,0
STV1-SINTESI+RS300,0
PIM1-PFB-18,0
PIM1-SBCL-1695-8GN,0
PIM1-SBCW-1695-8GN,0
PIM1-SBCS-1695-8GN,0
PIM1-ICD-150AM,0
PIM1-IND-IC-4ZFR,0
PIM1-IND-SP1,0
PIM1-IND-WOK,0
PIM1-CCM-0.6L,0
PIM1-PBC8090-8K5L,0
RTN1-IVARIO-PRO-L-9658,0
REF1-SCC-1862,0
RTN1-ICOMBI-CLASSIC-10-2-1-E,0
KTC1-195-006,0
REF1-YPM-1650P,0
PIM1-EF-OF-14ESF,0
PIM1-CF6-82-10C,0
PIM1-CF7-103-10C,0
PIM1-SM-100L,0
PIM1-JD-410JET,0
PIM1-DPGH-1,0
PIM1-DPGH-2,0
REF1-SCC-1562,0
REF1-SCF-1562,0
RTN1-60.73.991,0
RTN2-56.01.524P,0
BER2-GL-BMD111,0
RAN2-34030970,0
RAN2-38123754,0
RAN2-34030037,0
RAN2-34030047,0
SIR2-00008,0
PIM2-DSGSS-3-TUBE,0
ROL2-SPIT,0
RON2-W500L2000,0
RON2-W620L2740,0
RON2-W550L2280,0
BER2-00010,0
PIM2-EDO-018,0
PIM2-70200700955,0
PIM2-MINI-IB220-BL160E-18+19,0
RON2-W620L2620,0
RON2-W620L3500,0
RON2-W600L2320,0
RON2-W600L2850,0
BER2-LE-WAS10HL,0
RON2-W610L2650,0
RON2-W610L3710,0
RON2-W580L1670,0
RON2-W620L1320,0
RON2-W610L2630,0
RON2-W470L1470,0
RON2-W620L2790,0
RON2-W620L2770,0
PIM2-DR520-CVB-2160,0
PIM2-DR520-CVB-2300,0
BER2-275X605,0
RON2-W450L1440,0
RON2-W465L1540,0
BER2-00002,0
PIM2-ECM16-30,0
PIM2-ECM16-31,0
PIM2-ECM16-33,0
ASL2-HN-RB35A,0
PIM2-KSD301-C88,0
RON2-W500L1980,0
RON2-W597L2476,0
ASL2-FUSE-B,0
ASL2-FUSE-S,0
PIM2-GDO3-60A-01,0
RON2-W630L3370,0
RON2-W525L2620,0
PIM2-BC-7200-F4,0
PIM2-DP-7200-F4,0
PIM2-FAN-7200-F4,0
PIM2-MBSM-7200-F4,0
PIM2-COIL170-7200-F4,0
PIM2-COIL186-7200-F4,0
PIM2-MBBI-7200-F4,0
PIM2-BSC31-0270,0
PIM2-CF5-68-BDY,0
PIM2-CF7-103-BDY,0
PIM2-CF7-103-PC,0
PIM2-CF7-103-PS,0
PIM2-DIODE,0
PIM2-ESK-S10L-09,0
PIM2-EWB20-30-18,0
PIM2-FAUCET-HEAD-PART,0
PIM2-INNER-BOX,0
PIM2-MS220T-002,0
PIM2-MS220T-003,0
PIM2-MSS-5H-14,0
PIM2-MSS-5H-31,0
PIM2-COIL-7200-F4,0
RTN2-50.00.301,0
RTN2-87.01.953S,0
RTN2-56.00.166P,0
RTN2-44.01.219P,0
RTN2-50.00.303P,0
RTN2-40.00.098P,0
PIM2-2510101146,0
PIM2-41464-10045-10044,0
PIM2-302070059,0
PIM2-302070105,0
RON2-W470L1490,0
RON2-W630L6920-FABRIC,0
RON2-W630L6920-ROPANYL,0
RON2-W500L1640,0
RON2-W202L823,0
PIM2-MS220-01-02-03,0
RON2-W470L1570,0
LKK2-00013,0
RON2-W570L2480,0
RON2-W590L2450,0
RON2-W485L1420,0
RON2-W560L2000,0
RON2-W370L3000,0
RON2-W500L1690,0
RON2-W420L1700,0
RON2-W480L1450,0
RON2-W515L1960,0
RON2-W460L1405,0
RON2-W500L2370,0
RON2-139357,0
RON2-7164,0
RON2-00001,0
RON2-00002,0
SIR2-00001,0
LKK2-EHS660-03,0
PIM2-70200101928,0
RTN2-40.05.424P,0
PIM2-MS220-003,0
ROE2-00001,0
ETL2-0855631901,0
ETL2-0805888701,0
ETL2-0830881402,0
ETL2-0505400N02,0
PIM2-BLD-2200W-TP-CCPS,0
PIM2-70200101919,0
PIM2-BSC31-0023,0
RON2-W470L1480,0
RON2-W630L2600,0
RON2-W630L3500,0
RON2-W600L2400,0
PIM2-EDO-016,0
PIM2-MG32-09,0
RON2-W580L2700,0
RON2-W500L1060,0
RON2-W500L2120,0
RON2-W480L1480,0
HOU2-65044,0
RON2-W630L2710,0
ROL2-00003,0
RON2-W620L2640,0
RON2-W470L1520,0
BER2-00001,0
RON2-W620L2655,0
PRC1-T7E-EA4050,0
PRC1-BST-SP09R,0
PRC1-BST-SP07C,0
PRC1-BST-SP06A,0
PRC1-BST-TW0039B,0
PRC1-BST-TW0021R,0
PRC1-BST-TW0023B,0
PRC1-BST-TW0026C,0
PRC1-BST-TW0037R,0
PRC1-BST-MP2012RC,0
PRC1-BST-MP2058RC,0
PRC1-BST-MP2034RC,0
PRC1-BST-MP2078RC,0
PRC1-BST-MP2100RC,0
PRC1-BST-MP2118RC,0
PRC1-BST-MP2114RC,0
PRC1-BST-MP2112RC,0
PRC1-BST-MP2200RC,0
PRC1-BST-MP2012R,0
PRC1-BST-MP2058R,0
PRC1-BST-MP2034R,0
PRC1-BST-MP2078R,0
PRC1-BST-MP2100R,0
PRC1-BST-MP2118R,0
PRC1-BST-MP2114R,0
PRC1-BST-MP2115R,0
PRC1-BST-MP2200R,0
PRC1-BST-MP012RC,0
PRC1-BST-MP058RC,0
PRC1-BST-MP034RC,0
PRC1-BST-MP078RC,0
PRC1-BST-MP118RC,0
PRC1-BST-MP112RC,0
PRC1-BST-MP200RC,0
PRC1-BST-MP012R,0
PRC1-BST-MP058R,0
PRC1-BST-MP034R,0
PRC1-BST-MP078R,0
PRC1-BST-MP100R,0
PRC1-BST-MP118R,0
PRC1-BST-MP114R,0
PRC1-BST-MP115R,0
PRC1-BST-MP200R,0
PRC1-BST-MP220,0
PRC1-BST-NHP01-1B,0
PRC1-A12-PB8080,0
PRC1-TSS-300-SW31S,0
PRC1-TCS-500-AW31,0
PRC1-WPS10KS-0.5G,0
PRC1-WPS10KS-10G,0
PRC1-KK-MPDH18,0
PRC1-KK-MPDH18-8,0
PRC1-BSK-ICM15WS,0
PRC1-BSK-ICM15DWS,0
PRC1-BSK-ICM15GS,0
PRC1-BSK-ICM15BS,0
PRC1-TK-TSH1,0
PRC1-TK-TSH3,0
PRC1-TK-TSH4,0
PRC1-TK-TRW03,0
PRC1-TK-TRW05,0
PRC1-TK-TRSB3,0
PRC1-TK-TRSB2,0
PRC1-TK-TMH1,0
PRC1-TK-ICT01,0
PRC1-BK-BT11NS,0
PRC1-BSK-BRT30,0
PRC1-TK-SB24,0
PRC1-TK-SB24S,0
PRC1-KB-CP-I-A-12-B-304,0
PRC1-JWI-700CII,0
PRC1-A12-PB6080,0
PRC1-WBFC30L,0
PRC1-WBFC45L,0
PRC1-WBFC68L,0
PRC1-CAS-HDI-3040-15K,0
PRC1-SW-102B,0
PRC1-KK-CBS4L,0
PRC1-TK-CKS12,0
PRC1-BK-DS55,0
PRC1-BK-PPT06,0
PRC1-BK-PPT07,0
PRC1-BK-PPT08,0
PRC1-BK-PPT13,0
PRC1-BK-PPT15,0
PRC1-BSK-K85,0
PRC1-TK-SRDD2,0
PRC1-TK-WJS1,0
PRC1-TK-SBA1,0
PRC1-TK-SBA2,0
PRC1-TK-SBAC1,0
PRC1-TK-SBAC2,0
PRC1-KK-SKM11,0
PRC1-KK-SKM14,0
PRC1-TK-SBAC5,0
PRC1-TK-SBAC7,0
PRC1-TK-SBAC4,0
PRC1-TK-SBAC-RESERVED,0
PRC1-BSK-BS300P,0
PRC1-KK-SHP12,0
PRC1-TK-SPA07,0
PRC1-WBFC87L,0
PRC1-BSK-K220FT,0
PRC1-DI-620P-150-K,0
PRC1-JH-8195,0
SEV1-S-120,0
SEV1-HSIC-IN,0
SEV1-00511,0
SEV1-T5S,0
SEV1-A150513,0
SEV1-SK2-P643FH+1S,0
SEV1-SM-40SP,0
SEV1-SM-7LHT,0
SEV1-SM-20L,0
SEV1-KAMADO-23.5,0
SEV1-PIE631FB1E,0
SEV1-FC45PC,0
SEV1-618Y,0
SEV1-00567,0
SEV3-07-0011,0
SEV3-10-0425,0
SEV3-10-0437,0
SEV3-09-0131,0
SEV3-02-0830,0
SEV3-13-0208,0
SEV2-00388,0
SEV1-KL06903,0
SEV3-02-0107,0
SEV3-02-0124,0
SEV3-02-0172,0
SEV2-00324,0
SEV3-10-0459-YL,0
SEV3-10-0459-OR,0
SEV3-13-0202,0
SEV3-10-0460,0
SEV3-10-0463,0
SEV3-10-0225,0
SEV3-02-0826,0
SEV3-02-0827,0
SEV3-02-0828,0
SEV1-00537,0
SEV3-10-0478,0
SEV1-00539,0
SEV1-00540,0
SEV1-00541,0
SEV1-00542,0
SEV1-00543,0
SEV1-00544,0
SEV1-00545,0
SEV1-00546,0
SEV1-00547,0
SEV1-00549,0
SEV1-00550,0
SEV3-10-0479,0
SEV3-08-0079,0
SEV3-13-0209,0
SEV3-06-0170,0
SEV3-06-0171,0
SEV3-06-0172,0
SEV3-04-0120,0
SEV3-04-0121,0
SEV3-04-0122,0
SEV3-04-0123,0
SEV3-10-0482,0
SEV3-02-0865,0
SEV3-02-0866,0
SEV3-02-0867,0
SEV3-02-0868,0
SEV3-13-0210,0
SEV3-01-0069,0
SEV3-02-0905,0
SEV3-10-0499,0
SEV3-13-0177,0
SEV3-02-0730,0
SEV3-02-0736,0
SEV3-13-0178,0
SEV3-13-0180,0
SEV3-02-0740,0
SEV3-15-0079,0
SEV3-10-0023,0
SEV3-10-0045,0
SEV3-03-0010,0
SEV3-11-0006,0
SEV3-02-0292,0
SEV3-02-0317,0
SEV3-02-0374,0
SEV2-00265,0
SEV3-13-0190,0
SEV3-13-0191,0
SEV3-06-0160,0
SEV3-02-0790,0
SEV3-08-0087,0
SEV3-04-0113,0
SEV2-W584L2650,0
SEV3-02-0796,0
SEV3-02-0798,0
SEV3-02-0799,0
SEV3-02-0800,0
SEV3-02-0793,0
SEV3-09-0130,0
SEV3-02-0803,0
SEV3-02-0804,0
SEV3-02-0805,0
SEV2-00326,0
SEV2-NL6.1MLK,0
SEV2-W490L2010,0
SEV3-13-0205,0
SEV3-13-0206,0
SEV2-00344,0
SEV2-00348,0
SEV2-00349,0
SEV2-00353,0
SEV2-00354,0
SEV3-02-0829,0
SEV3-06-0162,0
SEV2-00445,0
SEV2-00477,0
SEV2-00497,0
SEV2-00508,0
SEV3-01-0022,0
SEV3-01-0041,0
SEV3-01-0044,0
SEV3-02-0129,0
SEV3-02-0154,0
SEV3-06-0024,0
SEV3-06-0034,0
SEV3-08-0034,0
SEV3-10-0447,0
SEV3-10-0450,0
SEV3-10-0451,0
SEV2-00325,0
SEV3-10-0458,0
SEV3-12-0055,0
SEV3-02-0810,0
SEV3-02-0812,0
SEV3-02-0818,0
SEV3-02-0582,0
SEV3-02-0198,0
SEV3-02-0648,0
SEV3-02-0842,0
SEV3-02-0843,0
SEV3-16-0036,0
SEV3-02-0859,0
SEV3-04-0088,0
SEV2-00519,0
SEV3-04-0119,0
SEV3-02-0864,0
SEV2-00529,0
SEV2-00530,0
SEV2-00531,0
SEV2-00532,0
SEV2-00533,0
SEV2-00535,0
SEV3-15-0109,0
SEV3-15-0114,0
SEV3-15-0119,0
SEV3-15-0124,0
SEV3-15-0129,0
SEV3-13-0211,0
SEV3-06-0173,0
SEV3-02-0869,0
SEV3-09-0136,0
SEV2-00541,0
SEV2-00542,0
SEV2-00543,0
SEV3-02-0906,0
SEV2-00628,0
SEV3-01-0071,0
SEV3-01-0072,0
SEV2-00670,0
SEV2-00671,0
SEV2-00672,0
SEV2-00682,0
SEV2-00683,0
SEV2-00684,0
SEV2-00686,0
SEV2-FL29S14QZA,0
SEV2-00690,0
SEV2-00699,0
SEV2-00709,0
SEV2-00713,0
SEV2-00715,0
SEV2-00228,0
SEV3-13-0113,0
SEV3-09-0116,0
SEV2-00238,0
SEV3-10-0414,0
SEV3-08-0037,0
SEV3-06-0117,0
SEV3-13-0035,0
SEV3-10-0165,0
SEV3-02-0386,0
SEV1-00493,0
SEV1-F006,0
SEV1-F524,0
SEV1-00513,0
SEV1-B051,0
SEV1-B025,0
SEV1-B013-BL,0
SEV1-B013-RD,0
SEV1-B013-YL,0
SEV1-B013-GR,0
SEV1-F128-YL,0
SEV1-F128-GR,0
SEV1-F128-RD,0
SEV1-F128-BL,0
SEV1-00515,0
SEV1-00516,0
SEV1-00517,0
SEV1-00518,0
SEV1-00519,0
SEV1-00520,0
SEV1-00521,0
SEV1-00522,0
SEV1-00523,0
SEV1-00524,0
SEV1-00525,0
SEV1-00526,0
SEV1-HL-110J,0
SEV1-C011000242,0
SEV1-C011000246,0
SEV1-V7-8720389032608,0
SEV1-F516,0
SEV1-00552,0
SEV1-00553,0
SEV1-00554,0
SEV1-00555,0
SEV1-CM6500B,0
SEV1-272453,0
SEV1-00556,0
SEV1-00557,0
SEV1-144021,0
SEV1-00558,0
SEV1-00559,0
SEV1-00560,0
SEV1-00561,0
SEV1-00562,0
SEV1-00563,0
SEV1-00564,0
SEV1-00565,0
SEV1-00566,0
SEV1-00572,0
SEV1-00573,0
SEV1-00575,0
SEV1-00576,0
SEV1-00581,0
SEV1-00582,0
SEV1-00583,0
SEV1-00584,0
SEV1-00585,0
SEV1-00586,0
SEV1-00587,0
SEV1-00588,0
SEV1-00589,0
SEV1-00590,0
SEV1-00591,0
SEV1-00592,0
SEV1-00593,0
SEV1-00594,0
SEV1-ESW,0
SEV1-CW-079A-1,0
NTS1-FD-2042LWS,0
NTS1-ELE-KNHO,0
NTS1-RDHLCR7-SS,0
NTS1-EDO-2,0
NTS1-EDO-4,0
NTS1-EDO-6,0
NTS1-SM-50,0
NTS1-SM-30,0
NTS1-GDO-4,0
NTS1-HDWS1200-IV,0
NTS1-HDWV1200-IV,0
NTS1-HDWSF1200-IV,0
NTS1-BD-1500,0
NTS1-IND-3500,0
NTS1-MBG-40C,0
NTS1-HLCS2C-RBG,0
NTS1-HLH1G-SB,0
NTS1-HLR1C-OB,0
NTS1-HLR1C-SB,0
NTS1-WIN-D54ST,0
NTS1-HLCR3C-W/OH,0
NTS1-HLCR2C-W-OHD,0
NTS1-HLCS3G-SSG,0
NTS1-HLCS3C-SSG,0
NTS1-HLCR1WS,0
NTS1-MBF-40C-M,0
NTS1-EWB-91,0
NTS1-MBF-65C,0
NTS1-GF-17L-2,0
NTS1-HD1000-BLS,0
NTS1-HD1000-IV,0
NTS1-EFM-5L,0
NTS1-MBF-40B,0
NTS1-SN1620,0
NTS1-RICE10-S,0
NTS1-JD-7LSG,0
NTS1-RICE20-24S,0
NTS1-POP-08H,0
NTS1-HLCR1SS-SQFB,0
NTS1-HLCR1WS-G,0
NTS1-HLCR2G-RBG,0
NTS1-HLCR2G-SW,0
NTS1-HLCS2G-SSG,0
NTS1-HLS1G,0
NTS1-SSG-30L-22,0
NTS1-WIN-D85DI,0
NTS1-RD-CFD-6L,0
NTS1-HLR2-SB,0
NTS2-HLR1G,0
NTS2-RUB-SSG30,0
NTS2-CD-IN55-001,0
NTS2-RUB-SSG-35,0
NTS2-SSG-25-SSP,0
NTS2-1207010031,0
NTS2-1203100001,0
NTS2-HL-300-001,0
NTS2-1201050012,0
NTS2-1205020012-1050046,0
NTS2-CD-101-9P-SPS,0
NTS2-CD-6L-06-001,0
NTS2-JD-5LD-CTN,0
NTS2-E400930043,0
NTS2-E480100402,0
NTS2-E480400412,0
NTS2-E480400417,0
NTS2-WDV-06,0
NTS2-CDHR-700W-MB,0
NTS2-CDHR-700W-CTB,0
NTS2-YUDJD-007,0
NTS2-VP-06,0
NTS2-WHEEL-01-G,0
NTS2-WHEEL-02-G,0
NTS2-1202010003,0
NTS2-AWC-03,0
NTS2-AWC-04,0
NTS2-CDHR-700W-DPP,0
NTS2-CDHR-700W-FAN,0
NTS2-CDHR-700W-HT,0
NTS2-CDHR-700W-HTB,0
NTS2-E480400417-91,0
NTS2-F-MECHANISM,0
NTS2-GGBK,0
NTS2-H-MECHANISM,0
NTS2-H-PANEL,0
NTS2-HLR2G,0
NTS2-MBF-40C-CB,0
NTS2-MBF-40C-CH,0
NTS2-MBF-40C-HDC,0
NTS2-MBM-175-41,0
NTS2-RING-MCUP4,0
NTS2-RUB-CD,0
NTS2-VP-05,0
NTS2-WHEEL-03-SS,0
NTS2-WHEEL-04-SS,0
NTS2-YUDHP-004,0
NTS2-YUDJD-005,0
NTS2-YUDJD-006,0
NTS2-YUDJD-011,0
NTS2-YUDJD-012,0
NTS2-WHEEL-01-SS,0
NTS2-CHARG-TOR-1,0
NTS2-FM-30-CON,0
NTS2-BL-900-05,0
NTS2-LUGC19-BALL,0
NTS2-CDHR-900W-CTB,0
NTS2-CDHR-900W-DPP,0
NTS2-CDHR-900W-MB,0
NTS2-CD-IN68-002,0
NTS2-WIN-168-DO,0
NTS2-CDHR-900W-TMF,0
NTS2-AWC-01,0
NTS2-AWC-02,0
NTS2-BCT-1130-01,0
NTS2-BELT-BBC,0
NTS2-BL-900-04,0
NTS2-BL-900-08,0
NTS2-BL-900-21,0
NTS2-AP10-SP-LID,0
NTS2-BOW,0
NTS2-CC-1B-L-01,0
NTS2-CC-1B-L-02,0
NTS2-CC-1B-L-03,0
NTS2-CC-1B-L-04,0
NTS2-CC-2B-01,0
NTS2-CC-2B-02,0
NTS2-CC-2B-03,0
NTS2-CC-D3L-GY-WH,0
NTS2-CD-IN68-004,0
NTS2-CED-YJ-JAR,0
NTS2-CONVERTER,0
NTS2-D330222006,0
NTS2-DB-P87-GY-001,0
NTS2-ESK-10-04,0
NTS2-FM30-006,0
NTS2-FM30-007,0
NTS2-HL-002,0
NTS2-HL-003,0
NTS2-HL-004,0
NTS2-HL-005,0
NTS2-HL-006,0
NTS2-HL-007,0
NTS2-HLCR-SS,0
NTS2-HLH1C,0
NTS2-HLH1G,0
NTS2-HLR1C,0
NTS2-HLRB1C,0
NTS2-HLRB1G,0
NTS2-HLS1C,0
NTS2-HLS1G,0
NTS2-JD-5LS-DP,0
NTS2-JD-5LS-INNP,0
NTS2-JD-5LS-PIL,0
NTS2-KC-SF,0
NTS2-KEY-TSF,0
NTS2-MBM-175-01,0
NTS2-MBM-175-02,0
NTS2-MBM-175-03,0
NTS2-MBM-175-04,0
NTS2-MBM-175-05,0
NTS2-MBM-175-06,0
NTS2-MBM-175-07,0
NTS2-MBM-175-08,0
NTS2-MBM-175-09,0
NTS2-MBM-175-10,0
NTS2-MBM-175-11,0
NTS2-MBM-175-12,0
NTS2-MBM-175-13,0
NTS2-MBM-175-14,0
NTS2-MBM-175-15,0
NTS2-MBM-175-16,0
NTS2-MBM-175-17,0
NTS2-MBM-175-18,0
NTS2-MBM-175-19,0
NTS2-MBM-175-20,0
NTS2-MBM-175-21,0
NTS2-MBM-175-23,0
NTS2-MBM-175-24,0
NTS2-MBM-175-25,0
NTS2-MBM-175-26,0
NTS2-MBM-175-29,0
NTS2-MBM-175-30,0
NTS2-MBM-175-31,0
NTS2-MBM-175-32,0
NTS2-MBM-175-33,0
NTS2-MBM-175-34,0
NTS2-MBM-175-35,0
NTS2-MBM-175-36,0
NTS2-MBM-175-37,0
NTS2-MBM-175-38,0
NTS2-MBM-175-55,0
NTS2-MBM-175-56,0
NTS2-MBM-175-57,0
NTS2-MBM-175-58,0
NTS2-MBM-175-59,0
NTS2-MBM-175-60,0
NTS2-MBM-175-61,0
NTS2-MBM-175-62,0
NTS2-MBM-175-65,0
NTS2-MBM-175-66,0
NTS2-MBM-175-67,0
NTS2-MBM-175-68,0
NTS2-MBM-175-69,0
NTS2-MBM-175-70,0
NTS2-MBM-175-71,0
NTS2-MOP-LO-42S-FC,0
NTS2-MOP-LO-42S-M,0
NTS2-MT-40L-001,0
NTS2-MT-40L-002,0
NTS2-MT-50L-001,0
NTS2-MT-50L-002,0
NTS2-MU-10L-01,0
NTS2-PLW-L-R,0
NTS2-RC-45,0
NTS2-RUB-SSG-25,0
NTS2-WDV-15L-10,0
NTS2-WDV-60L-01,0
NTS2-WDV-60L-02,0
NTS2-WDV-80L-01,0
NTS2-WDV-80L-02,0
NTS2-WHEEL-02-SS,0
NTS2-WHEEL-03-G,0
NTS2-WHEEL-04-G,0
NTS2-WHEEL-05-G,0
NTS2-WHEEL-05-SS,0
NTS2-WHEEL-06-G,0
NTS2-WHEEL-06-SS,0
NTS2-WHEEL-30L,0
NTS2-WHEEL-35L-2B,0
NTS2-WHEEL-35L-3B,0
NTS2-WHEEL-40L,0
NTS2-WHEEL-43L-2B,0
NTS2-WHEEL-50L,0
NTS2-YUDJD-013,0
NTS2-EWB-24-001,0
NTS2-HLRL-SC,0
NTS2-HLSL-DC,0
NTS2-EWB-37-013,0
NTS2-FM30-008,0
NTS2-BBC-GY-005,0
NTS2-AWC-07,0
NTS2-AWC-08,0
NTS2-ESK-10-TCS,0
NTS2-ESK-10-01,0
NTS2-SSBG-HLCS,0
NTS2-CD-11L-01-BUCKET,0
NTS2-CD-9L-04-001,0
NTS2-CD-111-9L-001,0
NTS2-EWB-24-029,0
NTS2-CD-IN68-007,0
NTS2-EWB-91-001,0
NTS2-1202070005,0
NTS2-1201020045,0
NTS2-1201030006,0
NTS2-1203090004,0
NTS2-1201030005,0
NTS2-1202080002,0
NTS2-1202030002,0
NTS2-1201030012,0
NTS2-1203090001,0
NTS2-1203060001,0
NTS2-1202080001,0
NTS2-1203050002,0
NTS2-1202030004,0
NTS2-1201030024,0
NTS2-1205020005,0
NTS2-1202080003,0
NTS2-1202050005,0
NTS2-1202050003,0
NTS2-1201020003,0
NTS2-1202080004,0
NTS2-1202050004,0
NTS1-SBM-091,0
NTS1-SN9132,0
NTS1-SN9103,0
NTS1-SN7792,0
NTS1-SN3383,0
NTS1-SN2307,0
NTS1-NCT-12,0
NTS1-PTIP-20BL,0
NTS1-NCT-14,0
NTS1-ACC086,0
NTS1-KNCT-4WH,0
NTS1-SBM-070,0
NTS1-NCT-05,0
NTS1-SN3366,0
NTS1-SN2906,0
NTS1-PCCM-044,0
NTS1-PCCM-104,0
NTS1-LADL-10,0
NTS1-SN3335,0
NTS1-ROPC-40,0
NTS1-ROPC-50,0
NTS1-SN3246,0
NTS1-SBM-038,0
NTS1-SN3287,0
NTS1-SBM-021,0
NTS1-SBM-080,0
NTS1-SBM-084,0
NTS1-SBM-092,0
NTS1-SBM-093,0
NTS1-SBM-104,0
NTS1-SBM-120,0
NTS1-SBM-125,0
NTS1-SN3867,0
NTS1-SN4181,0
NTS1-SN4215,0
NTS1-SN4382,0
NTS1-SN4386,0
NTS1-SN4392,0
NTS1-SN4394,0
NTS1-SN5085,0
NTS1-SN5442,0
NTS1-SN5535,0
NTS1-SN5538,0
NTS1-SN5553,0
NTS1-SN5727,0
NTS1-SN5765,0
NTS1-SN6011,0
NTS1-SN6221,0
NTS1-SN6251,0
NTS1-SN6291,0
NTS1-SN6802,0
NTS1-SN6813,0
NTS1-SN9111,0
NTS1-SN9064,0
NTS1-PCCM-009,0
NTS1-PCCM-070,0
NTS1-PCCM-071,0
NTS1-PCCM-074,0
NTS1-PCCM-119,0
NTS1-PCCM-126,0
NTS1-NCT-13,0
NTS1-NCT-15,0
NTS1-SCM-13,0
NTS1-SCM-40,0
NTS1-SCM-51,0
NTS1-NCT-10,0
NTS1-SN5055,0
NTS1-SN2124,0
NTS1-SN2075,0
NTS1-SN5766,0
NTS1-SN9089,0
NTS1-PBSI-WH28,0
NTS1-PBSI-YL22,0
NTS1-PTIP-19TR-17,0
NTS1-SN9065,0
NTS1-SN85916,0
NTS1-SN1644,0
NTS1-SN4437,0
NTS1-SN7015,0
NTS1-SN7065,0
NTS1-SN7067,0
NTS1-SN7068,0
NTS1-SN7063,0
NTS1-SN4882,0
NTS1-SN4889,0
NTS1-SN4893,0
NTS1-SN1096,0
NTS1-SN3375,0
NTS1-SN20452,0
NTS1-SN1595,0
NTS1-SN34755,0
NTS1-SN34735,0
NTS1-SN3585,0
NTS1-SN1569,0
NTS1-SN4409,0
NTS1-SN9059,0
NTS1-DS2320086A,0
NTS1-SN1202,0
NTS1-SN62395,0
NTS1-CS-18040,0
NTS1-SN-DS1210400,0
NTS1-1062,0
NTS1-CD-SS2H,0
NTS1-SN1625,0
NTS1-SN1069,0
NTS1-PSC-403017-BK,0
NTS1-PSC-403023-BK,0
NTS1-PSC-604023-BK,0
NTS1-SPR-1790,0
NTS1-MS-770-410,0
NTS1-FAUCET4,0
NTS1-DRA2-90,0
NTS1-ATYPE-SHFB,0
NTS1-DRA-DIA46,0
NTS1-DS1310158,0
NTS1-GSTR300400-HLFO,0
NTS1-9305301800-5,0
NTS1-SINK504028-AS,0
NTS1-SINK705030-ASO,0
NTS1-WIB-CS20-6,0
NTS1-COP-P,0
NTS1-KB-SSR,0
NTS1-SN1077,0
NTS1-MJS15,0
NTS1-MBG-40B,0
NTS1-MJSW24,0
NTS1-WIB-S23,0
NTS1-TOM-AL200,0
NTS1-PRP600,0
NTS1-CT-M-BL,0
NTS1-CC-2B-2D,0
NTS1-BD-1800,0
NTS1-BD-1800-2L,0
NTS1-TLS-1180,0
NTS1-SN1073,0
NTS1-PH15-2000,0
NTS1-PH15-1580,0
NTS1-PH15-1050,0
NTS1-GN19100-Y,0
NTS1-GN-19SL,0
NTS1-MU-D8LB,0
NTS1-KB-WD100,0
NTS1-SN1048,0
NTS1-CD-6049-8L1,0
NTS1-ESW55-220,0
NTS1-MBM-175-CB,0
NTS1-MBT-150,0
NTS1-SF-T42BL-SS,0
NTS1-SKC-445,0
NTS1-SN1968,0
NTS1-SN1969,0
NTS1-FUN1,0
NTS1-PCCM-162,0
NTS1-WB-B115,0
NTS1-COF-D1.8,0
NTS1-SHP-AL1,0
NTS1-SHP-AL1P,0
NTS1-SHP-AL4060P,0
NTS1-SHPE-AL1,0
NTS1-SQ-WCAP8OZ-RD,0
NTS1-SN60175,0
NTS1-DB-LR-5,0
NTS1-DB-LR-6,0
NTS1-SN8645,0
NTS1-SN8643,0
NTS1-SN3583,0
NTS1-PCU-BL75,0
NTS1-MCS2,0
NTS1-DS1700016,0
NTS1-M450,0
NTS1-M500,0
NTS1-M600,0
NTS1-RO-6L-4,0
NTS1-H-M3,0
NTS1-PMLS-S4530-BR,0
NTS1-PMLS-S4532-BR,0
NTS1-PMLS-4530-BR,0
NTS1-PMLS-3833-OR,0
NTS1-PMLS-3833-SV,0
NTS1-PMLS-4540-BK,0
NTS1-PMLS-4530-RD,0
NTS1-PMLS-4530-BK,0
NTS1-CDHR-700W,0
NTS1-CD-IN68-L2,0
NTS1-FB-005E-PM,0
NTS1-SSD-PS24-CF,0
NTS1-CD-RG-6L-1,0
NTS1-CD-11L-02,0
NTS1-CD-SMG4L-1,0
NTS1-CD-OBG-9L-1,0
NTS1-CD-6L-09,0
NTS1-CD-11L-R,0
NTS1-CD-11L-S,0
NTS1-SQ-11L-3,0
NTS1-SQ-9L-2,0
NTS1-RO-11L-3,0
NTS1-CD-11L-RG,0
NTS1-CD-6L-S,0
NTS1-SQ-6L-3,0
NTS1-CD-6L-R,0
NTS1-RO-6L-3,0
NTS1-RO-6L-2,0
NTS1-CD-6L-RO,0
NTS1-RO-6L-1,0
NTS1-CD-IN60,0
NTS1-CD-5.5L-RG,0
NTS1-CD-9L-S,0
NTS1-CD-9L-SG,0
NTS1-SQ-9L-1,0
NTS1-CD-5.5L-01,0
NTS1-CD-9L-01,0
NTS1-CD-9L-02,0
NTS1-CD-4046-4L,0
NTS1-PM300450-17BS,0
NTS1-PM300450-19BS,0
NTS1-PM300450-27BS,0
NTS1-PM300450-29BS,0
NTS1-PM300450-36BS,0
NTS1-PM300450-10,0
NTS1-PM300450-13,0
NTS1-PM300450-2,0
NTS1-PM300450-3,0
NTS1-PM300450-4,0
NTS1-PM300450-8,0
NTS1-PM305455-1,0
NTS1-PM305455-2,0
NTS1-PM306455-2,0
NTS1-CD-11L-04,0
NTS1-PM300450-12,0
NTS1-PM300450-11(L),0
NTS1-PM330460-1,0
NTS1-APO1-1,0
NTS1-APO1-3,0
NTS1-APO1-9,0
NTS1-APO1-11,0
NTS1-FET1-1,0
NTS1-FET1-2,0
NTS1-FET1-5,0
NTS1-FET1-6,0
NTS1-FET1-9,0
NTS1-FET1-11,0
NTS1-APO1-4,0
NTS1-APO1-5,0
NTS1-APO1-7,0
NTS1-APO1-8,0
NTS1-APO1-10,0
NTS1-APO1-12,0
NTS1-APO1-13,0
NTS1-APO1-14,0
NTS1-APO1-16,0
NTS1-APO1-17,0
NTS1-APO1-18,0
NTS1-APO1-27,0
NTS1-APO1-28,0
NTS1-APO1-33,0
NTS1-FET1-3,0
NTS1-FET1-4,0
NTS1-FET1-7,0
NTS1-FET1-8,0
NTS1-FET1-10,0
NTS1-FET1-12,0
NTS1-FET1-13,0
NTS1-FET1-14,0
NTS1-FET1-15,0
NTS1-FET1-16,0
NTS1-FET1-17,0
NTS1-FET1-18,0
NTS1-FET1-27,0
NTS1-FET1-28,0
NTS1-FET1-31,0
NTS1-FET1-32,0
NTS1-FET1-33,0
NTS1-WIB-SR30,0
NTS1-IN68-L2,0
NTS1-RBS-20,0
NTS1-ALS12-BK,0
NTS1-CD-4.5L-FULL2,0
NTS1-CD-10L-ROUND,0
NTS1-SOUP-BK4.5,0
NTS1-CD-6049-8L,0
NTS1-BS-STR,0
NTS1-CD-9L-06,0
NTS1-BS-STR-CF,0
NTS1-2-BFS,0
NTS1-SQ-6L-3-L1,0
NTS1-PTD-250,0
NTS1-PTD-400,0
NTS1-TPH-2,0
NTS1-PFTD-1300,0
NTS1-MIR-2M8-1,0
NTS1-MIR-2M8-2,0
NTS1-LS04-CP2,0
NTS1-LS06-RTB,0
NTS1-LS06-STB,0
NTS1-LS06-SMP,0
NTS1-LS06-T,0
NTS1-LS06-SGF,0
NTS1-LS08-RTB,0
NTS1-LS08-STB,0
NTS1-LS08-T,0
NTS1-LS08-CP2,0
NTS1-LS08-BMP,0
NTS1-LS08-SMP,0
NTS1-LS08-RDB,0
NTS1-LS08-TCC,0
NTS1-LS08-ST,0
NTS1-LS08-C,0
NTS1-RS-2,0
NTS1-TOH-9,0
NTS1-SN9072,0
NTS1-SN9071,0
NTS1-SN9069,0
NTS1-SN4220,0
NTS1-CIR-C-001,0
NTS1-SN4514,0
NTS1-BH-MIM07,0
NTS1-BH-MIS07,0
NTS1-BH-CRM12,0
NTS1-MIR-3M6,0
NTS1-PFTD-750,0
NTS1-CLL-25R,0
NTS1-LS01-RTB,0
NTS1-LS01-STB,0
NTS1-LS01-T,0
NTS1-LS01-CP2,0
NTS1-LS01-BMP,0
NTS1-LS01-SMP,0
NTS1-LS01-SGF,0
NTS1-LS01-RDB,0
NTS1-LS01-TCC,0
NTS1-LS01-CS,0
NTS1-LS01-RCS,0
NTS1-LS01-ST,0
NTS1-LS02-RTB,0
NTS1-LS02-STB,0
NTS1-LS02-T,0
NTS1-LS02-CP2,0
NTS1-LS02-BMP,0
NTS1-LS02-SMP,0
NTS1-LS02-SGF,0
NTS1-LS02-SDB,0
NTS1-LS02-TCC,0
NTS1-LS02-CS,0
NTS1-LS03-TCC,0
NTS1-LS03-SMP,0
NTS1-LS03-STB,0
NTS1-LS03-RTB,0
NTS1-LS03-SGF,0
NTS1-LS03-TH,0
NTS1-LS03-CP2,0
NTS1-LS04-SMP,0
NTS1-LS04-STB,0
NTS1-LS04-RTB,0
NTS1-LS04-SGF,0
NTS1-LS04-T,0
NTS1-LS05-RTB,0
NTS1-LS05-STB,0
NTS1-LS05-RCS,0
NTS1-LS05-TH,0
NTS1-LS05-CBPB2,0
NTS1-LS06-BF,0
NTS1-LS07-SGF,0
NTS1-LS07-SMP,0
NTS1-LS07-BF,0
NTS1-LS07-RTB,0
NTS1-LS07-STB,0
NTS1-LS07-TBB,0
NTS1-LS08-SGF,0
NTS1-LS08-CS,0
NTS1-LS08-RCH,0
NTS1-LS08-CBPB1,0
NTS1-LS09-TCRCS,0
NTS1-LS09-RTB,0
NTS1-LS09-STB,0
NTS1-LS09-BMP,0
NTS1-LS09-SGF,0
NTS1-LS09-CP2B1,0
NTS1-LS09-TBB,0
NTS1-LS02-RCH,0
NTS1-LS09-SMP,0
NTS1-LFB-10,0
NTS1-LS03-T,0
NTS1-LS04-TH,0
NTS1-PWF-CP01P,0
NTS1-PWF-CP02P,0
NTS1-PWF-CP03,0
NTS1-PWF-CP04,0
NTS1-PWF-CP05,0
NTS1-PWF-CP06,0
NTS1-PWF-CP07,0
NTS1-PWF-CP08,0
NTS1-PWF-CP09,0
NTS1-PWF-CP10,0
NTS1-PWF-CP11,0
NTS1-PWF-CP12,0
NTS1-PWF-CP13,0
NTS1-PWF-CP14,0
NTS1-PWF-CPA01W,0
NTS1-DB-S3-3S,0
NTS1-RBT-D1520,0
NTS1-DB-OS-2,0
NTS1-SCIS-RD,0
NTS1-SN4878,0
NTS1-RBT-760,0
NTS1-FRBT-1830,0
NTS1-BC-1080,0
NTS1-C104,0
NTS1-DB-OR-3,0
NTS1-DB-OS-D3,0
NTS1-DB-LR-1,0
NTS1-DB-LS-1,0
NTS1-DB-LR-2,0
NTS1-RBTC-D2800,0
NTS1-AC-02(ROLLS),0
NTS1-ST-760,0
NTS1-RAB-5,0
NTS1-RAB-6,0
NTS1-HD1000-BL,0
NTS1-DB-LR-4,0
NTS1-DB-OS-D1,0
NTS1-DB-LS-4,0
NTS1-DB-LR-3,0
NTS1-FRAME-IR-BK,0
NTS1-MJS-T600-BR,0
NTS1-SCRS-30,0
NTS1-SN4512,0
NTS1-SN4515,0
NTS1-BS-ASH400,0
NTS1-RS-2-RD,0
NTS1-RS-2-BL,0
NTS1-DB-S3-12M,0
NTS1-TSB-RE,0
NTS1-DB-OS-3,0
NTS1-DB-S3-6S,0
NTS1-DB-H120,0
NTS1-KB-SNB150,0
NTS1-LS-D700,0
NTS1-LS-D1300,0
NTS1-VD-03,0
NTS1-DB-C76,0
NTS1-DB-OS-1,0
NTS1-SF-A42BL,0
NTS1-20060025-GC200,0
NTS1-LID-ST52,0
NTS1-LID-ST54,0
NTS1-LS06-BMP,0
NTS1-ALS10-BK,0
NTS1-SN48594,0
NTS1-KNC-10BR,0
NTS1-SBM-135,0
NTS1-ICB2-1L,0
NTS1-KNC-12WH,0
NTS1-KNCT-5WH,0
NTS1-SN9073,0
NTS1-KNC-7RD,0
NTS1-KNC-8YL,0
NTS1-WMBH21,0
NTS1-SN2057,0
NTS1-FEBS8,0
NTS1-KNSC-3WH,0
NTS1-COFH1,0
NTS1-ASH-L10,0
NTS1-TEA-A2,0
NTS1-PFRS-22,0
NTS1-PFRS-15,0
NTS1-EGG-CS,0
NTS1-FEBS1,0
NTS1-PFRSSO-D,0
NTS1-MPS800-CL,0
NTS1-CM0376,0
NTS1-SC0379,0
NTS1-SB0378,0
NTS1-CP0373,0
NTS1-FP0008,0
NTS1-FP0006,0
NTS1-FP0004,0
NTS1-SB0634,0
NTS1-SC0369,0
NTS1-SP0041,0
NTS1-COFH2,0
NTS1-FEBS7,0
NTS1-LADLP-14,0
NTS1-SN85906,0
NTS1-SBLS4,0
NTS1-SN4012,0
NTS1-CHSP26,0
NTS1-MLK-600,0
NTS1-PAN-R2,0
NTS1-CHP1,0
NTS1-CHP2,0
NTS1-CHP3,0
NTS1-CHP4,0
NTS1-CHP5,0
NTS1-CHP6,0
NTS1-CHP7,0
NTS1-CTD-BL,0
NTS1-PBUK-185,0
NTS1-RBS-15,0
NTS1-LADLP-20,0
NTS1-CSSP-D600,0
NTS1-PPEL-55,0
NTS1-SHR-BK,0
NTS1-SCIS-BL,0
NTS1-KNC-10BK,0
NTS1-KNC-8BK,0
NTS1-PFRSD-25,0
NTS1-KNC-10GR,0
NTS1-PFRSD-30,0
NTS1-KNT-4WH,0
NTS1-KNTT-4WH,0
NTS1-KNC-10BL,0
NTS1-KNC-10RD,0
NTS1-KNC-10WH,0
NTS1-KNC-10YL,0
NTS1-KNC-6GR,0
NTS1-KNC-6WH,0
NTS1-KNC-7GR,0
NTS1-KNC-7YL,0
NTS1-KNC-8BR,0
NTS1-KNC-8GR,0
NTS1-OTK-2.5,0
NTS1-SA-SP12L,0
NTS1-SA-SP25L,0
NTS1-FPH-SSNS-D360,0
NTS1-CFW-2,0
NTS1-DS2410731,0
NTS1-DRED-3H2,0
NTS1-FPA-AL-36BH,0
NTS1-SHR-WH,0
NTS1-ADM1-17,0
NTS1-ADM1-1,0
NTS1-ADM1-4,0
NTS1-ADM1-2,0
NTS1-ADM1-3,0
NTS1-ADM1-6,0
NTS1-ADM1-11,0
NTS1-ADM1-15,0
NTS1-ADM1-13,0
NTS1-ADM1-9,0
NTS1-ADM1-8,0
NTS1-ADM1-7,0
NTS1-ADM1-10,0
NTS1-ADM1-18,0
NTS1-ADM1-5,0
NTS1-ADM1-12,0
NTS1-ADM1-14,0
NTS1-ADM1-19,0
NTS1-WIB-SS25,0
NTS1-CSTRW-9,0
NTS1-WMBH41,0
NTS1-H-SS340,0
NTS1-H-SS347,0
NTS1-H-SS348,0
NTS1-H-SS350,0
NTS1-DRED-3H1,0
NTS1-SQSB16,0
NTS1-H-1008,0
NTS1-H-1057,0
NTS1-H-15-7818,0
NTS1-H-2027,0
NTS1-H-2035,0
NTS1-H-204,0
NTS1-H-205,0
NTS1-H-207,0
NTS1-H-2105,0
NTS1-H-2210,0
NTS1-H-2212,0
NTS1-H-2260,0
NTS1-H-2270,0
NTS1-H-2280,0
NTS1-H-2290,0
NTS1-H-2510,0
NTS1-H-5040,0
NTS1-H-6116,0
NTS1-H-6311,0
NTS1-H-6312,0
NTS1-H-6314,0
NTS1-H-6322,0
NTS1-H-6331,0
NTS1-H-6649,0
NTS1-H-6688,0
NTS1-H-7535,0
NTS1-H-7539,0
NTS1-H-7540,0
NTS1-H-7811,0
NTS1-H-7812,0
NTS1-H-7813,0
NTS1-H-7814,0
NTS1-H-7815,0
NTS1-H-7817,0
NTS1-H-8070,0
NTS1-H-8077,0
NTS1-H-8089,0
NTS1-H-8089-10,0
NTS1-H-8090,0
NTS1-H-8092,0
NTS1-H-8096,0
NTS1-H-8100,0
NTS1-H-8108,0
NTS1-H-8109,0
NTS1-H-8110,0
NTS1-H-8111,0
NTS1-H-8120,0
NTS1-H-8170,0
NTS1-H-8180,0
NTS1-H-8197,0
NTS1-H-8289,0
NTS1-H-8408,0
NTS1-H-B-0060,0
NTS1-H-B-0070,0
NTS1-H-B-0080,0
NTS1-H-B-0090,0
NTS1-H-J-6.5,0
NTS1-H-J-8,0
NTS1-H-J-8.6,0
NTS1-H-J-8.8,0
NTS1-H-SS351,0
NTS1-H-SS355,0
NTS1-H-SS365,0
NTS1-H-SS375,0
NTS1-H-SSJ-7.5,0
NTS1-H-SSJ-8.7,0
NTS1-CC0368,0
NTS1-SC0380,0
NTS1-H-S-5,0
NTS1-H-1005,0
NTS1-H-1006,0
NTS1-H-1007,0
NTS1-H-1009,0
NTS1-H-1010,0
NTS1-H-2012,0
NTS1-H-1011,0
NTS1-H-B-3.5,0
NTS1-H-6335,0
NTS1-H-2140,0
NTS1-H-K002,0
NTS1-H-B-4,0
NTS1-H-5070,0
NTS1-H-5080,0
NTS1-H-5090,0
NTS1-H-GX5235,0
NTS1-SN4883,0
NTS1-SN4885,0
NTS1-SN4887,0
NTS1-P3LA-200,0
NTS1-SN1527,0
NTS1-SN4776,0
NTS1-SQSB3,0
NTS1-SQSB4,0
NTS1-SQSB5,0
NTS1-SN4331,0
NTS1-SN4359,0
NTS1-FUNH-3S,0
NTS1-SN4259,0
NTS1-SN4872,0
NTS1-PCHK-230,0
NTS1-SN4890,0
NTS1-SN4886,0
NTS1-SN7994,0
NTS1-SN1961,0
NTS1-SN4871,0
NTS1-SN4225,0
NTS1-SN4267,0
NTS1-SN6034,0
NTS1-SN7999,0
NTS1-SN1570,0
NTS1-SN4754,0
NTS1-SN4968,0
NTS1-SN4963,0
NTS1-SN1991,0
NTS1-SN7013,0
NTS1-SDP-58-WH,0
NTS1-SDP-70-WH,0
NTS1-SN4544,0
NTS1-SN4564,0
NTS1-SERV-S2,0
NTS1-7035-04WH,0
NTS1-ASH-E95,0
NTS1-OKB-145,0
NTS1-OKB-215,0
NTS1-CD-SS1H-Y,0
NTS1-MIB-SS100,0
NTS1-SN4230,0
NTS1-SN4240,0
NTS1-SN2128,0
NTS1-SBL24-4,0
NTS1-MS-15ML,0
NTS1-BOT-DIS-FF,0
NTS1-TIP-DIS-FF,0
NTS1-PPSM-6-WH,0
NTS1-PPSM-6-BK,0
NTS1-PPSM-6-PK,0
NTS1-PPSM-6-LB,0
NTS1-PPSM-6-GY,0
NTS1-PPSM-6-DB,0
NTS1-PPSM-8-WH,0
NTS1-PPSM-8-BK,0
NTS1-PPSM-8-PK,0
NTS1-PPSM-8-LB,0
NTS1-PPSM-8-GY,0
NTS1-PPSM-8-DB,0
NTS1-GN19150-Y,0
NTS1-LAD-2OZ,0
NTS1-LAD-4OZ,0
NTS1-MLK400,0
NTS1-SN4716,0
NTS1-DS2320086,0
NTS1-FOR1-1,0
NTS1-FOR1-3,0
NTS1-FOR1-5,0
NTS1-FOR1-6,0
NTS1-FOR1-12,0
NTS1-ALL-S24,0
NTS1-ISC-S72,0
NTS1-FAB1-18-10,0
NTS1-FAB1-37,0
NTS1-NOV1-9-3,0
NTS1-NOV1-11-1,0
NTS1-NOV1-14-1,0
NTS1-NOV1-26,0
NTS1-NOV1-29-11P,0
NTS1-STA1-3,0
NTS1-STA1-12,0
NTS1-BEV1-9,0
NTS1-MUR1-9,0
NTS1-CAR1-11,0
NTS1-CAR1-14,0
NTS1-CAR1-18-1,0
NTS1-CAR1-18-2,0
NTS1-CAR1-19,0
NTS1-CAR1-29-S,0
NTS1-CAR1-4,0
NTS1-CAR1-5,0
NTS1-CAR1-7,0
NTS1-CAR1-8,0
NTS1-CAR1-9,0
NTS1-FAB1-35,0
NTS1-FAB1-9-2,0
NTS1-FAB1-9-3,0
NTS1-FAB1-9-4,0
NTS1-HOW1-14-R,0
NTS1-HOW1-9-2,0
NTS1-MAS1-1,0
NTS1-CAR1-10,0
NTS1-STA1-1,0
NTS1-STA1-2,0
NTS1-STA1-4,0
NTS1-STA1-5,0
NTS1-STA1-6,0
NTS1-STA1-7,0
NTS1-STA1-8,0
NTS1-STA1-9,0
NTS1-STA1-10,0
NTS1-STA1-14,0
NTS1-STA1-19,0
NTS1-ROB1-11,0
NTS1-COL1-18-O,0
NTS1-FAB-S130,0
NTS1-ALI-RG1-9-1,0
NTS1-ALI-RG1-9-2,0
NTS1-ALI-RG1-11,0
NTS1-ALI-RG1-12,0
NTS1-ALI-RG1-15,0
NTS1-AVA1-4,0
NTS1-AVA1-5,0
NTS1-AVA1-6,0
NTS1-AVA1-7,0
NTS1-AVA1-8,0
NTS1-AVA1-9,0
NTS1-AVA1-9-R,0
NTS1-FOR1-13,0
NTS1-FOR1-15,0
NTS1-FOR1-16,0
NTS1-FOR1-27,0
NTS1-FOR1-29-10P,0
NTS1-GAN-S72,0
NTS1-JES1-11,0
NTS1-JUS1-1,0
NTS1-JUS1-11,0
NTS1-JUS1-2,0
NTS1-JUS1-3,0
NTS1-KEN1-1,0
NTS1-KEN1-11,0
NTS1-KEN1-2,0
NTS1-KEN1-3,0
NTS1-KIN1-11,0
NTS1-RAM1-1,0
NTS1-RAM1-10,0
NTS1-LUK1-10,0
NTS1-LUK1-14,0
NTS1-LUK1-16,0
NTS1-LUK1-27,0
NTS1-LUK1-33,0
NTS1-LUK1-7,0
NTS1-LUK1-8,0
NTS1-LUK1-9,0
NTS1-MAS1-11,0
NTS1-MAX1-1,0
NTS1-MAX1-11,0
NTS1-MAX1-11-1,0
NTS1-MAX1-12,0
NTS1-MAX1-14,0
NTS1-MAX1-15,0
NTS1-MAX1-17,0
NTS1-MAX1-2,0
NTS1-MAX1-20,0
NTS1-MAX1-27,0
NTS1-MAX1-28,0
NTS1-MAX1-29-1,0
NTS1-RAM1-11,0
NTS1-RAM1-13,0
NTS1-RAM1-15,0
NTS1-RAM1-8,0
NTS1-STA1-11,0
NTS1-STA1-13,0
NTS1-STA1-17,0
NTS1-STA1-27,0
NTS1-STK1-WOOD,0
NTS1-STA1-28,0
NTS1-ELM-S4,0
NTS1-FOR-S4-1,0
NTS1-ISC-S4,0
NTS1-JAY1-3,0
NTS1-KIN1-2,0
NTS1-KIN1-3,0
NTS1-RAM1-6,0
NTS1-BEV1-11,0
NTS1-BEV1-12,0
NTS1-BEV1-13,0
NTS1-BEV1-14,0
NTS1-BEV1-15,0
NTS1-BEV1-18,0
NTS1-BEV1-19,0
NTS1-BEV1-2,0
NTS1-BEV1-3,0
NTS1-BEV1-4,0
NTS1-BEV1-5,0
NTS1-BEV1-6,0
NTS1-BEV1-7,0
NTS1-BEV1-8,0
NTS1-BOS1-1,0
NTS1-BOS1-11,0
NTS1-BOS1-12,0
NTS1-BOS1-13,0
NTS1-BOS1-14,0
NTS1-BOS1-15,0
NTS1-BOS1-17,0
NTS1-BOS1-18,0
NTS1-BOS1-19,0
NTS1-BOS1-2,0
NTS1-BOS1-3,0
NTS1-BOS1-5,0
NTS1-BOS1-6,0
NTS1-BOS1-7,0
NTS1-BOS1-8,0
NTS1-BOS1-9,0
NTS1-DAR1-1,0
NTS1-DAR1-10,0
NTS1-DAR1-11,0
NTS1-DAR1-12,0
NTS1-DAR1-14,0
NTS1-DAR1-15,0
NTS1-DAR1-17,0
NTS1-DAR1-18,0
NTS1-DAR1-19,0
NTS1-DAR1-2,0
NTS1-DAR1-3,0
NTS1-DAR1-4,0
NTS1-DAR1-5,0
NTS1-DAR1-6,0
NTS1-SOF1-2,0
NTS1-CAR1-33,0
NTS1-ALE1-1,0
NTS1-ALE1-4,0
NTS1-ALE1-12,0
NTS1-ALE1-2,0
NTS1-ALE1-3,0
NTS1-ALE1-5,0
NTS1-ALE1-6,0
NTS1-ALE1-11,0
NTS1-ALE1-11-1,0
NTS1-ALE1-11-2,0
NTS1-ALE1-15,0
NTS1-ALE1-15-1,0
NTS1-ALE1-17,0
NTS1-ALE1-19,0
NTS1-FOR1-2,0
NTS1-ROS1-1,0
NTS1-ROS1-2,0
NTS1-ROS1-10,0
NTS1-ROS1-17,0
NTS1-ROS1-4,0
NTS1-ROS1-3,0
NTS1-ROS1-5,0
NTS1-ROS1-6,0
NTS1-ROS1-9,0
NTS1-ROS1-11,0
NTS1-ROS1-12,0
NTS1-ASP-S24,0
NTS1-BRI-S4-3,0
NTS1-BRI-S4-4,0
NTS1-ELM-S24,0
NTS1-FAB-S72,0
NTS1-GAN-S24,0
NTS1-ISC-S24,0
NTS1-FAB1-9-5,0
NTS1-FAB1-36-2,0
NTS1-FAB1-14-R,0
NTS1-RAM1-12,0
NTS1-RAM1-14,0
NTS1-RAM1-18,0
NTS1-RAM1-19,0
NTS1-RAM1-2,0
NTS1-ALI-RG1-5,0
NTS1-NOV1-29-11,0
NTS1-TUL1-2-2,0
NTS1-TUL1-3-2,0
NTS1-TUL1-39,0
NTS1-AMY-S24,0
NTS1-FAB1-36,0
NTS1-KAN1-15-2,0
NTS1-NOA1-18-2,0
NTS1-NOA1-27,0
NTS1-NOA1-28,0
NTS1-NOA1-33,0
NTS1-NOA1-7,0
NTS1-NOA1-8,0
NTS1-STA1-15,0
NTS1-KAN1-12-1,0
NTS1-FAB1-36-1,0
NTS1-NOV1-15-1,0
NTS1-AVA1-3,0
NTS1-JOR1-11,0
NTS1-LUK1-18,0
NTS1-LUK1-28,0
NTS1-LUK-S24,0
NTS1-RAM1-17,0
NTS1-RAM1-3,0
NTS1-RAM1-4,0
NTS1-RAM1-5,0
NTS1-RAM1-7,0
NTS1-CAR-S72,0
NTS1-DAR1-13,0
NTS1-DAR1-9,0
NTS1-ISC-S130,0
NTS1-ROS1-13,0
NTS1-ROS1-15,0
NTS1-ROS1-18,0
NTS1-ROS1-34,0
NTS1-ROS1-7,0
NTS1-ROS1-8,0
NTS1-DON1-1,0
NTS1-DON1-10,0
NTS1-DON1-11,0
NTS1-DON1-13,0
NTS1-DON1-14,0
NTS1-DON1-15,0
NTS1-DON1-16,0
NTS1-DON1-17,0
NTS1-DON1-18-1,0
NTS1-DON1-19,0
NTS1-DON1-2,0
NTS1-DON1-27,0
NTS1-DON1-28,0
NTS1-DON1-3,0
NTS1-DON1-33,0
NTS1-DON1-4,0
NTS1-DON1-5,0
NTS1-DON1-6,0
NTS1-DON1-7,0
NTS1-DON1-8,0
NTS1-DON1-9,0
NTS1-ROS1-19,0
NTS1-CAR-S4,0
NTS1-DON1-9-M,0
NTS1-DON1-18,0
NTS1-POR1-18,0
NTS1-RIT1-18,0
NTS1-MAX1-29-2,0
NTS1-MAX1-29-S,0
NTS1-ISC1-10,0
NTS1-ISC1-13,0
NTS1-DON1-12,0
NTS1-ELM1-1,0
NTS1-ELM1-10,0
NTS1-ELM1-11,0
NTS1-ELM1-1-1,0
NTS1-ELM1-12,0
NTS1-ELM1-13,0
NTS1-ELM1-14,0
NTS1-ELM1-15,0
NTS1-ELM1-16,0
NTS1-ELM1-17,0
NTS1-ELM1-18,0
NTS1-ELM1-19,0
NTS1-ELM1-2,0
NTS1-ELM1-2-1,0
NTS1-JAY1-11,0
NTS1-JAY1-2,0
NTS1-LEN1-1,0
NTS1-LEN1-11,0
NTS1-LEN1-2,0
NTS1-LEN1-3,0
NTS1-MIA1-1,0
NTS1-MIA1-10,0
NTS1-MIA1-11,0
NTS1-MIA1-12,0
NTS1-MIA1-13,0
NTS1-PRI1-11-O,0
NTS1-PRI1-13,0
NTS1-PRI1-14,0
NTS1-PRI1-15,0
NTS1-PRI1-16,0
NTS1-PRI1-17,0
NTS1-PRI1-18-1,0
NTS1-PRI1-27,0
NTS1-PRI1-29,0
NTS1-PRI1-30,0
NTS1-ISC1-14,0
NTS1-ISC1-15,0
NTS1-ISC1-33,0
NTS1-ISC1-46,0
NTS1-POR1-1,0
NTS1-POR1-2,0
NTS1-POR1-3,0
NTS1-POR1-4,0
NTS1-POR1-5,0
NTS1-POR1-6,0
NTS1-POR1-7,0
NTS1-POR1-9,0
NTS1-POR1-9-1,0
NTS1-POR1-10,0
NTS1-POR1-11-O,0
NTS1-POR1-11-R,0
NTS1-POR1-12,0
NTS1-POR1-13,0
NTS1-POR1-14-O,0
NTS1-POR1-14-R,0
NTS1-POR1-15,0
NTS1-POR1-17,0
NTS1-POR1-18-1,0
NTS1-POR1-27,0
NTS1-POR1-29,0
NTS1-POR1-30,0
NTS1-RIT1-19,0
NTS1-RIT1-41,0
NTS1-MIA1-2,0
NTS1-MIA1-3,0
NTS1-MIA1-7,0
NTS1-MIA1-8,0
NTS1-MIA1-9,0
NTS1-MIA1-14,0
NTS1-MIA1-15,0
NTS1-MIA1-16,0
NTS1-MIA1-17,0
NTS1-MIA1-18-L,0
NTS1-MIA1-27,0
NTS1-GAN1-1,0
NTS1-GAN1-2,0
NTS1-GAN1-2-1,0
NTS1-GAN1-3,0
NTS1-GAN1-3-1,0
NTS1-GAN1-5,0
NTS1-GAN1-6,0
NTS1-GAN1-9,0
NTS1-GAN1-9-1,0
NTS1-GAN1-9-M,0
NTS1-GAN1-11,0
NTS1-GAN1-11-2,0
NTS1-GAN1-12,0
NTS1-GAN1-12-R,0
NTS1-GAN1-13,0
NTS1-GAN1-15,0
NTS1-GAN1-16,0
NTS1-GAN1-17,0
NTS1-GAN1-18,0
NTS1-GAN1-27,0
NTS1-GAN1-28,0
NTS1-GAN1-34-1,0
NTS1-GAN1-34-2,0
NTS1-AVA1-1,0
NTS1-AVA1-2,0
NTS1-AVA1-10,0
NTS1-AVA1-11,0
NTS1-AVA1-12,0
NTS1-AVA1-16,0
NTS1-AVA1-17,0
NTS1-AVA1-18,0
NTS1-AVA1-22,0
NTS1-AVA1-26,0
NTS1-AVA1-27,0
NTS1-AVA1-28,0
NTS1-AVA1-27-1,0
NTS1-ELM1-27,0
NTS1-ELM1-28,0
NTS1-ELM1-3,0
NTS1-ELM1-33,0
NTS1-ELM1-6,0
NTS1-ELM1-7,0
NTS1-ELM1-8,0
NTS1-ELM1-9,0
NTS1-ELM1-9-1,0
NTS1-MAX1-29-1P,0
NTS1-MAX1-3,0
NTS1-MAX1-4,0
NTS1-MAX1-5,0
NTS1-MAX1-6,0
NTS1-MAX1-7,0
NTS1-MAX1-8,0
NTS1-MAX1-9,0
NTS1-MAX1-9-M,0
SEV1-A,0
SEV2-88-106MFD(G),0
SEV3-06-0125,0
SEV3-02-0469,0
SEV3-13-0066,0
SEV3-02-0028,0
SEV3-02-0032,0
SEV3-02-0066,0
SEV3-02-0070,0
SEV3-02-0132,0
SEV3-02-0136,0
SEV3-04-0027,0
SEV3-04-0031,0
SEV3-04-0032,0
SEV3-05-0003,0
SEV3-05-0006,0
SEV3-06-0044,0
SEV3-06-0048,0
SEV3-06-0060,0
SEV3-06-0092,0
SEV3-09-0026,0
SEV3-01-0050,0
SEV2-S-RB-S-6,0
SEV3-02-0488,0
SEV2-UCP205-25,0
SEV2-00707,0
SEV2-00081,0
SEV3-02-0721,0
SEV2-00092,0
SEV3-02-0204,0
SEV3-02-0222,0
SEV3-02-0224,0
SEV3-02-0240,0
SEV3-02-0263,0
SEV3-09-0067,0
SEV3-02-0041,0
SEV2-00109,0
SEV1-P0920,0
SEV1-P0984,0
SEV1-P0996,0
SEV1-P01907,0
SEV3-02-0182,0
SEV3-08-0040,0
SEV3-08-0041,0
SEV3-02-0363,0
SEV3-02-0372,0
SEV3-03-0020,0
SEV3-02-0393,0
SEV1-RMF-15BE,0
SEV3-08-0050,0
SEV3-09-0088,0
SEV3-01-0015,0
SEV2-176,0
SEV2-00145,0
SEV3-06-0122,0
SEV3-04-0115,0
SEV3-02-0813,0
SEV3-02-0012,0
SEV3-02-0045,0
SEV3-02-0056,0
SEV3-02-0076,0
SEV3-02-0138,0
SEV3-02-0159,0
SEV3-08-0007,0
SEV3-09-0025,0
SEV3-09-0031,0
SEV3-02-0171,0
SEV3-02-0184,0
SEV3-13-0067,0
SEV3-03-0022,0
SEV3-09-0098,0
SEV3-02-0476,0
SEV3-02-0477,0
SEV3-02-0478,0
SEV3-02-0479,0
SEV3-02-0483,0
SEV3-06-0138,0
SEV3-06-0139,0
SEV3-06-0140,0
SEV3-06-0143,0
SEV3-06-0146,0
SEV3-02-0486,0
SEV3-09-0102,0
SEV3-06-0148,0
SEV3-02-0489,0
SEV2-00167,0
SEV2-00168,0
SEV3-04-0079,0
SEV2-LE1-M35Q714,0
SEV3-02-0506,0
SEV3-02-0507,0
SEV3-02-0508,0
SEV3-02-0509,0
SEV3-01-0064,0
SEV3-01-0065,0
SEV3-02-0552,0
SEV3-04-0081,0
SEV3-04-0082,0
SEV3-02-0884,0
SEV3-02-0639,0
SEV3-02-0661,0
SEV3-02-0669,0
SEV3-04-0095,0
SEV3-01-0075,0
SEV3-02-0882,0
SEV3-09-0119,0
SEV3-09-0120,0
SEV3-09-0121,0
SEV3-08-0086,0
SEV3-02-0734,0
SEV3-02-0735,0
SEV3-10-0387,0
SEV3-02-0741,0
SEV3-02-0742,0
SEV3-10-0407,0
SEV3-02-0739,0
SEV3-10-0063,0
SEV3-13-0007,0
SEV3-08-0038,0
SEV3-09-0077,0
SEV3-04-0053,0
SEV3-02-0200,0
SEV3-04-0042,0
SEV3-09-0082,0
SEV3-02-0355,0
SEV3-09-0083,0
SEV3-02-0356,0
SEV3-02-0358,0
SEV2-00141,0
SEV2-00142,0
SEV2-00143,0
SEV2-00140,0
SEV2-00001,0
SEV2-00002,0
SEV2-00003,0
SEV2-KB10,0
SEV2-00004,0
SEV2-00005,0
SEV2-00007,0
SEV2-00013,0
SEV2-00014,0
SEV2-00040,0
SEV2-00042,0
SEV2-00043,0
SEV2-00045,0
SEV2-00150,0
SEV2-00151,0
SEV2-00146,0
SEV2-00148,0
SEV2-00149,0
SEV2-00038,0
SEV2-00039,0
SEV2-60128010,0
SEV2-00058,0
SEV2-1535610,0
SEV2-00023,0
SEV2-SC20-30-7,0
SEV2-00028,0
SEV2-00030,0
SEV2-00031,0
SEV2-00035,0
SEV2-00037,0
SEV2-00044,0
SEV2-UCP207-35,0
SEV2-00048,0
SEV2-00050,0
SEV2-00052,0
SEV2-00053,0
SEV2-00156,0
SEV2-00047,0
SEV2-00054,0
SEV2-00157,0
SEV2-00159,0
SEV2-S-RB-F-6,0
SEV2-S-RB-S-8,0
SEV2-S-RB-F-8,0
SEV2-R404A,0
SEV2-00160,0
SEV2-PE39080-00,0
SEV2-LV4403B4,0
SEV2-00161,0
SEV2-00170,0
SEV2-00193,0
SEV2-KG316T-II,0
SEV2-00164,0
SEV2-00165,0
SEV2-D-03,0
SEV2-00166,0
SEV2-W500L2000,0
SEV2-00169,0
SEV2-00175,0
SEV2-00177,0
SEV2-00179,0
SEV2-00180,0
SEV2-00182,0
SEV2-MDYA-60,0
SEV2-00183,0
SEV2-00184,0
SEV2-00185,0
SEV2-00186,0
SEV2-00190,0
SEV2-00191,0
SEV2-00192,0
SEV2-30205,0
SEV2-6204RZ,0
SEV2-SEAL,0
SEV2-00056,0
SEV2-00200,0
SEV2-00201,0
SEV2-6200Z,0
SEV2-00203,0
SEV2-W500L1920,0
SEV2-00061,0
SEV2-6202-VA201,0
SEV2-CS-41,0
SEV2-CS-42,0
SEV2-00209,0
SEV2-00210,0
SEV2-00211,0
SEV2-00212,0
SEV2-00214,0
SEV2-00215,0
SEV2-00227,0
SEV2-RL7012-SZ,0
SEV2-41063,0
SEV2-00704,0
SEV2-00062,0
SEV2-00063,0
SEV2-00064,0
SEV2-00066,0
SEV2-00067,0
SEV2-00068,0
SEV2-00069,0
SEV2-00070,0
SEV2-W500XL2040,0
SEV2-00071,0
SEV2-00072,0
SEV2-00073,0
SEV2-00075,0
SEV2-00076,0
SEV2-00078,0
SEV2-00079,0
SEV2-UCP205-100DI,0
SEV2-00080,0
SEV2-00082,0
SEV2-C-40,0
SEV2-00084,0
SEV2-00085,0
SEV2-00088,0
SEV2-00099,0
SEV2-UC-206,0
SEV2-00089,0
SEV2-00090,0
SEV2-00091,0
SEV2-00093,0
SEV2-00096,0
SEV2-00098,0
SEV2-00263,0
SEV2-00104,0
SEV2-00105,0
SEV2-00108,0
SEV2-00113,0
SEV2-00112,0
SEV2-6203-2RSH,0
SEV2-00127,0
SEV2-00135,0
SEV2-00136,0
SEV2-00110,0
SEV2-00111,0
SEV2-00116,0
SEV2-00118,0
SEV2-00120,0
SEV2-00121,0
SEV2-00123,0
SEV2-00124,0
SEV2-00125,0
SEV2-00128,0
SEV2-00129,0
SEV2-00130,0
SEV2-00131,0
SEV2-00132,0
SEV2-00133,0
SEV2-00134,0
SEV1-BK23NAX,0
SEV1-WFS,0
SEV1-WTS-32DM,0
SEV1-B,0
SEV1-32X49.5X6,0
SEV1-WTS-32SM,0
SEV1-WTS-32DN,0
SEV1-EW301,0
SEV1-SW20KG,0
SEV1-KNF0034,0
SEV1-P0922,0
SEV1-KR-60,0
SEV1-KHB,0
SEV1-BKP55X65,0
SEV1-CS-13,0
SEV1-K-109,0
SEV1-BFS-202,0
SEV1-KD-200-2000,0
SEV1-JS072,0
SEV1-BCH007-BLACK,0
SEV1-PM-2110,0
SEV1-74120,0
SEV1-DXDS-60,0
SEV1-IS-1207,0
SEV1-MT-1002,0
SEV1-FT-0302,0
SEV1-MT-0003,0
SEV1-KILO-30WP,0
SEV1-SK-2060-20,0
SEV1-CAS-SW-1WR-5K,0
SEV1-CAS-ECB-150K,0
SEV1-OSCAR-DA100,0
SEV1-EP1600FL8,0
SEV1-KC152,0
SEV1-TCS-TZ-100,0
SEV1-TCT00417,0
SEV1-G90-10-LZ-20A,0
SEV1-HTC-1,0
SEV1-800-800,0
SEV1-MS-101,0
SEV1-BT-2,0
SEV1-WT-1B,0
SEV1-LZ16A,0
SEV1-IS-1204,0
SEV1-TP24,0
SEV1-SUPER-3S,0
SEV1-7328,0
SEV1-KMC-1301,0
SEV1-WPB-115,0
SEV1-DXSP-10,0
SEV1-DXSP-10C,0
SEV1-4462,0
SEV1-PM-2118,0
SEV1-WTS-38DM,0
SEV1-WTS-38DN,0
SEV1-IRP-550,0
SEV1-KPZ-2270,0
SEV1-KPZ-2272,0
SEV1-KPZ-2274,0
SEV1-MIN-1-2,0
SEV1-DCH-6,0
SEV1-DCH-8,0
SEV1-DCH-12,0
SEV1-DCH-15,0
SEV1-DCH-18,0
SEV1-CMH-1,0
SEV1-MHS-1,0
SEV1-MHS-2,0
SEV1-DMH-3,0
SEV1-66CS,0
SEV1-90PT,0
SEV1-67SP,0
SEV1-99SF,0
SEV1-MSQ-2,0
SEV1-SMT-1,0
SEV1-SMT-2,0
SEV1-SMT-3,0
SEV1-4461,0
SEV1-4467,0
SEV1-PM-2106,0
SEV1-PM-2108,0
SEV1-PM-2112,0
SEV1-40611,0
SEV1-40612,0
SEV1-40616,0
SEV1-KRD-4,0
SEV1-GCJ-7,0
SEV1-GCJ-7L,0
SEV1-HFJ-4,0
SEV1-KGB-3081,0
SEV1-KGB-3082,0
SEV1-76322,0
SEV1-70378,0
SEV1-CCP-12A,0
SEV1-9186-6,0
SEV1-9188-03,0
SEV1-9188-05,0
SEV1-NCD-64,0
SEV1-3264,0
SEV1-WPB-120,0
SEV1-WPB-130,0
SEV1-DXSP-8C-BK,0
SEV1-DXSP-10C-BK,0
SEV1-CS-1305,0
SEV1-PZ-DD5704,0
SEV1-RSS-299,0
SEV1-SF-1005,0
SEV1-RA-296,0
SEV1-RA-297,0
SEV1-RA-298,0
SEV1-CNP,0
SEV1-3059,0
SEV1-1-34-09-0111-00-0,0
SEV1-1-34-09-0153-00-0,0
SEV1-1-34-09-0154-00-0,0
SEV1-R-10-01-0013-00-0-S,0
SEV1-R-10-01-0013-00-0-M,0
SEV1-R-10-01-0013-00-0-L,0
SEV1-R-10-01-0013-00-0-01,0
SEV1-R-10-01-0013-00-0-02,0
SEV1-4CB5K,0
SEV1-MC2,0
SEV1-2CB5K,0
SEV1-R-10-01-0013-00-0-03,0
SEV1-R-10-01-0013-00-0-04,0
SEV1-R-10-01-0001-00-0,0
SEV1-W-FILTER,0
SEV1-HB210,0
SEV1-SUPER-3S-6K,0
SEV1-SUPER-3S-1.5K,0
SEV1-FEJ-600A,0
SEV1-FEJ-1500A,0
SEV1-R-10-01-0013-00-0,0
SEV1-R-10-01-0013-00-0-12,0
SEV1-WATERONE-00008,0
SEV1-DS-671,0
SEV1-V.214C,0
SEV1-QMP-18,0
SEV1-QMP-36,0
SEV1-WTS-38SM,0
SEV1-V207-C,0
SEV1-V207-R,0
SEV1-KD-KC-1000,0
SEV1-KD-KC-5000,0
SEV1-PCS300C,0
SEV1-LEWE-750K,0
SEV1-SP-1203,0
SEV1-24CR519,0
SEV1-UV1-EPCB,0
SEV1-C-FILTER,0
SEV1-KD-321,0
SEV1-MA0021,0
SEV1-152022,0
SEV1-152023,0
SEV1-KCC1000,0
SEV1-OTK01,0
SEV1-P01910,0
SEV1-RB-0325,0
SEV1-PT-0203,0
SEV1-CT-1002,0
SEV1-1P01909,0
SEV1-P4004,0
SEV1-K150W-200K,0
SEV1-R-2000S,0
SEV1-240R,0
SEV1-1530R16,0
SEV1-1530W12,0
SEV1-1B00710,0
SEV1-1B00411,0
SEV1-1B00412,0
SEV1-1B00410,0
SEV1-1B00309,0
SEV1-1B00310,0
SEV1-1C24010,0
SEV1-1C24012,0
SEV1-240CL,0
SEV1-220BK,0
SEV1-SCRA-03,0
SEV1-QMP-18BW,0
SEV1-QMP-18GN,0
SEV1-QMP-18RD,0
SEV1-QMP-18WT,0
SEV1-QMP-18OG,0
SEV1-QMP-18YL,0
SEV1-QMP-36BW,0
SEV1-QMP-36GN,0
SEV1-QMP-36RD,0
SEV1-QMP-36OG,0
SEV1-QMP-36WT,0
SEV1-QMP-36YL,0
SEV1-QMP-72BW,0
SEV1-QMP-72GN,0
SEV1-QMP-72RD,0
SEV1-QMP-72OG,0
SEV1-QMP-72WT,0
SEV1-QMP-72YL,0
SEV1-KP-20,0
SEV1-KP-45,0
SEV1-MP-2500CL,0
SEV1-MP-2500BL,0
SEV1-MP-2500RD,0
SEV1-PRP-2CL,0
SEV1-PRP-2WH,0
SEV1-PRP-2YL,0
SEV1-PRP-2GR,0
SEV1-PRP-2BL,0
SEV1-PRP-2RD,0
SEV1-PRP-2BK,0
SEV1-BS-0040,0
SEV1-BS-90,0
SEV1-BST-22,0
SEV1-STA-29,0
SEV1-TST-2B,0
SEV1-020,0
SEV1-9554,0
SEV1-H-331,0
SEV1-WB-8,0
SEV1-FBS-28,0
SEV1-MIB-21,0
SEV1-70899,0
SEV1-ATD-45,0
SEV1-KSD-3375,0
SEV1-J-139,0
SEV1-007-300,0
SEV1-007-750,0
SEV1-026-3060,0
SEV1-JIG-1,0
SEV1-JIG-3,0
SEV1-KJIG-5150,0
SEV1-CS-1001,0
SEV1-SCRA-05,0
SEV1-SCRA-12,0
SEV1-SCRA-24,0
SEV1-SCRA-38,0
SEV1-SCRA-58,0
SEV1-SCRA-85,0
SEV1-QMP-72,0
SEV1-QMP-NH,0
SEV1-KSC-2542,0
SEV1-CD-1,0
SEV1-CD-2,0
SEV1-SCS-4,0
SEV1-5717,0
SEV1-70953-C,0
SEV1-3005,0
SEV1-SSRP-16,0
SEV1-DXFT-65P,0
SEV1-MT-020,0
SEV1-P4027,0
SEV1-P4155,0
SEV1-P4122,0
SEV1-P4173,0
SEV1-P4175,0
SEV1-ISI-1703,0
SEV1-ISI-1630,0
SEV1-135021,0
SEV1-135033,0
SEV1-135036,0
SEV1-135045,0
SEV1-135050,0
SEV1-MKE004,0
SEV1-MTA-10,0
SEV1-SB-V1506-1509S0MN,0
SEV1-SB-V1506-2612M0MN,0
SEV1-P0954-L,0
SEV1-P0920-L,0
SEV1-P0922-L,0
SEV1-P0924-L,0
SEV1-P0996-L,0
SEV1-P0901-L,0
SEV1-P0909-L,0
SEV1-P0908-L,0
SEV1-P0960-L,0
SEV1-P0943-L,0
SEV1-P0978-L,0
SEV1-P0979-L,0
SEV1-P0980-L-L,0
SEV1-P0973-L,0
SEV1-P0262-L,0
SEV1-P0213-L,0
SEV1-P0249-L,0
SEV1-P5012-L,0
SEV1-P5013-L,0
SEV1-P5089-L,0
SEV1-FCP-5,0
SEV1-CTW-2,0
SEV1-CCB-1218BN,0
SEV1-TCS-TZ-3040-60K,0
SEV1-KW211-10K,0
SEV1-KW-301-B,0
SEV1-HW-100KC,0
SEV1-WPB-320,0
SEV1-72324,0
SEV1-SP-1210,0
SEV1-SP-1212,0
SEV1-SP-1215,0
SEV1-FHS-1,0
SEV1-AP2730,0
SEV1-FD-1206,0
SEV1-WPB-340,0
SEV1-WPB-415,0
SEV1-WPB-420,0
SEV1-WPB-430,0
SEV1-WPB-40R,0
SEV1-WPB-42H,0
SEV1-RSS-294,0
SEV1-CCB-1218YL,0
SEV1-CCB-1218GN,0
SEV1-CCB-1218RD,0
SEV1-CCB-1218BL,0
SEV1-RP-12181WH,0
SEV1-CCB-1520BN,0
SEV1-CCB-1520YL,0
SEV1-CCB-1520GN,0
SEV1-CCB-1520RD,0
SEV1-CCB-1520BL,0
SEV1-RP-15201WH,0
SEV1-CCB-1824,0
SEV1-CCB-1824YL,0
SEV1-CCB-1824GN,0
SEV1-CCB-1824RD,0
SEV1-CCB-1824BL,0
SEV1-RP-18241WH,0
SEV1-WPB-010,0
SEV1-WPB-025,0
SEV1-WPB-030,0
SEV1-349,0
SEV1-K-250,0
SEV1-K-375,0
SEV1-MM-138,0
SEV1-BXGR-4,0
SEV1-WSK-6,0
SEV1-WSK-7,0
SEV1-DSM-8,0
SEV1-34010,0
SEV1-HDC-8,0
SEV1-FB-1108,0
SEV1-FB-1110,0
SEV1-FB-1112,0
SEV1-FB-1208,0
SEV1-FB-1210,0
SEV1-FB-1212,0
SEV1-WW-1010,0
SEV1-WW-1018,0
SEV1-WW-1110,0
SEV1-WW-1118,0
SEV1-SRP-10,0
SEV1-SRP-14,0
SEV1-SRP-16,0
SEV1-SSRP-14,0
SEV1-SRPN-10,0
SEV1-SRPN-14,0
SEV1-SRPN-16,0
SEV1-DXPK-27,0
SEV1-KT-27,0
SEV1-PSW-52,0
SEV1-WRPG-20,0
SEV1-WRPG-205,0
SEV1-PF-12,0
SEV1-PF-21,0
SEV1-6606,0
SEV1-SRPH-16,0
SEV1-SSPH-10,0
SEV1-SSPH-16,0
SEV1-AMC-08,0
SEV1-AMC-10,0
SEV1-AMC-12,0
SEV1-AMC-20,0
SEV1-AMC-40,0
SEV1-AMC-50,0
SEV1-AMC-70,0
SEV1-DS-6,0
SEV1-BS-64,0
SEV1-4424,0
SEV1-VT-2109B,0
SEV1-VT-2109G,0
SEV1-VT-2112B,0
SEV1-VT-2112G,0
SEV1-VT-2112R,0
SEV1-KR-12,0
SEV1-SST-8,0
SEV1-KPT-9D,0
SEV1-WUT-15VH,0
SEV1-532T,0
SEV1-PT-1007CL,0
SEV1-PT-1007WH,0
SEV1-KSC-2545,0
SEV1-BSP-10,0
SEV1-BSP-12,0
SEV1-BSP-14,0
SEV1-MAG-18,0
SEV1-PMB-13,0
SEV1-PMB-18,0
SEV1-PMB-24,0
SEV1-LIPC-0,0
SEV1-LIPC-1,0
SEV1-LIPC-2,0
SEV1-LIPC-4,0
SEV1-LIPC-5,0
SEV1-LIPC-6,0
SEV1-DSO-15,0
SEV1-DPE-13,0
SEV1-DPE-15,0
SEV1-DSL-13,0
SEV1-DSL-15,0
SEV1-RW-SO-12,0
SEV1-RW-SL-12,0
SEV1-RW-SS-12,0
SEV1-RW-DL-4,0
SEV1-BW-2001,0
SEV1-BW-2002,0
SEV1-74144,0
SEV1-KLH-10,0
SEV1-KLH-12,0
SEV1-KLH-14,0
SEV1-SB-V1506-2612MOMN,0
SEV1-CDR-15,0
SEV1-3S-6K,0
SEV1-3S-15K,0
SEV1-DRC-30,0
SEV1-23508,0
SEV1-23524,0
SEV1-30106,0
SEV1-34513,0
SEV1-37440,0
SEV1-DHS-2M,0
SEV1-SEW5020,0
SEV1-J-139A,0
SEV1-BM-753BN,0
SEV1-WWB-13NS,0
SEV1-WMP-24,0
SEV1-BOI-6,0
SEV1-WRPG-18,0
SEV1-P0307,0
SEV1-P0921,0
SEV1-P4003,0
SEV1-WMP-30,0
SEV1-MPG-5,0
SEV1-MPG-6,0
SEV1-MPG-7,0
SEV1-MPG-8,0
SEV1-MPG-9,0
SEV1-WRPG-15,0
SEV1-501.660.50,0
SEV1-CAP-10F,0
SEV1-WMD-10BK,0
SEV1-P1060,0
SEV1-P0968,0
SEV1-DHM6,0
SEV1-PP-15,0
SEV1-SELECTION,0
SEV1-TES50129RW,0
SEV1-TES50328RW,0
SEV1-DS10,0
SEV1-MS-DR2,0
SEV1-CP-80-MULTI,0
SEV1-C44BP,0
SEV1-BCI600,0
SEV1-SMOKING,0
SEV1-SKK-0707Z,0
SEV1-SD-SLME-15L1,0
SEV1-SD-SLME-15L2,0
SEV1-TC582S,0
SEV1-EASY-FRESH,0
SEV1-NE-1353T,0
SEV1-SEV-7803,0
SEV1-FEJ-5000A,0
SEV1-621-265(200MJ),0
REF2-00125,0
REF1-M084,0
REF2-00090,0
REF1-00014,0
REF1-UCH-720GGLF,0
REF1-SMF-400SAD,0
REF1-SCN120,0
REF1-SCN180,0
REF1-SY100,0
REF1-2DG,0
REF1-FRF118,0
REF1-OPTC100,0
REF1-OPTC120,0
REF1-FRF90,0
REF1-SC70,0
REF1-SC100,0
REF1-SC120,0
REF1-SC150,0
REF1-SC180,0
REF1-MC-3P,0
REF1-MCH-2P,0
REF1-SNH-0203,0
REF1-SCN150,0
REF1-P.070,0
REF1-P.075,0
REF1-00005,0
REF1-SYU400,0
REF1-DWC-200SBD,0
REF1-SY300,0
REF1-NT245MF1,0
REF1-SMF-320SAD,0
REF1-SVC-400SDD,0
REF1-00002,0
REF1-00004,0
REF1-00006,0
REF1-4DU-F-L,0
REF1-SMCF-400SBD,0
REF1-SWC325SAD,0
REF1-F.150,0
REF1-SC120S-S,0
REF1-SMCF-320SAD,0
REF1-SDC-1000AY,0
REF1-BFR-2300,0
REF1-00010,0
REF1-00020,0
REF1-00021,0
REF1-00024,0
REF1-00015,0
REF1-FM-120EE,0
REF1-SCT-060,0
REF1-SVC-150,0
REF1-SVC-250,0
REF1-SVC-400,0
REF1-00022,0
REF1-SNQ-0803,0
REF1-SNQ-0203,0
REF1-SNQ-0253,0
REF1-SNQ-0403,0
REF1-SCM-270SAD,0
REF1-HCF-208H-2,0
REF1-SNC-0145,0
REF1-SKS-0907Z,0
REF1-SCM-320SAD,0
REF1-SEC-1000SBD,0
REF1-SEC-1500SBD,0
REF1-DWC-300SBD,0
REF1-EXPOSER-J95-CP,0
REF1-SWC215SAD,0
REF1-SWC435SAD,0
REF1-BSW-1200B,0
REF1-BETTY-3SG,0
REF1-F253,0
REF1-00027,0
REF1-00028,0
REF1-UFC-1320GSLF,0
REF1-UFC-1320GSWF-C,0
REF1-00030,0
REF1-00031,0
REF1-SVC-1000SAD,0
REF1-00032,0
REF1-SDC1500AY,0
REF1-SBC-245K,0
REF1-SWV-1106D41A,0
REF1-00034,0
REF1-00035,0
REF1-00036,0
REF1-00039,0
REF1-CC-8,0
REF2-CN101,0
REF2-CN001,0
REF2-AM-009E,0
REF2-00034,0
REF2-AE7430Y,0
REF2-KJA2M4002,0
REF2-12MF,0
REF2-KME660-24-C,0
REF2-MRA68242,0
REF2-9660-243-143,0
REF2-9660-251-140,0
REF2-KJA4M,0
REF2-PT203,0
REF2-PT303,0
REF2-RF-7780,0
REF2-00014,0
REF2-UPPER-LEFT,0
REF2-WIRE-SENSOR,0
REF2-00047,0
REF2-88-108,0
REF2-00157,0
REF2-00080,0
REF2-EX-LT2002,0
REF2-00097,0
REF2-EL-6-4058042,0
REF2-EC1-233,0
REF2-00119,0
REF2-00011,0
REF2-00012,0
REF2-00023,0
REF2-00016,0
REF2-00013,0
REF2-00029,0
REF2-AE4440Y,0
REF2-AE4430Y,0
REF2-00120,0
REF2-AW9516Z,0
REF2-00122,0
REF2-00123,0
REF2-00124,0
REF2-00030,0
REF2-00017,0
REF2-00020,0
REF2-AW5515EK,0
REF2-AE7440EK,0
REF2-AE7440AK,0
REF2-00002,0
REF2-00025,0
REF2-AE4448Y,0
REF2-AJ2425A,0
REF2-AE7435EK,0
REF2-AE2415Y,0
REF2-8MF,0
REF2-00003,0
REF2-M4Q045-CA03,0
REF2-00008,0
REF2-00009,0
REF2-00026,0
REF2-00031,0
REF2-00028,0
REF2-00019,0
REF2-00018,0
REF2-00022,0
REF2-00024,0
REF2-00021,0
REF2-BA7445EK,0
REF2-WJ2435ZK-SA,0
REF2-00027,0
REF2-00032,0
REF2-00035,0
REF2-00036,0
REF2-00037,0
REF2-00038,0
REF2-00039,0
REF2-00040,0
REF2-00041,0
REF2-00042,0
REF2-00043,0
REF2-00045,0
REF2-00046,0
REF2-00048,0
REF2-FJ155,0
REF2-00050,0
REF2-00052,0
REF2-AE9437Y-SR,0
REF2-AE4459Y-SR,0
REF2-00056,0
REF2-00126,0
REF2-AE4425Y,0
REF2-MM18105F,0
REF2-MRA68237,0
REF2-KME684-3,0
REF2-00053,0
REF2-00054,0
REF2-30MFD,0
REF2-00127,0
REF2-00128,0
REF2-00129,0
REF2-W-OP4,0
REF2-00131,0
REF2-00132,0
REF2-00133,0
REF2-00136,0
REF2-ZB19KQE-TFD-558,0
REF2-00137,0
REF2-00138,0
REF2-00139,0
REF2-00140,0
REF2-00141,0
REF2-00145,0
REF2-00146,0
REF2-00147,0
REF2-00148,0
REF2-00149,0
REF2-00150,0
REF2-00151,0
REF2-00152,0
REF2-00155,0
REF2-00156,0
REF2-00055,0
REF2-00159,0
REF2-00059,0
REF2-58,0
REF2-WJ5510EK,0
REF2-00061,0
REF2-00062,0
REF2-00063,0
REF2-00064,0
REF2-00065,0
REF2-00068,0
REF2-00069,0
REF2-00070,0
REF2-00071,0
REF2-00074,0
REF2-00076,0
REF2-WB92,0
REF2-00077,0
REF2-00078,0
REF2-00079,0
REF2-00082,0
REF2-00083,0
REF2-00084,0
REF2-00105,0
REF2-00085,0
"REF2-TIE-HW,TIO-002",0
REF2-00088,0
REF2-TIE-HW,0
REF2-00091,0
REF2-00099,0
REF2-00087,0
REF2-00092,0
REF2-00093,0
REF2-00094,0
REF2-00095,0
REF2-200RB4S3T,0
REF2-00096,0
REF2-00098,0
REF2-00100,0
REF2-00101,0
REF2-00102,0
REF2-043-0111-00,0
REF2-3ARR3U13AS2,0
REF2-00106,0
REF2-00113,0
REF2-00114,0
REF2-00115,0
REF2-00118,0
REF2-AW7512Z,0
LKK2-63062RS,0
NEW2-005,0
LKK2-6203-2RSH,0
FUJ2-B2,0
FUJ2-B3,0
FUJ2-B4,0
WIN2-3102477,0
NEW2-MH,0
RTN2-40.03.513P,0
WIN2-61006875,0
RTN2-20.01.802P,0
RTN2-20.00.394P,0
LKK2-LED12V,0
HAM2-LS-LC,0
LKK2-MBB,0
IMC2-75-001,0
HOS2-A18,0
HOS2-A21,0
HOS2-A23,0
HOS2-A25,0
HOS2-A34,0
WIN2-61006874,0
NEW2-006,0
RTN2-24.00.194,0
RTN2-42.00.080P,0
RTN2-87.00.139,0
NEW2-007,0
FUJ2-A1,0
FUJ2-A2,0
FUJ2-A3,0
FUJ2-A4,0
FUJ2-A5,0
WIN2-61007025,0
WIN2-61007023,0
WIN2-61006768,0
WIN2-30002770,0
RTN2-22.00.188,0
SKP2-ML80TB,0
WIN2-6001110,0
NEW2-UD-8,0
NEW2-2061962-02S,0
NEW2-AV5535,0
NEW2-SC-51,0
NEW2-A3A4,0
RTN2-40.02.512P,0
WIN2-30011898,0
RTN2-42.00.047,0
NEW2-TB32,0
NEW2-H3JA-8C-5A,0
BER2-HT-196,0
NEW2-PLB,0
NEW2-WAS,0
NEW2-WAH,0
HOS2-B4,0
ROB2-EC1000254,0
NEW2-001,0
NEW2-002,0
NEW2-003,0
LKK2-TJ32-07SS,0
NEW2-NT-PM0080,0
HOS2-A29,0
NEW2-004,0
HOS2-A2,0
HOS2-B3,0
HOS2-A3,0
HOS2-A4,0
HOS2-A5,0
HOS2-A9,0
HOS2-A10,0
HOS2-A11,0
HOS2-A12,0
HOS2-A14,0
HOS2-A15,0
HOS2-A16,0
HOS2-A17,0
RTN2-110402356-24.00.194,0
LKK2-42210H,0
NTS2-DS,0
RTN2-40.00.277,0
COE1-AE100,0
IPR1-00001,0
CHE1-QED,0
FUJ1-10L,0
CHE1-SIP-RUST-501,0
PNS1-DH-6GM1T,0
UNM1-03-HAC,0
KLT1-BLACK-85150,0
KLT1-BLACK-50175,0
KLT1-DOVE-4570,0
PNS1-SR972F,0
PRC1-FD-50,0
PRC1-DRC-30,0
PRC1-DRC-6,0
RIN1-RRA-106,0
OCG1-4GB004H013,0
PRC1-T32XW-20G,0
PRC1-T32XW-10G,0
CHE1-DILAC-20L-VA1,0
PRC1-JH-8290,0
PRC1-TWI-700W-EA4050,0
RTN1-ICOMBI-CLASSIC-20-E,0
PRC1-K-120W,0
NTS1-MBF-40C-L,0
RTN1-ICOMBI-CLASSIC-10-E,0
SAY1-EM-C1900,0
PRC1-K-150W,0
KLT1-KKUSHION87X140,0
PRC1-BWS-EAS5060,0
PRC1-A12-EA5060,0
KLT1-BLACK-6086,0
KLT1-MONO-DOVE-6085,0
KLT1-MONO-DOVE-85150,0
KLT1-WATER-HORSE-6288,0
KLT1-WATER-HORSE-88146,0
RIN1-RRA-153,0
RIN1-0001,0
PRC1-SW9600,0
LCR1-4LS14CN15E,0
LCR1-4LS14HR24E,0
LCR1-4LS14MT13E,0
LCR1-4LT14BR24E,0
LCR1-1LS10CW13E,0
LCR1-4LT04LD16E,0
LCR1-1LS16BD27E,0
LCR1-1LT16DR13,0
LCR1-4LS12MN06E,0
LCR1-4LS12NR06E,0
LCR1-1LT03GP04E,0
LCR1-4LT16SW22E,0
LCR1-4PH004A03201G0001,0
LCR1-3LS01BD2602G0003,0
LCR1-3LS01BG2602G0003,0
LCR1-3LS01CD1302G0003,0
LCR1-3LS01CP0602G0003,0
LCR1-5LS01AQ1306G0000,0
LCR1-5LS01BD2606G0000,0
LCR1-5LS01BG2606G0000,0
LCR1-5LS01CB1706G0000,0
LCR1-5LS01CD1306G0000,0
LCR1-5LS01CP0606G0000,0
LCR1-5LS01RL0906G0000,0
LCR1-3LS02BD2202G0003,0
LCR1-3LS02BG2602G0003,0
LCR1-3LS02CD1302G0003,0
LCR1-3LS02CP0602G0003,0
LCR1-5LS02BD2206G0000,0
LCR1-5LS02BG2606G0000,0
LCR1-5LS02CB1706G0000,0
LCR1-5LS02CD1306G0000,0
LCR1-5LS02CP0606G0000,0
LCR1-5LS02RL0906G0000,0
LCR1-3LS03BD2602G0003,0
LCR1-3LS03BG2302G0003,0
LCR1-3LS03CD1402G0003,0
LCR1-3LS03CP0902G0003,0
LCR1-5LS03BD2606G0000,0
LCR1-5LS03BG2306G0000,0
LCR1-5LS03BJ1806G0000,0
LCR1-5LS03CD1406G0000,0
LCR1-5LS03CN2306G0000,0
LCR1-5LS03CP0906G0000,0
LCR1-5LS03MN0806G0000,0
LCR1-3LT03DR1406G0001,0
LCR1-3LT03HB1006G0001,0
LCR1-3LT03LD1506G0001,0
LCR1-3LT03RK1006G0001,0
LCR1-3LS04BD2702G0004,0
LCR1-3LS04BG3202G0003,0
LCR1-3LS04CD1502G0003,0
LCR1-3LS04CP0902G0003,0
LCR1-5LS04BD2706G0000,0
LCR1-5LS04BG3206G0000,0
LCR1-5LS04CB1906G0000,0
LCR1-5LS04CD1506G0000,0
LCR1-5LS04CP0906G0000,0
LCR1-4LT04DR1306G0000,0
LCR1-4LT04HB1006G0000,0
LCR1-4LT04LD1606G0000,0
LCR1-4LT04RK1006G0000,0
LCR1-3LS10CW1302G0000,0
LCR1-3LS10ER2102G0000,0
LCR1-3LS10RR2502G0000,0
LCR1-3LS10RW1702G0000,0
LCR1-3LS10SL0802G0000,0
LCR1-3LS10US1502G0000,0
LCR1-3LS10CW1306G0000,0
LCR1-3LS10ER2106G0000,0
LCR1-3LS10SL0806G0000,0
LCR1-3LS10US1506G0000,0
LCR1-3LS10RR2506G0000,0
LCR1-3LS10RW1706G0000,0
LCR1-3GSC00006G0001,0
LCR1-4LS12MN0602G0000,0
LCR1-4LS12SC0702G0000,0
LCR1-4LS13CU1202G0000,0
LCR1-4LS13DC1202G0000,0
LCR1-4LS13LT0902G0000,0
LCR1-4LS13SC0702G0000,0
LCR1-4LT12HB1206G0000,0
LCR1-4LT12LB1406G0000,0
LCR1-4LT12QC2106G0000,0
LCR1-4LS12TL2002G0000,0
LCR1-3LS16BD2702G0000,0
LCR1-3LS16BG2402G0000,0
LCR1-3LS16BJ1802G0000,0
LCR1-3LS16CD1402G0000,0
LCR1-3LS16CP0902G0000,0
LCR1-3LS16BD2706G0000,0
LCR1-3LS16BG2406G0000,0
LCR1-3LS16BJ1806G0000,0
LCR1-3LS16CD1406G0000,0
LCR1-3LS16CP0906G0000,0
LCR1-4LS15WR2002G0000,0
LCR1-4LS15AR2602G0000,0
LCR1-4LS15EH2402G0000,0
LCR1-4LS15FE2902G0000,0
LCR1-4LS15GD1002G0000,0
LCR1-3GSC00005G0003,0
LCR1-4LS18CS0602G0001,0
LCR1-4LS18DL0502G0001,0
LCR1-4LS18PT0602G0001,0
LCR1-4LS18SR0802G0001,0
LCR1-3GSC00004G0005,0
LCR1-3LS04BD2702G0007,0
LCR1-3LS04CD1502G0004,0
LCR1-3LS04CP0902G0006,0
LCR1-4GB01G0023,0
LCR1-3GS000004G0140,0
LCR1-4LT04SW2204G0001,0
LCR1-4LT16SW2204G0001,0
LCR1-4GB06G0001,0
LCR1-4GB06G0002,0
LCR1-4GB06G0003,0
LCR1-4GB06G0004,0
LCR1-4GB01G0018,0
LCR1-4GB01G0013,0
LCR1-4GB01G0014,0
LCR1-4GB01G0015,0
LCR1-4GB01G0016,0
LCR1-4GB01G0017,0
LCR1-4GB01G0019,0
LCR1-4GB01G0020,0
LCR1-4GB01G0021,0
LCR1-3GSC00003G0019,0
LCR1-3GSC00003G0020,0
LCR1-3GS000006G0063,0
LCR1-3GS000012G0062,0
LCR1-3GS000012G0063,0
LCR1-3GS000012G0064,0
LCR1-3LS17BD2202G0001,0
LCR1-3LS17CD1302G0001,0
LCR1-4LZ001F00001G0001,0
LCR1-3LS04CB1902G0004,0
LCR1-3GSC00004G0006,0
LCR1-3LS04BD2702G0014,0
LCR1-3LS04BD2702G0015,0
LCR1-3LS04BD2702G0017,0
LCR1-3LS04CD1502G0005,0
LCR1-3LS04CP0902G0007,0
LCR1-3LS04BD2702G0016,0
LCR1-3LS16BJ1802G0002,0
LCR1-3LS16BD2702G0009,0
LCR1-3GSC00004G0007,0
LCR1-3LS16BD2702G0010,0
LCR1-4LS15EH2402G0001,0
LCR1-3LS21BD2702G0001,0
LCR1-3LS21BG2802G0001,0
LCR1-3LS21CB1902G0001,0
LCR1-3LS21CD1402G0001,0
LCR1-3LS21CP1002G0001,0
LCR1-3LS21BD2706G0001,0
LCR1-3LS21BG2806G0001,0
LCR1-3LS21CB1906G0001,0
LCR1-3LS21CD1406G0001,0
LCR1-3LS21CP1006G0001,0
LCR1-3P0336102G0001,0
LCR1-3P0336102G0002,0
LCR1-3P0336102G0003,0
LCR1-3P0336102G0004,0
LCR1-3P0336202G0001,0
LCR1-3P0336202G0002,0
LCR1-3P0336202G0003,0
LCR1-3P0336202G0004,0
LCR1-3014F0602G0001,0
LCR1-3014W0802G0001,0
LCR1-3C1351402G0001,0
LCR1-3C1351202G0001,0
LCR1-3P0152402G0001,0
LCR1-3P0152302G0001,0
LCR1-3PB001A01101G0001,0
LCR1-3PB001A01101G0002,0
LCR1-3PB001A01101G0004,0
LCR1-3PB001A02101G0002,0
LCR1-4PB002C01002G0001,0
LCR1-4PB002C01501G0002,0
LCR1-4PB002C01501G0003,0
LCR1-4PB003A00802G0001,0
LCR1-4PB003A01102G0001,0
LCR1-4PB003A01402G0001,0
LCR1-4PB003A01802G0001,0
LCR1-4PZ005E21601G0001,0
LCR1-4PH004A03201G0002,0
LCR1-4PH004A03201G0003,0
LCR1-4PH004A01001G0001,0
LCR1-4PH004A01001G0002,0
LCR1-4PH004A01001G0003,0
LCR1-4PH004A01501G0001,0
LCR1-4PZ005E21601G0002,0
LCR1-4PZ005E21601G0003,0
LCR1-4PZ005E21601G0004,0
LCR1-4PZ005E20901G0001,0
LCR1-4PB002C01301G0007,0
LCR1-4PB002C11301G0002,0
LCR1-4PB002C01801G0001,0
LCR1-4PB002C02801G0001,0
LCR1-4GH004C01102G0001,0
LCR1-4GH004C01602G0001,0
LCR1-4GH004C11102G0001,0
LCR1-4GH004C01402G0001,0
LCR1-4GH005C01102G0001,0
LCR1-4GH005C01402G0001,0
LCR1-4GH006C00901G0003,0
LCR1-4GH007C01702G0001,0
LCR1-4GH007C00901G0002,0
LCR1-4GH007C03501G0002,0
LCR1-4GH007C05301G0002,0
LCR1-1LP23DR12,0
OCG1-41E0009,0
OCG1-4GB002H015,0
OCG1-41E0013,0
OCG1-44A0004,0
OCG1-1P02442,0
OCG1-1P00123,0
OCG1-1P01671,0
OCG1-1B07206,0
OCG1-1533C07,0
OCG1-1533K07,0
OCG1-4GB002H212,0
OCG1-4GB002H112,0
OCG1-41E0012,0
OCG1-1P00304,0
OCG1-1P00723,0
OCG1-1P00724,0
OCG1-1P00725,0
OCG1-5P00304G0004,0
OCG1-5P00471G0002,0
OCG1-5P00723G0004,0
OCG1-5P00724G0004,0
OCG1-5P00725G0004,0
OCG1-1501S05,0
OCG1-1501X09,0
OCG1-1527D21,0
OCG1-1527S07,0
OCG1-1522H16,0
OCG1-1P00171,0
OCG1-1B07812,0
OCG1-5B23314G0001,0
OCG1-5B23314G0002,0
OCG1-5B23314G0003,0
OCG1-5B23314G0004,0
OCG1-5B23324G0001,0
OCG1-5B23324G0002,0
OCG1-5B23324G0003,0
OCG1-5B23324G0004,0
OCG1-41E0004,0
OCG1-41E0007,0
OCG1-41E0016,0
OCG1-41E0017,0
OCG1-41E0019,0
OCG1-41E0020,0
OCG1-41E0021,0
OCG1-41E0022,0
OCG1-41E0023,0
OCG1-41E0024,0
OCG1-41K0001,0
OCG1-41K0002,0
OCG1-5B02517G0000,0
OCG1-5B02523G0000,0
OCG1-5B02526G0000,0
OCG1-5B02536G0000,0
OCG1-1B02511G0001,0
OCG1-1B02517G0001,0
OCG1-1B02523G0001,0
OCG1-1B02526G0001,0
OCG1-1B02536G0001,0
OCG1-5B02511G0001,0
OCG1-5B02517G0001,0
OCG1-5B02523G0001,0
OCG1-5B02526G0001,0
OCG1-5B02536G0001,0
OCG1-1026R15,0
OCG1-1SAVE001,0
OCG1-1SAVE002,0
OCG1-1B21607,0
OCG1-1B21610,0
OCG1-1523G12,0
OCG1-1P01825,0
OCG1-5B02511G9116,0
OCG1-5B02511G9403,0
OCG1-5B02511G9601,0
OCG1-5B02511G9701,0
OCG1-5B02511G9903,0
OCG1-5B02517G9116,0
OCG1-5B02517G9403,0
OCG1-5B02517G9601,0
OCG1-5B02517G9701,0
OCG1-5B02517G9903,0
OCG1-5B02523G9116,0
OCG1-5B02523G9403,0
OCG1-5B02523G9601,0
OCG1-5B02523G9701,0
OCG1-5B02523G9903,0
OCG1-5B02526G9116,0
OCG1-5B02526G9403,0
OCG1-5B02526G9601,0
OCG1-5B02526G9701,0
OCG1-5B02526G9903,0
OCG1-5B02536G9116,0
OCG1-5B02536G9403,0
OCG1-5B02536G9601,0
OCG1-5B02536G9701,0
OCG1-5B02536G9903,0
OCG1-1B02511G0004,0
OCG1-1B02526G0004,0
OCG1-5S14410G0000,0
OCG1-5S14413G0000,0
OCG1-1B00311,0
OCG1-41V0001,0
OCG1-41V0002,0
OCG1-41V0003,0
OCG1-41V0004,0
OCG1-4GB002H012,0
OCG1-4GB002H115,0
OCG1-4GS001H007,0
OCG1-4GS001H014,0
OCG1-3GS000004G0128,0
OCG1-3GS000004G0130,0
OCG1-3GS000012G0043,0
OCG1-3P0316104G0001,0
OCG1-3P0316106G0001,0
OCG1-3P0316204G0001,0
OCG1-3P0316206G0000,0
OCG1-3P0316006G0000,0
OCG1-3B1711506G0001,0
OCG1-3B1711202G0001,0
OCG1-3B1711206G0001,0
OCG1-3501B1503G0001,0
OCG1-3501X0902G0001,0
OCG1-3P0091104G0001,0
OCG1-3527C0702G0001,0
OCG1-3P0280702G0001,0
OCG1-3P0280706G0000,0
OCG1-3P0280806G0000,0
OCG1-3P0280904G0001,0
OCG1-3P0288002G0001,0
OCG1-5GS000006G0001,0
OCG1-3GS000004G0129,0
OCG1-3V2055801G0044,0
OCG1-3V2055801G0043,0
OCG1-3V2055801G0042,0
OCG1-3V2055801G0041,0
OCG1-3V2055801G0001,0
OCG1-3V2055801G0002,0
OCG1-3V2055801G0004,0
OCG1-3V2055801G0003,0
OCG1-3503F0602G0010,0
OCG1-3503R0902G0010,0
OCG1-3503W0702G0001,0
OCG1-3B2141306G0002,0
OCG1-3B2141606G0002,0
OCG1-3B2140906G0002,0
OCG1-3R0021906G0001,0
OCG1-3B1301304G0002,0
OCG1-3B1301306G0010,0
OCG1-3B1300904G0002,0
OCG1-3B1300906G0004,0
OCG1-3B2271104G0001,0
OCG1-3B2271106G0001,0
OCG1-3B2271204G0001,0
OCG1-3B2271206G0001,0
OCG1-3GS000006G0058,0
OCG1-3GS000004G0127,0
OCG1-3P0164006G0046,0
OCG1-3B1831002G0003,0
OCG1-3B1201602G0008,0
OCG1-3B1201302G0001,0
OCG1-3019F0602G0001,0
OCG1-3019R1102G0002,0
OCG1-3019W0802G0002,0
OCG1-3015A2102G0003,0
OCG1-3015D2202G0002,0
OCG1-3015C1002G0001,0
OCG1-3015N2202G0002,0
OCG1-3015F0702G0002,0
OCG1-3015R1502G0003,0
OCG1-3015W1202G0002,0
OCG1-3B2131402G0001,0
OCG1-3B2131406G0002,0
OCG1-3B2131206G0002,0
OCG1-3P0084002G0003,0
OCG1-3B0781106G0001,0
OCG1-3P0204002G0001,0
OCG1-3P0204006G0001,0
OCG1-3P0204102G0012,0
OCG1-3P0204106G0001,0
OCG1-3B1831004G0008,0
OCG1-3B1831006G0010,0
OCG1-3V1834401G0043,0
OCG1-5V1834401G0101,0
OCG1-3V1834401G0044,0
OCG1-5V1834401G0401,0
OCG1-3V1834401G0046,0
OCG1-5V1834401G0201,0
OCG1-3V1834401G0045,0
OCG1-5V1834401G0701,0
OCG1-3B0091006G0005,0
OCG1-3B0091202G0002,0
OCG1-3B0091406G0004,0
OCG1-3P0014002G0001,0
OCG1-3B1101106G0005,0
OCG1-3B1101404G0002,0
OCG1-3B1101406G0004,0
OCG1-3B1100706G0001,0
OCG1-3B1101004G0002,0
OCG1-3B1101006G0004,0
OCG1-3B0231306G0004,0
OCG1-3B0231106G0001,0
OCG1-3P0341104G0001,0
OCG1-3B0231104G0004,0
OCG1-3B0041204G0002,0
OCG1-3B0041106G0002,0
OCG1-3B0041206G0005,0
OCG1-3B0040904G0002,0
OCG1-3026A2102G0001,0
OCG1-3026D2202G0001,0
OCG1-3026F0702G0001,0
OCG1-3026R1502G0001,0
OCG1-3026W1202G0001,0
OCG1-3B2161002G0001,0
OCG1-3B2161006G0002,0
OCG1-3B2161106G0002,0
OCG1-3B2161404G0002,0
OCG1-3B2161406G0002,0
OCG1-3B2160706G0002,0
OCG1-3P0011006G0001,0
OCG1-5GS000006G0002,0
OCG1-3GS000004G0126,0
OCG1-3B1611504G0014,0
OCG1-3B1611506G0006,0
OCG1-3B1611204G0018,0
OCG1-3B1611206G0005,0
OCG1-3B1331206G0001,0
OCG1-5B1331506G0000,0
OCG1-3B1331506G0001,0
OCG1-3B1330906G0001,0
OCG1-3B1751406G0001,0
OCG1-3B1201306G0005,0
OCG1-3P0366306G0001,0
OCG1-3P0366202G0001,0
OCG1-3P0366206G0001,0
OCG1-3P0366106G0001,0
OCG1-3B1981306G0001,0
OCG1-3B1981106G0001,0
OCG1-5B0211006G0000,0
OCG1-3B0211004G0002,0
OCG1-3B0211006G0003,0
OCG1-3B0211304G0002,0
OCG1-3B0211306G0001,0
OCG1-3B2231204G0001,0
OCG1-3B2231206G0002,0
OCG1-3B0441106G0001,0
OCG1-3B1631502G0001,0
OCG1-3B2451601G0004,0
OCG1-3B2451601G0005,0
OCG1-3B2451601G0006,0
OCG1-3B2452201G0004,0
OCG1-3B2452201G0005,0
OCG1-3B2452201G0006,0
OCG1-3B1201601G0011,0
OCG1-3B1201601G0012,0
OCG1-3B1201601G0013,0
OCG1-3B1201601G0014,0
OCG1-3B1201601G0015,0
OCG1-3B1201601G0016,0
OCG1-3B1201601G0017,0
OCG1-3B1201601G0018,0
OCG1-4GH003C01301G0006,0
OCG1-4GH003C01301G0004,0
OCG1-4GH003C01301G0005,0
OCG1-3B0251102G0011,0
OCG1-3P0386104G0001,0
OCG1-3P0386304G0001,0
OCG1-3B2434901G0001,0
OCG1-3B2434901G0002,0
OCG1-3B2434901G0003,0
OCG1-3B2434901G0004,0
OCG1-4GH008C00902G0002,0
OCG1-4GH008C00902G0001,0
OCG1-2P03160G0006,0
OCG1-2P03160G0008,0
OCG1-2P03160G0002,0
OCG1-2P03160G0004,0
OCG1-2P03160G0001,0
OCG1-2P03160G0007,0
OCG1-2P03160G0003,0
OCG1-2P03161G0001,0
OCG1-2P03161G0003,0
OCG1-2P03161G0005,0
OCG1-2P03161G0002,0
OCG1-2P03161G0006,0
OCG1-2P03161G0008,0
OCG1-2P03161G0004,0
OCG1-2P03161G0007,0
OCG1-2P03162G0006,0
OCG1-2P03162G0004,0
OCG1-2P03162G0003,0
OCG1-2P03162G0005,0
OCG1-2P03162G0002,0
OCG1-2P03162G0007,0
OCG1-2P03162G0008,0
OCG1-2P03162G0001,0
OCG1-5B02511G0004,0
OCG1-5B02523G0009,0
OCG1-5B02536G0004,0
OCG1-5B02511G0003,0
OCG1-5B02523G0008,0
OCG1-5B02536G0003,0
STS1-DOVS2400,0
STS1-2STMFB1500A,0
STS1-STFB1600A,0
STS1-TBS1200A,0
STS1-TBS900A,0
STS1-CLDSTBB600A,0
STS1-WS2900,0
STS1-EXWFRA4700,0
STS1-MBIBSD700,0
STS1-SODSTBSGHB1300A,0
STS1-TB-W180D70D87,0
STS1-C0093,0
STS1-C0068,0
STS1-C0073,0
STS1-C0069,0
STS1-C0512,0
STS1-C0513,0
STS1-C0420,0
STS1-C0428,0
STS1-C0430,0
STS1-CLDSTBB1900A,0
STS1-WS1000H,0
STS1-WS1800H,0
STS1-2STF1800B,0
STS1-IBCB900B,0
STS1-CBMB1700A,0
STS1-2STF1300A,0
STS1-TBS2DWB2400A,0
STS1-2STFB1800B,0
STS1-EXW1100,0
STS1-3TBN2FB2700A,0
STS1-PLWMCB1800A,0
STS1-DOVS3100,0
STS1-OVRCS1300,0
STS1-CLDSTBB1000A,0
STS1-WRCS900,0
STS1-2STFB1200A,0
STS1-CLDSTBB700A,0
STS1-TBB600A,0
STS1-4SL1400,0
STS1-3TBN2FB2600A,0
STS1-CLDSTBB1200A,0
STS1-EXW5900,0
STS1-DOVS2800,0
STS1-OVS2900,0
STS1-OPC400A,0
STS1-TBSB1800A,0
STS1-PLWMCB1100A,0
STS1-PLWMCB1200A,0
STS1-PLWMCB1300A,0
STS1-PLWMCB1400A,0
STS1-PLWMCB1500A,0
STS1-PLWMCB1600A,0
STS1-PLWMCB1700A,0
STS1-PLWMCB1900A,0
STS1-PLWMCB2000A,0
STS1-WCSSD600,0
STS1-C0001,0
STS1-C0002,0
STS1-WCSSD1500,0
STS1-STFB1700A,0
STS1-CBMB1500A,0
STS1-TBDSB600A,0
STS1-EQSNB400A,0
STS1-EXW3900,0
STS1-2STFB2500A,0
STS1-4PL2400,0
STS1-CLDSTBB900B,0
STS1-STF1500A,0
STS1-TBB2400A,0
STS1-TBDS1500A,0
STS1-TBSB1400A,0
STS1-TBSB600A,0
STS1-TBB500A,0
STS1-EXW3200,0
STS1-2STFB2200A,0
STS1-4PL1700,0
STS1-4PL2100,0
STS1-4PL1600,0
STS1-STFB1400A,0
STS1-EXW2600,0
STS1-DOVS3000,0
STS1-DOVS1200,0
STS1-CLDSTBB900A,0
STS1-IBCB400A,0
STS1-4SL500,0
STS1-2STF1600B,0
STS1-GNTL650-1500,0
STS1-EQSNB1500A,0
STS1-TB1000A,0
STS1-TB1100A,0
STS1-TB1400A,0
STS1-TB1500A,0
STS1-TB1600A,0
STS1-TB1700A,0
STS1-TB1800A,0
STS1-TB1900A,0
STS1-TB2000A,0
STS1-TB2200A,0
STS1-TBB700A,0
STS1-TBB900A,0
STS1-TBB1100A,0
STS1-TBB1300A,0
STS1-TBB1400A,0
STS1-TBB1600A,0
STS1-TBB1700A,0
STS1-TBB1900A,0
STS1-TBB2000A,0
STS1-TBB2100A,0
STS1-TBB2200A,0
STS1-TBB2300A,0
STS1-GNTL650-1800,0
STS1-2STFB1000A,0
STS1-TBB2500A,0
STS1-2TBNFB1400B,0
STS1-2CBNFB1600B,0
STS1-DOVS2700,0
STS1-EXW2200,0
STS1-TBSB400A,0
STS1-STMFB1100A,0
STS1-OPCSB600A,0
STS1-4SL2200,0
STS1-OPC600A,0
STS1-OPCSB2000A,0
STS1-2STFB1600A,0
STS1-CBNFB1000A,0
STS1-OPCS1600A,0
STS1-EXW4700,0
STS1-EXW3400,0
STS1-IBCB1000B,0
STS1-CLDSTBB1100A,0
STS1-TBSB2500A,0
STS1-EXW5600,0
STS1-OPCS1500A,0
STS1-2STFB1900A,0
STS1-CBMB1200A,0
STS1-CLDSTBSLSB800A,0
STS1-EXW1700,0
STS1-TBB400A,0
STS1-4SL2400,0
STS1-4SL1900,0
STS1-2STFB1600B,0
STS1-4SL1600,0
STS1-2STF1700B,0
STS1-4SL1100,0
STS1-DOVS1100,0
STS1-EXW4900,0
STS1-CLDSTBB500A,0
STS1-4SL600,0
STS1-TBSDWB1200A,0
STS1-CSD2900A,0
STS1-EXW3000E,0
STS1-OPC500A,0
STS1-2TBNFB1000A,0
STS1-DOVS1900,0
STS1-2STFB1700B,0
STS1-CTB1700A,0
STS1-WCSSD1700,0
STS1-CTB1800A,0
STS1-CTB1600A,0
STS1-2TBNFB1100A,0
STS1-WS1500H,0
STS1-TBS2DW2400A,0
STS1-3ST2F2100B,0
STS1-3ST2F2200B,0
STS1-3ST2F2300B,0
STS1-STF800A,0
STS1-TBS2400A,0
STS1-TBSB2400A,0
STS1-TBS1300A,0
STS1-TBS1400A,0
STS1-TBS1700A,0
STS1-TBS1800A,0
STS1-TBS1900A,0
STS1-TBS600A,0
STS1-TBS2800A,0
STS1-TBSB2700A,0
STS1-CBMB700A,0
STS1-CBMB800A,0
STS1-CBMB900A,0
STS1-CBMB1000A,0
STS1-CBMB1100A,0
STS1-CBMB1300A,0
STS1-CBMB1400A,0
STS1-CBMB1600A,0
STS1-CBMB1800A,0
STS1-CBMB1900A,0
STS1-CBMB2000A,0
STS1-CBMB2100A,0
STS1-CBMB2200A,0
STS1-CBMB2300A,0
STS1-PLWMCB700A,0
STS1-PLWMCB800A,0
STS1-TBB300A,0
STS1-OPCSB1000A,0
STS1-OVS700,0
STS1-PLWMCB900A,0
STS1-PLWMCB2100A,0
STS1-PLWMCB2200A,0
STS1-PLWMCB2300A,0
STS1-CSSD600A,0
STS1-CSSD700A,0
STS1-CSSD800A,0
STS1-CSSD1100A,0
STS1-CSSD1300A,0
STS1-CSSD1400A,0
STS1-CSSD1700A,0
STS1-CSSD1900A,0
STS1-CSSD2100A,0
STS1-CSSD2200A,0
STS1-CSSD2300A,0
STS1-WCSSW600,0
STS1-WCSSW700,0
STS1-WCSSW800,0
STS1-WCSSW900,0
STS1-WCSSW1000,0
STS1-WCSSW1100,0
STS1-WCSSW1200,0
STS1-WCSSW1300,0
STS1-WCSSW1400,0
STS1-WCSSW1700,0
STS1-WCSSW1800,0
STS1-WCSSW1900,0
STS1-WCSSW2000,0
STS1-WCSSW2100,0
STS1-WCSSW2200,0
STS1-WCSSW2300,0
STS1-WCSSD700,0
STS1-WCSSD800,0
STS1-WCSSD900,0
STS1-WCSSD1000,0
STS1-WCSSD1100,0
STS1-WCSSD1200,0
STS1-WCSSD1300,0
STS1-WCSSD1400,0
STS1-WCSSD1600,0
STS1-WCSSD1800,0
STS1-WCSSD1900,0
STS1-WCSSD2000,0
STS1-WCSSD2100,0
STS1-WCSSD2200,0
STS1-WCSSD2300,0
STS1-WCS600,0
STS1-WCS700,0
STS1-WCS800,0
STS1-WCS900,0
STS1-WCS1000,0
STS1-WCS1100,0
STS1-WCS1200,0
STS1-WCS1300,0
STS1-WCS1400,0
STS1-WCS1500,0
STS1-WCS1600,0
STS1-WCS1700,0
STS1-WCS1800,0
STS1-WCS1900,0
STS1-WCS2000,0
STS1-WCS2100,0
STS1-WCS2200,0
STS1-WCS2300,0
STS1-CSSWB600A,0
STS1-CSSWB800A,0
STS1-CSSWB1000A,0
STS1-CSSWB1100A,0
STS1-CSSWB1200A,0
STS1-CSSWB1300A,0
STS1-CSSWB1400A,0
STS1-CSSWB1500A,0
STS1-CSSWB1700A,0
STS1-CSSWB1800A,0
STS1-CSSWB1900A,0
STS1-CSSWB2000A,0
STS1-CSSWB2100A,0
STS1-CSSWB2200A,0
STS1-CSSWB2300A,0
STS1-CSSW600A,0
STS1-CSSW700A,0
STS1-CSSW800A,0
STS1-CSSW900A,0
STS1-CSSW1100A,0
STS1-CSSW1300A,0
STS1-CSSW1400A,0
STS1-CSSW1700A,0
STS1-CSSW1800A,0
STS1-CSSW1900A,0
STS1-CSSW2000A,0
STS1-CSSW2100A,0
STS1-CSSW2200A,0
STS1-CSSW2300A,0
STS1-CSSDB600A,0
STS1-CSSDB700A,0
STS1-CSSDB800A,0
STS1-CSSDB1000A,0
STS1-CSSDB1100A,0
STS1-CSSDB1300A,0
STS1-CSSDB1400A,0
STS1-CSSDB1500A,0
STS1-CSSDB1600A,0
STS1-CSSDB1700A,0
STS1-CSSDB1800A,0
STS1-CSSDB1900A,0
STS1-CSSDB2000A,0
STS1-CSSDB2100A,0
STS1-CSSDB2200A,0
STS1-CSSDB2300A,0
STS1-OPCSB700A,0
STS1-OPCSB800A,0
STS1-OPCSB900A,0
STS1-OPCSB1100A,0
STS1-OPCSB1200A,0
STS1-OPCSB1300A,0
STS1-OPCSB1500A,0
STS1-OPCSB1600A,0
STS1-OPCSB1700A,0
STS1-OPCSB1800A,0
STS1-OPCSB1900A,0
STS1-OPCSB2100A,0
STS1-OPCSB2200A,0
STS1-OPCSB2300A,0
STS1-OPCS600A,0
STS1-OPCS800A,0
STS1-OPCS900A,0
STS1-OPCS1000A,0
STS1-OPCS1100A,0
STS1-OPCS1200A,0
STS1-OPCS1300A,0
STS1-OPCS1700A,0
STS1-OPCS1800A,0
STS1-OPCS1900A,0
STS1-OPCS2100A,0
STS1-OPCS2200A,0
STS1-OPCS2300A,0
STS1-STF1100A,0
STS1-STF1200A,0
STS1-STF1300A,0
STS1-STF1600A,0
STS1-STF1700A,0
STS1-STF1800A,0
STS1-STF1900A,0
STS1-STF2000A,0
STS1-STF2100A,0
STS1-STF2200A,0
STS1-STF2300A,0
STS1-STF2400A,0
STS1-STFB900A,0
STS1-STFB1300A,0
STS1-STFB1800A,0
STS1-STFB1900A,0
STS1-STFB2000A,0
STS1-STFB2100A,0
STS1-STFB2200A,0
STS1-STFB2400A,0
STS1-2STF1200A,0
STS1-2STF1400A,0
STS1-2STF1500A,0
STS1-2STF1600A,0
STS1-2STF1700A,0
STS1-2STF1800A,0
STS1-2STF1900A,0
STS1-2STF2000A,0
STS1-2STF2100A,0
STS1-2STF2200A,0
STS1-2STF2300A,0
STS1-2STF2400A,0
STS1-2STF2500A,0
STS1-2STFB1300A,0
STS1-2STFB1400A,0
STS1-2STFB1700A,0
STS1-2STFB1800A,0
STS1-2STFB2000A,0
STS1-2STFB2100A,0
STS1-2STFB2300A,0
STS1-2STFB2400A,0
STS1-3ST2F1600A,0
STS1-3ST2F1700A,0
STS1-3ST2F1800A,0
STS1-3ST2F1900A,0
STS1-3ST2F2000A,0
STS1-3ST2F2100A,0
STS1-3ST2F2200A,0
STS1-3ST2F2300A,0
STS1-3ST2F2400A,0
STS1-3ST2F2500A,0
STS1-3ST2F2600A,0
STS1-3ST2F2700A,0
STS1-3ST2F2800A,0
STS1-3ST2F2900A,0
STS1-3ST2F3000A,0
STS1-3ST2FB1600A,0
STS1-3ST2FB1700A,0
STS1-3ST2FB1900A,0
STS1-3ST2FB2000A,0
STS1-3ST2FB2100A,0
STS1-3ST2FB2200A,0
STS1-3ST2FB2300A,0
STS1-3ST2FB2400A,0
STS1-3ST2FB2500A,0
STS1-3ST2FB2600A,0
STS1-3ST2FB2700A,0
STS1-3ST2FB2800A,0
STS1-3ST2FB2900A,0
STS1-3ST2FB3000A,0
STS1-IBCB600A,0
STS1-IBCB700A,0
STS1-IBCB800A,0
STS1-IBCB900A,0
STS1-IBCB1000A,0
STS1-IBCB1100A,0
STS1-IBCB1200A,0
STS1-IBCB1300A,0
STS1-IBCB1400A,0
STS1-IBCB1500A,0
STS1-CTB700A,0
STS1-CTB800A,0
STS1-CTB900A,0
STS1-CTB1000A,0
STS1-CTB1100A,0
STS1-CTB1200A,0
STS1-CTB1300A,0
STS1-CTB1400A,0
STS1-CTB1500A,0
STS1-EXW800,0
STS1-EXW1000,0
STS1-EXW1200A,0
STS1-EXW1400,0
STS1-EXW1600,0
STS1-EXW1800,0
STS1-EXW2300,0
STS1-EXW2400,0
STS1-EXW2700,0
STS1-EXW2800,0
STS1-EXW2900,0
STS1-EXW3100,0
STS1-EXW3500E,0
STS1-EXW3600,0
STS1-EXW3700,0
STS1-EXW3800,0
STS1-EXW4000,0
STS1-EXW4100,0
STS1-EXW4200,0
STS1-EXW4300,0
STS1-EXW4400,0
STS1-EXW4500,0
STS1-EXW4600,0
STS1-EXW4800,0
STS1-EXW5000,0
STS1-EXW5100,0
STS1-EXIL1100,0
STS1-EXIL1200A,0
STS1-EXIL1300,0
STS1-EXIL1400,0
STS1-EXIL1500A,0
STS1-EXIL1600,0
STS1-EXIL1700,0
STS1-EXIL1900,0
STS1-EXIL2000C,0
STS1-EXIL2200,0
STS1-EXIL2300,0
STS1-EXIL2400,0
STS1-EXIL2500C,0
STS1-EXIL2600,0
STS1-EXIL2700,0
STS1-EXIL2800,0
STS1-EXIL2900,0
STS1-EXIL3000E,0
STS1-4SL700,0
STS1-4PL700,0
STS1-4PL900,0
STS1-4PL1100,0
STS1-4PL1300,0
STS1-4PL1900,0
STS1-4PL2000,0
STS1-4PL2200,0
STS1-TBNFB800A,0
STS1-TBNFB900A,0
STS1-TBNFB1000A,0
STS1-TBNFB1100A,0
STS1-TBNFB1200A,0
STS1-TBNFB1300A,0
STS1-CBNFB1100A,0
STS1-CBNFB1200A,0
STS1-CBNFB1300A,0
STS1-CBNFB1400A,0
STS1-CBNFB1500A,0
STS1-2TBNFB1400A,0
STS1-2TBNFB1600A,0
STS1-2TBNFB1700A,0
STS1-2TBNFB1800A,0
STS1-2TBNFB1900A,0
STS1-2CBNFB1000A,0
STS1-2CBNFB1100A,0
STS1-2CBNFB1200A,0
STS1-2CBNFB1400A,0
STS1-2CBNFB1600A,0
STS1-2CBNFB1700A,0
STS1-2CBNFB1800A,0
STS1-2CBNFB1900A,0
STS1-4PL800,0
STS1-3TBN2FB1900A,0
STS1-3TBN2FB2100A,0
STS1-3TBN2FB2200A,0
STS1-3TBN2FB2300A,0
STS1-3TBN2FB2400A,0
STS1-3TBN2FB2500A,0
STS1-3CBN2FB1800A,0
STS1-3CBN2FB1900A,0
STS1-3CBN2FB2100A,0
STS1-3CBN2FB2200A,0
STS1-3CBN2FB2400A,0
STS1-EQSNB500A,0
STS1-EQSNB600A,0
STS1-EQSNB700A,0
STS1-EQSNB800A,0
STS1-EQSNB900A,0
STS1-EQSNB1100A,0
STS1-EQSNB1200A,0
STS1-EQSNB1300A,0
STS1-EQSNB1400A,0
STS1-EQSNB1600A,0
STS1-EQSNB1700A,0
STS1-EQSNB1800A,0
STS1-EQSNB1900A,0
STS1-EQSNB2000A,0
STS1-EQSNB2100A,0
STS1-EQSNB2200A,0
STS1-EQSNB2300A,0
STS1-EQSNB2400A,0
STS1-CLDSTBB1300A,0
STS1-CLDSTBB1400A,0
STS1-CLDSTBB1600A,0
STS1-CLDSTBB1700A,0
STS1-CLDSTBB1800A,0
STS1-CLDSTBB2000A,0
STS1-CLDSTBB2100A,0
STS1-CLDSTBB2200A,0
STS1-CLDSTBB2300A,0
STS1-CLDSTBB2400A,0
STS1-CLDSTBSLSB700A,0
STS1-CLDSTBSLSB900A,0
STS1-CLDSTBSLSB1100A,0
STS1-CLDSTBSLSB1200A,0
STS1-CLDSTBSLSB1300A,0
STS1-CLDSTBSLSB1400A,0
STS1-CLDSTBSLSB1500A,0
STS1-CLDSTBSLSB1600A,0
STS1-CLDSTBSLSB1700A,0
STS1-CLDSTBSLSB1800A,0
STS1-CLDSTBSLSB1900A,0
STS1-CLDSTBSLSB2000A,0
STS1-CLDSTBSLSB2100A,0
STS1-CLDSTBSLSB2200A,0
STS1-CLDSTBSLSB2300A,0
STS1-CLDSTBSLSB2400A,0
STS1-PTR1100,0
STS1-PTR1200,0
STS1-PTR1300,0
STS1-PTR1400,0
STS1-PTR1500,0
STS1-PTR1600,0
STS1-PTR1700,0
STS1-PTR1800,0
STS1-PTR1900,0
STS1-PTR2000,0
STS1-PTR2100,0
STS1-PTR2200,0
STS1-PTR2300,0
STS1-PTR2400,0
STS1-PTR2500,0
STS1-PTR2600,0
STS1-PTR2700,0
STS1-PTR2800,0
STS1-PTR2900,0
STS1-PTR3000,0
STS1-PTR3100,0
STS1-PTR3200,0
STS1-PTR3300,0
STS1-PTR3400,0
STS1-PTR3500,0
STS1-PTR3600,0
STS1-PTR3700,0
STS1-OVS1000,0
STS1-OVS1100,0
STS1-OVS1200,0
STS1-OVS1300,0
STS1-OVS1400,0
STS1-OVS1500,0
STS1-OVS1600,0
STS1-OVS1700,0
STS1-OVS1800,0
STS1-OVS1900,0
STS1-OVS2000,0
STS1-OVS2100,0
STS1-OVS2200,0
STS1-OVS2300,0
STS1-DOVS1300,0
STS1-DOVS1400,0
STS1-DOVS1600,0
STS1-DOVS2200,0
STS1-OVRCS1000,0
STS1-OVRCS1100,0
STS1-OVRCS1200,0
STS1-OVRCS1400,0
STS1-OVRCS1500,0
STS1-OVRCS1600,0
STS1-OVRCS1700,0
STS1-OVRCS1800,0
STS1-OVRCS1900,0
STS1-OVRCS2000,0
STS1-OVRCS2100,0
STS1-OVRCS2200,0
STS1-OVRCS2300,0
STS1-WSLS1000,0
STS1-WSLS1100,0
STS1-WSLS1200,0
STS1-WSLS1300,0
STS1-WSLS1400,0
STS1-WSLS1500,0
STS1-WSLS1600,0
STS1-WSLS1800,0
STS1-WSLS1900,0
STS1-WSLS2000,0
STS1-WSLS2100,0
STS1-WSLS2200,0
STS1-WSLS2300,0
STS1-2WSLS1000,0
STS1-2WSLS1200,0
STS1-2WSLS1300,0
STS1-2WSLS1400,0
STS1-2WSLS1500,0
STS1-2WSLS1600,0
STS1-2WSLS1700,0
STS1-2WSLS1800,0
STS1-2WSLS1900,0
STS1-2WSLS2000,0
STS1-2WSLS2100,0
STS1-2WSLS2200,0
STS1-2WSLS2300,0
STS1-WS500H,0
STS1-WS600H,0
STS1-WS700H,0
STS1-WS800H,0
STS1-WS900H,0
STS1-WS1200H,0
STS1-WS1300H,0
STS1-WS1400H,0
STS1-WS1600H,0
STS1-WS1700H,0
STS1-WS1900H,0
STS1-WS2000H,0
STS1-WS2100H,0
STS1-WS2200H,0
STS1-WS2300H,0
STS1-WS2400H,0
STS1-WS2500H,0
STS1-WS2600H,0
STS1-WS2700H,0
STS1-WS2800H,0
STS1-WS2900H,0
STS1-WS3100H,0
STS1-WS3200H,0
STS1-WS3300H,0
STS1-WS3400H,0
STS1-2WS500H,0
STS1-2WS600H,0
STS1-2WS700H,0
STS1-2WS800H,0
STS1-2WS900H,0
STS1-2WS1000H,0
STS1-2WS1100H,0
STS1-2WS1200H,0
STS1-2WS1300H,0
STS1-2WS1400H,0
STS1-2WS1500H,0
STS1-2WS1600H,0
STS1-2WS1700H,0
STS1-2WS1800H,0
STS1-2WS1900H,0
STS1-2WS2000H,0
STS1-2WS2100H,0
STS1-2WS2200H,0
STS1-2WS2300H,0
STS1-2WS2400H,0
STS1-2WS2500H,0
STS1-2WS2600H,0
STS1-2WS2700H,0
STS1-2WS2800H,0
STS1-2WS2900H,0
STS1-2WS3000H,0
STS1-2WS3100H,0
STS1-2WS3200H,0
STS1-2WS3300H,0
STS1-2WS3400H,0
STS1-WRCS700,0
STS1-WRCS800,0
STS1-WRCS1000,0
STS1-WRCS1100,0
STS1-WRCS1200,0
STS1-WRCS1300,0
STS1-WRCS1400,0
STS1-WRCS1500,0
STS1-WRCS1600,0
STS1-WRCS1700,0
STS1-WRCS1800,0
STS1-WRCS1900,0
STS1-WRCS2000,0
STS1-WRCS2100,0
STS1-WRCS2200,0
STS1-WRCS2300,0
STS1-SPSB-LOW800A,0
STS1-2SPSB-LOW1500A,0
STS1-SPRA700A,0
STS1-SPRA800A,0
STS1-MBIBSD500,0
STS1-MBIBSD600,0
STS1-MBFL650-A,0
STS1-KCTL800-B,0
STS1-SODSCR800-B,0
STS1-SODSCR1000-C,0
STS1-SODSCR1000-D,0
STS1-SODSCR800-A,0
STS1-GNTL650-900,0
STS1-GNTL620-850,0
STS1-GNTL620-1800,0
STS1-GSTR500300A,0
STS1-4SL2100,0
STS1-KCTLSWD800-C,0
STS1-2WSLS1100,0
STS1-WS1100H,0
STS1-WCSSW1500,0
STS1-GSTR500250,0
STS1-EXIL2100,0
STS1-STF700A,0
STS1-TBDSB400A,0
STS1-TBDSB500A,0
STS1-TBDSB2400A,0
STS1-TBDSB2500A,0
STS1-TBS400A,0
STS1-TBS500A,0
STS1-TBS2200A,0
STS1-TBSB1700A,0
STS1-TBSB1900A,0
STS1-TBSB2100A,0
STS1-TBSB2300A,0
STS1-TBDS700A,0
STS1-TBDS800A,0
STS1-TBDS1000A,0
STS1-TBDS1100A,0
STS1-TBDS1200A,0
STS1-TBDS1400A,0
STS1-TBDS1600A,0
STS1-TBDS1700A,0
STS1-TBDS1900A,0
STS1-TBDS2100A,0
STS1-TBDS2200A,0
STS1-TBDS2300A,0
STS1-TBDSB700A,0
STS1-TBDSB800A,0
STS1-TBDSB1000A,0
STS1-TBDSB1100A,0
STS1-TBDSB1200A,0
STS1-TBDSB1300A,0
STS1-TBDSB1400A,0
STS1-TBDSB1500A,0
STS1-TBDSB1700A,0
STS1-TBDSB1800A,0
STS1-TBDSB1900A,0
STS1-TBDSB2000A,0
STS1-TBDSB2100A,0
STS1-TBDSB2200A,0
STS1-TBDSB2300A,0
STS1-TBDW700A,0
STS1-TBDW800A,0
STS1-TBDW900A,0
STS1-TBDW1000A,0
STS1-TBDW1100A,0
STS1-TBDW1200A,0
STS1-TBDW1300A,0
STS1-TBDW1400A,0
STS1-TBDW1500A,0
STS1-TB2DW1700A,0
STS1-TB2DW1800A,0
STS1-TB2DW1900A,0
STS1-TB2DW2000A,0
STS1-TB2DW2100A,0
STS1-TB2DW2200A,0
STS1-TB2DW2300A,0
STS1-TBDWB700A,0
STS1-TBDWB800A,0
STS1-TBDWB900A,0
STS1-TBDWB1000A,0
STS1-TBDWB1100A,0
STS1-TBDWB1200A,0
STS1-TBDWB1300A,0
STS1-TBDWB1400A,0
STS1-TBDWB1500A,0
STS1-TB2DWB1600A,0
STS1-TB2DWB1700A,0
STS1-TB2DWB1800A,0
STS1-TB2DWB1900A,0
STS1-TB2DWB2000A,0
STS1-TB2DWB2100A,0
STS1-TB2DWB2200A,0
STS1-TB2DWB2300A,0
STS1-TBSDW700A,0
STS1-TBSDW800A,0
STS1-TBSDW900A,0
STS1-TBSDW1000A,0
STS1-TBSDW1100A,0
STS1-TBSDW1200A,0
STS1-TBSDW1300A,0
STS1-TBSDW1400A,0
STS1-TBSDW1500A,0
STS1-TBS2DW1600A,0
STS1-TBS2DW1700A,0
STS1-TBS2DW1800A,0
STS1-TBS2DW1900A,0
STS1-TBS2DW2000A,0
STS1-TBS2DW2100A,0
STS1-TBS2DW2200A,0
STS1-TBS2DW2300A,0
STS1-TBSDWB700A,0
STS1-TBSDWB800A,0
STS1-TBSDWB900A,0
STS1-TBSDWB1000A,0
STS1-TBSDWB1100A,0
STS1-TBSDWB1300A,0
STS1-TBSDWB1400A,0
STS1-TBSDWB1500A,0
STS1-TBS2DWB1600A,0
STS1-TBS2DWB1700A,0
STS1-TBS2DWB1800A,0
STS1-TBS2DWB1900A,0
STS1-TBS2DWB2000A,0
STS1-TBS2DWB2100A,0
STS1-TBS2DWB2200A,0
STS1-TBS2DWB2300A,0
STS1-TBDS400A,0
STS1-TBDS500A,0
STS1-TBDS600A,0
STS1-TBDS2400A,0
STS1-TBDS2500A,0
STS1-CSSW500A,0
STS1-CSSW2400A,0
STS1-CSSW2500A,0
STS1-CSSWB400A,0
STS1-CSSWB500A,0
STS1-CSSWB2400A,0
STS1-CSSWB2500A,0
STS1-CSSDB400A,0
STS1-CSSDB500A,0
STS1-CSSDB2400A,0
STS1-CSSDB2500A,0
STS1-CSSD400A,0
STS1-CSSD500A,0
STS1-CSSD2400A,0
STS1-CSSD2500A,0
STS1-4PL500,0
STS1-4PL2500,0
STS1-4SL2500,0
STS1-2STF1100A,0
STS1-2STFB1100A,0
STS1-EQSNB2500A,0
STS1-EXW700,0
STS1-EXW5200,0
STS1-EXW5300,0
STS1-EXW5400,0
STS1-EXW5500,0
STS1-EXW5700,0
STS1-EXW5800,0
STS1-EXW6000,0
STS1-EXW6100,0
STS1-EXW6200,0
STS1-STF500A,0
STS1-STFB500A,0
STS1-OPC700A,0
STS1-OPC800A,0
STS1-OPC900A,0
STS1-OPC1000A,0
STS1-OPC1100A,0
STS1-OPC1200A,0
STS1-OPC1300A,0
STS1-OPC1400A,0
STS1-OPC1500A,0
STS1-OPC1600A,0
STS1-OPC1700A,0
STS1-OPC1800A,0
STS1-OPC1900A,0
STS1-OPC2000A,0
STS1-OPC2100A,0
STS1-OPC2200A,0
STS1-OPC2300A,0
STS1-OPC2400A,0
STS1-OPC2500A,0
STS1-OPCB400A,0
STS1-OPCB500A,0
STS1-OPCB600A,0
STS1-OPCB700A,0
STS1-OPCB800A,0
STS1-OPCB900A,0
STS1-OPCB1000A,0
STS1-OPCB1100A,0
STS1-OPCB1200A,0
STS1-OPCB1300A,0
STS1-OPCB1400A,0
STS1-OPCB1500A,0
STS1-OPCB1600A,0
STS1-OPCB1700A,0
STS1-OPCB1800A,0
STS1-OPCB1900A,0
STS1-OPCB2000A,0
STS1-OPCB2100A,0
STS1-OPCB2200A,0
STS1-OPCB2300A,0
STS1-OPCB2400A,0
STS1-OPCB2500A,0
STS1-TBNFB600A,0
STS1-CBNFB600A,0
STS1-3CBN2FB1700A,0
STS1-3TBN2FB1700A,0
STS1-2CBNFB2000A,0
STS1-STMFB1000A,0
STS1-2STMFB1600A,0
STS1-DOVS4700,0
STS1-STMFB1200A,0
STS1-STMFB1300A,0
STS1-2TBNFB1500B,0
STS1-STMFB1400A,0
STS1-STMFB1500A,0
STS1-STMFB1600A,0
STS1-STMFB1700A,0
STS1-STMFB1800A,0
STS1-STMFB1900A,0
STS1-STMFB2000A,0
STS1-STMFB2100A,0
STS1-STMFB2200A,0
STS1-2STMFB1300A,0
STS1-STMFB2300A,0
STS1-STMFB2400A,0
STS1-2STMFB1000A,0
STS1-2STMFB1100A,0
STS1-2STMFB1200A,0
STS1-2STMFB1400A,0
STS1-2STMFB1700A,0
STS1-2STMFB1800A,0
STS1-2STMFB1900A,0
STS1-2STMFB2000A,0
STS1-3CBN2FB2800A,0
STS1-EXW500,0
STS1-DOVS4500,0
STS1-PLWMC2300A,0
STS1-2WS3500,0
STS1-2SPSB-LOW1400A,0
STS1-2STMFB2100A,0
STS1-2STMFB2200A,0
STS1-2STMFB2300A,0
STS1-2STMFB2400A,0
STS1-2STFB700A,0
STS1-3ST2FB2100B,0
STS1-3ST2FB2200B,0
STS1-STMFB700A,0
STS1-CSSW400A,0
STS1-2CBNFB2000B,0
STS1-3CBN2FB2100B,0
STS1-3CBN2FB2200B,0
STS1-3CBN2FB2300B,0
STS1-CBMB1100B,0
STS1-CBMB1300B,0
STS1-CBMB1500B,0
STS1-CBNFB1300B,0
STS1-CBNFB1400B,0
STS1-CBNFB1500B,0
STS1-CLDSTBB1000B,0
STS1-CLDSTBSLSB1000B,0
STS1-CLDSTBSLSB900B,0
STS1-PLWMCB1600B,0
STS1-PLWMCB2000B,0
STS1-PLWMCB2300B,0
STS1-STMFB800A,0
STS1-TBNFB1000B,0
STS1-TBNFB1300B,0
STS1-TBNFB1500B,0
STS1-TBSDWB600A,0
STS1-STMFB900A,0
STS1-TB400A,0
STS1-TB2400A,0
STS1-TB2500A,0
STS1-TBSB2600A,0
STS1-TBDSB2600A,0
STS1-TBDW400A,0
STS1-TBDW500A,0
STS1-TBDW600A,0
STS1-TB2DW2400A,0
STS1-TB2DW2500A,0
STS1-TBDWB400A,0
STS1-TBDWB500A,0
STS1-TBDWB600A,0
STS1-TB2DWB2400A,0
STS1-TB2DWB2500A,0
STS1-TBSDW400A,0
STS1-TBSDW500A,0
STS1-TBSDW600A,0
STS1-TBS2DW2500A,0
STS1-TBSDWB400A,0
STS1-TBSDWB500A,0
STS1-TBS2DWB2500A,0
STS1-OPCS400A,0
STS1-OPCS500A,0
STS1-OPCS2400A,0
STS1-OPCS2500A,0
STS1-OPCSB2400A,0
STS1-OPCSB2500A,0
STS1-2WS500,0
STS1-2WS800,0
STS1-2WS900,0
STS1-2WS1300,0
STS1-2WS1900,0
STS1-2WS2000,0
STS1-2WS2100,0
STS1-2WS2200,0
STS1-2WS2300,0
STS1-2WS2400,0
STS1-2WS2500,0
STS1-2WS2600,0
STS1-2WS2700,0
STS1-2WS2800,0
STS1-2WS2900,0
STS1-2WS3000,0
STS1-2WS3100,0
STS1-2WS3200,0
STS1-2WS3300,0
STS1-2WS3400,0
STS1-WS500,0
STS1-WS600,0
STS1-WS800,0
STS1-WS1200,0
STS1-WS1300,0
STS1-WS1400,0
STS1-WS1600,0
STS1-WS1700,0
STS1-WS1800,0
STS1-WS1900,0
STS1-WS2100,0
STS1-WS2200,0
STS1-WS2300,0
STS1-WS2400,0
STS1-WS2500,0
STS1-WS2700,0
STS1-WS2800,0
STS1-WS3000,0
STS1-WS3100,0
STS1-WS3200,0
STS1-WS3300,0
STS1-WS3400,0
STS1-PLWMC2300B,0
STS1-PLWMC1000A,0
STS1-PLWMC1100A,0
STS1-PLWMC1200A,0
STS1-PLWMC1400A,0
STS1-PLWMC1600A,0
STS1-PLWMC1600B,0
STS1-PLWMC1700A,0
STS1-PLWMC1900A,0
STS1-PLWMC2000B,0
STS1-PLWMC2100A,0
STS1-PLWMC2200A,0
STS1-PLWMC800A,0
STS1-PLWMC900A,0
STS1-STMF700A,0
STS1-STMF800A,0
STS1-STMF900A,0
STS1-STMF1000A,0
STS1-STMF1100A,0
STS1-STMF1200A,0
STS1-STMF1300A,0
STS1-STMF1400A,0
STS1-STMF1500A,0
STS1-STMF1600A,0
STS1-STMF1700A,0
STS1-STMF1800A,0
STS1-STMF1900A,0
STS1-STMF2000A,0
STS1-STMF2100A,0
STS1-STMF2200A,0
STS1-STMF2300A,0
STS1-STMF2400A,0
STS1-DOVS4100,0
STS1-2STMF2100A,0
STS1-DOVS4000,0
STS1-2WS4300,0
STS1-CBM700A,0
STS1-CBM800A,0
STS1-CBM900A,0
STS1-CBM1000A,0
STS1-CBM1100A,0
STS1-CBM1100B,0
STS1-CBM1200A,0
STS1-CBM1300A,0
STS1-CBM1300B,0
STS1-CBM1400A,0
STS1-CBM1500A,0
STS1-CBM1600A,0
STS1-CBM1700A,0
STS1-CBM1800A,0
STS1-CBM1900A,0
STS1-CBM2100A,0
STS1-CBM2200A,0
STS1-CBM2300A,0
STS1-CT700A,0
STS1-CT1000A,0
STS1-CT1100A,0
STS1-CT1200A,0
STS1-CT1300A,0
STS1-CT1400A,0
STS1-CT1500A,0
STS1-CT1600A,0
STS1-CT1700A,0
STS1-CT1800A,0
STS1-IBC400A,0
STS1-IBC700A,0
STS1-IBC800A,0
STS1-IBC1000A,0
STS1-IBC1100A,0
STS1-IBC1200A,0
STS1-IBC1300A,0
STS1-IBC1400A,0
STS1-IBC1500A,0
STS1-CLDSTB500A,0
STS1-CLDSTB600A,0
STS1-CLDSTB700A,0
STS1-CLDSTB800A,0
STS1-CLDSTB900A,0
STS1-CLDSTB1000A,0
STS1-CLDSTB1100A,0
STS1-CLDSTB1200A,0
STS1-2ST2FB2000A,0
STS1-CLDSTB1300A,0
STS1-CLDSTB1400A,0
STS1-CLDSTB1500A,0
STS1-CLDSTB1600A,0
STS1-CLDSTB1700A,0
STS1-CLDSTB1800A,0
STS1-CLDSTB1900A,0
STS1-CLDSTB2000A,0
STS1-CLDSTB2100A,0
STS1-CLDSTB2200A,0
STS1-CLDSTB2300A,0
STS1-CLDSTB2400A,0
STS1-CLDSTBSLS700A,0
STS1-CLDSTBSLS800A,0
STS1-CLDSTBSLS900A,0
STS1-CLDSTBSLS1000A,0
STS1-CLDSTBSLS1100A,0
STS1-CLDSTBSLS1200A,0
STS1-CLDSTBSLS1300A,0
STS1-CLDSTBSLS1400A,0
STS1-CLDSTBSLS1500A,0
STS1-CLDSTBSLS1600A,0
STS1-CLDSTBSLS1700A,0
STS1-CLDSTBSLS1800A,0
STS1-CLDSTBSLS2000A,0
STS1-CLDSTBSLS2100A,0
STS1-CLDSTBSLS2200A,0
STS1-CLDSTBSLS2300A,0
STS1-CLDSTBSLS2400A,0
STS1-2STMF1000A,0
STS1-2STMF1100A,0
STS1-2STMF1200A,0
STS1-2STMF1300A,0
STS1-2STMF1400A,0
STS1-2STMF1500A,0
STS1-2STMF1600A,0
STS1-2STMF1700A,0
STS1-2STMF1800A,0
STS1-2STMF1900A,0
STS1-2STMF2000A,0
STS1-2STMF2200A,0
STS1-2STMF2300A,0
STS1-2STMF2400A,0
STS1-DOVS2500,0
STS1-DOVS2600,0
STS1-DOVS2900,0
STS1-DOVS3200,0
STS1-DOVS3300,0
STS1-DOVS3400,0
STS1-DOVS3500,0
STS1-DOVS3600,0
STS1-DOVS3700,0
STS1-DOVS3800,0
STS1-DOVS3900,0
STS1-DOVS4200,0
STS1-DOVS4300,0
STS1-DOVS4400,0
STS1-DOVS4600,0
STS1-2ST2FB700A,0
STS1-2ST2FB800A,0
STS1-2ST2FB900A,0
STS1-2ST2FB1000A,0
STS1-2ST2FB1100A,0
STS1-2ST2FB1200A,0
STS1-2ST2FB1400A,0
STS1-2ST2FB1600A,0
STS1-2ST2FB1700A,0
STS1-2ST2FB1900A,0
STS1-2ST2FB2100A,0
STS1-2ST2FB2200A,0
STS1-2ST2FB2400A,0
STS1-2ST2F700A,0
STS1-2ST2F800A,0
STS1-2ST2F900A,0
STS1-2ST2F1000A,0
STS1-2ST2F1100A,0
STS1-2ST2F1200A,0
STS1-2ST2F1300A,0
STS1-2ST2F1400A,0
STS1-2ST2F1500A,0
STS1-2ST2F1600A,0
STS1-2ST2F1800A,0
STS1-2ST2F1900A,0
STS1-2ST2F2000A,0
STS1-2ST2F2100A,0
STS1-2ST2F2200A,0
STS1-2ST2F2300A,0
STS1-2ST2F2400A,0
STS1-WRCS2700,0
STS1-WRCS2400,0
STS1-WRCS2500,0
STS1-WRCS2600,0
STS1-WRCS2800,0
STS1-WRCS2900,0
STS1-WRCS3000,0
STS1-2STF1000A,0
STS1-2STFB800A,0
STS1-2STFB900A,0
STS1-2STF700A,0
STS1-2STF800A,0
STS1-2STF900A,0
STS1-3CBN2FB2600A,0
STS1-3CBN2FB2700A,0
STS1-EXW600,0
STS1-OVS800,0
STS1-OVS900,0
STS1-OVS2400,0
STS1-OVS2500,0
STS1-OVS2600,0
STS1-OVS2700,0
STS1-OVS2800,0
STS1-TBS2600A,0
STS1-TBS2700A,0
STS1-STMF500A,0
STS1-STMF600A,0
STS1-STMFB500A,0
STS1-STMFB600A,0
STS1-2STMF2500A,0
STS1-2STMFB2500A,0
STS1-DOVS4800,0
STS1-DOVS4900,0
STS1-2WS5600,0
STS1-2WS5100,0
STS1-3ST2MFB2600A,0
STS1-2CBNFB700A,0
STS1-2WS4200,0
STS1-2WS3600,0
STS1-2WS3800,0
STS1-KCTL800-G,0
STS1-KCTL800-H,0
STS1-KCTLSWD800-B,0
STS1-2CBNFB900A,0
STS1-2WS3700,0
STS1-SODSTBSGHB1600A,0
STS1-SODSTBSGHB1700A,0
STS1-SODSTBSGHB1900A,0
STS1-SODSTBSGHB2100A,0
STS1-SODSTBSGHB2200A,0
STS1-SODSTBSGHB2300A,0
STS1-SODSTBSGHB2400A,0
STS1-SODSTB2SGHB1800A,0
STS1-SODSTB2SGHB1900A,0
STS1-SODSTB2SGHB2000A,0
STS1-SODSTB2SGHB2100A,0
STS1-SODSTB2SGHB2200A,0
STS1-SODSTB2SGHB2300A,0
STS1-SODSTB2SGHB2400A,0
STS1-TBDW1600A,0
STS1-TBDW1700A,0
STS1-TBDW1800A,0
STS1-TBDW1900A,0
STS1-TBDW2000A,0
STS1-TBDW2100A,0
STS1-TBDW2200A,0
STS1-TBDW2300A,0
STS1-TBDW2400A,0
STS1-TBDW2500A,0
STS1-TBDWB1600A,0
STS1-TBDWB1700A,0
STS1-TBDWB1800A,0
STS1-TBDWB1900A,0
STS1-TBDWB2000A,0
STS1-TBDWB2100A,0
STS1-TBDWB2200A,0
STS1-TBDWB2300A,0
STS1-TBDWB2400A,0
STS1-TBDWB2500A,0
STS1-TB2DW1000A,0
STS1-TB2DW1100A,0
STS1-TB2DW1200A,0
STS1-TB2DW1300A,0
STS1-TB2DW1400A,0
STS1-TB2DW1500A,0
STS1-TB2DWB1000A,0
STS1-TB2DWB1100A,0
STS1-TB2DWB1200A,0
STS1-TB2DWB1300A,0
STS1-TB2DWB1400A,0
STS1-TB2DWB1500A,0
STS1-TBSDW1600A,0
STS1-TBSDW1700A,0
STS1-TBSDW1800A,0
STS1-TBSDW1900A,0
STS1-TBSDW2000A,0
STS1-TBSDW2100A,0
STS1-TBSDW2200A,0
STS1-TBSDW2300A,0
STS1-TBSDW2400A,0
STS1-TBSDW2500A,0
STS1-TBSDWB1600A,0
STS1-TBSDWB1700A,0
STS1-TBSDWB1800A,0
STS1-TBSDWB1900A,0
STS1-TBSDWB2000A,0
STS1-TBSDWB2100A,0
STS1-TBSDWB2200A,0
STS1-TBSDWB2300A,0
STS1-TBSDWB2400A,0
STS1-TBSDWB2500A,0
STS1-TBS2DW1000A,0
STS1-TBS2DW1100A,0
STS1-TBS2DW1200A,0
STS1-TBS2DW1300A,0
STS1-TBS2DW1400A,0
STS1-TBS2DW1500A,0
STS1-TBS2DWB1000A,0
STS1-TBS2DWB1100A,0
STS1-TBS2DWB1200A,0
STS1-TBS2DWB1300A,0
STS1-TBS2DWB1400A,0
STS1-TBS2DWB1500A,0
STS1-CSD700A,0
STS1-CSD400A,0
STS1-CSD500A,0
STS1-CSD600A,0
STS1-CSD800A,0
STS1-CSD900A,0
STS1-CSD1000A,0
STS1-CSD1100A,0
STS1-CSD1400A,0
STS1-CSD1500A,0
STS1-CSD1700A,0
STS1-CSD1800A,0
STS1-CSD1900A,0
STS1-CSD2000A,0
STS1-CSD2100A,0
STS1-CSD2200A,0
STS1-CSD2300A,0
STS1-CSD2400A,0
STS1-CSD2500A,0
STS1-CSDB400A,0
STS1-CSDB500A,0
STS1-CSDB600A,0
STS1-CSDB700A,0
STS1-CSDB800A,0
STS1-CSDB900A,0
STS1-CSDB1100A,0
STS1-CSDB1200A,0
STS1-CSDB1300A,0
STS1-CSDB1400A,0
STS1-CSDB1600A,0
STS1-CSDB1700A,0
STS1-CSDB1800A,0
STS1-CSDB1900A,0
STS1-CSDB2100A,0
STS1-CSDB2200A,0
STS1-CSDB2300A,0
STS1-CSDB2400A,0
STS1-CSDB2500A,0
STS1-CSW400A,0
STS1-CSW500A,0
STS1-CSW600A,0
STS1-CSW700A,0
STS1-CSW800A,0
STS1-CSW900A,0
STS1-CSW1000A,0
STS1-CSW1100A,0
STS1-CSW1200A,0
STS1-CSW1300A,0
STS1-CSW1400A,0
STS1-CSW1500A,0
STS1-CSW1600A,0
STS1-CSW1700A,0
STS1-CSW1800A,0
STS1-CSW1900A,0
STS1-CSW2100A,0
STS1-CSW2200A,0
STS1-CSW2300A,0
STS1-CSW2400A,0
STS1-CSW2500A,0
STS1-CSWB400A,0
STS1-CSWB500A,0
STS1-CSWB600A,0
STS1-CSWB700A,0
STS1-CSWB800A,0
STS1-CSWB900A,0
STS1-CSWB1000A,0
STS1-CSWB1100A,0
STS1-CSWB1200A,0
STS1-CSWB1300A,0
STS1-CSWB1400A,0
STS1-CSWB1500A,0
STS1-CSWB1600A,0
STS1-CSWB1700A,0
STS1-CSWB1800A,0
STS1-CSWB1900A,0
STS1-CSWB2000A,0
STS1-CSWB2100A,0
STS1-CTB750A,0
STS1-CSWB2200A,0
STS1-CSWB2300A,0
STS1-CSWB2400A,0
STS1-CSWB2500A,0
STS1-WC600,0
STS1-WC700,0
STS1-WC800,0
STS1-WC900,0
STS1-WC1000,0
STS1-WC1100,0
STS1-WC1200,0
STS1-WC1300,0
STS1-WC1400,0
STS1-WC1500,0
STS1-WC1600,0
STS1-WC1700,0
STS1-WC1800,0
STS1-WC1900,0
STS1-WC2000,0
STS1-WC2100,0
STS1-WC2200,0
STS1-WC2300,0
STS1-WCSD600,0
STS1-WCSD700,0
STS1-WCSD800,0
STS1-WCSD900,0
STS1-WCSD1000,0
STS1-WCSD1100,0
STS1-WCSD1200,0
STS1-WCSD1300,0
STS1-WCSD1400,0
STS1-WCSD1500,0
STS1-WCSD1600,0
STS1-WCSD1700,0
STS1-WCSD1800,0
STS1-WCSD1900,0
STS1-WCSD2000,0
STS1-WCSD2100,0
STS1-WCSD2200,0
STS1-WCSD2300,0
STS1-WCSW600,0
STS1-WCSW700,0
STS1-WCSW800,0
STS1-WCSW900,0
STS1-WCSW1000,0
STS1-WCSW1100,0
STS1-WCSW1200,0
STS1-WCSW1300,0
STS1-WCSW1400,0
STS1-WCSW1500,0
STS1-WCSW1600,0
STS1-WCSW1700,0
STS1-WCSW1800,0
STS1-WCSW1900,0
STS1-WCSW2000,0
STS1-WCSW2100,0
STS1-WCSW2200,0
STS1-WCSW2300,0
STS1-ST500A,0
STS1-ST600A,0
STS1-ST700A,0
STS1-ST800A,0
STS1-ST900A,0
STS1-ST1000A,0
STS1-ST1100A,0
STS1-ST1200A,0
STS1-ST1300A,0
STS1-ST1400A,0
STS1-ST1500A,0
STS1-ST1600A,0
STS1-ST1700A,0
STS1-ST1800A,0
STS1-ST1900A,0
STS1-ST2000A,0
STS1-ST2100A,0
STS1-ST2200A,0
STS1-ST2300A,0
STS1-ST2400A,0
STS1-STB500A,0
STS1-STB700A,0
STS1-STB800A,0
STS1-STB900A,0
STS1-STB1000A,0
STS1-STB1100A,0
STS1-STB1200A,0
STS1-STB1300A,0
STS1-STB1400A,0
STS1-STB1500A,0
STS1-STB1600A,0
STS1-STB1700A,0
STS1-STB1800A,0
STS1-STB1900A,0
STS1-STB2000A,0
STS1-STB2100A,0
STS1-STB2200A,0
STS1-STB2300A,0
STS1-STB2400A,0
STS1-2ST1100A,0
STS1-2ST1200A,0
STS1-2ST1300A,0
STS1-2ST1400A,0
STS1-2ST1500A,0
STS1-2ST1600A,0
STS1-2ST1700A,0
STS1-2ST1800A,0
STS1-2ST1900A,0
STS1-2ST2000A,0
STS1-2ST2100A,0
STS1-2ST2200A,0
STS1-2ST2300A,0
STS1-2ST2400A,0
STS1-2ST2500A,0
STS1-2STB1100A,0
STS1-2STB1200A,0
STS1-2STB1300A,0
STS1-2STB1400A,0
STS1-2STB1500A,0
STS1-2STB1600A,0
STS1-2STB1700A,0
STS1-2STB1800A,0
STS1-2STB1900A,0
STS1-2STB2000A,0
STS1-2STB2100A,0
STS1-2STB2200A,0
STS1-2STB2300A,0
STS1-2STB2400A,0
STS1-2STB2500A,0
STS1-2ST2F2500A,0
STS1-2ST2FB2500A,0
STS1-2ST2MF1100A,0
STS1-2ST2MF1200A,0
STS1-2ST2MF1300A,0
STS1-2ST2MF1400A,0
STS1-2ST2MF1500A,0
STS1-2ST2MF1600A,0
STS1-2ST2MF1700A,0
STS1-2ST2MF1800A,0
STS1-2ST2MF1900A,0
STS1-2ST2MF2000A,0
STS1-2ST2MF2100A,0
STS1-2ST2MF2200A,0
STS1-2ST2MF2300A,0
STS1-2ST2MF2400A,0
STS1-2ST2MF2500A,0
STS1-2ST2MFB1100A,0
STS1-2ST2MFB1200A,0
STS1-2ST2MFB1300A,0
STS1-2ST2MFB1400A,0
STS1-2ST2MFB1500A,0
STS1-2ST2MFB1600A,0
STS1-2ST2MFB1700A,0
STS1-2ST2MFB1800A,0
STS1-2ST2MFB2000A,0
STS1-2ST2MFB2100A,0
STS1-2ST2MFB2200A,0
STS1-2ST2MFB2300A,0
STS1-2ST2MFB2400A,0
STS1-2ST2MFB2500A,0
STS1-3ST1800A,0
STS1-3ST1900A,0
STS1-3ST2000A,0
STS1-3ST2100A,0
STS1-3ST2200A,0
STS1-3ST2300A,0
STS1-3ST2400A,0
STS1-3ST2500A,0
STS1-3ST2600A,0
STS1-3ST2700A,0
STS1-3ST2800A,0
STS1-3ST2900A,0
STS1-3ST3000A,0
STS1-3STB1800A,0
STS1-3STB1900A,0
STS1-3STB2000A,0
STS1-3STB2100A,0
STS1-3STB2200A,0
STS1-3STB2300A,0
STS1-3STB2400A,0
STS1-3STB2500A,0
STS1-3STB2600A,0
STS1-3STB2700A,0
STS1-3STB2800A,0
STS1-3STB2900A,0
STS1-3STB3000A,0
STS1-3STF1800A,0
STS1-3STF1900A,0
STS1-3STF2000A,0
STS1-3STF2100A,0
STS1-3STF2200A,0
STS1-3STF2300A,0
STS1-3STF2400A,0
STS1-3STF2500A,0
STS1-3STF2600A,0
STS1-3STF2700A,0
STS1-3STF2800A,0
STS1-3STF2900A,0
STS1-3STF3000A,0
STS1-3STFB1800A,0
STS1-3STFB1900A,0
STS1-3STFB2000A,0
STS1-3STFB2100A,0
STS1-3STFB2200A,0
STS1-3STFB2300A,0
STS1-3STFB2400A,0
STS1-3STFB2500A,0
STS1-3STFB2600A,0
STS1-3STFB2700A,0
STS1-3STFB2800A,0
STS1-3STFB2900A,0
STS1-3STFB3000A,0
STS1-3STMF1800A,0
STS1-3STMF1900A,0
STS1-3STMF2000A,0
STS1-3STMF2100A,0
STS1-3STMF2200A,0
STS1-3STMF2300A,0
STS1-3STMF2400A,0
STS1-3STMF2500A,0
STS1-3STMF2600A,0
STS1-3STMF2700A,0
STS1-3STMF2800A,0
STS1-3STMF2900A,0
STS1-3STMF3000A,0
STS1-3STMFB1800A,0
STS1-3STMFB1900A,0
STS1-3STMFB2000A,0
STS1-3STMFB2100A,0
STS1-3STMFB2200A,0
STS1-3STMFB2300A,0
STS1-3STMFB2400A,0
STS1-3STMFB2500A,0
STS1-3STMFB2600A,0
STS1-3STMFB2700A,0
STS1-3STMFB2800A,0
STS1-3STMFB2900A,0
STS1-3STMFB3000A,0
STS1-3ST2MF1800A,0
STS1-3ST2MF1900A,0
STS1-3ST2MF2000A,0
STS1-3ST2MF2100A,0
STS1-3ST2MF2200A,0
STS1-3ST2MF2300A,0
STS1-3ST2MF2400A,0
STS1-3ST2MF2500A,0
STS1-3ST2MF2600A,0
STS1-3ST2MF2700A,0
STS1-3ST2MF2800A,0
STS1-3ST2MF2900A,0
STS1-3ST2MF3000A,0
STS1-3ST2MFB1800A,0
STS1-3ST2MFB1900A,0
STS1-3ST2MFB2000A,0
STS1-3ST2MFB2100A,0
STS1-3ST2MFB2200A,0
STS1-3ST2MFB2400A,0
STS1-3ST2MFB2500A,0
STS1-3ST2MFB2700A,0
STS1-3ST2MFB2800A,0
STS1-3ST2MFB2900A,0
STS1-3ST2MFB3000A,0
STS1-3ST3F1800A,0
STS1-3ST3F1900A,0
STS1-3ST3F2000A,0
STS1-3ST3F2100A,0
STS1-3ST3F2200A,0
STS1-3ST3F2300A,0
STS1-3ST3F2400A,0
STS1-3ST3F2500A,0
STS1-3ST3F2600A,0
STS1-3ST3F2700A,0
STS1-3ST3F2800A,0
STS1-3ST3F2900A,0
STS1-3ST3F3000A,0
STS1-3ST3FB1800A,0
STS1-3ST3FB1900A,0
STS1-3ST3FB2000A,0
STS1-3ST3FB2100A,0
STS1-3ST3FB2200A,0
STS1-3ST3FB2300A,0
STS1-3ST3FB2400A,0
STS1-3ST3FB2500A,0
STS1-3ST3FB2600A,0
STS1-3ST3FB2700A,0
STS1-3ST3FB2800A,0
STS1-3ST3FB2900A,0
STS1-3ST3FB3000A,0
STS1-3ST3MF1800A,0
STS1-3ST3MF1900A,0
STS1-3ST3MF2000A,0
STS1-3ST3MF2100A,0
STS1-3ST3MF2200A,0
STS1-3ST3MF2300A,0
STS1-3ST3MF2400A,0
STS1-3ST3MF2500A,0
STS1-3ST3MF2600A,0
STS1-3ST3MF2700A,0
STS1-3ST3MF2800A,0
STS1-3ST3MF2900A,0
STS1-3ST3MF3000A,0
STS1-3ST3MFB1800A,0
STS1-3ST3MFB1900A,0
STS1-3ST3MFB2000A,0
STS1-3ST3MFB2100A,0
STS1-3ST3MFB2200A,0
STS1-3ST3MFB2300A,0
STS1-3ST3MFB2400A,0
STS1-3ST3MFB2500A,0
STS1-3ST3MFB2600A,0
STS1-3ST3MFB2700A,0
STS1-3ST3MFB2800A,0
STS1-3ST3MFB2900A,0
STS1-3ST3MFB3000A,0
STS1-2SPSB-LOW1000A,0
STS1-OVS3000,0
STS1-OVS3100,0
STS1-OVS3200,0
STS1-OVS3300,0
STS1-OVS3400,0
STS1-OVS3500,0
STS1-OVS3600,0
STS1-OVS3700,0
STS1-OVS3800,0
STS1-OVS4000,0
STS1-DOVS700,0
STS1-DOVS800,0
STS1-DOVS900,0
STS1-OVRCS700,0
STS1-OVRCS800,0
STS1-OVRCS900,0
STS1-OVRCS2400,0
STS1-OVRCS2500,0
STS1-OVRCS2600,0
STS1-OVRCS2700,0
STS1-OVRCS2800,0
STS1-OVRCS2900,0
STS1-OVRCS3000,0
STS1-OVRCS3100,0
STS1-OVRCS3200,0
STS1-OVRCS3300,0
STS1-OVRCS3400,0
STS1-OVRCS3500,0
STS1-OVRCS3600,0
STS1-OVRCS3700,0
STS1-OVRCS3800,0
STS1-OVRCS3900,0
STS1-OVRCS4000,0
STS1-WSLS700,0
STS1-WSLS800,0
STS1-WSLS900,0
STS1-WSLS2400,0
STS1-WSLS2500,0
STS1-WSLS2600,0
STS1-WSLS2700,0
STS1-WSLS2800,0
STS1-WSLS2900,0
STS1-WSLS3000,0
STS1-WSLS3100,0
STS1-WSLS3200,0
STS1-WSLS3300,0
STS1-WSLS3400,0
STS1-WSLS3500,0
STS1-WSLS3600,0
STS1-WSLS3700,0
STS1-WSLS3800,0
STS1-WSLS3900,0
STS1-WSLS4000,0
STS1-2WSLS700,0
STS1-2WSLS800,0
STS1-2WSLS900,0
STS1-2WSLS2400,0
STS1-2WSLS2500,0
STS1-2WSLS2600,0
STS1-2WSLS2700,0
STS1-2WSLS2800,0
STS1-2WSLS2900,0
STS1-2WSLS3000,0
STS1-2WSLS3100,0
STS1-2WSLS3200,0
STS1-2WSLS3300,0
STS1-2WSLS3400,0
STS1-2WSLS3500,0
STS1-2WSLS3600,0
STS1-2WSLS3700,0
STS1-2WSLS3800,0
STS1-2WSLS3900,0
STS1-2WSLS4000,0
STS1-WS3500,0
STS1-WS3600,0
STS1-WS3700,0
STS1-WS3800,0
STS1-WS3900,0
STS1-WS4000,0
STS1-WS3500H,0
STS1-WS3600H,0
STS1-WS3700H,0
STS1-WS3800H,0
STS1-WS3900H,0
STS1-WS4000H,0
STS1-2WS3900,0
STS1-2WS4000,0
STS1-2WS3500H,0
STS1-2WS3600H,0
STS1-2WS3700H,0
STS1-2WS3800H,0
STS1-2WS3900H,0
STS1-2WS4000H,0
STS1-WRCS500,0
STS1-WRCS600,0
STS1-WRCS3100,0
STS1-WRCS3200,0
STS1-WRCS3300,0
STS1-WRCS3400,0
STS1-WRCS3500,0
STS1-WRCS3600,0
STS1-WRCS3700,0
STS1-WRCS3800,0
STS1-WRCS3900,0
STS1-WRCS4000,0
STS1-PTR700,0
STS1-PTR800,0
STS1-PTR900,0
STS1-PTR3800,0
STS1-PTR3900,0
STS1-PTR4000,0
STS1-CLDSTBSLS1900A,0
STS1-EXWFRA700,0
STS1-EXWFRA900,0
STS1-EXWFRA1000,0
STS1-EXWFRA1100,0
STS1-EXWFRA1400,0
STS1-EXWFRA1500A,0
STS1-EXWFRA1600,0
STS1-EXWFRA1700,0
STS1-EXWFRA1800,0
STS1-EXWFRA1900,0
STS1-EXWFRA2100,0
STS1-EXWFRA2300,0
STS1-EXWFRA2500B,0
STS1-EXWFRA2600,0
STS1-EXWFRA2700,0
STS1-EXWFRA2800,0
STS1-EXWFRA2900,0
STS1-EXWFRA3200,0
STS1-EXWFRA3400,0
STS1-EXWFRA3500C,0
STS1-EXWFRA3600,0
STS1-EXWFRA3700,0
STS1-EXWFRA3800,0
STS1-EXWFRA3900,0
STS1-EXWFRA4000,0
STS1-EXWFRA4100,0
STS1-EXWFRA4200,0
STS1-EXWFRA4300,0
STS1-EXWFRA4400,0
STS1-EXWFRA4500,0
STS1-EXWFRA4600,0
STS1-EXWFRA4800,0
STS1-EXWFRA4900,0
STS1-EXWFRA5000,0
STS1-EXWFRA5100,0
STS1-EXWFRA5200,0
STS1-EXWFRA5300,0
STS1-EXWFRA5400,0
STS1-EXWFRA5500,0
STS1-EXWFRA5600,0
STS1-EXWFRA5700,0
STS1-EXWFRA5800,0
STS1-EXWFRA5900,0
STS1-EXWFRA6000,0
STS1-EXWFRA6100,0
STS1-EXWFRA6200,0
STS1-EXWFRA6300,0
STS1-EXWFRA6400,0
STS1-EXIL700,0
STS1-EXIL800,0
STS1-EXIL900,0
STS1-EXIL3100,0
STS1-EXIL3200,0
STS1-EXIL3300,0
STS1-EXIL3400,0
STS1-EXIL3500E,0
STS1-EXIL3600,0
STS1-EXIL3700,0
STS1-EXIL3800,0
STS1-EXIL3900,0
STS1-EXIL4000,0
STS1-EXIL4100,0
STS1-EXIL4200,0
STS1-EXIL4300,0
STS1-EXIL4400,0
STS1-EXIL4500,0
STS1-EXIL4600,0
STS1-EXIL4700,0
STS1-EXIL4800,0
STS1-EXIL4900,0
STS1-EXIL5000,0
STS1-EXIL5100,0
STS1-EXIL5300,0
STS1-EXIL5200,0
STS1-EXIL5400,0
STS1-EXIL5500,0
STS1-EXIL5600,0
STS1-EXIL5700,0
STS1-EXIL5800,0
STS1-EXIL5900,0
STS1-EXIL6000,0
STS1-EXILFRA700A,0
STS1-EXILFRA6400A,0
STS1-EXILFRA800A,0
STS1-EXILFRA900A,0
STS1-EXILFRA6300A,0
STS1-EXILFRA6200A,0
STS1-EXILFRA6100A,0
STS1-EXILFRA6000A,0
STS1-EXILFRA5900A,0
STS1-EXILFRA5800A,0
STS1-EXILFRA5700A,0
STS1-EXILFRA5600A,0
STS1-EXILFRA5500A,0
STS1-EXILFRA5400A,0
STS1-EXILFRA5300A,0
STS1-EXILFRA5200A,0
STS1-EXILFRA5100A,0
STS1-EXILFRA5000A,0
STS1-EXILFRA4900A,0
STS1-EXILFRA4800A,0
STS1-EXILFRA4700A,0
STS1-EXILFRA4600A,0
STS1-EXILFRA4500A,0
STS1-EXILFRA4400A,0
STS1-EXILFRA4300A,0
STS1-EXILFRA4200A,0
STS1-EXILFRA4100A,0
STS1-EXILFRA4000A,0
STS1-EXILFRA3900A,0
STS1-EXILFRA3800A,0
STS1-EXILFRA3700A,0
STS1-EXILFRA3600A,0
STS1-EXILFRA3500A,0
STS1-EXILFRA3400A,0
STS1-EXILFRA3300A,0
STS1-EXILFRA3200A,0
STS1-EXILFRA3100A,0
STS1-EXILFRA3000A,0
STS1-EXILFRA2900A,0
STS1-EXILFRA2800A,0
STS1-EXILFRA2700A,0
STS1-EXILFRA2600A,0
STS1-EXILFRA2500A,0
STS1-EXILFRA2400A,0
STS1-EXILFRA2300A,0
STS1-EXILFRA2200A,0
STS1-EXILFRA2100A,0
STS1-EXILFRA2000A,0
STS1-EXILFRA1900A,0
STS1-EXILFRA1800A,0
STS1-EXILFRA1700A,0
STS1-EXILFRA1600A,0
STS1-EXILFRA1500A,0
STS1-EXILFRA1400A,0
STS1-EXILFRA1300A,0
STS1-EXILFRA1200A,0
STS1-EXILFRA1100A,0
STS1-EXILFRA1000A,0
STS1-EXILFRA700B,0
STS1-EXILFRA800B,0
STS1-EXILFRA900B,0
STS1-EXILFRA6400B,0
STS1-EXILFRA6300B,0
STS1-EXILFRA6200B,0
STS1-EXILFRA6100B,0
STS1-EXILFRA6000B,0
STS1-EXILFRA5900B,0
STS1-EXILFRA5800B,0
STS1-EXILFRA5700B,0
STS1-EXILFRA5600B,0
STS1-EXILFRA5500B,0
STS1-EXILFRA5400B,0
STS1-EXILFRA5300B,0
STS1-EXILFRA5200B,0
STS1-EXILFRA5100B,0
STS1-EXILFRA5000B,0
STS1-EXILFRA4900B,0
STS1-EXILFRA4800B,0
STS1-EXILFRA4700B,0
STS1-EXILFRA4600B,0
STS1-EXILFRA4500B,0
STS1-EXILFRA4400B,0
STS1-EXILFRA4300B,0
STS1-EXILFRA4200B,0
STS1-EXILFRA4100B,0
STS1-EXILFRA4000B,0
STS1-EXILFRA3900B,0
STS1-EXILFRA3800B,0
STS1-EXILFRA3700B,0
STS1-EXILFRA3600B,0
STS1-EXILFRA3500B,0
STS1-EXILFRA3400B,0
STS1-EXILFRA3300B,0
STS1-EXILFRA3200B,0
STS1-EXILFRA3100B,0
STS1-EXILFRA3000B,0
STS1-EXILFRA2900B,0
STS1-EXILFRA2800B,0
STS1-EXILFRA2700B,0
STS1-EXILFRA2600B,0
STS1-EXILFRA2500B,0
STS1-EXILFRA2400B,0
STS1-EXILFRA2300B,0
STS1-EXILFRA2200B,0
STS1-EXILFRA2100B,0
STS1-EXILFRA2000B,0
STS1-EXILFRA1900B,0
STS1-EXILFRA1800B,0
STS1-EXILFRA1700B,0
STS1-EXILFRA1600B,0
STS1-EXILFRA1500B,0
STS1-EXILFRA1400B,0
STS1-EXILFRA1300B,0
STS1-EXILFRA1200B,0
STS1-EXILFRA1100B,0
STS1-EXILFRA1000B,0
STS1-SODSTB2SGHB2500A,0
STS1-SODSTBSGHFB1500A,0
STS1-SODSTBSGHFB1600A,0
STS1-SODSTBSGHFB1700A,0
STS1-SODSTBSGHFB1800A,0
STS1-SODSTBSGHFB1900A,0
STS1-SODSTBSGHFB2000A,0
STS1-SODSTBSGHFB2100A,0
STS1-SODSTBSGHFB2200A,0
STS1-SODSTBSGHFB2300A,0
STS1-SODSTBSGHFB2400A,0
STS1-SODSTB2SGHFB1800A,0
STS1-SODSTB2SGHFB1900A,0
STS1-SODSTB2SGHFB2000A,0
STS1-SODSTB2SGHFB2100A,0
STS1-SODSTB2SGHFB2200A,0
STS1-SODSTB2SGHFB2400A,0
STS1-SODSTB2SGHFB2500A,0
STS1-SODSTBSGHMFB1500A,0
STS1-SODSTBSGHMFB1600A,0
STS1-SODSTBSGHMFB1700A,0
STS1-SODSTBSGHMFB1800A,0
STS1-SODSTBSGHMFB1900A,0
STS1-SODSTBSGHMFB2000A,0
STS1-SODSTBSGHMFB2100A,0
STS1-SODSTBSGHMFB2200A,0
STS1-SODSTBSGHMFB2300A,0
STS1-SODSTBSGHMFB2400A,0
STS1-SODSTB2SGHMFB1800A,0
STS1-SODSTB2SGHMFB1900A,0
STS1-SODSTB2SGHMFB2000A,0
STS1-SODSTB2SGHMFB2100A,0
STS1-SODSTB2SGHMFB2200A,0
STS1-SODSTB2SGHMFB2300A,0
STS1-SODSTB2SGHMFB2400A,0
STS1-SODSTB2SGHMFB2500A,0
STS1-CBM2400A,0
STS1-CBMB2400A,0
STS1-PLWMC2400A,0
STS1-PLWMCB2400A,0
STS1-CT400A,0
STS1-CT500A,0
STS1-CT600A,0
STS1-CTB400A,0
STS1-CTB500A,0
STS1-CTB600A,0
STS1-MBIBSD900,0
STS1-MBIBSW700,0
STS1-MBIBSW900,0
STS1-MBFL700-B,0
STS1-GNTLTOP620-900,0
STS1-GSTR400500,0
STS1-GSTR300500,0
STS1-GSTR300400,0
STS1-SODSTB2SGHFB1600B,0
STS1-PTR750,0
STS1-SODSTB2SGHFB1600A,0
STS1-MBFL650-B,0
STS1-MBFL700-A,0
STS1-TBB750A,0
STS1-TBS750A,0
STS1-TBDS750A,0
STS1-TBDSB750A,0
STS1-TBDW750A,0
STS1-TBDWB750A,0
STS1-TBSDW750A,0
STS1-TBSDWB750A,0
STS1-EQSNB750A,0
STS1-IBCB750A,0
STS1-IBCB750B,0
STS1-OPC750A,0
STS1-OPCB750A,0
STS1-OPCS750A,0
STS1-OPCSB750A,0
STS1-CSW750A,0
STS1-CSWB750A,0
STS1-CSSW750A,0
STS1-CSSWB750A,0
STS1-2STF2100C,0
STS1-2STF2200C,0
STS1-2STF2300C,0
STS1-2STFB2100C,0
STS1-2STFB2200C,0
STS1-2STFB2300C,0
STS1-3ST2F2100C,0
STS1-3ST2F2200C,0
STS1-3ST2F2300C,0
STS1-3ST2FB2100C,0
STS1-3ST2FB2200C,0
STS1-3ST2FB2300C,0
STS1-GSTR500300C,0
STS1-GSTR500350A,0
STS1-GSTR500350B,0
STS1-GSTR500350C,0
STS1-GSTR500300D,0
STS1-GSTR500300E,0
STS1-GSTR500300F,0
STS1-GSTR500350D,0
STS1-GSTR500350E,0
STS1-GSTR500350F,0
STS1-CLDSTBB750A,0
STS1-CLDSTBB750B,0
STS1-CLDSTBB1100C,0
STS1-CLDSTBB1200C,0
STS1-CLDSTBB1500C,0
STS1-CLDSTBB1100D,0
STS1-CLDSTBB1200D,0
STS1-CLDSTBB1500D,0
STS1-CLDSTBB1600E,0
STS1-CLDSTBB2000E,0
STS1-CLDSTBB2300E,0
STS1-CLDSTBB1600F,0
STS1-CLDSTBB2000F,0
STS1-CLDSTBB2300F,0
STS1-CLDSTBSLSB750A,0
STS1-CLDSTBSLSB750B,0
STS1-CLDSTBSLSB1100C,0
STS1-CLDSTBSLSB1200C,0
STS1-CLDSTBSLSB1500C,0
STS1-CLDSTBSLSB1100D,0
STS1-CLDSTBSLSB1200D,0
STS1-CLDSTBSLSB1500D,0
STS1-CLDSTBSLSB1600E,0
STS1-CLDSTBSLSB2000E,0
STS1-CLDSTBSLSB2300E,0
STS1-CLDSTBSLSB1600F,0
STS1-CLDSTBSLSB2000F,0
STS1-CLDSTBSLSB2300F,0
STS1-SODSTBSGHB1300B,0
STS1-SODSTBSGHB1400A,0
STS1-SODSTBSGHB1400B,0
STS1-SODSTB2SFB1300A,0
STS1-SODSTB2SFB1300B,0
STS1-SODSTB2SFB1400A,0
STS1-SODSTB2SFB1400B,0
STS1-SODSTB2SFB1500A,0
STS1-SODSTB2SFB1500B,0
STS1-SODSTB1SGHBL-S1512A,0
STS1-SODSTB1SGHBL-S1512B,0
STS1-SODSTB1SGHBL-S1512C,0
STS1-SODSTB1SGHBL-S1512D,0
STS1-SODSTB1SGHBL-S1515A,0
STS1-SODSTB1SGHBL-S1515B,0
STS1-SODSTB1SGHBL-S1515C,0
STS1-SODSTB1SGHBL-S1515D,0
STS1-SODSTB2SGHBL-S1815A,0
STS1-SODSTB2SGHBL-S1815B,0
STS1-SODSTB2SGHBL-S1815C,0
STS1-SODSTB2SGHBL-S1815D,0
STS1-SODSTB2SGHBL-S2015A,0
STS1-SODSTB2SGHBL-S2015B,0
STS1-SODSTB2SGHBL-S2015C,0
STS1-SODSTB2SGHBL-S2015D,0
STS1-TBNFB1000C,0
STS1-TBNFB1300C,0
STS1-TBNFB1500C,0
STS1-2TBNFB1300C,0
STS1-2TBNFB1400C,0
STS1-2TBNFB1500C,0
STS1-3TBNFB1800A,0
STS1-3TBNFB1900A,0
STS1-3TBNFB2000A,0
STS1-3TBNFB2100B,0
STS1-3TBNFB2200B,0
STS1-3TBNFB2300B,0
STS1-3TBNFB2100C,0
STS1-3TBNFB2200C,0
STS1-3TBNFB2300C,0
STS1-CBNFB1300C,0
STS1-CBNFB1400C,0
STS1-CBNFB1500C,0
STS1-2CBNFB2300B,0
STS1-2CBNFB1600C,0
STS1-2CBNFB2000C,0
STS1-2CBNFB2300C,0
STS1-3CBN2FB2100C,0
STS1-3CBN2FB2200C,0
STS1-3CBN2FB2300C,0
STS1-SPRA750,0
STS1-NDRA700A,0
STS1-NDRA700B,0
STS1-NDRA750B,0
STS1-SPSB-LOW750,0
STS1-2SPSB-LOW1100A,0
STS1-2SPSB-HI1100,0
STS1-PLWMC700C,0
STS1-PLWMC1000C,0
STS1-PLWMC1500C,0
STS1-PLWMC1600D,0
STS1-PLWMC2000D,0
STS1-PLWMC2300D,0
STS1-PLWMCB700C,0
STS1-PLWMCB1000C,0
STS1-PLWMCB1500C,0
STS1-PLWMCB1600D,0
STS1-PLWMCB2000D,0
STS1-PLWMCB2300D,0
STS1-CBM1100C,0
STS1-CBM1300C,0
STS1-CBM1500C,0
STS1-CBM1600D,0
STS1-CBM1700D,0
STS1-CBM1800D,0
STS1-CBM1600E,0
STS1-CBM1700E,0
STS1-CBM1800E,0
STS1-CBM1600F,0
STS1-CBM1700F,0
STS1-CBM1800F,0
STS1-CBM1900G,0
STS1-CBM2100G,0
STS1-CBM2300G,0
STS1-CBM1900H,0
STS1-CBM2100H,0
STS1-CBM2300H,0
STS1-CBM1900I,0
STS1-CBM2100I,0
STS1-CBM2300I,0
STS1-CBM2100J,0
STS1-CBM2200J,0
STS1-CBM2300J,0
STS1-CBM2100K,0
STS1-CBM2200K,0
STS1-CBM2300K,0
STS1-CBMB1100C,0
STS1-CBMB1300C,0
STS1-CBMB1500C,0
STS1-CBMB1600D,0
STS1-CBMB1700D,0
STS1-CBMB1800D,0
STS1-CBMB1600E,0
STS1-CBMB1700E,0
STS1-CBMB1800E,0
STS1-CBMB1600F,0
STS1-CBMB1700F,0
STS1-CBMB1800F,0
STS1-CBMB1900G,0
STS1-CBMB2100G,0
STS1-CBMB2300G,0
STS1-CBMB1900H,0
STS1-CBMB2100H,0
STS1-CBMB2300H,0
STS1-CBMB1900I,0
STS1-CBMB2100I,0
STS1-CBMB2300I,0
STS1-CBMB2100J,0
STS1-CBMB2200J,0
STS1-CBMB2300J,0
STS1-CBMB2100K,0
STS1-CBMB2200K,0
STS1-CBMB2300K,0
STS1-CNBM1100A,0
STS1-CNBM1300A,0
STS1-CNBM1500A,0
STS1-CNBM1100B,0
STS1-CNBM1300B,0
STS1-CNBM1500B,0
STS1-CNBM1300C,0
STS1-CNBM1400C,0
STS1-CNBM1500C,0
STS1-CNBM1300D,0
STS1-CNBM1400D,0
STS1-CNBM1500D,0
STS1-CNBM1300E,0
STS1-CNBM1400E,0
STS1-CNBM1500E,0
STS1-CNBM1600F,0
STS1-CNBM1700F,0
STS1-CNBM1800F,0
STS1-CNBM1900G,0
STS1-CNBM2100G,0
STS1-CNBM2300G,0
STS1-CNBM1900H,0
STS1-CNBM2100H,0
STS1-CNBM2300H,0
STS1-EXIL1200B,0
STS1-EXIL1500B,0
STS1-EXIL2000D,0
STS1-EXIL2500D,0
STS1-EXIL3000F,0
STS1-EXIL3500F,0
STS1-EXW1200B,0
STS1-EXW1500B,0
STS1-EXW2000D,0
STS1-EXW2500D,0
STS1-EXW3000F,0
STS1-EXW3500F,0
STS1-EXILFRA3000C,0
STS1-EXILFRA3000D,0
STS1-EXILFRA3500C,0
STS1-EXILFRA3500D,0
STS1-EXWFRA2000D,0
STS1-EXWFRA2500D,0
STS1-EXWFRA3000E,0
STS1-EXWFRA3500E,0
STS1-EXWFRA3000F,0
STS1-EXWFRA3500F,0
STS1-WC750,0
STS1-WCS750,0
STS1-WCSD750,0
STS1-WCSSD750,0
STS1-WCSW750,0
STS1-WCSSW750,0
STS1-2WS750,0
STS1-OVS750,0
STS1-DOVS750,0
STS1-WRCS750,0
STS1-OVRCS750,0
STS1-C0005,0
STS1-C0003,0
STS1-C0004,0
STS1-C0024,0
STS1-C0091,0
STS1-C0092,0
STS1-C0094,0
STS1-C0095,0
STS1-C0096,0
STS1-C0097,0
STS1-C0098,0
STS1-C0099,0
STS1-C0100,0
STS1-C0101,0
STS1-C0102,0
STS1-C0107,0
STS1-C0103,0
STS1-C0104,0
STS1-C0105,0
STS1-C0106,0
STS1-C0108,0
STS1-C0124,0
STS1-C0125,0
STS1-C0126,0
STS1-C0127,0
STS1-C0128,0
STS1-C0122,0
STS1-C0129,0
STS1-C0119,0
STS1-C0132,0
STS1-C0133,0
STS1-C0134,0
STS1-C0135,0
STS1-C0136,0
STS1-C0137,0
STS1-C0159,0
STS1-2CBNFB800A,0
STS1-3STMFB1600A,0
STS1-3TBN2FB1500A,0
STS1-2SPSB-LOW1300A,0
STS1-C0008,0
STS1-C0009,0
STS1-C0010,0
STS1-C0011,0
STS1-C0012,0
STS1-C0013,0
STS1-C0014,0
STS1-C0016,0
STS1-C0015,0
STS1-C0017,0
STS1-C0020,0
STS1-C0036,0
STS1-C0037,0
STS1-C0038,0
STS1-C0039,0
STS1-C0042,0
STS1-C0043,0
STS1-C0044,0
STS1-C0045,0
STS1-C0046,0
STS1-C0047,0
STS1-C0048,0
STS1-C0049,0
STS1-C0050,0
STS1-C0051,0
STS1-C0052,0
STS1-C0053,0
STS1-C0054,0
STS1-C0075,0
STS1-C0076,0
STS1-C0077,0
STS1-C0078,0
STS1-C0060,0
STS1-C0064,0
STS1-C0061,0
STS1-C0065,0
STS1-C0062,0
STS1-C0063,0
STS1-C0066,0
STS1-C0067,0
STS1-C0070,0
STS1-C0071,0
STS1-C0072,0
STS1-C0079,0
STS1-C0074,0
STS1-C0080,0
STS1-C0081,0
STS1-C0082,0
STS1-C0083,0
STS1-C0084,0
STS1-C0110,0
STS1-C0111,0
STS1-C0112,0
STS1-C0114,0
STS1-C0115,0
STS1-C0120,0
STS1-C0121,0
STS1-C0130,0
STS1-C0131,0
STS1-C0141,0
STS1-C0142,0
STS1-C0143,0
STS1-C0144,0
STS1-C0145,0
STS1-C0146,0
STS1-C0138,0
STS1-C0139,0
STS1-C0140,0
STS1-C0158,0
STS1-BP2100,0
STS1-BP2400,0
STS1-EQSN1000,0
STS1-C0151,0
STS1-C0152,0
STS1-C0153,0
STS1-C0160,0
STS1-C0161,0
STS1-C0162,0
STS1-C0163,0
STS1-C0164,0
STS1-C0165,0
STS1-C0166,0
STS1-C0167,0
STS1-C0168,0
STS1-C0169,0
STS1-C0170,0
STS1-C0171,0
STS1-C0172,0
STS1-C0173,0
STS1-C0174,0
STS1-C0175,0
STS1-C0176,0
STS1-C0177,0
STS1-C0178,0
STS1-C0179,0
STS1-C0180,0
STS1-C0181,0
STS1-C0182,0
STS1-C0183,0
STS1-C0184,0
STS1-C0185,0
STS1-C0186,0
STS1-C0187,0
STS1-C0188,0
STS1-C0189,0
STS1-C0190,0
STS1-C0191,0
STS1-C0192,0
STS1-C0193,0
STS1-C0194,0
STS1-C0195,0
STS1-C0196,0
STS1-C0199,0
STS1-C0200,0
STS1-C0201,0
STS1-C0202,0
STS1-C0215,0
STS1-C0204,0
STS1-C0205,0
STS1-C0206,0
STS1-C0207,0
STS1-C0208,0
STS1-C0209,0
STS1-C0210,0
STS1-C0211,0
STS1-C0212,0
STS1-C0213,0
STS1-C0214,0
STS1-C0203,0
STS1-C0217,0
STS1-C0257,0
STS1-C0256,0
STS1-C0255,0
STS1-C0254,0
STS1-C0253,0
STS1-C0252,0
STS1-C0251,0
STS1-C0250,0
STS1-C0249,0
STS1-C0248,0
STS1-C0247,0
STS1-C0246,0
STS1-C0245,0
STS1-C0244,0
STS1-C0243,0
STS1-C0263,0
STS1-C0264,0
STS1-C0265,0
STS1-C0266,0
STS1-C0268,0
STS1-C0269,0
STS1-C0272,0
STS1-C0273,0
STS1-C0276,0
STS1-C0277,0
STS1-C0278,0
STS1-C0275,0
STS1-C0274,0
STS1-C0291,0
STS1-C0296,0
STS1-C0295,0
STS1-C0294,0
STS1-C0293,0
STS1-C0292,0
STS1-C0297,0
STS1-C0290,0
STS1-C0289,0
STS1-C0288,0
STS1-C0287,0
STS1-C0286,0
STS1-C0285,0
STS1-C0284,0
STS1-C0338,0
STS1-C0339,0
STS1-C0270,0
STS1-C0271,0
STS1-C0405,0
STS1-C0406,0
STS1-C0407,0
STS1-C0408,0
STS1-C0409,0
STS1-C0412,0
STS1-C0414,0
STS1-C0410,0
STS1-C0415,0
STS1-C0421,0
STS1-C0422,0
STS1-C0425,0
STS1-C0431,0
STS1-C0433,0
STS1-C0511,0
STS1-C0515,0
STS1-C0514,0
STS1-C0532,0
STS1-C0533,0
STS1-C0534,0
STS1-C0529,0
STS1-C0530,0
STS1-C0531,0
STS1-STFB1200A,0
STS1-STFB1500A,0
STS1-EXW1500,0
STS1-EXW3000,0
STS1-STFB2300A,0
STS1-EXW1200,0
STS1-EXW2000,0
STS1-EXW3500,0
STS1-EXIL1200,0
STS1-EXIL1500,0
STS1-EXIL2000,0
STS1-EXIL2500,0
STS1-EXIL3000,0
STS1-SODSCR600-C,0
STS1-SODSCRWR1000-A,0
STS1-SODSCRSWD1000-D,0
STS1-SODSCRDBS800-B,0
STS1-GNTL620-900,0
STS1-GSTR500300,0
STS1-EXWFRA1200,0
STS1-EXWFRA2500,0
STS1-EXWFRA3000,0
STS1-EXWFRA3500,0
STS1-EXIL3500,0
STS1-2SPSB-LOW1100,0
STS1-BP2000,0
STS1-C0232,0
STS1-C0233,0
STS1-C0234,0
STS1-C0235,0
STS1-C0236,0
STS1-C0237,0
STS1-C0238,0
STS1-C0239,0
STS1-C0240,0
STS1-C0241,0
STS1-C0242,0
STS1-C0218,0
STS1-C0219,0
STS1-C0220,0
STS1-C0221,0
STS1-C0222,0
STS1-C0223,0
STS1-C0224,0
STS1-C0225,0
STS1-C0226,0
STS1-C0227,0
STS1-C0228,0
STS1-C0229,0
STS1-C0230,0
STS1-C0231,0
STS1-C0258,0
STS1-C0259,0
STS1-C0260,0
STS1-C0261,0
STS1-C0262,0
STS1-C0279,0
STS1-C0280,0
STS1-C0281,0
STS1-C0282,0
STS1-C0298,0
STS1-C0299,0
STS1-C0300,0
STS1-C0301,0
STS1-C0302,0
STS1-C0303,0
STS1-C0283,0
STS1-C0304,0
STS1-C0305,0
STS1-C0306,0
STS1-C0307,0
STS1-C0308,0
STS1-C0309,0
STS1-C0310,0
STS1-C0311,0
STS1-C0312,0
STS1-C0313,0
STS1-C0314,0
STS1-C0315,0
STS1-C0316,0
STS1-C0317,0
STS1-C0318,0
STS1-C0319,0
STS1-C0320,0
STS1-C0321,0
STS1-C0322,0
STS1-C0323,0
STS1-C0324,0
STS1-C0325,0
STS1-C0326,0
STS1-C0327,0
STS1-C0328,0
STS1-C0329,0
STS1-C0330,0
STS1-C0331,0
STS1-C0332,0
STS1-C0333,0
STS1-C0334,0
STS1-C0335,0
STS1-C0336,0
STS1-C0337,0
STS1-C0389,0
STS1-C0390,0
STS1-C0391,0
STS1-C0392,0
STS1-C0393,0
STS1-C0394,0
STS1-C0340,0
STS1-C0341,0
STS1-C0342,0
STS1-C0343,0
STS1-C0344,0
STS1-C0345,0
STS1-C0346,0
STS1-C0347,0
STS1-C0348,0
STS1-C0349,0
STS1-C0350,0
STS1-C0351,0
STS1-C0352,0
STS1-C0353,0
STS1-C0354,0
STS1-C0355,0
STS1-C0356,0
STS1-C0357,0
STS1-C0358,0
STS1-C0359,0
STS1-C0360,0
STS1-C0361,0
STS1-C0362,0
STS1-C0363,0
STS1-C0364,0
STS1-C0365,0
STS1-C0366,0
STS1-C0367,0
STS1-C0368,0
STS1-C0369,0
STS1-C0370,0
STS1-C0371,0
STS1-C0372,0
STS1-C0373,0
STS1-C0374,0
STS1-C0375,0
STS1-C0376,0
STS1-C0377,0
STS1-C0378,0
STS1-C0379,0
STS1-C0380,0
STS1-C0381,0
STS1-C0382,0
STS1-C0383,0
STS1-C0384,0
STS1-C0385,0
STS1-C0386,0
STS1-C0387,0
STS1-C0388,0
STS1-C0395,0
STS1-C0396,0
STS1-C0397,0
STS1-C0398,0
STS1-C0399,0
STS1-C0400,0
STS1-C0401,0
STS1-C0402,0
STS1-C0403,0
STS1-C0404,0
STS1-C0411,0
STS1-C0416,0
STS1-C0417,0
STS1-C0418,0
STS1-C0419,0
STS1-C0423,0
STS1-C0424,0
STS1-C0429,0
STS1-C0427,0
STS1-C0426,0
STS1-C0432,0
STS1-C0447,0
STS1-C0444,0
STS1-C0445,0
STS1-C0451,0
STS1-C0437,0
STS1-C0459,0
STS1-C0448,0
STS1-C0452,0
STS1-C0438,0
STS1-C0453,0
STS1-C0476,0
STS1-C0454,0
STS1-C0471,0
STS1-C0475,0
STS1-C0474,0
STS1-C0449,0
STS1-C0439,0
STS1-C0479,0
STS1-C0460,0
STS1-C0461,0
STS1-C0477,0
STS1-C0455,0
STS1-C0462,0
STS1-C0478,0
STS1-C0463,0
STS1-C0456,0
STS1-C0464,0
STS1-C0441,0
STS1-C0457,0
STS1-C0480,0
STS1-C0465,0
STS1-C0481,0
STS1-C0458,0
STS1-C0466,0
STS1-C0442,0
STS1-C0472,0
STS1-C0473,0
STS1-C0469,0
STS1-C0443,0
STS1-C0467,0
STS1-C0450,0
STS1-C0468,0
STS1-C0446,0
STS1-C0470,0
STS1-C0440,0
STS1-C0482,0
STS1-C0483,0
STS1-C0490,0
STS1-C0484,0
STS1-C0485,0
STS1-C0486,0
STS1-C0487,0
STS1-C0488,0
STS1-C0489,0
STS1-C0510,0
STS1-C0491,0
STS1-C0492,0
STS1-C0493,0
STS1-C0494,0
STS1-C0495,0
STS1-C0496,0
STS1-C0497,0
STS1-C0498,0
STS1-C0499,0
STS1-C0500,0
STS1-C0501,0
STS1-C0502,0
STS1-C0503,0
STS1-C0504,0
STS1-C0505,0
STS1-C0506,0
STS1-C0507,0
STS1-C0508,0
STS1-C0509,0
STS1-C0516,0
STS1-C0518,0
STS1-C0519,0
STS1-C0520,0
STS1-C0521,0
STS1-C0522,0
STS1-C0523,0
STS1-C0524,0
STS1-C0525,0
STS1-C0526,0
STS1-C0527,0
STS1-C0528,0
STS1-SODSTB2SGHFB2000B,0
STS1-SODSTB2SGHFB2300B,0
STS1-SODSTBSGHB2300B,0
STS1-SODSTBSGHB2000B,0
STS1-SODSTBSGHB1600B,0
STS1-SODSTBSGHB1500B,0
STS1-GSTR400250,0
STS1-SPSB-HI750,0
STS1-SPSB-HI800,0
STS1-2SPSB-HI1200,0
STS1-2SPSB-HI1500,0
STS1-2SL-C,0
STS1-BKTT495-900,0
STS1-SODSTB1SGHFB-C,0
STS1-TBDS900B,0
STS1-MBGB0001,0
STS1-CSSW2100B,0
STS1-EQSNB2400B,0
STS1-STFB900B,0
STS1-TBDS600B,0
STS1-WITL400,0
STS1-CSSWB800B,0
STS1-TBB1000B,0
STS1-5PL1500,0
STS1-CSSDB1300B,0
STS1-CSSDB1100B,0
STS1-CSSDB1000B,0
STS1-CSSD1700B,0
STS1-CSSD1600B,0
STS1-CSSD2000B,0
STS1-CSSDB2000B,0
STS1-CEDSTBB-C,0
STS1-OPCSB1900B,0
STS1-OPCSB2000B,0
STS1-TBDS1300B,0
STS1-TBDS500B,0
STS1-TBB1200B,0
STS1-OPCSB1000B,0
STS1-CSSD1800B,0
STS1-CSSDB1900B,0
STS1-2STF2200B,0
STS1-CSSD2300B,0
STS1-CSSD2100B,0
STS1-SKTBFB0002,0
STS1-STF800B,0
STS1-STFB800B,0
STS1-2STFB2200B,0
STS1-STFB1700B,0
STS1-EQSNB1000B,0
STS1-OPCSB2100B,0
STS1-OPCSB600B,0
STS1-STFB1800B,0
STS1-OPCSB1200B,0
STS1-TBSB1000B,0
STS1-TBSB1100B,0
STS1-CSSD1400B,0
STS1-DBSKTBMXFB0001,0
STS1-OPCS1400B,0
STS1-2STFB1900B,0
STS1-TBDS1800B,0
STS1-2STFB1300B,0
STS1-STF2300C,0
STS1-TB1400B,0
STS1-EQSNB1300B,0
STS1-STF600B,0
STS1-TBSB1200B,0
STS1-STFB1200C,0
STS1-TBDS1900B,0
STS1-CSSWB900B,0
STS1-TBDS1100B,0
STS1-EQSNB1800B,0
STS1-STFB1900B,0
STS1-STFB2200B,0
STS1-TB2DW1900B,0
STS1-CSSW2000B,0
STS1-WITL700,0
STS1-TBDS2400B,0
STS1-TBDS2500B,0
STS1-2STF1900B,0
STS1-TBSDWB1000B,0
STS1-CSSWDWB-C,0
STS1-CSSW400B,0
STS1-CSSW1200B,0
STS1-2TBNFB1600B,0
STS1-TBB600B,0
STS1-CLDSTBB700B,0
STS1-5SL1500,0
STS1-5PL-C,0
STS1-5SL-C,0
STS1-STFB500B,0
STS1-OPCS1500B,0
STS1-2STMF-C,0
STS1-2STF1300B,0
STS1-TBB700B,0
STS1-450-MM,0
STS1-700-MM,0
STS1-160X80,0
STS1-CRD-C,0
STS1-2SPSB-HI-C,0
STS1-2STB-C,0
STS1-CSWDS-C,0
STS1-FBB-C,0
STS1-2ST-C,0
STS1-LID-C,0
STS1-3ST3FB-C,0
STS1-CSSD1300B,0
STS1-CSSD1200B,0
STS1-CSSDB1800B,0
STS1-DBWS0002,0
STS1-DBWS0003,0
STS1-DBWS0004,0
STS1-2STF2100B,0
STS1-CSSD1900B,0
STS1-CSSW1900B,0
STS1-CSSDB900B,0
STS1-TB2DW1800B,0
STS1-STFB1500C,0
STS1-CSSW1800B,0
STS1-EQSNB1600B,0
STS1-CSSW1700B,0
STS1-TBDSB1600B,0
STS1-STF1300B,0
STS1-STF900B,0
STS1-CSSW2200B,0
STS1-EQSNB700B,0
STS1-TB2DW2000B,0
STS1-TBSB800B,0
STS1-TBB1100B,0
STS1-PLWMCB1000B,0
STS1-CSSDB2400B,0
STS1-STFB1400B,0
STS1-TBB0005,0
STS1-OPCSB1500B,0
STS1-DBWS0008,0
STS1-DBWS0009,0
STS1-SKTBFB0008,0
STS1-TBB0006,0
STS1-TBSB900B,0
STS1-TBDS1400B,0
STS1-TBDS1200B,0
STS1-2STFB1500B,0
STS1-DT,0
STS1-CSSW900B,0
STS1-TBDS1000B,0
STS1-2STF2300B,0
STS1-STF2400B,0
STS1-CSSDB1700B,0
STS1-CSSD2200B,0
STS1-2STF1100B,0
STS1-STF1100B,0
STS1-TBDS400B,0
STS1-TBB1700B,0
STS1-TBS1300B,0
STS1-2STFB2300B,0
STS1-2STF1400B,0
STS1-DBWS0010,0
STS1-OPCSB1600B,0
STS1-OPCS1600B,0
STS1-OPCS1700B,0
STS1-OPCS1800B,0
STS1-OPCS1900B,0
STS1-CTB1200B,0
STS1-TB800B,0
STS1-STF700B,0
STS1-TB1800B,0
STS1-OPC0002,0
STS1-2STF2400B,0
STS1-CSSW1600B,0
STS1-CSSWB2000B,0
STS1-TB2DW2100B,0
STS1-OPCSB400B,0
STS1-CSSW2300B,0
STS1-CSSW2400B,0
STS1-CSSW800B,0
STS1-CSSW2500B,0
STS1-CSSD1100B,0
STS1-CSSD1000B,0
STS1-TB1500B,0
STS1-CSSWB1500B,0
STS1-2STF1500B,0
STS1-5PL1600,0
STS1-EQSNB1200B,0
STS1-STFB2500B,0
STS1-IBC0001,0
STS1-CSWDB0003,0
STS1-CTB700B,0
STS1-STFB2500A,0
STS1-FT0004,0
STS1-2STFB700B,0
STS1-IBCB600B,0
STS1-STF1400B,0
STS1-STF1500B,0
STS1-TB2200B,0
STS1-TB2DW1600B,0
STS1-TB2DW2200B,0
STS1-CBM0002,0
STS1-1X6.9,0
STS1-1X6.3,0
STS1-STF1600B,0
STS1-STF1700B,0
STS1-STF1800B,0
STS1-STF1900B,0
STS1-STF2000B,0
STS1-STF2100B,0
STS1-TBS1000B,0
STS1-TBDS800B,0
STS1-EQSNB1400B,0
STS1-OPCSB2200B,0
STS1-2STF2500B,0
STS1-EQSNB1500B,0
STS1-2STFB2400B,0
STS1-IBCB500B,0
STS1-STF500B,0
STS1-TB600B,0
STS1-STFB1100B,0
STS1-TB2DW2300B,0
STS1-2STFB2500B,0
STS1-TBB1600B,0
STS1-TBDSB1500B,0
STS1-TB2DWB1600B,0
STS1-TBSDWB1400B,0
STS1-S0003,0
STS1-S0004,0
STS1-OPCS2000B,0
STS1-EX0009,0
STS1-TBSB600B,0
STS1-OPC0003,0
STS1-FT0008,0
STS1-TBSDWB600B,0
STS1-WS0008,0
STS1-CSSD800B,0
STS1-CSSDB1500B,0
STS1-TBS1500B,0
STS1-TBSB500B,0
STS1-DBWS0016,0
STS1-2STFB2100B,0
STS1-OPCS2100B,0
STS1-TBSDW1000B,0
STS1-CLDSTBB800B,0
STS1-EQSNB600B,0
STS1-CSSWB1600B,0
STS1-TBS1400B,0
STS1-STFB1300B,0
STS1-EQSNB400B,0
STS1-TBSB1300B,0
STS1-TB900B,0
STS1-DBWS0017,0
STS1-EQSNB2200B,0
STS1-EQSNB2300B,0
STS1-TBB1500B,0
STS1-TBSB700B,0
STS1-CSSWB1700B,0
STS1-OPCSB1300B,0
STS1-STF1000B,0
STS1-TB2DW1700B,0
STS1-CSSDB600B,0
STS1-2STFB1000B,0
STS1-2STFB1100B,0
STS1-OPCSB2300B,0
STS1-IBCB1200B,0
STS1-2STF2000B,0
STS1-STFB2300B,0
STS1-TB1000B,0
STS1-2STFB2000B,0
STS1-CLDSTBB1300B,0
STS1-EQSNB1100B,0
STS1-TB1600B,0
STS1-EQSNB500B,0
STS1-TBSB1600B,0
STS1-EQSNB800B,0
STS1-OPCS1000B,0
STS1-CSSWB1800B,0
STS1-CSSDB400B,0
STS1-CSSDB500B,0
STS1-TB1100B,0
STS1-OPCSB900B,0
STS1-CSSDB800B,0
STS1-TBDS1500B,0
STS1-OPCSB1400B,0
STS1-TBDS1600B,0
STS1-CSSWDWB1400B,0
STS1-CSSWDWB1500B,0
STS1-CSSWB1400B,0
STS1-CSSWDW1100B,0
STS1-PLWMCB1500B,0
STS1-2STFB1200B,0
STS1-TBS1800B,0
STS1-STFB1600B,0
STS1-2STFB1400B,0
STS1-TB1200B,0
STS1-TB1300B,0
STS1-STFB2000B,0
STS1-OPCS1100B,0
STS1-OPCS1200B,0
STS1-OPCSB1700B,0
STS1-TB2DWB1700B,0
STS1-STF2200B,0
STS1-2STF1200B,0
STS1-STMFB1000B,0
STS1-TBDS700B,0
STS1-OPCSB1800B,0
STS1-TB1700B,0
STS1-TB1900B,0
STS1-OPCSB1100B,0
STS1-EQSNB2500B,0
STS1-STFB700B,0
STS1-IBCB700B,0
STS1-CSSDB1400B,0
STS1-TB2000B,0
STS1-CSSWB1300B,0
STS1-OPCSB800B,0
STS1-IBCB1100B,0
STS1-STFB2400B,0
STS1-STFB600B,0
STS1-TB2100B,0
STS1-3ST2F1600B,0
STS1-CSSWB1200B,0
STS1-CSSDB2100B,0
STS1-CSSWB1000B,0
STS1-CSSW1500B,0
STS1-CSSD900B,0
STS1-CSSW1400B,0
STS1-CSSD2500B,0
STS1-CSSDB2500B,0
STS1-CSSW1300B,0
STS1-TB2DWB1800B,0
STS1-CSSDB2200B,0
STS1-CSSW1100B,0
STS1-CSSDB2300B,0
STS1-CSSW1000B,0
STS1-CSSD2400B,0
STS1-TBDS2000B,0
STS1-TBDS2100B,0
STS1-TBDS2200B,0
STS1-TBDS2300B,0
STS1-TB2DWB1900B,0
STS1-EQSNB1700B,0
STS1-EQSNB1900B,0
STS1-EQSNB2000B,0
STS1-EQSNB2100B,0
STS1-3ST2F1700B,0
STS1-3ST2F1800B,0
STS1-3ST2F1900B,0
STS1-3ST2F2000B,0
STS1-DBWS0029,0
STS1-3ST2FB1600B,0
STS1-3ST2FB1700B,0
STS1-3ST2FB1800B,0
STS1-3ST2FB1900B,0
STS1-STFB1500B,0
STS1-STFB2100B,0
STS1-CLDSTBB1100B,0
STS1-OPCS1300B,0
STS1-CSSWB1900B,0
STS1-CBMB1200B,0
STS1-CSSWB1100B,0
STS1-STFB1000B,0
STS1-DBSKTBFB0008,0
STS1-DBWS0005,0
STS1-DBWS0006,0
STS1-4TBN3F-C,0
STS1-OPCSB700B,0
STS1-TBS900B,0
STS1-TBDS1700B,0
STS1-TB700B,0
STS1-TB2DWB2000B,0
STS1-EQSNB900B,0
STS1-IBCB800B,0
STS1-TYSD1000,0
STS1-TYSD1100,0
STS1-TYSD1200,0
STS1-TYSD1300,0
STS1-TYSD1400,0
STS1-TYSD1500,0
STS1-TYSD1600,0
STS1-TYSD1700,0
STS1-TYSD1800,0
STS1-TYSD2000,0
STS1-TYSD2100,0
STS1-TYSD2200,0
STS1-TYSD2300,0
STS1-DLNTKTL700,0
STS1-SATL700,0
STS1-SKTL375,0
STS1-UTCR320,0
STS1-RSCRROWM1100,0
STS1-WITL530,0
STS1-WITL600,0
STS1-LGDL350,0
STS1-HGTL600,0
STS1-TLBC600-900,0
STS1-TLBC600-1100,0
STS1-LGTLTBLUR600,0
STS1-GMTL600,0
STS1-WM412,0
STS1-RSCROV1070,0
STS1-CTB800B,0
STS1-WCS-C,0
STS1-TBSDWB-C,0
STS1-TBSDW-C,0
STS1-TBDW-C,0
STS1-TBDWB-C,0
STS1-TB2DWB-C,0
STS1-3TBN2FB-C,0
STS1-3CBN2FB-C,0
STS1-SODSTBFB-C,0
STS1-RSCROV-C,0
STS1-CBMB-C,0
STS1-PLWMCB-C,0
STS1-3ST2F-C,0
STS1-PTR-C,0
STS1-RCTL-C,0
STS1-SPRA-C,0
STS1-LGDL-C,0
STS1-WSLS-C,0
STS1-KCTLSWD-C,0
STS1-TBSB1700B,0
STS1-TBSB1500B,0
STS1-CLDSTBB1200B,0
STS1-TBSB400B,0
STS1-TBDWB1500B,0
STS1-CSSDB1600B,0
STS1-TBSDWB1500B,0
STS1-WITL-C,0
STS1-TBDSB400B,0
STS1-TBDSB500B,0
STS1-TBDSB600B,0
STS1-TBDSB700B,0
STS1-TBDSB800B,0
STS1-TBDSB900B,0
STS1-TBDSB1000B,0
STS1-TBDSB1100B,0
STS1-TBDSB1200B,0
STS1-TBDSB1300B,0
STS1-TBDSB1400B,0
STS1-TBDSB1700B,0
STS1-TBDSB1800B,0
STS1-TBDSB1900B,0
STS1-TBDSB2000B,0
STS1-TBDSB2100B,0
STS1-TBDSB2200B,0
STS1-TBDSB2300B,0
STS1-TBDSB2400B,0
STS1-TBDSB2500B,0
STS1-TBS400B,0
STS1-TBS500B,0
STS1-TBS600B,0
STS1-TBS700B,0
STS1-TBS800B,0
STS1-TBS1100B,0
STS1-TBS1200B,0
STS1-TBS1600B,0
STS1-TBS1700B,0
STS1-TBS2000B,0
STS1-TBS2100B,0
STS1-TBS2200B,0
STS1-TBS2400B,0
STS1-TBS2500B,0
STS1-2TBNF-C,0
STS1-DOVSB-C,0
STS1-OPCB-C,0
STS1-TLBC-C,0
STS1-SC-C,0
STS1-3PL-C,0
STS1-SPRA700B,0
STS1-C-C,0
STS1-CBNFB700B,0
STS1-CSSDB1200B,0
STS1-2STMFB2400B,0
STS1-3TBN2FB1600A,0
STS1-STMFB700B,0
STS1-STMFB1100B,0
STS1-STMFB1200B,0
STS1-STMFB1300B,0
STS1-2TBNFB1100B,0
STS1-STMFB1400B,0
STS1-STMFB1500B,0
STS1-STMFB1600B,0
STS1-STMFB1700B,0
STS1-STMFB1800B,0
STS1-STMFB1900B,0
STS1-STMFB2000B,0
STS1-STMFB2100B,0
STS1-STMFB2200B,0
STS1-STMFB2300B,0
STS1-STMFB2400B,0
STS1-2STMFB1000B,0
STS1-2STMFB1100B,0
STS1-2STMFB1200B,0
STS1-2STMFB1300B,0
STS1-2STMFB1400B,0
STS1-2STMFB1500B,0
STS1-2STMFB1600B,0
STS1-2STMFB1700B,0
STS1-2STMFB1800B,0
STS1-2STMFB1900B,0
STS1-STMF-C,0
STS1-6PL-C,0
STS1-CHROBO-C,0
STS1-CHBO-C,0
STS1-CHROBO600A,0
STS1-H-C,0
STS1-CSD700B,0
STS1-TB2DW-C,0
STS1-UTCRSW320,0
STS1-RSCRSQ1100,0
STS1-2STMFB2000B,0
STS1-2STMFB2100B,0
STS1-2STMFB2200B,0
STS1-2STMFB2300B,0
STS1-3ST2F2400B,0
STS1-3ST2F2500B,0
STS1-3ST2F2600B,0
STS1-3ST2F2700B,0
STS1-3ST2F2800B,0
STS1-3ST2F2900B,0
STS1-3ST2F3000B,0
STS1-3ST2FB2000B,0
STS1-3ST2FB2400B,0
STS1-3ST2FB2500B,0
STS1-3ST2FB2600B,0
STS1-3ST2FB2700B,0
STS1-3ST2FB2800B,0
STS1-3ST2FB2900B,0
STS1-3ST2FB3000B,0
STS1-CSSD400B,0
STS1-CSSD500B,0
STS1-CSSD600B,0
STS1-CSSD700B,0
STS1-CSSW500B,0
STS1-CSSW600B,0
STS1-CSSW700B,0
STS1-CSSWB400B,0
STS1-CSSWB500B,0
STS1-CSSWB600B,0
STS1-CSSWB2100B,0
STS1-CSSWB2200B,0
STS1-CSSWB2300B,0
STS1-CSSWB2400B,0
STS1-CSSWB2500B,0
STS1-IBCB1300B,0
STS1-IBCB1400B,0
STS1-IBCB1500B,0
STS1-IBCB400B,0
STS1-OPC1000B,0
STS1-OPC1100B,0
STS1-OPC1200B,0
STS1-OPC1300B,0
STS1-OPC1400B,0
STS1-OPC1500B,0
STS1-OPC1600B,0
STS1-OPC1700B,0
STS1-OPC1800B,0
STS1-OPC1900B,0
STS1-OPC2000B,0
STS1-OPC2100B,0
STS1-OPC2200B,0
STS1-OPC2300B,0
STS1-OPC2400B,0
STS1-OPC2500B,0
STS1-OPC400B,0
STS1-OPC500B,0
STS1-OPC600B,0
STS1-OPC700B,0
STS1-OPC800B,0
STS1-OPC900B,0
STS1-OPCSB500B,0
STS1-OPCB1000B,0
STS1-OPCB1100B,0
STS1-OPCB1200B,0
STS1-OPCB1300B,0
STS1-OPCB1400B,0
STS1-OPCB1500B,0
STS1-OPCB1600B,0
STS1-OPCB1700B,0
STS1-OPCB1800B,0
STS1-OPCB1900B,0
STS1-OPCB2000B,0
STS1-OPCB2100B,0
STS1-OPCB2200B,0
STS1-OPCB2300B,0
STS1-OPCB2400B,0
STS1-OPCB2500B,0
STS1-OPCB400B,0
STS1-OPCB500B,0
STS1-OPCB600B,0
STS1-OPCB700B,0
STS1-OPCB800B,0
STS1-OPCB900B,0
STS1-OPCS2200B,0
STS1-OPCS2300B,0
STS1-OPCS600B,0
STS1-OPCS700B,0
STS1-OPCS800B,0
STS1-2CBNFB1000B,0
STS1-2CBNFB1100B,0
STS1-2CBNFB1200B,0
STS1-2CBNFB1300B,0
STS1-2CBNFB1400B,0
STS1-2CBNFB1500B,0
STS1-2CBNFB1700B,0
STS1-2CBNFB1800B,0
STS1-2CBNFB1900B,0
STS1-2TBNFB1000B,0
STS1-2TBNFB1200B,0
STS1-2TBNFB1700B,0
STS1-2TBNFB1800B,0
STS1-2TBNFB1900B,0
STS1-3CBN2FB1700B,0
STS1-3CBN2FB1800B,0
STS1-3CBN2FB1900B,0
STS1-3CBN2FB2000B,0
STS1-3CBN2FB2400B,0
STS1-3CBN2FB2500B,0
STS1-3CBN2FB2800B,0
STS1-3TBN2FB1600B,0
STS1-3TBN2FB1700B,0
STS1-3TBN2FB1800B,0
STS1-3TBN2FB1900B,0
STS1-3TBN2FB2000B,0
STS1-3TBN2FB2100B,0
STS1-3TBN2FB2200B,0
STS1-3TBN2FB2300B,0
STS1-3TBN2FB2400B,0
STS1-3TBN2FB2500B,0
STS1-3TBN2FB2600B,0
STS1-3TBN2FB2700B,0
STS1-CBMB1000B,0
STS1-CBMB1400B,0
STS1-CBMB1600B,0
STS1-CBMB1700B,0
STS1-CBMB1800B,0
STS1-CBMB1900B,0
STS1-CBMB2000B,0
STS1-CBMB2100B,0
STS1-CBMB2200B,0
STS1-CBMB2300B,0
STS1-CBMB700B,0
STS1-CBMB800B,0
STS1-CBMB900B,0
STS1-CBNFB1000B,0
STS1-CBNFB1100B,0
STS1-CBNFB1200B,0
STS1-CBNFB600B,0
STS1-CBNFB800B,0
STS1-CBNFB900B,0
STS1-STMFB800B,0
STS1-CLDSTBB1400B,0
STS1-CLDSTBB1500B,0
STS1-CLDSTBB1600B,0
STS1-CLDSTBB1700B,0
STS1-CLDSTBB1800B,0
STS1-CLDSTBB1900B,0
STS1-CLDSTBB2000B,0
STS1-CLDSTBB2100B,0
STS1-CLDSTBB2200B,0
STS1-CLDSTBB2300B,0
STS1-CLDSTBB2400B,0
STS1-CLDSTBB500B,0
STS1-CLDSTBB600B,0
STS1-CLDSTBSLSB1100B,0
STS1-CLDSTBSLSB1200B,0
STS1-CLDSTBSLSB1300B,0
STS1-CLDSTBSLSB1400B,0
STS1-CLDSTBSLSB1500B,0
STS1-CLDSTBSLSB1600B,0
STS1-CLDSTBSLSB1700B,0
STS1-CLDSTBSLSB1800B,0
STS1-CLDSTBSLSB1900B,0
STS1-CLDSTBSLSB2000B,0
STS1-CLDSTBSLSB2100B,0
STS1-CLDSTBSLSB2200B,0
STS1-CLDSTBSLSB2300B,0
STS1-CLDSTBSLSB2400B,0
STS1-CLDSTBSLSB700B,0
STS1-CLDSTBSLSB800B,0
STS1-CTB1000B,0
STS1-CTB1100B,0
STS1-CTB1300B,0
STS1-CTB1400B,0
STS1-CTB1500B,0
STS1-CTB1600B,0
STS1-CTB1700B,0
STS1-CTB1800B,0
STS1-OPCS900B,0
STS1-PLWMC1500B,0
STS1-PLWMCB1100B,0
STS1-PLWMCB1200B,0
STS1-PLWMCB1300B,0
STS1-PLWMCB1400B,0
STS1-PLWMCB1700B,0
STS1-PLWMCB1800B,0
STS1-PLWMCB1900B,0
STS1-PLWMCB2100B,0
STS1-PLWMCB2200B,0
STS1-PLWMCB700B,0
STS1-PLWMCB800B,0
STS1-PLWMCB900B,0
STS1-SPRA800B,0
STS1-SPSB-LOW700B,0
STS1-SPSB-LOW800B,0
STS1-TB2DWB2100B,0
STS1-TB2DWB2200B,0
STS1-TB2DWB2300B,0
STS1-TBB1300B,0
STS1-TBB1400B,0
STS1-TBB1800B,0
STS1-TBB1900B,0
STS1-TBB2000B,0
STS1-TBB2100B,0
STS1-TBB2200B,0
STS1-TBB2300B,0
STS1-TBB2400B,0
STS1-TBB2500B,0
STS1-TBB300B,0
STS1-TBB400B,0
STS1-TBB500B,0
STS1-TBB800B,0
STS1-TBB900B,0
STS1-TBDW1000B,0
STS1-TBDW1100B,0
STS1-TBDW1200B,0
STS1-TBDW1300B,0
STS1-TBDW1400B,0
STS1-TBDW1500B,0
STS1-TBDW700B,0
STS1-TBDW800B,0
STS1-TBDW900B,0
STS1-TBDWB1000B,0
STS1-TBDWB1100B,0
STS1-TBDWB1200B,0
STS1-TBDWB1300B,0
STS1-TBDWB1400B,0
STS1-TBDWB700B,0
STS1-TBDWB800B,0
STS1-TBDWB900B,0
STS1-TBNFB1100B,0
STS1-TBNFB1200B,0
STS1-TBNFB1400B,0
STS1-TBNFB600B,0
STS1-TBNFB700B,0
STS1-TBNFB800B,0
STS1-TBNFB900B,0
STS1-TBS2800B,0
STS1-TBS2DW1600B,0
STS1-TBS2DW1700B,0
STS1-TBS2DW1800B,0
STS1-TBS2DW1900B,0
STS1-TBS2DW2000B,0
STS1-TBS2DW2100B,0
STS1-TBS2DW2200B,0
STS1-TBS2DW2300B,0
STS1-TBS2DW2400B,0
STS1-TBS2DWB1600B,0
STS1-TBS2DWB1700B,0
STS1-TBS2DWB1800B,0
STS1-TBS2DWB1900B,0
STS1-TBS2DWB2000B,0
STS1-TBS2DWB2100B,0
STS1-TBS2DWB2200B,0
STS1-TBS2DWB2300B,0
STS1-TBS2DWB2400B,0
STS1-TBSB1400B,0
STS1-TBSB1800B,0
STS1-TBSB1900B,0
STS1-TBSB2000B,0
STS1-TBSB2100B,0
STS1-TBSB2200B,0
STS1-TBSB2300B,0
STS1-TBSB2400B,0
STS1-TBSB2500B,0
STS1-TBSB2700B,0
STS1-TBSDW1100B,0
STS1-TBSDW1200B,0
STS1-TBSDW1300B,0
STS1-TBSDW1400B,0
STS1-TBSDW1500B,0
STS1-TBSDW700B,0
STS1-TBSDW800B,0
STS1-TBSDW900B,0
STS1-TBSDWB1100B,0
STS1-TBSDWB1200B,0
STS1-TBSDWB1300B,0
STS1-TBSDWB700B,0
STS1-TBSDWB800B,0
STS1-TBSDWB900B,0
STS1-3ST2MFB-C,0
STS1-STMF700B,0
STS1-TB400B,0
STS1-TB500B,0
STS1-TB2400B,0
STS1-TB2500B,0
STS1-TBSB2600B,0
STS1-TBDSB2600B,0
STS1-TBDW400B,0
STS1-TBDW500B,0
STS1-TBDW600B,0
STS1-TB2DW2400B,0
STS1-TB2DW2500B,0
STS1-TBDWB400B,0
STS1-TBDWB500B,0
STS1-TBDWB600B,0
STS1-TB2DWB2400B,0
STS1-TB2DWB2500B,0
STS1-TBSDW400B,0
STS1-TBSDW500B,0
STS1-TBSDW600B,0
STS1-TBS2DW2500B,0
STS1-TBSDWB400B,0
STS1-TBSDWB500B,0
STS1-TBS2DWB2500B,0
STS1-OPCS400B,0
STS1-OPCS500B,0
STS1-OPCS2400B,0
STS1-OPCS2500B,0
STS1-OPCSB2400B,0
STS1-OPCSB2500B,0
STS1-PLWMC1000B,0
STS1-PLWMC1100B,0
STS1-PLWMC1200B,0
STS1-PLWMC1300B,0
STS1-PLWMC1400B,0
STS1-PLWMC1700B,0
STS1-PLWMC1800B,0
STS1-PLWMC1900B,0
STS1-PLWMC2100B,0
STS1-PLWMC2200B,0
STS1-PLWMC700B,0
STS1-PLWMC800B,0
STS1-PLWMC900B,0
STS1-STMF800B,0
STS1-STMFB900B,0
STS1-STMF900B,0
STS1-STMF1000B,0
STS1-STMF1100B,0
STS1-STMF1200B,0
STS1-STMF1300B,0
STS1-STMF1400B,0
STS1-STMF1500B,0
STS1-STMF1600B,0
STS1-STMF1700B,0
STS1-STMF1800B,0
STS1-STMF1900B,0
STS1-STMF2000B,0
STS1-STMF2100B,0
STS1-STMF2200B,0
STS1-STMF2300B,0
STS1-STMF2400B,0
STS1-2STMF2100B,0
STS1-CBM700B,0
STS1-CBM800B,0
STS1-CBM900B,0
STS1-CBM1000B,0
STS1-CBM1200B,0
STS1-CBM1400B,0
STS1-CBM1600B,0
STS1-CBM1700B,0
STS1-CBM1800B,0
STS1-CBM1900B,0
STS1-CBM2000B,0
STS1-CBM2100B,0
STS1-CBM2200B,0
STS1-CBM2300B,0
STS1-CT700B,0
STS1-CT800B,0
STS1-CT900B,0
STS1-CT1000B,0
STS1-CT1100B,0
STS1-CT1200B,0
STS1-CT1300B,0
STS1-CT1400B,0
STS1-CT1500B,0
STS1-CT1600B,0
STS1-CT1700B,0
STS1-CT1800B,0
STS1-IBC400B,0
STS1-IBC500B,0
STS1-IBC600B,0
STS1-IBC700B,0
STS1-IBC800B,0
STS1-IBC900B,0
STS1-IBC1000B,0
STS1-IBC1100B,0
STS1-IBC1200B,0
STS1-IBC1300B,0
STS1-IBC1400B,0
STS1-IBC1500B,0
STS1-CLDSTB500B,0
STS1-CLDSTB600B,0
STS1-CLDSTB700B,0
STS1-CLDSTB800B,0
STS1-CLDSTB900B,0
STS1-CLDSTB1000B,0
STS1-CLDSTB1100B,0
STS1-CLDSTB1200B,0
STS1-2ST2FB1500B,0
STS1-2ST2FB2000B,0
STS1-2ST2FB2300B,0
STS1-CLDSTB1300B,0
STS1-CLDSTB1400B,0
STS1-CLDSTB1500B,0
STS1-CLDSTB1600B,0
STS1-CLDSTB1700B,0
STS1-CLDSTB1800B,0
STS1-CLDSTB1900B,0
STS1-CLDSTB2000B,0
STS1-CLDSTB2100B,0
STS1-CLDSTB2200B,0
STS1-CLDSTB2300B,0
STS1-CLDSTB2400B,0
STS1-CLDSTBSLS700B,0
STS1-CLDSTBSLS800B,0
STS1-CLDSTBSLS900B,0
STS1-CLDSTBSLS1000B,0
STS1-CLDSTBSLS1100B,0
STS1-CLDSTBSLS1200B,0
STS1-CLDSTBSLS1300B,0
STS1-CLDSTBSLS1400B,0
STS1-CLDSTBSLS1500B,0
STS1-CLDSTBSLS1600B,0
STS1-CLDSTBSLS1700B,0
STS1-CLDSTBSLS1800B,0
STS1-CLDSTBSLS1900B,0
STS1-CLDSTBSLS2000B,0
STS1-CLDSTBSLS2100B,0
STS1-CLDSTBSLS2200B,0
STS1-CLDSTBSLS2300B,0
STS1-CLDSTBSLS2400B,0
STS1-2STMF1000B,0
STS1-2STMF1100B,0
STS1-2STMF1200B,0
STS1-2STMF1300B,0
STS1-2STMF1400B,0
STS1-2STMF1500B,0
STS1-2STMF1600B,0
STS1-2STMF1700B,0
STS1-2STMF1800B,0
STS1-2STMF1900B,0
STS1-2STMF2000B,0
STS1-2STMF2200B,0
STS1-2STMF2300B,0
STS1-2STMF2400B,0
STS1-2ST2FB700B,0
STS1-2ST2FB800B,0
STS1-2ST2FB900B,0
STS1-2ST2FB1000B,0
STS1-2ST2FB1100B,0
STS1-2ST2FB1200B,0
STS1-2ST2FB1300B,0
STS1-2ST2FB1400B,0
STS1-2ST2FB1600B,0
STS1-2ST2FB1700B,0
STS1-2ST2FB1800B,0
STS1-2ST2FB1900B,0
STS1-2ST2FB2100B,0
STS1-2ST2FB2200B,0
STS1-2ST2FB2400B,0
STS1-2ST2F700B,0
STS1-2ST2F800B,0
STS1-2ST2F900B,0
STS1-2ST2F1000B,0
STS1-2ST2F1100B,0
STS1-2ST2F1200B,0
STS1-2ST2F1300B,0
STS1-2ST2F1400B,0
STS1-2ST2F1500B,0
STS1-2ST2F1600B,0
STS1-2ST2F1700B,0
STS1-2ST2F1800B,0
STS1-2ST2F1900B,0
STS1-2ST2F2000B,0
STS1-2ST2F2100B,0
STS1-2ST2F2200B,0
STS1-2ST2F2300B,0
STS1-2ST2F2400B,0
STS1-2STF1000B,0
STS1-2STFB800B,0
STS1-2STFB900B,0
STS1-2STF700B,0
STS1-2STF800B,0
STS1-2STF900B,0
STS1-3CBN2FB2600B,0
STS1-3CBN2FB2700B,0
STS1-TBS2600B,0
STS1-TBS2700B,0
STS1-STMF500B,0
STS1-STMF600B,0
STS1-STMFB500B,0
STS1-STMFB600B,0
STS1-2STMF2500B,0
STS1-2STMFB2500B,0
STS1-2STMFB3000B,0
STS1-MTB-C,0
STS1-TBS2DW-C,0
STS1-SODSCR-C,0
STS1-3ST2MFB2200B,0
STS1-TBSDWB2000B,0
STS1-TBDW1600B,0
STS1-TBDW1700B,0
STS1-TBDW1800B,0
STS1-TBDW1900B,0
STS1-TBDW2000B,0
STS1-TBDW2100B,0
STS1-TBDW2200B,0
STS1-TBDW2300B,0
STS1-TBDW2400B,0
STS1-TBDW2500B,0
STS1-TBDWB1600B,0
STS1-TBDWB1700B,0
STS1-TBDWB1800B,0
STS1-TBDWB1900B,0
STS1-TBDWB2000B,0
STS1-TBDWB2100B,0
STS1-TBDWB2200B,0
STS1-TBDWB2300B,0
STS1-TBDWB2400B,0
STS1-TBDWB2500B,0
STS1-TB2DW1000B,0
STS1-TB2DW1100B,0
STS1-TB2DW1200B,0
STS1-TB2DW1300B,0
STS1-TB2DW1400B,0
STS1-TB2DW1500B,0
STS1-TB2DWB1000B,0
STS1-TB2DWB1100B,0
STS1-TB2DWB1200B,0
STS1-TB2DWB1300B,0
STS1-TB2DWB1400B,0
STS1-TB2DWB1500B,0
STS1-TBSDW1600B,0
STS1-TBSDW1700B,0
STS1-TBSDW1800B,0
STS1-TBSDW1900B,0
STS1-TBSDW2000B,0
STS1-TBSDW2100B,0
STS1-TBSDW2200B,0
STS1-TBSDW2300B,0
STS1-TBSDW2400B,0
STS1-TBSDW2500B,0
STS1-TBSDWB1600B,0
STS1-TBSDWB1700B,0
STS1-TBSDWB1800B,0
STS1-TBSDWB1900B,0
STS1-TBSDWB2100B,0
STS1-TBSDWB2200B,0
STS1-TBSDWB2300B,0
STS1-TBSDWB2400B,0
STS1-TBSDWB2500B,0
STS1-TBS2DW1000B,0
STS1-TBS2DW1100B,0
STS1-TBS2DW1200B,0
STS1-TBS2DW1300B,0
STS1-TBS2DW1400B,0
STS1-TBS2DW1500B,0
STS1-TBS2DWB1000B,0
STS1-TBS2DWB1100B,0
STS1-TBS2DWB1200B,0
STS1-TBS2DWB1300B,0
STS1-TBS2DWB1400B,0
STS1-TBS2DWB1500B,0
STS1-CSD400B,0
STS1-CSD500B,0
STS1-CSD600B,0
STS1-CSD800B,0
STS1-CSD900B,0
STS1-CSD1000B,0
STS1-CSD1100B,0
STS1-CSD1200B,0
STS1-CSD1300B,0
STS1-CSD1400B,0
STS1-CSD1500B,0
STS1-CSD1600B,0
STS1-CSD1700B,0
STS1-CSD1800B,0
STS1-CSD1900B,0
STS1-CSD2000B,0
STS1-CSD2100B,0
STS1-CSD2200B,0
STS1-CSD2300B,0
STS1-CSD2400B,0
STS1-CSD2500B,0
STS1-CSDB1500B,0
STS1-CSDB400B,0
STS1-CSDB500B,0
STS1-CSDB600B,0
STS1-CSDB700B,0
STS1-CSDB800B,0
STS1-CSDB900B,0
STS1-CSDB1000B,0
STS1-CSDB1100B,0
STS1-CSDB1200B,0
STS1-CSDB1300B,0
STS1-CSDB1400B,0
STS1-CSDB1600B,0
STS1-CSDB1700B,0
STS1-CSDB1800B,0
STS1-CSDB1900B,0
STS1-CSDB2000B,0
STS1-CSDB2100B,0
STS1-CSDB2200B,0
STS1-CSDB2300B,0
STS1-CSDB2400B,0
STS1-CSDB2500B,0
STS1-CSW400B,0
STS1-CSW500B,0
STS1-CSW600B,0
STS1-CSW700B,0
STS1-CSW800B,0
STS1-CSW900B,0
STS1-CSW1000B,0
STS1-CSW1100B,0
STS1-CSW1200B,0
STS1-CSW1300B,0
STS1-CSW1400B,0
STS1-CSW1500B,0
STS1-CSW1600B,0
STS1-CSW1700B,0
STS1-CSW1800B,0
STS1-CSW1900B,0
STS1-CSW2000B,0
STS1-CSW2100B,0
STS1-CSW2200B,0
STS1-CSW2300B,0
STS1-CSW2400B,0
STS1-CSW2500B,0
STS1-CSWB400B,0
STS1-CSWB500B,0
STS1-CSWB600B,0
STS1-CSWB700B,0
STS1-CSWB800B,0
STS1-CSWB900B,0
STS1-CSWB1000B,0
STS1-CSWB1100B,0
STS1-CSWB1200B,0
STS1-CSWB1300B,0
STS1-CSWB1400B,0
STS1-CSWB1500B,0
STS1-CSWB1600B,0
STS1-CSWB1700B,0
STS1-CSWB1800B,0
STS1-CSWB1900B,0
STS1-CSWB2000B,0
STS1-CSWB2100B,0
STS1-3TBN-C,0
STS1-DGR-C,0
STS1-CHARCOAL-C,0
STS1-CSWB2200B,0
STS1-CSWB2300B,0
STS1-CSWB2400B,0
STS1-CSWB2500B,0
STS1-ST500B,0
STS1-ST600B,0
STS1-ST700B,0
STS1-ST800B,0
STS1-ST900B,0
STS1-ST1000B,0
STS1-ST1100B,0
STS1-ST1200B,0
STS1-ST1300B,0
STS1-ST1400B,0
STS1-ST1500B,0
STS1-ST1600B,0
STS1-ST1700B,0
STS1-ST1800B,0
STS1-ST1900B,0
STS1-ST2000B,0
STS1-ST2100B,0
STS1-ST2200B,0
STS1-ST2300B,0
STS1-ST2400B,0
STS1-STB500B,0
STS1-STB600B,0
STS1-STB700B,0
STS1-STB800B,0
STS1-STB900B,0
STS1-STB1000B,0
STS1-STB1100B,0
STS1-STB1200B,0
STS1-STB1300B,0
STS1-STB1400B,0
STS1-STB1500B,0
STS1-STB1600B,0
STS1-STB1700B,0
STS1-STB1800B,0
STS1-STB1900B,0
STS1-STB2000B,0
STS1-STB2100B,0
STS1-STB2200B,0
STS1-STB2300B,0
STS1-STB2400B,0
STS1-2ST1100B,0
STS1-2ST1200B,0
STS1-2ST1300B,0
STS1-2ST1400B,0
STS1-2ST1500B,0
STS1-2ST1600B,0
STS1-2ST1700B,0
STS1-2ST1800B,0
STS1-2ST1900B,0
STS1-2ST2000B,0
STS1-2ST2100B,0
STS1-2ST2200B,0
STS1-2ST2300B,0
STS1-2ST2400B,0
STS1-2ST2500B,0
STS1-2STB1100B,0
STS1-2STB1200B,0
STS1-2STB1300B,0
STS1-2STB1400B,0
STS1-2STB1500B,0
STS1-2STB1600B,0
STS1-2STB1700B,0
STS1-2STB1800B,0
STS1-2STB1900B,0
STS1-2STB2000B,0
STS1-2STB2100B,0
STS1-2STB2200B,0
STS1-2STB2300B,0
STS1-2STB2400B,0
STS1-2STB2500B,0
STS1-2ST2F2500B,0
STS1-2ST2FB2500B,0
STS1-2ST2MF1100B,0
STS1-2ST2MF1200B,0
STS1-2ST2MF1300B,0
STS1-2ST2MF1400B,0
STS1-2ST2MF1500B,0
STS1-2ST2MF1600B,0
STS1-2ST2MF1700B,0
STS1-2ST2MF1800B,0
STS1-2ST2MF1900B,0
STS1-2ST2MF2000B,0
STS1-2ST2MF2100B,0
STS1-2ST2MF2200B,0
STS1-2ST2MF2300B,0
STS1-2ST2MF2400B,0
STS1-2ST2MF2500B,0
STS1-2ST2MFB1100B,0
STS1-2ST2MFB1200B,0
STS1-2ST2MFB1300B,0
STS1-2ST2MFB1400B,0
STS1-2ST2MFB1500B,0
STS1-2ST2MFB1600B,0
STS1-2ST2MFB1700B,0
STS1-2ST2MFB1800B,0
STS1-2ST2MFB1900B,0
STS1-2ST2MFB2000B,0
STS1-2ST2MFB2100B,0
STS1-2ST2MFB2200B,0
STS1-2ST2MFB2300B,0
STS1-2ST2MFB2400B,0
STS1-2ST2MFB2500B,0
STS1-3ST1800B,0
STS1-3ST1900B,0
STS1-3ST2000B,0
STS1-3ST2100B,0
STS1-3ST2200B,0
STS1-3ST2300B,0
STS1-3ST2400B,0
STS1-3ST2500B,0
STS1-3ST2600B,0
STS1-3ST2700B,0
STS1-3ST2800B,0
STS1-3ST2900B,0
STS1-3ST3000B,0
STS1-3STB1800B,0
STS1-3STB1900B,0
STS1-3STB2000B,0
STS1-3STB2100B,0
STS1-3STB2200B,0
STS1-3STB2300B,0
STS1-3STB2400B,0
STS1-3STB2500B,0
STS1-3STB2600B,0
STS1-3STB2700B,0
STS1-3STB2800B,0
STS1-3STB2900B,0
STS1-3STB3000B,0
STS1-3STF1800B,0
STS1-3STF1900B,0
STS1-3STF2000B,0
STS1-3STF2100B,0
STS1-3STF2200B,0
STS1-3STF2300B,0
STS1-3STF2400B,0
STS1-3STF2500B,0
STS1-3STF2600B,0
STS1-3STF2700B,0
STS1-3STF2800B,0
STS1-3STF2900B,0
STS1-3STF3000B,0
STS1-3STFB1800B,0
STS1-3STFB1900B,0
STS1-3STFB2000B,0
STS1-3STFB2100B,0
STS1-3STFB2200B,0
STS1-3STFB2300B,0
STS1-3STFB2400B,0
STS1-3STFB2500B,0
STS1-3STFB2600B,0
STS1-3STFB2700B,0
STS1-3STFB2800B,0
STS1-3STFB2900B,0
STS1-3STFB3000B,0
STS1-3STMF1800B,0
STS1-3STMF1900B,0
STS1-3STMF2000B,0
STS1-3STMF2100B,0
STS1-3STMF2200B,0
STS1-3STMF2300B,0
STS1-3STMF2400B,0
STS1-3STMF2500B,0
STS1-3STMF2600B,0
STS1-3STMF2700B,0
STS1-3STMF2800B,0
STS1-3STMF2900B,0
STS1-3STMF3000B,0
STS1-3STMFB1800B,0
STS1-3STMFB1900B,0
STS1-3STMFB2000B,0
STS1-3STMFB2100B,0
STS1-3STMFB2200B,0
STS1-3STMFB2300B,0
STS1-3STMFB2400B,0
STS1-3STMFB2500B,0
STS1-3STMFB2700B,0
STS1-3STMFB2600B,0
STS1-3STMFB2800B,0
STS1-3STMFB2900B,0
STS1-3STMFB3000B,0
STS1-3ST2MF1800B,0
STS1-3ST2MF1900B,0
STS1-3ST2MF2000B,0
STS1-3ST2MF2100B,0
STS1-3ST2MF2200B,0
STS1-3ST2MF2300B,0
STS1-3ST2MF2400B,0
STS1-3ST2MF2500B,0
STS1-3ST2MF2600B,0
STS1-3ST2MF2700B,0
STS1-3ST2MF2800B,0
STS1-3ST2MF2900B,0
STS1-3ST2MF3000B,0
STS1-3ST2MFB1800B,0
STS1-3ST2MFB1900B,0
STS1-3ST2MFB2000B,0
STS1-3ST2MFB2100B,0
STS1-3ST2MFB2300B,0
STS1-3ST2MFB2400B,0
STS1-3ST2MFB2500B,0
STS1-3ST2MFB2600B,0
STS1-3ST2MFB2700B,0
STS1-3ST2MFB2800B,0
STS1-3ST2MFB2900B,0
STS1-3ST2MFB3000B,0
STS1-3ST3F1800B,0
STS1-3ST3F1900B,0
STS1-3ST3F2000B,0
STS1-3ST3F2100B,0
STS1-3ST3F2200B,0
STS1-3ST3F2300B,0
STS1-3ST3F2400B,0
STS1-3ST3F2500B,0
STS1-3ST3F2600B,0
STS1-3ST3F2700B,0
STS1-3ST3F2800B,0
STS1-3ST3F2900B,0
STS1-3ST3F3000B,0
STS1-3ST3FB1800B,0
STS1-3ST3FB1900B,0
STS1-3ST3FB2000B,0
STS1-3ST3FB2100B,0
STS1-3ST3FB2200B,0
STS1-3ST3FB2300B,0
STS1-3ST3FB2400B,0
STS1-3ST3FB2500B,0
STS1-3ST3FB2600B,0
STS1-3ST3FB2700B,0
STS1-3ST3FB2800B,0
STS1-3ST3FB2900B,0
STS1-3ST3FB3000B,0
STS1-3ST3MF1800B,0
STS1-3ST3MF1900B,0
STS1-3ST3MF2000B,0
STS1-3ST3MF2100B,0
STS1-3ST3MF2200B,0
STS1-3ST3MF2300B,0
STS1-3ST3MF2400B,0
STS1-3ST3MF2500B,0
STS1-3ST3MF2600B,0
STS1-3ST3MF2700B,0
STS1-3ST3MF2800B,0
STS1-3ST3MF2900B,0
STS1-3ST3MF3000B,0
STS1-3ST3MFB1800B,0
STS1-3ST3MFB1900B,0
STS1-3ST3MFB2000B,0
STS1-3ST3MFB2100B,0
STS1-3ST3MFB2200B,0
STS1-3ST3MFB2300B,0
STS1-3ST3MFB2400B,0
STS1-3ST3MFB2500B,0
STS1-3ST3MFB2600B,0
STS1-3ST3MFB2700B,0
STS1-3ST3MFB2800B,0
STS1-3ST3MFB2900B,0
STS1-3ST3MFB3000B,0
STS1-2SPSB-LOW1500B,0
STS1-2SPSB-LOW1000B,0
STS1-TYSD800,0
STS1-TYSD900,0
STS1-TYSD2400,0
STS1-TYSD2500,0
STS1-TYSD2600,0
STS1-TYSD2800,0
STS1-TYSD2900,0
STS1-TYSD3000,0
STS1-TYSD3100,0
STS1-TYSD3200,0
STS1-TYSD3300,0
STS1-TYSD3400,0
STS1-TYSD3500,0
STS1-TYSD3600,0
STS1-TYSD3700,0
STS1-TYSD3800,0
STS1-TYSD3900,0
STS1-TYSD4000,0
STS1-EXI5200,0
STS1-CBM2400B,0
STS1-CBMB2400B,0
STS1-PLWMC2400B,0
STS1-PLWMCB2400B,0
STS1-CT400B,0
STS1-CT500B,0
STS1-CT600B,0
STS1-CTB400B,0
STS1-CTB500B,0
STS1-CTB600B,0
STS1-2PL-C,0
STS1-DSCR500,0
STS1-RTCL620,0
STS1-CWD750,0
STS1-2STSLSF1800A,0
STS1-2STSLSF2000A,0
STS1-2STSLSF2300A,0
STS1-2STSLSFB1800A,0
STS1-2STSLSFB2000A,0
STS1-2STSLSFB2300A,0
STS1-LEG-AT-936,0
STS1-PL1100,0
STS1-PL1000,0
STS1-PL900,0
STS1-PL700,0
STS1-PL650,0
STS1-PL200,0
STS1-PL250,0
STS1-PL190,0
STS1-PL-C,0
STS1-MBIBSD800,0
STS1-CSD750A,0
STS1-CSDB750A,0
STS1-CSSD750A,0
STS1-CSSDB750A,0
STS1-STF1500C,0
STS1-CEILLING-C,0
STS1-TYSD750,0
STS1-BKTT495-850,0
STS1-RC-C,0
STS1-MBIBSW-C,0
STS1-TBN-C,0
STS1-3STMFB1600B,0
STS1-3TBN2FB1500B,0
STS1-3ST2MF-C,0
STS1-SODSTB3SGHBL-S-C,0
STS1-2CBNB-C,0
STS1-C0149,0
STS1-C0157,0
STS1-5PL1400,0
STS1-OT-C,0
STS1-CBR-C,0
STS1-LEG-C,0
STS1-6TBN-C,0
STS1-CNBM-C,0
STS1-3ST3MFB-C,0
STS1-RAIL-C,0
STS1-W-C,0
STS1-TRAY-C,0
STS1-FAUCET-C,0
STS1-4TBNB-C,0
STS1-STF2300B,0
STS1-SPSB-HI700B,0
STS1-SPSB-HI750B,0
STS1-SPSB-HI800B,0
STS1-2SPSB-HI1200B,0
STS1-2SPSB-HI1300B,0
STS1-2SPSB-HI1500B,0
STS1-1200X810,0
STS1-SALAD-BAR-C,0
STS1-SATL-C,0
STS1-SODSTB2SGHFB1800B,0
STS1-SODSTB2SGHFB1900B,0
STS1-SODSTB2SGHFB2100B,0
STS1-SODSTB2SGHFB2200B,0
STS1-SODSTB2SGHFB2400B,0
STS1-SODSTB2SGHFB2500B,0
STS1-SODSTBSGHB2400B,0
STS1-SODSTBSGHB2200B,0
STS1-SODSTBSGHB2100B,0
STS1-SODSTBSGHB1900B,0
STS1-SODSTBSGHB1800B,0
STS1-SODSTBSGHB1700B,0
STS1-UC-070,0
STS1-UC-207,0
STS1-UC-106,0
STS1-UC-088,0
STS1-UC-023,0
STS1-UC-014,0
STS1-SODSTB2SGHB1800B,0
STS1-SODSTB2SGHB1900B,0
STS1-SODSTB2SGHB2000B,0
STS1-SODSTB2SGHB2100B,0
STS1-SODSTB2SGHB2200B,0
STS1-SODSTB2SGHB2300B,0
STS1-SODSTB2SGHB2400B,0
STS1-SODSTB2SGHB2500B,0
STS1-SODSTBSGHMFB1500B,0
STS1-SODSTBSGHMFB1600B,0
STS1-SODSTBSGHMFB1700B,0
STS1-SODSTBSGHMFB1800B,0
STS1-SODSTBSGHMFB1900B,0
STS1-SODSTBSGHMFB2000B,0
STS1-SODSTBSGHMFB2100B,0
STS1-SODSTBSGHMFB2200B,0
STS1-SODSTBSGHMFB2300B,0
STS1-SODSTBSGHMFB2400B,0
STS1-SODSTB2SGHMFB1800B,0
STS1-SODSTB2SGHMFB1900B,0
STS1-SODSTB2SGHMFB2000B,0
STS1-SODSTB2SGHMFB2100B,0
STS1-SODSTB2SGHMFB2200B,0
STS1-SODSTB2SGHMFB2300B,0
STS1-SODSTB2SGHMFB2400B,0
STS1-SODSTB2SGHMFB2500B,0
STS1-SODSTBSGHFB1500B,0
STS1-SODSTBSGHFB1600B,0
STS1-SODSTBSGHFB1700B,0
STS1-SODSTBSGHFB1800B,0
STS1-SODSTBSGHFB1900B,0
STS1-SODSTBSGHFB2000B,0
STS1-SODSTBSGHFB2100B,0
STS1-SODSTBSGHFB2200B,0
STS1-SODSTBSGHFB2300B,0
STS1-SODSTBSGHFB2400B,0
STS1-NOODLE-POT-C,0
STS1-SODSCB-C,0
STS1-GLG00001,0
STS1-BP900,0
STS1-3ST1F-C,0
STS1-BUCKET-C,0
STS1-2SPSB-LOW-C,0
STS1-STB-C,0
STS1-ST-C,0
STS1-GRIDDLE-C,0
STS1-NDRA-C,0
STS1-MBC-C,0
STS1-GRID4803206,0
STS1-180066040,0
STS1-180066040150,0
STS1-WM410,0
STS1-CSSDB700B,0
STS1-WTLNTKTL600,0
STS1-PLTL1100,0
STS1-WM-C,0
STS1-WTLNTKTL-C,0
STS1-DLNTKTL-C,0
STS1-UTCR-C,0
STS1-TB-W230D75H55,0
STS1-TB-W75D60D30,0
STS1-TB-W170D76H88,0
STS1-TBB-W154D76H88+60,0
STS1-GDR00001,0
STS1-2400X100,0
STS1-DI-C,0
STS1-OPCDSB-C,0
STS1-OPCDS-C,0
STS1-PA-C,0
STS1-SH-C,0
STS1-BBQ-C,0
STS1-5TBNF-C,0
STS1-TBDS2DW-C,0
STS1-OPCDS1300B,0
STS1-PLFTL600,0
STS1-UTCRSW-C,0
STS1-RSCRRO1100,0
STS1-RSCRRO-C,0
STS1-RSCRROWM-C,0
STS1-RSCRSQ-C,0
STS1-WCSW-C,0
STS1-WC-C,0
STS1-RSCRSQWM-C,0
STS1-SODSTBSGHB1200B,0
BER2-GS555X555UR(BLACK),0
BER2-GS560X944UR(WHITE),0
SHA2-00001,0
MMT2-58121079,0
WIN2-30002612,0
MID2-180117,0
WIN2-30002227,0
WIN2-3109223,0
WIN2-3109222,0
WIN2-3109224,0
WIN2-30001013,0
WIN2-3102561,0
LKK2-JG-210-07-(2-CM),0
WIN2-30013273,0
HOB2-01-297813-005,0
HOB2-01-515258-1,0
HOB2-00-775612-001,0
HOB2-01-240372-001,0
HOB2-00-276903-056,0
HOB2-00-775854-001,0
HOB2-00-897545-001,0
HOB2-897540-2,0
HOB2-01-539157-001,0
RIN2-AN1119,0
BER2-SCREW,0
BER2-KME684-1,0
LKK2-00008,0
NFZ2-00001,0
BER2-GL385520,0
LKK2-5210NSK,0
RTN2-590000200,0
NTS1-ELE1,0
NTS1-15X30,0
NTS1-30X60,0
NTS1-ELE3,0
NTS1-46X56-M,0
NTS1-SLP-THICK,0
NTS1-48X58-L,0
NTS1-16X24,0
NTS1-TRM-7676,0
CHE1-00003,0
HSK1-IM-45CA,0
RTN1-60.22.399,0
ETL1-371068,0
ETL1-371237,0
KOT1-00001,0
KOT1-00002,0
KOT1-00003,0
ETL1-371070,0
RTN1-60.61.243,0
RTN1-60.73.008,0
SCO1-NW608,0
SCO1-NB530,0
PRC1-T24PE-EA4050,0
RTN1-60.21.331,0
NEW1-U352,0
NEW1-809F,0
FUJ1-FRC21FA,0
RTN1-60.60.678,0
RTN1-60.70.943,0
RTN1-00001,0
RTN1-00002,0
HOS1-B4-RC50,0
RTN1-60.21.054,0
RTN1-6035.1017,0
RTN1-6035.1016,0
RTN1-60.30.837,0
FUJ1-FRC7FA,0
PRC1-JPT-15K,0
CHE1-7010190,0
CHE1-7010187,0
CHE1-5350421,0
CHE1-7010194,0
PRC1-SP1204,0
NEW1-UPR2D-720FZ,0
RTN1-ICOMBI-CLASSIC20-2-G,0
RTN1-ICOMBI-PRO-6-1-1-G,0
RTN1-ICOMBI-PRO-10-1-1-G,0
RTN1-ICOMBI-CLASSIC-10-G,0
PRC1-HDI-150KGB,0
CHE1-00002,0
PRC1-CAS-HDI-5060-150K,0
NTS1-HYTX-007,0
NTS1-MTF-1872,0
NTS1-C-109-1,0
NTS1-C-109-2,0
NTS1-C-109-3,0
NTS1-C-109-4,0
NTS1-TRN-7676,0
NTS1-TRE-60100,0
NTS1-TRE-6090,0
NTS1-TRE-6075,0
NTS1-TRD-6075,0
NTS1-TRD-6090,0
NTS1-TRD-60100,0
NEW1-CD-40530,0
NEW1-ICEO605,0
NEW1-P101,0
NEW1-NT315-MU,0
NEW1-NT425-MU(S),0
NEW1-F151,0
NEW1-F02,0
NEW1-U252,0
NEW1-F251,0
NEW1-NT515-MU-3PH,0
NEW1-NT145MF,0
NEW1-U123,0
NEW1-ICE305FA-HA,0
NEW1-P100,0
NTS1-HRD-RCY-67260,0
NTS1-HP4940,0
TEC1-BK5,0
RTN1-ICOMBI-CLASSIC-6-2-1 E,0
SHA1-KSH-D55,0
NEW1-ICE1005,0
NEW1-U243,0
ETL1-283014,0
KOT1-MRC-2,0
NEW1-TP105,0
NEW1-NE278,0
PNS1-NN-ST22QBTPE,0
SHA1-KSH-D28,0
NEW1-NT609F,0
NEW1-P075,0
NEW1-F070,0
NEW1-F150,0
NEW1-F201,0
NEW1-U063,0
NEW1-F271,0
NEW1-F451,0
NEW1-F551-380,0
NEW1-F751,0
NEW1-F951,0
NEW1-U323,0
NEW1-U183,0
NEW1-U403,0
NEW1-U452,0
NEW1-U902,0
NEW1-P070,0
NEW1-1000AS,0
NEW1-101ID,0
NEW1-NE458,0
FUJ1-FRC162FA,0
KOT1-RBCF-300-PT-RE,0
KOT1-RBCF-100-RE,0
RTN1-SCC-XS-6-2-3-E,0
KOT1-BCF-30,0
RTN1-SCC-XS-E,0
PRC1-SP-8650,0
NEW1-NT245-MF,0
NEW1-NT515-MU-1PH,0
NEW1-NT415MU,0
NEW1-705MF,0
NEW1-NT505-MF,0
NEW1-NT325-MF(S),0
NEW1-NT915-MU,0
NEW1-NT126F,0
PRC1-TWI-700W-EA5050,0
RTN1-ICOMBI-CLASSIC20-2-E,0
PRC1-DI-620-P-4050-150-K,0
HOB1-EDGE12,0
HOB1-4812,0
RTN1-ICOMBI PRO 20-2-1 E,0
PNS1-NT-1753,0
PNS1-NE-1753T,0
NEW1-OES-6.06-MINI-EASY,0
NEW1-I-PRO-2,0
HSK1-RTW-126LS4,0
PNS1-NE-1365,0
PNS1-NE-1865,0
NEW1-ICEU065,0
NEW1-NT1000MF,0
NEW1-NE180,0
NEW1-NE270,0
NEW1-NE360,0
NEW1-NE450,0
NEW1-ICEU045,0
NEW1-NT126F(S),0
NEW1-NT515-MU,0
NEW1-F551-220,0
NEW1-NT101-ID,0
NEW1-NT809F,0
NEW1-NT500-MF(S),0
NEW1-NT705-MF,0
NEW1-ICE305,0
NEW1-ICE405,0
NEW1-CD40530+ICE305,0
NEW1-CD40530+ICE405,0
NEW1-ICE605,0
NEW1-CD40530+ICE605,0
NEW1-TP55,0
REF2-00010,0
REF2-00001,0
REF2-00005,0
REF2-00006,0
REF2-00007,0
REF2-GFUR4,0
REF2-K50T1127,0
REF2-LOWER-LEFT,0
REF2-00033,0
REF2-UN618D,0
REF2-CR41KQ-PFT-240BW,0
REF1-M042,0
REF1-M063,0
REF2-CTE-68L8,0
REF2-00144,0
REF2-00153,0
REF2-00154,0
REF2-CURTAIN-C,0
REF2-WJ5515EK,0
REF2-C-LT-2002-50,0
REF2-C-LT-RB-2002-50,0
REF2-00057,0
REF2-00058,0
REF2-00060,0
REF2-00162,0
REF2-00163,0
REF2-00164,0
REF2-W-PF2,0
REF2-CR18KQ-TFD-267BM,0
REF2-KP-15,0
REF2-00075,0
REF2-00089,0
REF2-00104,0
REF2-AE7422EK,0
REF2-00103,0
REF2-ZXI06KCE-TFD,0
REF2-543-0104-00,0
REF2-15UF,0
REF2-36-43UF,0
REF2-00107,0
REF2-00116,0
REF2-00117,0
REF2-00015,0
REF2-00161,0
REF2-RT14-20,0
REF1-PCR-157B,0
REF1-SNG-0233,0
REF1-SSD-1210C,0
REF1-ACCESSORIES-F,0
REF1-ACCESSORIES-C,0
REF1-SNH-0265I,0
REF1-SSK-1507X,0
REF1-SSD-0910A,0
REF1-SPD-0400P,0
REF1-00052,0
REF1-UCH-1320SSWF,0
REF1-UCH-1320SSLF,0
REF1-00023,0
REF1-SNC-0855,0
REF1-UFR-1320SSWF,0
REF1-BSW-2000B,0
REF1-SMCF-230SAD,0
REF1-SNH-0403,0
REF1-SNG-0323,0
REF1-00041,0
REF1-FENICE-S13,0
REF1-COMPACT,0
REF1-CLASSIC,0
REF1-00042,0
REF1-00043,0
REF1-00044,0
REF1-BKSL-150,0
REF1-SNQ-0805I,0
REF1-SPB-0500,0
REF1-SRC-0612,0
REF1-SRF-0612,0
REF1-SRC-1232,0
REF1-SRF-1232,0
REF1-SCC-1202,0
REF1-SCC-1502,0
REF1-3D-C,0
REF1-ICF,0
REF1-J7-EXTRA,0
REF1-00007,0
REF1-00009,0
REF1-BFR-1200,0
REF1-BCH-1500,0
REF1-SC90-TD9207PL,0
REF1-00012,0
REF1-00013,0
REF1-00016,0
REF1-00019,0
REF1-00017,0
REF1-00018,0
REF1-SNC0435,0
REF1-SAG0985,0
REF1-C723,0
REF1-SNG-0225,0
REF1-SCF-0465,0
REF1-AIR-BLAST,0
REF1-SCF-0115,0
REF1-SCF-0215,0
REF1-SCF-0275,0
REF1-SNG-0325,0
REF1-SPA-0353A,0
REF1-SPA-0403A,0
REF1-YPM-110P,0
REF1-SNG-0405,0
REF1-SNG-0505,0
REF1-SNG-0605,0
REF1-SNC-0285,0
REF1-J13,0
REF1-SCF-0615,0
REF1-SCC-1262,0
REF1-SVN-0043H,0
REF1-00025,0
REF1-00026,0
REF1-EXPOSER-J125CP,0
REF1-SNH-0605,0
REF1-00045,0
REF1-00046,0
REF1-00047,0
REF1-FZ-269GGYN,0
REF1-SNC-0355,0
REF1-SNC-0435,0
REF1-SNA-0615,0
REF1-SNA-0365,0
REF1-SNH-0355,0
REF1-SRF3-0687A,0
REF1-SRF3-1327A,0
REF1-00048,0
REF1-SNR-0505,0
REF1-SNB-0185,0
REF1-SNC-0155,0
REF1-00049,0
REF1-00050,0
REF1-SPX-0085H,0
REF1-00051,0
REF1-SPX-0085,0
REF1-MK-FP1R,0
REF1-SC-CBJY-2DA,0
REF1-XC-40B,0
REF1-MNB-064-GD40-(BL),0
REF1-YEM-1105I,0
REF1-SRR3-1200I,0
REF1-GELATO-40L,0
REF1-00053,0
REF1-SPC3-1807-AS,0
REF1-SCR3-1507-AR,0
REF1-SCR3-1807-MR3,0
REF1-SCR3-1807-AR,0
REF1-SCR3-1807-AR-L-CHILL,0
REF1-SRF3-0687-AR-L,0
REF1-SRD3-0687-AR,0
REF1-SCR3-1507-AR-L,0
REF1-SCR3-1807-MR3-L,0
REF1-SCF3-1807-AR-L-FREEZ,0
REF1-CS-OPEN150,0
REF1-UPRT09-006,0
REF1-SCF-0165,0
REF1-00054,0
REF1-CAKE03-013,0
REF1-00055,0
REF1-KITW09-002,0
REF1-PCR-127,0
SEV1-G3-SS,0
SEV1-DKA-RMHFBPF500,0
SEV1-BKN-2000E-2,0
SEV1-SO-SC01,0
SEV1-IR50I,0
SEV1-CFP-PLUS,0
SEV1-HOM-12I183,0
SEV1-00056,0
SEV1-00489,0
SEV1-SKU-01137,0
SEV1-SSL-12T,0
SEV1-WS-XBG20010G,0
SEV1-00483,0
SEV1-AM900,0
SEV1-F504-12B,0
SEV1-SRR3-0687I,0
SEV1-SRF3-0687I,0
SEV1-IM-240NE,0
SEV1-NW-1008,0
SEV1-BCW-48,0
SEV1-BQY-5-MAIN,0
SEV1-DZ-400B,0
SEV1-DX1000PS,0
SEV1-SC-15TP,0
SEV1-SC-23TP,0
SEV1-PAG-1800,0
SEV1-NK-30,0
SEV1-FRC108FA+STAND,0
SEV1-EIKON-E1S,0
SEV1-603877,0
SEV1-180V9999-8,0
SEV1-012V0031,0
SEV1-CN-A-220+CDS+C20,0
SEV1-ECO-F504-12C,0
SEV1-RTV7-05UV,0
SEV1-BRICK-OVEN,0
SEV1-V15.2-70,0
SEV1-2400,0
SEV1-JWI586-150K,0
SEV1-MASTER-6000,0
SEV1-AT3432,0
SEV1-DT-580,0
SEV1-AT-3232,0
SEV1-GB5-2GR,0
SEV1-FB80-2GR,0
SEV1-NXE,0
SEV1-ARM46,0
SEV1-F562,0
SEV1-MRC-1,0
SEV1-MRC-2,0
SEV1-HW-450,0
SEV1-GTH1170,0
SEV1-PKR609,0
SEV1-ET-MF01,0
SEV1-ET-XRJ15LX1,0
SEV1-YSDC-61,0
SEV1-SCR3-1807-6,0
SEV1-PKGN32C-EDS-90,0
SEV1-ER-SM20,0
SEV1-AT-698A,0
SEV1-00289,0
SEV1-ER-SS23(K)TH,0
SEV1-00577,0
SEV1-00580,0
SEV1-00597,0
SEV1-00598,0
SEV1-DZ-400-2F-BESTURN,0
SEV1-BSB560CM,0
SEV1-FSA400CM,0
SEV1-00438,0
SEV1-KM0100102SV,0
SEV1-00446,0
SEV1-PRO-AS2,0
SEV1-00450,0
SEV1-00454,0
SEV1-S122R,0
SEV1-00474,0
SEV1-DST3011,0
SEV1-DS-673,0
SEV1-DS-708,0
SEV3-02-0762,0
SEV3-02-0763,0
SEV3-16-0032,0
SEV3-10-0456,0
SEV3-10-0464,0
SEV3-10-0408,0
SEV2-00138,0
SEV2-00287,0
SEV2-00154,0
SEV2-00310,0
SEV2-00137,0
SEV2-00139,0
SEV2-00276,0
SEV2-00266,0
SEV2-00267,0
SEV2-00279,0
SEV2-00290,0
SEV2-00291,0
SEV2-00292,0
SEV2-00293,0
SEV2-00294,0
SEV2-00295,0
SEV2-00296,0
SEV2-00297,0
SEV2-00298,0
SEV2-00299,0
SEV2-00300,0
SEV2-00301,0
SEV2-00302,0
SEV2-00303,0
SEV2-00304,0
SEV2-00305,0
SEV2-00306,0
SEV2-00307,0
SEV2-00308,0
SEV2-CUSTOM,0
SEV2-00275,0
SEV2-00315,0
SEV2-00316,0
SEV2-00336,0
SEV2-00153,0
SEV2-00311,0
SEV2-00328,0
SEV2-PUF-137,0
SEV2-00329,0
SEV2-CZ-7311,0
SEV2-TZ-8111,0
SEV2-00333,0
SEV2-00338,0
SEV2-00478,0
SEV2-00017,0
SEV2-00018,0
SEV2-00019,0
SEV2-00020,0
SEV2-00021,0
SEV2-WEST222,0
SEV2-00029,0
SEV2-00033,0
SEV2-00051,0
SEV2-00318,0
SEV2-R507,0
SEV2-R22,0
SEV2-00220,0
SEV2-00173,0
SEV2-00174,0
SEV2-00178,0
SEV2-00189,0
SEV2-GLY80RAA,0
SEV2-GP14FB,0
SEV2-GP16FB,0
SEV2-GP16TB,0
SEV2-SC-15CL,0
SEV2-SC-18CL,0
SEV2-SC-21CL,0
SEV2-MS26FG,0
SEV2-NL8.4CLX,0
SEV2-00057,0
SEV2-00194,0
SEV2-00195,0
SEV2-00202,0
SEV2-00480,0
SEV2-00481,0
SEV2-00483,0
SEV2-00484,0
SEV2-00485,0
SEV2-00487,0
SEV2-00208,0
SEV2-6203DDUCM,0
SEV2-00205,0
SEV2-00517,0
SEV2-00540,0
SEV2-00213,0
SEV2-00216,0
SEV2-00217,0
SEV2-00218,0
SEV2-00219,0
SEV2-00224,0
SEV2-00627,0
SEV2-00632,0
SEV2-00706,0
SEV2-00710,0
SEV2-00711,0
SEV2-00714,0
SEV2-00074,0
SEV2-00229,0
SEV2-00230,0
SEV2-00232,0
SEV2-00233,0
SEV2-00235,0
SEV2-00236,0
SEV2-00237,0
SEV2-00239,0
SEV2-00083,0
SEV2-C30,0
SEV2-00086,0
SEV2-00087,0
SEV2-PG-602DC,0
SEV2-00242,0
SEV2-00243,0
SEV2-00244,0
SEV2-00245,0
SEV2-00246,0
SEV2-00247,0
SEV2-00248,0
SEV2-00249,0
SEV2-00250,0
SEV2-00251,0
SEV2-00261,0
SEV2-00103,0
SEV2-00119,0
SEV2-00115,0
SEV2-00117,0
SEV1-00126,0
SEV1-00127,0
SEV1-00128,0
SEV1-00129,0
SEV1-00548,0
SEV1-00178,0
SEV1-1-34-09-0217-00-0,0
SEV1-2CB5K-001,0
SEV1-1-34-09-0154-00-1,0
SEV1-1-34-09-0154-00-2,0
SEV1-00480,0
SEV1-SAVE0022,0
SEV1-TSHC-170,0
SEV1-00496,0
SEV1-00497,0
SEV1-00498,0
SEV1-00499,0
SEV1-00500,0
SEV1-00501,0
SEV1-00502,0
SEV1-00503,0
SEV1-00504,0
SEV1-00505,0
SEV1-CW-079-3-HB-500,0
SEV1-4363-A-TARY,0
SEV1-4363-A-LID,0
SEV1-495-50-057,0
SEV1-1019F06,0
SEV1-IT04,0
SEV1-00512,0
SEV1-MJ61-50,0
SEV1-566.44.320,0
SEV1-00535,0
SEV1-CUBE,0
SEV1-CP5,0
SEV1-T520,0
SEV1-TS50,0
SEV1-ORS275,0
SEV1-MOVIMIX30,0
SEV1-CR24-30+DR400A-30,0
SEV1-00551,0
SEV1-IBS-061,0
STS1-TBS1900B,0
SEV1-KP-85,0
SEV1-A05,0
SEV1-LEW,0
SEV1-00514,0
SEV1-DM500,0
SEV1-MC32K7055CT,0
SEV1-WS-0434-P,0
SEV1-DPP400W,0
SEV1-SS0828,0
SEV1-CT-40,0
SEV1-97310,0
SEV1-PTP-16CL,0
SEV1-MS-01,0
SEV1-RP-137,0
SEV1-MIN-1-2GD,0
SEV1-P850-007,0
SEV1-P850-011,0
SEV1-P850-012,0
SEV1-P850-020,0
SEV1-P850-027,0
SEV1-P850-031,0
SEV1-P850-032,0
SEV1-P850-034,0
SEV1-P850-035,0
SEV1-PRA-13,0
SEV1-PRA-15,0
SEV1-PRA-18,0
SEV1-DXSP-8,0
SEV1-DXSP-12,0
SEV1-DXSP-14,0
SEV1-DXSP-6C,0
SEV1-DXSP-14C,0
SEV1-DXSP-12C-BK,0
SEV1-53610,0
SEV1-ADD-5WH,0
SEV1-ADD-6WH,0
SEV1-PZ-DD32,0
SEV1-DD5703,0
SEV1-DHS-10N,0
SEV1-DHS-10,0
SEV1-DHS-14N,0
SEV1-DHSS-10,0
SEV1-DHSS-14N,0
SEV1-DHSS-14,0
SEV1-AMP-12,0
SEV1-AMP-24,0
SEV1-6282,0
SEV1-6308,0
SEV1-6309,0
SEV1-6311,0
SEV1-SIE-12,0
SEV1-SIE-14,0
SEV1-SIE-16,0
SEV1-6334310,0
SEV1-8381,0
SEV1-FT-0103,0
SEV1-PS-80050,0
SEV1-SCFA-210,0
SEV1-SCFA-310,0
SEV1-37406,0
SEV1-SKCW-6,0
SEV1-SKCK-7,0
SEV1-HR3020,0
SEV1-00578,0
SEV1-00579,0
SEV1-LGT,0
SEV1-GK3102,0
SEV1-1-34-09-0217-00-1,0
SEV1-00595,0
SEV1-00599,0
SEV1-00600,0
SEV1-CT01-UV,0
SEV1-A-74115,0
SEV1-C-CS-13,0
SEV1-SLC0516,0
SEV1-GL-JP0457,0
SEV1-00452,0
SEV1-SC680P-LG-BK-CL,0
SEV1-CW-079A,0
SEV1-CW-023-300,0
SEV1-CW-014,0
SEV1-P120S,0
SEV1-CW-087,0
SEV1-CW-079-1,0
SEV1-00475,0
SEV1-CW-079-3-HB-300,0
SEV1-CW-079-11,0
SEV1-QC7-TWIN,0
SEV1-QC7,0
SEV1-00482,0
SEV1-00484,0
SEV1-00486,0
SEV1-00487,0
SEV1-00490,0
SEV1-00491,0
SEV1-00506,0
SEV1-00507,0
SEV1-MA3311,0
SEV1-WYC-28W,0
SEV1-CUSTOM-MADE,0
SEV1-DX0020,0
SEV1-DX0015,0
SEV1-DX0070,0
SEV1-DX0055,0
SEV1-DX0095,0
SEV1-DX0000,0
SEV1-330-0-4,0
SEV1-00530,0
SEV1-FG254100,0
SEV1-FG254400,0
SEV1-40536000,0
SEV1-M18-FIW212,0
SEV1-M18-HB3,0
SEV1-M12-18C,0
SEV1-PP75180,0
SEV1-S-29B-15,0
SEV1-LFH-03084,0
SEV1-PDOB,0
SEV1-KD200-500,0
SEV1-TKT-9607,0
SEV1-SPY9570A,0
SEV1-GM320,0
SEV1-C010400017,0
SEV1-C020100005,0
SEV1-LCT013-R03,0
SEV1-NF136,0
SEV1-42-0300,0
SEV1-RW0488,0
SEV1-SS1182,0
SEV1-TFR-60,0
SEV1-SBR-06E,0
SEV1-SBR-12E,0
SEV1-00137,0
SEV1-DTW450L,0
SEV1-FF015,0
SEV1-FF029272712,0
SEV1-D31P150BL,0
SEV1-T32XW-SS4050-150K,0
SEV1-SK-01,0
SEV1-GRANITE-C,0
SEV1-00397,0
SEV1-00403,0
SEV1-00406,0
SEV1-00404,0
SEV1-00409,0
SEV1-00410,0
SEV1-1-11-04-0078-00-0,0
SEV1-1-34-06-0046-00-0,0
SEV1-2-15-98-0020-00-0,0
SEV1-00428,0
SEV1-00430,0
SEV1-00431,0
SEV1-00433,0
SEV1-00434,0
SEV1-00437,0
SEV1-AMT-210,0
SEV1-00440,0
SEV1-00447,0
SEV1-00448,0
SEV1-00449,0
SEV1-GA543-A,0
SEV1-DI-81P,0
SEV1-HI935001,0
SEV1-CW070-2,0
SEV1-00469,0
SEV1-DKHO4-120-100L-1,0
SEV1-00492,0
SEV1-00494,0
SEV1-00495,0
SEV1-100314203,0
SEV1-B005,0
SEV1-B004,0
SEV1-B006,0
SEV1-B007,0
SEV1-B027,0
SEV1-FT-1028,0
SEV1-A12-LB4050,0
SEV1-00508,0
SEV1-00509,0
SEV1-00510,0
SEV1-00527,0
SEV1-00528,0
SEV1-00529,0
SEV1-00532,0
SEV1-00533,0
SEV1-MT-D01-9+MT-D01-LD-9,0
SEV1-00536,0
SEV1-9,0
SEV1-11,0
SEV1-ALM-2,0
SEV1-KD-811,0
SEV1-22041,0
SEV1-71904,0
SEV1-71942,0
SEV1-220512,0
SEV1-682003,0
SEV1-MARCUT1,0
SEV1-68612,0
SEV1-26412,0
SEV1-19721,0
SEV1-250122,0
SEV1-65041,0
SEV1-23851,0
SEV1-23909,0
SEV1-23895,0
SEV1-23907,0
SEV1-22818,0
SEV1-220092,0
SEV1-18356,0
SEV1-708460,0
SEV1-173028,0
SEV1-18908,0
SEV1-220415,0
SEV1-236140,0
SEV1-67888,0
SEV1-169002,0
SEV1-76008,0
SEV1-76014,0
SEV1-6601-50,0
SEV1-188-16S,0
SEV1-188-14WC,0
SEV1-421711,0
SEV1-189-WWH,0
SEV1-CL5200B,0
SEV1-CL5200P,0
SEV1-TWS-6K02,0
SEV1-CH11224,0
SEV1-WH-B20,0
SEV1-SW-II-3,0
SEV1-JWP-1.5K,0
SEV1-JWP-3K,0
SEV1-JWP-6K,0
SEV1-SK-1000WP,0
SEV1-SK-5001WP,0
SEV1-V22PWE3T,0
SEV1-V22PWE1501T,0
SEV1-8248,0
SEV1-140206,0
SEV1-6600-50,0
SEV1-65040,0
SEV1-9506,0
SEV1-49-52,0
SEV1-421505,0
SEV1-9905-31,0
SEV1-KD-200-210,0
SEV1-202AM-68623,0
SEV1-279XX-421709,0
SEV1-50710,0
SEV1-50716,0
SEV1-50718,0
SEV1-40309A,0
SEV1-40640,0
SEV1-WMP-20,0
SEV1-WMP-18,0
SEV1-00574,0
SEV1-FD-50,0
SEV1-DRC-6,0
SEV1-CDR-30,0
SEV1-3S-30K,0
SEV1-FD-100,0
SEV1-00393,0
SEV1-00451,0
SEV1-HSS-20OG,0
SEV1-00463,0
SEV3-10-0422,0
SEV3-12-0049,0
SEV3-10-0444,0
SEV3-10-0445,0
SEV3-10-0487,0
SEV3-10-0217,0
SEV3-13-0196,0
SEV3-13-0197,0
SEV3-13-0198,0
SEV3-13-0200,0
SEV3-13-0201,0
SEV3-12-0056,0
SEV3-13-0073,0
SEV3-13-0076,0
SEV3-10-0468,0
SEV3-10-0469,0
SEV3-10-0261,0
SEV3-02-0570,0
SEV3-02-0573,0
SEV3-02-0574,0
SEV3-02-0575,0
SEV3-10-0262,0
SEV3-13-0078,0
SEV3-13-0079,0
SEV3-13-0080,0
SEV3-10-0263,0
SEV3-10-0264,0
SEV3-10-0489,0
SEV3-10-0490,0
SEV3-10-0491,0
SEV3-10-0265,0
SEV3-04-0083,0
SEV3-10-0266,0
SEV3-02-0613,0
SEV3-10-0278,0
SEV3-10-0283,0
SEV3-08-0073,0
SEV3-02-0641,0
SEV3-12-0057,0
SEV3-12-0058,0
SEV3-12-0059,0
SEV3-12-0060,0
SEV3-10-0480,0
SEV3-10-0498,0
SEV3-13-0102,0
SEV3-13-0212,0
SEV3-10-0503,0
SEV3-10-0372,0
SEV3-13-0115,0
SEV3-10-0377,0
SEV3-10-0380,0
SEV3-13-0118,0
SEV3-10-0381,0
SEV3-10-0379,0
SEV3-10-0006,0
SEV3-10-0046,0
SEV3-10-0081,0
SEV3-11-0002,0
SEV3-13-0002,0
SEV3-10-0109,0
SEV3-10-0110,0
SEV3-15-0024,0
SEV3-15-0025,0
SEV3-15-0026,0
SEV3-15-0027,0
SEV3-10-0423,0
SEV3-11-0060,0
SEV3-11-0061,0
SEV3-10-0427,0
SEV3-16-0021,0
SEV3-16-0020,0
SEV3-16-0022,0
SEV3-16-0023,0
SEV3-16-0024,0
SEV3-16-0025,0
SEV3-10-0431,0
SEV3-13-0192,0
SEV3-10-0435,0
SEV3-04-0111,0
SEV3-12-0051,0
SEV3-12-0052,0
SEV3-04-0112,0
SEV3-15-0083,0
SEV3-10-0446,0
SEV3-10-0484,0
SEV3-10-0473,0
SEV3-10-0438,0
SEV3-10-0439,0
SEV3-10-0195,0
SEV3-10-0197,0
SEV3-13-0054,0
SEV3-13-0055,0
SEV3-13-0057,0
SEV3-13-0193,0
SEV3-10-0199,0
SEV3-15-0029,0
SEV3-15-0030,0
SEV3-15-0031,0
SEV3-15-0032,0
SEV3-10-0207,0
SEV3-10-0208,0
SEV3-10-0209,0
SEV3-10-0210,0
SEV3-06-0124,0
SEV3-12-0038,0
SEV3-10-0212,0
SEV3-11-0028,0
SEV3-10-0220,0
SEV3-10-0221,0
SEV3-09-0097,0
SEV3-12-0039,0
SEV3-02-0466,0
SEV3-10-0465,0
SEV3-10-0466,0
SEV3-13-0207,0
SEV3-10-0474,0
SEV3-10-0477,0
SEV3-10-0476,0
SEV3-14-0029,0
SEV3-10-0452,0
SEV3-16-0033,0
SEV3-12-0054,0
SEV3-16-0034,0
SEV3-15-0085,0
SEV3-15-0086,0
SEV3-15-0088,0
SEV3-15-0091,0
SEV3-15-0092,0
SEV3-15-0093,0
SEV3-15-0095,0
SEV3-15-0096,0
SEV3-15-0097,0
SEV3-09-0099,0
SEV3-02-0475,0
SEV3-05-0018,0
SEV3-10-0229,0
SEV3-02-0484,0
SEV3-13-0072,0
SEV3-15-0038,0
SEV3-15-0039,0
SEV3-15-0040,0
SEV3-15-0041,0
SEV3-15-0042,0
SEV3-15-0043,0
SEV3-15-0044,0
SEV3-15-0045,0
SEV3-15-0046,0
SEV3-15-0047,0
SEV3-10-0237,0
SEV3-10-0238,0
SEV3-10-0239,0
SEV3-10-0240,0
SEV3-10-0241,0
SEV3-10-0242,0
SEV3-10-0243,0
SEV3-10-0245,0
SEV3-10-0246,0
SEV3-08-0064,0
SEV3-10-0247,0
SEV3-10-0250,0
SEV3-10-0251,0
SEV3-10-0252,0
SEV3-10-0259,0
SEV3-02-0819,0
SEV3-02-0820,0
SEV3-02-0823,0
SEV3-09-0134,0
SEV3-13-0082,0
SEV3-14-0023,0
SEV3-14-0024,0
SEV3-10-0274,0
SEV3-10-0280,0
SEV3-02-0621,0
SEV3-08-0072,0
SEV3-02-0627,0
SEV3-02-0631,0
SEV3-02-0632,0
SEV3-15-0048,0
SEV3-10-0288,0
SEV3-13-0086,0
SEV3-02-0662,0
SEV3-02-0663,0
SEV3-02-0664,0
SEV3-02-0665,0
SEV3-10-0290,0
SEV3-08-0074,0
SEV3-08-0075,0
SEV3-08-0076,0
SEV3-02-0642,0
SEV3-02-0643,0
SEV3-02-0644,0
SEV3-02-0645,0
SEV3-02-0646,0
SEV3-02-0647,0
SEV3-02-0649,0
SEV3-02-0650,0
SEV3-02-0651,0
SEV3-04-0087,0
SEV3-02-0652,0
SEV3-13-0084,0
SEV3-02-0653,0
SEV3-08-0077,0
SEV3-02-0654,0
SEV3-08-0078,0
SEV3-02-0655,0
SEV3-02-0656,0
SEV3-02-0657,0
SEV3-02-0658,0
SEV3-02-0659,0
SEV3-02-0660,0
SEV3-02-0845,0
SEV3-02-0846,0
SEV3-10-0027-YL,0
SEV3-10-0027-PI,0
SEV3-10-0099-BK,0
SEV3-10-0178-YL,0
SEV3-04-0092,0
SEV3-04-0093,0
SEV3-16-0006,0
SEV3-10-0292,0
SEV3-13-0090,0
SEV3-04-0091,0
SEV3-10-0298,0
SEV3-10-0299,0
SEV3-02-0689,0
SEV3-02-0688,0
SEV3-10-0302,0
SEV3-10-0481,0
SEV3-10-0307,0
SEV3-02-0691,0
SEV3-03-0024,0
SEV3-11-0034,0
SEV3-03-0025,0
SEV3-08-0082,0
SEV3-10-0316,0
SEV3-02-0694,0
SEV3-02-0697,0
SEV3-10-0320,0
SEV3-10-0321,0
SEV3-10-0323,0
SEV3-10-0328,0
SEV3-10-0329,0
SEV3-10-0332,0
SEV3-10-0333,0
SEV3-10-0334,0
SEV3-10-0340,0
SEV3-10-0341,0
SEV3-13-0103,0
SEV3-15-0056,0
SEV3-15-0057,0
SEV3-15-0058,0
SEV3-15-0059,0
SEV3-15-0060,0
SEV3-15-0062,0
SEV3-15-0063,0
SEV3-15-0064,0
SEV3-10-0345,0
SEV3-02-0703,0
SEV3-04-0098,0
SEV3-04-0099,0
SEV3-10-0347,0
SEV3-10-0348,0
SEV3-10-0349,0
SEV3-10-0352,0
SEV3-10-0353,0
SEV3-10-0354,0
SEV3-10-0357,0
SEV3-10-0502,0
SEV3-10-0012,0
SEV3-10-0027,0
SEV3-10-0099,0
SEV3-10-0100,0
SEV3-10-0101,0
SEV3-10-0102,0
SEV3-10-0170,0
SEV3-10-0178,0
SEV3-13-0077,0
SEV3-13-0105,0
SEV3-13-0106,0
SEV3-10-0362,0
SEV3-10-0363,0
SEV3-12-0048,0
SEV3-10-0364,0
SEV3-16-0008,0
SEV3-10-0365,0
SEV3-10-0366,0
SEV3-16-0009,0
SEV3-10-0367,0
SEV3-13-0109,0
SEV3-13-0110,0
SEV3-13-0111,0
SEV3-10-0368,0
SEV3-11-0040,0
SEV3-11-0041,0
SEV3-11-0042,0
SEV3-11-0043,0
SEV3-11-0044,0
SEV3-11-0045,0
SEV3-11-0046,0
SEV3-10-0369,0
SEV3-10-0370,0
SEV3-15-0065,0
SEV3-15-0066,0
SEV3-15-0067,0
SEV3-15-0068,0
SEV3-15-0070,0
SEV3-15-0071,0
SEV3-15-0072,0
SEV3-10-0371,0
SEV3-10-0373,0
SEV3-11-0049,0
SEV3-11-0050,0
SEV3-11-0051,0
SEV3-13-0114,0
SEV3-13-0116,0
SEV3-02-0712,0
SEV3-10-0374,0
SEV3-10-0375,0
SEV3-04-0101,0
SEV3-16-0010,0
SEV3-16-0011,0
SEV3-16-0013,0
SEV3-15-0074,0
SEV3-11-0052,0
SEV3-16-0017,0
SEV3-16-0018,0
SEV3-02-0733,0
SEV3-10-0384,0
SEV3-10-0385,0
SEV3-10-0386,0
SEV3-11-0058,0
SEV3-11-0059,0
SEV3-10-0388,0
SEV3-10-0389,0
SEV3-10-0390,0
SEV3-13-0179,0
SEV3-10-0391,0
SEV3-10-0393,0
SEV3-10-0395,0
SEV3-10-0396,0
SEV3-10-0397,0
SEV3-10-0398,0
SEV3-10-0399,0
SEV3-10-0400,0
SEV3-10-0401,0
SEV3-10-0402,0
SEV3-10-0403,0
SEV3-10-0404,0
SEV3-10-0405,0
SEV3-10-0406,0
SEV3-10-0409,0
SEV3-13-0181,0
SEV3-10-0415,0
SEV3-10-0416,0
SEV3-10-0417,0
SEV3-10-0008,0
SEV3-10-0009,0
SEV3-10-0028,0
SEV3-10-0059,0
SEV3-10-0060,0
SEV3-10-0061,0
SEV3-10-0064,0
SEV3-10-0069,0
SEV3-10-0078,0
SEV3-10-0079,0
SEV3-10-0084,0
SEV3-10-0086,0
SEV3-10-0089,0
SEV3-10-0090,0
SEV3-10-0092,0
SEV3-10-0093,0
SEV3-10-0094,0
SEV3-10-0097,0
SEV3-11-0004,0
SEV3-11-0005,0
SEV3-11-0008,0
SEV3-11-0010,0
SEV3-11-0017,0
SEV3-10-0032,0
SEV3-12-0012,0
SEV3-13-0001,0
SEV3-14-0004,0
SEV3-15-0001,0
SEV3-15-0002,0
SEV3-15-0003,0
SEV3-15-0004,0
SEV3-15-0005,0
SEV3-15-0006,0
SEV3-15-0007,0
SEV3-15-0008,0
SEV3-15-0009,0
SEV3-15-0010,0
SEV3-15-0011,0
SEV3-15-0012,0
SEV3-15-0013,0
SEV3-15-0014,0
SEV3-10-0101-WH,0
SEV3-15-0020,0
SEV3-14-0005,0
SEV3-14-0006,0
SEV3-13-0021,0
SEV3-10-0112,0
SEV3-10-0113,0
SEV3-10-0115,0
SEV3-10-0116,0
SEV3-10-0118,0
SEV3-10-0121,0
SEV3-13-0024,0
SEV3-10-0095,0
SEV3-10-0068,0
SEV3-10-0077,0
SEV3-10-0082,0
SEV3-10-0085,0
SEV3-10-0114,0
SEV3-10-0125,0
SEV3-10-0126,0
SEV3-10-0127,0
SEV3-10-0128,0
SEV3-10-0129,0
SEV3-10-0130,0
SEV3-10-0131,0
SEV3-10-0133,0
SEV3-10-0134,0
SEV3-10-0135,0
SEV3-10-0139,0
SEV3-10-0140,0
SEV3-10-0142,0
SEV3-10-0144,0
SEV3-10-0145,0
SEV3-10-0146,0
SEV3-10-0150,0
SEV3-10-0152,0
SEV3-10-0154,0
SEV3-10-0156,0
SEV3-10-0157,0
SEV3-10-0158,0
SEV3-10-0159,0
SEV3-10-0160,0
SEV3-10-0161,0
SEV3-10-0163,0
SEV3-10-0164,0
SEV3-10-0166,0
SEV3-10-0167,0
SEV3-10-0169,0
SEV3-10-0177,0
SEV3-10-0178-CR,0
SEV3-10-0180,0
SEV3-10-0181,0
SEV3-12-0028,0
SEV3-12-0029,0
SEV3-11-0025,0
SEV3-02-0412,0
SEV3-02-0780,0
SEV3-04-0075,0
SEV3-02-0437,0
SEV3-02-0440,0
SEV3-06-0126,0
SEV3-03-0030,0
SEV3-02-0150,0
SEV3-02-0160,0
SEV3-02-0170,0
SEV3-06-0030,0
SEV3-06-0086,0
SEV3-06-0101,0
SEV3-08-0024,0
SEV3-09-0007,0
SEV3-02-0892,0
SEV3-02-0554,0
SEV3-02-0555,0
SEV3-02-0556,0
SEV3-02-0557,0
SEV3-02-0558,0
SEV3-02-0559,0
SEV3-02-0560,0
SEV3-02-0561,0
SEV3-02-0562,0
SEV3-02-0880,0
SEV3-02-0564,0
SEV3-02-0565,0
SEV3-02-0566,0
SEV3-02-0567,0
SEV3-02-0568,0
SEV3-08-0068,0
SEV3-02-0571,0
SEV3-02-0572,0
SEV3-08-0069,0
SEV3-02-0576,0
SEV3-02-0577,0
SEV3-02-0578,0
SEV3-02-0579,0
SEV3-02-0583,0
SEV3-02-0584,0
SEV3-02-0585,0
SEV3-02-0586,0
SEV3-08-0070,0
SEV3-02-0587,0
SEV3-02-0588,0
SEV3-02-0589,0
SEV3-02-0590,0
SEV3-02-0591,0
SEV3-02-0592,0
SEV3-02-0593,0
SEV3-02-0594,0
SEV3-02-0595,0
SEV3-02-0596,0
SEV3-01-0060,0
SEV3-02-0597,0
SEV3-02-0598,0
SEV3-02-0599,0
SEV3-02-0601,0
SEV3-02-0889,0
SEV3-02-0870,0
SEV3-02-0602,0
SEV3-02-0603,0
SEV3-02-0604,0
SEV3-02-0605,0
SEV3-02-0606,0
SEV3-02-0607,0
SEV3-13-0081,0
SEV3-02-0608,0
SEV3-02-0609,0
SEV3-02-0610,0
SEV3-02-0611,0
SEV3-02-0894,0
SEV3-02-0612,0
SEV3-09-0107,0
SEV3-02-0619,0
SEV3-02-0620,0
SEV3-02-0638,0
SEV3-02-0897,0
SEV3-02-0847,0
SEV3-02-0848,0
SEV3-02-0849,0
SEV3-02-0850,0
SEV3-02-0851,0
SEV3-02-0852,0
SEV3-02-0853,0
SEV3-02-0854,0
SEV3-02-0855,0
SEV3-02-0856,0
SEV3-02-0857,0
SEV3-02-0858,0
SEV3-01-0070,0
SEV3-02-0706,0
SEV3-01-0073,0
SEV3-01-0074,0
SEV3-09-0115,0
SEV3-08-0083,0
SEV3-08-0084,0
SEV3-02-0723,0
SEV3-02-0724,0
SEV3-02-0895,0
SEV3-02-0896,0
SEV3-02-0725,0
SEV3-02-0726,0
SEV3-02-0727,0
SEV3-02-0728,0
SEV3-02-0729,0
SEV3-06-0109,0
SEV3-02-0241,0
SEV3-02-0279,0
SEV3-02-0283,0
SEV3-06-0116,0
SEV3-06-0119,0
SEV3-03-0016,0
SEV3-02-0313,0
SEV3-07-0007,0
SEV3-02-0360,0
SEV3-02-0380,0
SEV3-08-0049,0
SEV3-02-0406,0
SEV3-02-0410,0
SEV3-02-0411,0
SEV3-11-0026,0
SEV3-16-0005,0
SEV3-08-0051,0
SEV3-08-0052,0
SEV3-02-0764,0
SEV3-02-0765,0
SEV3-02-0766,0
SEV3-02-0784,0
SEV3-02-0779,0
SEV3-02-0781,0
SEV3-06-0159,0
SEV3-04-0107,0
SEV3-02-0783,0
SEV3-04-0108,0
SEV3-02-0788,0
SEV3-02-0789,0
SEV3-04-0109,0
SEV3-02-0791,0
SEV3-02-0888,0
SEV3-09-0090,0
SEV3-05-0026,0
SEV3-04-0110,0
SEV3-02-0422,0
SEV3-02-0434,0
SEV3-14-0016,0
SEV3-14-0017,0
SEV3-04-0076,0
SEV3-09-0093,0
SEV3-13-0064,0
SEV3-02-0448,0
SEV3-08-0056,0
SEV3-07-0008,0
SEV3-06-0129,0
SEV3-06-0130,0
SEV3-04-0114,0
SEV3-02-0807,0
SEV3-02-0808,0
SEV3-02-0832,0
SEV3-02-0833,0
SEV3-02-0834,0
SEV3-02-0838,0
SEV3-02-0839,0
SEV3-02-0840,0
SEV3-06-0167,0
SEV3-07-0012,0
SEV3-06-0168,0
SEV3-06-0169,0
SEV3-01-0001,0
SEV3-01-0002,0
SEV3-01-0003,0
SEV3-01-0004,0
SEV3-01-0005,0
SEV3-01-0006,0
SEV3-01-0007,0
SEV3-01-0008,0
SEV3-01-0009,0
SEV3-01-0010,0
SEV3-01-0011,0
SEV3-01-0012,0
SEV3-01-0013,0
SEV3-01-0014,0
SEV3-01-0016,0
SEV3-01-0017,0
SEV3-01-0018,0
SEV3-01-0019,0
SEV3-01-0020,0
SEV3-01-0021,0
SEV3-01-0023,0
SEV3-01-0024,0
SEV3-01-0025,0
SEV3-01-0026,0
SEV3-01-0027,0
SEV3-01-0028,0
SEV3-01-0029,0
SEV3-01-0030,0
SEV3-01-0031,0
SEV3-01-0032,0
SEV3-01-0033,0
SEV3-01-0034,0
SEV3-01-0035,0
SEV3-01-0036,0
SEV3-01-0037,0
SEV3-01-0038,0
SEV3-01-0039,0
SEV3-01-0040,0
SEV3-01-0042,0
SEV3-01-0043,0
SEV3-01-0045,0
SEV3-01-0046,0
SEV3-01-0047,0
SEV3-01-0048,0
SEV3-09-0074,0
SEV3-02-0003,0
SEV3-02-0040,0
SEV3-02-0050,0
SEV3-02-0054,0
SEV3-02-0071,0
SEV3-02-0075,0
SEV3-02-0078,0
SEV3-02-0089,0
SEV3-02-0091,0
SEV3-02-0092,0
SEV3-02-0095,0
SEV3-02-0099,0
SEV3-02-0100,0
SEV3-02-0103,0
SEV3-02-0104,0
SEV3-02-0106,0
SEV3-02-0109,0
SEV3-02-0112,0
SEV3-02-0113,0
SEV3-02-0114,0
SEV3-02-0115,0
SEV3-02-0119,0
SEV3-02-0120,0
SEV3-02-0121,0
SEV3-02-0123,0
SEV3-02-0127,0
SEV3-02-0128,0
SEV3-02-0130,0
SEV3-02-0133,0
SEV3-02-0134,0
SEV3-02-0135,0
SEV3-02-0139,0
SEV3-02-0140,0
SEV3-02-0141,0
SEV3-02-0142,0
SEV3-02-0143,0
SEV3-02-0144,0
SEV3-02-0145,0
SEV3-02-0146,0
SEV3-02-0147,0
SEV3-02-0148,0
SEV3-02-0149,0
SEV3-02-0152,0
SEV3-02-0155,0
SEV3-02-0161,0
SEV3-02-0162,0
SEV3-02-0163,0
SEV3-02-0164,0
SEV3-03-0006,0
SEV3-04-0001,0
SEV3-04-0002,0
SEV3-04-0008,0
SEV3-04-0009,0
SEV3-04-0010,0
SEV3-04-0017,0
SEV3-04-0020,0
SEV3-04-0022,0
SEV3-04-0023,0
SEV3-04-0024,0
SEV3-04-0029,0
SEV3-04-0030,0
SEV3-04-0033,0
SEV3-04-0034,0
SEV3-04-0036,0
SEV3-04-0037,0
SEV3-04-0044,0
SEV3-04-0045,0
SEV3-04-0046,0
SEV3-04-0047,0
SEV3-04-0048,0
SEV3-04-0049,0
SEV3-04-0050,0
SEV3-04-0051,0
SEV3-04-0052,0
SEV3-04-0055,0
SEV3-04-0057,0
SEV3-04-0058,0
SEV3-04-0059,0
SEV3-04-0060,0
SEV3-04-0065,0
SEV3-04-0066,0
SEV3-04-0067,0
SEV3-04-0068,0
SEV3-04-0069,0
SEV3-05-0001,0
SEV3-05-0007,0
SEV3-05-0008,0
SEV3-05-0009,0
SEV3-05-0010,0
SEV3-05-0011,0
SEV3-05-0012,0
SEV3-06-0023,0
SEV3-06-0027,0
SEV3-06-0028,0
SEV3-06-0029,0
SEV3-06-0066,0
SEV3-06-0071,0
SEV3-06-0079,0
SEV3-06-0080,0
SEV3-06-0085,0
SEV3-06-0087,0
SEV3-06-0095,0
SEV3-06-0096,0
SEV3-06-0097,0
SEV3-06-0098,0
SEV3-06-0102,0
SEV3-06-0103,0
SEV3-06-0104,0
SEV3-06-0105,0
SEV3-06-0106,0
SEV3-06-0108,0
SEV3-07-0001,0
SEV3-07-0002,0
SEV3-07-0006,0
SEV3-08-0005,0
SEV3-08-0009,0
SEV3-08-0010,0
SEV3-08-0028,0
SEV3-08-0029,0
SEV3-08-0030,0
SEV3-08-0032,0
SEV3-08-0036,0
SEV3-09-0008,0
SEV3-09-0009,0
SEV3-09-0011,0
SEV3-09-0012,0
SEV3-09-0027,0
SEV3-09-0028,0
SEV3-09-0029,0
SEV3-09-0033,0
SEV3-09-0035,0
SEV3-09-0042,0
SEV3-09-0043,0
SEV3-09-0044,0
SEV3-09-0046,0
SEV3-09-0054,0
SEV3-09-0056,0
SEV3-09-0062,0
SEV3-09-0063,0
SEV3-02-0173,0
SEV3-02-0174,0
SEV3-02-0176,0
SEV3-02-0177,0
SEV3-09-0075,0
SEV3-02-0179,0
SEV3-02-0180,0
SEV3-02-0181,0
SEV3-02-0183,0
SEV3-02-0185,0
SEV3-02-0186,0
SEV3-02-0187,0
SEV3-02-0188,0
SEV3-02-0190,0
SEV3-02-0191,0
SEV3-02-0193,0
SEV3-02-0194,0
SEV3-16-00029,0
SEV3-16-00030,0
SEV3-02-0809,0
SEV3-08-0061,0
SEV3-08-0062,0
SEV3-08-0063,0
SEV3-02-0550,0
SEV3-04-0080,0
SEV3-02-0815,0
SEV3-02-0816,0
SEV3-02-0817,0
SEV3-02-0821,0
SEV3-02-0822,0
SEV3-08-0066,0
SEV3-08-0067,0
SEV3-02-0569,0
SEV3-02-0614,0
SEV3-02-0615,0
SEV3-02-0616,0
SEV3-02-0199,0
SEV3-02-0202,0
SEV3-09-0066,0
SEV3-02-0622,0
SEV3-02-0628,0
SEV3-02-0629,0
SEV3-02-0630,0
SEV3-02-0636,0
SEV3-06-0152,0
SEV3-02-03100,0
SEV3-08-0091,0
SEV3-08-0092,0
SEV3-08-0093,0
SEV3-08-0094,0
SEV3-02-0670,0
SEV3-02-0671,0
SEV3-01-0056,0
SEV3-09-0109,0
SEV3-09-0110,0
SEV3-02-0673,0
SEV3-02-0674,0
SEV3-02-0676,0
SEV3-02-0681,0
SEV3-02-0684,0
SEV3-07-0013,0
SEV3-02-0692,0
SEV3-14-0025,0
SEV3-04-0097,0
SEV3-02-0705,0
SEV3-06-0154,0
SEV3-06-0155,0
SEV3-06-0156,0
SEV3-06-0157,0
SEV3-02-0710,0
SEV3-01-0076,0
SEV3-02-0711,0
SEV3-16-0014,0
SEV3-09-0124,0
SEV3-02-0718,0
SEV3-02-0719,0
SEV3-02-0720,0
SEV3-03-0028,0
SEV3-16-0015,0
SEV3-02-0722,0
SEV3-02-0731,0
SEV3-02-0732,0
SEV3-08-0085,0
SEV3-02-0737,0
SEV3-04-0104,0
SEV3-02-0746,0
SEV3-02-0747,0
SEV3-02-0749,0
SEV3-02-0750,0
SEV3-03-0029,0
SEV3-02-0751,0
SEV3-02-0758,0
SEV3-09-0069,0
SEV3-02-0216,0
SEV3-02-0237,0
SEV3-06-0083,0
SEV3-02-0242,0
SEV3-02-0243,0
SEV3-02-0246,0
SEV3-02-0251,0
SEV3-02-0255,0
SEV3-02-0271,0
SEV3-02-0273,0
SEV3-14-0008,0
SEV3-06-0118,0
SEV3-02-0286,0
SEV3-09-0080,0
SEV3-02-0328,0
SEV3-02-0329,0
SEV3-02-0330,0
SEV3-02-0402,0
SEV3-05-0014,0
SEV3-05-0015,0
SEV3-03-0015,0
SEV3-12-0016,0
SEV3-12-0017,0
SEV3-12-0020,0
SEV3-12-0021,0
SEV3-12-0024,0
SEV3-02-0084,0
SEV3-13-0027,0
SEV3-02-0093,0
SEV3-02-0156,0
SEV3-14-0011,0
SEV3-14-0014,0
SEV3-02-0295,0
SEV3-14-0015,0
SEV3-02-0301,0
SEV3-02-0302,0
SEV3-02-0307,0
SEV3-02-0314,0
SEV3-02-0315,0
SEV3-08-0044,0
SEV3-08-0045,0
SEV3-08-0046,0
SEV3-04-0041,0
SEV3-02-0319,0
SEV3-13-0033,0
SEV3-15-0021,0
SEV3-15-0022,0
SEV3-16-0003,0
SEV3-02-0322,0
SEV3-02-0324,0
SEV3-02-0325,0
SEV3-02-0331,0
SEV3-02-0333,0
SEV3-02-0334,0
SEV3-02-0335,0
SEV3-02-0341,0
SEV3-02-0344,0
SEV3-13-0036,0
SEV3-02-0348,0
SEV3-02-0349,0
SEV3-02-0350,0
SEV3-02-0353,0
SEV3-08-0047,0
SEV3-08-0048,0
SEV3-13-0038,0
SEV3-03-0019,0
SEV3-02-0359,0
SEV3-02-0361,0
SEV3-13-0042,0
SEV3-15-0023,0
SEV3-11-0024,0
SEV3-02-0367,0
SEV3-02-0368,0
SEV3-02-0370,0
SEV3-02-0371,0
SEV3-02-0375,0
SEV3-02-0378,0
SEV3-02-0381,0
SEV3-01-0058,0
SEV3-01-0059,0
SEV3-04-0056,0
SEV3-02-0397,0
SEV3-09-00087,0
SEV3-02-0407,0
PIM2-CF7-103-10-FLANGE,1
PIM2-CF5-68-10-FLANGE,1
PIM2-SM20-40L-211,1
PIM2-SM20-40L-212,1
PIM2-SM20-40L-223,1
PIM2-SM20-40L-225,1
PIM2-SM-50L-211,1
PIM2-SM-60L-211,1
PIM2-SM-50L-60L-212,1
PIM2-SM-50L-60L-225,1
PIM2-SM-50L-60L-222,1
PIM2-SM-50L-60L-205,1
PIM2-SM-50L-207,1
PIM2-PMG-30L-WH-204,1
PIM2-PMG-30L-WH-205,1
PIM2-PMG-30L-WH-208,1
PIM2-PMG-30L-WH-212,1
PIM2-PMG-30L-WH-303,1
PIM2-PMG-30L-WH-305,1
PIM2-PMG-30L-WH-306,1
PIM2-PMG-30L-WH-310,1
PIM2-PMG-30L-WH-403,1
PIM2-PMG-30L-WH-406,1
PIM2-PMG-30L-WH-410,1
PIM2-PMG-30L-WH-412,1
PIM2-PMG-30L-WH-414,1
PIM2-PMG-30L-WH-419,1
PIM2-PMG-30L-WH-417,1
PIM2-PMG-30L-WH-508,1
PIM2-PMG-30L-WH-509,1
PIM2-PMG-30L-WH-512,1
PIM2-PMG-30L-WH-603,1
PIM2-PMG-30L-WH-604,1
PIM2-PMG-30L-WH-605,1
PIM2-PMG-30L-WH-615,1
PIM2-PMG-30L-WH-616,1
PIM2-PMG-30L-WH-815,1
PIM2-PMG-30L-WH-1201,1
PIM2-PMG-30L-WH-1202,1
PIM2-PMG-30L-WH-1203,1
PIM2-PMG-30L-WH-1204,1
PIM2-SM-50L-60L-203,1
PIM2-SM-50L-60L-204,1
PIM2-SM-50L-60L-206,1
PIM2-PMG-30L-WH-109,1
PIM2-PMG-30L-WH-110,1
PIM2-PMG-30L-WH-111,1
PIM2-PMG-30L-WH-116,1
PIM2-PMG-30L-WH-203,1
PIM2-PMG-30L-WH-206,1
PIM2-PMG-30L-WH-207,1
PIM2-PMG-30L-WH-209,1
PIM2-PMG-30L-WH-210,1
PIM2-PMG-30L-WH-211,1
PIM2-PMG-30L-WH-213,1
PIM2-PMG-30L-WH-214,1
PIM2-PMG-30L-WH-215,1
PIM2-PMG-30L-WH-216,1
PIM2-PMG-30L-WH-220,1
PIM2-PMG-30L-WH-221,1
PIM2-PMG-30L-WH-222,1
PIM2-PMG-30L-WH-304,1
PIM2-PMG-30L-WH-307,1
PIM2-PMG-30L-WH-309,1
PIM2-PMG-30L-WH-311,1
PIM2-PMG-30L-WH-312,1
PIM2-PMG-30L-WH-404,1
PIM2-PMG-30L-WH-405,1
PIM2-PMG-30L-WH-407,1
PIM2-PMG-30L-WH-408,1
PIM2-PMG-30L-WH-409,1
PIM2-PMG-30L-WH-411,1
PIM2-PMG-30L-WH-413,1
PIM2-PMG-30L-WH-415,1
PIM2-PMG-30L-WH-416,1
PIM2-PMG-30L-WH-418,1
PIM2-PMG-30L-WH-506,1
PIM2-PMG-30L-WH-511,1
PIM2-PMG-30L-WH-705,1
PIM2-PMG-30L-WH-706,1
PIM2-PMG-30L-WH-707,1
PIM2-PMG-30L-WH-708,1
PIM2-PMG-30L-WH-709,1
PIM2-CHL12-2D-L75-RBDS380,1
PIM2-CHL12-2D-L75-CDS,1
PIM2-CHL12-2D-L75-CDSF,1
PIM2-CHL12-2D-L75-EPT,1
PIM2-CHL12-2D-L75-EPTF,1
PIM2-CHL12-2D-L75-MBB,1
PIM2-CHL15-2D-L75-RBDS530,1
PIM2-CHL15-2D-L75-CDS,1
PIM2-CHL15-2D-L75-CDSF,1
PIM2-CHL15-2D-L75-EPT,1
PIM2-CHL15-2D-L75-EPTF,1
PIM2-CHL15-2D-L75-MBB,1
PIM2-CHL18-3D-L75-RBDS,1
PIM2-CHL18-3D-L75-CDS,1
PIM2-CHL18-3D-L75-CDSF,1
PIM2-CHL18-3D-L75-EPT,1
PIM2-CHL18-3D-L75-EPTF,1
PIM2-CHL18-3D-L75-MBB,1
PIM2-FRZ12-2D-L75-RBDS380,1
PIM2-FRZ12-2D-L75-CDS,1
PIM2-FRZ12-2D-L75-CDSF,1
PIM2-FRZ12-2D-L75-EPT,1
PIM2-FRZ12-2D-L75-EPTF,1
PIM2-FRZ12-2D-L75-MBB,1
PIM2-FRZ12-2D-L75-FDFH,1
PIM2-FRZ15-2D-L75-RBDS530,1
PIM2-FRZ15-2D-L75-CDS,1
PIM2-FRZ15-2D-L75-CDSF,1
PIM2-FRZ15-2D-L75-EPT,1
PIM2-FRZ15-2D-L75-EPTF,1
PIM2-FRZ15-2D-L75-MBB,1
PIM2-FRZ15-2D-L75-FDFH,1
PIM2-FRZ18-3D-L75-RBDS,1
PIM2-FRZ18-3D-L75-CDS,1
PIM2-FRZ18-3D-L75-CDSF,1
PIM2-FRZ18-3D-L75-EPT,1
PIM2-FRZ18-3D-L75-EPTF,1
PIM2-FRZ18-3D-L75-MBB,1
PIM2-FRZ18-3D-L75-FDFH,1
PIM2-CHL43-2D-L-RBDS566,1
PIM2-CHL43-2D-L-CDS,1
PIM2-CHL43-2D-L-CDSF,1
PIM2-CHL43-2D-L-EPT,1
PIM2-CHL43-2D-L-EPTF,1
PIM2-CHL43-2D-L-MBB,1
PIM2-CHL43-4D-L-RBDS566,1
PIM2-CHL43-4D-L-CDS,1
PIM2-CHL43-4D-L-CDSF,1
PIM2-CHL43-4D-L-EPT,1
PIM2-CHL43-4D-L-EPTF,1
PIM2-CHL43-4D-L-MBB,1
PIM2-FRZ43-2D-L-RBDS566,1
PIM2-FRZ43-2D-L-CDS,1
PIM2-FRZ43-2D-L-CDSF,1
PIM2-FRZ43-2D-L-EPT,1
PIM2-FRZ43-2D-L-EPTF,1
PIM2-FRZ43-2D-L-MBB,1
PIM2-FRZ43-2D-L-FDFH,1
PIM2-FRZ43-4D-L-RBDS566,1
PIM2-FRZ43-4D-L-CDS,1
PIM2-FRZ43-4D-L-CDSF,1
PIM2-FRZ43-4D-L-EPT,1
PIM2-FRZ43-4D-L-EPTF,1
PIM2-FRZ43-4D-L-MBB,1
PIM2-FRZ43-4D-L-FDFH,1
PIM1-BRIC1408-2D,1
PIM1-CK14-G,1
PIM1-CK24-G,1
PIM1-CB3-40,1
PIM1-GH3-30,1
PIM1-ST-GH3-30,1
PIM2-JD180000025,1
PIM2-70200500219,1
PIM1-CHL12-2D-L-750MM,2
PIM1-CHL18-3D-L-750MM,2
PIM1-FRZ12-2D-L-750MM,2
PIM1-FRZ18-3D-L-750MM,2
PIM1-CHL43-2D-L,2
PIM1-FRZ43-2D-L,2
PIM1-CB6-80,2
PIM1-CB3LV-40,2
PIM1-CB6LV-80,2
PIM1-GH6-60,2
PIM1-ST-CB3-40,2
PIM2-801021041010,2
PIM2-SM-20L-101,2
PIM2-SM-30L-40L-101,2
PIM2-SM-20L-102,2
PIM2-SM-30L-102,2
PIM2-SM-40L-102,2
PIM2-SM20-40L-107,2
PIM2-SM20-40L-108,2
PIM2-SM20-40L-109,2
PIM2-SM-50L-60L-101,2
PIM2-SM-50L-60L-102,2
PIM2-SM-50L-60L-107,2
PIM2-SM-50L-60L-108,2
PIM2-SM-50L-60L-109,2
PIM2-PMG-30L-WH-118,2
PIM2-PMG-30L-WH-122,2
PIM2-CHL12-2D-L75-WSL750,2
PIM2-CHL12-2D-L75-DH,2
PIM2-CHL15-2D-L75-WSL1050,2
PIM2-CHL18-3D-L75-WSL,2
PIM2-FRZ12-2D-L75-WSL750,2
PIM2-FRZ15-2D-L75-WSL1050,2
PIM2-FRZ18-3D-L75-WSL,2
PIM2-CHL43-2D-L-WSL505,2
PIM2-CHL43-4D-L-WSL1135,2
PIM2-FRZ43-2D-L-WSL505,2
PIM2-FRZ43-4D-L-WSL1135,2
PIM2-SM100000041,2
PIM2-JD10000001,2
PIM2-JD10000002,2
PIM2-JD10000003,2
PIM2-JD10000004,2
PIM2-JD10000005,2
PIM2-JD10000006,2
PIM2-JD10000007,2
PIM2-JD10000008,2
PIM2-JD10000009,2
PIM2-JD10000010,2
PIM2-JD10000011,2
PIM2-JD10000012,2
PIM2-JD10000013,2
PIM2-JD10000018,2
PIM2-JD10000021,2
PIM2-JD10000024,2
PIM2-JD10000030,2
PIM2-JD10000034,2
PIM2-JD10000036,2
PIM2-JD10000037,2
PIM2-JD10000039,2
PIM2-JD180000001,2
PIM2-JD180000002,2
PIM2-JD180000003,2
PIM2-JD180000004,2
PIM2-JD180000005,2
PIM2-JD180000006,2
PIM2-JD180000008,2
PIM2-JD180000009,2
PIM2-JD180000010,2
PIM2-JD180000011,2
PIM2-JD10000035,2
PIM2-JD180000012,2
PIM2-JD180000013,2
PIM2-JD180000018,2
PIM2-JD180000021,2
PIM2-JD180000030,2
PIM2-JD180000034,2
PIM2-JD180000035,2
PIM2-JD180000036,2
PIM2-JD180000037,2
PIM2-JD180000039,2
PIM2-SM100000001,2
PIM2-SM100000002,2
PIM2-SM100000003,2
PIM2-SM100000004,2
PIM2-SM100000005,2
PIM2-SM100000006,2
PIM2-SM100000007,2
PIM2-SM100000008,2
PIM2-SM100000009,2
PIM2-SM100000010,2
PIM2-SM100000012,2
PIM2-SM100000013,2
PIM2-SM100000014,2
PIM2-SM100000015,2
PIM2-SM100000016,2
PIM2-SM100000017,2
PIM2-SM100000018,2
PIM2-SM100000019,2
PIM2-SM100000020,2
PIM2-SM100000020-1,2
PIM2-SM100000021,2
PIM2-SM100000023,2
PIM2-SM100000025,2
PIM2-SM100000028,2
PIM2-SM100000031,2
PIM2-SM100000032-1,2
PIM2-SM100000032,2
PIM2-SM100000036,2
PIM2-SM100000037,2
PIM2-SM100000038,2
PIM2-SM100000042,2
PIM2-SM150000001,2
PIM2-SM150000002,2
PIM2-SM150000003,2
PIM2-SM150000017,2
PIM2-SM150000019,2
PIM2-SM150000020,2
PIM2-SM150000021,2
PIM2-SM150000022,2
PIM2-SM150000023,2
PIM2-SM150000024,2
PIM2-SM150000029,2
PIM2-SM150000034,2
PIM2-SM150000035,2
PIM2-SM150000041,2
PIM2-SM150000042,2
PIM2-SM150000043,2
PIM2-ESK-10-03,5
PIM1-MW1800W-18L,0
PIM2-CHL12-2D-L75-SLC,10
PIM2-JD10000025,0
PIM2-JD10000031,3
PIM2-JD180000031,3
PIM2-SM150000004,8
PIM2-SM150000005,8
PIM2-SM150000006,8
PIM2-SM150000007,8
PIM2-SM150000008,8
PIM2-SM150000009,8
PIM2-SM150000010,4
PIM2-SM150000011,8
PIM2-SM150000012,8
PIM2-SM150000013,8
PIM2-SM150000014,8
PIM2-SM150000025,8
PIM2-SM150000026,8
PIM2-SM150000027,4
PIM2-SM150000028,4
PIM2-SM150000031,8
PIM2-SM150000032,4
PIM2-SM150000036,4
PIM2-SM150000037,4
PIM2-SM150000038,4
PIM2-SM150000039,4
PIM2-SM150000040,3
PIM2-DR520-RF,0
PIM2-70201200291,58
NTS1-DB-H120-DRG,21
NTS1-DB-120-DRG,18
ASL1-CB18080E-WH,6
NTS2-WDV-15L-02,2
NTS2-WDV-15L-03,2
NTS2-WDV-15L-04,1
NTS2-WDV-15L-05,1
NTS2-WDV-15L-06,1
NTS2-WDV-01,1
NTS2-WDV-02,2
NTS2-HL-011,2
NTS1-CD-6L-RG,2
NTS1-CD-5.5L-RO,7
NTS1-SN1092,5
NTS2-HL-101,2
NTS1-SN1510,0
KTC1-174-001,0
KTC1-195-001,0
KTC1-195-002,0
KTC1-195-003,0
KTC1-195-005,0
KTC1-174-015,0
NTS2-CC-C3L-GY-RING,400
NTS2-DB-120-DRG-LID,0
CAM1-32HP1HU-150,72
MBM1-MFTG77AL,2
HAM1-6126-HBF600R,6
TOP1-9812,2
TOP1-9803-P3,4
MBM1-MCPE74A,2
MBM1-MFRE74A2V,1
MBM1-MFB711TXS,2
MBM1-MBRG78A,1
MBM1-MPLG78A,2
MBM1-MVC77A,2
MBM1-MFTE74AL,1
MBM1-MFTE77ALR,1
MBM1-MFTE74TL,1
TOP1-9813,108
HAT1-RCTHW2-3,4
LIN1-LDPO-B,2
LIN1-LDPO-R,2
LIN1-LDPO-S,2
LIN1-LGR,4
LIN1-LGR2,2
TOP1-98009AF-2,2
TOP1-98008M-2,2
CAM1-94HPU-150,10
CAM1-UPCH16002-401,2
ROE1-28180W,1
ROL2-D07004,0
SIR2-PJET139139-E00-00,0
PIT2-P6072185,0
TBA2-XK2HR17120,0
TBA2-BS21900203,0
TBA2-1D1900104,0
TBA2-XK2R016220,0
HOU2-30800037,0
BER2-BA-PB,5
HOU2-32020030,6
HOU2-20300241,2
HOU2-30421090,2
PIT2-134-000017-002,1
HAM2-990315500,4
ROE2-39749,2
ROE2-105885,2
MBM2-200885,2
BKP2-L5019X,2
BKP2-SM4-T1155T,2
BKP2-SM4-S1016X,1
TBC2-FRE-1113,1
ROL2-D02209,2
TBA2-SP99088304,2
BKP2-2K-CH0008,3
COG2-65690,2
SIR2-MSC09AMON.22,2
SIR2-MSC09V076,2
MBM2-A800000800,5
ROE2-28120,2
ROL2-A15015,4
HOU2-30420697,2
TOP2-98-HD-H,1
HAT2-R0405106700,2
COG2-75869,1
COG2-75024,1
ROL2-07158,5
SIR2-SFG01-1-0034-0,2
ROE2-89239,2
TOP2-HS098-01,1
TOP2-M0098SV-124G,2
LIN2-GR71,3
TBA2-K3F5102005,2
ROE2-89237,4
BER2-SENSOR-SWITCH,3
MBM2-RTCU700274,2
HAM2-990182200,2
COG2-115166,2
COG2-80638,1
COG2-K80240,1
TBA2-K3F0624105,2
TBA2-KG30311105,2
TBA2-K2FP419103,2
TBA2-K1D4400306,1
TBA2-KUF60DL0102,1
ROE2-117187S,1
HAM2-990279900,2
ROE2-104925S,2
ROL2-F01079,1
BER2-PL-BER-S-N,2
BER2-PL-BER-S-N-S,0
ROL2-F04058,12
TBA2-KR91105102,15
BER2-CI-CBT-1,3
TOA2-1000105,2
TOA2-1000592,1
TOA2-1000693K,2
TOA2-1000623,2
TOA2-1000680,2
TOA2-1700562,2
TOA2-1700563,2
TOA2-1850191,2
TOA2-S1170337,1
LIN2-KN183,4
LIN2-GA45,3
LIN2-WI29,2
ROL2-E02257,3
BER2-IC-VCM-EMV,3
HOU2-50001254,2
HOU2-50001255,2
HOU2-50000886,1
HOU2-114318,3
ROL2-07219,1
BER2-IC-VCM-E-TRANS,2
BER2-TM-NTC-C-ELI,2
TBA2-KS183K1004,1
TBA2-K3F4400110,1
TBA2-BR84100105,1
TBA2-K2R3750104,1
LIN2-14415,2
ROL2-21029SE,1
ROL2-C02466,1
BKP2-AS-R3031A,14
BKP2-V-R3020A,6
SIR2-IB4206441,2
COG2-209029,6
LIN2-OCN01,3
LIN2-OSN01,3
LIN2-CIBO-TT,5
HAT2-R040558000,1
BER2-IC-VCM-TAPE,0
LIN2-GA44,2
LIN2-KN10,6
KIT2-9705132,3
LKK2-B30-01,1
LIN2-SE25,3
LIN2-SE26,1
ROB2-MC0296,2
HAT2-02.19.161.00,4
HAT2-02.19.164.00,4
PIM2-DR520-200,1
LKK2-LEO-36#13,1
BKP2-2F-3106145,6
BKP2-2F-T1212A,6
STA2-2J-Z3263,1
KIT2-4162351,16
KIT2-9709627,7
KIT2-4176099,5
KIT2-4162116,26
KIT2-4161746,10
KIT2-4162634,3
KIT2-4162344,4
KIT2-4162035,4
NTS2-CD-101-9L-SPS,1
BER2-BR-E40B,1
SIR1-DOLOMITI-10T-1-1-60X40-R290,1
MBM2-RTCU900110,2
MBM2-RTCU700565,1
KIT2-3184052,2
PUJ1-141.028B,2
PIM1-BA-CR,16
SIR2-LF2029989,2
KIT2-4159662,18
NTS2-CD-1135-4L2-STC,2
NTS2-HLRL-DS,2
TOP1-98-A,1
PIM1-RB-2-60,1
PIM1-RB-4-120,2
PIM1-RB-6-180,2
PIM1-ST-RB-2-60,1
PIM1-ST-RB-4-120,3
PIM1-ST-RB-6-180,1
STA2-2E-Z3278,2
STA2-2E-Z3808,1
STA2-2E-Y9251,1
STA2-2E-Y9253,1
STA2-2E-Z2894,1
STA2-2E-Z3335,1
STA2-2E-05-07-0350,1
STA2-2N-Z9327,1
STA2-PS-Z9326,2
STA2-2E-Z22595,2
STA2-2I-05-07-0013,1
STA2-2M-Z3337,1
HAT2-02.16.122.00,1
SIR2-18250403210F,2
ROE2-49437,2
KIT2-3180162,2
LTE2-O2820-2,8
PIM1-RC-12L,1
VTS2-CE00030,1
VTS2-CS00096,1
VTS2-CE00764,8
VTS2-CE00765,8
VTS2-CE00537,1
VTS2-CE00806,1
VTS2-CE00007,2
VTS2-CE01092,2
NTS2-CD-401-4L-LID,2
KIT2-3400024,9
LKK2-LK-LEO-36#8,1
LKK2-LK-LEO-36#15,1
ROB2-MC0872,2
BER2-TM-XB590L,0
NTS2-CD-401-6L-D,0
NTS2-CD-401-6L-E,0
NTS2-CD-401-4L-D,0
NTS2-CD-401-4L-E,0
NTS2-CD-401-4L-F,0
SIR2-IGS101013,0
PIM2-MINI-IB220-BL160E-23,0
PIM2-MINI-IB220-BL160E-25,0
SIR2-IW1071240011,0
NTS2-CD-101-9L-B,0
NTS1-HLCR4SS-W/OHD,0
NTS1-ISC1-27,0
NTS1-ISC1-8,0
NTS2-CD-401-6L-A,0
NTS2-CD-401-6L-B,0
KTC1-189-001,0
KTC1-202-001,0
KTC1-202-002,0
KTC1-207-001,0
NTS2-CD-401-4L-A,0
NTS2-CD-401-4L-C,0
NTS1-ST-900-BK,0
NTS2-CD-401-4L-B,0
NTS2-CD-401-6L-C,0
NTS2-CD-00-A,0
NTS2-CD-618-6L-W,0
NTS2-CD-618-6L-S,0
NTS1-ISC1-28,0
NTS2-CD-401-6L-FS-L,0
NTS2-CD-401-6L-FS-R,0
LKK1-SS150,0
SIR1-TC32-MONTANA-Y12-HP4-400V,0
LKK1-PP15,0
LKK1-PP15A,0
PUJ1-355.008,0
TOP1-M98E-HRW11,0
CTP1-RO-006-NN-NN,0
CTP1-FR-9801-150W-BK,0
CTP1-FR-9801-200-BK,0
CTP1-FR-9801-250-BK,0
CTP1-FR-9866-250S-BK,0
CTP1-FR-9807-65-BK,0
CTP1-FR-9806-100-BK,0
CTP1-SS-FC71-210PT-CP-CP,0
HAT1-HBGBH-4818,0
HAT1-HBGBH-7218,0
ROE1-CL60FA-PUSHER-400-50-3,0
SIR1-ALICE250,0
SIR1-ANNIVERSARIO-300,0
SIR1-TC32-COLORADO-380V,0
HAM2-6126-755R,0
ROB2-ES0197,0
LKK2-KNOB-TI(OLD-WF),0
BER2-IC-VCM-L-SW,0
STA2-SD9-GR0529,0
PMF2-5M010512,0
SAN2-37180,0
HAT2-05.30.020.00,0
ROL2-E02112,0
ROE2-29915,0
ROE2-39153,0
ROE2-39668,0
ROB2-WS0022,0
HAM2-990291700,0
CAS2-96970500,0
LKK2-IND500T-POWER-SUPPLY,0
ROB2-MC0840,0
ROE2-39667,0
ROB2-SS0765,0
PMF2-5I100024,0
STA2-2R-Z22153,0
ROL2-C04008,0
BER2-IC-VCM-V-PUMP,0
SAN2-2P,0
ROE2-89632,0
CAS2-969602200,0
PMF2-5I100041,0
HAM2-981100S,0
HAM2-990209401,0
HAM2-990387800,0
HAM2-990291600,0
ROE2-117777S,0
ROE2-49444,0
ROE2-49445,0
ROE2-49446,0
ROE2-118909S,0
ROE2-118910S,0
ROE2-118913S,0
ROE2-49176,0
HAT2-02.05.658.00,0
ROB2-MC0841,0
ROB2-MC0952,0
ROB2-PC0473,0
ROB2-PC0418,0
SIR2-SFCL051,0
SIR2-SFCL052,0
SIR2-SFCL053,0
PMF2-5L020008,0
SIR2-MOLASBA40,0
SIR2-MANCOPLAMP,0
SIR2-INTERLUM,0
SIR2-MANGRA22,0
SIR2-CAMMECE,0
SIR2-BLOCCO22B,0
SIR2-MOTOREP35,0
SIR2-PIED,0
SIR2-BARQUA22,0
SIR2-CANOTTO22,0
SIR2-BARCAN22,0
SIR2-MOLAAFF40,0
SIR2-PIEDAFFPLA,0
SIR2-PULEGGIACE,0
SIR2-CING22,0
SIR2-COPRILA25PC,0
SIR2-INSCOPLAM,0
SIR2-MANBRAC22P,0
SIR2-PROTRAPIA22UD,0
SIR2-MANPIA22,0
SIR2-SUPMOTVER,0
ROL2-15245,0
LKK2-LK-LEO-BOILER-SENSOR,0
LKK2-LK-LEO-36#11,0
ROB2-VS0012,0
HAM2-990397300,0
HAM2-990398700,0
HAM2-990397900,0
HAM2-990398000,0
HAM2-990397800,0
HAM2-990397700,0
HAM2-990403700,0
HAM2-990396910,0
HAM2-990397501,0
HAM2-990398201,0
HAM2-990411700,0
HAM2-990398301,0
HAM2-990397200,0
HAM2-990398100,0
HAM2-990398400,0
HAM2-990397100,0
HAM2-990397400,0
HAM2-990398500,0
PIM1-RICE24B-S,0
PIM1-EPM-135W-8.5,0
PIM2-PM-40L-SV-21,0
PIM2-ESK-S10L-01,0
PIM1-G-ED-2DS,0
PIM2-70101505946L,0
PIM2-EDO2-40CS-BK-H,0
PIM1-GH-813C,0
PIM2-PM-40L-SV-04,0
PIM2-PM-40L-SV-05,0
PIM2-PM-40L-SV-06,0
PIM2-PM-40L-SV-07,0
PIM2-PM-40L-SV-08,0
PIM2-PM-40L-SV-09,0
PIM2-PM-40L-SV-10,0
PIM2-PM-40L-SV-18-19,0
PIM2-PM-40L-SV-22,0
PIM2-PM-40L-SV-23,0
PIM2-PM-40L-SV-24,0
PIM2-PM-40L-SV-25,0
PIM2-PM-40L-SV-26,0
PIM2-PM-30L-SV-62,0
PIM2-PM-30L-SV-18,0
PIM2-PM-30L-SV-16,0
PIM2-PM-30L-SV-79,0
PIM2-PM-30L-SV-80,0
PIM2-PM-30L-SV-78,0
PIM2-PM-30L-SV-27,0
PIM2-PM-30L-SV-68,0
PIM2-PM-30L-SV-39,0
PIM2-PM-30L-SV-23,0
PIM2-PM-30L-SV-96,0
PIM2-PM-30L-SV-101,0
PIM2-PM-30L-SV-111,0
PIM2-PM-30L-SV-135,0
PIM2-PM-30L-SV-57,0
PIM2-PM-30L-SV-58,0
PIM2-PM-30L-SV-41-53,0
PIM2-PM-30L-SV-7,0
PIM2-PM-30L-SV-144,0
PIM2-PM-30L-SV-141,0
PIM2-PM-20L-SV-22,0
PIM2-PM-20L-SV-28,0
PIM2-PM-20L-SV-35,0
PIM2-PM-20L-SV-44,0
PIM2-PM-20L-SV-43,0
PIM2-PM-20L-SV-45,0
PIM2-PM-20L-SV-40,0
PIM2-PM-20L-SV-34,0
PIM2-PM-20L-SV-58,0
PIM2-PM-20L-SV-42,0
PIM2-PM-20L-SV-41,0
PIM2-PM-20L-SV-74,0
PIM2-PM-20L-SV-65,0
PIM2-PM-20L-SV-75,0
PIM2-PM-20L-SV-79,0
PIM2-PM-20L-SV-100,0
PIM2-PM-20L-SV-96,0
PIM2-PM-20L-SV-81,0
PIM2-PM-20L-SV-11,0
PIM2-PM-20L-SV-16,0
PIM2-PM-20L-SV-17,0
PIM2-PM-20L-SV-38,0
PIM2-70100100355,0
PIM2-70100100473,0
PIM2-70100101691,0
PIM2-70100401673,0
PIM2-70100402300,0
PIM2-70100900164,0
PIM2-70101200119,0
PIM2-70200700591,0
PIM2-70200701055,0
PIM2-70201300673,0
PIM2-70202200582,0
PIM2-BSC3-3,0
PIM2-7020170028,0
PIM1-DFM12LY,0
PIM1-DFM10LY-D,0
PIM1-DFM6LY-D,0
PIM2-MINI-IB220-BL160E-12,0
PIM2-MINI-IB220-BL160E-13,0
PIM2-MINI-IB220-BL160E-24,0
PIM2-MINI-IB220-BL160E-15,0
PIM2-MINI-IB220-BL160E-16,0
PIM2-MINI-IB220-BL160E-17,0
PIM2-MINI-IB220-BL160E-19,0
PIM2-MINI-IB220-BL160E-21,0
PIM2-IMB850-650W-BL550-24,0
PIM2-IMB850-650W-BL550-22,0
PIM2-IMB850-650W-BL550-21,0
PIM2-IMB850-650W-BL550-20,0
PIM2-IMB850-650W-BL550-19,0
PIM2-IMB850-650W-BL550-18,0
PIM2-MINI-IB220-BL160E-14,0
PIM2-MINI-IB220-BL160E-02,0
PIM2-MINI-IB220-BL160E-10,0
PIM2-IMB220-270W-BL200-01,0
PIM2-IMB220-270W-BL200-04,0
PIM2-IMB220-270W-BL200-05,0
PIM2-IMB220-270W-BL200-06,0
PIM2-IMB220-270W-BL200-07,0
PIM2-IMB220-270W-BL200-08,0
PIM2-IMB220-270W-BL200-09,0
PIM2-IMB220-270W-BL200-10,0
PIM2-IMB220-270W-BL200-11,0
PIM2-IMB220-270W-BL200-12,0
PIM2-IMB220-270W-BL200-13,0
PIM2-IMB220-270W-BL200-14,0
PIM2-IMB220-270W-BL200-15,0
PIM2-IMB220-270W-BL200-16,0
PIM2-IMB220-270W-BL200-17,0
PIM2-IMB220-270W-BL200-19,0
PIM2-IMB220-270W-BL200-20,0
PIM2-IMB220-270W-BL200-21,0
PIM2-IMB220-270W-BL200-22,0
PIM2-IMB220-270W-BL200-23,0
PIM2-IMB220-270W-BL250-14,0
PIM2-IMB220-270W-BL250-15,0
PIM2-IMB220-270W-BL250-16,0
PIM2-IMB220-270W-BL250-17,0
PIM2-IMB220-270W-BL250-18,0
PIM2-IMB220-270W-BL250-19,0
PIM2-IMB220-270W-BL250-20,0
PIM2-IMB220-270W-BL250-21,0
PIM2-IMB220-270W-BL250-22,0
PIM2-IMB220-270W-BL250-23,0
PIM2-IMB450-450W-BL350-01,0
PIM2-IMB450-450W-BL350-02,0
PIM2-IMB450-450W-BL350-05,0
PIM2-IMB450-450W-BL350-07,0
PIM2-IMB450-450W-BL350-08,0
PIM2-IMB450-450W-BL350-09,0
PIM2-IMB450-450W-BL350-10,0
PIM2-IMB450-450W-BL350-11,0
PIM2-IMB450-450W-BL350-12,0
PIM2-IMB450-450W-BL350-13,0
PIM2-IMB450-450W-BL350-14,0
PIM2-IMB450-450W-BL350-15,0
PIM2-IMB450-450W-BL350-16,0
PIM2-IMB450-450W-BL350-17,0
PIM2-IMB450-450W-BL350-18,0
PIM2-IMB450-450W-BL350-19,0
PIM2-IMB450-450W-BL350-20,0
PIM2-IMB450-450W-BL350-21,0
PIM2-IMB450-450W-BL350-22,0
PIM2-IMB450-450W-BL350-23,0
PIM2-IMB450-450W-BL350-24,0
PIM2-IMB650-650W-BL450-01,0
PIM2-IMB650-650W-BL450-03,0
PIM2-IMB650-650W-BL450-04,0
PIM2-IMB650-650W-BL450-06,0
PIM2-IMB650-650W-BL450-07,0
PIM2-IMB650-650W-BL450-08,0
PIM2-IMB650-650W-BL450-09,0
PIM2-IMB650-650W-BL450-10,0
PIM2-IMB650-650W-BL450-11,0
PIM2-IMB650-650W-BL450-12,0
PIM2-IMB650-650W-BL450-13,0
PIM2-IMB650-650W-BL450-14,0
PIM2-IMB650-650W-BL450-15,0
PIM2-IMB650-650W-BL450-16,0
PIM2-IMB650-650W-BL450-17,0
PIM2-IMB650-650W-BL450-18,0
PIM2-IMB650-650W-BL450-19,0
PIM2-IMB650-650W-BL450-20,0
PIM2-IMB650-650W-BL450-21,0
PIM2-IMB650-650W-BL450-22,0
PIM2-IMB650-650W-BL450-24,0
PIM2-IMB650-650W-BL450-25,0
PIM2-IMB850-650W-BL550-01,0
PIM2-IMB850-650W-BL550-04,0
PIM2-IMB850-650W-BL550-06,0
PIM2-IMB850-650W-BL550-07,0
PIM2-IMB850-650W-BL550-08,0
PIM2-IMB850-650W-BL550-09,0
PIM2-IMB850-650W-BL550-10,0
PIM2-IMB850-650W-BL550-11,0
PIM2-IMB850-650W-BL550-12,0
PIM2-IMB850-650W-BL550-13,0
PIM2-IMB850-650W-BL550-14,0
PIM2-IMB850-650W-BL550-15,0
PIM2-IMB850-650W-BL550-16,0
LIN2-SW66,0
PIM1-NYGF300-RFT,9
ROE2-39977,2
ROE2-507341S,1
SIR2-LF029916,0
HAT1-RHW2-1,10
PIM1-CHL15-2D-L-750MM,0
PIM1-CHL43-4D-L,0
TBA2-KF6CD00106,1
ROE2-49468,2
ROE2-117073S,0
NTS1-DB-CW76-DRG,99
CHG1-CN60010750,0
CHG2-30110150,0
CHG1-50030305,0
CHG2-CN60040205,0
CHG2-CN60040207,0
CHG2-CN60040216,0
CHG2-CN60040215,0
CHG2-CN60040213,0
CHG2-CN60040214,0
CHG2-CN60040211,0
NTS2-HL-103,0
TOP2-MS-98SW-009,1
CAM1-UPCH16002-110,0
SIR2-19540703,0
SIR2-19540704,1
SIR2-GM5826125,1
SIR2-MF2215PS,0
KIT2-9704329,6
SAN2-38411,0
SIR1-28180220,0
SIR2-66204500,2
ROE2-89235,0
ROE2-27287,0
PIM1-PFB-32SC,0
PIM2-BSC31-0003,0
PIM2-PILOT-IGNITOR,0
ROE2-89065,0
SIR2-IX2913008035,0
BER2-IC-WPU-FAUCET-R,1
ROE2-39689,0
PIM2-70100400082,0
PIM2-IMB220-270W-BL200-02,0
SIR2-IGS112103,1
PIM2-DR520-005,0
PIM2-DR520-006,0
PIM2-DR520-007,0
PIM2-DR520-008,0
PIM2-DR520-009,0
PIM2-DR520-010,0
PIM2-DR520-011,0
PIM2-DR520-012,0
PIM2-DR520-013,0
PIM2-DR520-014,0
PIM2-DR520-015,0
LAC2-1252010,0
PIM2-MINI-IB220-BL160E-04,0
PIM2-MINI-IB220-BL160E-08,0
CHG2-50030212,0
CHG2-50030209,0
NTS2-CD-5.5L-02-001,0
PIM2-BSC31-0021,0
PIM2-BSC31-0130,0
SIR2-LF152500010,0
TBA2-K2F1107401,0
TBA2-K3F2901507,0
TBA2-K2F1107200,0
TBA2-B1R0501105,0
PIM2-CF-TC-10,1
LKK2-PROBE-NUT,2
ROB1-MP18,1
JTA1-JZH-RA-4,1
NTS1-KT1200-D,14
NTS1-HLH1C-SB,0
SEV4-TPT1500,0
SEV4-TPT6000,0
LIN1-CIBO-CP,0
BER1-WU-CH-40L,2
LIN1-HB4,1
SEV4-DC30000,0
SEV4-DC6000,0
SEV4-TPT600,0
ARC1-77339C,4
ARC1-15114C,4
ARC1-22506,17
ARC1-57974,0
CAM1-900P-152,54
CAM1-20CFC-135,18
WNK1-WIN1-13,599
HUA1-P-02,270
PUJ1-239.136,2
PUJ1-710.022,2
PUJ1-787.014,6
PUJ1-813.020,38
TRA1-1038-13,0
TRA1-SN2420-13,9
TRA1-2512,25
VOL1-40047,1
BER2-PL-M10,10
ROE2-39173,6
LKK2-RG12-5-18,85
NTS1-SN6805,0
TRA1-1687-22,1
HAT2-RHW-11QT-POT,0
PIM2-DR520-BR001,0
TRA1-SG12,0
TRA1-SG22,5
PIM2-302220038,0
LCR1-1LS03CD14E,442
SEV2-00288,0
SEV3-MA020-1,0
CAM1-4SFSPP-190,0
OCG1-1B24516,1
OCG1-1501S07,1
OCG1-1015W12,97
OCG1-1V13633,1
OCG1-1P01961,2
OCG1-1529B14,1
OCG1-1B22711,0
OCG1-1C18512,1
OCG1-1P00840,116
OCG1-1B06515,1
OCG1-1B00406,1
OCG1-1B00411,97
OCG1-1B13610,30
OCG1-1P03662,2
OCG1-1C24012,1
OCG1-1B24610,1
OCG1-4GB002C014,19
JTA2-302050002,2
HAM1-BT650,0
CAM1-EXU214864V4-480,7
CAM1-EXU216072V4-480,14
NTS1-CSSA-D120H50,6
PRC1-BSK-OPN21,182
SIR2-19410142,5
SIR2-19410140,5
NTS1-PMN300450-1,0
CTP1-FDMS-FL-09-301,0
CAM1-UPR6040CVR-CLR,0
LKK2-IND350BK-1,0
SEV2-00494,0
SIR2-IW1471230003,2
TOP1-9800-12,6
PUJ1-125.000,2
HAT2-R02.08.041E.00,0
TOP1-9800-10,6
CTP1-SG-FT-230-YL,0
NTS1-NOV1-5,366
NTS1-NOV1-29-10P,23
BES2-31856200,1
NTS1-SN4779,2
NTS1-SN5231,1
NTS1-SBM-134,0
NTS1-NAJ1-15,111
NTS1-NAJ1-16,10
ZNS2-002544,3
ROL2-H04082G,0
NTS1-NAI1-2,167
NTS1-NAI1-3,746
NTS1-NOA1-14,30
NTS1-NOA1-4,135
NTS1-KAN1-17,211
NTS1-KB-PLBL120,11
NTS1-PBD2,6
JTA2-302150070,67
NTS1-CD-11L-03,0
SIR2-IW2071250060,2
NTS1-CD-B9L-WP,7
SEV2-00335,1
CTP1-GS-10942-27HS-BK,91
NTS1-GN16150-Y,19
CAM1-1418-428,0
RTN2-20.00.398P,2
LIN2-SW64,0
WNK1-OB3728HF,2
COG2-143194,0
JTA2-302150119,1
HAM2-990277700,0
JTA2-301110173,2
CTP1-POUCH-14-001-CP-CP,0
SEV2-00385,22
SEV2-00387,16
SEV2-00403,14
SEV2-00406,2
SEV2-00407,2
SEV2-00412,0
PUJ1-145.328,0
SEV2-00512,4
KTC1-174-010,0
PRC1-KB-KW-II-D-8,0
SEV3-MTC100,0
SEV2-00629,2
SEV2-00630,3
LAC2-2221091877,0
LAC2-485061010,26
CAM1-NT10-152,6
TOP1-M98E-507SN12,5
SEV2-00513,2
SEV2-00514,2
SEV2-00515,0
SEV2-00516,0
SEV2-00524,0
SEV2-00525,0
SEV2-00526,2
SEV3-MTC2000,0
SEV3-MTC2500,0
SEV2-00528,6
SEV2-00534,0
SEV2-00536,0
SEV2-00537,0
STS1-C0123,1
SEV3-KDS15000,0
STS1-C0147,0
STS1-C0154,0
PIM2-70100410846L,10
PMF2-5T010010,0
PRC1-BK-PZ-DRPE800+DPC8,298
NTS2-CED-YJ-KNOB,2
PIM2-DR520-PH-SCREW,2
SEV2-00600,5
SEV3-MTC3500,0
SEV2-00673,0
SEV2-00674,0
SEV2-00675,0
SEV2-00677,0
SEV2-00678,0
SEV2-00680,0
SEV2-00681,0
SEV2-00687,4
SEV2-00688,7
SEV2-00691,4
SEV2-00692,2
SEV2-00693,4
SEV2-00695,2
SEV2-00698,1
STS1-C0413,0
SEV2-00700,0
NTS1-SOF1-3,1
STS1-C0434,0
SIR2-19564021,0
LKK2-TIMER-WIRE,6
LKK2-TOP-PLATE(NEW),4
TBA2-KR83300100,1
CAS2-903997000,1
CAM1-13CLRCW-135,0
PIM2-905990038,1
PIM2-905070007,2
PIM2-20110003102,2
NTS1-POT-S,60
NTS1-LAD-10P,4
STS1-2WS1100,1
NTS1-MLKS-350,7
NTS1-SPB4,3
NTS1-PCCM-112,4
NTS1-NCT-11,10
KLT1-SILVER-DOVE-6085,18
NTS1-SBM-048,6
NTS1-SBM-083,3
NTS1-SN79666,12
NTS1-SN6823,6
NTS1-BOT-B4,3
NTS1-FEBS3,35
NTS1-PCCM-030,11
NTS1-PCCM-035,6
NTS1-PCCM-037,6
NTS1-SCM-21,40
NTS1-BOT-B3,4
NTS1-CSPO-28,11
PIM2-PFB14-DR,1
NTS1-SKIM-S12,4
PIM2-30403021,4
PIM2-CF-PC,3
NTS1-PH09-1300-CL,22
PRC1-KK-FPS4,44
NTS1-WCS,2
PIM2-30408039,1
KTC1-174-007,6
PIM1-EWB-D10L,1
PIM1-EWB-D30L,1
SEV2-00547,4
SEV2-00689,1
NTS1-SNP330-RD,7
SEV2-00697,7
PRC1-TK-OP55,8
PRC1-TK-OP65,22
PRC1-BSK-PPMG,3739
PRC1-TK-ST76,125
NTS1-HL1BK-HSB,0
PIM1-JD218MIX,0
SEV3-MA015-2,0
SEV3-MA051-1,0
PIM2-70101500037-05946L,0
NTS1-10-0457-43,0
NTS1-10-0457-46,0
SEV2-00418,0
SEV2-00479,0
SEV1-KL46251,0
SEV4-DC3500,0
SEV4-WDC500,0
SEV4-WDC1000,0
SEV4-WDC5000,0
SEV4-TPT10000,0
STS1-EXW1500A,0
STS1-4SL1800,0
SEV2-KNB-688-6-2Z,0
STS1-TB800A,0
STS1-EXW2500C,0
STS1-STF900A,0
STS1-PTR1000,0
STS1-WS3000H,0
STS1-TBDS900A,0
STS1-TBDS1300A,0
STS1-TBDS1800A,0
STS1-2WS600,0
STS1-2WS700,0
STS1-2WS1000,0
STS1-WS700,0
STS1-CBM1500B,0
STS1-SODSTBSGHB1800A,0
NTS1-STA1-18,0
NTS1-SN4511,0
PIM1-CALC-SS-KT171,0
PIM1-BLD-1G,0
RIN2-0004,0
REF1-SNG-0105,0
KTC1-174-008,0
NTS1-MAX1-18,0
STS1-TBSB-W75D75H87,0
SEV4-DC15000,0
SEV4-TVE1500,0
SEV4-TVE13000,0
STS1-C0033,0
STS1-C0034,0
STS1-C0035,0
STS1-C0109,0
STS1-C0113,0
STS1-C0148,0
STS1-C0150,0
SEV4-IC12500,0
SEV2-00545,0
PIM1-MG-12MD,0
NTS1-LCB-SH,0
SEV3-MTC5000,0
SEV4-DC100,0
RTN2-40.06.811P,0
SEV2-00676,0
SEV2-00679,0
STS1-C0197,0
STS1-C0198,0
STS1-C0216,0
RTN2-24.05.615P,0
STS1-C0267,0
RIN2-0006,0
REF1-SCF-0265,0
SEV3-KDS50000,0
SEV4-DC6500,0
SEV4-DC37000,0
SEV2-00708,0
SEV3-KDS35000,0
SEV3-DC10000,0
PIM2-DR520TT-5-9,0
PIM2-DR520TT-10-28,0
SEV1-00596,0
PRC1-KK-CHM34,0
PRC1-KK-CHM24,0
ARC1-57971,0
ARC1-07058,1
ARC1-53061,2
CAM1-P64CW-135,32
CAM1-PPB18-176,0
CAM1-9011CW-152,9
EDL1-270,2
WNK1-CP-025,79
LKK1-RG-11X,1
HAM1-1G915,18
PUJ1-116.040,0
PUJ1-135.024,0
PUJ1-617.014,11
PUJ1-769.010,20
PUJ1-811.002,33
PUJ1-811.010,26
PUJ1-816.011,16
PUJ1-817.005,26
ROL1-WD200,0
ROL1-GR60G,1
SIR1-DF14,2
TRA1-2800-31,6
VOL1-67614,4
VOL1-90042,0
PRC1-TK-SC10,206
ROE1-28062W,4
ROE1-28101W,3
ROL1-GES80,0
JTA1-EP-2-1,0
JTA1-TBM-2,2
JTA1-QR-36,2
SAN1-37-4P,2
CTP1-SG-FT-300-YL,24
MBM1-MFTG77TL,1
CAM1-ADCRC-110,12
LKK1-BF35D,0
HAT1-RCTHW-SP,0
BER1-BS6DU-CF-L,0
PUJ1-981.500,0
SIR1-28180032,0
ROL1-CW12,2
SIR1-SOFTCOOKER-WI-FOOD,1
SIR1-28180025,0
ZNS1-372016,0
WNK1-FB-006-PM,5
WNK1-DEM-CP150,11
WNK1-EM-CP60,24
PUJ1-851.065,2
PUJ1-882.015,0
ROE1-C200,0
TOP1-M98E-501SN06,3
HAT1-TQ3-900-BLACK,0
JTA1-RGT-48,2
IMP1-700,0
TBA1-KHR12-2-LW(700MM),1
ROB1-PGS605,7
SIR1-40115112,1
CAM1-UGNPRPSF-480,2
CAM1-1418DSLM-825,0
CAM1-ADCRC-401,14
CAM1-CD4060EPP-158,0
CAS1-THEO-64-AUT,3
CAM1-IBSF27-148,1
TAC1-RB1313,3
DEX1-01543T,0
HAM2-39909900020,2
LKK2-B20B-28,5
LKK2-B20B-27,6
LKK2-B20B-30,5
LKK2-B20B-31,6
LIN2-FE37,0
LIN2-EL207,1
BER2-HT-CG1.1KW,6
SIR2-19411000,3
LTE2-O2820,14
LIN2-SW32,2
ROB2-EC0051,10
LKK2-L.B10,3
SIR2-MF0136,0
SIR2-MF0113,0
SIR2-28103208X,5
HAM2-990341300,2
ZNS2-072393,1
JTA2-301030020,2
BER2-IC-VCM-P-SW,1
LKK2-IND350BK-20,6
BER2-TM-EW70-TTL,6
KIT2-240775-1,0
BER2-KN-KM,6
SIR2-IW1071240230,0
LAC2-457362000,2
TBA2-K2F9700100,2
HAT2-R02.08.042E.00,2
HAT2-R02.08.045E.00,2
SIR2-IGS104013,2
LKK2-011-300L-NEW,14
JTA2-301080009,6
ROL2-A18003,0
HAT2-X021818800,0
RTN2-16.02.062,0
JTA2-301090039,4
HAM2-990314701,1
JTA2-301080015,6
KIT2-3400026,24
MBM2-180558,2
MBM2-RTCU900018,2
MBM2-RTCU900019,2
LAC2-485923050F,1
CAS2-958577080F,1
CAS2-958578080F,1
LKK2-PCP016,5
HAT2-021916800,1
SAN2-2LP,0
HAM2-990263100,1
COG2-75864,2
JTA2-301130130,3
ROE2-27278,1
ROE2-89082,1
KIT2-9704324,1
COG2-75871,2
HAM2-990154810,1
SIR2-IW1471250011,1
ROL2-A06035,1
ROE2-303075,2
JTA2-302220115,0
VRM2-AR005-325-TZ001,2
SIR2-MF2107,2
ROE2-39062,2
ROE2-39452,1
SIR2-LF1537002,14
SIR2-LF1033302,4
COG2-80275,2
PIT2-60067401,2
VRM2-56CR20-280,0
JTA2-302080030+301050136,0
HAM2-990338600,3
SIR2-LF1010080,1
HAM2-990075400,2
LAC2-533798310,1
ZAN2-TERM0020,6
SIR2-MF2223,2
CAS2-958811000,6
CAS2-401250010,6
CAS2-401214000,10
MID2-38811,6
LKK2-10ED-12-20,0
ROE2-39907,2
CAS2-400274020,0
CAS2-532390600,1
COG2-227083,2
COG2-75956,3
HAT2-R02.16.117.00,1
ROL2-E02032,2
TBA2-G8F5000100,0
LIN2-EL197,2
CAS2-533899000,0
LIN2-SE76,1
ROB2-PC0060,1
CAS2-402210000,18
LKK2-TAP-(WGF-181),4
SIR2-19800031,1
TBA2-30211A0202,4
CAS2-532022808,2
CAS2-4881133584,4
LKK2-IND300-10,16
BES2-22189200,0
COG2-H.228047,0
NTS1-CD-E9L-1,2
PIM1-EWB-25,21
PIM1-ECM-13,15
PIM1-SM-40L,1
PIM1-EDO1-20CS-BK,1
PNS1-NE-1753,2
PIM1-BLD-2200W-TP,29
SEV3-04-0106,167
NTS1-CS-110-BK,1
NTS1-SN1085,53
NTS2-HL-400A1-GY-BASE,3
NTS1-FB1165,1
PIM2-301040230,2
PIM2-301120011,2
NTS1-LSP-320,34
PIM2-301110027,2
PRC1-B6S-EA4050,7
OCG1-1015R15,58
OCG1-1B01913,212
OCG1-1P03161,1
OCG1-1P01963,1
OCG1-1R00216,1
OCG1-1P01643,1
OCG1-1B00416,1
OCG1-1B13621,15
OCG1-1P03710,1
OCG1-1P03664,1
OCG1-1530W12,116
NTS1-HTT-15BE,16
NTS1-GSTR400300-SLDO,1
NTS1-PVL-SS-650,18
NTS1-FPA-SSNS-D200,5
NTS1-BSP-H150,17
NTS1-LSP-200,30
NTS1-FCYL-P1-5,13
NTS1-KNC-12RD,4
NTS1-FEBS10,8
NTS1-KNC-6BR,1
NTS1-KNC-8BL,5
NTS1-KB-SR140,10
NTS1-MLKH3,9
PIM2-302130067,1
SEV2-00340,2
SEV2-00341,2
SEV2-00347,1
SEV2-00350,7
SEV2-00357,18
SEV2-00358,3
SEV2-00360,6
SEV2-00389,16
SEV2-00495,5
SEV3-08-0001,50
SEV3-08-0011,74
SEV3-08-0014,34
NTS1-FEBS4,81
NTS1-SALB-17,6
NTS1-SN5057,8
NTS1-ISC1-12,483
NTS1-SN79656,69
NTS1-SN5725,2
NTS1-SN6182,2
NTS1-SN6812,7
NTS1-SN79526,16
NTS1-SKIM-10,6
NTS1-TUL1-8,68
NTS1-NAJ1-1,192
NTS1-NAJ1-17,124
NTS1-CAD1-30,352
NTS1-TUL1-4-1,183
NTS1-CSE-16,2
NTS1-KNBU-3WH,3
PIM2-CF-BR,2
NTS1-SKIMM-18,4
NTS1-PH09-1700-CL,18
NTS1-GN12150-Y,19
NTS1-GN-16SL,50
NTS1-SPN-25L,9
NTS1-CUP-FL,5
PRC1-TK-BSK116,2
PRC1-BK-PM37,136
PRC1-KK-MBP09,90
PRC1-KK-FPP4,95
NTS1-PM300450-58,159
SEV2-00204,2
SEV2-00408,10
SEV2-00402,1
NTS1-190-003,458
NTS1-DB-CW120-DRG,26
PRC1-KB-WP-I-B-18,82
NTS1-SN4705,10
SEV2-00521,2
SEV3-02-0695,34
NTS1-SN20522,21
PIM2-301110046,1
PRC1-BK-PZ-DRPE878+DPC9,386
PRC1-TK-SRWB5,1
PRC1-TK-DIS02,18
PRC1-TK-DIS03,24
NTS1-SN62925,16
PIM2-301110028+30111004,3
PRC1-TK-OP60,12
PRC1-BK-PTWP08,127
PRC1-BSK-WP1,138
PRC1-KK-FC5,14
PRC1-TK-CKST4,26
PIM2-301010169,0
PIM1-IMB850-650W-BL550N,0
SEV3-MA005-1,0
SEV3-MA007-1,0
SEV3-MA008-1,0
SEV3-MA017-2,0
SEV3-MA018-2,0
SEV3-MA022-1,0
SEV3-MA024-1,0
SEV3-MA026-2,0
SEV3-MA027-2,0
SEV3-MA028-2,0
SEV3-MA029-2,0
SEV3-MA030-2,0
SEV3-MA031-2,0
SEV3-MA033-2,0
SEV3-MA034-2,0
SEV3-MA035-2,0
SEV3-MA036-2,0
SEV3-MA039-2,0
SEV3-MA047-2,0
SEV3-MA050-1,0
PIM1-COMBIPRO611-ST,0
SEV3-MA070-1,0
SEV3-MA058-2,0
NTS1-KNC-7BR,0
NTS1-SKIMM-28,0
NTS1-LAD-10,0
NTS1-CAD1-18,0
PIM1-ESK-10L-AL,0
SEV1-ET-POP6A-R,0
NTS1-10-0457-41,0
NTS1-10-0457-44,0
NTS1-10-0457-45,0
SEV4-DC500,0
SEV4-DC1000,0
SEV4-DC2000,0
SEV4-DC3000,0
SEV4-WDC2000,0
SEV4-TPT50,0
SEV4-TPT100,0
SEV4-TPT150,0
SEV4-TPT200,0
SEV4-TPT300,0
SEV4-TPT400,0
SEV4-TPT500,0
SEV4-TPT1000,0
SEV4-TPT2000,0
SEV4-TPT2500,0
SEV4-TPT3000,0
SEV4-TPT3500,0
SEV4-TPT4000,0
SEV4-TPT5000,0
SEV4-TPT15000,0
STS1-TBB1500A,0
STS1-4SL1000,0
STS1-4PL1200,0
STS1-4PL1400,0
STS1-WS1100,0
STS1-IBC500A,0
NTS1-SN3523,0
NTS1-HOW-S24,0
NTS1-190-002,0
NTS1-190-005,0
NTS1-190-008,0
NTS1-190-009,0
NTS1-190-011,0
NTS1-190-012,0
NTS1-190-013,0
PRC1-BSB-BS-III-D,0
PRC1-BSB-DS-I-J,0
SEV3-MTC400,0
PIM1-S24-2,0
SEV4-DC2500,0
SEV4-TVE3500,0
SEV4-TVE4500,0
SEV4-DC25000,0
SEV3-RFWC-R134A,0
SEV3-RFWC-R404A,0
SEV3-MTC200,0
SEV3-MTC300,0
SEV3-MTC500,0
SEV3-MTC800,0
SEV3-MTC1000,0
SEV3-MTC1500,0
SEV4-TVE1000,0
SEV4-WDC2500,0
SIR1-PI2.5,10
LAC1-M27-RE-C2-RED,19
HAM1-HBH550R-CE,23
HAM1-HMI009-CE,3
SIR1-PPJ20-3PH,1
BER1-SP2-HP,2
BER1-BMC4WC,0
ROE1-R2-A-D,9
HAT1-DL-750RL-GLOSSY-GRAY,1
HAT1-RHW2-1B,0
TBA1-KGR15-2-LW(750-MM),0
TBA1-KUR12-3D-6-LW(750MM),1
VRM1-M020K-T-230N1C-01,5
SIR1-GALILEO-385-EVO,2
CAM1-PCU1000HC4-615,0
HAM1-HSV1000-CE,0
LKK2-FB(B10),2
LKK2-B30-03,2
LIN2-NE37,8
LIN2-NE14,2
ROE2-104312,2
HAT2-R04.05.625.00,1
ZNS2-0L4797,0
LKK2-THERMOSTAT(EF-101),7
PIT2-60203002-CL,34
COG2-143252,1
JTA2-301030024,9
JTA2-301030044,2
JTA2-301030018,2
HAM2-990167340,5
CAS2-534393100,3
LKK2-MICRO-(OLD),1
LKK2-IND350BK-15,2
LKK2-IND350W-4,0
KIT2-4162546,0
LKK2-HEATER(WF-101),2
TOP2-M98E-CC04,2
HAT2-02.05.674.00,1
VRM2-56CR20P-22Z,2
EDL2-KT1415,24
JTA2-301040250,7
SIR2-LF1010034,2
JTA2-302130096,1
BER2-HG-SDH-U-L,7
SIR2-IV7300505,1
JTA2-301130014,6
JTA2-302220005,2
HAT2-021619900,5
TBC2-102012,0
LAC2-800021902,1
LKK2-PCP018-3,2
COG2-226095,1
SIR2-IGS114023N,9
JTA2-301130041,0
ROL2-B07030,1
HAM2-990035600,2
ROL2-D02139,1
BER2-IC-IK-TRANS,1
COG2-229037,1
SIR2-GM5846400,2
HOU2-20700059,0
LKK2-PCP019D,8
ROB2-EC0377,0
CAS2-958739020,0
PUJ1-118.027,0
TRA1-530-01,0
TRA1-2710-08,0
ROE1-28111W,0
CTP1-KB-2258-150-BL,2
CTP1-KB-2258-150-YL,6
CTP1-SCP-NS-250-BR,13
CAM1-EPP180E-110,6
HAM1-110E,1
CAM1-CP3253-159,1
TOP1-9840-S,0
CAM1-20S800-151,0
CAM1-36S738-151,0
PUJ1-909.559,0
CAM1-VTC3753T-F91,0
ARC1-46981,9
ARC1-51253,5
ARC1-43352,24
ARC1-57912,8
CAM1-6TGS-404,39
CAM1-LD105-416,89
CAM1-SPO13CW-404,54
CAM1-HT16CW-196,102
CAM1-SFT1212-110,35
CAM1-RSB12CW-110,26
WNK1-WIN1-23,310
WNK1-SH30740,10
WNK1-SH30736,13
HUA1-28-701,367
PUJ1-207.045,3
PUJ1-362.000,27
PUJ1-365.000,16
PUJ1-249.045,3
PUJ1-106.020,2
PUJ1-114.040,3
PUJ1-779.060,3
PUJ1-815.015,12
ROB1-Z13000C,0
ROB1-Z12000C,0
ROB1-Z23000C,0
VOL1-40012,87
PRC1-TK-FH2,36
PRC1-BSK-IS23,26
ROE1-28065W,1
CTP1-KB-06-90SYD-GR,168
TRA1-TW1014,19
TRA1-TJ14,35
CAM1-21157CBP-110,7
CAM1-60HPL-150,14
CAM1-1120CBR-131,25
TAC1-GW4,9
CTP1-KB-07-65YD-RD,189
CTP1-KB-07-65YD-GR,180
CTP1-KB-07-80NYD-BK,154
CTP1-KB-06-90YD-RD,153
CTP1-KB-2278-150-WH,24
CTP1-KB-2278-150-BK,15
CTP1-GS-30502-13-5H-BK,20
CTP1-FDMS-RD-09-301,4
CTP1-FDMS-HS-09-301,0
CTP1-FDMS-SQ-09-301,0
CTP1-ADD-7W-P-TG,12
CTP1-SCP-NS-400-BR,54
CTP1-SCP-NF-360-BR,26
CTP1-SCB-SW-200,2
CTP1-SCB-SW-285,50
CTP1-KB-2201-250-PL,125
CAM1-1216TL-138,18
CAM1-90CWL-135,0
CTP1-KB-07-65YD-BL,193
CTP1-KB-06-90YD-BL,154
CTP1-GS-10929S-BK,40
CTP1-KB-2208-200-BL,86
HAM1-6126-755R,6
PUJ1-108.140,2
CAM1-800P-152,29
CAM1-RSB10CW-110,38
CAM1-ESU214272V4-580,7
PUJ1-836.200,4
CAM1-NT14-152,52
SIR1-DISC-PS20,1
SIR1-28180034,0
CTP1-SG-FT-230-BK,9
CTP1-SG-FT-230-GR,20
CAM1-TGG9MD-781,85
CTP1-GS-10921-100-BK,54
CTP1-GS-10922-60-BK,0
CTP1-GS-10923-100-BK,80
CTP1-GS-10930-HD-BK,72
CTP1-GS-10930-SO-BK,149
CTP1-GS-10935-ME-BK,2
CTP1-GS-10941-110-BK,82
CTP1-GS-10941-110V-BK,42
CTP1-GS-10951-90-BK,70
CTP1-GS-10963-130-BK,138
TOP1-010S,2
ZNS1-865270,6
PUJ1-846.100,2
PUJ1-780.022,1
PUJ1-717.012,14
SIR1-28180116,0
CAM1-LD85-110,65
TRA1-813-0605,0
CAM1-1418FF-416,0
CAM1-1520TL-138,28
NTS1-SPWP1-2L,0
NTS1-SPWP2-2L,0
PIM2-905050029,1
LKK1-IND500W,10
LKK1-IND2000,5
SIR2-19410136CU.12,2
SIR2-IB9866006,0
PIM2-301030035,0
PIM2-DR520-SL,0
PIM1-BM200-3GN,0
HAM1-HBH755R-CE,2
PIM1-SPOV-17L,6
NTS1-HLCR4SS-W-OHD,1
CTP1-KB-2255-300-BK,0
CTP1-KB-2258-150-RD,0
CTP1-SS-FC71-160PT,9
CAM1-60CWL-135,0
PIM2-70100300200,0
NTS1-HLCR2C-W-OH,5
SIR1-28180077,0
SIR1-28180191,0
HAT2-05.03.039.00,0
NTS2-E400900155,0
TBA2-K3F5400800,0
SIR2-GM5826100,1
COG2-780133,0
ROE2-112204S,0
ROE2-49180,0
PIM2-DR520-250,2
PIM2-DR520-260,1
PIM1-CALC-SS-KT323,2
NTS1-CUP4-SL,2
PUJ1-967.005,2
NTS1-CD-401-4L,0
SIR2-19363560,2
ROE2-49212,0
NTS1-190-004,0
NTS1-190-006,2
NTS1-190-007,0
NTS1-190-010,1
TOP1-M98E-500,2
SIR2-19342006,1
PIM1-R60-2,3
PIM1-YXD-1A-BQ,0
CHG2-50030003,0
TOP1-F-903A,0
PIM1-JZH-RA-6,0
TOP1-9810-14,0
CAM1-12PP-190,0
SIR2-FC1099E3006,2
ROB2-TS0020,0
NTS1-SN2055,21
PIM2-30312074,3
SIR2-GM5256850,3
SIR2-IW2071250004,0
HAM1-HCO500,69
PIM1-DAC1800W-36P,2
TBA1-CTST-1200G,2
PIM1-JD212MIX,1
CAM1-20HPCHU-150,12
NTS1-SN4778,10
NTS1-HLR1C-GRB,1
NTS1-PT24,4
PIM1-PM-10L-SV,0
PIM1-SM-20L,4
SIR2-FC99004030,4
MBM2-A800000780,9
MBM2-A800000790,8
PIM2-302040263,10
NTS1-SNP20023,62
NTS1-DS1610179,75
PIM1-COMBI1011B,3
PIM1-COMBI611B,2
BER2-HT-DF16,2
PIM1-BRIC807-1D,0
CAM1-UPR6040XF18-480,5
SIR2-IW1471250030,0
PIM1-PMG-30L-WH,0
PIM1-PMG-40L-WH,0
NTS1-SN79516,15
NTS1-KNPI-27WH,19
ROE2-102920S,4
SIR2-IW2071230033,1
NTS1-HOW1-13,325
PIM1-DFM8LY,7
COG2-230020C,0
TBA1-KUR9-1-LW(750-MM),1
CAM1-ICS125L-110,1
ROE2-89079,2
ROE2-89761,0
CHG1-CN60020134,0
CHG1-30040115,0
CHG1-50030186,0
CHG1-50020712,0
CHG1-30050512,0
CHG1-50040254,0
CHG1-50040757,0
CHG1-50030304,0
PIM1-CF4-58-10C,6
PIM1-CF5-68-10C,5
ROL2-A01006-1,5
CHG1-50030306,0
CHG1-CN60020152,0
SIR2-19563002,0
CHG1-50010204,0
CHG2-30110149,0
CHG2-50030210,0
SIR2-IGS116013C,2
ROB2-VS0344,5
PIM1-MME-450H-S,2
SIR2-29530200,1
TOP1-9810-P3,7
SIR2-IW1471240060,2
BER2-IC-VCM-HEATER,1
PIM1-PFB28-BK,2
PIM1-YXD-1AE-R,6
PIM2-ESK-10-TCS,6
NTS2-CD-1135-4L2-HFH,2
PIM1-JD318MIX,2
NTS1-TB1800A,14
PIM1-COMBIPRO1011-ST,3
NTS2-CD-6L-01-HINGE,5
NTS1-FPA-AL-20BH,10
NTS1-CSSP-20,5
NTS1-SBM-005,10
NTS1-TOR-1,86
PIM1-PM-40L-SV,0
PIM1-SM-30L,4
NTS1-SNP20017,77
NTS1-SNP20030,24
PIM2-ESK-10-BT,16
PIM2-20210002007,2
PIM2-301120004-NEW,1
PIM2-301040898,2
PIM2-301080040,6
PIM2-301130010,4
NTS1-SN42124,19
NTS1-SN2025,28
NTS1-SBM-082,10
NTS1-SBM-028,13
NTS1-SBM-041,10
NTS1-SBM-056,16
NTS1-SBM-066,14
NTS1-SBM-081,10
NTS1-SBM-123,29
NTS1-SN42134,10
NTS1-SN5280,26
NTS1-SBM-131,10
NTS1-NOA1-11,114
NTS1-CSE-18,5
PIM1-CT8-2,4
NTS1-SP-AL-14H,6
NTS1-SHK-1000ML,258
PIM1-FRZ43-4D-L,1
PIM1-FRZ15-2D-L-750MM,0
PIM2-ESK-10-CON,0
PIM1-EDO3-60C-BK,1
PIM2-301010061,4
PIM2-301030020,3
SIR2-IB4104000,2
TBA2-T10A360020,2
COG2-229042,2
SIR2-MF2364,1
ROE2-89289,2
SIR2-49530030.17,2
SIR2-LF21320FUP-7,1
HAM1-6126-855,2
MBM2-165900,1
PIT1-SSH75D-5-FD5,0
TOA1-TMHHC-14PB,1
SIR2-LF1533000S,0
MBM2-RTCU700646,2
ROL2-A06062,2
SIR2-29401800,2
SIR2-IW1471270011,2
BER2-OP-JD-H,0
LIN1-HT7,1
ROE2-29586,4
BER2-BK-GDF12,2
ROE2-29604,3
SIR2-19510372,2
SIR2-193350055,0
ROL1-CES600,4
ROE1-28054W,2
ROE1-29246,1
HAT2-04.05.616.00,2
TBA1-CTST-1500G,4
TBA2-K3F20247400,4
COG2-115149,1
SIR2-19562344.09,2
ROE2-39762,2
MBM1-MFTE77AL,2
CAM1-EPP280-110,9
LIN1-LD3,2
ROE2-89224,3
ROE2-27356,6
ROL2-H01075,2
BER2-LK-METAL,2
SIR2-MSC04N028,5
PIT2-MK2K-60119001,2
ROE2-510217S,1
ROE2-39868,3
PIT2-130-000003-001,1
SIR2-IW1471240425,2
HOU2-30520000,2
ROL2-90138G,2
ROL2-90138D,2
BER2-FE-CS-VDE45W,2
SIR2-LF142106020,2
ROL1-RBE120,1
ROE2-49057,2
ROL1-WD780DN,1
HAT2-R0405104500,2
ROL2-G16033,2
ROL2-F04046,5
ROL2-A03055,2
MBM2-168878,2
MBM2-177037,2
MBM2-RTBF800041,2
MBM2-184641,2
MBM2-RIC0003832,2
COG2-70600,6
TBA1-KR45-4G-LW,2
TBA1-KRF65-6-LW,1
LIN1-GS9,3
ROE2-89767,2
ROE2-89618,3
ROE2-89551,3
TOP2-98-SP,9
TOP2-M98E-H,3
TOP2-M98E-HD03,8
SIR2-19530440,2
ROE2-89043,3
CHG1-30030080,0
CHG1-50010324,0
LIN2-PI10,8
CHG1-50010325,0
MBM2-RTCU700212,2
MBM2-RTCU700085,2
MBM2-RTBF800192,2
ROE2-29883,4
ROL1-PSI600G,1
SIR2-IX26885A050520,2
ROE2-105529S,4
LIN1-HB3,3
LIN2-NE42,10
BER2-GE-LPG332-PB4,4
HAM2-990062800,3
COG2-999348,2
CAM1-CBU246064VS4-580,9
ROL2-E01021,7
TOP1-9811-10,10
COG2-215042-9,0
COG2-74905V,2
COG2-67806,2
BER2-IC-VCM-HT-RB,3
ROE2-49511,1
SIR2-29561200,1
HAM2-990042900,2
CAM1-1400TL-322,29
SIR2-IW1471230425,4
HOU2-30800053,2
SIR2-AMG058,2
SIR2-AME410,2
ROE2-59195,2
TBC1-I1-SOTA-TOUCH,0
ROE1-27286,7
ROL2-53164SE,4
ROL2-A14113,1
SIR2-18350574280TF,2
ROE2-29061,2
LIN2-LA211,9
HOU2-30520181,2
ROL2-A03061,2
LIN2-14395,4
CAM1-RFSCW2-135,0
CAM1-94HP-150,0
LKK1-RG-11,0
HAT1-TQ400H,0
SAN2-10107,1
SAN2-28516,0
LKK2-B20B-15-4-2,0
LKK2-GH4-692-67-28,2
LKK2-GH4-692-67-38,2
SIR2-MSC04N076,1
ZAN2-LAMP0007,0
ROB2-EC0031,2
LKK2-POWER,0
LKK2-BLOWER,1
ROB2-HC0133,3
SIR1-CREPES-1-MOLD-KOR.-CE,0
PMF1-TRAYS-4,0
ZAN2-LAMP0054,0
LKK1-IND350K,3
ROE2-89148,1
LKK2-FUSE-16A,0
SIR2-19410323,1
CTP1-PEEL-PP-55S-OR,50
CTP1-RD-PPP-120,4
CAM1-UPR6040F18-480,0
SIR1-SO2020-INOX-MN-BANCO,0
LKK2-ORANGE-NIC12,0
TOP1-M98E-501SG03,0
LAC2-402302000,1
LAC2-401216000,2
LAC2-402197000,2
LIN2-EL264,0
MID2-76979,6
SIR2-IW1571240010,0
LKK2-10ED-12-212223,0
SIR1-HERCULES-30-TA-2V-CE,0
SIR2-19561258,1
SIR1-STROMBOLI,1
TOP1-M98E-200,1
LAC2-537047400,1
TOP1-GR106,0
HAT2-041663800,2
HAT2-053004700,2
MBM2-RTCU700464,2
MBM2-RTBF800048,1
MBM2-180500,2
PMF1-TRAYS-44,0
CAM1-RFSCW8-135,30
PUJ1-132.365,0
PUJ1-846.050,0
PUJ1-355.007,5
PUJ1-968.130,1
PUJ1-853.014,0
SIR2-19530901.10,0
ROE2-39943,0
ROE2-39953,0
SIR2-IGS716033,1
SAN2-65272,0
HAM2-990241000,1
ROB2-HC0171,1
PUJ1-490.016G,1
PUJ1-144.420,0
PUJ1-144.424,3
TOP1-9804-P3,1
VRM2-AR005-023-TZ001,2
SIR2-LF1043140,1
HAM2-990054200,0
SAN2-52100,1
LAC2-4701116692,0
LKK2-B20F(K)-52,0
COG2-142060,1
SIR1-W8-TOP-50-BX-DB,0
HAT2-R02.16.039.00,1
SIR1-W8-TOP-40-BX,0
LKK2-HEATING-TUBE,2
ROB2-EC0239,2
SAN2-70723,0
CAM1-CP2632-443,0
COG2-142052,1
ROE2-39897,1
ROE2-39507,1
VRM2-AR005-327-TD001,1
HAM2-990305300,1
ROB2-HC0169,2
LKK2-18,0
LKK2-RHX-12-17,1
SAN2-70400,0
LKK2-BM-5-1500W,0
ROB2-HC0158,1
SAN2-02201DD,1
SAN2-02412,1
ROB2-PC0011,1
KIT2-3182857,26
SIR2-GM2492150,1
NTS1-HOOK-36,2
NTS1-HOOK-34,2
NTS1-HL1C-HSB,0
PIM2-DR520-360,1
PIM1-SM210L,0
PIM1-MS300T-200W,0
PIM1-IMB220-270W-BL200P,24
NTS1-HCA-S50,0
PIM1-YXD-PF-8A,0
PIM1-EDF1T-12L,1
NTS1-SN4105,0
NTS1-PM300450-23,119
PIM1-PM-30L-SV,0
PIM1-PM-60L-SV,0
PIM1-PM-7L-WH,0
PIM1-IM-50SC,1
PIM2-302110090+302110698,0
PIM2-302110091,1
LKK2-00012,0
PIM2-70100403873,1
PIM2-70101300046,0
PIM2-70101300055,0
PIM2-DR520-090,2
PIM2-302130018,1
PIM1-EPM-135W-9.3,0
NTS1-MJSW16,0
NTS1-PCCM-054,2
NTS1-PCCM-066,2
NTS1-PCCM-129,1
NTS1-MJSW20,0
PIM2-HANDLE&BAR,1
PIM2-TC12-22-41,0
NTS1-COL1-18-R,27
NTS1-WIN1-19,0
ZAN2-ELET0432,1
NTS1-SPN-12L,13
PIM2-PFB14-SLNV,0
NTS1-HL-500A1-270-SV,7
LKK2-35-MF,0
NTS1-CD-340-POR,0
PIM1-GH-818,1
PIM2-802007003013,0
PIM2-301070052,0
NTS1-CD-111-9L,2
SIR2-IW1071270050,0
PIM2-CF6-SSA-10,1
NTS1-CD-03,23
PIM1-EWB-16,22
PIM1-JD118MIX,2
PIM1-JD312MIX,1
PIM1-IMB450-450W-BL350N,4
PIM1-KT1500-D,4
PIM1-SM-10L,2
PIM1-SM-60L,2
PIM1-IM-320AC,2
PIM1-IM-450AC,2
PIM1-PFB-16SC,2
PIM1-JZH-RA-4,1
PIM1-JZH-RQ-6,1
PIM1-RB-6,1
STS1-2STFB1500A,1
LCR1-1LS01CP06E,1
LCR1-1LS02CB17E,1
LCR1-1LS10ER21E,1
LCR1-1LS16BG24E,1
LCR1-1LS16CD14E,1
LCR1-1LS16CP09E,1
LCR1-4LS13CU12E,1
LCR1-4LS13SC07E,1
PIM2-301030151,2
OCG1-44A0002,1
OCG1-1501G12,1
OCG1-1B11014,1
OCG1-1B00208,1
OCG1-1B17112,1
OCG1-1P02809,1
OCG1-1P02810,1
OCG1-1522H12,2
OCG1-1C13013,1
OCG1-1B13011,58
OCG1-1019R11,1
OCG1-1015N22,1
OCG1-1B07811,1
OCG1-1B05011,1
OCG1-1B00209,1
OCG1-1P00110,1
OCG1-1B13309,1
OCG1-1B19811,1
OCG1-4P02910,1
OCG1-1P03666,1
OCG1-4GB002H013,2
CAM2-S07012,3
SEV2-FH2588-SY,1
PIM2-301040167,1
HOS2-B1,1
PIM2-70301244582L,2
PIM2-DR520-690,2
PIM2-EWB20-30-32,1
PIM2-GDO-006,1
PIM2-DR520-680,2
DAN2-GLY12RAA,2
PIM2-CF-PS,2
STS1-EXWFRA-C,1
PIM2-301110041,2
ASL2-HN-DPS-5000,4
PIM2-301040146,2
CHE1-PROCLEAN11-10L,1
PIM2-CF-MOS-10,3
SEV3-10-0433,3
PIM2-905060046,2
SEV3-05630925,5
SEV3-05160224,4
PIM2-70202021828L,3
SEV3-02-0415,283
SEV1-GG,1
STS1-SODSTB-C,1
SEV3-10-0457,1
PIM1-HPMP100-500PC,1
PIM1-HPMP130-500PC,1
OCG1-1B17115,154
OCG1-1P03421,1
OCG1-1P03422,1
OCG1-5P03421G0001,1
OCG1-1B00710,202
OCG1-1B00410,231
OCG1-1P00625,1
OCG1-1P03663,87
LCR1-4PZ004H00001G0001,1
PRC1-BST-TF-001-C,204
PIM2-302100023,2
PIM2-302040266,2
SEV2-RPS-BR-10,7
SEV2-00320,2
PIM2-ECM13-14.1,7
PRC1-TK-SC25,1987
STS1-GNTL620-1500,1
STS1-CSSWB700A,1
STS1-HGTL-C,2
PIM2-PFB14-ST,4
PIM2-REPLACE-HEATING,8
PRC1-KK-FF85H,28
PIM2-30402059,3
PIM2-CF-HB,2
PIM2-CF-SSC,2
PIM2-TC12-3,2
PRC1-BSK-DS50,261
ASL2-HN-MB35-16,2
PRC1-TK-KDS14,37
PRC1-TK-KDS18,37
PRC1-TK-BSK114,21
PRC1-KK-LHD65P,74
PRC1-BK-PM34,97
PRC1-BK-PM35F,125
PRC1-TK-TB770,6
PRC1-BSK-WB42,15
PRC1-KK-COLE45,22
PRC1-KK-FPS2,34
PRC1-KK-FPP5,95
PRC1-KK-FPS5,36
ASL2-HN-DPS-2000,23
PIM2-CF4-SSA-NEW,4
PIM2-CF7-SSA-NEW,2
PIM2-CF-KNOB,10
SEV2-00404,12
SEV2-00405,2
PRC1-BSB-BS-IV-B-E,286
PRC1-BSB-BS-III-P,6
PRC1-BSB-BS-II-O,142
PRC1-KB-KW-II-D-30,15
PIM2-30312016,2
PIM2-301130128,6
PIM2-70100801728L,8
PIM2-TC22-DP3.5,3
SEV3-10-0356,2890
PRC1-TK-CAN13-14,25
PRC1-KK-SCR4PHDL,50
PRC1-KK-SCR6PHDL,27
PRC1-TK-KTPM2,22
PRC1-TK-MCHH2,43
PRC1-TK-MCHH4,41
PRC1-TK-MCHP03,388
PRC1-KK-HEXP10,90
PRC1-KK-KTCU1PVDGT,365
PIM2-302220073,2
PIM2-301110009,3
PIM2-CF5-SSA-10,4
PIM2-CF-MO-10,4
SEV3-15-0076,42
SEV3-15-0077,26
SEV3-15-0078,34
PRC1-KK-SC5,35
PRC1-TK-CKS9,6
PRC1-TK-CKS11,20
PRC1-BK-PTWP11,58
PRC1-BK-PPT10,13
PRC1-BK-PPT11,13
PRC1-BSK-PPFR,3689
PRC1-KK-SKS4,229
PRC1-TK-ST77,81
PRC1-TK-BSKF226,43
OCG1-1501W07,217
PRC1-BSK-CSD06,131
NTS2-JD-5L-FC,18
NTS2-JD-5LS-CTN,6
NTS2-ESK-10-03,2
NTS2-WDV-60-80-20,2
NTS1-CD-E9L-600W,2
NTS1-KT1200-DW,196
NTS1-HLCR2CG-SW,2
NTS1-PLM-24,7
NTS1-HLCR2SS-W-OH,1
NTS1-GSTR400300-SLFO,2
NTS1-FPH-SSNS-D320,4
NTS1-SN6183,2
NTS1-SN6292,4
NTS1-GN23100P,24
NTS1-GN2365P,9
NTS1-LSP-220,26
NTS1-CSSP-D5006,12
NTS1-TBS1200A,15
NTS1-TBS1500A,7
NTS1-TB1200A,3
NTS1-TBS1800A,10
NTS1-DB-CW167-DRG,16
NTS1-BH-MIS10,6
NTS1-BH-CRM01,6
NTS1-SD-1200,18
NTS1-PFTD-400,8
NTS1-TRA-2,16
NTS1-BH-PKT03,38
NTS1-CED-7L-PC,2
NTS1-SBM-007,6
NTS1-CSK-25PET-SL,616
NTS1-CSK-27PET,696
NTS1-FPA-SSNS-D260,4
NTS1-FPA-SSNS-D320,8
NTS1-FPH-SSNS-D220,2
NTS1-FPH-SSNS-D300,3
NTS1-FPH-SSNS-D340,2
NTS1-FPB-SS-D220,5
NTS1-FPB-SS-D300,18
NTS1-CSSA-D140H55,7
NTS1-CSSA-D180H65,21
NTS1-CSSA-D220H75,20
NTS1-BSP-H120,17
NTS1-SP-H70,21
NTS1-SP-H75,20
NTS1-SP-H110,20
NTS1-SINK454530-AMO,6
NTS1-SN1643,8
NTS1-SN4141,6
NTS1-SPL-AL-30,13
NTS1-SP-AL-28H,12
NTS1-WHS12-12,29
NTS1-FEBS9,7
NTS1-CSSAH-28,6
NTS1-MFS1,11
NTS1-NCT-07,13
NTS1-SN2095,3
NTS1-WIB-S25-F,15
NTS1-MCS4,29
NTS1-ROPC-30,4
NTS1-PPM-W16,7
NTS1-WT-MEDIUM,2
NTS1-RPTT-463-1790,6
NTS1-SKS-SS11GN,13
NTS1-FCYL-P2-3,2
NTS1-PLEK-D,4
NTS1-COFP3,6
NTS1-NOV1-17,291
NTS1-NOV1-9-2,9
NTS1-COV10,2
NTS1-COV16,1
NTS1-SN3382,83
NTS1-PPM-G12,14
NTS1-HOW1-1,700
NTS1-SP-AL-26,13
NTS1-PCCM-3D-10,6
NTS1-PCCM-P3D-07,8
NTS1-PCCM-091,2
NTS1-JOR1-1,241
NTS1-WIB-C20,7
NTS1-ALI1-9-1,290
NTS1-SBM-008,4
NTS1-SBM-014,3
NTS1-SBM-031,4
NTS1-SBM-114,1
NTS1-SN79536,31
NTS1-SN5086,2
NTS1-SN5763,2
NTS1-SN6017,19
NTS1-SN6033,2
NTS1-SN6048,14
NTS1-SN6052,8
NTS1-SN6083,6
NTS1-SN6194,1
NTS1-SN6237,14
NTS1-SN6252,9
NTS1-SN6425,11
NTS1-SN6820,10
NTS1-SN6852,3
NTS1-DAG1-2,479
NTS1-DAG1-3,473
NTS1-PCCM-004,9
NTS1-PCCM-005,3
NTS1-PCCM-023,1
NTS1-PCCM-025,2
NTS1-CD-IN60-L1,1
NTS1-PCCM-053,2
NTS1-PCCM-152,5
NTS1-NCT-24,1
NTS1-SBM-143,2
NTS1-SCM-09,5
NTS1-SCM-18,3
NTS1-SCM-36,6
NTS1-CHSP-DLH8,11
NTS1-PFRSH-30,1
NTS1-CSPO-18,6
NTS1-JOR1-2,606
NTS1-LADLP-7,8
NTS1-TUL1-7,171
NTS1-TOH-9-RD,44
NTS1-SN5762,4
NTS1-FCYL-P1-4,1
NTS1-NOA1-15,60
NTS1-NOA1-17,58
NTS1-NOA1-5,151
NTS1-KAN1-4,189
NTS1-CAD-S72,1
NTS1-FBT5,2
NTS1-FFSB2,1
NTS1-FOR1-29-11P,61
NTS1-ICED-S3,1
NTS1-LADLP-18,10
NTS1-MLK-200,2
NTS1-MLK-400,6
NTS1-PCU-85,10
NTS1-PTIP-20TR,2
NTS1-PTIP-26TR,1
NTS1-PTS-TM6,21
NTS1-PTS-TMS10,18
NTS1-ROPS90,4
NTS1-SKIM-18,24
NTS1-SN8631,6
NTS1-SPB1,8
NTS1-SPRE-19,14
NTS1-STP-AL-30H,6
NTS1-CD-11L-06,18
NTS1-LADLP-9,8
NTS1-SN8640,2
NTS1-COV-R15,2
NTS1-COL1-14,176
NTS1-GN12100-Y,26
NTS1-GN13100-Y,34
NTS1-GN13150-Y,19
NTS1-GN-12SL,58
NTS1-GN-13SL,55
NTS1-MSC-5000ML,51
NTS1-LUGC19-SSR(H),1
NTS1-PM300450-14,22
NTS1-FBT11,3
NTS1-JES1-1,154
NTS1-SAK1-28,214
NTS1-SPL-AL-18,1
NTS1-SPSW-AL-15,11
NTS1-CSSA-26,9
NTS1-SN4710,14
NTS1-LADLP-5,9
NTS1-STP-AL-45H,6
NTS1-SN1533,2
SEV2-00281,0
STS1-TBS2100A,0
STS1-4SL2000,0
STS1-CSSD1500A,0
STS1-CSDB1500A,0
STS1-CSWB-C,0
LCR1-4LT04DR13E,0
LCR1-4LS13DC12E,0
LCR1-4LS13LT09E,0
NTS1-BODY-STD40,0
NTS1-BODY-STD56,0
SEV3-MA023-1,0
SEV3-MA040-1,0
SEV3-MA042-1,0
NTS1-TBS2300A,0
NTS1-SHFB-438-330,0
OCG1-41E0010,0
OCG1-5V18344G0701,0
OCG1-1B16315,0
OCG1-1R00312,0
OCG1-1B17514,0
OCG1-1533S07,0
OCG1-1032F08,0
OCG1-2P03160G0005,0
NTS1-CD-IN55-L2,0
LCR1-4PB002C01402G0001,0
NTS1-GSTR400300-HLFO,0
NTS1-GSTR400300-HLSO,0
SEV3-MA056-2,0
SEV3-MA056-3,0
SEV3-MA057-2,0
NTS1-FPA-SSNS-D300,0
NTS1-PM300450-19,0
NTS1-KNC-6RD,0
NDW1-TONY-BLACK,0
NDW1-NFLY-BLACK,0
SEV2-00312,0
SEV2-00313,0
SEV2-00317,0
SEV2-00321,0
RON2-W640L2460,0
OCG1-4GB004H002,0
STS1-2ST2F-C,0
PRC1-BW-EA4050,0
SEV2-00491,0
SEV2-00492,0
SEV2-00493,0
RON2-W640L3300,0
STS1-C0006,0
SEV2-00509,0
STS1-CSSDB1200A,0
STS1-TB2100A,0
STS1-DOVS2100,0
STS1-CSSD2000A,0
STS1-EXIL1000,0
STS1-3CBN2FB2300A,0
STS1-KCTLSWD800-A,0
STS1-2WSLS-C,0
SEV3-02-0014,0
STS1-TBDS2000A,0
STS1-KCTL800-A,0
SEV2-00196,0
LCR1-1LP26DR12E,0
PIM2-302220058,0
NTS1-SN2015,0
NTS1-SBM-108,0
NTS1-SN4875,0
NTS1-SN6211,0
NTS1-SN6293,0
NTS1-SN6301,0
NTS1-SN6830,0
NTS1-SN6836,0
NTS1-PTS-TM4,0
NTS1-CHSP-DL28,0
PIM2-ESK-S10L-02,0
NTS1-TUL1-30,0
NTS1-CT-M-OR,0
NTS1-CAR1-15,0
NTS1-CHSP-DL20,0
NTS1-ICED-S2,0
NTS1-ND14-RD,0
NTS1-SN8612,0
PRC1-KK-TB36,0
PRC1-BK-PPD11,0
STS1-EXWFRA3300,0
NTS1-190-001,0
SEV2-00486,0
SEV2-KB8R,0
PRC1-KB-TCW-H-28CM,0
PRC1-KB-KW-II-X-12,0
STS1-WS750,0
RON2-W470L1500,0
PIM2-SM-0000005,0
PIM2-SM-0000006,0
STS1-C0155,0
STS1-BP1200,0
NTS1-PM455305-1,0
STS1-FILTER-C,0
PIM1-DAC1100W-18P,0
SEV2-TPT50,0
SEV4-DC4000,0
PRC1-WS-138195,0
PIM1-GDO2-40A,0
SEV4-TVE2000,0
SEV4-DC11000,0
SEV4-TVE4000,0
PNS1-NE-1353,0
SEV2-TPT800,0
SEV2-TPT1300,0
SEV2-TPT1600,0
SEV2-TPT1700,0
SEV3-MA002-1,0
NTS1-FO-ST40,0
NTS1-LID-ST40,0
NTS1-LID-ST56,0
SEV2-00334,0
PIM1-CBC5L-735W,0
SEV3-MA009-1,0
SEV3-MA016-2,0
SEV3-MA025-1,0
SEV3-MA043-1,0
SEV3-MA056-1,0
NTS1-PCC-RE,0
NTS1-AP20-MA,0
NTS1-LUGC19-SSR,0
SEV3-MA073-1,0
NTS1-PFRS-30,0
NTS1-KNT-3WH,0
NTS1-WIB-HSG1,0
NTS1-HLS1G-SB,0
DAN2-SC18MLX,0
CEC2-00001,0
SEV2-00330,0
SEV2-00331,0
SEV3-09-0133,0
SEV1-SKU-00982,0
SEV2-00337,0
SEV2-00339,0
NTS1-10-0457-42,0
SEV1-00534,0
SEV2-TPT4000,0
SEV4-DC5000,0
PIM1-MS250-150W,0
PIM1-MSS-12V,0
NTS1-SN5441,0
SEV3-02-0887,0
SEV1-00531,0
PIM1-SAU-WAR-2T,0
NTS1-NCT-22,0
NTS1-PTS-TMS9,0
SEV3-SERV7500,0
SEV3-SERV9500,0
NTS1-NCT-09,0
NTS1-LOP-8,0
NTS1-SN3225,0
ASL2-HN-DP-50,0
NTS1-FEBS6,0
NTS1-SBM-102,0
NTS1-SN3525,0
NTS1-SN4098,0
NTS1-SN5281,0
NTS1-SN5517,0
NTS1-SN3407,0
NTS1-ICED-L5,0
NTS1-DB-LS-3,0
NTS1-VEG-CL3,0
NTS1-POR1-19,0
PIM2-GDO-005,0
PIM1-BLDSS-2200W,0
RTN2-42.00.269P,0
ASL2-HN-DP-35-NV,0
DAN2-GPY12RAB,0
PIM1-BLD-800W,0
SEV2-00416,0
SEV2-00438,0
SEV2-00447,0
SEV2-00448,0
NTS1-MAX1-19,0
NTS1-PM300450-1,0
PRC1-KB-WP-I-I,0
PRC1-KB-CP-I-A-12-B,0
SEV4-DC4500,0
SEV4-IC2000,0
SEV4-TVE2500,0
SEV4-TVE5000,0
SEV4-TVE14500,0
SEV4-TPT16000,0
SEV4-IC19000,0
PIM2-SM-0000007,0
PIM2-SM-0000010,0
SEV4-IC9500,0
SEV4-WDC3500,0
PIM1-FCM5V1,0
NTS1-MAX1-29-2P,0
PRC1-KK-PSP24,0
PRC1-KK-MPDH15H,0
PRC1-BSK-SCU2,0
PRC1-BSK-SCU4,0
PRC1-BSK-SCU5,0
NTS1-REC-CFD,0
PIM2-301090016,0
PIM2-302220072,0
WIN2-30012256,0
SEV2-40100023,0
LCR1-3014R1002G0001,0
LCR1-3PB001A02101G0001,0
LCR1-3PB001A02101G0004,0
LCR1-4PB002C01501G0001,0
LCR1-4PB002C01301G0008,0
LCR1-4PB002C01301G0004,0
LCR1-4PB002C01301G0006,0
LCR1-4PB002C11301G0001,0
LCR1-4PB002C11301G0003,0
SEV2-LC1D32M7,0
SEV2-00309,0
NDW1-NFORZ-BLACK,0
SEV2-00319,0
SEV2-00322,0
SEV2-ODE-3-220105-3F42,0
SEV2-MT400-08,0
SEV2-RM22LA32MR,0
SEV2-00188,0
RTN2-40.00.464P,0
PRC1-AWPT-PB4050,0
PRC1-GWP-6,0
RTN1-ICOMBI-PRO-10-2-1-E,0
STS1-STOVE-C,0
STS1-DB-C,0
STS1-SODSTBSGHFB-C,0
STS1-C0007,0
STS1-TB1200A,0
STS1-TB2300A,0
STS1-TBB800A,0
STS1-TBS700A,0
STS1-3TBN2FB1800A,0
STS1-ND-C,0
STS1-CSSD1000A,0
STS1-CSSD1600A,0
STS1-CSSW1200A,0
STS1-CSSW1500A,0
STS1-CSSDB900A,0
STS1-OPCSB1400A,0
STS1-3ST2FB1800A,0
STS1-EXW3300,0
STS1-EXIL1800,0
STS1-4SL800,0
STS1-3CBN2FB2000A,0
STS1-3CBN2FB2500A,0
STS1-TYSD1900,0
STS1-DOVS2300,0
STS1-WSLS1700,0
STS1-2CBNFB1300A,0
STS1-2STF-C,0
STS1-MBFL-C,0
STS1-TBSB700A,0
STS1-STF600A,0
STS1-2TBNFB1300B,0
STS1-3ST2MFB2300A,0
STS1-TB500A,0
STS1-2WS1400,0
STS1-2WS1500,0
STS1-WS900,0
STS1-WS2600,0
STS1-IBC600A,0
STS1-2ST2FB1500A,0
STS1-2ST2FB2300A,0
STS1-2ST2FB1300A,0
STS1-2ST2F1700A,0
STS1-SODSTBSGHB2000A,0
STS1-CSD1200A,0
STS1-CSD1300A,0
STS1-CSD1600A,0
STS1-CSDB1000A,0
STS1-CSDB2000A,0
STS1-STFB750A,0
STS1-2ST2MFB1900A,0
STS1-EXWFRA1300,0
STS1-EXWFRA2400,0
STS1-EXWFRA3100,0
STS1-GSTR500500,0
STS1-BKTT495-1800,0
STS1-CBNF-C,0
STS1-2ST2MF-C,0
STS1-SODSTB2SGHBL-S,0
STS1-C0018,0
STS1-C0019,0
STS1-C0021,0
STS1-C0022,0
STS1-C0023,0
STS1-C0025,0
STS1-C0026,0
STS1-C0027,0
STS1-C0028,0
STS1-C0029,0
STS1-C0030,0
STS1-C0031,0
STS1-C0032,0
STS1-C0040,0
STS1-C0041,0
STS1-C0055,0
STS1-C0056,0
STS1-C0057,0
STS1-C0058,0
STS1-C0059,0
STS1-C0085,0
STS1-C0086,0
STS1-C0087,0
STS1-C0088,0
STS1-C0089,0
STS1-C0090,0
STS1-C0116,0
STS1-C0117,0
STS1-C0118,0
STS1-C0156,0
STS1-BP1500,0
STS1-BP1800,0
STS1-EXW2500,0
STS1-2SPSB-HI1300,0
STS1-870X780X931,0
EDL2-G006SP,0
HAM2-280127700,0
HAT2-R05.03.007A.00,0
JTA2-20140032019,0
CHG2-50030002,0
CHG2-50030208,0
CHG2-50030207,0
CHG2-30030007,0
JTA2-301110499+301110390,0
ARC1-24412C,0
ARC1-48171,0
ARC1-50061,0
ARC1-21571,0
ARC1-10019,0
ARC1-49197,0
ARC1-25436,0
ARC1-41882,0
ARS1-282004,0
BER1-FP1-3-2.5,0
BES1-G7F4BP,0
CAM1-1007CW-133,0
CAM1-10CWNR-154,0
CAM1-12HP-150,0
CAM1-TG9-414,0
CAM1-1621CBP-131,0
CAM1-1520CBCW-110,0
OBE1-C230-2000001,0
PUJ1-747.040,0
ROE1-R301-ULTRA,0
TRA1-3459-01,0
TRA1-3672,0
TRA1-529-13,0
TRA1-534-01,0
TRA1-536-01,0
TRA1-632-01,0
TRA1-920,0
TRA1-3459-06,0
VOL1-33200,0
VOL1-32300,0
VOL1-9026410,0
CAM1-1520VC-382,0
NTS1-CSSA-D120H75,0
JTA1-JUS-TRM60,0
BER1-BJY-VCM400-FS,0
CAM1-1252SLB250,0
CAM1-BC230-131,0
CAM1-25CLRHP-150,0
BER1-SF-1800-40-10,0
RON1-SSH7907.A0,0
TBC1-FIRE-RAL-9005,0
STA1-GR14SPT-CE,0
CAM1-16S434-151,0
CAM1-49S434-151,0
CTP1-PS-2205-240-BK-DGY,0
CTP1-SCP-NF-400-GY,0
CTP1-SCP-NS-400-GY,0
CAM1-20S900-151,0
CAM1-25S1058-151,0
WNK1-RB-255HF,0
PUJ1-850.022,0
BER1-B2D-C5-7-SM-L(760),0
CHG1-CN60020144,0
CHG1-50030083,0
CHG1-30030686,0
CHG1-30050560,0
CHG1-50020013,0
CHG1-50010335,0
CHG1-50010334,0
CHG1-50020717,0
CHG1-50020716,0
CHG1-50020719,0
CHG1-50020718,0
CHG1-50030185,0
CHG1-50030188,0
CHG1-50020711,0
CHG1-50030203,0
CHG1-50030184,0
CHG1-50020693,0
PUJ1-995.020,0
PUJ1-995.026,0
CHG1-50030098,0
CHG1-30050082,0
CHG1-30050019,0
CHG1-CUR-0970-L1FH,0
CHG1-CUR-1276-L2FH,0
CHG1-CUR-1576-L2FH,0
CHG1-CUR-1876-L2FH,0
CHG1-CKFR-1276-I4FH,0
CHG1-CL-2000P,0
CHG1-CN60010815,0
CHG1-50010203,0
CHG1-50030036,0
CHG1-50010206,0
CHG1-50010230,0
CHG1-50010211,0
CHG1-50010212,0
CHG1-50010207,0
CHG1-50010208,0
CHG1-50010210,0
BER1-BS2D-C6-Z-L(760),0
NTS1-ALI1-15-1,0
CAM1-1012VS-191,0
CAM1-9TGS-404,0
DEX1-24293B,0
BER1-A-G33,1
LIN1-GS6,7
ROE1-R3-3000,2
ROE1-BLIXER4-VV,5
SAN1-37-2I,6
HAT1-RHW-2,1
BER1-EG3000FS,2
ROE1-R2-B,3
HAT1-RHW2-2,11
HAT1-DL-750RL-BLACK,2
ROL1-FD120,2
ROE1-R60A,1
SAN1-68J,4
HAT1-DL-775RL-BLK,2
EDL2-K006-6,5
SAN2-37170,2
ROB2-EC0184,4
ZAN2-MANI0021,2
CEC2-K108A,7
FAG2-R663012,3
LIN2-TH10,4
SIR2-SM211413,1
ROE2-29724,5
LKK2-2000W,3
JTA2-302130019,11
COG2-65788,3
HAT2-02.12.096.00,8
LAC2-936960020F,2
CTX2-71670,1
CTX2-73961,2
ETF2-HC150878,3
SIR2-IX2125008,42
COG2-65501,7
COG2-66453,4
COG2-66455,4
CAM2-60007,1
ROL2-D04030,18
MID2-42810-0121,3
CAS2-2341119567,1
CAM2-60006,2
MID2-59450,3
CAS2-402219000,4
CAM2-41063,2
LIN2-SL29,7
HAT2-R021208601,15
ARC1-23771C,2
ARC1-37652,7
ARC1-38943,1
ARC1-09392,8
ARC1-41841,1
PUJ1-209.022,4
PUJ1-116.035,1
PUJ1-124.026,2
TRA1-SC1007-13,2
CAM1-RFS6SCPP-190,2
CAM1-28PP-190,1
CAM1-66HPU-150,1
SIR1-28180013,1
CAM1-36S958-151,2
NTS1-ALI1-11-2,65
WNK1-RDT390-PM,1
CAM1-HT14CW-196,2
CAM1-40PPSC-190,2
ARC1-24180C,12
ARC1-53981C,13
ARC1-71215,1
ARC1-22738,30
ARC1-57976,58
ARC1-46961,18
ARC1-55355,3
ARC1-11077,21
ARC1-61875,13
BER1-CP1120,1
CAM1-30CWL-135,14
CAM1-30HPL-150,163
CAM1-60HPCHN-150,26
CAM1-SPO11CW-135,17
CAM1-SPO13CW-148,60
CAM1-TG6-195,22
CAM1-34HP-150,21
CAM1-HT8CW-135,186
CAM1-TG9-133,36
CAM1-415CBR-110,2
CAM1-9013CW-152,6
WNK1-WIN1-10,374
WNK1-WIN1-16,238
WNK1-WIN1-30,165
WNK1-TT-151M,4
HUA1-24-655,696
HUA1-26-701,789
PUJ1-206.016,9
PUJ1-207.016,4
PUJ1-117.027,27
PUJ1-115.038,4
PUJ1-136.006,31
PUJ1-124.036,2
PUJ1-714.075,10
PUJ1-717.010,22
PUJ1-731.000,2
PUJ1-772.004,1
PUJ1-776.007,1
PUJ1-785.020,2
PUJ1-783.030,15
PUJ1-811.018,26
TRA1-2812-02,8
TRA1-477,2
VOL1-8008420,1
PRC1-BSK-ERS85,217
PRC1-TK-MCHH5-PBL,390
CAM1-60CWCH-110,33
TRA1-2015-138,2
TRA1-TMI10,2
CTP1-KB-06-90SYD-RD,198
CTP1-KB-2262-510-BK,9
CTP1-PEEL-PP-55S-BL,49
CTP1-PEEL-PP-55S-GR,50
CTP1-PEEL-PP-55S-RD,30
CTP1-PEEL-PP-55S-YL,50
CTP1-SG-FT-300-BL,21
CTP1-SG-FT-300-RD,15
CTP1-LCR-PPP-120,43
CTP1-KB-2201-160-PL,119
CAM1-1216TL-110,70
PUJ1-824.000,9
PUJ1-210.202,19
CAM1-EXMU214870V4-480,6
CAM1-TGG9MD-784,63
CTP1-GS-10930-GE-BK,182
CTP1-GS-10931-160-BK,190
CTP1-GS-10964-130-BK,42
CTP1-SG-FT-180-BL,20
CTP1-SG-FT-180-GR,21
CTP1-SG-FT-180-OR,21
CTP1-SG-FT-180-YL,22
WNK1-FB-001-PM,6
WNK1-EM-TP60,13
WNK1-NBGN19100-7,7
PUJ1-396.012,2
PUJ1-958.014,122
PUJ1-619.000,33
PUJ1-851.050,18
PUJ1-633.002,20
WNK1-TPR14-PM,2
CAM1-P480CW-135,30
CAM1-D8-152,20
CAM1-NT20-152,35
CAM1-GBCTUGNPR11-CLR,11
CTP1-GS-10926-65SOP-BK,56
NTS1-ALI1-14,2
WNK1-PE34-T-HF,10
CAM1-MDSB5-487,26
TAC1-CB1520BLA,2
ROB1-HL26,10
BER1-OB2(S),4
JTA1-JUS-RQ-6,1
JTA1-WL-02,1
BER1-BJY-SALAD1200,0
HAT1-TPT-230-4,1
BER1-SF-1300-40-5,1
FLC1-E2522,0
SIR1-APOLLO-Y15-CHR-SS-CE,1
MBM1-MG7EF477,2
PMF1-IBM-10,0
RJ1-FC1600,4
CHG1-CUR-1570-L2FH,0
CHG1-CUR-1870-L2FH,0
CHG1-CUR-1270-L2FH,0
CHG1-CKR-0676-I2FH,0
CHG1-CL-1000P,0
HAT1-DL-750SL-GLOSSY-GRAY,0
ROL1-PSI600E,2
ROE1-R5G-400-50-3,4
TBA1-KUR15-3D-3-LW(750MM),1
CAS1-DIECI-S-1-RED,8
SIR1-CORT-V.LL,2
HAT1-DL-750RL-ANTIQUE-COP,0
ARS1-284004,0
CAM1-1520CL-161,0
ROB1-Z14065,0
ROE1-28153,1
TRA1-2618,0
TRA1-4841-01,0
TRA1-527,0
TRA1-SC1007-02,0
SAN2-37176,2
LKK2-B20B-21,1
WIN2-0117003,2
BER2-HT-KM2.5KW,1
EDL2-G030SP,1
ROE1-28060W,1
ZNS2-0L1914,2
JTA2-301030029,2
JTA2-301010204,1
CAS2-958572020F,1
BER2-PL-JD-LST,2
LKK2-6005-2Z,0
BER2-D-UR-B-R,0
LAC2-401234000,2
ROE2-39700,2
BES2-38951000,0
CAM1-ICS175LB-131,1
CTX2-67872,3
JTA2-301040230,1
BER2-HG-SDH-M-R,1
JTA2-301130021,2
CAM1-49S800-151,0
LKK2-PCP023A,2
WNK1-TPR09-PM,1
RON2-121973,0
VRM2-AR31-128,0
JTA2-20128051014,0
JTA2-20128051013,0
VRM2-AR005-090-TD001,2
SIR1-28181000,1
TBA2-K1D5400100,2
ROE2-89081,3
SKP2-S1S1000300,0
SKP2-ST45W02300,0
JTA2-302020093-16,1
RON2-122954T01,2
HAM2-990042800,2
RON2-87615,0
CHG2-30050007,0
MID2-74081,1
ROE2-39502,3
ROB2-VS0349,3
CAM1-ICS200TB-191,1
HAM2-990150501,3
ROL2-D02093,1
SIR2-IB5946010,0
LKK2-TIMER(QL-PL-SERIES),1
DEX1-32792,0
CAS2-958071000,1
SAR1-CB121834GN,0
RJ2-TSW-01,2
CAM1-12186CW-464,0
HOU2-20700012,1
HOU2-20800211,0
CAM2-H07007,2
LKK2-BT-200T1-6,2
BES2-35878000,3
ARC1-31316C,7
ARC1-03092,5
ARC1-08912,3
ARC1-79683,13
ARC1-51049,5
ARC1-58179,0
ARC1-42440,0
ARC1-51916,3
CAM1-12TGS-133,26
CAM1-2500CT-110,6
CAM1-14HP-150,0
CAM1-DD1220BECW-135,2
WNK1-SH30228,2
WNK1-LC4025,4
WNK1-E8GN1265P,66
WNK1-E8GN12100,5
WNK1-MJ-015,13
PUJ1-207.020,2
PUJ1-308.045,18
PUJ1-106.032,8
PUJ1-109.045,0
PUJ1-114.070,3
PUJ1-701.022,4
PUJ1-710.028,2
PUJ1-724.016,12
PUJ1-773.065,38
PUJ1-770.006,0
PUJ1-769.022,47
ROB1-Z16065,0
TRA1-3681,0
VOL1-31200,0
VOL1-9022410,3
BER2-HT-DF3KW,16
TAC1-3712Y,2
ROE1-28066W,2
BER2-PL-JD-MRW,5
JTA2-301040169,2
CTP1-KB-2278-150-RD,19
CTP1-KB-2278-150-BL,16
CTP1-SG-FT-300-OR,21
CTP1-SG-FT-300-GR,12
CTP1-DD-PSP-120-OR,9
BER2-PL-JD-ST,3
BER2-PL-JD-DG,6
PUJ1-307.150,1
BER2-TM-ERKTMST,6
BER2-GE-MINISIT,53
ROL2-B01004,3
BER2-HL-B01-630,6
BER2-VA-FCPP,6
PUJ1-850.528,0
CAM1-UPR6040XH9-480,7
HAT2-R02.19.019.00,6
TBA2-K2F9700100-KR,13
SIR1-T-REX,1
SIR2-LF2001032,12
SIR2-19543940.13,4
CAM1-94HP-772,0
CAM1-TGG9MD-783,82
ROB2-EC0459,6
HAT2-02.09.251.00,5
CTX2-66581,4
TOP1-018S,2
WNK1-RB-200HF,3
PUJ1-850.025,0
SIR2-IX2934008,11
JTA2-302020078-12,6
PUJ1-135.120,3
CAM1-EPPBEVH1-110,0
CAM1-MW4200-W02,0
LKK2-BASKET(WF-171),5
WIN2-2707088,8
TBA2-K1F0420104,12
TBA2-K1D6900100,5
CAM1-CBU245464VS4-580,2
LAC2-4051133431,5
WNK1-DSH-MJ20,15
WNK1-DSH-TCP25,17
ROL2-D04029,5
BES2-31643500,5
CAS2-457342000,4
TOP1-M-098-SV,2
CAM1-1418FF-166,0
COG2-226120,9
COG2-227077,5
TAC1-CB1824RA,2
TAC1-R1616,6
TAC1-A1915,0
TAC1-RAM15FBK,1
CAM1-TGA8-135,6
MID2-66318,4
ARC1-04755,9
ARC1-61697,6
ARC1-52108,3
ARS1-286800,20
CAM1-30HPC-150,25
CAM1-BR258-416,14
CAM1-PL60CW-135,25
CAM1-1015-148,15
CAM1-SFG820-110,37
CAM1-P60CW-135,44
CAM1-8F-301,26
WNK1-WIN1-15,600
WNK1-E03SB6040,3
WNK1-SH30728,5
WNK1-E8GN13200,46
WNK1-E8GN14150,17
PUJ1-302.010,6
PUJ1-215.060,3
PUJ1-105.020,3
PUJ1-117.060,6
PUJ1-109.035,4
PUJ1-107.055,4
PUJ1-121.070,5
PUJ1-112.038,5
PUJ1-373.028,10
PUJ1-350.440,6
PUJ1-638.000,14
PUJ1-716.012,30
PUJ1-785.026,4
PUJ1-811.016,21
PUJ1-815.006,31
ROE1-28073,3
PRC1-KK-WP46BPH,43
ROE1-27113W,4
CAM1-9S318-151,16
CAM1-BR258-414,8
TAC1-RAM4RBK,103
CTP1-BCC-PPP-120,43
CAM1-CBU215472V4-580,10
PUJ1-302.210,6
PUJ1-210.651,34
TOP1-M98E-505SN06,18
JTA1-DR-3,10
CTP1-SCP-NS-360-GY,10
ADC1-AT-3112-12,70
WNK1-EM-MJ25,33
WNK1-EM-CP150,34
WNK1-CP-040,13
PUJ1-143.040,4
PUJ1-850.017,5
PUJ1-772.009,34
PUJ1-337.200,10
CAM1-6RS6-110,4
PUJ1-117.130,5
PUJ1-135.124,3
PUJ1-135.128,3
CAM1-96SKRLF-407,18
SIR1-DISC-PS5,6
WNK1-SB-001-HF,14
TOP1-9815-P3,6
PUJ1-490.224A,36
PUJ1-490.228A,19
CAM1-CBU244864VS4-580,8
CAM1-CBU244264VS4-580,6
ROE1-28061W,4
CTP1-GS-10943-BK,54
CAM1-P320CW-135,24
SAR1-CB152012BG,10
WNK1-DSH-WP200,13
DEX1-13313R,10
CAM1-853FH-150,8
ROE1-28115W,4
TAC1-FFR8,5
TAC1-R247,6
TAC1-BK37510,59
TAC1-RAM3FW,14
DEX1-18193R,14
SAN2-28873,5
HAM2-280045100,9
LKK2-TC35-50-10,4
LKK2-B25-27,4
LKK2-B25-30,3
CEC2-L154A,4
CEC2-L159G,5
ROB2-EC0047,19
RAN2-10071020,19
HAT2-0216050,6
ROL2-E02011,18
WIN2-3104196,6
HAT2-R0216046,5
RAN2-36405001,4
ROE2-102832,13
ROE2-503057,3
ROL2-402083,3
ROE2-102911,6
ROE2-27134,3
ROE2-117073,3
RAN2-10705397,6
HAT2-0509031,12
HAT2-R0219082,33
WIN2-3501194,5
LKK2-WF171-9,7
ROL2-B02016EMA,3
ZNS2-0L1974,6
LKK2-TC25-50-10,4
JTA2-301040168,6
JTA2-301080012,3
JTA2-301040047,6
LKK2-B20F-CE-OFF,19
JTA2-301040029,6
JTA2-301100022,4
SIR2-29410101,3
ROL2-G06078,16
PIT2-60130302,3
BER2-KN-WOB,31
COG2-K65502,3
ROE2-49484,3
ROE2-49448,3
LKK2-IND350K-10,3
LKK2-IND500T-1,5
LKK2-IND2000-6,13
LKK2-6002Z,3
ROB2-MC0249,9
ROL2-A07023,6
LKK2-KSQ3-21,3
SIR2-IW1071240025,4
PMF2-5M200003,6
SIR2-FC99004029,3
SIR2-MSC04N072.22,31
PIT2-60130902,5
MID2-54947,3
SIR2-IX2472042,3
JTA2-302170002,3
ROL2-C03008,5
ROL2-A10001,6
CTX2-69765,4
CTX2-68030,4
ROB2-HC0169T,4
TBC2-102086,5
JTA2-301120029+301110492,4
SIR2-IX2963004012,11
ROL2-A16023,4
ROL2-A15066,3
ROE2-27124,4
LAC2-535514008,4
LAC2-4701030708,11
HAM2-990038300,5
HAM2-990059200,3
SIR2-19021110,8
ROE2-89546,3
PIT2-P5045644,4
ROL2-D02155,3
TBA2-K2F9700100-KF,4
HAT2-R02.16.227.00,6
ROL2-A10002,6
CAS2-421921012,6
CAS2-958073000,6
CAS2-4821108987,4
PIT2-P6071050,6
MID2-62047,4
SIR2-LF152020U16,7
CAS2-530298120,4
LKK2-STOP-BOTTON(B),26
EKA2-09950437000,4
EKA2-01951177000,8
EKA2-09950368534,7
EKA2-09954657000,6
COG2-929115,4
COG2-80186,4
COG2-994012,3
ROB2-PC0392,5
TBA2-P470MD147,6
BER2-HL-NB02-630R,3
LKK2-IND300-1,6
HAT2-020120300,5
BER1-CG11,8
ROE1-CMP250-COMBI-B,6
ARC1-31317C,1
ARS1-282104,1
HAT1-GRSDS-30D,1
HAT1-TK-72,1
HAT1-GRA54,1
HUA1-O-29,1
LIN1-CG4-P,1
LIN1-HT3,1
LIN1-LBR,1
LIN1-LPB,1
PUJ1-215.035,1
PUJ1-117.050,1
ROE1-28069,1
ROL1-DW110,1
ROL1-MAJESTIC-L,1
SIR1-QUARZO275,1
SAN2-10108,1
SAN2-28200,1
HAM2-35139900000,1
CEC2-C395A,1
ROL2-B10006,1
BER2-GL-FW35,1
WIN2-61004900,1
WIN2-61005182,1
SIR2-19522605,1
NUO2-11740001,1
LIN2-EL176,1
ROL2-SA18022,1
JTA1-JZH-RQ-6,1
JTA2-301040146,1
ROB1-GSA815RT,1
SKP2-PM009H0050-N,1
JTA1-JZH-HP-4,1
CAM1-33CLRHP-150,1
ROL2-H03010,1
BES2-24069900,1
BER1-BS2D-F4-Z-L(760),1
BER1-BS2D-F6-Z-L(760),1
SIR1-28180038,1
SIR1-28180240,1
SIR1-28180081,1
HAT2-R02.08.043E.00,1
JTA1-DE-2,1
CEC2-280-00021,1
ROE2-303145,1
HOU2-30520025,1
JTA2-302050040,1
CTX2-71995,1
SAN1-54,1
PMF2-5I100023,1
ROB1-PA50,1
PUJ1-250.028,1
PUJ1-850.019,1
COG2-456080,1
LIN1-PO69X,1
MBM1-SAE561M,1
COG2-74902,1
ROL1-GES80-B,1
SKP2-K2F1107400,1
BER1-RCS18SB13-2FB,1
SIR1-DOLOMITI-7T-GELATERI,1
ROE1-28180,1
ROL1-FD50I,1
ROE2-89654,1
HAM2-990038400,1
HAM2-990038500,1
HAM2-990037900,1
ROE1-CMP400-VV-A,1
CEC2-80234,1
SAN2-52150,1
PMF1-IBV-50-EVO,1
COG2-115152,1
BER1-OB4GG1B-17,1
BER1-EG5250HR-17,1
TOA2-T7236B8714,1
SIR1-6Q-TOSTIERA-2800-W,1
BER1-CB3BGG1BFS-17,1
HAT1-TQ3-500H-WARM-RED,1
LKK1-FX26A,1
ROE2-89557,1
ROL2-B07020,1
LAC2-532020208,1
HAM2-990066500,1
ROL1-RG7,1
CAS1-DIECI-A-2-TRIFASE-RE,1
NUO2-41400001,1
MBM1-MFB711MFG4XL,1
HAM2-280113700,1
LAC2-531404000,1
MID2-50794,1
HOU2-061265,1
COG2-80956,1
SIR2-AMA090,1
HAT2-R021504700,1
ROE1-28129W,1
LKK1-HS40(D),1
HAM1-HMI016-CE,1
MBM1-MFB74AXS,1
TAC1-N32A-G,1
DEX1-13313T,1
CAM1-1030MT-110,1
CAS2-936960010,1
LKK1-EPZ-4,1
HAM2-990074300,1
HOU2-060242,1
TAC1-BACR57,1
HAM1-HBF500S-CE,1
SIR2-IW1471240020,1
HAM1-1G909,0
ROL1-PS600E,0
ROE1-R5PLUS-2SPEEDS,0
BER1-1D-DC-S,0
SIR1-LEONARDO385VCS,0
JTA1-REB-02,0
CAM1-UPCH4002-110,0
RON1-SSO6405.DO,0
HAM1-HMD400-CE,0
BER1-B2D-C4-7-SM-L(760),0
VTS1-FEA-2ERD-P,0
JTA1-JZH-TS,0
HAT1-TQ3-500-WARM-RED,0
MBM1-MG7GFT777LR,0
TBC1-I1-SOTA-STANDARD,0
MBM1-SAE640,0
VRM1-KODIAK20-M020-0075,0
LKK1-LK-CV-36-BLK,0
VRM1-KODIAK20-M020-0077,0
LIN1-CIBO-BK,0
ROE1-MP450COMBI-ULTRA,0
ROE1-R502-VV,0
BER1-WBPU30DT-EC,0
BER1-BSDU2F2C-Z,0
LKK1-HS30A(D),0
SIR1-PACOJET-4,0
BER1-BS3D-F7-L(750),0
HOU1-COMBISLIM-CPE1.06,0
ROE1-R211-XL,0
TBA1-KUF18-3-W(750MM),0
ARC1-18316,0
CAM1-LCDCH10-194,0
CAM1-36CF-148,0
CAM1-DP15-148,0
CAM1-200BCS-131,0
WNK1-SH30724,0
PUJ1-115.032,0
PUJ1-772.008,0
PUJ1-772.012,0
PUJ1-780.012,0
SIR1-MSC06AMOZ,0
SIR1-MSC06AMOF,0
TRA1-1214,0
TRA1-1216-32,0
TRA1-1216-44,0
TRA1-1217-01,0
TRA1-1373A-31,0
TRA1-4742-01,0
TRA1-WR1004,0
TRA1-1668-02,0
VOL1-9054410,0
VOL1-9032410,0
VOL1-9064410,0
VOL1-33500,0
VOL1-33300,0
VOL1-33600,0
SAN2-28401,0
BER2-HL-GLFW,0
BES2-35877100,0
LKK2-LC1-D099,0
RAN2-40100010,0
ROE2-502474,0
SIR2-MF0182,0
ROL2-SA18020,0
PMF2-5I100031,0
TAC1-N32A-Y,0
TRA1-6515-06,0
CTP1-SCP-NS-250-GY,0
CAM1-LD130-133,0
COG2-437113,0
JTA2-301040195,0
NTS1-HCA-S45,0
CTP1-SS-FTS-180-OR,0
CTP1-SS-FTS-180-GR,0
CTP1-FDMS-ST-09-301,0
CAM1-UPR6040H9-480,0
PUJ1-234.028,0
BER2-HT-DF27,0
NTS1-CC-O,0
BER2-HT-DF17,0
ZNS2-0CBAQV,0
RON2-35639,0
NUO2-40300027,0
RON2-B1015332,0
NTS1-SN6026,0
RON2-50421,0
ROL1-RBE200,0
ZNS1-921691,0
SAN2-52512,0
HAT2-X021333800,0
ROL2-F03034,0
BER2-CFVP-VCM400-TT,0
PMF2-3A010054,0
PMF2-3R010030,0
PMF2-3R010070,0
PMF2-3A010024,0
CTP1-SCP-NF-250-GY,0
SKP2-HF5040101,0
CAM1-23-SLB6250,0
RTN2-20.02.549P,0
PUJ1-244.028,0
PUJ1-250.032,0
PUJ1-128.332,0
PUJ1-843.200,0
PUJ1-847.014,0
PUJ1-882.035,0
WNK1-TPR11-PM,0
VRM1-CR20-27.2M,0
JTA2-301090016,0
JTA2-301110499,0
JTA2-301130038,0
HAT2-X020124100,0
CAM1-EPP140-110,0
PUJ1-490.628R,0
PUJ1-24712,0
CAM1-1218CCW-467,0
RJ2-SPFCS-0079,0
SKP2-G8F3200108,0
CAM1-1520ET-167,0
CAM1-EPPBEVH5-110,0
HAM2-HBB-99100,0
HAM2-990065500,0
CAM1-MY4300-E76,0
CAM1-MY4300-E77,0
CAM1-6RS6-131,0
ROE2-29941,0
CAM1-12RS12-131,0
PMF2-5C020133,0
ROL2-G06638,0
ARC1-46912,0
ARC1-10334,0
CHF1-FGI-OR,0
SAR1-CB121812GN,0
DEX1-15303,0
DEX1-24303,0
NUO2-09000011,0
SIR2-MSC09AMON,0
PMF2-5P100105,0
CAM1-400MCH-150,0
CAM1-EPP180X-110,0
CAM1-EPP180LH-110,0
BER2-8680156,0
COG2-80259,0
CAM1-9S1114-151,0
CAM1-12186CW-467,0
CAM1-1520DC-825,0
CAM1-1520DC-830,0
TAC1-N32A-OR,0
BES2-36062400,0
SIR2-MF2117,0
LKK2-PUSH-BOTTOM,0
DEX1-13463,0
SIR2-19320301,0
MID2-66759,0
CAS2-533898300R,0
SAN2-70500,0
SIR2-IW2071240045,0
ARC1-48332C,2
ARS1-251500,2
BER1-FW55,2
BER1-BS4DU-CF-L,2
CAM1-1210PW-191,2
WNK1-PE-28-PM,2
WNK1-E04SB2525,2
WNK1-E04SB2020,2
LIN1-LRBW,2
PUJ1-215.050,2
PUJ1-248.045,2
PUJ1-210.020,2
PUJ1-117.025,2
ROL1-PS900E,2
ROL1-SGM600,2
SAN1-28,2
SIR1-APOLLO-W-LEVER,2
SIR1-QUARZO250,2
SIR1-TG-TRITON,2
BER1-GDF11D,2
HAM1-6126-HBF600,2
PUJ1-623.003,2
TOP1-M98E-509SN06,2
TOP1-9818-P3,2
ROE1-28179,2
ROE1-28207,2
TOP1-20117,2
TBA1-KGR18-3-LW(750-MM),2
TOP1-WV-3170-FEP,2
ROE1-28120,2
BER1-BS3D-C7-Z-L(760),2
PUJ1-118.324,2
ROE1-BLIXER-5G-400-50-3,2
LKK1-W-2023-550,2
PUJ1-118.332,2
LKK1-E02-1-GDBLMBB,2
TAC1-422,2
TAC1-829,2
TAC1-CB1824BLA,2
ROE2-27138,2
SAN2-28100,2
SAN2-28402,2
LKK2-B15-34,2
LIN2-KN182,2
CEC2-C512A,2
LTE2-CF113,2
ROE2-103957,2
ROE2-27111,2
SIR2-IB5894000,2
LKK2-BTR-CASE,2
SIR2-IB4104200,2
ROL2-F07024,2
SAN2-10103,2
LKK2-THERMOSTAT(DHL-32),2
ZNS2-049904,2
ROL2-B07024,2
SIR2-19702100.16,2
PIT2-60157202,2
JTA2-302170023,2
JTA2-301110032,2
SIR2-IW2071220210,2
LAC2-922785000,2
PIT2-60152001,2
ROE2-89145,2
ROE2-89622,2
ROE2-89009,2
SIR2-LF2032008,2
SKP2-PM002H0180,2
SKP2-PM002S0110,2
VRM2-AR005-178-TS025,2
VRM2-AR005-178-TS024,2
ROE2-89225,2
LKK2-IND350T-7,2
CEC2-C223A,2
BER2-CC-16UR,2
LAC2-985717010,2
SIR2-40750080,2
SAN2-65396,2
SAN2-38200,2
LAC2-537068400,2
LIN2-SW97,2
SIR2-19801232,2
PIT2-B6783402,2
PIT2-60128001,2
SIR2-19410335,2
SIR2-19700171,2
ROE2-110308S,2
ROE2-39975,2
ROE2-89679,2
SIR2-IX2913010030,2
SIR2-29410108,2
HAT2-021803800,2
HAT2-020144500,2
HAT2-020576500,2
ROL2-B09003,2
ROB2-VS0265,2
ROE2-39201,2
MBM2-166466,2
ROB2-PS0094,2
JTA2-302030042,2
SIR2-19335064,2
ROL2-H03024,2
HAM2-990275800,2
VRM2-W40-603E,2
VRM2-AR40PH-23-24.1Z,2
ROE2-27143,2
COG2-74901,2
ROE2-39343,2
ROE2-49221,2
ROE2-101103,2
SKP2-SMPS-12W,2
BER2-VA-WB-CC,2
JTA2-301040422,2
BER2-IC-WPU-H2KW,2
LKK2-B20F(K)-77,2
TOA2-1850853,2
HAM2-990054300,2
BES2-24575600,2
SIR2-19310364.07,2
ROB2-EC0193,2
ROB2-ES0356,2
LKK2-B20F(K)-39,2
SIR2-SFCL019,2
SIR2-FG92008,2
SIR2-FG02146,2
BER2-VA-BV1-A,2
BER2-TM-EGO230,2
COG2-80277,2
SAN2-50200C,2
ROE2-49469,2
ROE2-89650,2
HAM2-990201700,2
SIR2-GM5946390,2
SIR2-IV5820020,2
PIT2-60133401,2
HAM2-990066600,2
LKK2-SW(B40),2
CAS2-4821023082,2
SIR2-GM5966000,2
SAN2-65421,2
CAS2-4081021923,2
WIN2-2701007,2
HOU2-038225,2
LIN2-EL198,2
SIR2-28112203X,2
COG2-236039,2
COG2-230113,2
COG2-142051,2
COG2-236043,2
CTX2-71994,2
ROL2-A15011,2
BES2-31686800,2
SIR2-19335025,2
SIR2-GM5036850,2
SIR2-GM5036875,2
LKK2-THERMOSTAT-KNOB,2
CAS2-965109000,2
SAN2-70703,2
HOU2-30520180,2
LKK2-LK-GDO-10,2
HAT2-R021611800,2
HAT1-GRAH30,0
PUJ1-302.112,5
PUJ1-359.000,4
PUJ1-317.030,0
PUJ1-850.027,2
PUJ1-217.060,0
ROB1-CHOC1A,0
ROB1-TCR10,0
SIR1-PRO1-2G,1
SAN2-28201,0
HAM2-31309900000,2
LKK2-B20B-20,1
ROB2-HC0048,5
LKK2-530-30-1,2
LKK2-TSV-T2432,0
SIR1-EASYVAC-TOUCH-30-BX-4,0
SIR1-W8-TOP-40-DX-P20-CE,0
ZNS2-005933,2
LKK1-IND300T,0
ZNS2-0L1640,2
ZNS2-049460,8
ROE2-39202,2
MID2-45037,2
HAM1-HBF1100SR-CE,0
SIR1-SO1650-F3-MN,1
LKK1-SS120-2,1
PMF1-IBT-20-2V-EVO,1
PUJ1-376.137,6
LKK2-PROBE(LK-PL),3
TOP1-9810,0
PMF1-BASIC-44,1
PMF1-IBT-30-2V-EVO,0
PMF2-5T010200,1
PMF1-IBT-40-2V-EVO,1
PUJ1-782.020,0
SIR1-SMART-250-PA,0
SIR1-HERCULES-20-2V-CE,0
SIR1-VULCANO-2C-3PH,1
TOP1-9816-10,0
SIR2-195621366,2
ZNS2-004492,2
SIR2-IB4000730,1
KIT2-3400022,2
TOP1-9817-P3,1
PMF1-BASIC-2-40-GL&L,0
ROB2-HC0168T,7
PMF1-BASIC-66,0
ROB1-FR28,0
TOP1-20109,1
PUJ1-702.230,0
PUJ1-619.002,0
PUJ1-850.005,0
LKK2-EPZ6-24,1
ROB1-HE1500,1
ROE2-3161S,2
SIR1-BBQ-X3,0
SIR1-28184034,2
SIR1-28184240,0
SIR1-HERCULES-20,0
TOP1-B980,0
SIR2-19800123,1
SIR2-IW2071240029,1
ROE2-89080,0
TOP1-M98EHRS11,0
SIR1-BBQ-X4,0
SIR2-IGS406013,2
LAC2-400279000,2
LAC2-531193100,1
TOP1-MN98E-506A,0
LKK2-B20F(K)-88,1
LKK2-B20F(K)-90,0
HAM2-990156200,1
ROB2-PC0624,2
SIR2-IGS316103,2
SIR2-19310203,2
COG2-80804,0
HAM2-990142800,0
COG2-74169,0
PMF1-BASIC-6,0
ROB2-EC0737,1
LAC2-2251091807,2
COG2-121052,0
COG2-199058,0
MID2-51958,2
LKK2-HWH25-04-5,2
TOP1-9811-P3,0
ROE2-49241,1
MBM1-MFB77FGXS,0
MBM1-MFB711AFGXS,0
ROB1-GMX610,0
LKK2-EPZ-2-40040010,1
LKK2-THERMOSTAT16A-0-350,1
LKK2-OCE-K339,0
SIR2-19525062,1
LKK2-SKF6307-C3,0
PUJ1-128.036,10
PUJ1-209.024,21
PUJ1-356.020,25
PUJ1-356.032,1
PUJ1-239.336,2
PUJ1-317.025,2
PUJ1-781.010,26
SAN2-50400,1
LKK2-CONTACTOR,1
ROE2-89678,0
SIR1-SOFTCOOKER-XP-CE,0
HAM1-6126-650R,1
ROB2-HC0168,9
LKK1-IND500T,10
LKK1-IND350W,9
HAM1-HBH855-CE,0
LKK2-IND350S-16,29
PMF1-BASIC-4,0
ROE2-89146,1
CTP1-SG-FT-300-BK,22
LKK2-GREEN-NIC12,0
PMF1-BASIC-XL-6L,0
PUJ1-951.024,1
ROE2-89568,1
SIR1-C-TRONIC-9-VT-CE,0
SIR1-MIRRA-300-Y09,20
SIR1-STROMBOLI-2,1
TOP1-M98E-505SN10,14
SIR1-28180021,0
SIR2-19530561.12,1
ROE2-39988,1
CAM1-TGG9MD-110,8
MBM2-163888,1
MBM2-RTCU700020,0
PMF1-BASIC-1-40-GL&L,0
PUJ1-846.300,0
PUJ1-954.020,0
PUJ1-949.030,0
CAM1-1217FFH-416,281
ROE2-89096,1
SIR2-FC02146,0
SIR1-28184038,2
SIR2-19564035,0
SIR1-SOFTCOOKER-LIGHT,4
BER2-OP-DRO-SPRING,1
ROB2-WA132,0
SIR1-O3-PORT-28,2
SIR1-SOFTCOOKER-WI-FOOD-2,11
ROB2-ES0371,35
ROB2-TS0028,4
ROB2-TC0055,18
SAN2-37340,1
SIR2-19336073.08,3
LAC2-495764000,0
COG2-230083C,0
ROB2-SS2999,0
MBM1-MFRG77A,1
TBA2-T07A620020,1
ROB2-VS0241,0
ROB2-EC0209,2
ROB2-ES0258,0
ROB2-TC0026,2
SIR2-FC02064G,0
TOP1-YB-8707,1
HAM2-921999001,2
CTP1-KB-3855-230FS-BK201,38
LKK1-IND350T,29
SIR2-19562802,2
ROL2-A07035,0
MBM2-168005,3
SIR2-19410201U,0
COG2-130202,0
ROE2-89168,2
SIR2-29030501,1
COG2-478059,1
COG2-115075,2
COG2-80389,1
ROE2-39910,7
CTX2-79108,28
SIR2-FC02064O,2
ROE2-39972,2
LKK2-LAMP(PL2),0
PIM1-PFB-18SC,6
PIM1-EDO2-40CS-BK,0
PIM1-PFB-14-BK,0
NTS1-HL1SS-SB,3
NTS2-HP-CD1133,4
NTS1-JD-3LS,2
PIM2-905990046,0
PIM2-301030015,0
PIM2-301130005,2
PIM1-SM115L,0
PIM1-SM215L,1
PIM1-IMB220-270W-BL250P,15
PIM1-MINI-IB250-BL190E,22
PIM1-MINI-IB220-BL160E,30
PIM1-SVC800W-25L,0
NTS1-MIB-5,3
NTS1-WCD-1L,0
IWT1-ZT-09,3
NTS1-WIN1-17,142
PIM2-70100300819,0
NTS1-HLCS2S-RBG,0
NTS1-NCT-26,2
PIM1-PM-20L-SV,0
PIM1-EDO3-60CS-BK,1
KIT2-4162099,4
NTS1-MJS75,0
NTS1-NOV1-6,356
NTS1-FAB1-4,188
NTS1-PCCM-013,1
NTS1-ISC1-11,32
MID2-27L571S,0
NTS1-CD-11L-01,3
NTS1-PCCM-003,1
NTS1-NAJ1-8,2
NTS1-ISC1-17,120
NTS1-ISC1-5,64
NTS2-VP-07,32
NTS1-HB-300,0
NTS1-PM300450-66,55
NTS1-PM300450-33,0
NTS1-IN55-L2,0
NTS1-CLAD-S1,1
PIM1-DH-805,1
PIM1-YXD-1A,0
PIM2-30402015,1
PIM2-70101200291L,0
PIM2-301040195,8
PIM2-301130004,12
PIM2-301080040+0033+0019,5
NTS2-CD-1135-4L2-LID,2
PIM1-JZH-TG,1
PIM1-DH-22-21,2
PIM2-EDO-012,0
LIN1-DF66,0
ROL2-A13003,8
CTP1-KB-3804-250-BK,139
PIM1-COMBI523,2
PIM1-CO-E3217,2
ROE1-28063W,2
PIM2-302190037,4
PIM1-CO-E3217-220V,3
NTS1-SN4702,42
NTS1-SN4703,26
NTS1-SN4704,57
NTS1-SN9035,5
NTS1-SN1526,20
NTS1-CSPL-50,2
NTS1-CSSAH-30,2
CTP1-SS-FC72-240,295
CTP1-SS-FC72-240FS,274
NTS1-CSPL-36,2
NTS1-SN9044,5
NTS1-LOP-14,2
ROE1-MP350VV-ULTRA-LED,4
NTS1-SBM-062,29
NTS1-SN5045,6
NTS1-SN5768,18
ROE2-89532,4
ROE2-39585,6
ROE2-502171S,1
NTS1-CAD1-7,381
SIR2-19530802.14,2
ROL1-BMP11,17
NTS1-SQZ-LM-3,10
NTS1-PD11,13
ROL1-CT540-B,9
LIN2-FC04,14
ASL2-HN-GLA-2000,7
HAM1-HVC305-CE,2
TBA1-KF65-6-LW,2
TBA1-KHR15-2-LW(750-MM),8
TBA1-KHR18-3-LW(750MM),10
TBA1-KHR9-1-LW(750-MM),1
TBA1-KURF15-2-LW(750MM),2
NTS2-HL-009,1
ROE2-39757,2
TOA2-T3000639,1
SIR2-19560156,6
NTS1-SN1528,324
CTP1-KB-3803-300-BK,153
NTS2-CD-401-6L-SPRING-SET,2
ROL2-H01028,5
ROL1-PANINI-R,17
ROL1-FD80DR,4
BER2-IC-VCM-COVER,10
MBM1-MFB77AXS,6
BER2-LE-LAMP2BL,0
SEV3-SERV1401.87,0
SEV3-SERV2102.81,0
SEV2-00264,0
SEV3-MA-1,0
SEV2-TPT100,0
SEV2-TPT200,0
SEV2-TPT300,0
SEV2-TPT500,0
RTN1-56.01.535,0
PIM1-DH-11-5F-T,1
PIM2-301080068,4
SEV3-MA005-2,0
SEV3-MA006-1,0
SEV3-MA021-1,0
SEV3-MA037-2,0
SEV3-MA049-1,0
PRC1-A12-PB4050,0
SEV3-MA053-1,0
SEV3-MA055-1,0
OCG1-1B01210,1
OCG1-1P00415,2
OCG1-1P01960,54
OCG1-1P01962,1
OCG1-1B23220,1
OCG1-1015C10,1
OCG1-1026D22,1
OCG1-1B12016,1
PRC1-KK-SKFL1,203
SEV3-MA059-1,0
SEV3-MA060-1,0
SEV3-MA063-1,0
SEV3-MA069-1,0
SEV3-MA072-1,0
SEV3-MA058-3,0
PIM2-70101002073L,4
SEV2-FDF2A65,2
SEV2-KB7,3
STS1-WS1000,0
PRC1-BSK-K85SE,222
PIM2-30306031,2
PIM2-DR520-MIC,4
PRC1-KK-TW4,316
PRC1-BSK-MRGCH12,31
PRC1-KK-SCS20,17
PRC1-BK-PM100NM,33
PRC1-KK-MBP08,100
PRC1-KK-MBP10,62
PRC1-KK-TB28,0
PRC1-KK-KTSO12,18
PRC1-KK-AM2,0
PRC1-BK-PCUT8,21
PRC1-BK-PSP30L,0
PRC1-KB-BS-VI-L-36,18
PRC1-BSB-BS-II-I-11,498
PRC1-KB-KW-I-Z-L,286
PRC1-KB-KW-II-X-H-12,34
PRC1-KB-CP-I-A-12-G,0
PRC1-KB-CP-I-A-16-G,7
PRC1-KB-CP-I-A-16-R,0
PRC1-KB-CP-I-A-9-BL,14
PRC1-BSB-BS-II-R,10
PRC1-KB-KW-I-I,566
PRC1-KB-WP-I-K-12X5,389
PRC1-BSB-BS-II-Y,446
PRC1-KB-WP-I-B-16,8
PRC1-BSB-BS-V-Y1,39
PRC1-BSB-BS-II-G4,326
PRC1-TB-TW-II-C-30-0.5,145
PRC1-BSB-BS-III-NHK,230
PRC1-BSB-BS-VI-B,12
PRC1-KB-KW-I-J,123
NFZ2-1200578,3
SEV3-02-0885,51
PIM2-301040445,5
PRC1-KK-CST24P,54
PRC1-BSK-IS17,42
PRC1-BSK-IS26,0
PRC1-KK-TNG201PVDB,346
PIM2-302110440,10
PIM1-EDO1-20C-BK,1
PIM2-302020084,4
PIM1-EWB-28,1
PRC1-KK-SC6,31
PRC1-TK-CKS5,30
PRC1-TK-CKS8,20
PRC1-BK-PTWP14,0
PRC1-BK-PM5F,316
PRC1-KK-WP45HK,34
PRC1-TK-CR05,50
PRC1-TK-MCHS08,14
PRC1-KK-TNSL14,157
PRC1-KK-TNSD14,105
PRC1-BSK-OPN22V-BLK,75
PRC1-TK-BSK138,48
SEV3-01-0067,14
PRC1-TK-SPH55,234
PRC1-TK-SPHH75,337
PRC1-TK-SPH85,382
PRC1-BK-SS40,22
NTS1-WDV-15L,2
NTS1-WDV-60L,3
NTS1-FPA-SSNS-D220,1
NTS1-FPH-SSNS-D200,1
NTS1-FPH-SSNS-D260,0
NTS1-CSSP-D250,0
NTS1-SN4101,0
NTS1-VEG-CL1,1
NTS1-ALI1-9-2,0
NTS1-PM300450-33BS,9
NTS1-CLAD-S4,2
NTS1-GN23150P,8
NTS1-LSP-240,25
NTS1-LSP-260,30
NTS1-LSP-280,10
NTS1-LSP-300,23
NTS1-SVD-1,18
NTS1-POM-S,109
NTS1-CSS-H2,9
NTS1-WIN1-1,1098
NTS1-FPA-SSNS-D280,2
NTS1-FPH-SSNS-D280,6
NTS1-FPB-SS-D200,8
NTS1-CSSP-D350,21
NTS1-CSSP-D450,23
NTS1-CSSP-D6006,11
NTS1-CSSA-D200H120,18
NTS1-BSP-H180,10
NTS1-BSP-H220,14
NTS1-SP-H100,24
NTS1-MLKS-600,12
NTS1-WIN1-8,526
NTS1-WIN1-10,622
NTS1-WIN1-13,743
NTS1-CBR-19,8
NTS1-MLK35,16
NTS1-PBSI-WH14,82
NTS1-SBM-037,37
NTS1-FCY-S,10
NTS1-WHS12-24,21
NTS1-MFS400,6
NTS1-CAD1-10,64
NTS1-PM300450-51,45
NTS1-WHS8-14,34
NTS1-SKIMM-14,6
NTS1-MCS500,11
NTS1-CAD1-13,211
NTS1-MFS3,7
NTS1-PBD3,7
NTS1-PPM-W5,2
NTS1-ROP-75W,4
NTS1-CSSP-45,7
NTS1-SP-AL-22,14
NTS1-SBM-003,12
NTS1-SALB-14,10
NTS1-PPM-W10,0
NTS1-SN3380,0
NTS1-WHS8-L120,8
NTS1-PTIP-33TR,6
NTS1-CSSAH-22,0
NTS1-PCCM-098,2
NTS1-WASC-16,10
NTS1-FEMB1H,186
NTS1-SBM-055,4
NTS1-SN5011,10
NTS1-SBM-074,2
NTS1-SBM-079,3
NTS1-SBM-109,7
NTS1-SN79626,19
NTS1-SN4214,4
NTS1-SN5724,10
NTS1-SN6282,6
NTS1-SN6831,9
NTS1-BOT-B5,7
NTS1-SCM-08,5
NTS1-MLK60,2
NTS1-FAB1-17,806
NTS1-TUL1-11-O,157
NTS1-NAJ1-6,126
NTS1-TOH-12-RD,22
NTS1-NOA1-12,245
NTS1-KAN1-11,682
NTS1-COL-PF1,20
NTS1-DCU-15S,8
NTS1-MLKH4,22
NTS1-PTIP-19BL-24,2
NTS1-PTS-TMS15,0
NTS1-MFC3535-RD,158
NTS1-CD-9L-04,14
NTS1-NOV1-12-1,392
NTS1-PM300450-55,96
NTS1-FPA-AL-26BH,8
NTS1-SKIM-S4,2
NTS1-TS-782,6
NTS1-WB-DB115,2
NTS1-FBT8,0
NTS1-STP-AL-32H,5
NTS1-SN6860,6
NTS1-SN2047,16
NTS1-EGG-SS120,0
NTS1-CD-04,8
ROL2-A07017,2
HAT2-R0208140E00,2
BES2-27022300,2
SIR2-IB4004043.04,1
JTA2-302130380,2
JTA2-302220059,6
LKK2-IND350S-10-NEW,38
ROE2-89535,1
KIT2-W10477041,592
LKK2-PROBE-1400MM,13
LKK2-SWITCH(LK-PL),0
ROB2-MC1025,3
ROE2-39283,2
ROL2-H04082D,2
MMT2-59001167,0
ROE2-27361,4
HAM2-990035800,106
NFZ2-1200574,2
PMF2-5I100022,0
HAM2-990075100,2
CAS2-958810000,7
ROE2-39899,1
CAS2-402200000,6
CAS2-401190000,8
ROB2-EC0421,7
COG2-K67878,6
SIR2-IW1071240055,1
LKK2-HEATER(KBM-204),3
ROB2-MC0697,2
ROB2-TC0024,14
HAT1-GRA18,2
LIN1-DF612,0
ROL1-SAVOYE-R,3
SIR1-TM-ALUMINIUM-MN,2
BER1-EG5250FS-17,1
LKK1-IND350BK,33
ROL1-SEM600Q-220,0
SIR1-DOLOMITI-5T,1
ROE1-MP350-ULTRA-LED,6
ROE1-MP450-ULTRA-LED,4
ROE1-MP450VV-ULTRA-LED,7
ROE1-MP800T-LED,6
SIR1-CONCERTO-5,1
ROL1-PSR900EE,0
ROB1-ST500AR,0
HAM1-CPM800-CE,14
TBA1-KHR12-2-LW(750MM),0
ROE1-MP450ULTRA-COMBI-LED,9
ROE1-MINI-MP-160VV.A,30
ROE1-MINI-MP-240VV.A,27
ROE1-R301-ULTRA-D,0
ROE1-MINI-MP-190VV.A,19
SIR1-STERILIZER-UVA-24W,2
SIR1-EKTOR-37,18
SIR1-SOFTCOOKER-XP-SR-1-1,2
ROE1-MP550-ULTRA-LED-H,11
ROE1-MP600-ULTRA-LED-H,1
ROE1-CMP350-VV-B,25
SIR1-STORM-VV,14
ROB1-GSA610ST,0
SIR1-ALISEO-4,4
ROE1-MICRO-MIX,32
ROE1-CMP250-VV-B,6
ROE1-CMP300COMBI-B,5
ARC1-24935C,0
ARC1-13840C,12
CAM1-62HP-150,58
CAM1-8FB434-151,62
CAM1-BR258-119,82
CAM1-HT14CW-135,122
CAM1-GB850CW-135,82
CAM1-40CWD-135,0
CAM1-90HPC-150,28
CAM1-1014CT-138,1
WNK1-WIN1-20,1163
HUA1-01-701,811
PUJ1-302.110,2
PUJ1-302.116,7
PUJ1-311.001,10
PUJ1-209.050,11
PUJ1-116.060,1
PUJ1-141.036,18
PUJ1-716.011,30
PUJ1-717.008,5
PUJ1-785.018,2
PUJ1-769.008,16
PUJ1-817.008,29
PUJ1-815.004,27
PUJ1-815.009,26
ROB1-Z12150P,0
TRA1-1014-191,1
TRA1-1014-21,0
TRA1-102-02,0
TRA1-1698,28
TRA1-260,0
TRA1-2808-02,1261
TRA1-312-02,9
TRA1-710G,0
TRA1-1375-31,0
CTP1-GS-10925-55-SPS-BK,167
CTP1-KB-2266-300S-BK,49
PRC1-KK-RR3225E,13
PRC1-TK-MCHH5,339
PRC1-TK-SC15,1210
PRC1-KK-WP36BPH,34
PRC1-BK-PCS10,86
PRC1-KK-SCR4K,46
PRC1-TK-TNG201,0
LKK1-AP838,6
CTP1-KB-06-90SYD-BK,42
TRA1-TC1,8
CAM1-HT22CW-196,737
CAM1-1HFPRO4PKI-190,472
TAC1-RAMS2BK,0
TAC1-RAMS2W,7
CTP1-KB-06-90YD-GR,117
CTP1-KB-2258-150-WH,3
CTP1-GS-10313-110,28
CTP1-SCP-NS-360-BR,34
CTP1-SCP-NF-400-BR,12
CTP1-SCB-SW-240,25
CTP1-KB-2201-200-PL,90
CAM1-BWM10CW-135,69
TRA1-516-0505,28
CAM1-ESU215472V4-580,1
CAM1-EPP160-110,33
PUJ1-836.215,2
PUJ1-375.035,0
PUJ1-302.118,7
PUJ1-393.100,7
PUJ1-615.000,6
CAM1-SPOP11CW-110,0
CAM1-PT1418-110,33
CAM1-64HP-772,0
PUJ1-705.032,12
CAM1-6SFSP-148,32
CAM1-BC340KD2SB-480,3
CAM1-16S418-151,0
CAM1-20S434-151,0
CAM1-1216FF-106,1
PUJ1-850.023,6
CAM1-9S958-151,0
CTP1-PS-2213-200,160
CAM1-SPOP10CW-110,2
TOP1-001,12
TOP1-20159,6
SIR1-40115150,1
CTP1-GS-10928-RH-BK,124
CTP1-GS-30502-200-WH,153
CAM1-32PP-190,123
CAM1-1014FF-167,96
CAM1-9S434-151,0
ROE1-28113W,7
TAC1-3774T,370
VOL1-40622,1
CAM1-15CLRCW-135,1
CAM1-1216FF-119,74
CAM1-TGG6-133,2
CAM1-1200P-152,51
CAM1-LD85-133,23
CAM1-HT12CW-196,182
CAM1-18263P-148,0
CAM1-BWP14CW-135,67
WNK1-E8GN11150P,9
PUJ1-205.035,2
PUJ1-205.040,10
PUJ1-207.028,0
PUJ1-314.212,21
PUJ1-363.000,6
PUJ1-350.226,2
PUJ1-350.630,4
PUJ1-781.014,8
PUJ1-783.024,18
PUJ1-801.048,12
PUJ1-812.003,4
SIR1-DF3,0
TRA1-2340-02,0
TRA1-TR13,13
TRA1-WR1003,2
BER2-HT-CG1.4KW,5
LKK2-PILOT-LIGHT-G,0
ROL2-A18023,0
BES2-32189300,2
HAT2-R02.19.008A.00,2
LKK2-LIMIT-SWITCH,2
ROL2-C04005,0
ROL2-A14084,9
ROL2-A01023,39
BER2-HT-DRY2.7KW-BA,5
PRC1-BSK-IS12,54
PRC1-BSK-IS15,85
SIR2-MF2109,2
ROL2-H03022,4
ROE2-89102,2
JTA2-301010209,8
CAS2-533894600R,6
SIR2-19403042,14
ROB2-EC0273,1
LKK2-YELLOW-NIC12,1
BER2-KN-250,2
TOP2-98-HD,1
PMF2-5S010050,0
PUJ1-302.212,1
JTA2-20110003102,1
CTP1-GS-10861-BK,117
CTP1-JP-1133-165,88
SIR2-IW1071230020,1
JTA2-302170045,6
ROE2-89175,2
CAS2-430119010,2
JTA2-20118003011,3
ZNS2-0C3162,6
ROE2-118512S,3
MBM2-164738,3
PUJ1-149.228,3
SIR2-19410135CU.12,3
TOP1-003,2
ZNS1-865273,3
LKK2-PCP027,0
PUJ1-143.036,2
PUJ1-846.025,3
PUJ1-846.200,2
PUJ1-317.430,0
PUJ1-848.014,2
COG2-65810,1
PUJ1-118.135,33
TBA2-KF84900105,1
SIR2-MF2104,2
CAM1-1014FF-110,128
PUJ1-116.150,10
VRM2-56CR20P-22,1
BER2-IC-VCM-AP-RB,2
HOU2-065016,1
NTS1-ALI1-23,8
CTP1-GS-10927-ZS-BK,118
PIT2-60084502,22
SIR1-W8-40-EASY-TOUCH-BX,0
LTE1-N80021,2
SIR2-19390760,10
SAN2-58202,0
BES2-22287500,2
CAS2-532392500,4
CAS2-532009600,3
HAM1-6126-455-CE,24
ROE2-39927,2
HOU2-20800173,2
ROB2-SC0038,0
TAC1-4214,22
TAC1-CB1824BLB,174
CAS2-965088000,1
LKK1-RG-5,2
ROE1-R4-VVB,6
SAN1-02,2
SIR1-APOLLO-Y15-CHR-PL,3
PMF1-IBM-20,1
SAN1-37-4I,1
JTA1-EB-800,0
PMF1-DSA500RP,7
SIR1-TC32-NEVADA-TF,1
ROL1-RBE80Q,0
HAT1-TQ3-500H-BLACK,0
HAT1-RCTHW-1,0
TBA1-KF45-2-LW,1
TBA1-KR65-6-LW,1
TBA1-KUF9-1-LW(750-MM),2
TBA1-KURF12-2-LW(750MM),1
BER1-GG4BFS-17,0
ROE1-MP350ULTRA-COMBI-LED,9
BER1-B3D-C7-7-SM-L(750),0
BER1-EG3500-17,2
ROE1-CL52E,2
ROE1-BLIXER-4A-MONO-230-1,3
ROE1-BLIXER-5VVG-230-50-1,1
ROE1-R5VVG-230-50-1,0
RON1-STM615.A,4
ROL1-RFE16C,2
ROL1-RFG16-C,2
HAM1-HMI021-CE,0
LKK1-ETS-4,0
PUJ1-991.010,0
ROB1-GSA610R,1
ROE1-R201-XL-ULTRA,2
ROL1-PZ4302D,1
ROE1-R211-XL-ULTRA,0
LIN2-NE38,6
ROL2-A07014,2
LIN2-SW59,5
LIN2-TH58,10
CTP1-KB-2266-250P-BK,139
CTP1-KB-3808-150A-BK,140
TOP2-M98E-CC04-C,4
BER2-CI-LBT-1,16
SIR2-19563558,2
SIR2-IB5256202,7
ROL2-B02049EMA,2
HAM1-HMD200R-CE,37
ROE2-129451S,6
BER2-IC-VCM-E-CH,13
COG2-456076,2
COG2-429079,1
CAM1-30GE2-151,14
ROE2-39088,2
ROE2-39833,2
CTX2-67857,4
SIR2-19510460UN,2
SIR2-19525071UN,2
SIR2-19533795UN,2
SIR2-19525070UN,2
SIR2-19530460UN,2
SIR2-19541520,2
SIR2-19531303UN,2
SIR2-19511817UN,2
SIR2-19522639.12,2
SIR2-19510453P,2
SIR2-19511760UN,2
SIR2-19562808N,2
HOU2-30520034,3
ROE2-117100S,7
SIR2-19530161.13,2
HOU2-069023,2
ROE2-303051,2
SIR2-29530352L,2
HAT2-021877700,4
ROL1-PSR400GE,2
SIR2-LF1013063,3
SIR2-LF102120030,2
BER2-WA-MGTCTC,2
HAM1-HVC406-CE,4
TOP1-006S,9
CRO2-9110-1,2
COG2-65812,2
ROE2-39331,6
"TOP2-98-H44""",3
TOP2-98-HTF,6
TOP2-98-WB,5
ROE2-39332,3
ROE2-59080,10
HOU2-30520192,2
ROE1-MINI-MP-190-COMBI.A,34
MBM2-RTCU700389,3
ROL1-DOUBLE-PANINI-R-220V,2
HAM2-990059900,2
SIR2-19310264,2
ROE2-39756,2
TOP1-9817-008VDJ,0
SIR2-FG92010C,3
HAM2-990083600,3
ROL2-A05017,1
ROL2-A13021,10
TBA1-KUR15-3D-6-LW(750MM),5
ROL2-53120SEEM,3
ROL2-D02161,3
ROL2-A06035-1,2
ROE2-39346,5
TOP1-9816,3
LIN1-CIBOPLUS-B,7
MBM2-KFB70S,2
MBM1-MFB77TXS,3
HOU2-30120176,2
HOU2-30700015,2
HOU2-30420002,2
SIR2-GM5636950A,2
COG2-121139,2
COG2-80871,8
COG2-111030,2
COG2-143189,2
ROL2-H01011,6
BER2-CC-16-C5-6-1,2
HAM2-990156400,7
MBM1-MCPG77A,2
BER2-NT-UR4-6D-C-S,6
LIN2-EL177,2
MID2-M1115,2
MID2-M1116,2
ROE2-89101,3
NTS1-HL2G-RB,4
NTS1-SBM-085,32
PIM1-TM-4,2
NTS1-FP-S-20,2
NTS1-SN8023,16
NTS1-SN4056,24
NTS1-SN4244,18
NTS1-WIB-BS190-7,9
NTS1-CFP2-40,6
NTS1-CSSA-16,5
NTS1-CHSP-DL30,2
NTS1-SP-AL-20,34
NTS1-HLCR1C-RW,3
NTS1-LOBS-P,50
NTS1-CHSP-DL8,0
PIM2-ESK-10-02,17
NTS1-HLS1S-SB,0
NTS1-SN5786,22
NTS1-FUN-OL,26
NTS1-GRI-S,0
NTS1-HLCS2C-SSG,2
NTS1-CSSA-18,5
NTS1-CSP-20,7
NTS1-CSPL-40,2
NTS1-SP-AL-14,6
NTS1-CSPL-32,2
NTS1-SBM-090,12
NTS1-SBM-025,10
NTS1-SN9083,38
NTS1-SBM-017,14
NTS1-SBM-029,29
NTS1-SBM-040,12
NTS1-SBM-052,10
NTS1-SBM-111,22
NTS1-SBM-112,10
NTS1-SN5009,26
NTS1-SBM-142,17
NTS1-CSSA-22,4
NTS1-FP-S-30,4
NTS1-FSP-W,0
NTS1-CHSP20,3
NTS1-FPA-AL-24BH,5
NTS1-CAR1-17,86
NTS1-FP-S-24,4
NTS1-CHSP16,3
NTS1-LADLP-6,8
NTS1-CD-6L-04,5
NTS1-SP-AL-12H,4
NTS1-FPA-AL-22BH,8
PIM1-TC-1,7
PIM2-70100410855L,6
NTS1-PT-AL18W,50
PIM1-EWB-50,1
PIM1-COMBI611,1
PIM1-COMBI1011,0
PIM1-COMBIPRO1011,2
SEV2-TPT2000,0
SEV2-WDC,0
SEV2-TPT400,0
SEV2-TPT600,0
SEV2-TPT700,0
SEV2-TPT1000,0
SEV2-TPT1500,0
SEV2-TPT3000,0
PIM1-SM310L,2
PIM1-IMB650-650W-BL450N,1
PIM1-ELE-KS3P,2
PIM1-KT1200-D,2
PIM1-KT1200-DW,44
PIM1-GH-822,2
PIM1-S36-2,2
PIM1-EDO1-10C-BK,1
LKK2-CONTACTOR-380-V,1
SEV2-00285,0
SEV2-00289,0
PIM2-302100019,2
SEV2-KB8,0
PIM2-301010251,1
LCR1-1LT17DR14E,0
LCR1-1LS21BD27,476
LCR1-1LS21CB19,289
PIM1-WHISK185,2
SEV3-MA011-1,0
SEV3-MA032-2,0
SEV3-MA052-1,0
SEV3-MA058-1,0
OCG1-1B24522,0
OCG1-4GB002C003,0
OCG1-44A0001,0
OCG1-1501B15,154
OCG1-1B01206,1
OCG1-1P00115,0
OCG1-1501P04,1
OCG1-1P02807,39
OCG1-1P02615,0
OCG1-1B13013,20
OCG1-1015M12,1
OCG1-1B00409,1
OCG1-1026F07,1
OCG1-1B17014,1
OCG1-1B13634,1
OCG1-1530R16,1
CHE1-PROCLEAN12-10L,0
PIM2-20210003007,6
SEV3-MA067-1,0
SEV2-00314,0
STS1-TBSB500A,0
STS1-STFB800A,18
STS1-TBS1100A,1
STS1-DOVS1500,0
STS1-STFB700A,0
STS1-2TBNFB1500A,0
STS1-2CBNFB1500A,0
STS1-TBS1600A,0
STS1-STFB1000A,0
STS1-WCSD-C,0
STS1-PLWMC1800A,0
SEV3-02-0473,2
SEV3-10-0448,0
SEV3-10-0449,0
ASL2-HN-DP-35,1
SEV3-SERV5500,0
SEV3-SERV8500,0
SEV1-CBG01B16-15S000MN,1
RIN2-0001,2
PRC1-TK-RD-4,0
PIM2-30402009,2
MMT2-59154464,2
PRC1-BSK-DS12,130
PRC1-BSK-IB13,157
PRC1-BSK-IB24,6
PRC1-BK-PM39,74
PRC1-BSK-WTS21,0
PRC1-KK-KTSO16P,85
PRC1-KK-AM05,9
PRC1-BK-PCUT7,35
PRC1-BK-PS14,14
PRC1-KK-COLE32,29
PRC1-BSK-ICM15SBL,82
PRC1-BSK-ICM15SDW,98
PRC1-BSK-ICM15SW,39
SEV1-00138,0
DAN2-MPT18LA,2
PRC1-KB-KW-I-E-W-O,5
PRC1-KB-KW-II-X-H-0.5,12
PRC1-TB-PST-II-A-0.7-45,1
PRC1-KB-FYS-VII-O,0
PRC1-KB-CP-I-A-12-BL,0
PRC1-KB-CP-I-A-9-G,0
"PRC1-TB-MSH-8""",129
PRC1-KB-KT-I-B-14S,0
PRC1-KB-KT-XII-A-2,6
PRC1-BSB-BS-III-U,281
PRC1-TB-TW-II-C1-MID,140
PRC1-KB-KW-I-K,498
PRC1-KB-KW-II-D-4,0
STS1-BKTT495-1500,0
STS1-2HSB-C,0
STS1-GRID-C,0
PIM2-301030025,6
PIM2-70101200046,8
PIM2-70101101455,4
RJ2-SPFCF-0082,1
PIM2-70200402973L,3
PRC1-KK-CST22P,54
PRC1-KK-CST26P,63
PRC1-KK-MPDH38H,89
PRC1-TK-MCHP03PVDG,361
PRC1-A12-EA3040,0
SEV3-02-0903,4
SEV3-02-0753,2
SEV3-02-0757,6
PRC1-KK-SC1,26
PRC1-KK-SC7,35
PRC1-KK-CS1,5
PRC1-KK-CBS4R,0
PRC1-TK-CKS3,18
PRC1-BK-PTWP10,47
PRC1-BK-PTWP13,142
PRC1-BK-PTWP15,23
PRC1-BK-PTWP16,105
PRC1-TK-RD3,12
PRC1-BSK-K45,446
PRC1-BSK-PPB,1395
PRC1-BSK-PPBK,1315
PRC1-BK-DPC9,36
PRC1-BK-PZ-DRPE800,0
PRC1-BK-PZ-DRPE878,18
PRC1-TK-BSK96,38
PRC1-TK-SNT150,30
PRC1-KK-SHD12,22
PRC1-KK-PIC12,0
PRC1-BSK-WB46,0
NTS1-HLCS4-SSBG,0
NTS1-HLR1G-OB,1
NTS1-HL-300A2-RD,2
NTS1-HLR1S-SSCB,3
NTS1-RPTT-463-1700,0
NTS1-SD-500-2,0
NTS1-MIR-3M8,0
NTS1-FPA-SSNS-D240,6
NTS1-FPH-SSNS-D240,0
NTS1-CSSP-D280,0
NTS1-CSSP-D300,2
NTS1-CSSP-D320,6
NTS1-CSSA-D160H95,0
NTS1-SN4091,0
NTS1-TABS-A4,2
NTS1-SN4219,1
NTS1-SN3381,0
NTS1-LADL-20,0
NTS1-SN3592,1
NTS1-SN5077,1
NTS1-SN6051,0
NTS1-ICED-L3,0
NTS1-SHFB-500-283,1
NTS1-HTT-T10BL,40
NTS1-MIB-3,2
NTS1-MIB-4,6
NTS1-MEF-S,93
NTS1-MEF-BK,105
NTS1-BOW-S5,0
NTS1-SF-T42BL-CS,17
NTS1-PVL-SS-1300,13
NTS1-PVL-SS-2250,21
NTS1-SN0495,0
NTS1-FPB-SS-D240,11
NTS1-FPB-SS-D320,18
NTS1-CSSP-D200,6
NTS1-CSSP-D360,15
NTS1-CSSP-D400,16
NTS1-CSSP-D500,14
NTS1-CSSP-D550,7
NTS1-CSSP-D6007,12
NTS1-CSSP-D6008,10
NTS1-CSSA-D140H85,5
NTS1-CSSA-D180H100,18
NTS1-CSSA-D220H130,19
NTS1-CSSA-D200H70,13
NTS1-CSSA-D240H80,14
NTS1-BSP-H130,17
NTS1-BSP-H135,12
NTS1-BSP-H160,9
NTS1-SP-H80,21
NTS1-ICBP-3,0
NTS1-WIN1-18,834
NTS1-WIN1-28,486
NTS1-ICED-L4,26
NTS1-SN4130,0
NTS1-SN4082,15
NTS1-WIB-SR19-7,12
NTS1-CSSA-30,1
NTS1-C-PC-O,0
NTS1-SN3571,6
NTS1-SBM-078,0
NTS1-ICED-S1,6
NTS1-SN3306,13
NTS1-PM300450-11,3
NTS1-PM300450-27,125
NTS1-PM300450-38,17
NTS1-MFM,1
NTS1-PPM-W6,10
NTS1-SKIMM-16,2
NTS1-FAB-S24,2
NTS1-CHSP8,56
NTS1-WIB-D23,18
NTS1-WIB-G20,7
NTS1-BSP-9,1
NTS1-FCH2-4,5
NTS1-WH-S,0
NTS1-DC-PC16,0
NTS1-EGG-C45,0
NTS1-CHSP-DLH24,14
NTS1-NCT-23,3
NTS1-NOV1-2-2,70
NTS1-NOV1-13,515
NTS1-SN9051,1
NTS1-TUL1-16,398
NTS1-PDC-40D,9
NTS1-FCYL-P1-3,12
NTS1-PCU-65,12
NTS1-PCCM-026,3
NTS1-LOP-12,1
NTS1-LOP-16,15
NTS1-LADL-18,0
NTS1-SN2006,3
NTS1-SN2306,3
NTS1-CLAD-L4,0
NTS1-NOV1-9,384
NTS1-ALI1-4,210
NTS1-COV-R12,33
NTS1-SBM-010,5
NTS1-SBM-030,1
NTS1-SBM-032,3
NTS1-SBM-051,2
NTS1-SBM-061,6
NTS1-SBM-098,0
NTS1-SBM-099,3
NTS1-SBM-116,4
NTS1-SN79539,1
NTS1-SN5741,2
NTS1-SN5742,2
NTS1-SN79529,0
NTS1-CSTR-30,0
NTS1-FCY-P,8
NTS1-PCCM-064,6
NTS1-NCT-17,0
NTS1-NCT-19,1
NTS1-SBM-138,8
NTS1-FP-S-26,4
NTS1-MFS5,5
NTS1-COV-R16,3
NTS1-NAJ1-5,98
NTS1-NAJ1-9,80
NTS1-NAJ1-11,0
NTS1-SBLS1,20
NTS1-ICED-S5,1
NTS1-PBSI-WH18,11
NTS1-NOA1-6,94
NTS1-CAR1-16,30
NTS1-HOW1-14-O,16
NTS1-HOW1-17,96
NTS1-KAN1-12,415
NTS1-KAN1-14,182
NTS1-CHSPH20,3
NTS1-FBT7,3
NTS1-PCU-42,11
NTS1-PT35,11
NTS1-PT56,12
NTS1-PTIP-19BL,2
NTS1-PTS-FM2,17
NTS1-PTS-TMS13,0
NTS1-SCRA-40SBH,10
NTS1-SCRA-60L,13
NTS1-SP-AL-24,11
NTS1-SPL-AL-22H,14
NTS1-TOH-12-BL,27
NTS1-MCS1000,0
NTS1-BOWL-WD40,11
NTS1-CHSP14,0
NTS1-SKIM-16,28
NTS1-SBLS3,4
NTS1-CED-4L-3T,1
NTS1-PM300450-64BS,61
NTS1-CD-4046-4L2,2
NTS1-CD-101-9L1,17
NTS1-CD-401-4L1,18
NTS1-FBT4,4
NTS1-FPA-AL-30BH,0
NTS1-SAK1-7,191
NTS1-SAK1-8,191
NTS1-SAK1-27,222
NTS1-PTIP-32H,6
NTS1-SN5782,17
NTS1-STP-AL-30,6
NTS1-PT-AL12N,110
NTS1-CS-110-SV,0
NTS1-BODY-STD47,1
NTS1-LAD-1,12
NTS1-FT-68,390
NTS1-CSS-H3,11
NTS1-SBM-119,12
NTS1-FPB-SS-D260,9
NTS1-FPB-SS-D280,13
NTS1-CSSA-D240H135,6
NTS1-SP-H85,19
NTS1-SN8022,11
NTS1-SP-AL-20H,8
NTS1-WIC-1,4
NTS1-CHSP-DL14,0
NTS1-CHSP-DL18,5
NTS1-TABS-B8,20
NTS1-PM300450-30,34
NTS1-NCT-27,11
NTS1-PBD1,32
NTS1-PST-10,10
NTS1-SN6014,0
NTS1-SN5728,10
NTS1-DIS1H,3
NTS1-CSPO-24,5
NTS1-NOV1-3-2,15
NTS1-FAB1-27,690
NTS1-PLEK-154,0
NTS1-PTS-TM7,9
NTS1-SN5076,2
NTS1-SN5443,1
NTS1-PBSI-YL16,14
NTS1-PCCM-010,5
NTS1-SBM-067,5
NTS1-SBM-110,10
NTS1-PFRS-10,0
NTS1-ICB1,72
NTS1-ICB2,4
NTS1-ICBP-1,6
NTS1-PCCM-048,6
NTS1-PCCM-090,3
NTS1-SN3283,9
NTS1-SN9088,2
NTS1-ALI1-30,275
NTS1-SP-AL-16,10
NTS1-SBM-015,6
NTS1-SBM-016,3
NTS1-SBM-049,4
NTS1-SBM-060,6
NTS1-SBM-072,5
NTS1-SBM-076,3
NTS1-SBM-127,2
NTS1-SBM-095,0
NTS1-SBM-096,1
NTS1-SBM-113,2
NTS1-SBM-115,4
NTS1-SBM-124,12
NTS1-SN3573,0
NTS1-SN3860,14
NTS1-SN5723,8
NTS1-SN5743,2
NTS1-SN6403,6
NTS1-SN6801,6
NTS1-PCCM-002,10
NTS1-PCCM-014,6
NTS1-PCCM-017,5
NTS1-PCCM-033,5
NTS1-PCCM-056,11
NTS1-PCCM-068,3
NTS1-PCCM-P-01,3
NTS1-NCT-20,1
NTS1-SBM-129,4
NTS1-SCM-02,2
NTS1-SCM-19,4
NTS1-SCM-28,10
NTS1-SCM-34,4
NTS1-CSPO-22,8
NTS1-MPS600-CL,6
NTS1-DC-PC6,0
NTS1-EGG-H,0
NTS1-ISC1-16,0
NTS1-ISC1-6,182
NTS1-PAS-S,11
NTS1-LADLP-10,21
NTS1-CD-9L-03,29
NTS1-CB11-100L,0
NTS1-CD-385-1-POR,43
NTS1-KAN1-5,375
NTS1-KAN1-9,582
NTS1-NOA1-16,66
NTS1-FAB1-40,0
NTS1-KAN1-16,186
NTS1-CSFP-30,2
NTS1-ICED-S4,0
NTS1-MCS1,18
NTS1-SCRA-40S,5
NTS1-CU-D10LB,5
NTS1-SKIM-20,2
NTS1-PM300450-58BS,62
NTS1-PM300450-59BS,77
NTS1-PM300450-61BS,74
NTS1-PM300450-65BS,38
NTS1-PM306455-1,0
NTS1-CHSPH30,5
NTS1-SN7033,42
NTS1-PT-AL16W,120
NTS1-TBACH-4-1,0
NTS1-ALE1-9,0
NTS1-ALE1-18,0
NTS1-KNC-8WH,0
NTS1-LAD-W3,1
NTS1-SN4216,1
NTS1-SN6021,0
NTS1-SN6226,0
NTS1-SN6303,1
NTS1-EGG-C48,0
NTS1-WIC-2,0
NTS1-HOW1-12-1,0
NTS1-WIN1-14,0
NTS2-YUDJD-002,14
NTS2-WDV-15L-01,2
NTS2-WDV-15L-07,4
NTS2-WDV-15L-08,3
NTS2-WDV-15L-09,4
NTS2-JD-8LS-PC-001,9
NTS2-ESK-10-TMS,46
NTS2-RUB-SSG22,8
NTS2-CED-7L-PC-03,6
NTS1-HLCR3C-W-OH,2
NTS1-MU-E6L,1
NTS1-HLCR2CC-SW,2
PIM1-COMBIPRO611,1
SEV2-TPT900,0
PIM1-EDO1-20C,0
PIM1-EDO1-20CS,0
PIM1-DH-580,0
SEV3-10-0495,1
ROE2-600457,1
SEV3-10-0494,0
LKK2-00009,2
LKK2-00010,2
SEV1-00479,0
SEV2-00269,0
SEV2-00270,0
SEV2-00271,0
SEV2-00272,0
SEV2-00273,0
SEV2-00274,0
SEV3-02-0782,4
SEV1-00485,0
PIM2-301110061+301110417,11
SEV2-00284,0
LCR1-3GS000003G0052,1
BER2-00009,0
SEV1-GB,10
LCR1-1LT17LD15E,1
LCR1-1LS03BD26E,481
LCR1-1LS21CD14,481
LCR1-1LS21CP10,481
PIM2-302110090,5
SEV3-MA013-1,0
OCG1-1B11010,58
OCG1-1503G12,25
OCG1-44A0003,0
OCG1-1015A21,116
OCG1-1015D22,97
OCG1-1B21314,115
OCG1-1B00210,58
OCG1-1V13621,1
OCG1-1501L02,1
OCG1-1P02618,0
OCG1-1503C07,1
OCG1-1C18513,1
OCG1-1P00843,0
OCG1-1B02313,1
OCG1-1026A21,1
OCG1-1B17012,1
OCG1-1S14410,1
OCG1-1B13315,1
OCG1-1B12013,1
OCG1-1B24608,2
OCG1-1B24612,1
OCG1-1B24613,1
OCG1-1533D19,0
OCG1-1533E11,0
OCG1-1032A22,0
OCG1-1032R15,19
BER2-00008,2
RON2-W608L2320,0
BER2-IC-IK-STARTER,2
RON2-W600L2367,0
STS1-CSSD1800A,0
STS1-CLDSTBB800A,0
STS1-4PL1000,0
STS1-RCTL530,0
STS1-GNTL-C,0
STS1-TB2DW1600A,0
RON2-W470L1440,0
STS1-3ST2FB2300B,0
SEV1-DC800,0
PIM2-GDO-003,1
STS1-SPSB-HI-C,0
KLT1-CLEAR-RED-4570,3
KLT1-CINNAMON-BROWN-4570,2
ASL2-HN-FAN,16
ROE2-510217,0
PIM2-PFB14-HC,1
PRC1-TK-SC20,2073
PRC1-TK-SC45,2110
PIM2-EWB20-21-26,0
PRC1-BK-PM40,2
PRC1-KK-TB32,0
PRC1-KK-AM1,72
PRC1-KK-MH20,92
SEV2-FUSE-3A,35
PIM2-30409009,10
PRC1-KB-T-I-D-7-0.5,0
PRC1-TB-SFS-I-A-2.5,0
PRC1-BSB-BGS-III-F-24,0
TOA2-1850854,1
RON2-W470L1460,0
LKK2-00001,0
VRM2-R60-91,1
SEV3-05-0023,48
RON2-W640L2700,0
PRC1-KK-SCR5PHDL,50
PRC1-TK-MCHH3,102
HAT2-023008300,0
LKK2-6206-2Z,2
PRC1-TK-MCHSQ02,256
STS1-3TBNFB-C,0
STS1-655X825X600,2
LTE2-O2873,27
SEV3-02-0891,1
SEV3-02-0754,1
SEV3-02-0755,2
HOS2-A6+A22,0
PRC1-TK-OP50,117
SEV3-04-0039,0
SEV3-02-0256,14
WIN2-61006065,1
LKK2-00011,2
SEV2-00268,2
PIM2-TC22-14,2
PIM2-TC22-24,3
LAC2-1241033,2
SEV2-00280,1
PIM2-MS-041-300T,2
RIN2-AN1120,1
RIN2-AN1121,1
RIN2-AN1114,1
PIM2-20210005012,2
PIM2-20110003401,2
OCG1-5V20558G0301,1
OCG1-1R00219,1
PIM2-70101000028,4
STS1-WCSSW-C,1
STS1-CSSDB-C,2
PIM2-C-17B,2
PIM2-BGR-71C,2
PIM1-EDO3-60CS,1
STS1-COVER-C,1
LKK2-06MF,1
PIM1-GDO3-60A,1
SEV1-SR-13G02-00AS00MN,3
PIM2-GDO-015,3
PIM2-TC12-22-18,2
PIM2-TC12-22-19,2
PIM2-TC12-22-20,1
PIM2-TC12-4-5,2
PIM2-TC12-8-8,2
SEV2-00187,1
ASL2-HN-MB50-15,1
PRC1-BSK-MRGC12,36
PRC1-KK-KTSO14P,70
PRC1-KK-KTSO16F,82
PRC1-KK-KTSO32,33
PRC1-KK-AM4,81
PRC1-KK-FPP8,32
PIM2-MS-062-6202,1
PIM2-MSS-7H-17,1
PIM2-MSS-7H-30,1
DAN2-GPY16RAB,1
PIM2-BSC31-POSW,2
PIM2-PFB16SC-008,2
PRC1-TK-SRWB6,14
PRC1-KK-CST20P,72
PIM2-MS300-008,2
PIM2-MS-004,2
PRC1-BSK-PPKG,1428
PRC1-TK-SPG33,50
PRC1-BK-SS45,33
NTS1-BH-MIS01,6
NTS1-HLCR1C-MSS,2
NTS1-MIB-6,12
NTS1-LAD-150S,118
NTS1-FPA-SSNS-D340,10
NTS1-SINK404030,17
NTS1-KNC-12BR,2
NTS1-SN4140,6
NTS1-HLR1S-SB,1
NTS1-WIB-2V,13
NTS1-KNC-12BL,17
NTS1-HLCR2G-OW,2
NTS1-HLH2G-SB,2
NTS1-HLR2G-SB,3
NTS1-SKIMM-20,3
NTS1-NCT-06,12
NTS1-PCCM-122,9
NTS1-SN77914,410
NTS2-CD-101-9L-D,3
NTS1-FPA-AL-32BH,8
NTS1-PCCM-P3D-05,6
NTS1-HLCH2S-SSM,1
NTS1-PLEK-150,6
NTS1-MLK200,10
NTS1-SEKI-16,20
NTS1-SCM-41,6
NTS1-SCM-42,2
NTS1-PCCM-P3D-02,2
NTS1-PCCM-043,2
NTS1-PCCM-094,5
NTS1-SBM-050,1
NTS1-SBM-054,1
NTS1-SBM-075,7
NTS1-SBM-105,1
NTS1-SN5431,2
NTS1-SN6803,2
NTS1-CHSP-DL16,12
NTS1-PCCM-022,6
NTS1-PCCM-028,6
NTS1-PCCM-157,6
NTS1-PCCM-158,10
NTS1-PCCM-3D-7,11
NTS1-SBM-133,1
NTS1-SCM-25,2
NTS1-SCM-27,3
NTS1-SCM-29,4
NTS1-SCM-39,3
NTS1-PFRSSC-30,8
NTS1-C-PC,1
NTS1-ISC1-4,116
NTS1-DC-PC4-O,13
NTS1-CAR1-1,96
NTS1-FAB1-29-L,58
NTS1-CHSP24,7
NTS1-CHSP-DLH14,11
NTS1-CHSP-DLH22,14
NTS1-CHSP-DLH30,1
NTS1-PPM-G14,10
NTS1-SPL-AL-16H,10
NTS1-CHSP30,6
NTS1-SBL24-1,5
NTS1-SBLS2,5
NTS1-CHSPH18,9
NTS1-FBT6,1
NTS2-EWB-24-019,6
LKK2-6206Z,0
SEV1-00478,0
PIM2-TC12-CGA,0
SEV1-00481,0
SEV2-00277,0
SEV2-00278,0
SEV2-00282,0
SEV2-00283,0
HSK1-IM-65A,0
SEV2-00286,0
SEV2-TPT1200,0
NTS1-DS1250028,0
NTS1-DS1250029,0
NTS1-DS1250030,0
SEV2-NMTL0040007,0
SEV1-3948CDB,0
STS1-STFB1200B,0
STS1-PLWMC-C,0
NTS1-LID-ST47,0
SEV3-MA057-1,0
OCG1-1P02617,0
KOT1-MRC-1,0
NTS1-FM-40,0
LCR1-3PB001A01101G0003,0
LCR1-3PB001A02101G0003,0
LCR1-4GH006C00901G0004,0
SEV3-MA064-1,0
SEV3-MA068-1,0
SEV3-MA071-1,0
NTS1-PFRS-25,0
NTS1-SN4237,0
NTS1-PFRSOV-26,0
NTS1-PPP-3,0
NTS1-KB-WD150,0
REF1-SSK-1207X,0
RTN2-87.01.770S,0
STS1-EXW2100,0
STS1-TBB1800A,0
STS1-OPCSB500A,0
STS1-OPCS700A,0
STS1-STF1400A,0
STS1-IBCB500A,0
STS1-MBIBSD-C,0
STS1-TBSB900A,0
STS1-TBSB1600A,0
STS1-CLDSTB-C,0
STS1-IBC900A,0
PIM1-MS220-120W,0
PIM1-MSS-3H,0
PIM1-MSS-16H,0
NTS1-SN5440,0
NTS1-PBSI-WH16,0
NTS1-SN2007,0
ASL1-CB8060E-WH,0
NTS1-SBM-058,0
NTS1-SBM-073,0
NTS1-SBM-126,0
NTS1-SN3572,0
NTS1-SN5293,0
NTS1-SN5295,0
NTS1-VASE0737,0
NTS1-CAR1-6,0
NTS1-NOA1-13,0
PIM2-TC12-22-24,0
NTS1-CHSP22,0
MMT2-M0805203,0
MMT2-59174520,0
STS1-EXWFRA1200A,0
RTN2-16.01.748,0
PIM2-MS300-031,0
PRC1-KB-KT-XII-A-1.5,0
RON2-W470L2400,0
STS1-SODSTB1SGHBL-S-C,0
NTS1-STP-AL-32,0
NTS1-CT-MIXER6L,0
NTS1-BD-1500(L),0
PRC1-DRC-15,0
PRC1-DWA-6,0
RTN1-ICOMBI-PRO-20-1-1-E,0
NTS1-TRAY-AL153,0
PRC1-KK-PSP20,0
PRC1-BSK-BRW5R,0
PRC1-BSK-BRW7R,0
PRC1-TK-MCH015-PBLK,0
PRC1-TK-MCH015-PVDG,0
PRC1-BSK-JI41,0
PRC1-TK-MCH015,0
RTN1-ICOMBI-PRO-XS-6-2-3E,0
STS1-B-C,0
SEV2-SERV3900,0
SEV2-00257,0
HOS2-A7,0
HOS2-A13,0
NTS1-BCW-25-20169,0
BER2-LE-LAMP18W,0
WNK1-E8GN1465,28
LKK1-RG-9,3
LTE1-N8004,0
PUJ1-115.040,0
PUJ1-138.040,4
PUJ1-350.540,1
PUJ1-708.024,5
PUJ1-725.020,12
PUJ1-396.009,7
ROE1-27047,4
ROE1-27066,2
ROE1-27069,3
ROE1-27070,2
ROE1-R401,2
SAN1-71C,0
SIR1-TC32-DALLAS-220V,0
SIR1-DT3,3
SIR1-PS8,6
SIR1-DISC-PS10,5
SIR1-12Q-3000W,2
TRA1-4843-01,4
ROL2-D02013,10
SIR2-MSC04N136,2
SIR2-MSC06N104,6
ROB2-PC0015,1
LIN2-EL104,2
WIN2-61006178,0
NUO2-09000015,1
SIR2-SM591519,4
ROB2-VS0250,20
SIR2-IV5820010,3
HAM1-BW800SS,1
PUJ1-764.014,7
ZNS2-0A2914,2
SAN1-38,0
JTA1-JZH-HQ-4,0
JTA1-4ATS-A,0
JTA2-302170028,16
JTA1-JZH-RA-6,0
SIR1-KATANA-6,1
SKP2-PM021H0010,2
HAM1-1G96700,0
SIR1-SO1650INOX-MN-BANCO,0
SIR1-TOP-R-R,1
ROL1-SAVOYE-L,1
CAM1-PT1600-110,54
BER1-BS2D-C5-6-L(600),2
HOU2-30900235,2
SIR2-IW1039201,0
SIR2-19021461.14,2
SIR2-19320219,0
ZNS2-0C4463,2
SIR2-LF1533045I2,7
JTA2-301080150,0
MID2-70926,3
ROL1-CT3000-B,2
CTX2-3102458,16
CAM1-TGG9MD-786,66
LKK2-33,4
MBM1-MG7EFT777LR,0
VRM2-AR005-075-TS001,3
TBC2-102075,2
LKK2-PCP021,2
LKK2-PCP022,2
PUJ1-128.336,0
PUJ1-143.032,1
JTA2-301110276,0
LKK2-EPZ6-20,1
ROE2-59453,5
SIR2-NE0916005006,9
HAM1-HBH950-CE,0
SIR2-MSC09V256,2
SIR2-LF1533010I,2
SIR1-28184220,1
BER1-B4D-C8-7-SM-L(750),0
BER1-1D-DC-SM,2
SIR2-19525060.1,2
SIR2-19564031,2
ROE2-39333,2
ROE2-39342,3
CAM1-GBD211417-110,10
CAM1-GBP216-521,0
LAC2-922792000,2
LAC2-532021708,3
HAM2-990043100,3
LKK2-B20F(K)-33,2
ROE1-BLIXER-7VV-230-50-1,1
LIN2-HA126,4
ROE2-27303,2
BER1-BS6DU-F-Z-L,1
SIR2-19540905,3
SAR1-CB121812BG,0
CAS1-DIECI-A-2-TRIFASE-BR,2
CAS2-958075010,2
SIR2-19410308,0
TBA2-T07A620010,1
EKA2-09951017000,2
COG2-69850,4
SIR2-19300401,1
SIR2-AMC648,1
ROE1-R5G-230-50-1,0
ROL2-D02157,2
SIR1-PALLADIO350-ING,6
DEX1-18173Y,13
MMT2-20034004,9
MMT2-56001036,6
LKK2-BASE-TH(EPZ-2),2
BER1-BS4DR-C6-2-L(750),5
ROB2-HC0152,2
LKK2-BT-200T1-2,10
LKK2-LK-GDO-19,1
ARC1-54434,7
ARC1-58030,16
ARC1-63972,10
BER1-CG23,1
CAM1-30HPD-150,21
CAM1-92HP-150,0
EDL1-4409HD,18
OBE1-P410-2050030,5
PUJ1-205.032,4
PUJ1-106.024,5
PUJ1-106.028,6
PUJ1-124.028,1
PUJ1-373.020,9
PUJ1-317.040,3
PUJ1-701.020,15
PUJ1-773.011,1
PUJ1-776.009,7
PUJ1-783.018,18
PUJ1-777.440,2
PUJ1-777.448,2
ROE1-27786,2
ROE1-R4,0
TRA1-1014-01,1
TRA1-1601-01,0
TRA1-1648-22,0
TRA1-1680-22,0
TRA1-1721-31,0
TRA1-330,0
TRA1-5224-02,1
SAN2-11101,2
WIN2-3124228,4
LIN2-TI10,10
RON2-50004,0
PIT1-TBV-SRTG14,0
BER1-GG2BHR-17,2
ROE2-39708,3
ROL2-D04038,1
ZNS2-0L2303,1
ZNS2-0L0280,6
JTA1-UWB-HF,0
SAN1-37-2P,5
LAC2-534392500,4
JTA1-JZH-TC-1,1
TAC1-A3,19
KIT2-4162142,11
BER2-DR-EDS,11
PMF2-5P050010,2
PMF1-IBT-50-2V-EVO,1
PUJ1-836.110,5
PUJ1-132.140,39
JTA2-301080068,5
ROL1-PSR600EE,2
ROE2-504229,0
HAT1-DL-750RL-BNICKEL,0
ROE1-ROBOT-COOK,2
SIR1-C-TRONIC-6-VT,2
ZNS1-865268,0
LAC2-457887070,2
LKK2-PCP010-24,7
WNK1-CP-039,2
WNK1-NBGN1365-7,19
PUJ1-117.038,3
PUJ1-116.030,1
PUJ1-783.028,18
COG2-65813,2
PUJ1-116.125,3
LKK2-KSQ-6-39,2
VRM1-KODIAK20-M020-0079,0
SIR2-19337032,5
TOP1-M98E-503SN08,3
CAM1-GBP216-110,0
BER1-CRB3BFS-17,5
ROL1-GED75-B,5
PUJ1-P166.032,39
ROE2-89751,2
HAM2-990060800,13
SIR2-LF1232611,2
RON2-51351,2
RON2-50928,0
CAM1-ICS125LB-191,1
CAM1-ICS125L-191,0
PMF1-IBV-15-EVO,1
PMF1-IBV-20-EVO,0
RTN1-ICOMBI-PRO-6-1-1-E,0
COG2-74168,2
SIR2-18350574280,5
TRA1-6010-06,0
ROE2-501270,1
SIR1-VORTEX-55VT,5
HAM2-990075300,7
CAS2-531503520,3
ROE2-39909,2
ROE2-39917,2
COG2-437014,6
COG2-437015,2
SIR2-AMG064,1
ROE1-R502VVG-220-240-50-1,11
HAM1-HMI014-CE,0
HAM1-HMI018-CE,1
PIT1-TB-SFSSH55-D,0
SIR1-VISTA-P2-HOT,0
TBA2-K3F5102101,1
SIR2-GM5826150,2
ROB2-PC0465,5
TAC1-6174,0
BER1-CB5BFS,0
CAM1-200BC-157,0
CAM1-BR258-167,27
CAM1-BR258-184,2
CAM1-TG12-110,0
CAM1-2500CT-138,2
CAM1-SRB5CW-135,30
CAM1-1722CBCW-110,0
WNK1-E8GN12100P,7
LKK1-SB3,1
HAT1-GRAHL-30,0
PUJ1-206.035,1
PUJ1-306.035,0
PUJ1-308.035,30
PUJ1-327.000,6
PUJ1-333.010,2
PUJ1-2396,0
PUJ1-109.030,2
PUJ1-113.030,4
PUJ1-317.035,0
PUJ1-776.010,2
PUJ1-780.024,26
PUJ1-783.014,8
PUJ1-783.022,17
PUJ1-813.028,4
ROB1-TC66,1
ROE1-BLIXER3,5
SIR1-VETRINETTA-D-38,2
SIR1-DTV,2
SIR1-SA130,5
TRA1-1003,0
TRA1-2015-38,0
TRA1-3675,1
TRA1-710,0
TRA1-1672-91,2
HAM2-31099900000,2
ROL2-A02001,0
SIR2-MSC04V236,2
LKK2-PILOT-LIGHT-O,0
ROB2-MC0038,0
ROB2-HC0050,5
HAT2-0530043,1
HAT2-R0208136E00,2
HAT2-X0530093,0
COG2-65654,2
HAM1-HMD400R,0
COG2-215034-3,2
HAM1-932,0
ROE1-BLIXER4-380V-50HZ-3P,2
ROB1-ST350A,2
TBA2-KR59000101,4
MBM1-MFTG77ALR,2
KIT2-3184193,9
BES2-31802500,2
SIR2-IW2071240110,3
ROL2-A03050,2
CAM1-EPP180SPKG-110,14
PMF2-5I100016,1
PUJ1-118.030,1
SIR1-28180009,1
SIR2-IW1071230010,6
RTN1-6013.1103,13
SIR1-ELDORADO-5,1
HAT2-021215800,0
ROL1-PSR400EE,7
MMT2-59004111,0
CAM1-16S534-151,20
VRM1-AR5-M005-8003Z,2
MBM1-MG7GPLA877G,1
TBC2-100232,1
PUJ1-128.136,0
PUJ1-850.012,6
PUJ1-832.000,0
LKK2-EPZ6-26,2
TOP1-M98E-509SN12,39
SIR1-28184025,1
CAM1-GBP220-110,8
CAM1-GBP318-110,0
ROL1-WDL200I,2
SIR1-VORTEX-43-VT,4
TOA2-BC31558,0
SIR2-MSC09V108,2
ROE1-BLIXER4-VVB,10
ROE1-CL50E-ULTRA,2
SIR2-LF2039412,2
SIR2-FG92000C,2
PMF2-5M200008,3
BER1-B2D-C6-7-SM-L(750),1
LKK1-BM-4TA,2
SAR1-CB121812RD,12
MID2-33984,2
CAS2-958219000,0
SIR1-EASYVAC-TOUCH-40-BX,4
COG2-441009,2
SAR1-CB121812BR,90
BER1-B2D-C5-SM-L(600),2
ROB2-VS0397,2
TAC1-CB1520BRB,72
DEX1-18173R,7
SIR2-GM5947200,2
LKK2-TH-KNOB+BASE-SET,3
RTN1-60.70.464,13
LKK1-DL2,0
SIR1-CORT-RR,2
JTA1-LFP-600S,2
ROE1-MINI-MP-240-COMBI,2
SAN1-33GE,0
LKK1-LK-PL6,2
SIR1-SINFONIA-2,2
SIR1-GALILEO-385-EVO-AUTO,1
HAT1-TM3-10H,1
HAT1-DL-700RL-BCOPPER,12
HAT1-DL-750RL-BCOPPER,5
SKP1-SGR12-2-L(750-MM),1
SIR1-VORTEX-75VT,6
BER1-CB5B-17,6
ROE1-R2-A,0
ROE1-R301-D,1
BER1-BS2DU-F-Z-L(770),0
ROE1-CMP400-VV-B,8
SIR1-STERILIZER-UVA-16W,5
TBA1-TIM-50A,1
SIR1-EASYVAC-TOUCH-30-BX,2
SIR1-TC8-VEGAS,8
CAS1-THEO-64-TEMP,6
HAT1-DL-775RL-BCOPPER,3
ROE1-R301UD-ANNIVERSARY,34
SIR1-ALISEO-2-3,2
EDL2-G003SP,48
EDL2-K045-6,0
SAN2-50730,9
ROB2-TS0010,0
HAT2-R0219019,0
LKK2-PROBE-1050MM,12
ROE2-101082,2
ROE2-117792,7
ROE2-117805,9
ROL2-A07025,10
ROL2-D04039,0
TOA2-1801292R,0
ZNS2-049620,9
ROB2-TC0018,0
ROL2-A03011,2
BES2-31291300,0
CTX2-71996,0
CTX2-69734,5
TBC2-100599,0
TBC2-100592,2
SIR2-19401865T,6
TBA2-IS-4420QTBD,3
RJ2-SPFCS-0081,0
RJ2-SPFCS-0085,2
MID2-73057,1
SIR2-19563173,3
CAS2-402194000,2
LKK2-HEATING(EPC4-6T),17
ARC1-23770C,33
ARC1-24181C,2
ARC1-15710C,2
ARC1-18962,0
ARC1-55391,0
ARC1-58621,14
ARC1-68978,8
BER1-FP1-6-2.5,0
CAM1-20HPC-150,5
CAM1-CP1220-159,0
CAM1-HT5CW-135,135
CAM1-LD105-404,0
CAM1-LD85-186,26
CAM1-LD85-404,0
CAM1-SPOP13CW-110,38
CAM1-TG9-404,35
CAM1-3200P2-152,8
CAM1-PT1216-167,55
CAM1-E3-151,34
CAM1-9TGS-416,0
CAM1-D12-152,90
WNK1-SH30224,2
WNK1-E8GN12L,39
WNK1-SH30220,0
PUJ1-207.040,0
PUJ1-208.032,1
PUJ1-331.070,15
PUJ1-311.006,5
PUJ1-216.016,23
PUJ1-220.040,1
PUJ1-117.032,0
PUJ1-117.035,1
PUJ1-136.007,82
PUJ1-112.045,16
PUJ1-141.024,49
PUJ1-946.004,4
PUJ1-701.018,26
PUJ1-783.012,28
PUJ1-783.020,12
PUJ1-815.018,2
PUJ1-943.000,1
ROB1-Z13150,0
ROE1-28052,4
TRA1-1014-03,0
TRA1-1018-130,18
TRA1-1187-22,1
TRA1-1216-01,4
TRA1-1476-191,0
TRA1-1644-22,0
TRA1-1676-99,0
TRA1-2015-02,2
TRA1-2808-08,30
TRA1-302,0
TRA1-528-13,0
TRA1-538-01,0
TRA1-540,18
TRA1-6010-16,0
TRA1-602-12,0
TRA1-674,0
TRA1-703,2
TRA1-720,3
TRA1-802-12,0
TRA1-SN2414-8,0
TRA1-WR1010,0
TRA1-2710,0
TRA1-1427-91,1
VOL1-47816-40,49
VOL1-31100,20
VOL1-52023,38
PUJ1-366.100,0
CTP1-KB-3808-200-BL,2
PRC1-BSK-K20FTS,674
PRC1-KK-SCR6K,82
TRA1-918-13,0
TAC1-RAM2RGN,28
TAC1-RAM2RX,7
TAC1-BKM14,34
TAC1-GW5,2
TAC1-RB44,11
CTP1-SCP-NF-250-BR,0
CAM1-RFSCW12-135,458
CAM1-10HC414-151,2
CAM1-CBU214872V4-580,6
PUJ1-395.038,6
PUJ1-836.147,10
CAM1-1216CT-110,41
CAM1-TGG9MD-780,52
CAM1-16S318-151,0
CAM1-49S318-151,0
CAM1-16S1058-151,0
CAM1-36S418-151,0
CAM1-80CWCHN-135,29
PUJ1-149.330,3
PRC1-BSK-IB21,13
PUJ1-307.145,1
PUJ1-209.014,0
PUJ1-251.024,4
PUJ1-103.020,0
PUJ1-128.320,0
PUJ1-128.428,3
PUJ1-321.022,9
PUJ1-363.100,8
CTP1-PB-EU-350-CP-SF,2
CAM1-ADCSC-480,4
HAM1-6126-450-CN,1
TRA1-809-0605,0
PUJ1-116.145,6
TOP1-GR137,22
TAC1-261,10
TAC1-30S&P,32
TAC1-3246A,0
TAC1-1202,1
CAM1-1218DSCW-135,24
PRC1-KK-PIC10,3
BER1-DF13,2
LIN1-LGT,2
LIN1-AS3,1
ROB1-BM2E,0
ROL1-MAJESTIC-R,4
SIR1-ELIO-R-1600,2
ZAN1-CIT-EP65-MC-MODULAR,0
SIR1-TC22-COLORADO-MN,2
CAS1-DIECI-A-2-MONOF-RE,3
HAM1-HBB250S-CE-RIO,2
HAT1-DL-750RL-WARM-RED,3
ROL1-PIW30,0
ROB1-FR25,17
SIR1-PALLADIO350-AUTO-FRO,3
ROB1-ST500AB,2
ROL1-SAVOYE-RB,1
BER1-1D-DC-BBH-1,2
HAT1-DL-775RL-GRAY&BLACK,2
SIR1-EASYVAC-TOUCH-25-BX,2
TOA1-TIMER-HOLDER,10
HAM1-HMI012-CE,2
EDL2-H019-2,5
EDL2-B119-3,29
SAN2-10712,2
ROB2-15,1
EDL2-P030,6
EDL2-R041,9
EDL2-H021,2
BER2-CI-CBT,3
BER2-BR-99BAR,5
WIN2-60002785,2
SIR2-19560252,8
LIN2-SW25,7
LTE2-OX874,6
LKK2-THERMO,4
RON2-50907,3
RON2-50939,0
RON2-50942,0
RON2-129189,10
ZNS2-046799,3
ZNS2-049480,1
ROB2-MC0070,7
COG2-224023,2
JTA2-301130005,0
JTA2-302220058,0
HAT2-R020900200,6
JTA2-301040898,0
BER2-GS-573X695UR,3
KIT2-4159713,4
BES2-40112500,2
BER2-NT-UR2D-F,9
PMF2-5V010003,6
CAM2-CSCWB-000,194
SIR2-GM4253670,6
SIR2-19320203X,0
ZAN2-ELET0723,2
ETF2-HC196005-01,2
KIT2-4176230,14
RTN2-3019.0114,10
SAN2-68202,4
JTA2-301010251,1
LIN2-SW58,3
LKK2-EPZ6-27,4
VRM2-R40-101Z,4
SIR2-IX2963006016,13
ROE2-100582,9
VRM2-AR005-213-TS020,6
ROE2-102037,6
SIR2-19563216,6
WIN2-60002652,3
LKK2-PROBE-600MM,6
HAT2-05.02.011.00,7
LKK2-B20F(K)-59,2
HAM2-990084200,3
ZNS2-0L2666,2
ROE2-6005DU,4
COG2-140007,1
RON2-50908,3
RON2-13753,10
MID2-45036,3
EDL2-R040,2
LKK2-IGNITOR-(WGF-181),7
COG2-429006,2
COG2-437100,5
LKK2-IND350S-SUPPORT-SEAT,0
CAM2-60270,4
CAM2-60271,4
ROB2-MC0845,1
MID2-62288,2
LKK2-001-300L,9
BER2-NT-5C-7C-S,5
BER2-BK-13F,0
LKK2-LD900,3
TBA2-P993200800,2
LKK2-IND350S-3,2
MID2-31498,6
ARC1-02946,0
ARC1-03001,1
ARC1-00537,0
ARC1-43319,0
ARC1-43294,0
ARC1-10000,0
ARC1-03778,0
CAM1-SPOP10CW-186,0
OBE1-P408-2050025,0
PUJ1-208.035,0
PUJ1-743.045,0
TRA1-1002,0
TRA1-1002G,3
TRA1-1003G,0
TRA1-1101-01,0
TRA1-1216-02,0
TRA1-1216-31,1
TRA1-1216-62,3
TRA1-1217-04,1
TRA1-1217-191,0
TRA1-1217-31,0
TRA1-1217-32,2
TRA1-1418-01,0
TRA1-1418-03,4
TRA1-1418-21,0
TRA1-1418-62,0
TRA1-1427-99,0
TRA1-1674-96,1
TRA1-214,0
TRA1-320,1
TRA1-420,0
TRA1-6010-13,0
TRA1-614,2
TRA1-675,0
TRA1-720G,0
TRA1-910,4
TRA1-930,0
TRA1-TR3,0
TRA1-TR8,1
TRA1-TRD,0
TRA1-TRD1,0
TRA1-5232-02,0
TRA1-1217-06,0
VOL1-86118,0
TRA1-1014-38,0
TRA1-TR2,2
PRC1-TK-FH1,0
TAC1-RAM2RW,1
CAM1-ESU184872V4-580,1
PUJ1-971.000,0
PUJ1-852.040,0
CTP1-GS-10842-27HS-BK,0
TOP1-9815-12,1
CAM1-49S1114-151,0
CAM1-20S958-151,0
CAM1-20S1114-151,0
CAM1-30S958-151,0
PUJ1-117.140,0
CAM1-10CW-148,2
CAM1-ESU216072-580,0
TAC1-152S&P-2,1
HAM1-98908,0
ARC1-24944C,7
ARC1-04593,4
ARC1-71211,17
ARC1-47965,5
ARC1-55219,1
ARC1-47956,14
ARC1-25285,17
ARC1-47026,5
ARC1-21980,5
ARC1-51945,2
ARC1-15012,2
ARC1-62250,72
ARC1-41883,0
CAM1-SPO10CW-195,0
CAM1-DC575-194,10
CAM1-D16-152,10
WNK1-WIN1-11,77
WNK1-WIN1-26,99
WNK1-E8GN19L,64
HUA1-02-701,6
HUA1-11-701,569
HUA1-16-701,895
OBE1-C220-2000035,1
OBE1-P220,0
OBE1-P510-2050011,13
OBE1-P320,0
PUJ1-205.045,11
PUJ1-312.000,44
PUJ1-333.020,7
PUJ1-337.150,13
PUJ1-371.000,7
PUJ1-113.035,14
PUJ1-114.050,6
PUJ1-124.020,5
PUJ1-124.022,8
PUJ1-124.024,2
PUJ1-124.032,2
PUJ1-708.008,26
PUJ1-721.008,40
PUJ1-746.035,12
PUJ1-775.012,5
PUJ1-789.050,6
PUJ1-764.006,2
PUJ1-784.020,12
TRA1-1014-02,1
TRA1-1217-02,2
TRA1-2813-02,74
TRA1-536-17,4
TRA1-541,2
TRA1-6000-13,13
TRA1-TRH,9
TRA1-5216-08,9
VOL1-52009,7
CAM1-DRS300-480,5
PRC1-TK-BP3WH,0
CAM1-CBSK1848V1-580,67
CAM1-ESK2148V1-580,130
CAM1-CBPK2172-580,3
CAM1-CBSK2160V1-580,6
CAM1-CBSK2148V1-580,5
TAC1-A14,115
PUJ1-307.030,8
PUJ1-951.019,9
PUJ1-141.001,6
PUJ1-618.000,8
WNK1-NBGN12150-7,7
PUJ1-132.440,0
TOP1-M98E-502SN10,4
CAM1-GBP220-521,17
CAM1-GBP318-521,1
CAM1-CD1826PDB-110,10
CAM1-CD400-401,12
WNK1-KAT1-11,9
WNK1-KAT1-13,50
WNK1-KAT1-14,13
CAM1-HE3-151,32
CAM1-HT5CW-196,10
DEX1-24023B,0
CAM1-DB60407-148,0
CAM1-DB6040C-148,0
CAM1-ESK2172V-580,58
CAM1-EPK2164-580,27
PUJ1-210.652,34
TAC1-260,45
TAC1-174PG,6
TAC1-A157,22
VOL1-40002,94
NTS1-SLP1,2
CAM1-TGG9-133,0
ARC1-17804C,6
ARC1-59943,0
ARC1-65537,0
ARC1-54435,3
ARC1-05273,0
BER1-FW50,1
CAM1-CP15-110,27
CAM1-UPC400-131,2
HUA1-18-655,32
OBE1-C612,10
PUJ1-207.050,0
PUJ1-367.000,7
PUJ1-318.060,28
PUJ1-207.030,2
PUJ1-118.016,1
PUJ1-113.070,12
PUJ1-350.526,0
PUJ1-637.100,27
PUJ1-713.075,46
PUJ1-775.004,1
PUJ1-775.010,12
PUJ1-787.010,12
PUJ1-771.025,2
PUJ1-810.004,20
RAV1-CHAMPSTOP,2
ROB1-HL24,14
ROB1-R10,0
ROE1-27072,6
ROL1-CS3E,2
TRA1-1418-33,0
TRA1-1427-96,0
TRA1-1457-91,0
TRA1-1460,0
TRA1-202-12,0
TRA1-460,0
TRA1-1217B-03,0
TRA1-15521-05,0
ROL1-GES23,2
BER1-FSSDF12,1
ROL1-GR60E,1
ROB1-UDB10VP,0
TAC1-AR2,3
TAC1-AR3,6
CAM1-DC700-191,1
CAM1-DC1225-131,2
TRA1-WR1000R,0
HAM1-HBB250-CE-RIO-220V,0
CAM1-ICS200TB-131,0
CTP1-GS-10502-300R-WHR,0
ROE1-CMP250-COMBI,1
CAM1-49S638-151,0
CAM1-49S958-151,0
MBM1-MG7EFT777LC,0
PUJ1-243.028,0
PUJ1-307.040,2
PUJ1-949.040,1
PUJ1-367.100,0
CAM1-DRS360-480,13
TBA1-KR25-1G-LW,1
JTA1-GH-400,0
CAM1-200BC-131,0
TOP1-M98E-501SN10,2
ROB1-AR7,0
CAM1-ICS175L-191,2
PUJ1-490.220A,14
ROE1-R7VV-230-50-1,2
LKK1-LK-LEO-24-S,6
SIR1-SOFTCOOKER-WI-FOOD-X,4
WNK1-WB-001-PM,1
SAR1-CB121812BL,14
SAR1-CBG152012WH,75
CAM1-10SC-148,1
DEX1-15303C,0
DEX1-13313Y,0
SIR1-TC22-DAKOTA,2
CAM1-EPPEXT-110,0
CAM1-GL4060-A33,0
LKK1-LK-GDO-12,1
CAS1-DIECI-A-2-MONOF-BR,1
TAC1-BK31815,58
TAC1-414,0
TAC1-1270,6
LKK1-E02-2-SSWHMBB,1
BER1-BS-SW3D-L7(750),0
CAS1-DEKO-CONICO,4
SIR1-PDVT-LL-LL,3
SIR1-BLITZ-3.2-LT,2
TBA1-KR45-4-W,0
ROE1-1943,2
ROE1-R402-VV,2
EDL2-S150-3,47
EDL2-H020,14
EDL2-S161,3
SAN2-50513,0
LKK2-GB9877.1-88,3
LKK2-B25-33,2
BER2-T129,0
CEC2-L007A,2
BES2-32188200,0
BES2-32617100,0
LKK2-6205-2Z,6
ROB2-MS0014,1
ROE2-29735,0
BES2-31273700,0
RON2-9371,2
LKK2-GB1096-79,2
LKK2-TC12I-20,1
SIR2-LF1260001,5
LKK2-GB273-64,6
VOL2-XMIX1031,0
EDL2-W034,0
EDL2-W140,0
EDL2-W141,0
LKK2-HEATER(MW-2),23
ZNS2-0L0556,1
ZNS2-049828,2
ZNS2-0L0567,2
ZNS2-0E5037,0
ROB2-MC0524,0
ROE2-102958,2
BER2-OP-KM234-U-H,2
COG2-437102,2
ROE2-89156,3
ROE2-89010,6
ROE2-89211,2
KIT2-3184212,414
BER2-88MF260V,2
LKK2-TIMER(DS),2
SIR2-IW1471230070,2
SIR2-IW1471230020,1
PMF2-5I200005,1
BER2-HT-DF19,20
RON2-50658,2
HOU2-30920103,0
ROE2-117651S,2
CAS2-985716020F,1
SIR2-IX2933006012,16
SIR2-IV73060042RS,2
JTA2-301090115,5
JTA2-301130011,3
JTA2-301130049,1
SIR2-LF1531030I2,11
BER2-LE-PL3PHGN,1
SIR2-LF152120003,3
BER2-MT-JD-N,22
TBC2-100481,0
RTN2-20.02.552P,0
BER2-NT-UR6D-C-M,5
LKK2-PCP035,2
JTA2-302110090,0
ROL2-F01007,2
SIR2-IX2933006014,14
JTA2-302190359,0
SIR2-OSC649130,2
SIR2-MSC09V064Z,2
SIR2-MSC09V072Z,4
CAM2-H06001,0
RON2-105033T03,1
BER2-MRP56AMK-3240,3
CAS2-457573010F,2
SIR2-SFCL010,2
PMF2-5T010005,3
PMF2-5T010300,3
BER2-IC-VCM-A-SPR,5
ROE2-89657,2
ROL2-D02026,6
ROE2-89468,11
SIR2-19562140,2
LAC2-3991134469,3
HAM2-990076100,5
CAS2-532195500,6
CAS2-402223000,2
BER2-PL-JD-GBS,2
ROB2-ES0406,2
RON2-120667,2
RON2-120666,2
RON2-126336,0
RON2-50659,2
RON2-123398,2
COG2-106007,2
COG2-106005,2
COG2-927088,7
LKK2-HWH25-08,2
LKK2-HWH25-04-06,2
PIT2-60152001-CL,3
TOP2-31300011,2
TOP2-30300173,2
ROE2-89133,5
ZAN2-REFR0033,2
TBA2-K3F5102001,0
TBA2-KR53300100,1
TOA2-1952715,1
SIR2-281108045X,1
LKK2-THERMOSTAT(JB35),1
LKK2-IND300-12,3
EDL2-R060,5
SAN2-10601,4
SAN2-11420,3
HAM2-31409300000,3
HAM2-613193000000,4
EDL2-S071-12,51
ROB2-EC0008,22
SIR2-MSC04N262,3
BER2-HL-BSP06,57
RAN2-10071010,19
BER2-FT-SENSOR,18
LKK2-FX-12-015,4
WIN2-2802110,3
WIN2-3501080,3
WIN2-61006243,4
LKK2-RT18-32X,14
BER2-FT-KMBS,3
BER2-OP-KM2B-S,3
RAN2-25139001,17
RAN2-40100001,4
LIN2-KN139,10
ROB2-EC0158,21
ROE2-29441,14
ROL2-D04009,13
BER2-BA-C-WOOL,3
SIR2-LF1133001,3
ROB2-ES0013,15
HAT2-053000700,10
HAT2-050303500,4
WIN2-2802309,3
SIR2-19540107,3
SIR2-19401580,5
PIT2-B8039517-C,3
LKK2-BASKET(EF-171),3
KIT2-9706090,3
JTA2-20207027042,4
JTA2-301040079,5
LKK2-B20F-CE-ON,16
JTA2-302020078,7
JTA2-301040080,4
SIR2-49414071C,3
BER2-CC-16C-C5-6,4
LAC2-533898300R,3
ROE2-39740,3
PIT2-60132701,6
SIR2-IX2913010050,7
SIR2-19324113,14
BER2-OP-KM234-S-G,4
KIT2-9703903,6
HAM2-990192000,7
BER2-HL-R001,3
EDL2-A279-3,6
SIR2-66209000,3
ROE2-117192S,6
ROE2-89503,10
SIR2-LF1041015,3
SIR2-19543945.15,3
SIR2-19320220,5
ZNS2-0C9240,6
ZNS2-052610,6
SIR2-19700345.10,3
HAT2-R021202500,9
ROL2-37318,4
MMT2-12131001,7
LKK2-DOOR-HINGE,7
CTX2-69799,3
KIT2-9706529,89
MBM2-RTCU800183,3
HAM2-990105800,6
SIR2-IB4000750,4
TBA2-K2F0419100,7
SIR2-19560103,6
SIR2-19560124,7
SIR2-IX2963005014,15
SIR2-19410739,6
BER2-VA-1.3,4
ROE2-106268S,3
HAM2-990042600,3
ROB2-VS0333,13
SIR2-FG956NP,3
SIR2-19410135.1,6
TBA2-K1F0420103,55
SIR2-FC02041CIMS,6
SIR2-19562602,6
SIR2-19336010,5
LAC2-2441133416,4
HAM2-990084000,6
ROE2-39901,5
MBM2-A770000150,6
ROE2-39929,3
ROE2-502435,3
MID2-27396-0004,4
MID2-36510,6
MID2-62285,6
EKA2-01951367000,14
COG2-437058,6
COG2-115113,3
COG2-456030,6
COG2-140025,16
COG2-303032,6
COG2-417111,4
COG2-308031,10
MID2-73287,3
ROE2-104964S,4
PIT2-P6071516,3
TOA2-1952716,10
MMT2-59002157,3
ROB2-VS0254,5
HAM2-990151930,5
LKK2-BT-200T1-5,8
ARC1-36937,10
BER1-EG3500FS,3
BER1-JD118JET25,5
CAM1-SRB13CW-135,10
CAM1-RSB15CW-110,6
WNK1-E8GN13100,10
WNK1-EFPN4055,14
WNK1-MJ-095,20
HAT1-GRH48,3
HUA1-G-26B,14
HUA1-G-30,19
KIN1-844A,5
KIN1-3011,14
LTE1-N3707,13
PUJ1-311.009,6
PUJ1-121.050,10
PUJ1-397.247,3
PUJ1-215.040,3
PUJ1-106.030,11
PUJ1-110.020,4
PUJ1-710.032,16
PUJ1-772.010,6
PUJ1-765.016,30
PUJ1-769.018,18
PUJ1-764.008,10
PUJ1-806.000,12
ROE1-28135,3
ROE1-BLIXER4-220V-50HZ-3P,3
ROE1-27610,6
SIR1-DISC-PS8,6
TRA1-1217B-06,5
VOL1-40263,28
VOL1-40422,7
PRC1-KK-PIC10K,69
PUJ1-764.010,15
PUJ1-764.012,22
JTA1-S24-2,3
TAC1-RAMS3W,123
HAT1-RCTHW-1B,9
LKK1-LK-QL6,3
CAM1-ESU215464V4-580,10
PUJ1-810.002,14
PUJ1-633.000,8
ZNS1-865269,7
ZNS1-865274,9
WNK1-EM-MJ15,46
WNK1-NBGN12100-7,6
PUJ1-205.050,11
PUJ1-205.060,3
PUJ1-853.010,4
PUJ1-716.010,41
PUJ1-117.125,10
CAM1-MDSB9-480,18
CAM1-D24-152,68
TOP1-002,6
HAM1-6126-510S-CE,10
CAM1-500CW-152,70
SAR1-CB182412BL,30
CAM1-TG9-135,25
CHF1-J070-S,5
CHF1-J070-XL,6
TAC1-RCW41,7
TAC1-8016A-BR,16
TAC1-8016A-Y,6
HAT1-HDM-2,4
TAC1-RB134,6
TAC1-BK37309,200
TAC1-1203,158
VOL1-52016,10
CAM1-RSB1419CW-110,7
BER1-BS2DU-C-L,1
WNK1-E8GN14100,1
PUJ1-249.032,1
PUJ1-780.016,1
PUJ1-780.026,1
ROB1-PW50,1
ROE1-CMP350-VV-A,1
SIR1-6Q-2800W,1
SIR1-TC12-MAGNUM-INGR-MN,1
TRA1-1014-31,1
SAN2-28652,1
LKK2-CAPACITOR,1
LKK2-MICRO-SWITCH,1
ROB2-EC0206,1
ROL2-A03024,1
BES2-22274600,1
NUO2-09000005,1
ROE2-29547,1
ROE2-501010,1
ROL2-F04008,1
ROL2-A06009,1
BER2-GE-GR600,1
HAT2-X0503041,1
LKK2-LK-GDO-15,1
ETF1-DQ-BM3,1
SIR1-CREPES-1-LS-KOR.-CE,1
KIT2-240185,1
ZNS2-049379,1
ZNS2-048531,1
PIT2-60127301,1
JTA1-JZH-RC-1,1
COG2-429072,1
JTA1-JZH-RE,1
HAT2-050304900,1
ROL1-CDE350,1
BER1-GG4BFS,1
HAM2-990167250,1
BES1-CPE40,1
PUJ1-636.000,1
TBA1-KF25-2G-L,1
SIR2-LF1531045I2,1
ROE2-89653,1
ROE2-117106S,1
ROE2-501624S,1
SIR1-N.116,1
HOU2-30920049,1
ZNS1-372141,1
ZNS2-054032,1
ZNS1-372031,1
SKP1-SUF15-2-L(750-MM),1
MID2-69079,1
ZAN2-LAMP0020,1
SKP2-IS4420QTBC,1
ROE2-27288,1
MBM2-185130,1
SKP2-IS4420QTBE,1
MBM1-MG7GBR77,1
TBC2-NGC-3062-2,1
TBC2-I1-3207,1
RTN2-2112.1006,1
ROE2-29620,1
BER2-CD-033,1
COG2-65908,1
COG2-927107,1
TBA1-KUF15-3D-6-LW(750MM),1
SIR2-IB5080705,1
LKK2-EPZ6-31,1
BER1-B2D-C6-7-SM-L(760),1
SKP2-PM022H0040,1
VRM2-W40-209,1
ROE2-39760,1
JTA1-RGT-48-G,1
SAN2-06741,1
LIN1-ECO9,1
SIR1-CREPES-W-MOULD,1
RON2-51350,1
ROE1-R8E-VV,1
ROB2-VC0046,1
TOA2-BO10132,1
TOA2-BO10143,1
ROL1-CD800B,1
ROE1-1904,1
ROL2-B10014,1
ROE1-R8,1
SIR2-LF1143001,1
SIR2-19320154,1
SIR2-19335007,1
DEX1-15303Y,1
DEX1-01563G,1
DEX1-13313G,1
"LKK2-KNOB-TI(DS4,6,8)",1
SIR2-19390408,1
MID2-37503,1
MID2-50643,1
EKA2-09952787000,1
COG2-926007,1
COG2-408006,1
ZAN2-REFR0031,1
SIR2-IW1071240035,1
TAC1-825,1
TAC1-3712BL,1
DEX1-19703C,1
BER1-BS2D-F6-L(750),1
BER1-OB6FS,0
BER1-DDF11D6,0
LKK1-HS30A,0
LKK1-TC42,0
HAM1-1G936,0
HAT1-GRBW-30,0
HAT1-GRH36,0
ROE1-BLIXER5-PLUS-1-PH,0
ROE1-CL60E,0
TBA1-KSR18-3-LW-RT(750MM),0
SIR1-TC32-RIO400V,0
LKK1-HS130,0
JTA1-GH-811EA,0
BER1-BF-1800-40-10,0
ROL1-WD780SI,0
ROL1-BMS,0
JTA1-JZH-TT-4,0
LKK1-KBM-169,0
SIR1-VORTEX-75VV,0
ZAN1-SELENE-40,0
SIR1-W8-30-EASY-DX,0
ROL1-RBG80,0
ZNS1-372126,0
ZNS1-372070,0
MBM1-MG7GPLA477G,0
MBM1-MG7G6A77XS,0
TBA1-KHR18-3-LW(700MM),0
TBA1-KUR15-2-LW(600MM),0
TBA1-KUR15-2-LW(700MM),0
MBM1-MG7EBR77,0
SKP1-SDC-36-2D,0
LKK1-B30A(K)-220-V,0
BER1-BS3D-C8-Z-L(750),0
RTN1-ICOMBI-PRO-10-1-1-E,0
ROL1-PID700,0
LKK1-LK-LEO-24,0
ROE1-R23A,0
LKK1-JG300A,0
ROE1-J80-ULTRA,0
ROE1-MP800T,0
TBA1-KF45-4-L,0
ROE1-R20E,0
TBA1-KR45-4-L,0
ROB1-G400,0
TBA1-KUF12-2-W(750MM),0
ARS1-286600,0
CAM1-SPO8CW-416,0
CAM1-PPB15-176,0
CAM1-SPO10CW-119,0
CAM1-10146CW-133,0
PUJ1-105.018,0
PUJ1-118.050,0
PUJ1-118.060,0
PUJ1-140.020,0
PUJ1-795.000,0
REN1-AR-300,0
ROB1-Z11150-P,0
TRA1-102-18,0
TRA1-1216-191,0
TRA1-1476-01,0
TRA1-1679-04,0
VOL1-86107,0
VOL1-94600,0
VOL1-90022,0
NUO2-16100107,0
ZAN2-INTE0010,0
ROE2-29451,0
BER2-ESM006,0
BER2-MT-KM024,0
ROE2-29556,0
ROL2-402025,0
BER2-HT-CIR3KW,0
ROL2-A06021,0
RON2-126335T02,0
RON2-126337,0
ZNS2-049287,0
COG2-209038,0
JTA2-302170007,0
JTA2-301030021,0
HAM1-6126-856,0
UNO2-KEL1432A,0
PMF2-5M050500,0
SIR1-N.32,0
SIR1-N.34,0
SIR1-N.38,0
SIR1-N.77,0
SIR1-N.91,0
SIR1-N.191,0
SIR1-N.240,0
JTA2-301030009,0
ZNS2-005295,0
HAT2-X020567400,0
ROL2-D06012,0
MMT2-59001893,0
KIT2-9704677,0
TBA2-K3F4500201,0
SKP2-K3F0712101,0
RTN2-40.00.091S,0
RTN2-40.00.606P,0
RTN2-40.04.048,0
PUJ1-106.026,0
PUJ1-118.022,0
PUJ1-128.340,0
PUJ1-132.240,0
PUJ1-850.016,0
PUJ1-853.012,0
PUJ1-852.050,0
JTA2-302100109,0
JTA2-302100143,0
JTA2-302110090+302110698,0
RJ2-FC1600-005,0
SIR2-19401960,0
PIT2-60119001,0
SKP2-440V-450V-330V-79UF,0
SIR2-66205000,0
RON2-98146,0
PUJ1-117.132,0
ROL2-B02018+PTR,0
ROE2-105529,0
BES2-22274000,0
DEX1-12433R,0
DEX1-32780,0
DEX1-32786,0
NUO2-40200007,0
SIR1-11001500,0
TBA2-T05A640010,0
CAM1-EPP4060T200-110,0
CAM1-EPP4060T300-110,0
CAM1-EPP180XL-110,0
CAM1-EPP3253LID-361,0
CAM1-EPP3253LID-362,0
CAM1-EPPMD4835-159,0
CAM1-GL4060-A27,0
RAN2-38123772,0
MID2-48862,0
HOU2-30420253,0
EKA2-09953137000,0
WIN2-61005187,0
HOU2-30900069,0
SIR2-AMA282,0
CAM1-EPP3253LID-110,0
LKK2-26,0
TAC1-826,0
EKA2-09988098500,0
RON2-121344T30,0
ZAN2-CRIS0028,0
SIR2-28110803X,0
VOL1-40223,0
TBA2-K3F5400200,0
SIR2-FC2146,0
ARC1-54455,2
BER1-KM3H,2
BER1-BS2DU-F-L,2
CAM1-400DIV-180,2
CAM1-UC500-191,2
LTE1-N80031,2
PUJ1-105.016,2
PUJ1-115.020,2
PUJ1-778.048,2
ROB1-PW100,2
ROE1-28055,2
ROE1-27117,2
ROL1-WDL100,2
SIR1-DT9,2
TRA1-1674-91,2
TRA1-15523-05,2
ROE1-28016W,2
SIR1-28180015,2
JTA1-JUS-TRH60,2
PUJ1-108.130,2
ROE1-R402-400V-50HZ-3PH,2
CAM1-UPC400-191,2
LKK1-WGF-182,2
LIN1-BM6W,2
ROL1-PSR900GE,2
PUJ1-243.035,2
CAM1-ADCS-480,2
TBA1-KR65-3-LW,2
ROB1-GT480,2
SIR1-28184091,2
PMF1-IBV-30-EVO,2
CAM1-CBU184264VS4-580,2
TBA1-KUR12-2D-4-LW(750MM),2
SIR1-O3-TOWER-28,2
LKK1-BM-2T,2
LKK1-EFO2C,2
KIT1-KPSA,2
SIR1-CANOVA300-CE,2
ROB1-GSA610RT,2
LKK1-E02-2-GDWHMBB,2
TOA1-TMFS-65,2
BER1-BS3D-C8-L(750),2
BER1-BS3D-F8-L(750),2
SAN2-50675,2
WIN2-61005231,2
NUO2-02290016,2
RAN2-34200016,2
SIR2-MF0104+MF0283,2
SIR2-FC99004057,2
SIR2-19530807,2
RON2-120702,2
SIR2-19510662A,2
RON2-125222V1,2
ROL2-G16181,2
LKK2-HS50-16,2
LKK2-HS50-19,2
BER2-DRO-4L-BURNER-CHANNEL,2
LAC2-911544020,2
ROE2-39704,2
ROE2-39753,2
ROE2-89021,2
ROE2-27272,2
KIT2-9707426,2
LAC2-952723010,2
LAC2-418935030,2
LKK2-TMT-46812,2
MID2-74424,2
SIR2-LF1010001,2
RON2-50607,2
SIR2-LF2032630,2
ROE2-39513,2
ROE2-504674S,2
JTA2-301100014,2
JTA2-301110011,2
JTA2-302190008,2
TBA2-K3F3101009,2
SIR2-LF1039710,2
SIR2-LF152120005,2
TBC2-101272,2
COG2-80397,2
ROL2-B02019+PTR,2
HOU2-30920068,2
SIR2-19413964.11,2
SIR2-MSC04V238,2
ROE2-89241,2
HAM2-990206001,2
HAM2-990206201,2
HAM2-990147700,2
HAM2-990205900,2
ROE2-29305,2
ROE2-39272,2
HOU2-30900089,2
SKP2-K3F0500100,2
SAN2-62105,2
SAN2-62106,2
ROE2-39630,2
RON2-124803,2
ROL2-F03037,2
HAM2-990084300,2
SAN2-50151,2
SIR2-19800033NC,2
ROB2-VS0334,2
LKK2-B20F(K)-87,2
HOU2-30820046,2
HAM2-990342700,2
LAC2-903761000,2
NUO2-40200005,2
SIR2-IW1471230200,2
LKK2-HWH25-02,2
ROL2-B02032PTR,2
LKK2-LK-GDO-14,2
SAN2-10609,2
SAN2-10607,2
SAN2-10610,2
SAN2-50220,2
SAN2-50566,2
LKK2-B25-15-4-2,2
BER2-VA-0.7,2
BER2-HT-FW1.5KW,2
LKK2-GB1243.1-83(HS20)B,2
LKK2-GB1243.1-83(HS50)B,2
LKK2-HS80-20,2
NUO2-04100012,2
SIR2-19510902.08,2
ROL2-F01027-GAU,2
RON2-50190,2
SIR2-LF2032608,2
SIR2-LF2033013,2
LKK2-TJ22-1,2
SIR2-IB5944027,2
ZNS2-083406,2
LKK2-KSQ3-FLOAT,2
ROE2-29534,2
SIR2-28103206X,2
JTA2-301110034,2
JTA2-302170015,2
JTA2-301020020,2
HOU2-30720661,2
BER2-50UFD-260V,2
ROE2-39748,2
ROL2-F04001,2
ROE2-89155,2
KIT2-4176067,2
BER2-MC-KM008,2
BER2-MT-KM020,2
SAN2-58350,2
PMF2-5L020017,2
TBA2-KRF8140200,2
MID2-55091,2
BER2-64UF260V,2
ROE2-89534,2
LKK2-TSP520-52,2
HOU2-30920090,2
SIR2-IV2060550,2
MMT2-14179118,2
MMT2-14179126,2
MBM2-RTCU900010,2
MBM2-RTCU700283,2
SIR2-IV2420600,2
COG2-80399,2
MID2-74719,2
ROE2-89159,2
SIR2-MSC09V116,2
BER2-CKE4SCSB-001,2
JTA2-302190357,2
JTA2-302190358,2
ROE2-39298,2
SIR2-IX2934006,2
COG2-926056,2
SIR2-SFCL016,2
HAM2-990069700,2
SIR2-LF1232608,2
SIR2-LF2032621,2
SIR2-LF1232605,2
RON2-123571,2
RON2-123572,2
BER2-PL-URSC,2
LKK2-GB1243.1-83,2
RON2-51352,2
SIR2-LF2031418,2
COG2-121158,2
ROL2-A01002,2
HAM2-990343600,2
HAM2-990075200,2
HAM2-990071300,2
BES2-23020500,2
RON2-123102T02,2
VRM2-AR31-174.2,2
SIR2-MSC04AMON,2
TBA2-T10A620020,2
LAC2-985717000,2
SIR2-MF2127,2
MID2-22361-0001,2
COG2-121144,2
COG2-121138,2
COG2-927246,2
COG2-215029,2
COG2-447128,2
MID2-58500,2
SIR2-AMA284G,2
SIR2-19300301,2
PIT2-60147801,2
SIR2-GM8156600,2
TBA2-4TM314TFBYY-52,2
TBA2-400V-4MF,2
MMT2-58101024,2
NTS2-L290061071,2
LKK2-GCNP(WGF-181),2
TBA2-BR21900104,2
SAN2-70532,2
SIR2-FC02038T,2
LKK2-LK-GDO-13,2
LIN1-GR3,2
LIN1-HT6,3
LIN1-PO89X,2
ROL2-A02008,4
ROE2-27155,5
ROL2-D04015,26
BER2-HT-EG17.5KW,9
ROL2-A13006,4
LIN2-EN10,5
ROE2-27055,8
ROE2-29341,14
ROL2-D02023,3
BER2-HW-JD-VS,6
ROE2-39112,2
COG2-227064,6
ROE2-89508,2
BER2-TM-110,2
BER2-OP-BC002,5
BER2-PL-JD-VOR,11
BER2-HW-JD-V,6
BER2-PL-JD-B2,7
ROL2-D04020,4
SIR2-IW1471240017,6
ROL2-B04071,2
ROL2-A16014,2
TOP1-M98E-502SG03,12
TOP1-98001MN-2,14
ROL2-D04033,12
HOU2-059013,3
HOU2-30520037,2
ROL1-FD80R,5
TOP1-M98E-505SN08,11
ROE2-103693S,11
ROE2-39344,6
SIR2-GM2492100,4
TOP1-9860-B,6
ROL1-RFE8D,2
SIR2-1940010780,4
ROL1-PID30,2
CAM1-BC340KD2SB-110,8
MID2-72209,5
HAT2-020144100,4
HAT2-020144200,4
ROL2-A13017,12
ROL2-50053,5
ROL2-A13019,8
ROL1-MF120R,2
MBM2-168202,4
MBM2-167549,2
MBM2-166465,3
LKK1-HS30(D),5
ROE2-39741,5
ROE2-39810,4
TBA1-KUF15-3D-3-LW(750MM),2
TBA1-KUF18-3-LW(750MM),7
TBA1-KUR18-3-LW(750MM),18
ROE2-303161S,1
TOP1-98002-1,13
ROE2-29881,5
LIN2-BA91,8
ROE2-89231,1
ROE2-39699,6
ROE2-39887,2
ROL2-D02176,3
LIN2-TH69,14
ROL1-FD50D,7
TOP1-M98E-506SN10,10
COG2-69016,2
LIN2-LA10,6
TBA1-KR45-4P-LW,2
TBA1-KUR18-3D-3-LW(750MM),5
TBA1-KUR18-3D-9-LW(750MM),3
ROL2-D04043,13
ROL2-D02105,3
ROL1-EP800,2
ROL1-FC60TQ,10
MID2-27381-0023,5
HAM1-HMD1000-CE,2
TBA1-TIM-100A,4
MBM1-MPLG78T,2
MBM1-MFTG74TLC,2
MID2-75729,1
HOU2-30420698,2
HOU2-30300182,2
LIN1-PB33,1
ROE1-28058W,4
MBM1-MFRE77A,2
MBM1-MTPG77A,3
HAM2-990343400,2
SIR2-IW1071240063,5
ROL2-F01035,2
ROE2-39286,3
TOA2-1000707,6
ROL1-PSF400E,2
ROE2-27362,8
ROL2-A14111,6
CAM1-1622TL-138,63
LIN1-DF33,45
ROL1-GES20,8
ROL1-140,3
ROL1-RF8DS,9
ROL1-BAR1000,6
ROL1-FC110E,9
ROL1-PSR600G,2
ROL1-PIC25,10
COG1-STEELTECH38-00,23
COG1-STEELTECH34-00,12
HAM1-HVC254-CE,1
ROL1-MF120DR,4
TBA1-KF25-2-LW,2
TBA1-KF45-4-LW,9
TBA1-KR25-2-LW,2
TBA1-KR45-4-LW,8
TBA1-KSR18-3-LW(750MM),15
TBA1-KUF12-2-LW(750MM),8
TBA1-KUF15-2-LW(750MM),7
TBA1-KUR12-2-LW(750MM),7
TBA1-KUR15-2-LW(750MM),14
HAM1-HBF510S-CE,39
HAM1-HBB255-CE,31
TBA1-KF25-2P-LW,2
TBA1-KR25-2P-LW,2
ROL1-PSR600E-220V,8
MBM1-MCPG74A,2
MBM1-MFB711AXS,3
ROL1-CSE350,3
ROL1-CFE400,10
ROL1-PSR600E-380V,1
ROL1-PZ430D,8
CAM1-1216FF-163,182
CAM1-1418CT-138,82
CAM1-25E2-151,157
CAM1-2SFSCW-135,267
CAM1-34CW-135,491
CAM1-36E2-151,60
CAM1-64CW-135,1098
CAM1-BR258-151,458
CAM1-OETR314-151,32
CAM1-PR314-151,1034
CAM1-90CWC-135,1042
CAM1-94CW-135,418
CAM1-16E1-151,102
CAM1-16E2-151,140
CAM1-49E2-151,56
CAM1-20CWC-135,154
CAM1-92CW-135,246
CAM1-BC331KD-110,49
CAM1-66HP-150,52
CAM1-50MCCW-135,30
CAM1-BC331KDTC-110,47
CAM1-24PP-190,152
CAM1-36PP-190,146
CAM1-BC331KDSH-110,114
ROL2-A01001,4
ROL2-D04022,11
ROE2-29530,2
BER2-TM-320,10
BER2-LE-PLRED,2
BER2-KN-WOS,6
BER2-GE-LPG332-PB,21
BER2-BR-VEN-S,30
BER2-GE-L1500TC,14
ROL2-H03006,20
ROL2-A06042,19
ROL2-A06048,4
ROL2-A18022,26
ROL2-D02034,7
BER2-GE-L600TC,1
LIN2-KB21,8
LIN2-SE30,2
ROL2-A09003COM,21
ROL2-D01032,31
ROL2-D04007,28
ROL2-A06056,34
BER2-GE-PIEZO,36
ROL2-D02151,4
BER2-BR-HEX-L,35
COG2-121120,2
TOP1-98001-1,50
ROE2-89136,35
LIN2-TH61,3
BER2-HT-IRL810W,6
HAT2-021917400,1
TOP1-9814-12,34
TOP1-98-H44,28
BER2-CS-AC8-P,3
CAM1-64PP-190,226
CAM1-BC340KDP-110,142
TOP1-9810-12,172
TOP1-9810-08,42
TOP1-F-901,30
TOP1-012S,105
SIR2-LF153100U16,6
CAM1-EPP180-110,12
CTP1-KB-2201-250-BL,230
CTP1-KB-2201-250-YL,181
CTP1-KB-2201-200-YL,151
CTP1-KB-2208-150A-BK,172
CAM1-1400CT-110,205
CTP1-GS-10940-01-BK,155
CTP1-KB-2288-200-BK,74
CTP1-KB-2208-200-BK,160
CTP1-KB-2221-180G-BK,143
TOP1-98001-2,26
BER2-TM-329,6
TOP1-MS42D,19
TOP1-9810-P5,12
TOP1-M98E-506SN12,46
BER2-HT-IRL1KW,3
ROL2-A06012,10
ROE2-117395S,6
ROE2-501678S,5
ROE2-502169S,2
ROE2-502170S,4
SIR2-FC99004017HAL,2
CTP1-PS-2202-195TD-BK-RD,257
CAM1-60PPCWSC-190,555
CAM1-90PPCWSC-190,115
ROL2-H01076,5
CTP1-KB-2201-200-BR,265
CTP1-KB-2201-250-RD,136
ROL1-PIS30,24
TOP1-9840-F,1
CTX2-340931,15
ROL2-A02019,9
BER2-VA-MT10A-1,62
CAM1-BC340KD-110,87
COG2-73350,0
COG2-224031,3
ROE2-27447,6
ROL2-A02035,2
ROL2-A02034,10
ROE2-89233,4
ROE2-89553,2
ROE2-89538,6
ROE2-39341,6
TOP1-F-903,16
ROL2-A18026,7
ROE2-89406,4
TOA2-1952221,5
TOA2-1952889,1
ROE2-89676,2
CAM1-44PP-190,97
CAM1-46PP-190,110
CAM1-DB18263P-148,130
ROL2-A05019,8
TBA2-K3F5102205,3
CTP1-GS-10935-FEN-BK,128
CTP1-PEEL-SS-55S,264
ROE1-28112W,5
BER2-BR-VEN-L-1,25
HAM1-98455,8
BER2-TM-250-V,14
ROE2-39345,12
SIR2-MSC04V052A,40
BER2-BR-HEX-R,25
CAM1-6SFSPROCW-135,405
CAM1-22SFSPROCW-135,146
BER2-TM-EW70-ITY-N-1,2
CTP1-KB-2288-200-RD,72
ROE2-39912,5
ROE2-39916,2
ROE2-39928,6
CAM1-1217FFH-163,486
CAM1-34CW-110,101
HOU2-30300134,3
ROL2-A03057,6
ROE1-28051W,6
ROE1-28064W,2
BER2-TM-EW30-ITY-1,3
CAM1-P34CW-135,37
CAM1-P34LCW-135,28
ROL2-A13012,6
CAM1-BC331KD-480,13
CAM1-90CWD-135,28
ROL2-A08009,16
ROL2-A08001,7
BER2-FE-VDE18W,7
PIM1-DR520-FT,2
PIM1-BSC31,2
ASL1-CB3828A-RD,154
ASL1-CB6040A-RD,85
ASL1-CB4833A-YL,111
ASL1-CB6040A-YL,44
ASL1-CB3828A-BL,78
ASL1-CB6040A-BL,77
ASL1-CB3828C-RD,94
ASL1-CB3828A-WH,191
ASL1-CB6040A-WH,72
ASL1-CB3828A-CF,121
ASL1-CB3828C-YL,125
ASL1-CB6040A-CF,46
ASL1-CB4833C-RD,233
ASL1-CB6040C-RD,74
ASL1-CB4833C-YL,172
ASL1-CB4833C-GR,321
ASL1-CB6040C-GR,106
ASL1-CB6040C-WH,102
ASL1-CB35H-CF,10
ASL1-CB35H-GR,30
ASL1-SCP-WH,102
ASL1-SCP-BR,18
ASL1-SCP-RD,54
ASL1-SCP-YL,23
ASL1-SCP-GR,26
PIM1-TC-12,4
ROL1-FC280,3
ROL2-A08006,14
LIN2-NE43,10
PIM1-YXD-6A,2
ROL2-A08003,16
PIT2-60125401,102
PIT2-60125501,57
NTS1-HLCS2-SSG,1
NTS1-MT-20L,15
NTS1-MT-30L,13
NTS1-MT-50L,2
NTS1-MT-35L-3B,14
NTS1-MT-35L-2B,14
NTS1-TAL-24-2,70
NTS1-TAL-36-2,54
NTS1-SSG-25,178
NTS1-CWW-35,90
NTS1-DB-P45-GY,9
NTS1-DB-P68-GY,26
NTS1-CC-D3L-GY,66
NTS1-SOS-S,22
NTS1-MT-40L,29
NTS1-MT-43L-2B,16
NTS1-CD-IN68,18
NTS1-GN11150,839
NTS1-GN14L,611
NTS1-GN24150,31
NTS1-GN11100P,457
NTS1-GN11150P,218
NTS1-CD-B6L,29
NTS1-CD-A6L,24
NTS1-SN1615,74
NTS1-SN1332,59
NTS1-SN1050,288
NTS1-SN1613,71
NTS1-SN8033,11
NTS1-SN4830,19
NTS1-SN4117,34
NTS1-SN41194,40
NTS1-SN4120,115
NTS1-SN4121,38
NTS1-SN41274,45
NTS1-SN4128,95
NTS1-SN4129,58
NTS1-SN4133,59
NTS1-SN4134,179
NTS1-SN4757,339
NTS1-SN4758,285
NTS1-SN4755,6
NTS1-SN4756,71
NTS1-SN4107,22
NTS1-SN4108,20
NTS1-SN4052,27
NTS1-SN40715,34
NTS1-SN4072,32
NTS1-SN4073,48
NTS1-SN4245,17
NTS1-SN4233,24
NTS1-SN4061,97
NTS1-SN4690,21
NTS1-SN4625,26
NTS1-SN2004,67
NTS1-BB-D3L,268
NTS1-HLH2S-SB,3
NTS1-SN3570,30
NTS1-SN3243,23
NTS1-SN3840,66
NTS1-COL1-12,408
NTS1-SN4877,20
NTS1-SN4876,23
NTS1-MFS800,16
NTS1-MFR800,17
NTS1-CAD1-2,1399
NTS1-CAD1-3,1438
NTS1-CAD1-5,502
NTS1-CAD1-6,500
NTS1-CAD1-9,714
NTS1-CAD1-17,256
NTS1-CAD1-11,1009
NTS1-HLR1G-SB,6
NTS1-B-C76,7
NTS1-SN1534,34
NTS1-SN7996,34
NTS1-SN8015,7
NTS1-SN7014,7
NTS1-DU-D3L,55
NTS1-SN7991,0
NTS1-DRFP-SS6L,1
NTS1-SN5026,28
NTS1-SN1587,103
NTS1-HOW1-11,299
NTS1-SSG-30L,55
NTS1-SN9054,10
NTS1-TUL1-3,669
NTS1-SN2022,42
NTS1-ALI1-2,884
NTS1-ALI1-3,693
NTS1-SN1072,291
NTS1-SN9075,14
NTS1-ALI1-1,192
NTS1-BS500-SSG,22
NTS1-SN4106,19
NTS1-SN7016,10
NTS1-CAD1-15,516
NTS1-CAD1-16,79
NTS1-CAD1-28,192
NTS1-TUL1-2,550
NTS1-TUL1-13,318
NTS1-CAR1-2,86
NTS1-FAB1-11,365
NTS1-CAR1-3,86
NTS1-CAD1-8,244
NTS1-SSG-22L,34
NTS1-KAN1-2,482
NTS1-KAN1-3,608
NTS1-HOW1-12,386
NTS1-HOW1-5,1002
NTS1-HOW1-6,1217
NTS1-DB-PP100-GY,14
NTS1-DB-PP120-GY,9
NTS1-FL-099-GY,3
NTS1-SN85716,34
NTS1-FAB1-15,236
NTS1-SN4510,21
NTS1-SN4513,23
NTS1-HLCR4SS-W-OH,1
NTS2-NVP-06,52
NTS1-SN1594,30
NTS1-SN4759,73
NTS1-FF-BOT12,48
NTS1-PT-AL9N,56
NTS1-TRAY-AL015,354
NTS1-TRAY-S-K,26
NTS1-TRAY-AL015NS,205
NTS1-STK3,282
NTS1-CR600400-201,194
NTS1-CR530325-201,327
NTS1-CD-06,78
NTS1-LOBS-C,182
NTS1-BST-10,2
NTS1-BSF-12,53
NTS1-BSP-10,0
NTS1-WHS8-22,22
NTS1-JU-HM,14
NTS1-WHS12-10,22
NTS1-LOP-6,13
NTS1-LOP-9,5
NTS1-LADL-14,3
NTS1-LADL-16,6
NTS1-LADL-7,23
NTS1-WIB-HG2,26
NTS1-SBM-011,34
NTS1-SBM-012,10
NTS1-SBM-013,10
NTS1-SBM-019,8
NTS1-SBM-023,10
NTS1-SBM-024,0
NTS1-SBM-026,10
NTS1-SBM-027,11
NTS1-SBM-033,10
NTS1-SBM-034,13
NTS1-SBM-036,10
NTS1-SBM-053,19
NTS1-SBM-057,18
NTS1-SBM-094,10
NTS1-SBM-121,8
NTS1-CSE-25,2
NTS1-DCU-15R,19
NTS1-PTS-M18,0
NTS1-FEM2,55
NTS1-CSPL-30,2
NTS1-CFP2-36,5
NTS1-CFP-32,6
NTS1-CSSA-20,5
NTS1-WHS8-12,33
NTS1-CSSP-40,3
NTS1-CSPL-45,2
NTS1-FEMB1,41
NTS1-PTO-2S,21
NTS1-MKR-340,43
NTS1-STRA-D30,5
NTS1-PLC11,59
NTS1-MKR-620,14
NTS1-MKR-470,14
NTS1-STP-AL-25H,7
NTS1-FUN-OLH,10
NTS1-MAND-M,10
NTS1-CSSA-24,4
NTS1-CFP-28,1
NTS1-PLC8,26
NTS1-PLC12,34
NTS1-ISC2-12,267
NTS1-CSSP-28,2
NTS1-CSSP-32,6
NTS1-CSSP-36,2
NTS1-CSSAH-20,4
NTS1-SQZ-LM-1,14
NTS1-MAND-SLI,31
NTS1-CSSAH-16,6
NTS1-CSSAH-18,6
NTS1-CSSAH-24,5
NTS1-PTO-1S,67
NTS1-STRA-8,26
NTS1-CLAD-L5,12
NTS1-CFP-24,14
NTS1-CFP-26,6
NTS1-FEM1,50
NTS1-FP-AL-20,9
NTS1-FP-AL-28,18
NTS1-CSSP-30,2
NTS1-CHSPH12,3
NTS1-COL-PF2,11
NTS1-TURW-5,18
NTS1-CFP-30,5
NTS1-CHSPH10,10
NTS1-FP-S-22,4
NTS1-CBR-SS6,220
NTS1-STRA-D36,14
NTS1-SBL24-2,5
NTS1-CHSP12,6
NTS1-CHSPH16,2
NTS1-CSFP-24,5
NTS1-FFSB1,10
NTS1-FPA-AL-16BH,4
NTS1-MLK-A1,19
NTS1-SPL-AL-18H,11
NTS1-STRA-10,63
NTS1-TTURW-6,18
NTS1-WHS8-18,78
NTS1-PD12,9
NTS1-TTURW-7,20
NTS1-CC-H-RD,15
NTS1-CC-O-GR,7
NTS1-CLAD-S5,6
NTS1-CHSPH14,3
NTS1-CHSPH8,10
CAM1-10CWCH-135,252
CAM1-12CW-135,203
CAM1-1400CT-138,130
CAM1-1826CCW-135,61
CAM1-24CW-135,21
CAM1-30CWCH-135,606
CAM1-60CWCH-135,1200
CAM1-62CW-135,213
CAM1-66CW-135,324
CAM1-40CWCH-135,202
CAM1-30CWD-135,140
CAM1-60CWD-135,2082
CAM1-44CW-135,4
CAM1-14PP-190,95
HAM2-83249900500,5
SIR2-MSC04N112A,0
BER2-GE-ES,13
BER2-GE-WL400,4
BER2-GE-WL600,7
ROL2-B09005,19
ROL2-B09007,14
ROL2-H03005,6
SIR2-19410102,10
SIR2-19310206,4
SIR2-19410301,3
ROL2-F04030,19
ROL2-A06032,4
COG2-121146,2
ROL2-F04038,11
TOP1-9810-06,16
TOP1-9813-12,11
ROE2-89001,7
TOP1-98007-1,18
BER2-BR-BBQ002,1
ROL2-H01021,1
CAM1-66PP-190,87
CAM1-IBS20-148,18
LKK2-THERMOSTAT(WF),45
CAM1-CBU216072V4-580,2
TOP1-9811-12,18
CTP1-KB-2201-200-RD,161
CTP1-KB-2201-200-GR,349
BER2-FE-VDE10W,1
ROE2-39335,8
TOP1-9810-10,14
TOP1-M98E-0SV,27
SIR2-LF1532000I,3
ROE2-102600S,2
ROE2-103695S,6
ROE2-106458S,1
ROE2-3114S,7
SIR2-LF151650U16,0
TOP1-M98E-112A,36
ROL2-D02160,4
CAM1-10PPCWSC-190,30
CAM1-30PPCWSC-190,273
CAM1-40PPCWSC-190,250
ROL2-E01012,1
MBM2-RIC0004096,3
MBM2-185732,7
MBM2-RTCP800033,4
MBM2-RTCU900061,2
MBM2-RTCU700374,0
COG2-130977,0
TOP1-M98E-100,49
COG2-215042-5,5
BER2-VA-MT10B-1,2
ROL2-D04042,14
TOP1-98007-2,15
TOP1-98008-1,7
CAM1-UGNPR11F18-480,42
SIR2-19410307,0
SIR2-MSC09V112,2
TOP1-YB-8706,11
SIR2-19530912,2
COG2-74086,1
SIR2-19563560LV,1
SIR2-29030301,1
SIR2-29561700,2
ROE2-39337,12
CAM1-2SFSPROCW-135,361
CAM1-4SFSPROCW-135,221
CAM1-8SFSPROCW-135,197
CAM1-12SFSPROCW-135,160
CAM1-18SFSPROCW-135,90
CAM1-SFC2FPPP-265,1033
CAM1-SFC6FPPP-266,571
CAM1-SFC12FPPP-267,398
CAM1-1SFSPROPP-190,77
CAM1-HFSFSPROPP-190,254
CAM1-SFC1FPPP-190,453
SIR2-IW1471230010,0
SIR2-IW1471230030,0
CAM1-SPO8CW-110,161
COG2-926049,4
COG2-231016,0
MID2-52244,3
ROL2-A07011,4
SIR2-19562342,2
SIR2-IW1471220010,3
CAM1-TG6-110,225
MBM2-RTCU900474,2
MBM2-RIC0004953,2
NTS1-ICED-L6,1
PIM1-MS300T-250W,7
NTS1-CHH-600,1
PIM1-GH-400,24
NTS1-RPS-AL9S,62
NTS2-HL-102,72
NTS1-HLCR2-BG,4
NTS1-HLCR2-OW,4
NTS1-TAL-45-3,42
NTS1-LFB-18,47
NTS1-GN1120,802
NTS1-GN1165,1099
NTS1-GN11100,1432
NTS1-GN11200,400
NTS1-GN11L,1164
NTS1-GN1265,818
NTS1-GN12100,744
NTS1-GN12150,8
NTS1-GN12L,492
NTS1-GN1365,407
NTS1-GN13100,794
NTS1-GN13L,842
NTS1-GN14100,422
NTS1-GN14150,105
NTS1-GN1665,1061
NTS1-GN16100,2374
NTS1-GN16150,2042
NTS1-GN16200,467
NTS1-GN16L,1662
NTS1-GN1965,796
NTS1-GN19L,2606
NTS1-GN2365,104
NTS1-GN24100,29
NTS1-GN1165P,250
NTS1-GN1265P,32
NTS1-CD-E9L,31
PIM1-ESK-10LS,23
NTS1-GN21200,49
NTS1-MTZ-L,18
PIM1-CCGSS-2W,3
NTS1-WHS12-14,6
NTS1-HLCR2C-MSS,0
NTS1-HLRB1S-SB,0
NTS1-ISC2-24,19
NTS1-ISC2-36,231
ASL1-CB4833A-RD,150
ASL1-CB3828A-YL,50
ASL1-CB4833A-BL,78
ASL1-CB3828A-GR,110
ASL1-CB4833A-GR,169
ASL1-CB3828C-BL,50
ASL1-CB3828C-GR,98
ASL1-CB6040A-GR,60
ASL1-CB4833A-WH,17
ASL1-CB3828C-WH,110
ASL1-CB4833A-CF,68
ASL1-CB3828C-CF,71
ASL1-CB4833C-BL,90
ASL1-CB6040C-BL,44
ASL1-CB6040C-YL,16
ASL1-CB4833C-WH,191
ASL1-CB4833C-CF,111
ASL1-CB6040C-CF,26
NTS1-SAK1-11,226
NTS1-ICBP-2,5
NTS1-NCT-25,2
NTS1-ISC1-1,74
ASL1-CB35H-RD,18
ASL1-SCP-BL,6
NTS1-TURW-2,1
ROE2-600018S,5
NTS1-ISC1-2,18
NTS1-ISC1-3,40
NTS1-HTB-C-GY,22
NTS1-COL1-11,56
NTS1-FF-BOT24,246
NTS1-LFB-10-BK,98
NTS2-HL-012,2
PIM1-DH-11-21,2
PIM1-DH-11-5F,2
PIM1-EF-6L,6
PIM1-KG-165F,6
PIM1-DR-2,4
PIM1-JZH-RQ-4,2
PIM1-PFB14-BK,2
LKK2-PL-2-20,3
PIM1-ESK-10L,174
LKK2-CONTACT(LK-PL),6
PIM1-MS250T-150W,1
PIM1-MS275T-200W,8
PIM2-30402049,1
PIM2-30403116,2
PIM2-TC12-7,4
PIM2-TC22-3,8
PIM2-30301009,1
PIM2-30403135,4
PIM2-30310051,1
PIM2-30304031,1
PIM1-DE-1-A,0
PIM1-DH-1P,1
PIM1-EB-450,6
PIM1-EB-600-1PH,2
PIM1-EF-11L,0
PIM1-EF-11L-2,1
PIM1-EF-12L-2,0
PIM1-EF-4L,3
PIM1-EF-6L-2,2
PIM1-EF-8L,0
PIM1-GH-811EA,3
PIM1-NYGF300-RF,0
PIM1-TT-300,23
PIM1-YXD-8A,1
PIM1-YXD-1AE,0
PIM1-6ATS-A,2
PIM1-AT-936,1
PIM1-GH-813A,0
PIM1-TT-450,11
PIM2-301100024+301150012,0
PIM2-30418071,6
PIM2-30403201,8
PIM1-4ATS-A,0
PIM1-EF-12L,0
PIM1-EF-8L-2,6
PIM1-GH-610,1
PIM2-302130201,2
PIM2-302050078,0
PIM2-TC22-13-20,2
SIR2-IW1071240050,2
PIM1-EDO2-40C-BK,0
PIM1-ARGRILL-17105001600,0
NTS1-HB-200,1
NTS1-COL1-3,125
NTS1-HLS1C-SB,2
NTS1-HLRB2S-SB,1
NTS1-KB-S100,3
NTS1-FF-BOT16,225
NTS1-FF-BOT32,231
NTS1-RPS-AL12S,20
NTS1-RPS-AL18S,2
NTS2-HL-001-PHL,14
NTS2-CB100100-WP,0
NTS1-CLL-25S,19
NTS1-HLR1C-SSRB,2
NTS1-ST-900,5
NTS1-GN1140,262
NTS1-GN13150,551
NTS1-GN13200,208
NTS1-GN1465,110
NTS1-GN14200,47
NTS1-GN19100,2480
NTS1-GN2120,209
NTS1-GN2140,101
NTS1-GN21100,19
NTS1-GN21L,1
NTS1-GN2320,24
NTS1-GN23100,22
NTS1-GN2165,0
NTS1-CD-C6L-G,7
NTS1-WIN1-2,43
NTS1-WIN1-3,139
NTS1-RS-PT,58
NTS1-WIN1-15,0
NTS1-CD-FUEL,10
NTS1-LT-SBR,1
NTS1-OJC1,2
NTS1-OVMS-S,5
NTS1-DC-PC10,34
NTS1-SP-AL-16H,3
NTS1-ICED-NB,2
NTS1-COL1-1,94
NTS1-COL1-9,229
NTS1-COL1-17,68
NTS1-WHS12-18,6
NTS1-CAD1-1,0
NTS1-PM300450-17,23
NTS1-HLCR2C-OW,2
NTS1-HLCR2C-BG,0
NTS1-HLR1C-CRB,1
NTS1-MTZ-2S,0
NTS1-NCT-01,7
NTS1-NCT-04,8
NTS1-NCT-08,1
NTS1-NCT-16,3
NTS1-ROPS-W1,2
NTS1-CHH-900,2
NTS1-JD-8LSB,3
NTS1-SQZ-LM-2,2
NTS1-ROP-60W,6
NTS1-MCUP4,4
NTS1-JIG-D2,1
NTS1-FAB1-5,220
NTS1-FAB1-6,211
NTS1-FAB1-9-1,125
NTS1-TUL1-17,192
NTS1-SAK1-13,10
NTS1-SAK1-18,2
NTS1-SAK1-2,302
NTS1-SAK1-3,187
NTS1-SAK1-5,60
NTS1-SAK1-9,163
NTS1-FAB1-3,214
NTS1-CD-385D-POR,15
NTS1-HOW1-2,196
NTS1-HOW1-3,423
NTS1-ROP-55W,0
NTS1-FAB1-2,134
NTS1-BBC-GY-WT,0
NTS1-ISC3-3,0
NTS1-ISC3-4,0
NTS1-NOV1-2,146
NTS1-NOV1-3,407
NTS1-MJS35,2
NTS1-PCCM-008,0
NTS1-PPM-B4,2
NTS1-OVMS-L,0
NTS1-OVMS-M,14
NTS1-JIG-D1,1
NTS1-JIG-D3,0
NTS1-MTZ-2L,2
NTS1-CD-GN12-POR,7
NTS1-CAD1-9-1,106
NTS1-NOA1-1,112
NTS1-NOA1-2,65
NTS1-NOA1-3,60
NTS1-FAB1-12-1,193
NTS1-HOW1-9,31
NTS1-MJSW32,0
NTS1-CDHR-900W,10
NTS1-CD-101-9L2,1
NTS1-PM300450-70,1
NTS1-MEA-CUP40,1
HAT1-GRA42,2
HAT1-GRAH48,2
ROB1-F25,0
ROB1-TCR15,0
ROB1-FD10,9
ROB1-BM2C,1
ROB1-BM2,0
SIR1-PRO1-1G,0
SIR1-MIRRA250C,10
LKK1-WF-101,0
LKK1-WF-102,29
LKK1-WF-171,3
ROB1-DM31R,0
LKK1-IND350S,177
MBM1-MTPG77T,0
CAM1-14CW-135,97
CAM1-20CWCH-135,489
CAM1-26CW-135,66
CAM1-FR258-151,201
CAM1-SCP12CW-135,3
CAM1-10CWD-135,29
CAM1-DB18263CW-148,2
CAM1-DB18266CW-148,0
CAM1-RFSCWC2-135,3
CAM1-1622CT-110,30
CAM1-CDR2020H-151,13
CAM1-100MCCW-135,26
SAN2-50230,3
KIT2-9704309,74
SIR2-19560201,4
BER2-VA-MT10B,2
LKK2-SAFETY,2
ROB2-ES0007,2
ROL2-A04006,3
LKK2-3000W,2
SIR2-19310201,1
LKK2-THERMOSTAT(PL2)-220V,1
ROL2-A06001,11
KIT2-9707670,2
ROE2-27449,3
ROL2-F07025,2
TOP1-M98E-505SN12,17
TOP1-9813-P5,0
CAM1-2700CT-110,32
TOP1-M98E-503SG03,0
TOP1-9851,2
TOP2-98-V,32
CAM1-EPP300-110,9
CAM1-EPP400-110,4
CTP1-KB-2201-250-BK,0
CTP1-KB-2201-250-GR,18
CTP1-KB-2201-200-BK,2
CTP1-KB-2201-200-WH,25
CAM1-CBU213672V4-580,2
PMF2-7P010200,0
CAM1-1600CT-110,32
CTP1-KB-7577-300-BK,36
CTP1-GS-10827-28-ZS-BK,129
CTP1-KB-05-100SYD-BK,28
CTP1-KB-2255-200-BK,38
CTP1-KB-2201-300-RD,12
SIR2-195102025CHM.09,2
CTP1-GS-10444-180-BK,49
SIR2-LF1531000I,6
ROE2-27448,2
ROE2-89054,2
LKK2-IND350S-20,2
CTP1-KB-2201-300-BK,60
CAM1-20PPCWSC-190,374
LKK2-IND350S-6,137
VRM2-AR005-002-TS001,8
CTP1-KB-2255-250-WH,7
LKK2-PCP017-3,6
CAM1-1217FFH-110,174
CAM1-1217FFH-167,303
CAM1-1217FFH-166,272
COG2-65811,2
TOP1-9812-12,5
TOP1-9817-12,0
HAT2-R02.30.266.12,31
SIR2-19403052,2
SIR2-19413007.18,3
ROE2-89163,3
TOP1-F-901A,6
SIR2-19411007.18,1
SIR2-SFCL006,2
SIR2-SFCL008,0
SIR2-19560202,1
LAC2-400274020,0
LAC2-402199010,63
HAM2-990060700,1
SIR2-19310205,0
CAM1-UGNPR11H9-480,1
CTP1-KB-2266-300G-BK,36
ROB2-MS0583,18
SAN2-37160,1
SIR2-19500150,0
CAM1-1400TL-138,40
LKK2-IGC,0
CTP1-GS-30512-180-BK,6
CTP1-KB-2208-150A-RD,0
TOP1-98002-2,0
CTP1-GS-10832-22-25-BK,207
ROB2-TS0005,2
ROB2-MC1115,23
SIR2-IW1071230050,1
SIR2-IW1471240030,1
CAM1-30CWCHN-135,2
LKK2-HEATER(KBM-150),1
LKK2-HEATER(MW-2)NEW,0
ROB2-MC0844,1
TBA2-K3F4500202,1
ZAN2-TERM0072,2
LKK2-IND350S-1,6
SIR2-19410152,1
LKK2-LK-GDO-5,4
HAT2-02.16.120.00,0
CAM1-DBC1826CW-148,2
CAM1-5412CBP-480,5
LKK1-KSQ-3,0
HAT1-GRAH36,0
HAT1-GRA36,2
HAT1-GRA48,0
LKK2-B20B-22,1
ROB2-TS0007,0
ROB2-EC0010,1
LKK2-TJ12-34C,0
HAT2-R0503007A00,7
HAT2-0216011,0
ZNS2-0L0098,2
ZNS2-0L2583,2
ROB2-ES0163(TCR15),0
TOP1-M98E-503SN12,2
ROB1-UDS20VP,0
LKK1-SS120-1,1
LKK1-SS150-1(RSC),0
SAN2-62101,0
KIT2-9705444,6
CAM1-60PPCH-190,0
CAM1-RFSCWC6-135,2
HAM2-6126-HBB908-CE,0
TOP1-9816-P3,0
TOP1-9840,0
TOP1-9800-06,1
LAC2-973031010,1
LAC2-927132010,1
LAC2-952846010,0
PMF2-5T010001,2
LKK1-PC-190,0
CTP1-WS-60-100,1
ZAN2-ASSM1377,0
ROE2-39338,6
ROE2-39355,1
ROE2-117813S,1
ROE2-501010S,1
ROE2-89430,1
SIR2-IW2071250005,2
SIR1-TM-TG,2
ZNS2-0C1605,2
TOP1-98008-2,1
CAM1-32HP1H-150,0
MBM2-RIC0004862,1
MBM2-171855,2
LAC2-537047600,0
COG2-215042-6,2
LKK2-IND300-17,2
CAM1-62PP-190,6
ROE2-89210,1
SIR1-28184009,0
SIR1-28184077,0
SIR1-28184191,1
ROE2-39751,1
SIR2-19562150,2
ROL2-A06060,1
TOP1-98011-1,1
TBA2-IS-4420QTBC,0
VRM2-AR005-194-TD002,5
HAM2-990036300,7
LKK1-BM-63,2
SIR2-19700335,2
SIR2-SFCL002,0
SIR1-W8-30-EASY-TOUCH-BX,2
SIR2-IGS403213,0
ROE2-89530,0
SIR2-195621360,2
LAC2-401194010,0
LAC2-3529133899,0
LKK2-RHX-12-18,0
HAT2-X02.09.274.00,0
COG2-926189,1
LKK2-10ED-12-11,1
LKK2-RHX-36-23,0
ROB1-HQ1200E,9
LAC2-532305000,2
MID2-46521,0
HOU2-30800017,2
HAT2-02.16.206.00,1
LKK1-BH5,0
LKK2-B20(K)-BOWL,0
ROB1-GSA810S,0
SIR2-GM5036870,2
LKK2-KNOB-TH(EPZ-2),1
LKK2-RHX-12-09,1
LKK2-EHS330#8,10
SIR2-IW1471220030,0
SIR2-IW1071220050,1
SIR2-FC02060,2
COG2-215037,1
PUJ1-331.039,1
PUJ1-331.056,1
PUJ1-136.008,6
PUJ1-946.002,2
PUJ1-715.006,16
PUJ1-718.006,2
PUJ1-718.010,2
PUJ1-720.006,5
PUJ1-720.010,55
PUJ1-785.010,64
PUJ1-782.012,1
PUJ1-782.014,6
PUJ1-782.016,10
PUJ1-783.008,2
PUJ1-777.548,3
PUJ1-779.017,5
PUJ1-779.021,0
PUJ1-805.000,0
PUJ1-807.000,4
PUJ1-801.040,3
PUJ1-386.000,3
PUJ1-833.002,102
PUJ1-946.001,9
PUJ1-723.024,0
PUJ1-803.000,0
PUJ1-959.045,1
PUJ1-959.050,3
PUJ1-316.125,2
PUJ1-941.028,1
PUJ1-821.000,1
PUJ1-859.106,0
PUJ1-859.116,0
PUJ1-863.000,0
PUJ1-941.013,0
PUJ1-941.022,2
PUJ1-318.005,2
PUJ1-850.024,0
PUJ1-798.040,12
PUJ1-798.055,6
PUJ1-798.065,5
PUJ1-720.007,7
PUJ1-357.000,1
PUJ1-343.400,0
PUJ1-343.800,10
PUJ1-200.022,2
PUJ1-201.020,17
PUJ1-303.024,6
PUJ1-316.040,1
PUJ1-341.000,0
PUJ1-870.000,3
PUJ1-383.000,28
PUJ1-358.307,5
PUJ1-120.024,42
PUJ1-120.028,82
PUJ1-120.032,43
PUJ1-120.036,13
PUJ1-120.040,7
PUJ1-128.028,9
PUJ1-200.018,138
PUJ1-202.016,1
PUJ1-203.016,5
PUJ1-203.020,3
PUJ1-209.018,5
PUJ1-209.020,17
PUJ1-209.028,2
PUJ1-209.032,10
PUJ1-213.020,7
PUJ1-213.022,82
PUJ1-213.024,14
PUJ1-213.028,77
PUJ1-213.032,66
PUJ1-214.016,26
PUJ1-214.020,1
PUJ1-214.022,12
PUJ1-214.024,3
PUJ1-223.035,0
PUJ1-301.110,11
PUJ1-301.112,0
PUJ1-301.114,2
PUJ1-301.116,2
PUJ1-301.108,2
PUJ1-301.109,26
PUJ1-302.114,0
PUJ1-315.010,2
PUJ1-316.025,8
PUJ1-316.035,8
PUJ1-316.050,1
PUJ1-325.008,0
PUJ1-325.012,1
PUJ1-325.018,0
PUJ1-328.020,25
PUJ1-328.023,26
PUJ1-345.000,1
PUJ1-348.008,4
PUJ1-354.035,3
PUJ1-354.050,1
PUJ1-356.016,0
PUJ1-356.024,4
PUJ1-356.028,10
PUJ1-361.000,2
PUJ1-364.000,2
PUJ1-382.000,4
PUJ1-390.000,1
PUJ1-376.037,0
PUJ1-209.045,2
PUJ1-209.040,5
PUJ1-209.035,3
PUJ1-460.020,22
PUJ1-381.010,2
PUJ1-131.026,0
PUJ1-389.000,3
PUJ1-218.018,7
PUJ1-218.020,23
PUJ1-205.020,22
PUJ1-218.024,22
PUJ1-216.024,40
PUJ1-218.028,3
PUJ1-217.028,3
PUJ1-216.028,20
PUJ1-218.030,22
PUJ1-217.030,8
PUJ1-216.032,0
PUJ1-217.018,0
PUJ1-217.032,2
PUJ1-218.032,6
PUJ1-218.035,7
PUJ1-218.040,10
PUJ1-218.050,4
PUJ1-381.008,7
PUJ1-374.020,1
PUJ1-374.026,2
PUJ1-209.030,12
PUJ1-213.026,26
PUJ1-460.026,12
PUJ1-460.030,0
PUJ1-460.032,9
PUJ1-944.000,9
PUJ1-223.040,2
PUJ1-200.116,7
PUJ1-220.018,0
PUJ1-220.020,0
PUJ1-220.022,2
PUJ1-220.024,0
PUJ1-220.026,42
PUJ1-220.032,27
PUJ1-234.020,1
PUJ1-234.024,1
PUJ1-239.036,0
PUJ1-239.236,1
PUJ1-123.060,31
PUJ1-300.030,2
PUJ1-350.230,0
PUJ1-350.426,10
PUJ1-635.000,1
PUJ1-873.045,3
PUJ1-873.060,4
PUJ1-380.000,2
PUJ1-313.030,1
PUJ1-128.018,6
PUJ1-128.024,69
PUJ1-128.032,2
PUJ1-200.028,13
PUJ1-303.022,2
PUJ1-303.026,0
PUJ1-216.020,2
PUJ1-216.030,5
PUJ1-216.035,16
PUJ1-218.045,2
PUJ1-218.060,16
PUJ1-217.040,0
PUJ1-217.045,2
PUJ1-217.050,1
PUJ1-216.040,14
PUJ1-216.050,6
PUJ1-391.000,1
PUJ1-833.001,1
PUJ1-139.012,0
PUJ1-316.130,13
PUJ1-940.120,1
PUJ1-948.066,6
PUJ1-213.040,2
PUJ1-384.000,17
PUJ1-220.028,0
PUJ1-200.014,55
PUJ1-460.018,0
PUJ1-836.120,5
PUJ1-840.000,2
PUJ1-845.050,10
PUJ1-313.132,2
PUJ1-316.135,4
PUJ1-948.090,10
PUJ1-364.100,6
PUJ1-388.018,1
PUJ1-358.302,26
PUJ1-358.305,0
PUJ1-845.040,5
PUJ1-845.060,0
PUJ1-350.330,0
PUJ1-874.000,2
PUJ1-200.012,20
PUJ1-954.015,1
PUJ1-941.018,6
PUJ1-200.016,186
PUJ1-200.020,186
PUJ1-123.140,13
PUJ1-120.018,17
PUJ1-128.020,45
PUJ1-128.026,49
PUJ1-128.040,2
PUJ1-128.324,1
PUJ1-128.424,7
PUJ1-392.065,1
PUJ1-302.216,2
PUJ1-316.140,7
PUJ1-393.080,4
PUJ1-955.020,0
PUJ1-313.025,6
PUJ1-949.035,0
PUJ1-830.001,2
PUJ1-118.340,0
PUJ1-P947.700,1
PRC1-BSK-IB22,206
PRC1-BSK-K99SE,1083
PRC1-TK-LP8,181
PRC1-BSK-WSC14,144
PRC1-TK-TNG71,202
PRC1-TK-PLCD27,257
PRC1-BSK-LS5,69
PRC1-BK-MP24,46
PRC1-BK-MP30,0
PRC1-BK-MP54,0
PRC1-BSK-BST2,145
PRC1-BSK-DS100,161
PRC1-BSK-DS60,218
PRC1-BSK-DS40,167
PRC1-BSK-DS30,163
PRC1-BSK-DS18,126
PRC1-BSK-DS11,158
PRC1-BSK-DS10,116
PRC1-BSK-DS8,136
PRC1-BSK-ICM15,114
PRC1-TK-ICT03,76
PRC1-BSK-WB54,7
PRC1-BSK-WB51,79
PRC1-TK-SB10,47
PRC1-BK-PS12,66
PRC1-BSK-BRW10R,75
PRC1-BK-FNLR4,116
PRC1-BK-FNLR5,146
PRC1-BK-FNLR6,169
PRC1-BK-FNLC475,45
PRC1-TK-CKS2,48
PRC1-TK-CKS4,24
PRC1-TK-OP25,74
PRC1-TK-OP30,144
PRC1-TK-OP35,127
PRC1-TK-OP45,18
PRC1-BK-DS54,5
PRC1-BK-DS54W,17
PRC1-BK-DS54PW,311
PRC1-BK-DS54PB,3
PRC1-BK-PTWP09,136
PRC1-BK-PTWP12,10
PRC1-BK-PPT12,263
PRC1-BK-PM1,29
PRC1-BK-PM3,172
PRC1-BSK-K20N,193
PRC1-BSK-PPO,3834
PRC1-BSK-PPT,1387
PRC1-BSK-CSD24,48
PRC1-BSK-ICS7,156
PRC1-BSK-MLK1000,234
PRC1-BSK-MLK2000,48
PRC1-BSK-BRS12L,258
PRC1-BSK-BRS12F,189
PRC1-BSK-BRS14K,0
PRC1-BSK-BRS12,249
PRC1-BSK-BRS11K,266
PRC1-BSK-BRS10F,217
PRC1-BSK-BRS13O,2
PRC1-BSK-BRS10,273
PRC1-BSK-BRS13R,56
PRC1-BSK-BRS11S,679
PRC1-BSK-BRS10K,290
PRC1-BSK-BRS12K,366
PRC1-TK-GB03,177
PRC1-TK-GB05,76
PRC1-TK-GB08,2
PRC1-BSK-ICS8,1
PRC1-TK-KD15,46
PRC1-TK-MCHS12,206
PRC1-BSK-OPN07,554
PRC1-BSK-OPN10,323
PRC1-BSK-OPN01,364
PRC1-TK-SPG30,30
PRC1-BSK-K45N,4
PRC1-BSK-SH3,0
PRC1-TK-SPS32,23
PRC1-TK-SPS23,10
PRC1-TK-SPT5,199
PRC1-TK-TS6,7
PRC1-BSK-CD4,18
PRC1-BSK-CD5,43
PRC1-BSK-CD6,126
PRC1-BSK-CD8,119
PRC1-BK-PF16S,0
PRC1-TK-SBT8,1
PRC1-TK-SBT9,403
PRC1-TK-SPS2,132
PRC1-TK-SPP07,308
PRC1-BK-SS16,1
PRC1-BK-SS18,0
PRC1-BK-SS21,0
PRC1-BK-SS29,0
PRC1-BSK-CSD08,17
PRC1-BSK-CSD12,45
PRC1-BSK-CSD16,0
PRC1-BSK-CSD20,50
PRC1-BSK-JI01,165
PRC1-BSK-JI02,54
PRC1-BSK-JI05,166
PRC1-BSK-JI07,196
PRC1-BSK-JI11,114
PRC1-BSK-WB45,127
PRC1-KK-UT09HVBL,50
PRC1-KK-UT09HVG,23
PRC1-KK-UT12HVBL,2
PRC1-KK-UT12HVGR,14
PRC1-KK-UT16HVBL,60
PRC1-KK-UT16HVGR,6
PRC1-KK-SW75,3
PRC1-KK-MSP2,1
PRC1-KK-MSP9,82
PRC1-KK-MBR015,0
PRC1-KK-MBR02,1
PRC1-KK-MBR03,0
PRC1-KK-MBR04,1
PRC1-KK-MBR08,3
PRC1-KK-MBR10,1
PRC1-KK-2080,113
PRC1-KK-2180,96
PRC1-KK-MCHS4,26
PRC1-KK-SRS18,63
PRC1-KK-SRS12,3
PRC1-KK-SRS14,70
PRC1-KK-SRS16,64
PRC1-KK-SRS21,85
PRC1-KK-SRS20,35
PRC1-KK-SRS24,2
PRC1-KK-SRS26,15
PRC1-KK-SCS12,105
PRC1-KK-SCS16,30
PRC1-KK-SCS18,22
PRC1-KK-BS21R,0
PRC1-KK-BS22R,19
PRC1-KK-BS21,27
PRC1-KK-BS22,0
PRC1-KK-MBP02,11
PRC1-KK-MBP01,0
PRC1-KK-MBP03,0
PRC1-KK-MBP04,83
PRC1-KK-MBP06,154
PRC1-KK-KTSO10,18
PRC1-KK-KTSO12P,10
PRC1-KK-FB5,76
PRC1-KK-FB6,90
PRC1-KK-COLE36,25
PRC1-KK-COLE40,30
PRC1-KK-MH10,556
PRC1-KK-MH12,418
PRC1-KK-MH14,199
PRC1-KK-MBP05,38
PRC1-KK-MBR20,0
PRC1-KK-KTCU1,235
PRC1-KK-MPDH18H,101
PRC1-KK-MBR01,1
PRC1-KK-MBR05,50
PRC1-KK-MJ100,146
PRC1-KK-MJ250,46
PRC1-KK-MJ05,81
PRC1-KK-SC4,1
PRC1-KK-ORA18,126
PRC1-KK-ORA24,0
PRC1-KK-ORA36,38
PRC1-KK-ORA48,96
PRC1-KK-ORA60,30
PRC1-KK-RR4332E,10
PRC1-KK-WP25P,54
PRC1-KK-WP35P,70
PRC1-KK-FC1NM,131
PRC1-KK-FC2NM,94
PRC1-KK-WP30P,0
PRC1-KK-WP40P,10
PRC1-KK-CST13,54
PRC1-KK-CST20,10
PRC1-KK-CST24,1
PRC1-KK-WP45P,58
PRC1-KK-CST16,25
PRC1-KK-BSP924,274
PRC1-KK-UT12HVRD,10
PRC1-KK-UT16HVRD,5
PRC1-KK-SSP22,210
PRC1-KK-SPT23P,255
PRC1-KK-FKP25,719
PRC1-KK-WP25HK,200
PRC1-KK-WP30HK,13
PRC1-KK-WP35HK,126
PRC1-KK-SPT23,261
PRC1-KK-SSP21,645
PRC1-KK-WP40HK,166
PRC1-KK-CG75,138
PRC1-KK-FC4,0
PRC1-KK-LOP01,0
PRC1-KK-LOP015,126
PRC1-KK-LOP005,0
PRC1-KK-LOP12,94
PRC1-KK-LOP04,302
PRC1-KK-LOP16,194
PRC1-KK-LOP02,106
PRC1-KK-LOP03,622
PRC1-KK-LOP05,122
PRC1-KK-LOP07,302
PRC1-KK-LOP08,218
PRC1-KK-UT12EH,35
PRC1-KK-UT07M,41
PRC1-KK-UT09EH,33
PRC1-KK-WP35F,13
PRC1-KK-WP40F,134
PRC1-KK-WP25F,3
PRC1-KK-WP30F,26
PRC1-KK-WP40PPLH,17
PRC1-KK-TS109,70
PRC1-KK-MH08,436
PRC1-KK-MH22,14
PRC1-KK-MC1,2
PRC1-KK-UT09RG,1
PRC1-KK-UT12RG,30
PRC1-KK-UT16RG,16
PRC1-KK-DRG86C,189
PRC1-KK-DRG86M,118
PRC1-KK-WS18N,138
PRC1-KK-WS20N,10
PRC1-KK-WS24N,18
PRC1-KK-SHD8,4
PRC1-KK-SS4,2
PRC1-KK-SS5,119
PRC1-KK-SS7,58
PRC1-KK-SS9,22
ROB2-HC0036,2
SEV2-SERV300,0
SEV2-SERV100,0
SEV3-SERV1000,0
CHE1-PROCLEAN10-20L,2
CHE1-PROCLEAN11-20L,2
PIM1-TW-7S,2
SEV1-LS(B),74
STS1-4PL1500,0
SEV2-KB5,2
PRC1-CDR-6,0
SEV3-SERV1500,0
SEV3-SERV3000,0
PRC1-BST-MP100RC,53
PRC1-BST-MP114RC,88
PRC1-BST-BR005BK,10
PRC1-BST-TC-03BK,0
PRC1-BST-TC-04BK,1
PRC1-BST-TBM-243BK,67
PIM1-7035-04WH,114
PIM1-7041-04WH,61
PIM1-7043-04BE,8
PIM1-7043-04WH,9
SEV2-SERVICE(D),718
SEV2-SERV500,0
ZAN2-LAMP0055,0
PIM1-DSGSS-3,1
RIN1-RR-55A,3
PIM1-DR520-TT,0
SEV1-EXS,3
KIT2-4162037,0
KIT2-9706416,41
HOS2-B5,1
STS1-TBB1200A,0
STS1-4SL1500,0
STS1-CSSD900A,0
STS1-GSTR400300,7
SEV3-SERV800,0
STS1-WS1500,0
STS1-CT800A,0
PRC1-FEJ-5000A,0
PRC1-3S-15K,0
PIM1-MS220T-120W,0
STS1-KCTL800-D,1
SEV2-00055,3
PIM2-PFB14-HW2000W,6
SEV3-SERV2500,0
SEV3-SERV4500,0
SEV3-SERV10000,0
SEV3-SERV2000,0
SEV3-SERV5000,0
SEV3-SERV4000,0
SEV3-SERV3500,0
PIM2-EDO-007,15
SEV1-W-FILTER(ทึบ),21
KLT1-BLACK-86143,2
ASL1-CB35H-WH,33
ASL1-CB40H-WH,45
PIM1-TC-22,2
ROL2-A07034,4
PIM2-CF-WSR,6
PIM2-CF-BOS,4
PIM2-30402012,1
PIM2-30499012,3
SEV1-PP-FILTER,22
PIM1-TW-32S,22
PRC1-CDR-3,6
COG2-228011,9
PRC1-CDR-30,17
PIM2-TC12-22-17,0
DAN2-GLY80RAA,2
DAN2-GLY90RAB,2
DAN2-MPT14LA,1
DAN2-GPY14RAB,1
DAN2-MPT16LA,2
PIM2-CF7-103-MOS,3
PIT2-60203001-CL,1
PIM1-CF6-82-10,6
PRC1-BB-PW-NEW,138
PIM1-CF5-68-10,0
PIT2-PP10084,74
PIM1-DR-1,2
PIM1-EP-2-1,2
PIM1-RG-14,0
PIM1-TT-150,20
PIM1-UWB-03,14
PIM1-GH-820,0
PIM2-301010035,1
PIM2-30418424,6
PIM2-301010047,0
RTN2-40.02.684P,0
SEV2-SERV4700,0
SIR2-IW2071230059,3
SIR2-IW1471240010,10
SIR2-IW2071240059,6
PRC1-CDR-15,18
PIM2-301010131,10
PIM2-30403073,3
SIR2-GM5846050,0
RTN1-56.00.210,7
RTN1-56.00.562,0
ROB2-ES0264,8
ROB2-ES0265,21
SEV1-00040,2
NTS2-ESK-10-HT,65
NTS1-WDV-80L,8
NTS1-HLCS2-SSGW,1
NTS1-HLS2S-SB,3
NTS1-TUL1-6,362
NTS1-MBG-28B,1
NTS1-HL-400A1-GY,15
NTS1-CDHR-1000W,11
NTS1-DB-CW167,5
NTS1-CAS-BK,2
NTS1-SINK404030-M,6
NTS1-JD-8LS,26
NTS1-DB-CW76,7
NTS1-SN4050,1
NTS1-SN4053,5
NTS1-SN4953,1
NTS1-SN4954,0
NTS1-SN4956,1
NTS1-SN4958,2
NTS1-SN1575,4
NTS1-PM300450-18,25
NTS1-PM300450-36,2
NTS1-CDH-700W,0
NTS1-CB4-GR,55
NTS1-CAD1-19,0
NTS1-SN7992,176
NTS1-FAB1-12,166
NTS1-SN5056,2
NTS1-SN9222,0
NTS1-FAB1-1,363
NTS1-THM-1,0
NTS1-NOV1-29-10,0
NTS1-SN5021,2
NTS1-SD175-CL,6
NTS1-SD206-CL,4
NTS1-CD-GN11-POR,6
NTS1-CD-GN11D-POR,15
NTS1-HTB-GY,28
NTS1-MFC3535-BL,14
NTS1-SN8614,2
NTS1-FF-BOT20,23
NTS1-ACL-PS-S12,1
NTS1-ACL-PS-S13,1
NTS1-PM300450-56,2
NTS1-PM300450-57,0
NTS1-PM300450-60,30
NTS1-PM300450-62,34
NTS1-PM300450-64,6
NTS1-THM-TT2,0
NTS1-SN1081,36
NTS1-TAL-12-2,263
NTS1-SSG-35,206
NTS1-SSG-40,5
NTS1-SSG-45,24
NTS1-CWW-45,18
NTS1-LFB-24,12
NTS1-LT-B,9
NTS1-CC-M3L-GY,8
NTS1-RTRA-1,40
NTS1-SVD-2,41
NTS1-SVD-3,8
NTS1-MIB-1,11
NTS1-SLS-S,59
NTS1-SLAD-1,1
NTS1-SLAD-2,28
NTS1-TUR-10,12
NTS1-MOP-LO-24S,178
NTS1-MOP-LO-42S,9
NTS1-LFB-60,10
NTS1-BOW-S1,14
NTS1-BOW-S2,0
NTS1-BOW-S4,6
NTS1-SB-WF,22
NTS1-SB-CL,258
NTS1-CSS-H1,8
NTS1-CD-IN55,17
NTS1-GN1220,292
NTS1-GN1240,295
NTS1-GN12200,314
NTS1-GN1320,174
NTS1-GN1340,223
NTS1-GN19150,1008
NTS1-GN2340,57
NTS1-GN23150,38
NTS1-GN23L,10
NTS1-GN2465,147
NTS1-GN24L,165
NTS1-GN12100P,210
NTS1-GN12150P,166
NTS1-CED-9L-PC,5
NTS1-WIN1-5,1150
NTS1-SINK505030-M,414
NTS1-WIN1-6,1134
NTS1-WIN1-9,345
NTS1-WIN1-16,551
NTS1-WIN1-4,647
NTS1-WIN1-7,289
NTS1-WIN1-12,1013
NTS1-WIN1-33,254
NTS1-DB-TC58,32
NTS1-MOP-CL,20
NTS1-SN8012,0
NTS1-SN4831,5
NTS1-SN4745,2
NTS1-SN4691,0
NTS1-VCP-S10,140
NTS1-VCP-S15,155
NTS1-SN4951,30
NTS1-COL1-2,322
NTS1-COL1-6,565
NTS1-MFR400,2
NTS1-CAD1-4,621
NTS1-CAD1-12,769
NTS1-PM300450-15,110
NTS1-PM300450-29,507
NTS1-PM300450-31,30
NTS1-PM300450-46,228
NTS1-PM300450-5,204
NTS1-PM300450-50,74
NTS1-SN4051,137
NTS1-VCP-S20,14
NTS1-BBC-GY,60
NTS1-SN1049,26
NTS1-SN2083,14
NTS1-SN3245,3
NTS1-SN3362,160
NTS1-CT-D,0
NTS1-CTS-3,17
NTS1-SN4751,12
NTS1-MJS100,8
NTS1-SN4223,6
NTS1-CD-385-POR,22
NTS1-SN2012,14
NTS1-CED-12LT,5
NTS1-NOV1-11,810
NTS1-NOV1-12,224
NTS1-FAB1-10,92
NTS1-RFD-SS6L,398
NTS1-TUL1-12,462
NTS1-TUL1-5,336
NTS1-TUL1-1,750
NTS1-CED-8LD,18
NTS1-SAK1-12,307
NTS1-SAK1-16,186
NTS1-SAK1-17,239
NTS1-SAK1-4,338
NTS1-SAK1-6,157
NTS1-SN4218,22
NTS1-SN5038,19
NTS1-SN1078,67
NTS1-SN2000,34
NTS1-SN3263,0
NTS1-CD-618-6L,22
NTS1-SN0491,50
NTS1-SN3820,8
NTS1-NOV1-1,466
NTS1-MAS1-3,146
NTS1-SN4217,6
NTS1-SN5075,24
NTS1-SN79519,0
NTS1-CT-N,16
NTS1-CD-355D-POR,198
NTS1-MPS450-CL,8
NTS1-TUL1-18,37
NTS1-TUL1-29-10P,31
NTS1-TUL1-29-8,23
NTS1-NAJ1-3,607
NTS1-NAJ1-2,604
NTS1-SN2304,5
NTS1-CAD1-27,191
NTS1-ND14-BK,0
NTS1-KAN1-15-1,383
NTS1-KB-S150,40
NTS1-MFC3535-GR,89
NTS1-MFC3535-WH,58
NTS1-MFC3535-YL,150
NTS1-SN4007,17
NTS1-SN4024,10
NTS1-CD-5.5L-02,21
NTS1-SAK1-15,313
NTS1-CD-355-POR,305
NTS1-PM300450-57BS,49
NTS1-PM300450-60BS,54
NTS1-PM300450-69,106
NTS1-CD-401-6L,13
NTS1-PM300450-65,94
NTS1-MEA-CUP20,16
NTS1-MOP-CL-G,26
NTS1-TRAY-AL251,291
NTS1-LCB-HH,0
NTS1-TRAY-AL103,465
NTS1-PT-AL14W,108
NTS1-RPS-AL16S,43
NTS1-RPS-AL7S,143
NTS1-SN4054,12
NTS1-GN1165P-SM,75
NTS1-CD-05,7
NTS1-SBM-002,20
NTS1-OVM-M,14
NTS1-WIB-A1,13
NTS1-BELL-C,10
NTS1-CST-1,43
NTS1-WIB-VS,12
NTS1-BTO-9,31
NTS1-FUH-15,5
NTS1-CTURW-36P,10
NTS1-TURW-4,14
NTS1-PCCM-3D-11,2
NTS1-ICED-NS,17
NTS1-CHH-500,2
NTS1-COP-S,89
NTS1-COP-W,61
NTS1-BOT-A1,3
NTS1-ROP-50W,6
NTS1-CSHL550,22
NTS1-WIB-B2,10
NTS1-CHH-300,0
NTS1-PIZD-18,12
NTS1-FCH1-3,6
NTS1-LADL-5,104
NTS1-LADL-6,129
NTS1-PTS-M13,17
NTS1-SBM-006,0
NTS1-SBM-047,4
NTS1-PCCM-073,6
NTS1-NCT-21,3
NTS1-ROPS45,5
NTS1-PTS-TMC10,2
NTS1-PTS-TMC12,6
NTS1-TOH-16-RD,13
NTS1-PCU-57,2
NTS1-SCRA-60MBH,0
NTS1-PTS-TMC6,8
NTS1-EGS-SS,0
NTS1-EGS-SA,2
NTS1-CBR-18,6
NTS1-PPM-W8,2
NTS1-ISC3-2,0
NTS1-FUN-S,14
NTS1-FUN-SH,7
NTS1-KNST-2WH,0
NTS1-KNGT-5WH,10
NTS1-MS-4S2-2,135
NTS1-WHS12-16,27
NTS1-WHS12-22,6
NTS1-TABS-A6,2
NTS1-FEBS5,19
NTS1-PPM-B5,28
NTS1-PLC9,0
NTS1-KNC-6YL,6
NTS1-KNC-7BK,0
NTS1-TTURW-10,12
NTS1-TTURW-12,30
NTS1-WIB-HS1,14
NTS1-PPM-B8,28
NTS1-WHS8-24,25
NTS1-TON-A,43
NTS1-CSTRW-7,8
NTS1-ISC3-1,1
NTS1-MS-4S2-1,8
NTS1-MTZ-S,13
NTS1-STRA-12,17
NTS1-STRA-20,12
NTS1-STRA-22,5
NTS1-STRA-24,2
NTS1-WHS8-10,129
NTS1-WHS8-16,0
NTS1-TON-B,39
NTS1-PLC10,18
NTS1-MAND-L,8
NTS1-SCRA-10,169
NTS1-CHSP10,6
NTS1-STRA-16,11
NTS1-TTURW-8,20
NTS1-ISC2-6,8
NTS1-PPP-2,6
NTS1-KNSP-12WH,16
NTS1-SBL-4,20
NTS1-WHSB8-12,12
NTS1-CSHL750,20
NTS1-DRED-M3,1
NTS1-DRED-P2,0
NTS1-LAD-W6,11
NTS1-LAD-W8,0
NTS1-WHSB8-10,13
NTS1-OJC2,1
NTS1-PPP-1,17
NTS1-FUH-10,6
NTS1-FUH-13,0
NTS1-SCIS-PS-P,0
NTS1-WHS8-L85,8
NTS1-PPM-B6,11
NTS1-WASC-20,5
NTS1-COV-R14,2
NTS1-WASCS-20,9
NTS1-CSP-36,6
NTS1-CAF-33,37
NTS1-PPM-B10,1
NTS1-FEMH2,8
NTS1-CSTR-20,5
NTS1-PPM-B12,9
NTS1-APSL-100,0
NTS1-STRA-14,2
NTS1-WHS8-20,27
NTS1-WHS8S-10,13
NTS1-WHS8S-12,10
NTS1-STRA-D24,4
NTS1-STRA-D26,8
NTS1-DC-PC8,0
NTS1-KNT-24WH,6
NTS1-CLAD-L1,13
NTS1-CTURW-6,8
NTS1-SCRA-60LBH,0
NTS1-STP-AL-20H,4
NTS1-WASC-18,7
NTS1-SOLS-110,9
NTS1-SKIM-12,9
NTS1-CSE-14,0
NTS1-P-GRIP,0
NTS1-PT48,6
BER1-FW35,2
BER1-IR510,1
BER1-IR810,2
BER1-IR1000,1
LKK1-MW-2,190
HAT1-TM-10H,2
LIN1-LBMW,2
ROB1-F15,55
ROB1-F18,20
ROB1-F28,2
ROB1-CHOC2A,0
ROB1-BM2A,1
ROL1-GES10,8
ROL1-RF3S,21
ROL1-RF5S,388
ROL1-RF8S,650
ROL1-RF5DS,17
SIR1-TC12E,5
SIR1-C6VV,6
ROL1-GES75,7
ROL1-FC380TQ,4
ROL1-RFE20C,0
LKK1-LK-QL4,2
HAM1-HBB908-CE,46
LIN1-EB3FX,0
BER1-BJY-IK30A,5
BER1-BS2D-C5-Z-L(760),1
BER1-BS2D-F5-Z-L(760),1
VRM1-AR5-M005-8006Z,23
COG1-STEELTECH36-00,10
BER1-DF11D-17,2
BER1-DF23S1B-17,19
ROL1-RFG8,2
BER1-OB6FS-17,0
HAM1-HBH755-CE,0
BER1-GG2B-17,0
BER1-DRO4-17,1
ROL1-FD80,22
ROE1-J80,7
BER1-BJY-W77,3
ROL1-FD80D,2
SIR1-PALLADIO350,17
HAM1-HBH455-CE,4
HAM1-HBB255S-CE,10
ROB1-DM31B,0
BER1-OB4GG1BFS-17,0
BER1-BJY-VCM400-TT,1
TBA1-KF45-4P-LW,0
ROL1-FD50,21
ROE1-J100,3
LKK1-BM-5,2
LKK1-WF-081,70
ROL1-PSR400E,6
LKK1-EPZ-2,1
ROB1-UDB20VP,2
ROB1-GSA610S,78
LKK1-EPC-4T,0
LKK1-ETS-6,0
ROL1-FC110EG,1
ARC1-48159,19
BER1-BA-CR,161
BRE1-48-101,198
BRE1-54-501,0
EDL1-2,1
WNK1-APO1-13,40
WNK1-WIN1-25,173
HUA1-27-655,323
HUA1-22-701,269
KIN1-8892,484
LTE1-N8001,2
ROB1-Z23100,0
SIR1-DF2,4
TRA1-1474-0101,0
TRA1-1697,17
TRA1-2340-06,4
TRA1-68020,0
VOL1-40922,30
KIT2-4162897,39
SIR2-MSC04N064,34
SIR2-MSC04N072,16
ROL2-D01044,17
ROL2-D01045,14
BER2-GE-E630-DRO,2
ROL2-A14078,6
BES2-31273600,0
BER2-BR-H23,19
BER2-TM-ERIRLTMST,9
LKK2-JG-210-79,15
SIR2-18300403254,3
LKK2-55.57021.010,0
ROL2-A08011,14
ROL2-A01022,10
LKK2-THERMOSTAT,0
KIT2-9706596,608
ZNS2-049643,2
TRA1-413-0505,3
NTS1-RAB-2,0
TAC1-RAM3RW,144
ROE2-89533,36
ROL2-A03064,5
KIT2-W10119326,486
TOP1-9800-P3,19
TAC1-FN1919,14
KIT2-3180526,801
KIT2-4159675,829
LKK2-DOOR(LK-PL),0
TRA1-416-0505,0
BER2-HW-BSP14W,46
LAC2-973700000,2
LAC2-402209000,2
PMF2-5I100017,0
CTP1-KB-2201-250-BR,182
CTP1-KB-2201-250-WH,47
CTP1-KB-2201-200-BL,228
CTP1-KB-2204-150SF-BK,1
CTP1-KB-2204-150SF-RD,2
CTP1-KB-2204-150SF-YL,54
CTP1-KB-2208-150A-BL,31
CTP1-KB-2208-150A-YL,9
CTP1-KB-2266-250S,63
CTP1-JP-1190-300,0
CTP1-GS-10835-ME-BK,2
CTP1-KB-07-65YD-BK,52
CTP1-KB-2266-300P-BK,112
CTP1-GS-10514-115-WH,10
CTP1-GS-10508-200-WH,30
CTP1-GS-10304-150-WH,19
CTP1-GS-10508-300-WH,105
CTP1-GS-10508-200FS-WH,3
CTP1-GS-10508-250FS-WH,4
CTP1-GS-10832-26-30VLS-BK,88
CTP1-GS-10820-60S-BK,40
CTP1-GS-10829S-BK,3
CTP1-GS-10444-200C-BK,0
CTP1-PS-2205-240-BK-RD,0
TOP1-98007MN-2,7
EDL2-KT2700,15
CTP1-GS-10832-22-30-BK,404
BER2-HT-IRL510W,5
CTP1-JP-1190-240,102
CTP1-GS-10512-180-WH,1
ROE2-102481S,10
ROE2-507007S,3
JTA2-302130020,4
CTP1-KB-2201-160-BK,97
BER1-BJY-IK40A,5
CTP1-KB-2201-300-BL,39
CTP1-KB-2201-300-YL,65
CTP1-KB-2201-300-WH,54
BES2-22286910,2
ROE1-28195,0
CTP1-KB-2201-160-RD,92
CTP1-KB-2201-160-WH,110
CTP1-KB-2201-160-BL,41
CTP1-KB-2201-160-YL,137
CTP1-KB-2201-160-GR,109
CTP1-KB-2201-300-GR,25
CTP1-KB-2201-300-BR,27
EDL2-KT2326,12
JTA2-302170038,6
TOP1-9870-C,4
KIT2-W10538289,195
HAT2-050303900,2
MBM2-168867,1
MBM2-167997,0
TOP1-XDF5168W,2
ROL2-D04028,3
CTP1-GS-10942-15-BK101,61
CTP1-GS-10942-25-BK101,70
CTP1-GS-10942-30-BK101,50
CTP1-KB-2203-250-BK,229
HAM2-990079500,2
CTP1-CP-SHAP-01,131
LKK2-PCP030,0
CTP1-GS-10935-FE-BK,412
ROB2-MC1116,4
SIR2-LF152400U16,22
TBA2-K3F5102102,9
JTA2-301120004-NEW,0
CTP1-KB-2219-250-BK,22
SIR2-19300201,40
ROL2-F04039,11
TOA2-1801292N,30
SIR2-SFCL004,2
CTP1-GS-10924-SPP-BK,102
TOP1-98001MN-1,17
SIR2-19310207,8
LAC2-485078010,15
LAC2-457560000,33
HAM1-98250,24
PIT2-P6071267,16
SIR2-SFCL001,0
SIR2-19300101,50
COG2-143270,2
ROB1-RC6,143
CTP1-GS-10935-MEN-BK,98
CTP1-JP-1190-210,7
CTP1-KB-06-80YD-BK,179
TRA1-816-0605,0
ROE2-89628,7
SAR1-CBG121812RD,22
SAR1-CBG121812YL,71
SAR1-CBG121812BL,30
SAR1-CBG121812WH,2
LKK2-HEATER5KW(WF171),5
SAR1-CB121812YL,20
SAR1-CBG152012GN,55
CAS2-402198000,6
BER2-LE-LAMP1.5BL,0
CTP1-GS-30514-115-WH,270
CTP1-GS-10937-BK101,79
CTP1-KB-2208-150A-WH,66
CTP1-WS-200-500,9
CTP1-GS-30508-300FS-WH,141
CTP1-GS-30502-130-WH,85
CTP1-KB-06-90YD-BK,382
ROE2-39914,1
PRO2-PX-HK-J33302S,128
ROE1-28130W,0
SIR2-IW1071240040,8
TAC1-3263C,1961
TAC1-3774BL,6
TAC1-3712W,174
TAC1-3716BL,0
TAC1-3716G,29
TAC1-3716R,23
TAC1-3716T,208
TAC1-3716W,310
TAC1-3716Y,52
TAC1-4212,9
TAC1-CB1218RB,69
TAC1-CB1218YB,175
TAC1-CB1520RB,27
TAC1-11253K,48
TAC1-10853M,596
TAC1-1204,30
TAC1-1206,4
DEX1-18173,0
VOL1-52026,18
MMT2-58101020,4
LKK2-EHS660#7,2
CEC1-98000,2065
SAR1-CBG152012BR,68
SAR1-CBG121812BR,46
LKK1-SG650530,31
VOL1-40242,80
LKK1-SG345425,184
LKK2-IND350S-8,5
LKK2-IND350S-9,58
LKK2-IND350S-15,0
LKK2-IND350S-12,10
SIR2-FC1099E3009,4
PUJ1-331.044,36
PUJ1-331.059,2
PUJ1-333.035,15
PUJ1-352.000,26
PUJ1-353.000,8
PUJ1-358.024,150
PUJ1-358.040,119
PUJ1-318.100,18
PUJ1-399.000,2
PUJ1-332.095,21
PUJ1-702.028,50
PUJ1-707.039,5
PUJ1-706.039,20
PUJ1-718.008,0
PUJ1-720.012,46
PUJ1-780.006,120
PUJ1-780.010,36
PUJ1-781.008,4
PUJ1-782.008,15
PUJ1-782.022,26
PUJ1-778.040,10
PUJ1-779.026,6
PUJ1-810.008,1
PUJ1-822.000,10
PUJ1-812.007,6
PUJ1-812.009,12
PUJ1-723.028,2
PUJ1-959.035,45
PUJ1-959.040,62
PUJ1-981.600,41
PUJ1-941.020,1
PUJ1-941.015,0
PUJ1-941.024,3
PUJ1-959.025,70
PUJ1-959.030,69
PUJ1-850.018,10
PUJ1-810.006,8
PUJ1-833.003,90
PUJ1-120.020,87
PUJ1-201.016,93
PUJ1-201.018,72
PUJ1-201.024,2
PUJ1-201.028,74
PUJ1-202.018,71
PUJ1-202.020,66
PUJ1-202.024,57
PUJ1-202.028,46
PUJ1-203.018,6
PUJ1-204.024,60
PUJ1-204.028,32
PUJ1-207.035,6
PUJ1-209.016,50
PUJ1-214.018,24
PUJ1-301.165,34
PUJ1-303.016,4
PUJ1-303.020,5
PUJ1-304.024,2
PUJ1-308.050,2
PUJ1-313.126,4
PUJ1-314.112,6
PUJ1-315.012,22
PUJ1-315.015,0
PUJ1-315.020,0
PUJ1-316.030,26
PUJ1-325.010,0
PUJ1-347.020,49
PUJ1-348.010,12
PUJ1-348.012,6
PUJ1-354.030,4
PUJ1-354.045,8
PUJ1-358.029,144
PUJ1-366.000,18
PUJ1-460.024,26
PUJ1-131.022,14
PUJ1-385.020,18
PUJ1-218.016,34
PUJ1-348.015,10
PUJ1-347.024,52
PUJ1-120.022,53
PUJ1-120.026,50
PUJ1-209.060,11
PUJ1-303.018,0
PUJ1-460.028,37
PUJ1-200.120,14
PUJ1-127.024,3
PUJ1-127.028,7
PUJ1-127.032,17
PUJ1-104.016,4
PUJ1-104.024,1
PUJ1-104.026,0
PUJ1-113.045,2
PUJ1-112.025,126
PUJ1-112.030,57
PUJ1-112.040,39
PUJ1-112.050,16
PUJ1-141.032,6
PUJ1-324.025,4
PUJ1-300.024,44
PUJ1-350.730,1
PUJ1-873.090,62
PUJ1-125.038,3
PUJ1-200.024,198
PUJ1-942.000,2
PUJ1-217.035,17
PUJ1-216.045,26
PUJ1-116.050,0
PUJ1-954.025,4
PUJ1-732.000,2
PUJ1-940.090,1
PUJ1-374.013,1
PUJ1-213.018,30
PUJ1-845.075,20
PUJ1-968.125,524
PUJ1-605.000,10
PUJ1-150.028,1
PUJ1-358.303,340
PUJ1-118.125,39
PUJ1-301.206,113
PUJ1-301.208,16
PUJ1-301.212,2
PUJ1-955.015,24
PUJ1-398.035,1
PUJ1-201.032,46
PUJ1-202.032,19
PUJ1-128.022,45
PUJ1-132.560,16
PUJ1-148.024,45
PUJ1-148.028,45
PUJ1-301.210,3
PUJ1-393.125,2
PUJ1-955.012,2
PUJ1-955.017,4
PUJ1-960.225,47
PUJ1-960.235,33
PUJ1-949.025,21
PUJ1-951.015,14
PUJ1-116.130,32
PUJ1-116.135,23
PUJ1-116.140,8
PUJ1-118.127,2
PUJ1-118.350,0
PUJ1-968.115,1
PUJ1-149.124,31
CAM1-1014FF-163,121
CAM1-1216FF-167,294
CAM1-1216FF-186,76
CAM1-1216FF-416,79
CAM1-1418CT-110,97
CAM1-1418FF-110,52
CAM1-1418FF-119,37
CAM1-1520CT-138,82
CAM1-1600CT-138,339
CAM1-1622CT-138,256
CAM1-1826CT-138,18
CAM1-25E1-151,206
CAM1-2700CT-138,181
CAM1-36E1-151,132
CAM1-9TGS-133,43
CAM1-DRC2020-180,332
CAM1-HT16CW-135,8
CAM1-LD105-133,102
CAM1-LT16-152,4
CAM1-P600CW-135,18
CAM1-PR59314-151,114
CAM1-PT1418-167,198
CAM1-TG6-135,1
CAM1-GB1200CW-135,13
CAM1-PT1100-167,23
CAM1-1200CW-152,81
CAM1-49E1-151,65
CAM1-LD105-135,41
CAM1-1418FF-167,87
CAM1-25MCCW-135,132
CAM1-SFT1010-110,0
CAM1-D14-152,0
CAM1-LT22-152,84
CAM1-RFSC12-148,13
CAM1-96SKRF-135,15
CAM1-96SKRD-135,179
CAM1-96SKRC-135,70
CAM1-1600CW-152,57
CAM1-950CW-152,0
CAM1-25S958-151,2
CAM1-LD85-135,30
CAM1-9E1-151,136
CAM1-9E2-151,0
CAM1-8FBNH434-151,39
CAM1-21157CBP-180,0
CAM1-94PP-190,47
CAM1-BWB16CW-135,74
CAM1-BWW10CW-135,109
CAM1-1216FF-110,162
CAM1-LT14-152,72
CAM1-CP27-110,9
CAM1-16E5-151,14
CAM1-NT16-152,21
CAM1-6TGS-135,31
CAM1-6TGS-110,14
CAM1-16S638-151,2
CAM1-25S318-151,0
CAM1-25S638-151,1
CAM1-36S434-151,2
CAM1-1014ET-110,198
CAM1-1014ET-521,76
CAM1-1216ET-110,1323
CAM1-1216ET-206,783
CAM1-1216ET-207,192
CAM1-1216ET-503,221
CAM1-1216ET-521,1164
CAM1-16S900-151,0
CAM1-1800CT-138,0
CAM1-1217FFH-119,176
CAM1-WW1000-135,30
CAM1-96SKRP-135,50
CAM1-9S800-151,1
CAM1-CP3253-443,4
CAM1-BC340KD-480,106
CAM1-1600TL-138,75
CAM1-HBR258-151,111
CAM1-TGG9-110,90
CAM1-1216FF-166,95
CAM1-1400TL-110,156
CAM1-BC340KDP-480,112
CAM1-TGG9-135,45
CAM1-1600TL-110,126
CAM1-1520TL-110,31
CAM1-1622TL-110,6
CAM1-10HE1-151,261
CAM1-12189CW-135,4
CAM1-1218CCW-135,8
CAM1-1520CBP-131,38
CAM1-16CW-135,399
CAM1-182615CW-135,60
CAM1-18266CW-135,82
CAM1-18269CW-135,87
CAM1-22CW-135,220
CAM1-22HP-150,0
CAM1-30CWLN-135,0
CAM1-32CW-135,24
CAM1-36CW-135,761
CAM1-36HP-150,192
CAM1-42CW-135,66
CAM1-60CWLN-135,94
CAM1-SFC2-452,0
CAM1-SFC6-451,6
CAM1-10CWGL-135,24
CAM1-400MCCW-135,245
CAM1-1120CBP-180,62
CAM1-20CWD-135,325
CAM1-1826CP-148,24
CAM1-RFSCW4-135,0
CAM1-46CW-135,88
CAM1-1826CLRCW-135,14
CAM1-30HPCH-150,17
CAM1-64HP-150,41
CAM1-60HPCH-150,168
CAM1-200MCCW-135,1
CAM1-26HP-150,0
CAM1-SCP64CW-135,184
CAM1-26PP-190,327
CAM1-34PP-190,250
CAM1-16PP-190,285
CAM1-30PPCH-190,122
CAM1-18CW-135,611
CAM1-28CW-135,347
CAM1-38CW-135,142
CAM1-18SFSCW-135,15
CAM1-SFC12-453,2
CAM1-RFSCW1-135,1
CAM1-RFSCWC1-135,0
CAM1-1120CBR-110,42
CAM1-10CWC-135,113
CAM1-SFC2SCPP-190,222
CAM1-SFC6SCPP-190,188
CAM1-SFC12SCPP-190,24
CAM1-24CW-110,294
CAM1-UPC800-401,4
CAM1-RFS2PP-190,0
CAM1-RFS6PP-190,18
CAM1-RFSC2PP-190,3
CAM1-RFSC6PP-190,253
CAM1-RFSCW6-135,3
CAM1-RFSCW22-135,28
CAM1-RFSCWC12-135,438
CAM1-60CWCHN-135,302
CAM1-30CWC-135,1112
CAM1-182615P-148,6
CAM1-64CW-110,76
CAM1-62CW-110,171
CAM1-40CWC-135,82
CAM1-5412CBP-131,482
CAM1-ESU216064V4-580,16
CAM1-EPP180S-110,41
CAM1-CBU214272V4-580,0
CAM1-60CWC-135,2298
CAM1-8SFSP-148,0
CAM1-12SFSP-148,36
CAM1-RFS1-148,9
CAM1-RFS4-148,0
CAM1-RFS12-148,18
CAM1-RFS18-148,12
CAM1-RFS22-148,0
CAM1-80CWC-135,10
CAM1-82CW-135,42
CAM1-84CW-135,3
CAM1-GBP518-110,0
CAM1-DBC1826P-148,50
CAM1-1520CBCP-148,0
CAM1-20HPD-150,123
CAM1-40PPCH-190,0
CAM1-40CWCHN-135,37
CAM1-20LPCWC-135,1
CAM1-90CWCN-135,25
CAM1-42CW-110,0
CAM1-2SFSFPDPP-265,271
CAM1-6SFSFPDPP-266,288
CAM1-90CWLN-135,29
CAM1-12CW-110,193
CAM1-22CW-110,114
CAM1-26CW-110,66
CAM1-32CW-110,27
CAM1-44CW-110,72
CAM1-66CW-110,188
CAM1-92CW-110,41
CAM1-94CW-110,110
CAM1-36CW-110,125
CAM1-10CWCHN-135,203
CAM1-20CWCHN-135,71
CAM1-182612CW-135,134
CAM1-ESU213672V4-580,25
CAM1-30PPD-190,2
CAM1-40PPD-190,10
CAM1-60PPD-190,3
CAM1-12186CW-135,4
CAM1-1826SCCW-135,0
PUJ1-206.024,2
PUJ1-208.040,1
PUJ1-331.050,10
PUJ1-350.326,0
PUJ1-804.000,5
ROE1-28065,2
SIR1-SA100,0
CAM1-SPO8CW-135,6
CAM1-22LPCW-135,0
CTP1-GS-10502-200-WH,3
CTP1-GS-10508-150FS-WH,0
CAM1-RFS2SCPP-190,0
CAM1-1520CBR-110,14
ROE1-28053W,2
TAC1-3712G,1
TAC1-3016,0
TAC1-11253M,0
LKK1-BT-200T1,1
CAM1-1120CBP-131,73
CAM1-PC64CW-135,273
CAM1-PT1400-167,98
CAM1-96SKRM-135,125
WNK1-E8GN12150P,95
PUJ1-204.032,8
PUJ1-302.108,13
PUJ1-304.016,7
PUJ1-304.020,24
PUJ1-314.110,14
PUJ1-314.210,0
PUJ1-325.020,18
PUJ1-343.000,1
PUJ1-344.000,6
PUJ1-351.000,6
PUJ1-368.000,2
PUJ1-209.026,2
PUJ1-132.040,60
PUJ1-604.001,9
PUJ1-703.020,10
PUJ1-712.022,4
PUJ1-722.000,30
PUJ1-780.018,3
PUJ1-780.020,35
PUJ1-780.028,30
PUJ1-785.006,30
PUJ1-785.008,58
PUJ1-785.014,19
PUJ1-785.016,3
PUJ1-782.018,16
PUJ1-783.006,21
PUJ1-765.008,19
PUJ1-768.008,30
PUJ1-808.000,0
PUJ1-810.010,6
PUJ1-948.132,12
ROE1-27555,10
ROE1-28062,3
ROE1-27051,2
SIR1-DQ4,1
SIR1-DF8,2
CTP1-KFE-AT-07-001-NT,202
TAC1-ARC3,43
PUJ1-204.030,26
TOP1-9811-06,46
PUJ1-839.000,6
PUJ1-823.000,3
PUJ1-374.018,4
TOP1-9870-D,4
CTP1-GS-10501-55-WH,36
CTP1-JP-1191-165,47
CAM1-RFS2-148,1
CAM1-TGG9MD-782,148
CAM1-TGG9MD-787,51
TOP1-9850-F,3
CAM1-1014ET-503,75
CTP1-GS-10942-22-BK101,56
CAM1-1216FF-409,42
PUJ1-123.160,35
PUJ1-128.328,2
PUJ1-132.160,20
PUJ1-148.032,24
PUJ1-316.145,16
PUJ1-362.100,10
PUJ1-369.100,0
PUJ1-782.010,74
PUJ1-711.026,12
PUJ1-967.001,39
PUJ1-967.002,46
CAM1-WW500-135,38
HAM1-990415100,3
CTP1-GS-10935-CEN-BK,84
CTP1-JP-1191-210,42
CAM1-FWC56-148,97
CAM1-ESU214872V4-580,54
TAC1-4208,26
TAC1-4210,9
TAC1-CB1824WA,13
TAC1-BK37109,166
TAC1-BK37508,42
TAC1-3250A,55
PRC1-TK-CKS1,2
DEX1-13463G,4
EDL2-G004SP,66
EDL2-K005SP,54
SAN2-37184,3
BER2-KN-FLAT,27
BER2-KN-VAS,4
BER2-LE-PLGN,20
BER2-SW-B4P-R,0
LKK2-KSY-10-08,6
SIR2-19410201,4
SIR2-IB5256500,5
JTA2-301130048,0
JTA2-301030035,0
KIT2-9708316,356
LKK2-TEMP(LK-PL),2
BER2-GE-WL1500,3
HAM2-990035700,588
LAC2-457369000,4
ROL2-A03063,4
BER2-VA7988-B7,2
ROE2-89053,3
CAS2-485923050F,2
SIR2-IW1471240250,4
HAT2-02.13.338.00,1
ROL2-D02180,1
MBM2-175286,2
VRM2-AR005-001-TD001,6
LKK2-PCP019A,54
SIR2-GM2492260,5
SIR2-19702000.18,6
HAM2-6126-755,3
ROE2-89041,0
SIR2-SFCL015,13
LKK2-GREEN(WF-101),1
LKK2-KNOB-TH(WF-101),6
KIT2-240285,56
PIT2-P6071449,9
RON2-123570,15
SIR2-SFCL005,6
SIR2-SFCL009,6
SIR2-SFCL022,2
SIR2-SFCL024,2
TOA2-1001090,2
SIR2-19563171,10
LKK2-RHX-36-24,9
ROE2-39911,1
LAC2-485910010,3
COG2-80934,5
ROB2-TS0021,10
CAS2-401261010,6
CAS2-965089010,0
ROB2-VS0237,3
CAS2-418941010,9
BER1-ECS63SSC,1
LIN1-LBM2W,1
LIN1-PO49X,2
ROB1-BM4A,2
ROL1-FC60,2
ROL1-BAR2000,1
SAN1-10,4
SAN1-11,9
SAN1-09,2
SIR1-C4VV,14
ROB1-GSA815ST,1
ROE1-BLIXER2,2
BER1-EG3000,0
LKK1-LK-PL2,4
LKK1-LK-PL4,3
HAM1-HBH650-CE,4
LKK1-TC22(Y),1
TBA1-KRF25-2-LW,0
BER1-DF13-17,16
BER1-OB4FS-17,0
BER1-GG2BHRFS-17,1
BER1-GG3BFS-17,2
BER1-OB6-17,6
BER1-GG2BFS-17,1
BER1-GG3B-17,8
BER1-CB3BFS-17,2
BER1-CRB2B-17,1
ROE1-BLIXER3D,5
ROE1-R3D-1500,5
SIR1-TOPAZ250C,3
CAM1-UPCH8002-401,5
SIR1-CANOVA300,2
ROE1-CL50E,11
ROL1-RF12DS,1
ROB1-HE1200,2
MBM1-MTPG77FG,1
ROL1-CSE400,2
ROB1-GMX815,1
LKK1-EHS-330,2
LKK1-EHS-660,2
ROL1-PSR900E,2
ROB1-SA15,0
ROL1-TS1270,2
BER1-OB4FS,1
CAM1-LT10-152,60
WNK1-P6014-40,10
LKK1-JB35-2,2
PUJ1-330.035,9
PUJ1-118.040,18
PUJ1-117.040,3
PUJ1-140.032,6
PUJ1-140.036,5
PUJ1-205.030,11
PUJ1-216.060,2
ROE1-28004,2
VOL1-47816-50,0
HAT2-02.19.151.00,2
BER2-HT-FW750W,2
LKK2-RL1-15,1
SIR2-MF2101,3
ROB2-ES0168,3
HAT2-R02.01.229.00,2
JTA1-LFH-600S,2
JTA1-LFP-400S,5
COG2-144030,1
COG2-206002,2
JTA2-301080043,0
JTA2-302220064,1
BES2-32065900,1
LIN2-SE05,1
KIT2-4162324,3
BES2-31802000,2
BES2-31802100,0
PUJ1-847.010,0
CTP1-GS-10841-110-BK,0
ROE2-27450,2
SIR2-LF1533000N,3
SAN1-65,0
ROB1-ST350AR,0
ROB1-G500,1
MBM2-RTCP900036,2
HAM2-990035900,2
PRC1-BK-PCUT6,67
LKK2-PCP033,8
PUJ1-117.045,2
PUJ1-301.214,10
PUJ1-967.006,4
TBA1-KR45-2-LW,1
TBA1-KRF45-4H-LW,0
TBA1-KURF18-3-LW(750MM),1
PUJ1-118.130,3
ROB1-ST350AB,1
LIN1-650103,0
BER1-3D-DC-SM,0
ROL1-FC60P,2
HAT2-02.01.238.00,0
ROL1-WD200I,3
BER2-LE-RELAY,58
KIT2-240018-1,2
LKK2-BASKET(WF-101),1
HAT2-02.13.322.00,3
PIT2-PP10537,14
RON2-124802,2
JTA2-301120029,1
SIR2-19700340.10,1
ROE2-101569S,6
SIR2-SFCL013A,5
SIR2-19700360,2
RON1-SSO615.AO,4
LKK1-GFO4C,1
DEX1-01563,0
CAM1-EPP260-110,6
SIR2-IW1471230060,3
LKK2-HT1500W,1
ROL2-A03058,9
KIT2-241764,1
SIR1-MINICOOKER,0
ROB2-TC0028,3
COG2-228010,1
COG2-220011,1
TAC1-CB1520BRA,7
TAC1-CB1218BLB,60
TAC1-CB1824YB,77
SAR1-CB121834WH,7
PUJ1-149.130,1
SAN2-70150,2
PRC1-KK-MJ1,3
PRC1-BSK-MLK600,24
PRC1-KK-UT09HVR,8
PRC1-BSK-SH5,23
PRC1-TK-PLCD30,2
PRC1-BK-SS23,1
PRC1-BSK-OPN22,167
PRC1-BSK-K20S,728
PRC1-BSK-DS70,135
PRC1-BSK-DS24,146
PRC1-BSK-DS20,151
PRC1-BSK-DS16,194
PRC1-KK-SCS14,12
PRC1-TK-TNG18,162
PRC1-TK-ICT02,113
PRC1-TK-ICT04,169
PRC1-TK-ICT05,146
PRC1-BSK-IB23,28
PRC1-BSK-IB25,27
PRC1-BSK-IB26,30
PRC1-BK-PM31,148
PRC1-BK-PM32,107
PRC1-BK-PM33,126
PRC1-BK-PM36,146
PRC1-BK-PM38,149
PRC1-BSK-BSB116,82
PRC1-BSK-BSB300,20
PRC1-KK-MBP07,134
PRC1-KK-TB24,2
PRC1-KK-KTSO14,63
PRC1-KK-KTSO16,52
PRC1-KK-KTSO10P,63
PRC1-KK-KTSO22,55
PRC1-KK-KTSO14F,76
PRC1-KK-FS40,65
PRC1-KK-COLE28,30
PRC1-KK-FPP2,61
PRC1-KK-FPP3,82
PRC1-KK-MH16,214
PRC1-KK-MH18,7
PRC1-BSK-ICM15SG,47
PRC1-BSK-K85FTS,490
PRC1-BSK-K45S,488
PRC1-KK-PFP20,7
PRC1-BSK-IS10,58
PRC1-BSK-BRW10F,88
PRC1-BSK-JI40,426
PRC1-TK-TRS3,22
PRC1-KK-KTCU1PVDG,346
PRC1-BSK-JS08,179
PRC1-BSK-SCPR1412,178
PRC1-KK-PP1812,242
PRC1-KK-MJ2,78
PRC1-KK-SC3,5
PRC1-KK-ORA12,42
PRC1-KK-ORA72,30
PRC1-KK-CS2,18
PRC1-TK-CKS7,11
PRC1-TK-CKS10,7
PRC1-KK-RR2821E,82
PRC1-KK-RR3728E,29
PRC1-TK-JT6,109
PRC1-BK-PM4,226
PRC1-BSK-WBS225,14
PRC1-BSK-PPY,1473
PRC1-BSK-BRS11FH,741
PRC1-TK-SPTS10,198
PRC1-TK-SPTP10,254
PRC1-KK-SKS5,248
PRC1-BSK-BRS11,926
PRC1-BSK-BRS10D,346
PRC1-TK-KD17,49
PRC1-KK-LOP06,84
PRC1-TK-MCHS18,234
PRC1-TK-MCHS04,77
PRC1-BSK-OPN03,132
PRC1-BSK-OPN09,62
PRC1-BSK-CD3,56
PRC1-TK-SBT1,34
PRC1-TK-SBT3,50
PRC1-TK-SBT5,65
PRC1-TK-SBT6,63
PRC1-TK-SBT7,45
PRC1-TK-WJS2,154
PRC1-KK-DRG86F,198
PRC1-TK-SPS07,362
PRC1-BK-SS35,27
PRC1-KK-WS12N,11
PRC1-KK-WS14N,9
PRC1-KK-WS22N,10
PRC1-KK-SHD10,24
PRC1-KK-SHD14,46
PRC1-KK-SHD18,18
PRC1-KK-SHD20,11
PRC1-BSK-JI03,158
PRC1-BSK-JI04,181
PRC1-BSK-JI06,181
PRC1-BSK-JI09,126
PRC1-BSK-JI08,194
PRC1-BSK-JI10,190
PRC1-BSK-JI12,187
ZAN2-INTE0009,7
SEV1-R-FILTER,43
CHE1-PROCLEAN12-20L,2
STS1-TBS1500A,2
STS1-CT-C,1
STS1-S-C,5
SEV1-FPS,1
SEV1-DC1000,1
PRC1-BST-TF-001-B,178
PRC1-BST-MP285-50,3
PRC1-BST-TBM-1212BK,8
PIM1-7035-04BE,3
ROB2-EC0457,10
PIM1-ECM-16,2
SEV1-FAS,1
SEV1-GPS,22
STS1-TBSB1500A,1
PC001,14
STS1-TBB-C,1
STS1-TBDS-C,1
STS1-EXW-C,1
STS1-CLDSTBB-C,1
STS1-STF-C,1
STS1-STFB-C,1
STS1-FT-C,3
STS1-STMFB-C,1
STS1-EXFRA-C,2
STS1-IBC-C,2
PRC1-3S-6K,1
ASL1-IND-2000,6
ASL1-CB35H-YL,13
PRC1-FEJ-1500A,1
PIM2-CF5-68-TC,3
SEV3-02-0494,2
PIM2-M-1D,1
SEV3-02-0510,6
SEV3-02-0511,14
SEV3-02-0512,8
SEV3-02-0513,10
SEV3-02-0514,6
SEV3-02-0515,3
SEV3-02-0516,1
SEV3-02-0526,4
SEV3-02-0527,6
SEV3-02-0528,6
SEV3-02-0529,9
SEV3-02-0530,10
SEV3-02-0531,8
SEV3-02-0532,10
SEV3-02-0533,4
SEV3-02-0534,5
SEV3-02-0535,9
SEV3-02-0536,9
SEV3-02-0537,4
SEV3-02-0538,10
SEV3-02-0539,10
SEV3-02-0540,11
SEV3-02-0541,10
SEV3-02-0542,11
SEV3-02-0543,11
SEV3-02-0544,14
SEV3-02-0545,12
SEV3-02-0546,14
SEV3-02-0547,15
SEV3-02-0548,15
SEV3-02-0549,5
SEV3-02-0899,4
SEV3-02-0904,2
SEV1-LC-GRP-3-BLK,6
RJ2-FC1600-006,2
PIM2-DR520-CVB,2
PIM2-30312043,1
DAN2-MS26FB,1
PIM2-30304025,1
PIM2-EWB20-30-27-31,7
PIM1-CF4-58-10,1
PIM2-30402047,10
PIM2-DSGSS-3-WT,2
SEV1-00023,21
PIM1-GH-811A,2
PIM1-R60-1,5
PIM1-TM-6,1
ROE2-89621,67
PIM1-CF7-103-10,2
PIM1-R60-3,1
PIM1-MME-600H-S,2
WIN2-3113165,3
PIM2-301040446,6
PIM2-302170023,1
PIM2-30403134,6
MID2-22034-0003,20
ROB2-EC0385,1
ROB2-EC0386,2
SEV3-02-0269,7
SEV3-02-0270,5
SEV3-02-0272,6
SEV3-02-0274,5
SEV3-02-0276,3
SEV3-02-0280,1
SEV3-02-0281,7
SEV3-02-0294,2
SEV3-10-0486,10
PRC1-FEJ-600A,1
ZAN2-CRIS0026,0
WIN2-5528255,0
LKK2-BELT(LSP520),0
STS1-EQSN-C,0
SEV1-DC100,0
SEV1-DC300,0
SEV1-DC500,0
SEV1-DC3000,0
PRC1-BST-M008BK,0
PRC1-BST-TBM-1218BK,0
PIM1-MSS-7H,0
PRC1-BST-TM-008BK,0
PIM1-EWB-20,0
STS1-TBSB1000A,0
STS1-DOVS1800,0
STS1-TB900A,0
REF2-00004,0
STS1-EXW900,0
STS1-4SL2300,0
STS1-TBSB1300A,0
STS1-TBNFB700A,0
STS1-CBNFB700A,0
STS1-DOVS1000,0
STS1-DOVS2000,0
STS1-4SL-C,0
STS1-CSSD-C,0
STS1-CSSWB-C,0
STS1-CSSW-C,0
STS1-OPCS-C,0
STS1-TB-C,0
STS1-TBS-C,0
STS1-TBSB-C,0
STS1-SODSTBB-C,0
STS1-CBNFB-C,0
STS1-IBCB-C,0
STS1-CTB-C,0
STS1-4PL-C,0
STS1-WS-C,0
STS1-GT-C,0
STS1-OVRCS-C,0
STS1-TYSD-C,0
STS1-WRCS-C,0
STS1-TBSB1200A,0
STS1-FTB-C,0
STS1-SCB-C,0
STS1-OPCSB400A,0
SIR2-GM5846055,0
PIM1-MSS-5H,0
PMF2-5L020005,0
STS1-KCTL800-C,0
PIM1-PFB14-TRAY,0
SEV3-SERV8000,0
SEV3-SERV6000,0
SEV3-SERV6500,0
SEV3-SERV7000,0
ASL1-IND-5000,0
PIM1-PFB28,0
ASL1-CB35H-BL,0
SEV2-SERV934.58,0
SEV2-SERV700,0
SEV2-SERV50,0
SEV2-SERV150,0
SEV2-SERV200,0
SEV2-SERV750,0
SEV2-SERV1700,0
PIM1-EDO3-60C,0
PIM2-CF5-68MO,0
PRC1-SP-8650S,0
SEV2-SERV2400,0
PRC1-BK-MP42,0
PRC1-BK-MP60,0
PRC1-BK-MP36P,0
PRC1-BK-MP42P,0
REF1-SCF-0365,0
PRC1-KK-TB20,0
PRC1-KK-TB40,0
PRC1-BK-PSP35L,0
PRC1-KK-COLE24,0
PIM2-MSS-08,0
PIM2-MSS-09,0
PRC1-KK-MBR13,0
PRC1-KK-MBR16,0
PRC1-KK-MBR30,0
SEV2-SERV400,0
SEV2-SERV600,0
SEV2-SERV900,0
STS1-PLATE-C,0
STS1-2CBNF-C,0
LKK2-SWITCH,0
PIM1-DE-1,0
STS1-EXWFRA1500,0
STS1-GSTR500400,0
SEV2-00231,0
SEV2-SERV1200,0
STS1-GSTR-C,0
RIN2-B-05,0
SEV2-SERV1800,0
HOS1-RC50,0
STS1-SPSB-HI700,0
PRC1-KK-SC2,0
PRC1-TK-OP40,0
PRC1-BK-PM2,0
PRC1-KK-CST18,0
PRC1-KK-FC3,0
PRC1-BSK-OPN08,0
SEV3-02-0278,0
PRC1-3S-30K,0
PRC1-BK-SS26,0
NTS1-HLR1-OB,9
NTS1-HLCR1-RW,6
NTS1-HLCR3C-MSS,0
NTS1-WDV-30L,2
NTS1-BL-900,4
NTS1-HP-400W,6
NTS1-HW-350W-1,0
NTS1-HLCR3WS,5
NTS1-HLR2C-SB,8
NTS1-CD-1135-4L2,10
NTS1-HLCR2SS-SQFB,8
NTS1-HL-400A1-RD,10
NTS1-HL-500A1-SV,0
NTS1-DB-CW120,4
NTS1-SOS-BK,2
NTS1-BOW-S3,2
NTS1-SINK505030,2
NTS1-DB-TC42,2
NTS1-DB-TC23,2
NTS1-SN4952,0
NTS1-SN4955,2
NTS1-SN4957,0
NTS1-PM300450-16,4
NTS1-SN1093,19
NTS1-BCT-1200,1
NTS1-SN9427,0
NTS1-SN2097,6
NTS1-SN4692,39
NTS1-SD240-CL,0
NTS1-MOP-MH,258
NTS1-DB-120,0
NTS1-PM300450-69BS,18
NTS1-PM300450-61,93
NTS1-PM300450-59,80
NTS1-STK2,2
NTS1-SCB-SH,2
NTS1-CD-A9L,41
NTS1-CDB-A9L,2
NTS1-DB-S2-12,3
NTS1-CC-1B-L,1
NTS1-CWW-40,48
NTS1-LT-B-X,2
NTS1-CC-C3L-GY,47
NTS1-BOW-P,1
NTS1-MIB-2,3
NTS1-WJU-3,7
NTS1-SPS-S,113
NTS1-SKI-S,82
NTS1-SLSP-S,86
NTS1-LAD-150BK,71
NTS1-SLT-BK,93
NTS1-LAD-2,0
NTS1-LAD-3,8
NTS1-LAD-4,12
NTS1-LAD-5,34
NTS1-LAD-7,0
NTS1-AP15-MA,12
NTS1-JD-5LS,58
NTS1-MU-10L,2
NTS1-JD-5LD,1
NTS1-RBB-120BL,2
NTS1-GN21150,93
NTS1-CD-B9L,24
NTS1-CD-C9L-G,14
NTS1-WIN1-11,578
NTS1-WIN1-27,522
NTS1-JD-8LD,10
NTS1-SN1640,2
NTS1-SN8024,12
NTS1-SN4832,2
NTS1-SN4858,0
NTS1-SN4126,105
NTS1-SN4118,47
NTS1-SN4055,5
NTS1-SN4092,0
NTS1-SN4243,2
NTS1-PM300450-48,2
NTS1-SN3305,2
NTS1-PM300450-21,186
NTS1-PM300450-34,77
NTS1-AP10-SP,116
NTS1-AP20-SP,28
NTS1-DB-P87-GY,90
NTS1-SN2093,13
NTS1-SN2179,46
NTS1-SN2182,42
NTS1-SN3403,24
NTS1-SN5744,11
NTS1-MJS48,0
NTS1-SN1586,1
NTS1-TUL1-10,138
NTS1-NOV1-15,914
NTS1-FAB1-3-3,390
NTS1-FAB1-2-3,386
NTS1-FAB1-28,696
NTS1-TUL1-9,551
NTS1-TUL1-4,66
NTS1-TUL1-14,362
NTS1-SAK1-1,431
NTS1-SAK1-10,79
NTS1-SAK1-14,120
NTS1-CD-IN68-L1,8
NTS1-CD-385SD-POR,38
NTS1-SN5036,11
NTS1-SN3244,26
NTS1-SN2042,21
NTS1-SN2032,15
NTS1-WB-D115-CL,13
NTS1-ALI1-5,454
NTS1-ALI1-6,778
NTS1-MU-D8L,10
NTS1-SN1071,112
NTS1-SN2121,0
NTS1-CD-6L-06,9
NTS1-ALI1-11,222
NTS1-ALI1-12,265
NTS1-ALI1-15,508
NTS1-ALI1-17,553
NTS1-ALI1-9,594
NTS1-MJS60,13
NTS1-JES1-2,162
NTS1-JES1-3,34
NTS1-SN79646,6
NTS1-SN4081,5
NTS1-SN4103,1
NTS1-SN4873,6
NTS1-SN5001,15
NTS1-SN5035,26
NTS1-SN5041,4
NTS1-SN5048,13
NTS1-SN5065,3
NTS1-SN6025,6
NTS1-SN6904,4
NTS1-SN4744,0
NTS1-MJS24,13
NTS1-NAJ1-14,146
NTS1-JOR1-3,604
NTS1-MOP-MO,46
NTS1-CED-4LS,7
NTS1-TUL1-11-R,332
NTS1-TUL1-15,406
NTS1-TUL1-29-10,29
NTS1-LIA1-2,920
NTS1-LIA1-3,1336
NTS1-NAJ1-12,239
NTS1-GN23200,20
NTS1-KAN1-6,200
NTS1-FAB1-18,18
NTS1-HOW1-15,11
NTS1-KAN1-1,994
NTS1-DB-H120-GY,2
NTS1-TB-041-GY,59
NTS1-BOWL-WD36,12
NTS1-COL1-10,177
NTS1-COL1-15,382
NTS1-COL1-13,234
NTS1-PM300450-54BS,32
NTS1-PM300450-55BS,63
NTS1-PM300450-56BS,61
NTS1-PM300450-62BS,24
NTS1-PM300450-63,71
NTS1-PM300450-54,150
NTS1-SN3242,2
NTS1-CD-411-4L,11
NTS1-TUL1-11-R15CM,42
NTS1-SAK1-33,41
NTS1-SN4917,3
NTS1-SCB-HH-BL,13
NTS1-PT-AL12W,73
NTS1-PT-AL14N,140
NTS1-PT-AL16N,128
NTS1-PT-AL7W,51
NTS1-PT-AL9W,82
NTS1-BOT-B6-Z,57
NTS1-SBM-039,1
NTS1-PPM-B16,3
NTS1-MMG-L,4
NTS1-COL-P1,22
NTS1-CSP-18,2
NTS1-CSP-16,0
NTS1-S-RESER,34
NTS1-CSP-36P,9
NTS1-SPSW-AL-21,22
NTS1-CSSP-25,6
NTS1-WIB-H2,18
NTS1-KNBKR-12WH,15
NTS1-SBM-004,5
NTS1-FCH2-6,10
NTS1-KNC-12GR,23
NTS1-KNGT-4WH,3
NTS1-WHS12-20,29
NTS1-FCH1-4,15
NTS1-DC-PC12,5
NTS1-DC-PC14,12
NTS1-STRA-18,12
NTS1-NCT-02,14
NTS1-PCCM-P-02,43
NTS1-STRA-D33,6
NTS1-BSF-9,0
NTS1-BSP-12,0
NTS1-BSP-11,0
NTS1-WIB-SR19-5,11
NTS1-ASH12,42
NTS1-PPEL-65,5
NTS1-WIB-HS19-6,16
NTS1-SBL15-2,28
NTS1-BOT-B1,1
NTS1-SBM-001,17
NTS1-FP-AL-24,0
NTS1-SBL15-3,22
NTS1-SBL24-3,10
NTS1-CSP-14,4
NTS1-KNBS-9WH,1
NTS1-BTO-11,1
NTS1-KNSP-10WH,31
NTS1-PT20-2,2
NTS1-CHH-1200,18
NTS1-SBL-6,0
NTS1-KNBK-10WH,2
NTS1-CSHL350,1
NTS1-CSSP-50,6
NTS1-MAND-S,10
NTS1-BOP-18,10
NTS1-SQZ-OR,2
NTS1-MMG-M,1
NTS1-SQM-LM-3,2
NTS1-KNSP-14WH,0
NTS1-PPM-W12,2
NTS1-MLK100,10
NTS1-CBR-25,9
NTS1-CSSAH-26,1
NTS1-PCCM-P3D-03,5
NTS1-PCCM-P3D-11,3
NTS1-PCCM-047,10
NTS1-WIB-CS20-7,8
NTS1-LADL-9,0
NTS1-PTS-M10,0
NTS1-PTS-M12,5
NTS1-PTS-M15,0
NTS1-SBM-043,17
NTS1-ISC3-5,2
NTS1-PPM-B14,6
NTS1-FEMH1,22
NTS1-FEMB2,44
NTS1-FP-AL-26,0
NTS1-SBM-009,9
NTS1-SBM-022,2
NTS1-SBM-035,2
NTS1-SBM-042,3
NTS1-SBM-045,0
NTS1-SBM-106,2
NTS1-CTURW-36,18
NTS1-MLT1,12
NTS1-FP-AL-22,0
NTS1-PCCM-034,10
NTS1-CHH-400,8
NTS1-PTS-TM10,56
NTS1-CFP-22,0
NTS1-FP-AL-30,14
NTS1-WHS8-L100,12
NTS1-OVM-S,2
NTS1-PTS-M16,10
NTS1-PCOR-95,10
NTS1-ROPS-W3,2
NTS1-ICED-S6,0
NTS1-DRED-FP1,1
NTS1-DRED-FP3,0
NTS1-MTZ-R,89
NTS1-CHSP18,1
NTS1-CSH-NL,18
NTS1-MMG-S,4
NTS1-WASCS-18,0
NTS1-SCRA-60M,2
NTS1-ROPS60,1
NTS1-PAN-R1,0
NTS1-CSE-12,0
NTS1-CLAD-L3,8
NTS1-CLAD-L2,5
NTS1-CSE-22,0
NTS1-CSFP-28,10
NTS1-EGS-RS-1,1
NTS1-FBT12,2
NTS1-FBT9,3
NTS1-FFS1,5
NTS1-FPA-AL-28BH,0
NTS1-MCS3000,27
NTS1-PBSI-WH22,13
NTS1-PDC-60,9
NTS1-PTIP-26BL,6
NTS1-PTS-M9,4
NTS1-PTS-TM12,16
NTS1-SKIM-8,9
NTS1-SPCW-AL-18,4
NTS1-STP-AL-28H,5
NTS1-TOF-T,27
NTS1-TOH-9-BL,18
NTS1-CFW-1,2
NTS1-CSTR-27,0
NTS1-TURW-3,16
NTS1-CLAD-S3,12
NTS1-SP-AL-18H,3
NTS1-TS-783,3
NTS1-WIB-BS20-7,24
NTS1-SPSW-AL-18,8
NTS1-CSTRW-8,1
NTS1-GRA1,0
NTS1-CSTRW-6,0
NTS1-LAD-W2,0
NTS1-LAD-W4,0
NTS1-EGS-SP,0
NTS1-MLKH2,1
NTS1-DRED-M1,0
NTS1-BST-8,0
NTS1-TRAY-S,0
NTS1-SCIS-GY,0
NTS1-PTIP-32,4
NTS1-OVM-L,1
NTS1-NCT-18,0
NTS1-CSTR-24,0
NTS1-ROPS-W2,0
NTS1-DRED-P3,0
NTS1-WMBH31,0
NTS1-CSTR-18,0
NTS1-WASCS-16,0
NTS1-RBB-120GR,1
NTS1-DRED-M2,0
NTS1-KB-WL150,0
NTS1-DRED-P1,3
NTS1-ICED-L1,0
NTS1-SN5726,2
NTS1-EGS-RS-2,0
NTS1-CRES4,0
NTS1-GRA2,0
NTS1-SAN-BIN,2
NTS1-PPM-SS65,0
NTS1-ACL-PS-S14,0
NTS1-DB-P30-GY,14
NTS1-SLS-BK,123
NTS1-LAD-6,13
NTS1-JD-8LS-PC,6
NTS1-ICB2-3L,0
NTS1-KNC-6BK,0
NTS1-CFP-20,0
NTS1-SN4125,6
NTS1-SN7978,17
NTS1-SP-AL-10,8
NTS1-COL1-5,530
NTS1-TABS-A12,10
NTS1-SPL-AL-20,9
NTS1-SN5027,6
NTS1-SN5037,3
NTS1-POT-BR,16
NTS1-SN2052,6
NTS1-SN2092,27
NTS1-WIB-AS12-6,9
NTS1-SN2045,31
NTS1-COV14,7
NTS1-COV12,28
NTS1-WIB-BG2,22
NTS1-SBL-10,9
NTS1-SBL-8,2
NTS1-NOV1-14-2,297
NTS1-NCT-03,2
NTS1-SN5046,6
NTS1-PTS-M4,8
NTS1-SN6824,2
NTS1-PCCM-040,7
NTS1-PTS-FM3,18
NTS1-CD-1133-1.8L2,2
NTS1-SN1651,2
NTS1-SN3223,2
NTS1-CD-6L-05,10
NTS1-MAS1-2,673
NTS1-SBM-018,30
NTS1-SBM-044,19
NTS1-SBM-100,3
NTS1-SN4874,6
NTS1-SN5066,18
NTS1-SN6601,48
NTS1-PCCM-006,1
NTS1-PCCM-021,6
NTS1-PCCM-055,4
NTS1-PCCM-069,6
NTS1-PCCM-143,17
NTS1-PPM-W14,9
NTS1-PPM-W4,6
NTS1-SBM-128,4
NTS1-CSP-22,0
NTS1-PTS-TM16,14
NTS1-SCM-31,0
NTS1-DRED-FP2,0
NTS1-ROPS30,10
NTS1-CAD1-14,115
NTS1-ISC1-9,160
NTS1-WH-T3,0
NTS1-SN2211,4
NTS1-CLAD-S2,53
NTS1-SQSB12,2
NTS1-NOA1-10,58
NTS1-CAR1-12,60
NTS1-COFS3,3
NTS1-FBT10,6
NTS1-ROPS75,2
NTS1-SPL-AL-24H,14
NTS1-TOH-14-BL,19
NTS1-SOLS-95,6
NTS1-BO-SOLS-110,2
NTS1-COL1-4,426
NTS1-SP-AL-10H,9
NTS1-PM300450-14BS,26
NTS1-PM300450-63BS,62
NTS1-PM300450-66BS,48
NTS1-CD-401-6L1,14
NTS1-FAB1-14,222
NTS1-CD-101-9L,19
NTS1-GN25080,0
NTS1-FPA-AL-18BH,6
NTS1-FP-S-28,1
NTS1-FAB1-29-S,0
NTS1-CHSP-DLH12,11
NTS1-SPL-AL-16,8
NTS1-CD-11L-05,7
NTS1-SN4915,3
NTS1-SP-WH,7
NTS1-STP-AL-36,4
NTS1-FAB1-16,258
NTS1-PT-AL18N,89
NTS2-HL-001,1
NTS2-D330500066,2
NTS2-CDS-01,0
NTS2-ESK-10-SWK,6
NTS2-EWB-37-012,2
NTS1-HLCR2C-SW,3
NTS1-HLCR2-SSBG,2
NTS1-HLCR2G-BG,4
NTS1-EWB-37,0
NTS1-HL-300A1-GY,1
RAN2-40200005,0
PIM1-TW-32,0
SEV2-00008,2
STS1-CSDB-C,0
STS1-SINK-C,0
SEV1-DC200,0
SEV1-DC2000,0
PRC1-BST-TW0022C,1
PRC1-BST-TBM-273BK,0
PRC1-BST-TC-06BK,0
PIM1-CCGSS-1W,0
STS1-MBGB400,0
STS1-OPCSB-C,0
STS1-2TBNFB-C,0
STS1-2CBNFB-C,0
STS1-EXIL-C,1
STS1-EQSNB-C,0
STS1-2STFB-C,0
STS1-2WS-C,0
STS1-DOVS-C,2
STS1-KCTL-C,0
SEV3-02-0001,21
SEV3-02-0002,10
SEV3-02-0005,14
SEV3-02-0007,547
SEV3-02-0008,966
SEV3-02-0010,442
SEV3-02-0011,324
SEV3-02-0019,23
SEV3-02-0044,86
SEV3-02-0105,577
SEV3-04-0013,35
SEV3-04-0014,0
STS1-CB-C,0
STS1-CBM-C,0
STS1-BACKSPLASH-C,3
STS1-3SL-C,0
BER2-C-M10-BN,6
STS1-BURNER-C,0
PIM1-EWB-30,2
PIM1-MSS-10V,0
ASL1-IND-5000W,2
STS1-KCTL800-F,0
SEV4-DELIVERY,0
PRC1-3S-3K,1
ASL1-IND-3500W,0
SEV3-02-0490,81
SEV3-02-0491,81
PIM1-ESK-10LC,1
SEV3-02-0495,410
SEV3-02-0496,482
SEV3-02-0497,425
SEV3-02-0498,484
SEV3-02-0499,390
SEV3-02-0500,521
SEV3-02-0501,508
SEV3-02-0502,441
SEV3-02-0503,408
SEV3-02-0504,435
SEV3-02-0505,410
PIM2-30402062,6
PIM2-CF-D-MA,3
PIM2-TC22-7,4
PIM2-WYE-110,0
SEV3-02-0517,2
SEV3-02-0518,6
SEV3-02-0519,8
SEV3-02-0520,9
SEV3-02-0521,6
SEV3-02-0522,6
SEV3-02-0523,10
SEV3-02-0524,18
SEV3-02-0525,2
PRC1-BK-MP36,0
PRC1-BK-MP48,0
PRC1-KK-SRS32430,1
SEV3-05609250,3
SEV3-05160221,2
SEV3-10-0270,0
SEV3-10-0275,524
PRC1-KK-LHD09P,33
PRC1-KK-KTSO12F,90
PRC1-BK-PPD27,0
PRC1-KK-FPP6,95
PIM2-TC12-22-14,3
PIM2-30303030,1
BER2-CS-TM-XR70CX-B-2,1
TEC1-V15.65,0
PIM2-CF7-103-BR,3
SEV3-02-0677,69
SEV3-02-0678,83
SEV3-02-0680,46
STS1-STF750A,0
HAT2-R02.08.135E.00,3
STS1-EXILFRA-C,0
PIM1-DBS-01,2
SEV1-00302,0
FUJ1-RR-50A,0
PIM1-GH-250,2
PIM1-RG-16,2
SEV3-04-0100,1
PRC1-KK-SKPB14,258
PRC1-TK-TRS4-430,16
KLT1-KSCRAPESLOT86X140,8
PIM2-TC22-20,11
SEV2-00097,0
RON2-W610L3420,0
SEV3-10-0392,0
STS1-BKTT-C,0
PRC1-TK-CKS6,35
PRC1-BSK-MLK1500,105
PRC1-BSK-OPN06,171
PRC1-BSK-SH9,5
PRC1-KK-TS209,69
SEV3-02-0247,14
SEV3-02-0287,50
SEV3-02-0051,614
SEV3-02-0116,259
SEV3-02-0300,95
SEV3-02-0303,196
SEV3-02-0346,87
SEV3-02-0382,86
SEV3-02-0387,46
PRC1-KK-SHD16,36
PRC1-KK-PIC14,37
RAN2-34200093,1
WIN2-61004907,2
LKK2-FUSE-2-A,5
SEV1-W-FILTER(ใส),23
STS1-TBS1000A,1
PIM1-CF6-82,1
KIT2-4162320,2
STS1-CBNFB800A,1
SEV2-00036,1
STS1-MBGB-C,1
STS1-SPSB-LOW-C,1
SEV3-04-0012,25
SEV3-07-0005,25
SEV3-09-0013,36
SEV3-01-0061,2
PIM1-DDR-30,1
PIM2-KSD301-CR130,2
PIM2-AUPO-BF216,1
PIM2-GDO-007,5
PIM2-TC12-22-16,1
RTN2-24.00.142,1
RTN2-3024.0201P,1
PIM2-CF5-SSA,2
PRC1-TK-TSH5,18
RTN2-50.01.050S,1
PRC1-BK-PM80,437
PRC1-TK-CSB10,263
PRC1-KK-KTSO10F,81
LKK2-PCP015,2
ASL2-HN-DP-50-NV,2
PIM2-DR520-SPRUK,11
PIM2-CF-FG,2
PIM2-CW-PN,6
PIM2-CF-FS-10,6
SIR2-19560161,11
PRC1-BSB-BS-II-G4-GR,3
PRC1-KB-KW-II-X-3,3
PIM2-MS300-004,2
RJ2-SPFCS-0122,2
RJ2-SPFCS-0123,2
SEV3-10-0355,1093
ASL2-DP-50-NV-202007,2
PIM1-JUS-TH60,2
SEV3-02-0713,2
SEV3-02-0714,1
SEV3-02-0715,2
MID2-22140-0012TH,2
LKK2-00005,6
SEV2-00241,2
SEV2-00254,1
KLT1-KSCRAPESLOT76X86,2
SEV2-00262,15
PRC1-BSK-PPSG,3759
PRC1-BSK-K20FTCH,2
PRC1-TK-CR10NB,34
SEV3-02-0167,11
SEV3-02-0268,4
SEV3-02-0266,1
SEV3-02-0373,18
SEV3-02-0376,2
SEV3-02-0394,1
SEV2-00126,1
PRC1-BSK-JI13,250
NTS1-HLS2G-SB,6
NTS1-HLCR2S-SSM,2
NTS1-HL-300A1-RD,3
NTS1-EWB-91-NV,3
NTS2-D330500067,4
NTS2-YUDJD-003,3
NTS2-ESK-10-IL,22
NTS2-VP-03,3
NTS2-NVP-01,6
NTS2-EWB-37-021,2
NTS2-CD-1133-1.8L2-LID,2
NTS1-SF-B42BL,1
NTS1-TUL1-9-1,2
NTS1-BH-MIM03,3
NTS1-BH-MIS05,2
NTS1-BH-MAS05,4
NTS1-BH-CRM05,3
NTS1-BH-CRS11,2
NTS1-DB-S2-5,31
NTS1-CC-2B,2
NTS1-CHS-BK,105
NTS1-TUR-12,9
NTS1-RAB-3,6
NTS1-CSS-H4,22
NTS1-SF-B42WH,2
NTS1-KNC-12BK,1
NTS1-SN4857,3
NTS1-SN4096,6
NTS1-KNBKR-10WH,10
NTS1-SN7977,14
NTS1-SP-AL-12,3
NTS1-WIB-CV1,4
NTS1-COL-P2,16
NTS1-KNPT-3WH,1
NTS1-ICB2-2L,15
NTS1-BCT-1130,5
NTS1-SKIMM-24,2
NTS1-PST-8,2
NTS1-PCCM-P-08,34
NTS1-SN3365,26
NTS1-ASH10,31
NTS1-SN5552,10
NTS1-CSPO-30,13
NTS1-WIB-BS20-6,9
NTS1-FAB1-19,101
NTS1-PTS-M7,7
NTS1-PTS-TMC9,7
NTS1-SN5047,11
NTS1-SN5251,2
NTS1-FCYL-P2-4,12
NTS1-SN6042,14
NTS1-SN9423,1
NTS1-PCCM-111,6
NTS1-SN2897,2
NTS1-SCM-44,4
NTS1-PCCM-P3D-04,5
NTS1-PCCM-087,6
NTS1-PCCM-097,7
NTS1-PCCM-100,5
NTS1-LADL-12,10
NTS1-CD-4046-4L1,2
NTS1-CD-401-4L2,2
NTS1-PCCM-067,5
NTS1-DIS1,4
NTS1-SNP260-CL,18
NTS1-WIB-CV3,4
NTS1-SN5013,13
NTS1-SBM-059,10
NTS1-SN5028,24
NTS1-SN5283,4
NTS1-SN5515,2
NTS1-SN5516,5
NTS1-SN5554,1
NTS1-SN6022,14
NTS1-SN6861,4
NTS1-SN6863,6
NTS1-BOT-A5,10
NTS1-PCCM-011,3
NTS1-PCCM-029,4
NTS1-PCCM-039,9
NTS1-PCCM-052,6
NTS1-PCCM-059,5
NTS1-PCCM-063,1
NTS1-PCCM-076,6
NTS1-PCCM-079,6
NTS1-PCCM-124,10
NTS1-PCCM-132,4
NTS1-PCCM-133,6
NTS1-PCCM-140,6
NTS1-PCCM-144,6
NTS1-PCCM-153,2
NTS1-PCCM-160,6
NTS1-PCCM-3D-1,6
NTS1-PCCM-3D-2,7
NTS1-PCCM-3D-5,11
NTS1-PCCM-3D-8,12
NTS1-PCCM-P-05,6
NTS1-PCCM-P-09,2
NTS1-SCM-07,1
NTS1-SNP330-CL,7
NTS1-SNP350-CL,2
NTS1-PBSI-YL14,18
NTS1-SGB1,57
NTS1-PTS-TMC11,9
NTS1-KNCT-60WH,1
NTS1-CAD1-29-S,10
NTS1-ISC1-18-L,26
NTS1-ISC1-19,14
NTS1-TOH-14-RD,10
NTS1-CD-6L-01,13
NTS1-VEG-CL5,2
NTS1-SPCW-AL-15,7
NTS1-LIA1-17,305
NTS1-LUK1-32,2
NTS1-VEG-CL4,10
NTS1-BOT-B2,40
NTS1-COFS1,9
NTS1-MBP-099-BK,2
NTS1-PPEL-220,2
NTS1-PTS-M6,14
NTS1-PTS-TMCL6,4
NTS1-SN3363,9
NTS1-SP-AL-18,6
NTS1-SPCW-AL-21,9
NTS1-STO2,6
NTS1-WIB-CVS,6
NTS1-BO-SOLS-95,5
NTS1-COL1-7,27
NTS1-COL1-8,284
NTS1-HOW1-4,74
NTS1-FAB1-13,258
NTS1-TUL1-12-1,476
NTS1-DRI-A3,2
NTS1-EGG-SSP159,8
RAN2-13007050,0
SEV2-00006,0
SEV2-00010,0
STS1-2STMFB-C,0
SEV1-DC1200,0
SEV1-DC1500,0
PRC1-BST-MP320-CORK,0
NTS1-ALE1-9-1,0
NTS1-ALE1-14,0
NTS1-HLR2S-SB,0
NTS1-SN3367,0
PIM1-PFB14,0
NTS1-HLS2C-SB,0
NTS1-KNC-7WH,0
NTS1-CAD1-29-L,0
KIT2-9701670,0
STS1-4PL2300,0
SEV2-00026,0
STS1-4PL1800,0
STS1-PLWMC1500A,0
STS1-TBSB2000A,0
STS1-WCSSW1600,0
STS1-CSSWB1600A,0
STS1-SPSB-LOW700A,0
STS1-WCSSD-C,0
STS1-CLDSTBSLSB-C,0
STS1-PLTL-C,0
STS1-2WSB-C,0
SEV3-05-0004,0
STS1-TL-C,0
REF2-00049,0
STS1-2WS1800,0
STS1-WS2000,0
STS1-2ST2FB1800A,0
NTS1-WIB-AG1,0
STS1-MTBS-C,0
SHA1-KSH-D1010,0
STS1-CHBL-C,0
STS1-KCTL800-E,0
STS1-CSW2000A,0
NTS1-MLKH1,0
NTS1-EWB-24,0
NTS1-CED-16LF,0
NTS1-TEA-A1,0
NTS1-LAD-W10,0
NTS1-SCIS-PS-S,0
SEV2-R134A,0
NTS1-PCCM-099,0
NTS1-LOP-10,0
STS1-OPC-C,0
NTS1-ALE1-23,0
SEV2-SERV4300,0
NTS1-SN6880,0
PIM2-POLIT-LIGHT(RED),0
PIM2-R11-8,0
NTS1-CAD1-26,0
NTS1-TEA-B3,0
NTS1-SN4010,0
RTN2-40.00.453P,0
SEV3-02-0563,0
NTS1-PM300450-70BS,0
RTN2-42.00.260P,0
RTN2-56.00.153P,0
STS1-GSTR500300B,0
STS1-GSTR300300,0
SEV3-02-0633,0
SEV3-02-0634,0
SEV3-02-0635,0
SEV3-05-0019,0
PRC1-KK-RR2821,0
SEV3-02-0640,0
SEV3-02-0668,0
STS1-SODSTBSGHB-C,0
"PRC1-TB-MSH-12""",0
PRC1-TB-SFS-I-A-1.5,0
PRC1-BSB-BS-II-G4-BL,0
PRC1-TB-SFS-I-A-2,0
PRC1-BSB-FP-III-K,0
PRC1-KB-KW-II-X-5,0
PRC1-TB-KW-III-L,0
PRC1-BSB-DS-I-I-0.5,0
STS1-TB750A,0
STS1-TBSB750A,0
NTS1-APO1-6,0
STS1-SHELF-C,0
RON2-W640L2680,0
SEV2-00221,0
SEV2-00223,0
SEV3-02-0704,0
NEW2-21-IO-137,0
NEW2-008,0
SEV1-HPT670,0
SEV3-09-0125,0
SEV2-W500L2160,0
SEV2-00255,0
SEV2-00258,0
SEV2-00259,0
SEV2-00260,0
REF1-PCR-157,0
REF1-PCR-187,0
PRC1-TK-CR32,0
SEV3-02-0395,0
RON2-W475L1470,0
NTS1-MOP-CL12,0
NTS1-STK1,0
NTS1-SN0506,0
NTS1-SN4856,0
NTS1-CSE-20,0
PIM1-GCSSS-1,0
NTS1-KNC-7BL,0
NTS1-KNC-8RD,0
SEV3-02-0122,0
PIM1-MS300-250W,0
SEV4-BANK,0
NTS1-CSTRW-10,0
NTS1-SN9121,0
SEV3-SERV9000,0
NTS1-PCCM-045,0
NTS1-LADL-11,0
SEV2-SERV747.67,0
NTS1-SN3224,0
NTS1-NOV1-29-8,0
PIM1-EDO2-40CS,0
NTS1-FN-S-PC,0
NTS1-SBM-086,0
NTS1-SBM-103,0
NTS1-SN6908,0
NTS1-BOT-A6,0
NTS1-PCCM-137,0
NTS1-SBM-144,0
NTS1-BOT-B6,0
NTS1-CRES2,0
NTS1-FRAME-IR-S,0
PIM2-30699020,0
PIM2-PC-WATER-GAUGE-30,0
PIM2-TC12-22-11,0
PIM2-TC12-22-13,0
PIM2-TC12-22-15,0
NTS1-CTK-MPP10,0
RON2-W500L2500,0
RTN2-40.01.329S,0
RTN2-40.03.378P,0
RTN2-50.01.640S,0
NTS1-PM300450-9,0
NTS1-FOR1-33,0
NTS1-MAX1-13,0
NTS1-PM330460-2,0
NTS1-SKC-378,0
NTS1-SN4312,0
DAN2-MTZ22-5VM,0
SEV2-SERV2500-MC,0
PRC1-KB-BS-VI-L-48,0
PRC1-KB-CP-I-A-12-R,0
PRC1-KB-KW-II-X-8,0
NTS1-SN60265,0
NTS1-ASH-Y45,0
PIM1-GCSSS-1-03,0
PIM1-GCSSS-1-04,0
LKK2-00003,0
RTN2-87.00.039,0
SIR2-00002,0
RTN2-50.00.286P,0
RTN2-56.00.618S,0
RTN2-40.03.428P,0
RTN2-50.01.213,0
RTN2-42.00.002P,0
RTN2-16.01.662P,0
RTN2-16.00.232P,0
PRC1-BSK-TOTS04,0
PRC1-BSK-BRSG210W,0
PRC1-BSK-BRSB210W,0
PRC1-BSK-BRW7F,0
NTS1-RDHLCR5-SS,0
SEV4-BANK-BK,0
SIR2-00003,0
SIR2-00004,0
SIR2-00005,0
SIR2-00006,0
SIR2-00007,0
RON2-W470L3080,0
TBA2-00001,0
ZAN2-66740,0
PRC1-BK-PPT09,0
SEV3-04-0040,0
STS1-CSSD1500B,0
STS1-4SL1300,0
STS1-TBS800A,0
STS1-2TBNFB1200A,0
STS1-4SL1700,0
STS1-DBOVS0002,0
STS1-TB600A,0
SEV2-00027,0
REF1-WICR,0
REF1-WIFR,0
STS1-TB700A,0
STS1-TBB1000A,0
STS1-4SL1200,0
STS1-4SL900,0
STS1-OPCS2000A,0
STS1-3TBN2FB2000A,0
STS1-TBSB1100A,0
STS1-CSSD1200A,0
STS1-OPCS1400A,0
STS1-STF1000A,0
STS1-STFB2300C,0
STS1-EXW1900,0
STS1-EXW2000C,0
STS1-TBNFB1400A,0
STS1-TBNFB1500A,0
STS1-CBNFB900A,0
STS1-CLDSTBSLSB1000A,0
STS1-CLDSTBB1500A,0
STS1-TBDSB-C,0
STS1-TBNFB-C,0
STS1-3ST2FB-C,0
STS1-OVS-C,0
STS1-TBS2000A,0
STS1-TBSB800A,0
STS1-TBSB2200A,0
STS1-TBDSB900A,0
STS1-TBDSB1600A,0
STS1-STFB600A,0
STS1-2WS1200,0
STS1-PLWMC1300A,0
STS1-PLWMC700A,0
STS1-CBM2000A,0
STS1-CT900A,0
STS1-SODSTBSGHB1500A,0
STS1-TYSD2700,0
STS1-EXWFRA800,0
STS1-EXWFRA2000B,0
STS1-EXWFRA3000C,0
STS1-SODSTB2SGHFB2300A,0
STS1-GSTR400400,0
RIN1-RRA-156,0
STS1-STF1200C,0
STS1-NDRA750A,0
RTN2-42.00.064P,0
STS1-GPR00001,0
STS1-SG-C,0
SEV1-00300,0
STS1-EXWFRA2000,0
PRC1-KD-200-5KG,0
SEV1-FRI-4571,0
SEV2-00240,0
SEV2-00252,0
SEV2-00253,0
SEV1-00473,0
SEV2-00256,0
ZAN2-00001,0
REF1-PU4-1320FZ,0
SEV1-FRB770LW,0
PRC1-MCK-30K,0
BER1-U30,3
BER1-U40,0
CAM1-36E4-151,24
CAM1-40HPCH-150,0
CAM1-8RS8-480,16
CAM1-905CW-152,46
CAM1-12TGS-135,38
CAM1-66CF-148,10
CAM1-1621CBR-110,0
WNK1-SH30732,5
HAT1-GRA24,5
PUJ1-206.045,0
PUJ1-208.028,0
PUJ1-244.035,1
PUJ1-234.128,6
PUJ1-105.022,2
PUJ1-350.735,6
PUJ1-317.050,0
PUJ1-637.000,5
PUJ1-703.026,0
PUJ1-811.012,35
PUJ1-951.010,4
PUJ1-967.003,3
ROE1-28051,2
ROE1-28060,2
VOL1-49202,48
ROB2-TS0014,4
ROE2-27074,8
SIR2-MSC04N264,4
ROL2-A04005,4
LKK2-CCA-H-070K,4
LKK2-CDA-H24PC,22
SIR2-19400105,1
SIR2-19411007,3
HAT2-0240002,4
CAM1-10PPCWSC-438,2
ZNS2-049627,3
ZNS2-049268,2
JTA1-JZH-RQ-4,2
JTA1-JZH-RH,0
COG2-456081,2
COG2-142058,2
JTA2-301110027,1
CAM1-1800CT-110,0
HAT2-R020127300,6
CAM1-18269P-148,19
ROE2-89631,2
ROE1-1946,8
SKP2-M726800100,1
BER2-SW-E3101,3
CAM1-LT16-427,37
ROB2-TC0029,21
CEC2-G107A,6
BER2-D-UR-B-L,0
LKK1-LK-QL1,2
LKK2-KNOB-TI(WF),12
LKK2-SWV-GFO-EFO,1
TRA1-409-0505,1
LAC2-402223000,43
LAC2-402216000,9
CAM1-HP3253-158,1
PMF2-5M010507,1
PMF2-5I100030,1
ROL2-B02016+PERCAGE,0
CAS2-968756000,1
CAM1-16C414-151,6
JTA2-301130013,2
ZNS2-0C0129,6
ROB2-VS0256,2
SIR2-IB4000735,2
JTA2-301080021,0
CAM1-36S800-151,0
SKP2-HR5040101,0
CAM1-32HP2H-150,0
LKK2-GASINLET,2
MBM1-MG7G6FA77XS,0
MBM1-MG7GFTA777LR,0
VRM2-AR005-193-TZ001,1
MBM1-MG7G477XS,0
LKK1-B60(B),1
PUJ1-251.028,4
PUJ1-711.030,6
COG2-74122,1
ROL2-B02024+PTR,1
SIR2-IW1471220060,1
ROE1-28119,0
ROE2-89056,3
MBM1-PLG74A,0
ROE2-27345,4
ROE2-89042,3
BER1-OB2-17,2
MID2-74097,2
BER1-BS2D-PCF6-Z(760),1
LKK2-SWITCH(SB6),2
HAM2-990029800,1
HAT2-X0703469,1
ROE2-117187,1
SIR2-LF2007006,2
ROL2-B02023+PTR,1
COG2-206014,2
BER1-BS2DU-CF-Z-L(770),2
ROE2-101547,2
LAC2-400335010,2
HAT2-R021202100,6
MID2-28091-0017,18
TBA1-KF45-4-LW-GN,1
LAC2-4161134871,2
LAC2-990888000,5
MID2-28154-0013,1
MID2-28041-0011,2
SAR1-CB182412WH,14
PIT2-60084501,1
TAC1-104,1
TAC1-N32LPA-R,3
TAC1-N32LPA-OR,9
TAC1-N32LPA-Y,3
TBA2-3028100100,1
DEX1-24323B,2
ROB1-GSA810R,4
TAC1-RAM3BK,28
BER1-BS-SW2D-L6(750),1
ROE2-27342,3
CAS2-537048800,2
LKK2-LK-GDO-8,2
BER1-BBQ002,2
CAM1-20C258-151,32
CAM1-36E5-151,10
CAM1-42HP-150,11
CAM1-LT12-152,80
CAM1-9RS9-480,22
CAM1-18266P-148,1
CAM1-PSB12-176,2
LTE1-N8003,0
LTE1-OX5V55,1
LIN1-BS3W,10
PUJ1-206.020,2
PUJ1-208.045,0
PUJ1-369.000,8
PUJ1-388.014,2
PUJ1-334.050,5
PUJ1-127.036,20
PUJ1-118.025,2
PUJ1-118.045,1
PUJ1-113.060,1
PUJ1-140.028,0
PUJ1-350.335,10
PUJ1-704.024,1
PUJ1-710.020,8
PUJ1-768.006,20
PUJ1-812.011,4
ROE1-28064,0
ROE1-28113,5
ROE1-28134,6
ROE1-27764,1
ROE1-28056,2
ROE1-28054,0
ROL1-GED20,0
SIR1-DF10,2
SIR1-DF4,0
SIR1-DT4,3
SIR1-C9VV,3
LIN2-DS24,1
SIR2-19562900,2
SIR2-19562502,7
LIN1-CG6-P,2
ZNS2-048308,1
ZNS2-006879,2
ZNS2-0L1006,8
ZNS2-0L1005,6
KIT1-5KPM50EWH,17
COG2-115143,1
JTA2-301110028,41
SAN1-68,0
HAT2-021209600,0
HAM2-990167330,3
ROE2-89002,6
SIR2-IW1071240220,2
SIR2-IW2071240046,2
TAC1-A6,51
CAM1-DRS480-480,29
ROL2-F01045,2
BER1-GG4B,0
CAM1-ESU183672V4-580,0
TOP2-98-SV,32
CTP1-KB-06-100YD-RD,0
CTP1-KB-06-100YD-WH,0
CAM1-20C414-151,21
MID2-71814,1
CTP1-GS-10851-90-BK,0
TBA2-KR85500100,2
MID2-67050,5
CAM1-18SFSP-148,9
TOP1-P-0135,48
ROE2-3074S,2
ROE1-28166,1
SIR2-GM5946340,4
CAM1-1418FF-168,0
JTA2-301130010,0
TOP1-9812-P3,9
MID2-72491,0
SIR2-LF1532060I2,2
LKK1-JG210A,2
ROB2-EC0472,1
MBM2-RTCP800034,4
SKP2-AM007H0010,3
PUJ1-984.150,0
LKK1-HS20(D),0
ROB1-FR15,3
PUJ1-304.018,2
PUJ1-304.022,2
PUJ1-239.028,0
PUJ1-118.035,10
PUJ1-128.220,0
PUJ1-132.260,30
PUJ1-302.214,0
PUJ1-398.042,19
PUJ1-958.018,114
PUJ1-850.033,7
LKK1-HS50A(D),1
LKK2-EPZ6-28,2
COG2-227081,0
ROE2-27370,2
SIR2-LF1532080I2,5
BER1-BS2D-C6-Z-L(750),0
SIR1-28184013,1
JTA2-302190432,0
VOL1-MIX1010CE,2
BER1-OB2FS-17,4
TOP1-XDF5148S-S,2
SKP2-IS4420QTBCH,1
SAN1-53,2
ROB1-HE900L,2
SIR1-PALLADIO300,6
SIR2-19410312,3
CAM1-TGG6-135,158
ROL1-GR40E,2
TOP1-9850,4
ROL2-D02169,1
BER1-2D-DC-BBH-1,0
BER1-CRB3B-17,2
LKK1-B20T(KA),0
ROB2-ES0286,2
SAN2-50200,4
HAM1-98400,4
MID2-42810-0114,9
DEX1-24423B,4
MID2-27170-0011,1
MID2-27392-0002,0
MID2-22523-0003,6
MID2-47321,0
MID2-33983,2
ROE2-39913,1
SIR2-IW2071250000,1
KIT2-4162075,4
COG2-81016,4
SAN1-62,1
COG2-211002,0
COG2-456002,0
COG2-107012,0
BER2-BA-C-SALA,10
MID2-63910,2
LKK1-SG600400,0
SIR2-19410502,2
CAS2-3951130515,1
TAC1-8032-GN,50
TAC1-8032-W,38
TAC1-CB1218BLA,1
TAC1-1271,6
MMT2-58121078,12
BER1-BS-SW2D-L5(750),0
BER2-HL-JD-H,4
CAS2-533180010,5
HAM1-BCR100,13
HAM2-6126-HBF600,0
LKK2-IND350S-11,64
BER2-HG-SDH-L-L,7
BER1-MIR11,6
CAM1-1218SCCW-135,12
CAM1-16C258-151,17
CAM1-32HP-150,20
CAM1-HT22CW-135,90
CAM1-CC32-148,3
CAM1-12183CW-135,1
CAM1-1520CBPF-110,0
EDL1-ST93,2
LKK1-MWR-2,7
HAT1-GRAH24,2
PUJ1-122.040,14
PUJ1-204.035,11
PUJ1-205.028,2
PUJ1-206.018,2
PUJ1-206.030,1
PUJ1-385.030,2
PUJ1-217.016,3
PUJ1-217.020,5
PUJ1-212.020,0
PUJ1-234.016,2
PUJ1-116.025,1
PUJ1-324.019,5
PUJ1-350.535,10
PUJ1-350.635,3
PUJ1-702.026,1
PUJ1-703.024,7
PUJ1-708.022,10
PUJ1-721.010,51
PUJ1-772.055,0
PUJ1-781.006,92
PUJ1-781.012,0
PUJ1-782.026,15
PUJ1-800.050,4
PUJ1-203.024,10
PUJ1-375.030,6
ROE1-R4-1500,0
SIR1-DT2,10
VOL1-40022,277
SAN2-11103,2
HAM2-912460000,339
SIR2-19414060N,2
ROE2-117703,6
ROE2-29533,2
BES2-31288600,1
SIR2-19300201+19300101,0
ROE2-102816,1
LKK2-SWITCH-P(PL2),0
LIN2-TI15,7
ROL2-D01026,8
ROL2-D04013,6
SIR2-28102208X,6
HAT2-0530020,2
HAT2-021203900,0
LKK2-THERMOSTAT(QL2),2
BER1-TP3237,1
CAM1-BR258-163,5
CAM1-WW250CW-135,38
BER2-C-JD-IR,1
JTA1-RB-4,2
JTA2-301120004,1
JTA2-301080040,2
ROB1-UDS30VP,9
TAC1-RAM2RBK,1
LAC2-533895200R,2
LAC2-457886020,3
CAS2-531492400,3
CTX2-67975,1
TAC1-BK2RS,18
BER2-PL-JD-WSS,5
BER2-PL-JD-PI-EURO,2
CAM1-23CLRCW-135,0
ROE2-39354,1
LKK1-WF-172,22
SIR2-LF1039201,2
TOP1-SG03,25
CAM1-1826CT-110,41
PUJ1-711.024,12
HAT2-X040544400,2
BER2-TM-XR460,3
CTP1-GS-10823-100-BK,0
ASL2-SK-IND3500W,18
TOP1-008S,2
ROE2-102690S,2
ROE2-89662,2
ROE2-500289S,3
ROE2-89392,5
JTA2-302220038,0
CTP1-GS-10502-300R-WH,4
HAM1-HBF600S-CE,2
JTA2-302130067,0
MMT2-13091701,0
ROB2-EC0440,0
KIT2-W10380496,1
PUJ1-135.424,2
VRM2-AR005-178-TZ001,0
LKK1-B15(K),0
SAN2-68200,2
ZNS2-0L0084,2
PUJ1-128.132,6
PUJ1-128.228,2
PUJ1-128.420,0
PUJ1-374.015,26
PUJ1-849.000,0
CAM1-UPCH4002-401,6
PUJ1-782.028,17
PUJ1-711.032,12
TBA1-KUR18-3-LW(700MM),0
BER1-BS6DR-C1850-3-L(750),0
BER1-BS2DU-C-Z-L(770),2
BER1-BS3D-C7-Z-L(750),1
TOP1-M98E-12AD,7
BER1-B2D-C4-7-SM-L(750),0
CTP1-GS-10830-GE-BK,0
SIR2-19324108,3
ROE2-89040,5
BER1-CB3B-17,2
SIR1-40116150,2
VRM2-AR005-337-TZ001,1
BER1-BJY-WBPU10DT,2
SIR2-MSC09V104,2
HAM1-6126-250-CE,9
HAT1-GRAH54,0
LIN1-HB2,3
CAM1-UGNPR21F36-480,16
ROB1-DM31W,0
BER1-RCS12SB13-2FB,0
CTP1-JP-1133-210,49
BER1-BS2D-F4-Z-L(750),0
PUJ1-118.360,2
LAC2-402220000,38
PIT2-PP10429-M,3
LIN1-ECO8,1
BER1-SALA11N,2
DEX1-15303R,0
DEX1-13313C,3
CAS2-485910010,1
EDL1-4409HDL,0
MID2-22523-0002,2
COG2-215023,8
HAT2-02.16.219.00,2
DEX1-31613,12
BER2-HW-JD-RC,2
HAM1-HBF600-CE,2
MID2-64149,6
MID2-60679,2
HOU2-30920002,1
HOU2-30300136,6
DEX1-31629B,5
COG2-208010,3
COG2-240016,2
ROL2-D02171,2
MID2-66186,3
MID2-33812-5,5
LKK1-EPC-6T,2
TAC1-4304,1
TAC1-754,71
TAC1-3774G,37
TAC1-1610,8
LKK1-IND300L,1
ROE2-39926,2
ROE1-28057W,6
TAC1-3716BK,0
TAC1-N32LPA-BR,1
TAC1-N32LPA-G,3
TBA2-KR85400100,5
TAC1-800,0
TAC1-CB1824BRB,53
TAC1-RB128,34
TAC1-AP5,58
TAC1-BK37209,218
TAC1-4246A,8
DEX1-18193T,12
SIR2-GM5036100,2
SIR2-GM5256600,2
ROE2-27344,6
LIN2-LA210,8
HAM1-HBH550-CE,0
COG2-215034-5,1
WIN2-30008044,2
BER1-OB4,6
BER1-SP1-HP,0
BER1-JD218JET25,1
HAT1-TM-5H,2
HAT1-RHW-02,0
HAT1-GRA30,1
KIT1-5K5SSWH,10
LIN1-BS4W,13
LIN1-GS4,2
LIN1-LT6X,1
ROB1-F111,2
SAN1-50,1
SAN1-52C,1
SIR1-TC22E,6
ROB1-UDS10VP,85
ROL1-FCV280,2
LKK1-LK-QL2,1
BER1-BS2D-C4-Z-L(760),0
VRM1-AR5-M005-8001Z,16
VRM1-AR5-M005-8005Z,27
HAT1-RHW-1,0
LKK1-B10(K),0
LKK1-B25(F),0
BER1-DF12-17,5
BER1-BS4DU-C-Z-L,7
BER1-DRO6-17,4
HAM1-HMD200P-CE,1
VRM1-AR40P-TPC,0
BER1-CRB2BFS-17,2
HAM1-HBH850-CE,2
BER1-OB4-17,0
LKK1-BM-3,4
TBA1-TIM-75A,3
ROB1-UDB30VP,2
ROE1-CMP300VV-B,14
ROL1-PZ430S,2
BER1-BS4DR-C5-2-L(750),1
MMT1-DEC21E2,2
ROB1-G700,1
EDL2-K004SP,58
KIT2-9707672,1
BER2-CI-LBB,22
BER2-GE-TC600-GDF,30
ROL2-D02140,6
RAN2-36402001,45
ROB2-HC0104,9
ZNS2-0L0099,0
ZNS2-048250,2
SIR2-19563008,5
JTA2-302130018,2
JTA2-301040658,0
JTA2-301040657,4
ROL2-D02009,2
HAT2-021917800,2
CAS2-537053200,15
SAN2-62100,2
CTX2-68310,1
BER2-PL-JD-BG,6
ROB2-EC0274,1
LKK2-TIMER(WF),2
BER2-CI-OB246,6
PMF2-5R050220,0
PMF2-3P020001,1
SIR2-19562170,7
BER2-PL-JD-BL,12
JTA2-302130415,0
JTA2-301130015,1
JTA2-301030096,1
CTX2-3102468,33
MMT2-59004013,0
ROL2-D02163,2
MBM2-B800006,0
TBC2-NGC-3015,0
JTA2-302070057,2
JTA2-302070056,1
SIR2-LF1530000I,4
HAT2-05.03.036.00,2
TBA2-30220L0905,283
SIR2-19337002,21
LKK2-B20F(K)-SWITCH,1
JTA2-302110091,0
SIR2-MSC09V052A,11
LAC2-401183010,13
LAC2-401204000,53
JTA2-302110698,1
JTA2-302020360,1
ROE2-507341,2
RON2-106583,9
LKK2-RHX-36-14,2
MID2-63909,13
CAM2-41076,2
BES2-38877600,5
ROB2-EC0407,16
ROB2-MS0506,8
PIT2-PP10368,2
HAT2-020564200,2
SIR2-29320101,0
HAT2-020567400,1
ARC1-24058C,10
EDL1-1,0
WNK1-APO1-12,7
WNK1-APO1-18,0
WNK1-WIN1-21,234
HUA1-04-701,582
KIN1-843B,2
OBE1-C210,1
ROB1-Z12100,0
ROB1-Z12150,0
ROE1-28053,0
ROE1-28101,4
ROE1-27046,1
SIR1-DT7,1
TRA1-1014-32,0
TRA1-2812-08,2
TRA1-1476-0101,0
NTS1-SKI-BK,98
TS1-B-0044-H,0
TAC1-RAM4RW,88
ROL1-RFE12,0
TAC1-12463C,0
TAC1-H752BK,114
TAC1-RB2211,26
ADC1-PP-605-BR,1
ADC1-PP-605-RD,0
TOP1-M98E-502SN12,6
TOP1-M98E-505SG03,8
CTP1-GS-10821-100-BK,0
CTP1-JP-1111-165,2
CTP1-GS-10835-FE-BK,6
CTP1-GS-10508-350-WH,128
CTP1-GS-10501-130-WH,87
CTP1-GS-10502-200H-WH,53
CTP1-GS-10509-85P-WH,0
CTP1-GS-10508-250-WH,86
CTP1-GS-10841-110V-BK,0
CTP1-GS-10822-60-BK,0
CTP1-GS-10830-HD-BK,0
CTP1-GS-10864-130-BK,0
CTP1-KB-2205-130S-BK,130
TOP1-9860-C,6
CTP1-KB-2201-160-BR,126
CTP1-GS-10831-160-BK,0
WNK1-NBGN1265-7,10
WNK1-NBGN1465-7,14
CTP1-GS-10830-SO-BK,0
CTP1-KB-02-110YD-BK,223
CTP1-GS-10863-130-BK,0
HAM1-98650,27
ROE1-28110W,10
CTP1-GS-10927-CZ-BK,110
SAR1-VM5280BK,3
SAR1-CBG121812GN,1
SAR1-CBG152012RD,74
DEX1-32784,6
TAC1-2820,0
TAC1-5704,10
TAC1-84,6
ROE1-28059W,3
ROE1-28114W,6
CTP1-GS-10835-ON,26
TAC1-1824,0
TAC1-1864,4
TAC1-11663C,0
TAC1-3774Y,110
TAC1-3774W,149
TAC1-3712R,2
TAC1-3712T,226
TAC1-8016A-R,17
VOL1-52010,0
TAC1-260-1,7
TAC1-801X,118
TAC1-1500,2
TAC1-FFD8,5
TAC1-CB1824BRA,7
TAC1-CB1218BRB,23
TAC1-CB1520BLB,151
TAC1-CB1520YB,132
TAC1-CB1824GNB,60
TAC1-CB1824RB,93
TAC1-BK37409,3
TAC1-BK37410,566
TAC1-10853K,3
TAC1-RAM3FBK,4
TAC1-2250A,2
TAC1-4250A,4
TAC1-1205,112
VOL1-40082,114
SAN1-70,26
PUJ1-311.004,61
PUJ1-330.050,24
PUJ1-330.070,6
PUJ1-331.066,3
PUJ1-319.000,19
PUJ1-710.024,9
PUJ1-718.009,1
PUJ1-716.009,32
PUJ1-776.012,6
PUJ1-780.008,85
PUJ1-780.014,1
PUJ1-781.016,35
PUJ1-781.020,21
PUJ1-781.024,4
PUJ1-785.012,3
PUJ1-782.024,23
PUJ1-783.010,56
PUJ1-783.016,37
PUJ1-777.360,32
PUJ1-777.560,22
PUJ1-872.000,5
PUJ1-815.012,22
PUJ1-814.000,19
PUJ1-110.401,9
PUJ1-711.020,0
PUJ1-946.003,1
PUJ1-851.034,1
PUJ1-851.046,15
PUJ1-842.000,3
PUJ1-773.014,0
PUJ1-711.028,1
PUJ1-967.004,22
PUJ1-311.071,30
PUJ1-204.020,70
PUJ1-205.024,8
PUJ1-316.045,20
PUJ1-342.000,22
PUJ1-348.018,19
PUJ1-354.025,6
PUJ1-354.040,20
PUJ1-460.022,0
PUJ1-216.018,2
PUJ1-217.024,35
PUJ1-103.024,1
PUJ1-213.036,14
PUJ1-325.015,3
PUJ1-212.016,1
PUJ1-212.018,2
PUJ1-220.036,10
PUJ1-239.436,16
PUJ1-127.040,14
PUJ1-113.040,14
PUJ1-112.027,17
PUJ1-112.032,12
PUJ1-112.035,94
PUJ1-112.060,1
PUJ1-141.028,1
PUJ1-142.000,5
PUJ1-132.060,14
PUJ1-377.037,6
PUJ1-324.022,10
PUJ1-373.024,5
PUJ1-350.430,9
PUJ1-604.002,2
PUJ1-378.000,9
PUJ1-334.100,14
PUJ1-616.000,3
PUJ1-224.026,22
PUJ1-301.118,14
PUJ1-204.040,9
PUJ1-350.530,5
PUJ1-607.000,6
PUJ1-142.100,0
PUJ1-150.128,2
PUJ1-358.301,72
PUJ1-358.304,492
PUJ1-358.306,45
PUJ1-857.000,2
PUJ1-954.013,10
PUJ1-301.216,4
PUJ1-123.260,18
PUJ1-128.124,2
PUJ1-128.128,5
PUJ1-128.224,5
PUJ1-132.465,2
PUJ1-148.020,33
PUJ1-316.150,9
PUJ1-955.010,7
PUJ1-960.230,34
PUJ1-958.010,530
PUJ1-958.012,282
PUJ1-958.016,202
PUJ1-365.100,6
PUJ1-968.135,98
PUJ1-P947.302,14
PUJ1-149.120,10
PUJ1-149.128,26
CAM1-1014FF-168,63
CAM1-1100CT-138,10
CAM1-1520CBP-180,0
CAM1-20CWLN-135,0
CAM1-25E5-151,101
CAM1-4SFSCW-135,0
CAM1-60HPD-150,108
CAM1-6SFSCW-135,0
CAM1-6TGS-133,0
CAM1-8SFSCW-135,0
CAM1-BR258-186,34
CAM1-CDR2020-151,50
CAM1-HT10CW-135,29
CAM1-HT120CW-135,35
CAM1-IBS27-148,2
CAM1-PT1600-167,50
CAM1-SCP24CW-135,2
CAM1-SCP6CW-135,0
CAM1-SPOP13CW-133,46
CAM1-2000P-152,4
CAM1-20CWCH-110,35
CAM1-20CWGL-135,0
CAM1-30CWGL-135,1
CAM1-1202CW-152,186
CAM1-9TGS-148,0
CAM1-HT12CW-135,0
CAM1-LD130-110,0
CAM1-6TGS-148,0
CAM1-24HP-150,35
CAM1-9TGS-135,24
CAM1-10PPCH-190,40
CAM1-TG6-133,83
CAM1-12SFSCW-135,0
CAM1-1007CW-152,0
CAM1-1216CT-138,34
CAM1-WW1000L-148,68
CAM1-22SFSCW-135,2
CAM1-RFS12SCPP-190,25
CAM1-9TGS-110,120
CAM1-TG9-110,61
CAM1-20GE1-151,82
CAM1-20GE2-151,50
CAM1-20PPCWSC-438,5
CAM1-12186P-148,0
CAM1-30GE1-151,154
CAM1-RFS4PP-190,0
CAM1-RFSCW18-135,25
CAM1-25CLRCW-135,1
CAM1-33CLRCW-135,2
CAM1-ESU214264V4-580,2
CAM1-CD3253EPP-158,0
CAM1-CBU186064V4-580,6
CAM1-SPOP10CW-135,5
CAM1-2SFSP-148,0
CAM1-RFS6-148,0
CAM1-RFS8-148,310
CAM1-WW1500-135,1
CAM1-BC340KD4SB-110,14
CAM1-TGG9MD-785,46
CAM1-16S958-151,7
CAM1-25S434-151,4
CAM1-25S800-151,25
CAM1-36S318-151,0
CAM1-86CW-135,3
CAM1-80CWCH-135,0
CAM1-1014ET-206,28
CAM1-1014ET-207,85
CAM1-96PCW-135,0
CAM1-16S738-151,0
CAM1-25S418-151,0
CAM1-25S534-151,0
CAM1-25S738-151,0
CAM1-25S900-151,0
CAM1-30S638-151,0
CAM1-36S534-151,3
CAM1-36S900-151,2
CAM1-1216FF-104,35
CAM1-1216FF-107,4
CAM1-UPC400-401,9
CAM1-GBD121515-110,0
CAM1-96SKRLP-148,147
CAM1-10PPD-190,0
CAM1-TGA8-110,0
CAM1-TGG9-148,34
CAM1-TGG6-110,47
CAM1-SPO10CW-110,0
CAM1-1014CT-110,2
CAM1-PT1014-110,97
CAM1-24LPCW-135,102
CAM1-NT9-152,10
CAM1-UGNPR21H18-480,8
CAM1-12SFSFPDPP-267,99
CAM1-1000-504,10
CAM1-1200-504,13
CAM1-1000-220,7
CAM1-1000-538,13
CAM1-1200-538,11
CAM1-12TGS-110,0
CAM1-1218CP-148,4
CAM1-D14-608,5
CAM1-1826DSCW-135,0
CAM1-1520CT-110,50
CAM1-TGA11-110,54
CAM1-TGG6-148,23
CAM1-SPOP11CW-135,33
ARC1-02910,0
ARC1-50065,0
CAM1-IBS37-148,1
CAM1-PT1014-167,8
CAM1-1005CW-152,1
CAM1-16HP-150,0
CAM1-20HPCH-150,0
CAM1-20PPCH-190,2
WNK1-APO1-10,74
WNK1-APO1-11,28
WNK1-APO1-6,23
WNK1-APO1-8,418
WNK1-APO1-14,12
WNK1-APO1-17,3
WNK1-APO1-19,60
WNK1-APO1-20,59
WNK1-APO1-4,60
LTE1-N8002,0
OBE1-C112,11
OBE1-C114,0
PUJ1-206.028,0
PUJ1-206.040,2
PUJ1-208.024,0
PUJ1-224.023,2
PUJ1-346.000,0
PUJ1-208.030,0
PUJ1-103.016,1
PUJ1-103.022,1
PUJ1-215.030,2
PUJ1-104.018,0
PUJ1-104.022,0
PUJ1-116.055,2
PUJ1-718.007,1
PUJ1-777.348,1
ROE1-28063,0
ROE1-28111,0
TRA1-1217-33,2
TRA1-606-02,2
TRA1-TR1,6
TRA1-TR10,7
TRA1-TR16,3
TRA1-TR17,3
TRA1-TR6,26
TRA1-TR7,10
TRA1-TR9,2
TRA1-TRB,57
TRA1-TRC,134
TRA1-TRF,13
TRA1-TC15,0
CAM1-90PPCWSC-438,1
TAC1-5066,0
CAM1-18268CLRCW-135,0
CAM1-65CLRCW-135,0
CAM1-ESU214864V4-580,0
CAM1-ESU216072V4-580,0
CTP1-GS-10502-130-WH,12
CAM1-CBU186072V4-580,1
CAM1-36S638-151,0
CAM1-20S318-151,1
CAM1-20S638-151,4
CAM1-30S800-151,2
CTP1-KB-06-100YD-GR,0
PUJ1-398.024,0
PUJ1-251.020,2
PUJ1-251.032,2
PUJ1-143.024,0
CTP1-GS-10825-75-SPS-BK,1
HAM1-6126-650,0
ROE1-1933,1
WNK1-ALE1-10,38
WNK1-ALE1-6,4
WNK1-ALE1-8,12
WNK1-ALE1-12,48
WNK1-KAT1-7,42
WNK1-KAT1-8,54
TAC1-1510,0
TAC1-94,0
CAM1-20PPD-190,0
VOL1-49602,1
TAC1-MG3,2
CAM1-182612P-148,0
DEX1-19683H,0
CAM1-ADC33-131,2
CAM1-1418FF-106,0
CAM1-1418FF-163,250
CAM1-25E4-151,548
CAM1-DRS480-131,11
CAM1-TG12-135,57
WNK1-APO1-15,241
WNK1-APO1-16,129
WNK1-WIN1-29,410
LKK1-KBP001,99
OBE1-C120,14
OBE1-P134,48
OBE1-P130,41
PUJ1-321.024,2
PUJ1-337.060,13
PUJ1-705.024,52
PUJ1-234.116,2
PUJ1-123.040,44
PUJ1-324.013,2
PUJ1-324.016,5
PUJ1-350.435,2
PUJ1-350.740,7
PUJ1-871.000,2
PUJ1-703.016,6
PUJ1-703.032,2
PUJ1-710.030,2
PUJ1-720.008,51
PUJ1-721.006,16
PUJ1-744.035,0
PUJ1-750.045,3
PUJ1-777.540,10
PUJ1-778.060,35
ROB1-Z11000C,0
ROE1-27577,5
ROE1-27588,5
ROE1-27113,2
SIR1-DQ6,6
SIR1-PS10,6
TRA1-402,3
TRA1-TR30,2
TRA1-TRA,252
TRA1-TRC1,302
TRA1-TRE,338
TRA1-TR12,24
VOL1-40642,62
VOL1-49402,270
CAM1-14CW-110,127
TAC1-RAM2RR,6
CAM1-CBPK1864-580,37
TOP1-XDF-5188W,2
CAM1-CBSK2142V1-580,10
PUJ1-311.020,58
CAM1-LT12-427,70
CAM1-CBSK2136V1-580,10
CAM1-CBPK2164-580,21
CAM1-CBU184864V4-580,10
PUJ1-733.000,3
CAM1-HT10CW-196,94
PUJ1-113.050,7
PUJ1-110.202,7
HAM1-98450,5
PUJ1-334.025,1
TOP1-9816-12,0
CAM1-CBU184872V4-580,6
CAM1-BC340KD4SB-480,9
PUJ1-128.432,6
PUJ1-132.355,6
PUJ1-810.012,10
CAM1-GBD101011-110,13
WNK1-ALE1-4,126
WNK1-ALE1-13,78
WNK1-ALE1-3,106
WNK1-ALE1-9,148
WNK1-KAT1-4,56
WNK1-KAT1-10,70
WNK1-KAT1-6,41
WNK1-KAT1-12,19
WNK1-KAT1-9,68
CAM1-WW1000LS-148,34
DEX1-01563R,0
TAC1-RCH41,17
TAC1-8016A-OR,13
TAC1-8032-X,148
TAC1-8032-R,60
DEX1-13463R,5
VOL1-40023,28
VOL1-49302,121
EDL2-B121-3,60
EDL2-S151-3,10
LKK2-B30-04-00,2
BER2-OP-CRB23-FS,5
BER2-CI-LBT,0
BER2-HT-DRY3KW,0
BES2-27291100,0
HAT2-R0208142E00,6
HAT2-R0208139E,8
SIR2-19300208+19300108C,6
SIR2-18250403210,7
LTE2-O2830,2
LKK2-TY50,38
ROL2-D02096,2
ROL2-D02095,11
ROL2-207015,2
ROB2-HC0021,11
HAT2-R0209038,2
SIR2-19530507,2
SIR2-28102206X,0
LKK2-MICRO,0
COG2-229040,6
COG2-140036,3
JTA2-302220011,0
JTA2-301040166,1
JTA2-301030015,1
JTA2-302040263,0
LKK2-KNOB-TI,34
HAM2-6126-750,1
KIT2-3180163,2
BER2-FE-F6-ROHS,5
SIR2-IB52565010,0
ROB2-MC0935,0
MID2-69149,6
SKP2-AM109S0010,0
ROE2-129451,1
ROB2-HC0030,5
SKP2-PM009H0051-N,0
SIR2-19702034,3
SIR2-LF1531080I2,6
JTA2-302220010,0
JTA2-302170041,0
ROL2-D02025,6
NTS2-ESK-10-BT,0
ROB2-MS0565,0
SKP2-HR81410400,0
MBM2-B800003,1
MBM2-B800005,1
SIR2-IV7000600,2
LAC2-457886070,6
LKK2-PCP026,5
LKK2-PCPA01,5
COG2-240018,4
ZAN2-CRIS0027,2
ROL2-D04025,9
ROE2-39755,3
SIR2-19300108C.10,10
MID2-70698,0
NTS2-ESK-10-02,0
SKP2-KR85400300,0
VRM2-AR005-090-TZ001,2
SIR2-MSC09V064,6
SIR2-MSC09V072,6
ROE2-39339,4
CAM2-H06002,0
SIR2-19300209,6
EDL2-B057,6
HAT2-02.30.266.00,3
HAM2-990224701,5
ZAN2-RESI0089,8
ROE2-39348,3
ROE2-89625,2
SIR2-19324102,15
LAC2-915400000,8
LAC2-485923022,0
LAC2-418012028,4
HOU2-30400027,2
LIN2-FC02,3
COG2-226071,2
RAN2-36301046,19
ROL2-D04043SE,30
CAS2-965090000,3
LKK2-IND300-13,6
BER1-BBQ001,3
BER1-DRO6L,0
BER1-CRB3BFS,1
BER1-DDF136,1
BER1-KM2H,2
LKK1-KSQ-6,5
LKK1-MR-2,8
LKK1-JB35,1
HAT1-GRAH18,2
HAT1-HDW-2,2
LIN1-LT4X,4
BER1-SP1,9
JTA1-TT-150,0
JTA1-YXD-4A,0
JTA1-EF-4L-2,0
JTA1-KG-165F,0
ROL1-CO60,5
HAM1-HMI200-CE,0
HAM1-HBH450-CE,0
HAM1-HBF1100S-CE,0
MBM1-MG7G4A77XS,0
LKK1-B20F(K),0
BER1-BS4DU-F-Z-L,1
ROE1-R3D-3000,10
HAM1-HBF510-CE,0
HAM1-HMD400P-CE,0
ROB1-DM31M,0
ROB1-DM31S,0
BER1-SALA22N,2
ROE1-R502E,0
LKK1-B30(K)-220V,0
ROE1-CMP300COMBI,0
COG1-STEELTECH14-00,1
BER1-CB3B,0
WNK1-FP40M,3
LIN1-LD2,4
PUJ1-206.032,0
PUJ1-207.032,3
PUJ1-208.050,1
PUJ1-311.003,4
PUJ1-315.017,0
PUJ1-310.000,0
PUJ1-106.022,1
PUJ1-118.020,0
PUJ1-709.035,9
PUJ1-777.340,2
ROB1-BM4C,2
ROE1-28061,16
ROL1-GES40,6
TRA1-1014-33,0
TRA1-206,3
TRA1-3825-12,6
TRA1-TR4,2
TRA1-509-0505,36
VOL1-40262,1
SAN2-50411,2
HAM2-6126-990,0
ROB2-EC0183,0
LKK2-GLASS,0
ROE2-38150,1
LKK2-TJ32-05,2
EDL2-A026,7
LKK2-THERMOSTAT(KSQ-3),3
ZNS2-049810,0
ZNS2-0L0111,2
COG2-224025,2
JTA2-301040167,2
JTA2-302050017,10
JTA2-302040266,0
JTA1-JZH-TC-2,0
TAC1-RAM3RBK,78
SIR2-FC02144,2
PIT2-PP10101,4
PIT2-60126801-C,5
SKP2-PM009H0051,1
ROE2-27286,0
CTX2-70698,0
ROE2-102480S,2
ROE2-89642,10
SIR2-LF1150010,2
JTA2-302220101,0
SIR2-FC99004002HAL,3
JTA2-301030151,0
MID2-73048,2
TOP1-9860-A,0
MBM2-B800004,0
BER2-BK-12F-N-N,5
LKK1-B40(K),1
ROB1-FR18,1
RTN2-87.01.297,0
LKK2-PCP025A,8
WNK1-NBGN1240-7,24
PUJ1-128.232,5
PUJ1-397.347,3
PUJ1-810.014,5
COG2-65802,2
HAM2-6126-HBF600S,2
TBA1-KSR12-2-LW(750MM),2
TBA1-KSR15-2-LW(750MM),1
JTA2-302100023,0
SIR2-19300107N+SM260102,2
BER1-EG3500HR-17,1
VRM2-R60-59.1Z,0
BER1-GPB6BFS-17,0
TOP1-XDF5188S-S(11M),2
CAM1-18PP-190,2
ROB2-ES0192,2
TBA1-KRF45-4H-LW(800MM),1
ROL2-D04041,5
SIR1-CANOVA275,2
ROE2-39709,0
CAM1-ICS100L-191,3
MID2-62044,6
HOU2-20900026,2
TAC1-8016A-W,11
TAC1-PM1912,3
DEX1-18053,2
SIR2-GM2210200,4
ROB2-TC0037,12
PUJ1-991.012,0
HAT1-GRAH60,6
BER1-KM3B,2
CAM1-1418FF-109,0
CAM1-PSB15-176,1
LIN1-GS3,1
PUJ1-207.024,3
PUJ1-308.030,6
PUJ1-309.050,4
PUJ1-103.018,0
PUJ1-219.020,0
PUJ1-784.035,10
ROE1-27566,11
ROE1-28066,2
ROE1-28067,0
ROE1-28016,1
ROE1-27599,6
ROE1-27511,1
ROE1-27632,4
SIR1-DQ8,2
SIR1-DF1,2
BER1-FSSDF12D,2
JTA1-JZH-RG,1
JTA1-TT-300,0
JTA1-EF-11L-2,1
JTA1-GH-813C,0
JTA1-GH-813B,1
JTA1-EF-T,0
BER1-EG3500-12RFS,6
BER1-OB4GG1BWOH,1
CAM1-ESU186072V4-580,2
PUJ1-850.015,0
BER1-RCS09SB13-2FB,1
ZNS1-372002,0
SKP1-SFT45-2-L,0
MBM1-MG7GFTA777L,0
ROB1-FR111,0
LKK1-B30(K),0
LIN1-650101,1
SIR1-28184032,3
LIN1-HB1,1
BER1-CCS09SB13-2FB,1
DEX1-01563Y,4
TOP1-XDF-5148S-S(5M),2
HOU1-C1.10,0
TAC1-8016A-G,9
TAC1-CB1218WB,0
DEX1-13463C,3
SAN2-50101,2
ROL2-A01017,0
ROE2-27180,4
ROL2-A02015,4
HAT2-0219150,1
HAT2-R0208141,4
WIN2-3113062,6
LKK2-SELECTOR,1
BER2-KN-06,6
LIN2-SW14,6
SIR2-SM260101+SM260102,2
SIR2-SM400108,2
LKK2-SA1,20
ROL2-A16013,4
ROE2-27120,4
SIR2-LF1033001,14
HAT2-X0209259,3
BER2-VA-FC,2
COG2-437080,2
COG2-429073,1
COG2-124057,2
JTA2-301030042,2
SIR2-19563505LG,2
SKP2-PM009H0020,0
KIT2-9705443,1
SIR2-IW1471270044,2
BER2-CD-075,1
SKP2-PM009S0040,1
LTE2-MIX10,2
SIR2-LF1531060I2,12
ROE2-89059,4
ZNS2-0C9635,2
RON2-52874,2
ROE2-49048,2
ROL2-A06011,2
MBM2-RTCP900074,2
SIR2-19410136C.12,0
SKP2-K3F0712201,0
RTN2-50.00.130S,0
RTN2-50.00.176P,0
LKK2-PCP034,10
COG2-65800,2
COG2-77047,2
LKK2-EPZ6-22,1
SIR2-MF2122PS,2
VRM2-AR40PH-604Z,2
VRM2-AR31-174.35Z,2
SKP2-PM009S0030,0
SIR2-19562324.06,2
ZAN2-ELET0204,2
LKK2-CAPACITOR400UF,1
LTE2-MIX1.06,2
LAC2-533795610,2
ROE2-29379,2
HAM2-990050200,2
SIR2-LF2031410,2
ROL2-D02122,4
BER2-64MF260V,8
PIT2-A2510101,2
BES2-23117700,1
COG2-216029,1
ZNS2-0C5247,2
BER2-117U6022,5
COG2-984005,3
COG2-224004,2
COG2-230098,2
COG2-224003,5
COG2-468029,4
HOU2-061246,1
TBA2-G8F5000200,2
TOA2-1952717,2
BER2-SW-B4P-BL,0
SIR2-19530930,2
SIR2-FC02045,2
LKK2-LK-GDO-7,2
BER1-DW311,1
BER1-GG2B12R,0
LKK1-TQ5,1
HAM1-1G91300,6
HAT1-GRFFL,2
LIN1-LBR2,2
ROB1-HP15,2
SIR1-PI3.5,3
JTA1-EB-450,0
SKP1-SRT45-4-L,1
BER1-B2D-C6-L6,0
ROB1-MH16,1
LAC1-CM,2
LAC1-CM-ON-DEMAND,3
JTA1-WM-2,1
ROL1-BML11,1
ROE1-R10E-400-V,2
SKP1-SRT25-1-L,0
SKP1-SUR15-2-L(750-MM),0
ZNS1-372272,0
MBM1-MG7GC477-SC,0
SIR1-TOPAZ250,1
JTA1-JO-E-E61S,0
MBM1-MG7GT77,0
TBA1-KUR12-3D-6-LW(700MM),0
BER1-WBPU10DT-EC,0
LKK1-LK-LEO-36-S,2
HAT1-DL-700SL-BLACK,2
SIR1-TC12-DENVER,2
HAT1-DL-775RL-BCOPPER-W-C,0
SIR1-VISTA-P1-HOT,2
BER1-BS2D-F5-L(750),0
HAT1-DL-775RL-WARM-RED,2
WNK1-APO1-1,19
WNK1-APO1-3,3
WNK1-E8GN1365,0
OBE1-P136,0
PUJ1-208.016,2
PUJ1-208.060,2
PUJ1-219.018,0
PUJ1-350.126,2
PUJ1-350.135,0
PUJ1-350.235,5
PUJ1-716.008,6
PUJ1-781.028,2
PUJ1-784.030,5
ROE1-27621,2
ROE1-28059,0
VOL1-40222,29
VOL1-47060,0
HAM2-20609900000,9
SIR2-MSC04N104,2
SIR2-19702000,7
BER2-DW020,0
LKK2-22,6
RAN2-36404007,16
BER2-HT-ERGT5KW,4
BER2-HT-ERSR5KW,2
ROL2-B07002,7
BER2-C-BJS44,15
WIN2-2707069,3
WIN2-5504024,3
ROB2-TS0003,5
NUO2-02280020,10
SIR2-19562504,2
ROE2-27255,2
RAN2-36404001,30
BER2-BA-C82,12
LKK2-GB276-64-203,3
LKK2-GB276-64,2
LKK2-HG4-692-67,3
HAT2-R020904200,11
HAT2-R0213125,14
HAT2-020924900,2
ROL2-A07012,9
CAM2-60267,12
KIT2-W10600940,0
ZNS2-049600,1
BES2-31613600,2
SIR2-LF1211002,2
JTA2-301040445,0
JTA2-301120011,0
JTA2-301040128,1
ZNS2-0L1973,2
ZNS2-0L1568,5
TBA2-KR81410400,0
WNK1-CD-108(B),2
SIR2-IW1071240200,6
TAC1-A22,103
PUJ1-847.012,0
BES2-35614900,5
BES2-32365300,5
LKK2-CONTACT(LK-PL4-6),0
LKK2-ELEMENT(LK-PL),4
CAM1-EPP3253DIV-110,24
CAM1-CBU185464V4-580,1
CAM1-CBU214864V4-580,8
PUJ1-394.012,3
CAM1-10CW-133,22
TBA2-BR84100100,10
MID2-71037,3
SKP2-PM009H0170,0
TBA2-KR85400400,3
BER2-TM-250,0
LIN1-EB6FX,3
ROB2-HS0025,2
MBM2-A660000310,4
MBM2-RTBF800164,5
VRM2-AR005-027-TD001,4
VRM2-AR30-86.2B,0
RTN2-56.00.166,0
LKK2-PCP037A,2
WNK1-SN1215-PM,5
WNK1-SN1215-GLASS,3
PUJ1-123.240,3
PUJ1-132.340,2
PUJ1-314.300,5
COG2-228012,3
ROE1-39881,2
TBA2-KR23300107,3
MBM2-RTCP800041,2
ROB2-EC0689,0
TOP2-M98E-HSV,2
HOU2-30421088,2
ROE2-117703S,4
ROE2-39742,3
ROE2-39745,2
LAC2-531190310,3
PIT2-P6072145,23
RON2-122775T03,2
HAT2-BO10194,1
COG2-230124,3
COG2-143277,2
CAM1-CBU183072V4-580,6
ROB2-MC1914,2
BER2-SPO-R-C2204032H,0
WNK1-ALE1-7,0
WNK1-BT-235-PM,8
CAM1-96SKRN-135,0
HAT2-X020125800,8
DEX1-01543R,3
BER2-TM-XR30CX-B,0
HAM2-990084400,5
LAC2-4151133429,2
COG2-136020,3
COG2-429038,5
SIR2-19530911,2
COG2-80177,0
COG2-75271,0
COG2-927057,0
COG2-80398C,2
COG2-75169,0
COG2-75171,1
COG2-437041,10
MID2-31432,2
CAM1-EXU214272V5-480,0
TAC1-1866,2
TAC1-N32LPA-W,4
BES2-31015900,0
TAC1-CB1218BRA,2
DEX1-19703Y,1
LKK1-E01-2-GDBLMBB,0
LKK1-E01-2-CPBLMBB,1
ROB2-PC0417,6
LKK1-E01-2-GDWHMBB,1
ROL2-A06044,2
RAN2-36301034,0
RAN2-36301102,3
HAT1-RHW-01,0
PIT1-35C+S,2
JTA1-JUS-RQ-4,1
JTA1-GH-811A,0
JTA1-DR-1,0
TBA1-KRF25-2-L,0
SKP1-SRT25-2-L,1
SKP1-SFT45-4-L,0
LAC1-M27-RE-C2-BLACK,4
LTE1-MIX1.1,0
SKP1-SIM-50A,2
HAT1-DL-725RL-BLACK,2
MBM1-MG7G4F77XS,0
SKP1-SHR15-2-L(750-MM),0
MBM1-MG7GTA77,0
MBM1-MG7EC477-SC,0
BER1-TF24,2
ROB1-HE1800,2
BER1-EG5250-17,2
ROB1-AR5,0
RON1-STM513.A,0
ROE1-BLIXER-5G-230-50-1,2
VRM1-AR40-PHSS-BB,0
ROE1-R402A-230V-50HZ-1PH,2
HAT1-GRSDS-41,0
PIT1-P14,0
CAS1-DIECI-A-1-RED,4
MID1-PS640G-1,0
LKK1-E02-2-CPWHMBB,0
HAM2-31859900000,6
ROL2-D04005,8
BER2-NT-BBQ2,4
LKK2-6000W,0
LTE2-O3870,26
ROL2-A15031,6
ROL2-D02018,0
RAN2-36405002,26
ROB2-TS0002,2
LKK2-TJ12-07,8
HAT2-020925100,2
COG2-226126,8
JTA2-301010169,0
JTA2-301030025,0
BER2-HL-BSP08,4
HAM2-990167240,2
BER2-UNDERSHELF-4,0
CAS2-537060000,5
ZNS2-0C0202,8
ZNS2-056783,5
RON2-125462,10
ZAN2-INTE0037,1
ZAN2-ELET0550,5
ZAN2-RESI0133,4
ROE2-59281,6
HAM2-990205800,8
ROL2-A18008,0
SIR2-19300207+19300107,6
LAC2-534393300,1
HAM2-6126-450-CE,0
BER2-CHER001,5
BER2-GS-551X539C8,10
BER2-GS-158X605D3,6
SIR2-LF2001031,40
RON2-123568,13
VRM2-42RN100-202,0
VRM2-W40P-275,0
VRM2-R60-285,0
TBA2-K2F9000108,10
BER2-TM-EW30-ITY,0
HAM2-990346400,4
ROL2-D02158,4
BES2-22993700,2
NUO2-40200006,4
VRM2-R20-19,0
VRM2-44RN100,0
HOU2-32020003,0
COG2-75133,6
COG2-929172,4
COG2-69870,21
BER2-GS-M1071-CT-413X522,4
MID2-44695,4
BER2-GS-M1071-UR-565X686,7
LKK2-LK-LEO-HEATER-BOILER,1
CAS2-402224000,18
EDL2-A285DC,2
ZAN2-TERM0060,1
LKK2-IND350S-10-OLD,10
BES2-24291600,8
BER2-GS-M1071-UR-565X685,2
ARC1-43317,0
ARC1-62449,5
CAM1-CJ80CW-135,3
CAM1-PSB6-176,4
CAM1-1013CW-152,0
WNK1-APO1-2,4
WNK1-APO1-5,3
WNK1-APO1-9,32
WNK1-APO1-22,37
WNK1-CAFE1-2,14
WNK1-CAFE1-3,20
WNK1-CAFE1-5,6
WNK1-CAFE1-6,0
WNK1-CAFE1-7,0
OBE1-C110,0
OBE1-P620,0
OBE1-P414,0
PUJ1-207.018,0
PUJ1-206.060,2
PUJ1-234.120,0
PUJ1-116.045,0
PUJ1-703.014,1
ROE1-28057,2
ROE1-28058,0
SIR1-DF5,1
CAM1-30PPCWSC-438,1
CTP1-KB-06-100YD-BK,0
CAM1-20PPSC-190,0
PUJ1-859.121,0
CAM1-4SFSP-148,0
CAM1-16S638-119,0
CAM1-16S800-151,0
CAM1-30S1114-151,0
WNK1-SL0004-PM,2
WNK1-RFP-304HF,2
WNK1-RB-180HF,1
WNK1-FB-009-HF,1
WNK1-SL0003-PM,0
WNK1-EM-CP35,7
WNK1-DWWP-48HF,1
PUJ1-128.120,0
CAM1-92PP-190,0
CAM1-RD1200CW-135,0
CAM1-NT8-152,10
PUJ1-343.500,0
CAM1-CBU183664VS4-580,1
WNK1-ALE1-14,7
WNK1-KAT1-2,0
WNK1-KAT1-5,1
CAM1-90PPD-190,0
LKK1-SG530325,1
TAC1-11663K,3
TAC1-3005,1
TAC1-3774R,4
TAC1-RAM1FW,2
TAC1-RAM1FBK,2
CAM1-9RS9-131,1
CAM1-CBU214872-580,3
CAM1-1000CW-152,10
CAM1-1826CBDSP-148,0
CAM1-25E4-184,73
CAM1-40HPD-150,0
CAM1-9E1-184,9
CAM1-LT8-152,38
CAM1-PSB8-176,0
CAM1-46HP-150,16
CAM1-PSB10-176,17
CAM1-1101CW-152,41
CAM1-806CW-152,12
WNK1-APO1-21,38
WNK1-APO1-23,42
WNK1-WIN1-6,30
WNK1-WIN1-32,164
WNK1-PC108-PM,30
WNK1-E8GN16L,3
WNK1-E8GN19150,82
WNK1-E8GN16200,46
HUA1-01-655,409
HUA1-06-655,194
HUA1-08-655,247
HUA1-15-655,97
HUA1-25-655,387
HUA1-29-655,478
HUA1-06-701,604
HUA1-08-701,451
HUA1-18-701,230
HUA1-23-701,470
HUA1-24-701,92
HUA1-27-701,342
OBE1-P210,0
OBE1-P132,0
OBE1-C116,38
OBE1-P412,90
OBE1-P550,35
OBE1-C330-2000028,59
PUJ1-385.026,6
PUJ1-704.030,12
PUJ1-701.016,10
PUJ1-703.028,10
PUJ1-741.035,4
PUJ1-748.050,39
PUJ1-749.060,20
PUJ1-751.060,19
PUJ1-318.040,14
PUJ1-809.008,0
PUJ1-800.035,3
PUJ1-800.040,2
PUJ1-800.055,3
PUJ1-810.016,5
PUJ1-816.015,29
ROE1-27079,6
VOL1-40043,35
VOL1-40243,51
VOL1-40322,150
VOL1-32100,2
TAC1-RAMS4BK,105
CAM1-CBSK1860V1-580,11
CAM1-CBSK1842V1-580,12
CAM1-63CLRHP-150,0
CAM1-ESU213664V4-580,5
CAM1-CBU213664V4-580,10
CAM1-PT1400-110,29
CAM1-CBU244272V4-580,5
ADC1-DG-10LC,8
WNK1-EM-TP35,10
WNK1-NBGN1165-7,11
PUJ1-361.100,0
TOP1-M98E-501SN12,6
CAM1-RD1220CW-135,8
CAM1-PSB18-176,0
LKK1-W-1028,2
LKK1-W-2001,2
WNK1-ALE1-5,78
WNK1-KAT1-1,57
WNK1-KAT1-3,45
CAM1-16E4-151,44
DEX1-13313,6
SAR1-CBG182412BL,73
SAR1-CBG182412GN,53
SAR1-CBG182412RD,70
SAR1-CBG182412WH,58
SAR1-CBG182412YL,68
CAM1-ESU184872-580,3
TAC1-A137,10
DEX1-24173B,2
VOL1-40202,48
VOL1-40362,250
VOL1-40342,10
SAR1-CBG182412BR,61
ARS1-253900,7
ARS1-281904,4
CAM1-44HP-150,73
WNK1-WIN1-18,334
WNK1-WIN1-8,239
WNK1-CD-109,10
WNK1-E8GN1240,13
WNK1-E8GN1340,38
WNK1-CP-060,78
LKK1-RG18-7,4
HUA1-G-03D,114
HUA1-G-14,3
HUA1-G-31,25
KIN1-8039A-27,13
PUJ1-301.014,7
PUJ1-309.040,5
PUJ1-360.100,4
PUJ1-106.035,7
PUJ1-109.040,3
PUJ1-138.024,10
PUJ1-334.200,12
PUJ1-781.026,3
PUJ1-788.025,5
RAN1-DP2,19
ROB1-TC55,5
ROE1-27067,3
ROE1-27080,8
TRA1-TR5,3
VOL1-93200,5
LIN1-LSF-A002,10
PUJ1-118.032,4
TOP1-20106,13
PUJ1-850.011,4
PUJ1-851.040,6
TOP1-9801-P3,3
HAM1-6126-250S-CE,21
CAM1-LD85A-133,28
SIR1-CANOVA250,4
SAR1-CB182412RD,14
SAR1-CBG152012BL,81
SAR1-CBG152012YL,82
LKK1-GFO2C,6
CAS1-DIECI-S-2-TRIFASE-BR,9
SAR1-CB152012WH,22
ROL1-MS-RFE12,3
WNK1-MD-001,11
TAC1-659N,56
DEX1-18173C,11
DEX1-18173G,14
DEX1-31444,6
VOL1-40302,101
VOL1-40182,22
SIR1-CORT-V.RR,7
ROE2-27061,4
HAM2-960020901,16
SAN2-37330,3
HAM2-30869800100,3
HAM2-30889800600,5
HAM2-31809900000,4
BER2-BK-23N,14
LIN2-BA15,5
BER2-BR-SH,3
LKK2-TIMER(EF-101),18
LKK2-KNOB-TI(EF-101),14
BER2-TI-TIMER,4
ROL2-H03002,5
HAT2-0530019,3
WIN2-3113078,3
BER2-FT-KMBL,5
SIR2-19562402,5
LIN2-KN95,3
RAN2-34200110,10
RAN2-10111020,6
LKK2-TC22-17,6
LKK2-TJ12-33,3
HAT2-X0209258,3
LKK2-GB276-64(207),4
LKK2-START-BOTTON(B),3
ZNS2-049901,3
BER2-C-PC2-8,4
HAT2-020119200,5
ROL2-G06053,35
PIT2-PP10594,3
SKP2-PM009H0200,5
SIR2-281532UX,6
BES2-30168500,3
BES2-30168800,6
LTE2-MIX1.01,3
LAC2-973032010,3
SIR2-GM5646210,4
PIT2-60148401,14
PIT2-60128403,5
SKP2-PM008S0071,3
ROL2-F04045,4
SIR2-LF2035862,3
ROE2-89619,4
ROE2-89365,4
BER2-117U5018,3
ZNS2-054593,6
MID2-71771,3
VRM2-AR005-028-TS002,34
LKK2-LK-EDO-17,3
VRM2-AR005-340-TZ001,10
SIR2-19400432,3
SIR2-195102072,3
JTA2-302020078-16,4
VRM2-AR31-174.37,6
PIT2-B8046101,7
SIR2-19564024,6
LTE2-MIX1.07,3
LAC2-2771133838,3
BER2-3ARR3T6AC3,15
BER2-GS-571X539C6,7
BER2-GS-950B6-M,10
ROE2-89531,5
LKK2-RHX-12-23,4
SIR2-19560170,3
SIR2-LF1239401,6
SIR2-19564023,3
SIR2-19390117,5
LAC2-990073000,3
PIT2-PP10263,3
BES2-31187000,6
BES2-22049900,6
LKK2-RHX-36-12,6
HAM2-990069600,4
LIN2-TA23,3
MID2-28041-0008,8
MID2-22011-0013,6
COG2-144010,5
COG2-456040,8
BES2-22037800,10
COG2-437086,3
COG2-124049,3
COG2-216025,4
COG2-456020,6
COG2-206005,3
BER2-HL-FW-O,6
SIR2-19531330,4
SIR2-19562920,6
PIT2-1850405,19
TBA2-KR8A100101,5
TBA2-KF24900100,4
LAC2-610004224,10
SIR2-28110806X,3
LKK2-WGF-31,10
ZAN2-ELET0440,8
HOU2-30421087,6
RAN2-10705960,6
BER2-HL-LG02-630(L&R)3.5,6
HAM2-990151940,3
RAN2-34040149,11
HAT2-020111600,6
HAT2-021210701,4
ADC1-CCB-1520-RD,1
BER1-EG5250,1
BER1-DW211,1
EDL1-395,1
PUJ1-210.018,1
PUJ1-317.280,1
PUJ1-710.026,1
PUJ1-729.035,1
ROL1-WD100,1
SIR1-CREPES-W-O-MOULD,1
BER2-LE-FW-BULD,1
WIN2-3111043,1
RAN2-34200061,1
NUO2-04200043,1
RAN2-34070029,1
LKK2-TJ32-04,1
ROL2-A08005,1
SIR2-IGS407C,1
BER2-CC-CKE-RCS4,1
JTA1-S36-2,1
JTA2-301130047,1
ROE1-R201U-XL,1
ROB1-GT700,1
ROL1-WD780DI,1
ROE2-39849,1
ROE2-49081,1
TAC1-FBN2414,1
BER1-B2D-C5-L6,1
CAM1-CD400-131,1
BER1-OB4GG1BWOL,1
BER1-SP1-HT,1
TOP1-M98E-504SN12,1
PMF2-5P030011,1
SIR1-VORTEX-43VV,1
LIN2-CO112,1
SKP2-PM009H0180,1
JTA2-301030164,1
ROE2-102016S,1
RTN2-40.00.404,1
ROB1-12,1
ROL1-RD600-FI,1
ROL2-H01083,1
ZAN2-ELET0518,1
ROE1-R301,1
ETF2-HC116939,1
RTN2-40.05.269,1
RTN2-44.00.207P,1
RTN2-50.01.146,1
PUJ1-143.026,1
PUJ1-360.000,1
PUJ1-856.000,1
SIR2-LF1013003,1
COG2-456073,1
JTA2-301090061,1
JTA2-301130128,1
LIN1-650102,1
ROE1-28205,1
SKP2-ST25PW0200,1
SKP2-IS4420QTBC-1,1
BER2-CS-BR-B110,1
SIR2-GM4800200,1
SIR2-GM8156500,1
LKK1-TC32,1
ROE2-39056,1
ROB1-HQ900,1
LKK2-LSP520-82,1
ROL1-GR80G,1
SIR2-19562322.06,1
SIR2-19500540,1
SIR2-19534028,1
CAM1-CRPHDG2878,1
BER1-BP30WB,1
SAR1-CB121812WH,1
CAS2-923522020,1
MBM1-MFB74TXS,1
PMF1-GAS-4-GPL,1
WNK1-JD-015,1
ROL2-H01022,1
COG2-143136,1
COG2-75262,1
LKK2-B15(K)-30,1
LKK2-B20-BOWL,1
TBC2-105108,1
CAS1-ENEA-64-AUT-50HZ,1
TAC1-CB1520WA,1
CAS2-3951117886,1
RAN2-10060104,1
ROE2-100638,1
SIR1-EASYVAC25,1
HAM2-990158210,1
TBA1-KF45-4-W,1
ROE1-R402-230V-50HZ-1PH,1
BER1-GG3BFS,0
BER1-BS4DU-C-L,0
LKK1-TR12,0
ROE1-MP350VV,0
SIR1-VORTEX-35,0
BER1-2D-DC-G,0
JTA1-EF-4L,0
JTA1-EP-2,0
JTA1-YXD-06,0
JTA1-YXD-6A,0
JTA1-TM-6,0
SIR1-SO3100-INOX-TF-COLON,0
LKK1-B40,0
JTA1-GH-722,0
MBM1-MG7GF477,0
ZNS1-372029,0
COG1-STEELTECH16-03-60HZ,0
HOU1-KPE1.20-ROLL-IN,0
ZNS1-372003,0
SKP1-SUR18-3-L(750-MM),0
ROL1-CDG400,0
SKP1-SRT25-1G-L,0
MBM1-MG7GPL877G,0
SIR1-W8-70-PAV-BX3,0
MBM1-MG7EF777,0
LIN1-650106,0
ROB1-DM21G,0
MBM1-MG7GF4772V,0
MBM1-MG7E777I,0
MBM1-MG7GFT477LC,0
ROL1-GES75 C,0
JTA1-GH-813EA,0
SIR1-W8-TOP-40-DX-AOR,0
SIR1-PACOJET-II-PLUS,0
HAT1-GRNH-30,0
LKK1-EFO6C,0
SIR1-W8-40-BX,0
HOU1-COMBISLIM-C-1.06,0
MMT1-RMS510TS,0
LKK1-LK-EDO-36,0
HAM1-HMD900-CE,0
COG1-STEELTECH16-03-50-HZ,0
CAM1-18263CW-135,0
LTE1-N4230,0
LTE1-N4244,0
OBE1-C852,0
PUJ1-207.060,0
PUJ1-248.035,0
PUJ1-219.016,0
PUJ1-115.060,0
PUJ1-305.020,0
PUJ1-703.018,0
PUJ1-703.022,0
PUJ1-777.460,0
PUJ1-820.000,0
ROE1-28112,0
VOL1-86103,0
VOL1-8004410,0
VOL1-9002420,0
SAN2-37104,0
SAN2-50415,0
HAM2-31092060001,0
LKK2-B20B-15-16,0
LKK2-B20B-15-7-1,0
RAN2-34011006,0
ROB2-ES0163,0
LIN2-SL15,0
ZAN2-RESI0075,0
BER2-GL-FW50,0
BER2-IC-IK-SW,0
RAN2-10060152,0
LKK2-LSP520-56,0
SIR2-195102025,0
RAN2-69000140,0
HAT2-0503036,0
ROE2-103695,0
JTA2-301010131,0
JTA2-301130004,0
JTA2-302220034,0
BES2-32070800,0
ROL2-A18019,0
ROE2-39474,0
SKP2-PM009H0030,0
TBA2-G8F5000400,0
BER2-NT-FW55,0
JTA2-302020084,0
PMF2-5P030006,0
PUJ1-859.129,0
LIN2-SW57,0
CTP1-GS-10825-75-PP-BK,0
HOU2-304210088,0
JTA2-301020037,0
JTA2-302020055,0
TBA2-K931C0200,0
ZNS1-921018,0
HOU2-30900054,0
IMC2-G45-121,0
RTN2-40.03.257,0
ROE2-104921S,0
PUJ1-143.028,0
PUJ1-305.022,0
PUJ1-603.015,0
CAM1-GBBP151417-110,0
BER2-CS-TM-XR30CX-B-1,0
LTE1-N4200,0
HAM2-990035400,0
CAM1-BC225-191,0
ROE2-501678,0
HAM2-990063601,0
NFZ2-BO10133,0
TOP1-XDF-5148S-S,0
SKP2-HR81021200,0
SIR1-ANNIVERSARIO-LX350RD,0
BER2-TM-EW70-ITY-N,0
EDL1-KR-50G,0
CAM1-1950CT-138,0
DEX1-13582,0
DEX1-32794,0
CAS2-401194010,0
COG2-231014,0
VRM2-R15-17.1,0
VRM2-CE101-170Z,0
VRM2-CE61-170Z,0
VRM2-CE101-172,0
VRM2-CE61-172.2,0
CAM1-200MCH-150,0
CAM1-EPP280RDST-110,0
CAM1-EPPMDB4428-159,0
CAM1-VL2632-A20,0
LKK2-RHX-36-27,0
HOU2-059959,0
SIR2-28112208X,0
COG2-929169,0
LKK2-TJ32-02,0
CAM1-EXU184264VS4-480,0
CAM1-EXU186064VS4-480,0
CAM1-EXU244872VS4-480,0
CAM1-EXU183664VS4-480,0
CAM1-EXU244864V4-480,0
SIR2-28111208X,0
TAC1-3017,0
DEX1-13463Y,0
DEX1-13463T,0
DEX1-31442,0
DEX1-82013,0
NTS1-GPX-110B(03),0
MMT2-58101070,0
MMT2-58121074,0
ETL2-0648807400,0
BER1-SP2,2
EDL1-266,2
WNK1-E8GN12200,2
PUJ1-311.002,2
PUJ1-321.020,2
PUJ1-234.118,2
PUJ1-350.130,2
PUJ1-317.170,2
ROB1-HP1500B,2
ROE1-27048,2
JTA1-LFP-900S,2
SKP1-SIM-300A,2
CAM1-CBU216064V4-580,2
LIN1-LCG,2
PUJ1-118.150,2
SIR1-C-TRONIC-4-VT,2
PUJ1-239.536,2
PUJ1-128.436,2
PUJ1-321.026,2
PUJ1-855.000,2
CAM1-10PPSC-190,2
TBA1-KSR9-1-LW(750MM),2
LIN1-650104,2
LIN1-LBM3W,2
LIN1-BM3AW,2
SIR1-28184021,2
BER1-BS6DU-C-Z-L(770),2
BER1-B2D-C6-L6-SM,2
LAC1-MAGNUM-AUTO-SILVER,2
SIR1-PALLADIO350-AUTO,2
LKK1-LK-LEO-12-S,2
LKK1-GFO6C,2
CAS1-DIECI-A-1-BROWN,2
TAC1-828,2
CAS1-DIECI-S-3-TRIFASE-RE,2
SIR1-TC12-DAKOTA,2
CAM1-CBU216072-580,2
SAN2-37102,2
HAM2-31819900000,2
ROB2-EC0062,2
LKK2-B10-01-19,2
LKK2-B15-20,2
ZAN2-TERM0014,2
CEC2-G111A,2
BER2-MT-ER001,2
BER2-TM-TMT350,2
WIN2-3124185,2
FAG2-R743013,2
SIR2-LF1013005,2
RAN2-33122017,2
RON2-11279,2
ROB2-ES0026,2
ROB2-ES0011,2
LKK2-TJ32-07,2
KIT2-W10307847,2
ZNS2-0L0068,2
SIR2-SM500218,2
BER2-TM-XR20,2
ROB2-EC0187,2
SAN2-33130,2
SAN2-33245,2
COG2-215034-6,2
COG2-230118,2
JTA2-301110037,2
JTA2-301080008,2
SIR2-19336009,2
CTX2-82905,2
COG2-215038,2
LKK2-TC40-62-12,2
BER2-BK-13N,2
BER2-CD-050,2
SIR2-GM5646220,2
LIN2-TH63,2
SKP2-PM008S0072,2
TBA2-KF81530200,2
MID2-54724,2
MID2-35000-1012,2
MID2-60185NEW,2
SIR2-19510251A,2
CMD2-SUPP0684,2
CMD2-VITI0773,2
CMD2-MECC1089,2
CMD2-MECC1090,2
CMD2-SUPP0685,2
ROE2-100062S,2
HOU2-30700068,2
ROE2-101921S,2
ROE2-39795,2
CAS2-968755000,2
CAS2-968757010,2
SIR2-19401566.09,2
ZNS2-051119,2
ZNS2-0C7964,2
SIR2-19513072,2
HOU2-30500394,2
HOU2-30700073,2
HOU2-058205,2
ROE2-119263S,2
SIR2-29561750,2
SIR2-29320151,2
HAT2-050305700,2
ROB2-EC0240,2
ROB2-HC0220,2
VRM2-AR005-078-TD001,2
JTA2-301110144,2
JTA2-302080030,2
JTA2-302110089,2
JTA2-302110695,2
JTA2-301050136,2
MBM2-RTCU600075,2
SIR2-AMC024,2
JTA2-301110028+301150066,2
JTA2-301110514-NEW,2
ROE2-27249,2
HOU2-30500101,2
HAM2-990205600,2
ROE2-39340,2
ROE2-39721,2
SIR2-LF1010090,2
JTA2-301100165,2
SIR2-LF202502201,2
PLX2-BO10212,2
SIR2-GM4206600,2
LAC2-1000091896,2
SIR2-MF40-21000000,2
ROB2-MS0577,2
LKK2-B20F(K)-89,2
MID2-49972,2
ROL2-B03007,2
PMF2-5T010305,2
PMF2-7S010025,2
PMF2-4F050016,2
ASL2-MB50-NV-2-202007,2
ROL2-A05020,2
SIR2-LF029810,2
JTA2-301110033+0019+0066,2
COG2-999135,2
LAC2-4831134635,2
LAC2-4831132932,2
SIR2-SM1901001,2
HAM2-990066300,2
LKK2-6008-2Z,2
BES2-24292000,2
BES2-23063300,2
COG2-80112,2
ROE2-118512,2
ROL2-H01012,2
SIR2-LF142908301,2
HAT2-X021919300,2
CAS2-958816000,2
MID2-35000-1013,2
MID2-36451,2
COG2-80354,2
COG2-236035,2
COG2-229039,2
COG2-236047,2
COG2-104060,2
COG2-107005,2
LKK2-TJ32-06,2
LKK2-B15(K)-23,2
LKK2-B15(K)-24,2
LKK2-B15(K)-25,2
LKK2-B15(K)-26,2
LKK2-B15(K)-31,2
LKK2-B15(K)-57,2
LKK2-B15(K)-83,2
LKK2-B15(K)-94,2
LKK2-B15(K)-101,2
LKK2-B15(K)-29,2
ROB2-MS0576,2
HAT2-02.01.487.00,2
HAT2-R02.01.448.00,2
HAT2-02.01.360.00,2
PIT2-60199601,2
LKK2-JG300-38,2
HAT2-X020928700,2
MID2-31485,2
LKK2-RHX-12-10,2
LKK2-6204,2
HAM2-990106000,2
LKK2-LK-GDO-6,2
