sku,Image Src
NTS1-SN4012,"https://www.sevenfive.co.th/en/files/product/original/PRD175411711837.jpg, https://www.sevenfive.co.th/en/files/product/original/PRD175411711848.jpg"
NTS1-SN4050,"https://www.sevenfive.co.th/en/files/product/original/PRD170937924347.jpg, https://www.sevenfive.co.th/en/files/product/original/PRD175196516725.jpg"
NTS1-SN4220,"https://www.sevenfive.co.th/en/files/product/original/PRD170937926295.jpg, https://www.sevenfive.co.th/en/files/product/original/PRD175411712129.jpg"
NTS1-SN4514,"https://www.sevenfive.co.th/en/files/product/original/PRD170937926642.jpg, https://www.sevenfive.co.th/en/files/product/original/PRD175411712743.jpg"
NTS1-SN5768,"https://www.sevenfive.co.th/en/files/product/original/PRD170937930975.jpg, https://www.sevenfive.co.th/en/files/product/original/PRD175196516889.jpg"
NTS1-SN6047,"https://www.sevenfive.co.th/en/files/product/original/PRD170937934443.jpg, https://www.sevenfive.co.th/en/files/product/original/PRD175196516866.jpg"
NTS1-SN6048,"https://www.sevenfive.co.th/en/files/product/original/PRD170937934412.jpg, https://www.sevenfive.co.th/en/files/product/original/PRD175196516951.jpg"
NTS1-SN6082,"https://www.sevenfive.co.th/en/files/product/original/PRD170937934746.jpg, https://www.sevenfive.co.th/en/files/product/original/PRD175196516976.jpg"
NTS1-SN6083,"https://www.sevenfive.co.th/en/files/product/original/PRD17093793480.jpg, https://www.sevenfive.co.th/en/files/product/original/PRD175196516948.jpg"
NTS1-SN6821,"https://www.sevenfive.co.th/en/files/product/original/PRD175411717630.jpg, https://www.sevenfive.co.th/en/files/product/original/PRD17541171766.jpg"
NTS1-SN6823,"https://www.sevenfive.co.th/en/files/product/original/PRD175411717713.jpg, https://www.sevenfive.co.th/en/files/product/original/PRD175411717729.jpg"
NTS1-SN9222,"https://www.sevenfive.co.th/en/files/product/original/PRD170937938317.jpg, https://www.sevenfive.co.th/en/files/product/original/PRD175196518736.jpg"
NTS1-SNP330-CL,"https://www.sevenfive.co.th/en/files/product/original/PRD170937938580.jpg, https://www.sevenfive.co.th/en/files/product/original/PRD175188002674.jpg"
NTS1-SNP330-RD,"https://www.sevenfive.co.th/en/files/product/original/PRD175411717927.jpg, https://www.sevenfive.co.th/en/files/product/original/PRD175411717933.jpg"
NTS1-SOS-BK,"https://www.sevenfive.co.th/en/files/product/original/PRD175411718087.jpg, https://www.sevenfive.co.th/en/files/product/original/PRD175411718095.jpg"
NTS1-SP-AL-10,"https://www.sevenfive.co.th/en/files/product/original/PRD170937938612.jpg, https://www.sevenfive.co.th/en/files/product/original/PRD175196518973.jpg"
NTS1-SP-AL-14H,"https://www.sevenfive.co.th/en/files/product/original/PRD175411718011.jpg, https://www.sevenfive.co.th/en/files/product/original/PRD175411718066.jpg"
NTS1-SPL-AL-18,"https://www.sevenfive.co.th/en/files/product/original/PRD170937939766.jpg, https://www.sevenfive.co.th/en/files/product/original/PRD175196519157.jpg"
NTS1-SPL-AL-22,"https://www.sevenfive.co.th/en/files/product/original/PRD175411718177.jpg, https://www.sevenfive.co.th/en/files/product/original/PRD175411718178.jpg"
NTS1-SPL-AL-28,"https://www.sevenfive.co.th/en/files/product/original/PRD170937940220.jpg, https://www.sevenfive.co.th/en/files/product/original/PRD175196519294.jpg"
NTS1-SPL-AL-30,"https://www.sevenfive.co.th/en/files/product/original/PRD170937940248.jpg, https://www.sevenfive.co.th/en/files/product/original/PRD175196519270.jpg"
NTS1-STP-AL-32,"https://www.sevenfive.co.th/en/files/product/original/PRD170937948450.jpg, https://www.sevenfive.co.th/en/files/product/original/PRD175196519312.jpg"
NTS1-STRA-D36,"https://www.sevenfive.co.th/en/files/product/original/PRD170937949350.jpg, https://www.sevenfive.co.th/en/files/product/original/PRD175196519468.jpg"
NTS1-TON-A,"https://www.sevenfive.co.th/en/files/product/original/PRD170937949641.jpg, https://www.sevenfive.co.th/en/files/product/original/PRD175196521278.jpg"
NTS1-TRAY-AL103,"https://www.sevenfive.co.th/en/files/product/original/PRD170937949899.jpg, https://www.sevenfive.co.th/en/files/product/original/PRD175188002566.jpg"
NTS1-TTURW-12,"https://www.sevenfive.co.th/en/files/product/original/PRD170937950035.jpg, https://www.sevenfive.co.th/en/files/product/original/PRD175196521337.jpg"
NTS1-TUR-10,"https://www.sevenfive.co.th/en/files/product/original/PRD175411719353.jpg, https://www.sevenfive.co.th/en/files/product/original/PRD175411719399.jpg"
NTS1-WIB-HS1,"https://www.sevenfive.co.th/en/files/product/original/PRD170937952844.jpg, https://www.sevenfive.co.th/en/files/product/original/PRD175196521789.jpg"
NTS1-WIB-VS,"https://www.sevenfive.co.th/en/files/product/original/PRD170937953460.jpg, https://www.sevenfive.co.th/en/files/product/original/PRD175196521893.jpg"
PRC1-KK-RR2821E,"https://www.sevenfive.co.th/en/files/product/original/PRD170937964032.jpg, https://www.sevenfive.co.th/en/files/product/original/PRD170937964089.jpg"
ROB1-Z16065,"https://www.sevenfive.co.th/en/files/product/original/PRD170938000324.jpg, https://www.sevenfive.co.th/en/files/product/original/PRD7508cb9d1b4a31eb6f9b44ba7ecc6380.jpg"
SIR1-STERILIZER-UVA-24W,"https://www.sevenfive.co.th/en/files/product/original/PRDaf30ec5cee5d65026cbef866a4701a8a.jpg, https://www.sevenfive.co.th/en/files/product/original/PRDf998e1cb412c3e2e9006ec9be018446f.jpg"
NTS1-EFM-5L,"https://www.sevenfive.co.th/en/files/product/original/PRD170954569513.jpg, https://www.sevenfive.co.th/en/files/product/original/PRD170954569577.jpg"
NTS1-SSG-40,"https://www.sevenfive.co.th/en/files/product/original/PRD170954570888.jpg, https://www.sevenfive.co.th/en/files/product/original/PRD175196519371.jpg"
NTS1-TAL-36-2,"https://www.sevenfive.co.th/en/files/product/original/PRD170954571096.jpg, https://www.sevenfive.co.th/en/files/product/original/PRD175411718836.jpg, https://www.sevenfive.co.th/en/files/product/original/PRD17541171884.jpg"
NTS1-TAL-45-3,"https://www.sevenfive.co.th/en/files/product/original/PRD170954571047.jpg, https://www.sevenfive.co.th/en/files/product/original/PRD175196519994.jpg"
NTS1-WCS,"https://www.sevenfive.co.th/en/files/product/original/PRD17095457116.jpg, https://www.sevenfive.co.th/en/files/product/original/PRD175196521569.jpg"
LKK2-BA810,"https://www.sevenfive.co.th/en/files/product/original/PRD232e30ac0a6e3d802077675912e8044e.jpg, https://www.sevenfive.co.th/en/files/product/original/PRD3e3f66aaa2e5df7894a852884ba277ca.jpg, https://www.sevenfive.co.th/en/files/product/original/PRD6a9a2847bb63f7b7599cc7d938002425.jpg"
LKK2-BASE-TH(EPZ-2),"https://www.sevenfive.co.th/en/files/product/original/PRDb4ad240f633808484d1f712bd3ee3e7b.jpg, https://www.sevenfive.co.th/en/files/product/original/PRDcc8ab30afc8f93be6dc208c3f79a9749.jpg, https://www.sevenfive.co.th/en/files/product/original/PRDd04e93020557a7208cee5e19134bc11d.jpg"
LKK2-BASKET(EF-061),"https://www.sevenfive.co.th/en/files/product/original/PRD01b2614420121fb638ef1502f990f3cf.jpg, https://www.sevenfive.co.th/en/files/product/original/PRD5e3703c51252eeafa516fdedfa6b0ada.jpg, https://www.sevenfive.co.th/en/files/product/original/PRD704dcb40111ee12bf971e446ceb2823f.jpg"
LKK2-BASKET(EF-171),"https://www.sevenfive.co.th/en/files/product/original/PRD16215951ce4acf27766ad4ac650f909a.jpg, https://www.sevenfive.co.th/en/files/product/original/PRD175585187942.jpg, https://www.sevenfive.co.th/en/files/product/original/PRD175585187953.jpg, https://www.sevenfive.co.th/en/files/product/original/PRD175585188014.jpg, https://www.sevenfive.co.th/en/files/product/original/PRD175653877521.jpg, https://www.sevenfive.co.th/en/files/product/original/PRDe3921db84150310cebd694a5768e9294.jpg"
LKK2-BEARING,"https://www.sevenfive.co.th/en/files/product/original/PRD175585188125.jpg, https://www.sevenfive.co.th/en/files/product/original/PRD175585188284.jpg, https://www.sevenfive.co.th/en/files/product/original/PRD175585188347.jpg, https://www.sevenfive.co.th/en/files/product/original/PRD175653877615.jpg"
LKK2-BEARING(RG30-11),"https://www.sevenfive.co.th/en/files/product/original/PRD175585188088.jpg, https://www.sevenfive.co.th/en/files/product/original/PRD175585188168.jpg, https://www.sevenfive.co.th/en/files/product/original/PRD175653877560.jpg"
LKK2-BELT(B10),"https://www.sevenfive.co.th/en/files/product/original/PRD175585188318.jpg, https://www.sevenfive.co.th/en/files/product/original/PRD175585188496.jpg, https://www.sevenfive.co.th/en/files/product/original/PRD175653877755.jpg"
LKK2-BK50VAI,"https://www.sevenfive.co.th/en/files/product/original/PRD995a1e3d0130b5d5ed1a5ec393f97b78.jpg, https://www.sevenfive.co.th/en/files/product/original/PRDee05acfb201187c6b769517baba31682.jpg, https://www.sevenfive.co.th/en/files/product/original/PRDee1dfbd33c27ea4aa379759c3f6591e3.jpg"
LKK2-BLOWER,"https://www.sevenfive.co.th/en/files/product/original/PRD3c695423fdbf6be510b0b05a4fa4c146.jpg, https://www.sevenfive.co.th/en/files/product/original/PRD93f1a78d3b20ada83a56b5b66215c99d.jpg, https://www.sevenfive.co.th/en/files/product/original/PRDf67146002953685c74adea565ff2f2ac.jpg"
LKK2-BM-5-1500W,"https://www.sevenfive.co.th/en/files/product/original/PRD175585188537.jpg, https://www.sevenfive.co.th/en/files/product/original/PRD175585188582.jpg, https://www.sevenfive.co.th/en/files/product/original/PRD175585188655.jpg, https://www.sevenfive.co.th/en/files/product/original/PRD17565387781.jpg"
LKK2-BOWL,"https://www.sevenfive.co.th/en/files/product/original/PRD175585188721.jpg, https://www.sevenfive.co.th/en/files/product/original/PRD175585188773.jpg, https://www.sevenfive.co.th/en/files/product/original/PRD175585188868.jpg, https://www.sevenfive.co.th/en/files/product/original/PRD175653877855.jpg"
LKK2-BT-200T1-1,"https://www.sevenfive.co.th/en/files/product/original/PRD175585188886.jpg, https://www.sevenfive.co.th/en/files/product/original/PRD175585188965.jpg, https://www.sevenfive.co.th/en/files/product/original/PRD175653877978.jpg, https://www.sevenfive.co.th/en/files/product/original/PRDdf94ee312d7b644c872d1e01a43d899a.jpg"
LKK2-BT-200T1-2,"https://www.sevenfive.co.th/en/files/product/original/PRD17558518905.jpg, https://www.sevenfive.co.th/en/files/product/original/PRD175585189052.jpg, https://www.sevenfive.co.th/en/files/product/original/PRD175585189173.jpg, https://www.sevenfive.co.th/en/files/product/original/PRD175653878093.jpg"
LKK2-BT-200T1-4,"https://www.sevenfive.co.th/en/files/product/original/PRD6a9537ef68cc749ef64636f72f8c40f2.jpg, https://www.sevenfive.co.th/en/files/product/original/PRD745a66564479533ee1838907d5def0e2.jpg, https://www.sevenfive.co.th/en/files/product/original/PRDfe90728b0dd42ea9901cf54694b0760b.jpg"
LKK2-BT-200T1-5,"https://www.sevenfive.co.th/en/files/product/original/PRD1cffa0a7968dc97b010efd2d0493401b.jpg, https://www.sevenfive.co.th/en/files/product/original/PRD336ac3d90badd2ef006e202df13ff829.jpg, https://www.sevenfive.co.th/en/files/product/original/PRDf43ae1059de89c9a2b1e025e460bfa13.jpg"
LKK2-BT-200T1-6,"https://www.sevenfive.co.th/en/files/product/original/PRD25f8f0810326469c3ddaf6740b2993c1.jpg, https://www.sevenfive.co.th/en/files/product/original/PRD2fadeb3c28f752abb2c827c22c0d6784.jpg, https://www.sevenfive.co.th/en/files/product/original/PRDebe46b36e8404344a2aa420acfd201bb.jpg"
LKK2-BTR-CASE,"https://www.sevenfive.co.th/en/files/product/original/PRD175585189222.jpg, https://www.sevenfive.co.th/en/files/product/original/PRD175585189253.jpg, https://www.sevenfive.co.th/en/files/product/original/PRD175585189346.jpg, https://www.sevenfive.co.th/en/files/product/original/PRD175653878098.jpg"
LKK2-CAPACITOR,"https://www.sevenfive.co.th/en/files/product/original/PRD175585189760.jpg, https://www.sevenfive.co.th/en/files/product/original/PRD175585189796.jpg, https://www.sevenfive.co.th/en/files/product/original/PRD175585189855.jpg, https://www.sevenfive.co.th/en/files/product/original/PRD175653878291.jpg"
LKK2-CAPACITOR-25-MF,"https://www.sevenfive.co.th/en/files/product/original/PRD175585189324.jpg, https://www.sevenfive.co.th/en/files/product/original/PRD175585189410.jpg, https://www.sevenfive.co.th/en/files/product/original/PRD175585189474.jpg, https://www.sevenfive.co.th/en/files/product/original/PRD175653878159.jpg"
LKK2-CAPACITOR(B5B),"https://www.sevenfive.co.th/en/files/product/original/PRD175585189548.jpg, https://www.sevenfive.co.th/en/files/product/original/PRD175585189653.jpg, https://www.sevenfive.co.th/en/files/product/original/PRD175585189685.jpg, https://www.sevenfive.co.th/en/files/product/original/PRD175653878172.jpg"
LKK2-CAPACITOR400UF,"https://www.sevenfive.co.th/en/files/product/original/PRD6092e2cd05b5bbced2c24642867181b3.jpg, https://www.sevenfive.co.th/en/files/product/original/PRD9e8ec2df5bfb712ec6f82e39f1a748e6.jpg, https://www.sevenfive.co.th/en/files/product/original/PRDebe6fee08ef563ea8aa327cb1f4934fe.jpg"
LKK2-CCA-H-070K,"https://www.sevenfive.co.th/en/files/product/original/PRD1e9918242cc4db464871087b7b0b4a90.png, https://www.sevenfive.co.th/en/files/product/original/PRD99f872ebd5f046285219e2a6d25e7ae7.png, https://www.sevenfive.co.th/en/files/product/original/PRDe246eebb1e28c7403a2cf95fafd08360.png"
LKK2-CDA-H24PC,"https://www.sevenfive.co.th/en/files/product/original/PRD1ff8564a6cbc4c574f6ec4133c0a3af2.jpg, https://www.sevenfive.co.th/en/files/product/original/PRD55743d2430a2b52337b0dbb5fe69db98.jpg, https://www.sevenfive.co.th/en/files/product/original/PRD5a1662eba6e9ded21c29a7a9bb6d6383.jpg"
LKK2-CHAIN(RG18-7),"https://www.sevenfive.co.th/en/files/product/original/PRD175585190031.jpg, https://www.sevenfive.co.th/en/files/product/original/PRD175585190063.jpg, https://www.sevenfive.co.th/en/files/product/original/PRD175585190147.jpg, https://www.sevenfive.co.th/en/files/product/original/PRD175653878375.jpg"
LKK2-CHAIN(RG-9X),"https://www.sevenfive.co.th/en/files/product/original/PRD175585189888.jpg, https://www.sevenfive.co.th/en/files/product/original/PRD17558518992.jpg, https://www.sevenfive.co.th/en/files/product/original/PRD175585189997.jpg, https://www.sevenfive.co.th/en/files/product/original/PRD175653878213.jpg"
LKK2-CM4803-00-03,"https://www.sevenfive.co.th/en/files/product/original/PRD175585190122.jpg, https://www.sevenfive.co.th/en/files/product/original/PRD17558519022.jpg, https://www.sevenfive.co.th/en/files/product/original/PRD175585190290.jpg, https://www.sevenfive.co.th/en/files/product/original/PRD175653878331.jpg"
LKK2-CM4803-00-13,"https://www.sevenfive.co.th/en/files/product/original/PRD175585190356.jpg, https://www.sevenfive.co.th/en/files/product/original/PRD17558519038.jpg, https://www.sevenfive.co.th/en/files/product/original/PRD175585190468.jpg, https://www.sevenfive.co.th/en/files/product/original/PRD175653878440.jpg"
LKK2-CM4803-10-18,"https://www.sevenfive.co.th/en/files/product/original/PRD175585190535.jpg, https://www.sevenfive.co.th/en/files/product/original/PRD175585190589.jpg, https://www.sevenfive.co.th/en/files/product/original/PRD175585190683.jpg, https://www.sevenfive.co.th/en/files/product/original/PRD175653878463.jpg"
LKK2-CM4803-10-29,"https://www.sevenfive.co.th/en/files/product/original/PRD175585190641.jpg, https://www.sevenfive.co.th/en/files/product/original/PRD175585190749.jpg, https://www.sevenfive.co.th/en/files/product/original/PRD175585190788.jpg, https://www.sevenfive.co.th/en/files/product/original/PRD175653878534.jpg"
LKK2-CM4803-10-72,"https://www.sevenfive.co.th/en/files/product/original/PRD175585190861.jpg, https://www.sevenfive.co.th/en/files/product/original/PRD175585190947.jpg, https://www.sevenfive.co.th/en/files/product/original/PRD175585190981.jpg, https://www.sevenfive.co.th/en/files/product/original/PRD175653878528.jpg"
LKK2-CM4803-40-21,"https://www.sevenfive.co.th/en/files/product/original/PRD175585191015.jpg, https://www.sevenfive.co.th/en/files/product/original/PRD175585191023.jpg, https://www.sevenfive.co.th/en/files/product/original/PRD175585191182.jpg, https://www.sevenfive.co.th/en/files/product/original/PRD175653878651.jpg"
LKK2-CM4803-40-30,"https://www.sevenfive.co.th/en/files/product/original/PRD175585191124.jpg, https://www.sevenfive.co.th/en/files/product/original/PRD175585191213.jpg, https://www.sevenfive.co.th/en/files/product/original/PRD17565387878.jpg"
LKK2-CM4803-60-05,"https://www.sevenfive.co.th/en/files/product/original/PRD175585191254.jpg, https://www.sevenfive.co.th/en/files/product/original/PRD175585191379.jpg, https://www.sevenfive.co.th/en/files/product/original/PRD175653878739.jpg"
LKK2-CM4803-80-34,"https://www.sevenfive.co.th/en/files/product/original/PRD175585191373.jpg, https://www.sevenfive.co.th/en/files/product/original/PRD17558519144.jpg, https://www.sevenfive.co.th/en/files/product/original/PRD175585191576.jpg, https://www.sevenfive.co.th/en/files/product/original/PRD175653878757.jpg"
LKK2-COMBINE-SWITCH,"https://www.sevenfive.co.th/en/files/product/original/PRD175585191524.jpg, https://www.sevenfive.co.th/en/files/product/original/PRD175585191633.jpg, https://www.sevenfive.co.th/en/files/product/original/PRD175585191689.jpg, https://www.sevenfive.co.th/en/files/product/original/PRD175653878848.jpg"
LKK2-CONTACT(LK-PL),"https://www.sevenfive.co.th/en/files/product/original/PRD0ae62a44cfbabb0acdd1cdf12c04d4a4.png, https://www.sevenfive.co.th/en/files/product/original/PRD49299eedf8932caa3d829a8538ca0102.png, https://www.sevenfive.co.th/en/files/product/original/PRDb8305503ffa68169c7d419076862e3c3.png"
LKK2-CONTACTOR,"https://www.sevenfive.co.th/en/files/product/original/PRD354c66717fe12839264d9761c0a4b955.jpg, https://www.sevenfive.co.th/en/files/product/original/PRD367edcac1c4b626992a0e54385ff9ad3.jpg, https://www.sevenfive.co.th/en/files/product/original/PRD9c4565b1285bd12b9bc9ce4c429c5c81.jpg"
LKK2-CONTACTOR-380-V,"https://www.sevenfive.co.th/en/files/product/original/PRD175585191779.jpg, https://www.sevenfive.co.th/en/files/product/original/PRD175585191791.jpg, https://www.sevenfive.co.th/en/files/product/original/PRD175585191891.jpg, https://www.sevenfive.co.th/en/files/product/original/PRD175653878828.jpg"
LKK2-COVER-NUT,"https://www.sevenfive.co.th/en/files/product/original/PRD175585191810.jpg, https://www.sevenfive.co.th/en/files/product/original/PRD175585191919.jpg, https://www.sevenfive.co.th/en/files/product/original/PRD175585191934.jpg, https://www.sevenfive.co.th/en/files/product/original/PRD175653878962.jpg"
LKK2-CUTTER,"https://www.sevenfive.co.th/en/files/product/original/PRD399f7205f703f8f5cae32efed763d541.jpg, https://www.sevenfive.co.th/en/files/product/original/PRD55d2274af92af6a4c047af083cc3c0c8.jpg"
LKK2-CUTTER(TR12),"https://www.sevenfive.co.th/en/files/product/original/PRD175585192025.jpg, https://www.sevenfive.co.th/en/files/product/original/PRD175585192063.jpg, https://www.sevenfive.co.th/en/files/product/original/PRD175653879028.jpg"
LKK2-DA(B40),"https://www.sevenfive.co.th/en/files/product/original/PRD175585192126.jpg, https://www.sevenfive.co.th/en/files/product/original/PRD175585192142.jpg, https://www.sevenfive.co.th/en/files/product/original/PRD175585192214.jpg, https://www.sevenfive.co.th/en/files/product/original/PRD175653879041.jpg"
LKK2-DHDC-PL6,"https://www.sevenfive.co.th/en/files/product/original/PRD035c01f20fa2c9f08172bd2b6525023a.jpg, https://www.sevenfive.co.th/en/files/product/original/PRD400bed7da379cce5678f074421e765ec.jpg"
LKK2-DK-J-Y,"https://www.sevenfive.co.th/en/files/product/original/PRD175585192321.jpg, https://www.sevenfive.co.th/en/files/product/original/PRD175585192323.jpg, https://www.sevenfive.co.th/en/files/product/original/PRD17558519241.jpg, https://www.sevenfive.co.th/en/files/product/original/PRD175653879198.jpg"
LKK2-DOOR-HINGE,"https://www.sevenfive.co.th/en/files/product/original/PRD175585192452.jpg, https://www.sevenfive.co.th/en/files/product/original/PRD175585192540.jpg, https://www.sevenfive.co.th/en/files/product/original/PRD175585192572.jpg, https://www.sevenfive.co.th/en/files/product/original/PRD175653879252.jpg"
LKK2-EHS330#6,"https://www.sevenfive.co.th/en/files/product/original/PRD175585192790.jpg, https://www.sevenfive.co.th/en/files/product/original/PRD175585192814.jpg, https://www.sevenfive.co.th/en/files/product/original/PRD17558519282.jpg, https://www.sevenfive.co.th/en/files/product/original/PRD175653879430.jpg"
LKK2-EHS330#7,"https://www.sevenfive.co.th/en/files/product/original/PRD175585192983.jpg, https://www.sevenfive.co.th/en/files/product/original/PRD175585193020.jpg, https://www.sevenfive.co.th/en/files/product/original/PRD175585193039.jpg, https://www.sevenfive.co.th/en/files/product/original/PRD175653879437.jpg"
LKK2-EHS330#8,"https://www.sevenfive.co.th/en/files/product/original/PRD5d220fd30d7c3585a81c1db129ca04a8.jpg, https://www.sevenfive.co.th/en/files/product/original/PRDbe0e7b4fd0ab1503bbe7e7582a21c2f0.jpg, https://www.sevenfive.co.th/en/files/product/original/PRDd522ca86ce6e42b16c1844ba18f87042.jpg"
LKK2-EHS660#4,"https://www.sevenfive.co.th/en/files/product/original/PRD175585193185.jpg, https://www.sevenfive.co.th/en/files/product/original/PRD175653879584.jpg"
LKK2-EHS660#5,"https://www.sevenfive.co.th/en/files/product/original/PRD175585193113.jpg, https://www.sevenfive.co.th/en/files/product/original/PRD175585193137.jpg, https://www.sevenfive.co.th/en/files/product/original/PRD175585193292.jpg, https://www.sevenfive.co.th/en/files/product/original/PRD175653879589.jpg"
LKK2-EHS660#6,"https://www.sevenfive.co.th/en/files/product/original/PRD175585193292.jpg, https://www.sevenfive.co.th/en/files/product/original/PRD175585193345.jpg, https://www.sevenfive.co.th/en/files/product/original/PRD17558519338.jpg, https://www.sevenfive.co.th/en/files/product/original/PRD175653879633.jpg"
LKK2-ELEMENT(EPZ-2),"https://www.sevenfive.co.th/en/files/product/original/PRD358dd430cac38b527dffe2c873b043cf.jpg, https://www.sevenfive.co.th/en/files/product/original/PRDa68c57e8de386c1f09d8386d9a3be6bc.jpg, https://www.sevenfive.co.th/en/files/product/original/PRDf03ed147a1026dd9502f41623f8a4a5d.jpg"
LKK2-ELEMENT(WF-101),"https://www.sevenfive.co.th/en/files/product/original/PRD175585193425.jpg, https://www.sevenfive.co.th/en/files/product/original/PRD175585193457.jpg, https://www.sevenfive.co.th/en/files/product/original/PRD175585193563.jpg, https://www.sevenfive.co.th/en/files/product/original/PRD175653879644.jpg, https://www.sevenfive.co.th/en/files/product/original/PRD1f98b3ca687b0cdc163add9dee562ffd.jpg, https://www.sevenfive.co.th/en/files/product/original/PRD5b48165660fbdcaf9260b15fdc453aed.jpg, https://www.sevenfive.co.th/en/files/product/original/PRDd7f668e6f80b411abebe1be21265d374.jpg"
LKK2-EPZ-2-40040010,"https://www.sevenfive.co.th/en/files/product/original/PRD175585193515.jpg, https://www.sevenfive.co.th/en/files/product/original/PRD17558519361.jpg, https://www.sevenfive.co.th/en/files/product/original/PRD175653879746.jpg"
LKK2-EPZ6-11,"https://www.sevenfive.co.th/en/files/product/original/PRD175585193643.jpg, https://www.sevenfive.co.th/en/files/product/original/PRD175585193711.jpg, https://www.sevenfive.co.th/en/files/product/original/PRD175585193841.jpg, https://www.sevenfive.co.th/en/files/product/original/PRD175653879710.jpg"
LKK2-EPZ6-2,"https://www.sevenfive.co.th/en/files/product/original/PRD175585194624.jpg, https://www.sevenfive.co.th/en/files/product/original/PRD175585194651.jpg, https://www.sevenfive.co.th/en/files/product/original/PRD175653880016.jpg"
LKK2-EPZ6-22,"https://www.sevenfive.co.th/en/files/product/original/PRD175585193833.jpg, https://www.sevenfive.co.th/en/files/product/original/PRD175585193918.jpg, https://www.sevenfive.co.th/en/files/product/original/PRD17558519396.jpg, https://www.sevenfive.co.th/en/files/product/original/PRD175653879821.jpg"
LKK2-EPZ6-26,"https://www.sevenfive.co.th/en/files/product/original/PRD175585194076.jpg, https://www.sevenfive.co.th/en/files/product/original/PRD175585194083.jpg, https://www.sevenfive.co.th/en/files/product/original/PRD175585194146.jpg, https://www.sevenfive.co.th/en/files/product/original/PRD175653879939.jpg"
LKK2-EPZ6-28,"https://www.sevenfive.co.th/en/files/product/original/PRD01ff6cfc9e7e5003a33ea3ea97ab7cad.jpg, https://www.sevenfive.co.th/en/files/product/original/PRD175585194144.jpg, https://www.sevenfive.co.th/en/files/product/original/PRD175585194232.jpg, https://www.sevenfive.co.th/en/files/product/original/PRD175585194376.jpg, https://www.sevenfive.co.th/en/files/product/original/PRD175653879994.jpg, https://www.sevenfive.co.th/en/files/product/original/PRDa21c41217ca0c137bcf0ca40fcca73f1.jpg"
LKK2-EPZ6-29,"https://www.sevenfive.co.th/en/files/product/original/PRD175585194429.jpg, https://www.sevenfive.co.th/en/files/product/original/PRD175585194469.jpg, https://www.sevenfive.co.th/en/files/product/original/PRD175585194565.jpg, https://www.sevenfive.co.th/en/files/product/original/PRD175653880089.jpg"
LKK2-EPZ6-32,"https://www.sevenfive.co.th/en/files/product/original/PRD17558519479.jpg, https://www.sevenfive.co.th/en/files/product/original/PRD175585194790.jpg, https://www.sevenfive.co.th/en/files/product/original/PRD175585194895.jpg"
LKK2-FB(B10),"https://www.sevenfive.co.th/en/files/product/original/PRD175585194966.jpg, https://www.sevenfive.co.th/en/files/product/original/PRD175585195039.jpg, https://www.sevenfive.co.th/en/files/product/original/PRD175585195127.jpg, https://www.sevenfive.co.th/en/files/product/original/PRD17565388257.jpg"
LKK2-FDMZ125-11,"https://www.sevenfive.co.th/en/files/product/original/PRDa2095f5801c070e6221e60a8822818e3.jpg, https://www.sevenfive.co.th/en/files/product/original/PRDf51b649af686a0be10f86f601203cb08.jpg"
LKK2-FDMZ125-13,"https://www.sevenfive.co.th/en/files/product/original/PRD212f89763ea2409250b3d8599d843fc8.jpg, https://www.sevenfive.co.th/en/files/product/original/PRD50f2a92b3b58735d91bb00d3c19f37e4.jpg, https://www.sevenfive.co.th/en/files/product/original/PRD5ae3cbb7cbb4f29717bd81360bc2b742.jpg"
LKK2-FDMZ125-15,"https://www.sevenfive.co.th/en/files/product/original/PRD3585a606af2f2e0f98bfd9d8a9d8f1ea.jpg, https://www.sevenfive.co.th/en/files/product/original/PRDcab4cc0e6cc0f85a8f51ae4a47985edb.jpg, https://www.sevenfive.co.th/en/files/product/original/PRDfeb1096338fa3b54946ab8bd5edf0bd6.jpg"
LKK2-FDMZ125-17,"https://www.sevenfive.co.th/en/files/product/original/PRD4ef28da5b218d65440899fb27e5385c6.jpg, https://www.sevenfive.co.th/en/files/product/original/PRD6060f70c185ee95108f779d158b9ab59.jpg, https://www.sevenfive.co.th/en/files/product/original/PRDfbd9f3ebece60b68f946e23b8215858f.jpg"
LKK2-FDMZ125-18,"https://www.sevenfive.co.th/en/files/product/original/PRD615e6e19c422262a9c279853db5331fb.jpg, https://www.sevenfive.co.th/en/files/product/original/PRD76edbd45b44e6f437eddc87a8f08b4fd.jpg, https://www.sevenfive.co.th/en/files/product/original/PRDcd939613e8fa272db64d4542d92977e5.jpg"
LKK2-FDMZ150-16,"https://www.sevenfive.co.th/en/files/product/original/PRD1ebd4f9b7c77c54540ace9723fb451a2.jpg, https://www.sevenfive.co.th/en/files/product/original/PRD83af1274d133e9b408b7ed57d70231b2.jpg, https://www.sevenfive.co.th/en/files/product/original/PRDac9e8f168bd13e1c534dce4347fb4f5b.jpg"
LKK2-FDMZ150-19,"https://www.sevenfive.co.th/en/files/product/original/PRD17558519539.jpg, https://www.sevenfive.co.th/en/files/product/original/PRD175585195454.jpg, https://www.sevenfive.co.th/en/files/product/original/PRD175653880193.jpg"
LKK2-FOOT(EPC),"https://www.sevenfive.co.th/en/files/product/original/PRD182adb8783a6f872c3de7b54ae6ed775.jpg, https://www.sevenfive.co.th/en/files/product/original/PRDc2c7549211c8b614a31ebcc30115070f.jpg, https://www.sevenfive.co.th/en/files/product/original/PRDe7503f4cbc1b8fd6eca6dbf6aa71a938.jpg"
LKK2-FOOT(JB35),"https://www.sevenfive.co.th/en/files/product/original/PRD175585195517.jpg, https://www.sevenfive.co.th/en/files/product/original/PRD175585195534.jpg, https://www.sevenfive.co.th/en/files/product/original/PRD175585195693.jpg, https://www.sevenfive.co.th/en/files/product/original/PRD175653880178.jpg"
LKK2-FUSE-16A,"https://www.sevenfive.co.th/en/files/product/original/PRD175585195727.jpg, https://www.sevenfive.co.th/en/files/product/original/PRD175585195796.jpg, https://www.sevenfive.co.th/en/files/product/original/PRD175585195895.jpg, https://www.sevenfive.co.th/en/files/product/original/PRD17565388020.jpg"
LKK2-FUSE-2-A,"https://www.sevenfive.co.th/en/files/product/original/PRD175585195957.jpg, https://www.sevenfive.co.th/en/files/product/original/PRD175585195962.jpg, https://www.sevenfive.co.th/en/files/product/original/PRD175585196286.jpg, https://www.sevenfive.co.th/en/files/product/original/PRD175653880270.jpg"
LKK2-FUSE-HOLDER,"https://www.sevenfive.co.th/en/files/product/original/PRD175585196543.jpg, https://www.sevenfive.co.th/en/files/product/original/PRD175585196550.jpg, https://www.sevenfive.co.th/en/files/product/original/PRD175585196621.jpg, https://www.sevenfive.co.th/en/files/product/original/PRD175653880276.jpg"
LKK2-GASINLET,"https://www.sevenfive.co.th/en/files/product/original/PRD71073e72c4d64d6bef9a7811bbf2c2ce.jpg, https://www.sevenfive.co.th/en/files/product/original/PRDcd4e4940892ef5c1c5dcf89f63a2e809.jpg, https://www.sevenfive.co.th/en/files/product/original/PRDec2cc59da4125d981e3bdb0dbc416676.jpg"
LKK2-GB1096-79,"https://www.sevenfive.co.th/en/files/product/original/PRDabfe17909aa2792a529209d8c8220c57.jpg, https://www.sevenfive.co.th/en/files/product/original/PRDcb54f83724ad818b3b3c5b6aec2237fa.jpg"
LKK2-GB1171-74(HS20),"https://www.sevenfive.co.th/en/files/product/original/PRD27b455d8c950956d1bacb8569dcc6a9c.jpg, https://www.sevenfive.co.th/en/files/product/original/PRD3a3d2e9d1e821774f33da2de831c4809.jpg"
LKK2-GB1171-74(TQ5),"https://www.sevenfive.co.th/en/files/product/original/PRD175585196788.jpg, https://www.sevenfive.co.th/en/files/product/original/PRD175585196845.jpg, https://www.sevenfive.co.th/en/files/product/original/PRD175653880373.jpg"
LKK2-GB1243.1-83,"https://www.sevenfive.co.th/en/files/product/original/PRD175585197322.jpg, https://www.sevenfive.co.th/en/files/product/original/PRD175585197449.jpg, https://www.sevenfive.co.th/en/files/product/original/PRD175585197492.jpg, https://www.sevenfive.co.th/en/files/product/original/PRD175653880599.jpg"
TOP1-9816,"https://www.sevenfive.co.th/en/files/product/original/PRD12cec48c7b6a615b901f116e73e9ca11.jpg, https://www.sevenfive.co.th/en/files/product/original/PRD175291884278.jpg"
TOP1-9860-C,"https://www.sevenfive.co.th/en/files/product/original/PRD43bf2e66273a80f561f5d89e7f408f51.jpg, https://www.sevenfive.co.th/en/files/product/original/PRDa5b4b82af525b8b77410bb6a5c9c736b.jpg"
TOP1-M98E-501SG03,"https://www.sevenfive.co.th/en/files/product/original/PRD419ffc2be7a36d2c9465ca568ce989b0.jpg, https://www.sevenfive.co.th/en/files/product/original/PRD420c2d1641ad54600cfa1b013ea14c5f.jpg"
TOP2-00098-10,"https://www.sevenfive.co.th/en/files/product/original/PRD175375439647.jpg, https://www.sevenfive.co.th/en/files/product/original/PRD175522662826.jpg, https://www.sevenfive.co.th/en/files/product/original/PRD175522662852.jpg, https://www.sevenfive.co.th/en/files/product/original/PRD175522663259.jpg, https://www.sevenfive.co.th/en/files/product/original/PRD175522663265.jpg, https://www.sevenfive.co.th/en/files/product/original/PRD175522663526.jpg, https://www.sevenfive.co.th/en/files/product/original/PRD175522663573.jpg"
TOP2-00098-20,"https://www.sevenfive.co.th/en/files/product/original/PRD175411537314.jpg, https://www.sevenfive.co.th/en/files/product/original/PRD175411537482.jpg, https://www.sevenfive.co.th/en/files/product/original/PRD175522663849.jpg, https://www.sevenfive.co.th/en/files/product/original/PRD175522663896.jpg, https://www.sevenfive.co.th/en/files/product/original/PRD175522664014.jpg, https://www.sevenfive.co.th/en/files/product/original/PRD175522664032.jpg, https://www.sevenfive.co.th/en/files/product/original/PRD175522664043.jpg, https://www.sevenfive.co.th/en/files/product/original/PRD175522664117.jpg, https://www.sevenfive.co.th/en/files/product/original/PRD17552266413.jpg, https://www.sevenfive.co.th/en/files/product/original/PRD175522664360.jpg, https://www.sevenfive.co.th/en/files/product/original/PRD17552266437.jpg"
TOP2-00098-30,"https://www.sevenfive.co.th/en/files/product/original/PRD17541153741.jpg, https://www.sevenfive.co.th/en/files/product/original/PRD175411537577.jpg, https://www.sevenfive.co.th/en/files/product/original/PRD175411537613.jpg, https://www.sevenfive.co.th/en/files/product/original/PRD175522664258.jpg, https://www.sevenfive.co.th/en/files/product/original/PRD17552266426.jpg, https://www.sevenfive.co.th/en/files/product/original/PRD175522664462.jpg, https://www.sevenfive.co.th/en/files/product/original/PRD175522664494.jpg, https://www.sevenfive.co.th/en/files/product/original/PRD175522664611.jpg, https://www.sevenfive.co.th/en/files/product/original/PRD175522664624.jpg, https://www.sevenfive.co.th/en/files/product/original/PRD175522664639.jpg, https://www.sevenfive.co.th/en/files/product/original/PRD175522664676.jpg, https://www.sevenfive.co.th/en/files/product/original/PRD175522664964.jpg, https://www.sevenfive.co.th/en/files/product/original/PRD175522664979.jpg"
TOP2-30200075,"https://www.sevenfive.co.th/en/files/product/original/PRD175411537673.jpg, https://www.sevenfive.co.th/en/files/product/original/PRD175411537729.jpg, https://www.sevenfive.co.th/en/files/product/original/PRD175522665312.jpg, https://www.sevenfive.co.th/en/files/product/original/PRD17552266538.jpg, https://www.sevenfive.co.th/en/files/product/original/PRD17552266551.jpg, https://www.sevenfive.co.th/en/files/product/original/PRD175522665528.jpg, https://www.sevenfive.co.th/en/files/product/original/PRD175522665576.jpg"
TOP2-30300173,"https://www.sevenfive.co.th/en/files/product/original/PRD175411537786.jpg, https://www.sevenfive.co.th/en/files/product/original/PRD175411537823.jpg, https://www.sevenfive.co.th/en/files/product/original/PRD175411537827.jpg, https://www.sevenfive.co.th/en/files/product/original/PRD175411537960.jpg, https://www.sevenfive.co.th/en/files/product/original/PRD175522665840.jpg, https://www.sevenfive.co.th/en/files/product/original/PRD17552266585.jpg, https://www.sevenfive.co.th/en/files/product/original/PRD175522665861.jpg, https://www.sevenfive.co.th/en/files/product/original/PRD175522666086.jpg, https://www.sevenfive.co.th/en/files/product/original/PRD175522666087.jpg, https://www.sevenfive.co.th/en/files/product/original/PRD175522666117.jpg, https://www.sevenfive.co.th/en/files/product/original/PRD175522666137.jpg, https://www.sevenfive.co.th/en/files/product/original/PRD175522666243.jpg, https://www.sevenfive.co.th/en/files/product/original/PRD175522666316.jpg, https://www.sevenfive.co.th/en/files/product/original/PRD175522666345.jpg, https://www.sevenfive.co.th/en/files/product/original/PRD175522666633.jpg, https://www.sevenfive.co.th/en/files/product/original/PRD175522666664.jpg"
TOP2-30300223,"https://www.sevenfive.co.th/en/files/product/original/PRD17541153802.jpg, https://www.sevenfive.co.th/en/files/product/original/PRD175411538049.jpg, https://www.sevenfive.co.th/en/files/product/original/PRD175411538182.jpg, https://www.sevenfive.co.th/en/files/product/original/PRD175522666322.jpg, https://www.sevenfive.co.th/en/files/product/original/PRD175522666361.jpg, https://www.sevenfive.co.th/en/files/product/original/PRD175522666522.jpg, https://www.sevenfive.co.th/en/files/product/original/PRD175522666591.jpg, https://www.sevenfive.co.th/en/files/product/original/PRD175522666760.jpg, https://www.sevenfive.co.th/en/files/product/original/PRD175522666772.jpg, https://www.sevenfive.co.th/en/files/product/original/PRD175522666921.jpg, https://www.sevenfive.co.th/en/files/product/original/PRD175522666926.jpg, https://www.sevenfive.co.th/en/files/product/original/PRD175522666935.jpg, https://www.sevenfive.co.th/en/files/product/original/PRD175522666946.jpg"
TOP2-30600010-11-21,"https://www.sevenfive.co.th/en/files/product/original/PRD175411538191.jpg, https://www.sevenfive.co.th/en/files/product/original/PRD175411538252.jpg, https://www.sevenfive.co.th/en/files/product/original/PRD175522667232.jpg, https://www.sevenfive.co.th/en/files/product/original/PRD175522667235.jpg, https://www.sevenfive.co.th/en/files/product/original/PRD175522667261.jpg, https://www.sevenfive.co.th/en/files/product/original/PRD175522667274.jpg, https://www.sevenfive.co.th/en/files/product/original/PRD175522667679.jpg, https://www.sevenfive.co.th/en/files/product/original/PRD175522667944.jpg, https://www.sevenfive.co.th/en/files/product/original/PRD175522667945.jpg, https://www.sevenfive.co.th/en/files/product/original/PRD175522667960.jpg"
TOP2-31300011,"https://www.sevenfive.co.th/en/files/product/original/PRD175411539413.jpg, https://www.sevenfive.co.th/en/files/product/original/PRD175411539778.jpg, https://www.sevenfive.co.th/en/files/product/original/PRD175522669495.jpg, https://www.sevenfive.co.th/en/files/product/original/PRD175522669557.jpg, https://www.sevenfive.co.th/en/files/product/original/PRD175522669592.jpg"
TOP2-9816MALE2ZT-02,"https://www.sevenfive.co.th/en/files/product/original/PRD175411541186.jpg, https://www.sevenfive.co.th/en/files/product/original/PRD175411541210.jpg, https://www.sevenfive.co.th/en/files/product/original/PRD175411541235.jpg, https://www.sevenfive.co.th/en/files/product/original/PRD175411541349.jpg, https://www.sevenfive.co.th/en/files/product/original/PRD175411541487.jpg, https://www.sevenfive.co.th/en/files/product/original/PRD175522673849.jpg, https://www.sevenfive.co.th/en/files/product/original/PRD175522673857.jpg, https://www.sevenfive.co.th/en/files/product/original/PRD175522673866.jpg, https://www.sevenfive.co.th/en/files/product/original/PRD175522674054.jpg, https://www.sevenfive.co.th/en/files/product/original/PRD17552267406.jpg, https://www.sevenfive.co.th/en/files/product/original/PRD175522674242.jpg, https://www.sevenfive.co.th/en/files/product/original/PRD175522674488.jpg, https://www.sevenfive.co.th/en/files/product/original/PRD175522674734.jpg"
TOP2-98-HD,"https://www.sevenfive.co.th/en/files/product/original/PRD175411540244.jpg, https://www.sevenfive.co.th/en/files/product/original/PRD175411540288.jpg, https://www.sevenfive.co.th/en/files/product/original/PRD175522670439.jpg, https://www.sevenfive.co.th/en/files/product/original/PRD175522670447.jpg, https://www.sevenfive.co.th/en/files/product/original/PRD175522670618.jpg, https://www.sevenfive.co.th/en/files/product/original/PRD175522670864.jpg, https://www.sevenfive.co.th/en/files/product/original/PRD175522670868.jpg"
TOP2-98-HD-H,"https://www.sevenfive.co.th/en/files/product/original/PRD175411540091.jpg, https://www.sevenfive.co.th/en/files/product/original/PRD17541154011.jpg, https://www.sevenfive.co.th/en/files/product/original/PRD175522670084.jpg, https://www.sevenfive.co.th/en/files/product/original/PRD175522670683.jpg"
TOP2-98-HTF,"https://www.sevenfive.co.th/en/files/product/original/PRD175375439651.jpg, https://www.sevenfive.co.th/en/files/product/original/PRD175522671024.jpg, https://www.sevenfive.co.th/en/files/product/original/PRD175522671134.jpg, https://www.sevenfive.co.th/en/files/product/original/PRD175522671340.jpg, https://www.sevenfive.co.th/en/files/product/original/PRD176759302637.jpg, https://www.sevenfive.co.th/en/files/product/original/PRD176759302656.jpg"
TOP2-98-PP,"https://www.sevenfive.co.th/en/files/product/original/PRD17537543978.jpg, https://www.sevenfive.co.th/en/files/product/original/PRD175522671357.jpg, https://www.sevenfive.co.th/en/files/product/original/PRD175522671365.jpg, https://www.sevenfive.co.th/en/files/product/original/PRD175522671368.jpg, https://www.sevenfive.co.th/en/files/product/original/PRD175522671432.jpg"
TOP2-98-SP,"https://www.sevenfive.co.th/en/files/product/original/PRD175411540353.jpg, https://www.sevenfive.co.th/en/files/product/original/PRD175411540393.jpg, https://www.sevenfive.co.th/en/files/product/original/PRD175522671535.jpg, https://www.sevenfive.co.th/en/files/product/original/PRD175522671574.jpg, https://www.sevenfive.co.th/en/files/product/original/PRD175522671728.jpg, https://www.sevenfive.co.th/en/files/product/original/PRD175522671734.jpg, https://www.sevenfive.co.th/en/files/product/original/PRD175522671779.jpg, https://www.sevenfive.co.th/en/files/product/original/PRD175522671789.jpg, https://www.sevenfive.co.th/en/files/product/original/PRD175522671827.jpg, https://www.sevenfive.co.th/en/files/product/original/PRD175522671862.jpg"
TOP2-98-SV,"https://www.sevenfive.co.th/en/files/product/original/PRD175411540722.jpg, https://www.sevenfive.co.th/en/files/product/original/PRD175411540813.jpg, https://www.sevenfive.co.th/en/files/product/original/PRD175411540857.jpg, https://www.sevenfive.co.th/en/files/product/original/PRD175522672268.jpg, https://www.sevenfive.co.th/en/files/product/original/PRD175522672270.jpg, https://www.sevenfive.co.th/en/files/product/original/PRD175522672298.jpg, https://www.sevenfive.co.th/en/files/product/original/PRD175522672486.jpg, https://www.sevenfive.co.th/en/files/product/original/PRD175522672632.jpg"
TOP2-98-SVH,"https://www.sevenfive.co.th/en/files/product/original/PRD175411540496.jpg, https://www.sevenfive.co.th/en/files/product/original/PRD175411540497.jpg, https://www.sevenfive.co.th/en/files/product/original/PRD175411540513.jpg, https://www.sevenfive.co.th/en/files/product/original/PRD175411540579.jpg, https://www.sevenfive.co.th/en/files/product/original/PRD175411540633.jpg, https://www.sevenfive.co.th/en/files/product/original/PRD175411540671.jpg, https://www.sevenfive.co.th/en/files/product/original/PRD17552267181.jpg, https://www.sevenfive.co.th/en/files/product/original/PRD17552267188.jpg, https://www.sevenfive.co.th/en/files/product/original/PRD175522672021.jpg, https://www.sevenfive.co.th/en/files/product/original/PRD175522672042.jpg, https://www.sevenfive.co.th/en/files/product/original/PRD175522672084.jpg, https://www.sevenfive.co.th/en/files/product/original/PRD17552267220.jpg, https://www.sevenfive.co.th/en/files/product/original/PRD175522672231.jpg, https://www.sevenfive.co.th/en/files/product/original/PRD175522672318.jpg, https://www.sevenfive.co.th/en/files/product/original/PRD175522672375.jpg, https://www.sevenfive.co.th/en/files/product/original/PRD175522672541.jpg, https://www.sevenfive.co.th/en/files/product/original/PRD175522672593.jpg"
TOP2-98-V,"https://www.sevenfive.co.th/en/files/product/original/PRD0f51d50582cc38734e15c2a3b3397559.jpg, https://www.sevenfive.co.th/en/files/product/original/PRD175411540935.jpg, https://www.sevenfive.co.th/en/files/product/original/PRD175411540974.jpg, https://www.sevenfive.co.th/en/files/product/original/PRD175411541046.jpg, https://www.sevenfive.co.th/en/files/product/original/PRD175522672479.jpg, https://www.sevenfive.co.th/en/files/product/original/PRD175522672670.jpg, https://www.sevenfive.co.th/en/files/product/original/PRD17552267291.jpg, https://www.sevenfive.co.th/en/files/product/original/PRD175522672910.jpg, https://www.sevenfive.co.th/en/files/product/original/PRD175522672953.jpg, https://www.sevenfive.co.th/en/files/product/original/PRD175522673146.jpg, https://www.sevenfive.co.th/en/files/product/original/PRD175522673157.jpg, https://www.sevenfive.co.th/en/files/product/original/PRD175522673337.jpg, https://www.sevenfive.co.th/en/files/product/original/PRD175522673482.jpg, https://www.sevenfive.co.th/en/files/product/original/PRD34528c4f8e47c29c98089955c29ccb6a.jpg, https://www.sevenfive.co.th/en/files/product/original/PRD71b11372747aa3cdb32fe8776dbab54b.jpg, https://www.sevenfive.co.th/en/files/product/original/PRD88520dd72b74d72e3f4e09eaf7d51051.jpg"
TOP2-98-WB,"https://www.sevenfive.co.th/en/files/product/original/PRD175411541057.jpg, https://www.sevenfive.co.th/en/files/product/original/PRD175411541189.jpg, https://www.sevenfive.co.th/en/files/product/original/PRD17552267327.jpg, https://www.sevenfive.co.th/en/files/product/original/PRD175522673531.jpg, https://www.sevenfive.co.th/en/files/product/original/PRD175522673570.jpg, https://www.sevenfive.co.th/en/files/product/original/PRD175522673742.jpg"
TOP2-FV-001,"https://www.sevenfive.co.th/en/files/product/original/PRD175411541523.jpg, https://www.sevenfive.co.th/en/files/product/original/PRD175411541623.jpg, https://www.sevenfive.co.th/en/files/product/original/PRD175411541640.jpg, https://www.sevenfive.co.th/en/files/product/original/PRD175522674934.jpg, https://www.sevenfive.co.th/en/files/product/original/PRD175522675117.jpg, https://www.sevenfive.co.th/en/files/product/original/PRD175522675168.jpg, https://www.sevenfive.co.th/en/files/product/original/PRD175522675278.jpg"
TOP2-HS098-01,"https://www.sevenfive.co.th/en/files/product/original/PRD175411541718.jpg, https://www.sevenfive.co.th/en/files/product/original/PRD17541154174.jpg, https://www.sevenfive.co.th/en/files/product/original/PRD175522675292.jpg, https://www.sevenfive.co.th/en/files/product/original/PRD175522675354.jpg, https://www.sevenfive.co.th/en/files/product/original/PRD175522675359.jpg, https://www.sevenfive.co.th/en/files/product/original/PRD175522675382.jpg, https://www.sevenfive.co.th/en/files/product/original/PRD175522675439.jpg"
TOP2-M0098SV-065G,"https://www.sevenfive.co.th/en/files/product/original/PRD175522675823.jpg, https://www.sevenfive.co.th/en/files/product/original/PRD175522675833.jpg"
TOP2-M0098SV1-124G,"https://www.sevenfive.co.th/en/files/product/original/PRD175411542237.jpg, https://www.sevenfive.co.th/en/files/product/original/PRD175411542294.jpg, https://www.sevenfive.co.th/en/files/product/original/PRD175411542345.jpg, https://www.sevenfive.co.th/en/files/product/original/PRD175411542384.jpg, https://www.sevenfive.co.th/en/files/product/original/PRD175522676895.jpg, https://www.sevenfive.co.th/en/files/product/original/PRD175522676910.jpg, https://www.sevenfive.co.th/en/files/product/original/PRD175522676918.jpg, https://www.sevenfive.co.th/en/files/product/original/PRD175522676936.jpg, https://www.sevenfive.co.th/en/files/product/original/PRD175522676953.jpg, https://www.sevenfive.co.th/en/files/product/original/PRD17552267710.jpg, https://www.sevenfive.co.th/en/files/product/original/PRD175522677213.jpg"
TOP2-M0098SV-124G,"https://www.sevenfive.co.th/en/files/product/original/PRD175411542046.jpg, https://www.sevenfive.co.th/en/files/product/original/PRD175411542065.jpg, https://www.sevenfive.co.th/en/files/product/original/PRD175411542125.jpg, https://www.sevenfive.co.th/en/files/product/original/PRD175522676153.jpg, https://www.sevenfive.co.th/en/files/product/original/PRD175522676185.jpg, https://www.sevenfive.co.th/en/files/product/original/PRD175522676338.jpg, https://www.sevenfive.co.th/en/files/product/original/PRD17552267634.jpg, https://www.sevenfive.co.th/en/files/product/original/PRD175522676355.jpg, https://www.sevenfive.co.th/en/files/product/original/PRD175522676540.jpg, https://www.sevenfive.co.th/en/files/product/original/PRD175522676555.jpg"
TOP2-M98E-CC04,"https://www.sevenfive.co.th/en/files/product/original/PRD175522677746.jpg, https://www.sevenfive.co.th/en/files/product/original/PRD175522677839.jpg, https://www.sevenfive.co.th/en/files/product/original/PRD175522677956.jpg, https://www.sevenfive.co.th/en/files/product/original/PRD175522677998.jpg, https://www.sevenfive.co.th/en/files/product/original/PRD175522678062.jpg, https://www.sevenfive.co.th/en/files/product/original/PRD175522678099.jpg, https://www.sevenfive.co.th/en/files/product/original/PRD175522678167.jpg"
TOP2-M98E-CC04-C,"https://www.sevenfive.co.th/en/files/product/original/PRD175411542447.jpg, https://www.sevenfive.co.th/en/files/product/original/PRD175411542519.jpg, https://www.sevenfive.co.th/en/files/product/original/PRD175411542565.jpg, https://www.sevenfive.co.th/en/files/product/original/PRD175522677133.jpg, https://www.sevenfive.co.th/en/files/product/original/PRD175522677154.jpg, https://www.sevenfive.co.th/en/files/product/original/PRD175522677164.jpg, https://www.sevenfive.co.th/en/files/product/original/PRD175522677334.jpg, https://www.sevenfive.co.th/en/files/product/original/PRD175522677380.jpg, https://www.sevenfive.co.th/en/files/product/original/PRD175522677399.jpg, https://www.sevenfive.co.th/en/files/product/original/PRD175522677416.jpg, https://www.sevenfive.co.th/en/files/product/original/PRD175522677454.jpg, https://www.sevenfive.co.th/en/files/product/original/PRD17552267747.jpg, https://www.sevenfive.co.th/en/files/product/original/PRD175522677513.jpg, https://www.sevenfive.co.th/en/files/product/original/PRD175522677612.jpg, https://www.sevenfive.co.th/en/files/product/original/PRD175522677646.jpg, https://www.sevenfive.co.th/en/files/product/original/PRD175522677648.jpg, https://www.sevenfive.co.th/en/files/product/original/PRD17552267771.jpg, https://www.sevenfive.co.th/en/files/product/original/PRD175522677746.jpg"
TOP2-M98E-H,"https://www.sevenfive.co.th/en/files/product/original/PRD176759302712.jpg, https://www.sevenfive.co.th/en/files/product/original/PRD176759302742.jpg, https://www.sevenfive.co.th/en/files/product/original/PRD176759302777.jpg, https://www.sevenfive.co.th/en/files/product/original/PRD327ee697d1b163a740a3c88f8cf9a3a0.jpg"
TOP2-M98E-HD03,"https://www.sevenfive.co.th/en/files/product/original/PRD175411542677.jpg, https://www.sevenfive.co.th/en/files/product/original/PRD175411542730.jpg, https://www.sevenfive.co.th/en/files/product/original/PRD175522678137.jpg, https://www.sevenfive.co.th/en/files/product/original/PRD175522678336.jpg, https://www.sevenfive.co.th/en/files/product/original/PRD175522678352.jpg"
TOP2-M98E-HSV,"https://www.sevenfive.co.th/en/files/product/original/PRD175411542736.jpg, https://www.sevenfive.co.th/en/files/product/original/PRD175411542893.jpg, https://www.sevenfive.co.th/en/files/product/original/PRD175411542921.jpg, https://www.sevenfive.co.th/en/files/product/original/PRD175411543036.jpg, https://www.sevenfive.co.th/en/files/product/original/PRD175522678439.jpg, https://www.sevenfive.co.th/en/files/product/original/PRD17552267847.jpg, https://www.sevenfive.co.th/en/files/product/original/PRD175522678483.jpg, https://www.sevenfive.co.th/en/files/product/original/PRD175522678619.jpg, https://www.sevenfive.co.th/en/files/product/original/PRD17552267863.jpg, https://www.sevenfive.co.th/en/files/product/original/PRD175522678633.jpg, https://www.sevenfive.co.th/en/files/product/original/PRD17552267881.jpg, https://www.sevenfive.co.th/en/files/product/original/PRD175522678862.jpg, https://www.sevenfive.co.th/en/files/product/original/PRD175522679043.jpg, https://www.sevenfive.co.th/en/files/product/original/PRD175522679075.jpg, https://www.sevenfive.co.th/en/files/product/original/PRD175522679365.jpg"
TOP2-MS-012S-009,"https://www.sevenfive.co.th/en/files/product/original/PRD175375439717.jpg, https://www.sevenfive.co.th/en/files/product/original/PRD175522678955.jpg"
TOP2-MS-012S-010,"https://www.sevenfive.co.th/en/files/product/original/PRD17541154301.jpg, https://www.sevenfive.co.th/en/files/product/original/PRD175411543136.jpg, https://www.sevenfive.co.th/en/files/product/original/PRD175522679194.jpg, https://www.sevenfive.co.th/en/files/product/original/PRD175522679199.jpg, https://www.sevenfive.co.th/en/files/product/original/PRD175522679339.jpg, https://www.sevenfive.co.th/en/files/product/original/PRD175522679358.jpg, https://www.sevenfive.co.th/en/files/product/original/PRD17552267951.jpg"
TOP2-MS-98SP-042,"https://www.sevenfive.co.th/en/files/product/original/PRD17537543981.jpg, https://www.sevenfive.co.th/en/files/product/original/PRD175522680757.jpg, https://www.sevenfive.co.th/en/files/product/original/PRD17552268077.jpg, https://www.sevenfive.co.th/en/files/product/original/PRD175522680776.jpg"
TOP2-MS-98SW-007,"https://www.sevenfive.co.th/en/files/product/original/PRD175411543325.jpg, https://www.sevenfive.co.th/en/files/product/original/PRD175411543351.jpg, https://www.sevenfive.co.th/en/files/product/original/PRD175411543457.jpg, https://www.sevenfive.co.th/en/files/product/original/PRD175522681088.jpg, https://www.sevenfive.co.th/en/files/product/original/PRD175522681214.jpg, https://www.sevenfive.co.th/en/files/product/original/PRD175522681253.jpg"
TOP2-MS-98SW-008,"https://www.sevenfive.co.th/en/files/product/original/PRD175411543493.jpg, https://www.sevenfive.co.th/en/files/product/original/PRD17541154357.jpg, https://www.sevenfive.co.th/en/files/product/original/PRD175411543683.jpg, https://www.sevenfive.co.th/en/files/product/original/PRD175522681357.jpg, https://www.sevenfive.co.th/en/files/product/original/PRD175522681383.jpg, https://www.sevenfive.co.th/en/files/product/original/PRD175522681528.jpg, https://www.sevenfive.co.th/en/files/product/original/PRD175522681529.jpg, https://www.sevenfive.co.th/en/files/product/original/PRD175522681533.jpg, https://www.sevenfive.co.th/en/files/product/original/PRD17552268158.jpg, https://www.sevenfive.co.th/en/files/product/original/PRD175522681753.jpg, https://www.sevenfive.co.th/en/files/product/original/PRD175522681756.jpg"
TOP2-MS-98SW-009,"https://www.sevenfive.co.th/en/files/product/original/PRD175411543673.jpg, https://www.sevenfive.co.th/en/files/product/original/PRD175411543753.jpg, https://www.sevenfive.co.th/en/files/product/original/PRD175522681850.jpg, https://www.sevenfive.co.th/en/files/product/original/PRD175522681875.jpg, https://www.sevenfive.co.th/en/files/product/original/PRD175522682065.jpg, https://www.sevenfive.co.th/en/files/product/original/PRD175522682098.jpg"
TOP2-MS-M98E12AD-007,"https://www.sevenfive.co.th/en/files/product/original/PRD175411543786.jpg, https://www.sevenfive.co.th/en/files/product/original/PRD17541154385.jpg, https://www.sevenfive.co.th/en/files/product/original/PRD175411543868.jpg, https://www.sevenfive.co.th/en/files/product/original/PRD175522682212.jpg, https://www.sevenfive.co.th/en/files/product/original/PRD175522682279.jpg, https://www.sevenfive.co.th/en/files/product/original/PRD17552268242.jpg, https://www.sevenfive.co.th/en/files/product/original/PRD175522682428.jpg, https://www.sevenfive.co.th/en/files/product/original/PRD17552268243.jpg, https://www.sevenfive.co.th/en/files/product/original/PRD175522682496.jpg, https://www.sevenfive.co.th/en/files/product/original/PRD175522682851.jpg, https://www.sevenfive.co.th/en/files/product/original/PRD17552268289.jpg, https://www.sevenfive.co.th/en/files/product/original/PRD175522683125.jpg, https://www.sevenfive.co.th/en/files/product/original/PRD175522683184.jpg"
TOP2-XDF-5100N,"https://www.sevenfive.co.th/en/files/product/original/PRD175411543971.jpg, https://www.sevenfive.co.th/en/files/product/original/PRD175411543991.jpg, https://www.sevenfive.co.th/en/files/product/original/PRD17541154400.jpg, https://www.sevenfive.co.th/en/files/product/original/PRD175411544079.jpg, https://www.sevenfive.co.th/en/files/product/original/PRD175522682854.jpg, https://www.sevenfive.co.th/en/files/product/original/PRD175522682863.jpg, https://www.sevenfive.co.th/en/files/product/original/PRD175522683134.jpg, https://www.sevenfive.co.th/en/files/product/original/PRD175522683328.jpg, https://www.sevenfive.co.th/en/files/product/original/PRD17552268343.jpg, https://www.sevenfive.co.th/en/files/product/original/PRD175522683436.jpg, https://www.sevenfive.co.th/en/files/product/original/PRD175522683467.jpg, https://www.sevenfive.co.th/en/files/product/original/PRD175522683614.jpg, https://www.sevenfive.co.th/en/files/product/original/PRD175522683643.jpg, https://www.sevenfive.co.th/en/files/product/original/PRD175522683646.jpg, https://www.sevenfive.co.th/en/files/product/original/PRD175522684049.jpg, https://www.sevenfive.co.th/en/files/product/original/PRD17552268408.jpg, https://www.sevenfive.co.th/en/files/product/original/PRD175522684441.jpg, https://www.sevenfive.co.th/en/files/product/original/PRD175522684592.jpg, https://www.sevenfive.co.th/en/files/product/original/PRD175522684831.jpg"
TOP2-ZZ00,"https://www.sevenfive.co.th/en/files/product/original/PRD175411544113.jpg, https://www.sevenfive.co.th/en/files/product/original/PRD175411544114.jpg, https://www.sevenfive.co.th/en/files/product/original/PRD175411544214.jpg, https://www.sevenfive.co.th/en/files/product/original/PRD175411544299.jpg, https://www.sevenfive.co.th/en/files/product/original/PRD175522684163.jpg, https://www.sevenfive.co.th/en/files/product/original/PRD175522684567.jpg, https://www.sevenfive.co.th/en/files/product/original/PRD175522684574.jpg, https://www.sevenfive.co.th/en/files/product/original/PRD17552268483.jpg"
TOP2-ZZ85,"https://www.sevenfive.co.th/en/files/product/original/PRD175411544345.jpg, https://www.sevenfive.co.th/en/files/product/original/PRD175411544373.jpg, https://www.sevenfive.co.th/en/files/product/original/PRD175522684731.jpg, https://www.sevenfive.co.th/en/files/product/original/PRD175522685072.jpg, https://www.sevenfive.co.th/en/files/product/original/PRD175522685111.jpg, https://www.sevenfive.co.th/en/files/product/original/PRD175522685131.jpg"
NTS1-FRAME-IR-S,"https://www.sevenfive.co.th/en/files/product/original/PRD175196511433.jpg, https://www.sevenfive.co.th/en/files/product/original/PRDad314f7f6d031645e223fe0919ad0c92.png"
CAM1-UGNPR11F18-480,"https://www.sevenfive.co.th/en/files/product/original/PRD2ade3581cf57b18e94954b477978d7aa.jpg, https://www.sevenfive.co.th/en/files/product/original/PRD32acc1ec155812de2546ba5d9f4c29f8.jpg, https://www.sevenfive.co.th/en/files/product/original/PRDa4dd3ab228214d1e04e1a54e500e1b1f.jpg, https://www.sevenfive.co.th/en/files/product/original/PRDd63f0786d539a81149607016428cfc5e.jpg"
CAM1-UGNPR21H18-480,"https://www.sevenfive.co.th/en/files/product/original/PRDa769575182d6f0f6782d38e85dba4739.jpg, https://www.sevenfive.co.th/en/files/product/original/PRDb9b5a90e9447fe1e0d7c7b4836181369.jpg, https://www.sevenfive.co.th/en/files/product/original/PRDfe306795dab1d2fbc4d845605fd7df3b.jpg"
CAM1-CPCC8-480,"https://www.sevenfive.co.th/en/files/product/original/PRD26982269e816e4b8d3dd1c6f83866d47.jpg, https://www.sevenfive.co.th/en/files/product/original/PRD561fc02a1663dc626d50e907a85ad3e2.jpg, https://www.sevenfive.co.th/en/files/product/original/PRD6b614313686f309c7dc6dc4ab38a679f.jpg"
NTS1-BB-D3L,"https://www.sevenfive.co.th/en/files/product/original/PRD17519650846.jpg, https://www.sevenfive.co.th/en/files/product/original/PRD43be69e58cf213cbf29c34e16e6cd995.jpg"
BER2-BA-C-SALA-1,"https://www.sevenfive.co.th/en/files/product/original/PRD175576404518.jpg, https://www.sevenfive.co.th/en/files/product/original/PRD175576404635.jpg, https://www.sevenfive.co.th/en/files/product/original/PRD175576404764.jpg, https://www.sevenfive.co.th/en/files/product/original/PRD175653833242.jpg"
BER2-CI-LBT-1,"https://www.sevenfive.co.th/en/files/product/original/PRD9eb77ac20de181ce4d8cf092a1c7f4c6.png, https://www.sevenfive.co.th/en/files/product/original/PRDc1c98d264459f42cb993dbf6d36adb74.png"
BER2-HT-DRY2.7KW-BA,"https://www.sevenfive.co.th/en/files/product/original/PRD175576408015.jpg, https://www.sevenfive.co.th/en/files/product/original/PRD175576408099.jpg, https://www.sevenfive.co.th/en/files/product/original/PRD175653834517.jpg"
BER2-SPO-E-C2401008C,"https://www.sevenfive.co.th/en/files/product/original/PRD38c87dc0df1b6c0bf8081b1fa52f8078.png, https://www.sevenfive.co.th/en/files/product/original/PRD4b2319bceccd0b026b22a2a624b95968.png"
BER2-SPO-E-C2401008E,"https://www.sevenfive.co.th/en/files/product/original/PRD2232f5cc34f72d69b309f7b693ff2a0b.png, https://www.sevenfive.co.th/en/files/product/original/PRDc4c90e2eaf12433c819e985f32178de7.png"
LIN2-CO33,"https://www.sevenfive.co.th/en/files/product/original/PRD0f358a91ac56cef2e19cf6b3f9c17a7d.png, https://www.sevenfive.co.th/en/files/product/original/PRD2479fc6df994c025bfd3476e4ef7e78a.png, https://www.sevenfive.co.th/en/files/product/original/PRD9c550ed412162e866da0d91263512a09.png"
LIN2-MA143,"https://www.sevenfive.co.th/en/files/product/original/PRD1ad1ba326fa31a2a6cdcee60f6c239e6.png, https://www.sevenfive.co.th/en/files/product/original/PRD57f7c9bedcce2c5a5731bfc09d106ede.png, https://www.sevenfive.co.th/en/files/product/original/PRD6e4bbba6d80e1716a59762e4bbbc9524.png"
NTS2-HL1BK,"https://www.sevenfive.co.th/en/files/product/original/PRD415c9518e008e831e97ac95246c5a5b6.png, https://www.sevenfive.co.th/en/files/product/original/PRD881f07824f9849967c96b090ff4639bd.png, https://www.sevenfive.co.th/en/files/product/original/PRDdcb2601d7b13da597eba1b0bc4910081.png"
NTS2-HL1C,"https://www.sevenfive.co.th/en/files/product/original/PRDa21f78c26aa16f75a47836ea37758056.png, https://www.sevenfive.co.th/en/files/product/original/PRDaf6bff1c5ea1f62c44cc575d995a91f3.png, https://www.sevenfive.co.th/en/files/product/original/PRDfae75c0013d285dcacf015e698a24d73.png"
NTS2-HL1G,"https://www.sevenfive.co.th/en/files/product/original/PRD36bc97a79a4db5d544b3d8258a80694b.png, https://www.sevenfive.co.th/en/files/product/original/PRD576b3f604e1f63f844345159a9a53397.png, https://www.sevenfive.co.th/en/files/product/original/PRDc8ebd2ba6c3f5c0ea0a9501b7c00dd15.png"
NTS2-HL1SS,"https://www.sevenfive.co.th/en/files/product/original/PRD17f3db81e24c8cb59f28a3a718f604d2.png, https://www.sevenfive.co.th/en/files/product/original/PRD21521c36bbbc3e5e5ae8683fce9c15ca.png, https://www.sevenfive.co.th/en/files/product/original/PRD67b580d274378202c7c248794bbaff3b.png"
NTS2-HL-400A1-GY-BASE,"https://www.sevenfive.co.th/en/files/product/original/PRD175636616817.jpg, https://www.sevenfive.co.th/en/files/product/original/PRD175636616943.jpg, https://www.sevenfive.co.th/en/files/product/original/PRD175636616946.jpg, https://www.sevenfive.co.th/en/files/product/original/PRD175637486513.jpg"
NTS2-HP-CD1133,"https://www.sevenfive.co.th/en/files/product/original/PRD7bd4c17338b98b29f683c5aca6294740.png, https://www.sevenfive.co.th/en/files/product/original/PRDce6479d6e3370fe9a5c843bbf5aba196.png"
NTS2-HSB01-HT,"https://www.sevenfive.co.th/en/files/product/original/PRD16785c9f075667e4dc798a06121325cf.png, https://www.sevenfive.co.th/en/files/product/original/PRD4b507b9155d8fb6defce24b04c9665fd.png, https://www.sevenfive.co.th/en/files/product/original/PRDb304865c8db010e4918cb4ed8c3c57b0.png"
PIM2-20209037012,"https://www.sevenfive.co.th/en/files/product/original/PRD140cacf7ae384a717ab275fe8c6fb024.png, https://www.sevenfive.co.th/en/files/product/original/PRD23a0f0302641f7dd296961601f568d72.png, https://www.sevenfive.co.th/en/files/product/original/PRD40cedeb78e47f0c0e558097ecc7ef5b3.png"
PIM2-301010251,"https://www.sevenfive.co.th/en/files/product/original/PRD474f2b639cc4d98d86b93581855820e0.png, https://www.sevenfive.co.th/en/files/product/original/PRD9763185c174ffdc0372c03b4d44c4c2e.png, https://www.sevenfive.co.th/en/files/product/original/PRDba0fecea21c00bcce45a77911189afc3.png"
PIM2-301120011,"https://www.sevenfive.co.th/en/files/product/original/PRD175738862389.jpg, https://www.sevenfive.co.th/en/files/product/original/PRD175738862393.jpg, https://www.sevenfive.co.th/en/files/product/original/PRD175738862437.jpg"
PIM2-301130005,"https://www.sevenfive.co.th/en/files/product/original/PRD175738862866.jpg, https://www.sevenfive.co.th/en/files/product/original/PRD175738862926.jpg, https://www.sevenfive.co.th/en/files/product/original/PRD175738862951.jpg"
PIM2-302090027,"https://www.sevenfive.co.th/en/files/product/original/PRD175738864450.jpg, https://www.sevenfive.co.th/en/files/product/original/PRD175738864462.jpg, https://www.sevenfive.co.th/en/files/product/original/PRD175738864555.jpg"
PIM2-302110125,"https://www.sevenfive.co.th/en/files/product/original/PRD175738864548.jpg, https://www.sevenfive.co.th/en/files/product/original/PRD17573886465.jpg"
PIM2-302190037,"https://www.sevenfive.co.th/en/files/product/original/PRD175738864760.jpg, https://www.sevenfive.co.th/en/files/product/original/PRD175738864770.jpg, https://www.sevenfive.co.th/en/files/product/original/PRD175738864855.jpg, https://www.sevenfive.co.th/en/files/product/original/PRD175738864879.jpg, https://www.sevenfive.co.th/en/files/product/original/PRD175738864923.jpg"
PIM2-302220038,"https://www.sevenfive.co.th/en/files/product/original/PRD17573886494.jpg, https://www.sevenfive.co.th/en/files/product/original/PRD175738865013.jpg, https://www.sevenfive.co.th/en/files/product/original/PRD17573886506.jpg"
PIM2-30312074,"https://www.sevenfive.co.th/en/files/product/original/PRD17573886516.jpg, https://www.sevenfive.co.th/en/files/product/original/PRD175738865194.jpg, https://www.sevenfive.co.th/en/files/product/original/PRD17573886533.jpg, https://www.sevenfive.co.th/en/files/product/original/PRD175738865341.jpg"
PIM2-30403033,"https://www.sevenfive.co.th/en/files/product/original/PRD175522481322.jpg, https://www.sevenfive.co.th/en/files/product/original/PRD17552248135.jpg, https://www.sevenfive.co.th/en/files/product/original/PRD175522481568.jpg, https://www.sevenfive.co.th/en/files/product/original/PRD175522481573.jpg"
PIM2-DDR-30-010,"https://www.sevenfive.co.th/en/files/product/original/PRD17573886544.jpg, https://www.sevenfive.co.th/en/files/product/original/PRD175738865495.jpg, https://www.sevenfive.co.th/en/files/product/original/PRD175738865522.jpg"
PIM2-DDR-30-014,"https://www.sevenfive.co.th/en/files/product/original/PRD175738865567.jpg, https://www.sevenfive.co.th/en/files/product/original/PRD175738865673.jpg, https://www.sevenfive.co.th/en/files/product/original/PRD175738865678.jpg, https://www.sevenfive.co.th/en/files/product/original/PRD175738865716.jpg, https://www.sevenfive.co.th/en/files/product/original/PRD175738865775.jpg, https://www.sevenfive.co.th/en/files/product/original/PRD175738865852.jpg"
PIM2-DDR-30-015,"https://www.sevenfive.co.th/en/files/product/original/PRD175738865881.jpg, https://www.sevenfive.co.th/en/files/product/original/PRD17573886597.jpg, https://www.sevenfive.co.th/en/files/product/original/PRD175738865988.jpg"
PIM2-DDR-30-016,"https://www.sevenfive.co.th/en/files/product/original/PRD175738866010.jpg, https://www.sevenfive.co.th/en/files/product/original/PRD175738866013.jpg, https://www.sevenfive.co.th/en/files/product/original/PRD175738866161.jpg"
PIM2-DDR-30-017,"https://www.sevenfive.co.th/en/files/product/original/PRD175738866330.jpg, https://www.sevenfive.co.th/en/files/product/original/PRD175738866439.jpg, https://www.sevenfive.co.th/en/files/product/original/PRD175738866590.jpg"
PIM2-DDR-30-018,"https://www.sevenfive.co.th/en/files/product/original/PRD175738866644.jpg, https://www.sevenfive.co.th/en/files/product/original/PRD175738866777.jpg, https://www.sevenfive.co.th/en/files/product/original/PRD175738866786.jpg, https://www.sevenfive.co.th/en/files/product/original/PRD175738866868.jpg"
PIM2-DDR-30-020,"https://www.sevenfive.co.th/en/files/product/original/PRD17573886695.jpg, https://www.sevenfive.co.th/en/files/product/original/PRD175738866994.jpg, https://www.sevenfive.co.th/en/files/product/original/PRD175738867065.jpg"
PIM2-DDR-30-021,"https://www.sevenfive.co.th/en/files/product/original/PRD175738867151.jpg, https://www.sevenfive.co.th/en/files/product/original/PRD175738867257.jpg, https://www.sevenfive.co.th/en/files/product/original/PRD175738867343.jpg"
PIM2-DDR-30-023,"https://www.sevenfive.co.th/en/files/product/original/PRD175738867340.jpg, https://www.sevenfive.co.th/en/files/product/original/PRD175738867472.jpg, https://www.sevenfive.co.th/en/files/product/original/PRD175738867526.jpg, https://www.sevenfive.co.th/en/files/product/original/PRD17573886756.jpg"
PIM2-DDR-30-027,"https://www.sevenfive.co.th/en/files/product/original/PRD17573886760.jpg, https://www.sevenfive.co.th/en/files/product/original/PRD175738867620.jpg, https://www.sevenfive.co.th/en/files/product/original/PRD175738867757.jpg"
PIM2-DDR-30-032,"https://www.sevenfive.co.th/en/files/product/original/PRD175738867712.jpg, https://www.sevenfive.co.th/en/files/product/original/PRD175738867843.jpg, https://www.sevenfive.co.th/en/files/product/original/PRD175738867863.jpg, https://www.sevenfive.co.th/en/files/product/original/PRD175738867946.jpg"
PIM2-DDR-30-033,"https://www.sevenfive.co.th/en/files/product/original/PRD175738867951.jpg, https://www.sevenfive.co.th/en/files/product/original/PRD17573886804.jpg"
PIM2-DDR-30-034,"https://www.sevenfive.co.th/en/files/product/original/PRD175738868043.jpg, https://www.sevenfive.co.th/en/files/product/original/PRD175738868123.jpg, https://www.sevenfive.co.th/en/files/product/original/PRD175738868146.jpg, https://www.sevenfive.co.th/en/files/product/original/PRD175738868289.jpg"
PIM2-DDR-30-038,"https://www.sevenfive.co.th/en/files/product/original/PRD17573886820.jpg, https://www.sevenfive.co.th/en/files/product/original/PRD175738868331.jpg, https://www.sevenfive.co.th/en/files/product/original/PRD175738868476.jpg"
PIM2-DDR-30-041,"https://www.sevenfive.co.th/en/files/product/original/PRD17573886840.jpg, https://www.sevenfive.co.th/en/files/product/original/PRD175738868527.jpg, https://www.sevenfive.co.th/en/files/product/original/PRD175738868560.jpg, https://www.sevenfive.co.th/en/files/product/original/PRD175738868629.jpg"
PIM2-DDR-30-045,"https://www.sevenfive.co.th/en/files/product/original/PRD175738868731.jpg, https://www.sevenfive.co.th/en/files/product/original/PRD175738868776.jpg, https://www.sevenfive.co.th/en/files/product/original/PRD175738868884.jpg, https://www.sevenfive.co.th/en/files/product/original/PRD175738868947.jpg"
PIM2-DDR-30-047,"https://www.sevenfive.co.th/en/files/product/original/PRD175738869011.jpg, https://www.sevenfive.co.th/en/files/product/original/PRD175738869049.jpg, https://www.sevenfive.co.th/en/files/product/original/PRD175738869193.jpg"
PIM2-DDR-30-048,"https://www.sevenfive.co.th/en/files/product/original/PRD175738869119.jpg, https://www.sevenfive.co.th/en/files/product/original/PRD175738869238.jpg, https://www.sevenfive.co.th/en/files/product/original/PRD175738869267.jpg"
PIM2-DDR-30-049,"https://www.sevenfive.co.th/en/files/product/original/PRD17573886933.jpg, https://www.sevenfive.co.th/en/files/product/original/PRD175738869377.jpg, https://www.sevenfive.co.th/en/files/product/original/PRD175738869488.jpg, https://www.sevenfive.co.th/en/files/product/original/PRD175738869544.jpg, https://www.sevenfive.co.th/en/files/product/original/PRD175738869570.jpg"
PIM2-DDR-30-051,"https://www.sevenfive.co.th/en/files/product/original/PRD175738869669.jpg, https://www.sevenfive.co.th/en/files/product/original/PRD175738869694.jpg, https://www.sevenfive.co.th/en/files/product/original/PRD175738869721.jpg, https://www.sevenfive.co.th/en/files/product/original/PRD175738869751.jpg, https://www.sevenfive.co.th/en/files/product/original/PRD175738869890.jpg"
PIM2-DDR-30-052,"https://www.sevenfive.co.th/en/files/product/original/PRD17573886989.jpg, https://www.sevenfive.co.th/en/files/product/original/PRD175738869957.jpg, https://www.sevenfive.co.th/en/files/product/original/PRD175738869966.jpg"
PIM2-DDR-30-057,"https://www.sevenfive.co.th/en/files/product/original/PRD175738870021.jpg, https://www.sevenfive.co.th/en/files/product/original/PRD175738870037.jpg, https://www.sevenfive.co.th/en/files/product/original/PRD175738870121.jpg, https://www.sevenfive.co.th/en/files/product/original/PRD175738870168.jpg, https://www.sevenfive.co.th/en/files/product/original/PRD175738870261.jpg"
PIM2-DDR-30-058,"https://www.sevenfive.co.th/en/files/product/original/PRD175738870276.jpg, https://www.sevenfive.co.th/en/files/product/original/PRD175738870345.jpg, https://www.sevenfive.co.th/en/files/product/original/PRD175738870377.jpg, https://www.sevenfive.co.th/en/files/product/original/PRD175738870464.jpg"
PIM2-DDR-30-059,"https://www.sevenfive.co.th/en/files/product/original/PRD175738870451.jpg, https://www.sevenfive.co.th/en/files/product/original/PRD17573887053.jpg, https://www.sevenfive.co.th/en/files/product/original/PRD175738870538.jpg, https://www.sevenfive.co.th/en/files/product/original/PRD175738870591.jpg, https://www.sevenfive.co.th/en/files/product/original/PRD175738870677.jpg"
PIM2-DDR-30-062,"https://www.sevenfive.co.th/en/files/product/original/PRD175738870636.jpg, https://www.sevenfive.co.th/en/files/product/original/PRD175738870790.jpg, https://www.sevenfive.co.th/en/files/product/original/PRD175738870799.jpg, https://www.sevenfive.co.th/en/files/product/original/PRD175738870814.jpg"
PIM2-DDR-30-066,"https://www.sevenfive.co.th/en/files/product/original/PRD175738870946.jpg, https://www.sevenfive.co.th/en/files/product/original/PRD175738870965.jpg, https://www.sevenfive.co.th/en/files/product/original/PRD175738871031.jpg"
PIM2-DDR-30-069,"https://www.sevenfive.co.th/en/files/product/original/PRD175738871031.jpg, https://www.sevenfive.co.th/en/files/product/original/PRD175738871123.jpg, https://www.sevenfive.co.th/en/files/product/original/PRD175738871151.jpg, https://www.sevenfive.co.th/en/files/product/original/PRD175738871276.jpg"
PIM2-DDR-30-076,"https://www.sevenfive.co.th/en/files/product/original/PRD175705856064.jpg, https://www.sevenfive.co.th/en/files/product/original/PRD175705856133.jpg, https://www.sevenfive.co.th/en/files/product/original/PRD175705856216.jpg, https://www.sevenfive.co.th/en/files/product/original/PRD175705856275.jpg, https://www.sevenfive.co.th/en/files/product/original/PRD175705856338.jpg"
PIM2-DDR-30-081,"https://www.sevenfive.co.th/en/files/product/original/PRD175705856321.jpg, https://www.sevenfive.co.th/en/files/product/original/PRD175705856410.jpg, https://www.sevenfive.co.th/en/files/product/original/PRD175705856451.jpg, https://www.sevenfive.co.th/en/files/product/original/PRD175705856525.jpg, https://www.sevenfive.co.th/en/files/product/original/PRD175705856544.jpg"
PIM2-DDR-30-085,"https://www.sevenfive.co.th/en/files/product/original/PRD175705856612.jpg, https://www.sevenfive.co.th/en/files/product/original/PRD175705856687.jpg, https://www.sevenfive.co.th/en/files/product/original/PRD175705856789.jpg, https://www.sevenfive.co.th/en/files/product/original/PRD175705856799.jpg, https://www.sevenfive.co.th/en/files/product/original/PRD17570585680.jpg"
PIM2-DDR-30-090,"https://www.sevenfive.co.th/en/files/product/original/PRD175705856845.jpg, https://www.sevenfive.co.th/en/files/product/original/PRD175705856948.jpg, https://www.sevenfive.co.th/en/files/product/original/PRD175705856950.jpg, https://www.sevenfive.co.th/en/files/product/original/PRD175705857038.jpg"
PIM2-DDR-30-093,"https://www.sevenfive.co.th/en/files/product/original/PRD175705857015.jpg, https://www.sevenfive.co.th/en/files/product/original/PRD175705857115.jpg, https://www.sevenfive.co.th/en/files/product/original/PRD175705857228.jpg, https://www.sevenfive.co.th/en/files/product/original/PRD175705857236.jpg, https://www.sevenfive.co.th/en/files/product/original/PRD175705857290.jpg"
PIM2-DDR-30-094,"https://www.sevenfive.co.th/en/files/product/original/PRD175705857334.jpg, https://www.sevenfive.co.th/en/files/product/original/PRD175705857434.jpg, https://www.sevenfive.co.th/en/files/product/original/PRD175705857457.jpg, https://www.sevenfive.co.th/en/files/product/original/PRD175705857525.jpg, https://www.sevenfive.co.th/en/files/product/original/PRD175705857530.jpg"
PIM2-DDR-30-096,"https://www.sevenfive.co.th/en/files/product/original/PRD175705857618.jpg, https://www.sevenfive.co.th/en/files/product/original/PRD175705857672.jpg, https://www.sevenfive.co.th/en/files/product/original/PRD175705857727.jpg, https://www.sevenfive.co.th/en/files/product/original/PRD17570585777.jpg, https://www.sevenfive.co.th/en/files/product/original/PRD175705857816.jpg, https://www.sevenfive.co.th/en/files/product/original/PRD175705857844.jpg"
PIM2-DDR-30-102,"https://www.sevenfive.co.th/en/files/product/original/PRD175705857949.jpg, https://www.sevenfive.co.th/en/files/product/original/PRD175705857986.jpg, https://www.sevenfive.co.th/en/files/product/original/PRD17570585801.jpg, https://www.sevenfive.co.th/en/files/product/original/PRD175705858046.jpg, https://www.sevenfive.co.th/en/files/product/original/PRD175705858182.jpg, https://www.sevenfive.co.th/en/files/product/original/PRD175705858191.jpg"
PIM2-DDR-30-104,"https://www.sevenfive.co.th/en/files/product/original/PRD175705858224.jpg, https://www.sevenfive.co.th/en/files/product/original/PRD175705858324.jpg, https://www.sevenfive.co.th/en/files/product/original/PRD175705858336.jpg, https://www.sevenfive.co.th/en/files/product/original/PRD17570585840.jpg, https://www.sevenfive.co.th/en/files/product/original/PRD175705858466.jpg, https://www.sevenfive.co.th/en/files/product/original/PRD175705858549.jpg, https://www.sevenfive.co.th/en/files/product/original/PRD175705858566.jpg, https://www.sevenfive.co.th/en/files/product/original/PRD175705858652.jpg"
PIM2-DDR-30-110,"https://www.sevenfive.co.th/en/files/product/original/PRD175705858612.jpg, https://www.sevenfive.co.th/en/files/product/original/PRD175705858753.jpg, https://www.sevenfive.co.th/en/files/product/original/PRD175705858776.jpg"
PIM2-DR520-050,"https://www.sevenfive.co.th/en/files/product/original/PRD175522574434.jpg, https://www.sevenfive.co.th/en/files/product/original/PRD175522574446.jpg, https://www.sevenfive.co.th/en/files/product/original/PRD175522574468.jpg, https://www.sevenfive.co.th/en/files/product/original/PRD175522574478.jpg, https://www.sevenfive.co.th/en/files/product/original/PRD175522574910.jpg, https://www.sevenfive.co.th/en/files/product/original/PRD175522574943.jpg, https://www.sevenfive.co.th/en/files/product/original/PRD175522574946.jpg, https://www.sevenfive.co.th/en/files/product/original/PRD175522574959.jpg, https://www.sevenfive.co.th/en/files/product/original/PRD175522574996.jpg, https://www.sevenfive.co.th/en/files/product/original/PRD175522575414.jpg, https://www.sevenfive.co.th/en/files/product/original/PRD175522575426.jpg, https://www.sevenfive.co.th/en/files/product/original/PRD175522575458.jpg, https://www.sevenfive.co.th/en/files/product/original/PRD175522575469.jpg, https://www.sevenfive.co.th/en/files/product/original/PRD175522575747.jpg, https://www.sevenfive.co.th/en/files/product/original/PRD175522575756.jpg, https://www.sevenfive.co.th/en/files/product/original/PRD175522575759.jpg, https://www.sevenfive.co.th/en/files/product/original/PRD175522575791.jpg, https://www.sevenfive.co.th/en/files/product/original/PRD175522576114.jpg, https://www.sevenfive.co.th/en/files/product/original/PRD175522576181.jpg, https://www.sevenfive.co.th/en/files/product/original/PRD175522576199.jpg"
PIM2-DR520-070,"https://www.sevenfive.co.th/en/files/product/original/PRD175522575339.jpg, https://www.sevenfive.co.th/en/files/product/original/PRD175522575342.jpg, https://www.sevenfive.co.th/en/files/product/original/PRD175522575441.jpg, https://www.sevenfive.co.th/en/files/product/original/PRD175522575721.jpg, https://www.sevenfive.co.th/en/files/product/original/PRD175522575734.jpg, https://www.sevenfive.co.th/en/files/product/original/PRD175522575978.jpg"
PIM2-DR520-100,"https://www.sevenfive.co.th/en/files/product/original/PRD175705858897.jpg, https://www.sevenfive.co.th/en/files/product/original/PRD175705859025.jpg, https://www.sevenfive.co.th/en/files/product/original/PRD175705859378.jpg, https://www.sevenfive.co.th/en/files/product/original/PRD175705859497.jpg, https://www.sevenfive.co.th/en/files/product/original/PRD17570585953.jpg, https://www.sevenfive.co.th/en/files/product/original/PRD175705859567.jpg, https://www.sevenfive.co.th/en/files/product/original/PRD175705859614.jpg"
PIM2-DR520-200,"https://www.sevenfive.co.th/en/files/product/original/PRD17552257710.jpg, https://www.sevenfive.co.th/en/files/product/original/PRD175522577117.jpg, https://www.sevenfive.co.th/en/files/product/original/PRD175522577150.jpg, https://www.sevenfive.co.th/en/files/product/original/PRD175522577176.jpg, https://www.sevenfive.co.th/en/files/product/original/PRD175522577185.jpg, https://www.sevenfive.co.th/en/files/product/original/PRD17552257750.jpg, https://www.sevenfive.co.th/en/files/product/original/PRD175522577524.jpg, https://www.sevenfive.co.th/en/files/product/original/PRD175522577529.jpg, https://www.sevenfive.co.th/en/files/product/original/PRD175522577533.jpg, https://www.sevenfive.co.th/en/files/product/original/PRD175522577547.jpg, https://www.sevenfive.co.th/en/files/product/original/PRD175522577560.jpg, https://www.sevenfive.co.th/en/files/product/original/PRD175522577583.jpg, https://www.sevenfive.co.th/en/files/product/original/PRD175522577819.jpg, https://www.sevenfive.co.th/en/files/product/original/PRD175522577844.jpg, https://www.sevenfive.co.th/en/files/product/original/PRD175522577847.jpg, https://www.sevenfive.co.th/en/files/product/original/PRD175522577862.jpg, https://www.sevenfive.co.th/en/files/product/original/PRD175522578119.jpg, https://www.sevenfive.co.th/en/files/product/original/PRD175522578128.jpg, https://www.sevenfive.co.th/en/files/product/original/PRD175522578141.jpg, https://www.sevenfive.co.th/en/files/product/original/PRD175522578165.jpg, https://www.sevenfive.co.th/en/files/product/original/PRD175522578192.jpg, https://www.sevenfive.co.th/en/files/product/original/PRD175522578197.jpg, https://www.sevenfive.co.th/en/files/product/original/PRD175522578217.jpg"
PIM2-DR520-370,"https://www.sevenfive.co.th/en/files/product/original/PRD175705859614.jpg, https://www.sevenfive.co.th/en/files/product/original/PRD175705859757.jpg, https://www.sevenfive.co.th/en/files/product/original/PRD175705859765.jpg"
PIM2-EDO-001,"https://www.sevenfive.co.th/en/files/product/original/PRD17570585983.jpg, https://www.sevenfive.co.th/en/files/product/original/PRD175705859878.jpg, https://www.sevenfive.co.th/en/files/product/original/PRD175705859921.jpg, https://www.sevenfive.co.th/en/files/product/original/PRD175705859923.jpg, https://www.sevenfive.co.th/en/files/product/original/PRD175705860012.jpg, https://www.sevenfive.co.th/en/files/product/original/PRD175705860024.jpg, https://www.sevenfive.co.th/en/files/product/original/PRD175705860199.jpg, https://www.sevenfive.co.th/en/files/product/original/PRD175705860260.jpg"
PIM2-EDO-002,"https://www.sevenfive.co.th/en/files/product/original/PRD175705860314.jpg, https://www.sevenfive.co.th/en/files/product/original/PRD17570586047.jpg, https://www.sevenfive.co.th/en/files/product/original/PRD175705860599.jpg, https://www.sevenfive.co.th/en/files/product/original/PRD17570586064.jpg, https://www.sevenfive.co.th/en/files/product/original/PRD175705860641.jpg, https://www.sevenfive.co.th/en/files/product/original/PRD175705860747.jpg"
PIM2-EDO-003,"https://www.sevenfive.co.th/en/files/product/original/PRD175705860732.jpg, https://www.sevenfive.co.th/en/files/product/original/PRD175705860812.jpg, https://www.sevenfive.co.th/en/files/product/original/PRD175705860882.jpg, https://www.sevenfive.co.th/en/files/product/original/PRD175705860942.jpg, https://www.sevenfive.co.th/en/files/product/original/PRD175705861098.jpg, https://www.sevenfive.co.th/en/files/product/original/PRD175705861134.jpg"
PIM2-EDO-004,"https://www.sevenfive.co.th/en/files/product/original/PRD175705861141.jpg, https://www.sevenfive.co.th/en/files/product/original/PRD175705861284.jpg, https://www.sevenfive.co.th/en/files/product/original/PRD175705861341.jpg, https://www.sevenfive.co.th/en/files/product/original/PRD175705861493.jpg, https://www.sevenfive.co.th/en/files/product/original/PRD175705861549.jpg, https://www.sevenfive.co.th/en/files/product/original/PRD175705861595.jpg"
PIM2-EDO-006,"https://www.sevenfive.co.th/en/files/product/original/PRD175522585246.jpg, https://www.sevenfive.co.th/en/files/product/original/PRD175522585284.jpg, https://www.sevenfive.co.th/en/files/product/original/PRD175522585294.jpg, https://www.sevenfive.co.th/en/files/product/original/PRD175522585729.jpg, https://www.sevenfive.co.th/en/files/product/original/PRD175522585730.jpg, https://www.sevenfive.co.th/en/files/product/original/PRD175522585761.jpg, https://www.sevenfive.co.th/en/files/product/original/PRD175522586140.jpg, https://www.sevenfive.co.th/en/files/product/original/PRD175522586566.jpg, https://www.sevenfive.co.th/en/files/product/original/PRD175522586878.jpg, https://www.sevenfive.co.th/en/files/product/original/PRD175522586889.jpg, https://www.sevenfive.co.th/en/files/product/original/PRD175522587343.jpg, https://www.sevenfive.co.th/en/files/product/original/PRD17552258739.jpg, https://www.sevenfive.co.th/en/files/product/original/PRD175522587739.jpg, https://www.sevenfive.co.th/en/files/product/original/PRD175522587757.jpg"
PIM2-EDO-007,"https://www.sevenfive.co.th/en/files/product/original/PRD175705861661.jpg, https://www.sevenfive.co.th/en/files/product/original/PRD175705861678.jpg, https://www.sevenfive.co.th/en/files/product/original/PRD175705861731.jpg, https://www.sevenfive.co.th/en/files/product/original/PRD175705861786.jpg"
PIM2-EDO-008,"https://www.sevenfive.co.th/en/files/product/original/PRD17570586186.jpg, https://www.sevenfive.co.th/en/files/product/original/PRD175705861940.jpg, https://www.sevenfive.co.th/en/files/product/original/PRD17570586199.jpg, https://www.sevenfive.co.th/en/files/product/original/PRD175705862024.jpg, https://www.sevenfive.co.th/en/files/product/original/PRD175705862048.jpg, https://www.sevenfive.co.th/en/files/product/original/PRD175705862168.jpg"
PIM2-EDO-011,"https://www.sevenfive.co.th/en/files/product/original/PRD175522586330.jpg, https://www.sevenfive.co.th/en/files/product/original/PRD17552258671.jpg, https://www.sevenfive.co.th/en/files/product/original/PRD175522586718.jpg, https://www.sevenfive.co.th/en/files/product/original/PRD175522586724.jpg, https://www.sevenfive.co.th/en/files/product/original/PRD175522586745.jpg, https://www.sevenfive.co.th/en/files/product/original/PRD17552258718.jpg, https://www.sevenfive.co.th/en/files/product/original/PRD175522587697.jpg, https://www.sevenfive.co.th/en/files/product/original/PRD175522588183.jpg, https://www.sevenfive.co.th/en/files/product/original/PRD175522588244.jpg"
PIM2-EDO-012,"https://www.sevenfive.co.th/en/files/product/original/PRD175705862151.jpg, https://www.sevenfive.co.th/en/files/product/original/PRD175705862222.jpg, https://www.sevenfive.co.th/en/files/product/original/PRD175705862274.jpg, https://www.sevenfive.co.th/en/files/product/original/PRD175705862335.jpg, https://www.sevenfive.co.th/en/files/product/original/PRD175705862384.jpg, https://www.sevenfive.co.th/en/files/product/original/PRD17570586243.jpg"
PIM2-EDO-014,"https://www.sevenfive.co.th/en/files/product/original/PRD175522587188.jpg, https://www.sevenfive.co.th/en/files/product/original/PRD175522587235.jpg, https://www.sevenfive.co.th/en/files/product/original/PRD175522587252.jpg, https://www.sevenfive.co.th/en/files/product/original/PRD17552258751.jpg, https://www.sevenfive.co.th/en/files/product/original/PRD175522587532.jpg, https://www.sevenfive.co.th/en/files/product/original/PRD175522587544.jpg, https://www.sevenfive.co.th/en/files/product/original/PRD175522587823.jpg, https://www.sevenfive.co.th/en/files/product/original/PRD175522587956.jpg, https://www.sevenfive.co.th/en/files/product/original/PRD17552258797.jpg, https://www.sevenfive.co.th/en/files/product/original/PRD175522588170.jpg, https://www.sevenfive.co.th/en/files/product/original/PRD175522588284.jpg, https://www.sevenfive.co.th/en/files/product/original/PRD175522588511.jpg, https://www.sevenfive.co.th/en/files/product/original/PRD175522588541.jpg"
PIM2-EDO-015,"https://www.sevenfive.co.th/en/files/product/original/PRD175522588094.jpg, https://www.sevenfive.co.th/en/files/product/original/PRD175522588347.jpg, https://www.sevenfive.co.th/en/files/product/original/PRD175522588622.jpg, https://www.sevenfive.co.th/en/files/product/original/PRD175522588655.jpg, https://www.sevenfive.co.th/en/files/product/original/PRD175522588657.jpg, https://www.sevenfive.co.th/en/files/product/original/PRD175522588685.jpg, https://www.sevenfive.co.th/en/files/product/original/PRD175522588992.jpg, https://www.sevenfive.co.th/en/files/product/original/PRD175522589356.jpg"
PIM2-GDO-003,"https://www.sevenfive.co.th/en/files/product/original/PRD175705862499.jpg, https://www.sevenfive.co.th/en/files/product/original/PRD175705862512.jpg, https://www.sevenfive.co.th/en/files/product/original/PRD175705862534.jpg, https://www.sevenfive.co.th/en/files/product/original/PRD17570586266.jpg, https://www.sevenfive.co.th/en/files/product/original/PRD175705862788.jpg"
PIM2-GDO-004,"https://www.sevenfive.co.th/en/files/product/original/PRD175705862749.jpg, https://www.sevenfive.co.th/en/files/product/original/PRD175705862845.jpg, https://www.sevenfive.co.th/en/files/product/original/PRD175705862871.jpg, https://www.sevenfive.co.th/en/files/product/original/PRD175705862935.jpg, https://www.sevenfive.co.th/en/files/product/original/PRD175705862983.jpg"
PIM2-GDO-005,"https://www.sevenfive.co.th/en/files/product/original/PRD175705863034.jpg, https://www.sevenfive.co.th/en/files/product/original/PRD175705863161.jpg"
PIM2-GDO-006,"https://www.sevenfive.co.th/en/files/product/original/PRD175705863185.jpg, https://www.sevenfive.co.th/en/files/product/original/PRD175705863222.jpg, https://www.sevenfive.co.th/en/files/product/original/PRD175705863292.jpg, https://www.sevenfive.co.th/en/files/product/original/PRD175705863363.jpg, https://www.sevenfive.co.th/en/files/product/original/PRD175705863367.jpg"
PIM2-GDO-007,"https://www.sevenfive.co.th/en/files/product/original/PRD175705863447.jpg, https://www.sevenfive.co.th/en/files/product/original/PRD175705863480.jpg, https://www.sevenfive.co.th/en/files/product/original/PRD17570586358.jpg, https://www.sevenfive.co.th/en/files/product/original/PRD175705863594.jpg, https://www.sevenfive.co.th/en/files/product/original/PRD175705863654.jpg"
PIM2-GDO-011,"https://www.sevenfive.co.th/en/files/product/original/PRD175522598512.jpg, https://www.sevenfive.co.th/en/files/product/original/PRD175522598532.jpg, https://www.sevenfive.co.th/en/files/product/original/PRD17552259854.jpg, https://www.sevenfive.co.th/en/files/product/original/PRD175522598565.jpg, https://www.sevenfive.co.th/en/files/product/original/PRD175522598946.jpg, https://www.sevenfive.co.th/en/files/product/original/PRD175522598950.jpg, https://www.sevenfive.co.th/en/files/product/original/PRD175522598956.jpg, https://www.sevenfive.co.th/en/files/product/original/PRD175522598957.jpg, https://www.sevenfive.co.th/en/files/product/original/PRD175522598963.jpg, https://www.sevenfive.co.th/en/files/product/original/PRD175522599270.jpg, https://www.sevenfive.co.th/en/files/product/original/PRD175522599345.jpg, https://www.sevenfive.co.th/en/files/product/original/PRD175522599366.jpg, https://www.sevenfive.co.th/en/files/product/original/PRD17552259967.jpg, https://www.sevenfive.co.th/en/files/product/original/PRD175522599693.jpg, https://www.sevenfive.co.th/en/files/product/original/PRD175522599792.jpg, https://www.sevenfive.co.th/en/files/product/original/PRD175522599923.jpg, https://www.sevenfive.co.th/en/files/product/original/PRD17552259998.jpg, https://www.sevenfive.co.th/en/files/product/original/PRD175522600021.jpg"
PIM2-GDO-012,"https://www.sevenfive.co.th/en/files/product/original/PRD17552259930.jpg, https://www.sevenfive.co.th/en/files/product/original/PRD175522599322.jpg, https://www.sevenfive.co.th/en/files/product/original/PRD175522599343.jpg, https://www.sevenfive.co.th/en/files/product/original/PRD175522599690.jpg, https://www.sevenfive.co.th/en/files/product/original/PRD175522599694.jpg, https://www.sevenfive.co.th/en/files/product/original/PRD175522599929.jpg, https://www.sevenfive.co.th/en/files/product/original/PRD175522599962.jpg, https://www.sevenfive.co.th/en/files/product/original/PRD175522599974.jpg, https://www.sevenfive.co.th/en/files/product/original/PRD175522600088.jpg, https://www.sevenfive.co.th/en/files/product/original/PRD175522600258.jpg"
PIM2-GDO-015,"https://www.sevenfive.co.th/en/files/product/original/PRD175705863753.jpg, https://www.sevenfive.co.th/en/files/product/original/PRD175705863855.jpg, https://www.sevenfive.co.th/en/files/product/original/PRD175705863887.jpg"
PIM2-GDO-016,"https://www.sevenfive.co.th/en/files/product/original/PRD175522600225.jpg, https://www.sevenfive.co.th/en/files/product/original/PRD175522600258.jpg, https://www.sevenfive.co.th/en/files/product/original/PRD175522600619.jpg, https://www.sevenfive.co.th/en/files/product/original/PRD17552260062.jpg, https://www.sevenfive.co.th/en/files/product/original/PRD175522600621.jpg, https://www.sevenfive.co.th/en/files/product/original/PRD175522600622.jpg, https://www.sevenfive.co.th/en/files/product/original/PRD175522600681.jpg, https://www.sevenfive.co.th/en/files/product/original/PRD175522600734.jpg, https://www.sevenfive.co.th/en/files/product/original/PRD175522601083.jpg, https://www.sevenfive.co.th/en/files/product/original/PRD175522601352.jpg"
PIM2-GDO-017,"https://www.sevenfive.co.th/en/files/product/original/PRD175522601047.jpg, https://www.sevenfive.co.th/en/files/product/original/PRD175522601254.jpg, https://www.sevenfive.co.th/en/files/product/original/PRD175522601338.jpg, https://www.sevenfive.co.th/en/files/product/original/PRD175522601341.jpg, https://www.sevenfive.co.th/en/files/product/original/PRD175522601370.jpg, https://www.sevenfive.co.th/en/files/product/original/PRD175522601374.jpg, https://www.sevenfive.co.th/en/files/product/original/PRD175522601673.jpg, https://www.sevenfive.co.th/en/files/product/original/PRD175522601688.jpg, https://www.sevenfive.co.th/en/files/product/original/PRD17552260193.jpg, https://www.sevenfive.co.th/en/files/product/original/PRD175522601951.jpg, https://www.sevenfive.co.th/en/files/product/original/PRD175522602350.jpg, https://www.sevenfive.co.th/en/files/product/original/PRD175522602391.jpg, https://www.sevenfive.co.th/en/files/product/original/PRD175522602911.jpg, https://www.sevenfive.co.th/en/files/product/original/PRD175522602962.jpg"
PIM2-GDO-020,"https://www.sevenfive.co.th/en/files/product/original/PRD175705863987.jpg, https://www.sevenfive.co.th/en/files/product/original/PRD175705864065.jpg, https://www.sevenfive.co.th/en/files/product/original/PRD175705864154.jpg"
PIM2-GDO-021,"https://www.sevenfive.co.th/en/files/product/original/PRD175705864271.jpg, https://www.sevenfive.co.th/en/files/product/original/PRD175705864329.jpg, https://www.sevenfive.co.th/en/files/product/original/PRD175705864391.jpg"
PIM2-GDO-022,"https://www.sevenfive.co.th/en/files/product/original/PRD175705864414.jpg, https://www.sevenfive.co.th/en/files/product/original/PRD175705864437.jpg, https://www.sevenfive.co.th/en/files/product/original/PRD175705864561.jpg, https://www.sevenfive.co.th/en/files/product/original/PRD175705864594.jpg"
PIM2-TC22-14,"https://www.sevenfive.co.th/en/files/product/original/PRD17570588790.jpg, https://www.sevenfive.co.th/en/files/product/original/PRD175705887953.jpg, https://www.sevenfive.co.th/en/files/product/original/PRD175705888037.jpg, https://www.sevenfive.co.th/en/files/product/original/PRD175705888041.jpg"
PIM2-TC22-15,"https://www.sevenfive.co.th/en/files/product/original/PRD175522655975.jpg, https://www.sevenfive.co.th/en/files/product/original/PRD175522656222.jpg, https://www.sevenfive.co.th/en/files/product/original/PRD175522656291.jpg"
PIM2-TC22-23,"https://www.sevenfive.co.th/en/files/product/original/PRD175705888163.jpg, https://www.sevenfive.co.th/en/files/product/original/PRD175705888264.jpg, https://www.sevenfive.co.th/en/files/product/original/PRD175705888290.jpg"
PIM2-TC22-24,"https://www.sevenfive.co.th/en/files/product/original/PRD175705888460.jpg, https://www.sevenfive.co.th/en/files/product/original/PRD175705888490.jpg, https://www.sevenfive.co.th/en/files/product/original/PRD175705888546.jpg, https://www.sevenfive.co.th/en/files/product/original/PRD17570588858.jpg, https://www.sevenfive.co.th/en/files/product/original/PRD175705888592.jpg, https://www.sevenfive.co.th/en/files/product/original/PRD175705888595.jpg"
PIM2-TC22-8-6,"https://www.sevenfive.co.th/en/files/product/original/PRD175705887711.jpg, https://www.sevenfive.co.th/en/files/product/original/PRD175705887846.jpg"
ROL2-B02016EMA,"https://www.sevenfive.co.th/en/files/product/original/PRD408d462f404a4ab9659b55b6852c9dd9.jpg, https://www.sevenfive.co.th/en/files/product/original/PRDdfe876fd2f937c826ef30e243005949b.jpg"
ROL2-B02023,"https://www.sevenfive.co.th/en/files/product/original/PRD42a6fc2122456428b290cef490e35033.jpg, https://www.sevenfive.co.th/en/files/product/original/PRD5463f8bf45fa8f1e602cdc10fcc7a668.jpg, https://www.sevenfive.co.th/en/files/product/original/PRD927646d68af8f7ced5be4815fe0bd79b.jpg, https://www.sevenfive.co.th/en/files/product/original/PRDcc63edfcba496faf47618805a2f8353a.jpg"
ROL2-B02050EMA,"https://www.sevenfive.co.th/en/files/product/original/PRD15cfe4f3a13622f5e071a9b921012a2c.jpg, https://www.sevenfive.co.th/en/files/product/original/PRD8fe7e1fdc2225acad12031039ee328f9.jpg"
ROL2-D04038,"https://www.sevenfive.co.th/en/files/product/original/PRD73c3e05a71b9ece3dd33824b5ce9d25e.jpg, https://www.sevenfive.co.th/en/files/product/original/PRDe8ff601205433d7bebd8620309f8c471.jpg"
ROL2-D04039,"https://www.sevenfive.co.th/en/files/product/original/PRD2a3416247260afbd3be8db3185ac0836.jpg, https://www.sevenfive.co.th/en/files/product/original/PRDbcbd88d0af37e7dec05a88fafec6b11e.jpg"
ROL2-E01016,"https://www.sevenfive.co.th/en/files/product/original/PRDb28017e5adae78ea3695c7ce4516c4e0.png, https://www.sevenfive.co.th/en/files/product/original/PRDd9ec456a7cff5abbfa642c160c47c5c0.png, https://www.sevenfive.co.th/en/files/product/original/PRDdc8b36feb2035f118cd37f4f82e909c8.png"
ROL2-F07024,"https://www.sevenfive.co.th/en/files/product/original/PRD9647bcc468bd993750e9244ca80cd391.jpg, https://www.sevenfive.co.th/en/files/product/original/PRDe846e07674867011a53d129812b032dd.jpg"
RON2-129189,"https://www.sevenfive.co.th/en/files/product/original/PRD175592569459.jpg, https://www.sevenfive.co.th/en/files/product/original/PRD175592569567.jpg, https://www.sevenfive.co.th/en/files/product/original/PRD175592569593.jpg, https://www.sevenfive.co.th/en/files/product/original/PRD175653901256.jpg"
RON2-50907,"https://www.sevenfive.co.th/en/files/product/original/PRD175592570422.jpg, https://www.sevenfive.co.th/en/files/product/original/PRD175592570441.jpg, https://www.sevenfive.co.th/en/files/product/original/PRD175592570532.jpg, https://www.sevenfive.co.th/en/files/product/original/PRD175653901880.jpg"
CAM1-UGNPR21F36-480,"https://www.sevenfive.co.th/en/files/product/original/PRD7060d22931497f6f05980c6920127324.jpg, https://www.sevenfive.co.th/en/files/product/original/PRDb235df3445541bb6f8aff5e9fa402f57.jpg, https://www.sevenfive.co.th/en/files/product/original/PRDb61bbe57286b0461b9996a6adaa74fd1.jpg"
HAM1-HMD1000-CE,"https://www.sevenfive.co.th/en/files/product/original/PRD3a3f453debf724e3e056ffbc3802761c.jpg, https://www.sevenfive.co.th/en/files/product/original/PRD4595ea5776052688392d49ee0dc31d3b.jpg, https://www.sevenfive.co.th/en/files/product/original/PRDb411ee62300fa36cd7816d4f25b11fcc.jpg, https://www.sevenfive.co.th/en/files/product/original/PRDed99f4d32a0d2be908cba7a9c911d925.jpg, https://www.sevenfive.co.th/en/files/product/original/PRDf5233ad29e1a0c7d04e2a9cbd6aefb65.jpg"
HAM1-HMI014-CEDIS,"https://www.sevenfive.co.th/en/files/product/original/PRD05589a867749acb7ce2ee502129f02f6.jpg, https://www.sevenfive.co.th/en/files/product/original/PRD461f087bcf0deb8eff3e82cbcacd80a5.jpg, https://www.sevenfive.co.th/en/files/product/original/PRDcca5aaefe2b99aac7288fa3412684285.jpg, https://www.sevenfive.co.th/en/files/product/original/PRDd5b1168a3c6f9cc8ded3f936dc3db743.jpg"
NTS1-GN13L,"https://www.sevenfive.co.th/en/files/product/original/PRD175222818937.jpg, https://www.sevenfive.co.th/en/files/product/original/PRDfba89eaa4862c3c4df2e7f6a4a54cf39.jpg"
NTS1-SN1084,"https://www.sevenfive.co.th/en/files/product/original/PRD17522282284.jpg, https://www.sevenfive.co.th/en/files/product/original/PRD175411711129.jpg, https://www.sevenfive.co.th/en/files/product/original/PRD175411711175.jpg"
NTS1-SN4007,"https://www.sevenfive.co.th/en/files/product/original/PRD17541171161.jpg, https://www.sevenfive.co.th/en/files/product/original/PRD175411711673.jpg"
NTS1-SN4705,"https://www.sevenfive.co.th/en/files/product/original/PRD17522282362.jpg, https://www.sevenfive.co.th/en/files/product/original/PRD175411713167.jpg"
NTS1-SN4710,"https://www.sevenfive.co.th/en/files/product/original/PRD175222823752.jpg, https://www.sevenfive.co.th/en/files/product/original/PRD175411713226.jpg, https://www.sevenfive.co.th/en/files/product/original/PRD175411713262.jpg"
NTS1-SP0041,"https://www.sevenfive.co.th/en/files/product/original/PRD17541171812.jpg, https://www.sevenfive.co.th/en/files/product/original/PRD175411718133.jpg"
NTS1-THM-TT2,"https://www.sevenfive.co.th/en/files/product/original/PRD175188001151.jpg, https://www.sevenfive.co.th/en/files/product/original/PRDf1915db2cce0208cf97af4f0625d05e8.jpg"
NTS1-WMBH31,"https://www.sevenfive.co.th/en/files/product/original/PRD175411719761.jpg, https://www.sevenfive.co.th/en/files/product/original/PRD175411719776.jpg"
PRC1-KK-LOP01,"https://www.sevenfive.co.th/en/files/product/original/PRD17678587671.jpg, https://www.sevenfive.co.th/en/files/product/original/PRD176785876744.jpg"
PRC1-KK-MBP08,"https://www.sevenfive.co.th/en/files/product/original/PRD176785876712.jpg, https://www.sevenfive.co.th/en/files/product/original/PRD176785876727.jpg"
ROE1-27288,"https://www.sevenfive.co.th/en/files/product/original/PRD17678587703.jpg, https://www.sevenfive.co.th/en/files/product/original/PRD176785877060.jpg"
ROE1-R15,"https://www.sevenfive.co.th/en/files/product/original/PRD176785877533.jpg, https://www.sevenfive.co.th/en/files/product/original/PRD176785877599.jpg"
ROE1-R60A,"https://www.sevenfive.co.th/en/files/product/original/PRD176785877673.jpg, https://www.sevenfive.co.th/en/files/product/original/PRD176785877682.jpg"
ROL1-RBE120,"https://www.sevenfive.co.th/en/files/product/original/PRD176561098275.jpg, https://www.sevenfive.co.th/en/files/product/original/PRD17678587770.jpg, https://www.sevenfive.co.th/en/files/product/original/PRD176785877750.jpg"
ROL1-RBE200,"https://www.sevenfive.co.th/en/files/product/original/PRD176785877716.jpg, https://www.sevenfive.co.th/en/files/product/original/PRD176785877758.jpg, https://www.sevenfive.co.th/en/files/product/original/PRD5e5d1691e065570a70c0cced17f1dc3d.jpg"
SIR1-DOLOMITI-10T-1-1-60X40-R290,"https://www.sevenfive.co.th/en/files/product/original/PRD9bc036e61bb02ff2f2cbf4145c468858.jpg, https://www.sevenfive.co.th/en/files/product/original/PRDa06aa98db8fc35ff2bbc0956924a50c1.png"
SIR1-PPJ6-220V,"https://www.sevenfive.co.th/en/files/product/original/PRD4e975ae5e2fa6008753077366966528f.png, https://www.sevenfive.co.th/en/files/product/original/PRD7c85fa6f14d6f66ff4041c89906240c2.jpg"
SIR1-TC22-COLORADO-MN,"https://www.sevenfive.co.th/en/files/product/original/PRD0346971398c7ec8c56e25dce4cca8742.jpg, https://www.sevenfive.co.th/en/files/product/original/PRD6c7f17efe1e3ca78fea369e784da194e.jpg, https://www.sevenfive.co.th/en/files/product/original/PRDf781874c6116af0ef724938a858ce7a0.jpg"
TBA2-T07A350130-2,"https://www.sevenfive.co.th/en/files/product/original/PRD175592606135.jpg, https://www.sevenfive.co.th/en/files/product/original/PRD175592606271.jpg, https://www.sevenfive.co.th/en/files/product/original/PRD175592606367.jpg, https://www.sevenfive.co.th/en/files/product/original/PRD17565391466.jpg"
TBA2-T10A360020,"https://www.sevenfive.co.th/en/files/product/original/PRD175592607556.jpg, https://www.sevenfive.co.th/en/files/product/original/PRD175592607614.jpg, https://www.sevenfive.co.th/en/files/product/original/PRD175592607690.jpg, https://www.sevenfive.co.th/en/files/product/original/PRD175653915241.jpg"
TRA1-1697+1698,"https://www.sevenfive.co.th/en/files/product/original/PRD01f3dc5c49ed33f15dd035cd8fbad4be.jpg, https://www.sevenfive.co.th/en/files/product/original/PRD4de9ca533c78d784f853fa324441871d.jpg"
WNK1-WIN1-13,"https://www.sevenfive.co.th/en/files/product/original/PRD9ed349274d4a0f19de98b444c5954a4d.jpg, https://www.sevenfive.co.th/en/files/product/original/PRDdd4a8b41ef010aefc60a94b55a64c122.jpg"
WNK1-WIN1-14,"https://www.sevenfive.co.th/en/files/product/original/PRD47269e423364471fb984fa678bb10c61.jpg, https://www.sevenfive.co.th/en/files/product/original/PRDafce7355bae4a0da64de54b320148f20.jpg"
WNK1-WIN1-16,"https://www.sevenfive.co.th/en/files/product/original/PRDfef2cd02a060e74d2e0e9b6558bfd083.jpg, https://www.sevenfive.co.th/en/files/product/original/PRDffc1bc0d3fc8d135a385e0d9a4741cae.jpg"
WNK1-WIN1-17,"https://www.sevenfive.co.th/en/files/product/original/PRDe7921e6e3c9eadbf6f38867c5ab4d8d3.jpg, https://www.sevenfive.co.th/en/files/product/original/PRDe9efbc2e2300fa64c140effaac48a504.jpg"
WNK1-WIN1-20,"https://www.sevenfive.co.th/en/files/product/original/PRD3a3e030dfdfd6ae6b44d84c5add78ab4.jpg, https://www.sevenfive.co.th/en/files/product/original/PRD610b7551c929cf0cb51c942cb7b7815b.jpg"
WNK1-WIN1-22,"https://www.sevenfive.co.th/en/files/product/original/PRD31a0375b068dd143b525aaa239aae314.jpg, https://www.sevenfive.co.th/en/files/product/original/PRD993cbd1546f1b5684ecccb0ad57f857a.jpg"
WNK1-WIN1-24,"https://www.sevenfive.co.th/en/files/product/original/PRD97d90417427238e2e8c721dcdb842995.jpg, https://www.sevenfive.co.th/en/files/product/original/PRDfaf491a2d62f27191279dd7d05d11043.jpg"
WNK1-WIN1-26,"https://www.sevenfive.co.th/en/files/product/original/PRD445c52681d57aa88c79aff394995313e.jpg, https://www.sevenfive.co.th/en/files/product/original/PRD6d0676128bfdf83b7559565d0ad0dea7.jpg"
WNK1-WIN1-27,"https://www.sevenfive.co.th/en/files/product/original/PRDaab4f380e7f2266d4fffbc21dfcd88d5.jpg, https://www.sevenfive.co.th/en/files/product/original/PRDc4c6a498e1a069f3243f31c9b24bab74.jpg"
WNK1-WIN1-4,"https://www.sevenfive.co.th/en/files/product/original/PRD120a0795c18fcdc78623768a8e41dbc5.jpg, https://www.sevenfive.co.th/en/files/product/original/PRDcb1bb308041857b378dc995680617244.jpg"
COG2-65654,"https://www.sevenfive.co.th/en/files/product/original/PRD853e82d448216470c03282a91dc22267.jpg, https://www.sevenfive.co.th/en/files/product/original/PRDfed84ecbd9ecf6928e022b15d94d8836.jpg"
PRC1-KK-SCR3K,"https://www.sevenfive.co.th/en/files/product/original/PRD176975736524.jpg, https://www.sevenfive.co.th/en/files/product/original/PRDd1482a71b4c2a3d552c0796fb857e841.jpg"
HAT2-02.12.096.00,"https://www.sevenfive.co.th/en/files/product/original/288fd8ae3c24cfadf6b281e9cc5ca01f2PRD170936987849.jpg, https://www.sevenfive.co.th/en/files/product/original/402ddb66dc090154af8456d06e5715b90PRD17093698778.jpg, https://www.sevenfive.co.th/en/files/product/original/b1414697846caaa359e2ca7ca07dea6a1PRD170936987869.jpg"
SIR1-SOFTCOOKER-XP-CE,"https://www.sevenfive.co.th/en/files/product/original/PRD01385b95a67584213be8419aaaf03923.jpg, https://www.sevenfive.co.th/en/files/product/original/PRD22b989793d7590b33fbb05221e95bbe1.png"
HAT2-05.03.039.00,"https://www.sevenfive.co.th/en/files/product/original/PRD44ee2cad421a835b7dca7580e2144049.jpg, https://www.sevenfive.co.th/en/files/product/original/PRD5cef02ba6a41a7581a5f2a0d916dff5f.jpg, https://www.sevenfive.co.th/en/files/product/original/PRDd56223719765cc952e2d24d9a4281dc9.jpg"
LKK2-2000W,"https://www.sevenfive.co.th/en/files/product/original/PRD17558516351.jpg, https://www.sevenfive.co.th/en/files/product/original/PRD175585163616.jpg, https://www.sevenfive.co.th/en/files/product/original/PRD175585163621.jpg, https://www.sevenfive.co.th/en/files/product/original/PRD175653866511.jpg"
LKK2-HS50-16,"https://www.sevenfive.co.th/en/files/product/original/PRD175585199831.jpg, https://www.sevenfive.co.th/en/files/product/original/PRD175585199879.jpg, https://www.sevenfive.co.th/en/files/product/original/PRD175585199974.jpg, https://www.sevenfive.co.th/en/files/product/original/PRD175653881956.jpg"
LKK2-HS50-19,"https://www.sevenfive.co.th/en/files/product/original/PRD175585199948.jpg, https://www.sevenfive.co.th/en/files/product/original/PRD175585200029.jpg, https://www.sevenfive.co.th/en/files/product/original/PRD175585200069.jpg, https://www.sevenfive.co.th/en/files/product/original/PRD175585200093.jpg, https://www.sevenfive.co.th/en/files/product/original/PRD175653881946.jpg"
ZAN2-MANI0110,"https://www.sevenfive.co.th/en/files/product/original/PRD175592786320.jpg, https://www.sevenfive.co.th/en/files/product/original/PRD17559278645.jpg, https://www.sevenfive.co.th/en/files/product/original/PRD175592786462.jpg, https://www.sevenfive.co.th/en/files/product/original/PRD175653922915.jpg"
ZAN2-ELET0718,"https://www.sevenfive.co.th/en/files/product/original/PRD175592784815.jpg, https://www.sevenfive.co.th/en/files/product/original/PRD175592784848.jpg, https://www.sevenfive.co.th/en/files/product/original/PRD175592784989.jpg, https://www.sevenfive.co.th/en/files/product/original/PRD175653922344.jpg"
ZAN2-ELET0720,"https://www.sevenfive.co.th/en/files/product/original/PRD175592784935.jpg, https://www.sevenfive.co.th/en/files/product/original/PRD175592784988.jpg, https://www.sevenfive.co.th/en/files/product/original/PRD175592785010.jpg, https://www.sevenfive.co.th/en/files/product/original/PRD175653922344.jpg"
ZAN2-SUPP0492,"https://www.sevenfive.co.th/en/files/product/original/PRD175592786696.jpg, https://www.sevenfive.co.th/en/files/product/original/PRD175592786786.jpg"
ZAN2-PANN0436,"https://www.sevenfive.co.th/en/files/product/original/PRD175592786563.jpg, https://www.sevenfive.co.th/en/files/product/original/PRD175592786697.jpg, https://www.sevenfive.co.th/en/files/product/original/PRD175653923092.jpg"
ZAN2-TERM0093,"https://www.sevenfive.co.th/en/files/product/original/PRD175592787439.jpg, https://www.sevenfive.co.th/en/files/product/original/PRD17559278750.jpg, https://www.sevenfive.co.th/en/files/product/original/PRD175592787565.jpg, https://www.sevenfive.co.th/en/files/product/original/PRD175592787583.jpg, https://www.sevenfive.co.th/en/files/product/original/PRD175592787668.jpg, https://www.sevenfive.co.th/en/files/product/original/PRD175653923253.jpg"
ZAN2-CAVI0058,"https://www.sevenfive.co.th/en/files/product/original/PRD175592783185.jpg, https://www.sevenfive.co.th/en/files/product/original/PRD175592783338.jpg, https://www.sevenfive.co.th/en/files/product/original/PRD175653921572.jpg"
ZAN2-ASSM0770,"https://www.sevenfive.co.th/en/files/product/original/PRD175592782945.jpg, https://www.sevenfive.co.th/en/files/product/original/PRD175592782955.jpg, https://www.sevenfive.co.th/en/files/product/original/PRD175592783031.jpg, https://www.sevenfive.co.th/en/files/product/original/PRD17559278305.jpg, https://www.sevenfive.co.th/en/files/product/original/PRD175653921594.jpg"
PIM1-MMIXER-550W,"https://www.sevenfive.co.th/en/files/product/original/PRD4a6a53f5a1821b13482b529662383ca4.jpg, https://www.sevenfive.co.th/en/files/product/original/PRD91bf767eba079171bf31b86a46318074.jpg, https://www.sevenfive.co.th/en/files/product/original/PRDae3ed04cc0135fa1d5c98d55a580c360.jpg"
PIM1-WHISK185,"https://www.sevenfive.co.th/en/files/product/original/PRD340b11f407c7ebeeddcaa35308fb417a.jpg, https://www.sevenfive.co.th/en/files/product/original/PRDd0a347c5ace365bdb0ef1e649679bb20.jpg"
PIM1-SVC800W-25L,"https://www.sevenfive.co.th/en/files/product/original/PRD0c978ed23030535f5aaabbb674970142.jpg, https://www.sevenfive.co.th/en/files/product/original/PRD93512d6261ed2788cf6d38e737077a65.jpg"
PIM1-SG750W-120AS,"https://www.sevenfive.co.th/en/files/product/original/PRD138769dff2497bbe3c9dffecb6143d0b.jpg, https://www.sevenfive.co.th/en/files/product/original/PRD387b6e2e18cbfb2e396cc1142d119d19.jpg"
CAM1-66HPU-150,"https://www.sevenfive.co.th/en/files/product/original/PRD17689727894.jpg, https://www.sevenfive.co.th/en/files/product/original/PRDb29cfe39f1fd0d5782f822be554d01fa.jpg"
CAM1-1HFPRO4PKI-190,"https://www.sevenfive.co.th/en/files/product/original/PRD87042b8d5ccb5ae27d76c28e311083ec.jpg, https://www.sevenfive.co.th/en/files/product/original/PRDd369749e0cac4d97a075c37edc533216.jpg, https://www.sevenfive.co.th/en/files/product/original/PRDd725844e0fb2452ad9674dcf2219a3ae.jpg, https://www.sevenfive.co.th/en/files/product/original/PRDff6039f25897760aad83c97a426c76b7.jpg"
HAM1-HBF1100SR-CE,"https://www.sevenfive.co.th/en/files/product/original/PRD1c94c9f28f750d535b60550edc359d25.jpg, https://www.sevenfive.co.th/en/files/product/original/PRDbd7748b566c22121fcb095484d91db4f.jpg, https://www.sevenfive.co.th/en/files/product/original/PRDcbbedae09be4a964a7929f1021a30c3a.jpg"
NTS1-WCD-1L,"https://www.sevenfive.co.th/en/files/product/original/PRD334541b2a80805525db7ff0a5652a420.jpg, https://www.sevenfive.co.th/en/files/product/original/PRD92c6f4ababe1a2d7a6db517f8045a8de.jpg, https://www.sevenfive.co.th/en/files/product/original/PRD9b5242e78af99e1d8437078d3c6e331e.jpg, https://www.sevenfive.co.th/en/files/product/original/PRDac3948a84eaefb9b1bacbe881b74a387.jpg"
NTS1-GSTR300400-HLFO,"https://www.sevenfive.co.th/en/files/product/original/PRD059ae99af85b1d2259a417a96362390d.jpg, https://www.sevenfive.co.th/en/files/product/original/PRD17541170258.jpg, https://www.sevenfive.co.th/en/files/product/original/PRD1fa5eddc778e4c6655ce8a430cf44d69.jpg, https://www.sevenfive.co.th/en/files/product/original/PRD2a75c7ef886b7adbe6da0f182ec5d3cd.jpg, https://www.sevenfive.co.th/en/files/product/original/PRD4069d21219c3432eacc5a763f53df828.jpg, https://www.sevenfive.co.th/en/files/product/original/PRD6ecae02d1713e99d199b1c3a5a1dc7f3.jpg"
NTS1-GSTR400300-HLFO,"https://www.sevenfive.co.th/en/files/product/original/PRD7a939da64ccc76513dda2c48b7744d87.jpg, https://www.sevenfive.co.th/en/files/product/original/PRDb0e110e0b4fa5477bb6b22db1bd8b6ec.jpg, https://www.sevenfive.co.th/en/files/product/original/PRDbc42576c0b69d3ac272cc6355ec3a4c4.jpg, https://www.sevenfive.co.th/en/files/product/original/PRDcab740cd7423b7cbbf34a732f86136d9.jpg, https://www.sevenfive.co.th/en/files/product/original/PRDe9c2d9b650f1f8f8da157e886b38e374.jpg"
NTS1-GSTR400300-HLSO,"https://www.sevenfive.co.th/en/files/product/original/PRD28f040b11711082bfebf5b1ff2de5c5f.jpg, https://www.sevenfive.co.th/en/files/product/original/PRDa293162cc5e954033deb1581680b3d62.jpg, https://www.sevenfive.co.th/en/files/product/original/PRDb6ade0c98895fb9737dc71726418096f.jpg, https://www.sevenfive.co.th/en/files/product/original/PRDd05965a6098da5c976d847199a23886c.jpg, https://www.sevenfive.co.th/en/files/product/original/PRDfa97edb1d8bb3e105e97941a04df3452.jpg"
NTS1-GSTR400300-SLFO,"https://www.sevenfive.co.th/en/files/product/original/PRD61a57e6be6d67a7838c81b9f97c7742a.jpg, https://www.sevenfive.co.th/en/files/product/original/PRD701f721ff508b64d8963ef0fab006350.jpg, https://www.sevenfive.co.th/en/files/product/original/PRD95f949b411e10583a47a01bc430041bb.jpg, https://www.sevenfive.co.th/en/files/product/original/PRDe1532d652a9e57728ea6a31e7f0f6deb.jpg, https://www.sevenfive.co.th/en/files/product/original/PRDe26e39cc9e775cafe97f896c8060509e.jpg"
NTS1-GSTR400300-SLDO,"https://www.sevenfive.co.th/en/files/product/original/PRD2ef0e88f0ec60a546d900bf615a4172b.jpg, https://www.sevenfive.co.th/en/files/product/original/PRD6d042b7963a38b533676b9b8eb4675d2.jpg, https://www.sevenfive.co.th/en/files/product/original/PRD709105a1aea1e7529b52954c37d12c71.jpg, https://www.sevenfive.co.th/en/files/product/original/PRDb8ca5734a273302f7d97850df42651cf.jpg, https://www.sevenfive.co.th/en/files/product/original/PRDf22e30934ace48a916a95c039ef4464c.jpg"
NTS1-PVL-SS-650,"https://www.sevenfive.co.th/en/files/product/original/PRD175411708899.jpg, https://www.sevenfive.co.th/en/files/product/original/PRD330faa15a874f1df6cfd92de120de25b.jpg"
NTS1-PVL-SS-1300,"https://www.sevenfive.co.th/en/files/product/original/PRD17541170873.jpg, https://www.sevenfive.co.th/en/files/product/original/PRD5bc7f06d3d5aa017018ec5100fa405ed.jpg"
NTS1-PVL-SS-2250,"https://www.sevenfive.co.th/en/files/product/original/PRD175411708737.jpg, https://www.sevenfive.co.th/en/files/product/original/PRD9f113799ee391b3a82f17ab968304585.jpg"
LKK1-AP838,"https://www.sevenfive.co.th/en/files/product/original/PRD2b2141fe95161e9743297b43773f7b91.jpg, https://www.sevenfive.co.th/en/files/product/original/PRDb65ac3c104ec0477d42034510932605f.jpg, https://www.sevenfive.co.th/en/files/product/original/PRDece5edd5dbefa11440e708e554079d84.jpg"
NTS1-SN4704,"https://www.sevenfive.co.th/en/files/product/original/PRD175411712936.jpg, https://www.sevenfive.co.th/en/files/product/original/PRD175411712999.jpg"
PIM2-TC22-11,"https://www.sevenfive.co.th/en/files/product/original/PRD175522654057.jpg, https://www.sevenfive.co.th/en/files/product/original/PRD175522654092.jpg, https://www.sevenfive.co.th/en/files/product/original/PRD175522654124.jpg, https://www.sevenfive.co.th/en/files/product/original/PRD175522654152.jpg, https://www.sevenfive.co.th/en/files/product/original/PRD175522654187.jpg, https://www.sevenfive.co.th/en/files/product/original/PRD175522654196.jpg"
PIM2-TC22-13,"https://www.sevenfive.co.th/en/files/product/original/PRD175522654964.jpg, https://www.sevenfive.co.th/en/files/product/original/PRD175522654970.jpg, https://www.sevenfive.co.th/en/files/product/original/PRD175522655117.jpg"
PIM2-TC12-13-20,"https://www.sevenfive.co.th/en/files/product/original/PRD175522639341.jpg, https://www.sevenfive.co.th/en/files/product/original/PRD175522639413.jpg, https://www.sevenfive.co.th/en/files/product/original/PRD175522639454.jpg, https://www.sevenfive.co.th/en/files/product/original/PRD175522639469.jpg, https://www.sevenfive.co.th/en/files/product/original/PRD175522640158.jpg, https://www.sevenfive.co.th/en/files/product/original/PRD175522640166.jpg, https://www.sevenfive.co.th/en/files/product/original/PRD17552264081.jpg, https://www.sevenfive.co.th/en/files/product/original/PRD175522641996.jpg, https://www.sevenfive.co.th/en/files/product/original/PRD175522643056.jpg, https://www.sevenfive.co.th/en/files/product/original/PRD175522644024.jpg, https://www.sevenfive.co.th/en/files/product/original/PRD17552264461.jpg, https://www.sevenfive.co.th/en/files/product/original/PRD175522645158.jpg"
SIR1-VERTIGO-30,"https://www.sevenfive.co.th/en/files/product/original/PRDe5d3500979e2b795b9553948f049689c.jpg, https://www.sevenfive.co.th/en/files/product/original/PRDfbb1f6ae719e5bc19a7c9693e5e31027.jpg"
NTS1-FPA-SSNS-D200,"https://www.sevenfive.co.th/en/files/product/original/PRD00050a79c61415a906c044344f49c540.jpg, https://www.sevenfive.co.th/en/files/product/original/PRD175411700722.jpg, https://www.sevenfive.co.th/en/files/product/original/PRD2a588766313be1bbeb878a1219a2fbe0.jpg"
NTS1-FPA-SSNS-D240,"https://www.sevenfive.co.th/en/files/product/original/PRD17541170083.jpg, https://www.sevenfive.co.th/en/files/product/original/PRD194bed9526778ef2bdf99a41706dbcef.jpg, https://www.sevenfive.co.th/en/files/product/original/PRDf97e5a91769bb6bd0c2a81776c396b00.jpg"
NTS1-FPA-SSNS-D260,"https://www.sevenfive.co.th/en/files/product/original/PRD00bc6d062eda2cfbd28ca126f36b032c.jpg, https://www.sevenfive.co.th/en/files/product/original/PRD175411700818.jpg, https://www.sevenfive.co.th/en/files/product/original/PRDc63518069a8afc3fd7042bd87eaac5f9.jpg"
NTS1-FPA-SSNS-D280,"https://www.sevenfive.co.th/en/files/product/original/PRD175411700954.jpg, https://www.sevenfive.co.th/en/files/product/original/PRDab2ea607121b4af276e996329e9849cb.jpg, https://www.sevenfive.co.th/en/files/product/original/PRDb27c3796687b48ba8eb7bf6928a1487a.jpg"
NTS1-FPA-SSNS-D300,"https://www.sevenfive.co.th/en/files/product/original/PRD17541170090.jpg, https://www.sevenfive.co.th/en/files/product/original/PRD5a3865abd85f8ea5a19d465bf4899979.jpg, https://www.sevenfive.co.th/en/files/product/original/PRDc4e97be334c9719da765cc5bde43be1e.jpg"
NTS1-FPA-SSNS-D320,"https://www.sevenfive.co.th/en/files/product/original/PRD175411701097.jpg, https://www.sevenfive.co.th/en/files/product/original/PRD88836c61104221a18af18a78987e83f3.jpg, https://www.sevenfive.co.th/en/files/product/original/PRDc1e513a1151344a0424c71377524bd4f.jpg"
NTS1-FPA-SSNS-D340,"https://www.sevenfive.co.th/en/files/product/original/PRD7d88f38e5489fdc4c212546f834fc7be.jpg, https://www.sevenfive.co.th/en/files/product/original/PRDec1d10ea29634e50bd3e6a622463b2d4.jpg"
NTS1-FPA-SSNS-D360,"https://www.sevenfive.co.th/en/files/product/original/PRD6d6618a8da2991ccc44fee23e67ba02c.jpg, https://www.sevenfive.co.th/en/files/product/original/PRDa44abdded75712627092fb96e07036d9.jpg"
NTS1-FPH-SSNS-D200,"https://www.sevenfive.co.th/en/files/product/original/PRDa6589e2eb93f622d52686008d64000d0.jpg, https://www.sevenfive.co.th/en/files/product/original/PRDf5bd0b42d65b3e29a0d94818fd4efb14.jpg"
NTS1-FPH-SSNS-D220,"https://www.sevenfive.co.th/en/files/product/original/PRD175411701631.jpg, https://www.sevenfive.co.th/en/files/product/original/PRD2f56873adea305b75610462b5a6136b6.jpg, https://www.sevenfive.co.th/en/files/product/original/PRDddb2f74c5666ed1b10e49e2317cde145.jpg"
NTS1-FPH-SSNS-D280,"https://www.sevenfive.co.th/en/files/product/original/PRD12e0a71d1f7d92bdffb66060a99be5ee.jpg, https://www.sevenfive.co.th/en/files/product/original/PRD175411701770.jpg, https://www.sevenfive.co.th/en/files/product/original/PRD2823e9555fe6b88a9408af71b77c6314.jpg"
NTS1-FPH-SSNS-D300,"https://www.sevenfive.co.th/en/files/product/original/PRD152d6709bc4a91b83f937d23fb0cd04b.jpg, https://www.sevenfive.co.th/en/files/product/original/PRD175411701884.jpg, https://www.sevenfive.co.th/en/files/product/original/PRD21847b7bf1fa90f1eee39a6a92a50011.jpg"
NTS1-FPH-SSNS-D340,"https://www.sevenfive.co.th/en/files/product/original/PRD175411701997.jpg, https://www.sevenfive.co.th/en/files/product/original/PRDdd0ef6b6938134a9accf95de0d3b0aca.png"
NTS1-FPB-SS-D200,"https://www.sevenfive.co.th/en/files/product/original/PRD175411701085.jpg, https://www.sevenfive.co.th/en/files/product/original/PRD869898c282988422bf65809b801255c2.jpg, https://www.sevenfive.co.th/en/files/product/original/PRDd9e9aeb281d7de3decca7aa854c7de5b.jpg"
NTS1-FPB-SS-D220,"https://www.sevenfive.co.th/en/files/product/original/PRD175411701160.jpg, https://www.sevenfive.co.th/en/files/product/original/PRD4576b63fabf5ace495e7fdb19f3e9794.jpg, https://www.sevenfive.co.th/en/files/product/original/PRD88d3313533d894540744e334718833f8.jpg"
NTS1-FPB-SS-D240,"https://www.sevenfive.co.th/en/files/product/original/PRD175411701235.jpg, https://www.sevenfive.co.th/en/files/product/original/PRD187990d9700a31809cda9986add728e2.jpg, https://www.sevenfive.co.th/en/files/product/original/PRD3756a4e9e6dfc1a978e1c4c1de2a68db.jpg, https://www.sevenfive.co.th/en/files/product/original/PRD5ff743cb5e756b9627ef749c1090031c.jpg, https://www.sevenfive.co.th/en/files/product/original/PRD6f8e5ce545b5dd55afe7cdca6150f836.jpg"
NTS1-FPB-SS-D260,"https://www.sevenfive.co.th/en/files/product/original/PRD175411701255.jpg, https://www.sevenfive.co.th/en/files/product/original/PRD492fd5339e141af12e8834cf8842c3d0.jpg, https://www.sevenfive.co.th/en/files/product/original/PRD71ea7f3616c75c60dca31fcef9da93aa.jpg, https://www.sevenfive.co.th/en/files/product/original/PRD728a02663c688312d24d7b92db581475.jpg, https://www.sevenfive.co.th/en/files/product/original/PRD8d935885deb171c0813ee0ee27a4fa90.jpg"
NTS1-FPB-SS-D280,"https://www.sevenfive.co.th/en/files/product/original/PRD175411701333.jpg, https://www.sevenfive.co.th/en/files/product/original/PRD55f583a4d8493d7895f9a19814f244e3.jpg, https://www.sevenfive.co.th/en/files/product/original/PRD63a9c0c129001e37c7ae3249dbb0acd4.jpg, https://www.sevenfive.co.th/en/files/product/original/PRDadcca613ff332ae1b5485f45c17e8901.jpg, https://www.sevenfive.co.th/en/files/product/original/PRDfcbf4c89889fc4d3e9129035d1ccec8c.jpg"
NTS1-FPB-SS-D300,"https://www.sevenfive.co.th/en/files/product/original/PRD175411701333.jpg, https://www.sevenfive.co.th/en/files/product/original/PRD4ceaf845c6332088a9e7257407e3e28a.jpg, https://www.sevenfive.co.th/en/files/product/original/PRD7f400e4c9dfa2eb8dc34f5ae1a49f503.jpg"
NTS1-FPB-SS-D320,"https://www.sevenfive.co.th/en/files/product/original/PRD175411701465.jpg, https://www.sevenfive.co.th/en/files/product/original/PRD404041ba1692c0c00a6e9fa62c09d23f.jpg, https://www.sevenfive.co.th/en/files/product/original/PRDf9e3b31eccee88be15ba708a127aa67f.jpg"
NTS1-FPB-SS-D340,"https://www.sevenfive.co.th/en/files/product/original/PRD175411701545.jpg, https://www.sevenfive.co.th/en/files/product/original/PRD2690f23d4524f2a6c5607a4f4bad59dd.jpg, https://www.sevenfive.co.th/en/files/product/original/PRDab4f8a2de79f724465250980ee3a04b0.jpg"
NTS1-FPB-SS-D360,"https://www.sevenfive.co.th/en/files/product/original/PRD0637a75a97e7a4dfbdc80fe824c1d011.jpg, https://www.sevenfive.co.th/en/files/product/original/PRD175411701553.jpg, https://www.sevenfive.co.th/en/files/product/original/PRDb180e1701600bde99a6630b2e8216fad.jpg"
NTS1-CSSP-D200,"https://www.sevenfive.co.th/en/files/product/original/PRD90cc2f175e76f544bd8042b39d671bdb.jpg, https://www.sevenfive.co.th/en/files/product/original/PRDdec3f57948759afc81c5a44289e308ed.jpg, https://www.sevenfive.co.th/en/files/product/original/PRDef0e11e12daad193f9be7fb8e482ba59.jpg"
NTS1-CSSP-D250,"https://www.sevenfive.co.th/en/files/product/original/PRD0d00233e2eef1335058b4d44761bb80b.jpg, https://www.sevenfive.co.th/en/files/product/original/PRD7d46e426baa056d3262583c054b700b8.jpg, https://www.sevenfive.co.th/en/files/product/original/PRDcfdf972b9a7498e4ad519dd9ee3c7d5e.jpg"
NTS1-CSSP-D280,"https://www.sevenfive.co.th/en/files/product/original/PRD23ab357010d6977210b85555fc923067.jpg, https://www.sevenfive.co.th/en/files/product/original/PRD643c54e0bdceec6b38a402ec3ac52ab0.jpg, https://www.sevenfive.co.th/en/files/product/original/PRD9be5ebd39cd5087b424f5531d6e45645.jpg"
NTS1-CSSP-D300,"https://www.sevenfive.co.th/en/files/product/original/PRD30530ac7a15397317cb6b3816c610a59.jpg, https://www.sevenfive.co.th/en/files/product/original/PRD5db738737568834c30822aeae8148713.jpg, https://www.sevenfive.co.th/en/files/product/original/PRD7ceb0a134e2cedc503b1b856c8578ed8.jpg"
NTS1-CSSP-D320,"https://www.sevenfive.co.th/en/files/product/original/PRD0dd7759a6f23a62500312f4663b5b792.jpg, https://www.sevenfive.co.th/en/files/product/original/PRD0ef2df79f3975dbdda49c18e4b9666fd.jpg, https://www.sevenfive.co.th/en/files/product/original/PRDc1c2be6abcce4c935990fa3c75ee7d29.jpg"
NTS1-CSSP-D350,"https://www.sevenfive.co.th/en/files/product/original/PRD0fd32ac031f6569157e4450ac5488539.jpg, https://www.sevenfive.co.th/en/files/product/original/PRD58646427a42e39637433aa1e260d5800.jpg, https://www.sevenfive.co.th/en/files/product/original/PRDc2cd4b8d7409dff273452277a8cb85ee.jpg"
NTS1-CSSP-D360,"https://www.sevenfive.co.th/en/files/product/original/PRD585aa7e6b7af3a4b133eb3fea0666ce1.jpg, https://www.sevenfive.co.th/en/files/product/original/PRDcf36d15f696de32d6180d969bbf2b827.jpg, https://www.sevenfive.co.th/en/files/product/original/PRDd87e08b23fc409430764dd6062285680.jpg"
NTS1-CSSP-D400,"https://www.sevenfive.co.th/en/files/product/original/PRD2230ee7586e17e0dcefc93180c2f6b9f.jpg, https://www.sevenfive.co.th/en/files/product/original/PRD877dc983e2a7a8f93c2829421b156104.jpg, https://www.sevenfive.co.th/en/files/product/original/PRDbbe33276d3a8c0d0d55d1d779bbce7bd.jpg"
NTS1-CSSP-D450,"https://www.sevenfive.co.th/en/files/product/original/PRD56bc7735049163a5c8df0e793fd2cde0.jpg, https://www.sevenfive.co.th/en/files/product/original/PRD93575a2f7f41eb51078f29972497d887.jpg, https://www.sevenfive.co.th/en/files/product/original/PRD963273784db9ccb25a78136284aab60f.jpg"
NTS1-CSSP-D500,"https://www.sevenfive.co.th/en/files/product/original/PRD1e25cacb2397b07ac368030bf7fd88d6.jpg, https://www.sevenfive.co.th/en/files/product/original/PRDa48292cb46cb3338407f4bedb9c9bff3.jpg, https://www.sevenfive.co.th/en/files/product/original/PRDf77ebad4afd3ef94d7877f44aa8de5ce.jpg"
NTS1-CSSP-D550,"https://www.sevenfive.co.th/en/files/product/original/PRDc537ca63159778feabec3c19af371680.jpg, https://www.sevenfive.co.th/en/files/product/original/PRDd08ae43364cccfd2def3d83decdb88c3.jpg, https://www.sevenfive.co.th/en/files/product/original/PRDeecf4ed7ba791bc1093903596f18017f.jpg"
NTS1-CSSP-D6006,"https://www.sevenfive.co.th/en/files/product/original/PRD2e3400b783d5e976401a49e9379e02bb.jpg, https://www.sevenfive.co.th/en/files/product/original/PRD4389e1ca08db9a42da0a44cf1f436ba8.jpg, https://www.sevenfive.co.th/en/files/product/original/PRD9a78d301b9ba80aab4568bb7989de3d6.jpg"
NTS1-CSSP-D6007,"https://www.sevenfive.co.th/en/files/product/original/PRD33eada9475d88da2f18fabd2870eda3d.jpg, https://www.sevenfive.co.th/en/files/product/original/PRD90ddcd527859eee02c58c431b47153eb.jpg, https://www.sevenfive.co.th/en/files/product/original/PRDfbb621a0bcbc6200be9451acb2955546.jpg"
NTS1-CSSP-D6008,"https://www.sevenfive.co.th/en/files/product/original/PRD15c5c81a491b234e1d02f91a38cc1769.jpg, https://www.sevenfive.co.th/en/files/product/original/PRD5011e5989e46d3e9651e8980bd642051.jpg, https://www.sevenfive.co.th/en/files/product/original/PRDf315dc7a36f5c8e69d57b94a2cadb0b5.jpg"
NTS1-CSSA-D120H75,"https://www.sevenfive.co.th/en/files/product/original/PRD8ca064136690fb1dc34c186519be28b9.jpg, https://www.sevenfive.co.th/en/files/product/original/PRD91001340d343cb6784be9f46b20eb285.jpg"
NTS1-CSSA-D140H85,"https://www.sevenfive.co.th/en/files/product/original/PRD175411699064.jpg, https://www.sevenfive.co.th/en/files/product/original/PRD88ee766886e407ca9415d99e0e6661e5.jpg, https://www.sevenfive.co.th/en/files/product/original/PRD8f5946bea45b736fab96ae838a3c8a15.jpg"
NTS1-CSSA-D160H95,"https://www.sevenfive.co.th/en/files/product/original/PRD4d9b659b65835d73aeff273074e6e7ed.jpg, https://www.sevenfive.co.th/en/files/product/original/PRDc9a07efc18fa1629cc28c4a962b33123.jpg"
NTS1-CSSA-D180H100,"https://www.sevenfive.co.th/en/files/product/original/PRD175411699134.jpg, https://www.sevenfive.co.th/en/files/product/original/PRD2fbcab0883bed9e5b7a02992db71f9d9.jpg, https://www.sevenfive.co.th/en/files/product/original/PRDc7b0b458126c4b99f5814e1c65e0751e.jpg"
NTS1-CSSA-D200H120,"https://www.sevenfive.co.th/en/files/product/original/PRD175411699252.jpg, https://www.sevenfive.co.th/en/files/product/original/PRDa1a93d6a638ade182335a61dfc5a1ba3.jpg, https://www.sevenfive.co.th/en/files/product/original/PRDc6dc4ddb061c8e87a13abd4383c17ad7.jpg"
NTS1-CSSA-D220H130,"https://www.sevenfive.co.th/en/files/product/original/PRD1c790777b460ab552ca5763fe6f2238a.jpg, https://www.sevenfive.co.th/en/files/product/original/PRDcf2b0cc26a19220306a6e8f02c360ce5.jpg"
NTS1-CSSA-D240H135,"https://www.sevenfive.co.th/en/files/product/original/PRD175411699483.jpg, https://www.sevenfive.co.th/en/files/product/original/PRD241a819279cc00871d42d97aa9d3c14a.jpg, https://www.sevenfive.co.th/en/files/product/original/PRD537aac2a438a1d1106c0a7c9840b57d1.jpg"
NTS1-CSSA-D120H50,"https://www.sevenfive.co.th/en/files/product/original/PRD175411698965.jpg, https://www.sevenfive.co.th/en/files/product/original/PRD6684f9e4163a11db71e9c75e7ddce133.jpg, https://www.sevenfive.co.th/en/files/product/original/PRD6ca4621e5f0ee421f4fc72b6837e4eb9.jpg"
NTS1-CSSA-D140H55,"https://www.sevenfive.co.th/en/files/product/original/PRD175411698962.jpg, https://www.sevenfive.co.th/en/files/product/original/PRD370c85d815c1ea670dad35adc3be901a.jpg, https://www.sevenfive.co.th/en/files/product/original/PRD8b0c9bdaf76060e07082532d322fc537.jpg"
NTS1-CSSA-D160H60,"https://www.sevenfive.co.th/en/files/product/original/PRD056bc2b119c8ba693750c0aebf53ed87.jpg, https://www.sevenfive.co.th/en/files/product/original/PRD175411699077.jpg, https://www.sevenfive.co.th/en/files/product/original/PRD7c9890ab30d95673a3d3903305469799.jpg"
NTS1-CSSA-D180H65,"https://www.sevenfive.co.th/en/files/product/original/PRD175411699180.jpg, https://www.sevenfive.co.th/en/files/product/original/PRD4e1178758a64adb0a445c339e54d152e.jpg, https://www.sevenfive.co.th/en/files/product/original/PRD6a6ae5d22223ad43210f5c49b36381a8.jpg"
NTS1-CSSA-D200H70,"https://www.sevenfive.co.th/en/files/product/original/PRD0eaf88526bdcdc8a7341c3f4ad7afe7c.jpg, https://www.sevenfive.co.th/en/files/product/original/PRD175411699311.jpg, https://www.sevenfive.co.th/en/files/product/original/PRD8fde2ed8e36cd5736d9e0e8939e1f02d.jpg"
NTS1-CSSA-D220H75,"https://www.sevenfive.co.th/en/files/product/original/PRD175411699388.jpg, https://www.sevenfive.co.th/en/files/product/original/PRDa0c8c4f415e979e5cfabd6d255dcba90.jpg, https://www.sevenfive.co.th/en/files/product/original/PRDc9ab1cb127b000a29cca7bafd17c0bf3.jpg"
NTS1-CSSA-D240H80,"https://www.sevenfive.co.th/en/files/product/original/PRD175411699434.jpg, https://www.sevenfive.co.th/en/files/product/original/PRD9763aaf5870849297777cb4fa9febfa4.jpg, https://www.sevenfive.co.th/en/files/product/original/PRDe1457cb6a52c0233a577b1e9f056414e.jpg"
NTS1-BSP-H120,"https://www.sevenfive.co.th/en/files/product/original/PRD5ff7e3eecbecc0a1121597ae0edd0e9e.jpg, https://www.sevenfive.co.th/en/files/product/original/PRDaaab85af5558dde7e47fffe00ec95dfa.jpg"
NTS1-BSP-H130,"https://www.sevenfive.co.th/en/files/product/original/PRD1138885fa59b6451cdab916910a0116e.jpg, https://www.sevenfive.co.th/en/files/product/original/PRD4b528ae3fa0a490cb03f34accf5a9796.jpg"
NTS1-BSP-H135,"https://www.sevenfive.co.th/en/files/product/original/PRDdd1a2701021b36b368fef23669477d5e.jpg, https://www.sevenfive.co.th/en/files/product/original/PRDe857b48521cc5569a6cd93c8202b3994.jpg"
NTS1-BSP-H150,"https://www.sevenfive.co.th/en/files/product/original/PRDbbf02a1313b83ad44a4bc73978b3d56d.jpg, https://www.sevenfive.co.th/en/files/product/original/PRDf81936cc77865c5d4467a4e46ac6e046.jpg"
NTS1-BSP-H160,"https://www.sevenfive.co.th/en/files/product/original/PRD730f1cde7d906c5b5c2cc576a236bb65.jpg, https://www.sevenfive.co.th/en/files/product/original/PRDd026a7900dc5f7e17c580628d125397e.jpg"
NTS1-BSP-H180,"https://www.sevenfive.co.th/en/files/product/original/PRD29355f767ef3453644ed7e7092cc3ccc.jpg, https://www.sevenfive.co.th/en/files/product/original/PRDb97504c51fe56ea39e045906003f749d.jpg"
NTS1-BSP-H220,"https://www.sevenfive.co.th/en/files/product/original/PRDab334af0446a46f41da998b621a47bd5.jpg, https://www.sevenfive.co.th/en/files/product/original/PRDf4fd4fab388c5ebd233819beec72cf32.jpg"
NTS1-SP-H70,"https://www.sevenfive.co.th/en/files/product/original/PRD21077cbbb148f2c08de90b61884be322.jpg, https://www.sevenfive.co.th/en/files/product/original/PRD84c48909e3ba3aa86430bd889a7bbf66.jpg, https://www.sevenfive.co.th/en/files/product/original/PRD9f1fd953569fb6a9f8f01f129a11b2c5.jpg"
NTS1-SP-H75,"https://www.sevenfive.co.th/en/files/product/original/PRD02d0b76d8d1e48f276654d950893a837.jpg, https://www.sevenfive.co.th/en/files/product/original/PRD4d0533154d65086cea2c1c3326809116.jpg, https://www.sevenfive.co.th/en/files/product/original/PRD838ab640b72bf41ede4ced2835e7bf83.jpg"
NTS1-SP-H80,"https://www.sevenfive.co.th/en/files/product/original/PRD46317d721ebcd137a47e3067e747a687.jpg, https://www.sevenfive.co.th/en/files/product/original/PRD54ae64667de99e44710a5aa70481e4ea.jpg, https://www.sevenfive.co.th/en/files/product/original/PRD8347e8aac78609ed965d268e47b91ceb.jpg"
NTS1-SP-H85,"https://www.sevenfive.co.th/en/files/product/original/PRD244c0a9d74d61b3e42eb252edfe7db4d.jpg, https://www.sevenfive.co.th/en/files/product/original/PRD6964ca4b610b5464d835a5c02b968d34.jpg, https://www.sevenfive.co.th/en/files/product/original/PRDaeab5555ace23882869569da682a772c.jpg"
NTS1-SP-H90,"https://www.sevenfive.co.th/en/files/product/original/PRD66bd77c25aeb505657b3333a4b0aaf42.jpg, https://www.sevenfive.co.th/en/files/product/original/PRD9d972bcfc558d1adf19a23cdc56cd635.jpg, https://www.sevenfive.co.th/en/files/product/original/PRDab0bd16afdd646028fbf56bcbc462a11.jpg"
NTS1-SP-H100,"https://www.sevenfive.co.th/en/files/product/original/PRD05907098e13393f61632bd6507eaf267.jpg, https://www.sevenfive.co.th/en/files/product/original/PRD5584db8dea29ecff20bff84681c0914c.jpg, https://www.sevenfive.co.th/en/files/product/original/PRDebd773a7d1bd8445d41a4be83f28fd4e.jpg"
NTS1-SP-H110,"https://www.sevenfive.co.th/en/files/product/original/PRD285aa23515f0757404ace7795587047a.jpg, https://www.sevenfive.co.th/en/files/product/original/PRD8088d1d885bdbb4b3751cc0401536022.jpg, https://www.sevenfive.co.th/en/files/product/original/PRDe0907ebed717f11122984150ae17d3d5.jpg"
NTS1-LSP-200,"https://www.sevenfive.co.th/en/files/product/original/PRD3f633ad8cefa4b0fbaeeff30a4636d86.jpg, https://www.sevenfive.co.th/en/files/product/original/PRDfc703c74113ea0cc3895f28b5232d989.jpg"
NTS1-LSP-220,"https://www.sevenfive.co.th/en/files/product/original/PRD2c2d243150c20ac9021c56846a0400e2.jpg, https://www.sevenfive.co.th/en/files/product/original/PRD7295507570162f42b0447b3176485ea1.jpg"
NTS1-LSP-240,"https://www.sevenfive.co.th/en/files/product/original/PRD6ea37ea0658bd83e5955a17e1a32fa7a.jpg, https://www.sevenfive.co.th/en/files/product/original/PRDd304be0f0a7a5b2e3c5e0abfb7f9bdfb.jpg"
NTS1-LSP-260,"https://www.sevenfive.co.th/en/files/product/original/PRD0181c7d5b94ba48ae753efff0ba58e70.jpg, https://www.sevenfive.co.th/en/files/product/original/PRDe9b4a1f38e9f9ebed784870d669b5895.jpg"
NTS1-LSP-280,"https://www.sevenfive.co.th/en/files/product/original/PRDdc22ef676deb7036211852026b268ad9.jpg, https://www.sevenfive.co.th/en/files/product/original/PRDe4abee3995996b47df45e3522dca0b78.jpg"
NTS1-LSP-300,"https://www.sevenfive.co.th/en/files/product/original/PRD8fe01b45cf4faea9f2c1a6f981ac1772.jpg, https://www.sevenfive.co.th/en/files/product/original/PRDcb9f49e45421171989ea79ec530f93c7.jpg"
NTS1-LSP-320,"https://www.sevenfive.co.th/en/files/product/original/PRD6b6632eff5c172ade1ec39c1b74df5fa.jpg, https://www.sevenfive.co.th/en/files/product/original/PRD8d2503450e509bc474b6ef1fea80d548.jpg"
NTS1-BODY-STD40,"https://www.sevenfive.co.th/en/files/product/original/PRD6db35c651bbf1cca50f2e7c41e1e3265.jpg, https://www.sevenfive.co.th/en/files/product/original/PRD98f017cc1531a345a8584424b8084028.jpg"
NTS1-BODY-STD47,"https://www.sevenfive.co.th/en/files/product/original/PRD71b1441767a5301e1a00fcbf72631902.jpg, https://www.sevenfive.co.th/en/files/product/original/PRDb87844e8cd64da6931bc2a38db227035.jpg"
NTS1-BODY-STD52,"https://www.sevenfive.co.th/en/files/product/original/PRD2def630e2fe7e23a37e96a4ce994d42c.jpg, https://www.sevenfive.co.th/en/files/product/original/PRD8b9f3f96a1d71550702df4deb0f93554.jpg"
NTS1-BODY-STD54,"https://www.sevenfive.co.th/en/files/product/original/PRD8e879966134d4542e0192d57d1b0e8ff.jpg, https://www.sevenfive.co.th/en/files/product/original/PRDd7407804d7e4955222cde90e5c03e9d3.jpg"
NTS1-BODY-STD56,"https://www.sevenfive.co.th/en/files/product/original/PRD3e708991fdc751012657380cd1641adb.jpg, https://www.sevenfive.co.th/en/files/product/original/PRDab500795b29599f4c08925ee27154aff.jpg"
NTS1-LID-ST40,"https://www.sevenfive.co.th/en/files/product/original/PRD69d6978d8ea360bbc3185c9c8c771348.jpg, https://www.sevenfive.co.th/en/files/product/original/PRD6e439d23d6629f1db4835fefb792a0fa.jpg"
NTS1-LID-ST47,"https://www.sevenfive.co.th/en/files/product/original/PRD6a3cecf2ab3f6537f9d57a815a267e8b.jpg, https://www.sevenfive.co.th/en/files/product/original/PRD7e5ea667a1064e56a17e0c997a09a3b7.jpg"
NTS1-LID-ST54,"https://www.sevenfive.co.th/en/files/product/original/PRD4ef646c501e8500a5c8a0e06a6484c11.jpg, https://www.sevenfive.co.th/en/files/product/original/PRD622550d77e8901cf37ebd21c13b0f14f.jpg"
NTS1-LID-ST56,"https://www.sevenfive.co.th/en/files/product/original/PRD2e852b83f5f34d655aa79fa187aecec7.jpg, https://www.sevenfive.co.th/en/files/product/original/PRDb2c910ae6e427a745d43426e7038c171.jpg"
NTS1-ELE-KNHO,"https://www.sevenfive.co.th/en/files/product/original/PRD1dfe337b5bad159b1f1a7fbec97d7d26.jpg, https://www.sevenfive.co.th/en/files/product/original/PRD21b29dcc2a0f69161e3decf26722e666.jpg, https://www.sevenfive.co.th/en/files/product/original/PRDff826478678ec209fd304dc15903fc53.jpg"
PIM2-916020014,"https://www.sevenfive.co.th/en/files/product/original/PRD03bbbb3d5aa84270a258ab49fbb3d779.jpg, https://www.sevenfive.co.th/en/files/product/original/PRD175522547429.jpg, https://www.sevenfive.co.th/en/files/product/original/PRD175522547478.jpg, https://www.sevenfive.co.th/en/files/product/original/PRD175522547482.jpg, https://www.sevenfive.co.th/en/files/product/original/PRD175522547494.jpg, https://www.sevenfive.co.th/en/files/product/original/PRD175522547770.jpg, https://www.sevenfive.co.th/en/files/product/original/PRD175522547817.jpg, https://www.sevenfive.co.th/en/files/product/original/PRD175522547842.jpg, https://www.sevenfive.co.th/en/files/product/original/PRD175522547893.jpg, https://www.sevenfive.co.th/en/files/product/original/PRD175522548227.jpg, https://www.sevenfive.co.th/en/files/product/original/PRD175522548241.jpg, https://www.sevenfive.co.th/en/files/product/original/PRD175522548276.jpg, https://www.sevenfive.co.th/en/files/product/original/PRD175522548742.jpg, https://www.sevenfive.co.th/en/files/product/original/PRD175522548744.jpg, https://www.sevenfive.co.th/en/files/product/original/PRD175522549269.jpg, https://www.sevenfive.co.th/en/files/product/original/PRD175522549280.jpg, https://www.sevenfive.co.th/en/files/product/original/PRD7495fa19b66098127d2637957da44709.jpg, https://www.sevenfive.co.th/en/files/product/original/PRDd9c70b4ab33f60b22430981eb5c03eb2.jpg"
PIM2-905060048,"https://www.sevenfive.co.th/en/files/product/original/PRD175522500498.jpg, https://www.sevenfive.co.th/en/files/product/original/PRD175522500739.jpg, https://www.sevenfive.co.th/en/files/product/original/PRD175522501071.jpg, https://www.sevenfive.co.th/en/files/product/original/PRD175522501322.jpg, https://www.sevenfive.co.th/en/files/product/original/PRD175522501441.jpg, https://www.sevenfive.co.th/en/files/product/original/PRD175522501474.jpg, https://www.sevenfive.co.th/en/files/product/original/PRD175522501620.jpg, https://www.sevenfive.co.th/en/files/product/original/PRD175522501648.jpg, https://www.sevenfive.co.th/en/files/product/original/PRD703c81cf2a51fcd8d9d3508a47f4c602.jpg, https://www.sevenfive.co.th/en/files/product/original/PRD941d21e4fa4531d2f8372d2e7d919ae9.jpg, https://www.sevenfive.co.th/en/files/product/original/PRDe021f64c9424aeed20e932bc646db6b0.jpg"
PIM2-905990038,"https://www.sevenfive.co.th/en/files/product/original/PRD175522518048.jpg, https://www.sevenfive.co.th/en/files/product/original/PRD175522518085.jpg, https://www.sevenfive.co.th/en/files/product/original/PRD175522518124.jpg, https://www.sevenfive.co.th/en/files/product/original/PRD175522518163.jpg, https://www.sevenfive.co.th/en/files/product/original/PRD175522518510.jpg, https://www.sevenfive.co.th/en/files/product/original/PRD175522518550.jpg, https://www.sevenfive.co.th/en/files/product/original/PRD175522518598.jpg, https://www.sevenfive.co.th/en/files/product/original/PRD175522519038.jpg, https://www.sevenfive.co.th/en/files/product/original/PRD175522519092.jpg, https://www.sevenfive.co.th/en/files/product/original/PRD1a238f810a86711275dfbde2a145f7f6.jpg, https://www.sevenfive.co.th/en/files/product/original/PRDd2eb0dbf0a7982efe8ed8f997bba507e.jpg, https://www.sevenfive.co.th/en/files/product/original/PRDec298554adaffc99fbfe8f6da0b7ee1e.jpg"
PIM2-910010031,"https://www.sevenfive.co.th/en/files/product/original/PRD17552252901.jpg, https://www.sevenfive.co.th/en/files/product/original/PRD175522529023.jpg, https://www.sevenfive.co.th/en/files/product/original/PRD175522529041.jpg, https://www.sevenfive.co.th/en/files/product/original/PRD175522529052.jpg, https://www.sevenfive.co.th/en/files/product/original/PRD175522529184.jpg, https://www.sevenfive.co.th/en/files/product/original/PRD175522529516.jpg, https://www.sevenfive.co.th/en/files/product/original/PRD175522529536.jpg, https://www.sevenfive.co.th/en/files/product/original/PRD175522529540.jpg, https://www.sevenfive.co.th/en/files/product/original/PRD175522529566.jpg, https://www.sevenfive.co.th/en/files/product/original/PRD2658936f6b0742d2501e060211327c27.jpg, https://www.sevenfive.co.th/en/files/product/original/PRD7ec5e55527facb4d6eee5e8a3dd3218f.jpg"
PIM2-910010033,"https://www.sevenfive.co.th/en/files/product/original/PRD175522531527.jpg, https://www.sevenfive.co.th/en/files/product/original/PRD175522531538.jpg, https://www.sevenfive.co.th/en/files/product/original/PRD175522531582.jpg, https://www.sevenfive.co.th/en/files/product/original/PRD175522531622.jpg, https://www.sevenfive.co.th/en/files/product/original/PRD175522531695.jpg, https://www.sevenfive.co.th/en/files/product/original/PRD175522532022.jpg, https://www.sevenfive.co.th/en/files/product/original/PRD175522532094.jpg, https://www.sevenfive.co.th/en/files/product/original/PRD175522532095.jpg, https://www.sevenfive.co.th/en/files/product/original/PRD2689797908012b8db06cd32a25173897.jpg, https://www.sevenfive.co.th/en/files/product/original/PRDaa83a0dee4cfada2ec8971922e4257fb.jpg"
PIM2-905060046,"https://www.sevenfive.co.th/en/files/product/original/PRD175522499810.jpg, https://www.sevenfive.co.th/en/files/product/original/PRD175522499816.jpg, https://www.sevenfive.co.th/en/files/product/original/PRD175522499862.jpg, https://www.sevenfive.co.th/en/files/product/original/PRD175522499870.jpg, https://www.sevenfive.co.th/en/files/product/original/PRD175522500036.jpg, https://www.sevenfive.co.th/en/files/product/original/PRD175522500049.jpg, https://www.sevenfive.co.th/en/files/product/original/PRD175522500069.jpg, https://www.sevenfive.co.th/en/files/product/original/PRD175522500077.jpg, https://www.sevenfive.co.th/en/files/product/original/PRD175522500088.jpg, https://www.sevenfive.co.th/en/files/product/original/PRD17552250041.jpg, https://www.sevenfive.co.th/en/files/product/original/PRD175522500439.jpg, https://www.sevenfive.co.th/en/files/product/original/PRD175522500465.jpg, https://www.sevenfive.co.th/en/files/product/original/PRD175522500473.jpg, https://www.sevenfive.co.th/en/files/product/original/PRD175522500716.jpg, https://www.sevenfive.co.th/en/files/product/original/PRD175522500730.jpg, https://www.sevenfive.co.th/en/files/product/original/PRD175522500735.jpg, https://www.sevenfive.co.th/en/files/product/original/PRD175522500785.jpg, https://www.sevenfive.co.th/en/files/product/original/PRD175522501131.jpg, https://www.sevenfive.co.th/en/files/product/original/PRD175522501135.jpg, https://www.sevenfive.co.th/en/files/product/original/PRD175522501142.jpg, https://www.sevenfive.co.th/en/files/product/original/PRD175522501168.jpg, https://www.sevenfive.co.th/en/files/product/original/PRD51e655ba981a6da6e956b93aeb204ad1.jpg, https://www.sevenfive.co.th/en/files/product/original/PRDe47cc030e1346bcbf378d5be6aa5c8ea.jpg, https://www.sevenfive.co.th/en/files/product/original/PRDf729701c64669c766239677dcfc2e111.jpg"
PIM2-909120005,"https://www.sevenfive.co.th/en/files/product/original/PRD168138cc9e80a0f58217f0af59d24399.jpg, https://www.sevenfive.co.th/en/files/product/original/PRD175522528118.jpg, https://www.sevenfive.co.th/en/files/product/original/PRD175522528129.jpg, https://www.sevenfive.co.th/en/files/product/original/PRD175522528161.jpg, https://www.sevenfive.co.th/en/files/product/original/PRD175522528175.jpg, https://www.sevenfive.co.th/en/files/product/original/PRD175522528185.jpg, https://www.sevenfive.co.th/en/files/product/original/PRD175522528655.jpg, https://www.sevenfive.co.th/en/files/product/original/PRD175522528669.jpg, https://www.sevenfive.co.th/en/files/product/original/PRD175522528685.jpg, https://www.sevenfive.co.th/en/files/product/original/PRD175522528781.jpg, https://www.sevenfive.co.th/en/files/product/original/PRD17552252879.jpg, https://www.sevenfive.co.th/en/files/product/original/PRD7088357b0de3008439dafb62ec3583cb.jpg, https://www.sevenfive.co.th/en/files/product/original/PRDb823cdfcf47999e1f8073d816a8e4621.jpg"
PIM2-909010068,"https://www.sevenfive.co.th/en/files/product/original/PRD175522523724.jpg, https://www.sevenfive.co.th/en/files/product/original/PRD175522524050.jpg, https://www.sevenfive.co.th/en/files/product/original/PRD175522524094.jpg, https://www.sevenfive.co.th/en/files/product/original/PRD175522524195.jpg, https://www.sevenfive.co.th/en/files/product/original/PRD175522524514.jpg, https://www.sevenfive.co.th/en/files/product/original/PRD847cb383183909a9c300c133ca8736f7.jpg, https://www.sevenfive.co.th/en/files/product/original/PRDdcd7b7a115f239717fefcf2fb6d8dae8.jpg, https://www.sevenfive.co.th/en/files/product/original/PRDf40f268e8c40bb66d70da84efc2d1213.jpg"
PIM2-905990046,"https://www.sevenfive.co.th/en/files/product/original/PRD1361d5001029a771c8bf9286c1c77b3a.jpg, https://www.sevenfive.co.th/en/files/product/original/PRD89c3cdfcd3ed5d602e0a74e8397f1318.jpg, https://www.sevenfive.co.th/en/files/product/original/PRDbd61e39c55dbc49fe02ae096f42b6289.jpg"
PIM2-20102010095,"https://www.sevenfive.co.th/en/files/product/original/PRD175705872380.jpg, https://www.sevenfive.co.th/en/files/product/original/PRD175705872514.jpg, https://www.sevenfive.co.th/en/files/product/original/PRD175705872578.jpg"
PIM2-909010067,"https://www.sevenfive.co.th/en/files/product/original/PRD13f5603138056558bec691377381c39d.jpg, https://www.sevenfive.co.th/en/files/product/original/PRD175522523189.jpg, https://www.sevenfive.co.th/en/files/product/original/PRD175522523343.jpg, https://www.sevenfive.co.th/en/files/product/original/PRD175522523415.jpg, https://www.sevenfive.co.th/en/files/product/original/PRD17552252361.jpg, https://www.sevenfive.co.th/en/files/product/original/PRD175522523983.jpg, https://www.sevenfive.co.th/en/files/product/original/PRD7bd2417123318868917702782c18de1f.jpg, https://www.sevenfive.co.th/en/files/product/original/PRD8b7e19c407b7a954d87d3b20ac416a2e.jpg"
PIM2-905070028,"https://www.sevenfive.co.th/en/files/product/original/PRD1454bfaef711fcac9489ba67b34f6439.jpg, https://www.sevenfive.co.th/en/files/product/original/PRD175522505038.jpg, https://www.sevenfive.co.th/en/files/product/original/PRD17552250505.jpg, https://www.sevenfive.co.th/en/files/product/original/PRD175522505077.jpg, https://www.sevenfive.co.th/en/files/product/original/PRD175522505344.jpg, https://www.sevenfive.co.th/en/files/product/original/PRD175522505375.jpg, https://www.sevenfive.co.th/en/files/product/original/PRD17552250539.jpg, https://www.sevenfive.co.th/en/files/product/original/PRD175522505513.jpg, https://www.sevenfive.co.th/en/files/product/original/PRD8044e9e587c92aeee05a6582107d55c2.jpg, https://www.sevenfive.co.th/en/files/product/original/PRDc78dbc3ddcdc6ed15e0642c30a00c501.jpg"
PIM2-906010029A,"https://www.sevenfive.co.th/en/files/product/original/PRD175522521218.jpg, https://www.sevenfive.co.th/en/files/product/original/PRD175522521235.jpg, https://www.sevenfive.co.th/en/files/product/original/PRD17552252128.jpg, https://www.sevenfive.co.th/en/files/product/original/PRD175522521290.jpg, https://www.sevenfive.co.th/en/files/product/original/PRD175522521517.jpg, https://www.sevenfive.co.th/en/files/product/original/PRD175522521569.jpg, https://www.sevenfive.co.th/en/files/product/original/PRD175522521627.jpg, https://www.sevenfive.co.th/en/files/product/original/PRD175522521691.jpg, https://www.sevenfive.co.th/en/files/product/original/PRD17552252195.jpg, https://www.sevenfive.co.th/en/files/product/original/PRD175522521966.jpg, https://www.sevenfive.co.th/en/files/product/original/PRD175522521975.jpg, https://www.sevenfive.co.th/en/files/product/original/PRD175522522231.jpg, https://www.sevenfive.co.th/en/files/product/original/PRD175522522277.jpg, https://www.sevenfive.co.th/en/files/product/original/PRD1bb070c514dec93f1da34065ae95ae6c.jpg, https://www.sevenfive.co.th/en/files/product/original/PRD4056770a286f30608c8dbe3830274345.jpg, https://www.sevenfive.co.th/en/files/product/original/PRD6c3b4bb0fe2cf63f1fa6b62b3353776b.jpg"
PIM2-905070007,"https://www.sevenfive.co.th/en/files/product/original/PRD17552250172.jpg, https://www.sevenfive.co.th/en/files/product/original/PRD175522501816.jpg, https://www.sevenfive.co.th/en/files/product/original/PRD175522501826.jpg, https://www.sevenfive.co.th/en/files/product/original/PRD175522501834.jpg, https://www.sevenfive.co.th/en/files/product/original/PRD17552250188.jpg, https://www.sevenfive.co.th/en/files/product/original/PRD175522501890.jpg, https://www.sevenfive.co.th/en/files/product/original/PRD175522501953.jpg, https://www.sevenfive.co.th/en/files/product/original/PRD6b393ebe1c39d56c1a59cc3d705549b0.jpg, https://www.sevenfive.co.th/en/files/product/original/PRDc55534d7a8a69cbbc20fa4026a546a63.jpg, https://www.sevenfive.co.th/en/files/product/original/PRDe0d7c002e9133dc497f1203300d5a9c3.jpg"
PIM2-905180012,"https://www.sevenfive.co.th/en/files/product/original/PRD42080b5e7c0e8d76e4005ac24350246d.jpg, https://www.sevenfive.co.th/en/files/product/original/PRD65291d335c3962dfa98c4c53d4bdf00d.jpg, https://www.sevenfive.co.th/en/files/product/original/PRDf3ac5fbb01b1eb363f5a31f378f5882a.jpg"
PIM2-905070010,"https://www.sevenfive.co.th/en/files/product/original/PRD175522502117.jpg, https://www.sevenfive.co.th/en/files/product/original/PRD175522502138.jpg, https://www.sevenfive.co.th/en/files/product/original/PRD175522502146.jpg, https://www.sevenfive.co.th/en/files/product/original/PRD175522502173.jpg, https://www.sevenfive.co.th/en/files/product/original/PRD175522502345.jpg, https://www.sevenfive.co.th/en/files/product/original/PRD17552250236.jpg, https://www.sevenfive.co.th/en/files/product/original/PRD17552250237.jpg, https://www.sevenfive.co.th/en/files/product/original/PRD175522502385.jpg, https://www.sevenfive.co.th/en/files/product/original/PRD638dde42e9c5a4e3ecd674e5fabdfbe2.jpg, https://www.sevenfive.co.th/en/files/product/original/PRDb779e2945418448d74bf56d9306169f4.jpg"
PIM2-910010052,"https://www.sevenfive.co.th/en/files/product/original/PRD175522534957.jpg, https://www.sevenfive.co.th/en/files/product/original/PRD175522534965.jpg, https://www.sevenfive.co.th/en/files/product/original/PRD17552253498.jpg, https://www.sevenfive.co.th/en/files/product/original/PRD175522535320.jpg, https://www.sevenfive.co.th/en/files/product/original/PRD175522535338.jpg, https://www.sevenfive.co.th/en/files/product/original/PRD175522535388.jpg, https://www.sevenfive.co.th/en/files/product/original/PRD175522535399.jpg, https://www.sevenfive.co.th/en/files/product/original/PRD3d86933d4c61a8abba1962a9bdcb1f8b.jpg, https://www.sevenfive.co.th/en/files/product/original/PRDedbb738a6429ce25c8553dc8bbbe4aec.jpg"
PIM2-905130025,"https://www.sevenfive.co.th/en/files/product/original/PRD175522510052.jpg, https://www.sevenfive.co.th/en/files/product/original/PRD175522510085.jpg, https://www.sevenfive.co.th/en/files/product/original/PRD175522510328.jpg, https://www.sevenfive.co.th/en/files/product/original/PRD175522510364.jpg, https://www.sevenfive.co.th/en/files/product/original/PRD175522510367.jpg, https://www.sevenfive.co.th/en/files/product/original/PRD175522510378.jpg, https://www.sevenfive.co.th/en/files/product/original/PRD175522510389.jpg, https://www.sevenfive.co.th/en/files/product/original/PRD1c85e979c1f6126c785dc5257e3ec240.jpg, https://www.sevenfive.co.th/en/files/product/original/PRDbee121c700f49cca6853351dda37082f.jpg, https://www.sevenfive.co.th/en/files/product/original/PRDf81272594a22b75179726bc93a426ab2.jpg"
PIM2-905160009,"https://www.sevenfive.co.th/en/files/product/original/PRD02edb2c55b9c3ebe242e6382ea9073a3.jpg, https://www.sevenfive.co.th/en/files/product/original/PRD17552251074.jpg, https://www.sevenfive.co.th/en/files/product/original/PRD175522510812.jpg, https://www.sevenfive.co.th/en/files/product/original/PRD175522511119.jpg, https://www.sevenfive.co.th/en/files/product/original/PRD175522511141.jpg, https://www.sevenfive.co.th/en/files/product/original/PRD175522511155.jpg, https://www.sevenfive.co.th/en/files/product/original/PRD175522511189.jpg, https://www.sevenfive.co.th/en/files/product/original/PRD175522511529.jpg, https://www.sevenfive.co.th/en/files/product/original/PRD175522511535.jpg, https://www.sevenfive.co.th/en/files/product/original/PRDe7b09727493b5b052d7a562c5395ce53.jpg"
PIM2-905020007,"https://www.sevenfive.co.th/en/files/product/original/PRD175522490029.jpg, https://www.sevenfive.co.th/en/files/product/original/PRD17552249004.jpg, https://www.sevenfive.co.th/en/files/product/original/PRD175522490082.jpg, https://www.sevenfive.co.th/en/files/product/original/PRD175522490334.jpg, https://www.sevenfive.co.th/en/files/product/original/PRD175522490336.jpg, https://www.sevenfive.co.th/en/files/product/original/PRD175522490356.jpg, https://www.sevenfive.co.th/en/files/product/original/PRD175522490379.jpg, https://www.sevenfive.co.th/en/files/product/original/PRD175522490633.jpg, https://www.sevenfive.co.th/en/files/product/original/PRD175522490692.jpg, https://www.sevenfive.co.th/en/files/product/original/PRD6e2daba6d1d5e5b9c52a466e11e5b03d.jpg, https://www.sevenfive.co.th/en/files/product/original/PRD7b8157379b133c3f588d11844e85230b.jpg, https://www.sevenfive.co.th/en/files/product/original/PRD8fe228ce3819036adc04e957fe7fcdbf.jpg"
PIM2-906010031,"https://www.sevenfive.co.th/en/files/product/original/PRD17570586942.jpg, https://www.sevenfive.co.th/en/files/product/original/PRD175705869441.jpg, https://www.sevenfive.co.th/en/files/product/original/PRD175705869530.jpg, https://www.sevenfive.co.th/en/files/product/original/PRD175705869596.jpg"
PIM2-910020004,"https://www.sevenfive.co.th/en/files/product/original/PRD175522542470.jpg, https://www.sevenfive.co.th/en/files/product/original/PRD175522542899.jpg, https://www.sevenfive.co.th/en/files/product/original/PRD28fbd2d33cea215c22c3296a05db1c67.jpg"
PIM2-905160048,"https://www.sevenfive.co.th/en/files/product/original/PRD175522511636.jpg, https://www.sevenfive.co.th/en/files/product/original/PRD175522511669.jpg, https://www.sevenfive.co.th/en/files/product/original/PRD175522511670.jpg, https://www.sevenfive.co.th/en/files/product/original/PRD175522512189.jpg, https://www.sevenfive.co.th/en/files/product/original/PRD17552251223.jpg, https://www.sevenfive.co.th/en/files/product/original/PRD175522512241.jpg, https://www.sevenfive.co.th/en/files/product/original/PRD175522512632.jpg, https://www.sevenfive.co.th/en/files/product/original/PRD175522512773.jpg, https://www.sevenfive.co.th/en/files/product/original/PRD175522513228.jpg, https://www.sevenfive.co.th/en/files/product/original/PRD175522513236.jpg, https://www.sevenfive.co.th/en/files/product/original/PRD4b0e8034873eb9dac55dcda137c36061.jpg, https://www.sevenfive.co.th/en/files/product/original/PRDa32e7d2e1b3db6734188253035a251d3.jpg, https://www.sevenfive.co.th/en/files/product/original/PRDbf7f348c303a9a75ade09435e9bfb307.jpg"
PIM2-905070026,"https://www.sevenfive.co.th/en/files/product/original/PRD175522503557.jpg, https://www.sevenfive.co.th/en/files/product/original/PRD175522503576.jpg, https://www.sevenfive.co.th/en/files/product/original/PRD175522503837.jpg, https://www.sevenfive.co.th/en/files/product/original/PRD175522503870.jpg, https://www.sevenfive.co.th/en/files/product/original/PRD175522503891.jpg, https://www.sevenfive.co.th/en/files/product/original/PRD175522504158.jpg, https://www.sevenfive.co.th/en/files/product/original/PRD1c49e6ef3cef5423bcdb882ea3394816.jpg, https://www.sevenfive.co.th/en/files/product/original/PRD82d229c9cd7abd986870675568eb868d.jpg"
PIM2-905180006,"https://www.sevenfive.co.th/en/files/product/original/PRD009fe05106cc0b0837b2f6f82570b777.jpg, https://www.sevenfive.co.th/en/files/product/original/PRD175522514213.jpg, https://www.sevenfive.co.th/en/files/product/original/PRD175522514591.jpg, https://www.sevenfive.co.th/en/files/product/original/PRD175522514599.jpg, https://www.sevenfive.co.th/en/files/product/original/PRD175522514811.jpg, https://www.sevenfive.co.th/en/files/product/original/PRD175522515072.jpg, https://www.sevenfive.co.th/en/files/product/original/PRD175522515326.jpg, https://www.sevenfive.co.th/en/files/product/original/PRD9a45b39c30db4b5255dbf45aa6629126.jpg, https://www.sevenfive.co.th/en/files/product/original/PRDb08833c4c68bb89d93ec2612f5164a5b.jpg"
PIM2-910020007,"https://www.sevenfive.co.th/en/files/product/original/PRD17570587032.jpg, https://www.sevenfive.co.th/en/files/product/original/PRD175705870420.jpg, https://www.sevenfive.co.th/en/files/product/original/PRD175705870461.jpg"
PIM2-910010032,"https://www.sevenfive.co.th/en/files/product/original/PRD175522530016.jpg, https://www.sevenfive.co.th/en/files/product/original/PRD175522530025.jpg, https://www.sevenfive.co.th/en/files/product/original/PRD175522530036.jpg, https://www.sevenfive.co.th/en/files/product/original/PRD175522530058.jpg, https://www.sevenfive.co.th/en/files/product/original/PRD175522530069.jpg, https://www.sevenfive.co.th/en/files/product/original/PRD175522530093.jpg, https://www.sevenfive.co.th/en/files/product/original/PRD175522530411.jpg, https://www.sevenfive.co.th/en/files/product/original/PRD175522530441.jpg, https://www.sevenfive.co.th/en/files/product/original/PRD175522530458.jpg, https://www.sevenfive.co.th/en/files/product/original/PRD175522530485.jpg, https://www.sevenfive.co.th/en/files/product/original/PRD175522531019.jpg, https://www.sevenfive.co.th/en/files/product/original/PRD175522531044.jpg, https://www.sevenfive.co.th/en/files/product/original/PRD175522531045.jpg, https://www.sevenfive.co.th/en/files/product/original/PRD175522531090.jpg, https://www.sevenfive.co.th/en/files/product/original/PRD2bc54559467f927bbd1ee1663fe6aa05.jpg, https://www.sevenfive.co.th/en/files/product/original/PRD6bef22f80f3d182d37d3cd530ee2e5f9.jpg, https://www.sevenfive.co.th/en/files/product/original/PRD6eda6bdf5a325c45f539b586572b161f.jpg"
PIM2-910020005,"https://www.sevenfive.co.th/en/files/product/original/PRD17552254325.jpg, https://www.sevenfive.co.th/en/files/product/original/PRD17552254326.jpg, https://www.sevenfive.co.th/en/files/product/original/PRD175522543724.jpg, https://www.sevenfive.co.th/en/files/product/original/PRD175522543758.jpg"
PIM2-905090004,"https://www.sevenfive.co.th/en/files/product/original/PRD175522505668.jpg, https://www.sevenfive.co.th/en/files/product/original/PRD175522505670.jpg, https://www.sevenfive.co.th/en/files/product/original/PRD17552250582.jpg, https://www.sevenfive.co.th/en/files/product/original/PRD175522505824.jpg, https://www.sevenfive.co.th/en/files/product/original/PRD175522505846.jpg, https://www.sevenfive.co.th/en/files/product/original/PRD175522505857.jpg, https://www.sevenfive.co.th/en/files/product/original/PRD175522505862.jpg, https://www.sevenfive.co.th/en/files/product/original/PRD175522506079.jpg, https://www.sevenfive.co.th/en/files/product/original/PRD175522506081.jpg, https://www.sevenfive.co.th/en/files/product/original/PRD55f4afebf61b081161816b64b2ffd0df.jpg, https://www.sevenfive.co.th/en/files/product/original/PRD6b27bdda2e7ab6b10bb5d4d6e84f07ab.jpg, https://www.sevenfive.co.th/en/files/product/original/PRDddd86bda486faafb052dae70f2573ead.jpg"
PIM2-909010063,"https://www.sevenfive.co.th/en/files/product/original/PRD175522522497.jpg, https://www.sevenfive.co.th/en/files/product/original/PRD17552252250.jpg, https://www.sevenfive.co.th/en/files/product/original/PRD175522522562.jpg, https://www.sevenfive.co.th/en/files/product/original/PRD175522522720.jpg, https://www.sevenfive.co.th/en/files/product/original/PRD175522522729.jpg, https://www.sevenfive.co.th/en/files/product/original/PRD175522522754.jpg, https://www.sevenfive.co.th/en/files/product/original/PRD17552252280.jpg, https://www.sevenfive.co.th/en/files/product/original/PRD175522522811.jpg, https://www.sevenfive.co.th/en/files/product/original/PRD175522523181.jpg, https://www.sevenfive.co.th/en/files/product/original/PRD175522523392.jpg, https://www.sevenfive.co.th/en/files/product/original/PRD175522523632.jpg, https://www.sevenfive.co.th/en/files/product/original/PRD5d59d89161ae0678b4afaa9c51d8ecd8.jpg, https://www.sevenfive.co.th/en/files/product/original/PRD7a1ccbe19d1c08310a200988a76a4b4a.jpg, https://www.sevenfive.co.th/en/files/product/original/PRDa49d7f5111f34a57f934606b8e29c515.jpg"
PIM2-905180011,"https://www.sevenfive.co.th/en/files/product/original/PRD4183ff19c04533a76c9bb538d7ec76af.jpg, https://www.sevenfive.co.th/en/files/product/original/PRDbac46af1f06d39a479dc38cafb1de94a.jpg, https://www.sevenfive.co.th/en/files/product/original/PRDed90239b2590c847ef4e5422d019e11e.jpg"
PIM2-905060019,"https://www.sevenfive.co.th/en/files/product/original/PRD175522498114.jpg, https://www.sevenfive.co.th/en/files/product/original/PRD175522498513.jpg, https://www.sevenfive.co.th/en/files/product/original/PRD175522498586.jpg, https://www.sevenfive.co.th/en/files/product/original/PRD175522498597.jpg, https://www.sevenfive.co.th/en/files/product/original/PRD175522498611.jpg, https://www.sevenfive.co.th/en/files/product/original/PRD175522498817.jpg, https://www.sevenfive.co.th/en/files/product/original/PRD175522499266.jpg, https://www.sevenfive.co.th/en/files/product/original/PRD861bf0ff7f98768734663074cf5ca1d3.jpg, https://www.sevenfive.co.th/en/files/product/original/PRDc189fafb977ca2a38c0153cdff1c3486.jpg, https://www.sevenfive.co.th/en/files/product/original/PRDc712d27b1589e11c096f5ac68237a30b.jpg"
PIM2-905180010,"https://www.sevenfive.co.th/en/files/product/original/PRD07051f539fbf62fe4c5f57cc5e772c92.jpg, https://www.sevenfive.co.th/en/files/product/original/PRD175522514839.jpg, https://www.sevenfive.co.th/en/files/product/original/PRD17552251485.jpg, https://www.sevenfive.co.th/en/files/product/original/PRD175522515122.jpg, https://www.sevenfive.co.th/en/files/product/original/PRD175522515186.jpg, https://www.sevenfive.co.th/en/files/product/original/PRD175522515198.jpg, https://www.sevenfive.co.th/en/files/product/original/PRD17552251530.jpg, https://www.sevenfive.co.th/en/files/product/original/PRD175522515469.jpg, https://www.sevenfive.co.th/en/files/product/original/PRD17552251552.jpg, https://www.sevenfive.co.th/en/files/product/original/PRD175522515583.jpg, https://www.sevenfive.co.th/en/files/product/original/PRD17552251587.jpg, https://www.sevenfive.co.th/en/files/product/original/PRD175522515882.jpg, https://www.sevenfive.co.th/en/files/product/original/PRD327224a9678274cd284e7758f3a7ae1b.jpg, https://www.sevenfive.co.th/en/files/product/original/PRDe43202e81f26f0a0d88f1e938b0d8bda.jpg"
PIM2-910010059,"https://www.sevenfive.co.th/en/files/product/original/PRD1700c410956b581aeca0c58c3eb4b87e.jpg, https://www.sevenfive.co.th/en/files/product/original/PRD175522536834.jpg, https://www.sevenfive.co.th/en/files/product/original/PRD175522536880.jpg, https://www.sevenfive.co.th/en/files/product/original/PRD175522537281.jpg, https://www.sevenfive.co.th/en/files/product/original/PRD175522537386.jpg, https://www.sevenfive.co.th/en/files/product/original/PRD1d47e935b603c72837d405fad3f9e6e7.jpg"
PIM2-904010018,"https://www.sevenfive.co.th/en/files/product/original/PRD175522489337.jpg, https://www.sevenfive.co.th/en/files/product/original/PRD175522489368.jpg, https://www.sevenfive.co.th/en/files/product/original/PRD175522489369.jpg, https://www.sevenfive.co.th/en/files/product/original/PRD175522489615.jpg, https://www.sevenfive.co.th/en/files/product/original/PRD175522489660.jpg, https://www.sevenfive.co.th/en/files/product/original/PRD175522489668.jpg, https://www.sevenfive.co.th/en/files/product/original/PRD17552248968.jpg, https://www.sevenfive.co.th/en/files/product/original/PRD175522489688.jpg, https://www.sevenfive.co.th/en/files/product/original/PRDc015e7addcd81be2c85f57dd5cb88fe1.jpg"
PIM2-910010087,"https://www.sevenfive.co.th/en/files/product/original/PRD175522539513.jpg, https://www.sevenfive.co.th/en/files/product/original/PRD175522539514.jpg, https://www.sevenfive.co.th/en/files/product/original/PRD175522539526.jpg, https://www.sevenfive.co.th/en/files/product/original/PRD17552253958.jpg, https://www.sevenfive.co.th/en/files/product/original/PRD175522539690.jpg, https://www.sevenfive.co.th/en/files/product/original/PRD17552254004.jpg, https://www.sevenfive.co.th/en/files/product/original/PRD175522540060.jpg, https://www.sevenfive.co.th/en/files/product/original/PRD175522540088.jpg, https://www.sevenfive.co.th/en/files/product/original/PRD1b2f2e0c884b848e709cde8f115c4f02.jpg, https://www.sevenfive.co.th/en/files/product/original/PRD987f4c2a949d6f06f0a1ba8cdafcc21a.jpg, https://www.sevenfive.co.th/en/files/product/original/PRDa24d044fe0e94182df27ef0cdf188cc8.jpg"
PIM2-905070016,"https://www.sevenfive.co.th/en/files/product/original/PRD175522502521.jpg, https://www.sevenfive.co.th/en/files/product/original/PRD17552250253.jpg, https://www.sevenfive.co.th/en/files/product/original/PRD175522502680.jpg, https://www.sevenfive.co.th/en/files/product/original/PRD175522503012.jpg, https://www.sevenfive.co.th/en/files/product/original/PRD175522503029.jpg, https://www.sevenfive.co.th/en/files/product/original/PRD175522503063.jpg, https://www.sevenfive.co.th/en/files/product/original/PRD8a032e2f86c7996edd9313cf72a1572c.jpg, https://www.sevenfive.co.th/en/files/product/original/PRDa8d65a3023b4fedeb70ed450a7e19774.jpg, https://www.sevenfive.co.th/en/files/product/original/PRDf66aaaff5d46c54f408065b689ffee96.jpg"
PIM2-905990003,"https://www.sevenfive.co.th/en/files/product/original/PRD2bc2fdf0deaae5b5a835b105b457f58a.jpg, https://www.sevenfive.co.th/en/files/product/original/PRD4d1f10a634495fef4f21e80e3ecfd8eb.jpg, https://www.sevenfive.co.th/en/files/product/original/PRD9d802c6d7ba721bae699e7e874f09bb6.jpg"
PIM2-905030024,"https://www.sevenfive.co.th/en/files/product/original/PRD175705868338.jpg, https://www.sevenfive.co.th/en/files/product/original/PRD175705868470.jpg, https://www.sevenfive.co.th/en/files/product/original/PRD175705868488.jpg"
PIM2-905040016,"https://www.sevenfive.co.th/en/files/product/original/PRD0c24c5497308c7e265414ec39a918384.jpg, https://www.sevenfive.co.th/en/files/product/original/PRD175522495681.jpg, https://www.sevenfive.co.th/en/files/product/original/PRD175522495691.jpg, https://www.sevenfive.co.th/en/files/product/original/PRD175522496085.jpg, https://www.sevenfive.co.th/en/files/product/original/PRD175522496137.jpg, https://www.sevenfive.co.th/en/files/product/original/PRD175522496170.jpg, https://www.sevenfive.co.th/en/files/product/original/PRD175522496192.jpg, https://www.sevenfive.co.th/en/files/product/original/PRD175522496413.jpg, https://www.sevenfive.co.th/en/files/product/original/PRD175522496785.jpg, https://www.sevenfive.co.th/en/files/product/original/PRD175522497241.jpg, https://www.sevenfive.co.th/en/files/product/original/PRD175522497778.jpg, https://www.sevenfive.co.th/en/files/product/original/PRD3627c3310efa580b9c3352deaebc413a.jpg, https://www.sevenfive.co.th/en/files/product/original/PRDb8176e8b9153aac948369f1ba5a8bcbe.jpg"
PIM2-909040004,"https://www.sevenfive.co.th/en/files/product/original/PRD175522526818.jpg, https://www.sevenfive.co.th/en/files/product/original/PRD175522526833.jpg, https://www.sevenfive.co.th/en/files/product/original/PRD175522526837.jpg, https://www.sevenfive.co.th/en/files/product/original/PRD175522526849.jpg, https://www.sevenfive.co.th/en/files/product/original/PRD175522526876.jpg, https://www.sevenfive.co.th/en/files/product/original/PRD175522526880.jpg, https://www.sevenfive.co.th/en/files/product/original/PRD175522527116.jpg, https://www.sevenfive.co.th/en/files/product/original/PRD175522527172.jpg, https://www.sevenfive.co.th/en/files/product/original/PRD175522527245.jpg, https://www.sevenfive.co.th/en/files/product/original/PRD175522527544.jpg, https://www.sevenfive.co.th/en/files/product/original/PRD175522527568.jpg, https://www.sevenfive.co.th/en/files/product/original/PRD175522527573.jpg, https://www.sevenfive.co.th/en/files/product/original/PRD175522527581.jpg, https://www.sevenfive.co.th/en/files/product/original/PRD2ec9c28c6ed3a250db4f2a0de4ae1672.jpg, https://www.sevenfive.co.th/en/files/product/original/PRD65473235a50f1f0ea23550ba39036e21.jpg, https://www.sevenfive.co.th/en/files/product/original/PRDd40162f27b743bf6dbceaf5b6be9a9f5.jpg"
PIM2-905060037,"https://www.sevenfive.co.th/en/files/product/original/PRD175522498966.jpg, https://www.sevenfive.co.th/en/files/product/original/PRD175522498970.jpg, https://www.sevenfive.co.th/en/files/product/original/PRD175522498996.jpg, https://www.sevenfive.co.th/en/files/product/original/PRD175522499226.jpg, https://www.sevenfive.co.th/en/files/product/original/PRD175522499239.jpg, https://www.sevenfive.co.th/en/files/product/original/PRD175522499263.jpg, https://www.sevenfive.co.th/en/files/product/original/PRD175522499512.jpg, https://www.sevenfive.co.th/en/files/product/original/PRD175522499553.jpg, https://www.sevenfive.co.th/en/files/product/original/PRD175522499580.jpg, https://www.sevenfive.co.th/en/files/product/original/PRD175522499581.jpg, https://www.sevenfive.co.th/en/files/product/original/PRD1e503fbea0edc05dee1c255d76624213.jpg, https://www.sevenfive.co.th/en/files/product/original/PRD43f9e62183f45fe432cdedd601723eb7.jpg, https://www.sevenfive.co.th/en/files/product/original/PRDf20583a634aeb479d89633d9025b702f.jpg"
PIM2-910010056,"https://www.sevenfive.co.th/en/files/product/original/PRD175522535718.jpg, https://www.sevenfive.co.th/en/files/product/original/PRD175522535775.jpg, https://www.sevenfive.co.th/en/files/product/original/PRD175522535884.jpg, https://www.sevenfive.co.th/en/files/product/original/PRD175522536247.jpg, https://www.sevenfive.co.th/en/files/product/original/PRD17552253628.jpg, https://www.sevenfive.co.th/en/files/product/original/PRD175522536346.jpg, https://www.sevenfive.co.th/en/files/product/original/PRD175522536363.jpg, https://www.sevenfive.co.th/en/files/product/original/PRD61aa91e2a02b0392e5f96bcded019a57.jpg, https://www.sevenfive.co.th/en/files/product/original/PRD7216a822eb8abbeeb580e352470b798d.jpg, https://www.sevenfive.co.th/en/files/product/original/PRD754c683d5d998c834b377d84d3f4b247.jpg"
PIM2-910020006,"https://www.sevenfive.co.th/en/files/product/original/PRD175522544138.jpg, https://www.sevenfive.co.th/en/files/product/original/PRD175522544159.jpg, https://www.sevenfive.co.th/en/files/product/original/PRD17552254451.jpg, https://www.sevenfive.co.th/en/files/product/original/PRD175522544563.jpg, https://www.sevenfive.co.th/en/files/product/original/PRD175522544572.jpg, https://www.sevenfive.co.th/en/files/product/original/PRD866f045f487b3a428b553d7fe168868d.jpg, https://www.sevenfive.co.th/en/files/product/original/PRDa80d578597d878de2bd542be7b8b10bf.jpg, https://www.sevenfive.co.th/en/files/product/original/PRDf3f95e243a39357a3bd36fcf08a8b718.jpg"
PIM2-906010032,"https://www.sevenfive.co.th/en/files/product/original/PRD175705869678.jpg, https://www.sevenfive.co.th/en/files/product/original/PRD175705869694.jpg, https://www.sevenfive.co.th/en/files/product/original/PRD175705869729.jpg, https://www.sevenfive.co.th/en/files/product/original/PRD175705869765.jpg"
PIM2-905020034A,"https://www.sevenfive.co.th/en/files/product/original/PRD0eb34c825b6fc862cc15bd94d6f7c791.jpg, https://www.sevenfive.co.th/en/files/product/original/PRD175522490726.jpg, https://www.sevenfive.co.th/en/files/product/original/PRD175522490773.jpg, https://www.sevenfive.co.th/en/files/product/original/PRD175522490775.jpg, https://www.sevenfive.co.th/en/files/product/original/PRD175522491016.jpg, https://www.sevenfive.co.th/en/files/product/original/PRD175522491049.jpg, https://www.sevenfive.co.th/en/files/product/original/PRD175522491055.jpg, https://www.sevenfive.co.th/en/files/product/original/PRD175522491179.jpg, https://www.sevenfive.co.th/en/files/product/original/PRD17552249132.jpg, https://www.sevenfive.co.th/en/files/product/original/PRD17552249133.jpg, https://www.sevenfive.co.th/en/files/product/original/PRD175522491351.jpg, https://www.sevenfive.co.th/en/files/product/original/PRD175522491547.jpg, https://www.sevenfive.co.th/en/files/product/original/PRD175522491580.jpg, https://www.sevenfive.co.th/en/files/product/original/PRD175522491815.jpg, https://www.sevenfive.co.th/en/files/product/original/PRD175522491865.jpg, https://www.sevenfive.co.th/en/files/product/original/PRD175522491893.jpg, https://www.sevenfive.co.th/en/files/product/original/PRD573afebc47cd71b10d132577d2f38471.jpg, https://www.sevenfive.co.th/en/files/product/original/PRD703e1d9daa89d55bf343c7413eeca027.jpg"
PIM2-905030010,"https://www.sevenfive.co.th/en/files/product/original/PRD17552249131.jpg, https://www.sevenfive.co.th/en/files/product/original/PRD175522491525.jpg, https://www.sevenfive.co.th/en/files/product/original/PRD175522491576.jpg, https://www.sevenfive.co.th/en/files/product/original/PRD56279a6701ac7e662412efab0977e317.jpg, https://www.sevenfive.co.th/en/files/product/original/PRD6f03d7d6ee2e1332e5346d4d85441960.jpg, https://www.sevenfive.co.th/en/files/product/original/PRDbc48ebae4d63d14fd0c0313f80f3f861.jpg"
PIM2-905080014,"https://www.sevenfive.co.th/en/files/product/original/PRD175705869016.jpg, https://www.sevenfive.co.th/en/files/product/original/PRD175705869121.jpg, https://www.sevenfive.co.th/en/files/product/original/PRD175705869166.jpg"
PIM2-905990083,"https://www.sevenfive.co.th/en/files/product/original/PRD175522520648.jpg, https://www.sevenfive.co.th/en/files/product/original/PRD175522520880.jpg, https://www.sevenfive.co.th/en/files/product/original/PRD175522520974.jpg, https://www.sevenfive.co.th/en/files/product/original/PRD175522520988.jpg, https://www.sevenfive.co.th/en/files/product/original/PRD175522521187.jpg, https://www.sevenfive.co.th/en/files/product/original/PRD8fff7537a9014de351f61c499db1cda9.jpg, https://www.sevenfive.co.th/en/files/product/original/PRDa1e44ad5da799cd668da110e12882814.jpg"
PIM2-905030017,"https://www.sevenfive.co.th/en/files/product/original/PRD175522491822.jpg, https://www.sevenfive.co.th/en/files/product/original/PRD175522491891.jpg, https://www.sevenfive.co.th/en/files/product/original/PRD175522492318.jpg, https://www.sevenfive.co.th/en/files/product/original/PRD175522492330.jpg, https://www.sevenfive.co.th/en/files/product/original/PRD175522492347.jpg, https://www.sevenfive.co.th/en/files/product/original/PRD175522492350.jpg, https://www.sevenfive.co.th/en/files/product/original/PRD175522492361.jpg, https://www.sevenfive.co.th/en/files/product/original/PRD175522492616.jpg, https://www.sevenfive.co.th/en/files/product/original/PRD175522492664.jpg, https://www.sevenfive.co.th/en/files/product/original/PRD175522493047.jpg, https://www.sevenfive.co.th/en/files/product/original/PRD175522493183.jpg, https://www.sevenfive.co.th/en/files/product/original/PRD175522493658.jpg, https://www.sevenfive.co.th/en/files/product/original/PRD175522493672.jpg, https://www.sevenfive.co.th/en/files/product/original/PRD458e5b02066780954610b1d04d72faa6.jpg, https://www.sevenfive.co.th/en/files/product/original/PRD8a257d0db0c2cd75323a5797a7a1898d.jpg, https://www.sevenfive.co.th/en/files/product/original/PRDbc91acf5ad1d8544c241f2070c77f86c.jpg"
PIM2-905040004,"https://www.sevenfive.co.th/en/files/product/original/PRD175522494352.jpg, https://www.sevenfive.co.th/en/files/product/original/PRD175522494750.jpg, https://www.sevenfive.co.th/en/files/product/original/PRD175522494792.jpg, https://www.sevenfive.co.th/en/files/product/original/PRD175522495152.jpg, https://www.sevenfive.co.th/en/files/product/original/PRD175522495444.jpg, https://www.sevenfive.co.th/en/files/product/original/PRD175522495696.jpg, https://www.sevenfive.co.th/en/files/product/original/PRD37942e9ad6d97789d8b68f1e59b74e1d.jpg, https://www.sevenfive.co.th/en/files/product/original/PRD5323717587b8eab98dd44ad6698a8435.jpg, https://www.sevenfive.co.th/en/files/product/original/PRDbda5af8fe606522a81e1f7971566442d.jpg"
PIM2-905040015,"https://www.sevenfive.co.th/en/files/product/original/PRD175522495158.jpg, https://www.sevenfive.co.th/en/files/product/original/PRD175522495196.jpg, https://www.sevenfive.co.th/en/files/product/original/PRD175522495417.jpg, https://www.sevenfive.co.th/en/files/product/original/PRD175522495446.jpg, https://www.sevenfive.co.th/en/files/product/original/PRD175522495464.jpg, https://www.sevenfive.co.th/en/files/product/original/PRD175522495482.jpg, https://www.sevenfive.co.th/en/files/product/original/PRD175522495630.jpg, https://www.sevenfive.co.th/en/files/product/original/PRD175522495675.jpg, https://www.sevenfive.co.th/en/files/product/original/PRD46c3e33eeaf89a0d6f12c0c4278a6443.jpg, https://www.sevenfive.co.th/en/files/product/original/PRD64bef075b8a9a363e5d9337d13973f68.jpg, https://www.sevenfive.co.th/en/files/product/original/PRDf5043e856d1a8b136ba6e08f126bfc9c.jpg"
PIM2-905030026,"https://www.sevenfive.co.th/en/files/product/original/PRD0b9149e8ed6e237fd10faaa82fe3a1a3.jpg, https://www.sevenfive.co.th/en/files/product/original/PRD175522492623.jpg, https://www.sevenfive.co.th/en/files/product/original/PRD175522492642.jpg, https://www.sevenfive.co.th/en/files/product/original/PRD175522492726.jpg, https://www.sevenfive.co.th/en/files/product/original/PRD175522493021.jpg, https://www.sevenfive.co.th/en/files/product/original/PRD175522493041.jpg, https://www.sevenfive.co.th/en/files/product/original/PRD175522493519.jpg, https://www.sevenfive.co.th/en/files/product/original/PRD175522493521.jpg, https://www.sevenfive.co.th/en/files/product/original/PRD175522493570.jpg, https://www.sevenfive.co.th/en/files/product/original/PRD175522494257.jpg, https://www.sevenfive.co.th/en/files/product/original/PRD175522494262.jpg, https://www.sevenfive.co.th/en/files/product/original/PRD175522494672.jpg, https://www.sevenfive.co.th/en/files/product/original/PRD175522494791.jpg, https://www.sevenfive.co.th/en/files/product/original/PRD988bd25bea461a00db28216219a79aaa.jpg, https://www.sevenfive.co.th/en/files/product/original/PRDaaa525a2c8f7764ce228ec64ef87573e.jpg"
PIM2-905090006,"https://www.sevenfive.co.th/en/files/product/original/PRD149a377bdf00a913fec8e12e79334aa9.jpg, https://www.sevenfive.co.th/en/files/product/original/PRD175522506136.jpg, https://www.sevenfive.co.th/en/files/product/original/PRD17552250617.jpg, https://www.sevenfive.co.th/en/files/product/original/PRD175522506442.jpg, https://www.sevenfive.co.th/en/files/product/original/PRD175522506474.jpg, https://www.sevenfive.co.th/en/files/product/original/PRD175522506491.jpg, https://www.sevenfive.co.th/en/files/product/original/PRD175522506795.jpg, https://www.sevenfive.co.th/en/files/product/original/PRD175522507024.jpg, https://www.sevenfive.co.th/en/files/product/original/PRD175522507082.jpg, https://www.sevenfive.co.th/en/files/product/original/PRD175522507326.jpg, https://www.sevenfive.co.th/en/files/product/original/PRD175522507389.jpg, https://www.sevenfive.co.th/en/files/product/original/PRD410bf7d2b822309f62999f34fd121811.jpg, https://www.sevenfive.co.th/en/files/product/original/PRD6e9449c9b234a9e74a431ee73c1d4b32.jpg"
PIM2-905050022,"https://www.sevenfive.co.th/en/files/product/original/PRD1147c1459cf7b69ebfc3953430f959a4.jpg, https://www.sevenfive.co.th/en/files/product/original/PRD175522496426.jpg, https://www.sevenfive.co.th/en/files/product/original/PRD175522496471.jpg, https://www.sevenfive.co.th/en/files/product/original/PRD175522496856.jpg, https://www.sevenfive.co.th/en/files/product/original/PRD175522496866.jpg, https://www.sevenfive.co.th/en/files/product/original/PRD175522496872.jpg, https://www.sevenfive.co.th/en/files/product/original/PRD175522497256.jpg, https://www.sevenfive.co.th/en/files/product/original/PRD175522497273.jpg, https://www.sevenfive.co.th/en/files/product/original/PRD175522497742.jpg, https://www.sevenfive.co.th/en/files/product/original/PRD175522497762.jpg, https://www.sevenfive.co.th/en/files/product/original/PRDa72b4a5c42177150c300b5a0f9613c3e.jpg"
PIM2-905050023,"https://www.sevenfive.co.th/en/files/product/original/PRD175522497359.jpg, https://www.sevenfive.co.th/en/files/product/original/PRD175522497720.jpg, https://www.sevenfive.co.th/en/files/product/original/PRD175522497735.jpg, https://www.sevenfive.co.th/en/files/product/original/PRD175522498026.jpg, https://www.sevenfive.co.th/en/files/product/original/PRD17552249849.jpg, https://www.sevenfive.co.th/en/files/product/original/PRD175522498888.jpg, https://www.sevenfive.co.th/en/files/product/original/PRD2a2d060a7815c04395e062a9863c65fb.jpg, https://www.sevenfive.co.th/en/files/product/original/PRDc43042f88662d4dcda824b6b4aca198c.jpg, https://www.sevenfive.co.th/en/files/product/original/PRDf4e3044fbbfa283c5e92871cba57aa92.jpg"
PIM2-905110008,"https://www.sevenfive.co.th/en/files/product/original/PRD17552250735.jpg, https://www.sevenfive.co.th/en/files/product/original/PRD175522507372.jpg, https://www.sevenfive.co.th/en/files/product/original/PRD175522507621.jpg, https://www.sevenfive.co.th/en/files/product/original/PRD6778c419041995149a3348b06835f434.jpg"
PIM2-905130023,"https://www.sevenfive.co.th/en/files/product/original/PRD175522509539.jpg, https://www.sevenfive.co.th/en/files/product/original/PRD175522509739.jpg, https://www.sevenfive.co.th/en/files/product/original/PRD175522509779.jpg, https://www.sevenfive.co.th/en/files/product/original/PRD17552251000.jpg, https://www.sevenfive.co.th/en/files/product/original/PRD5f9c733648f7634c943c486947599ef8.jpg, https://www.sevenfive.co.th/en/files/product/original/PRD8ead851e9a65db62a9ddc5f57983dceb.jpg, https://www.sevenfive.co.th/en/files/product/original/PRDa5bb41ca5ec34dfc21b5d8e4ae900802.jpg"
PIM2-905130021,"https://www.sevenfive.co.th/en/files/product/original/PRD0684305feac0a1196f939c8d17e30dde.jpg, https://www.sevenfive.co.th/en/files/product/original/PRD175522508324.jpg, https://www.sevenfive.co.th/en/files/product/original/PRD175522508622.jpg, https://www.sevenfive.co.th/en/files/product/original/PRD175522508665.jpg, https://www.sevenfive.co.th/en/files/product/original/PRD3efb6079d3b0dcb551b897158b1f10d5.jpg, https://www.sevenfive.co.th/en/files/product/original/PRD53bc455e822c1a5034ea8931112b627d.jpg"
PIM2-905130022,"https://www.sevenfive.co.th/en/files/product/original/PRD1656880718a9b6f2debce0a4d58d2173.jpg, https://www.sevenfive.co.th/en/files/product/original/PRD175522508940.jpg, https://www.sevenfive.co.th/en/files/product/original/PRD175522508962.jpg, https://www.sevenfive.co.th/en/files/product/original/PRD175522509120.jpg, https://www.sevenfive.co.th/en/files/product/original/PRD175522509193.jpg, https://www.sevenfive.co.th/en/files/product/original/PRD17552250922.jpg, https://www.sevenfive.co.th/en/files/product/original/PRD175522509263.jpg, https://www.sevenfive.co.th/en/files/product/original/PRD175522509431.jpg, https://www.sevenfive.co.th/en/files/product/original/PRD175522509470.jpg, https://www.sevenfive.co.th/en/files/product/original/PRD8f7de6f0e5e847b7604b09f1f8f74a90.jpg, https://www.sevenfive.co.th/en/files/product/original/PRDa5b6315b42129282a5ef839f2efdacfd.jpg"
PIM2-910020001,"https://www.sevenfive.co.th/en/files/product/original/PRD175522540358.jpg, https://www.sevenfive.co.th/en/files/product/original/PRD175522540372.jpg, https://www.sevenfive.co.th/en/files/product/original/PRD175522540394.jpg, https://www.sevenfive.co.th/en/files/product/original/PRD17552254070.jpg, https://www.sevenfive.co.th/en/files/product/original/PRD175522540759.jpg, https://www.sevenfive.co.th/en/files/product/original/PRD175522540797.jpg, https://www.sevenfive.co.th/en/files/product/original/PRD3bb3c6f1c09126343dabab8a96ebef0e.jpg, https://www.sevenfive.co.th/en/files/product/original/PRDe435e28a7673edc802a1095fe7f48cd1.jpg"
PIM2-910010034,"https://www.sevenfive.co.th/en/files/product/original/PRD175522532427.jpg, https://www.sevenfive.co.th/en/files/product/original/PRD175522532430.jpg, https://www.sevenfive.co.th/en/files/product/original/PRD175522532445.jpg, https://www.sevenfive.co.th/en/files/product/original/PRD17552253245.jpg, https://www.sevenfive.co.th/en/files/product/original/PRD175522532561.jpg, https://www.sevenfive.co.th/en/files/product/original/PRD175522532966.jpg, https://www.sevenfive.co.th/en/files/product/original/PRD17552253299.jpg, https://www.sevenfive.co.th/en/files/product/original/PRD175522533014.jpg, https://www.sevenfive.co.th/en/files/product/original/PRD175522533098.jpg, https://www.sevenfive.co.th/en/files/product/original/PRD8b9a34021b40ca0c33b51f09c2b710d1.jpg"
PIM2-910010061,"https://www.sevenfive.co.th/en/files/product/original/PRD17552253780.jpg, https://www.sevenfive.co.th/en/files/product/original/PRD175522537914.jpg, https://www.sevenfive.co.th/en/files/product/original/PRD175522537954.jpg, https://www.sevenfive.co.th/en/files/product/original/PRD175522537994.jpg, https://www.sevenfive.co.th/en/files/product/original/PRD175522538364.jpg, https://www.sevenfive.co.th/en/files/product/original/PRD175522538427.jpg, https://www.sevenfive.co.th/en/files/product/original/PRD17552253845.jpg, https://www.sevenfive.co.th/en/files/product/original/PRDed3a226d0db9be5eb91b02b2ea1dad80.jpg"
PIM2-909010176,"https://www.sevenfive.co.th/en/files/product/original/PRD175522524528.jpg, https://www.sevenfive.co.th/en/files/product/original/PRD175522524539.jpg, https://www.sevenfive.co.th/en/files/product/original/PRD175522524549.jpg, https://www.sevenfive.co.th/en/files/product/original/PRD17552252455.jpg, https://www.sevenfive.co.th/en/files/product/original/PRD175522524557.jpg, https://www.sevenfive.co.th/en/files/product/original/PRD175522525012.jpg, https://www.sevenfive.co.th/en/files/product/original/PRD175522525026.jpg, https://www.sevenfive.co.th/en/files/product/original/PRD175522525076.jpg, https://www.sevenfive.co.th/en/files/product/original/PRD17552252532.jpg, https://www.sevenfive.co.th/en/files/product/original/PRD175522525471.jpg, https://www.sevenfive.co.th/en/files/product/original/PRD17552252581.jpg, https://www.sevenfive.co.th/en/files/product/original/PRD6f5310c10d27565d5eb32cf21ccaeeb8.jpg, https://www.sevenfive.co.th/en/files/product/original/PRD85c8d20a67e1c83f5d5b171dfdfc449f.jpg, https://www.sevenfive.co.th/en/files/product/original/PRDd4bf982862f6bc63f4a83ff9bfc92d69.jpg"
PIM2-905990030,"https://www.sevenfive.co.th/en/files/product/original/PRD175522516526.jpg, https://www.sevenfive.co.th/en/files/product/original/PRD175522516536.jpg, https://www.sevenfive.co.th/en/files/product/original/PRD175522516597.jpg, https://www.sevenfive.co.th/en/files/product/original/PRD17552251682.jpg, https://www.sevenfive.co.th/en/files/product/original/PRD175522516858.jpg, https://www.sevenfive.co.th/en/files/product/original/PRD175522516859.jpg, https://www.sevenfive.co.th/en/files/product/original/PRD17552251713.jpg, https://www.sevenfive.co.th/en/files/product/original/PRD175522517142.jpg, https://www.sevenfive.co.th/en/files/product/original/PRD175522517148.jpg, https://www.sevenfive.co.th/en/files/product/original/PRD175522517683.jpg, https://www.sevenfive.co.th/en/files/product/original/PRD17552251777.jpg, https://www.sevenfive.co.th/en/files/product/original/PRD36113973074986c9d149687e1b5f5295.jpg, https://www.sevenfive.co.th/en/files/product/original/PRD984dab5551eaefb299044f10de56349e.jpg, https://www.sevenfive.co.th/en/files/product/original/PRDa0c992ff802c6b1f18056f9f4effda7b.jpg"
PIM2-906010030,"https://www.sevenfive.co.th/en/files/product/original/PRD175705869294.jpg, https://www.sevenfive.co.th/en/files/product/original/PRD175705869310.jpg, https://www.sevenfive.co.th/en/files/product/original/PRD175705869389.jpg"
PIM2-906010042A,"https://www.sevenfive.co.th/en/files/product/original/PRD175705869869.jpg, https://www.sevenfive.co.th/en/files/product/original/PRD175705869948.jpg"
PIM2-910020002,"https://www.sevenfive.co.th/en/files/product/original/PRD0c4738f1c1e2676e4a87153849e90223.jpg, https://www.sevenfive.co.th/en/files/product/original/PRD10aa4822ec3ed761209b57e4fdecfdda.jpg, https://www.sevenfive.co.th/en/files/product/original/PRD175522541121.jpg, https://www.sevenfive.co.th/en/files/product/original/PRD175522541136.jpg, https://www.sevenfive.co.th/en/files/product/original/PRD17552254118.jpg, https://www.sevenfive.co.th/en/files/product/original/PRD175522541418.jpg, https://www.sevenfive.co.th/en/files/product/original/PRD175522541464.jpg"
PIM2-905060014A,"https://www.sevenfive.co.th/en/files/product/original/PRD175705868552.jpg, https://www.sevenfive.co.th/en/files/product/original/PRD175705868590.jpg, https://www.sevenfive.co.th/en/files/product/original/PRD175705868684.jpg"
PIM2-909010177,"https://www.sevenfive.co.th/en/files/product/original/PRD175522525919.jpg, https://www.sevenfive.co.th/en/files/product/original/PRD175522525964.jpg, https://www.sevenfive.co.th/en/files/product/original/PRD175522525992.jpg, https://www.sevenfive.co.th/en/files/product/original/PRD175522526317.jpg, https://www.sevenfive.co.th/en/files/product/original/PRD175522526320.jpg, https://www.sevenfive.co.th/en/files/product/original/PRD175522526353.jpg, https://www.sevenfive.co.th/en/files/product/original/PRD175522526454.jpg, https://www.sevenfive.co.th/en/files/product/original/PRD1d559b387c73abc923476bf4f615e5bf.jpg, https://www.sevenfive.co.th/en/files/product/original/PRDb798fe86f1d4b2a81feb4a1fd56d8a6d.jpg"
PIM2-905040012,"https://www.sevenfive.co.th/en/files/product/original/PRD020c3e47b77b95e57dc78716d811cc7c.jpg, https://www.sevenfive.co.th/en/files/product/original/PRD7d0f385d212c0bb8717385a97cd995b4.jpg, https://www.sevenfive.co.th/en/files/product/original/PRDa6a8c87a743216b19fcc2dce5570163f.jpg"
PIM2-905160052,"https://www.sevenfive.co.th/en/files/product/original/PRD1168bc3294bbac6d695838184d322d56.jpg, https://www.sevenfive.co.th/en/files/product/original/PRD175522512724.jpg, https://www.sevenfive.co.th/en/files/product/original/PRD175522513147.jpg, https://www.sevenfive.co.th/en/files/product/original/PRD175522513177.jpg, https://www.sevenfive.co.th/en/files/product/original/PRD175522513241.jpg, https://www.sevenfive.co.th/en/files/product/original/PRD175522513529.jpg, https://www.sevenfive.co.th/en/files/product/original/PRD175522513868.jpg, https://www.sevenfive.co.th/en/files/product/original/PRD175522514133.jpg, https://www.sevenfive.co.th/en/files/product/original/PRD7a2cc42514d41e73bfdcc5f1eb2de37c.jpg, https://www.sevenfive.co.th/en/files/product/original/PRD834594eb59b28beb0c2faa49e3a1e68b.jpg"
PIM2-910010038,"https://www.sevenfive.co.th/en/files/product/original/PRD175522533442.jpg, https://www.sevenfive.co.th/en/files/product/original/PRD17552253346.jpg, https://www.sevenfive.co.th/en/files/product/original/PRD175522533486.jpg, https://www.sevenfive.co.th/en/files/product/original/PRD175522533490.jpg, https://www.sevenfive.co.th/en/files/product/original/PRD175522534128.jpg, https://www.sevenfive.co.th/en/files/product/original/PRD17552253417.jpg, https://www.sevenfive.co.th/en/files/product/original/PRD175522534198.jpg, https://www.sevenfive.co.th/en/files/product/original/PRD5f61a17bba81bfc8db6e959408ae81a0.jpg, https://www.sevenfive.co.th/en/files/product/original/PRDff458ec70851600a1281b6cb527d64dc.jpg"
PIM2-905160053,"https://www.sevenfive.co.th/en/files/product/original/PRD14023454b7f5b6c82110b452bcf0a126.jpg, https://www.sevenfive.co.th/en/files/product/original/PRD175522513645.jpg, https://www.sevenfive.co.th/en/files/product/original/PRD175522513749.jpg, https://www.sevenfive.co.th/en/files/product/original/PRD175522514016.jpg, https://www.sevenfive.co.th/en/files/product/original/PRD175522514085.jpg, https://www.sevenfive.co.th/en/files/product/original/PRD175522514088.jpg, https://www.sevenfive.co.th/en/files/product/original/PRD175522514387.jpg, https://www.sevenfive.co.th/en/files/product/original/PRDbdb249deb3d2fbd8482fd203243cbbc3.jpg, https://www.sevenfive.co.th/en/files/product/original/PRDe4a61738ef4c3d33df4261a4921b51c1.jpg"
PIM2-910010073,"https://www.sevenfive.co.th/en/files/product/original/PRD17552253870.jpg, https://www.sevenfive.co.th/en/files/product/original/PRD175522538728.jpg, https://www.sevenfive.co.th/en/files/product/original/PRD175522538780.jpg, https://www.sevenfive.co.th/en/files/product/original/PRD17552253912.jpg, https://www.sevenfive.co.th/en/files/product/original/PRD175522539173.jpg, https://www.sevenfive.co.th/en/files/product/original/PRD175522539186.jpg, https://www.sevenfive.co.th/en/files/product/original/PRD17552253919.jpg, https://www.sevenfive.co.th/en/files/product/original/PRDc77f39ae6cfcad0ef034fe86b8441255.jpg"
PIM2-912080237,"https://www.sevenfive.co.th/en/files/product/original/PRD175522546017.jpg, https://www.sevenfive.co.th/en/files/product/original/PRD175522546040.jpg, https://www.sevenfive.co.th/en/files/product/original/PRD175522546042.jpg, https://www.sevenfive.co.th/en/files/product/original/PRD175522546057.jpg, https://www.sevenfive.co.th/en/files/product/original/PRD175522546071.jpg, https://www.sevenfive.co.th/en/files/product/original/PRD175522546332.jpg, https://www.sevenfive.co.th/en/files/product/original/PRD175522546340.jpg, https://www.sevenfive.co.th/en/files/product/original/PRD175522546346.jpg, https://www.sevenfive.co.th/en/files/product/original/PRD175522546358.jpg, https://www.sevenfive.co.th/en/files/product/original/PRD175522546376.jpg, https://www.sevenfive.co.th/en/files/product/original/PRD175522546384.jpg, https://www.sevenfive.co.th/en/files/product/original/PRD3a502ab53136892f4da46f7e9a4744bf.jpg, https://www.sevenfive.co.th/en/files/product/original/PRD49c34274cac6961488538a5b95227b69.jpg, https://www.sevenfive.co.th/en/files/product/original/PRDc5c44a06e2d4ab2a50cb7a1a87d2eb18.jpg"
PIM2-905060034,"https://www.sevenfive.co.th/en/files/product/original/PRDd0ef67d1cdf896969c3e417899c2d038.jpg, https://www.sevenfive.co.th/en/files/product/original/PRDd103f6a7602cd978efdea6edb134416b.jpg"
PIM2-916040002,"https://www.sevenfive.co.th/en/files/product/original/PRD580e408d8d82a3c2fd396065548fe334.jpg, https://www.sevenfive.co.th/en/files/product/original/PRDb6ab846f9593754815cd5fd5ab3b996a.jpg"
PIM2-905120014,"https://www.sevenfive.co.th/en/files/product/original/PRD1194c4e5e7706172b799d90c4d08dac2.jpg, https://www.sevenfive.co.th/en/files/product/original/PRD1370d48d867b2035332a1dcf98bee42c.jpg, https://www.sevenfive.co.th/en/files/product/original/PRD16169c7ee118b1dbda2caf827c733637.jpg"
PIM2-905020017,"https://www.sevenfive.co.th/en/files/product/original/PRD52a43c33317c71499df4d752b8e8a4ce.jpg, https://www.sevenfive.co.th/en/files/product/original/PRDe597f2c0bdfb9a46bf172f5f9aeae36f.jpg, https://www.sevenfive.co.th/en/files/product/original/PRDe90eadcd3a534ed9c67681333f0b9f5a.jpg"
PIM2-905040007,"https://www.sevenfive.co.th/en/files/product/original/PRD1d8c3221b9333224930ce5beb0ed9eba.jpg, https://www.sevenfive.co.th/en/files/product/original/PRD8565322ce1e755e748ba416abef6e63e.jpg, https://www.sevenfive.co.th/en/files/product/original/PRD986d11aef96d84b29dcdfaf60f1b8f8d.jpg"
PIM2-905040029,"https://www.sevenfive.co.th/en/files/product/original/PRD120fc8c0b38628ea076238ef16c7200d.jpg, https://www.sevenfive.co.th/en/files/product/original/PRDe6ca2fc1e7b872ef388304a17f35a3dd.jpg, https://www.sevenfive.co.th/en/files/product/original/PRDfc5ca7a8475f0949e955778cbe19a994.jpg"
PIM2-905090005,"https://www.sevenfive.co.th/en/files/product/original/PRD23a2ca8b5c8a7849fc1da5afa1b35616.jpg, https://www.sevenfive.co.th/en/files/product/original/PRD2db061569856d14f2ef3e1a5f5edc4ad.jpg, https://www.sevenfive.co.th/en/files/product/original/PRDee8808d015b4b7bad9ae4dee0d902a98.jpg"
PIM2-905160065,"https://www.sevenfive.co.th/en/files/product/original/PRD0263fbfd62416766d325498a3bb0c536.jpg, https://www.sevenfive.co.th/en/files/product/original/PRDacf4e25e5d47c540abae86d82a0cbc57.jpg, https://www.sevenfive.co.th/en/files/product/original/PRDfb42cc9e382911d8ae4a7ea43118c670.jpg"
PIM2-912080370,"https://www.sevenfive.co.th/en/files/product/original/PRD1642b577e46fa24c91037a14941d2c31.jpg, https://www.sevenfive.co.th/en/files/product/original/PRD739b8634a714017e285bd496c6d8306e.jpg, https://www.sevenfive.co.th/en/files/product/original/PRDcfad49d7305765908f36e991ff8fbd3e.jpg"
PIM2-905070043,"https://www.sevenfive.co.th/en/files/product/original/PRD5ed916fc222cc4887891b0feb238ca26.jpg, https://www.sevenfive.co.th/en/files/product/original/PRD71cbfc29d1dc0758240636d480a46e5a.jpg, https://www.sevenfive.co.th/en/files/product/original/PRDdc5db4101c4a420c77413852d68580c2.jpg"
PIM2-905060008,"https://www.sevenfive.co.th/en/files/product/original/PRD57eba7e8589574cd257cd1ce3c7890ad.jpg, https://www.sevenfive.co.th/en/files/product/original/PRD955ea7fcb03521afabd6b06539b05bb3.jpg"
PIM2-905160068,"https://www.sevenfive.co.th/en/files/product/original/PRD15c096a13c9bb817b65c2154ae548517.jpg, https://www.sevenfive.co.th/en/files/product/original/PRD705d46baa7cd90b2930ba3659f6aee7d.jpg, https://www.sevenfive.co.th/en/files/product/original/PRDa6faca9231e9008e82c59701d202b290.jpg"
PIM2-905050029,"https://www.sevenfive.co.th/en/files/product/original/PRD0b7d7a7080a6fd8794c4022dd810f868.jpg, https://www.sevenfive.co.th/en/files/product/original/PRD790c327a1e2fda054e51f9b52896255f.jpg, https://www.sevenfive.co.th/en/files/product/original/PRDc1a1d46bef7acf525bc6e59e7b756947.jpg"
PIM2-905020016,"https://www.sevenfive.co.th/en/files/product/original/PRD37f891ef63c6425544a6a2510d400855.jpg, https://www.sevenfive.co.th/en/files/product/original/PRD9369d6b877e28fa6741bb1b6d3706957.jpg, https://www.sevenfive.co.th/en/files/product/original/PRDe2c3f29315495ecb77994b69c6ecb6c1.jpg"
PIM2-905060052,"https://www.sevenfive.co.th/en/files/product/original/PRD175705868648.jpg, https://www.sevenfive.co.th/en/files/product/original/PRD17570586885.jpg, https://www.sevenfive.co.th/en/files/product/original/PRD175705868951.jpg"
PIM2-905070027,"https://www.sevenfive.co.th/en/files/product/original/PRD105242d3b259ea0945e5c3ed9d3e08a9.jpg, https://www.sevenfive.co.th/en/files/product/original/PRD175522504376.jpg, https://www.sevenfive.co.th/en/files/product/original/PRD175522504381.jpg, https://www.sevenfive.co.th/en/files/product/original/PRD175522504612.jpg, https://www.sevenfive.co.th/en/files/product/original/PRD175522504632.jpg, https://www.sevenfive.co.th/en/files/product/original/PRD175522504666.jpg, https://www.sevenfive.co.th/en/files/product/original/PRD175522505064.jpg, https://www.sevenfive.co.th/en/files/product/original/PRD175522505090.jpg, https://www.sevenfive.co.th/en/files/product/original/PRD465ef9c06d894e5de1d22045cb63f250.jpg, https://www.sevenfive.co.th/en/files/product/original/PRDa555d55d52972668949f19f75e40ea7f.jpg"
PIM2-905100010,"https://www.sevenfive.co.th/en/files/product/original/PRD175522506769.jpg, https://www.sevenfive.co.th/en/files/product/original/PRD175522506919.jpg, https://www.sevenfive.co.th/en/files/product/original/PRD175522506967.jpg, https://www.sevenfive.co.th/en/files/product/original/PRD175522507119.jpg, https://www.sevenfive.co.th/en/files/product/original/PRD175522507265.jpg, https://www.sevenfive.co.th/en/files/product/original/PRDa234060cc9d00025fe310acdc0e97ebc.jpg, https://www.sevenfive.co.th/en/files/product/original/PRDa78261f923f2f69d2b38bc58e815b63a.jpg, https://www.sevenfive.co.th/en/files/product/original/PRDfe49388133d296ca8a5c25c2c4555f2f.jpg"
PIM2-905120070,"https://www.sevenfive.co.th/en/files/product/original/PRD175522507738.jpg, https://www.sevenfive.co.th/en/files/product/original/PRD175522507740.jpg, https://www.sevenfive.co.th/en/files/product/original/PRD175522507741.jpg, https://www.sevenfive.co.th/en/files/product/original/PRD175522507936.jpg, https://www.sevenfive.co.th/en/files/product/original/PRD175522507950.jpg, https://www.sevenfive.co.th/en/files/product/original/PRD175522508045.jpg, https://www.sevenfive.co.th/en/files/product/original/PRD175522508063.jpg, https://www.sevenfive.co.th/en/files/product/original/PRD175522508076.jpg, https://www.sevenfive.co.th/en/files/product/original/PRD175522508251.jpg, https://www.sevenfive.co.th/en/files/product/original/PRD175522508254.jpg, https://www.sevenfive.co.th/en/files/product/original/PRD175522508269.jpg, https://www.sevenfive.co.th/en/files/product/original/PRD175522508551.jpg, https://www.sevenfive.co.th/en/files/product/original/PRD175522508661.jpg, https://www.sevenfive.co.th/en/files/product/original/PRD175522508816.jpg, https://www.sevenfive.co.th/en/files/product/original/PRD175522508870.jpg, https://www.sevenfive.co.th/en/files/product/original/PRD30a5d1cd72055e3355871f6a35f8ea9f.jpg, https://www.sevenfive.co.th/en/files/product/original/PRDab42ae66b9a5c6a00f0ae7cd25e65015.jpg, https://www.sevenfive.co.th/en/files/product/original/PRDe95d5f8d26c388f17f73c75597f64975.jpg"
PIM2-905180013,"https://www.sevenfive.co.th/en/files/product/original/PRD175522515417.jpg, https://www.sevenfive.co.th/en/files/product/original/PRD175522515459.jpg, https://www.sevenfive.co.th/en/files/product/original/PRD175522515633.jpg, https://www.sevenfive.co.th/en/files/product/original/PRD175522515658.jpg, https://www.sevenfive.co.th/en/files/product/original/PRD17552251606.jpg, https://www.sevenfive.co.th/en/files/product/original/PRD17552251608.jpg, https://www.sevenfive.co.th/en/files/product/original/PRD175522516158.jpg, https://www.sevenfive.co.th/en/files/product/original/PRD175522516459.jpg, https://www.sevenfive.co.th/en/files/product/original/PRD175522516479.jpg, https://www.sevenfive.co.th/en/files/product/original/PRD175522516744.jpg, https://www.sevenfive.co.th/en/files/product/original/PRD175522516785.jpg, https://www.sevenfive.co.th/en/files/product/original/PRD5647e3080cc09a8c54a085e9d5228d9c.jpg, https://www.sevenfive.co.th/en/files/product/original/PRDe07d3227bd6854980c6ab725c74f8c2b.jpg"
PIM2-905990052,"https://www.sevenfive.co.th/en/files/product/original/PRD175522519178.jpg, https://www.sevenfive.co.th/en/files/product/original/PRD17552251919.jpg, https://www.sevenfive.co.th/en/files/product/original/PRD175522519422.jpg, https://www.sevenfive.co.th/en/files/product/original/PRD175522519441.jpg, https://www.sevenfive.co.th/en/files/product/original/PRD175522519443.jpg, https://www.sevenfive.co.th/en/files/product/original/PRD373b0dc155a5a6742dfcc523730798b6.jpg, https://www.sevenfive.co.th/en/files/product/original/PRD40c9359b25189952892e8acfc06fb16e.jpg, https://www.sevenfive.co.th/en/files/product/original/PRD649f8a8eaecec230ea63806fe641f903.jpg"
PIM2-905990082,"https://www.sevenfive.co.th/en/files/product/original/PRD175522519895.jpg, https://www.sevenfive.co.th/en/files/product/original/PRD175522520226.jpg, https://www.sevenfive.co.th/en/files/product/original/PRD175522520242.jpg, https://www.sevenfive.co.th/en/files/product/original/PRD175522520258.jpg, https://www.sevenfive.co.th/en/files/product/original/PRD175522520281.jpg, https://www.sevenfive.co.th/en/files/product/original/PRD175522520663.jpg, https://www.sevenfive.co.th/en/files/product/original/PRD913ad84669fb680988bd07d386f4cd5c.jpg, https://www.sevenfive.co.th/en/files/product/original/PRDb7098d01aefe61d6d353eee273214b4d.jpg, https://www.sevenfive.co.th/en/files/product/original/PRDd2289bf8e9419283e74005c793e01274.jpg"
PIM2-908070025,"https://www.sevenfive.co.th/en/files/product/original/PRD175522521960.jpg, https://www.sevenfive.co.th/en/files/product/original/PRD175522521974.jpg, https://www.sevenfive.co.th/en/files/product/original/PRD175522522256.jpg, https://www.sevenfive.co.th/en/files/product/original/PRDb9538df2982bd40d2bb4fa3b13fcaec8.jpg, https://www.sevenfive.co.th/en/files/product/original/PRDf80294606c43dc9c5e3b594710fae541.jpg"
PIM2-915010041,"https://www.sevenfive.co.th/en/files/product/original/PRD175522546784.jpg, https://www.sevenfive.co.th/en/files/product/original/PRD175522546839.jpg, https://www.sevenfive.co.th/en/files/product/original/PRD175522546846.jpg, https://www.sevenfive.co.th/en/files/product/original/PRD17552254686.jpg, https://www.sevenfive.co.th/en/files/product/original/PRD175522547112.jpg, https://www.sevenfive.co.th/en/files/product/original/PRD175522547135.jpg, https://www.sevenfive.co.th/en/files/product/original/PRD175522547158.jpg, https://www.sevenfive.co.th/en/files/product/original/PRD57e33b2202b1f6ea7a24dbe8260cf1dc.jpg, https://www.sevenfive.co.th/en/files/product/original/PRDb8f7bfd169460efd3c28c899edeeba1a.jpg"
PIM2-910020003A,"https://www.sevenfive.co.th/en/files/product/original/PRD175522541725.jpg, https://www.sevenfive.co.th/en/files/product/original/PRD175522542017.jpg, https://www.sevenfive.co.th/en/files/product/original/PRD33f6eb5a3a743985133d83f25edfc9e4.jpg, https://www.sevenfive.co.th/en/files/product/original/PRD8aeb0a3d06c2fe83268d240ca0e77c21.jpg"
PIM2-910020009A,"https://www.sevenfive.co.th/en/files/product/original/PRD175522545010.jpg, https://www.sevenfive.co.th/en/files/product/original/PRD175522545064.jpg, https://www.sevenfive.co.th/en/files/product/original/PRD17552254507.jpg, https://www.sevenfive.co.th/en/files/product/original/PRD175522545628.jpg, https://www.sevenfive.co.th/en/files/product/original/PRD175522545635.jpg, https://www.sevenfive.co.th/en/files/product/original/PRD175522545653.jpg, https://www.sevenfive.co.th/en/files/product/original/PRD175522545780.jpg, https://www.sevenfive.co.th/en/files/product/original/PRD5dfa6328d964979dfc460a4b0fbf6cb1.jpg, https://www.sevenfive.co.th/en/files/product/original/PRD6517d3964a84519c7019e56f9ac7eb7a.jpg, https://www.sevenfive.co.th/en/files/product/original/PRD842bc36611bc0872f5fcc221b3e79c75.jpg"
TOP2-9860-BK,"https://www.sevenfive.co.th/en/files/product/original/PRD175411541450.jpg, https://www.sevenfive.co.th/en/files/product/original/PRD175411541554.jpg, https://www.sevenfive.co.th/en/files/product/original/PRD175522674211.jpg, https://www.sevenfive.co.th/en/files/product/original/PRD175522674237.jpg, https://www.sevenfive.co.th/en/files/product/original/PRD175522674525.jpg, https://www.sevenfive.co.th/en/files/product/original/PRD175522674550.jpg, https://www.sevenfive.co.th/en/files/product/original/PRD17552267459.jpg"
"TOP2-98-H44""","https://www.sevenfive.co.th/en/files/product/original/PRD175411539876.jpg, https://www.sevenfive.co.th/en/files/product/original/PRD17541154004.jpg, https://www.sevenfive.co.th/en/files/product/original/PRD175522669763.jpg, https://www.sevenfive.co.th/en/files/product/original/PRD175522669970.jpg, https://www.sevenfive.co.th/en/files/product/original/PRDa90dde28db1d79281990556846916386.jpg"
TOP2-M-098-SV,"https://www.sevenfive.co.th/en/files/product/original/PRD175411541829.jpg, https://www.sevenfive.co.th/en/files/product/original/PRD175411541880.jpg, https://www.sevenfive.co.th/en/files/product/original/PRD175411541912.jpg, https://www.sevenfive.co.th/en/files/product/original/PRD175411541999.jpg, https://www.sevenfive.co.th/en/files/product/original/PRD17552267552.jpg, https://www.sevenfive.co.th/en/files/product/original/PRD175522675530.jpg, https://www.sevenfive.co.th/en/files/product/original/PRD175522675593.jpg, https://www.sevenfive.co.th/en/files/product/original/PRD175522675743.jpg, https://www.sevenfive.co.th/en/files/product/original/PRD175522675744.jpg, https://www.sevenfive.co.th/en/files/product/original/PRD175522675772.jpg, https://www.sevenfive.co.th/en/files/product/original/PRD175522675823.jpg, https://www.sevenfive.co.th/en/files/product/original/PRD175522675865.jpg, https://www.sevenfive.co.th/en/files/product/original/PRD175522676018.jpg, https://www.sevenfive.co.th/en/files/product/original/PRD175522676092.jpg, https://www.sevenfive.co.th/en/files/product/original/PRD175522676213.jpg, https://www.sevenfive.co.th/en/files/product/original/PRD175522676251.jpg"
NTS1-CSSP-D5006,"https://www.sevenfive.co.th/en/files/product/original/PRD439e7ece8918ec5e858413d079a639b9.jpg, https://www.sevenfive.co.th/en/files/product/original/PRD5acc73c67beb4f52d93d271437dec882.jpg, https://www.sevenfive.co.th/en/files/product/original/PRDa9e6ea706043e6a3437904a1fab639c7.jpg"
PIM2-70202021828L,"https://www.sevenfive.co.th/en/files/product/original/PRD175705876118.jpg, https://www.sevenfive.co.th/en/files/product/original/PRD175705876220.jpg, https://www.sevenfive.co.th/en/files/product/original/PRD175705876261.jpg, https://www.sevenfive.co.th/en/files/product/original/PRD175705876287.jpg"
NDW1-NFORZ-BLACK,"https://www.sevenfive.co.th/en/files/product/original/PRD6ea159154aa4503b41d14ff44ddc7b9e.jpg, https://www.sevenfive.co.th/en/files/product/original/PRDb7bf92d8ec8d7f517c5b9f9face3ec6b.jpg, https://www.sevenfive.co.th/en/files/product/original/PRDdd563465539d2733437aa9df01324fe4.jpg"
NDW1-NFLY-BLACK,"https://www.sevenfive.co.th/en/files/product/original/PRD43953823fa5bc723af26b486b07f6937.jpg, https://www.sevenfive.co.th/en/files/product/original/PRD643bab26ccdc5c2f976e46851b962e0f.jpg, https://www.sevenfive.co.th/en/files/product/original/PRD92f56eb80feaaf4bf22db45c6f8485b5.jpg"
NDW1-TONY-BLACK,"https://www.sevenfive.co.th/en/files/product/original/PRD3deadcdd3632a8dd50cc6054570c3a4a.jpg, https://www.sevenfive.co.th/en/files/product/original/PRD72740e71b175e0561261b750564b92c2.jpg, https://www.sevenfive.co.th/en/files/product/original/PRD83fb0b13e60b34ab3b007023a9136e7c.jpg"
SAN1-50X,"https://www.sevenfive.co.th/en/files/product/original/PRD0fe7e719e8dd29ea826a0d2d2924a0da.jpg, https://www.sevenfive.co.th/en/files/product/original/PRD9b70a36b876d21910aa52a3c65753840.jpg, https://www.sevenfive.co.th/en/files/product/original/PRDb660e5cec77211faa9a2420db8bfb870.jpg"
BER1-BS2D-F6-L(750),"https://www.sevenfive.co.th/en/files/product/original/PRD6cc9127dffb010b28c9fd4e72e598f52.jpg, https://www.sevenfive.co.th/en/files/product/original/PRD84e3ce874c1a0c15ff0d2af7208a077f.jpg"
MBM1-MIN77T-M1,"https://www.sevenfive.co.th/en/files/product/original/PRD176915920595.jpg, https://www.sevenfive.co.th/en/files/product/original/PRDc48ef90625cdb4d32aa6598ab72bc381.jpg"
PIM2-ESK-10-BT,"https://www.sevenfive.co.th/en/files/product/original/PRD175705881031.jpg, https://www.sevenfive.co.th/en/files/product/original/PRD175705881168.jpg, https://www.sevenfive.co.th/en/files/product/original/PRD17570588119.jpg, https://www.sevenfive.co.th/en/files/product/original/PRD175705881193.jpg"
PIM2-ESK-10-02,"https://www.sevenfive.co.th/en/files/product/original/PRD175705880235.jpg, https://www.sevenfive.co.th/en/files/product/original/PRD175705880338.jpg, https://www.sevenfive.co.th/en/files/product/original/PRD175705880392.jpg, https://www.sevenfive.co.th/en/files/product/original/PRD175705880415.jpg"
PIM2-TC12-11,"https://www.sevenfive.co.th/en/files/product/original/PRD175522635217.jpg, https://www.sevenfive.co.th/en/files/product/original/PRD175522635255.jpg, https://www.sevenfive.co.th/en/files/product/original/PRD175522635289.jpg, https://www.sevenfive.co.th/en/files/product/original/PRD175522635711.jpg, https://www.sevenfive.co.th/en/files/product/original/PRD17552263577.jpg, https://www.sevenfive.co.th/en/files/product/original/PRD175522635772.jpg, https://www.sevenfive.co.th/en/files/product/original/PRD175522635881.jpg, https://www.sevenfive.co.th/en/files/product/original/PRD175522635884.jpg, https://www.sevenfive.co.th/en/files/product/original/PRD175522636213.jpg, https://www.sevenfive.co.th/en/files/product/original/PRD175522636217.jpg, https://www.sevenfive.co.th/en/files/product/original/PRD175522636293.jpg, https://www.sevenfive.co.th/en/files/product/original/PRD17552263637.jpg, https://www.sevenfive.co.th/en/files/product/original/PRD175522637514.jpg, https://www.sevenfive.co.th/en/files/product/original/PRD175522637571.jpg, https://www.sevenfive.co.th/en/files/product/original/PRD175522637592.jpg, https://www.sevenfive.co.th/en/files/product/original/PRD175522637645.jpg"
PIM2-TC12-12,"https://www.sevenfive.co.th/en/files/product/original/PRD175522636335.jpg, https://www.sevenfive.co.th/en/files/product/original/PRD175522637711.jpg, https://www.sevenfive.co.th/en/files/product/original/PRD175522637754.jpg, https://www.sevenfive.co.th/en/files/product/original/PRD175522638431.jpg, https://www.sevenfive.co.th/en/files/product/original/PRD175522638891.jpg, https://www.sevenfive.co.th/en/files/product/original/PRD175522639487.jpg, https://www.sevenfive.co.th/en/files/product/original/PRD175522640243.jpg"
PIM2-TC22-12,"https://www.sevenfive.co.th/en/files/product/original/PRD175522654348.jpg, https://www.sevenfive.co.th/en/files/product/original/PRD175522654389.jpg, https://www.sevenfive.co.th/en/files/product/original/PRD17552265454.jpg, https://www.sevenfive.co.th/en/files/product/original/PRD175522654561.jpg, https://www.sevenfive.co.th/en/files/product/original/PRD175522654573.jpg, https://www.sevenfive.co.th/en/files/product/original/PRD175522654599.jpg, https://www.sevenfive.co.th/en/files/product/original/PRD17552265488.jpg, https://www.sevenfive.co.th/en/files/product/original/PRD175522654995.jpg, https://www.sevenfive.co.th/en/files/product/original/PRD175522655131.jpg, https://www.sevenfive.co.th/en/files/product/original/PRD175522655187.jpg, https://www.sevenfive.co.th/en/files/product/original/PRD175522655411.jpg, https://www.sevenfive.co.th/en/files/product/original/PRD175522655442.jpg, https://www.sevenfive.co.th/en/files/product/original/PRD17552265572.jpg, https://www.sevenfive.co.th/en/files/product/original/PRD175522655759.jpg"
PIM2-TC12-13,"https://www.sevenfive.co.th/en/files/product/original/PRD175522638459.jpg, https://www.sevenfive.co.th/en/files/product/original/PRD175522638473.jpg, https://www.sevenfive.co.th/en/files/product/original/PRD175522638491.jpg, https://www.sevenfive.co.th/en/files/product/original/PRD175522638814.jpg, https://www.sevenfive.co.th/en/files/product/original/PRD17552263884.jpg, https://www.sevenfive.co.th/en/files/product/original/PRD175522638855.jpg, https://www.sevenfive.co.th/en/files/product/original/PRD175522638968.jpg, https://www.sevenfive.co.th/en/files/product/original/PRD175522638991.jpg, https://www.sevenfive.co.th/en/files/product/original/PRD56e1589321fa9b65e7c2bc1f0e14fdf3.jpg"
PIM2-TC12-15,"https://www.sevenfive.co.th/en/files/product/original/PRD175522641015.jpg, https://www.sevenfive.co.th/en/files/product/original/PRD175522641019.jpg, https://www.sevenfive.co.th/en/files/product/original/PRD175522641980.jpg, https://www.sevenfive.co.th/en/files/product/original/PRD175522642088.jpg, https://www.sevenfive.co.th/en/files/product/original/PRDa62b7392f31d4dabc1a5bcc0d409a535.jpg"
PIM2-TC12-20,"https://www.sevenfive.co.th/en/files/product/original/PRD175522644628.jpg, https://www.sevenfive.co.th/en/files/product/original/PRD175522644694.jpg, https://www.sevenfive.co.th/en/files/product/original/PRD175522645145.jpg, https://www.sevenfive.co.th/en/files/product/original/PRD17552264519.jpg"
PIM2-TC12-24,"https://www.sevenfive.co.th/en/files/product/original/PRD175522649299.jpg, https://www.sevenfive.co.th/en/files/product/original/PRD175522649664.jpg, https://www.sevenfive.co.th/en/files/product/original/PRD175522649670.jpg, https://www.sevenfive.co.th/en/files/product/original/PRD175522649976.jpg, https://www.sevenfive.co.th/en/files/product/original/PRD175522650175.jpg"
IWT1-ZT-09,"https://www.sevenfive.co.th/en/files/product/original/PRD9dce28da11d2ce0b4b9e159ff5d3171b.jpg, https://www.sevenfive.co.th/en/files/product/original/PRDbc718dfa075f320561937b706736d857.jpg, https://www.sevenfive.co.th/en/files/product/original/PRDd00eb7ff18bf8ea89d38b4eebad9d275.jpg"
CAM1-CFR18-110,"https://www.sevenfive.co.th/en/files/product/original/PRD6271cfd811544433ed6e4c872c3a95fc.jpg, https://www.sevenfive.co.th/en/files/product/original/PRDaf4028711e938b71e9f20324424021e6.jpg"
NTS1-RFD-SS6L,"https://www.sevenfive.co.th/en/files/product/original/PRD17550506558.jpg, https://www.sevenfive.co.th/en/files/product/original/PRDbe033db366da8bbcd45faae58f9430cb.jpg"
NTS1-SN4384,"https://www.sevenfive.co.th/en/files/product/original/PRD175411712326.jpg, https://www.sevenfive.co.th/en/files/product/original/PRD175411712348.jpg"
NTS1-SN4391,"https://www.sevenfive.co.th/en/files/product/original/PRD175411712411.jpg, https://www.sevenfive.co.th/en/files/product/original/PRD175411712412.jpg"
NTS1-SN6012,"https://www.sevenfive.co.th/en/files/product/original/PRD175411714355.jpg, https://www.sevenfive.co.th/en/files/product/original/PRD175411714385.jpg"
NTS1-SN6014,"https://www.sevenfive.co.th/en/files/product/original/PRD175411714484.jpg, https://www.sevenfive.co.th/en/files/product/original/PRD175411714486.jpg"
NTS1-SN6023,"https://www.sevenfive.co.th/en/files/product/original/PRD175411714651.jpg, https://www.sevenfive.co.th/en/files/product/original/PRD175411714652.jpg"
NTS1-SN6025,"https://www.sevenfive.co.th/en/files/product/original/PRD17541171470.jpg, https://www.sevenfive.co.th/en/files/product/original/PRD175411714758.jpg"
NTS1-SN6026,"https://www.sevenfive.co.th/en/files/product/original/PRD175411714738.jpg, https://www.sevenfive.co.th/en/files/product/original/PRD175411714787.jpg"
NTS1-SN6046,"https://www.sevenfive.co.th/en/files/product/original/PRD175411715140.jpg, https://www.sevenfive.co.th/en/files/product/original/PRD175411715188.jpg"
NTS1-SN6050,"https://www.sevenfive.co.th/en/files/product/original/PRD175411715111.jpg, https://www.sevenfive.co.th/en/files/product/original/PRD175411715183.jpg"
NTS1-SN6051,"https://www.sevenfive.co.th/en/files/product/original/PRD175411715243.jpg, https://www.sevenfive.co.th/en/files/product/original/PRD175411715251.jpg"
NTS1-SN6052,"https://www.sevenfive.co.th/en/files/product/original/PRD175411715332.jpg, https://www.sevenfive.co.th/en/files/product/original/PRD17541171535.jpg"
NTS1-SN6064,"https://www.sevenfive.co.th/en/files/product/original/PRD175411715468.jpg, https://www.sevenfive.co.th/en/files/product/original/PRD175411715498.jpg"
NTS1-SN6102,"https://www.sevenfive.co.th/en/files/product/original/PRD175411715527.jpg, https://www.sevenfive.co.th/en/files/product/original/PRD175411715594.jpg"
NTS1-SN6105,"https://www.sevenfive.co.th/en/files/product/original/PRD175411715518.jpg, https://www.sevenfive.co.th/en/files/product/original/PRD175411715561.jpg"
NTS1-SN6106,"https://www.sevenfive.co.th/en/files/product/original/PRD17541171561.jpg, https://www.sevenfive.co.th/en/files/product/original/PRD175411715649.jpg"
NTS1-SN6111,"https://www.sevenfive.co.th/en/files/product/original/PRD175411715738.jpg, https://www.sevenfive.co.th/en/files/product/original/PRD175411715793.jpg"
NTS1-SN6123,"https://www.sevenfive.co.th/en/files/product/original/PRD175411715737.jpg, https://www.sevenfive.co.th/en/files/product/original/PRD175411715780.jpg"
NTS1-SN6141,"https://www.sevenfive.co.th/en/files/product/original/PRD175411715818.jpg, https://www.sevenfive.co.th/en/files/product/original/PRD175411715861.jpg"
NTS1-SN6143,"https://www.sevenfive.co.th/en/files/product/original/PRD175411715960.jpg, https://www.sevenfive.co.th/en/files/product/original/PRD175411715987.jpg"
NTS1-SN6145,"https://www.sevenfive.co.th/en/files/product/original/PRD175411715934.jpg, https://www.sevenfive.co.th/en/files/product/original/PRD175411715971.jpg"
NTS1-SN6172,"https://www.sevenfive.co.th/en/files/product/original/PRD175411716136.jpg, https://www.sevenfive.co.th/en/files/product/original/PRD175411716166.jpg"
NTS1-SN6211,"https://www.sevenfive.co.th/en/files/product/original/PRD17541171650.jpg, https://www.sevenfive.co.th/en/files/product/original/PRD175411716594.jpg"
NTS1-SN6236,"https://www.sevenfive.co.th/en/files/product/original/PRD175411716731.jpg, https://www.sevenfive.co.th/en/files/product/original/PRD175411716797.jpg"
NTS1-SN6411,"https://www.sevenfive.co.th/en/files/product/original/PRD175411716938.jpg, https://www.sevenfive.co.th/en/files/product/original/PRD17541171700.jpg"
NTS1-SN6416,"https://www.sevenfive.co.th/en/files/product/original/PRD175411717167.jpg, https://www.sevenfive.co.th/en/files/product/original/PRD175411717173.jpg"
NTS1-SN6418,"https://www.sevenfive.co.th/en/files/product/original/PRD17541171720.jpg, https://www.sevenfive.co.th/en/files/product/original/PRD175411717280.jpg"
NTS1-SN6424,"https://www.sevenfive.co.th/en/files/product/original/PRD175411717554.jpg, https://www.sevenfive.co.th/en/files/product/original/PRD175411717579.jpg"
NTS1-SN6425,"https://www.sevenfive.co.th/en/files/product/original/PRD175411717613.jpg, https://www.sevenfive.co.th/en/files/product/original/PRD17541171768.jpg"
NTS1-BAR-900,"https://www.sevenfive.co.th/en/files/product/original/PRD2907af8206da85ab3f8b1fbf0cd9e90f.jpg, https://www.sevenfive.co.th/en/files/product/original/PRDdaca570beedf89a390c8317de46cc0bb.jpg"
NTS1-SN6301,"https://www.sevenfive.co.th/en/files/product/original/PRD175411716839.jpg, https://www.sevenfive.co.th/en/files/product/original/PRD175411716895.jpg"
LKK1-WGF-182,"https://www.sevenfive.co.th/en/files/product/original/PRD030aee2008a7334c399ba5dd7d142f84.jpg, https://www.sevenfive.co.th/en/files/product/original/PRD1a63b6ebcf5e32c7e8212d6d90945648.jpg, https://www.sevenfive.co.th/en/files/product/original/PRDa0fd6cc746f0ac1ccc0980032a0784c2.jpg"
CAM1-UPR6040F18-480,"https://www.sevenfive.co.th/en/files/product/original/PRD14ac43ce841a6f42e024e899dc23caf8.jpg, https://www.sevenfive.co.th/en/files/product/original/PRDcdbaea45413d0685e0e877a63fb3290b.jpg, https://www.sevenfive.co.th/en/files/product/original/PRDfc596988362099ea05b4641723261c84.jpg"
PIM2-ESK-10-TCS,"https://www.sevenfive.co.th/en/files/product/original/PRD175705881318.jpg, https://www.sevenfive.co.th/en/files/product/original/PRD175705881366.jpg, https://www.sevenfive.co.th/en/files/product/original/PRD175705881392.jpg, https://www.sevenfive.co.th/en/files/product/original/PRD175705881441.jpg"
PIM2-ESK-10-BS,"https://www.sevenfive.co.th/en/files/product/original/PRD175705880759.jpg, https://www.sevenfive.co.th/en/files/product/original/PRD175705880813.jpg, https://www.sevenfive.co.th/en/files/product/original/PRD175705880830.jpg, https://www.sevenfive.co.th/en/files/product/original/PRD175705880937.jpg"
PIM2-ESK-10-CE,"https://www.sevenfive.co.th/en/files/product/original/PRDa31b73a8328b6c010b0a4008736c01cd.jpg, https://www.sevenfive.co.th/en/files/product/original/PRDc3849f85a10edd59f95ed0d89b6dbf25.jpg"
NTS2-CU-D10-FCT,"https://www.sevenfive.co.th/en/files/product/original/PRD175636613843.jpg, https://www.sevenfive.co.th/en/files/product/original/PRD175636613949.jpg, https://www.sevenfive.co.th/en/files/product/original/PRD175636613967.jpg, https://www.sevenfive.co.th/en/files/product/original/PRD175637484930.jpg"
ROE1-BLIXER3D,"https://www.sevenfive.co.th/en/files/product/original/PRD176785877513.jpg, https://www.sevenfive.co.th/en/files/product/original/PRD176785877520.jpg"
ROE1-27072W,"https://www.sevenfive.co.th/en/files/product/original/PRD176785876911.jpg, https://www.sevenfive.co.th/en/files/product/original/PRD176785876949.jpg"
ROE1-28016W,"https://www.sevenfive.co.th/en/files/product/original/PRD17678587700.jpg, https://www.sevenfive.co.th/en/files/product/original/PRD176785877031.jpg"
ROE1-28065W,"https://www.sevenfive.co.th/en/files/product/original/PRD17678587710.jpg, https://www.sevenfive.co.th/en/files/product/original/PRD176785877195.jpg"
ROE1-28111W,"https://www.sevenfive.co.th/en/files/product/original/PRD176785877210.jpg, https://www.sevenfive.co.th/en/files/product/original/PRD176785877267.jpg"
PIM2-302130018,"https://www.sevenfive.co.th/en/files/product/original/PRD175705867636.jpg, https://www.sevenfive.co.th/en/files/product/original/PRD175705867660.jpg, https://www.sevenfive.co.th/en/files/product/original/PRD175705867716.jpg"
PIM2-301040167,"https://www.sevenfive.co.th/en/files/product/original/PRD175705865016.jpg, https://www.sevenfive.co.th/en/files/product/original/PRD175705865118.jpg, https://www.sevenfive.co.th/en/files/product/original/PRD17570586514.jpg"
PIM2-301040166,"https://www.sevenfive.co.th/en/files/product/original/PRD17570586491.jpg, https://www.sevenfive.co.th/en/files/product/original/PRD175705864935.jpg, https://www.sevenfive.co.th/en/files/product/original/PRD17570586503.jpg"
PIM2-301080040,"https://www.sevenfive.co.th/en/files/product/original/PRD175705865212.jpg, https://www.sevenfive.co.th/en/files/product/original/PRD175705865284.jpg, https://www.sevenfive.co.th/en/files/product/original/PRD17570586535.jpg"
PIM2-301110145,"https://www.sevenfive.co.th/en/files/product/original/PRD175705865815.jpg, https://www.sevenfive.co.th/en/files/product/original/PRD175705865864.jpg"
PIM2-302190008,"https://www.sevenfive.co.th/en/files/product/original/PRD175705868052.jpg, https://www.sevenfive.co.th/en/files/product/original/PRD175705868064.jpg, https://www.sevenfive.co.th/en/files/product/original/PRD175705868167.jpg"
PIM2-302220010,"https://www.sevenfive.co.th/en/files/product/original/PRD175705868191.jpg, https://www.sevenfive.co.th/en/files/product/original/PRD175705868222.jpg, https://www.sevenfive.co.th/en/files/product/original/PRD175705868230.jpg"
PIM2-301130011,"https://www.sevenfive.co.th/en/files/product/original/PRD175705866114.jpg, https://www.sevenfive.co.th/en/files/product/original/PRD175705866138.jpg, https://www.sevenfive.co.th/en/files/product/original/PRD175705866261.jpg"
PIM2-301130010,"https://www.sevenfive.co.th/en/files/product/original/PRD175705865918.jpg, https://www.sevenfive.co.th/en/files/product/original/PRD175705865931.jpg, https://www.sevenfive.co.th/en/files/product/original/PRD175705866017.jpg"
PIM2-302130067,"https://www.sevenfive.co.th/en/files/product/original/PRD17570586779.jpg, https://www.sevenfive.co.th/en/files/product/original/PRD175705867961.jpg, https://www.sevenfive.co.th/en/files/product/original/PRD175705867980.jpg"
PIM2-301090061,"https://www.sevenfive.co.th/en/files/product/original/PRD175705865324.jpg, https://www.sevenfive.co.th/en/files/product/original/PRD17570586544.jpg, https://www.sevenfive.co.th/en/files/product/original/PRD175705865484.jpg"
PIM2-20210002007,"https://www.sevenfive.co.th/en/files/product/original/PRD175705872924.jpg, https://www.sevenfive.co.th/en/files/product/original/PRD175705873016.jpg"
PIM2-20110002501,"https://www.sevenfive.co.th/en/files/product/original/PRD175705872692.jpg, https://www.sevenfive.co.th/en/files/product/original/PRD175705872726.jpg, https://www.sevenfive.co.th/en/files/product/original/PRD175705872762.jpg"
PIM2-20210002201,"https://www.sevenfive.co.th/en/files/product/original/PRD175705873073.jpg, https://www.sevenfive.co.th/en/files/product/original/PRD17570587308.jpg, https://www.sevenfive.co.th/en/files/product/original/PRD175705873160.jpg"
PIM2-302110089,"https://www.sevenfive.co.th/en/files/product/original/PRD175705867078.jpg, https://www.sevenfive.co.th/en/files/product/original/PRD175705867172.jpg"
PIM2-302110090+302110698,"https://www.sevenfive.co.th/en/files/product/original/PRD175705867330.jpg, https://www.sevenfive.co.th/en/files/product/original/PRD175705867448.jpg"
PIM2-301110004,"https://www.sevenfive.co.th/en/files/product/original/PRD175705865518.jpg, https://www.sevenfive.co.th/en/files/product/original/PRD175705865533.jpg"
PIM2-302110088,"https://www.sevenfive.co.th/en/files/product/original/PRD175705866880.jpg, https://www.sevenfive.co.th/en/files/product/original/PRD175705866959.jpg"
PIM2-302110091,"https://www.sevenfive.co.th/en/files/product/original/PRD175705867539.jpg, https://www.sevenfive.co.th/en/files/product/original/PRD175705867553.jpg"
RON2-35639,"https://www.sevenfive.co.th/en/files/product/original/PRD175592569748.jpg, https://www.sevenfive.co.th/en/files/product/original/PRD175592569792.jpg, https://www.sevenfive.co.th/en/files/product/original/PRD175653901425.jpg"
RON2-B1015332,"https://www.sevenfive.co.th/en/files/product/original/PRD175592571828.jpg, https://www.sevenfive.co.th/en/files/product/original/PRD175592571953.jpg, https://www.sevenfive.co.th/en/files/product/original/PRD175653902557.jpg"
ROE1-27114W,"https://www.sevenfive.co.th/en/files/product/original/PRD176785877023.jpg, https://www.sevenfive.co.th/en/files/product/original/PRD176785877040.jpg"
ROE1-BLIXER3,"https://www.sevenfive.co.th/en/files/product/original/PRD176785877433.jpg, https://www.sevenfive.co.th/en/files/product/original/PRD176785877434.jpg, https://www.sevenfive.co.th/en/files/product/original/PRDad0c3650ece6d5951a78c599dbaf7fad.jpg"
ROE1-R3-3000,"https://www.sevenfive.co.th/en/files/product/original/PRD17678587750.jpg, https://www.sevenfive.co.th/en/files/product/original/PRD176785877534.jpg"
PUJ1-P85090SS,"https://www.sevenfive.co.th/en/files/product/original/PRD175937460280.jpg, https://www.sevenfive.co.th/en/files/product/original/PRD176785876858.jpg, https://www.sevenfive.co.th/en/files/product/original/PRD176785876874.jpg"
PUJ1-P851001,"https://www.sevenfive.co.th/en/files/product/original/PRD175937460222.jpg, https://www.sevenfive.co.th/en/files/product/original/PRD176785876880.jpg"
PUJ1-P851002,"https://www.sevenfive.co.th/en/files/product/original/PRD175937460293.jpg, https://www.sevenfive.co.th/en/files/product/original/PRD17678587682.jpg"
PUJ1-P851003,"https://www.sevenfive.co.th/en/files/product/original/PRD175937460318.jpg, https://www.sevenfive.co.th/en/files/product/original/PRD176785876918.jpg, https://www.sevenfive.co.th/en/files/product/original/PRD176785876941.jpg"
HAM1-6126-855,"https://www.sevenfive.co.th/en/files/product/original/PRD176181725247.jpg, https://www.sevenfive.co.th/en/files/product/original/PRD176604796297.jpg"
PIM2-70301244582L,"https://www.sevenfive.co.th/en/files/product/original/PRD175522489081.jpg, https://www.sevenfive.co.th/en/files/product/original/PRD175522489096.jpg, https://www.sevenfive.co.th/en/files/product/original/PRD175522489242.jpg, https://www.sevenfive.co.th/en/files/product/original/PRD175522489250.jpg"
PIM2-909070023,"https://www.sevenfive.co.th/en/files/product/original/PRD175705869993.jpg, https://www.sevenfive.co.th/en/files/product/original/PRD175705870045.jpg, https://www.sevenfive.co.th/en/files/product/original/PRD175705870095.jpg"
SIR1-28180015,"https://www.sevenfive.co.th/en/files/product/original/PRD176785877739.jpg, https://www.sevenfive.co.th/en/files/product/original/PRD176785877746.jpg"
PIM2-1.04.0032,"https://www.sevenfive.co.th/en/files/product/original/PRD175738860543.jpg, https://www.sevenfive.co.th/en/files/product/original/PRD175738860718.jpg"
PIM2-1.04.0747,"https://www.sevenfive.co.th/en/files/product/original/PRD31373ec4d90178f58247b10a318868ce.jpg, https://www.sevenfive.co.th/en/files/product/original/PRD8410bf29f66ad033571914ea09f9916a.jpg, https://www.sevenfive.co.th/en/files/product/original/PRD9fab98e4e360783a2a81bdad68fef952.jpg, https://www.sevenfive.co.th/en/files/product/original/PRDac19da51408e42058446c5aa847eacc6.jpg, https://www.sevenfive.co.th/en/files/product/original/PRDbf7fa17bf9736895a8fdafffdcca67d0.jpg"
PIM2-1.04.0092,"https://www.sevenfive.co.th/en/files/product/original/PRD175738860847.jpg, https://www.sevenfive.co.th/en/files/product/original/PRD175738860913.jpg, https://www.sevenfive.co.th/en/files/product/original/PRD175738860978.jpg, https://www.sevenfive.co.th/en/files/product/original/PRD17573886101.jpg, https://www.sevenfive.co.th/en/files/product/original/PRD175738861028.jpg, https://www.sevenfive.co.th/en/files/product/original/PRD175738861116.jpg"
PIM2-1.06.0149,"https://www.sevenfive.co.th/en/files/product/original/PRD17570585592.jpg, https://www.sevenfive.co.th/en/files/product/original/PRD17570585603.jpg"
PIM2-1.04.0586,"https://www.sevenfive.co.th/en/files/product/original/PRD175738861263.jpg, https://www.sevenfive.co.th/en/files/product/original/PRD175738861284.jpg, https://www.sevenfive.co.th/en/files/product/original/PRD175738861342.jpg, https://www.sevenfive.co.th/en/files/product/original/PRD175738861370.jpg, https://www.sevenfive.co.th/en/files/product/original/PRD175738861459.jpg"
CAM2-S07012,"https://www.sevenfive.co.th/en/files/product/original/PRD175576415275.jpg, https://www.sevenfive.co.th/en/files/product/original/PRD175576415322.jpg, https://www.sevenfive.co.th/en/files/product/original/PRD175653837999.jpg"
LKK2-IND350S-16,"https://www.sevenfive.co.th/en/files/product/original/PRD17559204295.jpg, https://www.sevenfive.co.th/en/files/product/original/PRD175592043036.jpg, https://www.sevenfive.co.th/en/files/product/original/PRD175592043073.jpg, https://www.sevenfive.co.th/en/files/product/original/PRD175653885077.jpg"
PIM1-COMBI1011B,"https://www.sevenfive.co.th/en/files/product/original/PRD070b929ba8b760c5b80f982d8414d267.jpg, https://www.sevenfive.co.th/en/files/product/original/PRD175412321946.jpg"
PIM1-COMBI611B,"https://www.sevenfive.co.th/en/files/product/original/PRD175383917521.jpg, https://www.sevenfive.co.th/en/files/product/original/PRDc0119b73da6d819289e88f867a70e492.jpg"
ZAN2-SUPP0495,"https://www.sevenfive.co.th/en/files/product/original/PRD175592787254.jpg, https://www.sevenfive.co.th/en/files/product/original/PRD175592787365.jpg, https://www.sevenfive.co.th/en/files/product/original/PRD175592787465.jpg, https://www.sevenfive.co.th/en/files/product/original/PRD175653923163.jpg"
ZAN2-SUPP0493,"https://www.sevenfive.co.th/en/files/product/original/PRD175592786856.jpg, https://www.sevenfive.co.th/en/files/product/original/PRD175592787092.jpg, https://www.sevenfive.co.th/en/files/product/original/PRD175653923037.jpg"
ZAN2-SUPP0494,"https://www.sevenfive.co.th/en/files/product/original/PRD175592787078.jpg, https://www.sevenfive.co.th/en/files/product/original/PRD175592787213.jpg, https://www.sevenfive.co.th/en/files/product/original/PRD17565392315.jpg"
ZAN2-ELET0835,"https://www.sevenfive.co.th/en/files/product/original/PRD175592785641.jpg, https://www.sevenfive.co.th/en/files/product/original/PRD175592785646.jpg, https://www.sevenfive.co.th/en/files/product/original/PRD175592785739.jpg, https://www.sevenfive.co.th/en/files/product/original/PRD175653922683.jpg"
PIM1-IMB220-270W-BL200P,"https://www.sevenfive.co.th/en/files/product/original/PRD10ad7329a7ebd1a07836a047a4aa0e38.jpg, https://www.sevenfive.co.th/en/files/product/original/PRDf09c04d6d971490bcd0b23f8a55bea70.jpg"
LKK2-IND300T-001-003,"https://www.sevenfive.co.th/en/files/product/original/PRD175592036438.jpg, https://www.sevenfive.co.th/en/files/product/original/PRD175592036456.jpg, https://www.sevenfive.co.th/en/files/product/original/PRD175592036557.jpg, https://www.sevenfive.co.th/en/files/product/original/PRD175653883448.jpg"
NTS2-CD-101-9L-A,"https://www.sevenfive.co.th/en/files/product/original/PRD175522455218.jpg, https://www.sevenfive.co.th/en/files/product/original/PRD175522455230.jpg, https://www.sevenfive.co.th/en/files/product/original/PRD175522455247.jpg, https://www.sevenfive.co.th/en/files/product/original/PRD175522455340.jpg, https://www.sevenfive.co.th/en/files/product/original/PRD175522455377.jpg, https://www.sevenfive.co.th/en/files/product/original/PRD17552245563.jpg"
NTS2-CD-101-9L-C,"https://www.sevenfive.co.th/en/files/product/original/PRD175522455911.jpg, https://www.sevenfive.co.th/en/files/product/original/PRD175522455939.jpg, https://www.sevenfive.co.th/en/files/product/original/PRD175522455966.jpg, https://www.sevenfive.co.th/en/files/product/original/PRD175522456217.jpg, https://www.sevenfive.co.th/en/files/product/original/PRD175522456237.jpg, https://www.sevenfive.co.th/en/files/product/original/PRD175522456278.jpg, https://www.sevenfive.co.th/en/files/product/original/PRD175522456435.jpg, https://www.sevenfive.co.th/en/files/product/original/PRD175522456477.jpg, https://www.sevenfive.co.th/en/files/product/original/PRD175522456715.jpg, https://www.sevenfive.co.th/en/files/product/original/PRD175522456726.jpg, https://www.sevenfive.co.th/en/files/product/original/PRD175522456751.jpg"
NTS2-CD-101-9L-D,"https://www.sevenfive.co.th/en/files/product/original/PRD175522457014.jpg, https://www.sevenfive.co.th/en/files/product/original/PRD175522457022.jpg, https://www.sevenfive.co.th/en/files/product/original/PRD175522457241.jpg, https://www.sevenfive.co.th/en/files/product/original/PRD175522457275.jpg, https://www.sevenfive.co.th/en/files/product/original/PRD175522457286.jpg"
NTS2-CD-101-9L-F,"https://www.sevenfive.co.th/en/files/product/original/PRD175522457463.jpg, https://www.sevenfive.co.th/en/files/product/original/PRD175522457497.jpg, https://www.sevenfive.co.th/en/files/product/original/PRD175522457712.jpg, https://www.sevenfive.co.th/en/files/product/original/PRD17552245773.jpg, https://www.sevenfive.co.th/en/files/product/original/PRD175522457816.jpg"
NTS2-DC-PC10-KNOB,"https://www.sevenfive.co.th/en/files/product/original/PRD175636614166.jpg, https://www.sevenfive.co.th/en/files/product/original/PRD175636614238.jpg, https://www.sevenfive.co.th/en/files/product/original/PRD175636614332.jpg, https://www.sevenfive.co.th/en/files/product/original/PRD175637485092.jpg"
NTS2-DC-PC14-KNOB,"https://www.sevenfive.co.th/en/files/product/original/PRD175636614396.jpg, https://www.sevenfive.co.th/en/files/product/original/PRD175636614429.jpg, https://www.sevenfive.co.th/en/files/product/original/PRD175636614477.jpg, https://www.sevenfive.co.th/en/files/product/original/PRD175637485081.jpg"
NTS2-DC-PC16-KNOB,"https://www.sevenfive.co.th/en/files/product/original/PRD175636614574.jpg, https://www.sevenfive.co.th/en/files/product/original/PRD175636614581.jpg, https://www.sevenfive.co.th/en/files/product/original/PRD175636614624.jpg, https://www.sevenfive.co.th/en/files/product/original/PRD175637485253.jpg"
PIM2-11014200110,"https://www.sevenfive.co.th/en/files/product/original/PRD175522469777.jpg, https://www.sevenfive.co.th/en/files/product/original/PRD17552246979.jpg, https://www.sevenfive.co.th/en/files/product/original/PRD175522469818.jpg, https://www.sevenfive.co.th/en/files/product/original/PRD175522469838.jpg, https://www.sevenfive.co.th/en/files/product/original/PRD175522469956.jpg, https://www.sevenfive.co.th/en/files/product/original/PRD175522469999.jpg"
PIM2-11014202023,"https://www.sevenfive.co.th/en/files/product/original/PRD175522470160.jpg, https://www.sevenfive.co.th/en/files/product/original/PRD175522470337.jpg, https://www.sevenfive.co.th/en/files/product/original/PRD175522470421.jpg"
PIM2-11014211020,"https://www.sevenfive.co.th/en/files/product/original/PRD175705870811.jpg, https://www.sevenfive.co.th/en/files/product/original/PRD175705870847.jpg, https://www.sevenfive.co.th/en/files/product/original/PRD175705870852.jpg, https://www.sevenfive.co.th/en/files/product/original/PRD175705870923.jpg"
PIM2-11020011451,"https://www.sevenfive.co.th/en/files/product/original/PRD175705870913.jpg, https://www.sevenfive.co.th/en/files/product/original/PRD175705870995.jpg, https://www.sevenfive.co.th/en/files/product/original/PRD175705871028.jpg, https://www.sevenfive.co.th/en/files/product/original/PRD175705871035.jpg, https://www.sevenfive.co.th/en/files/product/original/PRD175705871076.jpg"
PIM2-11021501305,"https://www.sevenfive.co.th/en/files/product/original/PRD175705871119.jpg, https://www.sevenfive.co.th/en/files/product/original/PRD175705871175.jpg, https://www.sevenfive.co.th/en/files/product/original/PRD175705871181.jpg, https://www.sevenfive.co.th/en/files/product/original/PRD175705871185.jpg, https://www.sevenfive.co.th/en/files/product/original/PRD175705871235.jpg, https://www.sevenfive.co.th/en/files/product/original/PRD175705871290.jpg"
PIM2-11021501308-320,"https://www.sevenfive.co.th/en/files/product/original/PRD175522470660.jpg, https://www.sevenfive.co.th/en/files/product/original/PRD175522470667.jpg, https://www.sevenfive.co.th/en/files/product/original/PRD175522470857.jpg, https://www.sevenfive.co.th/en/files/product/original/PRD175522470858.jpg, https://www.sevenfive.co.th/en/files/product/original/PRD175522470871.jpg, https://www.sevenfive.co.th/en/files/product/original/PRD175522471011.jpg, https://www.sevenfive.co.th/en/files/product/original/PRD17552247109.jpg, https://www.sevenfive.co.th/en/files/product/original/PRD175522471172.jpg, https://www.sevenfive.co.th/en/files/product/original/PRD175522471185.jpg"
PIM2-11021501308-450,"https://www.sevenfive.co.th/en/files/product/original/PRD175522470961.jpg, https://www.sevenfive.co.th/en/files/product/original/PRD175522471083.jpg, https://www.sevenfive.co.th/en/files/product/original/PRD175522471152.jpg, https://www.sevenfive.co.th/en/files/product/original/PRD175522471211.jpg, https://www.sevenfive.co.th/en/files/product/original/PRD175522471388.jpg"
PIM2-11021501801,"https://www.sevenfive.co.th/en/files/product/original/PRD175705871276.jpg, https://www.sevenfive.co.th/en/files/product/original/PRD175705871297.jpg, https://www.sevenfive.co.th/en/files/product/original/PRD175705871349.jpg, https://www.sevenfive.co.th/en/files/product/original/PRD175705871376.jpg, https://www.sevenfive.co.th/en/files/product/original/PRD175705871387.jpg"
PIM2-11021501852,"https://www.sevenfive.co.th/en/files/product/original/PRD175705871410.jpg, https://www.sevenfive.co.th/en/files/product/original/PRD175705871492.jpg, https://www.sevenfive.co.th/en/files/product/original/PRD175705871497.jpg"
PIM2-11023001016,"https://www.sevenfive.co.th/en/files/product/original/PRD175705871513.jpg, https://www.sevenfive.co.th/en/files/product/original/PRD17570587161.jpg, https://www.sevenfive.co.th/en/files/product/original/PRD17570587169.jpg"
PIM2-11023001360,"https://www.sevenfive.co.th/en/files/product/original/PRD175705871612.jpg, https://www.sevenfive.co.th/en/files/product/original/PRD175705871695.jpg, https://www.sevenfive.co.th/en/files/product/original/PRD175705871724.jpg, https://www.sevenfive.co.th/en/files/product/original/PRD175705871739.jpg, https://www.sevenfive.co.th/en/files/product/original/PRD175705871749.jpg"
PIM2-11023001397,"https://www.sevenfive.co.th/en/files/product/original/PRD175522471743.jpg, https://www.sevenfive.co.th/en/files/product/original/PRD175522472022.jpg, https://www.sevenfive.co.th/en/files/product/original/PRD175522472048.jpg"
PIM2-11023001460,"https://www.sevenfive.co.th/en/files/product/original/PRD175522472251.jpg, https://www.sevenfive.co.th/en/files/product/original/PRD175522472346.jpg, https://www.sevenfive.co.th/en/files/product/original/PRD175522472363.jpg, https://www.sevenfive.co.th/en/files/product/original/PRD175522472370.jpg, https://www.sevenfive.co.th/en/files/product/original/PRD175522472625.jpg"
PIM2-11023101549,"https://www.sevenfive.co.th/en/files/product/original/PRD175705871825.jpg, https://www.sevenfive.co.th/en/files/product/original/PRD175705871962.jpg, https://www.sevenfive.co.th/en/files/product/original/PRD175705871978.jpg"
PIM2-11023101703,"https://www.sevenfive.co.th/en/files/product/original/PRD175705872032.jpg, https://www.sevenfive.co.th/en/files/product/original/PRD17570587206.jpg"
PIM2-11023301546,"https://www.sevenfive.co.th/en/files/product/original/PRD175705872158.jpg, https://www.sevenfive.co.th/en/files/product/original/PRD175705872216.jpg, https://www.sevenfive.co.th/en/files/product/original/PRD175705872288.jpg"
PIM2-11030011010,"https://www.sevenfive.co.th/en/files/product/original/PRD175522472672.jpg, https://www.sevenfive.co.th/en/files/product/original/PRD175522472812.jpg, https://www.sevenfive.co.th/en/files/product/original/PRD175522472866.jpg"
PIM2-11040681405,"https://www.sevenfive.co.th/en/files/product/original/PRD175522473021.jpg, https://www.sevenfive.co.th/en/files/product/original/PRD175522473135.jpg"
PIM2-20110003401,"https://www.sevenfive.co.th/en/files/product/original/PRD175705872846.jpg, https://www.sevenfive.co.th/en/files/product/original/PRD175705872876.jpg, https://www.sevenfive.co.th/en/files/product/original/PRD175705872923.jpg"
PIM2-20210003007,"https://www.sevenfive.co.th/en/files/product/original/PRD175705873244.jpg, https://www.sevenfive.co.th/en/files/product/original/PRD175705873280.jpg"
PIM2-301010169,"https://www.sevenfive.co.th/en/files/product/original/PRD175705890425.jpg, https://www.sevenfive.co.th/en/files/product/original/PRD175705890745.jpg, https://www.sevenfive.co.th/en/files/product/original/PRD175705890756.jpg"
PIM2-301030071,"https://www.sevenfive.co.th/en/files/product/original/PRD175705864635.jpg, https://www.sevenfive.co.th/en/files/product/original/PRD175705864685.jpg, https://www.sevenfive.co.th/en/files/product/original/PRD17570586471.jpg"
PIM2-301030151,"https://www.sevenfive.co.th/en/files/product/original/PRD175705864781.jpg, https://www.sevenfive.co.th/en/files/product/original/PRD175705864862.jpg, https://www.sevenfive.co.th/en/files/product/original/PRD175705864869.jpg"
PIM2-301110027,"https://www.sevenfive.co.th/en/files/product/original/PRD175705865636.jpg, https://www.sevenfive.co.th/en/files/product/original/PRD175705865774.jpg, https://www.sevenfive.co.th/en/files/product/original/PRD175705865776.jpg"
PIM2-302040263,"https://www.sevenfive.co.th/en/files/product/original/PRD175705866391.jpg, https://www.sevenfive.co.th/en/files/product/original/PRD175705866410.jpg, https://www.sevenfive.co.th/en/files/product/original/PRD175705866455.jpg"
PIM2-302040266,"https://www.sevenfive.co.th/en/files/product/original/PRD175705866511.jpg, https://www.sevenfive.co.th/en/files/product/original/PRD175705866632.jpg, https://www.sevenfive.co.th/en/files/product/original/PRD175705866733.jpg"
PIM2-302070056,"https://www.sevenfive.co.th/en/files/product/original/PRD175522477715.jpg, https://www.sevenfive.co.th/en/files/product/original/PRD17552247779.jpg, https://www.sevenfive.co.th/en/files/product/original/PRD175522477899.jpg, https://www.sevenfive.co.th/en/files/product/original/PRD175522477936.jpg, https://www.sevenfive.co.th/en/files/product/original/PRD175522477998.jpg, https://www.sevenfive.co.th/en/files/product/original/PRD175522478010.jpg, https://www.sevenfive.co.th/en/files/product/original/PRD175522478282.jpg"
PIM2-302090022,"https://www.sevenfive.co.th/en/files/product/original/PRD17552247852.jpg, https://www.sevenfive.co.th/en/files/product/original/PRD175522478750.jpg, https://www.sevenfive.co.th/en/files/product/original/PRD175522478776.jpg, https://www.sevenfive.co.th/en/files/product/original/PRD175522478796.jpg, https://www.sevenfive.co.th/en/files/product/original/PRD175522478870.jpg, https://www.sevenfive.co.th/en/files/product/original/PRD175522478933.jpg"
PIM2-70100300200,"https://www.sevenfive.co.th/en/files/product/original/PRD175705873331.jpg, https://www.sevenfive.co.th/en/files/product/original/PRD175705873396.jpg, https://www.sevenfive.co.th/en/files/product/original/PRD175705873490.jpg"
PIM2-70100300819,"https://www.sevenfive.co.th/en/files/product/original/PRD175705873422.jpg, https://www.sevenfive.co.th/en/files/product/original/PRD175705873544.jpg, https://www.sevenfive.co.th/en/files/product/original/PRD175705873567.jpg"
PIM2-70100401900,"https://www.sevenfive.co.th/en/files/product/original/PRD175705873624.jpg, https://www.sevenfive.co.th/en/files/product/original/PRD17570587375.jpg"
PIM2-70100700500,"https://www.sevenfive.co.th/en/files/product/original/PRD175705873812.jpg, https://www.sevenfive.co.th/en/files/product/original/PRD175705873860.jpg, https://www.sevenfive.co.th/en/files/product/original/PRD175705873965.jpg"
PIM2-70100701782,"https://www.sevenfive.co.th/en/files/product/original/PRD17570587408.jpg, https://www.sevenfive.co.th/en/files/product/original/PRD175705874132.jpg, https://www.sevenfive.co.th/en/files/product/original/PRD175705874147.jpg, https://www.sevenfive.co.th/en/files/product/original/PRD175705874153.jpg"
PIM2-70101000028,"https://www.sevenfive.co.th/en/files/product/original/PRD175705874345.jpg, https://www.sevenfive.co.th/en/files/product/original/PRD175705874557.jpg, https://www.sevenfive.co.th/en/files/product/original/PRD175705874577.jpg, https://www.sevenfive.co.th/en/files/product/original/PRD175705874590.jpg"
PIM2-70101002073L,"https://www.sevenfive.co.th/en/files/product/original/PRD17570587481.jpg, https://www.sevenfive.co.th/en/files/product/original/PRD175705874916.jpg, https://www.sevenfive.co.th/en/files/product/original/PRD175705874949.jpg"
PIM2-70101100091,"https://www.sevenfive.co.th/en/files/product/original/PRD175705875152.jpg, https://www.sevenfive.co.th/en/files/product/original/PRD175705875228.jpg, https://www.sevenfive.co.th/en/files/product/original/PRD175705875277.jpg"
PIM2-70101100464,"https://www.sevenfive.co.th/en/files/product/original/PRD175705875436.jpg, https://www.sevenfive.co.th/en/files/product/original/PRD175705875444.jpg, https://www.sevenfive.co.th/en/files/product/original/PRD175705875495.jpg, https://www.sevenfive.co.th/en/files/product/original/PRD17570587557.jpg"
PIM2-70101300046,"https://www.sevenfive.co.th/en/files/product/original/PRD175705875522.jpg, https://www.sevenfive.co.th/en/files/product/original/PRD175705875564.jpg, https://www.sevenfive.co.th/en/files/product/original/PRD175705875677.jpg, https://www.sevenfive.co.th/en/files/product/original/PRD175705875686.jpg"
PIM2-70101300055,"https://www.sevenfive.co.th/en/files/product/original/PRD175705875743.jpg, https://www.sevenfive.co.th/en/files/product/original/PRD175705875835.jpg, https://www.sevenfive.co.th/en/files/product/original/PRD175705875872.jpg"
PIM2-70200900273,"https://www.sevenfive.co.th/en/files/product/original/PRD175705875864.jpg, https://www.sevenfive.co.th/en/files/product/original/PRD175705875997.jpg"
PIM2-70201101582,"https://www.sevenfive.co.th/en/files/product/original/PRD17570587593.jpg, https://www.sevenfive.co.th/en/files/product/original/PRD175705875947.jpg, https://www.sevenfive.co.th/en/files/product/original/PRD175705876044.jpg"
PIM2-70202021846L,"https://www.sevenfive.co.th/en/files/product/original/PRD175705876363.jpg, https://www.sevenfive.co.th/en/files/product/original/PRD175705876399.jpg, https://www.sevenfive.co.th/en/files/product/original/PRD175705876432.jpg, https://www.sevenfive.co.th/en/files/product/original/PRD175705876453.jpg"
PIM2-7320208508,"https://www.sevenfive.co.th/en/files/product/original/PRD175705870511.jpg, https://www.sevenfive.co.th/en/files/product/original/PRD175705870523.jpg, https://www.sevenfive.co.th/en/files/product/original/PRD175705870589.jpg"
PIM2-801003010002,"https://www.sevenfive.co.th/en/files/product/original/PRD175705876587.jpg, https://www.sevenfive.co.th/en/files/product/original/PRD175705876620.jpg, https://www.sevenfive.co.th/en/files/product/original/PRD175705876625.jpg"
PIM2-8536508008,"https://www.sevenfive.co.th/en/files/product/original/PRD175705870652.jpg, https://www.sevenfive.co.th/en/files/product/original/PRD175705870689.jpg, https://www.sevenfive.co.th/en/files/product/original/PRD175705870710.jpg, https://www.sevenfive.co.th/en/files/product/original/PRD175705870711.jpg, https://www.sevenfive.co.th/en/files/product/original/PRD175705870738.jpg, https://www.sevenfive.co.th/en/files/product/original/PRD175705870747.jpg"
PIM2-COMBI-MP-523,"https://www.sevenfive.co.th/en/files/product/original/PRD175705876692.jpg, https://www.sevenfive.co.th/en/files/product/original/PRD175705876772.jpg"
PIM2-COMBI-MP-611,"https://www.sevenfive.co.th/en/files/product/original/PRD175705876838.jpg, https://www.sevenfive.co.th/en/files/product/original/PRD175705876843.jpg, https://www.sevenfive.co.th/en/files/product/original/PRD175705876878.jpg"
PIM2-DAC-CPS,"https://www.sevenfive.co.th/en/files/product/original/PRD175705877116.jpg, https://www.sevenfive.co.th/en/files/product/original/PRD175705877296.jpg"
PIM2-DAC-FMSET,"https://www.sevenfive.co.th/en/files/product/original/PRD175705877243.jpg, https://www.sevenfive.co.th/en/files/product/original/PRD175705877339.jpg"
PIM2-DAC-MD,"https://www.sevenfive.co.th/en/files/product/original/PRD175705877422.jpg, https://www.sevenfive.co.th/en/files/product/original/PRD175705877451.jpg, https://www.sevenfive.co.th/en/files/product/original/PRD175705877491.jpg"
PIM2-DAC1100W-DEH,"https://www.sevenfive.co.th/en/files/product/original/PRD175705876918.jpg, https://www.sevenfive.co.th/en/files/product/original/PRD175705877065.jpg"
PIM2-DAC1100W-FRH,"https://www.sevenfive.co.th/en/files/product/original/PRD175705877031.jpg, https://www.sevenfive.co.th/en/files/product/original/PRD175705877111.jpg, https://www.sevenfive.co.th/en/files/product/original/PRD175705877153.jpg"
PIM2-DOOR-SEAL,"https://www.sevenfive.co.th/en/files/product/original/PRD17552257351.jpg, https://www.sevenfive.co.th/en/files/product/original/PRD17552257354.jpg, https://www.sevenfive.co.th/en/files/product/original/PRD175522573544.jpg, https://www.sevenfive.co.th/en/files/product/original/PRD175522573936.jpg, https://www.sevenfive.co.th/en/files/product/original/PRD175522573976.jpg, https://www.sevenfive.co.th/en/files/product/original/PRD175522574040.jpg, https://www.sevenfive.co.th/en/files/product/original/PRD175522574095.jpg, https://www.sevenfive.co.th/en/files/product/original/PRD175522574096.jpg"
PIM2-DR520-090,"https://www.sevenfive.co.th/en/files/product/original/PRD175522576338.jpg, https://www.sevenfive.co.th/en/files/product/original/PRD175522576390.jpg, https://www.sevenfive.co.th/en/files/product/original/PRD175522576399.jpg, https://www.sevenfive.co.th/en/files/product/original/PRD175522576638.jpg, https://www.sevenfive.co.th/en/files/product/original/PRD175522576677.jpg, https://www.sevenfive.co.th/en/files/product/original/PRD175522576698.jpg, https://www.sevenfive.co.th/en/files/product/original/PRD175522576699.jpg, https://www.sevenfive.co.th/en/files/product/original/PRD175522576725.jpg, https://www.sevenfive.co.th/en/files/product/original/PRD175522576732.jpg, https://www.sevenfive.co.th/en/files/product/original/PRD175522577151.jpg, https://www.sevenfive.co.th/en/files/product/original/PRD175522577194.jpg"
PIM2-DR520-BR001,"https://www.sevenfive.co.th/en/files/product/original/PRD175522579771.jpg, https://www.sevenfive.co.th/en/files/product/original/PRD175522579816.jpg, https://www.sevenfive.co.th/en/files/product/original/PRD175522579837.jpg, https://www.sevenfive.co.th/en/files/product/original/PRD175522579843.jpg, https://www.sevenfive.co.th/en/files/product/original/PRD175522579879.jpg, https://www.sevenfive.co.th/en/files/product/original/PRD175522580445.jpg, https://www.sevenfive.co.th/en/files/product/original/PRD175522580531.jpg, https://www.sevenfive.co.th/en/files/product/original/PRD175522580537.jpg, https://www.sevenfive.co.th/en/files/product/original/PRD175522580558.jpg, https://www.sevenfive.co.th/en/files/product/original/PRD175522580594.jpg, https://www.sevenfive.co.th/en/files/product/original/PRD175522581189.jpg, https://www.sevenfive.co.th/en/files/product/original/PRD175522581228.jpg, https://www.sevenfive.co.th/en/files/product/original/PRD175522581256.jpg, https://www.sevenfive.co.th/en/files/product/original/PRD17552258128.jpg, https://www.sevenfive.co.th/en/files/product/original/PRD175522581281.jpg"
PIM2-ECM13-01,"https://www.sevenfive.co.th/en/files/product/original/PRD175705877514.jpg, https://www.sevenfive.co.th/en/files/product/original/PRD175705877683.jpg"
PIM2-ECM13-05,"https://www.sevenfive.co.th/en/files/product/original/PRD175705877698.jpg, https://www.sevenfive.co.th/en/files/product/original/PRD175705877718.jpg, https://www.sevenfive.co.th/en/files/product/original/PRD175705877773.jpg"
PIM2-ECM13-11,"https://www.sevenfive.co.th/en/files/product/original/PRD175705877826.jpg, https://www.sevenfive.co.th/en/files/product/original/PRD175705877852.jpg, https://www.sevenfive.co.th/en/files/product/original/PRD17570587790.jpg, https://www.sevenfive.co.th/en/files/product/original/PRD17570587791.jpg"
PIM2-ECM13-18,"https://www.sevenfive.co.th/en/files/product/original/PRD175705878084.jpg, https://www.sevenfive.co.th/en/files/product/original/PRD17570587809.jpg, https://www.sevenfive.co.th/en/files/product/original/PRD175705878124.jpg, https://www.sevenfive.co.th/en/files/product/original/PRD175705878152.jpg, https://www.sevenfive.co.th/en/files/product/original/PRD175705878167.jpg, https://www.sevenfive.co.th/en/files/product/original/PRD175705878261.jpg, https://www.sevenfive.co.th/en/files/product/original/PRD175705878310.jpg, https://www.sevenfive.co.th/en/files/product/original/PRD175705878429.jpg"
PIM2-ECM13-20,"https://www.sevenfive.co.th/en/files/product/original/PRD17570587822.jpg, https://www.sevenfive.co.th/en/files/product/original/PRD175705878267.jpg, https://www.sevenfive.co.th/en/files/product/original/PRD175705878471.jpg, https://www.sevenfive.co.th/en/files/product/original/PRD175705878484.jpg, https://www.sevenfive.co.th/en/files/product/original/PRD175705878539.jpg"
PIM2-ECM13-22,"https://www.sevenfive.co.th/en/files/product/original/PRD175705878554.jpg, https://www.sevenfive.co.th/en/files/product/original/PRD175705878619.jpg, https://www.sevenfive.co.th/en/files/product/original/PRD17570587865.jpg"
PIM2-ECM13-23,"https://www.sevenfive.co.th/en/files/product/original/PRD175705878734.jpg, https://www.sevenfive.co.th/en/files/product/original/PRD175705878858.jpg"
PIM2-ECM13-28,"https://www.sevenfive.co.th/en/files/product/original/PRD175705878861.jpg, https://www.sevenfive.co.th/en/files/product/original/PRD175705878915.jpg, https://www.sevenfive.co.th/en/files/product/original/PRD175705878992.jpg, https://www.sevenfive.co.th/en/files/product/original/PRD175705879045.jpg"
PIM2-ECM13-30,"https://www.sevenfive.co.th/en/files/product/original/PRD175705879088.jpg, https://www.sevenfive.co.th/en/files/product/original/PRD175705879194.jpg"
PIM2-ECM13-31,"https://www.sevenfive.co.th/en/files/product/original/PRD175705879268.jpg, https://www.sevenfive.co.th/en/files/product/original/PRD175705879298.jpg"
PIM2-ECM13-33,"https://www.sevenfive.co.th/en/files/product/original/PRD175705879332.jpg, https://www.sevenfive.co.th/en/files/product/original/PRD175705879366.jpg, https://www.sevenfive.co.th/en/files/product/original/PRD175705879372.jpg, https://www.sevenfive.co.th/en/files/product/original/PRD175705879427.jpg"
PIM2-ECM13-TAPBODY,"https://www.sevenfive.co.th/en/files/product/original/PRD175705879525.jpg, https://www.sevenfive.co.th/en/files/product/original/PRD175705879611.jpg, https://www.sevenfive.co.th/en/files/product/original/PRD175705879617.jpg, https://www.sevenfive.co.th/en/files/product/original/PRD175705879624.jpg"
PIM2-ECM13-TAPHANDLE,"https://www.sevenfive.co.th/en/files/product/original/PRD175705879819.jpg, https://www.sevenfive.co.th/en/files/product/original/PRD175705879915.jpg, https://www.sevenfive.co.th/en/files/product/original/PRD175705879958.jpg"
PIM2-EWB16B-05,"https://www.sevenfive.co.th/en/files/product/original/PRD175705881512.jpg, https://www.sevenfive.co.th/en/files/product/original/PRD175705881526.jpg, https://www.sevenfive.co.th/en/files/product/original/PRD175705881582.jpg"
PIM2-EWB16B-17,"https://www.sevenfive.co.th/en/files/product/original/PRD175705891129.jpg, https://www.sevenfive.co.th/en/files/product/original/PRD175705891295.jpg"
PIM2-EWB16B-18,"https://www.sevenfive.co.th/en/files/product/original/PRD175705881622.jpg, https://www.sevenfive.co.th/en/files/product/original/PRD175705881745.jpg"
PIM2-EWB16B-32,"https://www.sevenfive.co.th/en/files/product/original/PRD175705885423.jpg, https://www.sevenfive.co.th/en/files/product/original/PRD175705885519.jpg"
PIM2-EWB16B-34,"https://www.sevenfive.co.th/en/files/product/original/PRD175705885628.jpg, https://www.sevenfive.co.th/en/files/product/original/PRD175705885657.jpg, https://www.sevenfive.co.th/en/files/product/original/PRD175705885689.jpg, https://www.sevenfive.co.th/en/files/product/original/PRD175705885715.jpg, https://www.sevenfive.co.th/en/files/product/original/PRD175705885749.jpg"
PIM2-EWB16B25B-01,"https://www.sevenfive.co.th/en/files/product/original/PRD175705881745.jpg, https://www.sevenfive.co.th/en/files/product/original/PRD175705881828.jpg, https://www.sevenfive.co.th/en/files/product/original/PRD175705881880.jpg, https://www.sevenfive.co.th/en/files/product/original/PRD175705881914.jpg"
PIM2-EWB16B25B-02,"https://www.sevenfive.co.th/en/files/product/original/PRD17552259208.jpg, https://www.sevenfive.co.th/en/files/product/original/PRD175522592510.jpg, https://www.sevenfive.co.th/en/files/product/original/PRD175522592548.jpg, https://www.sevenfive.co.th/en/files/product/original/PRD17552259263.jpg, https://www.sevenfive.co.th/en/files/product/original/PRD175522592630.jpg, https://www.sevenfive.co.th/en/files/product/original/PRD175522592687.jpg"
PIM2-EWB16B25B-03,"https://www.sevenfive.co.th/en/files/product/original/PRD175705881994.jpg, https://www.sevenfive.co.th/en/files/product/original/PRD175705882014.jpg"
PIM2-EWB16B25B-04,"https://www.sevenfive.co.th/en/files/product/original/PRD175705882123.jpg, https://www.sevenfive.co.th/en/files/product/original/PRD175705882125.jpg, https://www.sevenfive.co.th/en/files/product/original/PRD175705882157.jpg, https://www.sevenfive.co.th/en/files/product/original/PRD175705882162.jpg"
PIM2-EWB16B25B-06,"https://www.sevenfive.co.th/en/files/product/original/PRD175705882273.jpg, https://www.sevenfive.co.th/en/files/product/original/PRD175705882311.jpg, https://www.sevenfive.co.th/en/files/product/original/PRD175705882317.jpg"
PIM2-EWB16B25B-09,"https://www.sevenfive.co.th/en/files/product/original/PRD175705882422.jpg, https://www.sevenfive.co.th/en/files/product/original/PRD175705882444.jpg"
PIM2-EWB16B25B-11,"https://www.sevenfive.co.th/en/files/product/original/PRD175705882556.jpg, https://www.sevenfive.co.th/en/files/product/original/PRD175705882563.jpg, https://www.sevenfive.co.th/en/files/product/original/PRD175705882570.jpg, https://www.sevenfive.co.th/en/files/product/original/PRD175705882693.jpg"
PIM2-EWB16B25B-12,"https://www.sevenfive.co.th/en/files/product/original/PRD175705882729.jpg, https://www.sevenfive.co.th/en/files/product/original/PRD175705882733.jpg, https://www.sevenfive.co.th/en/files/product/original/PRD175705882782.jpg"
PIM2-EWB16B25B-14,"https://www.sevenfive.co.th/en/files/product/original/PRD175705882898.jpg, https://www.sevenfive.co.th/en/files/product/original/PRD175705882920.jpg, https://www.sevenfive.co.th/en/files/product/original/PRD17570588297.jpg"
PIM2-EWB16B25B-15,"https://www.sevenfive.co.th/en/files/product/original/PRD175705883057.jpg, https://www.sevenfive.co.th/en/files/product/original/PRD175705883147.jpg, https://www.sevenfive.co.th/en/files/product/original/PRD175705883196.jpg"
PIM2-EWB16B25B-16&19,"https://www.sevenfive.co.th/en/files/product/original/PRD17570588328.jpg, https://www.sevenfive.co.th/en/files/product/original/PRD175705883313.jpg, https://www.sevenfive.co.th/en/files/product/original/PRD175705883324.jpg, https://www.sevenfive.co.th/en/files/product/original/PRD175705883336.jpg"
PIM2-EWB16B25B-29,"https://www.sevenfive.co.th/en/files/product/original/PRD175705883482.jpg, https://www.sevenfive.co.th/en/files/product/original/PRD175705883517.jpg"
PIM2-EWB16B25B-30,"https://www.sevenfive.co.th/en/files/product/original/PRD175705883563.jpg, https://www.sevenfive.co.th/en/files/product/original/PRD175705883638.jpg"
PIM2-EWB16B25B-31,"https://www.sevenfive.co.th/en/files/product/original/PRD175705883751.jpg, https://www.sevenfive.co.th/en/files/product/original/PRD175705883817.jpg, https://www.sevenfive.co.th/en/files/product/original/PRD175705883874.jpg"
PIM2-EWB16B25B-35,"https://www.sevenfive.co.th/en/files/product/original/PRD175705883922.jpg, https://www.sevenfive.co.th/en/files/product/original/PRD175705883985.jpg"
PIM2-EWB16B25B-36,"https://www.sevenfive.co.th/en/files/product/original/PRD175705884020.jpg, https://www.sevenfive.co.th/en/files/product/original/PRD175705884079.jpg, https://www.sevenfive.co.th/en/files/product/original/PRD17570588408.jpg"
PIM2-EWB16B25B-37,"https://www.sevenfive.co.th/en/files/product/original/PRD175705884167.jpg, https://www.sevenfive.co.th/en/files/product/original/PRD175705884223.jpg, https://www.sevenfive.co.th/en/files/product/original/PRD175705884232.jpg, https://www.sevenfive.co.th/en/files/product/original/PRD175705884293.jpg"
PIM2-EWB16B25B-38,"https://www.sevenfive.co.th/en/files/product/original/PRD175705884375.jpg, https://www.sevenfive.co.th/en/files/product/original/PRD175705884565.jpg"
PIM2-EWB16B25B-40,"https://www.sevenfive.co.th/en/files/product/original/PRD175705884518.jpg, https://www.sevenfive.co.th/en/files/product/original/PRD175705884633.jpg, https://www.sevenfive.co.th/en/files/product/original/PRD175705884643.jpg, https://www.sevenfive.co.th/en/files/product/original/PRD175705884650.jpg"
PIM2-EWB16B25B-TAPBODY,"https://www.sevenfive.co.th/en/files/product/original/PRD175705884725.jpg, https://www.sevenfive.co.th/en/files/product/original/PRD175705884843.jpg, https://www.sevenfive.co.th/en/files/product/original/PRD175705884857.jpg"
PIM2-EWB16B25B-TAPHANDLE,"https://www.sevenfive.co.th/en/files/product/original/PRD175705885029.jpg, https://www.sevenfive.co.th/en/files/product/original/PRD175705885048.jpg, https://www.sevenfive.co.th/en/files/product/original/PRD175705885094.jpg, https://www.sevenfive.co.th/en/files/product/original/PRD175705885223.jpg, https://www.sevenfive.co.th/en/files/product/original/PRD175705885228.jpg, https://www.sevenfive.co.th/en/files/product/original/PRD175705885270.jpg, https://www.sevenfive.co.th/en/files/product/original/PRD17570588531.jpg"
PIM2-EWB25B-05,"https://www.sevenfive.co.th/en/files/product/original/PRD175705885969.jpg, https://www.sevenfive.co.th/en/files/product/original/PRD175705886086.jpg, https://www.sevenfive.co.th/en/files/product/original/PRD17570588609.jpg"
PIM2-EWB25B-17,"https://www.sevenfive.co.th/en/files/product/original/PRD175705886193.jpg, https://www.sevenfive.co.th/en/files/product/original/PRD175705886374.jpg"
PIM2-EWB25B-18,"https://www.sevenfive.co.th/en/files/product/original/PRD17570588652.jpg, https://www.sevenfive.co.th/en/files/product/original/PRD175705886571.jpg, https://www.sevenfive.co.th/en/files/product/original/PRD175705886584.jpg, https://www.sevenfive.co.th/en/files/product/original/PRD175705886744.jpg, https://www.sevenfive.co.th/en/files/product/original/PRD175705886752.jpg"
PIM2-EWB25B-32,"https://www.sevenfive.co.th/en/files/product/original/PRD175705886924.jpg, https://www.sevenfive.co.th/en/files/product/original/PRD175705886941.jpg, https://www.sevenfive.co.th/en/files/product/original/PRD175705886946.jpg, https://www.sevenfive.co.th/en/files/product/original/PRD175705887012.jpg, https://www.sevenfive.co.th/en/files/product/original/PRD175705887054.jpg"
PIM2-EWB25B-34,"https://www.sevenfive.co.th/en/files/product/original/PRD175705887182.jpg, https://www.sevenfive.co.th/en/files/product/original/PRD175705887184.jpg, https://www.sevenfive.co.th/en/files/product/original/PRD175705887228.jpg, https://www.sevenfive.co.th/en/files/product/original/PRD175705887243.jpg"
PIM2-GDO-018,"https://www.sevenfive.co.th/en/files/product/original/PRD175522601613.jpg, https://www.sevenfive.co.th/en/files/product/original/PRD17552260165.jpg, https://www.sevenfive.co.th/en/files/product/original/PRD175522601657.jpg, https://www.sevenfive.co.th/en/files/product/original/PRD17552260169.jpg, https://www.sevenfive.co.th/en/files/product/original/PRD175522601690.jpg, https://www.sevenfive.co.th/en/files/product/original/PRD175522601912.jpg, https://www.sevenfive.co.th/en/files/product/original/PRD175522602030.jpg, https://www.sevenfive.co.th/en/files/product/original/PRD175522602035.jpg, https://www.sevenfive.co.th/en/files/product/original/PRD17552260206.jpg, https://www.sevenfive.co.th/en/files/product/original/PRD175522602414.jpg, https://www.sevenfive.co.th/en/files/product/original/PRD175522602478.jpg"
PIM2-GDO-019,"https://www.sevenfive.co.th/en/files/product/original/PRD175705887321.jpg, https://www.sevenfive.co.th/en/files/product/original/PRD175705887441.jpg, https://www.sevenfive.co.th/en/files/product/original/PRD175705887486.jpg, https://www.sevenfive.co.th/en/files/product/original/PRD175705887567.jpg, https://www.sevenfive.co.th/en/files/product/original/PRD175705887569.jpg"
PIM2-IM-50SC-001,"https://www.sevenfive.co.th/en/files/product/original/PRD17552260295.jpg, https://www.sevenfive.co.th/en/files/product/original/PRD175522602950.jpg, https://www.sevenfive.co.th/en/files/product/original/PRD175522602951.jpg, https://www.sevenfive.co.th/en/files/product/original/PRD175522602958.jpg, https://www.sevenfive.co.th/en/files/product/original/PRD175522603229.jpg, https://www.sevenfive.co.th/en/files/product/original/PRD175522603243.jpg, https://www.sevenfive.co.th/en/files/product/original/PRD175522603291.jpg, https://www.sevenfive.co.th/en/files/product/original/PRD175522603341.jpg"
PIM2-IM-50SC-003,"https://www.sevenfive.co.th/en/files/product/original/PRD17552260360.jpg, https://www.sevenfive.co.th/en/files/product/original/PRD17552260365.jpg, https://www.sevenfive.co.th/en/files/product/original/PRD175522603719.jpg, https://www.sevenfive.co.th/en/files/product/original/PRD175522603721.jpg, https://www.sevenfive.co.th/en/files/product/original/PRD175522603732.jpg, https://www.sevenfive.co.th/en/files/product/original/PRD175522603742.jpg, https://www.sevenfive.co.th/en/files/product/original/PRD175522604040.jpg, https://www.sevenfive.co.th/en/files/product/original/PRD175522604087.jpg, https://www.sevenfive.co.th/en/files/product/original/PRD175522604098.jpg, https://www.sevenfive.co.th/en/files/product/original/PRD175522604420.jpg, https://www.sevenfive.co.th/en/files/product/original/PRD175522604453.jpg, https://www.sevenfive.co.th/en/files/product/original/PRD175522604459.jpg, https://www.sevenfive.co.th/en/files/product/original/PRD175522604461.jpg, https://www.sevenfive.co.th/en/files/product/original/PRD175522604471.jpg, https://www.sevenfive.co.th/en/files/product/original/PRD175522604475.jpg, https://www.sevenfive.co.th/en/files/product/original/PRD175522604757.jpg, https://www.sevenfive.co.th/en/files/product/original/PRD175522604762.jpg, https://www.sevenfive.co.th/en/files/product/original/PRD175522604776.jpg, https://www.sevenfive.co.th/en/files/product/original/PRD175522605115.jpg, https://www.sevenfive.co.th/en/files/product/original/PRD175522605141.jpg, https://www.sevenfive.co.th/en/files/product/original/PRD175522605266.jpg, https://www.sevenfive.co.th/en/files/product/original/PRD175522605539.jpg, https://www.sevenfive.co.th/en/files/product/original/PRD175522605585.jpg, https://www.sevenfive.co.th/en/files/product/original/PRD175522605842.jpg, https://www.sevenfive.co.th/en/files/product/original/PRD175522605860.jpg, https://www.sevenfive.co.th/en/files/product/original/PRD175522606019.jpg, https://www.sevenfive.co.th/en/files/product/original/PRD175522606095.jpg, https://www.sevenfive.co.th/en/files/product/original/PRD175522606320.jpg, https://www.sevenfive.co.th/en/files/product/original/PRD175522606325.jpg"
PIM2-IM-50SC-004,"https://www.sevenfive.co.th/en/files/product/original/PRD175522604760.jpg, https://www.sevenfive.co.th/en/files/product/original/PRD175522604773.jpg, https://www.sevenfive.co.th/en/files/product/original/PRD175522604822.jpg, https://www.sevenfive.co.th/en/files/product/original/PRD17552260485.jpg, https://www.sevenfive.co.th/en/files/product/original/PRD175522605129.jpg, https://www.sevenfive.co.th/en/files/product/original/PRD175522605175.jpg, https://www.sevenfive.co.th/en/files/product/original/PRD175522605196.jpg, https://www.sevenfive.co.th/en/files/product/original/PRD175522605268.jpg, https://www.sevenfive.co.th/en/files/product/original/PRD17552260553.jpg, https://www.sevenfive.co.th/en/files/product/original/PRD17552260557.jpg, https://www.sevenfive.co.th/en/files/product/original/PRD175522605571.jpg, https://www.sevenfive.co.th/en/files/product/original/PRD175522605595.jpg, https://www.sevenfive.co.th/en/files/product/original/PRD175522605850.jpg, https://www.sevenfive.co.th/en/files/product/original/PRD175522605884.jpg, https://www.sevenfive.co.th/en/files/product/original/PRD175522605896.jpg"
PIM2-IM-50SC-006,"https://www.sevenfive.co.th/en/files/product/original/PRD175522606176.jpg, https://www.sevenfive.co.th/en/files/product/original/PRD17552260618.jpg, https://www.sevenfive.co.th/en/files/product/original/PRD175522606388.jpg, https://www.sevenfive.co.th/en/files/product/original/PRD17552260640.jpg, https://www.sevenfive.co.th/en/files/product/original/PRD175522606418.jpg, https://www.sevenfive.co.th/en/files/product/original/PRD175522606466.jpg, https://www.sevenfive.co.th/en/files/product/original/PRD175522606469.jpg"
PIM2-IM-50SC-009,"https://www.sevenfive.co.th/en/files/product/original/PRD175522606635.jpg, https://www.sevenfive.co.th/en/files/product/original/PRD175522606644.jpg, https://www.sevenfive.co.th/en/files/product/original/PRD17552260673.jpg, https://www.sevenfive.co.th/en/files/product/original/PRD175522606733.jpg, https://www.sevenfive.co.th/en/files/product/original/PRD175522606773.jpg, https://www.sevenfive.co.th/en/files/product/original/PRD175522606796.jpg, https://www.sevenfive.co.th/en/files/product/original/PRD175522606933.jpg, https://www.sevenfive.co.th/en/files/product/original/PRD175522606957.jpg, https://www.sevenfive.co.th/en/files/product/original/PRD17552260696.jpg, https://www.sevenfive.co.th/en/files/product/original/PRD175522607049.jpg, https://www.sevenfive.co.th/en/files/product/original/PRD175522607060.jpg"
PIM2-IM-50SC-010,"https://www.sevenfive.co.th/en/files/product/original/PRD17552260731.jpg, https://www.sevenfive.co.th/en/files/product/original/PRD175522607313.jpg, https://www.sevenfive.co.th/en/files/product/original/PRD17552260732.jpg, https://www.sevenfive.co.th/en/files/product/original/PRD175522607335.jpg, https://www.sevenfive.co.th/en/files/product/original/PRD175522607336.jpg, https://www.sevenfive.co.th/en/files/product/original/PRD175522607353.jpg, https://www.sevenfive.co.th/en/files/product/original/PRD17552260739.jpg, https://www.sevenfive.co.th/en/files/product/original/PRD175522607511.jpg, https://www.sevenfive.co.th/en/files/product/original/PRD175522607523.jpg, https://www.sevenfive.co.th/en/files/product/original/PRD175522607541.jpg, https://www.sevenfive.co.th/en/files/product/original/PRD175522607585.jpg, https://www.sevenfive.co.th/en/files/product/original/PRD175522607653.jpg, https://www.sevenfive.co.th/en/files/product/original/PRD175522607811.jpg, https://www.sevenfive.co.th/en/files/product/original/PRD175522607922.jpg"
PIM2-IM-50SC-011,"https://www.sevenfive.co.th/en/files/product/original/PRD175522608120.jpg, https://www.sevenfive.co.th/en/files/product/original/PRD175522608179.jpg, https://www.sevenfive.co.th/en/files/product/original/PRD175522608184.jpg, https://www.sevenfive.co.th/en/files/product/original/PRD175522608257.jpg, https://www.sevenfive.co.th/en/files/product/original/PRD17552260826.jpg, https://www.sevenfive.co.th/en/files/product/original/PRD175522608284.jpg, https://www.sevenfive.co.th/en/files/product/original/PRD175522608543.jpg, https://www.sevenfive.co.th/en/files/product/original/PRD175522608554.jpg, https://www.sevenfive.co.th/en/files/product/original/PRD175522608571.jpg, https://www.sevenfive.co.th/en/files/product/original/PRD175522608574.jpg, https://www.sevenfive.co.th/en/files/product/original/PRD175522608576.jpg, https://www.sevenfive.co.th/en/files/product/original/PRD175522608813.jpg, https://www.sevenfive.co.th/en/files/product/original/PRD175522608864.jpg, https://www.sevenfive.co.th/en/files/product/original/PRD175522608944.jpg"
PIM2-IM-50SC-014,"https://www.sevenfive.co.th/en/files/product/original/PRD175522608915.jpg, https://www.sevenfive.co.th/en/files/product/original/PRD17552260894.jpg, https://www.sevenfive.co.th/en/files/product/original/PRD175522608990.jpg, https://www.sevenfive.co.th/en/files/product/original/PRD175522609214.jpg, https://www.sevenfive.co.th/en/files/product/original/PRD175522609216.jpg, https://www.sevenfive.co.th/en/files/product/original/PRD175522609268.jpg, https://www.sevenfive.co.th/en/files/product/original/PRD175522609291.jpg"
PIM2-IM-50SC-018,"https://www.sevenfive.co.th/en/files/product/original/PRD175522609416.jpg, https://www.sevenfive.co.th/en/files/product/original/PRD175522609487.jpg, https://www.sevenfive.co.th/en/files/product/original/PRD175522609728.jpg, https://www.sevenfive.co.th/en/files/product/original/PRD17552260976.jpg, https://www.sevenfive.co.th/en/files/product/original/PRD175522609788.jpg"
PIM2-IM-50SC-023,"https://www.sevenfive.co.th/en/files/product/original/PRD175522610114.jpg, https://www.sevenfive.co.th/en/files/product/original/PRD175522610149.jpg, https://www.sevenfive.co.th/en/files/product/original/PRD175522610163.jpg, https://www.sevenfive.co.th/en/files/product/original/PRD175522610168.jpg, https://www.sevenfive.co.th/en/files/product/original/PRD175522610170.jpg, https://www.sevenfive.co.th/en/files/product/original/PRD175522610179.jpg, https://www.sevenfive.co.th/en/files/product/original/PRD17552261053.jpg, https://www.sevenfive.co.th/en/files/product/original/PRD175522610538.jpg, https://www.sevenfive.co.th/en/files/product/original/PRD175522610549.jpg, https://www.sevenfive.co.th/en/files/product/original/PRD17552261055.jpg, https://www.sevenfive.co.th/en/files/product/original/PRD175522610575.jpg, https://www.sevenfive.co.th/en/files/product/original/PRD17552261102.jpg, https://www.sevenfive.co.th/en/files/product/original/PRD175522611034.jpg, https://www.sevenfive.co.th/en/files/product/original/PRD175522611094.jpg, https://www.sevenfive.co.th/en/files/product/original/PRD175522611097.jpg"
PIM2-IM-50SC-024,"https://www.sevenfive.co.th/en/files/product/original/PRD175522611028.jpg, https://www.sevenfive.co.th/en/files/product/original/PRD175522611037.jpg, https://www.sevenfive.co.th/en/files/product/original/PRD175522611448.jpg, https://www.sevenfive.co.th/en/files/product/original/PRD175522611467.jpg, https://www.sevenfive.co.th/en/files/product/original/PRD175522611494.jpg, https://www.sevenfive.co.th/en/files/product/original/PRD175522611536.jpg, https://www.sevenfive.co.th/en/files/product/original/PRD175522611751.jpg, https://www.sevenfive.co.th/en/files/product/original/PRD175522611771.jpg"
PIM2-IM-50SC-030,"https://www.sevenfive.co.th/en/files/product/original/PRD175522611779.jpg, https://www.sevenfive.co.th/en/files/product/original/PRD175522612081.jpg, https://www.sevenfive.co.th/en/files/product/original/PRD17552261214.jpg, https://www.sevenfive.co.th/en/files/product/original/PRD17552261215.jpg, https://www.sevenfive.co.th/en/files/product/original/PRD175522612164.jpg, https://www.sevenfive.co.th/en/files/product/original/PRD175522612169.jpg"
PIM2-IM-50SC-031,"https://www.sevenfive.co.th/en/files/product/original/PRD175522612417.jpg, https://www.sevenfive.co.th/en/files/product/original/PRD175522612441.jpg, https://www.sevenfive.co.th/en/files/product/original/PRD175522612477.jpg, https://www.sevenfive.co.th/en/files/product/original/PRD175522612711.jpg, https://www.sevenfive.co.th/en/files/product/original/PRD175522612717.jpg, https://www.sevenfive.co.th/en/files/product/original/PRD175522612733.jpg, https://www.sevenfive.co.th/en/files/product/original/PRD175522612776.jpg, https://www.sevenfive.co.th/en/files/product/original/PRD17552261294.jpg, https://www.sevenfive.co.th/en/files/product/original/PRD175522613056.jpg"
PIM2-MS-041-300T,"https://www.sevenfive.co.th/en/files/product/original/PRD175522620471.jpg, https://www.sevenfive.co.th/en/files/product/original/PRD17552262049.jpg, https://www.sevenfive.co.th/en/files/product/original/PRD175522620495.jpg, https://www.sevenfive.co.th/en/files/product/original/PRD175522620813.jpg, https://www.sevenfive.co.th/en/files/product/original/PRD175522620881.jpg, https://www.sevenfive.co.th/en/files/product/original/PRD175522620882.jpg, https://www.sevenfive.co.th/en/files/product/original/PRD175522620935.jpg, https://www.sevenfive.co.th/en/files/product/original/PRD175522621356.jpg, https://www.sevenfive.co.th/en/files/product/original/PRD175522621372.jpg, https://www.sevenfive.co.th/en/files/product/original/PRD175522621392.jpg"
PIM2-MS220T-047,"https://www.sevenfive.co.th/en/files/product/original/PRD175522623112.jpg, https://www.sevenfive.co.th/en/files/product/original/PRD175522623136.jpg, https://www.sevenfive.co.th/en/files/product/original/PRD175522623183.jpg, https://www.sevenfive.co.th/en/files/product/original/PRD175522623184.jpg, https://www.sevenfive.co.th/en/files/product/original/PRD175522623243.jpg, https://www.sevenfive.co.th/en/files/product/original/PRD175522623519.jpg, https://www.sevenfive.co.th/en/files/product/original/PRD175522623530.jpg, https://www.sevenfive.co.th/en/files/product/original/PRD175522623531.jpg, https://www.sevenfive.co.th/en/files/product/original/PRD175522623559.jpg, https://www.sevenfive.co.th/en/files/product/original/PRD17552262356.jpg, https://www.sevenfive.co.th/en/files/product/original/PRD175522623594.jpg, https://www.sevenfive.co.th/en/files/product/original/PRD175522623721.jpg, https://www.sevenfive.co.th/en/files/product/original/PRD17552262382.jpg, https://www.sevenfive.co.th/en/files/product/original/PRD175522623828.jpg, https://www.sevenfive.co.th/en/files/product/original/PRD175522624044.jpg, https://www.sevenfive.co.th/en/files/product/original/PRD175522624055.jpg, https://www.sevenfive.co.th/en/files/product/original/PRD175522624078.jpg, https://www.sevenfive.co.th/en/files/product/original/PRD175522624316.jpg, https://www.sevenfive.co.th/en/files/product/original/PRD175522624380.jpg, https://www.sevenfive.co.th/en/files/product/original/PRD175522624399.jpg"
PIM2-MS250T-047,"https://www.sevenfive.co.th/en/files/product/original/PRD175522623766.jpg, https://www.sevenfive.co.th/en/files/product/original/PRD175522624066.jpg, https://www.sevenfive.co.th/en/files/product/original/PRD175522624085.jpg, https://www.sevenfive.co.th/en/files/product/original/PRD175522624097.jpg, https://www.sevenfive.co.th/en/files/product/original/PRD175522624188.jpg, https://www.sevenfive.co.th/en/files/product/original/PRD175522624375.jpg, https://www.sevenfive.co.th/en/files/product/original/PRD175522624386.jpg, https://www.sevenfive.co.th/en/files/product/original/PRD175522624393.jpg, https://www.sevenfive.co.th/en/files/product/original/PRD17552262460.jpg, https://www.sevenfive.co.th/en/files/product/original/PRD175522624660.jpg, https://www.sevenfive.co.th/en/files/product/original/PRD175522624670.jpg, https://www.sevenfive.co.th/en/files/product/original/PRD175522624677.jpg, https://www.sevenfive.co.th/en/files/product/original/PRD175522624946.jpg, https://www.sevenfive.co.th/en/files/product/original/PRD17552262496.jpg, https://www.sevenfive.co.th/en/files/product/original/PRD175522624963.jpg"
PIM2-MS275T-047,"https://www.sevenfive.co.th/en/files/product/original/PRD175522624377.jpg, https://www.sevenfive.co.th/en/files/product/original/PRD175522624620.jpg, https://www.sevenfive.co.th/en/files/product/original/PRD175522624646.jpg, https://www.sevenfive.co.th/en/files/product/original/PRD175522624727.jpg, https://www.sevenfive.co.th/en/files/product/original/PRD175522624988.jpg, https://www.sevenfive.co.th/en/files/product/original/PRD17552262525.jpg, https://www.sevenfive.co.th/en/files/product/original/PRD175522625569.jpg"
PIM2-MS300T-047,"https://www.sevenfive.co.th/en/files/product/original/PRD17552262680.jpg, https://www.sevenfive.co.th/en/files/product/original/PRD175522626863.jpg, https://www.sevenfive.co.th/en/files/product/original/PRD175522626876.jpg, https://www.sevenfive.co.th/en/files/product/original/PRD175522626885.jpg, https://www.sevenfive.co.th/en/files/product/original/PRD175522627225.jpg, https://www.sevenfive.co.th/en/files/product/original/PRD175522627229.jpg, https://www.sevenfive.co.th/en/files/product/original/PRD175522627230.jpg, https://www.sevenfive.co.th/en/files/product/original/PRD175522627231.jpg, https://www.sevenfive.co.th/en/files/product/original/PRD175522627255.jpg, https://www.sevenfive.co.th/en/files/product/original/PRD175522627259.jpg, https://www.sevenfive.co.th/en/files/product/original/PRD175522627270.jpg, https://www.sevenfive.co.th/en/files/product/original/PRD175522627643.jpg, https://www.sevenfive.co.th/en/files/product/original/PRD17552262765.jpg, https://www.sevenfive.co.th/en/files/product/original/PRD175522627659.jpg, https://www.sevenfive.co.th/en/files/product/original/PRD175522627699.jpg, https://www.sevenfive.co.th/en/files/product/original/PRD175522628011.jpg, https://www.sevenfive.co.th/en/files/product/original/PRD175522628034.jpg, https://www.sevenfive.co.th/en/files/product/original/PRD175522628070.jpg, https://www.sevenfive.co.th/en/files/product/original/PRD175522628086.jpg, https://www.sevenfive.co.th/en/files/product/original/PRD175522628417.jpg, https://www.sevenfive.co.th/en/files/product/original/PRD175522628436.jpg, https://www.sevenfive.co.th/en/files/product/original/PRD17552262844.jpg, https://www.sevenfive.co.th/en/files/product/original/PRD175522628497.jpg"
PIM2-TW-32S-10,"https://www.sevenfive.co.th/en/files/product/original/PRD175522660712.jpg, https://www.sevenfive.co.th/en/files/product/original/PRD175522660737.jpg, https://www.sevenfive.co.th/en/files/product/original/PRD175522660780.jpg, https://www.sevenfive.co.th/en/files/product/original/PRD175522660792.jpg, https://www.sevenfive.co.th/en/files/product/original/PRD175522661067.jpg"
SAN2-10103,"https://www.sevenfive.co.th/en/files/product/original/PRD175592571916.jpg, https://www.sevenfive.co.th/en/files/product/original/PRD175592572020.jpg, https://www.sevenfive.co.th/en/files/product/original/PRD175653902627.jpg"
SAN2-10504,"https://www.sevenfive.co.th/en/files/product/original/PRD175592572217.jpg, https://www.sevenfive.co.th/en/files/product/original/PRD175592572284.jpg, https://www.sevenfive.co.th/en/files/product/original/PRD175653902775.jpg"
SAN2-10505,"https://www.sevenfive.co.th/en/files/product/original/PRD175592572320.jpg, https://www.sevenfive.co.th/en/files/product/original/PRD175592572338.jpg, https://www.sevenfive.co.th/en/files/product/original/PRD175592572494.jpg, https://www.sevenfive.co.th/en/files/product/original/PRD175653902835.jpg"
SAN2-10726,"https://www.sevenfive.co.th/en/files/product/original/PRD175592572618.jpg, https://www.sevenfive.co.th/en/files/product/original/PRD175592572698.jpg, https://www.sevenfive.co.th/en/files/product/original/PRD175592572715.jpg, https://www.sevenfive.co.th/en/files/product/original/PRD175653902936.jpg"
TBA2-AE2425ZK00,"https://www.sevenfive.co.th/en/files/product/original/PRD175592584333.jpg, https://www.sevenfive.co.th/en/files/product/original/PRD175592584498.jpg, https://www.sevenfive.co.th/en/files/product/original/PRD175592584539.jpg, https://www.sevenfive.co.th/en/files/product/original/PRD175653907997.jpg"
TBA2-M724400605,"https://www.sevenfive.co.th/en/files/product/original/PRD175592603341.jpg, https://www.sevenfive.co.th/en/files/product/original/PRD175592603437.jpg, https://www.sevenfive.co.th/en/files/product/original/PRD175592603539.jpg, https://www.sevenfive.co.th/en/files/product/original/PRD175653913839.jpg"
TBA2-T05A360020,"https://www.sevenfive.co.th/en/files/product/original/PRD175592605038.jpg, https://www.sevenfive.co.th/en/files/product/original/PRD17559260505.jpg, https://www.sevenfive.co.th/en/files/product/original/PRD17559260513.jpg, https://www.sevenfive.co.th/en/files/product/original/PRD175592605178.jpg, https://www.sevenfive.co.th/en/files/product/original/PRD175592605353.jpg, https://www.sevenfive.co.th/en/files/product/original/PRD175653914366.jpg"
TBA2-T07A360020,"https://www.sevenfive.co.th/en/files/product/original/PRD175592606291.jpg, https://www.sevenfive.co.th/en/files/product/original/PRD175592606479.jpg, https://www.sevenfive.co.th/en/files/product/original/PRD175592606597.jpg, https://www.sevenfive.co.th/en/files/product/original/PRD175653914783.jpg"
TBA2-T07A990011,"https://www.sevenfive.co.th/en/files/product/original/PRD175592606599.jpg, https://www.sevenfive.co.th/en/files/product/original/PRD175592606645.jpg, https://www.sevenfive.co.th/en/files/product/original/PRD175592606753.jpg, https://www.sevenfive.co.th/en/files/product/original/PRD175653914895.jpg"
TBA2-T07A990060,"https://www.sevenfive.co.th/en/files/product/original/PRD175592606667.jpg, https://www.sevenfive.co.th/en/files/product/original/PRD175592606710.jpg, https://www.sevenfive.co.th/en/files/product/original/PRD175592606819.jpg, https://www.sevenfive.co.th/en/files/product/original/PRD175592606885.jpg, https://www.sevenfive.co.th/en/files/product/original/PRD175653914960.jpg"
TBA2-T07K001000,"https://www.sevenfive.co.th/en/files/product/original/PRD175592607166.jpg, https://www.sevenfive.co.th/en/files/product/original/PRD175592607376.jpg, https://www.sevenfive.co.th/en/files/product/original/PRD175592607469.jpg, https://www.sevenfive.co.th/en/files/product/original/PRD175653915186.jpg"
TBA2-TA7A990050,"https://www.sevenfive.co.th/en/files/product/original/PRD175592608018.jpg, https://www.sevenfive.co.th/en/files/product/original/PRD175592608093.jpg, https://www.sevenfive.co.th/en/files/product/original/PRD175592608144.jpg, https://www.sevenfive.co.th/en/files/product/original/PRD175592608257.jpg, https://www.sevenfive.co.th/en/files/product/original/PRD175592608337.jpg, https://www.sevenfive.co.th/en/files/product/original/PRD175653915581.jpg"
TOP2-30100354,"https://www.sevenfive.co.th/en/files/product/original/PRD175522664837.jpg, https://www.sevenfive.co.th/en/files/product/original/PRD175522664868.jpg, https://www.sevenfive.co.th/en/files/product/original/PRD175522664989.jpg, https://www.sevenfive.co.th/en/files/product/original/PRD175522665011.jpg, https://www.sevenfive.co.th/en/files/product/original/PRD175522665150.jpg, https://www.sevenfive.co.th/en/files/product/original/PRD175522665159.jpg, https://www.sevenfive.co.th/en/files/product/original/PRD175522665174.jpg, https://www.sevenfive.co.th/en/files/product/original/PRD175522665230.jpg, https://www.sevenfive.co.th/en/files/product/original/PRD175522665435.jpg, https://www.sevenfive.co.th/en/files/product/original/PRD175522665647.jpg"
TOP2-30600180,"https://www.sevenfive.co.th/en/files/product/original/PRD175411538255.jpg, https://www.sevenfive.co.th/en/files/product/original/PRD175411538483.jpg, https://www.sevenfive.co.th/en/files/product/original/PRD175411538738.jpg, https://www.sevenfive.co.th/en/files/product/original/PRD175411539159.jpg, https://www.sevenfive.co.th/en/files/product/original/PRD175522668167.jpg, https://www.sevenfive.co.th/en/files/product/original/PRD175522668194.jpg, https://www.sevenfive.co.th/en/files/product/original/PRD175522668468.jpg, https://www.sevenfive.co.th/en/files/product/original/PRD175522668514.jpg, https://www.sevenfive.co.th/en/files/product/original/PRD175522668593.jpg, https://www.sevenfive.co.th/en/files/product/original/PRD175522668862.jpg, https://www.sevenfive.co.th/en/files/product/original/PRD175522668868.jpg, https://www.sevenfive.co.th/en/files/product/original/PRD175522669122.jpg, https://www.sevenfive.co.th/en/files/product/original/PRD175522669166.jpg, https://www.sevenfive.co.th/en/files/product/original/PRD175522669357.jpg, https://www.sevenfive.co.th/en/files/product/original/PRD175522669370.jpg"
TOP2-30600181,"https://www.sevenfive.co.th/en/files/product/original/PRD175411539243.jpg, https://www.sevenfive.co.th/en/files/product/original/PRD175411539317.jpg, https://www.sevenfive.co.th/en/files/product/original/PRD175522668816.jpg, https://www.sevenfive.co.th/en/files/product/original/PRD175522668818.jpg, https://www.sevenfive.co.th/en/files/product/original/PRD175522669125.jpg"
TOP2-MS-98-SW-004,"https://www.sevenfive.co.th/en/files/product/original/PRD175411543194.jpg, https://www.sevenfive.co.th/en/files/product/original/PRD175411543244.jpg, https://www.sevenfive.co.th/en/files/product/original/PRD175411543272.jpg, https://www.sevenfive.co.th/en/files/product/original/PRD175522679812.jpg, https://www.sevenfive.co.th/en/files/product/original/PRD175522679857.jpg, https://www.sevenfive.co.th/en/files/product/original/PRD175522679882.jpg, https://www.sevenfive.co.th/en/files/product/original/PRD175522679896.jpg, https://www.sevenfive.co.th/en/files/product/original/PRD175522680047.jpg, https://www.sevenfive.co.th/en/files/product/original/PRD175522680062.jpg, https://www.sevenfive.co.th/en/files/product/original/PRD175522680084.jpg, https://www.sevenfive.co.th/en/files/product/original/PRD175522680452.jpg, https://www.sevenfive.co.th/en/files/product/original/PRD175522680453.jpg, https://www.sevenfive.co.th/en/files/product/original/PRD17552268049.jpg"
SAN2-10907,"https://www.sevenfive.co.th/en/files/product/original/PRD175592572814.jpg, https://www.sevenfive.co.th/en/files/product/original/PRD175592572846.jpg, https://www.sevenfive.co.th/en/files/product/original/PRD175653902979.jpg"
SAN2-11410,"https://www.sevenfive.co.th/en/files/product/original/PRD175592573195.jpg, https://www.sevenfive.co.th/en/files/product/original/PRD175592573227.jpg, https://www.sevenfive.co.th/en/files/product/original/PRD175653903193.jpg"
SAN2-37615,"https://www.sevenfive.co.th/en/files/product/original/PRD175592573571.jpg, https://www.sevenfive.co.th/en/files/product/original/PRD17559257360.jpg, https://www.sevenfive.co.th/en/files/product/original/PRD175592573673.jpg, https://www.sevenfive.co.th/en/files/product/original/PRD175653903231.jpg"
SAN2-37618,"https://www.sevenfive.co.th/en/files/product/original/PRD175592573622.jpg, https://www.sevenfive.co.th/en/files/product/original/PRD175592573686.jpg, https://www.sevenfive.co.th/en/files/product/original/PRD175592573754.jpg, https://www.sevenfive.co.th/en/files/product/original/PRD175653903336.jpg"
SAN2-37625,"https://www.sevenfive.co.th/en/files/product/original/PRD175592573739.jpg, https://www.sevenfive.co.th/en/files/product/original/PRD175592573745.jpg, https://www.sevenfive.co.th/en/files/product/original/PRD175653903341.jpg"
SAN2-38101,"https://www.sevenfive.co.th/en/files/product/original/PRD175592573819.jpg, https://www.sevenfive.co.th/en/files/product/original/PRD175592573869.jpg, https://www.sevenfive.co.th/en/files/product/original/PRD175653903490.jpg"
SAN2-38102,"https://www.sevenfive.co.th/en/files/product/original/PRD175592573840.jpg, https://www.sevenfive.co.th/en/files/product/original/PRD175592573994.jpg, https://www.sevenfive.co.th/en/files/product/original/PRD175653903465.jpg"
SAN2-38300,"https://www.sevenfive.co.th/en/files/product/original/PRD175592574014.jpg, https://www.sevenfive.co.th/en/files/product/original/PRD17559257419.jpg, https://www.sevenfive.co.th/en/files/product/original/PRD17559257432.jpg, https://www.sevenfive.co.th/en/files/product/original/PRD175653903558.jpg"
SAN2-38402,"https://www.sevenfive.co.th/en/files/product/original/PRD175592574173.jpg, https://www.sevenfive.co.th/en/files/product/original/PRD175592574295.jpg, https://www.sevenfive.co.th/en/files/product/original/PRD175592574346.jpg, https://www.sevenfive.co.th/en/files/product/original/PRD175653903623.jpg"
SAN2-38405,"https://www.sevenfive.co.th/en/files/product/original/PRD175592574448.jpg, https://www.sevenfive.co.th/en/files/product/original/PRD175592574546.jpg, https://www.sevenfive.co.th/en/files/product/original/PRD17565390366.jpg"
SAN2-38406,"https://www.sevenfive.co.th/en/files/product/original/PRD175592574576.jpg, https://www.sevenfive.co.th/en/files/product/original/PRD175592574625.jpg, https://www.sevenfive.co.th/en/files/product/original/PRD17565390379.jpg"
SAN2-38407,"https://www.sevenfive.co.th/en/files/product/original/PRD175592574645.jpg, https://www.sevenfive.co.th/en/files/product/original/PRD175592574735.jpg, https://www.sevenfive.co.th/en/files/product/original/PRD175592574767.jpg, https://www.sevenfive.co.th/en/files/product/original/PRD175653903873.jpg"
SAN2-38411,"https://www.sevenfive.co.th/en/files/product/original/PRD175592574739.jpg, https://www.sevenfive.co.th/en/files/product/original/PRD17559257474.jpg, https://www.sevenfive.co.th/en/files/product/original/PRD175592574867.jpg, https://www.sevenfive.co.th/en/files/product/original/PRD175653903827.jpg"
SAN2-38418,"https://www.sevenfive.co.th/en/files/product/original/PRD175592574814.jpg, https://www.sevenfive.co.th/en/files/product/original/PRD175592574914.jpg, https://www.sevenfive.co.th/en/files/product/original/PRD175592575088.jpg, https://www.sevenfive.co.th/en/files/product/original/PRD17565390394.jpg"
SAN2-50410,"https://www.sevenfive.co.th/en/files/product/original/PRD175592575722.jpg, https://www.sevenfive.co.th/en/files/product/original/PRD175592575770.jpg, https://www.sevenfive.co.th/en/files/product/original/PRD175592575866.jpg, https://www.sevenfive.co.th/en/files/product/original/PRD175653904254.jpg"
SAN2-50720,"https://www.sevenfive.co.th/en/files/product/original/PRD175592576011.jpg, https://www.sevenfive.co.th/en/files/product/original/PRD175592576181.jpg, https://www.sevenfive.co.th/en/files/product/original/PRD175592576195.jpg, https://www.sevenfive.co.th/en/files/product/original/PRD17565390433.jpg"
SAN2-50860,"https://www.sevenfive.co.th/en/files/product/original/PRD175592576349.jpg, https://www.sevenfive.co.th/en/files/product/original/PRD175592576424.jpg, https://www.sevenfive.co.th/en/files/product/original/PRD175592576434.jpg, https://www.sevenfive.co.th/en/files/product/original/PRD175592576674.jpg, https://www.sevenfive.co.th/en/files/product/original/PRD175653904479.jpg"
SAN2-52420,"https://www.sevenfive.co.th/en/files/product/original/PRD175592576838.jpg, https://www.sevenfive.co.th/en/files/product/original/PRD17559257696.jpg, https://www.sevenfive.co.th/en/files/product/original/PRD175592577040.jpg, https://www.sevenfive.co.th/en/files/product/original/PRD175653904552.jpg"
SAN2-52500,"https://www.sevenfive.co.th/en/files/product/original/PRD175592577083.jpg, https://www.sevenfive.co.th/en/files/product/original/PRD175592577189.jpg, https://www.sevenfive.co.th/en/files/product/original/PRD175592577332.jpg, https://www.sevenfive.co.th/en/files/product/original/PRD175653904555.jpg"
SAN2-53316,"https://www.sevenfive.co.th/en/files/product/original/PRD175592577281.jpg, https://www.sevenfive.co.th/en/files/product/original/PRD175592577368.jpg, https://www.sevenfive.co.th/en/files/product/original/PRD175653904658.jpg"
SAN2-53531,"https://www.sevenfive.co.th/en/files/product/original/PRD175592577510.jpg, https://www.sevenfive.co.th/en/files/product/original/PRD175592577528.jpg, https://www.sevenfive.co.th/en/files/product/original/PRD175653904721.jpg"
SAN2-53538,"https://www.sevenfive.co.th/en/files/product/original/PRD175592577633.jpg, https://www.sevenfive.co.th/en/files/product/original/PRD175592577662.jpg, https://www.sevenfive.co.th/en/files/product/original/PRD175592577771.jpg, https://www.sevenfive.co.th/en/files/product/original/PRD175592577798.jpg, https://www.sevenfive.co.th/en/files/product/original/PRD17565390477.jpg"
SAN2-54250,"https://www.sevenfive.co.th/en/files/product/original/PRD175592577711.jpg, https://www.sevenfive.co.th/en/files/product/original/PRD175592577755.jpg, https://www.sevenfive.co.th/en/files/product/original/PRD17559257785.jpg, https://www.sevenfive.co.th/en/files/product/original/PRD175592577861.jpg, https://www.sevenfive.co.th/en/files/product/original/PRD175653904975.jpg"
SAN2-62332F,"https://www.sevenfive.co.th/en/files/product/original/PRD175592577916.jpg, https://www.sevenfive.co.th/en/files/product/original/PRD17559257793.jpg, https://www.sevenfive.co.th/en/files/product/original/PRD175592578090.jpg, https://www.sevenfive.co.th/en/files/product/original/PRD175653905031.jpg"
SAN2-62392,"https://www.sevenfive.co.th/en/files/product/original/PRD175592578096.jpg, https://www.sevenfive.co.th/en/files/product/original/PRD175592578199.jpg, https://www.sevenfive.co.th/en/files/product/original/PRD175653905038.jpg"
SAN2-62393,"https://www.sevenfive.co.th/en/files/product/original/PRD175592578147.jpg, https://www.sevenfive.co.th/en/files/product/original/PRD175592578161.jpg, https://www.sevenfive.co.th/en/files/product/original/PRD175592578375.jpg, https://www.sevenfive.co.th/en/files/product/original/PRD175653905290.jpg"
SAN2-62394,"https://www.sevenfive.co.th/en/files/product/original/PRD175592578172.jpg, https://www.sevenfive.co.th/en/files/product/original/PRD17559257831.jpg, https://www.sevenfive.co.th/en/files/product/original/PRD175592578453.jpg, https://www.sevenfive.co.th/en/files/product/original/PRD175653905379.jpg"
SAN2-65396,"https://www.sevenfive.co.th/en/files/product/original/PRD175592578865.jpg, https://www.sevenfive.co.th/en/files/product/original/PRD17559257896.jpg, https://www.sevenfive.co.th/en/files/product/original/PRD175653905647.jpg"
SAN2-65615,"https://www.sevenfive.co.th/en/files/product/original/PRD175592579144.jpg, https://www.sevenfive.co.th/en/files/product/original/PRD175592579180.jpg, https://www.sevenfive.co.th/en/files/product/original/PRD175592579249.jpg, https://www.sevenfive.co.th/en/files/product/original/PRD17565390572.jpg"
SAN2-66254,"https://www.sevenfive.co.th/en/files/product/original/PRD175592579211.jpg, https://www.sevenfive.co.th/en/files/product/original/PRD175592579241.jpg, https://www.sevenfive.co.th/en/files/product/original/PRD175592579365.jpg, https://www.sevenfive.co.th/en/files/product/original/PRD175653905876.jpg"
SAN2-70240,"https://www.sevenfive.co.th/en/files/product/original/PRD175592579734.jpg, https://www.sevenfive.co.th/en/files/product/original/PRD175592579757.jpg, https://www.sevenfive.co.th/en/files/product/original/PRD175592579889.jpg, https://www.sevenfive.co.th/en/files/product/original/PRD175653906011.jpg"
PIM2-70201102237,"https://www.sevenfive.co.th/en/files/product/original/PRD175522488647.jpg, https://www.sevenfive.co.th/en/files/product/original/PRD175522488852.jpg, https://www.sevenfive.co.th/en/files/product/original/PRD175522488860.jpg"
PIM2-70100403891,"https://www.sevenfive.co.th/en/files/product/original/PRD175522483559.jpg, https://www.sevenfive.co.th/en/files/product/original/PRD175522483564.jpg, https://www.sevenfive.co.th/en/files/product/original/PRD175522483617.jpg, https://www.sevenfive.co.th/en/files/product/original/PRD175522483633.jpg, https://www.sevenfive.co.th/en/files/product/original/PRD175522483654.jpg, https://www.sevenfive.co.th/en/files/product/original/PRD175522483677.jpg"
PIM2-70100403873,"https://www.sevenfive.co.th/en/files/product/original/PRD175522483213.jpg, https://www.sevenfive.co.th/en/files/product/original/PRD175522483286.jpg, https://www.sevenfive.co.th/en/files/product/original/PRD175522483310.jpg, https://www.sevenfive.co.th/en/files/product/original/PRD175522483354.jpg, https://www.sevenfive.co.th/en/files/product/original/PRD175522483367.jpg, https://www.sevenfive.co.th/en/files/product/original/PRD175522483388.jpg"
PIM2-70101200282,"https://www.sevenfive.co.th/en/files/product/original/PRD175522484914.jpg, https://www.sevenfive.co.th/en/files/product/original/PRD175522485239.jpg, https://www.sevenfive.co.th/en/files/product/original/PRD175522485291.jpg, https://www.sevenfive.co.th/en/files/product/original/PRD175522485436.jpg, https://www.sevenfive.co.th/en/files/product/original/PRD175522485780.jpg, https://www.sevenfive.co.th/en/files/product/original/PRD175522485945.jpg, https://www.sevenfive.co.th/en/files/product/original/PRD175522486196.jpg"
PIM1-PMG-40L-WH,"https://www.sevenfive.co.th/en/files/product/original/PRD06376c1bee2b8f3827a18b3fa0b08c96.jpg, https://www.sevenfive.co.th/en/files/product/original/PRD175412323323.jpg"
NTS1-SN4101,"https://www.sevenfive.co.th/en/files/product/original/PRD175411712058.jpg, https://www.sevenfive.co.th/en/files/product/original/PRD175411712090.jpg"
NTS1-SN4953,"https://www.sevenfive.co.th/en/files/product/original/PRD175411713532.jpg, https://www.sevenfive.co.th/en/files/product/original/PRD175411713565.jpg"
NTS1-SN4954,"https://www.sevenfive.co.th/en/files/product/original/PRD175411713614.jpg, https://www.sevenfive.co.th/en/files/product/original/PRD175411713631.jpg"
NTS1-SN4958,"https://www.sevenfive.co.th/en/files/product/original/PRD175411713986.jpg, https://www.sevenfive.co.th/en/files/product/original/PRD175411713990.jpg"
NTS1-WT-MEDIUM,"https://www.sevenfive.co.th/en/files/product/original/PRD175411719797.jpg, https://www.sevenfive.co.th/en/files/product/original/PRD175411719834.jpg"
NTS1-WT-SMALL,"https://www.sevenfive.co.th/en/files/product/original/PRD175411720035.jpg, https://www.sevenfive.co.th/en/files/product/original/PRD175411720067.jpg"
HAT1-CWBR-S1,"https://www.sevenfive.co.th/en/files/product/original/PRD175144711070.jpg, https://www.sevenfive.co.th/en/files/product/original/PRD175144743879.jpg"
HAT1-RHW2-2,"https://www.sevenfive.co.th/en/files/product/original/PRD175144711120.jpg, https://www.sevenfive.co.th/en/files/product/original/PRD17514474390.jpg"
LKK2-IND350T-7,"https://www.sevenfive.co.th/en/files/product/original/PRD17559204488.jpg, https://www.sevenfive.co.th/en/files/product/original/PRD175592044970.jpg, https://www.sevenfive.co.th/en/files/product/original/PRD175592044975.jpg, https://www.sevenfive.co.th/en/files/product/original/PRD17565388560.jpg"
NTS2-CD-1135-4L2-HFH,"https://www.sevenfive.co.th/en/files/product/original/PRD176759298246.jpg, https://www.sevenfive.co.th/en/files/product/original/PRD176759298261.jpg"
NTS2-CD-6L-01-HINGE,"https://www.sevenfive.co.th/en/files/product/original/PRD175636612987.jpg, https://www.sevenfive.co.th/en/files/product/original/PRD175636613085.jpg, https://www.sevenfive.co.th/en/files/product/original/PRD175636613089.jpg, https://www.sevenfive.co.th/en/files/product/original/PRD175637484442.jpg"
PIM2-70101100528+70101103900,"https://www.sevenfive.co.th/en/files/product/original/PRD175522483861.jpg, https://www.sevenfive.co.th/en/files/product/original/PRD175522483880.jpg, https://www.sevenfive.co.th/en/files/product/original/PRD175522483890.jpg, https://www.sevenfive.co.th/en/files/product/original/PRD175522484014.jpg, https://www.sevenfive.co.th/en/files/product/original/PRD175522484053.jpg, https://www.sevenfive.co.th/en/files/product/original/PRD175522484073.jpg, https://www.sevenfive.co.th/en/files/product/original/PRD175522484256.jpg, https://www.sevenfive.co.th/en/files/product/original/PRD175522484279.jpg, https://www.sevenfive.co.th/en/files/product/original/PRD175522484619.jpg, https://www.sevenfive.co.th/en/files/product/original/PRD175522484673.jpg"
PIM2-910010065,"https://www.sevenfive.co.th/en/files/product/original/PRD175705870211.jpg, https://www.sevenfive.co.th/en/files/product/original/PRD175705870213.jpg, https://www.sevenfive.co.th/en/files/product/original/PRD175705870296.jpg"
PIM2-MS300T-044,"https://www.sevenfive.co.th/en/files/product/original/PRD17552262610.jpg, https://www.sevenfive.co.th/en/files/product/original/PRD175522626155.jpg, https://www.sevenfive.co.th/en/files/product/original/PRD175522626537.jpg, https://www.sevenfive.co.th/en/files/product/original/PRD175522626545.jpg"
SAN2-38200,"https://www.sevenfive.co.th/en/files/product/original/PRD175592573985.jpg, https://www.sevenfive.co.th/en/files/product/original/PRD175592574061.jpg, https://www.sevenfive.co.th/en/files/product/original/PRD175592574073.jpg, https://www.sevenfive.co.th/en/files/product/original/PRD175653903590.jpg"
SAN2-53345,"https://www.sevenfive.co.th/en/files/product/original/PRD175592577453.jpg, https://www.sevenfive.co.th/en/files/product/original/PRD175592577547.jpg, https://www.sevenfive.co.th/en/files/product/original/PRD175592577563.jpg, https://www.sevenfive.co.th/en/files/product/original/PRD175653904629.jpg"
SAN2-70712,"https://www.sevenfive.co.th/en/files/product/original/PRD175592580091.jpg, https://www.sevenfive.co.th/en/files/product/original/PRD175592580150.jpg, https://www.sevenfive.co.th/en/files/product/original/PRD175592580187.jpg, https://www.sevenfive.co.th/en/files/product/original/PRD175653906340.jpg"
TBA2-K2F9700100,"https://www.sevenfive.co.th/en/files/product/original/PRD175592592754.jpg, https://www.sevenfive.co.th/en/files/product/original/PRD175592592815.jpg, https://www.sevenfive.co.th/en/files/product/original/PRD17565391015.jpg"
CAM2-PK57003,"https://www.sevenfive.co.th/en/files/product/original/PRD17557641515.jpg, https://www.sevenfive.co.th/en/files/product/original/PRD175576415271.jpg, https://www.sevenfive.co.th/en/files/product/original/PRD175653837945.jpg"
LKK2-IND2000-10,"https://www.sevenfive.co.th/en/files/product/original/PRD175592034862.jpg, https://www.sevenfive.co.th/en/files/product/original/PRD175592034944.jpg, https://www.sevenfive.co.th/en/files/product/original/PRD175653882842.jpg"
LKK2-IND2000-2,"https://www.sevenfive.co.th/en/files/product/original/PRD175592034949.jpg, https://www.sevenfive.co.th/en/files/product/original/PRD175592035099.jpg, https://www.sevenfive.co.th/en/files/product/original/PRD175592035149.jpg, https://www.sevenfive.co.th/en/files/product/original/PRD175653882936.jpg"
LKK2-IND2000-3,"https://www.sevenfive.co.th/en/files/product/original/PRD175592035157.jpg, https://www.sevenfive.co.th/en/files/product/original/PRD175592035292.jpg, https://www.sevenfive.co.th/en/files/product/original/PRD175653882986.jpg"
LKK2-IND2000-4,"https://www.sevenfive.co.th/en/files/product/original/PRD175592035213.jpg, https://www.sevenfive.co.th/en/files/product/original/PRD175592035365.jpg, https://www.sevenfive.co.th/en/files/product/original/PRD175592035380.jpg, https://www.sevenfive.co.th/en/files/product/original/PRD175653883085.jpg"
LKK2-IND2000-5,"https://www.sevenfive.co.th/en/files/product/original/PRD175592035466.jpg, https://www.sevenfive.co.th/en/files/product/original/PRD175592035470.jpg, https://www.sevenfive.co.th/en/files/product/original/PRD175592035522.jpg, https://www.sevenfive.co.th/en/files/product/original/PRD175653883053.jpg"
LKK2-IND2000-6,"https://www.sevenfive.co.th/en/files/product/original/PRD175592035610.jpg, https://www.sevenfive.co.th/en/files/product/original/PRD175592035685.jpg, https://www.sevenfive.co.th/en/files/product/original/PRD175592035785.jpg, https://www.sevenfive.co.th/en/files/product/original/PRD175653883187.jpg"
LKK2-IND2000-7,"https://www.sevenfive.co.th/en/files/product/original/PRD17559203579.jpg, https://www.sevenfive.co.th/en/files/product/original/PRD175592035841.jpg, https://www.sevenfive.co.th/en/files/product/original/PRD175592035897.jpg, https://www.sevenfive.co.th/en/files/product/original/PRD175653883180.jpg"
LKK2-IND2000-9,"https://www.sevenfive.co.th/en/files/product/original/PRD175592035951.jpg, https://www.sevenfive.co.th/en/files/product/original/PRD175592035974.jpg, https://www.sevenfive.co.th/en/files/product/original/PRD175592036092.jpg, https://www.sevenfive.co.th/en/files/product/original/PRD175653883296.jpg"
LKK2-IND300T-10,"https://www.sevenfive.co.th/en/files/product/original/PRD175592036528.jpg, https://www.sevenfive.co.th/en/files/product/original/PRD175592036641.jpg, https://www.sevenfive.co.th/en/files/product/original/PRD175592036657.jpg, https://www.sevenfive.co.th/en/files/product/original/PRD175653883411.jpg"
LKK2-IND300T-11,"https://www.sevenfive.co.th/en/files/product/original/PRD17559203672.jpg, https://www.sevenfive.co.th/en/files/product/original/PRD175592036756.jpg, https://www.sevenfive.co.th/en/files/product/original/PRD175592036848.jpg, https://www.sevenfive.co.th/en/files/product/original/PRD175653883482.jpg"
LKK2-IND300T-13,"https://www.sevenfive.co.th/en/files/product/original/PRD175592036952.jpg, https://www.sevenfive.co.th/en/files/product/original/PRD175592036986.jpg, https://www.sevenfive.co.th/en/files/product/original/PRD17559203701.jpg, https://www.sevenfive.co.th/en/files/product/original/PRD175653883530.jpg"
LKK2-IND300T-4,"https://www.sevenfive.co.th/en/files/product/original/PRD175592037097.jpg, https://www.sevenfive.co.th/en/files/product/original/PRD175592037130.jpg, https://www.sevenfive.co.th/en/files/product/original/PRD175592037145.jpg, https://www.sevenfive.co.th/en/files/product/original/PRD175653883650.jpg"
LKK2-IND300T-5,"https://www.sevenfive.co.th/en/files/product/original/PRD175592037233.jpg, https://www.sevenfive.co.th/en/files/product/original/PRD175592037343.jpg, https://www.sevenfive.co.th/en/files/product/original/PRD175653883686.jpg"
LKK2-IND300T-6,"https://www.sevenfive.co.th/en/files/product/original/PRD175592037447.jpg, https://www.sevenfive.co.th/en/files/product/original/PRD175592037450.jpg, https://www.sevenfive.co.th/en/files/product/original/PRD17565388372.jpg"
LKK2-IND300T-7,"https://www.sevenfive.co.th/en/files/product/original/PRD175592037535.jpg, https://www.sevenfive.co.th/en/files/product/original/PRD175592037583.jpg, https://www.sevenfive.co.th/en/files/product/original/PRD175592037671.jpg, https://www.sevenfive.co.th/en/files/product/original/PRD175653883753.jpg"
LKK2-IND300T-8,"https://www.sevenfive.co.th/en/files/product/original/PRD175592037743.jpg, https://www.sevenfive.co.th/en/files/product/original/PRD175592037761.jpg, https://www.sevenfive.co.th/en/files/product/original/PRD175592037840.jpg, https://www.sevenfive.co.th/en/files/product/original/PRD175653883845.jpg"
LKK2-IND300T-9,"https://www.sevenfive.co.th/en/files/product/original/PRD17559203784.jpg, https://www.sevenfive.co.th/en/files/product/original/PRD175592037934.jpg, https://www.sevenfive.co.th/en/files/product/original/PRD175592037979.jpg, https://www.sevenfive.co.th/en/files/product/original/PRD175653883878.jpg"
LKK2-IND350BK-10,"https://www.sevenfive.co.th/en/files/product/original/PRD175592038043.jpg, https://www.sevenfive.co.th/en/files/product/original/PRD175592038092.jpg, https://www.sevenfive.co.th/en/files/product/original/PRD175653883987.jpg"
LKK2-IND350BK-11,"https://www.sevenfive.co.th/en/files/product/original/PRD175592038157.jpg, https://www.sevenfive.co.th/en/files/product/original/PRD17559203818.jpg, https://www.sevenfive.co.th/en/files/product/original/PRD175592038244.jpg, https://www.sevenfive.co.th/en/files/product/original/PRD175653883959.jpg"
LKK2-IND350BK-13,"https://www.sevenfive.co.th/en/files/product/original/PRD175592038290.jpg, https://www.sevenfive.co.th/en/files/product/original/PRD175592038325.jpg, https://www.sevenfive.co.th/en/files/product/original/PRD175592038480.jpg, https://www.sevenfive.co.th/en/files/product/original/PRD175653883928.jpg"
LKK2-IND350BK-15,"https://www.sevenfive.co.th/en/files/product/original/PRD175592038477.jpg, https://www.sevenfive.co.th/en/files/product/original/PRD175592038548.jpg, https://www.sevenfive.co.th/en/files/product/original/PRD175592038598.jpg, https://www.sevenfive.co.th/en/files/product/original/PRD175653884036.jpg"
LKK2-IND350BK-17,"https://www.sevenfive.co.th/en/files/product/original/PRD17559203864.jpg, https://www.sevenfive.co.th/en/files/product/original/PRD175592038684.jpg, https://www.sevenfive.co.th/en/files/product/original/PRD175653884029.jpg"
LKK2-IND350BK-20,"https://www.sevenfive.co.th/en/files/product/original/PRD175592038720.jpg, https://www.sevenfive.co.th/en/files/product/original/PRD175592038813.jpg, https://www.sevenfive.co.th/en/files/product/original/PRD175592038973.jpg, https://www.sevenfive.co.th/en/files/product/original/PRD175653884144.jpg"
LKK2-IND350BK-3,"https://www.sevenfive.co.th/en/files/product/original/PRD175592039024.jpg, https://www.sevenfive.co.th/en/files/product/original/PRD175592039064.jpg, https://www.sevenfive.co.th/en/files/product/original/PRD175592039170.jpg, https://www.sevenfive.co.th/en/files/product/original/PRD175653884241.jpg"
LKK2-IND350BK-4,"https://www.sevenfive.co.th/en/files/product/original/PRD175592039196.jpg, https://www.sevenfive.co.th/en/files/product/original/PRD175592039289.jpg, https://www.sevenfive.co.th/en/files/product/original/PRD175653884298.jpg"
LKK2-IND350BK-5,"https://www.sevenfive.co.th/en/files/product/original/PRD175592039343.jpg, https://www.sevenfive.co.th/en/files/product/original/PRD175592039380.jpg, https://www.sevenfive.co.th/en/files/product/original/PRD175592039439.jpg, https://www.sevenfive.co.th/en/files/product/original/PRD175653884379.jpg"
LKK2-IND350BK-6,"https://www.sevenfive.co.th/en/files/product/original/PRD175592039435.jpg, https://www.sevenfive.co.th/en/files/product/original/PRD175592039515.jpg, https://www.sevenfive.co.th/en/files/product/original/PRD175592039562.jpg, https://www.sevenfive.co.th/en/files/product/original/PRD17565388437.jpg"
LKK2-IND350BK-7,"https://www.sevenfive.co.th/en/files/product/original/PRD17559203961.jpg, https://www.sevenfive.co.th/en/files/product/original/PRD175592039638.jpg, https://www.sevenfive.co.th/en/files/product/original/PRD175592039769.jpg, https://www.sevenfive.co.th/en/files/product/original/PRD175653884472.jpg"
LKK2-IND350BK-8,"https://www.sevenfive.co.th/en/files/product/original/PRD175592039889.jpg, https://www.sevenfive.co.th/en/files/product/original/PRD17559203989.jpg, https://www.sevenfive.co.th/en/files/product/original/PRD175592039961.jpg, https://www.sevenfive.co.th/en/files/product/original/PRD175653884495.jpg"
LKK2-IND350K-10,"https://www.sevenfive.co.th/en/files/product/original/PRD17559203992.jpg, https://www.sevenfive.co.th/en/files/product/original/PRD175592040026.jpg, https://www.sevenfive.co.th/en/files/product/original/PRD175653884512.jpg"
LKK2-IND350K-11,"https://www.sevenfive.co.th/en/files/product/original/PRD175592040122.jpg, https://www.sevenfive.co.th/en/files/product/original/PRD175592040193.jpg, https://www.sevenfive.co.th/en/files/product/original/PRD175592040218.jpg, https://www.sevenfive.co.th/en/files/product/original/PRD175653884536.jpg"
LKK2-IND350K-12,"https://www.sevenfive.co.th/en/files/product/original/PRD175592040410.jpg, https://www.sevenfive.co.th/en/files/product/original/PRD175592040879.jpg, https://www.sevenfive.co.th/en/files/product/original/PRD175592041098.jpg, https://www.sevenfive.co.th/en/files/product/original/PRD17565388468.jpg"
LKK2-IND350K-13,"https://www.sevenfive.co.th/en/files/product/original/PRD175592041110.jpg, https://www.sevenfive.co.th/en/files/product/original/PRD175592041150.jpg, https://www.sevenfive.co.th/en/files/product/original/PRD175592041215.jpg, https://www.sevenfive.co.th/en/files/product/original/PRD175653884657.jpg"
LKK2-IND350K-15,"https://www.sevenfive.co.th/en/files/product/original/PRD175592041275.jpg, https://www.sevenfive.co.th/en/files/product/original/PRD175592041323.jpg, https://www.sevenfive.co.th/en/files/product/original/PRD17565388478.jpg"
LKK2-IND350K-4,"https://www.sevenfive.co.th/en/files/product/original/PRD175592041446.jpg, https://www.sevenfive.co.th/en/files/product/original/PRD175592041565.jpg, https://www.sevenfive.co.th/en/files/product/original/PRD175592041571.jpg, https://www.sevenfive.co.th/en/files/product/original/PRD175653884738.jpg"
LKK2-IND350K-5,"https://www.sevenfive.co.th/en/files/product/original/PRD175592041757.jpg, https://www.sevenfive.co.th/en/files/product/original/PRD175592041882.jpg, https://www.sevenfive.co.th/en/files/product/original/PRD175653884828.jpg"
LKK2-IND350K-6,"https://www.sevenfive.co.th/en/files/product/original/PRD175592042149.jpg, https://www.sevenfive.co.th/en/files/product/original/PRD175592042255.jpg, https://www.sevenfive.co.th/en/files/product/original/PRD175592042359.jpg, https://www.sevenfive.co.th/en/files/product/original/PRD175653884899.jpg"
LKK2-IND350K-7,"https://www.sevenfive.co.th/en/files/product/original/PRD175592042316.jpg, https://www.sevenfive.co.th/en/files/product/original/PRD175592042470.jpg, https://www.sevenfive.co.th/en/files/product/original/PRD175653884948.jpg"
LKK2-IND350K-8,"https://www.sevenfive.co.th/en/files/product/original/PRD175592042493.jpg, https://www.sevenfive.co.th/en/files/product/original/PRD175592042553.jpg, https://www.sevenfive.co.th/en/files/product/original/PRD17559204256.jpg, https://www.sevenfive.co.th/en/files/product/original/PRD175653884947.jpg"
LKK2-IND350K-9,"https://www.sevenfive.co.th/en/files/product/original/PRD175592042652.jpg, https://www.sevenfive.co.th/en/files/product/original/PRD175592042699.jpg, https://www.sevenfive.co.th/en/files/product/original/PRD17559204276.jpg, https://www.sevenfive.co.th/en/files/product/original/PRD175653884935.jpg"
LKK2-IND350T-14,"https://www.sevenfive.co.th/en/files/product/original/PRD175592044121.jpg, https://www.sevenfive.co.th/en/files/product/original/PRD175592044130.jpg, https://www.sevenfive.co.th/en/files/product/original/PRD175592044280.jpg, https://www.sevenfive.co.th/en/files/product/original/PRD175653885413.jpg"
LKK2-IND350T-2,"https://www.sevenfive.co.th/en/files/product/original/PRD175592044235.jpg, https://www.sevenfive.co.th/en/files/product/original/PRD175592044385.jpg, https://www.sevenfive.co.th/en/files/product/original/PRD175653885471.jpg"
LKK2-IND350T-3,"https://www.sevenfive.co.th/en/files/product/original/PRD175592044337.jpg, https://www.sevenfive.co.th/en/files/product/original/PRD175592044458.jpg, https://www.sevenfive.co.th/en/files/product/original/PRD175653885564.jpg"
LKK2-IND350T-4,"https://www.sevenfive.co.th/en/files/product/original/PRD175592044560.jpg, https://www.sevenfive.co.th/en/files/product/original/PRD17559204457.jpg, https://www.sevenfive.co.th/en/files/product/original/PRD175592044614.jpg, https://www.sevenfive.co.th/en/files/product/original/PRD175653885557.jpg"
LKK2-IND350T-6,"https://www.sevenfive.co.th/en/files/product/original/PRD175592044748.jpg, https://www.sevenfive.co.th/en/files/product/original/PRD175592044760.jpg, https://www.sevenfive.co.th/en/files/product/original/PRD175592044841.jpg, https://www.sevenfive.co.th/en/files/product/original/PRD175653885633.jpg"
LKK2-IND350T-9,"https://www.sevenfive.co.th/en/files/product/original/PRD17559204506.jpg, https://www.sevenfive.co.th/en/files/product/original/PRD175592045075.jpg, https://www.sevenfive.co.th/en/files/product/original/PRD175592045198.jpg, https://www.sevenfive.co.th/en/files/product/original/PRD175653885795.jpg"
LKK2-IND350W-10,"https://www.sevenfive.co.th/en/files/product/original/PRD175592045195.jpg, https://www.sevenfive.co.th/en/files/product/original/PRD175592045244.jpg, https://www.sevenfive.co.th/en/files/product/original/PRD175592045282.jpg, https://www.sevenfive.co.th/en/files/product/original/PRD175653885775.jpg"
LKK2-IND350W-11,"https://www.sevenfive.co.th/en/files/product/original/PRD17559204530.jpg, https://www.sevenfive.co.th/en/files/product/original/PRD175592045336.jpg, https://www.sevenfive.co.th/en/files/product/original/PRD175592045421.jpg, https://www.sevenfive.co.th/en/files/product/original/PRD175653885823.jpg"
LKK2-IND350W-12,"https://www.sevenfive.co.th/en/files/product/original/PRD175592045443.jpg, https://www.sevenfive.co.th/en/files/product/original/PRD175592045527.jpg, https://www.sevenfive.co.th/en/files/product/original/PRD175592045578.jpg, https://www.sevenfive.co.th/en/files/product/original/PRD17565388580.jpg"
LKK2-IND350W-13,"https://www.sevenfive.co.th/en/files/product/original/PRD175592045627.jpg, https://www.sevenfive.co.th/en/files/product/original/PRD175592045678.jpg, https://www.sevenfive.co.th/en/files/product/original/PRD175592045778.jpg, https://www.sevenfive.co.th/en/files/product/original/PRD175653885999.jpg"
LKK2-IND350W-14,"https://www.sevenfive.co.th/en/files/product/original/PRD175592045778.jpg, https://www.sevenfive.co.th/en/files/product/original/PRD175592045818.jpg, https://www.sevenfive.co.th/en/files/product/original/PRD175592045819.jpg, https://www.sevenfive.co.th/en/files/product/original/PRD175653885988.jpg"
LKK2-IND350W-16,"https://www.sevenfive.co.th/en/files/product/original/PRD175592045923.jpg, https://www.sevenfive.co.th/en/files/product/original/PRD175592045947.jpg, https://www.sevenfive.co.th/en/files/product/original/PRD175592046030.jpg, https://www.sevenfive.co.th/en/files/product/original/PRD175653886012.jpg"
LKK2-IND350W-17,"https://www.sevenfive.co.th/en/files/product/original/PRD175592046064.jpg, https://www.sevenfive.co.th/en/files/product/original/PRD175592046114.jpg, https://www.sevenfive.co.th/en/files/product/original/PRD175592046244.jpg, https://www.sevenfive.co.th/en/files/product/original/PRD175653886182.jpg"
LKK2-IND350W-4,"https://www.sevenfive.co.th/en/files/product/original/PRD17559204625.jpg, https://www.sevenfive.co.th/en/files/product/original/PRD175592046346.jpg, https://www.sevenfive.co.th/en/files/product/original/PRD175592046457.jpg, https://www.sevenfive.co.th/en/files/product/original/PRD175653886190.jpg"
LKK2-IND350W-5,"https://www.sevenfive.co.th/en/files/product/original/PRD175592046427.jpg, https://www.sevenfive.co.th/en/files/product/original/PRD175592046569.jpg, https://www.sevenfive.co.th/en/files/product/original/PRD175653886233.jpg"
LKK2-IND350W-6,"https://www.sevenfive.co.th/en/files/product/original/PRD175592046533.jpg, https://www.sevenfive.co.th/en/files/product/original/PRD175592046632.jpg, https://www.sevenfive.co.th/en/files/product/original/PRD175653886285.jpg"
LKK2-IND350W-7,"https://www.sevenfive.co.th/en/files/product/original/PRD175592046795.jpg, https://www.sevenfive.co.th/en/files/product/original/PRD17559204686.jpg, https://www.sevenfive.co.th/en/files/product/original/PRD175653886299.jpg"
LKK2-IND350W-8,"https://www.sevenfive.co.th/en/files/product/original/PRD175592046853.jpg, https://www.sevenfive.co.th/en/files/product/original/PRD175592046993.jpg, https://www.sevenfive.co.th/en/files/product/original/PRD175653886350.jpg"
LKK2-IND350W-9,"https://www.sevenfive.co.th/en/files/product/original/PRD17559204694.jpg, https://www.sevenfive.co.th/en/files/product/original/PRD175592047022.jpg, https://www.sevenfive.co.th/en/files/product/original/PRD175592047173.jpg, https://www.sevenfive.co.th/en/files/product/original/PRD175653886368.jpg"
LKK2-IND500T-11,"https://www.sevenfive.co.th/en/files/product/original/PRD175592047151.jpg, https://www.sevenfive.co.th/en/files/product/original/PRD175592047262.jpg, https://www.sevenfive.co.th/en/files/product/original/PRD175592047298.jpg, https://www.sevenfive.co.th/en/files/product/original/PRD175653886431.jpg"
LKK2-IND500T-12,"https://www.sevenfive.co.th/en/files/product/original/PRD175592047320.jpg, https://www.sevenfive.co.th/en/files/product/original/PRD175592047342.jpg, https://www.sevenfive.co.th/en/files/product/original/PRD175592047422.jpg, https://www.sevenfive.co.th/en/files/product/original/PRD175653886475.jpg"
LKK2-IND500T-13,"https://www.sevenfive.co.th/en/files/product/original/PRD175592047487.jpg, https://www.sevenfive.co.th/en/files/product/original/PRD175592047575.jpg, https://www.sevenfive.co.th/en/files/product/original/PRD175592047593.jpg, https://www.sevenfive.co.th/en/files/product/original/PRD175653886568.jpg"
LKK2-IND500T-15,"https://www.sevenfive.co.th/en/files/product/original/PRD175592047657.jpg, https://www.sevenfive.co.th/en/files/product/original/PRD175592047782.jpg, https://www.sevenfive.co.th/en/files/product/original/PRD17559204779.jpg, https://www.sevenfive.co.th/en/files/product/original/PRD17565388654.jpg"
LKK2-IND500T-2,"https://www.sevenfive.co.th/en/files/product/original/PRD175592047815.jpg, https://www.sevenfive.co.th/en/files/product/original/PRD175592047877.jpg, https://www.sevenfive.co.th/en/files/product/original/PRD17559204791.jpg, https://www.sevenfive.co.th/en/files/product/original/PRD175653886674.jpg"
LKK2-IND500T-6,"https://www.sevenfive.co.th/en/files/product/original/PRD175592047933.jpg, https://www.sevenfive.co.th/en/files/product/original/PRD175592048046.jpg, https://www.sevenfive.co.th/en/files/product/original/PRD175653886799.jpg"
LKK2-IND500T-8,"https://www.sevenfive.co.th/en/files/product/original/PRD175592048037.jpg, https://www.sevenfive.co.th/en/files/product/original/PRD175592048115.jpg, https://www.sevenfive.co.th/en/files/product/original/PRD175592048120.jpg, https://www.sevenfive.co.th/en/files/product/original/PRD175653886759.jpg"
LKK2-IND500T-9,"https://www.sevenfive.co.th/en/files/product/original/PRD175592048240.jpg, https://www.sevenfive.co.th/en/files/product/original/PRD175592048242.jpg, https://www.sevenfive.co.th/en/files/product/original/PRD175592048354.jpg, https://www.sevenfive.co.th/en/files/product/original/PRD175653886886.jpg"
LKK2-IND500W-11,"https://www.sevenfive.co.th/en/files/product/original/PRD175592048347.jpg, https://www.sevenfive.co.th/en/files/product/original/PRD17559204841.jpg, https://www.sevenfive.co.th/en/files/product/original/PRD175592048425.jpg, https://www.sevenfive.co.th/en/files/product/original/PRD175653886832.jpg"
LKK2-IND500W-12,"https://www.sevenfive.co.th/en/files/product/original/PRD175592048585.jpg, https://www.sevenfive.co.th/en/files/product/original/PRD175592048599.jpg, https://www.sevenfive.co.th/en/files/product/original/PRD175653886973.jpg"
LKK2-IND500W-13,"https://www.sevenfive.co.th/en/files/product/original/PRD175592048686.jpg, https://www.sevenfive.co.th/en/files/product/original/PRD175592048712.jpg, https://www.sevenfive.co.th/en/files/product/original/PRD175592048748.jpg, https://www.sevenfive.co.th/en/files/product/original/PRD175653886940.jpg"
LKK2-IND500W-2,"https://www.sevenfive.co.th/en/files/product/original/PRD175592048834.jpg, https://www.sevenfive.co.th/en/files/product/original/PRD175592048898.jpg, https://www.sevenfive.co.th/en/files/product/original/PRD175592048983.jpg, https://www.sevenfive.co.th/en/files/product/original/PRD175653887048.jpg"
LKK2-IND500W-6,"https://www.sevenfive.co.th/en/files/product/original/PRD175592049015.jpg, https://www.sevenfive.co.th/en/files/product/original/PRD175592049199.jpg, https://www.sevenfive.co.th/en/files/product/original/PRD175653887014.jpg"
LKK2-IND500W-7,"https://www.sevenfive.co.th/en/files/product/original/PRD175592049268.jpg, https://www.sevenfive.co.th/en/files/product/original/PRD175592049270.jpg, https://www.sevenfive.co.th/en/files/product/original/PRD175592049399.jpg, https://www.sevenfive.co.th/en/files/product/original/PRD175653887167.jpg"
LKK2-IND500W-8,"https://www.sevenfive.co.th/en/files/product/original/PRD175592049315.jpg, https://www.sevenfive.co.th/en/files/product/original/PRD175592049420.jpg, https://www.sevenfive.co.th/en/files/product/original/PRD175592049477.jpg, https://www.sevenfive.co.th/en/files/product/original/PRD175653887166.jpg"
LKK2-IND500W-9,"https://www.sevenfive.co.th/en/files/product/original/PRD175592049551.jpg, https://www.sevenfive.co.th/en/files/product/original/PRD175592049587.jpg, https://www.sevenfive.co.th/en/files/product/original/PRD175592049682.jpg, https://www.sevenfive.co.th/en/files/product/original/PRD175653887264.jpg"
LKK2-SWITCH(PL2),"https://www.sevenfive.co.th/en/files/product/original/PRD175592067179.jpg, https://www.sevenfive.co.th/en/files/product/original/PRD175592067263.jpg, https://www.sevenfive.co.th/en/files/product/original/PRD175592067383.jpg, https://www.sevenfive.co.th/en/files/product/original/PRD175653892984.jpg"
PIM2-70200700955,"https://www.sevenfive.co.th/en/files/product/original/PRD175522487626.jpg, https://www.sevenfive.co.th/en/files/product/original/PRD175522487685.jpg, https://www.sevenfive.co.th/en/files/product/original/PRD175522487819.jpg, https://www.sevenfive.co.th/en/files/product/original/PRD175522487828.jpg, https://www.sevenfive.co.th/en/files/product/original/PRD175522488020.jpg"
SEV2-00342,"https://www.sevenfive.co.th/en/files/product/original/PRD175835900951.jpg, https://www.sevenfive.co.th/en/files/product/original/PRD17583590099.jpg, https://www.sevenfive.co.th/en/files/product/original/PRD17583590101.jpg"
SEV2-00343,"https://www.sevenfive.co.th/en/files/product/original/PRD17583590101.jpg, https://www.sevenfive.co.th/en/files/product/original/PRD175835901144.jpg"
SEV2-00345,"https://www.sevenfive.co.th/en/files/product/original/PRD17583590139.jpg, https://www.sevenfive.co.th/en/files/product/original/PRD175835901469.jpg, https://www.sevenfive.co.th/en/files/product/original/PRD175835901488.jpg, https://www.sevenfive.co.th/en/files/product/original/PRD17583590152.jpg, https://www.sevenfive.co.th/en/files/product/original/PRD175835901681.jpg"
SEV2-00346,"https://www.sevenfive.co.th/en/files/product/original/PRD17583590170.jpg, https://www.sevenfive.co.th/en/files/product/original/PRD175835901791.jpg, https://www.sevenfive.co.th/en/files/product/original/PRD175835901924.jpg, https://www.sevenfive.co.th/en/files/product/original/PRD175835901934.jpg, https://www.sevenfive.co.th/en/files/product/original/PRD175835902028.jpg"
SEV2-00347,"https://www.sevenfive.co.th/en/files/product/original/PRD175835902118.jpg, https://www.sevenfive.co.th/en/files/product/original/PRD175835902236.jpg, https://www.sevenfive.co.th/en/files/product/original/PRD175835902321.jpg"
SEV2-00350,"https://www.sevenfive.co.th/en/files/product/original/PRD175835902991.jpg, https://www.sevenfive.co.th/en/files/product/original/PRD175835903047.jpg, https://www.sevenfive.co.th/en/files/product/original/PRD175835903075.jpg"
SEV2-00351,"https://www.sevenfive.co.th/en/files/product/original/PRD175835903199.jpg, https://www.sevenfive.co.th/en/files/product/original/PRD175835903235.jpg, https://www.sevenfive.co.th/en/files/product/original/PRD175835903253.jpg, https://www.sevenfive.co.th/en/files/product/original/PRD175835903255.jpg, https://www.sevenfive.co.th/en/files/product/original/PRD175835903379.jpg"
SEV2-00352,"https://www.sevenfive.co.th/en/files/product/original/PRD175835903381.jpg, https://www.sevenfive.co.th/en/files/product/original/PRD175835903448.jpg, https://www.sevenfive.co.th/en/files/product/original/PRD175835903485.jpg, https://www.sevenfive.co.th/en/files/product/original/PRD175835903519.jpg, https://www.sevenfive.co.th/en/files/product/original/PRD175835903580.jpg"
SEV2-00357,"https://www.sevenfive.co.th/en/files/product/original/PRD175835903913.jpg, https://www.sevenfive.co.th/en/files/product/original/PRD175835904046.jpg, https://www.sevenfive.co.th/en/files/product/original/PRD175835904051.jpg, https://www.sevenfive.co.th/en/files/product/original/PRD175835904176.jpg"
TBA2-12038HB,"https://www.sevenfive.co.th/en/files/product/original/PRD175592582442.jpg, https://www.sevenfive.co.th/en/files/product/original/PRD175592582649.jpg, https://www.sevenfive.co.th/en/files/product/original/PRD175592582777.jpg, https://www.sevenfive.co.th/en/files/product/original/PRD175653907568.jpg"
TBA2-A120908801,"https://www.sevenfive.co.th/en/files/product/original/PRD17559258414.jpg, https://www.sevenfive.co.th/en/files/product/original/PRD175592584222.jpg, https://www.sevenfive.co.th/en/files/product/original/PRD17559258437.jpg, https://www.sevenfive.co.th/en/files/product/original/PRD175653907975.jpg"
TBA2-G2F1900106,"https://www.sevenfive.co.th/en/files/product/original/PRD175592586610.jpg, https://www.sevenfive.co.th/en/files/product/original/PRD175592586671.jpg, https://www.sevenfive.co.th/en/files/product/original/PRD175592586731.jpg, https://www.sevenfive.co.th/en/files/product/original/PRD175592586760.jpg, https://www.sevenfive.co.th/en/files/product/original/PRD175592586946.jpg, https://www.sevenfive.co.th/en/files/product/original/PRD175653908548.jpg"
TBA2-G8R7400804,"https://www.sevenfive.co.th/en/files/product/original/PRD175592587577.jpg, https://www.sevenfive.co.th/en/files/product/original/PRD175592587620.jpg, https://www.sevenfive.co.th/en/files/product/original/PRD175653908848.jpg"
TBA2-HYE55Y63,"https://www.sevenfive.co.th/en/files/product/original/PRD175592587653.jpg, https://www.sevenfive.co.th/en/files/product/original/PRD175592587873.jpg, https://www.sevenfive.co.th/en/files/product/original/PRD175592587912.jpg, https://www.sevenfive.co.th/en/files/product/original/PRD17565390884.jpg"
TBA2-KG1202L100,"https://www.sevenfive.co.th/en/files/product/original/PRD175592598090.jpg, https://www.sevenfive.co.th/en/files/product/original/PRD175592598091.jpg, https://www.sevenfive.co.th/en/files/product/original/PRD175592598243.jpg, https://www.sevenfive.co.th/en/files/product/original/PRD175592598265.jpg, https://www.sevenfive.co.th/en/files/product/original/PRD175653911854.jpg"
TBA2-KG1502L100,"https://www.sevenfive.co.th/en/files/product/original/PRD175592598421.jpg, https://www.sevenfive.co.th/en/files/product/original/PRD175592598447.jpg, https://www.sevenfive.co.th/en/files/product/original/PRD175592598676.jpg, https://www.sevenfive.co.th/en/files/product/original/PRD175592598696.jpg, https://www.sevenfive.co.th/en/files/product/original/PRD175653911889.jpg"
TBA2-NTC005HP,"https://www.sevenfive.co.th/en/files/product/original/PRD175592603747.jpg, https://www.sevenfive.co.th/en/files/product/original/PRD175592603837.jpg, https://www.sevenfive.co.th/en/files/product/original/PRD175592603892.jpg, https://www.sevenfive.co.th/en/files/product/original/PRD175653913950.jpg"
TBA2-PZT8SNH101,"https://www.sevenfive.co.th/en/files/product/original/PRD175592604066.jpg, https://www.sevenfive.co.th/en/files/product/original/PRD175592604093.jpg, https://www.sevenfive.co.th/en/files/product/original/PRD175592604098.jpg, https://www.sevenfive.co.th/en/files/product/original/PRD175592604298.jpg, https://www.sevenfive.co.th/en/files/product/original/PRD175592604495.jpg, https://www.sevenfive.co.th/en/files/product/original/PRD175653914183.jpg"
TBA2-S120920100,"https://www.sevenfive.co.th/en/files/product/original/PRD175592604584.jpg, https://www.sevenfive.co.th/en/files/product/original/PRD17559260467.jpg, https://www.sevenfive.co.th/en/files/product/original/PRD175592604713.jpg, https://www.sevenfive.co.th/en/files/product/original/PRD175653914286.jpg"
TBA2-T05AAE0010-CURTAIN,"https://www.sevenfive.co.th/en/files/product/original/PRD175592605711.jpg, https://www.sevenfive.co.th/en/files/product/original/PRD175592605861.jpg, https://www.sevenfive.co.th/en/files/product/original/PRD175592605963.jpg, https://www.sevenfive.co.th/en/files/product/original/PRD175653914563.jpg"
TBA2-T07K002000,"https://www.sevenfive.co.th/en/files/product/original/PRD175592607318.jpg, https://www.sevenfive.co.th/en/files/product/original/PRD175592607330.jpg, https://www.sevenfive.co.th/en/files/product/original/PRD175592607595.jpg, https://www.sevenfive.co.th/en/files/product/original/PRD175592607610.jpg, https://www.sevenfive.co.th/en/files/product/original/PRD17565391528.jpg"
NTS1-CD-11L-04,"https://www.sevenfive.co.th/en/files/product/original/PRD7a5f8aaa0fa49b1d1ebe70421ca8ac89.jpg, https://www.sevenfive.co.th/en/files/product/original/PRDbc59b294e5190e5f11c00b59f81a5ee4.jpg"
TOA2-1000105,"https://www.sevenfive.co.th/en/files/product/original/PRD176639064814.jpg, https://www.sevenfive.co.th/en/files/product/original/PRD704a66aecddf153c4f5746e84c767fe7.jpg"
ROE2-507341S,"https://www.sevenfive.co.th/en/files/product/original/PRD176067149153.jpg, https://www.sevenfive.co.th/en/files/product/original/PRD821436e0c240f1cb3cb08073f2253d3d.jpg"
MBM2-RTCU700274,"https://www.sevenfive.co.th/en/files/product/original/PRD176604796420.jpg, https://www.sevenfive.co.th/en/files/product/original/PRDb42931de1e7470c12e62ed3e840fe1fd.jpg"
PUJ1-209.020A,"https://www.sevenfive.co.th/en/files/product/original/PRD17593745867.jpg, https://www.sevenfive.co.th/en/files/product/original/PRD175937458679.jpg"
PUJ1-209.024A,"https://www.sevenfive.co.th/en/files/product/original/PRD175937458641.jpg, https://www.sevenfive.co.th/en/files/product/original/PRD175937458770.jpg"
PUJ1-209.028A,"https://www.sevenfive.co.th/en/files/product/original/PRD175937458768.jpg, https://www.sevenfive.co.th/en/files/product/original/PRD175937458782.jpg"
PUJ1-490.016G,"https://www.sevenfive.co.th/en/files/product/original/PRD175937458927.jpg, https://www.sevenfive.co.th/en/files/product/original/PRD176897279057.jpg"
PUJ1-144.420,"https://www.sevenfive.co.th/en/files/product/original/PRD175937458244.jpg, https://www.sevenfive.co.th/en/files/product/original/PRD176897279040.jpg"
PUJ1-144.424,"https://www.sevenfive.co.th/en/files/product/original/PRD175937458399.jpg, https://www.sevenfive.co.th/en/files/product/original/PRD17689727902.jpg"
PUJ1-141.028B,"https://www.sevenfive.co.th/en/files/product/original/PRD175937457615.jpg, https://www.sevenfive.co.th/en/files/product/original/PRD17689727898.jpg"
LKK1-EB-2F,"https://www.sevenfive.co.th/en/files/product/original/PRD176067148874.jpg, https://www.sevenfive.co.th/en/files/product/original/PRD17678587662.jpg, https://www.sevenfive.co.th/en/files/product/original/PRD176785876635.jpg"
PIM1-BA-CR,"https://www.sevenfive.co.th/en/files/product/original/PRD6c5d644493a70026a1483bef582bd4b0.jpg, https://www.sevenfive.co.th/en/files/product/original/PRDd8e14c2271c0b4475f69da516c7db5df.jpg"
PIM1-CHL12-2D-L-750MM,"https://www.sevenfive.co.th/en/files/product/original/PRD17599007533.jpg, https://www.sevenfive.co.th/en/files/product/original/PRD176128468224.jpg"
PIM1-CHL15-2D-L-750MM,"https://www.sevenfive.co.th/en/files/product/original/PRD175990075347.jpg, https://www.sevenfive.co.th/en/files/product/original/PRD17612846825.jpg"
PIM1-CHL18-3D-L-750MM,"https://www.sevenfive.co.th/en/files/product/original/PRD175990075354.jpg, https://www.sevenfive.co.th/en/files/product/original/PRD176128468287.jpg"
PIM1-CHL43-2D-L,"https://www.sevenfive.co.th/en/files/product/original/PRD175990075484.jpg, https://www.sevenfive.co.th/en/files/product/original/PRD176128468283.jpg"
PIM1-FRZ18-3D-L-750MM,"https://www.sevenfive.co.th/en/files/product/original/PRD17599007555.jpg, https://www.sevenfive.co.th/en/files/product/original/PRD176128468310.jpg"
PIM1-FRZ43-2D-L,"https://www.sevenfive.co.th/en/files/product/original/PRD175990075573.jpg, https://www.sevenfive.co.th/en/files/product/original/PRD176128468348.jpg"
SEV2-00403,"https://www.sevenfive.co.th/en/files/product/original/PRD3db5a51e5817b4494041388bdaa9ccd8.jpg, https://www.sevenfive.co.th/en/files/product/original/PRD53a6a72b132acdf9e6ed32e55ddcecc0.jpg, https://www.sevenfive.co.th/en/files/product/original/PRDff72b62be9245b18b29e289bfe0733d8.jpg"
PIM2-301040898,"https://www.sevenfive.co.th/en/files/product/original/PRD176889926754.jpg, https://www.sevenfive.co.th/en/files/product/original/PRD176889926789.jpg, https://www.sevenfive.co.th/en/files/product/original/PRD176889926842.jpg"
KTC1-189-001,"https://www.sevenfive.co.th/en/files/product/original/PRD6c97d4ecbd4a911ab04c65be1971d4fa.jpg, https://www.sevenfive.co.th/en/files/product/original/PRDedc8765bfd58e372610a6014e35971e2.jpg"
HAM1-6126-HBF600R,"https://www.sevenfive.co.th/en/files/product/original/PRD176181725251.jpg, https://www.sevenfive.co.th/en/files/product/original/PRD176604796251.jpg"
HAM2-990182200,"https://www.sevenfive.co.th/en/files/product/original/PRD176181725338.jpg, https://www.sevenfive.co.th/en/files/product/original/PRD176604796212.jpg"
TOA2-1700563,"https://www.sevenfive.co.th/en/files/product/original/PRD176285111271.jpg, https://www.sevenfive.co.th/en/files/product/original/PRD176639064968.jpg"
TOA2-1850191,"https://www.sevenfive.co.th/en/files/product/original/PRD176285111395.jpg, https://www.sevenfive.co.th/en/files/product/original/PRD176639064942.jpg"
TOA2-S1170337,"https://www.sevenfive.co.th/en/files/product/original/PRD176285111355.jpg, https://www.sevenfive.co.th/en/files/product/original/PRD17663906503.jpg"
PIM2-SM-20L-101,"https://www.sevenfive.co.th/en/files/product/original/PRD176864105561.jpg, https://www.sevenfive.co.th/en/files/product/original/PRD176864105611.jpg, https://www.sevenfive.co.th/en/files/product/original/PRD176864105697.jpg"
PIM2-SM-30L-40L-101,"https://www.sevenfive.co.th/en/files/product/original/PRD176864105725.jpg, https://www.sevenfive.co.th/en/files/product/original/PRD17686410578.jpg, https://www.sevenfive.co.th/en/files/product/original/PRD176864105781.jpg"
PIM2-SM-20L-102,"https://www.sevenfive.co.th/en/files/product/original/PRD42712c7a4ae319adfea4a44cb75dc40f.jpg, https://www.sevenfive.co.th/en/files/product/original/PRDaa05f0183310dc798596bc4b8d80a31a.jpg, https://www.sevenfive.co.th/en/files/product/original/PRDfb77d6dbe46d2b437a7bb474032ad300.jpg"
PIM2-SM-30L-102,"https://www.sevenfive.co.th/en/files/product/original/PRD176864105631.jpg, https://www.sevenfive.co.th/en/files/product/original/PRD176864105650.jpg, https://www.sevenfive.co.th/en/files/product/original/PRD176864105686.jpg"
PIM2-SM-40L-102,"https://www.sevenfive.co.th/en/files/product/original/PRD176864105724.jpg, https://www.sevenfive.co.th/en/files/product/original/PRD176864105820.jpg, https://www.sevenfive.co.th/en/files/product/original/PRD176864105884.jpg"
PIM2-SM20-40L-107,"https://www.sevenfive.co.th/en/files/product/original/PRD176864106356.jpg, https://www.sevenfive.co.th/en/files/product/original/PRD176864106430.jpg, https://www.sevenfive.co.th/en/files/product/original/PRD176864106455.jpg"
PIM2-SM20-40L-108,"https://www.sevenfive.co.th/en/files/product/original/PRD176864106485.jpg, https://www.sevenfive.co.th/en/files/product/original/PRD176864106489.jpg, https://www.sevenfive.co.th/en/files/product/original/PRD176864106584.jpg"
PIM2-SM20-40L-109,"https://www.sevenfive.co.th/en/files/product/original/PRD176864106526.jpg, https://www.sevenfive.co.th/en/files/product/original/PRD176864106547.jpg, https://www.sevenfive.co.th/en/files/product/original/PRD176864106595.jpg, https://www.sevenfive.co.th/en/files/product/original/PRD176864106617.jpg, https://www.sevenfive.co.th/en/files/product/original/PRD176864106639.jpg"
PIM2-SM20-40L-211,"https://www.sevenfive.co.th/en/files/product/original/PRD176889929936.jpg, https://www.sevenfive.co.th/en/files/product/original/PRD176889930025.jpg, https://www.sevenfive.co.th/en/files/product/original/PRD17688993004.jpg"
PIM2-SM20-40L-212,"https://www.sevenfive.co.th/en/files/product/original/PRD176889788741.jpg, https://www.sevenfive.co.th/en/files/product/original/PRD176889788783.jpg, https://www.sevenfive.co.th/en/files/product/original/PRD176889930099.jpg"
PIM2-SM20-40L-223,"https://www.sevenfive.co.th/en/files/product/original/PRD176864106611.jpg, https://www.sevenfive.co.th/en/files/product/original/PRD176864106634.jpg"
PIM2-SM20-40L-225,"https://www.sevenfive.co.th/en/files/product/original/PRD176864106727.jpg, https://www.sevenfive.co.th/en/files/product/original/PRD176864106743.jpg"
PIM2-SM-50L-60L-101,"https://www.sevenfive.co.th/en/files/product/original/PRD176864105834.jpg, https://www.sevenfive.co.th/en/files/product/original/PRD176864105865.jpg, https://www.sevenfive.co.th/en/files/product/original/PRD176864105978.jpg"
PIM2-SM-50L-60L-102,"https://www.sevenfive.co.th/en/files/product/original/PRD176864105916.jpg, https://www.sevenfive.co.th/en/files/product/original/PRD176864105926.jpg, https://www.sevenfive.co.th/en/files/product/original/PRD176864105990.jpg"
PIM2-SM-50L-60L-107,"https://www.sevenfive.co.th/en/files/product/original/PRD17686410602.jpg, https://www.sevenfive.co.th/en/files/product/original/PRD176864106054.jpg, https://www.sevenfive.co.th/en/files/product/original/PRD176864106057.jpg"
PIM2-SM-50L-60L-108,"https://www.sevenfive.co.th/en/files/product/original/PRD176864106087.jpg, https://www.sevenfive.co.th/en/files/product/original/PRD176864106142.jpg, https://www.sevenfive.co.th/en/files/product/original/PRD176864106144.jpg"
PIM2-SM-50L-60L-109,"https://www.sevenfive.co.th/en/files/product/original/PRD176864106135.jpg, https://www.sevenfive.co.th/en/files/product/original/PRD176864106227.jpg, https://www.sevenfive.co.th/en/files/product/original/PRD17686410624.jpg, https://www.sevenfive.co.th/en/files/product/original/PRD176864106288.jpg"
PIM2-SM-50L-211,"https://www.sevenfive.co.th/en/files/product/original/PRD176889929552.jpg, https://www.sevenfive.co.th/en/files/product/original/PRD176889929564.jpg, https://www.sevenfive.co.th/en/files/product/original/PRD176889929573.jpg"
PIM2-SM-60L-211,"https://www.sevenfive.co.th/en/files/product/original/PRD176889929969.jpg, https://www.sevenfive.co.th/en/files/product/original/PRD176889929980.jpg, https://www.sevenfive.co.th/en/files/product/original/PRD176889929993.jpg"
PIM2-SM-50L-60L-212,"https://www.sevenfive.co.th/en/files/product/original/PRD176889929812.jpg, https://www.sevenfive.co.th/en/files/product/original/PRD176889929839.jpg"
PIM2-SM-50L-60L-225,"https://www.sevenfive.co.th/en/files/product/original/PRD176864106348.jpg, https://www.sevenfive.co.th/en/files/product/original/PRD176864106373.jpg"
PIM2-SM-50L-60L-222,"https://www.sevenfive.co.th/en/files/product/original/PRD176864106224.jpg, https://www.sevenfive.co.th/en/files/product/original/PRD17686410636.jpg"
PIM2-SM-50L-60L-205,"https://www.sevenfive.co.th/en/files/product/original/PRD176889929716.jpg, https://www.sevenfive.co.th/en/files/product/original/PRD176889929731.jpg, https://www.sevenfive.co.th/en/files/product/original/PRD176889929791.jpg"
PIM2-PMG-30L-WH-118,"https://www.sevenfive.co.th/en/files/product/original/PRD176864103517.jpg, https://www.sevenfive.co.th/en/files/product/original/PRD176864103568.jpg, https://www.sevenfive.co.th/en/files/product/original/PRD176864103619.jpg"
PIM2-PMG-30L-WH-122,"https://www.sevenfive.co.th/en/files/product/original/PRD17686410361.jpg, https://www.sevenfive.co.th/en/files/product/original/PRD176864103614.jpg, https://www.sevenfive.co.th/en/files/product/original/PRD176864103681.jpg"
PIM2-PMG-30L-WH-204,"https://www.sevenfive.co.th/en/files/product/original/PRD176889927527.jpg, https://www.sevenfive.co.th/en/files/product/original/PRD176889927540.jpg, https://www.sevenfive.co.th/en/files/product/original/PRD176889927579.jpg"
PIM2-PMG-30L-WH-205,"https://www.sevenfive.co.th/en/files/product/original/PRD176889927614.jpg, https://www.sevenfive.co.th/en/files/product/original/PRD176889927676.jpg"
PIM2-PMG-30L-WH-208,"https://www.sevenfive.co.th/en/files/product/original/PRD176889927682.jpg, https://www.sevenfive.co.th/en/files/product/original/PRD176889927713.jpg, https://www.sevenfive.co.th/en/files/product/original/PRD17688992776.jpg"
PIM2-PMG-30L-WH-212,"https://www.sevenfive.co.th/en/files/product/original/PRD176889927914.jpg, https://www.sevenfive.co.th/en/files/product/original/PRD176889927963.jpg, https://www.sevenfive.co.th/en/files/product/original/PRD176889927990.jpg"
PIM2-PMG-30L-WH-303,"https://www.sevenfive.co.th/en/files/product/original/PRD176889927953.jpg, https://www.sevenfive.co.th/en/files/product/original/PRD176889928049.jpg, https://www.sevenfive.co.th/en/files/product/original/PRD176889928074.jpg"
PIM2-PMG-30L-WH-305,"https://www.sevenfive.co.th/en/files/product/original/PRD176889928065.jpg, https://www.sevenfive.co.th/en/files/product/original/PRD176889928075.jpg, https://www.sevenfive.co.th/en/files/product/original/PRD176889928165.jpg"
PIM2-PMG-30L-WH-306,"https://www.sevenfive.co.th/en/files/product/original/PRD176889928112.jpg, https://www.sevenfive.co.th/en/files/product/original/PRD176889928132.jpg, https://www.sevenfive.co.th/en/files/product/original/PRD176889928158.jpg"
PIM2-PMG-30L-WH-310,"https://www.sevenfive.co.th/en/files/product/original/PRD176889928216.jpg, https://www.sevenfive.co.th/en/files/product/original/PRD176889928242.jpg, https://www.sevenfive.co.th/en/files/product/original/PRD176889928275.jpg"
PIM2-PMG-30L-WH-403,"https://www.sevenfive.co.th/en/files/product/original/PRD176889928361.jpg, https://www.sevenfive.co.th/en/files/product/original/PRD176889928391.jpg, https://www.sevenfive.co.th/en/files/product/original/PRD176889928458.jpg, https://www.sevenfive.co.th/en/files/product/original/PRD176889928459.jpg, https://www.sevenfive.co.th/en/files/product/original/PRD176889928466.jpg"
PIM2-PMG-30L-WH-406,"https://www.sevenfive.co.th/en/files/product/original/PRD176889928410.jpg, https://www.sevenfive.co.th/en/files/product/original/PRD176889928538.jpg, https://www.sevenfive.co.th/en/files/product/original/PRD176889928560.jpg"
PIM2-PMG-30L-WH-410,"https://www.sevenfive.co.th/en/files/product/original/PRD176889928519.jpg, https://www.sevenfive.co.th/en/files/product/original/PRD176889928557.jpg, https://www.sevenfive.co.th/en/files/product/original/PRD176889928638.jpg, https://www.sevenfive.co.th/en/files/product/original/PRD17688992865.jpg"
PIM2-PMG-30L-WH-414,"https://www.sevenfive.co.th/en/files/product/original/PRD17688992870.jpg, https://www.sevenfive.co.th/en/files/product/original/PRD176889928735.jpg, https://www.sevenfive.co.th/en/files/product/original/PRD176889928749.jpg"
PIM2-PMG-30L-WH-419,"https://www.sevenfive.co.th/en/files/product/original/PRD176889928826.jpg, https://www.sevenfive.co.th/en/files/product/original/PRD176889928874.jpg"
PIM2-PMG-30L-WH-417,"https://www.sevenfive.co.th/en/files/product/original/PRD176889928820.jpg, https://www.sevenfive.co.th/en/files/product/original/PRD176889928827.jpg, https://www.sevenfive.co.th/en/files/product/original/PRD176889928878.jpg"
PIM2-PMG-30L-WH-508,"https://www.sevenfive.co.th/en/files/product/original/PRD17688992892.jpg, https://www.sevenfive.co.th/en/files/product/original/PRD176889928931.jpg, https://www.sevenfive.co.th/en/files/product/original/PRD176889928939.jpg, https://www.sevenfive.co.th/en/files/product/original/PRD176889928940.jpg"
PIM2-PMG-30L-WH-509,"https://www.sevenfive.co.th/en/files/product/original/PRD176889929045.jpg, https://www.sevenfive.co.th/en/files/product/original/PRD176889929049.jpg, https://www.sevenfive.co.th/en/files/product/original/PRD176889929055.jpg"
PIM2-PMG-30L-WH-512,"https://www.sevenfive.co.th/en/files/product/original/PRD176889929030.jpg, https://www.sevenfive.co.th/en/files/product/original/PRD176889929050.jpg, https://www.sevenfive.co.th/en/files/product/original/PRD176889929161.jpg"
PIM2-PMG-30L-WH-603,"https://www.sevenfive.co.th/en/files/product/original/PRD176889929130.jpg, https://www.sevenfive.co.th/en/files/product/original/PRD176889929169.jpg, https://www.sevenfive.co.th/en/files/product/original/PRD176889929189.jpg"
PIM2-PMG-30L-WH-604,"https://www.sevenfive.co.th/en/files/product/original/PRD176889929274.jpg, https://www.sevenfive.co.th/en/files/product/original/PRD176889929275.jpg, https://www.sevenfive.co.th/en/files/product/original/PRD176889929276.jpg, https://www.sevenfive.co.th/en/files/product/original/PRD176889929280.jpg"
PIM2-PMG-30L-WH-605,"https://www.sevenfive.co.th/en/files/product/original/PRD176889929241.jpg, https://www.sevenfive.co.th/en/files/product/original/PRD176889929375.jpg, https://www.sevenfive.co.th/en/files/product/original/PRD176889929395.jpg"
PIM2-PMG-30L-WH-615,"https://www.sevenfive.co.th/en/files/product/original/PRD176889929364.jpg, https://www.sevenfive.co.th/en/files/product/original/PRD176889929366.jpg"
PIM2-PMG-30L-WH-616,"https://www.sevenfive.co.th/en/files/product/original/PRD176889929325.jpg, https://www.sevenfive.co.th/en/files/product/original/PRD176889929457.jpg"
PIM2-PMG-30L-WH-815,"https://www.sevenfive.co.th/en/files/product/original/PRD176889929415.jpg, https://www.sevenfive.co.th/en/files/product/original/PRD176889929456.jpg, https://www.sevenfive.co.th/en/files/product/original/PRD176889929486.jpg"
PIM2-PMG-30L-WH-1201,"https://www.sevenfive.co.th/en/files/product/original/PRD176889927281.jpg, https://www.sevenfive.co.th/en/files/product/original/PRD176889927293.jpg, https://www.sevenfive.co.th/en/files/product/original/PRD176889927299.jpg"
PIM2-PMG-30L-WH-1202,"https://www.sevenfive.co.th/en/files/product/original/PRD176889927310.jpg, https://www.sevenfive.co.th/en/files/product/original/PRD176889927326.jpg, https://www.sevenfive.co.th/en/files/product/original/PRD17688992736.jpg"
PIM2-PMG-30L-WH-1203,"https://www.sevenfive.co.th/en/files/product/original/PRD176889927325.jpg, https://www.sevenfive.co.th/en/files/product/original/PRD176889927475.jpg, https://www.sevenfive.co.th/en/files/product/original/PRD176889927482.jpg"
PIM2-PMG-30L-WH-1204,"https://www.sevenfive.co.th/en/files/product/original/PRD176889927423.jpg, https://www.sevenfive.co.th/en/files/product/original/PRD176889927432.jpg, https://www.sevenfive.co.th/en/files/product/original/PRD176889927589.jpg"
PIM2-SM-50L-60L-203,"https://www.sevenfive.co.th/en/files/product/original/PRD176889929565.jpg, https://www.sevenfive.co.th/en/files/product/original/PRD176889929588.jpg, https://www.sevenfive.co.th/en/files/product/original/PRD176889929626.jpg"
PIM2-SM-50L-60L-204,"https://www.sevenfive.co.th/en/files/product/original/PRD176889929614.jpg, https://www.sevenfive.co.th/en/files/product/original/PRD176889929622.jpg, https://www.sevenfive.co.th/en/files/product/original/PRD176889929653.jpg, https://www.sevenfive.co.th/en/files/product/original/PRD176889929666.jpg"
PIM2-SM-50L-60L-206,"https://www.sevenfive.co.th/en/files/product/original/PRD176889929744.jpg, https://www.sevenfive.co.th/en/files/product/original/PRD176889929847.jpg, https://www.sevenfive.co.th/en/files/product/original/PRD176889929855.jpg"
PIM2-PMG-30L-WH-109,"https://www.sevenfive.co.th/en/files/product/original/PRD176889926912.jpg, https://www.sevenfive.co.th/en/files/product/original/PRD176889927057.jpg, https://www.sevenfive.co.th/en/files/product/original/PRD176889927070.jpg"
PIM2-PMG-30L-WH-110,"https://www.sevenfive.co.th/en/files/product/original/PRD176889927022.jpg, https://www.sevenfive.co.th/en/files/product/original/PRD176889927056.jpg, https://www.sevenfive.co.th/en/files/product/original/PRD17688992710.jpg"
PIM2-PMG-30L-WH-111,"https://www.sevenfive.co.th/en/files/product/original/PRD176889927124.jpg, https://www.sevenfive.co.th/en/files/product/original/PRD176889927166.jpg"
PIM2-PMG-30L-WH-116,"https://www.sevenfive.co.th/en/files/product/original/PRD176889927124.jpg, https://www.sevenfive.co.th/en/files/product/original/PRD176889927279.jpg"
PIM2-PMG-30L-WH-203,"https://www.sevenfive.co.th/en/files/product/original/PRD176864103713.jpg, https://www.sevenfive.co.th/en/files/product/original/PRD176864103770.jpg"
PIM2-PMG-30L-WH-206,"https://www.sevenfive.co.th/en/files/product/original/PRD176864103716.jpg, https://www.sevenfive.co.th/en/files/product/original/PRD17686410375.jpg, https://www.sevenfive.co.th/en/files/product/original/PRD176864103884.jpg"
PIM2-PMG-30L-WH-207,"https://www.sevenfive.co.th/en/files/product/original/PRD176889927617.jpg, https://www.sevenfive.co.th/en/files/product/original/PRD176889927659.jpg"
PIM2-PMG-30L-WH-209,"https://www.sevenfive.co.th/en/files/product/original/PRD176889927716.jpg, https://www.sevenfive.co.th/en/files/product/original/PRD176889927793.jpg, https://www.sevenfive.co.th/en/files/product/original/PRD176889927878.jpg"
PIM2-PMG-30L-WH-210,"https://www.sevenfive.co.th/en/files/product/original/PRD17686410381.jpg, https://www.sevenfive.co.th/en/files/product/original/PRD176864103812.jpg"
PIM2-PMG-30L-WH-211,"https://www.sevenfive.co.th/en/files/product/original/PRD176889927810.jpg, https://www.sevenfive.co.th/en/files/product/original/PRD17688992782.jpg, https://www.sevenfive.co.th/en/files/product/original/PRD176889927824.jpg"
PIM2-PMG-30L-WH-213,"https://www.sevenfive.co.th/en/files/product/original/PRD176864103862.jpg, https://www.sevenfive.co.th/en/files/product/original/PRD176864103968.jpg, https://www.sevenfive.co.th/en/files/product/original/PRD176864103993.jpg"
PIM2-PMG-30L-WH-214,"https://www.sevenfive.co.th/en/files/product/original/PRD176864103943.jpg, https://www.sevenfive.co.th/en/files/product/original/PRD176864103952.jpg, https://www.sevenfive.co.th/en/files/product/original/PRD176864103987.jpg"
PIM2-PMG-30L-WH-215,"https://www.sevenfive.co.th/en/files/product/original/PRD176864104027.jpg, https://www.sevenfive.co.th/en/files/product/original/PRD176864104062.jpg, https://www.sevenfive.co.th/en/files/product/original/PRD176864104094.jpg"
PIM2-PMG-30L-WH-220,"https://www.sevenfive.co.th/en/files/product/original/PRD176864104124.jpg, https://www.sevenfive.co.th/en/files/product/original/PRD176864104154.jpg"
PIM2-PMG-30L-WH-221,"https://www.sevenfive.co.th/en/files/product/original/PRD17686410414.jpg, https://www.sevenfive.co.th/en/files/product/original/PRD176864104168.jpg, https://www.sevenfive.co.th/en/files/product/original/PRD176864104250.jpg"
PIM2-PMG-30L-WH-222,"https://www.sevenfive.co.th/en/files/product/original/PRD176864104232.jpg, https://www.sevenfive.co.th/en/files/product/original/PRD176864104239.jpg, https://www.sevenfive.co.th/en/files/product/original/PRD176864104276.jpg"
PIM2-PMG-30L-WH-304,"https://www.sevenfive.co.th/en/files/product/original/PRD176864104335.jpg, https://www.sevenfive.co.th/en/files/product/original/PRD176864104340.jpg"
PIM2-PMG-30L-WH-307,"https://www.sevenfive.co.th/en/files/product/original/PRD17686410430.jpg, https://www.sevenfive.co.th/en/files/product/original/PRD176864104353.jpg"
PIM2-PMG-30L-WH-309,"https://www.sevenfive.co.th/en/files/product/original/PRD176864104424.jpg, https://www.sevenfive.co.th/en/files/product/original/PRD176864104453.jpg, https://www.sevenfive.co.th/en/files/product/original/PRD176864104493.jpg"
PIM2-PMG-30L-WH-311,"https://www.sevenfive.co.th/en/files/product/original/PRD176864104499.jpg, https://www.sevenfive.co.th/en/files/product/original/PRD17686410452.jpg, https://www.sevenfive.co.th/en/files/product/original/PRD176864104587.jpg"
PIM2-PMG-30L-WH-312,"https://www.sevenfive.co.th/en/files/product/original/PRD176889928222.jpg, https://www.sevenfive.co.th/en/files/product/original/PRD17688992833.jpg, https://www.sevenfive.co.th/en/files/product/original/PRD176889928347.jpg"
PIM2-PMG-30L-WH-404,"https://www.sevenfive.co.th/en/files/product/original/PRD176864104512.jpg, https://www.sevenfive.co.th/en/files/product/original/PRD176864104521.jpg, https://www.sevenfive.co.th/en/files/product/original/PRD176864104658.jpg"
PIM2-PMG-30L-WH-405,"https://www.sevenfive.co.th/en/files/product/original/PRD17686410461.jpg, https://www.sevenfive.co.th/en/files/product/original/PRD176864104686.jpg, https://www.sevenfive.co.th/en/files/product/original/PRD176864104744.jpg, https://www.sevenfive.co.th/en/files/product/original/PRD17686410476.jpg"
PIM2-PMG-30L-WH-407,"https://www.sevenfive.co.th/en/files/product/original/PRD176864104730.jpg, https://www.sevenfive.co.th/en/files/product/original/PRD176864104783.jpg, https://www.sevenfive.co.th/en/files/product/original/PRD176864104795.jpg"
PIM2-PMG-30L-WH-409,"https://www.sevenfive.co.th/en/files/product/original/PRD176864104840.jpg, https://www.sevenfive.co.th/en/files/product/original/PRD176864104871.jpg, https://www.sevenfive.co.th/en/files/product/original/PRD176864104895.jpg"
PIM2-PMG-30L-WH-415,"https://www.sevenfive.co.th/en/files/product/original/PRD176864104953.jpg, https://www.sevenfive.co.th/en/files/product/original/PRD176864104983.jpg"
PIM2-PMG-30L-WH-416,"https://www.sevenfive.co.th/en/files/product/original/PRD176864105025.jpg, https://www.sevenfive.co.th/en/files/product/original/PRD176864105057.jpg"
PIM2-PMG-30L-WH-418,"https://www.sevenfive.co.th/en/files/product/original/PRD176864105083.jpg, https://www.sevenfive.co.th/en/files/product/original/PRD176864105085.jpg"
PIM2-PMG-30L-WH-506,"https://www.sevenfive.co.th/en/files/product/original/PRD176864105118.jpg, https://www.sevenfive.co.th/en/files/product/original/PRD176864105138.jpg, https://www.sevenfive.co.th/en/files/product/original/PRD176864105169.jpg, https://www.sevenfive.co.th/en/files/product/original/PRD176864105191.jpg"
PIM2-PMG-30L-WH-511,"https://www.sevenfive.co.th/en/files/product/original/PRD17686410521.jpg, https://www.sevenfive.co.th/en/files/product/original/PRD176864105250.jpg, https://www.sevenfive.co.th/en/files/product/original/PRD176864105293.jpg"
PIM2-PMG-30L-WH-705,"https://www.sevenfive.co.th/en/files/product/original/PRD176864105220.jpg, https://www.sevenfive.co.th/en/files/product/original/PRD176864105227.jpg, https://www.sevenfive.co.th/en/files/product/original/PRD176864105326.jpg"
PIM2-PMG-30L-WH-706,"https://www.sevenfive.co.th/en/files/product/original/PRD176864105326.jpg, https://www.sevenfive.co.th/en/files/product/original/PRD176864105382.jpg"
PIM2-PMG-30L-WH-707,"https://www.sevenfive.co.th/en/files/product/original/PRD176864105311.jpg, https://www.sevenfive.co.th/en/files/product/original/PRD176864105449.jpg, https://www.sevenfive.co.th/en/files/product/original/PRD176864105486.jpg, https://www.sevenfive.co.th/en/files/product/original/PRD176864105489.jpg"
PIM2-PMG-30L-WH-708,"https://www.sevenfive.co.th/en/files/product/original/PRD176864105430.jpg, https://www.sevenfive.co.th/en/files/product/original/PRD176864105486.jpg"
PIM2-PMG-30L-WH-709,"https://www.sevenfive.co.th/en/files/product/original/PRD176864105517.jpg, https://www.sevenfive.co.th/en/files/product/original/PRD176864105531.jpg, https://www.sevenfive.co.th/en/files/product/original/PRD176864105567.jpg"
BER2-IC-VCM-HEATER,"https://www.sevenfive.co.th/en/files/product/original/PRD0ee146cfd5ef6f21c2ebbd913e2d846a.jpg, https://www.sevenfive.co.th/en/files/product/original/PRD8b1288652c9cd3205b66a5f93a97faaa.jpg"
PIM2-JD10000001,"https://www.sevenfive.co.th/en/files/product/original/PRD176759298674.jpg, https://www.sevenfive.co.th/en/files/product/original/PRD176759298717.jpg, https://www.sevenfive.co.th/en/files/product/original/PRD176759298790.jpg, https://www.sevenfive.co.th/en/files/product/original/PRD176759298793.jpg"
PIM2-JD10000002,"https://www.sevenfive.co.th/en/files/product/original/PRD176759298788.jpg, https://www.sevenfive.co.th/en/files/product/original/PRD176759298795.jpg, https://www.sevenfive.co.th/en/files/product/original/PRD176759298886.jpg, https://www.sevenfive.co.th/en/files/product/original/PRD176759298892.jpg"
PIM2-JD10000003,"https://www.sevenfive.co.th/en/files/product/original/PRD176767906548.jpg, https://www.sevenfive.co.th/en/files/product/original/PRD176767906560.jpg, https://www.sevenfive.co.th/en/files/product/original/PRD176767906564.jpg, https://www.sevenfive.co.th/en/files/product/original/PRD176767906571.jpg"
PIM2-JD10000004,"https://www.sevenfive.co.th/en/files/product/original/PRD17676790666.jpg, https://www.sevenfive.co.th/en/files/product/original/PRD176767906671.jpg, https://www.sevenfive.co.th/en/files/product/original/PRD17676790668.jpg"
PIM2-JD10000005,"https://www.sevenfive.co.th/en/files/product/original/PRD176767906663.jpg, https://www.sevenfive.co.th/en/files/product/original/PRD176767906697.jpg, https://www.sevenfive.co.th/en/files/product/original/PRD17676790675.jpg"
PIM2-JD10000006,"https://www.sevenfive.co.th/en/files/product/original/PRD176759298843.jpg, https://www.sevenfive.co.th/en/files/product/original/PRD176759298848.jpg, https://www.sevenfive.co.th/en/files/product/original/PRD176759298910.jpg"
PIM2-JD10000007,"https://www.sevenfive.co.th/en/files/product/original/PRD176759298917.jpg, https://www.sevenfive.co.th/en/files/product/original/PRD176759298971.jpg, https://www.sevenfive.co.th/en/files/product/original/PRD176759298988.jpg, https://www.sevenfive.co.th/en/files/product/original/PRD17675929908.jpg"
PIM2-JD10000008,"https://www.sevenfive.co.th/en/files/product/original/PRD176759299042.jpg, https://www.sevenfive.co.th/en/files/product/original/PRD176759299061.jpg"
PIM2-JD10000010,"https://www.sevenfive.co.th/en/files/product/original/PRD176767906759.jpg, https://www.sevenfive.co.th/en/files/product/original/PRD17676790677.jpg, https://www.sevenfive.co.th/en/files/product/original/PRD176767906795.jpg"
PIM2-JD10000011,"https://www.sevenfive.co.th/en/files/product/original/PRD17676790684.jpg, https://www.sevenfive.co.th/en/files/product/original/PRD176767906841.jpg, https://www.sevenfive.co.th/en/files/product/original/PRD176767906854.jpg"
PIM2-JD10000013,"https://www.sevenfive.co.th/en/files/product/original/PRD176759299039.jpg, https://www.sevenfive.co.th/en/files/product/original/PRD17675929913.jpg, https://www.sevenfive.co.th/en/files/product/original/PRD176759299195.jpg"
PIM2-JD10000025,"https://www.sevenfive.co.th/en/files/product/original/PRD176759299115.jpg, https://www.sevenfive.co.th/en/files/product/original/PRD176759299141.jpg, https://www.sevenfive.co.th/en/files/product/original/PRD176759299280.jpg"
PIM2-JD10000030,"https://www.sevenfive.co.th/en/files/product/original/PRD176767906889.jpg, https://www.sevenfive.co.th/en/files/product/original/PRD176767906914.jpg, https://www.sevenfive.co.th/en/files/product/original/PRD176767906916.jpg, https://www.sevenfive.co.th/en/files/product/original/PRD176767906985.jpg"
PIM2-JD10000031,"https://www.sevenfive.co.th/en/files/product/original/PRD176759299221.jpg, https://www.sevenfive.co.th/en/files/product/original/PRD176759299276.jpg"
PIM2-JD10000034,"https://www.sevenfive.co.th/en/files/product/original/PRD176759299252.jpg, https://www.sevenfive.co.th/en/files/product/original/PRD176759299312.jpg, https://www.sevenfive.co.th/en/files/product/original/PRD176759299314.jpg, https://www.sevenfive.co.th/en/files/product/original/PRD176759299397.jpg"
PIM2-JD10000035,"https://www.sevenfive.co.th/en/files/product/original/PRD176759299329.jpg, https://www.sevenfive.co.th/en/files/product/original/PRD176759299419.jpg, https://www.sevenfive.co.th/en/files/product/original/PRD176759299436.jpg, https://www.sevenfive.co.th/en/files/product/original/PRD176759299452.jpg, https://www.sevenfive.co.th/en/files/product/original/PRD176759299477.jpg"
PIM2-JD10000036,"https://www.sevenfive.co.th/en/files/product/original/PRD176759299477.jpg, https://www.sevenfive.co.th/en/files/product/original/PRD176759299512.jpg, https://www.sevenfive.co.th/en/files/product/original/PRD176759299523.jpg, https://www.sevenfive.co.th/en/files/product/original/PRD176759299529.jpg"
PIM2-JD10000037,"https://www.sevenfive.co.th/en/files/product/original/PRD176759299521.jpg, https://www.sevenfive.co.th/en/files/product/original/PRD176759299617.jpg, https://www.sevenfive.co.th/en/files/product/original/PRD176759299635.jpg"
PIM2-JD10000039,"https://www.sevenfive.co.th/en/files/product/original/PRD176759299612.jpg, https://www.sevenfive.co.th/en/files/product/original/PRD176759299618.jpg"
PIM2-JD180000001,"https://www.sevenfive.co.th/en/files/product/original/PRD17675929964.jpg, https://www.sevenfive.co.th/en/files/product/original/PRD176759299736.jpg, https://www.sevenfive.co.th/en/files/product/original/PRD176759299739.jpg, https://www.sevenfive.co.th/en/files/product/original/PRD176759299782.jpg"
PIM2-JD180000002,"https://www.sevenfive.co.th/en/files/product/original/PRD176759299745.jpg, https://www.sevenfive.co.th/en/files/product/original/PRD176759299796.jpg, https://www.sevenfive.co.th/en/files/product/original/PRD176759299875.jpg, https://www.sevenfive.co.th/en/files/product/original/PRD17675929989.jpg"
PIM2-JD180000003,"https://www.sevenfive.co.th/en/files/product/original/PRD176767907027.jpg, https://www.sevenfive.co.th/en/files/product/original/PRD176767907028.jpg, https://www.sevenfive.co.th/en/files/product/original/PRD176767907051.jpg"
PIM2-JD180000004,"https://www.sevenfive.co.th/en/files/product/original/PRD176767907042.jpg, https://www.sevenfive.co.th/en/files/product/original/PRD176767907058.jpg, https://www.sevenfive.co.th/en/files/product/original/PRD176767907118.jpg, https://www.sevenfive.co.th/en/files/product/original/PRD176767907197.jpg"
PIM2-JD180000005,"https://www.sevenfive.co.th/en/files/product/original/PRD176759299822.jpg, https://www.sevenfive.co.th/en/files/product/original/PRD17675929985.jpg"
PIM2-JD180000006,"https://www.sevenfive.co.th/en/files/product/original/PRD176767907133.jpg, https://www.sevenfive.co.th/en/files/product/original/PRD176767907157.jpg, https://www.sevenfive.co.th/en/files/product/original/PRD17676790724.jpg"
PIM2-JD180000008,"https://www.sevenfive.co.th/en/files/product/original/PRD176759299917.jpg, https://www.sevenfive.co.th/en/files/product/original/PRD17675929993.jpg, https://www.sevenfive.co.th/en/files/product/original/PRD176759299954.jpg"
PIM2-JD180000009,"https://www.sevenfive.co.th/en/files/product/original/PRD176759299955.jpg, https://www.sevenfive.co.th/en/files/product/original/PRD176759299993.jpg, https://www.sevenfive.co.th/en/files/product/original/PRD176759300076.jpg"
PIM2-JD180000010,"https://www.sevenfive.co.th/en/files/product/original/PRD176759300041.jpg, https://www.sevenfive.co.th/en/files/product/original/PRD176759300068.jpg, https://www.sevenfive.co.th/en/files/product/original/PRD176759300096.jpg"
PIM2-JD180000011,"https://www.sevenfive.co.th/en/files/product/original/PRD17676790722.jpg, https://www.sevenfive.co.th/en/files/product/original/PRD176767907290.jpg, https://www.sevenfive.co.th/en/files/product/original/PRD176767907362.jpg"
PIM2-JD180000013,"https://www.sevenfive.co.th/en/files/product/original/PRD176759300159.jpg, https://www.sevenfive.co.th/en/files/product/original/PRD176759300181.jpg, https://www.sevenfive.co.th/en/files/product/original/PRD176759300198.jpg"
PIM2-JD180000025,"https://www.sevenfive.co.th/en/files/product/original/PRD176767907323.jpg, https://www.sevenfive.co.th/en/files/product/original/PRD176767907366.jpg, https://www.sevenfive.co.th/en/files/product/original/PRD17676790738.jpg, https://www.sevenfive.co.th/en/files/product/original/PRD176767907438.jpg"
PIM2-JD180000030,"https://www.sevenfive.co.th/en/files/product/original/PRD17676790740.jpg, https://www.sevenfive.co.th/en/files/product/original/PRD176767907442.jpg, https://www.sevenfive.co.th/en/files/product/original/PRD176767907572.jpg"
PIM2-JD180000031,"https://www.sevenfive.co.th/en/files/product/original/PRD176767907529.jpg, https://www.sevenfive.co.th/en/files/product/original/PRD17676790755.jpg, https://www.sevenfive.co.th/en/files/product/original/PRD17676790759.jpg"
PIM2-JD180000034,"https://www.sevenfive.co.th/en/files/product/original/PRD176767907618.jpg, https://www.sevenfive.co.th/en/files/product/original/PRD176767907646.jpg, https://www.sevenfive.co.th/en/files/product/original/PRD176767907658.jpg"
PIM2-JD180000035,"https://www.sevenfive.co.th/en/files/product/original/PRD176759300213.jpg, https://www.sevenfive.co.th/en/files/product/original/PRD176759300235.jpg, https://www.sevenfive.co.th/en/files/product/original/PRD176759300289.jpg, https://www.sevenfive.co.th/en/files/product/original/PRD17675930033.jpg"
PIM2-JD180000036,"https://www.sevenfive.co.th/en/files/product/original/PRD176759300312.jpg, https://www.sevenfive.co.th/en/files/product/original/PRD176759300354.jpg, https://www.sevenfive.co.th/en/files/product/original/PRD176759300363.jpg, https://www.sevenfive.co.th/en/files/product/original/PRD17675930048.jpg"
PIM2-JD180000037,"https://www.sevenfive.co.th/en/files/product/original/PRD17675930040.jpg, https://www.sevenfive.co.th/en/files/product/original/PRD176759300440.jpg, https://www.sevenfive.co.th/en/files/product/original/PRD176759300464.jpg, https://www.sevenfive.co.th/en/files/product/original/PRD176759300489.jpg"
PIM2-JD180000039,"https://www.sevenfive.co.th/en/files/product/original/PRD176767907711.jpg, https://www.sevenfive.co.th/en/files/product/original/PRD176767907712.jpg"
PIM2-SM100000001,"https://www.sevenfive.co.th/en/files/product/original/PRD17675930053.jpg, https://www.sevenfive.co.th/en/files/product/original/PRD176759300545.jpg, https://www.sevenfive.co.th/en/files/product/original/PRD176759300567.jpg, https://www.sevenfive.co.th/en/files/product/original/PRD17675930058.jpg, https://www.sevenfive.co.th/en/files/product/original/PRD176759300699.jpg"
PIM2-SM100000002,"https://www.sevenfive.co.th/en/files/product/original/PRD176759300611.jpg, https://www.sevenfive.co.th/en/files/product/original/PRD176759300666.jpg, https://www.sevenfive.co.th/en/files/product/original/PRD176759300671.jpg, https://www.sevenfive.co.th/en/files/product/original/PRD176759300751.jpg"
PIM2-SM100000003,"https://www.sevenfive.co.th/en/files/product/original/PRD176759300714.jpg, https://www.sevenfive.co.th/en/files/product/original/PRD176759300744.jpg, https://www.sevenfive.co.th/en/files/product/original/PRD176759300761.jpg, https://www.sevenfive.co.th/en/files/product/original/PRD176759300797.jpg"
PIM2-SM100000004,"https://www.sevenfive.co.th/en/files/product/original/PRD176759300833.jpg, https://www.sevenfive.co.th/en/files/product/original/PRD176759300840.jpg, https://www.sevenfive.co.th/en/files/product/original/PRD176759300867.jpg"
PIM2-SM100000006,"https://www.sevenfive.co.th/en/files/product/original/PRD176767907721.jpg, https://www.sevenfive.co.th/en/files/product/original/PRD176767907736.jpg, https://www.sevenfive.co.th/en/files/product/original/PRD176767907834.jpg"
PIM2-SM100000007,"https://www.sevenfive.co.th/en/files/product/original/PRD17676790786.jpg, https://www.sevenfive.co.th/en/files/product/original/PRD176767907884.jpg, https://www.sevenfive.co.th/en/files/product/original/PRD176767907892.jpg"
PIM2-SM100000008,"https://www.sevenfive.co.th/en/files/product/original/PRD176759300816.jpg, https://www.sevenfive.co.th/en/files/product/original/PRD17675930090.jpg, https://www.sevenfive.co.th/en/files/product/original/PRD176759300983.jpg"
PIM2-SM100000009,"https://www.sevenfive.co.th/en/files/product/original/PRD176759300944.jpg, https://www.sevenfive.co.th/en/files/product/original/PRD176759300959.jpg, https://www.sevenfive.co.th/en/files/product/original/PRD176759300997.jpg, https://www.sevenfive.co.th/en/files/product/original/PRD176759301066.jpg"
PIM2-SM100000010,"https://www.sevenfive.co.th/en/files/product/original/PRD17675930102.jpg, https://www.sevenfive.co.th/en/files/product/original/PRD176759301021.jpg, https://www.sevenfive.co.th/en/files/product/original/PRD176759301031.jpg"
PIM2-SM100000012,"https://www.sevenfive.co.th/en/files/product/original/PRD176759301193.jpg, https://www.sevenfive.co.th/en/files/product/original/PRD176759301199.jpg"
PIM2-SM100000014,"https://www.sevenfive.co.th/en/files/product/original/PRD176759301137.jpg, https://www.sevenfive.co.th/en/files/product/original/PRD176759301159.jpg, https://www.sevenfive.co.th/en/files/product/original/PRD176759301287.jpg"
PIM2-SM100000015,"https://www.sevenfive.co.th/en/files/product/original/PRD176759301248.jpg, https://www.sevenfive.co.th/en/files/product/original/PRD176759301273.jpg, https://www.sevenfive.co.th/en/files/product/original/PRD176759301391.jpg"
PIM2-SM100000016,"https://www.sevenfive.co.th/en/files/product/original/PRD176759301329.jpg, https://www.sevenfive.co.th/en/files/product/original/PRD176759301335.jpg, https://www.sevenfive.co.th/en/files/product/original/PRD176759301393.jpg, https://www.sevenfive.co.th/en/files/product/original/PRD176759301434.jpg"
PIM2-SM100000017,"https://www.sevenfive.co.th/en/files/product/original/PRD17676790790.jpg, https://www.sevenfive.co.th/en/files/product/original/PRD176767907921.jpg, https://www.sevenfive.co.th/en/files/product/original/PRD17676790797.jpg, https://www.sevenfive.co.th/en/files/product/original/PRD176767907979.jpg"
PIM2-SM100000019,"https://www.sevenfive.co.th/en/files/product/original/PRD176767908037.jpg, https://www.sevenfive.co.th/en/files/product/original/PRD176767908045.jpg, https://www.sevenfive.co.th/en/files/product/original/PRD176767908088.jpg"
PIM2-SM100000020,"https://www.sevenfive.co.th/en/files/product/original/PRD17676790804.jpg, https://www.sevenfive.co.th/en/files/product/original/PRD176767908131.jpg, https://www.sevenfive.co.th/en/files/product/original/PRD176767908171.jpg"
PIM2-SM100000020-1,"https://www.sevenfive.co.th/en/files/product/original/PRD176767908110.jpg, https://www.sevenfive.co.th/en/files/product/original/PRD176767908231.jpg, https://www.sevenfive.co.th/en/files/product/original/PRD176767908232.jpg"
PIM2-SM100000023,"https://www.sevenfive.co.th/en/files/product/original/PRD176759301458.jpg, https://www.sevenfive.co.th/en/files/product/original/PRD176759301471.jpg, https://www.sevenfive.co.th/en/files/product/original/PRD176759301483.jpg, https://www.sevenfive.co.th/en/files/product/original/PRD176759301493.jpg"
PIM2-SM100000025,"https://www.sevenfive.co.th/en/files/product/original/PRD176759301511.jpg, https://www.sevenfive.co.th/en/files/product/original/PRD176759301525.jpg, https://www.sevenfive.co.th/en/files/product/original/PRD176759301585.jpg, https://www.sevenfive.co.th/en/files/product/original/PRD176759301599.jpg"
PIM2-SM100000028,"https://www.sevenfive.co.th/en/files/product/original/PRD176759301572.jpg, https://www.sevenfive.co.th/en/files/product/original/PRD176759301615.jpg, https://www.sevenfive.co.th/en/files/product/original/PRD176759301631.jpg, https://www.sevenfive.co.th/en/files/product/original/PRD176759301688.jpg"
PIM2-SM100000036,"https://www.sevenfive.co.th/en/files/product/original/PRD176767908210.jpg, https://www.sevenfive.co.th/en/files/product/original/PRD176767908256.jpg, https://www.sevenfive.co.th/en/files/product/original/PRD176767908323.jpg, https://www.sevenfive.co.th/en/files/product/original/PRD176767908375.jpg"
PIM2-SM100000037,"https://www.sevenfive.co.th/en/files/product/original/PRD176767908379.jpg, https://www.sevenfive.co.th/en/files/product/original/PRD17676790839.jpg"
PIM2-SM100000038,"https://www.sevenfive.co.th/en/files/product/original/PRD176767908432.jpg, https://www.sevenfive.co.th/en/files/product/original/PRD176767908478.jpg, https://www.sevenfive.co.th/en/files/product/original/PRD176767908489.jpg"
PIM2-SM100000041,"https://www.sevenfive.co.th/en/files/product/original/PRD176767908442.jpg, https://www.sevenfive.co.th/en/files/product/original/PRD176767908576.jpg"
PIM2-SM100000042,"https://www.sevenfive.co.th/en/files/product/original/PRD176759301676.jpg, https://www.sevenfive.co.th/en/files/product/original/PRD176759301788.jpg"
PIM2-SM150000001,"https://www.sevenfive.co.th/en/files/product/original/PRD17675930175.jpg, https://www.sevenfive.co.th/en/files/product/original/PRD176759301772.jpg, https://www.sevenfive.co.th/en/files/product/original/PRD176759301793.jpg"
PIM2-SM150000002,"https://www.sevenfive.co.th/en/files/product/original/PRD176759301814.jpg, https://www.sevenfive.co.th/en/files/product/original/PRD17675930184.jpg, https://www.sevenfive.co.th/en/files/product/original/PRD176759301848.jpg, https://www.sevenfive.co.th/en/files/product/original/PRD176759301883.jpg"
PIM2-SM150000003,"https://www.sevenfive.co.th/en/files/product/original/PRD176759301839.jpg, https://www.sevenfive.co.th/en/files/product/original/PRD176759301932.jpg, https://www.sevenfive.co.th/en/files/product/original/PRD176759301939.jpg, https://www.sevenfive.co.th/en/files/product/original/PRD176759301957.jpg"
PIM2-SM150000004,"https://www.sevenfive.co.th/en/files/product/original/PRD176767908551.jpg, https://www.sevenfive.co.th/en/files/product/original/PRD176767908554.jpg, https://www.sevenfive.co.th/en/files/product/original/PRD176767908572.jpg"
PIM2-SM150000005,"https://www.sevenfive.co.th/en/files/product/original/PRD176767908616.jpg, https://www.sevenfive.co.th/en/files/product/original/PRD176767908673.jpg, https://www.sevenfive.co.th/en/files/product/original/PRD176767908674.jpg"
PIM2-SM150000006,"https://www.sevenfive.co.th/en/files/product/original/PRD176767908676.jpg, https://www.sevenfive.co.th/en/files/product/original/PRD176767908764.jpg"
PIM2-SM150000007,"https://www.sevenfive.co.th/en/files/product/original/PRD176759302015.jpg, https://www.sevenfive.co.th/en/files/product/original/PRD176759302037.jpg, https://www.sevenfive.co.th/en/files/product/original/PRD176759302046.jpg, https://www.sevenfive.co.th/en/files/product/original/PRD176759302064.jpg"
PIM2-SM150000008,"https://www.sevenfive.co.th/en/files/product/original/PRD176767908750.jpg, https://www.sevenfive.co.th/en/files/product/original/PRD176767908771.jpg, https://www.sevenfive.co.th/en/files/product/original/PRD176767908789.jpg"
PIM2-SM150000009,"https://www.sevenfive.co.th/en/files/product/original/PRD176767908789.jpg, https://www.sevenfive.co.th/en/files/product/original/PRD17676790889.jpg"
PIM2-SM150000010,"https://www.sevenfive.co.th/en/files/product/original/PRD176759302014.jpg, https://www.sevenfive.co.th/en/files/product/original/PRD176759302136.jpg, https://www.sevenfive.co.th/en/files/product/original/PRD176759302182.jpg"
PIM2-SM150000011,"https://www.sevenfive.co.th/en/files/product/original/PRD176767908878.jpg, https://www.sevenfive.co.th/en/files/product/original/PRD176767908893.jpg, https://www.sevenfive.co.th/en/files/product/original/PRD176767908897.jpg"
PIM2-SM150000012,"https://www.sevenfive.co.th/en/files/product/original/PRD176767908931.jpg, https://www.sevenfive.co.th/en/files/product/original/PRD176767908949.jpg, https://www.sevenfive.co.th/en/files/product/original/PRD176767908979.jpg"
PIM2-SM150000013,"https://www.sevenfive.co.th/en/files/product/original/PRD176767908959.jpg, https://www.sevenfive.co.th/en/files/product/original/PRD176767908997.jpg, https://www.sevenfive.co.th/en/files/product/original/PRD176767909057.jpg"
PIM2-SM150000014,"https://www.sevenfive.co.th/en/files/product/original/PRD176759302116.jpg, https://www.sevenfive.co.th/en/files/product/original/PRD176759302163.jpg, https://www.sevenfive.co.th/en/files/product/original/PRD176759302289.jpg"
PIM2-SM150000019,"https://www.sevenfive.co.th/en/files/product/original/PRD176759302283.jpg, https://www.sevenfive.co.th/en/files/product/original/PRD176759302294.jpg"
PIM2-SM150000020,"https://www.sevenfive.co.th/en/files/product/original/PRD176767909046.jpg, https://www.sevenfive.co.th/en/files/product/original/PRD176767909056.jpg, https://www.sevenfive.co.th/en/files/product/original/PRD176767909098.jpg, https://www.sevenfive.co.th/en/files/product/original/PRD176767909165.jpg, https://www.sevenfive.co.th/en/files/product/original/PRD176767909182.jpg"
PIM2-SM150000022,"https://www.sevenfive.co.th/en/files/product/original/PRD176759302288.jpg, https://www.sevenfive.co.th/en/files/product/original/PRD176759302360.jpg, https://www.sevenfive.co.th/en/files/product/original/PRD176759302373.jpg"
PIM2-SM150000023,"https://www.sevenfive.co.th/en/files/product/original/PRD176759302332.jpg, https://www.sevenfive.co.th/en/files/product/original/PRD176759302381.jpg, https://www.sevenfive.co.th/en/files/product/original/PRD176759302411.jpg"
PIM2-SM150000024,"https://www.sevenfive.co.th/en/files/product/original/PRD176767909135.jpg, https://www.sevenfive.co.th/en/files/product/original/PRD176767909186.jpg, https://www.sevenfive.co.th/en/files/product/original/PRD176767909282.jpg"
PIM2-SM150000026,"https://www.sevenfive.co.th/en/files/product/original/PRD176767909236.jpg, https://www.sevenfive.co.th/en/files/product/original/PRD176767909272.jpg, https://www.sevenfive.co.th/en/files/product/original/PRD176767909293.jpg"
PIM2-SM150000027,"https://www.sevenfive.co.th/en/files/product/original/PRD176767909325.jpg, https://www.sevenfive.co.th/en/files/product/original/PRD176767909340.jpg, https://www.sevenfive.co.th/en/files/product/original/PRD176767909371.jpg"
PIM2-SM150000028,"https://www.sevenfive.co.th/en/files/product/original/PRD17676790934.jpg, https://www.sevenfive.co.th/en/files/product/original/PRD176767909450.jpg, https://www.sevenfive.co.th/en/files/product/original/PRD176767909455.jpg, https://www.sevenfive.co.th/en/files/product/original/PRD176767909476.jpg"
PIM2-SM150000029,"https://www.sevenfive.co.th/en/files/product/original/PRD176759302432.jpg, https://www.sevenfive.co.th/en/files/product/original/PRD176759302435.jpg, https://www.sevenfive.co.th/en/files/product/original/PRD176759302481.jpg, https://www.sevenfive.co.th/en/files/product/original/PRD176759302574.jpg"
PIM2-SM150000032,"https://www.sevenfive.co.th/en/files/product/original/PRD176759302550.jpg, https://www.sevenfive.co.th/en/files/product/original/PRD176759302557.jpg"
PIM2-SM150000038,"https://www.sevenfive.co.th/en/files/product/original/PRD176767909410.jpg, https://www.sevenfive.co.th/en/files/product/original/PRD176767909458.jpg, https://www.sevenfive.co.th/en/files/product/original/PRD176767909515.jpg, https://www.sevenfive.co.th/en/files/product/original/PRD176767909591.jpg"
PIM2-SM150000039,"https://www.sevenfive.co.th/en/files/product/original/PRD17676790950.jpg, https://www.sevenfive.co.th/en/files/product/original/PRD17676790957.jpg, https://www.sevenfive.co.th/en/files/product/original/PRD176767909627.jpg, https://www.sevenfive.co.th/en/files/product/original/PRD17676790967.jpg"
PIM2-SM150000040,"https://www.sevenfive.co.th/en/files/product/original/PRD17676790966.jpg, https://www.sevenfive.co.th/en/files/product/original/PRD176767909697.jpg, https://www.sevenfive.co.th/en/files/product/original/PRD17676790977.jpg, https://www.sevenfive.co.th/en/files/product/original/PRD176767909795.jpg"
PIM2-SM150000041,"https://www.sevenfive.co.th/en/files/product/original/PRD176759302552.jpg, https://www.sevenfive.co.th/en/files/product/original/PRD176759302646.jpg"
PIM2-SM150000042,"https://www.sevenfive.co.th/en/files/product/original/PRD176767909717.jpg, https://www.sevenfive.co.th/en/files/product/original/PRD176767909735.jpg, https://www.sevenfive.co.th/en/files/product/original/PRD176767909820.jpg, https://www.sevenfive.co.th/en/files/product/original/PRD176767909869.jpg"
PIM2-SM150000043,"https://www.sevenfive.co.th/en/files/product/original/PRD176759302635.jpg, https://www.sevenfive.co.th/en/files/product/original/PRD17675930268.jpg"
PIM2-DR520-RF,"https://www.sevenfive.co.th/en/files/product/original/PRD176889926847.jpg, https://www.sevenfive.co.th/en/files/product/original/PRD176889926866.jpg, https://www.sevenfive.co.th/en/files/product/original/PRD176889926870.jpg"
SEV2-00629,"https://www.sevenfive.co.th/en/files/product/original/PRDafd237abdca3304e643b30d780e4929c.jpg, https://www.sevenfive.co.th/en/files/product/original/PRDe60346cca5dcb0d68910e54cab721cda.jpg"
PIM2-EDO-019,"https://www.sevenfive.co.th/en/files/product/original/PRD2bc0f9b5e2b8fee717f658cd398c48f4.jpg, https://www.sevenfive.co.th/en/files/product/original/PRD829ede7021fffd732e993fb052611458.jpg"
