Variant SKU,Image Src
ASL2-HN-DP-1-SET,https://www.sevenfive.co.th/files/product/original/PRD170936850961.jpg
BER2-15MF440V,https://www.sevenfive.co.th/files/product/original/PRD170936852329.jpg
BER2-BA-C-SALA,https://www.sevenfive.co.th/files/product/original/PRD170936354618.jpg
BER2-CC-16-C5-6,https://www.sevenfive.co.th/files/product/original/PRD175653833774.jpg
BER2-CS-BR-B110,https://www.sevenfive.co.th/files/product/original/PRD170936372067.jpg
BER2-HT-IR1KW,https://www.sevenfive.co.th/files/product/original/PRD170936739760.jpg
BER2-HT-IR510W,https://www.sevenfive.co.th/files/product/original/PRD170936739828.jpg
BER2-HT-IR810W,https://www.sevenfive.co.th/files/product/original/PRD17093673981.jpg
BER2-HT-WO,https://www.sevenfive.co.th/files/product/original/PRD170936740166.jpg
BER2-PL-JD-GBS,https://www.sevenfive.co.th/files/product/original/PRD170936751234.jpg
BER2-PL-JD-GBS-1,https://www.sevenfive.co.th/files/product/original/PRD170936751233.jpg
BER2-TM-250,https://www.sevenfive.co.th/files/product/original/PRD170936753355.jpg
BER2-TM-329,https://www.sevenfive.co.th/files/product/original/PRD17093675345.jpg
BER2-TM-EGO329,https://www.sevenfive.co.th/files/product/original/PRD17093675376.jpg
HAM2-260054901,https://www.sevenfive.co.th/files/product/original/PRD170936888713.jpg
HAM2-260039700,https://www.sevenfive.co.th/files/product/original/PRD170936888125.jpg
CAS2-532009600,https://www.sevenfive.co.th/files/product/original/PRD170937696228.jpg
HAM2-990074300,https://www.sevenfive.co.th/files/product/original/PRD170936953985.jpg
COG2-C.80398C,https://www.sevenfive.co.th/files/product/original/PRD175653864071.jpg
LIN2-SW59,https://www.sevenfive.co.th/files/product/original/PRD17093706762.jpg
LIN2-SW97,https://www.sevenfive.co.th/files/product/original/PRD170937068088.jpg
ASL2-HN-DP-1-SET,https://www.sevenfive.co.th/files/product/original/PRD170936850961.jpg
BER2-15MF440V,https://www.sevenfive.co.th/files/product/original/PRD170936852329.jpg
BER2-BA-C-SALA,https://www.sevenfive.co.th/files/product/original/PRD170936354618.jpg
BER2-BA-C-WOOL,https://www.sevenfive.co.th/files/product/original/PRD170936354733.jpg
BER2-CC-16-C5-6,https://www.sevenfive.co.th/files/product/original/PRD175653833774.jpg
BER2-CS-BR-B110,https://www.sevenfive.co.th/files/product/original/PRD170936372067.jpg
BER2-HT-IR1KW,https://www.sevenfive.co.th/files/product/original/PRD170936739760.jpg
BER2-HT-IR510W,https://www.sevenfive.co.th/files/product/original/PRD170936739828.jpg
BER2-HT-IR810W,https://www.sevenfive.co.th/files/product/original/PRD17093673981.jpg
BER2-HT-IRL510W,https://www.sevenfive.co.th/files/product/original/PRD170936739835.jpg
BER2-HT-IRL810W,https://www.sevenfive.co.th/files/product/original/PRD170936739980.jpg
BER2-HT-WO,https://www.sevenfive.co.th/files/product/original/PRD170936740166.jpg
BER2-PL-JD-GBS,https://www.sevenfive.co.th/files/product/original/PRD170936751234.jpg
BER2-PL-JD-GBS-1,https://www.sevenfive.co.th/files/product/original/PRD170936751233.jpg
BER2-TM-250,https://www.sevenfive.co.th/files/product/original/PRD170936753355.jpg
BER2-TM-329,https://www.sevenfive.co.th/files/product/original/PRD17093675345.jpg
BER2-TM-EGO329,https://www.sevenfive.co.th/files/product/original/PRD17093675376.jpg
BER2-VA-MT10B,https://www.sevenfive.co.th/files/product/original/PRD170937708526.jpg
BER2-VA-MT10B-1,https://www.sevenfive.co.th/files/product/original/PRD170937708685.jpg
HAM2-260039700,https://www.sevenfive.co.th/files/product/original/PRD170936888125.jpg
HAM2-260054901,https://www.sevenfive.co.th/files/product/original/PRD170936888713.jpg
HAM2-260055000,https://www.sevenfive.co.th/files/product/original/PRD170936888837.jpg
CAS2-532009600,https://www.sevenfive.co.th/files/product/original/PRD170937696228.jpg
HAM2-990074300,https://www.sevenfive.co.th/files/product/original/PRD170936953985.jpg
COG2-C.80398C,https://www.sevenfive.co.th/files/product/original/PRD175653864071.jpg
LIN2-SW59,https://www.sevenfive.co.th/files/product/original/PRD17093706762.jpg
LIN2-SW97,https://www.sevenfive.co.th/files/product/original/PRD170937068088.jpg
LKK2-LAMP(PL2),https://www.sevenfive.co.th/files/product/original/PRD17565388793.jpg
LKK2-GREEN(WF-101),https://www.sevenfive.co.th/files/product/original/PRD170937093769.jpg
LKK2-IGC,https://www.sevenfive.co.th/files/product/original/PRD170937095459.jpg
LKK2-RHX-12-18,https://www.sevenfive.co.th/files/product/original/PRD170937109127.jpg
LKK2-SWITCH(MW-2),https://www.sevenfive.co.th/files/product/original/PRD170937111192.jpg
NTS2-HL-001,https://www.sevenfive.co.th/files/product/original/PRD170937181673.jpg
PIM2-CF-BOS,https://www.sevenfive.co.th/files/product/original/PRD17552256192.jpg
PIM2-CF-WSR,https://www.sevenfive.co.th/files/product/original/PRD175522566384.jpg
PIM2-ESK-S10L-01,https://www.sevenfive.co.th/files/product/original/PRD170937191927.jpg
PIM2-KSD301-CR130,https://www.sevenfive.co.th/files/product/original/PRD175522614739.jpg
PIT2-PP10368,https://www.sevenfive.co.th/files/product/original/PRD170937209225.jpg
ROB2-EC0407,https://www.sevenfive.co.th/files/product/original/PRD170937228225.jpg
ROE2-510217,https://www.sevenfive.co.th/files/product/original/PRD170937289293.jpg
SIR2-1940010780,https://www.sevenfive.co.th/files/product/original/PRD170937364174.jpg
SIR2-19410323,https://www.sevenfive.co.th/files/product/original/PRD17093736538.jpg
SIR2-GM5846050,https://www.sevenfive.co.th/files/product/original/PRD170937396229.jpg
SIR2-GM5846055,https://www.sevenfive.co.th/files/product/original/PRD170937396340.jpg
SIR2-IV5820020,https://www.sevenfive.co.th/files/product/original/PRD170937407650.jpg
TOA2-1000831,https://www.sevenfive.co.th/files/product/original/PRD170937585397.jpg
NTS2-ESK-10-TMS,https://www.sevenfive.co.th/files/product/original/PRD175637486074.jpg
JTA2-302250170,https://www.sevenfive.co.th/files/product/original/PRD175522453641.jpg
JTA2-302250171,https://www.sevenfive.co.th/files/product/original/PRD175522454381.jpg
CAM1-60HPLN-150,https://www.sevenfive.co.th/files/product/original/PRD9fc4d1cabfbe6aa2ab13802032d5c8db.jpg
PIT2-60125501,https://www.sevenfive.co.th/files/product/original/PRD170937203463.jpg
TOP2-XDF5188-T2,https://www.sevenfive.co.th/files/product/original/PRD175522683711.jpg
TOP2-ZZ85,https://www.sevenfive.co.th/files/product/original/PRD175522685131.jpg
BER2-BA-C-SALA-1,https://www.sevenfive.co.th/files/product/original/PRD175653833242.jpg
PIM2-EDO-007,https://www.sevenfive.co.th/files/product/original/PRD175705861731.jpg
PIM2-TC22-14,https://www.sevenfive.co.th/files/product/original/PRD175705888041.jpg
CAM1-82HP-150,https://www.sevenfive.co.th/files/product/original/PRD5a19a10aa4cb7772d1ca72a695ca4a19.jpg
CAM1-84HP-150,https://www.sevenfive.co.th/files/product/original/PRDc400d7abc6bcb77f09dfa571a5f4d8bf.jpg
CAM1-86HP-150,https://www.sevenfive.co.th/files/product/original/PRD7a41b18986a650b02b14459a0572b17e.jpg
WIN2-3105106,https://www.sevenfive.co.th/files/product/original/PRD2f0a300bd8d1db2b034ae1bea906700f.png
WIN2-4001015,https://www.sevenfive.co.th/files/product/original/PRDcdeb7524568be470c76aef0e277b8069.png
WIN2-4001024,https://www.sevenfive.co.th/files/product/original/PRD175653919788.jpg
WIN2-4002006,https://www.sevenfive.co.th/files/product/original/PRD555c5e25cca35c277e78b76fd2111622.png
WIN2-4004006,https://www.sevenfive.co.th/files/product/original/PRD3a90646f2abc261e012bc1dd80fe3597.png
SIR2-IV7300505,https://www.sevenfive.co.th/files/product/original/PRD14f212ba609f8bb3fb3a5988cac04944.png
CAM1-1218SCCW-135,https://www.sevenfive.co.th/files/product/original/PRD10b0e133f9debfb00d23085ed85765cc.jpg
CAM1-1400TL-138,https://www.sevenfive.co.th/files/product/original/PRDf132d612d064111ed8022730376c7075.jpg
CAM1-1400TL-110,https://www.sevenfive.co.th/files/product/original/PRDcf28d83cc41637a126b2dced27ba6c18.jpg
JTA2-302110698,https://www.sevenfive.co.th/files/product/original/PRD175522447491.jpg
CAM1-20HPLN-150,https://www.sevenfive.co.th/files/product/original/PRD516d60960b21e175029fd365df74aec8.jpg
BER2-HT-IRL1KW,https://www.sevenfive.co.th/files/product/original/PRD2e75b642089ddd8ddb4b63c6d6525893.png
BER2-HT-WO-1,https://www.sevenfive.co.th/files/product/original/PRD0f5b7deb744edd84b1532b094e959a02.png
BER2-TM-250-V,https://www.sevenfive.co.th/files/product/original/PRD53f41b05a3b5ef3b2adc4f6ec25a05dd.png
JTA2-301110033+0019+0066,https://www.sevenfive.co.th/files/product/original/PRDca640e37cb97f11b5d7a3564c6344122.png
LIN2-LE18,https://www.sevenfive.co.th/files/product/original/PRD39d433e750c93b7722372246d676e354.png
LIN2-LE21,https://www.sevenfive.co.th/files/product/original/PRD15e92e3c92c803d438849b60f440180c.png
LKK2-SWITCH(LK-PL),https://www.sevenfive.co.th/files/product/original/PRD175653892977.jpg
PIM2-302170023,https://www.sevenfive.co.th/files/product/original/PRD3a5adcbde35649df3bf394e8b700ad38.jpg
ZAN2-LAMP0055,https://www.sevenfive.co.th/files/product/original/PRD3b2d51ab13222a78c5e7422d4a8b4fcf.jpg
ZAN2-INTE0009,https://www.sevenfive.co.th/files/product/original/PRDbf198aff1b026b3f6c0a9c556a54c8be.jpg
LKK2-6205-2RS1,https://www.sevenfive.co.th/files/product/original/PRD170937074025.jpg
LIN2-LE19,https://www.sevenfive.co.th/files/product/original/PRDc46c71d4059379ed9063cba3d92e43cb.png
LKK2-62112RS,https://www.sevenfive.co.th/files/product/original/PRD21913d65c2df4cb4ca15e21c9af548d4.jpg
CAM2-S07012,https://www.sevenfive.co.th/files/product/original/PRD175653837999.jpg
SIR2-19320203X,https://www.sevenfive.co.th/files/product/original/PRD170937361360.jpg
ROB2-EC0158,https://www.sevenfive.co.th/files/product/original/PRD170937227488.jpg
CHE1-PROCLEAN11-20L,https://www.sevenfive.co.th/files/product/original/PRD6bc5c1a356ce274fb25d4410033f58d2.jpg
CHE1-PROCLEAN12-10L,https://www.sevenfive.co.th/files/product/original/PRDfcad46882ff7a0542821700f8a28b827.jpg
CHE1-PROCLEAN12-20L,https://www.sevenfive.co.th/files/product/original/PRD6dc6fde3caea68eb08dea3d102482c3f.jpg
CHE1-PROCLEAN11-10L,https://www.sevenfive.co.th/files/product/original/PRDf15794cb363534830cf8351a7cd2c418.jpg
PIM2-EWB16B25B-11,https://www.sevenfive.co.th/files/product/original/PRD175705882693.jpg
PIM2-EWB16B25B-29,https://www.sevenfive.co.th/files/product/original/PRD175705883517.jpg
PIM2-EWB16B25B-30,https://www.sevenfive.co.th/files/product/original/PRD175705883638.jpg
PIM2-EWB16B25B-31,https://www.sevenfive.co.th/files/product/original/PRD175705883874.jpg
TBA2-AE2425ZK00,https://www.sevenfive.co.th/files/product/original/PRD175653907997.jpg
TBA2-M724400605,https://www.sevenfive.co.th/files/product/original/PRD175653913839.jpg
ROB2-EC0274,https://www.sevenfive.co.th/files/product/original/PRD170937227969.jpg
PIT2-P6072145,https://www.sevenfive.co.th/files/product/original/PRD17093720903.jpg
PIM2-302110440,https://www.sevenfive.co.th/files/product/original/PRD17575715146.jpg
CHE1-PROCLEAN10-20L,https://www.sevenfive.co.th/files/product/original/PRDe8fb0e42319eabb27d1dd737faa36844.jpg
KIT2-W10380496,https://www.sevenfive.co.th/files/product/original/PRD170937030825.jpg
BER2-CC-16-C5-6-1,https://www.sevenfive.co.th/files/product/original/PRD175653833673.jpg
ZNS2-0Q0002,https://www.sevenfive.co.th/files/product/original/PRD170937549179.jpg
ZNS2-0L0612,https://www.sevenfive.co.th/files/product/original/PRD170937548281.jpg
ZNS2-0L0557,https://www.sevenfive.co.th/files/product/original/PRD170937548184.jpg
ZNS2-0L0067,https://www.sevenfive.co.th/files/product/original/PRD170937547617.jpg
ZNS2-0E5056,https://www.sevenfive.co.th/files/product/original/PRD170937547319.jpg
ZNS2-0C7534,https://www.sevenfive.co.th/files/product/original/PRDf4ae7befe2b8721fef2e99160fe5773f.jpg
ZNS2-0C7533,https://www.sevenfive.co.th/files/product/original/PRDac61577d6cbec3c05beab9628819c9cd.jpg
ZNS2-0C0139,https://www.sevenfive.co.th/files/product/original/PRDc5c2423bfe058e6a64f9b23e0318f8a5.jpg
ZNS2-0C0138,https://www.sevenfive.co.th/files/product/original/PRD875466e2b1307d0cc20ab0e31df32d41.jpg
ZNS2-052256,https://www.sevenfive.co.th/files/product/original/PRDc764acf7b1fdd669fbcfbb5fdbec2454.jpg
ZNS2-052246,https://www.sevenfive.co.th/files/product/original/PRD57a7ad9ab9d15632297726b8e8895f19.jpg
ZNS2-049901,https://www.sevenfive.co.th/files/product/original/PRD170937541460.jpg
ZNS2-049849,https://www.sevenfive.co.th/files/product/original/PRD170937541415.jpg
ZNS2-048236,https://www.sevenfive.co.th/files/product/original/PRD170937539398.jpg
ZNS2-048230,https://www.sevenfive.co.th/files/product/original/PRD903f9c63b797e3c5645a836115c5631f.jpg
WNK1-E04SB4040,https://www.sevenfive.co.th/files/product/original/PRDcb222ea7462167b3ce53f631685f5b25.png
WNK1-E04SB2525,https://www.sevenfive.co.th/files/product/original/PRDf12ea709fb68d087e19eab10d8ff8491.png
WNK1-E04SB2020,https://www.sevenfive.co.th/files/product/original/PRDe3059a7494c42e8fe63ca5bc9db1fed9.png
WIN2-71002591,https://www.sevenfive.co.th/files/product/original/PRD9d83718d57a46cdd4ae4c4bc690d0f29.png
WIN2-70002581,https://www.sevenfive.co.th/files/product/original/PRD175653921413.jpg
WIN2-62001953,https://www.sevenfive.co.th/files/product/original/PRD97c595b4a00d29cd73d524b7ba2b176c.png
WIN2-3124035,https://www.sevenfive.co.th/files/product/original/PRDbea7e55ceecc574e1c4e97267aa0f2af.jpg
WIN2-3124034,https://www.sevenfive.co.th/files/product/original/PRDc56760b427a9e33bf2294580c17512a3.jpg
WIN2-2310304(GS14),https://www.sevenfive.co.th/files/product/original/PRD709005cdaee6f778c7aff09471c28432.png
WIN2-2310304,https://www.sevenfive.co.th/files/product/original/PRD430dc390ca3302796b9d115cc959c58a.png
VRM2-R40-99,https://www.sevenfive.co.th/files/product/original/PRD170937566946.jpg
VRM2-R40-98,https://www.sevenfive.co.th/files/product/original/PRD170937566975.jpg
VRM2-R40-97,https://www.sevenfive.co.th/files/product/original/PRD170937566875.jpg
VRM2-AR40PH-604Z,https://www.sevenfive.co.th/files/product/original/PRD170937521081.jpg
VRM1-AR60-M060-0074,https://www.sevenfive.co.th/files/product/original/PRD175125407297.jpg
VRM1-AR60-M060-0073,https://www.sevenfive.co.th/files/product/original/PRD170955818230.jpg
VRM1-AR40-M040-0077,https://www.sevenfive.co.th/files/product/original/PRDabebeeef228b86f03323977c3c325525.png
VRM1-AR40-M040-0076-SP-FG,https://www.sevenfive.co.th/files/product/original/PRD7d880c7c6860a81181c01b933bbd0e03.png
VOL1-90262,https://www.sevenfive.co.th/files/product/original/PRD4e348c8a92b43d53e3d39d11e9a31167.jpg
VOL1-90222,https://www.sevenfive.co.th/files/product/original/PRD31b8d7517771cf840d054877b0b15887.jpg
VOL1-86129,https://www.sevenfive.co.th/files/product/original/PRDcbe0849768833dad8b4020cef1a033fe.jpg
VOL1-86127,https://www.sevenfive.co.th/files/product/original/PRD12401a3344bbd6e2b3887931fcd4104e.jpg
VOL1-86126,https://www.sevenfive.co.th/files/product/original/PRDe010ff679bc1cb9a777c9c6e97e69638.jpg
VOL1-86125,https://www.sevenfive.co.th/files/product/original/PRD77fd6f44c260d3bd5563197cfe823967.jpg
VOL1-86123,https://www.sevenfive.co.th/files/product/original/PRD7e6276889cb33eef5875c8110038cf19.jpg
VOL1-86120,https://www.sevenfive.co.th/files/product/original/PRDe591466ad3868580133f2aacca5fd277.jpg
VOL1-86117,https://www.sevenfive.co.th/files/product/original/PRD5ab65c3f7e8e1020691baaa1afb5cf68.jpg
VOL1-86110,https://www.sevenfive.co.th/files/product/original/PRD5ae2785e2230bdad9fbaf421d70d6748.jpg
VOL1-86104,https://www.sevenfive.co.th/files/product/original/PRDec471f31a04d19e4bfd040738bc9c33f.jpg
VOL1-8008420,https://www.sevenfive.co.th/files/product/original/PRDe6e2fdbfc8852fe65d171abbe27e66de.jpg
VOL1-8006420,https://www.sevenfive.co.th/files/product/original/PRDdc3e81f99cbabcabd3ef9433f17a0c9c.jpg
VOL1-8004420,https://www.sevenfive.co.th/files/product/original/PRD97b0241fba3c9e1a6f4b9e828d56b4ac.jpg
VOL1-62324,https://www.sevenfive.co.th/files/product/original/PRD00a321abe90a96541e24a70ac58b73ed.jpg
VOL1-62318,https://www.sevenfive.co.th/files/product/original/PRD1770725baa5038bb1f30f0b43a83cf6c.jpg
VOL1-62311,https://www.sevenfive.co.th/files/product/original/PRDb8b6201b5baef9a0219ac473cc164e58.jpg
VOL1-62303,https://www.sevenfive.co.th/files/product/original/PRD9edbce5566bb5a3299641a66bded78de.jpg
VOL1-52009,https://www.sevenfive.co.th/files/product/original/PRD630b294018c60e6b48e0512c062ad1cb.jpg
VOL1-34100,https://www.sevenfive.co.th/files/product/original/PRDba38f422fcb688cb5ce17643b3670146.jpg
VOL1-31200,https://www.sevenfive.co.th/files/product/original/PRD2d41e5e00896e5315e95c684427213bf.jpg
VOL1-31100,https://www.sevenfive.co.th/files/product/original/PRD9f6f451b37209100d23e17a21d861112.jpg
TS1-EC-3103,https://www.sevenfive.co.th/files/product/original/PRD170928759217.jpg
TS1-EC-3102,https://www.sevenfive.co.th/files/product/original/PRD17092875924.jpg
TS1-B-0320,https://www.sevenfive.co.th/files/product/original/PRD170928758339.jpg
TS1-B-0300,https://www.sevenfive.co.th/files/product/original/PRD170928758315.jpg
TS1-5F-4DLS12,https://www.sevenfive.co.th/files/product/original/PRD170928757537.jpg
TOP1-XDF-5148S-S(5M),https://www.sevenfive.co.th/files/product/original/PRD0c059491d015111b2eb5c2a443ad80ec.jpg
TOP1-M98E-507SN12,https://www.sevenfive.co.th/files/product/original/PRDfcf0aac8b0fbcbb5124eaa871ddf0de2.png
TOP1-M98E-507SN10,https://www.sevenfive.co.th/files/product/original/PRDdd04b09aab79582021aa94fe013134a9.png
TOP1-M98E-507SG03,https://www.sevenfive.co.th/files/product/original/PRDb6446ff33a829a532540d8bb84bedb7f.jpg
TOP1-M98E-506SN12,https://www.sevenfive.co.th/files/product/original/PRDdcf33db6cb732df1c65a2a5dc6fc380e.jpg
TOP1-M98E-506SN10,https://www.sevenfive.co.th/files/product/original/PRD175135953278.jpg
TOP1-M98E-505SN12,https://www.sevenfive.co.th/files/product/original/PRD81c6de45236d8a889fae60875bb82ace.jpg
TOP1-M98E-505SN06,https://www.sevenfive.co.th/files/product/original/PRDb09e2823da643623262bb0e99e8b67c4.jpg
TOP1-M98E-504SG03,https://www.sevenfive.co.th/files/product/original/PRD175263578415.jpg
TOP1-M98E-503SN10,https://www.sevenfive.co.th/files/product/original/PRD175263578448.jpg
TOP1-M98E-501SN10,https://www.sevenfive.co.th/files/product/original/PRDaf41691306facb5881f399034757b3f7.png
TOP1-M98E-501SN08,https://www.sevenfive.co.th/files/product/original/PRD396fddae1884189164ae33c1c4c9df99.jpg
TOP1-M98E-101,https://www.sevenfive.co.th/files/product/original/PRD1b81c4f6c8dd0701cab25cde9b693059.jpg
TOP1-M98E-100,https://www.sevenfive.co.th/files/product/original/PRD78023e0674d37680721fa48a2d3a0abf.jpg
TOP1-M-H098-SV1,https://www.sevenfive.co.th/files/product/original/PRD175291884324.jpg
TOP1-M-H098-SV,https://www.sevenfive.co.th/files/product/original/PRD175263578587.jpg
TOP1-M-098-SV,https://www.sevenfive.co.th/files/product/original/PRD1e258edd0ab5fd53d661fafa6becfb11.jpg
TOP1-GR200A,https://www.sevenfive.co.th/files/product/original/PRD5f061ea7ec7fca8d77c6e06484e06542.jpg
TOP1-GR200,https://www.sevenfive.co.th/files/product/original/PRD175135953024.jpg
TOP1-GR138,https://www.sevenfive.co.th/files/product/original/PRDe2b0dddb4ace33bec6043da6636f2183.jpg
TOP1-GR137,https://www.sevenfive.co.th/files/product/original/PRDeea62a79c32baa69a1d8dff282a6f985.jpg
TOP1-9870-D,https://www.sevenfive.co.th/files/product/original/PRD0aafdd9471f58eca9fe31e44c0991b3a.jpg
TOP1-9870-C,https://www.sevenfive.co.th/files/product/original/PRDe95f55610282a24989a39d75d7a5f369.jpg
TOP1-9860-B,https://www.sevenfive.co.th/files/product/original/PRD3c7a13ad8ea3120e9e277842dfece786.jpg
TOP1-9860-A,https://www.sevenfive.co.th/files/product/original/PRD3ca87e251561ce2aa869bf03e8ffc930.jpg
TOP1-9851,https://www.sevenfive.co.th/files/product/original/PRDeb62198ff6027421174670ba862a9930.jpg
TOP1-9822-P3,https://www.sevenfive.co.th/files/product/original/PRD5c79eefe1cf6ae32dd8829ce118f7dea.jpg
TOP1-9822-12,https://www.sevenfive.co.th/files/product/original/PRDc3512e233e6d0668ee32e6f19d2799d1.jpg
TOP1-9820-P3,https://www.sevenfive.co.th/files/product/original/PRDde8777918f495d4afddde2305014829a.jpg
TOP1-9818-P3,https://www.sevenfive.co.th/files/product/original/PRDd88b68af557fa488311e7a450f6d4c6d.jpg
TOP1-9816-P3,https://www.sevenfive.co.th/files/product/original/PRDad388e3fe98a56f7fa9802d816bc3bea.jpg
TOP1-9816-12,https://www.sevenfive.co.th/files/product/original/PRDf79a0f0c2224534030f6bed6ee8c3117.jpg
TOP1-9815-P3,https://www.sevenfive.co.th/files/product/original/PRD98b900339c59872c4539493f3ad82eff.jpg
TOP1-9814-12,https://www.sevenfive.co.th/files/product/original/PRD6622880e3575b0449f8976e280f77473.jpg
TOP1-9813-P5,https://www.sevenfive.co.th/files/product/original/PRD7e18279eded6b38387f801c03f8356e4.jpg
TOP1-9813-12,https://www.sevenfive.co.th/files/product/original/PRDf6a9b08d826c60b9b050651457af4bea.jpg
TOP1-9804-P3,https://www.sevenfive.co.th/files/product/original/PRD175135952757.jpg
TOP1-9803-P3,https://www.sevenfive.co.th/files/product/original/PRDa5915b567a5568e4d831547eaf313259.jpg
TOP1-98008M-2,https://www.sevenfive.co.th/files/product/original/PRDa9d4607b84645023811209d663b17cfa.jpg
TOP1-98008-2,https://www.sevenfive.co.th/files/product/original/PRDb72d139d01a4d89c6c2b392819a7e699.jpg
TOP1-581002,https://www.sevenfive.co.th/files/product/original/PRDafbe27de16baf5455bbd00342a7515d4.jpg
TOP1-20114,https://www.sevenfive.co.th/files/product/original/PRD175135952550.jpg
TOP1-20109,https://www.sevenfive.co.th/files/product/original/PRDac8c7774858e72088b698d7e7b205d93.jpg
TBA2-P996300303,https://www.sevenfive.co.th/files/product/original/PRD170937511066.jpg
TBA2-P996300203,https://www.sevenfive.co.th/files/product/original/PRD170937510966.jpg
TBA2-KID5400100,https://www.sevenfive.co.th/files/product/original/PRD17565391199.jpg
TBA2-K3F5400600,https://www.sevenfive.co.th/files/product/original/PRD17565391103.jpg
TBA2-K2F9700100-KR,https://www.sevenfive.co.th/files/product/original/PRD175653910033.jpg
TBA2-K1F0516200,https://www.sevenfive.co.th/files/product/original/PRD175653909353.jpg
TBA2-K1F0516100,https://www.sevenfive.co.th/files/product/original/PRD17565390925.jpg
TBA1-KURF18-3-W(750MM),https://www.sevenfive.co.th/files/product/original/PRDa718274adfd0c39615fde64ecd736399.jpg
TBA1-KURF18-3-L(750MM),https://www.sevenfive.co.th/files/product/original/PRD6196af426590dc076702df6e7b86b994.jpg
TBA1-KURF15-2-W(750MM),https://www.sevenfive.co.th/files/product/original/PRD785de467d520f6a0524f47ab3c2afce3.jpg
TBA1-KURF15-2-L(750MM),https://www.sevenfive.co.th/files/product/original/PRD97b778e45e73ba1b199995c26814315a.jpg
TBA1-KURF12-2-W(750MM),https://www.sevenfive.co.th/files/product/original/PRD3247c38baca13971dacefa55cdd5e2a6.jpg
TBA1-KURF12-2-L(750MM),https://www.sevenfive.co.th/files/product/original/PRD5fbfe8c8b4c863a85970a614def53c67.jpg
TBA1-KUR9-3D-3-W(750-MM),https://www.sevenfive.co.th/files/product/original/PRD19bb50fda1ebe62b8615aad8db3db945.jpg
TBA1-KUR9-3D-3-L(750-MM),https://www.sevenfive.co.th/files/product/original/PRDd187acec2aa5eef1935d2c51021fcd03.jpg
TBA1-KUR9-1-W(750-MM),https://www.sevenfive.co.th/files/product/original/PRDf39f0eb6ecc31e31414f0d191db7f8e0.jpg
TBA1-KUR9-1-L(750MM),https://www.sevenfive.co.th/files/product/original/PRD0fcd6cdf1814b46c7a3c5364d08a1bc7.jpg
TBA1-KUR18-3D-9(750MM),https://www.sevenfive.co.th/files/product/original/PRDb18c749821ca2c5f494fd0fb53fbaae7.jpg
TBA1-KUR18-3D-9-L(750MM),https://www.sevenfive.co.th/files/product/original/PRDff2ee139175281bbee23e9cbfaedc5ad.jpg
TBA1-KUR18-3D-6(750MM),https://www.sevenfive.co.th/files/product/original/PRDaab2b705e9275b6016d98b800a2e9341.jpg
TBA1-KUR18-3D-6-L(750MM),https://www.sevenfive.co.th/files/product/original/PRD1b2a5424d093a48fbb97fced0e83e430.jpg
TBA1-KUR18-3D-3(750MM),https://www.sevenfive.co.th/files/product/original/PRD194fcdd898b3005babd687c2f3e06ad1.jpg
TBA1-KUR18-3D-3-L(750MM),https://www.sevenfive.co.th/files/product/original/PRD0907215ef4c67c4ac049a60351fb472d.jpg
TBA1-KUR18-3-W(750MM)-R,https://www.sevenfive.co.th/files/product/original/PRD8f52b02b638804981cdb59cb837cf150.jpg
TBA1-KUR18-3-W(750MM),https://www.sevenfive.co.th/files/product/original/PRDc9cb8d445e6d041b285f2229f520bc23.jpg
TBA1-KUR18-3-LW(750MM)-R,https://www.sevenfive.co.th/files/product/original/PRD8f0f0e5adf51d2c48924338a331a22fb.jpg
TBA1-KUR18-3-L(750MM),https://www.sevenfive.co.th/files/product/original/PRDce2c78c8cb4102ad0d823d5377ed178a.jpg
TBA1-KUR15-3D-6-L(750MM),https://www.sevenfive.co.th/files/product/original/PRD27abb7dba88c9e8cf200975ff48421b7.jpg
TBA1-KUR15-3D-3-L(750-MM),https://www.sevenfive.co.th/files/product/original/PRDe4c4f59b8405e27b7a98c394ba9f1bfd.jpg
TBA1-KUR15-2-W(750MM),https://www.sevenfive.co.th/files/product/original/PRDb7efa9cc5a499d1e32771414f4e43f0d.jpg
TBA1-KUR15-2-L(750MM),https://www.sevenfive.co.th/files/product/original/PRDf6d664354eea0dd5144304ed6bfa9728.jpg
TBA1-KUR12-2-W(750MM),https://www.sevenfive.co.th/files/product/original/PRD6f7b49cba56a84c0275bc38233055f0b.jpg
TBA1-KUR12-2-L(750MM),https://www.sevenfive.co.th/files/product/original/PRD3842da5c71ba7c1dcf4f741c39c6067a.jpg
TBA1-KUF9-1-W(750-MM),https://www.sevenfive.co.th/files/product/original/PRDb5121a80651aa1e167ac35b5fb4b04fa.jpg
TBA1-KUF9-1-L(750-MM),https://www.sevenfive.co.th/files/product/original/PRD416e1e4d3839051c65d832a3467c76b8.jpg
TBA1-KUF18-3-W(750MM),https://www.sevenfive.co.th/files/product/original/PRD5079a0fb36b665a874e0131c5258e35f.jpg
TBA1-KUF18-3-L(750MM),https://www.sevenfive.co.th/files/product/original/PRD8e7b0506ca129a873dc2a9680e0b701a.jpg
TBA1-KUF15-3D-6-W(750MM),https://www.sevenfive.co.th/files/product/original/PRDa37bbcc7f46344d84930da5f6bcf4e8a.jpg
TBA1-KUF15-3D-6-L(750MM),https://www.sevenfive.co.th/files/product/original/PRDc687aa5cc499f263a5a7b98cbffda456.jpg
TBA1-KUF15-3D-3-W(750MM),https://www.sevenfive.co.th/files/product/original/PRD2e671823447d6bdd62d17f6a614a343f.jpg
TBA1-KUF15-3D-3-L(750MM),https://www.sevenfive.co.th/files/product/original/PRD433942767cd78228bf99092becab31e8.jpg
TBA1-KUF15-2-W(750MM),https://www.sevenfive.co.th/files/product/original/PRD4128ea70cff38b90c188487769e99e68.jpg
TBA1-KUF15-2-L(750MM),https://www.sevenfive.co.th/files/product/original/PRD746c7d76261ac1c98e47666e4a0df7e9.jpg
TBA1-KUF12-2-W(750MM),https://www.sevenfive.co.th/files/product/original/PRD4ac0cad6ac5d5b508963b62929efb840.jpg
TBA1-KUF12-2-L(750MM),https://www.sevenfive.co.th/files/product/original/PRDa6f9cd09228e07aeebc2494d83e907bc.jpg
TBA1-KSR9-1-W(750MM),https://www.sevenfive.co.th/files/product/original/PRD36ac09f43197f47d52bcc574391a44fd.jpg
TBA1-KSR9-1-L(750MM),https://www.sevenfive.co.th/files/product/original/PRD5f807cd55ad62f1b952399e320335931.jpg
TBA1-KSR18-3-W(750MM),https://www.sevenfive.co.th/files/product/original/PRDd83636022f6905340852aa0ce3cb94ae.jpg
TBA1-KSR18-3-LW(750MM),https://www.sevenfive.co.th/files/product/original/PRDe9f7006d736a3fa774517264bbc49125.jpg
TBA1-KSR18-3-LW-RT(750MM),https://www.sevenfive.co.th/files/product/original/PRD5138b1de20800c098d7f99aed81d4750.jpg
TBA1-KSR18-3-L(750MM),https://www.sevenfive.co.th/files/product/original/PRDdf0fa58a738b7870dcafadf964bc0464.jpg
TBA1-KSR15-2-W(750MM),https://www.sevenfive.co.th/files/product/original/PRD10200d46bc831f8b3f0c97b5649a3dd7.jpg
TBA1-KSR15-2-L(750MM),https://www.sevenfive.co.th/files/product/original/PRD5dcb4c29a7efe7227f93210b05a4c48d.jpg
TBA1-KSR12-2-W(750MM),https://www.sevenfive.co.th/files/product/original/PRDc2a50ab1ac1f31d7dcfe669c8248cade.jpg
TBA1-KSR12-2-L(750MM),https://www.sevenfive.co.th/files/product/original/PRD049990f6fdeacd1b18f5fc492bf0c6d0.jpg
TBA1-KRF65-6-W,https://www.sevenfive.co.th/files/product/original/PRD938b4f85a1e56eeccf9fb1fab78a6c39.jpg
TBA1-KRF65-6-L,https://www.sevenfive.co.th/files/product/original/PRD370ffc71d30f175ac9072b4e432f4b75.jpg
TBA1-KRF45-4H-W,https://www.sevenfive.co.th/files/product/original/PRD85214fb4d4a10624676d72606f845cbd.jpg
TBA1-KRF45-4H-L,https://www.sevenfive.co.th/files/product/original/PRDb2ad920dd2b8e7c66eadfaf18ab99f5a.jpg
TBA1-KRF25-2-LW,https://www.sevenfive.co.th/files/product/original/PRDad2a8d2a5559bd351e35d24b099d44b6.jpg
TBA1-KRF25-2-L,https://www.sevenfive.co.th/files/product/original/PRDd9524d889cdd52d6063f93bd9d75c334.jpg
TBA1-KR65-6G-W,https://www.sevenfive.co.th/files/product/original/PRD107df1a82dfc59aa896611941f6e1fe9.jpg
TBA1-KR65-6G-LW,https://www.sevenfive.co.th/files/product/original/PRD88c8837bfe6a9b15d85659be6994aabc.jpg
TBA1-KR65-6-W,https://www.sevenfive.co.th/files/product/original/PRDeb4d7474d2d191e54c25ff93ac72624a.jpg
TBA1-KR65-6-L,https://www.sevenfive.co.th/files/product/original/PRDe9d22dee5429e988a3c5a4162c290cf3.jpg
TBA1-KR65-3G-W,https://www.sevenfive.co.th/files/product/original/PRD2412b12238879e04cba3a79b05c9f1e6.jpg
TBA1-KR65-3G-L,https://www.sevenfive.co.th/files/product/original/PRD7fe2ea6cebbf639628a2618ed05a2756.jpg
TBA1-KR65-3-W,https://www.sevenfive.co.th/files/product/original/PRDd3a61f8c4107f490351298f2f8d4b454.jpg
TBA1-KR65-3-L,https://www.sevenfive.co.th/files/product/original/PRDbd868e7deeb9afc61be2fd6bb81a7007.jpg
TBA1-KR45-4G-W,https://www.sevenfive.co.th/files/product/original/PRD13dd5d5117afdff32ff1d0f025b80837.jpg
TBA1-KR45-4G-L,https://www.sevenfive.co.th/files/product/original/PRDe65df4affcc0952df8b1128cbcb19e28.jpg
TBA1-KR45-4-W,https://www.sevenfive.co.th/files/product/original/PRDb0ef9b73cbe85d6c013b12f51e19da08.jpg
TBA1-KR45-4-L,https://www.sevenfive.co.th/files/product/original/PRD661a50ff7330db7f188e0a4691f16c3b.jpg
TBA1-KR45-2G-W,https://www.sevenfive.co.th/files/product/original/PRDd5691ab5d8d040ddde495ed198c43103.jpg
TBA1-KR45-2G-L,https://www.sevenfive.co.th/files/product/original/PRD14c24d90ae7cf6be8e920a42a9a6aa3a.jpg
TBA1-KR45-2-LW,https://www.sevenfive.co.th/files/product/original/PRDfccbbaa76db677523164edddad6c8abd.jpg
TBA1-KR45-2-L,https://www.sevenfive.co.th/files/product/original/PRD6fa9ec483b9fa195605e097506d8987d.jpg
TBA1-KR25-2G-L,https://www.sevenfive.co.th/files/product/original/PRD362e860f9167b542e3c4303e76cf8f0c.jpg
TBA1-KR25-2-W,https://www.sevenfive.co.th/files/product/original/PRDed9ade810c33f92c940d35f44dd6f224.jpg
TBA1-KR25-2-L,https://www.sevenfive.co.th/files/product/original/PRDe6c84c6c6c1a06d498552c9a41273d1d.jpg
TBA1-KR25-1G-W,https://www.sevenfive.co.th/files/product/original/PRD174c8f39fa24ed2314e7debe355756aa.jpg
TBA1-KR25-1G-LW,https://www.sevenfive.co.th/files/product/original/PRD313c9e0166b41bb37cb99b657f43a18f.jpg
TBA1-KR25-1-W,https://www.sevenfive.co.th/files/product/original/PRD227c50bd1590f9ff9803bc6a463102af.jpg
TBA1-KR25-1-LW,https://www.sevenfive.co.th/files/product/original/PRD8db2e38103ce1b2780c8b199a47feac3.jpg
TBA1-KHR9-1-W(750-MM),https://www.sevenfive.co.th/files/product/original/PRD3a6acbb2a781437d9760e48ec92fb364.jpg
TBA1-KHR9-1-LW(750-MM),https://www.sevenfive.co.th/files/product/original/PRD69f2f6f139bb99e469933fddc9945bd5.jpg
TBA1-KHR9-1-L(750-MM),https://www.sevenfive.co.th/files/product/original/PRD8320a9455349dce761fbf402dc871fae.jpg
TBA1-KHR18-3-LW(750MM),https://www.sevenfive.co.th/files/product/original/PRD994716cf298e94f945632eebb9aafb32.jpg
TBA1-KHR18-3-L(750-MM),https://www.sevenfive.co.th/files/product/original/PRD4811b76862152157098c86e50d59d522.jpg
TBA1-KHR15-2-W(750-MM),https://www.sevenfive.co.th/files/product/original/PRDfd6664198f08bc828196dfa2b11c7a73.jpg
TBA1-KHR15-2-LW(750-MM),https://www.sevenfive.co.th/files/product/original/PRD9a503cc08a08935311ec2bb9590429df.jpg
TBA1-KHR15-2-L(750-MM),https://www.sevenfive.co.th/files/product/original/PRDdc85ec228ac808d386268d73a763c372.jpg
TBA1-KHR12-2-W(750MM),https://www.sevenfive.co.th/files/product/original/PRD45fa4d67ddedad618c430ffda559f4ab.jpg
TBA1-KHR12-2-LW(750MM),https://www.sevenfive.co.th/files/product/original/PRDd2f3971639b4a894b141e51c90b96a0e.jpg
TBA1-KHR12-2-L(750MM),https://www.sevenfive.co.th/files/product/original/PRD6f7af31d81bb3db892097f52dda641b8.jpg
TBA1-KGR9-1-W(750MM),https://www.sevenfive.co.th/files/product/original/PRD6050acd99c0eda83522b87f9e1ecebb1.jpg
TBA1-KGR9-1-L(750MM),https://www.sevenfive.co.th/files/product/original/PRD06cc2846c88c00d9f91466982cb33d54.jpg
TBA1-KGR18-3-LW(750-MM),https://www.sevenfive.co.th/files/product/original/PRDfd20de89ab5ddbe645ddfffb5f12964f.jpg
TBA1-KGR18-3-L(750-MM),https://www.sevenfive.co.th/files/product/original/PRD27ab49b4ba322e75bb43fc547ad66139.jpg
TBA1-KGR15-2-W(750-MM),https://www.sevenfive.co.th/files/product/original/PRD5c9aa612098260b49c01d2733fd86b44.jpg
TBA1-KGR15-2-LW(750-MM),https://www.sevenfive.co.th/files/product/original/PRD3d57dd24158d6e8573998b03a346102a.jpg
TBA1-KGR15-2-L(750-MM),https://www.sevenfive.co.th/files/product/original/PRDa042847c545fda61b750f95e31e1de9e.jpg
TBA1-KGR12-2-W(750MM),https://www.sevenfive.co.th/files/product/original/PRDb17bbd5488cf4e6ac6a88b386a1fe572.jpg
TBA1-KGR12-2-L(750MM),https://www.sevenfive.co.th/files/product/original/PRDaf7ffeb307669e49bfc58e2ad0f2a718.jpg
TBA1-KF65-6-W,https://www.sevenfive.co.th/files/product/original/PRD13b366f17c2b9812c6eb1b0f2478423b.jpg
TBA1-KF65-6-LW,https://www.sevenfive.co.th/files/product/original/PRD3a66b8ea5344cc2ccadb989a72765b53.jpg
TBA1-KF65-6-L,https://www.sevenfive.co.th/files/product/original/PRDc79525ad074f6300ace5605fff4bb592.jpg
TBA1-KF65-3-W,https://www.sevenfive.co.th/files/product/original/PRD7db76fe395604acc8975f77d39c90372.jpg
TBA1-KF65-3-LW,https://www.sevenfive.co.th/files/product/original/PRDa8c2d962e307d92464815ad4da767336.jpg
TBA1-KF65-3-L,https://www.sevenfive.co.th/files/product/original/PRD96e273d5fc47b44e6917d70d16165961.jpg
TBA1-KF45-4G-W,https://www.sevenfive.co.th/files/product/original/PRDa9282f4ac2c60005295c09ec2fc973e0.jpg
TBA1-KF45-4G-L,https://www.sevenfive.co.th/files/product/original/PRD72777bbc0d1fa50750bdc84ad4dafb0e.jpg
TBA1-KF45-4-W,https://www.sevenfive.co.th/files/product/original/PRDe184d3437221933559d6660f26ffc33d.jpg
TBA1-KF45-4-LW,https://www.sevenfive.co.th/files/product/original/PRD20bf3cf181918db9aee75ea84fceaa9e.jpg
TBA1-KF45-2G-W,https://www.sevenfive.co.th/files/product/original/PRDe658bc9cfffe40638ff1ab02b5fae7e8.jpg
TBA1-KF45-2G-L,https://www.sevenfive.co.th/files/product/original/PRD0748cd65724fa0321b0b43bc4bf1e207.jpg
TBA1-KF45-2-W,https://www.sevenfive.co.th/files/product/original/PRD25db9d09ec76556ef90aa776e300dd3c.jpg
TBA1-KF45-2-L,https://www.sevenfive.co.th/files/product/original/PRD19ae4465a82019d9ead2732476322203.jpg
TBA1-KF25-2G-W,https://www.sevenfive.co.th/files/product/original/PRD49798a513d9b86d06bda1bfbe113fe20.jpg
TBA1-KF25-2G-LW,https://www.sevenfive.co.th/files/product/original/PRDfd98445fe3b3e9a6c3826a729fe5d82b.jpg
TBA1-KF25-2-W,https://www.sevenfive.co.th/files/product/original/PRD8ceb9e01c1f0e565e6e7fa7d4023a42d.jpg
TBA1-KF25-2-L,https://www.sevenfive.co.th/files/product/original/PRD092bc9e83e1e4a5fb9b97eeb3ad2f3ad.jpg
TBA1-KF25-1G-W,https://www.sevenfive.co.th/files/product/original/PRD0255b788b3073f937f121f2041783780.jpg
TBA1-KF25-1G-L,https://www.sevenfive.co.th/files/product/original/PRD654b08fadb3d4b7aab6f7709248559b2.jpg
TBA1-KF25-1-W,https://www.sevenfive.co.th/files/product/original/PRDd606d144b50ba17c8f0480002f408ac0.jpg
TBA1-KF25-1-LW,https://www.sevenfive.co.th/files/product/original/PRD360317099fa9f5990e91bd319562c20b.jpg
TAC1-R247,https://www.sevenfive.co.th/files/product/original/PRD8ea85342964fe6b99d13eb9e82a1a735.jpg
TAC1-R2212,https://www.sevenfive.co.th/files/product/original/PRD3f4b24705a88ab713f159aafbaaf7773.jpg
TAC1-R169,https://www.sevenfive.co.th/files/product/original/PRD504e55625215794efec40ca255f5698a.jpg
TAC1-CB1824YB,https://www.sevenfive.co.th/files/product/original/PRD170938006711.jpg
TAC1-CB1824YA,https://www.sevenfive.co.th/files/product/original/PRD170938006757.jpg
TAC1-CB1824WB,https://www.sevenfive.co.th/files/product/original/PRD170938006616.jpg
TAC1-CB1824WA,https://www.sevenfive.co.th/files/product/original/PRD170938006624.jpg
TAC1-CB1824RB,https://www.sevenfive.co.th/files/product/original/PRD170938006594.jpg
TAC1-CB1824RA,https://www.sevenfive.co.th/files/product/original/PRD170938006544.jpg
TAC1-CB1824GNB,https://www.sevenfive.co.th/files/product/original/PRD170938006517.jpg
TAC1-CB1824BRB,https://www.sevenfive.co.th/files/product/original/PRD170938006414.jpg
TAC1-CB1824BRA,https://www.sevenfive.co.th/files/product/original/PRD170938006310.jpg
TAC1-CB1824BLB,https://www.sevenfive.co.th/files/product/original/PRD170938006396.jpg
TAC1-CB1520YB,https://www.sevenfive.co.th/files/product/original/PRD170938006278.jpg
TAC1-CB1520YA,https://www.sevenfive.co.th/files/product/original/PRD170938004059.jpg
TAC1-CB1520WA,https://www.sevenfive.co.th/files/product/original/PRD170938003924.jpg
TAC1-BK37510,https://www.sevenfive.co.th/files/product/original/PRD3aa005bc88b19e7c2d694c0c387308a0.jpg
TAC1-BK37508,https://www.sevenfive.co.th/files/product/original/PRD777e43080b4bc2e073735feedb9c4367.jpg
TAC1-BK37410,https://www.sevenfive.co.th/files/product/original/PRD34f4cfb209b6eab9feb980530c6ec226.jpg
SKP2-PM002H0092,https://www.sevenfive.co.th/files/product/original/PRD175653906914.jpg
SKP2-PM002H0091,https://www.sevenfive.co.th/files/product/original/PRD175653906961.jpg
SKP2-P996300303,https://www.sevenfive.co.th/files/product/original/PRD175653906856.jpg
SKP2-P996300203,https://www.sevenfive.co.th/files/product/original/PRD175653906768.jpg
SKP2-AM075S0020,https://www.sevenfive.co.th/files/product/original/PRD170937476399.jpg
SKP2-AM075S0010,https://www.sevenfive.co.th/files/product/original/PRD170937476253.jpg
SKP1-SIM-300A,https://www.sevenfive.co.th/files/product/original/PRD170953240158.jpg
SKP1-SIM-200A,https://www.sevenfive.co.th/files/product/original/PRD17095324017.jpg
SKP1-SIM-100A,https://www.sevenfive.co.th/files/product/original/PRD170953240031.jpg
SIR2-LF2013040,https://www.sevenfive.co.th/files/product/original/PRD17093743009.jpg
SIR2-LF2013038,https://www.sevenfive.co.th/files/product/original/PRD17093743002.jpg
SIR2-IB4104011,https://www.sevenfive.co.th/files/product/original/PRD170937403092.jpg
SIR2-IB4104010,https://www.sevenfive.co.th/files/product/original/PRD170937402959.jpg
SIR2-IB4004021,https://www.sevenfive.co.th/files/product/original/PRD170937398888.jpg
SIR2-IB4004020,https://www.sevenfive.co.th/files/product/original/PRD170937398741.jpg
SIR2-19560156,https://www.sevenfive.co.th/files/product/original/PRD170937375088.jpg
SIR2-19560154,https://www.sevenfive.co.th/files/product/original/PRD170937374979.jpg
SIR2-19534072,https://www.sevenfive.co.th/files/product/original/PRD170937373639.jpg
SIR2-19534023,https://www.sevenfive.co.th/files/product/original/PRD170937373452.jpg
SIR2-19522652,https://www.sevenfive.co.th/files/product/original/PRD170937371437.jpg
SIR2-19522615,https://www.sevenfive.co.th/files/product/original/PRD170937371289.jpg
SIR1-W8-TOP-50-BX-DB,https://www.sevenfive.co.th/files/product/original/PRD64f8592f1acdbd1fce34e137eb177894.jpg
SIR1-W8-TOP-50-BX,https://www.sevenfive.co.th/files/product/original/PRD1596bb25d1b9fb3064297f7f21acc2ab.jpg
SIR1-W8-TOP-40-DX-AOR,https://www.sevenfive.co.th/files/product/original/PRD2533ef9de014516a737389cf8d6f6eeb.jpg
SIR1-W8-40-EASY-TOUCH-BX,https://www.sevenfive.co.th/files/product/original/PRD5dc61c02609d4c9a65220a0eac4c9e1c.jpg
SIR1-VORTEX-75VT,https://www.sevenfive.co.th/files/product/original/PRDe1bbaf6c6f709f0dd0196f3abe661365.jpg
SIR1-TC22-COLORADO-MN,https://www.sevenfive.co.th/files/product/original/PRD6c7f17efe1e3ca78fea369e784da194e.jpg
SIR1-TC22-BARCELLONA-TU,https://www.sevenfive.co.th/files/product/original/PRD91d905f892a80f0e910dc5cada41505c.jpg
SIR1-SOFTCOOKER-WI-FOOD-X,https://www.sevenfive.co.th/files/product/original/PRD7f5fee78c45e6b85895d65404f72c447.jpg
SIR1-QUARZO250,https://www.sevenfive.co.th/files/product/original/PRD441a5b2112d6e388f72e837d12b218cc.jpg
SIR1-PALLADIO350-ING,https://www.sevenfive.co.th/files/product/original/PRD395f951b6f6c5c537a7ae43d4e35cf66.jpg
SIR1-ORIONE-Q-VV,https://www.sevenfive.co.th/files/product/original/PRD17092834413.jpg
SIR1-MIRRA300,https://www.sevenfive.co.th/files/product/original/PRD1f62305cf4ad0f6ae14622676a712b98.jpg
SIR1-MIRRA250C,https://www.sevenfive.co.th/files/product/original/PRDee76266eb10ace3ce0fd5f1f75e0655f.jpg
SIR1-MIRRA-300-Y09,https://www.sevenfive.co.th/files/product/original/PRD170953016780.jpg
SIR1-HERCULES-30-TA-2V-CE,https://www.sevenfive.co.th/files/product/original/PRD9b92954421263c4b6fcca4b63d9d0c13.jpg
SIR1-EASYVAC-TOUCH-40-BX,https://www.sevenfive.co.th/files/product/original/PRD8d3af49d97678b56f0ef298e56c1b274.jpg
SIR1-EASYVAC-TOUCH-30-BX-4,https://www.sevenfive.co.th/files/product/original/PRD6e8f81dbbe2e78ae91f7e1c31cb4233e.jpg
SIR1-EASYVAC-TOUCH-30-BX,https://www.sevenfive.co.th/files/product/original/PRDf2668c2040f7a3cd25541e8f585bf21d.jpg
SIR1-CREPES-1-MOLD-KOR.-CE,https://www.sevenfive.co.th/files/product/original/PRD5359fef7a6b7f2a8bd88760f12c9ae01.jpg
SIR1-CREPES-1-LS-KOR.-CE,https://www.sevenfive.co.th/files/product/original/PRD67229f9ba5472637b2552dfc6bd3f7b5.jpg
SIR1-CANOVA300,https://www.sevenfive.co.th/files/product/original/PRDd2722384b0a76da158f08d6ea0e971af.jpg
SIR1-CANOVA275,https://www.sevenfive.co.th/files/product/original/PRDb5b1b11748eb39a4ded37ad6271e7790.jpg
SIR1-APOLLO-Y15-CHR-SS-CE,https://www.sevenfive.co.th/files/product/original/PRDd98351ca1c068e474ecfe29695b2a0f6.jpg
SIR1-APOLLO-W-O-LEVER,https://www.sevenfive.co.th/files/product/original/PRDc74764696de098513be8116b60e627dc.jpg
SIR1-6Q-2800W,https://www.sevenfive.co.th/files/product/original/PRD7a7d8f8caa83bf36cee3f50b71861a77.jpg
SIR1-6Q-2400W,https://www.sevenfive.co.th/files/product/original/PRD335b094e34f064f21b2043fbe6efe258.jpg
SAN2-65273,https://www.sevenfive.co.th/files/product/original/PRD170937348129.jpg
SAN2-65272,https://www.sevenfive.co.th/files/product/original/PRD170937348035.jpg
SAN2-65271,https://www.sevenfive.co.th/files/product/original/PRD170937348047.jpg
SAN2-62114,https://www.sevenfive.co.th/files/product/original/PRD05076efd241f33f0a193a4c22c075ff3.jpg
SAN2-62106,https://www.sevenfive.co.th/files/product/original/PRD820c032c4a30e3a00294f48ed2339fee.jpg
SAN2-53538,https://www.sevenfive.co.th/files/product/original/PRD17565390477.jpg
SAN2-50220,https://www.sevenfive.co.th/files/product/original/PRD175653904074.jpg
SAN2-28875,https://www.sevenfive.co.th/files/product/original/PRD170937594160.jpg
SAN2-09167,https://www.sevenfive.co.th/files/product/original/PRD170937342263.jpg
SAN1-62DCA,https://www.sevenfive.co.th/files/product/original/PRD170954435837.jpg
SAN1-62,https://www.sevenfive.co.th/files/product/original/PRD170954435786.jpg
SAN1-37-4P,https://www.sevenfive.co.th/files/product/original/PRD170954435387.jpg
SAN1-37-4I,https://www.sevenfive.co.th/files/product/original/PRD170954435357.jpg
SAN1-37-2P,https://www.sevenfive.co.th/files/product/original/PRD17095443526.jpg
SAN1-37-2LP,https://www.sevenfive.co.th/files/product/original/PRD170954435161.jpg
SAM1-CA300-FM20,https://www.sevenfive.co.th/files/product/original/PRD55b7556f9e6fd4a0e6de3ad9847c20a0.jpg
SAM1-CA300-FM10,https://www.sevenfive.co.th/files/product/original/PRD487612d951839c28fcf185fbc1eac689.jpg
SAM1-CA300-FF8,https://www.sevenfive.co.th/files/product/original/PRD647c63538a257df0661b94f90df4e212.jpg
SAM1-CA300-FF6,https://www.sevenfive.co.th/files/product/original/PRD252936f489dce6ca988e2cdab30b9b58.jpg
SAM1-CA300-FCC5,https://www.sevenfive.co.th/files/product/original/PRDb513fca9b79aecb83ab89f4f2072825d.jpg
SAM1-CA300-FCC3,https://www.sevenfive.co.th/files/product/original/PRD00b35d4bc5783b96b8ae33a52644edb4.jpg
SAM1-CA300-FCC2,https://www.sevenfive.co.th/files/product/original/PRD6bd049fb7066f8f4f719fccd5d3ddf0d.jpg
SAM1-CA300-FC6,https://www.sevenfive.co.th/files/product/original/PRD275bc85e5d57b6c5a18d4665b8a00cbc.jpg
SAM1-CA300-FC3,https://www.sevenfive.co.th/files/product/original/PRDca643102445ca54f11e1edb61da79e64.jpg
SAM1-CA300-FC14,https://www.sevenfive.co.th/files/product/original/PRD77a39b840963d3b903e2df6a79ea10e5.jpg
SAM1-CA300-FC10,https://www.sevenfive.co.th/files/product/original/PRDc8355a3ce1c11f304faa6e9903302deb.jpg
RTN2-44.01.569,https://www.sevenfive.co.th/files/product/original/PRDd5a2e657f91d0adb57ef7e6a125aaeca.jpg
RTN2-44.01.470,https://www.sevenfive.co.th/files/product/original/PRD29677998fc8984d83f515eb8ebefaa04.jpg
RTN2-42.00.002P,https://www.sevenfive.co.th/files/product/original/PRD02bdb81224d2e9424f2941236a0578d3.jpg
RTN2-24.03.191,https://www.sevenfive.co.th/files/product/original/PRD81d00d561aeefdec0dcc86e3d719db03.jpg
RTN2-24.02.923,https://www.sevenfive.co.th/files/product/original/PRDa1ad761da74a414d8ee295860f6aed67.jpg
RTN2-24.02.920,https://www.sevenfive.co.th/files/product/original/PRDd7487e5f0c35d9b58153dd27ef32100d.jpg
RON2-99077,https://www.sevenfive.co.th/files/product/original/PRD170937606888.jpg
RON2-50659,https://www.sevenfive.co.th/files/product/original/PRD17565390179.jpg
RON2-123343,https://www.sevenfive.co.th/files/product/original/PRD170937328330.jpg
RON2-121334T02,https://www.sevenfive.co.th/files/product/original/PRD170937327580.jpg
RON2-121334T01,https://www.sevenfive.co.th/files/product/original/PRD170937327554.jpg
RON2-106221,https://www.sevenfive.co.th/files/product/original/PRD170937326275.jpg
RON2-106218,https://www.sevenfive.co.th/files/product/original/PRD170937326059.jpg
ROL2-SH01035,https://www.sevenfive.co.th/files/product/original/PRD170937325742.jpg
ROL1-WDL200I,https://www.sevenfive.co.th/files/product/original/PRD170954165220.jpg
ROL1-WDL200,https://www.sevenfive.co.th/files/product/original/PRD170954165225.jpg
ROL1-WDL100,https://www.sevenfive.co.th/files/product/original/PRD170954165174.jpg
ROL1-WD780DN,https://www.sevenfive.co.th/files/product/original/PRD967fa9ca9e41695bf62ecae8208779ed.jpg
ROL1-WD780DI,https://www.sevenfive.co.th/files/product/original/PRD17095416502.jpg
ROL1-WD200I,https://www.sevenfive.co.th/files/product/original/PRD170954165050.jpg
ROL1-SEM600Q-220,https://www.sevenfive.co.th/files/product/original/PRD170928921651.jpg
ROL1-SEM600PDS,https://www.sevenfive.co.th/files/product/original/PRD170928921533.jpg
ROL1-SAVOYE-RB,https://www.sevenfive.co.th/files/product/original/PRDfd37562b8a78071cd5836f5ef1edd4aa.jpg
ROL1-SAVOYE-R,https://www.sevenfive.co.th/files/product/original/PRD170928957829.jpg
ROL1-RFG16-C,https://www.sevenfive.co.th/files/product/original/PRDf1ce58e2f97f765bf02e21a998f9923c.jpg
ROL1-RFG16,https://www.sevenfive.co.th/files/product/original/PRD170928910360.jpg
ROL1-RFE8D,https://www.sevenfive.co.th/files/product/original/PRD170928910338.jpg
ROL1-RFE12,https://www.sevenfive.co.th/files/product/original/PRD170928910220.jpg
ROL1-RF8S,https://www.sevenfive.co.th/files/product/original/PRD170928910138.jpg
ROL1-RF5S,https://www.sevenfive.co.th/files/product/original/PRD170928910066.jpg
ROL1-RF12S1P,https://www.sevenfive.co.th/files/product/original/PRDe3f683a1d80ea9aee79c62c26c46b2fb.jpg
ROL1-PZ430S,https://www.sevenfive.co.th/files/product/original/PRD170953548864.jpg
ROL1-PZ430D,https://www.sevenfive.co.th/files/product/original/PRD170953548847.jpg
ROL1-PZ4302D,https://www.sevenfive.co.th/files/product/original/PRD170953548834.jpg
ROL1-PSR600G,https://www.sevenfive.co.th/files/product/original/PRD170928884391.jpg
ROL1-PSR600EE,https://www.sevenfive.co.th/files/product/original/PRD170928884230.jpg
ROL1-PSR600E-380V,https://www.sevenfive.co.th/files/product/original/PRD640a5c786205b3501752a22aea90bbf0.jpg
ROL1-PSR600E-220V,https://www.sevenfive.co.th/files/product/original/PRD25438187e7199c27392c30e17c95b56b.jpg
ROL1-PSR400E,https://www.sevenfive.co.th/files/product/original/PRD170928884138.jpg
ROL1-PREMIUM,https://www.sevenfive.co.th/files/product/original/PRD1e4b80776c3155134a96ab243da51970.jpg
ROL1-PANINI-XLL,https://www.sevenfive.co.th/files/product/original/PRD17092895783.jpg
ROL1-PANINI-XLE,https://www.sevenfive.co.th/files/product/original/PRD019ac80947d2d8c51a58dabe403c40ea.png
ROL1-PANINI-RB,https://www.sevenfive.co.th/files/product/original/PRD9fb508e4ca6ae4e5126e53725c126294.png
ROL1-PANINI-R,https://www.sevenfive.co.th/files/product/original/PRD170928957783.jpg
ROL1-GES80-B,https://www.sevenfive.co.th/files/product/original/PRD582c6d805d41852ff23cab9f5c939d99.png
ROL1-GES80,https://www.sevenfive.co.th/files/product/original/PRD170955817577.jpg
ROL1-FC60TQ,https://www.sevenfive.co.th/files/product/original/PRD170953548776.jpg
ROL1-FC60P,https://www.sevenfive.co.th/files/product/original/PRDf5364a08388fd78178ee2269c341c914.png
ROL1-FC280,https://www.sevenfive.co.th/files/product/original/PRD170953548675.jpg
ROL1-FC260,https://www.sevenfive.co.th/files/product/original/PRDb7cb7754f7abfeb14c6e586e0e0ad982.jpg
ROL1-FC110EG,https://www.sevenfive.co.th/files/product/original/PRD170953548690.jpg
ROL1-FC110E,https://www.sevenfive.co.th/files/product/original/PRD170953548512.jpg
ROL1-CT540-B,https://www.sevenfive.co.th/files/product/original/PRD0565caeb79c600529eefe90589ee7bde.jpg
ROL1-CT540,https://www.sevenfive.co.th/files/product/original/PRD592d860bb48d44c03cd0fb86c133bde2.jpg
ROL1-CSE400,https://www.sevenfive.co.th/files/product/original/PRD170955817224.jpg
ROL1-CSE350,https://www.sevenfive.co.th/files/product/original/PRDd81e3a0fa608d9d6de61326d3e5b78a6.jpg
ROL1-CO60,https://www.sevenfive.co.th/files/product/original/PRD7a6250b082f3a6d43aa900193f137750.jpg
ROL1-CO6,https://www.sevenfive.co.th/files/product/original/PRD409ec9c8a3800ae9f40c173ad0ea916f.jpg
ROL1-BMP11,https://www.sevenfive.co.th/files/product/original/PRD11408f1ab322a531118a6ebeb9d7300e.jpg
ROL1-BML11,https://www.sevenfive.co.th/files/product/original/PRD170954164518.jpg
ROE2-89554,https://www.sevenfive.co.th/files/product/original/PRD62ff19f3099c0dac4f0d8f2b7db97d7f.png
ROE2-59602,https://www.sevenfive.co.th/files/product/original/PRD9ce0ad5ff72e252852a2995fd290a18a.jpg
ROE2-59514,https://www.sevenfive.co.th/files/product/original/PRD170937293772.jpg
ROE2-59506,https://www.sevenfive.co.th/files/product/original/PRDa97220c58cd8f524525150c5b6a4c9e7.jpg
ROE2-59208,https://www.sevenfive.co.th/files/product/original/PRD83ebdc9efeab8285ee18b98ab0f53280.jpg
ROE2-59205,https://www.sevenfive.co.th/files/product/original/PRD8d4c07532f9a1ee11214e9187fba7f83.jpg
ROE2-57072,https://www.sevenfive.co.th/files/product/original/PRD747ca5d44336d220d827f3d85801f697.jpg
ROE2-57069,https://www.sevenfive.co.th/files/product/original/PRDdc1903d7c064be69ad566a59c8742d51.jpg
ROE2-49169,https://www.sevenfive.co.th/files/product/original/PRD32ad4eb2648c52573bbafde40959a8b2.jpg
ROE2-49168,https://www.sevenfive.co.th/files/product/original/PRD5fa6bad49caada2da52ba7e63152fabd.jpg
ROE2-400539,https://www.sevenfive.co.th/files/product/original/PRDa138cef5635f16c85986d390ca6d2a63.jpg
ROE2-39784,https://www.sevenfive.co.th/files/product/original/PRD796c9e2806d3a0f8bba94f4d477e5333.jpg
ROE2-39757,https://www.sevenfive.co.th/files/product/original/PRDfedd841677c78945f862ae6c4a419fa7.jpg
ROE2-39288,https://www.sevenfive.co.th/files/product/original/PRDa534972dbfe48005125fcff51ee3aa0b.jpg
ROE2-39278,https://www.sevenfive.co.th/files/product/original/PRD71552fa64f51204f938d9ea998e038ba.jpg
ROE2-29934,https://www.sevenfive.co.th/files/product/original/PRD3b9ac41caaa025b54666c496cc9c843b.jpg
ROE2-29455,https://www.sevenfive.co.th/files/product/original/PRD842914b632e475332501a859c2ecda86.png
ROE2-29344,https://www.sevenfive.co.th/files/product/original/PRD91391cd55680eb1a4d03dd564c35acb3.jpg
ROE2-29283,https://www.sevenfive.co.th/files/product/original/PRD170937268372.jpg
ROE2-118397,https://www.sevenfive.co.th/files/product/original/PRDe5186f69d6ba9e56efa305ab9c369185.jpg
ROE2-118217S,https://www.sevenfive.co.th/files/product/original/PRD220e10edd8b8ef3ef53fbb1c580922d0.jpg
ROE2-117641,https://www.sevenfive.co.th/files/product/original/PRD4a82f1d3a1862ce41e1ba9061d645869.jpg
ROE2-102060,https://www.sevenfive.co.th/files/product/original/PRD36ef1bb363d76053b7633246b48705a2.png
ROE2-100702,https://www.sevenfive.co.th/files/product/original/PRD8dbb1aeedd8d4ec4fa085c77d10be502.jpg
ROE1-R8E-VV,https://www.sevenfive.co.th/files/product/original/PRD17726167644.jpg
ROE1-R45,https://www.sevenfive.co.th/files/product/original/PRD177261676345.jpg
ROE1-R402A-230V-50HZ-1PH,https://www.sevenfive.co.th/files/product/original/PRDdd2b92742219d27b0c4868736ad7924c.jpg
ROE1-R402-VV,https://www.sevenfive.co.th/files/product/original/PRD658c33069be60bb0f1586a15da7cc831.jpg
ROE1-R402-230V-50HZ-1PH,https://www.sevenfive.co.th/files/product/original/PRD86efde850d84c1c1ae9222e3fd7c20f1.jpg
ROE1-R4-1500,https://www.sevenfive.co.th/files/product/original/PRD170953014413.jpg
ROE1-R3D-3000,https://www.sevenfive.co.th/files/product/original/PRD176785877524.jpg
ROE1-R3D-1500,https://www.sevenfive.co.th/files/product/original/PRD176785877528.jpg
ROE1-R301-ULTRA-D,https://www.sevenfive.co.th/files/product/original/PRD177261676329.jpg
ROE1-R23A,https://www.sevenfive.co.th/files/product/original/PRD177261676287.jpg
ROE1-R10VV,https://www.sevenfive.co.th/files/product/original/PRD177261676169.jpg
ROE1-MP450VV-ULTRA-LED,https://www.sevenfive.co.th/files/product/original/PRD878c6440c3568e74a2efc85d2daa9895.jpg
ROE1-MP450ULTRA-COMBI-LED,https://www.sevenfive.co.th/files/product/original/PRD17726167609.jpg
ROE1-MP450-ULTRA-LED,https://www.sevenfive.co.th/files/product/original/PRD176544019176.jpg
ROE1-MP450-ULTRA-FW-XL,https://www.sevenfive.co.th/files/product/original/PRDfe4d0562e0ae4fbb6962c7c8075e2505.jpg
ROE1-MP350ULTRA-COMBI-LED,https://www.sevenfive.co.th/files/product/original/PRD177261676082.jpg
ROE1-MP350-ULTRA-LED,https://www.sevenfive.co.th/files/product/original/PRD72bd1ecded5f517e64001f4be6c3d355.jpg
ROE1-MINI-MP-240VV.A,https://www.sevenfive.co.th/files/product/original/PRD3df375578f5de6e22de80e758da15792.jpg
ROE1-MINI-MP-240-COMBI,https://www.sevenfive.co.th/files/product/original/PRD170953012443.jpg
ROE1-CMP300VV-B,https://www.sevenfive.co.th/files/product/original/PRD857d3511733b0bc5fb6d2b21a31fea4d.png
ROE1-CMP300COMBI-B,https://www.sevenfive.co.th/files/product/original/PRDb1c62a97b9d31390cf5ac4048143cd10.png
ROE1-CMP250-COMBI-B,https://www.sevenfive.co.th/files/product/original/PRDb72e0df37e2186bf8d295c0c0e5222f1.jpg
ROE1-CL52,https://www.sevenfive.co.th/files/product/original/PRD177261675957.jpg
ROE1-CL50E-ULTRA,https://www.sevenfive.co.th/files/product/original/PRD30c168c370e3f715f4bc795c8d208cfc.png
ROE1-CL50-GOURMET,https://www.sevenfive.co.th/files/product/original/PRD177261675994.jpg
ROE1-BLIXER3D,https://www.sevenfive.co.th/files/product/original/PRD176785877520.jpg
ROB2-MS0506,https://www.sevenfive.co.th/files/product/original/PRD170937236622.jpg
ROB1-ST500AR,https://www.sevenfive.co.th/files/product/original/PRD170955816969.jpg
ROB1-ST500AB,https://www.sevenfive.co.th/files/product/original/PRD170955816864.jpg
ROB1-ST500A,https://www.sevenfive.co.th/files/product/original/PRD170955816846.jpg
ROB1-ST350AR,https://www.sevenfive.co.th/files/product/original/PRD170955816794.jpg
ROB1-ST350AB,https://www.sevenfive.co.th/files/product/original/PRD170955816734.jpg
ROB1-ST350A,https://www.sevenfive.co.th/files/product/original/PRD170955816781.jpg
ROB1-PS50,https://www.sevenfive.co.th/files/product/original/PRD6de644a920f8f5fc7b38ab634b77566b.jpg
ROB1-PS100,https://www.sevenfive.co.th/files/product/original/PRDbf9b6439415be4d7c9617e147aaf9946.jpg
ROB1-PA50,https://www.sevenfive.co.th/files/product/original/PRD170954164395.jpg
ROB1-PA100,https://www.sevenfive.co.th/files/product/original/PRD170954164356.jpg
ROB1-HP9C,https://www.sevenfive.co.th/files/product/original/PRD41fd72f7120d18c35bb38d2da231a717.jpg
ROB1-HP9B,https://www.sevenfive.co.th/files/product/original/PRDf2de938faf8bfcdfecb9207f1b90fd2a.jpg
ROB1-HP505C,https://www.sevenfive.co.th/files/product/original/PRDb612be61c861e3c3a2e546a2cf0e7923.jpg
ROB1-HP505B,https://www.sevenfive.co.th/files/product/original/PRD5b8d7f9af96c55be1b1d3794206ebd23.jpg
ROB1-HP15,https://www.sevenfive.co.th/files/product/original/PRD22c28fb846e0dd95f905f609d89dbeb3.jpg
ROB1-HL150,https://www.sevenfive.co.th/files/product/original/PRD86732c6c6387e1e585f8fb15eae9c074.jpg
ROB1-HE900L,https://www.sevenfive.co.th/files/product/original/PRD170954163998.jpg
ROB1-HE1200,https://www.sevenfive.co.th/files/product/original/PRD170954163821.jpg
ROB1-GSA815R,https://www.sevenfive.co.th/files/product/original/PRD170928957384.jpg
ROB1-GSA810R,https://www.sevenfive.co.th/files/product/original/PRD170928957121.jpg
ROB1-FR28,https://www.sevenfive.co.th/files/product/original/PRD170928909555.jpg
ROB1-FR25,https://www.sevenfive.co.th/files/product/original/PRD17092890955.jpg
ROB1-FR18,https://www.sevenfive.co.th/files/product/original/PRD170928909458.jpg
ROB1-FR15,https://www.sevenfive.co.th/files/product/original/PRD170928909466.jpg
ROB1-F28,https://www.sevenfive.co.th/files/product/original/PRD170928909345.jpg
ROB1-F25,https://www.sevenfive.co.th/files/product/original/PRD170928909355.jpg
ROB1-DM31W,https://www.sevenfive.co.th/files/product/original/PRD170954433923.jpg
ROB1-DM31R,https://www.sevenfive.co.th/files/product/original/PRD17095443397.jpg
ROB1-DM31B,https://www.sevenfive.co.th/files/product/original/PRD17095443383.jpg
ROB1-BM4,https://www.sevenfive.co.th/files/product/original/PRD170954163577.jpg
ROB1-BM2A,https://www.sevenfive.co.th/files/product/original/PRD170954163386.jpg
ROB1-BM2,https://www.sevenfive.co.th/files/product/original/PRD170954163340.jpg
ROB1-BM1B,https://www.sevenfive.co.th/files/product/original/PRD00b8cd856ae1cd263b3f807e3a4bcb53.jpg
ROB1-BM1,https://www.sevenfive.co.th/files/product/original/PRD170954163266.jpg
RIN1-RR-55A,https://www.sevenfive.co.th/files/product/original/PRD38166560b8e4477aa179761f19c72564.jpg
RAN1-EPOCA-ST1-GREY,https://www.sevenfive.co.th/files/product/original/PRD57d5112e4b265f939a08fd3e7272481b.jpg
RAN1-EPOCA-E2-RED,https://www.sevenfive.co.th/files/product/original/PRD57c490c6687185074e583956c16a0167.jpg
RAN1-EPOCA-E2-GREY,https://www.sevenfive.co.th/files/product/original/PRD48379e1427ae1dadcc241c58e6e5c7ce.jpg
RAN1-EPOCA-DE2-RED,https://www.sevenfive.co.th/files/product/original/PRD2070cc75f16da99dca7c7b51510ef1f1.jpg
RAN1-DP2,https://www.sevenfive.co.th/files/product/original/PRDec63cded9215be2165dd4dbfd94b2536.png
RAN1-CLASSE8-S2-GR-INOX,https://www.sevenfive.co.th/files/product/original/PRDdb6f5b7cbdcb1eaad2b422720b45b6fe.jpg
RAN1-CLASSE8-DE2-GR-INOX,https://www.sevenfive.co.th/files/product/original/PRD478c8a9b1ac0bd35c32498738d2bce58.jpg
PUJ1-946.004,https://www.sevenfive.co.th/files/product/original/PRDdd73d43caf47dce51b9d1f39afab02f0.jpg
PUJ1-946.003,https://www.sevenfive.co.th/files/product/original/PRDf9afbb0e6fc6e895adcc1fb54295dd4f.jpg
PUJ1-946.002,https://www.sevenfive.co.th/files/product/original/PRD50da0af51c90363f9ccb849d14ff618a.jpg
PUJ1-946.001,https://www.sevenfive.co.th/files/product/original/PRD7f5e00ed95890b78b4e0cffc03aa82b5.jpg
PUJ1-893.035,https://www.sevenfive.co.th/files/product/original/PRD1097220edd94cefe1a9753cdb0977421.jpg
PUJ1-893.025,https://www.sevenfive.co.th/files/product/original/PRD80e3926850ecef6cbe65c414360382d7.jpg
PUJ1-892.100,https://www.sevenfive.co.th/files/product/original/PRDd6daef3c5974881c58d323870aa4ba84.jpg
PUJ1-892.060,https://www.sevenfive.co.th/files/product/original/PRDa83f03a96ba6802c1792d5e35222356f.jpg
PUJ1-892.035,https://www.sevenfive.co.th/files/product/original/PRD6c190aa7c5e5631a0b18be96bffff605.jpg
PUJ1-892.025,https://www.sevenfive.co.th/files/product/original/PRD442b9119c84d8a72cf4b38b3269c37f5.jpg
PUJ1-892.015,https://www.sevenfive.co.th/files/product/original/PRDab6d1999afff1f95fe5aa76ed7a95bde.jpg
PUJ1-891.100,https://www.sevenfive.co.th/files/product/original/PRD7b92182c6f0d5e05160392ae7d50986d.jpg
PUJ1-891.035,https://www.sevenfive.co.th/files/product/original/PRDb58d0f83ad93355c66513b62470d419e.jpg
PUJ1-890.060,https://www.sevenfive.co.th/files/product/original/PRD1606029bedf5e9c7211c9a2d08484e74.jpg
PUJ1-890.035,https://www.sevenfive.co.th/files/product/original/PRD638ac9db526d61c465d7952ab1285a1c.jpg
PUJ1-890.025,https://www.sevenfive.co.th/files/product/original/PRDd789c2ee00d6498df17bb8bf7e8de659.jpg
PUJ1-882.100,https://www.sevenfive.co.th/files/product/original/PRDc0343a61abfe7d5f2001c1d40c6c183e.jpg
PUJ1-882.035,https://www.sevenfive.co.th/files/product/original/PRD1aaabb824d227b36b7887162ad9eca97.jpg
PUJ1-882.015,https://www.sevenfive.co.th/files/product/original/PRD9b20fbfa2a7f9036dc90d51a2314b9dc.jpg
PUJ1-839.000,https://www.sevenfive.co.th/files/product/original/PRD170937995910.jpg
PUJ1-807.000,https://www.sevenfive.co.th/files/product/original/PRD170937995290.jpg
PUJ1-806.000,https://www.sevenfive.co.th/files/product/original/PRD170937995238.jpg
PUJ1-777.448,https://www.sevenfive.co.th/files/product/original/PRD0f5c8566e123a4d9d71b3163f0c80b75.jpg
PUJ1-777.440,https://www.sevenfive.co.th/files/product/original/PRD46270146d13a64560f5a54a688694887.jpg
PUJ1-761.035,https://www.sevenfive.co.th/files/product/original/PRD170937990412.jpg
PUJ1-760.050,https://www.sevenfive.co.th/files/product/original/PRD170937990388.jpg
PUJ1-759.045,https://www.sevenfive.co.th/files/product/original/PRD170937990343.jpg
PUJ1-757.060,https://www.sevenfive.co.th/files/product/original/PRD170937990168.jpg
PUJ1-756.045,https://www.sevenfive.co.th/files/product/original/PRD170937990183.jpg
PUJ1-755.070,https://www.sevenfive.co.th/files/product/original/PRD170937990065.jpg
PUJ1-754.035,https://www.sevenfive.co.th/files/product/original/PRD170937990071.jpg
PUJ1-753.035,https://www.sevenfive.co.th/files/product/original/PRD170937989953.jpg
PUJ1-752.040,https://www.sevenfive.co.th/files/product/original/PRD170937989952.jpg
PUJ1-365.100,https://www.sevenfive.co.th/files/product/original/PRD24760fe36aefbc4bd3730c27f4a2721a.jpg
PUJ1-365.000,https://www.sevenfive.co.th/files/product/original/PRD894eefeaac385aa38f91bc8c79000737.jpg
PUJ1-360.100,https://www.sevenfive.co.th/files/product/original/PRD4f45f02ba7a4e8f1600d2e613b4de88d.jpg
PUJ1-360.000,https://www.sevenfive.co.th/files/product/original/PRDdbaac00f234a660f35ae602648a08918.jpg
PUJ1-350.535,https://www.sevenfive.co.th/files/product/original/PRDfb390c5fd9c99e436d2d03a5eefebd1f.jpg
PUJ1-350.530,https://www.sevenfive.co.th/files/product/original/PRD27a6d465cc8a03a4bfa0e0d8901c111b.jpg
PUJ1-350.435,https://www.sevenfive.co.th/files/product/original/PRD6fe7827c9c9296024400273d992b6f5d.jpg
PUJ1-350.430,https://www.sevenfive.co.th/files/product/original/PRD374a6defd225f566370b484245f93995.jpg
PUJ1-350.426,https://www.sevenfive.co.th/files/product/original/PRDb66ee152742cf15de6f10be10a07bcba.jpg
PUJ1-334.100,https://www.sevenfive.co.th/files/product/original/PRDb740e0507e8542a32eb7e7ebbfa5eeb3.jpg
PUJ1-334.050,https://www.sevenfive.co.th/files/product/original/PRDbea5f77accc86f67cf50f700b5a1f4c6.jpg
PUJ1-330.070,https://www.sevenfive.co.th/files/product/original/PRDa3b644d809da882048d2228caca4cfd1.jpg
PUJ1-330.050,https://www.sevenfive.co.th/files/product/original/PRD5d81f447f2f9dd80c25dfd73628c7d24.jpg
PUJ1-330.035,https://www.sevenfive.co.th/files/product/original/PRD4926c9d62b9d8813cd954dcefa8451d1.jpg
PUJ1-325.008,https://www.sevenfive.co.th/files/product/original/PRD01bc49b6d3d09c12182938e9800a9ab7.jpg
PUJ1-317.430,https://www.sevenfive.co.th/files/product/original/PRD41f3055246907ae69e76e92eae95a334.jpg
PUJ1-317.425,https://www.sevenfive.co.th/files/product/original/PRD3d470d758347c8941f5257d937a6ae8f.jpg
PUJ1-316.045,https://www.sevenfive.co.th/files/product/original/PRD93a5f07eaa5269ae3d38a7105350791a.jpg
PUJ1-316.035,https://www.sevenfive.co.th/files/product/original/PRD4c54394714818f28158219864b22bced.jpg
PUJ1-316.025,https://www.sevenfive.co.th/files/product/original/PRD784cb7af3d9fc6e4e21e47f6c2536d7d.jpg
PUJ1-313.126,https://www.sevenfive.co.th/files/product/original/PRDa6e2ab056f2589db1d01653fac6b6231.jpg
PUJ1-313.030,https://www.sevenfive.co.th/files/product/original/PRDa510042659a4eaeb09ce08de6ec6155d.jpg
PUJ1-308.050,https://www.sevenfive.co.th/files/product/original/PRD962840493dd581d927e58c0618e8a394.jpg
PUJ1-308.040,https://www.sevenfive.co.th/files/product/original/PRD95e034ce412c72e07e64413b2c8908b0.jpg
PUJ1-302.216,https://www.sevenfive.co.th/files/product/original/PRD9c55340a278e2d8b39649e5b6137e807.jpg
PUJ1-302.214,https://www.sevenfive.co.th/files/product/original/PRD521241e03b8c2e0f4b1dbd5fcab44be6.jpg
PUJ1-302.212,https://www.sevenfive.co.th/files/product/original/PRD3a680f4023b0a4ca143842cded9d2411.jpg
PUJ1-302.210,https://www.sevenfive.co.th/files/product/original/PRD104ff6ffbd090f907397edbe5e654366.jpg
PUJ1-299.060,https://www.sevenfive.co.th/files/product/original/PRDfbaeaaea9a2f63316a94e7d788723c08.jpg
PUJ1-299.050,https://www.sevenfive.co.th/files/product/original/PRD9db6c28444d408f18669dce300196fde.jpg
PUJ1-299.045,https://www.sevenfive.co.th/files/product/original/PRDf3105a15ba0a351d5ff89b4c16e597d2.jpg
PUJ1-299.040,https://www.sevenfive.co.th/files/product/original/PRD6ceeea459e12e905e7a19e2c01112f2b.jpg
PUJ1-299.035,https://www.sevenfive.co.th/files/product/original/PRD03f2fea4de76120644ebfb17e56e1a55.jpg
PUJ1-299.032,https://www.sevenfive.co.th/files/product/original/PRDf23760e919107eb1732b1803d15a77e2.jpg
PUJ1-299.030,https://www.sevenfive.co.th/files/product/original/PRDfd40ee17cbda6ab8ad9a4c44c9b9b64b.jpg
PUJ1-299.028,https://www.sevenfive.co.th/files/product/original/PRD556437ccae6abaec638dc002093ad1af.jpg
PUJ1-299.024,https://www.sevenfive.co.th/files/product/original/PRD59ecec53598e94b350cbdadc0a818a57.jpg
PUJ1-299.020,https://www.sevenfive.co.th/files/product/original/PRDe544cc705dad2aa3a44f482456f68852.jpg
PUJ1-242.035,https://www.sevenfive.co.th/files/product/original/PRD81a4b3d8455e6f8c1e43c498ab4c51b4.jpg
PUJ1-242.032,https://www.sevenfive.co.th/files/product/original/PRD01a297039d40a497cff47ff2de952fc6.jpg
PUJ1-242.028,https://www.sevenfive.co.th/files/product/original/PRDe225057bb2fbb307bee9316508469333.jpg
PUJ1-241.040,https://www.sevenfive.co.th/files/product/original/PRDd4e33d2aef4a5c92525ae25e9a05c60f.jpg
PUJ1-240.050,https://www.sevenfive.co.th/files/product/original/PRD7742d8e53d4f22a963e120393d7821c9.jpg
PUJ1-240.040,https://www.sevenfive.co.th/files/product/original/PRDbaaec521c87c55fdce79148824b7d43c.jpg
PUJ1-23810,https://www.sevenfive.co.th/files/product/original/PRD175937458835.jpg
PUJ1-23800,https://www.sevenfive.co.th/files/product/original/PRD175937458719.jpg
PUJ1-216.040,https://www.sevenfive.co.th/files/product/original/PRD9912daeed6601d6846135124f8c17ee6.jpg
PUJ1-216.032,https://www.sevenfive.co.th/files/product/original/PRD6a104baedefe09a405b1bc7d19f27caa.jpg
PUJ1-216.028,https://www.sevenfive.co.th/files/product/original/PRDe24641619ea0aee92ad5438d6eddea3b.jpg
PUJ1-216.024,https://www.sevenfive.co.th/files/product/original/PRDc4be3f62df78bb54d9c51441414318ae.jpg
PUJ1-216.020,https://www.sevenfive.co.th/files/product/original/PRD22e438a0ad1c1ac3bc9f8c0632d8a6ca.jpg
PUJ1-216.018,https://www.sevenfive.co.th/files/product/original/PRDfd3c8933a7a94b10c08a8a555130c738.jpg
PUJ1-213.032,https://www.sevenfive.co.th/files/product/original/PRDaf813ca1be4e56ef1ff9a5cc1840c7f3.jpg
PUJ1-213.020,https://www.sevenfive.co.th/files/product/original/PRD543714ef12e2fdb0b58609de1c073b43.jpg
PUJ1-212.020,https://www.sevenfive.co.th/files/product/original/PRDa4da69a485e2404ad836f833f1fb447d.jpg
PUJ1-212.018,https://www.sevenfive.co.th/files/product/original/PRD0f74c31c221fc4ad62fd594d1d6246f1.jpg
PUJ1-210.202,https://www.sevenfive.co.th/files/product/original/PRDf11e1641b26e1ba0dea7d5150a8fd621.jpg
PUJ1-210.201,https://www.sevenfive.co.th/files/product/original/PRD68b7793f03f7b053eb340c098d1cc97b.jpg
PUJ1-209.060,https://www.sevenfive.co.th/files/product/original/PRD52682eaae841440d874c09fa985744b7.jpg
PUJ1-209.050,https://www.sevenfive.co.th/files/product/original/PRDcb40f005126843b1e34c1538b429a62a.jpg
PUJ1-209.045,https://www.sevenfive.co.th/files/product/original/PRDb620877f21c8e2632c62b58aeab46aaa.jpg
PUJ1-209.040,https://www.sevenfive.co.th/files/product/original/PRDe018e11db13296dc391dbace6b8cd415.jpg
PUJ1-209.035,https://www.sevenfive.co.th/files/product/original/PRDf41cca405b33ac9f9ec4894d8644cd20.jpg
PUJ1-209.032,https://www.sevenfive.co.th/files/product/original/PRDc53e781e503da3d4345d3cbcab43b13e.jpg
PUJ1-209.030,https://www.sevenfive.co.th/files/product/original/PRD477cf4ead6754b9de6096823b898558e.jpg
PUJ1-209.028,https://www.sevenfive.co.th/files/product/original/PRD2a25cb079758fb2290d8738af7f5259d.jpg
PUJ1-209.024,https://www.sevenfive.co.th/files/product/original/PRD28a874f34f5c057896f265f16b221a75.jpg
PUJ1-209.020,https://www.sevenfive.co.th/files/product/original/PRDe9ee2527738ab077b46ae7e140b7ef4c.jpg
PUJ1-209.018,https://www.sevenfive.co.th/files/product/original/PRD183d731df15df8586adea37a73f77744.jpg
PUJ1-209.016,https://www.sevenfive.co.th/files/product/original/PRDf4edc48cb5d580f1139089712d8972ee.jpg
PUJ1-205.024,https://www.sevenfive.co.th/files/product/original/PRDe0805672647a0c27b2426cd5d60c5f82.jpg
PUJ1-205.020,https://www.sevenfive.co.th/files/product/original/PRD538e6217b774d89a47a0cf9d974fb578.jpg
PUJ1-204.040,https://www.sevenfive.co.th/files/product/original/PRD2fbab65c693898b83598acd62e4224eb.jpg
PUJ1-204.032,https://www.sevenfive.co.th/files/product/original/PRD12962ae01c70600774dc709518c50670.jpg
PUJ1-204.028,https://www.sevenfive.co.th/files/product/original/PRD21182bf5bf1f8e7f7398f6640a4143b1.jpg
PUJ1-204.024,https://www.sevenfive.co.th/files/product/original/PRDf7278f3e53699ab57a447a4817db6073.jpg
PUJ1-204.020,https://www.sevenfive.co.th/files/product/original/PRD723f870d6becb1f6ed94c162685b2b4d.jpg
PUJ1-203.024,https://www.sevenfive.co.th/files/product/original/PRDaecef15f8d0c60bc229201cbd56cad8e.jpg
PUJ1-203.020,https://www.sevenfive.co.th/files/product/original/PRD863011fc88ef7d751b1208a1c55337f1.jpg
PUJ1-203.018,https://www.sevenfive.co.th/files/product/original/PRD0ccfe2e85dfd8784f360e167f2d39829.jpg
PUJ1-202.032,https://www.sevenfive.co.th/files/product/original/PRDd4c4901ab60273c637cab716e88d2e56.jpg
PUJ1-202.028,https://www.sevenfive.co.th/files/product/original/PRDc0d737ebc7b7afeb6a4385282bcf9851.jpg
PUJ1-202.024,https://www.sevenfive.co.th/files/product/original/PRDd530e481760b43e9c27dda579ce9c701.jpg
PUJ1-202.020,https://www.sevenfive.co.th/files/product/original/PRDb622571077a98b67640209b226d65d59.jpg
PUJ1-202.018,https://www.sevenfive.co.th/files/product/original/PRD5338668c1e4a1abd971743a3e00e4c4a.jpg
PUJ1-202.016,https://www.sevenfive.co.th/files/product/original/PRD175937458687.jpg
PUJ1-201.028,https://www.sevenfive.co.th/files/product/original/PRDfe7514755e277e52095f7c5edba8c180.jpg
PUJ1-201.024,https://www.sevenfive.co.th/files/product/original/PRDfdef456ab4ba0c4e46e92a84f300b8d2.jpg
PUJ1-201.020,https://www.sevenfive.co.th/files/product/original/PRD175937458692.jpg
PUJ1-201.018,https://www.sevenfive.co.th/files/product/original/PRD96798e45b2b28540c78dc91f915aa166.jpg
PUJ1-201.016,https://www.sevenfive.co.th/files/product/original/PRD86ae2cb1519b1f31c236889c3542a4b3.jpg
PUJ1-200.116,https://www.sevenfive.co.th/files/product/original/PRDf2ee6d954db33a407a8d50ce3e4adfe1.jpg
PUJ1-200.028,https://www.sevenfive.co.th/files/product/original/PRDca202eb2aed7d006c8e01d2850fe669b.jpg
PUJ1-200.024,https://www.sevenfive.co.th/files/product/original/PRD175937458592.jpg
PUJ1-200.022,https://www.sevenfive.co.th/files/product/original/PRD204133fe4a8b8ec069a022431fce9bab.jpg
PUJ1-200.020,https://www.sevenfive.co.th/files/product/original/PRDdca0206c18c6e2a659a70da74bb05c17.jpg
PUJ1-200.018,https://www.sevenfive.co.th/files/product/original/PRDb3c2ce90372320bc7ec8f23d3db59b7d.jpg
PUJ1-200.016,https://www.sevenfive.co.th/files/product/original/PRDd924df6a6b67c78981806be384901da4.jpg
PUJ1-148.032,https://www.sevenfive.co.th/files/product/original/PRDcd9c6e8be437341b357add5210ad36c1.jpg
PUJ1-148.028,https://www.sevenfive.co.th/files/product/original/PRD7c0d064bb8d65dff31e4de09fc54ec56.jpg
PUJ1-148.024,https://www.sevenfive.co.th/files/product/original/PRDd9b6a700fe7a20f0b54e832dc7c98b4b.jpg
PUJ1-148.020,https://www.sevenfive.co.th/files/product/original/PRD150be61eb8cda19b47dc0cc3843042b2.jpg
PUJ1-128.124,https://www.sevenfive.co.th/files/product/original/PRD14491dd0405ff8c9244c5f7fa83c6406.jpg
PUJ1-128.032,https://www.sevenfive.co.th/files/product/original/PRD53ef89f398f653ed3d11c3eb9ff37395.jpg
PUJ1-128.028,https://www.sevenfive.co.th/files/product/original/PRD21646866d767d22eae7534522f6b48e5.jpg
PUJ1-128.024,https://www.sevenfive.co.th/files/product/original/PRDd38310edba0b8ec24e63e2a37be5470a.jpg
PUJ1-124.032,https://www.sevenfive.co.th/files/product/original/PRD83d01db2952e94f9247f170e9aefcb6f.jpg
PUJ1-123.160,https://www.sevenfive.co.th/files/product/original/PRD592c87802bee525244628624346e5208.jpg
PUJ1-123.060,https://www.sevenfive.co.th/files/product/original/PRD6cd7715c93113b844aa22984a569b5c2.jpg
PUJ1-123.040,https://www.sevenfive.co.th/files/product/original/PRD603595fed9a3c454763f144820a9bd3b.jpg
PUJ1-122.050,https://www.sevenfive.co.th/files/product/original/PRDe0feb1c43b81aeca810bca689a61b5ad.jpg
PUJ1-122.040,https://www.sevenfive.co.th/files/product/original/PRD100bfce2a8f33f9c357980f04390a28f.jpg
PUJ1-120.040,https://www.sevenfive.co.th/files/product/original/PRD8b161ec23bc12087056b945edfead017.jpg
PUJ1-120.032,https://www.sevenfive.co.th/files/product/original/PRD660185b632802ab911dab5d699838d87.jpg
PUJ1-120.028,https://www.sevenfive.co.th/files/product/original/PRDd96353f2b289bd8a49f8f8e00b7fe9b6.jpg
PUJ1-120.024,https://www.sevenfive.co.th/files/product/original/PRDd68cd2726e11cf87e00bb41b1dc6dc7a.jpg
PUJ1-120.020,https://www.sevenfive.co.th/files/product/original/PRD272678b43ee63a3df9b459f49d54e2a7.jpg
PUJ1-120.018,https://www.sevenfive.co.th/files/product/original/PRDa858ce5a7226201f1d29ab02e0da46f2.jpg
PUJ1-118.360,https://www.sevenfive.co.th/files/product/original/PRD2c136929a24d0f6f000a8ca68b8f79ef.jpg
PRC1-TK-SC45,https://www.sevenfive.co.th/files/product/original/PRD176785876833.jpg
PRC1-TK-SC20,https://www.sevenfive.co.th/files/product/original/PRD176785876857.jpg
PRC1-TK-MCHSQ03,https://www.sevenfive.co.th/files/product/original/PRD4e9c02997e7e1e3d387b01fa1f9b70e1.jpg
PRC1-TK-MCHSQ02,https://www.sevenfive.co.th/files/product/original/PRD297a096f7fcf6bf01e88906872c7a5f0.jpg
PRC1-TK-MCHP03PVDG,https://www.sevenfive.co.th/files/product/original/PRDbf138654deb88de7fba558ac6c707635.jpg
PRC1-TK-MCHP03,https://www.sevenfive.co.th/files/product/original/PRD27ec7640b74f042b2978755a24c78c42.jpg
PRC1-TK-MCHH4,https://www.sevenfive.co.th/files/product/original/PRDd0030ec3456b67774d6dd2131cdf8bac.jpg
PRC1-TK-MCHH3,https://www.sevenfive.co.th/files/product/original/PRD23fee9d6ccb9e60c9bad2d2ec7479e28.jpg
PRC1-TK-MCHH2,https://www.sevenfive.co.th/files/product/original/PRD653e9ab33e5e3d905203247a9f54aa25.jpg
PRC1-T32XW-20G,https://www.sevenfive.co.th/files/product/original/PRDfccd21afbfc118e43c40a833967852be.png
PRC1-T32XW-10G,https://www.sevenfive.co.th/files/product/original/PRDc6a9fa4a666ac15358e6ed1f109a35d1.png
PRC1-KK-UT16HVGR,https://www.sevenfive.co.th/files/product/original/PRD170937968312.jpg
PRC1-KK-UT16HVBL,https://www.sevenfive.co.th/files/product/original/PRD170937968355.jpg
PRC1-DWA-6,https://www.sevenfive.co.th/files/product/original/PRD4e70fc09707d64412b46f01c672c599e.png
PRC1-BSK-CD6,https://www.sevenfive.co.th/files/product/original/PRD93eeb5cf351f5663d94b0b96458dbd1f.jpg
PRC1-BSK-CD5,https://www.sevenfive.co.th/files/product/original/PRD1f92e91d548fc82acbf9a6024f732db2.jpg
PRC1-BSK-CD4,https://www.sevenfive.co.th/files/product/original/PRD54cc15e1c55063544da2cc487fcfadf5.jpg
PRC1-BK-PZ-DRPE878,https://www.sevenfive.co.th/files/product/original/PRD170990ce44e67b3a71dd3aa21f75bb52.jpg
PRC1-BK-PZ-DRPE800,https://www.sevenfive.co.th/files/product/original/PRDce002bb1dfebe5851d0b76349f085a8f.jpg
PMF2-5R500028,https://www.sevenfive.co.th/files/product/original/PRD170937216927.jpg
PMF1-TRAYS-4,https://www.sevenfive.co.th/files/product/original/PRD175124969457.jpg
PMF1-IBV-40-EVO,https://www.sevenfive.co.th/files/product/original/PRD390e5ae224f1bff8f45db5a4dda55cef.jpg
PMF1-IBV-20-EVO,https://www.sevenfive.co.th/files/product/original/PRDd005d0ff61ef2f8837ad7ccf69e41012.jpg
PMF1-IBT-50-2V-EVO,https://www.sevenfive.co.th/files/product/original/PRDe8e10951aa9d4d15785c8f461c77d6cc.jpg
PMF1-IBT-20-2V-EVO,https://www.sevenfive.co.th/files/product/original/PRD64a39fb883f0989ada935f297d4bb2a7.jpg
PMF1-GAS-6-GPL,https://www.sevenfive.co.th/files/product/original/PRD175124969316.jpg
PMF1-GAS-4-GPL,https://www.sevenfive.co.th/files/product/original/PRD175124969251.jpg
PMF1-BASIC-XL-6L,https://www.sevenfive.co.th/files/product/original/PRD3f8dfcafdbac0e1f6560eab6be0bf0ce.jpg
PMF1-BASIC-66,https://www.sevenfive.co.th/files/product/original/PRD9ff0b2ac448b202b3213348652c5f009.jpg
PMF1-BASIC-6,https://www.sevenfive.co.th/files/product/original/PRD17095354856.jpg
PMF1-BASIC-44,https://www.sevenfive.co.th/files/product/original/PRD17095354857.jpg
PMF1-BASIC-4,https://www.sevenfive.co.th/files/product/original/PRD170953548457.jpg
PIT2-60127702,https://www.sevenfive.co.th/files/product/original/PRD170937203831.jpg
PIM2-SM150000032,https://www.sevenfive.co.th/files/product/original/PRD176759302550.jpg
PIM2-SM150000029,https://www.sevenfive.co.th/files/product/original/PRD176759302574.jpg
PIM2-SM150000026,https://www.sevenfive.co.th/files/product/original/PRD176767909272.jpg
PIM2-SM150000023,https://www.sevenfive.co.th/files/product/original/PRD176759302411.jpg
PIM2-SM150000020,https://www.sevenfive.co.th/files/product/original/PRD176767909165.jpg
PIM2-SM150000013,https://www.sevenfive.co.th/files/product/original/PRD176767909057.jpg
PIM2-SM150000012,https://www.sevenfive.co.th/files/product/original/PRD176767908931.jpg
PIM2-SM150000009,https://www.sevenfive.co.th/files/product/original/PRD17676790889.jpg
PIM2-SM150000007,https://www.sevenfive.co.th/files/product/original/PRD176759302064.jpg
PIM2-SM150000005,https://www.sevenfive.co.th/files/product/original/PRD176767908616.jpg
PIM2-SM150000004,https://www.sevenfive.co.th/files/product/original/PRD176767908554.jpg
PIM2-SM150000001,https://www.sevenfive.co.th/files/product/original/PRD176759301772.jpg
PIM2-SM100000038,https://www.sevenfive.co.th/files/product/original/PRD176767908489.jpg
PIM2-SM100000007,https://www.sevenfive.co.th/files/product/original/PRD176767907892.jpg
PIM2-SM100000006,https://www.sevenfive.co.th/files/product/original/PRD176767907834.jpg
PIM2-SM100000002,https://www.sevenfive.co.th/files/product/original/PRD176759300751.jpg
PIM2-SM100000001,https://www.sevenfive.co.th/files/product/original/PRD176759300699.jpg
PIM2-SM-60L-211,https://www.sevenfive.co.th/files/product/original/PRD176889929993.jpg
PIM2-SM-50L-60L-109,https://www.sevenfive.co.th/files/product/original/PRD176864106227.jpg
PIM2-SM-40L-102,https://www.sevenfive.co.th/files/product/original/PRD176864105884.jpg
PIM2-SM-30L-40L-101,https://www.sevenfive.co.th/files/product/original/PRD176864105781.jpg
PIM2-SM-30L-102,https://www.sevenfive.co.th/files/product/original/PRD176864105631.jpg
PIM2-SM-20L-102,https://www.sevenfive.co.th/files/product/original/PRDfb77d6dbe46d2b437a7bb474032ad300.jpg
PIM2-SM-20L-101,https://www.sevenfive.co.th/files/product/original/PRD176864105697.jpg
PIM2-PMG-30L-WH-708,https://www.sevenfive.co.th/files/product/original/PRD176864105430.jpg
PIM2-PMG-30L-WH-706,https://www.sevenfive.co.th/files/product/original/PRD176864105382.jpg
PIM2-PMG-30L-WH-307,https://www.sevenfive.co.th/files/product/original/PRD17686410430.jpg
PIM2-PMG-30L-WH-304,https://www.sevenfive.co.th/files/product/original/PRD176864104335.jpg
PIM2-PMG-30L-WH-1204,https://www.sevenfive.co.th/files/product/original/PRD176889927589.jpg
PIM2-PMG-30L-WH-1202,https://www.sevenfive.co.th/files/product/original/PRD176889927326.jpg
PIM2-PMG-30L-WH-1201,https://www.sevenfive.co.th/files/product/original/PRD176889927281.jpg
PIM2-JD180000039,https://www.sevenfive.co.th/files/product/original/PRD176767907711.jpg
PIM2-JD180000037,https://www.sevenfive.co.th/files/product/original/PRD176759300464.jpg
PIM2-JD180000036,https://www.sevenfive.co.th/files/product/original/PRD17675930048.jpg
PIM2-JD180000035,https://www.sevenfive.co.th/files/product/original/PRD17675930033.jpg
PIM2-JD180000034,https://www.sevenfive.co.th/files/product/original/PRD176767907618.jpg
PIM2-JD180000031,https://www.sevenfive.co.th/files/product/original/PRD17676790759.jpg
PIM2-JD180000025,https://www.sevenfive.co.th/files/product/original/PRD176767907438.jpg
PIM2-JD180000013,https://www.sevenfive.co.th/files/product/original/PRD176759300159.jpg
PIM2-JD180000011,https://www.sevenfive.co.th/files/product/original/PRD176767907362.jpg
PIM2-JD180000010,https://www.sevenfive.co.th/files/product/original/PRD176759300041.jpg
PIM2-JD180000009,https://www.sevenfive.co.th/files/product/original/PRD176759300076.jpg
PIM2-JD180000006,https://www.sevenfive.co.th/files/product/original/PRD17676790724.jpg
PIM2-JD180000002,https://www.sevenfive.co.th/files/product/original/PRD176759299875.jpg
PIM2-JD10000006,https://www.sevenfive.co.th/files/product/original/PRD176759298910.jpg
PIM2-JD10000001,https://www.sevenfive.co.th/files/product/original/PRD176759298717.jpg
PIM2-DDR-30-069,https://www.sevenfive.co.th/files/product/original/PRD175738871276.jpg
PIM2-DDR-30-052,https://www.sevenfive.co.th/files/product/original/PRD175738869966.jpg
PIM2-CF7-SSA,https://www.sevenfive.co.th/files/product/original/PRD170937190976.jpg
PIM2-CF6-SSA-NEW,https://www.sevenfive.co.th/files/product/original/PRD17093719058.jpg
PIM2-CF6-SSA,https://www.sevenfive.co.th/files/product/original/PRD170937190545.jpg
PIM2-CF6-82MO-NEW,https://www.sevenfive.co.th/files/product/original/PRD170937190458.jpg
PIM2-CF6-82MO,https://www.sevenfive.co.th/files/product/original/PRD175522569339.jpg
PIM2-BSC31-0003,https://www.sevenfive.co.th/files/product/original/PRD2c31eec5ad12c6f0392c36b4ff513474.jpg
PIM2-905040029,https://www.sevenfive.co.th/files/product/original/PRDfc5ca7a8475f0949e955778cbe19a994.jpg
PIM2-905040015,https://www.sevenfive.co.th/files/product/original/PRD175522495482.jpg
PIM2-70200402973L,https://www.sevenfive.co.th/files/product/original/PRD17552248733.jpg
PIM2-70100701782,https://www.sevenfive.co.th/files/product/original/PRD175705874147.jpg
PIM2-70100700500,https://www.sevenfive.co.th/files/product/original/PRD175705873965.jpg
PIM2-30403135,https://www.sevenfive.co.th/files/product/original/PRD175522482573.jpg
PIM2-302110088,https://www.sevenfive.co.th/files/product/original/PRD175705866959.jpg
PIM2-301110028+30111004,https://www.sevenfive.co.th/files/product/original/PRD175757146714.jpg
PIM1-YXD-1A-BQ,https://www.sevenfive.co.th/files/product/original/PRD170953548326.jpg
PIM1-YXD-1A,https://www.sevenfive.co.th/files/product/original/PRD170953548255.jpg
PIM1-VC-60CH,https://www.sevenfive.co.th/files/product/original/PRD175412323677.jpg
PIM1-SM310L,https://www.sevenfive.co.th/files/product/original/PRD58a8e9d04f7e2c29bbb2c0fc27b45bab.jpg
PIM1-SM-60L,https://www.sevenfive.co.th/files/product/original/PRD17538391832.jpg
PIM1-SM-10L,https://www.sevenfive.co.th/files/product/original/PRD8d60e2d42dee8cb944133901debddf32.jpg
PIM1-R60-2,https://www.sevenfive.co.th/files/product/original/PRD170954162867.jpg
PIM1-R60-1,https://www.sevenfive.co.th/files/product/original/PRD170954161514.jpg
PIM1-GH-813A,https://www.sevenfive.co.th/files/product/original/PRD651959331bb70c47786215abb867ce87.jpg
PIM1-GH-811EA,https://www.sevenfive.co.th/files/product/original/PRD5df7bdc83b781dd6228fac3d3585f03a.jpg
PIM1-EP-2-1,https://www.sevenfive.co.th/files/product/original/PRD2d64b02e202a6c08522e699f206262b0.jpg
PIM1-DH-805,https://www.sevenfive.co.th/files/product/original/PRDbe3e8c55c2ba88c6c0d9f6d9af5ba11c.jpg
PIM1-DH-11-5F,https://www.sevenfive.co.th/files/product/original/PRD88165be22844cb102bf7de3062fb9e7e.jpg
PIM1-DH-11-21,https://www.sevenfive.co.th/files/product/original/PRD5196454f767e78b4cdd20d71de477b4f.jpg
PIM1-CHL15-2D-L-750MM,https://www.sevenfive.co.th/files/product/original/PRD17612846825.jpg
PIM1-CHL12-2D-L-750MM,https://www.sevenfive.co.th/files/product/original/PRD176128468224.jpg
PIM1-CF6-82-10,https://www.sevenfive.co.th/files/product/original/PRD294cea9967b1d375a41c062b91fde074.jpg
PIM1-CF6-82,https://www.sevenfive.co.th/files/product/original/PRD3d0531ff63abdc4ef8bdb39fe35e9107.jpg
OCG1-5P03421G0001,https://www.sevenfive.co.th/files/product/original/PRD176680542986.jpg
OCG1-5P03420G0001,https://www.sevenfive.co.th/files/product/original/PRD175689046822.jpg
OCG1-5P00124G0001,https://www.sevenfive.co.th/files/product/original/PRD176680542998.jpg
OCG1-5P00123G0001,https://www.sevenfive.co.th/files/product/original/PRD17668054289.jpg
OCG1-1P00911,https://www.sevenfive.co.th/files/product/original/PRD175689044814.jpg
OCG1-1P00102,https://www.sevenfive.co.th/files/product/original/PRD175689044582.jpg
OCG1-1B21323,https://www.sevenfive.co.th/files/product/original/PRD175689044189.jpg
OCG1-1B21307,https://www.sevenfive.co.th/files/product/original/PRD175689044123.jpg
NTS2-JD-5LS-CTN,https://www.sevenfive.co.th/files/product/original/PRD175637486728.jpg
NTS2-CD-401-6L-E,https://www.sevenfive.co.th/files/product/original/PRD5476aac0423968c0ff913e4aea109161.jpg
NTS2-CD-401-6L-D,https://www.sevenfive.co.th/files/product/original/PRDb64987fa9496dcfa0761ec9a6bda4c94.jpg
NTS1-WIN1-3,https://www.sevenfive.co.th/files/product/original/PRDc021056be8c5621633bced136dfab58a.jpg
NTS1-WIN1-16,https://www.sevenfive.co.th/files/product/original/PRD006d1e1aaf35a709f2a2e690b1009cbb.jpg
NTS1-WIC-2,https://www.sevenfive.co.th/files/product/original/PRD170937953541.jpg
NTS1-WIC-1,https://www.sevenfive.co.th/files/product/original/PRD170937953562.jpg
NTS1-WIB-VS,https://www.sevenfive.co.th/files/product/original/PRD175196521893.jpg
NTS1-WIB-SR30,https://www.sevenfive.co.th/files/product/original/PRD170937953387.jpg
NTS1-WIB-SR20-6,https://www.sevenfive.co.th/files/product/original/PRD17093795334.jpg
NTS1-WIB-SR19-7,https://www.sevenfive.co.th/files/product/original/PRD170937953229.jpg
NTS1-WIB-SR19-5,https://www.sevenfive.co.th/files/product/original/PRD170937953230.jpg
NTS1-WIB-SF6,https://www.sevenfive.co.th/files/product/original/PRD170937953291.jpg
NTS1-WIB-SF5,https://www.sevenfive.co.th/files/product/original/PRD170937953179.jpg
NTS1-WIB-S25-W,https://www.sevenfive.co.th/files/product/original/PRD170937953053.jpg
NTS1-WIB-HSG1,https://www.sevenfive.co.th/files/product/original/PRD170937952980.jpg
NTS1-WIB-HS19-6,https://www.sevenfive.co.th/files/product/original/PRD170937952933.jpg
NTS1-WIB-HS1,https://www.sevenfive.co.th/files/product/original/PRD175196521789.jpg
NTS1-WIB-HG2,https://www.sevenfive.co.th/files/product/original/PRD170937952857.jpg
NTS1-WIB-H2,https://www.sevenfive.co.th/files/product/original/PRD170937952717.jpg
NTS1-WIB-G20,https://www.sevenfive.co.th/files/product/original/PRD170937952662.jpg
NTS1-WIB-D23,https://www.sevenfive.co.th/files/product/original/PRD170937952594.jpg
NTS1-WIB-D22-S,https://www.sevenfive.co.th/files/product/original/PRD170937952576.jpg
NTS1-WIB-D22-G,https://www.sevenfive.co.th/files/product/original/PRD170937952584.jpg
NTS1-WIB-CVS,https://www.sevenfive.co.th/files/product/original/PRD170937952433.jpg
NTS1-WIB-CV3,https://www.sevenfive.co.th/files/product/original/PRD170937952466.jpg
NTS1-WIB-CV2,https://www.sevenfive.co.th/files/product/original/PRD170937952481.jpg
NTS1-WIB-CV1,https://www.sevenfive.co.th/files/product/original/PRD170937952335.jpg
NTS1-WIB-CS20-7,https://www.sevenfive.co.th/files/product/original/PRD170937952345.jpg
NTS1-WIB-BS20-7,https://www.sevenfive.co.th/files/product/original/PRD170937952257.jpg
NTS1-WIB-BS20-6,https://www.sevenfive.co.th/files/product/original/PRD170937952251.jpg
NTS1-WIB-BS190-7,https://www.sevenfive.co.th/files/product/original/PRD170937952168.jpg
NTS1-WIB-BG2,https://www.sevenfive.co.th/files/product/original/PRD170937952184.jpg
NTS1-WIB-B2,https://www.sevenfive.co.th/files/product/original/PRD170937952177.jpg
NTS1-WIB-A1,https://www.sevenfive.co.th/files/product/original/PRD170937951985.jpg
NTS1-WIB-2V,https://www.sevenfive.co.th/files/product/original/PRD17093795195.jpg
NTS1-WASCS-20,https://www.sevenfive.co.th/files/product/original/PRD170937950937.jpg
NTS1-WASCS-18,https://www.sevenfive.co.th/files/product/original/PRD170937950853.jpg
NTS1-WASCS-16,https://www.sevenfive.co.th/files/product/original/PRD17093795083.jpg
NTS1-TURW-5,https://www.sevenfive.co.th/files/product/original/PRD170937950354.jpg
NTS1-TURW-4,https://www.sevenfive.co.th/files/product/original/PRD170937950354.jpg
NTS1-TURW-3,https://www.sevenfive.co.th/files/product/original/PRD170937950225.jpg
NTS1-TURW-2,https://www.sevenfive.co.th/files/product/original/PRD170937950223.jpg
NTS1-TUR-P,https://www.sevenfive.co.th/files/product/original/PRD170937950260.jpg
NTS1-TUR-N,https://www.sevenfive.co.th/files/product/original/PRD170937950134.jpg
NTS1-TUL1-5,https://www.sevenfive.co.th/files/product/original/PRD7ca2cb162c5c9635336521c6fe900bdd.jpg
NTS1-TTURW-8,https://www.sevenfive.co.th/files/product/original/PRD170937950162.jpg
NTS1-TTURW-7,https://www.sevenfive.co.th/files/product/original/PRD170937950083.jpg
NTS1-TTURW-6,https://www.sevenfive.co.th/files/product/original/PRD170937950021.jpg
NTS1-TTURW-12,https://www.sevenfive.co.th/files/product/original/PRD175196521337.jpg
NTS1-TTURW-10,https://www.sevenfive.co.th/files/product/original/PRD170937949984.jpg
NTS1-TS-783,https://www.sevenfive.co.th/files/product/original/PRD170937949978.jpg
NTS1-TRAY-S,https://www.sevenfive.co.th/files/product/original/PRD175548874491.jpg
NTS1-TOH-9-RD,https://www.sevenfive.co.th/files/product/original/PRD170937949685.jpg
NTS1-TOH-9-BL,https://www.sevenfive.co.th/files/product/original/PRD175411719126.jpg
NTS1-TOH-16-RD,https://www.sevenfive.co.th/files/product/original/PRD170937949596.jpg
NTS1-TOH-14-RD,https://www.sevenfive.co.th/files/product/original/PRD170937949590.jpg
NTS1-TOH-14-BL,https://www.sevenfive.co.th/files/product/original/PRD175411719027.jpg
NTS1-TEA-C4,https://www.sevenfive.co.th/files/product/original/PRD17519652097.jpg
NTS1-TEA-C3,https://www.sevenfive.co.th/files/product/original/PRD175196520969.jpg
NTS1-TEA-C1,https://www.sevenfive.co.th/files/product/original/PRD175196520776.jpg
NTS1-TEA-B3,https://www.sevenfive.co.th/files/product/original/PRD175196520336.jpg
NTS1-STRA-D36,https://www.sevenfive.co.th/files/product/original/PRD175196519468.jpg
NTS1-STRA-D33,https://www.sevenfive.co.th/files/product/original/PRD170937949395.jpg
NTS1-STRA-D30,https://www.sevenfive.co.th/files/product/original/PRD17093794928.jpg
NTS1-STRA-D26,https://www.sevenfive.co.th/files/product/original/PRD17093794920.jpg
NTS1-STRA-D24,https://www.sevenfive.co.th/files/product/original/PRD170937949168.jpg
NTS1-STRA-8,https://www.sevenfive.co.th/files/product/original/PRD85d302df677f5f6a1d212eae69ec330d.jpg
NTS1-STP-AL-55,https://www.sevenfive.co.th/files/product/original/PRD17093794879.jpg
NTS1-STP-AL-50H,https://www.sevenfive.co.th/files/product/original/PRD170937948736.jpg
NTS1-STP-AL-50,https://www.sevenfive.co.th/files/product/original/PRD170937948645.jpg
NTS1-STP-AL-45H,https://www.sevenfive.co.th/files/product/original/PRD170937948646.jpg
NTS1-STP-AL-45,https://www.sevenfive.co.th/files/product/original/PRD170937948529.jpg
NTS1-STP-AL-40H,https://www.sevenfive.co.th/files/product/original/PRD170937948539.jpg
NTS1-STP-AL-40,https://www.sevenfive.co.th/files/product/original/PRD175411718872.jpg
NTS1-STP-AL-36H,https://www.sevenfive.co.th/files/product/original/PRD170937948540.jpg
NTS1-STP-AL-36,https://www.sevenfive.co.th/files/product/original/PRD170937948452.jpg
NTS1-STP-AL-32H,https://www.sevenfive.co.th/files/product/original/PRD170937948477.jpg
NTS1-STP-AL-32,https://www.sevenfive.co.th/files/product/original/PRD175196519312.jpg
NTS1-SSG-30L-22,https://www.sevenfive.co.th/files/product/original/PRD101a00e14c948ef34da3e6e383591f76.jpg
NTS1-SSG-30L,https://www.sevenfive.co.th/files/product/original/PRD170954570397.jpg
NTS1-SQZ-OR,https://www.sevenfive.co.th/files/product/original/PRD170954433554.jpg
NTS1-SQZ-LM-3,https://www.sevenfive.co.th/files/product/original/PRD170937947985.jpg
NTS1-SQZ-LM-2,https://www.sevenfive.co.th/files/product/original/PRD170937947873.jpg
NTS1-SQZ-LM-1,https://www.sevenfive.co.th/files/product/original/PRD17093794785.jpg
NTS1-SQM-LM-3,https://www.sevenfive.co.th/files/product/original/PRD170937947758.jpg
NTS1-SPSW-AL-21,https://www.sevenfive.co.th/files/product/original/PRD170937947771.jpg
NTS1-SPSW-AL-15,https://www.sevenfive.co.th/files/product/original/PRD170937940377.jpg
NTS1-SPL-AL-28H,https://www.sevenfive.co.th/files/product/original/PRD170937940274.jpg
NTS1-SPL-AL-28,https://www.sevenfive.co.th/files/product/original/PRD175196519294.jpg
NTS1-SPL-AL-26H,https://www.sevenfive.co.th/files/product/original/PRD170937940120.jpg
NTS1-SPL-AL-26,https://www.sevenfive.co.th/files/product/original/PRD170937940181.jpg
NTS1-SPL-AL-24H,https://www.sevenfive.co.th/files/product/original/PRD170937940089.jpg
NTS1-SPL-AL-24,https://www.sevenfive.co.th/files/product/original/PRD170937940079.jpg
NTS1-SPL-AL-22,https://www.sevenfive.co.th/files/product/original/PRD175411718178.jpg
NTS1-SPL-AL-20H,https://www.sevenfive.co.th/files/product/original/PRD170937939979.jpg
NTS1-SPL-AL-18H,https://www.sevenfive.co.th/files/product/original/PRD170937939814.jpg
NTS1-SPCW-AL-21,https://www.sevenfive.co.th/files/product/original/PRD170937939639.jpg
NTS1-SPCW-AL-18,https://www.sevenfive.co.th/files/product/original/PRD170937939619.jpg
NTS1-SPCW-AL-15,https://www.sevenfive.co.th/files/product/original/PRD170937939520.jpg
NTS1-SPB4,https://www.sevenfive.co.th/files/product/original/PRD175196519163.jpg
NTS1-SPB3,https://www.sevenfive.co.th/files/product/original/PRD175196519139.jpg
NTS1-SPB2,https://www.sevenfive.co.th/files/product/original/PRD175196519084.jpg
NTS1-SPB1,https://www.sevenfive.co.th/files/product/original/PRD175196519096.jpg
NTS1-SP-AL-30H,https://www.sevenfive.co.th/files/product/original/PRD170937939558.jpg
NTS1-SP-AL-30,https://www.sevenfive.co.th/files/product/original/PRD170937939448.jpg
NTS1-SP-AL-28,https://www.sevenfive.co.th/files/product/original/PRD170937939390.jpg
NTS1-SP-AL-26H,https://www.sevenfive.co.th/files/product/original/PRD170937939362.jpg
NTS1-SP-AL-26,https://www.sevenfive.co.th/files/product/original/PRD170937939288.jpg
NTS1-SP-AL-24H,https://www.sevenfive.co.th/files/product/original/PRD170937939238.jpg
NTS1-SP-AL-24,https://www.sevenfive.co.th/files/product/original/PRD170937939157.jpg
NTS1-SP-AL-22H,https://www.sevenfive.co.th/files/product/original/PRD170937939176.jpg
NTS1-SP-AL-18H,https://www.sevenfive.co.th/files/product/original/PRD170937938984.jpg
NTS1-SP-AL-18,https://www.sevenfive.co.th/files/product/original/PRD170937938995.jpg
NTS1-SP-AL-16,https://www.sevenfive.co.th/files/product/original/PRD170937938860.jpg
NTS1-SP-AL-14H,https://www.sevenfive.co.th/files/product/original/PRD175411718011.jpg
NTS1-SP-AL-14,https://www.sevenfive.co.th/files/product/original/PRD170937938845.jpg
NTS1-SP-AL-12H,https://www.sevenfive.co.th/files/product/original/PRD170937938715.jpg
NTS1-SOLS-95,https://www.sevenfive.co.th/files/product/original/PRD175196518968.jpg
NTS1-SOLS-110,https://www.sevenfive.co.th/files/product/original/PRD175196518899.jpg
NTS1-SN9427,https://www.sevenfive.co.th/files/product/original/PRD175196518873.jpg
NTS1-SN9423,https://www.sevenfive.co.th/files/product/original/PRD170937938468.jpg
NTS1-SN9065,https://www.sevenfive.co.th/files/product/original/PRD170937937646.jpg
NTS1-SN9064,https://www.sevenfive.co.th/files/product/original/PRD170937937691.jpg
NTS1-SN9054,https://www.sevenfive.co.th/files/product/original/PRD170937937521.jpg
NTS1-SN9051,https://www.sevenfive.co.th/files/product/original/PRD170937937532.jpg
NTS1-SN9035,https://www.sevenfive.co.th/files/product/original/PRD170937937475.jpg
NTS1-SN9023,https://www.sevenfive.co.th/files/product/original/PRD170937937326.jpg
NTS1-SN8641,https://www.sevenfive.co.th/files/product/original/PRD175196518712.jpg
NTS1-SN8640,https://www.sevenfive.co.th/files/product/original/PRD175196518778.jpg
NTS1-SN8639,https://www.sevenfive.co.th/files/product/original/PRD175196518688.jpg
NTS1-SN8631,https://www.sevenfive.co.th/files/product/original/PRD175196518631.jpg
NTS1-SN8614,https://www.sevenfive.co.th/files/product/original/PRD175196518531.jpg
NTS1-SN8613,https://www.sevenfive.co.th/files/product/original/PRD17519651858.jpg
NTS1-SN8612,https://www.sevenfive.co.th/files/product/original/PRD175196518494.jpg
NTS1-SN85916,https://www.sevenfive.co.th/files/product/original/PRD175196518457.jpg
NTS1-SN85906,https://www.sevenfive.co.th/files/product/original/PRD175196518381.jpg
NTS1-SN85746,https://www.sevenfive.co.th/files/product/original/PRD175196518333.jpg
NTS1-SN85716,https://www.sevenfive.co.th/files/product/original/PRD175196518278.jpg
NTS1-SN8024,https://www.sevenfive.co.th/files/product/original/PRD170937937374.jpg
NTS1-SN8023,https://www.sevenfive.co.th/files/product/original/PRD170937937259.jpg
NTS1-SN8022,https://www.sevenfive.co.th/files/product/original/PRD170937937245.jpg
NTS1-SN8021,https://www.sevenfive.co.th/files/product/original/PRD170937937278.jpg
NTS1-SN7976,https://www.sevenfive.co.th/files/product/original/PRD17093793683.jpg
NTS1-SN7014,https://www.sevenfive.co.th/files/product/original/PRD175196518196.jpg
NTS1-SN6918,https://www.sevenfive.co.th/files/product/original/PRD170937935945.jpg
NTS1-SN6863,https://www.sevenfive.co.th/files/product/original/PRD170937935785.jpg
NTS1-SN6861,https://www.sevenfive.co.th/files/product/original/PRD170937935729.jpg
NTS1-SN6834,https://www.sevenfive.co.th/files/product/original/PRD175411717868.jpg
NTS1-SN6833,https://www.sevenfive.co.th/files/product/original/PRD170937935580.jpg
NTS1-SN6832,https://www.sevenfive.co.th/files/product/original/PRD170937935437.jpg
NTS1-SN6831,https://www.sevenfive.co.th/files/product/original/PRD175196518190.jpg
NTS1-SN6830,https://www.sevenfive.co.th/files/product/original/PRD175411717775.jpg
NTS1-SN6824,https://www.sevenfive.co.th/files/product/original/PRD175196518081.jpg
NTS1-SN6823,https://www.sevenfive.co.th/files/product/original/PRD175411717713.jpg
NTS1-SN6821,https://www.sevenfive.co.th/files/product/original/PRD175411717630.jpg
NTS1-SN6820,https://www.sevenfive.co.th/files/product/original/PRD175196518059.jpg
NTS1-SN6813,https://www.sevenfive.co.th/files/product/original/PRD175196517967.jpg
NTS1-SN6812,https://www.sevenfive.co.th/files/product/original/PRD175196517965.jpg
NTS1-SN6803,https://www.sevenfive.co.th/files/product/original/PRD175196517882.jpg
NTS1-SN6802,https://www.sevenfive.co.th/files/product/original/PRD175196517894.jpg
NTS1-SN6801,https://www.sevenfive.co.th/files/product/original/PRD175196517841.jpg
NTS1-SN6601,https://www.sevenfive.co.th/files/product/original/PRD175196517757.jpg
NTS1-SN6502,https://www.sevenfive.co.th/files/product/original/PRD175196517751.jpg
NTS1-SN6501,https://www.sevenfive.co.th/files/product/original/PRD175196517617.jpg
NTS1-SN6425,https://www.sevenfive.co.th/files/product/original/PRD175411717613.jpg
NTS1-SN6424,https://www.sevenfive.co.th/files/product/original/PRD175411717554.jpg
NTS1-SN6423,https://www.sevenfive.co.th/files/product/original/PRD175411717495.jpg
NTS1-SN6422,https://www.sevenfive.co.th/files/product/original/PRD175411717327.jpg
NTS1-SN6421,https://www.sevenfive.co.th/files/product/original/PRD175196517691.jpg
NTS1-SN6420,https://www.sevenfive.co.th/files/product/original/PRD175196517655.jpg
NTS1-SN6419,https://www.sevenfive.co.th/files/product/original/PRD175411717258.jpg
NTS1-SN6418,https://www.sevenfive.co.th/files/product/original/PRD17541171720.jpg
NTS1-SN6417,https://www.sevenfive.co.th/files/product/original/PRD175411717144.jpg
NTS1-SN6416,https://www.sevenfive.co.th/files/product/original/PRD175411717173.jpg
NTS1-SN6415,https://www.sevenfive.co.th/files/product/original/PRD17541171708.jpg
NTS1-SN6414,https://www.sevenfive.co.th/files/product/original/PRD175196517569.jpg
NTS1-SN6413,https://www.sevenfive.co.th/files/product/original/PRD175196517597.jpg
NTS1-SN6412,https://www.sevenfive.co.th/files/product/original/PRD175196517533.jpg
NTS1-SN6411,https://www.sevenfive.co.th/files/product/original/PRD175411716938.jpg
NTS1-SN6405,https://www.sevenfive.co.th/files/product/original/PRD175196517443.jpg
NTS1-SN6403,https://www.sevenfive.co.th/files/product/original/PRD175196517311.jpg
NTS1-SN6402,https://www.sevenfive.co.th/files/product/original/PRD17519651730.jpg
NTS1-SN6401,https://www.sevenfive.co.th/files/product/original/PRD175196517365.jpg
NTS1-SN6400,https://www.sevenfive.co.th/files/product/original/PRD175196517252.jpg
NTS1-SN6303,https://www.sevenfive.co.th/files/product/original/PRD175411716986.jpg
NTS1-SN6301,https://www.sevenfive.co.th/files/product/original/PRD175411716839.jpg
NTS1-SN6292,https://www.sevenfive.co.th/files/product/original/PRD175196517297.jpg
NTS1-SN6282,https://www.sevenfive.co.th/files/product/original/PRD17519651714.jpg
NTS1-SN6281,https://www.sevenfive.co.th/files/product/original/PRD175196517151.jpg
NTS1-SN6253,https://www.sevenfive.co.th/files/product/original/PRD175411716763.jpg
NTS1-SN6252,https://www.sevenfive.co.th/files/product/original/PRD175196517085.jpg
NTS1-SN6238,https://www.sevenfive.co.th/files/product/original/PRD175196517016.jpg
NTS1-SN6237,https://www.sevenfive.co.th/files/product/original/PRD175196517066.jpg
NTS1-SN6236,https://www.sevenfive.co.th/files/product/original/PRD175411716731.jpg
NTS1-SN6221,https://www.sevenfive.co.th/files/product/original/PRD175411716681.jpg
NTS1-SN6215,https://www.sevenfive.co.th/files/product/original/PRD175411716639.jpg
NTS1-SN6211,https://www.sevenfive.co.th/files/product/original/PRD17541171650.jpg
NTS1-SN6194,https://www.sevenfive.co.th/files/product/original/PRD175411716514.jpg
NTS1-SN6185,https://www.sevenfive.co.th/files/product/original/PRD175411716424.jpg
NTS1-SN6184,https://www.sevenfive.co.th/files/product/original/PRD175411716420.jpg
NTS1-SN6183,https://www.sevenfive.co.th/files/product/original/PRD175411716338.jpg
NTS1-SN6182,https://www.sevenfive.co.th/files/product/original/PRD175411716261.jpg
NTS1-SN6172,https://www.sevenfive.co.th/files/product/original/PRD175411716136.jpg
NTS1-SN6162,https://www.sevenfive.co.th/files/product/original/PRD175411716067.jpg
NTS1-SN6161,https://www.sevenfive.co.th/files/product/original/PRD175411716014.jpg
NTS1-SN6145,https://www.sevenfive.co.th/files/product/original/PRD175411715934.jpg
NTS1-SN6143,https://www.sevenfive.co.th/files/product/original/PRD175411715987.jpg
NTS1-SN6141,https://www.sevenfive.co.th/files/product/original/PRD175411715861.jpg
NTS1-SN6123,https://www.sevenfive.co.th/files/product/original/PRD175411715780.jpg
NTS1-SN6111,https://www.sevenfive.co.th/files/product/original/PRD175411715738.jpg
NTS1-SN6109,https://www.sevenfive.co.th/files/product/original/PRD175411715656.jpg
NTS1-SN6106,https://www.sevenfive.co.th/files/product/original/PRD17541171561.jpg
NTS1-SN6105,https://www.sevenfive.co.th/files/product/original/PRD175411715518.jpg
NTS1-SN6102,https://www.sevenfive.co.th/files/product/original/PRD175411715594.jpg
NTS1-SN6083,https://www.sevenfive.co.th/files/product/original/PRD175196516948.jpg
NTS1-SN6082,https://www.sevenfive.co.th/files/product/original/PRD175196516976.jpg
NTS1-SN6065,https://www.sevenfive.co.th/files/product/original/PRD175411715412.jpg
NTS1-SN6064,https://www.sevenfive.co.th/files/product/original/PRD175411715498.jpg
NTS1-SN6061,https://www.sevenfive.co.th/files/product/original/PRD175411715335.jpg
NTS1-SN6052,https://www.sevenfive.co.th/files/product/original/PRD17541171535.jpg
NTS1-SN6051,https://www.sevenfive.co.th/files/product/original/PRD175411715243.jpg
NTS1-SN6050,https://www.sevenfive.co.th/files/product/original/PRD175411715183.jpg
NTS1-SN6048,https://www.sevenfive.co.th/files/product/original/PRD175196516951.jpg
NTS1-SN6047,https://www.sevenfive.co.th/files/product/original/PRD175196516866.jpg
NTS1-SN6046,https://www.sevenfive.co.th/files/product/original/PRD175411715188.jpg
NTS1-SN6043,https://www.sevenfive.co.th/files/product/original/PRD170937934387.jpg
NTS1-SN6042,https://www.sevenfive.co.th/files/product/original/PRD175411715043.jpg
NTS1-SN6041,https://www.sevenfive.co.th/files/product/original/PRD175411714969.jpg
NTS1-SN6033,https://www.sevenfive.co.th/files/product/original/PRD175411714964.jpg
NTS1-SN6026,https://www.sevenfive.co.th/files/product/original/PRD175411714787.jpg
NTS1-SN6025,https://www.sevenfive.co.th/files/product/original/PRD17541171470.jpg
NTS1-SN6023,https://www.sevenfive.co.th/files/product/original/PRD175411714651.jpg
NTS1-SN6022,https://www.sevenfive.co.th/files/product/original/PRD175411714539.jpg
NTS1-SN6021,https://www.sevenfive.co.th/files/product/original/PRD175411714585.jpg
NTS1-SN6017,https://www.sevenfive.co.th/files/product/original/PRD175411714465.jpg
NTS1-SN6014,https://www.sevenfive.co.th/files/product/original/PRD175411714486.jpg
NTS1-SN60125,https://www.sevenfive.co.th/files/product/original/PRD170937931415.jpg
NTS1-SN6012,https://www.sevenfive.co.th/files/product/original/PRD175411714355.jpg
NTS1-SN60115,https://www.sevenfive.co.th/files/product/original/PRD175411714331.jpg
NTS1-SN6011,https://www.sevenfive.co.th/files/product/original/PRD17541171428.jpg
NTS1-SN6004,https://www.sevenfive.co.th/files/product/original/PRD175411714236.jpg
NTS1-SN6003,https://www.sevenfive.co.th/files/product/original/PRD175411714118.jpg
NTS1-SN6002,https://www.sevenfive.co.th/files/product/original/PRD175411714195.jpg
NTS1-SN6001,https://www.sevenfive.co.th/files/product/original/PRD175411714091.jpg
NTS1-SN5782,https://www.sevenfive.co.th/files/product/original/PRD170937931074.jpg
NTS1-SN5745,https://www.sevenfive.co.th/files/product/original/PRD170937930864.jpg
NTS1-SN5744,https://www.sevenfive.co.th/files/product/original/PRD170937930754.jpg
NTS1-SN5743,https://www.sevenfive.co.th/files/product/original/PRD170937930726.jpg
NTS1-SN5742,https://www.sevenfive.co.th/files/product/original/PRD170937930692.jpg
NTS1-SN5554,https://www.sevenfive.co.th/files/product/original/PRD170937930110.jpg
NTS1-SN5553,https://www.sevenfive.co.th/files/product/original/PRD170937930046.jpg
NTS1-SN5517,https://www.sevenfive.co.th/files/product/original/PRD170937929996.jpg
NTS1-SN5516,https://www.sevenfive.co.th/files/product/original/PRD170937929914.jpg
NTS1-SN5515,https://www.sevenfive.co.th/files/product/original/PRD17093792987.jpg
NTS1-SN5443,https://www.sevenfive.co.th/files/product/original/PRD170937929810.jpg
NTS1-SN5441,https://www.sevenfive.co.th/files/product/original/PRD170937929827.jpg
NTS1-SN5440,https://www.sevenfive.co.th/files/product/original/PRD170937929765.jpg
NTS1-SN5431,https://www.sevenfive.co.th/files/product/original/PRD170937929723.jpg
NTS1-SN5295,https://www.sevenfive.co.th/files/product/original/PRD170937929620.jpg
NTS1-SN5293,https://www.sevenfive.co.th/files/product/original/PRD170937929611.jpg
NTS1-SN5283,https://www.sevenfive.co.th/files/product/original/PRD170937929687.jpg
NTS1-SN5281,https://www.sevenfive.co.th/files/product/original/PRD170937929559.jpg
NTS1-SN5086,https://www.sevenfive.co.th/files/product/original/PRD170937929314.jpg
NTS1-SN5085,https://www.sevenfive.co.th/files/product/original/PRD170937929375.jpg
NTS1-SN5077,https://www.sevenfive.co.th/files/product/original/PRD170937929246.jpg
NTS1-SN5076,https://www.sevenfive.co.th/files/product/original/PRDfb0e459f5d63f4bbf01a8f5d1c732a34.jpg
NTS1-SN5075,https://www.sevenfive.co.th/files/product/original/PRD170937929165.jpg
NTS1-SN5067,https://www.sevenfive.co.th/files/product/original/PRD170937929121.jpg
NTS1-SN5066,https://www.sevenfive.co.th/files/product/original/PRD17093792912.jpg
NTS1-SN5065,https://www.sevenfive.co.th/files/product/original/PRD17093792907.jpg
NTS1-SN5048,https://www.sevenfive.co.th/files/product/original/PRD170937928967.jpg
NTS1-SN5047,https://www.sevenfive.co.th/files/product/original/PRD170937928946.jpg
NTS1-SN5046,https://www.sevenfive.co.th/files/product/original/PRD17093792888.jpg
NTS1-SN5045,https://www.sevenfive.co.th/files/product/original/PRD170937928819.jpg
NTS1-SN5041,https://www.sevenfive.co.th/files/product/original/PRD170937928746.jpg
NTS1-SN5038,https://www.sevenfive.co.th/files/product/original/PRD170937928745.jpg
NTS1-SN5037,https://www.sevenfive.co.th/files/product/original/PRD170937928665.jpg
NTS1-SN5036,https://www.sevenfive.co.th/files/product/original/PRD17093792866.jpg
NTS1-SN5035,https://www.sevenfive.co.th/files/product/original/PRD170937928675.jpg
NTS1-SN5028,https://www.sevenfive.co.th/files/product/original/PRD170937928521.jpg
NTS1-SN5027,https://www.sevenfive.co.th/files/product/original/PRD170937928514.jpg
NTS1-SN5026,https://www.sevenfive.co.th/files/product/original/PRD170937928455.jpg
NTS1-SN5021,https://www.sevenfive.co.th/files/product/original/PRD170937928489.jpg
NTS1-SN5013,https://www.sevenfive.co.th/files/product/original/PRD170937928335.jpg
NTS1-SN5011,https://www.sevenfive.co.th/files/product/original/PRD17093792835.jpg
NTS1-SN4877,https://www.sevenfive.co.th/files/product/original/PRD170937927887.jpg
NTS1-SN4876,https://www.sevenfive.co.th/files/product/original/PRD170937927898.jpg
NTS1-SN4861,https://www.sevenfive.co.th/files/product/original/PRD170937927663.jpg
NTS1-SN48604,https://www.sevenfive.co.th/files/product/original/PRD170937927588.jpg
NTS1-SN48594,https://www.sevenfive.co.th/files/product/original/PRD17093792758.jpg
NTS1-SN4758,https://www.sevenfive.co.th/files/product/original/PRD170937927077.jpg
NTS1-SN4757,https://www.sevenfive.co.th/files/product/original/PRD170937927031.jpg
NTS1-SN4756,https://www.sevenfive.co.th/files/product/original/PRD170937926976.jpg
NTS1-SN4392,https://www.sevenfive.co.th/files/product/original/PRD175411712513.jpg
NTS1-SN4391,https://www.sevenfive.co.th/files/product/original/PRD175411712412.jpg
NTS1-SN4384,https://www.sevenfive.co.th/files/product/original/PRD175411712348.jpg
NTS1-SN4382,https://www.sevenfive.co.th/files/product/original/PRD175411712329.jpg
NTS1-SN4308,https://www.sevenfive.co.th/files/product/original/PRD175411712114.jpg
NTS1-SN4245,https://www.sevenfive.co.th/files/product/original/PRD170937926493.jpg
NTS1-SN4244,https://www.sevenfive.co.th/files/product/original/PRD170937926450.jpg
NTS1-SN4243,https://www.sevenfive.co.th/files/product/original/PRD170937926460.jpg
NTS1-SN4217,https://www.sevenfive.co.th/files/product/original/PRD170937926178.jpg
NTS1-SN4215,https://www.sevenfive.co.th/files/product/original/PRD170937926088.jpg
NTS1-SN42134,https://www.sevenfive.co.th/files/product/original/PRD170937926090.jpg
NTS1-SN42124,https://www.sevenfive.co.th/files/product/original/PRD170937925921.jpg
NTS1-SN4134,https://www.sevenfive.co.th/files/product/original/PRD170937925888.jpg
NTS1-SN4133,https://www.sevenfive.co.th/files/product/original/PRD170937925766.jpg
NTS1-SN4130,https://www.sevenfive.co.th/files/product/original/PRD170937925744.jpg
NTS1-SN4128,https://www.sevenfive.co.th/files/product/original/PRD170937925735.jpg
NTS1-SN41274,https://www.sevenfive.co.th/files/product/original/PRD170937925671.jpg
NTS1-SN4126,https://www.sevenfive.co.th/files/product/original/PRD170937925652.jpg
NTS1-SN4125,https://www.sevenfive.co.th/files/product/original/PRD170937925667.jpg
NTS1-SN4121,https://www.sevenfive.co.th/files/product/original/PRD170937925593.jpg
NTS1-SN4120,https://www.sevenfive.co.th/files/product/original/PRD170937925476.jpg
NTS1-SN41194,https://www.sevenfive.co.th/files/product/original/PRD98208b6820b401f861ab95e2d5c01770.jpg
NTS1-SN4118,https://www.sevenfive.co.th/files/product/original/PRD170937925475.jpg
NTS1-SN4117,https://www.sevenfive.co.th/files/product/original/PRD170937925313.jpg
NTS1-SN4108,https://www.sevenfive.co.th/files/product/original/PRD170937925377.jpg
NTS1-SN4107,https://www.sevenfive.co.th/files/product/original/PRD170937925355.jpg
NTS1-SN4103,https://www.sevenfive.co.th/files/product/original/PRD175411712068.jpg
NTS1-SN4101,https://www.sevenfive.co.th/files/product/original/PRD175411712058.jpg
NTS1-SN4098,https://www.sevenfive.co.th/files/product/original/PRD170937925124.jpg
NTS1-SN4096,https://www.sevenfive.co.th/files/product/original/PRD170937925026.jpg
NTS1-SN4092,https://www.sevenfive.co.th/files/product/original/PRD170937925019.jpg
NTS1-SN4091,https://www.sevenfive.co.th/files/product/original/PRD170937924977.jpg
NTS1-SN4082,https://www.sevenfive.co.th/files/product/original/PRD170937924925.jpg
NTS1-SN4081,https://www.sevenfive.co.th/files/product/original/PRD170937924968.jpg
NTS1-SN4073,https://www.sevenfive.co.th/files/product/original/PRD17093792485.jpg
NTS1-SN4072,https://www.sevenfive.co.th/files/product/original/PRD170937924851.jpg
NTS1-SN4056,https://www.sevenfive.co.th/files/product/original/PRD170937924678.jpg
NTS1-SN4055,https://www.sevenfive.co.th/files/product/original/PRD170937924564.jpg
NTS1-SN4053,https://www.sevenfive.co.th/files/product/original/PRD170937924524.jpg
NTS1-SN4052,https://www.sevenfive.co.th/files/product/original/PRD170937924433.jpg
NTS1-SN4051,https://www.sevenfive.co.th/files/product/original/PRD170937924348.jpg
NTS1-SN4012,https://www.sevenfive.co.th/files/product/original/PRD175411711837.jpg
NTS1-SN4007,https://www.sevenfive.co.th/files/product/original/PRD175411711673.jpg
NTS1-SN3867,https://www.sevenfive.co.th/files/product/original/PRD170937924149.jpg
NTS1-SN3865,https://www.sevenfive.co.th/files/product/original/PRD175196516615.jpg
NTS1-SN3861,https://www.sevenfive.co.th/files/product/original/PRD175196516625.jpg
NTS1-SN3860,https://www.sevenfive.co.th/files/product/original/PRD175196516686.jpg
NTS1-SN3596,https://www.sevenfive.co.th/files/product/original/PRD170937923948.jpg
NTS1-SN3595,https://www.sevenfive.co.th/files/product/original/PRD170937923839.jpg
NTS1-SN3594,https://www.sevenfive.co.th/files/product/original/PRD17093792383.jpg
NTS1-SN3593,https://www.sevenfive.co.th/files/product/original/PRD175411711596.jpg
NTS1-SN3573,https://www.sevenfive.co.th/files/product/original/PRD170937923766.jpg
NTS1-SN3572,https://www.sevenfive.co.th/files/product/original/PRD17519651656.jpg
NTS1-SN3571,https://www.sevenfive.co.th/files/product/original/PRD175196516529.jpg
NTS1-SN3570,https://www.sevenfive.co.th/files/product/original/PRD175411711441.jpg
NTS1-SN3525,https://www.sevenfive.co.th/files/product/original/PRD170937923561.jpg
NTS1-SN3523,https://www.sevenfive.co.th/files/product/original/PRD170937923590.jpg
NTS1-SN3507,https://www.sevenfive.co.th/files/product/original/PRD170937923410.jpg
NTS1-SN3505,https://www.sevenfive.co.th/files/product/original/PRD175196516498.jpg
NTS1-SN3503,https://www.sevenfive.co.th/files/product/original/PRD17093792073.jpg
NTS1-SN3407,https://www.sevenfive.co.th/files/product/original/PRD170937920739.jpg
NTS1-SN3405,https://www.sevenfive.co.th/files/product/original/PRD170937920674.jpg
NTS1-SN3403,https://www.sevenfive.co.th/files/product/original/PRD170937920610.jpg
NTS1-SN3383,https://www.sevenfive.co.th/files/product/original/PRD170937920668.jpg
NTS1-SN3382,https://www.sevenfive.co.th/files/product/original/PRD170937920569.jpg
NTS1-SN3381,https://www.sevenfive.co.th/files/product/original/PRD170937920519.jpg
NTS1-SN3380,https://www.sevenfive.co.th/files/product/original/PRD170937920411.jpg
NTS1-SN3367,https://www.sevenfive.co.th/files/product/original/PRD170937920425.jpg
NTS1-SN3366,https://www.sevenfive.co.th/files/product/original/PRD17093792048.jpg
NTS1-SN3365,https://www.sevenfive.co.th/files/product/original/PRD17093792038.jpg
NTS1-SN3363,https://www.sevenfive.co.th/files/product/original/PRD170937920355.jpg
NTS1-SN3362,https://www.sevenfive.co.th/files/product/original/PRD17093792037.jpg
NTS1-SN3345,https://www.sevenfive.co.th/files/product/original/PRD170937920271.jpg
NTS1-SN3327,https://www.sevenfive.co.th/files/product/original/PRD170937920124.jpg
NTS1-SN3306,https://www.sevenfive.co.th/files/product/original/PRD17093792012.jpg
NTS1-SN3305,https://www.sevenfive.co.th/files/product/original/PRD170937920056.jpg
NTS1-SN3287,https://www.sevenfive.co.th/files/product/original/PRD170937920062.jpg
NTS1-SN3285,https://www.sevenfive.co.th/files/product/original/PRD170937920092.jpg
NTS1-SN3283,https://www.sevenfive.co.th/files/product/original/PRD170937919964.jpg
NTS1-SN3263,https://www.sevenfive.co.th/files/product/original/PRD170937919977.jpg
NTS1-SN3243,https://www.sevenfive.co.th/files/product/original/PRD175196516451.jpg
NTS1-SN3225,https://www.sevenfive.co.th/files/product/original/PRD17093791962.jpg
NTS1-SN3224,https://www.sevenfive.co.th/files/product/original/PRD170937919537.jpg
NTS1-SN3223,https://www.sevenfive.co.th/files/product/original/PRD170937919590.jpg
NTS1-SN2307,https://www.sevenfive.co.th/files/product/original/PRD170937919485.jpg
NTS1-SN2306,https://www.sevenfive.co.th/files/product/original/PRD170937919360.jpg
NTS1-SN2182,https://www.sevenfive.co.th/files/product/original/PRD170937919155.jpg
NTS1-SN2179,https://www.sevenfive.co.th/files/product/original/PRD17093791913.jpg
NTS1-SN2097,https://www.sevenfive.co.th/files/product/original/PRD170937919088.jpg
NTS1-SN2096,https://www.sevenfive.co.th/files/product/original/PRD170937918951.jpg
NTS1-SN2095,https://www.sevenfive.co.th/files/product/original/PRD170937918958.jpg
NTS1-SN2094,https://www.sevenfive.co.th/files/product/original/PRD170937918980.jpg
NTS1-SN2093,https://www.sevenfive.co.th/files/product/original/PRD170937918820.jpg
NTS1-SN2092,https://www.sevenfive.co.th/files/product/original/PRD175411711382.jpg
NTS1-SN2052,https://www.sevenfive.co.th/files/product/original/PRD170937918645.jpg
NTS1-SN2025,https://www.sevenfive.co.th/files/product/original/PRD170937918435.jpg
NTS1-SN2022,https://www.sevenfive.co.th/files/product/original/PRD175196516318.jpg
NTS1-SN2015,https://www.sevenfive.co.th/files/product/original/PRD170937918292.jpg
NTS1-SN2012,https://www.sevenfive.co.th/files/product/original/PRD170937918117.jpg
NTS1-SN1543,https://www.sevenfive.co.th/files/product/original/PRD170937917446.jpg
NTS1-SN1533,https://www.sevenfive.co.th/files/product/original/PRD170937917315.jpg
NTS1-SN1528,https://www.sevenfive.co.th/files/product/original/PRD170937917339.jpg
NTS1-SN1332,https://www.sevenfive.co.th/files/product/original/PRD170937917170.jpg
NTS1-SKIM-S12,https://www.sevenfive.co.th/files/product/original/PRD175196516164.jpg
NTS1-SKIM-S10,https://www.sevenfive.co.th/files/product/original/PRD175196516038.jpg
NTS1-SKIM-8,https://www.sevenfive.co.th/files/product/original/PRD170937916140.jpg
NTS1-SKIM-20,https://www.sevenfive.co.th/files/product/original/PRD170937916115.jpg
NTS1-SKIM-18,https://www.sevenfive.co.th/files/product/original/PRD170937916053.jpg
NTS1-SKIM-16,https://www.sevenfive.co.th/files/product/original/PRD170937916071.jpg
NTS1-SKIM-14,https://www.sevenfive.co.th/files/product/original/PRD170937915974.jpg
NTS1-SKIM-12,https://www.sevenfive.co.th/files/product/original/PRD170937915934.jpg
NTS1-SKIM-10,https://www.sevenfive.co.th/files/product/original/PRD170937915969.jpg
NTS1-SD-500-2,https://www.sevenfive.co.th/files/product/original/PRD170928708927.jpg
NTS1-SD-500,https://www.sevenfive.co.th/files/product/original/PRD170928708824.jpg
NTS1-SCRA-60MBH,https://www.sevenfive.co.th/files/product/original/PRD170937915546.jpg
NTS1-SCRA-60M,https://www.sevenfive.co.th/files/product/original/PRD170937915476.jpg
NTS1-SCRA-60LBH,https://www.sevenfive.co.th/files/product/original/PRD170937915463.jpg
NTS1-SCRA-60L,https://www.sevenfive.co.th/files/product/original/PRD170937915313.jpg
NTS1-SCRA-40SBH,https://www.sevenfive.co.th/files/product/original/PRD17093791537.jpg
NTS1-SCRA-40S,https://www.sevenfive.co.th/files/product/original/PRD170937915288.jpg
NTS1-SCM-52,https://www.sevenfive.co.th/files/product/original/PRD170937915164.jpg
NTS1-SCM-51,https://www.sevenfive.co.th/files/product/original/PRD170937915137.jpg
NTS1-SCM-50,https://www.sevenfive.co.th/files/product/original/PRD170937915144.jpg
NTS1-SCM-49,https://www.sevenfive.co.th/files/product/original/PRD170937915089.jpg
NTS1-SCM-48,https://www.sevenfive.co.th/files/product/original/PRD170937915045.jpg
NTS1-SCM-47,https://www.sevenfive.co.th/files/product/original/PRD175411709691.jpg
NTS1-SCM-46,https://www.sevenfive.co.th/files/product/original/PRD17093791499.jpg
NTS1-SCM-45,https://www.sevenfive.co.th/files/product/original/PRD170937914810.jpg
NTS1-SCM-44,https://www.sevenfive.co.th/files/product/original/PRD170937914866.jpg
NTS1-SCM-43,https://www.sevenfive.co.th/files/product/original/PRD175196515895.jpg
NTS1-SCM-42,https://www.sevenfive.co.th/files/product/original/PRD170937914623.jpg
NTS1-SCM-41,https://www.sevenfive.co.th/files/product/original/PRD170937914697.jpg
NTS1-SCM-40,https://www.sevenfive.co.th/files/product/original/PRD170937914691.jpg
NTS1-SCM-39,https://www.sevenfive.co.th/files/product/original/PRD170937914594.jpg
NTS1-SCM-38,https://www.sevenfive.co.th/files/product/original/PRD170937914546.jpg
NTS1-SCM-37,https://www.sevenfive.co.th/files/product/original/PRD170937914463.jpg
NTS1-SCM-36,https://www.sevenfive.co.th/files/product/original/PRD170937914451.jpg
NTS1-SCM-35,https://www.sevenfive.co.th/files/product/original/PRD170937914419.jpg
NTS1-SCM-34,https://www.sevenfive.co.th/files/product/original/PRD170937914341.jpg
NTS1-SCM-33,https://www.sevenfive.co.th/files/product/original/PRD170937914325.jpg
NTS1-SCM-32,https://www.sevenfive.co.th/files/product/original/PRD170937914240.jpg
NTS1-SCM-31,https://www.sevenfive.co.th/files/product/original/PRD170937914262.jpg
NTS1-SCM-30,https://www.sevenfive.co.th/files/product/original/PRD170937914161.jpg
NTS1-SCM-29,https://www.sevenfive.co.th/files/product/original/PRD17093791410.jpg
NTS1-SCM-28,https://www.sevenfive.co.th/files/product/original/PRD170937914021.jpg
NTS1-SCM-27,https://www.sevenfive.co.th/files/product/original/PRD170937914050.jpg
NTS1-SCM-26,https://www.sevenfive.co.th/files/product/original/PRD170937914088.jpg
NTS1-SCM-25,https://www.sevenfive.co.th/files/product/original/PRD170937913929.jpg
NTS1-SCM-24,https://www.sevenfive.co.th/files/product/original/PRD170937913947.jpg
NTS1-SCM-23,https://www.sevenfive.co.th/files/product/original/PRD170937913858.jpg
NTS1-SCM-22,https://www.sevenfive.co.th/files/product/original/PRD170937913844.jpg
NTS1-SCM-20,https://www.sevenfive.co.th/files/product/original/PRD170937913776.jpg
NTS1-SCM-19,https://www.sevenfive.co.th/files/product/original/PRD170937913743.jpg
NTS1-SCM-18,https://www.sevenfive.co.th/files/product/original/PRD170937913796.jpg
NTS1-SCM-17,https://www.sevenfive.co.th/files/product/original/PRD170937913666.jpg
NTS1-SCM-16,https://www.sevenfive.co.th/files/product/original/PRD170937913557.jpg
NTS1-SCM-15,https://www.sevenfive.co.th/files/product/original/PRD17093791353.jpg
NTS1-SCM-14,https://www.sevenfive.co.th/files/product/original/PRD170937913567.jpg
NTS1-SCM-13,https://www.sevenfive.co.th/files/product/original/PRD17093791344.jpg
NTS1-SCM-12,https://www.sevenfive.co.th/files/product/original/PRD170937913416.jpg
NTS1-SCM-11,https://www.sevenfive.co.th/files/product/original/PRD170937913332.jpg
NTS1-SCM-10,https://www.sevenfive.co.th/files/product/original/PRD170937913342.jpg
NTS1-SCM-09,https://www.sevenfive.co.th/files/product/original/PRD170937913240.jpg
NTS1-SCM-08,https://www.sevenfive.co.th/files/product/original/PRD170937913291.jpg
NTS1-SCM-07,https://www.sevenfive.co.th/files/product/original/PRD170937913189.jpg
NTS1-SCM-06,https://www.sevenfive.co.th/files/product/original/PRD170937913148.jpg
NTS1-SCM-05,https://www.sevenfive.co.th/files/product/original/PRD170937913160.jpg
NTS1-SCM-04,https://www.sevenfive.co.th/files/product/original/PRD170937913082.jpg
NTS1-SCM-03,https://www.sevenfive.co.th/files/product/original/PRD170937913018.jpg
NTS1-SCM-02,https://www.sevenfive.co.th/files/product/original/PRD170937912977.jpg
NTS1-SCM-01,https://www.sevenfive.co.th/files/product/original/PRD170937912959.jpg
NTS1-SCIS-PS-P,https://www.sevenfive.co.th/files/product/original/PRD170937912855.jpg
NTS1-SBM-145,https://www.sevenfive.co.th/files/product/original/PRD170937912786.jpg
NTS1-SBM-144,https://www.sevenfive.co.th/files/product/original/PRD170937912687.jpg
NTS1-SBM-143,https://www.sevenfive.co.th/files/product/original/PRD170937912641.jpg
NTS1-SBM-142,https://www.sevenfive.co.th/files/product/original/PRD170937912661.jpg
NTS1-SBM-141,https://www.sevenfive.co.th/files/product/original/PRD170937912573.jpg
NTS1-SBM-140,https://www.sevenfive.co.th/files/product/original/PRD170937912529.jpg
NTS1-SBM-139,https://www.sevenfive.co.th/files/product/original/PRD17093791240.jpg
NTS1-SBM-138,https://www.sevenfive.co.th/files/product/original/PRD170937912468.jpg
NTS1-SBM-137,https://www.sevenfive.co.th/files/product/original/PRD170937912352.jpg
NTS1-SBM-136,https://www.sevenfive.co.th/files/product/original/PRD170937912316.jpg
NTS1-SBM-135,https://www.sevenfive.co.th/files/product/original/PRD170937912267.jpg
NTS1-SBM-134,https://www.sevenfive.co.th/files/product/original/PRD170937912124.jpg
NTS1-SBM-133,https://www.sevenfive.co.th/files/product/original/PRD170937908545.jpg
NTS1-SBM-132,https://www.sevenfive.co.th/files/product/original/PRD175411709529.jpg
NTS1-SBM-131,https://www.sevenfive.co.th/files/product/original/PRD170937908561.jpg
NTS1-SBM-130,https://www.sevenfive.co.th/files/product/original/PRD17093790842.jpg
NTS1-SBM-129,https://www.sevenfive.co.th/files/product/original/PRD17093790844.jpg
NTS1-SBM-128,https://www.sevenfive.co.th/files/product/original/PRD175196515763.jpg
NTS1-SBM-127,https://www.sevenfive.co.th/files/product/original/PRD170937908374.jpg
NTS1-SBM-126,https://www.sevenfive.co.th/files/product/original/PRD170937908298.jpg
NTS1-SBM-125,https://www.sevenfive.co.th/files/product/original/PRD170937908258.jpg
NTS1-SBM-124,https://www.sevenfive.co.th/files/product/original/PRD170937908227.jpg
NTS1-SBM-123,https://www.sevenfive.co.th/files/product/original/PRD170937908139.jpg
NTS1-SBM-122,https://www.sevenfive.co.th/files/product/original/PRD170937908138.jpg
NTS1-SBM-121,https://www.sevenfive.co.th/files/product/original/PRD170937908088.jpg
NTS1-SBM-120,https://www.sevenfive.co.th/files/product/original/PRD170937908033.jpg
NTS1-SBM-119,https://www.sevenfive.co.th/files/product/original/PRD170937907945.jpg
NTS1-SBM-118,https://www.sevenfive.co.th/files/product/original/PRD170937907937.jpg
NTS1-SBM-117,https://www.sevenfive.co.th/files/product/original/PRD170937907878.jpg
NTS1-SBM-116,https://www.sevenfive.co.th/files/product/original/PRD170937907837.jpg
NTS1-SBM-115,https://www.sevenfive.co.th/files/product/original/PRD170937907752.jpg
NTS1-SBM-114,https://www.sevenfive.co.th/files/product/original/PRD170937907715.jpg
NTS1-SBM-113,https://www.sevenfive.co.th/files/product/original/PRD170937907669.jpg
NTS1-SBM-112,https://www.sevenfive.co.th/files/product/original/PRD170937907612.jpg
NTS1-SBM-111,https://www.sevenfive.co.th/files/product/original/PRD170937907520.jpg
NTS1-SBM-110,https://www.sevenfive.co.th/files/product/original/PRD170937907566.jpg
NTS1-SBM-109,https://www.sevenfive.co.th/files/product/original/PRD170937907448.jpg
NTS1-SBM-108,https://www.sevenfive.co.th/files/product/original/PRD170937907429.jpg
NTS1-SBM-107,https://www.sevenfive.co.th/files/product/original/PRD170937907351.jpg
NTS1-SBM-106,https://www.sevenfive.co.th/files/product/original/PRD170937907334.jpg
NTS1-SBM-105,https://www.sevenfive.co.th/files/product/original/PRD170937907219.jpg
NTS1-SBM-104,https://www.sevenfive.co.th/files/product/original/PRD170937907220.jpg
NTS1-SBM-103,https://www.sevenfive.co.th/files/product/original/PRD170937907259.jpg
NTS1-SBM-102,https://www.sevenfive.co.th/files/product/original/PRD170937907158.jpg
NTS1-SBM-101,https://www.sevenfive.co.th/files/product/original/PRD170937907124.jpg
NTS1-SBM-100,https://www.sevenfive.co.th/files/product/original/PRD170937907046.jpg
NTS1-SBM-099,https://www.sevenfive.co.th/files/product/original/PRD170937907088.jpg
NTS1-SBM-098,https://www.sevenfive.co.th/files/product/original/PRD170937906936.jpg
NTS1-SBM-097,https://www.sevenfive.co.th/files/product/original/PRD170937906941.jpg
NTS1-SBM-096,https://www.sevenfive.co.th/files/product/original/PRD170937906842.jpg
NTS1-SBM-095,https://www.sevenfive.co.th/files/product/original/PRD170937906835.jpg
NTS1-SBM-094,https://www.sevenfive.co.th/files/product/original/PRD170937906872.jpg
NTS1-SBM-093,https://www.sevenfive.co.th/files/product/original/PRD170937906786.jpg
NTS1-SBM-092,https://www.sevenfive.co.th/files/product/original/PRD170937906619.jpg
NTS1-SBM-091,https://www.sevenfive.co.th/files/product/original/PRD170937906633.jpg
NTS1-SBM-090,https://www.sevenfive.co.th/files/product/original/PRD170937906517.jpg
NTS1-SBM-089,https://www.sevenfive.co.th/files/product/original/PRD170937906594.jpg
NTS1-SBM-088,https://www.sevenfive.co.th/files/product/original/PRD170937906469.jpg
NTS1-SBM-087,https://www.sevenfive.co.th/files/product/original/PRD170937906494.jpg
NTS1-SBM-086,https://www.sevenfive.co.th/files/product/original/PRD170937906397.jpg
NTS1-SBM-085,https://www.sevenfive.co.th/files/product/original/PRD170937906319.jpg
NTS1-SBM-084,https://www.sevenfive.co.th/files/product/original/PRD170937906279.jpg
NTS1-SBM-083,https://www.sevenfive.co.th/files/product/original/PRD17093790618.jpg
NTS1-SBM-082,https://www.sevenfive.co.th/files/product/original/PRD170937906017.jpg
NTS1-SBM-081,https://www.sevenfive.co.th/files/product/original/PRD170937906094.jpg
NTS1-SBM-080,https://www.sevenfive.co.th/files/product/original/PRD170937905980.jpg
NTS1-SBM-079,https://www.sevenfive.co.th/files/product/original/PRD170937905990.jpg
NTS1-SBM-077,https://www.sevenfive.co.th/files/product/original/PRD170937905926.jpg
NTS1-SBM-076,https://www.sevenfive.co.th/files/product/original/PRD170937905891.jpg
NTS1-SBM-075,https://www.sevenfive.co.th/files/product/original/PRD170937905839.jpg
NTS1-SBM-074,https://www.sevenfive.co.th/files/product/original/PRD17093790579.jpg
NTS1-SBM-073,https://www.sevenfive.co.th/files/product/original/PRD170937905778.jpg
NTS1-SBM-072,https://www.sevenfive.co.th/files/product/original/PRD170937905666.jpg
NTS1-SBM-071,https://www.sevenfive.co.th/files/product/original/PRD170937905642.jpg
NTS1-SBM-070,https://www.sevenfive.co.th/files/product/original/PRD170937905662.jpg
NTS1-SBM-069,https://www.sevenfive.co.th/files/product/original/PRD170937905541.jpg
NTS1-SBM-068,https://www.sevenfive.co.th/files/product/original/PRD170937905515.jpg
NTS1-SBM-067,https://www.sevenfive.co.th/files/product/original/PRD170937905432.jpg
NTS1-SBM-066,https://www.sevenfive.co.th/files/product/original/PRD170937905442.jpg
NTS1-SBM-065,https://www.sevenfive.co.th/files/product/original/PRD170937905398.jpg
NTS1-SBM-064,https://www.sevenfive.co.th/files/product/original/PRD170937905374.jpg
NTS1-SBM-063,https://www.sevenfive.co.th/files/product/original/PRD170937905366.jpg
NTS1-SBM-062,https://www.sevenfive.co.th/files/product/original/PRD170937905232.jpg
NTS1-SBM-061,https://www.sevenfive.co.th/files/product/original/PRD170937905245.jpg
NTS1-SBM-060,https://www.sevenfive.co.th/files/product/original/PRD170937905163.jpg
NTS1-SBM-059,https://www.sevenfive.co.th/files/product/original/PRD170937905167.jpg
NTS1-SBM-058,https://www.sevenfive.co.th/files/product/original/PRD170937905067.jpg
NTS1-SBM-057,https://www.sevenfive.co.th/files/product/original/PRD170937905032.jpg
NTS1-SBM-056,https://www.sevenfive.co.th/files/product/original/PRD170937904923.jpg
NTS1-SBM-055,https://www.sevenfive.co.th/files/product/original/PRD170937904954.jpg
NTS1-SBM-054,https://www.sevenfive.co.th/files/product/original/PRD170937904919.jpg
NTS1-SBM-053,https://www.sevenfive.co.th/files/product/original/PRD170937904879.jpg
NTS1-SBM-052,https://www.sevenfive.co.th/files/product/original/PRD170937904836.jpg
NTS1-SBM-051,https://www.sevenfive.co.th/files/product/original/PRD170937904787.jpg
NTS1-SBM-050,https://www.sevenfive.co.th/files/product/original/PRD170937904767.jpg
NTS1-SBM-049,https://www.sevenfive.co.th/files/product/original/PRD170937904650.jpg
NTS1-SBM-048,https://www.sevenfive.co.th/files/product/original/PRD170937904661.jpg
NTS1-SBM-047,https://www.sevenfive.co.th/files/product/original/PRD170937904518.jpg
NTS1-SBM-046,https://www.sevenfive.co.th/files/product/original/PRD175411709422.jpg
NTS1-SBM-045,https://www.sevenfive.co.th/files/product/original/PRD170937904549.jpg
NTS1-SBM-044,https://www.sevenfive.co.th/files/product/original/PRD170937904490.jpg
NTS1-SBM-043,https://www.sevenfive.co.th/files/product/original/PRD170937904478.jpg
NTS1-SBM-042,https://www.sevenfive.co.th/files/product/original/PRD175196515687.jpg
NTS1-SBM-041,https://www.sevenfive.co.th/files/product/original/PRD170937904345.jpg
NTS1-SBM-040,https://www.sevenfive.co.th/files/product/original/PRD170937904386.jpg
NTS1-SBM-039,https://www.sevenfive.co.th/files/product/original/PRD170937904215.jpg
NTS1-SBM-038,https://www.sevenfive.co.th/files/product/original/PRD170937904298.jpg
NTS1-SBM-037,https://www.sevenfive.co.th/files/product/original/PRD170937904119.jpg
NTS1-SBM-036,https://www.sevenfive.co.th/files/product/original/PRD17093790410.jpg
NTS1-SBM-035,https://www.sevenfive.co.th/files/product/original/PRD170937904083.jpg
NTS1-SBM-034,https://www.sevenfive.co.th/files/product/original/PRD170937904054.jpg
NTS1-SBM-033,https://www.sevenfive.co.th/files/product/original/PRD170937903999.jpg
NTS1-SBM-032,https://www.sevenfive.co.th/files/product/original/PRD170937903925.jpg
NTS1-SBM-031,https://www.sevenfive.co.th/files/product/original/PRD170937903925.jpg
NTS1-SBM-030,https://www.sevenfive.co.th/files/product/original/PRD170937903850.jpg
NTS1-SBM-029,https://www.sevenfive.co.th/files/product/original/PRD170937903852.jpg
NTS1-SBM-028,https://www.sevenfive.co.th/files/product/original/PRD170937903778.jpg
NTS1-SBM-027,https://www.sevenfive.co.th/files/product/original/PRD170937903732.jpg
NTS1-SBM-026,https://www.sevenfive.co.th/files/product/original/PRD170937903684.jpg
NTS1-SBM-025,https://www.sevenfive.co.th/files/product/original/PRD170937903683.jpg
NTS1-SBM-024,https://www.sevenfive.co.th/files/product/original/PRD170937903529.jpg
NTS1-SBM-023,https://www.sevenfive.co.th/files/product/original/PRD170937903441.jpg
NTS1-SBM-022,https://www.sevenfive.co.th/files/product/original/PRD170937903474.jpg
NTS1-SBM-021,https://www.sevenfive.co.th/files/product/original/PRD170937903458.jpg
NTS1-SBM-020,https://www.sevenfive.co.th/files/product/original/PRD170937903376.jpg
NTS1-SBM-019,https://www.sevenfive.co.th/files/product/original/PRD170937903253.jpg
NTS1-SBM-018,https://www.sevenfive.co.th/files/product/original/PRD170937903235.jpg
NTS1-SBM-017,https://www.sevenfive.co.th/files/product/original/PRD170937903190.jpg
NTS1-SBM-016,https://www.sevenfive.co.th/files/product/original/PRD17093790316.jpg
NTS1-SBM-015,https://www.sevenfive.co.th/files/product/original/PRD170937903040.jpg
NTS1-SBM-014,https://www.sevenfive.co.th/files/product/original/PRD17093790306.jpg
NTS1-SBM-013,https://www.sevenfive.co.th/files/product/original/PRD170937902988.jpg
NTS1-SBM-012,https://www.sevenfive.co.th/files/product/original/PRD170937902935.jpg
NTS1-SBM-011,https://www.sevenfive.co.th/files/product/original/PRD170937902831.jpg
NTS1-SBM-010,https://www.sevenfive.co.th/files/product/original/PRD170937902849.jpg
NTS1-SBM-009,https://www.sevenfive.co.th/files/product/original/PRD17093790272.jpg
NTS1-SBM-008,https://www.sevenfive.co.th/files/product/original/PRD170937902775.jpg
NTS1-SBM-007,https://www.sevenfive.co.th/files/product/original/PRD170937902795.jpg
NTS1-SBM-006,https://www.sevenfive.co.th/files/product/original/PRD170937902687.jpg
NTS1-SBM-005,https://www.sevenfive.co.th/files/product/original/PRD175222822290.jpg
NTS1-SBM-004,https://www.sevenfive.co.th/files/product/original/PRD170937902654.jpg
NTS1-SBM-003,https://www.sevenfive.co.th/files/product/original/PRD170937902527.jpg
NTS1-SBM-002,https://www.sevenfive.co.th/files/product/original/PRD170937902543.jpg
NTS1-SBM-001,https://www.sevenfive.co.th/files/product/original/PRD170937902447.jpg
NTS1-SAK1-3,https://www.sevenfive.co.th/files/product/original/PRDadb7a4fa979fa2e39ace6dcf5e8117fa.jpg
NTS1-SAK1-14,https://www.sevenfive.co.th/files/product/original/PRD3428b2c542eee14e9c19156334f2199d.jpg
NTS1-SAK1-12,https://www.sevenfive.co.th/files/product/original/PRD175470332779.jpg
NTS1-ROPS60,https://www.sevenfive.co.th/files/product/original/PRD170937901423.jpg
NTS1-ROPS45,https://www.sevenfive.co.th/files/product/original/PRD170937901451.jpg
NTS1-ROPS30,https://www.sevenfive.co.th/files/product/original/PRD170937901383.jpg
NTS1-ROPC-30,https://www.sevenfive.co.th/files/product/original/PRD170937901215.jpg
NTS1-ROB1-11,https://www.sevenfive.co.th/files/product/original/PRD175505078482.jpg
NTS1-RAM1-9,https://www.sevenfive.co.th/files/product/original/PRD175505078345.jpg
NTS1-PVL-SS-650,https://www.sevenfive.co.th/files/product/original/PRD175411708899.jpg
NTS1-PVL-SS-2250,https://www.sevenfive.co.th/files/product/original/PRD175411708737.jpg
NTS1-PVL-SS-1300,https://www.sevenfive.co.th/files/product/original/PRD17541170873.jpg
NTS1-PTS-TMS9,https://www.sevenfive.co.th/files/product/original/PRD170937900974.jpg
NTS1-PTS-TMS7,https://www.sevenfive.co.th/files/product/original/PRD170937900821.jpg
NTS1-PTS-TMS15,https://www.sevenfive.co.th/files/product/original/PRD170937900843.jpg
NTS1-PTS-TMS13,https://www.sevenfive.co.th/files/product/original/PRD170937900784.jpg
NTS1-PTS-TMS10,https://www.sevenfive.co.th/files/product/original/PRD170937900644.jpg
NTS1-PTS-TMCL6,https://www.sevenfive.co.th/files/product/original/PRD170937900630.jpg
NTS1-PTS-TMC9,https://www.sevenfive.co.th/files/product/original/PRD175196515066.jpg
NTS1-PTS-TMC6,https://www.sevenfive.co.th/files/product/original/PRD170937900485.jpg
NTS1-PTS-TMC12,https://www.sevenfive.co.th/files/product/original/PRD170937900423.jpg
NTS1-PTS-TMC10,https://www.sevenfive.co.th/files/product/original/PRD170937900240.jpg
NTS1-PTS-TM9,https://www.sevenfive.co.th/files/product/original/PRD170937900158.jpg
NTS1-PTS-TM6,https://www.sevenfive.co.th/files/product/original/PRD170937899991.jpg
NTS1-PTS-TM4,https://www.sevenfive.co.th/files/product/original/PRD170937899997.jpg
NTS1-PTS-TM18,https://www.sevenfive.co.th/files/product/original/PRD170937899880.jpg
NTS1-PTS-TM16,https://www.sevenfive.co.th/files/product/original/PRD170937899843.jpg
NTS1-PTS-TM15,https://www.sevenfive.co.th/files/product/original/PRD170937899897.jpg
NTS1-PTS-TM13,https://www.sevenfive.co.th/files/product/original/PRD170937899790.jpg
NTS1-PTS-TM12,https://www.sevenfive.co.th/files/product/original/PRD170937899774.jpg
NTS1-PTS-TM10,https://www.sevenfive.co.th/files/product/original/PRD17093789963.jpg
NTS1-PTS-M7,https://www.sevenfive.co.th/files/product/original/PRD175196514959.jpg
NTS1-PTO-2S,https://www.sevenfive.co.th/files/product/original/PRD170937899135.jpg
NTS1-PTO-1S,https://www.sevenfive.co.th/files/product/original/PRD170937899015.jpg
NTS1-PTIP-33TR,https://www.sevenfive.co.th/files/product/original/PRD17093789905.jpg
NTS1-PTIP-26TR,https://www.sevenfive.co.th/files/product/original/PRD170937898853.jpg
NTS1-PTIP-26BL,https://www.sevenfive.co.th/files/product/original/PRD175196514881.jpg
NTS1-PTIP-20TR,https://www.sevenfive.co.th/files/product/original/PRD17093789113.jpg
NTS1-PTIP-19TR-17,https://www.sevenfive.co.th/files/product/original/PRD175411708686.jpg
NTS1-PTIP-19TR,https://www.sevenfive.co.th/files/product/original/PRD170937890932.jpg
NTS1-PTIP-19BL-24,https://www.sevenfive.co.th/files/product/original/PRD170937890951.jpg
NTS1-PTIP-19BL-17,https://www.sevenfive.co.th/files/product/original/PRD170937890992.jpg
NTS1-PTIP-19BL,https://www.sevenfive.co.th/files/product/original/PRD175196514770.jpg
NTS1-PT24,https://www.sevenfive.co.th/files/product/original/PRD175196514578.jpg
NTS1-PT20-2,https://www.sevenfive.co.th/files/product/original/PRD175196514429.jpg
NTS1-PPP-2,https://www.sevenfive.co.th/files/product/original/PRD170937890581.jpg
NTS1-PPP-1,https://www.sevenfive.co.th/files/product/original/PRD170937890581.jpg
NTS1-PPEL-65,https://www.sevenfive.co.th/files/product/original/PRD170937890473.jpg
NTS1-PPEL-225,https://www.sevenfive.co.th/files/product/original/PRD170937890415.jpg
NTS1-PPEL-220,https://www.sevenfive.co.th/files/product/original/PRD170937890350.jpg
NTS1-PPEL-20,https://www.sevenfive.co.th/files/product/original/PRD170937890336.jpg
NTS1-PM306455-2,https://www.sevenfive.co.th/files/product/original/PRD5b6dabcffeff633570635c56f8176ffc.jpg
NTS1-PM306455-1,https://www.sevenfive.co.th/files/product/original/PRD4318b93b1300ce7dede630465b2d7de9.jpg
NTS1-PM305455-2,https://www.sevenfive.co.th/files/product/original/PRD41eb7680cde1e8cb163099ea648e9dec.jpg
NTS1-PM300450-8,https://www.sevenfive.co.th/files/product/original/PRD12cc66053ab8cbeaf4cdd44454030265.jpg
NTS1-PM300450-70BS,https://www.sevenfive.co.th/files/product/original/PRD175411708244.jpg
NTS1-PM300450-70,https://www.sevenfive.co.th/files/product/original/PRD175411708237.jpg
NTS1-PM300450-7,https://www.sevenfive.co.th/files/product/original/PRD175411708125.jpg
NTS1-PM300450-69BS,https://www.sevenfive.co.th/files/product/original/PRD175411708017.jpg
NTS1-PM300450-69,https://www.sevenfive.co.th/files/product/original/PRD175411708094.jpg
NTS1-PM300450-66BS,https://www.sevenfive.co.th/files/product/original/PRD175411707985.jpg
NTS1-PM300450-66,https://www.sevenfive.co.th/files/product/original/PRD175411707921.jpg
NTS1-PM300450-65BS,https://www.sevenfive.co.th/files/product/original/PRD175411707874.jpg
NTS1-PM300450-65,https://www.sevenfive.co.th/files/product/original/PRD175411707745.jpg
NTS1-PM300450-64BS,https://www.sevenfive.co.th/files/product/original/PRD175411707774.jpg
NTS1-PM300450-64,https://www.sevenfive.co.th/files/product/original/PRD175411707655.jpg
NTS1-PM300450-63BS,https://www.sevenfive.co.th/files/product/original/PRD175411707699.jpg
NTS1-PM300450-63,https://www.sevenfive.co.th/files/product/original/PRD175411707543.jpg
NTS1-PM300450-62BS,https://www.sevenfive.co.th/files/product/original/PRD175411707545.jpg
NTS1-PM300450-62,https://www.sevenfive.co.th/files/product/original/PRD17541170741.jpg
NTS1-PM300450-61BS,https://www.sevenfive.co.th/files/product/original/PRD175411707416.jpg
NTS1-PM300450-61,https://www.sevenfive.co.th/files/product/original/PRD175411707317.jpg
NTS1-PM300450-60BS,https://www.sevenfive.co.th/files/product/original/PRD175411707294.jpg
NTS1-PM300450-60,https://www.sevenfive.co.th/files/product/original/PRD175411707211.jpg
NTS1-PM300450-59BS,https://www.sevenfive.co.th/files/product/original/PRD175411707183.jpg
NTS1-PM300450-59,https://www.sevenfive.co.th/files/product/original/PRD175411707190.jpg
NTS1-PM300450-58BS,https://www.sevenfive.co.th/files/product/original/PRD175411707071.jpg
NTS1-PM300450-58,https://www.sevenfive.co.th/files/product/original/PRD17541170706.jpg
NTS1-PM300450-57BS,https://www.sevenfive.co.th/files/product/original/PRD175411706931.jpg
NTS1-PM300450-57,https://www.sevenfive.co.th/files/product/original/PRD175411706814.jpg
NTS1-PM300450-56BS,https://www.sevenfive.co.th/files/product/original/PRD175411706877.jpg
NTS1-PM300450-56,https://www.sevenfive.co.th/files/product/original/PRD175411706768.jpg
NTS1-PM300450-55BS,https://www.sevenfive.co.th/files/product/original/PRD175411706781.jpg
NTS1-PM300450-55,https://www.sevenfive.co.th/files/product/original/PRD17541170668.jpg
NTS1-PM300450-54BS,https://www.sevenfive.co.th/files/product/original/PRD175411706653.jpg
NTS1-PM300450-54,https://www.sevenfive.co.th/files/product/original/PRD175411706573.jpg
NTS1-PM300450-51,https://www.sevenfive.co.th/files/product/original/PRD175411706571.jpg
NTS1-PM300450-50,https://www.sevenfive.co.th/files/product/original/PRD175411706477.jpg
NTS1-PM300450-5,https://www.sevenfive.co.th/files/product/original/PRD175411706379.jpg
NTS1-PM300450-48,https://www.sevenfive.co.th/files/product/original/PRD175411706321.jpg
NTS1-PM300450-46,https://www.sevenfive.co.th/files/product/original/PRD175411706266.jpg
NTS1-PM300450-4,https://www.sevenfive.co.th/files/product/original/PRD97e9202e23741c3636b22c4baf7931f8.jpg
NTS1-PM300450-38,https://www.sevenfive.co.th/files/product/original/PRD175411706239.jpg
NTS1-PM300450-36BS,https://www.sevenfive.co.th/files/product/original/PRD17541170611.jpg
NTS1-PM300450-36,https://www.sevenfive.co.th/files/product/original/PRD175412053963.jpg
NTS1-PM300450-34,https://www.sevenfive.co.th/files/product/original/PRD175411706183.jpg
NTS1-PM300450-33BS,https://www.sevenfive.co.th/files/product/original/PRD175411706094.jpg
NTS1-PM300450-33,https://www.sevenfive.co.th/files/product/original/PRD175411706048.jpg
NTS1-PM300450-31,https://www.sevenfive.co.th/files/product/original/PRD175411705991.jpg
NTS1-PM300450-30,https://www.sevenfive.co.th/files/product/original/PRD175411705818.jpg
NTS1-PM300450-29BS,https://www.sevenfive.co.th/files/product/original/PRD175411705830.jpg
NTS1-PM300450-29,https://www.sevenfive.co.th/files/product/original/PRD17541170579.jpg
NTS1-PM300450-27BS,https://www.sevenfive.co.th/files/product/original/PRD175411705748.jpg
NTS1-PM300450-27,https://www.sevenfive.co.th/files/product/original/PRD175411705651.jpg
NTS1-PM300450-23,https://www.sevenfive.co.th/files/product/original/PRD175411705629.jpg
NTS1-PM300450-21,https://www.sevenfive.co.th/files/product/original/PRD175411705517.jpg
NTS1-PM300450-2,https://www.sevenfive.co.th/files/product/original/PRD9c25b55bb4c282c613e06bb7dc660160.jpg
NTS1-PM300450-19,https://www.sevenfive.co.th/files/product/original/PRD175411705424.jpg
NTS1-PM300450-18,https://www.sevenfive.co.th/files/product/original/PRD175411705429.jpg
NTS1-PM300450-16BS,https://www.sevenfive.co.th/files/product/original/PRD175411705371.jpg
NTS1-PM300450-16,https://www.sevenfive.co.th/files/product/original/PRD175411705295.jpg
NTS1-PM300450-15,https://www.sevenfive.co.th/files/product/original/PRDaee3f797c923e440d86c69a5b61ec95f.jpg
NTS1-PM300450-14BS,https://www.sevenfive.co.th/files/product/original/PRD175411705113.jpg
NTS1-PM300450-14,https://www.sevenfive.co.th/files/product/original/PRD175411705037.jpg
NTS1-PM300450-13,https://www.sevenfive.co.th/files/product/original/PRD8702ea2ea1188cc4e12ce8df7433ded3.jpg
NTS1-PM300450-12,https://www.sevenfive.co.th/files/product/original/PRD40da15e5b2cfeb4c167090d759077c97.jpg
NTS1-PM300450-11,https://www.sevenfive.co.th/files/product/original/PRD17541170506.jpg
NTS1-PM300450-10,https://www.sevenfive.co.th/files/product/original/PRD005f9bef1da84c4b656dbadc9a66fa13.jpg
NTS1-PM300450-1,https://www.sevenfive.co.th/files/product/original/PRDa48e44e79cf699b36e00ee3a03c631f9.jpg
NTS1-PFRS-30,https://www.sevenfive.co.th/files/product/original/PRD170937889994.jpg
NTS1-PFRS-25,https://www.sevenfive.co.th/files/product/original/PRD170937889862.jpg
NTS1-PDC-60,https://www.sevenfive.co.th/files/product/original/PRD170937889616.jpg
NTS1-PDC-40D,https://www.sevenfive.co.th/files/product/original/PRD170937889627.jpg
NTS1-PCCM-P3D-11,https://www.sevenfive.co.th/files/product/original/PRD170937889475.jpg
NTS1-PCCM-P3D-10,https://www.sevenfive.co.th/files/product/original/PRD170937889389.jpg
NTS1-PCCM-P3D-09,https://www.sevenfive.co.th/files/product/original/PRD170937889346.jpg
NTS1-PCCM-P3D-08,https://www.sevenfive.co.th/files/product/original/PRD170937889294.jpg
NTS1-PCCM-P3D-07,https://www.sevenfive.co.th/files/product/original/PRD170937889243.jpg
NTS1-PCCM-P3D-06,https://www.sevenfive.co.th/files/product/original/PRD170937889124.jpg
NTS1-PCCM-P3D-05,https://www.sevenfive.co.th/files/product/original/PRD170937889179.jpg
NTS1-PCCM-P3D-04,https://www.sevenfive.co.th/files/product/original/PRD170937889093.jpg
NTS1-PCCM-P3D-03,https://www.sevenfive.co.th/files/product/original/PRD170937889058.jpg
NTS1-PCCM-P3D-02,https://www.sevenfive.co.th/files/product/original/PRD170937888912.jpg
NTS1-PCCM-P3D-01,https://www.sevenfive.co.th/files/product/original/PRD170937888918.jpg
NTS1-PCCM-P-17,https://www.sevenfive.co.th/files/product/original/PRD170937888941.jpg
NTS1-PCCM-P-16,https://www.sevenfive.co.th/files/product/original/PRD170937888849.jpg
NTS1-PCCM-P-15,https://www.sevenfive.co.th/files/product/original/PRD170937888810.jpg
NTS1-PCCM-P-14,https://www.sevenfive.co.th/files/product/original/PRD170937888793.jpg
NTS1-PCCM-P-13,https://www.sevenfive.co.th/files/product/original/PRD170937888746.jpg
NTS1-PCCM-P-12,https://www.sevenfive.co.th/files/product/original/PRD170937888777.jpg
NTS1-PCCM-P-11,https://www.sevenfive.co.th/files/product/original/PRD170937888623.jpg
NTS1-PCCM-P-10,https://www.sevenfive.co.th/files/product/original/PRD170937888689.jpg
NTS1-PCCM-P-09,https://www.sevenfive.co.th/files/product/original/PRD17093788850.jpg
NTS1-PCCM-P-08,https://www.sevenfive.co.th/files/product/original/PRD170937888523.jpg
NTS1-PCCM-P-07,https://www.sevenfive.co.th/files/product/original/PRD170937888532.jpg
NTS1-PCCM-P-06,https://www.sevenfive.co.th/files/product/original/PRD170937888435.jpg
NTS1-PCCM-P-05,https://www.sevenfive.co.th/files/product/original/PRD170937888441.jpg
NTS1-PCCM-P-04,https://www.sevenfive.co.th/files/product/original/PRD170937888321.jpg
NTS1-PCCM-P-03,https://www.sevenfive.co.th/files/product/original/PRD170937888246.jpg
NTS1-PCCM-P-02,https://www.sevenfive.co.th/files/product/original/PRD170937888175.jpg
NTS1-PCCM-P-01,https://www.sevenfive.co.th/files/product/original/PRD170937888122.jpg
NTS1-PCCM-3D-9,https://www.sevenfive.co.th/files/product/original/PRD170937888086.jpg
NTS1-PCCM-3D-8,https://www.sevenfive.co.th/files/product/original/PRD170937888062.jpg
NTS1-PCCM-3D-7,https://www.sevenfive.co.th/files/product/original/PRD170937887914.jpg
NTS1-PCCM-3D-6,https://www.sevenfive.co.th/files/product/original/PRD170937887942.jpg
NTS1-PCCM-3D-5,https://www.sevenfive.co.th/files/product/original/PRD170937887965.jpg
NTS1-PCCM-3D-4,https://www.sevenfive.co.th/files/product/original/PRD170937887810.jpg
NTS1-PCCM-3D-3,https://www.sevenfive.co.th/files/product/original/PRD170937887830.jpg
NTS1-PCCM-3D-2,https://www.sevenfive.co.th/files/product/original/PRD170937887752.jpg
NTS1-PCCM-3D-11,https://www.sevenfive.co.th/files/product/original/PRD170937887776.jpg
NTS1-PCCM-3D-10,https://www.sevenfive.co.th/files/product/original/PRD170937887693.jpg
NTS1-PCCM-3D-1,https://www.sevenfive.co.th/files/product/original/PRD170937887695.jpg
NTS1-PCCM-160,https://www.sevenfive.co.th/files/product/original/PRD170937887512.jpg
NTS1-PCCM-159,https://www.sevenfive.co.th/files/product/original/PRD170937887589.jpg
NTS1-PCCM-158,https://www.sevenfive.co.th/files/product/original/PRD175196512783.jpg
NTS1-PCCM-157,https://www.sevenfive.co.th/files/product/original/PRD175196512795.jpg
NTS1-PCCM-156,https://www.sevenfive.co.th/files/product/original/PRD17093788733.jpg
NTS1-PCCM-155,https://www.sevenfive.co.th/files/product/original/PRD170937887350.jpg
NTS1-PCCM-154,https://www.sevenfive.co.th/files/product/original/PRD170937887243.jpg
NTS1-PCCM-153,https://www.sevenfive.co.th/files/product/original/PRD170937887238.jpg
NTS1-PCCM-152,https://www.sevenfive.co.th/files/product/original/PRD170937887234.jpg
NTS1-PCCM-151,https://www.sevenfive.co.th/files/product/original/PRD17093788710.jpg
NTS1-PCCM-146,https://www.sevenfive.co.th/files/product/original/PRD170937887185.jpg
NTS1-PCCM-145,https://www.sevenfive.co.th/files/product/original/PRD170937887089.jpg
NTS1-PCCM-144,https://www.sevenfive.co.th/files/product/original/PRD170937887078.jpg
NTS1-PCCM-143,https://www.sevenfive.co.th/files/product/original/PRD17519651262.jpg
NTS1-PCCM-142,https://www.sevenfive.co.th/files/product/original/PRD17093788694.jpg
NTS1-PCCM-141,https://www.sevenfive.co.th/files/product/original/PRD170937886978.jpg
NTS1-PCCM-140,https://www.sevenfive.co.th/files/product/original/PRD170937886983.jpg
NTS1-PCCM-137,https://www.sevenfive.co.th/files/product/original/PRD170937886892.jpg
NTS1-PCCM-135,https://www.sevenfive.co.th/files/product/original/PRD170937886810.jpg
NTS1-PCCM-134,https://www.sevenfive.co.th/files/product/original/PRD170937886725.jpg
NTS1-PCCM-133,https://www.sevenfive.co.th/files/product/original/PRD170937886740.jpg
NTS1-PCCM-132,https://www.sevenfive.co.th/files/product/original/PRD175196512663.jpg
NTS1-PCCM-131,https://www.sevenfive.co.th/files/product/original/PRD170937886719.jpg
NTS1-PCCM-130,https://www.sevenfive.co.th/files/product/original/PRD170937886666.jpg
NTS1-PCCM-129,https://www.sevenfive.co.th/files/product/original/PRD170937886683.jpg
NTS1-PCCM-128,https://www.sevenfive.co.th/files/product/original/PRD170937886523.jpg
NTS1-PCCM-127,https://www.sevenfive.co.th/files/product/original/PRD170937886527.jpg
NTS1-PCCM-126,https://www.sevenfive.co.th/files/product/original/PRD170937886523.jpg
NTS1-PCCM-125,https://www.sevenfive.co.th/files/product/original/PRD17093788641.jpg
NTS1-PCCM-124,https://www.sevenfive.co.th/files/product/original/PRD175196512510.jpg
NTS1-PCCM-123,https://www.sevenfive.co.th/files/product/original/PRD170937886431.jpg
NTS1-PCCM-122,https://www.sevenfive.co.th/files/product/original/PRD170937886378.jpg
NTS1-PCCM-121,https://www.sevenfive.co.th/files/product/original/PRD170937886352.jpg
NTS1-PCCM-120,https://www.sevenfive.co.th/files/product/original/PRD17093788636.jpg
NTS1-PCCM-119,https://www.sevenfive.co.th/files/product/original/PRD170937886286.jpg
NTS1-PCCM-118,https://www.sevenfive.co.th/files/product/original/PRD170937886231.jpg
NTS1-PCCM-117,https://www.sevenfive.co.th/files/product/original/PRD170937886226.jpg
NTS1-PCCM-116,https://www.sevenfive.co.th/files/product/original/PRD170937886164.jpg
NTS1-PCCM-115,https://www.sevenfive.co.th/files/product/original/PRD17093788618.jpg
NTS1-PCCM-114,https://www.sevenfive.co.th/files/product/original/PRD170937886087.jpg
NTS1-PCCM-113,https://www.sevenfive.co.th/files/product/original/PRD170937886062.jpg
NTS1-PCCM-112,https://www.sevenfive.co.th/files/product/original/PRD170937885912.jpg
NTS1-PCCM-111,https://www.sevenfive.co.th/files/product/original/PRD170937885964.jpg
NTS1-PCCM-110,https://www.sevenfive.co.th/files/product/original/PRD170937885986.jpg
NTS1-PCCM-109,https://www.sevenfive.co.th/files/product/original/PRD170937885820.jpg
NTS1-PCCM-108,https://www.sevenfive.co.th/files/product/original/PRD17093788584.jpg
NTS1-PCCM-107,https://www.sevenfive.co.th/files/product/original/PRD170937885732.jpg
NTS1-PCCM-106,https://www.sevenfive.co.th/files/product/original/PRD170937885726.jpg
NTS1-PCCM-105,https://www.sevenfive.co.th/files/product/original/PRD170937885662.jpg
NTS1-PCCM-104,https://www.sevenfive.co.th/files/product/original/PRD170937885633.jpg
NTS1-PCCM-103,https://www.sevenfive.co.th/files/product/original/PRD170937885572.jpg
NTS1-PCCM-102,https://www.sevenfive.co.th/files/product/original/PRD170937885516.jpg
NTS1-PCCM-101,https://www.sevenfive.co.th/files/product/original/PRD170937885461.jpg
NTS1-PCCM-100,https://www.sevenfive.co.th/files/product/original/PRD170937885474.jpg
NTS1-PCCM-099,https://www.sevenfive.co.th/files/product/original/PRD170937885339.jpg
NTS1-PCCM-098,https://www.sevenfive.co.th/files/product/original/PRD170937885340.jpg
NTS1-PCCM-097,https://www.sevenfive.co.th/files/product/original/PRD170937885227.jpg
NTS1-PCCM-096,https://www.sevenfive.co.th/files/product/original/PRD170937885212.jpg
NTS1-PCCM-095,https://www.sevenfive.co.th/files/product/original/PRD170937885148.jpg
NTS1-PCCM-094,https://www.sevenfive.co.th/files/product/original/PRD170937885113.jpg
NTS1-PCCM-093,https://www.sevenfive.co.th/files/product/original/PRD170937885048.jpg
NTS1-PCCM-092,https://www.sevenfive.co.th/files/product/original/PRD170937885031.jpg
NTS1-PCCM-091,https://www.sevenfive.co.th/files/product/original/PRD170937884940.jpg
NTS1-PCCM-090,https://www.sevenfive.co.th/files/product/original/PRD170937884931.jpg
NTS1-PCCM-089,https://www.sevenfive.co.th/files/product/original/PRD170937884953.jpg
NTS1-PCCM-088,https://www.sevenfive.co.th/files/product/original/PRD170937884847.jpg
NTS1-PCCM-087,https://www.sevenfive.co.th/files/product/original/PRD170937884820.jpg
NTS1-PCCM-086,https://www.sevenfive.co.th/files/product/original/PRD170937884741.jpg
NTS1-PCCM-085,https://www.sevenfive.co.th/files/product/original/PRD17093788471.jpg
NTS1-PCCM-084,https://www.sevenfive.co.th/files/product/original/PRD170937884674.jpg
NTS1-PCCM-083,https://www.sevenfive.co.th/files/product/original/PRD170937884617.jpg
NTS1-PCCM-082,https://www.sevenfive.co.th/files/product/original/PRD170937884538.jpg
NTS1-PCCM-081,https://www.sevenfive.co.th/files/product/original/PRD170937884533.jpg
NTS1-PCCM-080,https://www.sevenfive.co.th/files/product/original/PRD170937884490.jpg
NTS1-PCCM-079,https://www.sevenfive.co.th/files/product/original/PRD170937884429.jpg
NTS1-PCCM-078,https://www.sevenfive.co.th/files/product/original/PRD170937884339.jpg
NTS1-PCCM-077,https://www.sevenfive.co.th/files/product/original/PRD17093788430.jpg
NTS1-PCCM-076,https://www.sevenfive.co.th/files/product/original/PRD170937884336.jpg
NTS1-PCCM-075,https://www.sevenfive.co.th/files/product/original/PRD170937884221.jpg
NTS1-PCCM-074,https://www.sevenfive.co.th/files/product/original/PRD170937884243.jpg
NTS1-PCCM-073,https://www.sevenfive.co.th/files/product/original/PRD170937884140.jpg
NTS1-PCCM-072,https://www.sevenfive.co.th/files/product/original/PRD170937884152.jpg
NTS1-PCCM-069,https://www.sevenfive.co.th/files/product/original/PRD170937884097.jpg
NTS1-PCCM-068,https://www.sevenfive.co.th/files/product/original/PRD170937884031.jpg
NTS1-PCCM-067,https://www.sevenfive.co.th/files/product/original/PRD17093788401.jpg
NTS1-PCCM-066,https://www.sevenfive.co.th/files/product/original/PRD170937883924.jpg
NTS1-PCCM-065,https://www.sevenfive.co.th/files/product/original/PRD17093788395.jpg
NTS1-PCCM-064,https://www.sevenfive.co.th/files/product/original/PRD175196512579.jpg
NTS1-PCCM-063,https://www.sevenfive.co.th/files/product/original/PRD170937883895.jpg
NTS1-PCCM-062,https://www.sevenfive.co.th/files/product/original/PRD170937883835.jpg
NTS1-PCCM-061,https://www.sevenfive.co.th/files/product/original/PRD170937883866.jpg
NTS1-PCCM-060,https://www.sevenfive.co.th/files/product/original/PRD170937883737.jpg
NTS1-PCCM-059,https://www.sevenfive.co.th/files/product/original/PRD17093788376.jpg
NTS1-PCCM-058,https://www.sevenfive.co.th/files/product/original/PRD170937883656.jpg
NTS1-PCCM-057,https://www.sevenfive.co.th/files/product/original/PRD170937883654.jpg
NTS1-PCCM-056,https://www.sevenfive.co.th/files/product/original/PRD170937883582.jpg
NTS1-PCCM-055,https://www.sevenfive.co.th/files/product/original/PRD170937883530.jpg
NTS1-PCCM-054,https://www.sevenfive.co.th/files/product/original/PRD170937883575.jpg
NTS1-PCCM-053,https://www.sevenfive.co.th/files/product/original/PRD170937883448.jpg
NTS1-PCCM-052,https://www.sevenfive.co.th/files/product/original/PRD170937883492.jpg
NTS1-PCCM-051,https://www.sevenfive.co.th/files/product/original/PRD170937883370.jpg
NTS1-PCCM-050,https://www.sevenfive.co.th/files/product/original/PRD17093788330.jpg
NTS1-PCCM-049,https://www.sevenfive.co.th/files/product/original/PRD170937883241.jpg
NTS1-PCCM-048,https://www.sevenfive.co.th/files/product/original/PRD170937883288.jpg
NTS1-PCCM-047,https://www.sevenfive.co.th/files/product/original/PRD170937883177.jpg
NTS1-PCCM-046,https://www.sevenfive.co.th/files/product/original/PRD170937883197.jpg
NTS1-PCCM-045,https://www.sevenfive.co.th/files/product/original/PRD170937883097.jpg
NTS1-PCCM-044,https://www.sevenfive.co.th/files/product/original/PRD17093788308.jpg
NTS1-PCCM-043,https://www.sevenfive.co.th/files/product/original/PRD170937881253.jpg
NTS1-PCCM-042,https://www.sevenfive.co.th/files/product/original/PRD170937881177.jpg
NTS1-PCCM-041,https://www.sevenfive.co.th/files/product/original/PRD17093788110.jpg
NTS1-PCCM-040,https://www.sevenfive.co.th/files/product/original/PRD170937881112.jpg
NTS1-PCCM-039,https://www.sevenfive.co.th/files/product/original/PRD170937881069.jpg
NTS1-PCCM-038,https://www.sevenfive.co.th/files/product/original/PRD170937881056.jpg
NTS1-PCCM-037,https://www.sevenfive.co.th/files/product/original/PRD170937880929.jpg
NTS1-PCCM-036,https://www.sevenfive.co.th/files/product/original/PRD170937880985.jpg
NTS1-PCCM-035,https://www.sevenfive.co.th/files/product/original/PRD170937880856.jpg
NTS1-PCCM-034,https://www.sevenfive.co.th/files/product/original/PRD170937880894.jpg
NTS1-PCCM-033,https://www.sevenfive.co.th/files/product/original/PRD170937880837.jpg
NTS1-PCCM-032,https://www.sevenfive.co.th/files/product/original/PRD170937880712.jpg
NTS1-PCCM-031,https://www.sevenfive.co.th/files/product/original/PRD170937880783.jpg
NTS1-PCCM-030,https://www.sevenfive.co.th/files/product/original/PRD170937880652.jpg
NTS1-PCCM-029,https://www.sevenfive.co.th/files/product/original/PRD170937880679.jpg
NTS1-PCCM-028,https://www.sevenfive.co.th/files/product/original/PRD170937880548.jpg
NTS1-PCCM-027,https://www.sevenfive.co.th/files/product/original/PRD170937880560.jpg
NTS1-PCCM-026,https://www.sevenfive.co.th/files/product/original/PRD170937880434.jpg
NTS1-PCCM-025,https://www.sevenfive.co.th/files/product/original/PRD170937880421.jpg
NTS1-PCCM-024,https://www.sevenfive.co.th/files/product/original/PRD170937880412.jpg
NTS1-PCCM-023,https://www.sevenfive.co.th/files/product/original/PRD170937880384.jpg
NTS1-PCCM-022,https://www.sevenfive.co.th/files/product/original/PRD170937880382.jpg
NTS1-PCCM-021,https://www.sevenfive.co.th/files/product/original/PRD170937880252.jpg
NTS1-PCCM-020,https://www.sevenfive.co.th/files/product/original/PRD170937880268.jpg
NTS1-PCCM-019,https://www.sevenfive.co.th/files/product/original/PRD170937880122.jpg
NTS1-PCCM-018,https://www.sevenfive.co.th/files/product/original/PRD170937880190.jpg
NTS1-PCCM-017,https://www.sevenfive.co.th/files/product/original/PRD170937880042.jpg
NTS1-PCCM-016,https://www.sevenfive.co.th/files/product/original/PRD170937880097.jpg
NTS1-PCCM-015,https://www.sevenfive.co.th/files/product/original/PRD170937879930.jpg
NTS1-PCCM-014,https://www.sevenfive.co.th/files/product/original/PRD170937879941.jpg
NTS1-PCCM-013,https://www.sevenfive.co.th/files/product/original/PRD170937879888.jpg
NTS1-PCCM-012,https://www.sevenfive.co.th/files/product/original/PRD170937879856.jpg
NTS1-PCCM-011,https://www.sevenfive.co.th/files/product/original/PRD170937879777.jpg
NTS1-PCCM-010,https://www.sevenfive.co.th/files/product/original/PRD170937879792.jpg
NTS1-PCCM-009,https://www.sevenfive.co.th/files/product/original/PRD170937879671.jpg
NTS1-PCCM-008,https://www.sevenfive.co.th/files/product/original/PRD170937879664.jpg
NTS1-PCCM-007,https://www.sevenfive.co.th/files/product/original/PRD170937879568.jpg
NTS1-PCCM-006,https://www.sevenfive.co.th/files/product/original/PRD170937879482.jpg
NTS1-PCCM-005,https://www.sevenfive.co.th/files/product/original/PRD170937879354.jpg
NTS1-PCCM-004,https://www.sevenfive.co.th/files/product/original/PRD170937879275.jpg
NTS1-PCCM-003,https://www.sevenfive.co.th/files/product/original/PRD170937879290.jpg
NTS1-PCCM-002,https://www.sevenfive.co.th/files/product/original/PRD175196512498.jpg
NTS1-PCCM-001,https://www.sevenfive.co.th/files/product/original/PRD170937879134.jpg
NTS1-OVMS-S,https://www.sevenfive.co.th/files/product/original/PRD170937878599.jpg
NTS1-OVMS-M,https://www.sevenfive.co.th/files/product/original/PRD170937878423.jpg
NTS1-OVMS-L,https://www.sevenfive.co.th/files/product/original/PRD170937878420.jpg
NTS1-OJC1,https://www.sevenfive.co.th/files/product/original/PRD170954433359.jpg
NTS1-NOV1-9,https://www.sevenfive.co.th/files/product/original/PRDa9a07eb9807c9cfd3745f75d2af2755c.jpg
NTS1-NOV1-2,https://www.sevenfive.co.th/files/product/original/PRDf87d81483f93223e7cf72c94ac881dbd.jpg
NTS1-NCT-28,https://www.sevenfive.co.th/files/product/original/PRD170937878232.jpg
NTS1-NCT-27,https://www.sevenfive.co.th/files/product/original/PRD170937878236.jpg
NTS1-NCT-26,https://www.sevenfive.co.th/files/product/original/PRD170937878165.jpg
NTS1-NCT-25,https://www.sevenfive.co.th/files/product/original/PRD170937878127.jpg
NTS1-NCT-24,https://www.sevenfive.co.th/files/product/original/PRD170937878074.jpg
NTS1-NCT-23,https://www.sevenfive.co.th/files/product/original/PRD170937878080.jpg
NTS1-NCT-22,https://www.sevenfive.co.th/files/product/original/PRD17093787791.jpg
NTS1-NCT-21,https://www.sevenfive.co.th/files/product/original/PRD170937877969.jpg
NTS1-NCT-20,https://www.sevenfive.co.th/files/product/original/PRD170937877883.jpg
NTS1-NCT-19,https://www.sevenfive.co.th/files/product/original/PRD170937877875.jpg
NTS1-NCT-18,https://www.sevenfive.co.th/files/product/original/PRD170937877751.jpg
NTS1-NCT-17,https://www.sevenfive.co.th/files/product/original/PRD170937877772.jpg
NTS1-NCT-16,https://www.sevenfive.co.th/files/product/original/PRD170937877714.jpg
NTS1-NCT-15,https://www.sevenfive.co.th/files/product/original/PRD170937877612.jpg
NTS1-NCT-14,https://www.sevenfive.co.th/files/product/original/PRD170937877657.jpg
NTS1-NCT-13,https://www.sevenfive.co.th/files/product/original/PRD170937877517.jpg
NTS1-NCT-11,https://www.sevenfive.co.th/files/product/original/PRD170937877570.jpg
NTS1-NCT-10,https://www.sevenfive.co.th/files/product/original/PRD170937877458.jpg
NTS1-NCT-09,https://www.sevenfive.co.th/files/product/original/PRD17093787742.jpg
NTS1-NCT-08,https://www.sevenfive.co.th/files/product/original/PRD170937877414.jpg
NTS1-NCT-07,https://www.sevenfive.co.th/files/product/original/PRD170937877365.jpg
NTS1-NCT-06,https://www.sevenfive.co.th/files/product/original/PRD170937877327.jpg
NTS1-NCT-05,https://www.sevenfive.co.th/files/product/original/PRD170937877282.jpg
NTS1-NCT-04,https://www.sevenfive.co.th/files/product/original/PRD170937877228.jpg
NTS1-NCT-02,https://www.sevenfive.co.th/files/product/original/PRD170937877190.jpg
NTS1-NCT-01,https://www.sevenfive.co.th/files/product/original/PRD170937877157.jpg
NTS1-MU-D8LB,https://www.sevenfive.co.th/files/product/original/PRD175222820947.jpg
NTS1-MTZ-R,https://www.sevenfive.co.th/files/product/original/PRD170937877041.jpg
NTS1-MTZ-L,https://www.sevenfive.co.th/files/product/original/PRD170937876928.jpg
NTS1-MTZ-2L,https://www.sevenfive.co.th/files/product/original/PRD170937876921.jpg
NTS1-MS-4S2-2,https://www.sevenfive.co.th/files/product/original/PRD170937876858.jpg
NTS1-MS-4S2-1,https://www.sevenfive.co.th/files/product/original/PRD170937876858.jpg
NTS1-MLKS-350,https://www.sevenfive.co.th/files/product/original/PRD170954433253.jpg
NTS1-MLK200,https://www.sevenfive.co.th/files/product/original/PRD170954432932.jpg
NTS1-MAS1-3,https://www.sevenfive.co.th/files/product/original/PRD62ab6a9a5deb60b5c1532dea71eae166.jpg
NTS1-MAS1-2,https://www.sevenfive.co.th/files/product/original/PRD17f1d5e6ad11f5a67bc27a3e16431773.jpg
NTS1-MAS1-11,https://www.sevenfive.co.th/files/product/original/PRDa2a63cdb9a1e778d925c0d0932524662.jpg
NTS1-MAS1-1,https://www.sevenfive.co.th/files/product/original/PRD125aba83ecbd272c8caa362330c31ad6.jpg
NTS1-LUGC19-SSR(H),https://www.sevenfive.co.th/files/product/original/PRD17092870798.jpg
NTS1-LUGC19-SSR,https://www.sevenfive.co.th/files/product/original/PRD170928707962.jpg
NTS1-LS08-T,https://www.sevenfive.co.th/files/product/original/PRD17518800146.jpg
NTS1-LS08-STB,https://www.sevenfive.co.th/files/product/original/PRD175188001448.jpg
NTS1-LS08-SMP,https://www.sevenfive.co.th/files/product/original/PRD175188001531.jpg
NTS1-LS08-RTB,https://www.sevenfive.co.th/files/product/original/PRD175188001622.jpg
NTS1-LS08-BMP,https://www.sevenfive.co.th/files/product/original/PRD175188001749.jpg
NTS1-LFB-24,https://www.sevenfive.co.th/files/product/original/PRD170954571368.jpg
NTS1-LFB-18,https://www.sevenfive.co.th/files/product/original/PRD170954571369.jpg
NTS1-LADLP-6,https://www.sevenfive.co.th/files/product/original/PRD170937874861.jpg
NTS1-LADLP-5,https://www.sevenfive.co.th/files/product/original/PRD170937874719.jpg
NTS1-LADLP-20,https://www.sevenfive.co.th/files/product/original/PRD170937874762.jpg
NTS1-LADLP-18,https://www.sevenfive.co.th/files/product/original/PRD170937874759.jpg
NTS1-LADLP-14,https://www.sevenfive.co.th/files/product/original/PRD17093787468.jpg
NTS1-LADLP-12,https://www.sevenfive.co.th/files/product/original/PRD170937874587.jpg
NTS1-LADLP-11,https://www.sevenfive.co.th/files/product/original/PRD170937874581.jpg
NTS1-KNBKR-10WH,https://www.sevenfive.co.th/files/product/original/PRD170937870457.jpg
NTS1-KNBK-10WH,https://www.sevenfive.co.th/files/product/original/PRD17093787042.jpg
NTS1-KB-WL150,https://www.sevenfive.co.th/files/product/original/PRD17095443230.jpg
NTS1-KB-WD150,https://www.sevenfive.co.th/files/product/original/PRD17095443235.jpg
NTS1-JOR1-3,https://www.sevenfive.co.th/files/product/original/PRDcfc96dd2de9563cd99b6fd828b2338fc.jpg
NTS1-JOR1-2,https://www.sevenfive.co.th/files/product/original/PRD63d7105e7dec7c68a7ea01eb9bf19242.jpg
NTS1-JOR1-1,https://www.sevenfive.co.th/files/product/original/PRDc052f372a81a46db64b464e567cab2f8.jpg
NTS1-JIG-D3,https://www.sevenfive.co.th/files/product/original/PRD170937870377.jpg
NTS1-JIG-D2,https://www.sevenfive.co.th/files/product/original/PRD170937870244.jpg
NTS1-JES1-3,https://www.sevenfive.co.th/files/product/original/PRDc329ffa15d9750a3ef2d23d9b6f4672a.jpg
NTS1-JES1-2,https://www.sevenfive.co.th/files/product/original/PRD408ea2abad54ae02fc13707f869b67b2.jpg
NTS1-JES1-1,https://www.sevenfive.co.th/files/product/original/PRD06af75debfb8636116b45e701c28721c.jpg
NTS1-JD-8LSB,https://www.sevenfive.co.th/files/product/original/PRD175222819454.jpg
NTS1-JD-8LS,https://www.sevenfive.co.th/files/product/original/PRD175222819370.jpg
NTS1-JD-8LD,https://www.sevenfive.co.th/files/product/original/PRD3719b29800f216f7c60c8700d97a8fc8.jpg
NTS1-ISC3-5,https://www.sevenfive.co.th/files/product/original/PRD170937870055.jpg
NTS1-ISC3-4,https://www.sevenfive.co.th/files/product/original/PRD170937870043.jpg
NTS1-ISC3-3,https://www.sevenfive.co.th/files/product/original/PRD170937870063.jpg
NTS1-ISC3-2,https://www.sevenfive.co.th/files/product/original/PRD17093786998.jpg
NTS1-ISC3-1,https://www.sevenfive.co.th/files/product/original/PRD170937869939.jpg
NTS1-ISC1-15,https://www.sevenfive.co.th/files/product/original/PRDcb54db1b91b310bf425c0e946891f949.jpg
NTS1-ISC1-14,https://www.sevenfive.co.th/files/product/original/PRDb30c75baa9ac1eb7e1f8d786b380e2c4.jpg
NTS1-ICED-S6,https://www.sevenfive.co.th/files/product/original/PRD175411703427.jpg
NTS1-ICED-S5,https://www.sevenfive.co.th/files/product/original/PRD175411703439.jpg
NTS1-ICED-L4,https://www.sevenfive.co.th/files/product/original/PRD175411703086.jpg
NTS1-ICBP-3,https://www.sevenfive.co.th/files/product/original/PRD170937869247.jpg
NTS1-ICBP-2,https://www.sevenfive.co.th/files/product/original/PRD170937869197.jpg
NTS1-ICBP-1,https://www.sevenfive.co.th/files/product/original/PRD170937869154.jpg
NTS1-HTT-T10BE,https://www.sevenfive.co.th/files/product/original/PRD170928707529.jpg
NTS1-HTT-15BE,https://www.sevenfive.co.th/files/product/original/PRD170928707586.jpg
NTS1-HTB-GY,https://www.sevenfive.co.th/files/product/original/PRD170954571218.jpg
NTS1-HTB-C-GY,https://www.sevenfive.co.th/files/product/original/PRD170954571153.jpg
NTS1-HT-16BL,https://www.sevenfive.co.th/files/product/original/PRD170928707475.jpg
NTS1-HT-15BE,https://www.sevenfive.co.th/files/product/original/PRD170928707317.jpg
NTS1-HOW1-2,https://www.sevenfive.co.th/files/product/original/PRDce4e2f6a133ee61ad599008ac89092d4.jpg
NTS1-HOOK-36,https://www.sevenfive.co.th/files/product/original/PRD4e6b5cee2bb13626b171db17d19830b9.jpg
NTS1-HOOK-34,https://www.sevenfive.co.th/files/product/original/PRDabeb7b5c5bd20dd0613e1c03102fae2b.jpg
NTS1-HLR2G-SB,https://www.sevenfive.co.th/files/product/original/PRD170954161071.jpg
NTS1-HLR1S-SSCB,https://www.sevenfive.co.th/files/product/original/PRD7dc98a58b9048522790bc4d2f492b2b1.jpg
NTS1-HLR1G-SB,https://www.sevenfive.co.th/files/product/original/PRD170954160849.jpg
NTS1-HLR1C-SSRB,https://www.sevenfive.co.th/files/product/original/PRD170954160718.jpg
NTS1-HLR1C-OB,https://www.sevenfive.co.th/files/product/original/PRD17095416060.jpg
NTS1-HLR1C-GRB,https://www.sevenfive.co.th/files/product/original/PRD170954160672.jpg
NTS1-HLR1C-CRB,https://www.sevenfive.co.th/files/product/original/PRD170954160558.jpg
NTS1-HLR1-OB,https://www.sevenfive.co.th/files/product/original/PRD170954160870.jpg
NTS1-HLCR2WS,https://www.sevenfive.co.th/files/product/original/PRD170954159250.jpg
NTS1-HLCR2SS-W-OH,https://www.sevenfive.co.th/files/product/original/PRD4ea35589dab3da933fc8fb2d80984ef2.jpg
NTS1-HLCR2SS-SQFB,https://www.sevenfive.co.th/files/product/original/PRD1bb3b30a2dfd35d160b39b3ed194b106.jpg
NTS1-HLCR2G-SSM,https://www.sevenfive.co.th/files/product/original/PRD04225bee60b6869809e8017f8591f578.jpg
NTS1-HLCR2C-W-OH,https://www.sevenfive.co.th/files/product/original/PRDbe37ca51e641e37abb9eb474d5189871.jpg
NTS1-HLCR1WS,https://www.sevenfive.co.th/files/product/original/PRD170954158787.jpg
NTS1-HL-400A1-GY,https://www.sevenfive.co.th/files/product/original/PRD7d1d07daca1cf708cd7edeea36e46d58.jpg
NTS1-HL-300A2-RD,https://www.sevenfive.co.th/files/product/original/PRD03bfd278bdc67941a7debf5a1ff1bfa1.jpg
NTS1-HL-300A1-RD,https://www.sevenfive.co.th/files/product/original/PRD633237c8268d05c841a43e79ff42bd74.jpg
NTS1-HB-300,https://www.sevenfive.co.th/files/product/original/PRD170928707392.jpg
NTS1-GSTR400300-HLFO,https://www.sevenfive.co.th/files/product/original/PRDcab740cd7423b7cbbf34a732f86136d9.jpg
NTS1-GSTR300400-HLFO,https://www.sevenfive.co.th/files/product/original/PRD17541170258.jpg
NTS1-GN19150,https://www.sevenfive.co.th/files/product/original/PRD170937867934.jpg
NTS1-FUN-SH,https://www.sevenfive.co.th/files/product/original/PRD170937866331.jpg
NTS1-FPH-SSNS-D300,https://www.sevenfive.co.th/files/product/original/PRD175411701884.jpg
NTS1-FPH-SSNS-D280,https://www.sevenfive.co.th/files/product/original/PRD175411701770.jpg
NTS1-FPH-SSNS-D220,https://www.sevenfive.co.th/files/product/original/PRD175411701631.jpg
NTS1-FPH-SSNS-D200,https://www.sevenfive.co.th/files/product/original/PRDf5bd0b42d65b3e29a0d94818fd4efb14.jpg
NTS1-FPB-SS-D360,https://www.sevenfive.co.th/files/product/original/PRD175411701553.jpg
NTS1-FPB-SS-D340,https://www.sevenfive.co.th/files/product/original/PRD175411701545.jpg
NTS1-FPB-SS-D320,https://www.sevenfive.co.th/files/product/original/PRD175411701465.jpg
NTS1-FPB-SS-D300,https://www.sevenfive.co.th/files/product/original/PRD175411701333.jpg
NTS1-FPB-SS-D280,https://www.sevenfive.co.th/files/product/original/PRD175411701333.jpg
NTS1-FPB-SS-D260,https://www.sevenfive.co.th/files/product/original/PRD175411701255.jpg
NTS1-FPB-SS-D240,https://www.sevenfive.co.th/files/product/original/PRD175411701235.jpg
NTS1-FPB-SS-D220,https://www.sevenfive.co.th/files/product/original/PRD175411701160.jpg
NTS1-FPA-SSNS-D360,https://www.sevenfive.co.th/files/product/original/PRD6d6618a8da2991ccc44fee23e67ba02c.jpg
NTS1-FPA-SSNS-D340,https://www.sevenfive.co.th/files/product/original/PRDec1d10ea29634e50bd3e6a622463b2d4.jpg
NTS1-FPA-SSNS-D300,https://www.sevenfive.co.th/files/product/original/PRD17541170090.jpg
NTS1-FPA-SSNS-D280,https://www.sevenfive.co.th/files/product/original/PRD175411700954.jpg
NTS1-FPA-SSNS-D260,https://www.sevenfive.co.th/files/product/original/PRD175411700818.jpg
NTS1-FPA-SSNS-D240,https://www.sevenfive.co.th/files/product/original/PRD17541170083.jpg
NTS1-FPA-SSNS-D200,https://www.sevenfive.co.th/files/product/original/PRD175411700722.jpg
NTS1-FO-ST56,https://www.sevenfive.co.th/files/product/original/PRD6b3a7256245745b8a3a1bd14208a264a.jpg
NTS1-FO-ST54,https://www.sevenfive.co.th/files/product/original/PRDe1fbbcfc713ba38924cd016fc0b2bb9e.jpg
NTS1-FO-ST52,https://www.sevenfive.co.th/files/product/original/PRDfebb90ca06e61a4db4c719f6a53e5b76.jpg
NTS1-FO-ST47,https://www.sevenfive.co.th/files/product/original/PRD26b682236b2042aab503f6ae5690c46c.jpg
NTS1-FO-ST40,https://www.sevenfive.co.th/files/product/original/PRD8ae1828711a716d4d42757bd71cfbcf7.jpg
NTS1-FFSB2,https://www.sevenfive.co.th/files/product/original/PRD170937864956.jpg
NTS1-FFSB1,https://www.sevenfive.co.th/files/product/original/PRD170937864966.jpg
NTS1-FFS2,https://www.sevenfive.co.th/files/product/original/PRD17093786492.jpg
NTS1-FFS1,https://www.sevenfive.co.th/files/product/original/PRD170937864875.jpg
NTS1-FEMH2,https://www.sevenfive.co.th/files/product/original/PRD170937864641.jpg
NTS1-FEMH1,https://www.sevenfive.co.th/files/product/original/PRD170937864531.jpg
NTS1-FEMB2,https://www.sevenfive.co.th/files/product/original/PRD170937864563.jpg
NTS1-FEMB1H,https://www.sevenfive.co.th/files/product/original/PRD170937864454.jpg
NTS1-FEM2,https://www.sevenfive.co.th/files/product/original/PRD170937864349.jpg
NTS1-FEBS8,https://www.sevenfive.co.th/files/product/original/PRD170937864140.jpg
NTS1-FEBS6,https://www.sevenfive.co.th/files/product/original/PRD17093786408.jpg
NTS1-FEBS4,https://www.sevenfive.co.th/files/product/original/PRD170937863928.jpg
NTS1-FEBS3,https://www.sevenfive.co.th/files/product/original/PRD170937863982.jpg
NTS1-FEBS2,https://www.sevenfive.co.th/files/product/original/PRD170937863855.jpg
NTS1-FEBS1,https://www.sevenfive.co.th/files/product/original/PRD170937863715.jpg
NTS1-FAB1-14-O,https://www.sevenfive.co.th/files/product/original/PRDba30001d7734c9aa6750e627f4c13415.jpg
NTS1-EGS-SS,https://www.sevenfive.co.th/files/product/original/PRD170937863363.jpg
NTS1-EGG-SS120,https://www.sevenfive.co.th/files/product/original/PRD175196510841.jpg
NTS1-EGG-CS,https://www.sevenfive.co.th/files/product/original/PRD175196510789.jpg
NTS1-DRED-P3,https://www.sevenfive.co.th/files/product/original/PRD175411700155.jpg
NTS1-DRED-P2,https://www.sevenfive.co.th/files/product/original/PRD17541170009.jpg
NTS1-DRED-FP2,https://www.sevenfive.co.th/files/product/original/PRD175411699896.jpg
NTS1-DRED-FP1,https://www.sevenfive.co.th/files/product/original/PRD17541169987.jpg
NTS1-DCU-18,https://www.sevenfive.co.th/files/product/original/PRD170937862781.jpg
NTS1-DCU-15R,https://www.sevenfive.co.th/files/product/original/PRD170937862624.jpg
NTS1-DB-TC42-DRG,https://www.sevenfive.co.th/files/product/original/PRDad73ee2f492a20999df509b97a9b608b.jpg
NTS1-DB-TC23-DRG,https://www.sevenfive.co.th/files/product/original/PRD9bd2d937f2818bb40812fa6038012d64.jpg
NTS1-DB-120-DRG,https://www.sevenfive.co.th/files/product/original/PRDd35cb811aa23b4c8d31252baaa602b9b.jpg
NTS1-CU-D10LB,https://www.sevenfive.co.th/files/product/original/PRD175411699765.jpg
NTS1-CU-D10L,https://www.sevenfive.co.th/files/product/original/PRD175222817225.jpg
NTS1-CSSP-D6008,https://www.sevenfive.co.th/files/product/original/PRD15c5c81a491b234e1d02f91a38cc1769.jpg
NTS1-CSSP-D6007,https://www.sevenfive.co.th/files/product/original/PRD33eada9475d88da2f18fabd2870eda3d.jpg
NTS1-CSSP-D6006,https://www.sevenfive.co.th/files/product/original/PRD4389e1ca08db9a42da0a44cf1f436ba8.jpg
NTS1-CSSP-D550,https://www.sevenfive.co.th/files/product/original/PRDeecf4ed7ba791bc1093903596f18017f.jpg
NTS1-CSSP-D500,https://www.sevenfive.co.th/files/product/original/PRD1e25cacb2397b07ac368030bf7fd88d6.jpg
NTS1-CSSP-D450,https://www.sevenfive.co.th/files/product/original/PRD963273784db9ccb25a78136284aab60f.jpg
NTS1-CSSP-D400,https://www.sevenfive.co.th/files/product/original/PRD877dc983e2a7a8f93c2829421b156104.jpg
NTS1-CSSP-D360,https://www.sevenfive.co.th/files/product/original/PRD585aa7e6b7af3a4b133eb3fea0666ce1.jpg
NTS1-CSSP-D350,https://www.sevenfive.co.th/files/product/original/PRDc2cd4b8d7409dff273452277a8cb85ee.jpg
NTS1-CSSP-D320,https://www.sevenfive.co.th/files/product/original/PRDc1c2be6abcce4c935990fa3c75ee7d29.jpg
NTS1-CSSP-D300,https://www.sevenfive.co.th/files/product/original/PRD7ceb0a134e2cedc503b1b856c8578ed8.jpg
NTS1-CSSP-D280,https://www.sevenfive.co.th/files/product/original/PRD23ab357010d6977210b85555fc923067.jpg
NTS1-CSSP-D250,https://www.sevenfive.co.th/files/product/original/PRDcfdf972b9a7498e4ad519dd9ee3c7d5e.jpg
NTS1-CSSP-D200,https://www.sevenfive.co.th/files/product/original/PRDdec3f57948759afc81c5a44289e308ed.jpg
NTS1-CSSP-45,https://www.sevenfive.co.th/files/product/original/PRD170937859796.jpg
NTS1-CSSP-30,https://www.sevenfive.co.th/files/product/original/PRD175196510182.jpg
NTS1-CSSP-20,https://www.sevenfive.co.th/files/product/original/PRD170937859546.jpg
NTS1-CSSA-D240H80,https://www.sevenfive.co.th/files/product/original/PRD175411699434.jpg
NTS1-CSSA-D240H135,https://www.sevenfive.co.th/files/product/original/PRD175411699483.jpg
NTS1-CSSA-D220H75,https://www.sevenfive.co.th/files/product/original/PRD175411699388.jpg
NTS1-CSSA-D220H130,https://www.sevenfive.co.th/files/product/original/PRDcf2b0cc26a19220306a6e8f02c360ce5.jpg
NTS1-CSSA-D200H70,https://www.sevenfive.co.th/files/product/original/PRD175411699311.jpg
NTS1-CSSA-D200H120,https://www.sevenfive.co.th/files/product/original/PRD175411699252.jpg
NTS1-CSSA-D180H65,https://www.sevenfive.co.th/files/product/original/PRD175411699180.jpg
NTS1-CSSA-D180H100,https://www.sevenfive.co.th/files/product/original/PRD175411699134.jpg
NTS1-CSSA-D160H60,https://www.sevenfive.co.th/files/product/original/PRD175411699077.jpg
NTS1-CSSA-D140H85,https://www.sevenfive.co.th/files/product/original/PRD175411699064.jpg
NTS1-CSSA-D140H55,https://www.sevenfive.co.th/files/product/original/PRD175411698962.jpg
NTS1-CSSA-28,https://www.sevenfive.co.th/files/product/original/PRD170937859171.jpg
NTS1-CSSA-26,https://www.sevenfive.co.th/files/product/original/PRD170937859076.jpg
NTS1-CSK-27PET,https://www.sevenfive.co.th/files/product/original/PRDc932011e1c3153f1ac9d0873f0426557.jpg
NTS1-CSK-25PET-SL,https://www.sevenfive.co.th/files/product/original/PRD419a6443b0badc407f6addae091b56f5.jpg
NTS1-CS-18040,https://www.sevenfive.co.th/files/product/original/PRD175411698883.jpg
NTS1-CS-110-SV,https://www.sevenfive.co.th/files/product/original/PRD17541169872.jpg
NTS1-CS-110-BK,https://www.sevenfive.co.th/files/product/original/PRD175411698624.jpg
NTS1-COV-R16,https://www.sevenfive.co.th/files/product/original/PRD175196509943.jpg
NTS1-COV-R15,https://www.sevenfive.co.th/files/product/original/PRD175196509861.jpg
NTS1-COP-W,https://www.sevenfive.co.th/files/product/original/PRD170952951795.jpg
NTS1-COP-S,https://www.sevenfive.co.th/files/product/original/PRD170952951713.jpg
NTS1-COFH2,https://www.sevenfive.co.th/files/product/original/PRDe57e2c80851b8904746e7df8fd671799.jpg
NTS1-COFH1,https://www.sevenfive.co.th/files/product/original/PRD540ff614b1297cf1f71c4162b04c8a46.jpg
NTS1-CLAD-S5,https://www.sevenfive.co.th/files/product/original/PRD170937856888.jpg
NTS1-CLAD-S4,https://www.sevenfive.co.th/files/product/original/PRD170937856887.jpg
NTS1-CLAD-S3,https://www.sevenfive.co.th/files/product/original/PRD170937856718.jpg
NTS1-CLAD-S2,https://www.sevenfive.co.th/files/product/original/PRD170937856736.jpg
NTS1-CHSPH8,https://www.sevenfive.co.th/files/product/original/PRD81220a5787d7ffebb0932ea365b84854.jpg
NTS1-CHSPH30,https://www.sevenfive.co.th/files/product/original/PRD170937856412.jpg
NTS1-CHSPH28,https://www.sevenfive.co.th/files/product/original/PRD170937856369.jpg
NTS1-CHSPH26,https://www.sevenfive.co.th/files/product/original/PRD170937856318.jpg
NTS1-CHSPH24,https://www.sevenfive.co.th/files/product/original/PRD170937856240.jpg
NTS1-CHSPH22,https://www.sevenfive.co.th/files/product/original/PRD175196509624.jpg
NTS1-CHSPH20,https://www.sevenfive.co.th/files/product/original/PRD170937856289.jpg
NTS1-CHSPH18,https://www.sevenfive.co.th/files/product/original/PRD170937856266.jpg
NTS1-CHSPH12,https://www.sevenfive.co.th/files/product/original/PRD170937856048.jpg
NTS1-CHSPH10,https://www.sevenfive.co.th/files/product/original/PRD170937856030.jpg
NTS1-CHSP-DLH16,https://www.sevenfive.co.th/files/product/original/PRD170937855679.jpg
NTS1-CHSP-DLH14,https://www.sevenfive.co.th/files/product/original/PRD170937855630.jpg
NTS1-CHP7,https://www.sevenfive.co.th/files/product/original/PRD170937854445.jpg
NTS1-CHP6,https://www.sevenfive.co.th/files/product/original/PRD170937854483.jpg
NTS1-CHP5,https://www.sevenfive.co.th/files/product/original/PRD170937854396.jpg
NTS1-CHP4,https://www.sevenfive.co.th/files/product/original/PRD170937854349.jpg
NTS1-CHP3,https://www.sevenfive.co.th/files/product/original/PRD170937854293.jpg
NTS1-CHP2,https://www.sevenfive.co.th/files/product/original/PRD170937854230.jpg
NTS1-CHP1,https://www.sevenfive.co.th/files/product/original/PRD170969753861.jpg
NTS1-CD-C9L-G,https://www.sevenfive.co.th/files/product/original/PRD8d051c9f577a0905e71f5c308c0aa1ff.jpg
NTS1-CD-A9L,https://www.sevenfive.co.th/files/product/original/PRD175222816380.jpg
NTS1-CD-A6L,https://www.sevenfive.co.th/files/product/original/PRD175222816370.jpg
NTS1-CD-6L-SG,https://www.sevenfive.co.th/files/product/original/PRD175505065138.jpg
NTS1-CD-6L-RG,https://www.sevenfive.co.th/files/product/original/PRD175411697830.jpg
NTS1-CD-6L-06,https://www.sevenfive.co.th/files/product/original/PRD17522281594.jpg
NTS1-CD-6L-04,https://www.sevenfive.co.th/files/product/original/PRD175222815862.jpg
NTS1-CD-6L-02,https://www.sevenfive.co.th/en/files/product/original/PRDba51d47b5f3f09b2212e868dd434aa10.jpg
NTS1-CD-6049-8L2,https://www.sevenfive.co.th/files/product/original/PRD175222815635.jpg
NTS1-CD-6049-8L1,https://www.sevenfive.co.th/files/product/original/PRD175222815596.jpg
NTS1-CD-6049-8L,https://www.sevenfive.co.th/files/product/original/PRD175222815551.jpg
NTS1-CD-5.5L-02,https://www.sevenfive.co.th/files/product/original/PRD175222815440.jpg
NTS1-CD-5.5L-01,https://www.sevenfive.co.th/files/product/original/PRD175222815442.jpg
NTS1-CD-4046-4L2,https://www.sevenfive.co.th/files/product/original/PRD175222815382.jpg
NTS1-CD-4046-4L1,https://www.sevenfive.co.th/files/product/original/PRD175222815226.jpg
NTS1-CD-4046-4L,https://www.sevenfive.co.th/files/product/original/PRD175222815251.jpg
NTS1-CD-401-6L1,https://www.sevenfive.co.th/files/product/original/PRD175222815110.jpg
NTS1-CD-401-6L,https://www.sevenfive.co.th/files/product/original/PRD175222815078.jpg
NTS1-CD-401-4L2,https://www.sevenfive.co.th/files/product/original/PRD175222815029.jpg
NTS1-CD-401-4L1,https://www.sevenfive.co.th/files/product/original/PRD40a77c272f453dfddfd75bcee2a4f27e.jpg
NTS1-CD-401-4L,https://www.sevenfive.co.th/files/product/original/PRD175222814928.jpg
NTS1-CD-11L-R,https://www.sevenfive.co.th/files/product/original/PRDd21ef555b5b0188e312fe4f0ccbc5c18.jpg
NTS1-CD-11L-03,https://www.sevenfive.co.th/files/product/original/PRD7dbc7b6b19c5c3f14d293d8722d1da26.jpg
NTS1-CD-101-9L2,https://www.sevenfive.co.th/files/product/original/PRD177276070383.jpg
NTS1-CD-101-9L1,https://www.sevenfive.co.th/files/product/original/PRD17727607037.jpg
NTS1-CC-2B,https://www.sevenfive.co.th/files/product/original/PRD170954572339.jpg
NTS1-CC-1B,https://www.sevenfive.co.th/files/product/original/PRD170954572245.jpg
NTS1-CAD1-2,https://www.sevenfive.co.th/files/product/original/PRD5908c605c5697581562ee9e4236f017d.jpg
NTS1-CAD1-16,https://www.sevenfive.co.th/files/product/original/PRDd136a0d2bb30300fa42565e71b8d54ce.jpg
NTS1-CAD1-14,https://www.sevenfive.co.th/files/product/original/PRDe7de7595e0470981b3a27da408437d2a.jpg
NTS1-C-PC-O,https://www.sevenfive.co.th/files/product/original/PRD175411697261.jpg
NTS1-C-PC,https://www.sevenfive.co.th/files/product/original/PRD175196509913.jpg
NTS1-BTO-9,https://www.sevenfive.co.th/files/product/original/PRD170969751975.jpg
NTS1-BTO-11,https://www.sevenfive.co.th/files/product/original/PRD170969751868.jpg
NTS1-BST-10,https://www.sevenfive.co.th/files/product/original/PRD170969751662.jpg
NTS1-BOT-B3,https://www.sevenfive.co.th/files/product/original/PRD175196509158.jpg
NTS1-BOT-B2,https://www.sevenfive.co.th/files/product/original/PRD175196509054.jpg
NTS1-BOT-A6,https://www.sevenfive.co.th/files/product/original/PRD175196508969.jpg
NTS1-BH-MIM12,https://www.sevenfive.co.th/files/product/original/PRD170928706715.jpg
NTS1-BH-MIM11,https://www.sevenfive.co.th/files/product/original/PRD170928706740.jpg
NTS1-BH-MIM10,https://www.sevenfive.co.th/files/product/original/PRD170928706762.jpg
NTS1-BH-MIM06,https://www.sevenfive.co.th/files/product/original/PRD170928706659.jpg
NTS1-BH-MIM05,https://www.sevenfive.co.th/files/product/original/PRD170928706630.jpg
NTS1-BH-MIM04,https://www.sevenfive.co.th/files/product/original/PRD170928706542.jpg
NTS1-BH-MIM03,https://www.sevenfive.co.th/files/product/original/PRD170928706571.jpg
NTS1-BH-MIM02,https://www.sevenfive.co.th/files/product/original/PRD170928706426.jpg
NTS1-BH-MIM01,https://www.sevenfive.co.th/files/product/original/PRD170928706414.jpg
NTS1-BH-MAS12,https://www.sevenfive.co.th/files/product/original/PRD170928706423.jpg
NTS1-BH-MAS11,https://www.sevenfive.co.th/files/product/original/PRD170928706373.jpg
NTS1-BH-MAS10,https://www.sevenfive.co.th/files/product/original/PRD17092870636.jpg
NTS1-BH-MAS06,https://www.sevenfive.co.th/files/product/original/PRD170928706276.jpg
NTS1-BH-MAS05,https://www.sevenfive.co.th/files/product/original/PRD170928706291.jpg
NTS1-BH-MAS03,https://www.sevenfive.co.th/files/product/original/PRD170928706152.jpg
NTS1-BH-MAS02,https://www.sevenfive.co.th/files/product/original/PRD170928706179.jpg
NTS1-BH-MAS01,https://www.sevenfive.co.th/files/product/original/PRD17092870604.jpg
NTS1-BH-MAM12,https://www.sevenfive.co.th/files/product/original/PRD17092870606.jpg
NTS1-BH-MAM11,https://www.sevenfive.co.th/files/product/original/PRD170928706060.jpg
NTS1-BH-MAM10,https://www.sevenfive.co.th/files/product/original/PRD170928705958.jpg
NTS1-BH-MAM07,https://www.sevenfive.co.th/files/product/original/PRD170928705994.jpg
NTS1-BH-MAM06,https://www.sevenfive.co.th/files/product/original/PRD170928705856.jpg
NTS1-BH-MAM05,https://www.sevenfive.co.th/files/product/original/PRD170928705894.jpg
NTS1-BH-MAM04,https://www.sevenfive.co.th/files/product/original/PRD170928705844.jpg
NTS1-BH-MAM03,https://www.sevenfive.co.th/files/product/original/PRD170928705752.jpg
NTS1-BH-MAM02,https://www.sevenfive.co.th/files/product/original/PRD170928705785.jpg
NTS1-BH-MAM01,https://www.sevenfive.co.th/files/product/original/PRD170928705628.jpg
NTS1-BH-CRS10,https://www.sevenfive.co.th/files/product/original/PRD170928705583.jpg
NTS1-BH-CRS07,https://www.sevenfive.co.th/files/product/original/PRD170928705538.jpg
NTS1-BH-CRS06,https://www.sevenfive.co.th/files/product/original/PRD170928705598.jpg
NTS1-BH-CRS05,https://www.sevenfive.co.th/files/product/original/PRD170928705435.jpg
NTS1-BH-CRS04,https://www.sevenfive.co.th/files/product/original/PRD170928705484.jpg
NTS1-BH-CRS03,https://www.sevenfive.co.th/files/product/original/PRD170928705318.jpg
NTS1-BH-CRS02,https://www.sevenfive.co.th/files/product/original/PRD170928705323.jpg
NTS1-BH-CRS01,https://www.sevenfive.co.th/files/product/original/PRD170928705248.jpg
NTS1-BH-CRM10,https://www.sevenfive.co.th/files/product/original/PRD170928705174.jpg
NTS1-BH-CRM05,https://www.sevenfive.co.th/files/product/original/PRD170928705048.jpg
NTS1-AP20-SP,https://www.sevenfive.co.th/files/product/original/PRD175188005066.jpg
NTS1-AP10-SP,https://www.sevenfive.co.th/files/product/original/PRD17518800511.jpg
NTS1-190-009,https://www.sevenfive.co.th/files/product/original/PRD175524422283.jpg
NTS1-190-008,https://www.sevenfive.co.th/files/product/original/PRD175524422273.jpg
NDW1-NFORZ-BLACK,https://www.sevenfive.co.th/files/product/original/PRDdd563465539d2733437aa9df01324fe4.jpg
NDW1-NFLY-BLACK,https://www.sevenfive.co.th/files/product/original/PRD43953823fa5bc723af26b486b07f6937.jpg
MID2-59668(TH),https://www.sevenfive.co.th/files/product/original/PRD170937166788.jpg
MID2-59668,https://www.sevenfive.co.th/files/product/original/PRD170937166728.jpg
MBM1-SAE641,https://www.sevenfive.co.th/files/product/original/PRD2c99418fb0b86e95d2d01d0b2af840d9.jpg
MBM1-SAE561M,https://www.sevenfive.co.th/files/product/original/PRD170928919699.jpg
MBM1-MTPG77T,https://www.sevenfive.co.th/files/product/original/PRD9933b9dc42e5e332ac821bdf27baae43.jpg
MBM1-MPLG74T,https://www.sevenfive.co.th/files/product/original/PRDde2f1f93d1be5797fb61ddf3340d149b.jpg
MBM1-MPLG74A,https://www.sevenfive.co.th/files/product/original/PRD170928944728.jpg
MBM1-MG7GFT777L,https://www.sevenfive.co.th/files/product/original/PRD170928875513.jpg
MBM1-MFTG77TL,https://www.sevenfive.co.th/files/product/original/PRD242368e8055278c880e58bfa3f30e34c.jpg
MBM1-MFTG74TLC,https://www.sevenfive.co.th/files/product/original/PRD170928874247.jpg
MBM1-MFTE77TLC,https://www.sevenfive.co.th/files/product/original/PRD24d7e1e20857c217190febfc36f34478.jpg
MBM1-MFTE77AL,https://www.sevenfive.co.th/files/product/original/PRD0eda652386b713086c5831fef9a5bb1f.jpg
MBM1-MFB77FGXS,https://www.sevenfive.co.th/files/product/original/PRDb9727e7fe65d074db278cb07e6ba8d9f.png
MBM1-MFB74AXS,https://www.sevenfive.co.th/files/product/original/PRD7e5b733fb575d4d745c6edcf27a54cf9.png
LKK2-TR12-28-00,https://www.sevenfive.co.th/files/product/original/PRD175653896699.jpg
LKK2-TC42-5-7,https://www.sevenfive.co.th/files/product/original/PRD170937100874.jpg
LKK2-TC22-20,https://www.sevenfive.co.th/files/product/original/PRD170937100596.jpg
LKK2-TC17-40-10,https://www.sevenfive.co.th/files/product/original/PRD170937112388.jpg
LKK2-TC12I-20,https://www.sevenfive.co.th/files/product/original/PRD175653893758.jpg
LKK2-RG12-5-15,https://www.sevenfive.co.th/files/product/original/PRD170937108894.jpg
LKK2-RG12-5-13,https://www.sevenfive.co.th/files/product/original/PRD170937108727.jpg
LKK2-QM1,https://www.sevenfive.co.th/files/product/original/PRD01118c767dc0401f65f65ed05dba6cd1.jpg
LKK2-LSP520-83,https://www.sevenfive.co.th/files/product/original/PRD175653889295.jpg
LKK2-LSP520-82,https://www.sevenfive.co.th/files/product/original/PRD17565388924.jpg
LKK2-LSP520-81,https://www.sevenfive.co.th/files/product/original/PRD17565388914.jpg
LKK2-KA2,https://www.sevenfive.co.th/files/product/original/PRDaa2fd11e100ddaaacab92c195d4256e3.png
LKK2-KA1,https://www.sevenfive.co.th/files/product/original/PRD9a6d39a1a678067d08f7af8af678668f.png
LKK2-JG300-34,https://www.sevenfive.co.th/files/product/original/PRD198ababa1a80bfa5f99842a0497aba8a.jpg
LKK2-JG300-05,https://www.sevenfive.co.th/files/product/original/PRD175653887441.jpg
LKK2-IND350K-8,https://www.sevenfive.co.th/files/product/original/PRD175653884947.jpg
LKK2-IND350K-7,https://www.sevenfive.co.th/files/product/original/PRD175653884948.jpg
LKK2-HS50-38,https://www.sevenfive.co.th/files/product/original/PRD175653882193.jpg
LKK2-HS50-37,https://www.sevenfive.co.th/files/product/original/PRD175653882045.jpg
LKK2-HEATER(KBM-150),https://www.sevenfive.co.th/files/product/original/PRD175653882799.jpg
LKK2-CM4803-40-30,https://www.sevenfive.co.th/files/product/original/PRD17565387878.jpg
LKK2-B5A-21,https://www.sevenfive.co.th/files/product/original/PRDb53e9e9efe4f9d02c4749b5fad1bab72.jpg
LKK2-B5A-18,https://www.sevenfive.co.th/files/product/original/PRD0408558a2c842be28852da9df072bc26.jpg
LKK2-B30-05-28,https://www.sevenfive.co.th/files/product/original/PRD6e68b164647dc304b802ba67104910c0.jpg
LKK2-B30-05-11,https://www.sevenfive.co.th/files/product/original/PRD17565387545.jpg
LKK2-B30-05-10,https://www.sevenfive.co.th/files/product/original/PRD2465e1a418701732cc58d8d63035dd91.jpg
LKK2-B15-29,https://www.sevenfive.co.th/files/product/original/PRD175653870315.jpg
LKK2-B10-02-09,https://www.sevenfive.co.th/files/product/original/PRD170937074644.jpg
LKK2-B10-01-21,https://www.sevenfive.co.th/files/product/original/PRD175653868837.jpg
LKK2-6306-2RS1,https://www.sevenfive.co.th/files/product/original/PRD4cd573c7e25702fe516f67f6798dc3ba.jpg
LKK2-520-30-1,https://www.sevenfive.co.th/files/product/original/PRD170937073485.jpg
LKK2-260,https://www.sevenfive.co.th/files/product/original/PRD17565386717.jpg
LKK2-255,https://www.sevenfive.co.th/files/product/original/PRD175653866992.jpg
LKK1-W-1018-600,https://www.sevenfive.co.th/files/product/original/PRD409ad2dd4a4ec66f0dd18c04f09f0916.jpg
LKK1-W-1017-600,https://www.sevenfive.co.th/files/product/original/PRD70428027d02bac3a902ccf5564e1e9c6.jpg
LKK1-NPL-1L,https://www.sevenfive.co.th/files/product/original/PRD170928885886.jpg
LKK1-NPL-1D,https://www.sevenfive.co.th/files/product/original/PRD170928885838.jpg
LKK1-IND350T,https://www.sevenfive.co.th/files/product/original/PRDd30be4299996bc5c109e222162df983b.jpg
LKK1-IND350K,https://www.sevenfive.co.th/files/product/original/PRD0d716cd8540b2492ceca9616b63a0a72.jpg
LKK1-IND300T,https://www.sevenfive.co.th/files/product/original/PRD9e145880c7743bddc3d4d21999a3757f.jpg
LKK1-HS20(D),https://www.sevenfive.co.th/files/product/original/PRD170955815651.jpg
LKK1-HS20,https://www.sevenfive.co.th/files/product/original/PRD170955815682.jpg
LIN2-KN10,https://www.sevenfive.co.th/files/product/original/PRD176354212791.jpg
LIN1-PO69X,https://www.sevenfive.co.th/files/product/original/PRD170953547339.jpg
LIN1-LSF-A002,https://www.sevenfive.co.th/files/product/original/PRD6bb7850cee5d06e2b3fd209de65f814b.jpg
LIN1-LSF-A001,https://www.sevenfive.co.th/files/product/original/PRD0427abb697132bf913d6c9413125a93d.jpg
LIN1-HT6,https://www.sevenfive.co.th/files/product/original/PRD17092623482.jpg
LAC2-990073000,https://www.sevenfive.co.th/files/product/original/PRD170937053135.jpg
LAC2-803130056,https://www.sevenfive.co.th/files/product/original/PRD1ec8b5ac8da4817230ef3504adb714ee.jpg
LAC2-803130055,https://www.sevenfive.co.th/files/product/original/PRD7744a2f0119a1ec85ccb6f2e7c1b2410.jpg
LAC2-803130028,https://www.sevenfive.co.th/files/product/original/PRDd645b2580cdf74f88a8b479ce92b8bae.jpg
LAC2-803130027,https://www.sevenfive.co.th/files/product/original/PRD912996e82f6c5d1d69c9356f71848fc1.jpg
LAC2-535668000,https://www.sevenfive.co.th/files/product/original/PRD9fb25fd46048ff1d20378ca816bc6dd1.jpg
LAC2-533900900,https://www.sevenfive.co.th/files/product/original/PRDeeb0149ae3e195c453c9c3a4ea25d435.jpg
LAC2-533895100R,https://www.sevenfive.co.th/files/product/original/PRD87b39bf82ef781a774a1f55f2f0b3ca6.jpg
LAC2-485078010,https://www.sevenfive.co.th/files/product/original/PRD170937045371.jpg
LAC2-4731133581,https://www.sevenfive.co.th/files/product/original/PRD170937044432.jpg
LAC2-465408010,https://www.sevenfive.co.th/files/product/original/PRD170937042035.jpg
LAC2-465393000,https://www.sevenfive.co.th/files/product/original/PRD170937041787.jpg
LAC2-465391000,https://www.sevenfive.co.th/files/product/original/PRD170937041658.jpg
LAC2-465181000,https://www.sevenfive.co.th/files/product/original/PRDf3d2c852634f9b811757c355650b3800.jpg
LAC2-465145000,https://www.sevenfive.co.th/files/product/original/PRD309bcabf39f809d4fed4e22515204ed5.jpg
LAC2-465025000,https://www.sevenfive.co.th/files/product/original/PRD8e8c9e0cd095d63fb2fca55fb7b92682.jpg
LAC2-465015000,https://www.sevenfive.co.th/files/product/original/PRD172eef910c1d746b2000061b6c743a9c.jpg
LAC1-M27-RE-C2-RED,https://www.sevenfive.co.th/files/product/original/PRD170954426858.jpg
LAC1-M27-RE-C2-BLACK,https://www.sevenfive.co.th/files/product/original/PRD170954426837.jpg
KIT2-9709280,https://www.sevenfive.co.th/files/product/original/PRD170937029817.jpg
KIT2-9709267,https://www.sevenfive.co.th/files/product/original/PRD170937029872.jpg
KIT2-9706090,https://www.sevenfive.co.th/files/product/original/PRD170937028870.jpg
KIT2-4162403,https://www.sevenfive.co.th/files/product/original/PRD17093702704.jpg
KIT2-4162344,https://www.sevenfive.co.th/files/product/original/PRD170937026855.jpg
KIT2-4159622,https://www.sevenfive.co.th/files/product/original/PRD170937025964.jpg
KIT2-4159133,https://www.sevenfive.co.th/files/product/original/PRD170937025872.jpg
KIT2-3400026,https://www.sevenfive.co.th/files/product/original/PRD170937025667.jpg
KIT2-3400022,https://www.sevenfive.co.th/files/product/original/PRD170937025514.jpg
JTA2-KNOB-21,https://www.sevenfive.co.th/files/product/original/PRD175522455068.jpg
JTA2-302020078-12,https://www.sevenfive.co.th/files/product/original/PRD175651944414.jpg
JTA2-302020078,https://www.sevenfive.co.th/files/product/original/PRD175651944659.jpg
JTA2-301150123,https://www.sevenfive.co.th/files/product/original/PRD175651943724.jpg
JTA2-301150062,https://www.sevenfive.co.th/files/product/original/PRD175651943636.jpg
JTA2-301110052+301110092,https://www.sevenfive.co.th/files/product/original/PRDd939f807dc86091f71925dd8f86a7113.png
JTA2-301110052,https://www.sevenfive.co.th/files/product/original/PRD56f41a2d56deb7400867b6ac37d37622.png
JTA2-301070189,https://www.sevenfive.co.th/files/product/original/PRD175522425329.jpg
JTA2-301070188,https://www.sevenfive.co.th/files/product/original/PRD175522425228.jpg
JTA2-301040538,https://www.sevenfive.co.th/files/product/original/PRD0cf5899bd9db5a401bbf1143425d31db.png
HOU1-CPE-GAS-1.06,https://www.sevenfive.co.th/files/product/original/PRD17095354718.jpg
HAT2-R021202500,https://www.sevenfive.co.th/files/product/original/PRDf10d10c8ebf347806e7b946b2cea9bc3.jpg
HAT2-050906200,https://www.sevenfive.co.th/files/product/original/PRD68a0512885386345e681deae57f00a51.jpg
HAT2-050906100,https://www.sevenfive.co.th/files/product/original/PRDedacb1725801ebf28155ed229bbc1dfb.jpg
HAT2-020576500,https://www.sevenfive.co.th/files/product/original/PRDb83868765a41ad8d9f31cf354fe5ae53.jpg
HAT1-DL-775RL-GRAY-GRANIT,https://www.sevenfive.co.th/files/product/original/PRD170954151594.jpg
HAT1-DL-775RL-BCOPPER,https://www.sevenfive.co.th/files/product/original/PRD170954151320.jpg
HAT1-DL-750SL-WARM-RED,https://www.sevenfive.co.th/files/product/original/PRD170954151315.jpg
HAT1-DL-750RL-WARM-RED,https://www.sevenfive.co.th/files/product/original/PRD170954151236.jpg
HAT1-DL-750RL-BNICKEL,https://www.sevenfive.co.th/files/product/original/PRD170954151188.jpg
HAT1-DL-750RL-BLACK,https://www.sevenfive.co.th/files/product/original/PRD5a6306e1706a45d985fae5f596d5d0dc.jpg
HAT1-DL-750RL-BCOPPER,https://www.sevenfive.co.th/files/product/original/PRD17095415109.jpg
HAT1-DL-750CL-GLOSSY-GRAY,https://www.sevenfive.co.th/files/product/original/PRD170954150881.jpg
HAT1-DL-725SU-WARM-RED,https://www.sevenfive.co.th/files/product/original/PRD170954150733.jpg
HAT1-DL-725SL-WARM-RED,https://www.sevenfive.co.th/files/product/original/PRD170954150769.jpg
HAT1-DL-700AU-WARM-RED,https://www.sevenfive.co.th/files/product/original/PRD170954150518.jpg
HAT1-DL-600SL-GLOSSY-GRAY,https://www.sevenfive.co.th/files/product/original/PRD170954150517.jpg
HAT1-DL-500SU-WARM-RED,https://www.sevenfive.co.th/files/product/original/PRD170954150488.jpg
HAT1-DL-500SL-GLOSSY-GRAY,https://www.sevenfive.co.th/files/product/original/PRD17095415037.jpg
HAT1-DL-500SL-BLACK,https://www.sevenfive.co.th/files/product/original/PRDd3ef7a61b43431e151bc61d7e98bf974.jpg
HAT1-DL-500SL-BCOPPER,https://www.sevenfive.co.th/files/product/original/PRD170954150351.jpg
HAT1-DL-400AU-BRIGHT-NICK,https://www.sevenfive.co.th/files/product/original/PRD6449c0d4bf6ed1f9a36fa0b27bd3c8ff.jpg
HAT1-DL-400AU-BLACK,https://www.sevenfive.co.th/files/product/original/PRD170954150176.jpg
HAM2-14-0733-03001,https://www.sevenfive.co.th/files/product/original/PRD170936887430.jpg
HAM2-11-0733-14003,https://www.sevenfive.co.th/files/product/original/PRD170936887378.jpg
HAM1-HMD400R,https://www.sevenfive.co.th/files/product/original/PRDff010cd039b3971a558449b33236be18.jpg
HAM1-1G96700,https://www.sevenfive.co.th/files/product/original/PRD170954424812.jpg
FAG1-HMM6-11,https://www.sevenfive.co.th/files/product/original/PRD176975735034.jpg
FAG1-HMI6-11,https://www.sevenfive.co.th/files/product/original/PRD176975734999.jpg
EDL2-W003,https://www.sevenfive.co.th/files/product/original/PRD17093683537.jpg
DEX1-13313T,https://www.sevenfive.co.th/files/product/original/PRD17697573452.jpg
DEX1-13313G,https://www.sevenfive.co.th/files/product/original/PRD176975734432.jpg
DEX1-01563R,https://www.sevenfive.co.th/files/product/original/PRD55e9af200390d20b12d071fb58ab1859.jpg
DEX1-01563G,https://www.sevenfive.co.th/files/product/original/PRD52b69bc85f6095f57361b206b53b61da.jpg
CTX2-67975,https://www.sevenfive.co.th/files/product/original/PRD170936822516.jpg
CTP1-PB-EU-350-CP-SF,https://www.sevenfive.co.th/files/product/original/PRD77b8af5bca6eb876bb0ac18ea995a719.jpg
CTP1-GS-30502-300R-WH,https://www.sevenfive.co.th/files/product/original/PRD176198363632.jpg
CTP1-GS-30502-130-WH,https://www.sevenfive.co.th/files/product/original/PRD170969739912.jpg
CTP1-GS-10935-FE-BK,https://www.sevenfive.co.th/files/product/original/PRD176198363595.jpg
CTP1-GS-10927-ZS-BK,https://www.sevenfive.co.th/files/product/original/PRD170969739095.jpg
CTP1-GS-10927-CZ-BK,https://www.sevenfive.co.th/files/product/original/PRD170969739082.jpg
CTP1-GS-10921-100-BK,https://www.sevenfive.co.th/files/product/original/PRD17529067029.jpg
CTP1-GS-10502-200H-WH,https://www.sevenfive.co.th/files/product/original/PRD170969735638.jpg
CTP1-GS-10502-200-WH,https://www.sevenfive.co.th/files/product/original/PRD170969735770.jpg
COG2-990159,https://www.sevenfive.co.th/files/product/original/PRD175653863589.jpg
COG2-990158,https://www.sevenfive.co.th/files/product/original/PRD175653863360.jpg
COG2-80399,https://www.sevenfive.co.th/files/product/original/PRD175653861014.jpg
COG2-80397,https://www.sevenfive.co.th/files/product/original/PRD170936810681.jpg
COG2-67180,https://www.sevenfive.co.th/files/product/original/PRD175653856071.jpg
COG2-67179,https://www.sevenfive.co.th/files/product/original/PRD17565385591.jpg
COG2-228012,https://www.sevenfive.co.th/files/product/original/PRD175653847531.jpg
COG2-141009,https://www.sevenfive.co.th/files/product/original/PRD175653843626.jpg
COG2-141008,https://www.sevenfive.co.th/files/product/original/PRD175653843571.jpg
COG2-127174,https://www.sevenfive.co.th/files/product/original/PRD175653842438.jpg
COG2-127139,https://www.sevenfive.co.th/files/product/original/PRD175653842490.jpg
COG2-127124,https://www.sevenfive.co.th/files/product/original/PRD175653842232.jpg
COG2-121166,https://www.sevenfive.co.th/files/product/original/PRD175653841411.jpg
COG2-121158,https://www.sevenfive.co.th/files/product/original/PRD337372c26a3a3f185aa9bb790a9e076d.jpg
COG2-121157,https://www.sevenfive.co.th/files/product/original/PRD175653841356.jpg
COG2-121156,https://www.sevenfive.co.th/files/product/original/PRD175653841250.jpg
COG2-121139,https://www.sevenfive.co.th/files/product/original/PRD175653841041.jpg
COG2-121138,https://www.sevenfive.co.th/files/product/original/PRD175653840929.jpg
CEC2-L263A,https://www.sevenfive.co.th/files/product/original/PRDfeabb9788393b29b03e7916ea178fa08.png
CAS2-968754000,https://www.sevenfive.co.th/files/product/original/PRD170936779664.jpg
CAS2-965357000,https://www.sevenfive.co.th/files/product/original/PRD170937704791.jpg
CAS2-965356000,https://www.sevenfive.co.th/files/product/original/PRD170937704556.jpg
CAS2-533896600R,https://www.sevenfive.co.th/files/product/original/PRD170937697294.jpg
CAS2-533896500R,https://www.sevenfive.co.th/files/product/original/PRD170937697278.jpg
CAS2-4731133581-DX,https://www.sevenfive.co.th/files/product/original/PRD170937694656.jpg
CAS2-402198000,https://www.sevenfive.co.th/files/product/original/PRD17093769286.jpg
CAS2-401214000,https://www.sevenfive.co.th/files/product/original/PRD170937692579.jpg
CAS2-401204000,https://www.sevenfive.co.th/files/product/original/PRD170937692571.jpg
CAS1-THEO-64-AUT,https://www.sevenfive.co.th/files/product/original/PRD17095442403.jpg
CAS1-ENEA-64-AUT-50HZ,https://www.sevenfive.co.th/files/product/original/PRD17092834971.jpg
CAM1-WW500-135,https://www.sevenfive.co.th/files/product/original/PRD00a4bca395bda9826f7dfd3f2cfe8103.png
CAM1-WW1000-135,https://www.sevenfive.co.th/files/product/original/PRD37adf8731e178ab1090bd48b7941b82c.png
CAM1-UPCS400-131,https://www.sevenfive.co.th/files/product/original/PRD7d8cd1519661013609eb4222fb22545e.jpg
CAM1-UPC800-401,https://www.sevenfive.co.th/files/product/original/PRD1de02fa1b8d56ee3b3c19d58cb12c39b.jpg
CAM1-UPC800-131,https://www.sevenfive.co.th/files/product/original/PRD0ed014ae5576d5a5617c0bed3489e912.jpg
CAM1-UPC1600-401,https://www.sevenfive.co.th/files/product/original/PRD214eb5db2490d39fc8b7f706d0660dc5.jpg
CAM1-UPC1600-131,https://www.sevenfive.co.th/files/product/original/PRD94e22e331365799b7b52a26e5268d94d.jpg
CAM1-UPC1200-131,https://www.sevenfive.co.th/files/product/original/PRD14a32fc218698cb81b8365814246b9bb.jpg
CAM1-UC500-191,https://www.sevenfive.co.th/files/product/original/PRD3ab89a326e02344563bedc092b7bc1da.jpg
CAM1-UC250-194,https://www.sevenfive.co.th/files/product/original/PRD84faa15a7b6b5ccd38a9cebc6dc1e51d.png
CAM1-TG9-135,https://www.sevenfive.co.th/files/product/original/PRDe788bf3058423c409e8c3694e58c7cf8.jpg
CAM1-TG9-133,https://www.sevenfive.co.th/files/product/original/PRDe64028bfc46c5522ad56209647ccbff3.jpg
CAM1-TG12-135,https://www.sevenfive.co.th/files/product/original/PRDf1345bbaed0b77c7786c1ad44445b7ee.png
CAM1-TG12-133,https://www.sevenfive.co.th/files/product/original/PRDaaa25c095eda9c5a07af08fbdc660e6d.png
CAM1-TG12-110,https://www.sevenfive.co.th/files/product/original/PRD5a8cdede0f44cb7853a22298b852b8a9.png
CAM1-SPOP13CW-133,https://www.sevenfive.co.th/files/product/original/PRD2a1940925db4247a08d83ecc60840723.jpg
CAM1-SPOP13CW-110,https://www.sevenfive.co.th/files/product/original/PRD7388c9cb1ebec1c1e5473de3b97118dc.jpg
CAM1-SPOP11CW-110,https://www.sevenfive.co.th/files/product/original/PRD1df58e016a5940d075ef63da98a54af4.jpg
CAM1-SPOP10CW-135,https://www.sevenfive.co.th/files/product/original/PRDf68aa98d5af613c2ce9df8e597aba7ea.png
CAM1-SPO13CW-148,https://www.sevenfive.co.th/files/product/original/PRDc1a5435fa2def5288736c32f5e0a70d3.png
CAM1-SPO13CW-135,https://www.sevenfive.co.th/files/product/original/PRD9ebebb30ace47b6ab2a220213ec033da.jpg
CAM1-SPO13CW-133,https://www.sevenfive.co.th/files/product/original/PRD87c17fc77c3d75695b232751c104b6fc.jpg
CAM1-SFT1220-110,https://www.sevenfive.co.th/files/product/original/PRD5cab17e8739f643b8f8569ee276bab6d.jpg
CAM1-SFT1212-110,https://www.sevenfive.co.th/files/product/original/PRD172381d0c4ab0f9ffc4f0e6831aed1af.jpg
CAM1-SFG820-110,https://www.sevenfive.co.th/files/product/original/PRD452cdba49512635b230ae18eac3d0618.jpg
CAM1-SFG1015-110,https://www.sevenfive.co.th/files/product/original/PRD01d2c3c7148fec4797b4d91077893e6d.jpg
CAM1-SFG1012-110,https://www.sevenfive.co.th/files/product/original/PRD8985db7144fde8d65f3c0592d9890a41.jpg
CAM1-SCP64CW-135,https://www.sevenfive.co.th/files/product/original/PRD14f343443ca9e366208b4d885e67cbdf.png
CAM1-SCP24CW-135,https://www.sevenfive.co.th/files/product/original/PRD170969733375.jpg
CAM1-SCP12CW-135,https://www.sevenfive.co.th/files/product/original/PRD17096973310.jpg
CAM1-RSB912CW-110,https://www.sevenfive.co.th/files/product/original/PRDca8f5d276465b98ee67d2a1273e42414.jpg
CAM1-RSB23CW-110,https://www.sevenfive.co.th/files/product/original/PRD08eeb7276139c682e5c8fbb246344935.png
CAM1-RSB18CW-110,https://www.sevenfive.co.th/files/product/original/PRD857139c2269eb4fb5568aad5e3244119.jpg
CAM1-RSB15CW-110,https://www.sevenfive.co.th/files/product/original/PRD494a3a353d6e018518670a8439f94f81.jpg
CAM1-RSB1419CW-110,https://www.sevenfive.co.th/files/product/original/PRD68d985e49ae563010614da4784e799ad.png
CAM1-RFSCWC6-135,https://www.sevenfive.co.th/files/product/original/PRD99053e6b47cdd3ef750c4d6b92df0a0d.jpg
CAM1-RFSCWC12-135,https://www.sevenfive.co.th/files/product/original/PRD4056f80379b617a0c90c6e90ad0b5603.png
CAM1-RFSCWC1-135,https://www.sevenfive.co.th/files/product/original/PRD54fa5f3b9e8f391a2e9b907969f36da8.jpg
CAM1-RFSCW6-135,https://www.sevenfive.co.th/files/product/original/PRDc0c4322f3dd66838dca367d4465f1917.png
CAM1-RFSCW4-135,https://www.sevenfive.co.th/files/product/original/PRD38b634e4bdf6183db7040d0af79202a8.png
CAM1-RFSCW22-135,https://www.sevenfive.co.th/files/product/original/PRD2774e72879273944afab239fb6965ee2.png
CAM1-RFSCW2-135,https://www.sevenfive.co.th/files/product/original/PRD59b63c9d8cf407e7d2878652eb4a6f7e.png
CAM1-RFSCW18-135,https://www.sevenfive.co.th/files/product/original/PRD724fa8bbaa43dc63ae663b3f19564652.png
CAM1-RFSCW1-135,https://www.sevenfive.co.th/files/product/original/PRD75f31b242e778eb433b21830faa05e59.jpg
CAM1-R500LCD-194,https://www.sevenfive.co.th/files/product/original/PRDc37753fece523316676596a35fc2d45f.jpg
CAM1-R1000LCD-194,https://www.sevenfive.co.th/files/product/original/PRD367df3ccbfaac46773e0702e1f80b11e.jpg
CAM1-PT1400-167,https://www.sevenfive.co.th/files/product/original/PRD33e0b0ebc152aabf697587f647fe2123.jpg
CAM1-PT1400-110,https://www.sevenfive.co.th/files/product/original/PRD6157e82745fe7d1df5571459aa63a856.jpg
CAM1-PT1014-167,https://www.sevenfive.co.th/files/product/original/PRD5a1ec9a5736bab670e2e37ecbf47c811.jpg
CAM1-PT1014-110,https://www.sevenfive.co.th/files/product/original/PRD666c4fc0226cdc42159b8a90aeec7ca7.jpg
CAM1-PSB8-176,https://www.sevenfive.co.th/files/product/original/PRD51ca92fc6b35f0fb45a2970c577855f9.jpg
CAM1-PSB6-176,https://www.sevenfive.co.th/files/product/original/PRD844b468f633232d1468686dd1b25cd9d.jpg
CAM1-PR59314-151,https://www.sevenfive.co.th/files/product/original/PRDe32159c18c9b4c4f022c6559b4cc02d3.jpg
CAM1-PR314-151,https://www.sevenfive.co.th/files/product/original/PRD27a8234ca2e09c752368350c59960020.jpg
CAM1-PPB23-176,https://www.sevenfive.co.th/files/product/original/PRD48f5c11708fc0425e5f7d9c8300562f0.png
CAM1-PPB18-176,https://www.sevenfive.co.th/files/product/original/PRD13974d7d8006e2c478ad486115968740.png
CAM1-PL60CW-135,https://www.sevenfive.co.th/files/product/original/PRD74a02c106bd4be1cdf79b78e930bff4c.jpg
CAM1-PI16-152,https://www.sevenfive.co.th/files/product/original/PRD1665be8eab9dbc52834bdd30659d1310.jpg
CAM1-PI10-152,https://www.sevenfive.co.th/files/product/original/PRD2605949f69f0a5538ea9f8d1e2eee6e4.jpg
CAM1-NT14-152,https://www.sevenfive.co.th/files/product/original/PRDbe75299bb49aad92a9ae6a22e9f6ec1b.png
CAM1-NT12-152,https://www.sevenfive.co.th/files/product/original/PRD0466a41ad2aaf5c34c4ff770181c5f7a.jpg
CAM1-LT6-152,https://www.sevenfive.co.th/files/product/original/PRDbc81906dfbea4f2f68c53976c07f5c26.jpg
CAM1-LT22-152,https://www.sevenfive.co.th/files/product/original/PRD66d701b4e973818252b71dd664f8d18e.jpg
CAM1-LT16-152,https://www.sevenfive.co.th/files/product/original/PRD2a5445bf7d2409f781ed9e4db75c8d87.jpg
CAM1-LT14-152,https://www.sevenfive.co.th/files/product/original/PRDc5cbfcc31fccbb061e8736bfc62c421c.jpg
CAM1-LT10-152,https://www.sevenfive.co.th/files/product/original/PRDb4f46c54fe22b1b1c69d86bdd65f95c3.jpg
CAM1-LD85-404,https://www.sevenfive.co.th/files/product/original/PRD58dbf213f04816418823f19d8e877eed.png
CAM1-LD85-133,https://www.sevenfive.co.th/files/product/original/PRD1efa38fee05a56e45f6eadd4f5c65fb6.jpg
CAM1-LD85-110,https://www.sevenfive.co.th/files/product/original/PRDfa48f6b150d5d38517de0c7f1ff83fc6.jpg
CAM1-LD130-110,https://www.sevenfive.co.th/files/product/original/PRD7b475a09b4bf4584565809e348b64917.jpg
CAM1-LD105A-133,https://www.sevenfive.co.th/files/product/original/PRD5846d3f7c162e2921a720edd4463d42d.jpg
CAM1-LD105-133,https://www.sevenfive.co.th/files/product/original/PRD75c8853fedefc3109d7178ebbc1e1d72.jpg
CAM1-ICS200TB-191,https://www.sevenfive.co.th/files/product/original/PRDaba84433f42a5182a10489f8f1c79ccb.jpg
CAM1-ICS200TB-131,https://www.sevenfive.co.th/files/product/original/PRD4b2631ba8a40280d301b38ba3c707960.jpg
CAM1-ICS175TB-191,https://www.sevenfive.co.th/files/product/original/PRD55c5b7bfc04918e4a0b820fb9aba3d26.jpg
CAM1-ICS175TB-180,https://www.sevenfive.co.th/files/product/original/PRD1fdf05c7c62e1d00d354eafd89b0d707.jpg
CAM1-ICS175TB-131,https://www.sevenfive.co.th/files/product/original/PRD921a47988b36281d7ffc1de1a90f9810.jpg
CAM1-ICS175LB-131,https://www.sevenfive.co.th/files/product/original/PRD8c17bd7d0d274e14e67f52f9ddfbb571.jpg
CAM1-ICS175L-191,https://www.sevenfive.co.th/files/product/original/PRD0c18b562e195db4fa6ab78324ebcfcb5.jpg
CAM1-ICS125T-157,https://www.sevenfive.co.th/files/product/original/PRDb07a4c6d8cd3e7124a4075313c02b03a.jpg
CAM1-ICS125LB-180,https://www.sevenfive.co.th/files/product/original/PRDf0c9f53c1b24d60d836503394c8481b8.jpg
CAM1-ICS125LB-110,https://www.sevenfive.co.th/files/product/original/PRD73c51a1fc5c53b9771375b7af72299c6.jpg
CAM1-ICS125L-401,https://www.sevenfive.co.th/files/product/original/PRDb6dee8d07143e8ec77b192ea3e040236.jpg
CAM1-ICS125L-191,https://www.sevenfive.co.th/files/product/original/PRD2e90626cc2994d6f2f92974d4708e3f9.png
CAM1-IBS37-148,https://www.sevenfive.co.th/files/product/original/PRD0362e11c633560c0f0dedd07a56bf81c.jpg
CAM1-IBS27-148,https://www.sevenfive.co.th/files/product/original/PRDb868bc8b159ab45bb1035b71413462eb.jpg
CAM1-IBS20-148,https://www.sevenfive.co.th/files/product/original/PRD99b60b1f1a48d04ba23105596d593986.jpg
CAM1-IB44-148,https://www.sevenfive.co.th/files/product/original/PRDbafc1a5871b838573824b5eca2778ce5.jpg
CAM1-IB36-148,https://www.sevenfive.co.th/files/product/original/PRD4f69b55b62d5f1d9ed419d15c0fa3237.jpg
CAM1-IB32-148,https://www.sevenfive.co.th/files/product/original/PRDd060d555a572fbf07141f6167363155d.jpg
CAM1-HT5CW-135,https://www.sevenfive.co.th/files/product/original/PRD3d514a988519df77982b814edddcd20a.png
CAM1-HT22CW-135,https://www.sevenfive.co.th/files/product/original/PRD0862b6d0a55a3208835a589344427eee.jpg
CAM1-HT16CW-196,https://www.sevenfive.co.th/files/product/original/PRD00ff2c1fd7378e248ce10ed8bc776f60.jpg
CAM1-HT16CW-135,https://www.sevenfive.co.th/files/product/original/PRD5a1857bac9bf41e1760b5640fe4c8c37.jpg
CAM1-HT12CW-196,https://www.sevenfive.co.th/files/product/original/PRD9595ccab3cc1b38ba4b86bdb5151b4dd.png
CAM1-HT12CW-135,https://www.sevenfive.co.th/files/product/original/PRD8f339a7afbf9088b4310c96ed64e3e1a.jpg
CAM1-HT10CW-196,https://www.sevenfive.co.th/files/product/original/PRDc5776be91bedae8927de5d7345e9d1cf.png
CAM1-HT10CW-135,https://www.sevenfive.co.th/files/product/original/PRDf20b9eef9cc0a6ebb977ce1ac37477ef.png
CAM1-GBP518-110,https://www.sevenfive.co.th/files/product/original/PRD2b012f57caf2515e0a80c3e33a4272a8.jpg
CAM1-GBP318-521,https://www.sevenfive.co.th/files/product/original/PRD80bbd77d3da7348e643dfd359892fe09.jpg
CAM1-GBP318-110,https://www.sevenfive.co.th/files/product/original/PRDca149206722b853eccdbabd48d6520af.jpg
CAM1-GBP220-521,https://www.sevenfive.co.th/files/product/original/PRDbee055e4212d75a2626e0983ede8fa55.jpg
CAM1-GBP220-110,https://www.sevenfive.co.th/files/product/original/PRD2677f3e7e19059a9e645d24bdcf97d49.jpg
CAM1-GB850CW-135,https://www.sevenfive.co.th/files/product/original/PRD420b995c5058a61efc840aa6c873c16e.jpg
CAM1-GB1200CW-135,https://www.sevenfive.co.th/files/product/original/PRD290be56f6d857d860ee508badc475a21.jpg
CAM1-EXUWR184872PKG,https://www.sevenfive.co.th/files/product/original/PRD176975733416.jpg
CAM1-EXU246072V4-480,https://www.sevenfive.co.th/files/product/original/PRD064b1defa860ede2dd656dba0eedf7b7.jpg
CAM1-EXU244272V4-480,https://www.sevenfive.co.th/files/product/original/PRDabf12de48ef3e9eb097ffe98abfe97d2.jpg
CAM1-EXU216072V4-480,https://www.sevenfive.co.th/files/product/original/PRD0b25bc0194a1d012304845eff733f2f2.jpg
CAM1-EXU214864V4-480,https://www.sevenfive.co.th/files/product/original/PRDf9706e6c76b32366a8c06686282c266f.jpg
CAM1-ESU244272V4-580,https://www.sevenfive.co.th/files/product/original/PRDaeb6a792c53791f4681155cb092a6b75.jpg
CAM1-ESU216064V4-580,https://www.sevenfive.co.th/files/product/original/PRD8cea4e85f5acd3d1d8d203a03e061fa7.jpg
CAM1-ESU216064-580,https://www.sevenfive.co.th/files/product/original/PRDa8d29dae2745b041343fc820ac280463.jpg
CAM1-ESU215472V4-580,https://www.sevenfive.co.th/files/product/original/PRDc0047cb23d5b1506768f2758435e8224.jpg
CAM1-ESU215472-580,https://www.sevenfive.co.th/files/product/original/PRDc5488bdb096f24bbb7e7f3fa59156075.jpg
CAM1-ESU215464V4-580,https://www.sevenfive.co.th/files/product/original/PRD28f376bf76659a9383e8ba1f6ec07b72.jpg
CAM1-ESU214872V4-580,https://www.sevenfive.co.th/files/product/original/PRDf3c060efe356caf2dfcde8c3dd532bba.jpg
CAM1-ESU214864V4-580,https://www.sevenfive.co.th/files/product/original/PRD4b6e9744d3ad7cd48c3648a28580e688.jpg
CAM1-ESU214864-580,https://www.sevenfive.co.th/files/product/original/PRD6b2e54b3a3791eba91b9dda99268ad21.jpg
CAM1-ESU214272-580,https://www.sevenfive.co.th/files/product/original/PRDcfb05c88297f015b9209cfdafff75afe.jpg
CAM1-ESU214264V4-580,https://www.sevenfive.co.th/files/product/original/PRD4ed5fc4d97e995e7bc841884b1d0d92b.jpg
CAM1-ESU214264-580,https://www.sevenfive.co.th/files/product/original/PRD8f7adc815d224a56e229ff87f952ca4a.jpg
CAM1-ESU213672V4-580,https://www.sevenfive.co.th/files/product/original/PRD4135c8dd3b99ae108a069d58bc13ff66.jpg
CAM1-ESU213664V4-580,https://www.sevenfive.co.th/files/product/original/PRD22b55161fb9e533bf37e482fc9d6b658.jpg
CAM1-ESU186072V4-580,https://www.sevenfive.co.th/files/product/original/PRD1e4d18389c8ff722e35387a2e06a680b.jpg
CAM1-ESU186072-580,https://www.sevenfive.co.th/files/product/original/PRDae6f49a1b9c378a64632f928349e21b3.png
CAM1-ESU184872V4-580,https://www.sevenfive.co.th/files/product/original/PRD4a987b354feab33e1cf65399622565b1.jpg
CAM1-ESU184872-580,https://www.sevenfive.co.th/files/product/original/PRDb01586e7c7317699088f45b6bade6dcc.jpg
CAM1-EPP280-110,https://www.sevenfive.co.th/files/product/original/PRD176785876545.jpg
CAM1-EPCW8-580,https://www.sevenfive.co.th/files/product/original/PRDf0ecc0477d581b2f264ac96a3e1609ce.jpg
CAM1-DRS600-131,https://www.sevenfive.co.th/files/product/original/PRD950492ca515557308f7015314184d3df.jpg
CAM1-DRS480-131,https://www.sevenfive.co.th/files/product/original/PRD4976122e698e97f43104fe3f5072c05d.jpg
CAM1-DRS360-131,https://www.sevenfive.co.th/files/product/original/PRDc039b5b406abc7824990ef7af7ea2d91.jpg
CAM1-DIV20-148,https://www.sevenfive.co.th/files/product/original/PRD5861a4e919ade7f1cdc9166f85237807.jpg
CAM1-DIV12-148,https://www.sevenfive.co.th/files/product/original/PRD030f9740d2f24ea73101638180c9cba9.jpg
CAM1-DC825-191,https://www.sevenfive.co.th/files/product/original/PRD8be123408aef91a0cd190b4dd0d33a18.jpg
CAM1-DC575-194,https://www.sevenfive.co.th/files/product/original/PRD62f8e92bf5f79ffe8acc283684d513eb.jpg
CAM1-DC1225-194,https://www.sevenfive.co.th/files/product/original/PRD30224c368d088bf67ddc1dbe59ff99ba.png
CAM1-DC1225-191,https://www.sevenfive.co.th/files/product/original/PRD5c39b834bff5fddcc77c7fc69c46720f.jpg
CAM1-DC1225-131,https://www.sevenfive.co.th/files/product/original/PRD9387cd0376b5be254c1ca88d57e23677.jpg
CAM1-DC1125-194,https://www.sevenfive.co.th/files/product/original/PRD153548ac92ad9faa39d75277fe6fcdeb.png
CAM1-DC1125-191,https://www.sevenfive.co.th/files/product/original/PRDb382ac8e9cbb67d858449e283f00d0dc.png
CAM1-DB18263CW-148,https://www.sevenfive.co.th/files/product/original/PRD23d8e2dbba6a47225df7d0b059877c2b.jpg
CAM1-D16-152,https://www.sevenfive.co.th/files/product/original/PRD0acf08485db57c61f8e3bd652125627f.jpg
CAM1-D14-152,https://www.sevenfive.co.th/files/product/original/PRD81e2763264ea94bb20e1ed61e139458d.png
CAM1-CSURS48426-480,https://www.sevenfive.co.th/files/product/original/PRDceb40171a79151bb4bb574b9f8132efa.jpg
CAM1-CSURS48366-480,https://www.sevenfive.co.th/files/product/original/PRD28b127dc9d61d93281a02e07a3441e70.jpg
CAM1-CSURS44486-480,https://www.sevenfive.co.th/files/product/original/PRD1b4ecb0af762e8d548669c0999ee7669.jpg
CAM1-CSURS44426-480,https://www.sevenfive.co.th/files/product/original/PRD56f744cc34e2d4f2c2500a08430969f0.jpg
CAM1-CSURS44366-480,https://www.sevenfive.co.th/files/product/original/PRD3a90829f4815b6b1ec63c937c07699b0.jpg
CAM1-CSU48607-480,https://www.sevenfive.co.th/files/product/original/PRDb7f0e558782741952196a7631dd3d583.jpg
CAM1-CSU48606-480,https://www.sevenfive.co.th/files/product/original/PRDa66e3e27825cc8b73377cd12c714ffec.jpg
CAM1-CSU48546-480,https://www.sevenfive.co.th/files/product/original/PRDb3bc7ec9eff54c5c263b24ed58f2d729.jpg
CAM1-CSU48487-480,https://www.sevenfive.co.th/files/product/original/PRD1a43fc916e747f4568251e7ef50e368a.jpg
CAM1-CSU48486-480,https://www.sevenfive.co.th/files/product/original/PRD9d84d7d88e18b4624cfc385b4f0f3f54.jpg
CAM1-CSU48426-480,https://www.sevenfive.co.th/files/product/original/PRD0f60a395532c5dc8a5480e9104e45c75.jpg
CAM1-CSU48367-480,https://www.sevenfive.co.th/files/product/original/PRDac4c24099a206d756e2823cbe9375411.jpg
CAM1-CSU48366-480,https://www.sevenfive.co.th/files/product/original/PRD4a973b1fcdf8b85feb4b13f2b96d4130.jpg
CAM1-CSU44607-480,https://www.sevenfive.co.th/files/product/original/PRD1cfa695d7172e573ca852379c14a4bd4.jpg
CAM1-CSU44487-480,https://www.sevenfive.co.th/files/product/original/PRD3890c4e8866963339277da9a2857f23d.jpg
CAM1-CSU44427-480,https://www.sevenfive.co.th/files/product/original/PRD6447fd4dc967b2a45da93a5f372d4d84.jpg
CAM1-CSU44367-480,https://www.sevenfive.co.th/files/product/original/PRDd86f5fc43bb2dff3525d0e4c067f0de8.jpg
CAM1-CSU41606-480,https://www.sevenfive.co.th/files/product/original/PRD2d14f365d073b72d6cca166cc0646756.jpg
CAM1-CSU41546-480,https://www.sevenfive.co.th/files/product/original/PRD0cd8ca40ed8a4968484b3d73b87b7721.jpg
CAM1-CSU41486-480,https://www.sevenfive.co.th/files/product/original/PRD12fd7e3c1115ffec60cd4c8f0199b37f.jpg
CAM1-CSU41366-480,https://www.sevenfive.co.th/files/product/original/PRD472ff2b7b14ef6db1f8d1f60c953b43e.jpg
CAM1-CSA48607-480,https://www.sevenfive.co.th/files/product/original/PRD383dec77a0554a06c65e43e96f11b802.jpg
CAM1-CSA48606-480,https://www.sevenfive.co.th/files/product/original/PRDa69cb2b21ad0443d339c44230e114b08.jpg
CAM1-CSA48546-480,https://www.sevenfive.co.th/files/product/original/PRD183eac000574b68a40970977bc9c807e.jpg
CAM1-CSA48487-480,https://www.sevenfive.co.th/files/product/original/PRD09ccce967cb6183885dbee9fb1f875d3.jpg
CAM1-CSA48486-480,https://www.sevenfive.co.th/files/product/original/PRDb3730300b56b32439104b7d4ca06c643.jpg
CAM1-CSA48426-480,https://www.sevenfive.co.th/files/product/original/PRDf2d0366550c9fd59719d6c7e83dff177.jpg
CAM1-CSA48366-480,https://www.sevenfive.co.th/files/product/original/PRD50b7a576a23cce63924217d1e17919f0.jpg
CAM1-CSA44367-480,https://www.sevenfive.co.th/files/product/original/PRD5c85581c08cb37c438403a920ac4afcd.jpg
CAM1-CSA41606-480,https://www.sevenfive.co.th/files/product/original/PRDa2d667e1f0efcfbbb9f5089d1d42dba5.jpg
CAM1-CSA41546-480,https://www.sevenfive.co.th/files/product/original/PRD756f4f0265a88e25519dfabd2b6fd5e1.jpg
CAM1-CSA41486-480,https://www.sevenfive.co.th/files/product/original/PRD4a8de260673e6f480a8bcd37c7eb833c.jpg
CAM1-CSA41426-480,https://www.sevenfive.co.th/files/product/original/PRD04088d7a1c7b609adb0b0688c1c187d0.jpg
CAM1-CSA41366-480,https://www.sevenfive.co.th/files/product/original/PRD9a42890966f21343c026ff41c07f0958.jpg
CAM1-CPUWR184872PKG,https://www.sevenfive.co.th/files/product/original/PRD176975733052.jpg
CAM1-CPU246072V4-480,https://www.sevenfive.co.th/files/product/original/PRD233fbc747a4e885b6f40bd8be4b7006e.jpg
CAM1-CPU244872V4-480,https://www.sevenfive.co.th/files/product/original/PRD862e170e3e1746afa6c7db3625457683.jpg
CAM1-CPU244272V4-480,https://www.sevenfive.co.th/files/product/original/PRD6c0313513340a0880554eb5cba11d256.jpg
CAM1-CPU244264V4-480,https://www.sevenfive.co.th/files/product/original/PRD20a34d657bdb4014b6524a137e30c718.jpg
CAM1-CPU243672V4-480,https://www.sevenfive.co.th/files/product/original/PRD057f1fd585aa7c5dd42039a8816dc856.jpg
CAM1-CPU243664V4-480,https://www.sevenfive.co.th/files/product/original/PRDeb1dd1096bf6cb3674b4a0ff4fc18788.jpg
CAM1-CPU216072V4-480,https://www.sevenfive.co.th/files/product/original/PRDcbd616d716f291402c611c05a4d18e0a.jpg
CAM1-CPU216064V4-480,https://www.sevenfive.co.th/files/product/original/PRD7e724784f8a5d5814099837c44a18573.jpg
CAM1-CPU215472V4-480,https://www.sevenfive.co.th/files/product/original/PRD4607587645d8248609d1b66cdfe0d711.jpg
CAM1-CPU215464V4-480,https://www.sevenfive.co.th/files/product/original/PRD75bc3cd1a93e4f5c0fdf8c2cfbea42ce.jpg
CAM1-CPU214864V4-480,https://www.sevenfive.co.th/files/product/original/PRDd02848b22eeaf4aec3bae8066e378c36.jpg
CAM1-CPU214264V4-480,https://www.sevenfive.co.th/files/product/original/PRDd7c23c24cd08886b0fa8af5fc775e8e6.jpg
CAM1-CPU186072V4-480,https://www.sevenfive.co.th/files/product/original/PRDc7510e8ce383ce9faf859c464f41fa4a.jpg
CAM1-CPU186064V4-480,https://www.sevenfive.co.th/files/product/original/PRD42e7b96bbe94ffdf02321033b689a241.jpg
CAM1-CPU185464V4-480,https://www.sevenfive.co.th/files/product/original/PRD6a1cc59d8fcf130622be2a8b6ebface8.jpg
CAM1-CPU184872V4-480,https://www.sevenfive.co.th/files/product/original/PRDc19d655e77edf71b1551ac22bf9fb776.jpg
CAM1-CPU184864V4-480,https://www.sevenfive.co.th/files/product/original/PRD34fd08ed5febc1f56d8a3425fa306dc3.jpg
CAM1-CPU184264V4-480,https://www.sevenfive.co.th/files/product/original/PRDf1f784ad9fe6513fbd29cb8b50f02324.jpg
CAM1-CPU183672V4-480,https://www.sevenfive.co.th/files/product/original/PRDef1e015148bd62fe3d091700e4144515.jpg
CAM1-CPU183664V4-480,https://www.sevenfive.co.th/files/product/original/PRD7838cc0b2c5e30405be076bff7594dc0.jpg
CAM1-CPR2448-151,https://www.sevenfive.co.th/files/product/original/PRDfaab025023d7b35c66f3f3d244654894.jpg
CAM1-CPHU246067V4-480,https://www.sevenfive.co.th/files/product/original/PRDeef6b92bc46ac687d4f59db86e883f33.jpg
CAM1-CPHU243667V4-480,https://www.sevenfive.co.th/files/product/original/PRD85fa4c867abdce5959664b0c5804efdc.jpg
CAM1-CPA246072V4-480,https://www.sevenfive.co.th/files/product/original/PRDd0455e10c353c780be5e7c1703697eb3.jpg
CAM1-CPA244872V4-480,https://www.sevenfive.co.th/files/product/original/PRD05cc6cd014dacac282ea8d8ac0a73fd9.jpg
CAM1-CPA244272V4-480,https://www.sevenfive.co.th/files/product/original/PRDce504cf048a2ea9049acb005a351d2b2.jpg
CAM1-CPA243672V4-480,https://www.sevenfive.co.th/files/product/original/PRD695219aa5d6b72ae5dde838559670857.jpg
CAM1-CPA216064V4-480,https://www.sevenfive.co.th/files/product/original/PRDca952a3bd49665de33a10d06cbf71cff.jpg
CAM1-CPA215464V4-480,https://www.sevenfive.co.th/files/product/original/PRD6a66c955400ae2b5301d2199f0dc9aa7.jpg
CAM1-CPA214864V4-480,https://www.sevenfive.co.th/files/product/original/PRD327b922054090c0590d86c9cbb83887d.jpg
CAM1-CPA214264V4-480,https://www.sevenfive.co.th/files/product/original/PRD9574f2038d86ddb514f409361fcb5f62.jpg
CAM1-CPA213664V4-480,https://www.sevenfive.co.th/files/product/original/PRD5d2d6a430655044b773ed48765dae7c8.jpg
CAM1-CPA213064V4-480,https://www.sevenfive.co.th/files/product/original/PRD9103fb3c417507e62a20c075a3cfbb92.jpg
CAM1-CPA212464V4-480,https://www.sevenfive.co.th/files/product/original/PRDfe797729bd1698c76967516f404fdf10.jpg
CAM1-CPA186064V4-480,https://www.sevenfive.co.th/files/product/original/PRDddb7745abe24915f81824a185f24e239.jpg
CAM1-CPA185464V4-480,https://www.sevenfive.co.th/files/product/original/PRDa173bcc15665b317a82509fcce8f24bc.jpg
CAM1-CPA184872V4-480,https://www.sevenfive.co.th/files/product/original/PRD62f76e2156162a7c9683769813fc1819.jpg
CAM1-CPA184864V4-480,https://www.sevenfive.co.th/files/product/original/PRDbc8c97120bbd870273975e77ca7d98a5.jpg
CAM1-CPA184264V4-480,https://www.sevenfive.co.th/files/product/original/PRD0cb28bb9ab040815615a4da6c850ab10.jpg
CAM1-CPA183672V4-480,https://www.sevenfive.co.th/files/product/original/PRDc01e2c158edb63174fa44aa0ea0ec629.jpg
CAM1-CPA183664V4-480,https://www.sevenfive.co.th/files/product/original/PRD722725c2062a885726a86bcf6c4129fb.jpg
CAM1-CP1220-159,https://www.sevenfive.co.th/files/product/original/PRD02dfe3c410990faf9183005f5bac5b2e.jpg
CAM1-CP1210-159,https://www.sevenfive.co.th/files/product/original/PRD1675b2ba30eef13928242c51a85bbe2f.jpg
CAM1-CBU246064VS4-580,https://www.sevenfive.co.th/files/product/original/PRDc6c11f305b724b3973c4d0353ce7fe5d.jpg
CAM1-CBU245464VS4-580,https://www.sevenfive.co.th/files/product/original/PRDe449da4415995a4c0d76fcc86e600829.jpg
CAM1-CBU244872V4-580,https://www.sevenfive.co.th/files/product/original/PRDf5b3ded3a946a9e825f4e2150c1fd451.jpg
CAM1-CBU244864VS4-580,https://www.sevenfive.co.th/files/product/original/PRDeddd2d516ce454255a688a21091cf62c.jpg
CAM1-CBU244272V4-580,https://www.sevenfive.co.th/files/product/original/PRD1e8fd8317c69cfe48bc1ca6bf3ef548f.jpg
CAM1-CBU244264VS4-580,https://www.sevenfive.co.th/files/product/original/PRD015e1e28aa542a1d9d974bb3855763e3.jpg
CAM1-CBU243672V4-580,https://www.sevenfive.co.th/files/product/original/PRD5685e462242ed06bc25db3e1a3cbd46a.jpg
CAM1-CBU216072-580,https://www.sevenfive.co.th/files/product/original/PRD34ad33fdb3261dbff555079bc8f4f859.jpg
CAM1-CBU216064V4-580,https://www.sevenfive.co.th/files/product/original/PRDf75ce4c767fc77483d2a6986b2bb704f.jpg
CAM1-CBU215472V4-580,https://www.sevenfive.co.th/files/product/original/PRD634193cfbc5db9af1ff16c7e0cb7103e.jpg
CAM1-CBU215464V4-580,https://www.sevenfive.co.th/files/product/original/PRD7c004fbf0d61d3c14ca53a57ae470d71.jpg
CAM1-CBU214872VS4-580,https://www.sevenfive.co.th/files/product/original/PRD91cb0c08d1105fddf090f625c5849c15.jpg
CAM1-CBU214872V4-580,https://www.sevenfive.co.th/files/product/original/PRD7f25a1136205b11896c5245eb864fd20.jpg
CAM1-CBU214872-580,https://www.sevenfive.co.th/files/product/original/PRD32eed8619f7bfcdbf282ede129458682.jpg
CAM1-CBU214864V4-580,https://www.sevenfive.co.th/files/product/original/PRD501dd5a99fd4e10834df125bae6af8c0.jpg
CAM1-CBU214272VS4-580,https://www.sevenfive.co.th/files/product/original/PRDf5648a3e7d65ae2064d41bf9fd440180.jpg
CAM1-CBU214272V4-580,https://www.sevenfive.co.th/files/product/original/PRDd5cce2f94696c476159afe287aa222fe.jpg
CAM1-CBU213672V4-580,https://www.sevenfive.co.th/files/product/original/PRD3185774615ae934b442e6f3f50c2074d.jpg
CAM1-CBU186072V4-580,https://www.sevenfive.co.th/files/product/original/PRD9ea868a54a57aed16a45888f84a1eea7.jpg
CAM1-CBU186064VS4-580,https://www.sevenfive.co.th/files/product/original/PRD2c1752917b57d6bdab5aeb0325e7894f.jpg
CAM1-CBU186064V4-580,https://www.sevenfive.co.th/files/product/original/PRD51d6990867208f8def28e9f8c6dfeef9.jpg
CAM1-CBU185472V4-580,https://www.sevenfive.co.th/files/product/original/PRDd6a8aae397139c553e995b5c7850644e.jpg
CAM1-CBU185464VS4-580,https://www.sevenfive.co.th/files/product/original/PRDd525f0a15d821ac59723703d8020d836.jpg
CAM1-CBU185464V4-580,https://www.sevenfive.co.th/files/product/original/PRD999986bcef2d088f9901cd94a32196ad.jpg
CAM1-CBU184872V4-580,https://www.sevenfive.co.th/files/product/original/PRD402ad996146a0035b7a79e65dc71febf.jpg
CAM1-CBU184264VS4-580,https://www.sevenfive.co.th/files/product/original/PRDbb1f5b7f136b4e5abe19ac93ab75e3d3.jpg
CAM1-CBU183672V4-580,https://www.sevenfive.co.th/files/product/original/PRDa0a11b8a27f90a94260e25d40a37bc90.jpg
CAM1-CBU183664VS4-580,https://www.sevenfive.co.th/files/product/original/PRD08c6f709c8943076de72bcd3d880c804.jpg
CAM1-CBU183664V4-580,https://www.sevenfive.co.th/files/product/original/PRD6f925afddf2d65ab73345b1cb67f4bce.jpg
CAM1-CBU183072V4-580,https://www.sevenfive.co.th/files/product/original/PRD00aa36ae58f9448cfa5d94cd30f050db.jpg
CAM1-CBU183064VS4-580,https://www.sevenfive.co.th/files/product/original/PRD28a8760f1cc38e87317690c41c1ca518.jpg
CAM1-CBSK2154V1-580,https://www.sevenfive.co.th/files/product/original/PRD99df6dc5c34d8a9abe22442ff345fa76.jpg
CAM1-CBSK1842V1-580,https://www.sevenfive.co.th/files/product/original/PRDcadabc24904e54eb3cd27db7ea926d07.jpg
CAM1-CBSK1842V-580,https://www.sevenfive.co.th/files/product/original/PRDea8b385c8ad4d746a9590f2c3e8ca4c3.jpg
CAM1-CBA246072V4-580,https://www.sevenfive.co.th/files/product/original/PRD1143afa22a5a84f4668305e94b95619d.jpg
CAM1-CBA243672V4-580,https://www.sevenfive.co.th/files/product/original/PRDc3dfe36537e55df62064945a64215345.jpg
CAM1-909CW-152,https://www.sevenfive.co.th/files/product/original/PRD0e58f6c399c09e2f5bf06a642c6f9f23.jpg
CAM1-905CW-152,https://www.sevenfive.co.th/files/product/original/PRD2ad9381e1f3d4bce387c8feda90fd4fa.jpg
CAM1-901CW-152,https://www.sevenfive.co.th/files/product/original/PRDda7bba538881723a71b69c78ce11e073.jpg
CAM1-9013CW-486,https://www.sevenfive.co.th/files/product/original/PRD89faf78260e91de85feed8db9ebe7020.jpg
CAM1-9013CW-152,https://www.sevenfive.co.th/files/product/original/PRDaacbce1e0efed1565652bb38c781fb79.jpg
CAM1-9011CW-152,https://www.sevenfive.co.th/files/product/original/PRDaf327e00f7f53063773207ebbb3ecb89.jpg
CAM1-900P-152,https://www.sevenfive.co.th/files/product/original/PRDab048f5985033750457df622b38b85e3.png
CAM1-900CW-152,https://www.sevenfive.co.th/files/product/original/PRD7dfaea91f881db2c7a31675811f3bffb.jpg
CAM1-800P-152,https://www.sevenfive.co.th/files/product/original/PRD3bf9d19ff8ea43c4c79612f60c788546.png
CAM1-6R6-157,https://www.sevenfive.co.th/files/product/original/PRD176975732522.jpg
CAM1-63CLRHP-150,https://www.sevenfive.co.th/files/product/original/PRD170969729596.jpg
CAM1-63CLRCW-135,https://www.sevenfive.co.th/files/product/original/PRD17096972956.jpg
CAM1-400MCCW-135,https://www.sevenfive.co.th/files/product/original/PRD4000ddde51d16f93c099ae2aaf4000e1.png
CAM1-36E5-184,https://www.sevenfive.co.th/files/product/original/PRD72388928f464d4eb32e01bc132fd0d22.jpg
CAM1-36E5-151,https://www.sevenfive.co.th/files/product/original/PRDbed96c1c53db755b3aab6cf59e92c589.jpg
CAM1-36E4-184,https://www.sevenfive.co.th/files/product/original/PRD49e7740d2da526517eefa21a826ebd9c.jpg
CAM1-36E4-151,https://www.sevenfive.co.th/files/product/original/PRD75336c23091a39e6be34fa189a3ae8a3.jpg
CAM1-36E1-184,https://www.sevenfive.co.th/files/product/original/PRDbecdf633ec7a62c9e63a84624f4bda6a.jpg
CAM1-36E1-151,https://www.sevenfive.co.th/files/product/original/PRD3bd74a8756feeb20849ed3ea4407138b.jpg
CAM1-35CLRHP-150,https://www.sevenfive.co.th/files/product/original/PRDb5f98e397fc3281715863f7e78bcc48c.jpg
CAM1-350LCD(SOUP)-131,https://www.sevenfive.co.th/files/product/original/PRD03b07c0738e45da325faf512547e1c23.jpg
CAM1-3200P2-152,https://www.sevenfive.co.th/files/product/original/PRD17f9d9d1b496157bc3401c16b0ee9051.jpg
CAM1-25MCCW-135,https://www.sevenfive.co.th/files/product/original/PRD9996bdbfb52945742ce73e8ad10d7b49.jpg
CAM1-25E5-184,https://www.sevenfive.co.th/files/product/original/PRDaee7b6fae48d8d16ae4b561a39a127e3.jpg
CAM1-25E5-151,https://www.sevenfive.co.th/files/product/original/PRD17a384e763ad8b0c4df29d013437eb11.jpg
CAM1-25E2-184,https://www.sevenfive.co.th/files/product/original/PRD79c0d12f34825e35034ccb30a11d9d90.jpg
CAM1-25E2-151,https://www.sevenfive.co.th/files/product/original/PRDa1e4650cde12a22ceb2be12e27679c9c.jpg
CAM1-250LCD-131,https://www.sevenfive.co.th/files/product/original/PRD596b84f266927875d1bc7e8687ae6175.jpg
CAM1-23CLRCW-135,https://www.sevenfive.co.th/files/product/original/PRDd1a215f001c51eeff7054e27cf2561fc.jpg
CAM1-200MCCW-135,https://www.sevenfive.co.th/files/product/original/PRD4d99772fb912d9678724ebf0148661b1.jpg
CAM1-1826CT-138,https://www.sevenfive.co.th/files/product/original/PRD2fc04b5372dde46c386c9001b05f14a5.jpg
CAM1-1826CT-110,https://www.sevenfive.co.th/files/product/original/PRD49091772c15861dcd9ca3bb4cf5ae8aa.jpg
CAM1-18269CW-135,https://www.sevenfive.co.th/files/product/original/PRD58828c1c6c9d7bf0fbdd81f18d5a51c5.jpg
CAM1-18266P-148,https://www.sevenfive.co.th/files/product/original/PRD145bc2b041034707bb2dd8690d1f0e77.jpg
CAM1-18266CW-467,https://www.sevenfive.co.th/files/product/original/PRDef6d8731eb15234066d87d5b3383fb13.png
CAM1-18263CW-135,https://www.sevenfive.co.th/files/product/original/PRDda99c23875f3bb8420352eb0d06d31e8.jpg
CAM1-182615CW-135,https://www.sevenfive.co.th/files/product/original/PRDc470a022b195c6335c5a021fbaa869cf.jpg
CAM1-182612CW-135,https://www.sevenfive.co.th/files/product/original/PRD4a463a80afeca96323b11f859729e9ca.jpg
CAM1-1800CT-138,https://www.sevenfive.co.th/files/product/original/PRD908469e01577bfee477e306e1226521b.jpg
CAM1-1800CT-110,https://www.sevenfive.co.th/files/product/original/PRDadf52dff2dbfb380ddd2f6dd17f868eb.jpg
CAM1-16E4-184,https://www.sevenfive.co.th/files/product/original/PRDf96fb2f87522f91fb466b844146aa03f.png
CAM1-16E2-184,https://www.sevenfive.co.th/files/product/original/PRDb0c32f07560f98a69c6d4ec2ec083e20.png
CAM1-16E2-151,https://www.sevenfive.co.th/files/product/original/PRDb01d70be1c073ad910f6357ce27f2f33.jpg
CAM1-1622CT-138,https://www.sevenfive.co.th/files/product/original/PRD51ff4f0e082c57b7f0c4e3e53793fb40.jpg
CAM1-1622CT-110,https://www.sevenfive.co.th/files/product/original/PRDc430af13bda57862388d553ca83ac2c0.jpg
CAM1-1600ET-521,https://www.sevenfive.co.th/files/product/original/PRD8c7f9272be706bcccd1332c0ee21b46f.jpg
CAM1-1600ET-503,https://www.sevenfive.co.th/files/product/original/PRDa8152bac5414facb05fa6dd549b406ba.png
CAM1-1600ET-207,https://www.sevenfive.co.th/files/product/original/PRD59396bb92cf65787999451faee74a337.png
CAM1-1600ET-206,https://www.sevenfive.co.th/files/product/original/PRD1da484b65085ccf58dbe28e012e4b7fa.png
CAM1-1600ET-167,https://www.sevenfive.co.th/files/product/original/PRD207577ccd36883090647d1b709332c3d.png
CAM1-1600ET-110,https://www.sevenfive.co.th/files/product/original/PRD382af3f285c38761d55a0759fd780fee.png
CAM1-1520ET-521,https://www.sevenfive.co.th/files/product/original/PRDf6ca4f942c3fd85eada054c567d34952.png
CAM1-1520ET-503,https://www.sevenfive.co.th/files/product/original/PRD364fc5e7fe8319823de641b9f2eb5549.png
CAM1-1520ET-207,https://www.sevenfive.co.th/files/product/original/PRD550134245f9a902ca1ed2c2f115bd34d.png
CAM1-1520ET-206,https://www.sevenfive.co.th/files/product/original/PRD9f1b675f4c823d9fa37d58ab0f68f86e.png
CAM1-1520ET-167,https://www.sevenfive.co.th/files/product/original/PRDbe90a00dae0568648861a33fd2bbf479.png
CAM1-1520ET-110,https://www.sevenfive.co.th/files/product/original/PRDff388fa4e2b237e04e18b18c5d8338ea.png
CAM1-1418FF-163,https://www.sevenfive.co.th/files/product/original/PRDf6d45dd6885830879390f7cce8921165.png
CAM1-1418FF-106,https://www.sevenfive.co.th/files/product/original/PRD389eb59fcfce375a13a1a72a791787e1.png
CAM1-1418ET-521,https://www.sevenfive.co.th/files/product/original/PRD4d0a72a993785e276d0c304b5c930eef.png
CAM1-1418ET-503,https://www.sevenfive.co.th/files/product/original/PRDe6f1aa7a7eece4a773edb265b6cd2806.png
CAM1-1418ET-207,https://www.sevenfive.co.th/files/product/original/PRD85b72fa484cef7b5de8d52109287cb7c.png
CAM1-1418ET-206,https://www.sevenfive.co.th/files/product/original/PRD08d7ef80fa172dc7b7fa5c483571153e.png
CAM1-1418ET-167,https://www.sevenfive.co.th/files/product/original/PRD0baf2a79a5e14580ef682470006f6368.png
CAM1-1418ET-110,https://www.sevenfive.co.th/files/product/original/PRD8a87d74fe85cb6dbefc886ccfb1ae1bb.jpg
CAM1-1418DSLM-830,https://www.sevenfive.co.th/files/product/original/PRD11ef8b2558acaf86c293de5f339fe4bf.png
CAM1-1418DSLM-825,https://www.sevenfive.co.th/files/product/original/PRD578a2c64e26b837f70569ba9f6c0d86a.png
CAM1-1418DSLM-820,https://www.sevenfive.co.th/files/product/original/PRD9ab5f1592fde3d2a304a6f1d435112fd.png
CAM1-1418CT-138,https://www.sevenfive.co.th/files/product/original/PRD41867d525d7cb8436e640df39e782e61.jpg
CAM1-1418CT-110,https://www.sevenfive.co.th/files/product/original/PRD56d5a29c108a48932268686c8553f83b.jpg
CAM1-1400ET-503,https://www.sevenfive.co.th/files/product/original/PRDab56c621e793caf803912220ae68e176.png
CAM1-1317DSLM-830,https://www.sevenfive.co.th/files/product/original/PRD176975732148.jpg
CAM1-1317DSLM-825,https://www.sevenfive.co.th/files/product/original/PRD176975732138.jpg
CAM1-1317DSLM-820,https://www.sevenfive.co.th/files/product/original/PRD1d83e9eb2d96eef8dc91ceb4f0a8e604.png
CAM1-1317DSLG-820,https://www.sevenfive.co.th/files/product/original/PRD8fd2beb95b4040c064aeb267726a7a67.png
CAM1-124VS-380,https://www.sevenfive.co.th/files/product/original/PRDdf05ffda20b64cf547dffd25abdb28b7.jpg
CAM1-12189CW-135,https://www.sevenfive.co.th/files/product/original/PRDa855537b281e08027c68673ae5dd76a1.jpg
CAM1-12183CW-135,https://www.sevenfive.co.th/files/product/original/PRD70ad32a82f96e599d800d203d127346c.jpg
CAM1-1216FF-119,https://www.sevenfive.co.th/files/product/original/PRDda619822010a0cd911c286f3c8f27e84.jpg
CAM1-1216FF-110,https://www.sevenfive.co.th/files/product/original/PRD60e40451966d98c9077d5d94ae196043.jpg
CAM1-1216ET-521,https://www.sevenfive.co.th/files/product/original/PRD9c9d5578f45b5cafcda081edb1a075ae.jpg
CAM1-1216ET-207,https://www.sevenfive.co.th/files/product/original/PRD5c31450b57f21d8f4a583e7cd4360b86.jpg
CAM1-1216ET-206,https://www.sevenfive.co.th/files/product/original/PRD831473a2348dcce9c99e6e6a57837268.jpg
CAM1-1216ET-167,https://www.sevenfive.co.th/files/product/original/PRDc8895791bd6de3484a894bbc21883f94.jpg
CAM1-120VS-191,https://www.sevenfive.co.th/files/product/original/PRD5167b8fd2000279caaef6be16e739310.jpg
CAM1-1202CW-152,https://www.sevenfive.co.th/files/product/original/PRD8c875c1b8dce7d801b17d72aa77b7a91.jpg
CAM1-1101CW-152,https://www.sevenfive.co.th/files/product/original/PRD84c09c5fa81b79d06e154b3f188a927a.jpg
CAM1-10CWNR-154,https://www.sevenfive.co.th/files/product/original/PRDd5a046e00bf54c2e6f342163cd088a5e.jpg
CAM1-10CWNR-110,https://www.sevenfive.co.th/files/product/original/PRD01664e63b1b6eca3adf7a209134881c9.png
CAM1-107VS-191,https://www.sevenfive.co.th/files/product/original/PRDda7c3959b57f5d5d73c06a1203f4deef.jpg
CAM1-10302MT-148,https://www.sevenfive.co.th/files/product/original/PRDa592b7f1164f27bc49658a0a660457f9.jpg
CAM1-10302MT-110,https://www.sevenfive.co.th/files/product/original/PRD80aad5bd4d3d65bf30e0bf3d1f69905d.jpg
CAM1-1014DSLNS-820,https://www.sevenfive.co.th/files/product/original/PRD33a75024bec7f27fb8b328e6e562da9c.png
CAM1-1014DSLNS-815,https://www.sevenfive.co.th/files/product/original/PRD7f3eb5ebf06a013e5820779e387369d5.png
CAM1-1014DSLM-830,https://www.sevenfive.co.th/files/product/original/PRD07295cf54dd148caf930ee77c09a30e2.png
CAM1-1014DSLM-825,https://www.sevenfive.co.th/files/product/original/PRDcae81cde3c4b5b64789523e185f22978.png
CAM1-1014DSLM-820,https://www.sevenfive.co.th/files/product/original/PRD176975731981.jpg
CAM1-1014DSLM-815,https://www.sevenfive.co.th/files/product/original/PRD176975731833.jpg
CAM1-1013CW-152,https://www.sevenfive.co.th/files/product/original/PRD632756f4f1036cf37143df3521b56821.jpg
CAM1-1012VS-191,https://www.sevenfive.co.th/files/product/original/PRD4b6813f7389e9753cf79803da85ede69.jpg
CAM1-1010VS-191,https://www.sevenfive.co.th/files/product/original/PRD87a3cacad11a5d665df226bcc9145a6c.jpg
CAM1-100VS-191,https://www.sevenfive.co.th/files/product/original/PRD6a6446b7506395c462a653b5eb4c0718.jpg
CAM1-1007CW-152,https://www.sevenfive.co.th/files/product/original/PRDf103e0254830b9173b35f21b34d8da46.jpg
CAM1-1007CW-133,https://www.sevenfive.co.th/files/product/original/PRDab9c6f59549824ec892fa7e036ddf45f.jpg
CAM1-1005CW-152,https://www.sevenfive.co.th/files/product/original/PRD2ad26a63066137c0a9fed075d8cfe827.jpg
CAM1-1005CW-133,https://www.sevenfive.co.th/files/product/original/PRDefbef7ee778909f71bc712186c470191.jpg
BES2-25108000,https://www.sevenfive.co.th/files/product/original/PRDd787081db2e95bbc796741fd7a9f2e05.png
BER2-SPO-P-C2208019A,https://www.sevenfive.co.th/files/product/original/PRD9c0619c7c524700f971e344e9b245578.png
BER2-SPO-P-C2207054A,https://www.sevenfive.co.th/files/product/original/PRDdd11d9593676b1593327a271e3aacc56.png
BER2-SPO-P-C2101004A,https://www.sevenfive.co.th/files/product/original/PRDc97a03a1b98674ac6dae20e723a8bea3.png
BER2-PL-JD-DTL,https://www.sevenfive.co.th/files/product/original/PRD170936751110.jpg
BER2-PL-JD-DT,https://www.sevenfive.co.th/files/product/original/PRD170936751096.jpg
BER2-GL-S-3DW-B,https://www.sevenfive.co.th/files/product/original/PRD17093672219.jpg
BER2-GL-S-3DW-A,https://www.sevenfive.co.th/files/product/original/PRD17093672208.jpg
BER2-C-CG11C,https://www.sevenfive.co.th/files/product/original/PRD170936368641.jpg
BER2-C-CG11B,https://www.sevenfive.co.th/files/product/original/PRD170936368526.jpg
BER1-SP2-HT,https://www.sevenfive.co.th/files/product/original/PRD208bc1475d6eeeadbd0473fb13a627a4.jpg
BER1-SP2-HP,https://www.sevenfive.co.th/files/product/original/PRD1541f2492868eb4e360c5d97ae14daf7.jpg
BER1-RCS5SM,https://www.sevenfive.co.th/files/product/original/PRDaca6488e03ada65c3c4835fc11c54b94.jpg
BER1-RCS18SB13-2FB,https://www.sevenfive.co.th/files/product/original/PRD76c0f236a0c676310c1447db7cb962c0.jpg
BER1-RCS15SB13-2FB,https://www.sevenfive.co.th/files/product/original/PRDf11986c563c405d9c219d22424a1ab72.jpg
BER1-RCS09SB13-2FB,https://www.sevenfive.co.th/files/product/original/PRDf31a6aa52c4454016ee1591ee09006ac.jpg
BER1-OB6FS-17,https://www.sevenfive.co.th/files/product/original/PRD106a824b3713e7be3d579b21fc383c67.jpg
BER1-OB6-17,https://www.sevenfive.co.th/files/product/original/PRD6020e1b64baffad36513d0af29901e72.jpg
BER1-OB4FS-17,https://www.sevenfive.co.th/files/product/original/PRDa5ee7f47743b53f017e49c218cecdc72.jpg
BER1-OB4-17,https://www.sevenfive.co.th/files/product/original/PRD2303a966f2bb9197bcf0d988c1daedd3.jpg
BER1-OB2FS-17,https://www.sevenfive.co.th/files/product/original/PRD8c5f9d017bc99ec1ff05e7b244f0996a.jpg
BER1-I-BSP-IK40,https://www.sevenfive.co.th/files/product/original/PRD3c28f8ebe67afcadb04754f65735fe48.jpg
BER1-GG3BFS-17,https://www.sevenfive.co.th/files/product/original/PRD55e6c98f5ba2718fe4b4e2c531af996b.jpg
BER1-GG3B-17,https://www.sevenfive.co.th/files/product/original/PRD0f2db595457351efb8c811a85cbfa456.jpg
BER1-FW55,https://www.sevenfive.co.th/files/product/original/PRD170954149763.jpg
BER1-FW50,https://www.sevenfive.co.th/files/product/original/PRD170954149396.jpg
BER1-FSSDF12D,https://www.sevenfive.co.th/files/product/original/PRD170954889360.jpg
BER1-EG5250-17,https://www.sevenfive.co.th/files/product/original/PRD8a4be5294cb253f45775df8ae2ef73d0.jpg
BER1-EG3000FS,https://www.sevenfive.co.th/files/product/original/PRD170954883358.jpg
BER1-EG3000,https://www.sevenfive.co.th/files/product/original/PRD170954882982.jpg
BER1-DDF126,https://www.sevenfive.co.th/files/product/original/PRD170954903581.jpg
BER1-DDF11D6,https://www.sevenfive.co.th/files/product/original/PRD17095490319.jpg
BER1-CKE6SCSB,https://www.sevenfive.co.th/files/product/original/PRD27d89ff684562a123f5d5bec1d6383c8.jpg
BER1-CKE5SCSM,https://www.sevenfive.co.th/files/product/original/PRD5d1d488f3aa6dbcc30ed5096b2a18923.jpg
BER1-CKE5SCSB,https://www.sevenfive.co.th/files/product/original/PRD6a43c57b00a72db5437f3f8cad946af4.jpg
BER1-CKE4SCSM,https://www.sevenfive.co.th/files/product/original/PRD56ad032e58f21f94476dd7e22c5b1fae.jpg
BER1-CKE4SCGM,https://www.sevenfive.co.th/files/product/original/PRD598231bbfdae73862b4fc11da786067b.jpg
BER1-CKE3SCSM,https://www.sevenfive.co.th/files/product/original/PRD65e8e28d50d4ba1a981669ccd5d6d843.jpg
BER1-CCS12SB13-2FB,https://www.sevenfive.co.th/files/product/original/PRD8dd3274a46e6d08d61a9ef244a4c9fe8.jpg
BER1-CCS09SB13-2FB,https://www.sevenfive.co.th/files/product/original/PRD9be555251f51a4a2e200e4790459b3c6.jpg
BER1-CB3BGG1BFS-17,https://www.sevenfive.co.th/files/product/original/PRD170954898881.jpg
BER1-CB3BGG1B-17,https://www.sevenfive.co.th/files/product/original/PRDcb70db7587c7702bd5cf54e8870b721f.jpg
BER1-CB3B-17,https://www.sevenfive.co.th/files/product/original/PRDea92ed29c5d5a9d3700d26fbec174111.jpg
BER1-BS4DU-C-Z-L,https://www.sevenfive.co.th/files/product/original/PRD9735a0930887b38a9fa31d738aa98045.jpg
BER1-BS4DU-C-W,https://www.sevenfive.co.th/files/product/original/PRD711dbc8fd0b58501ffb84e78a80fb052.jpg
BER1-BS3D-F7-L,https://www.sevenfive.co.th/files/product/original/PRD32c2dae2476c9a927c11ace9db5e3e51.jpg
BER1-BS3D-F7-BL,https://www.sevenfive.co.th/files/product/original/PRD2c2330ebc2c00e206cd9f3062e949eed.jpg
BER1-BS3D-CF7-L,https://www.sevenfive.co.th/files/product/original/PRD3cb2e53b802e0c8a4616ca5412d67704.jpg
BER1-BS2DR-C4-2-L(750),https://www.sevenfive.co.th/files/product/original/PRD1e1f5d6701c3f1cbb09e704c20714a51.jpg
BER1-BS2DR-C1165-2-L(760),https://www.sevenfive.co.th/files/product/original/PRD2e61b95b80f4fc6289830e1a8c06866a.jpg
BER1-BS2D-F6-L(750),https://www.sevenfive.co.th/files/product/original/PRD84e3ce874c1a0c15ff0d2af7208a077f.jpg
BER1-BS2D-F6-L,https://www.sevenfive.co.th/files/product/original/PRDaa55a6478c8c2e26b457375169d3cd21.jpg
BER1-BS2D-F5-Z-L(760),https://www.sevenfive.co.th/files/product/original/PRDf9072d1237bcb8444a385ed4b8673ee2.jpg
BER1-BS2D-F5-L,https://www.sevenfive.co.th/files/product/original/PRD68b51521695556ebafe7455ab2e98c96.jpg
BER1-BS2D-F5-BL,https://www.sevenfive.co.th/files/product/original/PRD25268e644c93b08545b4b70e29455a6d.jpg
BER1-BS2D-F4-Z-L(750),https://www.sevenfive.co.th/files/product/original/PRD7f337579443de54a87771e185649ca9a.jpg
BER1-BS2D-F4-L(750),https://www.sevenfive.co.th/files/product/original/PRDd7f0a48655a5fd1bf2c07f4e067e06df.jpg
BER1-BS2D-F4-BL,https://www.sevenfive.co.th/files/product/original/PRDc8ca48ac7b46c994ae88be134ac02d04.jpg
BER1-BS2D-CF6-L(750),https://www.sevenfive.co.th/files/product/original/PRD64e34a9f2b45a410b5a06b0ac80fa14a.jpg
BER1-BS2D-CF6-L,https://www.sevenfive.co.th/files/product/original/PRD20ed9b3dbcdc43594ffc9846d487cf99.jpg
BER1-BS2D-C5-L(750),https://www.sevenfive.co.th/files/product/original/PRDb8a0f453db6ac60340abbd4bfa378e5b.jpg
BER1-BS2D-C5-6-L(600),https://www.sevenfive.co.th/files/product/original/PRD37b8bc615a59a7476db58d15bc24451c.jpg
BER1-BS2D-C4-L(750),https://www.sevenfive.co.th/files/product/original/PRD8455b1b1158a82f2d578f4584ac01caf.jpg
BER1-B3D-C7-SM-L(600),https://www.sevenfive.co.th/files/product/original/PRDd51e68a7882790f02b142b89587cfe32.jpg
BER1-B3D-C7-7-SM-L(750),https://www.sevenfive.co.th/files/product/original/PRDf571466ab6c9125ff9b54e5acbf12efd.png
BER1-B2D-C6-7-SM-L(760),https://www.sevenfive.co.th/files/product/original/PRDe9415919c55e96d39e4a4bffed09c2b6.jpg
BER1-B2D-C6-7-SM-L(750),https://www.sevenfive.co.th/files/product/original/PRD44b37a908f2522555b27a0ca8e6c9aa8.jpg
BER1-B2D-C5-SM-L(600),https://www.sevenfive.co.th/files/product/original/PRDa238002379165052d2be8dc5f11765bd.jpg
BER1-B2D-C5-L6,https://www.sevenfive.co.th/files/product/original/PRD64e681d61d25bc10489c7bb715d6d37b.jpg
BER1-B2D-C5-BL,https://www.sevenfive.co.th/files/product/original/PRD2800770805f8d4657bce54e11b26eb89.jpg
BER1-B2D-C4-BL,https://www.sevenfive.co.th/files/product/original/PRDd709a9c20cb77a43558b1920e84cdf4c.jpg
BER1-3D-DC-SM,https://www.sevenfive.co.th/files/product/original/PRD634d2f1418cbe44f1a6dc90192fd1832.jpg
BER1-3D-DC-BH-1-G,https://www.sevenfive.co.th/files/product/original/PRD1dda916da4569768b99997e7a9e3b8cf.jpg
BER1-2D-DF-SM-EV,https://www.sevenfive.co.th/files/product/original/PRD07ba3d6e1b1c8560c2aedf15f4d6aabe.jpg
BER1-2D-DF-S-EV,https://www.sevenfive.co.th/files/product/original/PRD67b7a9c31f4e22a7b232516c3c91483c.jpg
BER1-1D-DC-SM,https://www.sevenfive.co.th/files/product/original/PRD58f28144917f2ce4e8593229fa7163d3.jpg
BER1-1D-DC-BBH-1,https://www.sevenfive.co.th/files/product/original/PRD1843c0a59f7be2e9a631ff05fccfd4d3.jpg
ASL2-HN-MB35-16,https://www.sevenfive.co.th/files/product/original/PRD170936851310.jpg
ASL2-HN-MB35-15,https://www.sevenfive.co.th/files/product/original/PRD170936851343.jpg
ASL2-HN-DP-50-NV,https://www.sevenfive.co.th/files/product/original/PRD170936851069.jpg
ASL1-IND-5000W,https://www.sevenfive.co.th/files/product/original/PRD4d9af9cbbb8721454449c49cdad8099a.jpg
ASL1-IND-3500,https://www.sevenfive.co.th/files/product/original/PRD3b7e39c54a7a1d8dfa53e6a55daf650b.jpg
ASL1-IND-2000,https://www.sevenfive.co.th/files/product/original/PRD8c3266e0bda35e7d9195c73969e9248f.jpg
ASL1-CB6040C-YL,https://www.sevenfive.co.th/files/product/original/PRD170969745055.jpg
ASL1-CB6040C-WH,https://www.sevenfive.co.th/files/product/original/PRD170969744499.jpg
ASL1-CB6040C-RD,https://www.sevenfive.co.th/files/product/original/PRD170969743921.jpg
ASL1-CB6040C-GR,https://www.sevenfive.co.th/files/product/original/PRD170969743449.jpg
ASL1-CB6040C-CF,https://www.sevenfive.co.th/files/product/original/PRD17096974253.jpg
ASL1-CB6040C-BL,https://www.sevenfive.co.th/files/product/original/PRD170969741822.jpg
ASL1-CB4833C-YL,https://www.sevenfive.co.th/files/product/original/PRD170969738338.jpg
ASL1-CB4833C-WH,https://www.sevenfive.co.th/files/product/original/PRD170969737294.jpg
ASL1-CB4833C-RD,https://www.sevenfive.co.th/files/product/original/PRD170969736324.jpg
ASL1-CB4833C-GR,https://www.sevenfive.co.th/files/product/original/PRD170969735723.jpg
ASL1-CB4833C-CF,https://www.sevenfive.co.th/files/product/original/PRD170969735179.jpg
ASL1-CB4833C-BL,https://www.sevenfive.co.th/files/product/original/PRD170969734485.jpg
ASL1-CB3828C-YL,https://www.sevenfive.co.th/files/product/original/PRD170969729677.jpg
ASL1-CB3828C-WH,https://www.sevenfive.co.th/files/product/original/PRD170969729077.jpg
ASL1-CB3828C-RD,https://www.sevenfive.co.th/files/product/original/PRD170969728541.jpg
ASL1-CB3828C-GR,https://www.sevenfive.co.th/files/product/original/PRD170969727948.jpg
ASL1-CB3828C-CF,https://www.sevenfive.co.th/files/product/original/PRD170969727394.jpg
ASL1-CB3828C-BL,https://www.sevenfive.co.th/files/product/original/PRD170969726852.jpg
ARS1-281004,https://www.sevenfive.co.th/files/product/original/PRD176975731318.jpg
ARS1-280204,https://www.sevenfive.co.th/files/product/original/PRD176975731251.jpg
ARS1-280200,https://www.sevenfive.co.th/files/product/original/PRD176975731288.jpg
ARC1-74607,https://www.sevenfive.co.th/files/product/original/PRD176861994717.jpg
ARC1-51946,https://www.sevenfive.co.th/files/product/original/PRD176861993244.jpg
ARC1-51945,https://www.sevenfive.co.th/files/product/original/PRD176861993121.jpg
ARC1-22820,https://www.sevenfive.co.th/files/product/original/PRD176861991255.jpg
ARC1-22814,https://www.sevenfive.co.th/files/product/original/PRD176861991299.jpg
ARC1-22738,https://www.sevenfive.co.th/files/product/original/PRD176861991141.jpg
ARC1-22720,https://www.sevenfive.co.th/files/product/original/PRD176861991189.jpg
ARC1-12558,https://www.sevenfive.co.th/files/product/original/PRD176861990856.jpg
ARC1-12341,https://www.sevenfive.co.th/files/product/original/PRD176861990847.jpg
VTS1-VHT60,https://www.sevenfive.co.th/files/product/original/PRDf7547c1b56ee47bc997b8e9d7ddd4380.jpg
PIM2-EDO2-40CS-BK-H,https://www.sevenfive.co.th/files/product/original/PRD27c3d24bfda57f3464403674d8f422db.jpg
ZNS2-0L0051,https://www.sevenfive.co.th/files/product/original/PRD170937547349.jpg
ZNS2-068799,https://www.sevenfive.co.th/files/product/original/PRD170937544547.jpg
ZNS2-049480,https://www.sevenfive.co.th/files/product/original/PRD170937540432.jpg
ZNS2-049460,https://www.sevenfive.co.th/files/product/original/PRD170937540263.jpg
ZAN2-GHIE0012,https://www.sevenfive.co.th/files/product/original/PRD175653922782.jpg
WNK1-SH30224,https://www.sevenfive.co.th/files/product/original/PRD280f3529d9f86c0c842c0df1def9b1e6.jpg
WNK1-ML-1061M,https://www.sevenfive.co.th/files/product/original/PRD5aa6e26b3f875bb8c4a604048b27bac3.jpg
WNK1-E8GN1265,https://www.sevenfive.co.th/files/product/original/PRD82ba295f5987d03c5d1ab3dab4f0d010.png
WNK1-CD-012(B),https://www.sevenfive.co.th/files/product/original/PRDdb367355af383eef9d9b0ee756808b3b.png
WIN2-61005191,https://www.sevenfive.co.th/files/product/original/PRD884d685f7af1efb9fe2d062c1e118f88.png
WIN2-60003605,https://www.sevenfive.co.th/files/product/original/PRD0000e4035d252251b9604c766b4896d0.png
VRM2-R27-172,https://www.sevenfive.co.th/files/product/original/PRD170937522884.jpg
VOL1-94400,https://www.sevenfive.co.th/files/product/original/PRD76387e673026bece3f947a3dcd9a4e74.jpg
VOL1-93400,https://www.sevenfive.co.th/files/product/original/PRD9fedbb206195f05ca7cb623d8f648c51.jpg
VOL1-93300,https://www.sevenfive.co.th/files/product/original/PRDe7e49a87e917088ee98412af97acc3d9.jpg
VOL1-93100,https://www.sevenfive.co.th/files/product/original/PRD6e7e891f784f7046ce7c78cb328fd2e0.jpg
VOL1-67634,https://www.sevenfive.co.th/files/product/original/PRD3a740f5bff6030ee949e1a3c499da309.jpg
VOL1-52023,https://www.sevenfive.co.th/files/product/original/PRD1af7032843bca1f7a4ee791d6b6cb30b.jpg
VOL1-34600,https://www.sevenfive.co.th/files/product/original/PRD7a2552df3d1ad016c99b38baabb16ca7.jpg
VOL1-34200,https://www.sevenfive.co.th/files/product/original/PRDde167e21e645298567e3aa80f57fd102.jpg
VOL1-33500,https://www.sevenfive.co.th/files/product/original/PRD70193b1f50014fba25a4b98df4729372.jpg
VOL1-32100,https://www.sevenfive.co.th/files/product/original/PRD92376b4c343f13699c401f3db38c24f7.jpg
TS1-B-0113-B,https://www.sevenfive.co.th/files/product/original/PRDdf430b185105a355d69968faba41a169.jpg
TRA1-4843-01,https://www.sevenfive.co.th/files/product/original/PRD489fd71e66fa9ab52988f5a3d0240d81.jpg
TOP2-98-HD-H,https://www.sevenfive.co.th/files/product/original/PRD175411540091.jpg
TOP1-WV-3170P-FEP,https://www.sevenfive.co.th/files/product/original/PRD4d5cbb9e8863d46b343bdcb25acb0542.jpg
TOP1-M98EHRS11,https://www.sevenfive.co.th/files/product/original/PRD175135953235.jpg
TOP1-9800-12,https://www.sevenfive.co.th/files/product/original/PRDe19813a0e7aa5e3ce4b4750050dd0b77.jpg
TBA1-KUR12-3D-6-L(750MM),https://www.sevenfive.co.th/files/product/original/PRD2c06b5d6fb3f64ac1ae0758ed843eaf7.jpg
TBA1-KR25-2G-LW,https://www.sevenfive.co.th/files/product/original/PRDebf9991d5c6073f2c420d666b89d7c63.jpg
TBA1-KF45-4-W-GN,https://www.sevenfive.co.th/files/product/original/PRDe33b04b004a689b63d0c1cf81ee9a318.jpg
TAC1-RB1313,https://www.sevenfive.co.th/files/product/original/PRD0fa0a15067b9eeebbca1a16de81a16b7.jpg
TAC1-RB128,https://www.sevenfive.co.th/files/product/original/PRD3de41ca5f4f8b7dd33ff4fd193735133.jpg
TAC1-CB1824GNA,https://www.sevenfive.co.th/files/product/original/PRD170938006472.jpg
TAC1-CB1520RB,https://www.sevenfive.co.th/files/product/original/PRD170938003953.jpg
TAC1-BK37309,https://www.sevenfive.co.th/files/product/original/PRD6f74dff9b82e7d95c0007b5c005549e7.jpg
TAC1-BK17508,https://www.sevenfive.co.th/files/product/original/PRDa7f808f46ee8fe2a902ccc50cdb3c634.jpg
TAC1-828,https://www.sevenfive.co.th/files/product/original/PRD170938003536.jpg
TAC1-5704,https://www.sevenfive.co.th/files/product/original/PRD17093800278.jpg
TAC1-3712T,https://www.sevenfive.co.th/files/product/original/PRD85696383b9daa1f0e99695453bc95038.jpg
STA2-2E-Z22595,https://www.sevenfive.co.th/files/product/original/PRD175799433980.jpg
SKP2-PM016S0012,https://www.sevenfive.co.th/files/product/original/PRD170937491059.jpg
SKP2-PM002S0360,https://www.sevenfive.co.th/files/product/original/PRD175653907013.jpg
SIR2-MSC04N292,https://www.sevenfive.co.th/files/product/original/PRD170937440676.jpg
SIR2-MSC04AMON.22,https://www.sevenfive.co.th/files/product/original/PRDbeb2c9d7539a183d622157bc7a2cf2f6.jpg
SIR2-MF2118,https://www.sevenfive.co.th/files/product/original/PRD4a96dc3af23bcd417ecc714eda5c3837.png
SIR2-LF2007010,https://www.sevenfive.co.th/files/product/original/PRD170937429117.jpg
SIR2-LF2007009,https://www.sevenfive.co.th/files/product/original/PRD3104d2be4a06dfaa35fdb374a628e1eb.png
SIR2-IW2071240029,https://www.sevenfive.co.th/files/product/original/PRD33f37137e800c397e9089e495deff55c.jpg
SIR2-IB4104002C,https://www.sevenfive.co.th/files/product/original/PRD170937402765.jpg
SIR2-19540431,https://www.sevenfive.co.th/files/product/original/PRD170937373910.jpg
SIR1-TC32-DALLAS-400V,https://www.sevenfive.co.th/files/product/original/PRDb93aa0b6ab72ce3d25bbe555707cf35e.jpg
SIR1-SO2020-INOX-MN-BANCO,https://www.sevenfive.co.th/files/product/original/PRD4e743d4542d86d3ea52a5913d435bfd0.jpg
SIR1-IS-V-25-IDRA-TF,https://www.sevenfive.co.th/files/product/original/PRD41beb24cb4c7559622aa226c51694d47.jpg
SIR1-GEMMA300-INGR,https://www.sevenfive.co.th/files/product/original/PRDd4a98c60b0c9c764f564b11337f54c86.jpg
SIR1-C6VV,https://www.sevenfive.co.th/files/product/original/PRD0e0c7d134ab4e0bf6051dc1f99d3b674.jpg
SIR1-BBQ-X4,https://www.sevenfive.co.th/files/product/original/PRDe3068d8283b7e7b5c910038261333036.jpg
SAN2-28886,https://www.sevenfive.co.th/files/product/original/PRD170937594185.jpg
RTN2-24.03.192,https://www.sevenfive.co.th/files/product/original/PRDe2e382082da9f302fce41f4e72ba885b.jpg
RON2-139873,https://www.sevenfive.co.th/files/product/original/PRD170937603812.jpg
RON2-139851,https://www.sevenfive.co.th/files/product/original/PRD170937603838.jpg
RON2-134805,https://www.sevenfive.co.th/files/product/original/PRD170937329934.jpg
RON2-122774T06,https://www.sevenfive.co.th/files/product/original/PRD170937327959.jpg
RON2-108241,https://www.sevenfive.co.th/files/product/original/PRD170937326658.jpg
RON2-106815,https://www.sevenfive.co.th/files/product/original/PRD170937326419.jpg
RON1-STM615.A,https://www.sevenfive.co.th/files/product/original/PRD170955817718.jpg
ROL2-SA03001,https://www.sevenfive.co.th/files/product/original/PRD30c010c408cd5da283a4b3e9f0f35fb6.jpg
ROL1-RF8DS,https://www.sevenfive.co.th/files/product/original/PRD170928910186.jpg
ROL1-RF5DS,https://www.sevenfive.co.th/files/product/original/PRD170928910039.jpg
ROL1-PID700,https://www.sevenfive.co.th/files/product/original/PRD6874990d358527ea58c28c60e7fab70f.jpg
ROL1-MF120R,https://www.sevenfive.co.th/files/product/original/PRD170928909947.jpg
ROL1-MAJESTIC-RB,https://www.sevenfive.co.th/files/product/original/PRDbaaf565326e2a3605c7e57f5358305f9.jpg
ROL1-FD80R,https://www.sevenfive.co.th/files/product/original/PRD170928909843.jpg
ROL1-FD50I,https://www.sevenfive.co.th/files/product/original/PRD17092890960.jpg
ROL1-CT3000,https://www.sevenfive.co.th/files/product/original/PRDf2ceb79777df2f5363c8f461459dd026.jpg
ROL1-CDE400,https://www.sevenfive.co.th/files/product/original/PRD170955817193.jpg
ROE2-59502,https://www.sevenfive.co.th/files/product/original/PRDdd0d50f26a5250f8feafe949ade62f4f.png
ROE2-39343,https://www.sevenfive.co.th/files/product/original/PRDd2e7cf665f9a60865953e52012dda866.jpg
ROE2-119204S,https://www.sevenfive.co.th/files/product/original/PRD55bb76e177cd783296c03aec4ecc18a5.jpg
ROE2-118292S,https://www.sevenfive.co.th/files/product/original/PRDff6ee9903420706d0ac0ca169051fa1c.jpg
ROE1-CL55-PUSHER-FEED-HEA,https://www.sevenfive.co.th/files/product/original/PRD177261675968.jpg
ROE1-BLIXER4-VVB,https://www.sevenfive.co.th/files/product/original/PRD17726167580.jpg
ROE1-BLIXER4-380V-50HZ-3P,https://www.sevenfive.co.th/files/product/original/PRD170953011989.jpg
ROE1-BLIXER2,https://www.sevenfive.co.th/files/product/original/PRD0030c1fd0b5bb67bca47e90352d20bfd.jpg
ROE1-BLIXER-4A-MONO-230-1,https://www.sevenfive.co.th/files/product/original/PRDe9606ff07f4f0bfe3424100f0b562400.jpg
ROB2-809948,https://www.sevenfive.co.th/files/product/original/PRD170937613282.jpg
ROB1-UDS30VP,https://www.sevenfive.co.th/files/product/original/PRD9ddfb82806743e74c83009282d097318.jpg
ROB1-UDS20VP,https://www.sevenfive.co.th/files/product/original/PRD170954434255.jpg
ROB1-HQ1200E,https://www.sevenfive.co.th/files/product/original/PRD170954164052.jpg
ROB1-F18,https://www.sevenfive.co.th/files/product/original/PRD170928909244.jpg
ROB1-F15,https://www.sevenfive.co.th/files/product/original/PRD170928909246.jpg
ROB1-F111,https://www.sevenfive.co.th/files/product/original/PRD170928909138.jpg
RAN1-EPOCA-E1-RED,https://www.sevenfive.co.th/files/product/original/PRD5a67857e9d971e87840ff514f77fffa6.jpg
RAN1-CLASSE6-S2-GR-GREY,https://www.sevenfive.co.th/files/product/original/PRD96de12218ffdc6e799d6a2ab56cb29bd.jpg
RAN1-CLASSE6-E2-GR-GREY,https://www.sevenfive.co.th/files/product/original/PRD61c96ffadf98f92a1f70306fa698d2ab.jpg
RAN1-AUDREY,https://www.sevenfive.co.th/files/product/original/PRD3de8e0e1d134d5c7af471afcc3bc9a96.jpg
PUJ1-710.032,https://www.sevenfive.co.th/files/product/original/PRD1e33f00175a89dcdc680256a30238e44.jpg
PUJ1-239.236,https://www.sevenfive.co.th/files/product/original/PRD028e70f4c397cf39c76e4a61f30b2645.jpg
PUJ1-239.036,https://www.sevenfive.co.th/files/product/original/PRD023e8bf38913bed4253b5903bfc561a1.jpg
PUJ1-235.000,https://www.sevenfive.co.th/files/product/original/PRDd57facfd2b37121815fde4264bbcb2d4.jpg
PUJ1-217.050,https://www.sevenfive.co.th/files/product/original/PRD7676c58fb3a33e23e8b5856e9b41e616.jpg
PUJ1-210.652,https://www.sevenfive.co.th/files/product/original/PRD2bb60c764f91fb9ce8e24a073f5d8d3c.jpg
PUJ1-210.402,https://www.sevenfive.co.th/files/product/original/PRDe333b6ff01d844bc5978bf24364fd1c2.jpg
PUJ1-149.120,https://www.sevenfive.co.th/files/product/original/PRD1d565b81816c9681dabdc09d6ccc5ec9.jpg
PUJ1-117.120,https://www.sevenfive.co.th/files/product/original/PRDecc60e5bb256db3774492c727062d73f.jpg
PRI1-123,https://www.sevenfive.co.th/files/product/original/PRD39d8b80eb896d6b56eb2880a388b8b31.jpg
PRC1-TK-SPTS10,https://www.sevenfive.co.th/files/product/original/PRDf56da4e3fa2d8f0d0648b72f3a3acbdc.jpg
PRC1-BSK-BRW7R,https://www.sevenfive.co.th/files/product/original/PRDa1058b50c82effcad29e3d21b720ffe4.jpg
PRC1-BSK-BRW5F,https://www.sevenfive.co.th/files/product/original/PRD11c2938bbebed6e53f5cff221782c3e1.jpg
PRC1-BK-MP36P,https://www.sevenfive.co.th/files/product/original/PRD1b47f84327c2dba755467e960398ba9c.jpg
PRC1-3S-15K,https://www.sevenfive.co.th/files/product/original/PRD2ee3aeeca441ee3a9fbb37df6a0d4305.png
PIM2-TW-32S-10,https://www.sevenfive.co.th/files/product/original/PRD175522661067.jpg
PIM2-TC12-22-27,https://www.sevenfive.co.th/files/product/original/PRD175738873597.jpg
PIM2-SM150000028,https://www.sevenfive.co.th/files/product/original/PRD176767909450.jpg
PIM2-SM-50L-60L-108,https://www.sevenfive.co.th/files/product/original/PRD176864106144.jpg
PIM2-SM-50L-60L-107,https://www.sevenfive.co.th/files/product/original/PRD176864106054.jpg
PIM2-SM-50L-211,https://www.sevenfive.co.th/files/product/original/PRD176889929552.jpg
PIM2-PMG-30L-WH-709,https://www.sevenfive.co.th/files/product/original/PRD176864105567.jpg
PIM2-JD180000030,https://www.sevenfive.co.th/files/product/original/PRD176767907572.jpg
PIM2-IM-50SC-003,https://www.sevenfive.co.th/files/product/original/PRD175522604420.jpg
PIM2-DOOR-SEAL,https://www.sevenfive.co.th/files/product/original/PRD175522574095.jpg
PIM2-CF4-SSA-NEW,https://www.sevenfive.co.th/files/product/original/PRD170937623758.jpg
PIM2-CF4-58MO-NEW,https://www.sevenfive.co.th/files/product/original/PRDeed128c5ecb1cd6bfd79e8828efc3185.png
PIM2-905040007,https://www.sevenfive.co.th/files/product/original/PRD986d11aef96d84b29dcdfaf60f1b8f8d.jpg
PIM2-302110091,https://www.sevenfive.co.th/files/product/original/PRD175705867539.jpg
PIM2-302110090+302110698,https://www.sevenfive.co.th/files/product/original/PRD175705867448.jpg
PIM2-302110089,https://www.sevenfive.co.th/files/product/original/PRD175705867172.jpg
PIM2-302100109,https://www.sevenfive.co.th/files/product/original/PRD175705866883.jpg
PIM2-302070056,https://www.sevenfive.co.th/files/product/original/PRD175522477936.jpg
PIM2-302020084,https://www.sevenfive.co.th/files/product/original/PRD175738864256.jpg
PIM2-301130011,https://www.sevenfive.co.th/files/product/original/PRD175705866261.jpg
PIM2-301120011,https://www.sevenfive.co.th/files/product/original/PRD175738862437.jpg
PIM2-301110027,https://www.sevenfive.co.th/files/product/original/PRD175705865774.jpg
PIM2-301110004,https://www.sevenfive.co.th/files/product/original/PRD175705865518.jpg
PIM2-301090061,https://www.sevenfive.co.th/files/product/original/PRD175705865484.jpg
PIM2-301040195,https://www.sevenfive.co.th/files/product/original/PRD4e7778963fda07fcdf78811944959b9b.jpg
PIM2-301040166,https://www.sevenfive.co.th/files/product/original/PRD17570586503.jpg
PIM2-301030151,https://www.sevenfive.co.th/files/product/original/PRD175705864869.jpg
PIM2-20210003007,https://www.sevenfive.co.th/files/product/original/PRD175705873244.jpg
PIM2-20210002201,https://www.sevenfive.co.th/files/product/original/PRD175705873160.jpg
PIM2-20210002007,https://www.sevenfive.co.th/files/product/original/PRD175705873016.jpg
PIM2-20209037012,https://www.sevenfive.co.th/files/product/original/PRD40cedeb78e47f0c0e558097ecc7ef5b3.png
PIM2-20110003401,https://www.sevenfive.co.th/files/product/original/PRD175705872923.jpg
PIM1-V-RL-FT-D300,https://www.sevenfive.co.th/files/product/original/PRDb496082240ab7303fbe52f642668199d.jpg
PIM1-S36-2,https://www.sevenfive.co.th/files/product/original/PRDddcc644d19b558c3bb4ef42cb508c789.jpg
PIM1-S24-2,https://www.sevenfive.co.th/files/product/original/PRD17092623457.jpg
PIM1-REF-8L-2,https://www.sevenfive.co.th/files/product/original/PRD175412323488.jpg
PIM1-NYGF300-RF,https://www.sevenfive.co.th/files/product/original/PRDbdec17c5d6846125eb6c9396a4e4b501.jpg
PIM1-FRZ15-2D-L-750MM,https://www.sevenfive.co.th/files/product/original/PRD175990075470.jpg
PIM1-CF4-58-10C,https://www.sevenfive.co.th/files/product/original/PRD3733c6559a36b991ee2dafea8eacc25d.jpg
PIM1-BLD-2200W-TP,https://www.sevenfive.co.th/files/product/original/PRD263e00d3aec7546de8ee6aa16b40ec26.jpg
OCG1-5P03422G0001,https://www.sevenfive.co.th/files/product/original/PRD176680542958.jpg
OCG1-1P03420,https://www.sevenfive.co.th/files/product/original/PRD175689045478.jpg
NTS2-EWB-24-029,https://www.sevenfive.co.th/files/product/original/PRD17563748637.jpg
NTS2-DR520-MIC,https://www.sevenfive.co.th/files/product/original/PRD175637485665.jpg
NTS2-DR520-690,https://www.sevenfive.co.th/files/product/original/PRD17563748559.jpg
NTS2-DR520-670,https://www.sevenfive.co.th/files/product/original/PRD175637485434.jpg
NTS2-DR520-260,https://www.sevenfive.co.th/files/product/original/PRD175637485319.jpg
NTS2-DR520-250,https://www.sevenfive.co.th/files/product/original/PRD175637485321.jpg
NTS2-CED-7L-PC-03,https://www.sevenfive.co.th/files/product/original/PRD175637484842.jpg
NTS1-WIN1-8,https://www.sevenfive.co.th/files/product/original/PRD5a3d41f1437eea77d214edb92323b9fd.jpg
NTS1-WIN1-6,https://www.sevenfive.co.th/files/product/original/PRDb38938447376fd83df3a402d5335db5e.jpg
NTS1-WIN1-5,https://www.sevenfive.co.th/files/product/original/PRDced4759ec67744288dbfd3a896cfe776.jpg
NTS1-WIN1-2,https://www.sevenfive.co.th/files/product/original/PRDcddc23dcb979295b13e9f0037129c7b6.jpg
NTS1-WIN1-18,https://www.sevenfive.co.th/files/product/original/PRD956cfbe5c9846c98a58220fac4643c0e.jpg
NTS1-WIN1-1,https://www.sevenfive.co.th/files/product/original/PRD0754afcd40d2998280b28c0443ca0ff2.jpg
NTS1-TUL1-3,https://www.sevenfive.co.th/files/product/original/PRDccddfcdb5af8456a018825c6f12d6491.jpg
NTS1-TUL1-18,https://www.sevenfive.co.th/files/product/original/PRD3855958b1bc20ade962e970070073cc8.jpg
NTS1-TUL1-17,https://www.sevenfive.co.th/files/product/original/PRD4bfc62e8c4bfa1e3eb92d9fbf527f634.jpg
NTS1-TUL1-12,https://www.sevenfive.co.th/files/product/original/PRDd30462eb9e2605dbaa8b0d26957c7eb0.jpg
NTS1-TUL1-1,https://www.sevenfive.co.th/files/product/original/PRD89095202d43ba1addd30334a9884c2cd.jpg
NTS1-TABS-B8,https://www.sevenfive.co.th/files/product/original/PRD175196519923.jpg
NTS1-TABS-B6,https://www.sevenfive.co.th/files/product/original/PRD175196519891.jpg
NTS1-TABS-B12,https://www.sevenfive.co.th/files/product/original/PRD175196519883.jpg
NTS1-TABS-B10,https://www.sevenfive.co.th/files/product/original/PRD175196519812.jpg
NTS1-SPL-AL-22H,https://www.sevenfive.co.th/files/product/original/PRD170937939939.jpg
NTS1-SPL-AL-18,https://www.sevenfive.co.th/files/product/original/PRD175196519157.jpg
NTS1-SNP20023,https://www.sevenfive.co.th/files/product/original/PRD830678441c72803a516743f3cc0663f6.jpg
NTS1-SN9222,https://www.sevenfive.co.th/files/product/original/PRD175196518736.jpg
NTS1-SN9111,https://www.sevenfive.co.th/files/product/original/PRD170937938167.jpg
NTS1-SN60265,https://www.sevenfive.co.th/files/product/original/PRD175411714816.jpg
NTS1-SN2897,https://www.sevenfive.co.th/files/product/original/PRD170937919461.jpg
NTS1-SN1594,https://www.sevenfive.co.th/files/product/original/PRD170937917676.jpg
NTS1-SN1084,https://www.sevenfive.co.th/files/product/original/PRD175411711129.jpg
NTS1-SKI-BK,https://www.sevenfive.co.th/files/product/original/PRDa4483f635fac232f7bc1fe6509e8d79d.jpg
NTS1-SGB-TH,https://www.sevenfive.co.th/files/product/original/PRD17519651605.jpg
NTS1-SAK1-5,https://www.sevenfive.co.th/files/product/original/PRDa35bb651230ff6ed60ebaecf4017da26.jpg
NTS1-SAK1-33,https://www.sevenfive.co.th/files/product/original/PRD347dbf2f09d6c50c19c7a0e753961965.jpg
NTS1-RO-11L-1,https://www.sevenfive.co.th/files/product/original/PRDd2cada98a78e579530d62f23990375f5.jpg
NTS1-PPR-9,https://www.sevenfive.co.th/files/product/original/PRD170937890552.jpg
NTS1-PMN300450-1,https://www.sevenfive.co.th/files/product/original/PRD5f13d279285448f575abe87927c00a1d.jpg
NTS1-PH09-1300-CL,https://www.sevenfive.co.th/files/product/original/PRD175411704643.jpg
NTS1-NOV1-17,https://www.sevenfive.co.th/files/product/original/PRD4f5870021b5928090802d8dc0f2d65bf.jpg
NTS1-NOV1-1,https://www.sevenfive.co.th/files/product/original/PRD6d34167b221380b1267a792953d860f5.jpg
NTS1-NOA1-5,https://www.sevenfive.co.th/files/product/original/PRD6e6a6b52233718b562898c0a00ab9bdb.jpg
NTS1-NOA1-4,https://www.sevenfive.co.th/files/product/original/PRD818411f38ac5ea927b1347b9a0c85974.jpg
NTS1-NAJ1-9,https://www.sevenfive.co.th/files/product/original/PRD29a9fa21c899220dfebd1c4693634468.jpg
NTS1-NAJ1-4,https://www.sevenfive.co.th/files/product/original/PRD9bd2c52020ddc8e81007cf06ca7db4da.jpg
NTS1-NAJ1-2,https://www.sevenfive.co.th/files/product/original/PRDff1c8a7e9df07093783ca1bd5b3ee6b5.jpg
NTS1-MTZ-S,https://www.sevenfive.co.th/files/product/original/PRD170937877077.jpg
NTS1-MLK-R,https://www.sevenfive.co.th/files/product/original/PRD170954433124.jpg
NTS1-MLK-200,https://www.sevenfive.co.th/files/product/original/PRD170954432932.jpg
NTS1-MBF40-C,https://www.sevenfive.co.th/files/product/original/PRD175411704037.jpg
NTS1-LUGC18-SSR(H),https://www.sevenfive.co.th/files/product/original/PRD3a046ffeb042211a4524b9e9b0b3f5c8.jpg
NTS1-LS08-CP2,https://www.sevenfive.co.th/files/product/original/PRD175188001638.jpg
NTS1-KNSP-12WH,https://www.sevenfive.co.th/files/product/original/PRD170937873737.jpg
NTS1-KAN1-12,https://www.sevenfive.co.th/files/product/original/PRD7049442db3ffeac601b9bf50b42226cf.jpg
NTS1-ISC1-9,https://www.sevenfive.co.th/files/product/original/PRDaa559c344f2876e45e6e21ef14e10cd2.jpg
NTS1-ISC1-17,https://www.sevenfive.co.th/files/product/original/PRD289c085cc016ece57549492ef3b44f1e.jpg
NTS1-HLCR3C-W-OHD,https://www.sevenfive.co.th/files/product/original/PRD175412053787.jpg
NTS1-HL2SS-RB,https://www.sevenfive.co.th/files/product/original/PRDa3c019e9d8bda0584216156425c0aa0b.jpg
NTS1-HL1SS-HSB,https://www.sevenfive.co.th/files/product/original/PRD86b9a8f178e7666f823228727dfbab18.jpg
NTS1-GN11150-Y,https://www.sevenfive.co.th/files/product/original/PRD175412053526.jpg
NTS1-FR-1211-9L,https://www.sevenfive.co.th/files/product/original/PRD175411702029.jpg
NTS1-FAB1-6,https://www.sevenfive.co.th/files/product/original/PRDe99e3f2b235af73e52aef6db33b7e86e.jpg
NTS1-FAB1-5,https://www.sevenfive.co.th/files/product/original/PRDfeaa14da540538960ce44f679f0506b0.jpg
NTS1-FAB1-27,https://www.sevenfive.co.th/files/product/original/PRD29a506b68cab73d54e8987ec1d0403f4.jpg
NTS1-FAB1-2,https://www.sevenfive.co.th/files/product/original/PRD95e37180901f5f204e84b53f2ca60ccc.jpg
NTS1-DB-H120-DRG,https://www.sevenfive.co.th/files/product/original/PRDe6c287de80264de7aa773d795ac7fe8d.jpg
NTS1-CSSAH-18,https://www.sevenfive.co.th/files/product/original/PRD170937859218.jpg
NTS1-CSSA-D120H75,https://www.sevenfive.co.th/files/product/original/PRD91001340d343cb6784be9f46b20eb285.jpg
NTS1-CSSA-D120H50,https://www.sevenfive.co.th/files/product/original/PRD175411698965.jpg
NTS1-COL1-3,https://www.sevenfive.co.th/files/product/original/PRD82e53fb409fd0223af6229f0bebf1f63.jpg
NTS1-CDHR-700W,https://www.sevenfive.co.th/files/product/original/PRD175411698278.jpg
NTS1-CD-IN60-L1,https://www.sevenfive.co.th/files/product/original/PRD175411697927.jpg
NTS1-CD-E9L-1,https://www.sevenfive.co.th/files/product/original/PRDb92ba0215a8bb41e9e4bafd356084816.jpg
NTS1-CD-6L-01,https://www.sevenfive.co.th/files/product/original/PRD175222815754.jpg
NTS1-CD-618-6L,https://www.sevenfive.co.th/files/product/original/PRD175222815685.jpg
NTS1-CD-11L-RO,https://www.sevenfive.co.th/files/product/original/PRD739de88b53ad362769d017064f8bd0bc.jpg
NTS1-CBR-18,https://www.sevenfive.co.th/files/product/original/PRD170928747650.jpg
NTS1-CAR1-3,https://www.sevenfive.co.th/files/product/original/PRD4b1513e20a053326fdc492734b09795e.jpg
NTS1-CAR1-28,https://www.sevenfive.co.th/files/product/original/PRD808faa422add5f42a10e074329585b29.jpg
NTS1-CAD1-6,https://www.sevenfive.co.th/files/product/original/PRD6426d25e639fba831426718d00681b52.jpg
NTS1-BSP-9,https://www.sevenfive.co.th/files/product/original/PRD170969751526.jpg
NTS1-BSP-12,https://www.sevenfive.co.th/files/product/original/PRD170969751523.jpg
NTS1-BOT-B5,https://www.sevenfive.co.th/files/product/original/PRD175196509282.jpg
NTS1-BOT-B4,https://www.sevenfive.co.th/files/product/original/PRD175196509129.jpg
NTS1-BH-CRS12,https://www.sevenfive.co.th/files/product/original/PRD170928705648.jpg
NTS1-BH-CRM11,https://www.sevenfive.co.th/files/product/original/PRD170928705298.jpg
NTS1-BH-CRM07,https://www.sevenfive.co.th/files/product/original/PRD170928705163.jpg
NTS1-BH-CRM06,https://www.sevenfive.co.th/files/product/original/PRD17092870515.jpg
NTS1-BH-CRM04,https://www.sevenfive.co.th/files/product/original/PRD170928705060.jpg
NTS1-BH-CRM03B,https://www.sevenfive.co.th/files/product/original/PRD170928705048.jpg
NTS1-BH-CRM03,https://www.sevenfive.co.th/files/product/original/PRD170928704969.jpg
NTS1-BH-CRM02,https://www.sevenfive.co.th/files/product/original/PRD170928704916.jpg
NTS1-BH-CRM01,https://www.sevenfive.co.th/files/product/original/PRD170928704823.jpg
NTS1-ALI1-3,https://www.sevenfive.co.th/files/product/original/PRD9678205a4690c3ea18cbf7b7b85f68f9.jpg
NTS1-ALI1-2,https://www.sevenfive.co.th/files/product/original/PRDf8b10cbe2d0904e12211a75706ea0e6b.jpg
NTS1-ALI1-11-1,https://www.sevenfive.co.th/files/product/original/PRDe8e35988483a2233efa5b6e0250d89a6.jpg
NTS1-ALI1-11,https://www.sevenfive.co.th/files/product/original/PRDbe6a7b8d5e88a088b926ed521d14f5ce.jpg
MMT2-59004077,https://www.sevenfive.co.th/files/product/original/PRD170937175613.jpg
MID2-72491,https://www.sevenfive.co.th/files/product/original/PRD7e3f413f1d35d3bd3e36580b453cd03c.png
MID2-68909,https://www.sevenfive.co.th/files/product/original/PRD170937169147.jpg
MID2-67857,https://www.sevenfive.co.th/files/product/original/PRDcc4bb9a15e3a458ddab1b168347a26e3.jpg
MID2-1508,https://www.sevenfive.co.th/files/product/original/PRD61ac437b5776c60e06e111722145f759.png
MBM2-RTCU800181,https://www.sevenfive.co.th/files/product/original/PRDdf0f4b5bab7be88aef724b502049c56d.jpg
MBM2-175327,https://www.sevenfive.co.th/files/product/original/PRD170937140211.jpg
MBM1-MFTG77TLR,https://www.sevenfive.co.th/files/product/original/PRD01ab16373258358a7dc24c1990e6f1e5.jpg
LKK2-TC42-5-8,https://www.sevenfive.co.th/files/product/original/PRD175653894278.jpg
LKK2-PCP038,https://www.sevenfive.co.th/files/product/original/PRD170937107084.jpg
LKK2-PCP019D,https://www.sevenfive.co.th/files/product/original/PRD170937088758.jpg
LKK2-IND350S-6,https://www.sevenfive.co.th/files/product/original/PRD175653885259.jpg
LKK2-DOOR(LK-PL),https://www.sevenfive.co.th/files/product/original/PRD45ba08c3ef025cd711c89acf5d10fe71.jpg
LKK2-B20F(K)-14,https://www.sevenfive.co.th/files/product/original/PRD175653872931.jpg
LKK2-B20B-34,https://www.sevenfive.co.th/files/product/original/PRD175653871799.jpg
LKK1-HS80(D),https://www.sevenfive.co.th/files/product/original/PRD176975736227.jpg
LKK1-HS50A,https://www.sevenfive.co.th/files/product/original/PRD176975736212.jpg
LKK1-EF-101,https://www.sevenfive.co.th/files/product/original/PRD17697573596.jpg
LCO1-BATHIDOR-500-30,https://www.sevenfive.co.th/files/product/original/PRD176975735186.jpg
LAC2-936960020F,https://www.sevenfive.co.th/files/product/original/PRD95be296acd752b03ec7f0ec8ccc7f907.jpg
LAC2-803190016,https://www.sevenfive.co.th/files/product/original/PRDea6010b84c535c4c5719e5a71dca908f.jpg
LAC2-533894500R,https://www.sevenfive.co.th/files/product/original/PRD17a0c7d39e701b6c585bf960e04d48b3.jpg
LAC2-533795610,https://www.sevenfive.co.th/files/product/original/PRD170937051035.jpg
LAC2-465603000,https://www.sevenfive.co.th/files/product/original/PRD170937043074.jpg
LAC2-465339020,https://www.sevenfive.co.th/files/product/original/PRD5cd3773bcc1b7a30751df566228d87b2.jpg
LAC2-465318000,https://www.sevenfive.co.th/files/product/original/PRD01e4282fe8ece90e57c847bc5da915fe.jpg
LAC2-465303020,https://www.sevenfive.co.th/files/product/original/PRDc66920b702e181ff3c6494b147b052b2.jpg
LAC2-465027021,https://www.sevenfive.co.th/files/product/original/PRDb860611841b1947af91bf864ce7280e2.jpg
LAC2-457362000,https://www.sevenfive.co.th/files/product/original/PRD2f2c289ca648d3a104721511a91bf445.jpg
KLT1-KSCRAPESLOT76X86,https://www.sevenfive.co.th/files/product/original/PRD850a88b3928fc5df7440b0362806f6a9.png
JTA2-302150225,https://www.sevenfive.co.th/files/product/original/PRD17093764714.jpg
JTA2-302150206,https://www.sevenfive.co.th/files/product/original/PRD175637482529.jpg
JTA2-302090027,https://www.sevenfive.co.th/files/product/original/PRDbda2ca3d451ea56e9734e2eb53385a37.png
JTA2-302070268,https://www.sevenfive.co.th/files/product/original/PRD175522445681.jpg
JTA2-301110144,https://www.sevenfive.co.th/files/product/original/PRDefdb9e7260e6ac6a4d112127a850e3b2.png
JTA2-301040230,https://www.sevenfive.co.th/files/product/original/PRD866a2893a2ec2f8806bdff2db81cc816.png
JTA2-301030111,https://www.sevenfive.co.th/files/product/original/PRDfa47ecc75a092617ae83c44149e88cb6.png
JTA2-301020034,https://www.sevenfive.co.th/files/product/original/PRD6a3e5ef648a1f8176ddbad9fae6e199b.png
JTA2-301010204,https://www.sevenfive.co.th/files/product/original/PRD175522411871.jpg
JTA2-20210003805,https://www.sevenfive.co.th/files/product/original/PRD175637482052.jpg
JTA1-TBM-2,https://www.sevenfive.co.th/files/product/original/PRD175204850648.jpg
JTA1-DR-3,https://www.sevenfive.co.th/files/product/original/PRD175204849810.jpg
JTA1-6ATS-A,https://www.sevenfive.co.th/files/product/original/PRD17520484971.jpg
HAT2-X021333500,https://www.sevenfive.co.th/files/product/original/PRDf3f189444dc578fe554b62bd3d2d2e57.png
HAT2-X020127000,https://www.sevenfive.co.th/files/product/original/PRD170936981669.jpg
HAT2-053006800,https://www.sevenfive.co.th/files/product/original/PRD170936979598.jpg
HAT1-RED,https://www.sevenfive.co.th/files/product/original/PRD15dc237a3542c5302dff53c14071a14c.png
HAM2-990314701,https://www.sevenfive.co.th/files/product/original/PRDc9fec5d224d920c37c20bdefa6be9e59.jpg
HAM2-990263300,https://www.sevenfive.co.th/files/product/original/PRD170936969186.jpg
HAM2-990142800,https://www.sevenfive.co.th/files/product/original/PRD3fcecffbb384d5ba2d233758982efc5b.jpg
HAM2-990114100,https://www.sevenfive.co.th/files/product/original/PRD170936955821.jpg
HAM2-910193910,https://www.sevenfive.co.th/files/product/original/PRD170936894239.jpg
HAM2-31279110000,https://www.sevenfive.co.th/files/product/original/PRD170936891498.jpg
HAM1-6126-255S-CE,https://www.sevenfive.co.th/files/product/original/PRD3bccb16da504f94304a592d7b04fe50a.jpg
FUJ1-10L,https://www.sevenfive.co.th/files/product/original/PRD176975735013.jpg
ETF2-HC136860,https://www.sevenfive.co.th/files/product/original/PRD170937662232.jpg
EKA1-KF-966-UD-PA,https://www.sevenfive.co.th/files/product/original/PRD170953546888.jpg
DEX1-19703Y,https://www.sevenfive.co.th/files/product/original/PRD176975734870.jpg
DEX1-18193Y,https://www.sevenfive.co.th/files/product/original/PRD6a18ff5762e5abf5934abd1ee3398646.jpg
CTX2-68310,https://www.sevenfive.co.th/files/product/original/PRD170936822898.jpg
CTX2-67872,https://www.sevenfive.co.th/files/product/original/PRD170936822594.jpg
CTP1-GS-30514-115-WH,https://www.sevenfive.co.th/files/product/original/PRD170969740187.jpg
CTP1-GS-10922-60-BK,https://www.sevenfive.co.th/files/product/original/PRD175290670260.jpg
COG2-DEI36N,https://www.sevenfive.co.th/files/product/original/PRD175653864368.jpg
COG2-927322,https://www.sevenfive.co.th/files/product/original/PRD41be25b2c9026122366e16f363df5f7a.png
COG2-75864,https://www.sevenfive.co.th/files/product/original/PRD175653858712.jpg
COG2-69016,https://www.sevenfive.co.th/files/product/original/PRD175937513068.jpg
COG2-65928,https://www.sevenfive.co.th/files/product/original/PRD17093680202.jpg
COG2-65811,https://www.sevenfive.co.th/files/product/original/PRD17565385532.jpg
COG2-456073,https://www.sevenfive.co.th/files/product/original/PRD17565385381.jpg
COG2-429079,https://www.sevenfive.co.th/files/product/original/PRDc2b215d32af95bc33c28668f1f972240.png
COG2-429073,https://www.sevenfive.co.th/files/product/original/PRD6eafb8913bb006e84e4ad372073bbf1e.jpg
COG2-429011,https://www.sevenfive.co.th/files/product/original/PRD94485e413423f4afc2019fd69a3840b6.png
COG2-143235,https://www.sevenfive.co.th/files/product/original/PRDbd9279d59855bca47bc9b23db14beb72.png
COG2-124057,https://www.sevenfive.co.th/files/product/original/PRD978a152c0650763eb7d2275cc6f7daac.jpg
COG2-121147,https://www.sevenfive.co.th/files/product/original/PRD175653841261.jpg
COG1-STEELTECH18-00,https://www.sevenfive.co.th/files/product/original/PRD333904cd096a40ec33f29d60e97ad85b.jpg
CHF1-800FG17,https://www.sevenfive.co.th/files/product/original/PRDcce91b38aea02ca55e5dbeb47b3262d8.jpg
CEC2-C359A,https://www.sevenfive.co.th/files/product/original/PRD5729a686e34b372f49ace9f18f86be60.png
CEC1-98000,https://www.sevenfive.co.th/files/product/original/PRD170954424014.jpg
CAS2-958071000,https://www.sevenfive.co.th/files/product/original/PRD175653838399.jpg
CAS2-4061016677,https://www.sevenfive.co.th/files/product/original/PRD170937693294.jpg
CAM1-UPCS140-480,https://www.sevenfive.co.th/files/product/original/PRD98d4787f02bfe2dbfa4820c2071e54e1.jpg
CAM1-UPC400-401,https://www.sevenfive.co.th/files/product/original/PRD9a84dec718f6a1cc399371c05be01856.jpg
CAM1-SRB5CW-135,https://www.sevenfive.co.th/files/product/original/PRDfbebdb0f13c5f5b4f0dc18102f3afd1e.jpg
CAM1-RSB12CW-110,https://www.sevenfive.co.th/files/product/original/PRD1511ba42ec3d5fbec247b5003aa23490.png
CAM1-RSB1014CW-110,https://www.sevenfive.co.th/files/product/original/PRDc2ad692f1c89d70623a886f7c4e565d3.png
CAM1-RFSCW12-135,https://www.sevenfive.co.th/files/product/original/PRDd307bd29da3b181c773d2a84195fdc8f.jpg
CAM1-PT1216-167,https://www.sevenfive.co.th/files/product/original/PRD54329453365da50712202922c701f056.jpg
CAM1-PT1100-167,https://www.sevenfive.co.th/files/product/original/PRD304d537ee525fee19122cdefb3508693.jpg
CAM1-PCU2000HC4-615,https://www.sevenfive.co.th/files/product/original/PRD9f4dbbb266c190da26b4fa4367620170.jpg
CAM1-P60CW-135,https://www.sevenfive.co.th/files/product/original/PRD8af2eb97f5686761526135b96ce6b392.jpg
CAM1-LCDCH10-194,https://www.sevenfive.co.th/files/product/original/PRD6625ef9284deac1869fb0487f80f629d.jpg
CAM1-EXU243672V4-480,https://www.sevenfive.co.th/files/product/original/PRD0ac9dbb25dec53af3188a25cebd519e8.jpg
CAM1-ESU184830V2-580,https://www.sevenfive.co.th/files/product/original/PRD4c40d499437f3e2fbdb345aa0dd15d9b.jpg
CAM1-ESU183672-580,https://www.sevenfive.co.th/files/product/original/PRDf8f720737c26f8d60f9a4340e94a3c8d.png
CAM1-EPP400-110,https://www.sevenfive.co.th/files/product/original/PRDb1b8423d602be37e889897c93fa30a27.jpg
CAM1-EPP180-110,https://www.sevenfive.co.th/files/product/original/PRD4afa5fd314df7926d2a2cc19725a3f9e.jpg
CAM1-EPCT18-580,https://www.sevenfive.co.th/files/product/original/PRDc68371bca81b81f105c37a3afe7f3941.jpg
CAM1-EMTD8-580,https://www.sevenfive.co.th/files/product/original/PRD54de9e236d12450165960594f762eef9.jpg
CAM1-CSDDC5-151,https://www.sevenfive.co.th/files/product/original/PRD7fda39466207011fe64cb971409998d4.jpg
CAM1-CSDDC245-151,https://www.sevenfive.co.th/files/product/original/PRD670ead306b053c163894f94d8ce9867c.jpg
CAM1-CPMU244875V4-480,https://www.sevenfive.co.th/files/product/original/PRDb06ecfa8d0f744e2d123d8c52eaa21f4.jpg
CAM1-CP15-110,https://www.sevenfive.co.th/files/product/original/PRD268d014421eed019388eddc9a83c71a3.jpg
CAM1-CLRSB16-480,https://www.sevenfive.co.th/files/product/original/PRD9882942122c6dc6153545628cc651381.jpg
CAM1-CBSK2436VS5-580,https://www.sevenfive.co.th/files/product/original/PRDc8551d11c6e9a95f3b21268c0a2ca319.jpg
CAM1-CBSK2436VS4-580,https://www.sevenfive.co.th/files/product/original/PRDd1e7d1a7f48d052e33f3f9b4b16c9606.jpg
CAM1-CBSK2436V5-580,https://www.sevenfive.co.th/files/product/original/PRDa9e80f05f8453e126a86647c2e65e9fe.jpg
CAM1-CBSK2436S5-580,https://www.sevenfive.co.th/files/product/original/PRD6adbdf93430479c5986bd7ecf55d1197.jpg
CAM1-CBSK2430V1-580,https://www.sevenfive.co.th/files/product/original/PRD839dc180b93766b77a902ea14bd3ae72.jpg
CAM1-CBSK2430S1-580,https://www.sevenfive.co.th/files/product/original/PRD2c2f6ffde310eacc5e831a15138e618a.jpg
CAM1-CBR2448-151,https://www.sevenfive.co.th/files/product/original/PRD41198ccbe59123b558c6e895794d3d38.jpg
CAM1-BC11TC-131,https://www.sevenfive.co.th/files/product/original/PRDa3ad82183f759dba9f8b44a62fa85020.jpg
CAM1-978SFVS-197,https://www.sevenfive.co.th/files/product/original/PRD40b8b6a19c399ebe3bb5aa7390d14c10.jpg
CAM1-913VS-197,https://www.sevenfive.co.th/files/product/original/PRDcbd04aa73c0528a2971ee1bf5aa41a7e.jpg
CAM1-911VS-191,https://www.sevenfive.co.th/files/product/original/PRDc93d02e535b2153f776ca5d5e6da2c9b.jpg
CAM1-36E2-151,https://www.sevenfive.co.th/files/product/original/PRD3049c2964cd7d440ea6310ecb5776a13.jpg
CAM1-3253CT-138,https://www.sevenfive.co.th/files/product/original/PRDa2f6bb5c429483245319ea8a0c3dbafc.jpg
CAM1-30CV1D-335,https://www.sevenfive.co.th/files/product/original/PRD8179815211a635973f5e253303902af8.jpg
CAM1-2900CT-138,https://www.sevenfive.co.th/files/product/original/PRDfd44a5662f99b66dfd76c5b12166fcaa.jpg
CAM1-2700CT-110,https://www.sevenfive.co.th/files/product/original/PRD25f699043994be6f1cd751da459fc2e5.jpg
CAM1-25E4-151,https://www.sevenfive.co.th/files/product/original/PRDffc698ff20ef785c3de154105958a4e8.jpg
CAM1-20C414-151,https://www.sevenfive.co.th/files/product/original/PRDf42acf3060fea36ecba12d50fa5f0361.jpg
CAM1-1950CT-138,https://www.sevenfive.co.th/files/product/original/PRDfb91ca0c3e30313ac81ed49111c41908.jpg
CAM1-1826DSCW-135,https://www.sevenfive.co.th/files/product/original/PRDe997bbfe3fef1e3afc7faf1b55f72b10.jpg
CAM1-18266CW-464,https://www.sevenfive.co.th/files/product/original/PRDeeadf356996da46e4f42ff143ee5dbce.png
CAM1-16E5-151,https://www.sevenfive.co.th/files/product/original/PRDd8bf6897298008127cbe2d37f56a746a.jpg
CAM1-16C414-151,https://www.sevenfive.co.th/files/product/original/PRD096ff7fb386add2cd7ba3e8b8a9d8e67.jpg
CAM1-1520CWNSH-488,https://www.sevenfive.co.th/files/product/original/PRD586619471fb27a752c88784e21eaebf6.jpg
CAM1-1216ET-110,https://www.sevenfive.co.th/files/product/original/PRDc98f3fedc7870c1c26011202ede2e2ca.jpg
CAM1-1200CW-152,https://www.sevenfive.co.th/files/product/original/PRDf66fee605fdc1a8673f7eb8f3af65e1a.jpg
CAM1-116VS-197,https://www.sevenfive.co.th/files/product/original/PRD022032cdd09908542d9889927ff8de28.jpg
CAM1-110GPVS-191,https://www.sevenfive.co.th/files/product/original/PRD0eb26e29fd45220324ff0f64160642c7.jpg
CAM1-10CW-148,https://www.sevenfive.co.th/files/product/original/PRDc469964c52646f3d670a1b56e5399a76.png
CAM1-105VS-191,https://www.sevenfive.co.th/files/product/original/PRDa3605932c47f096b3af45c7e0630b530.jpg
CAM1-103VS-191,https://www.sevenfive.co.th/files/product/original/PRD81cbe3ece411dc25465ae628f00d5c5c.jpg
CAM1-1014ET-167,https://www.sevenfive.co.th/files/product/original/PRD8cd92cae2112b4258599e92b391f6e73.jpg
CAM1-100MCCW-135,https://www.sevenfive.co.th/files/product/original/PRDe19d4bc95453018a174ad8e004ca163b.jpg
CAM1-1000LCD-131,https://www.sevenfive.co.th/files/product/original/PRD68a1899fa3d077d1f85d94dd1ef295e6.jpg
CAM1-1000CW-152,https://www.sevenfive.co.th/files/product/original/PRD2c4d97e4daead4cb83589d0b9d902199.jpg
BRE1-54-501,https://www.sevenfive.co.th/files/product/original/PRD97ecdd141d2c7ce7201fef7a5f53b17d.jpg
BES2-35301400,https://www.sevenfive.co.th/files/product/original/PRDeb4face6f853f0980d56e5aa3a413302.png
BER2-LE-EAS10HL,https://www.sevenfive.co.th/files/product/original/PRD170936742440.jpg
BER2-CC-CKE-RCS4-N,https://www.sevenfive.co.th/files/product/original/PRD17565383387.jpg
BER2-3ARR3T6AC3,https://www.sevenfive.co.th/files/product/original/PRD170936852527.jpg
BER1-GG2BHRFS-17,https://www.sevenfive.co.th/files/product/original/PRDb565fd0f66b49b0b5df80d84c99082d8.jpg
BER1-GG2BFS-17,https://www.sevenfive.co.th/files/product/original/PRD09e757b9667697f3ea1c96b40d02a6d9.jpg
BER1-EG5250HR-17,https://www.sevenfive.co.th/files/product/original/PRD00657bc62912abe0fab85d72ab7c99a0.jpg
BER1-EG3500-17,https://www.sevenfive.co.th/files/product/original/PRD4579ad8e79dcadb1f03b97c074ab8beb.jpg
BER1-DRO4-17,https://www.sevenfive.co.th/files/product/original/PRD6b12f2028f0faec666e3b42afdd97eb8.jpg
BER1-DF12-17,https://www.sevenfive.co.th/files/product/original/PRD17095487791.jpg
BER1-CRB3BFS-17,https://www.sevenfive.co.th/files/product/original/PRD33c19794d5141be67377a29e52080274.jpg
BER1-BS3D-C7-Z-L(750),https://www.sevenfive.co.th/files/product/original/PRD318e932562a23e503a0be00655915913.jpg
BER1-BS3D-2C1-F7-Z-L(750),https://www.sevenfive.co.th/files/product/original/PRD090bcac2b471d7697c01f2e25f8142e9.jpg
BER1-BS-SW2D-L5(750),https://www.sevenfive.co.th/files/product/original/PRD6ce0d3dd216d17ffb1ec86bcd5c67b40.jpg
ASL2-HN-MB50,https://www.sevenfive.co.th/files/product/original/PRD170936851454.jpg
ASL1-IND-5000,https://www.sevenfive.co.th/files/product/original/PRD56bf9c85d39521f73b253b3a3c0bf1e7.jpg
ASL1-IND-3500W,https://www.sevenfive.co.th/files/product/original/PRDa7e11708f36780465aa0bb6284812116.jpg
ARS1-284604,https://www.sevenfive.co.th/files/product/original/PRD2e68e6f32657b769b6a9f33165b35348.jpg
ARS1-284204,https://www.sevenfive.co.th/files/product/original/PRDb488f8f838638dc6fb22f4a2926890ff.jpg
ARS1-281304,https://www.sevenfive.co.th/files/product/original/PRD4435e7222167a2bd33bfb13f543c68cf.jpg
ARS1-251500,https://www.sevenfive.co.th/files/product/original/PRD56cc1f2880420295395c4e8d13fa1097.jpg
ARC1-76969,https://www.sevenfive.co.th/files/product/original/PRD176861995057.jpg
ARC1-65537,https://www.sevenfive.co.th/files/product/original/PRD176861994459.jpg
ARC1-52719,https://www.sevenfive.co.th/files/product/original/PRD176861993329.jpg
ARC1-48201,https://www.sevenfive.co.th/files/product/original/PRD176861992915.jpg
ARC1-47066,https://www.sevenfive.co.th/files/product/original/PRD176861992797.jpg
ARC1-37439,https://www.sevenfive.co.th/files/product/original/PRD176861991915.jpg
ARC1-12714,https://www.sevenfive.co.th/files/product/original/PRD176861990841.jpg
ROE1-R5VVG-230-50-1-M,https://www.sevenfive.co.th/files/product/original/PRDf6e9f3eb0955f44db875ac0c445b55cc.jpg
ROL2-15245,https://www.sevenfive.co.th/files/product/original/PRDa36c7a546cf465eef3ae9e6678904037.jpg
SAN1-68J,https://www.sevenfive.co.th/files/product/original/PRD177276070297.jpg
NTS1-CD-401-6L2,https://www.sevenfive.co.th/files/product/original/PRD177276070256.jpg
SEV2-00387,https://www.sevenfive.co.th/files/product/original/PRD3547315d6ccd8347c9cf9f1eb0cc098e.jpg
ROE1-27248,https://www.sevenfive.co.th/files/product/original/PRDf09494a930785ce2aba87bff2be44d37.jpg
ROE1-28057,https://www.sevenfive.co.th/files/product/original/PRD1d1ba9894ed7862a69f0ab09e0430fe0.jpg
ROE1-28197,https://www.sevenfive.co.th/files/product/original/PRD8458242e89213498c69ead64c5519efa.jpg
ROE1-R30,https://www.sevenfive.co.th/files/product/original/PRDb74c2f58ca697b92326c01b4f7f0c9c3.jpg
ROL1-SEM800PDS,https://www.sevenfive.co.th/files/product/thumb_105145/PRDb1c253949ef4726eb29198b29fd312f5.jpg
HAM2-990035700,https://www.sevenfive.co.th/files/product/original/PRD170936946513.jpg
LKK2-BASKET(WF-101),https://www.sevenfive.co.th/files/product/original/PRDa2fd1869b59cd43143c8fbf6e06672be.jpg
ROE2-89002,https://www.sevenfive.co.th/files/product/original/PRDbb686d919fd0b98d8d397435436944f4.jpg
ROB2-PC0595,https://www.sevenfive.co.th/files/product/original/PRDed9249e75a58f33066057802a5967603.jpg
NTS1-PTTB-SS11GN,https://www.sevenfive.co.th/th/files/product/original/PRD56e83db2d5445f5cc2f317802c13b483.jpg
TBA2-SP99088304,https://www.sevenfive.co.th/files/product/original/PRD21c460b22e3aa3dd5a0b2e3805ac3b35.jpg
SEV2-00495,https://www.sevenfive.co.th/files/product/original/PRD570773095e6ff0426737c7cc79012778.jpg
PRC1-KK-HEXP10,https://www.sevenfive.co.th/files/product/original/PRD8de15086fcf8d6cf5e8483aead1682d5.jpg
BES2-31288600,https://www.sevenfive.co.th/files/product/original/PRDc666ac728d23b9cbcb62c2f5569c57f0.jpg
ROL1-FC340TQ,https://www.sevenfive.co.th/files/product/original/PRD84e398dce0d5297aa66cea7d10860735.jpg
HAM1-HSV1000-CE,https://www.sevenfive.co.th/files/product/original/PRD6def3a26256b0ecf501df7bc8656d8ca.jpg
PIM1-MME-450H-S,https://www.sevenfive.co.th/en/files/product/original/PRD0f867a48d7c27bce372d060496ec42d1.jpg
PIT2-60203002-CL,https://www.sevenfive.co.th/files/product/original/PRD161ca978bc038b1413957424b7b317e5.jpg
BER2-IC-VCM-V-PUMP,https://www.sevenfive.co.th/files/product/original/PRD175653835275.jpg
LIN2-CIBO-BT,https://www.sevenfive.co.th/files/product/original/PRD07a0b852aa5a2b30ad5b37d3c78ff759.jpg
LIN2-LT02,https://www.sevenfive.co.th/files/product/original/PRD3b457d475f6b52c7b673ae9a0e20a50a.jpg
LIN2-SH136,https://www.sevenfive.co.th/files/product/original/PRD16de40ec6709bb3a43fcf08dacceda47.jpg
VRM2-AR005-002-TS001,https://www.sevenfive.co.th/files/product/original/PRD2eacada7b9f4df51ce1c698fa187b2c4.jpg
PIM2-EDO-001,https://www.sevenfive.co.th/files/product/original/PRD175705860260.jpg
BER1-BJY-CG23,https://www.sevenfive.co.th/files/product/original/PRDc6839d3b7b6218c74e5ececd6f654542.jpg
SIR2-MF2215PS,https://www.sevenfive.co.th/files/product/original/PRD750e6dd4ed060956fd6b9753e970bcf5.jpg
KIT2-9704324,https://www.sevenfive.co.th/en/files/product/original/PRD412a9def37050045cd532999e4bb7c34.jpg
ROE1-R4A-TRI-400-50-3,https://www.sevenfive.co.th/files/product/original/PRD177164639027.jpg
ROE1-J80-ULTRA,https://www.sevenfive.co.th/files/product/original/PRD177164639052.jpg
ROE1-27321,https://www.sevenfive.co.th/files/product/original/PRD177164639050.jpg
ROE1-107810,https://www.sevenfive.co.th/files/product/original/PRD177164639096.jpg
NTS1-FUH-10,https://www.sevenfive.co.th/files/product/original/PRD795e881e3e10cbee7a40c90b17407578.jpg
NTS1-FUH-13,https://www.sevenfive.co.th/files/product/original/PRD795e881e3e10cbee7a40c90b17407578.jpg
NTS1-FUH-15,https://www.sevenfive.co.th/files/product/original/PRD795e881e3e10cbee7a40c90b17407578.jpg
LKK2-ELEMENT(LK-PL),https://www.sevenfive.co.th/en/files/product/thumb_600/PRD15bdcc5589525c1eccb1a717b7c03538.jpg
NTS1-BD-1800-2L,https://www.sevenfive.co.th/files/product/original/PRDc60c0f9033f8edc66506e7a2d4f86ba0.jpg
SAN2-37155P,https://www.sevenfive.co.th/files/product/original/PRDc2b02c16a3b432986c6857bb278119eb.jpg
KTC1-193-004,https://www.sevenfive.co.th/files/product/original/PRD256a716d83549fdc50327ab90450a40c.jpg
SIR1-PPJ6-220V,https://www.sevenfive.co.th/files/product/original/PRD7c85fa6f14d6f66ff4041c89906240c2.jpg
CAM1-PR59314151,https://www.sevenfive.co.th/files/product/original/PRDe32159c18c9b4c4f022c6559b4cc02d3.jpg
TBA1-TB6-1G-(900-MM),https://www.sevenfive.co.th/files/product/original/PRDf2f21edcabcdd8c4599890d0a3b37908.jpg
TBA1-KUF15-2D-2-L(750MM),https://www.sevenfive.co.th/files/product/original/PRD484a1fab3b3178dbf83a962f8ad66e93.jpg
LKK2-PCP018-3,https://www.sevenfive.co.th/files/product/original/PRD175653890019.jpg
TOP1-98-A,https://www.sevenfive.co.th/files/product/original/PRDc4c868b950f27da30a4e90d633fa530f.jpg
PIM1-GDO3-60A,https://www.sevenfive.co.th/files/product/original/PRD175412322969.jpg
PIM1-GDO3-60AS,https://www.sevenfive.co.th/files/product/original/PRD17541232302.jpg
PIM1-GDO2-40AS,https://www.sevenfive.co.th/files/product/original/PRD17541232299.jpg
RTN2-50.01.146,https://www.sevenfive.co.th/files/product/original/PRD52c42fa7136afdb383ad701aa9f041c6.jpg
PIM2-URN-HEATING-ELEMENT,https://www.sevenfive.co.th/files/product/original/PRD175522662511.jpg
ROE1-R2-A-D,https://www.sevenfive.co.th/files/product/original/PRD7dd7e278e82597f5a569f4e5a268b39f.jpg
HAM1-6126-400-CE,https://www.sevenfive.co.th/files/product/original/PRDf03316a660b480b7598fe7db359b90b2.jpg
SIR1-ALICE250,https://www.sevenfive.co.th/files/product/original/PRDdf8dfd5ef1969ce0b38e9773db4a1f62.jpg
ROB1-WA132,https://www.sevenfive.co.th/files/product/original/PRD4d8b156cb1a2ff5f07348a21b1b9ff0b.jpg
ROB2-MC1115,https://www.sevenfive.co.th/files/product/original/PRDac7cc01f921daf222c427c270acf0894.jpg
NTS2-HL-102,https://www.sevenfive.co.th/files/product/original/PRD730dba10f56f9f5c4940c33cfaeaab31.jpg
PIM2-DR520-SPRUK,https://www.sevenfive.co.th/files/product/original/PRD5c5639f31bdf8b544c6a82be10dfb8e7.jpg
SIR2-19511245,https://www.sevenfive.co.th/files/product/original/PRD365dc32342464795c2d968776422438f.jpg
SIR2-IX2125006,https://www.sevenfive.co.th/files/product/original/PRD957e1acd27a6fa0c40c3910356bf1ff4.jpg
PIM1-MSS-10H,https://www.sevenfive.co.th/files/product/original/PRD273c4648a5bcb624720df2f5e29f30aa.jpg
HAM1-HVC254-CE,https://www.sevenfive.co.th/files/product/original/PRD0aca0cbe932bc35774cd4ec73e0959e4.jpg
CAM1-18266CW-135,https://www.sevenfive.co.th/files/product/original/PRD8f0e5f02a22437fd3a4bac27db6bfb88.jpg
ROB1-URN10,https://www.sevenfive.co.th/files/product/original/PRD1bb65b54244336e6227196165ba6949c.jpg
SIR1-PPJ10-1PH,https://www.sevenfive.co.th/files/product/original/PRDd2d026b9418be7ebd5b555d641d13bd4.jpg
SIR2-LF1010001,https://www.sevenfive.co.th/files/product/original/PRD71ed2baa378f1fb129aaf1f03bf4a1ff.jpg
NTS1-TRAY-S-K,https://www.sevenfive.co.th/files/product/original/PRD176785876761.jpg
HAM2-31319900000,https://www.sevenfive.co.th/files/product/original/PRDc991390d08b9a8e881039877e0fd8de4.jpg
SIR1-SOFTCOOKER-XP-SR-1-1,https://www.sevenfive.co.th/files/product/original/PRDfc9fb550a3fd6fe0cc3e1ed80352b773.jpg
SIR1-SOFTCOOKER-WI-FOOD,https://www.sevenfive.co.th/files/product/original/PRD170928923281.jpg
ROB2-WA132,https://www.sevenfive.co.th/files/product/original/PRD9b4b50e09d3e24fe61cf61b0d1acfdcd.jpg
ROE2-59364,https://www.sevenfive.co.th/files/product/original/PRD5c2e492c737c29df43044d7d19c7f160.jpg
HAM2-990390800,https://www.sevenfive.co.th/files/product/original/PRD4689bd6f56e4b76b4dc343a4fe1aad08.jpg
SIR2-19563008,https://www.sevenfive.co.th/files/product/original/PRD544d92ff51217fca9a019d60d46266cc.jpg
SIR2-IW2071250004,https://www.sevenfive.co.th/files/product/original/PRD7fc8a86c4896ba8bff121be56758c22e.jpg
SIR1-SO1650-F3-MN,https://www.sevenfive.co.th/files/product/original/PRD95f66d96e17c793ba05641a0fbc9f447.jpg
SIR1-TC32-COLORADO-380V,https://www.sevenfive.co.th/files/product/original/PRD122c06defdb05222c4da2ecbbbf67826.jpg
SIR1-28180077,https://www.sevenfive.co.th/files/product/original/PRD574c18efe81054b635542876e688bf1d.jpg
PIM1-GDO1-20AS,https://www.sevenfive.co.th/files/product/original/PRD175412322785.jpg
PIM1-GDO1-20A,https://www.sevenfive.co.th/files/product/original/PRD175412322639.jpg
ROE1-BLIXER60,https://www.sevenfive.co.th/files/product/original/PRD7d29103300605ac33a2842b094603aae.jpg
SIR1-C-TRONIC-6-VT,https://www.sevenfive.co.th/files/product/original/PRD177036999527.jpg
SIR1-C-TRONIC-9-VT-CE,https://www.sevenfive.co.th/files/product/original/PRD177036999667.jpg
BER1-SF-1300-40-5,https://www.sevenfive.co.th/files/product/original/PRD7f07b93f35ab6d657631874bd4be4375.jpg
BER1-SF-1800-40-10,https://www.sevenfive.co.th/files/product/original/PRDb4dd77bf33fa6ad3ffd86efe7f85bef9.jpg
SIR1-EKTOR-37,https://www.sevenfive.co.th/files/product/original/PRD124b2f29bafac9715e0cb8c71ea24dd6.jpg
SIR1-TC8-VEGAS,https://www.sevenfive.co.th/files/product/original/PRDf0a72487ddd218003c026753d09e0784.jpg
SIR1-STORM-VV,https://www.sevenfive.co.th/files/product/original/PRDdc05fde20bb6fc3d37a4e408a7eea48c.jpg
CAM1-UPR6040XH9-480,https://www.sevenfive.co.th/files/product/original/PRD176785876674.jpg
LKK2-IND350S-15,https://www.sevenfive.co.th/files/product/original/PRDf6ac6bbf01c2e2fa835c2b83f477949e.jpg
CAM1-UGNPR21H18-480,https://www.sevenfive.co.th/files/product/original/PRDb9b5a90e9447fe1e0d7c7b4836181369.jpg
CAM1-UGNPR21F36-480,https://www.sevenfive.co.th/files/product/original/PRD7060d22931497f6f05980c6920127324.jpg
SEV2-00629,https://www.sevenfive.co.th/files/product/original/PRDe60346cca5dcb0d68910e54cab721cda.jpg
CAM1-32HP1HU-150,https://www.sevenfive.co.th/files/product/original/PRD2330ca61dabe99808a1a14d84e08e767.jpg
CAM1-20HPCHU-150,https://www.sevenfive.co.th/files/product/original/PRD388e1d7bd8303e0c06617570d7be7f04.jpg
TBA1-KRF45-4-LW,https://www.sevenfive.co.th/files/product/original/PRDb9c3881739689d16f385fd097f236d6b.jpg
TOA2-1801292N,https://www.sevenfive.co.th/files/product/original/PRDefa4f71ec86325f763020af3c48866c2.jpg
SIR2-LF153100U16,https://www.sevenfive.co.th/files/product/original/PRD908ced53b1e35d3fcff8a6b22854a258.jpg
KTC1-202-002,https://www.sevenfive.co.th/files/product/original/PRD505ef5cdd743b68e172153ba6f6c1033.jpg
KTC1-202-001,https://www.sevenfive.co.th/files/product/original/PRD31cb8b9b7f0fa4a81edabbd9a215d030.jpg
PIM1-ECM-16,https://www.sevenfive.co.th/files/product/original/PRD5a38a67bdb3276028c7c6a41ca982f8b.jpg
SEV1-00571,https://www.sevenfive.co.th/files/product/original/PRD177000070694.jpg
SEV1-00570,https://www.sevenfive.co.th/files/product/original/PRD177000070514.jpg
SEV1-00569,https://www.sevenfive.co.th/files/product/original/PRD177000070511.jpg
SEV1-00568,https://www.sevenfive.co.th/files/product/original/PRD177000070567.jpg
SEV2-KB5,https://www.sevenfive.co.th/files/product/original/PRD83779e802e14acc1e707bb2b32db5262.jpg
PIM1-EWB-D30L,https://www.sevenfive.co.th/files/product/original/PRD175749687312.jpg
PIM1-EWB-D10L,https://www.sevenfive.co.th/files/product/original/PRD175749687396.jpg
PIM1-EWB-30,https://www.sevenfive.co.th/files/product/original/PRDad8849c979039d0302a26f09f5537a64.jpg
MBM1-MPLG78A,https://www.sevenfive.co.th/files/product/original/PRDed4e58d574c360e1e8600b927572f3ac.jpg
MBM1-PR77FE,https://www.sevenfive.co.th/files/product/original/PRDccfd25a537ad8ea77bd0eab4b2801a51.jpg
CAM1-CSWRKIT14P12-151,https://www.sevenfive.co.th/files/product/original/PRD8e5728c978d2701eac5205123354dd26.jpg
ROB2-TC0028,https://www.sevenfive.co.th/files/product/original/PRD19eb3e3525c7746b2f7f000a05ac1d51.png
MBM1-MG7EA777I,https://www.sevenfive.co.th/files/product/original/PRD17092623706.jpg
JTA2-301120029,https://www.sevenfive.co.th/files/product/original/PRDa1d4bc96cd38ea53b20f7fb248148e00.jpg
PIM2-70101200046,https://www.sevenfive.co.th/files/product/original/PRDf04ab8bb8f78485dc899abe701f4f92c.jpg
CTP1-SS-FC71-210PT-CP-CP,https://www.sevenfive.co.th/files/product/original/PRD176967951363.jpg
CTP1-FR-9806-100-BK,https://www.sevenfive.co.th/files/product/original/PRD176967951231.jpg
CTP1-FR-9807-65-BK,https://www.sevenfive.co.th/files/product/original/PRD176967951292.jpg
CTP1-FR-9866-250S-BK,https://www.sevenfive.co.th/files/product/original/PRD176967951285.jpg
CTP1-FR-9801-250-BK,https://www.sevenfive.co.th/files/product/original/PRD176967951215.jpg
CTP1-FR-9801-200-BK,https://www.sevenfive.co.th/files/product/original/PRD176967951137.jpg
CTP1-FR-9801-150W-BK,https://www.sevenfive.co.th/files/product/original/PRD176967951144.jpg
CTP1-RO-006-NN-NN,https://www.sevenfive.co.th/files/product/original/PRD176967951315.jpg
PIM2-301030015,https://www.sevenfive.co.th/files/product/original/PRD40e75a53b1a01a7947bb6a57f18a2aa4.jpg
ROB2-SS2415,https://www.sevenfive.co.th/files/product/original/PRD20d718ec9df955c39e219695a1486f1f.jpg
SIR2-LF202502015,https://www.sevenfive.co.th/files/product/original/PRD7229f5882a003c92cac35382d1611763.jpg
CAS2-969602200,https://www.sevenfive.co.th/files/product/original/PRDfbde279f1008c47129142a51583ecfb9.jpg
KIT2-3180162,https://www.sevenfive.co.th/files/product/original/PRD3e448964ddda3f7bb6d14e74731a8cf3.jpg
MBM1-MFB711TXS,https://www.sevenfive.co.th/files/product/original/PRD9adb7f9313956f609cb9f1752e5d4bdc.jpg
MBM1-MBRG78A,https://www.sevenfive.co.th/files/product/original/PRD046108a147453a8d05796ebf2273d636.jpg
PIM1-FRZ43-2D-L,https://www.sevenfive.co.th/files/product/original/PRD176128468348.jpg
PIM1-FRZ18-3D-L-750MM,https://www.sevenfive.co.th/files/product/original/PRD176128468310.jpg
PIM1-CHL43-2D-L,https://www.sevenfive.co.th/files/product/original/PRD176128468283.jpg
PIM1-CHL43-4D-L,https://www.sevenfive.co.th/files/product/original/PRD175990075457.jpg
SIR1-VISTA-P2-BOLD-BRIOCHE,https://www.sevenfive.co.th/files/product/original/PRD724a415f3770e5c425580c3296cbda16.jpg
PRC1-KK-SCR6K,https://www.sevenfive.co.th/files/product/original/PRD04ea19eea18ee323324631472376e2a2.jpg
PRC1-KK-SCR5K,https://www.sevenfive.co.th/files/product/original/PRDd1222ee77c90f836e785d2f99aeafe07.jpg
PRC1-KK-SCR4K,https://www.sevenfive.co.th/files/product/original/PRDe3067dfb71482acfef87c28299bb51c3.jpg
PRC1-KK-SCR3K,https://www.sevenfive.co.th/files/product/original/PRD176975736524.jpg
SIR1-CUBE-P2-HOT,https://www.sevenfive.co.th/files/product/original/PRDd8cb4434ec88bf5458b7a66fde60ec28.jpg
PIM1-FRZ12-2D-L-750MM,https://www.sevenfive.co.th/files/product/original/PRD175990075476.jpg
PUJ1-846.300,https://www.sevenfive.co.th/files/product/original/PRD4f336971ab402f2b56cf72d7491c236c.jpg
LKK2-BASKET(WF-061),https://www.sevenfive.co.th/files/product/original/PRDf94215a70f1fe6ab88457fb207f19530.jpg
NTS1-KNST-2WH,https://www.sevenfive.co.th/files/product/original/PRD4d24b8e3ad6f4a8b546bd4ed3638941c.png
NTS1-ST-900-BK,https://www.sevenfive.co.th/files/product/original/PRD0b243ee8bdb0fd909cbb2344bc5f1ff0.jpg
ROE1-28063W,https://www.sevenfive.co.th/files/product/original/PRD176622292955.jpg
TOP1-M98E-HRW11,https://www.sevenfive.co.th/files/product/original/PRD6426ef18c76e4c3f786638f5c4d0bb22.jpg
BER2-CC-16-C5-6-1,https://www.sevenfive.co.th/files/product/original/PRD175653833673.jpg
PIM2-DR520-RF,https://www.sevenfive.co.th/files/product/original/PRD176889926847.jpg
PIM2-30301009,https://www.sevenfive.co.th/files/product/original/PRD175757152594.jpg
ROE2-39173,https://www.sevenfive.co.th/files/product/original/PRD283d25a5d38149342981ba79649c915a.jpg
ROL2-D02178,https://www.sevenfive.co.th/files/product/original/PRD0c3d67ca8029016beb9c9e1d7b7b9396.jpg
SEV2-00204,https://www.sevenfive.co.th/files/product/original/PRD0132d4ac465f73a29a5c18c2ec4e5ad6.jpg
BER2-NT-BC5-6,https://www.sevenfive.co.th/files/product/original/PRD175653835449.jpg
HAT2-04.05.616.00,https://www.sevenfive.co.th/files/product/original/PRD0b175396e207d40ccd00e66082a31525.jpg
HAT2-R0405104500,https://www.sevenfive.co.th/files/product/original/PRD4f172ec5be28bc76eae13d1a83f35996.jpg
SEV2-00403,https://www.sevenfive.co.th/files/product/original/PRD53a6a72b132acdf9e6ed32e55ddcecc0.jpg
SEV2-00510,https://www.sevenfive.co.th/files/product/original/PRDa315c3559d27561a5d494038c1b11a33.jpg
BER1-BS2DU-CF-Z-L(770),https://www.sevenfive.co.th/files/product/original/PRD033187f1cc02b54feb89f849aa00b19d.jpg
NTS1-CD-03,https://www.sevenfive.co.th/files/product/original/PRD48cc2d53811909969b186bea3b777e80.jpg
PIM1-RICE24B-S,https://www.sevenfive.co.th/files/product/original/PRD9cba986e0d1f63a759cbc318b7a97b95.png
PIM1-FRZ43-4D-L,https://www.sevenfive.co.th/files/product/original/PRD175990075591.jpg
PIM1-EDO3-60C-BK,https://www.sevenfive.co.th/files/product/original/PRDf6dd3c1f0b7645c463b26868cc64daac.JPG
PIM1-BA-CR,https://www.sevenfive.co.th/files/product/original/PRDd8e14c2271c0b4475f69da516c7db5df.jpg
NTS1-BAR-900,https://www.sevenfive.co.th/files/product/original/PRD2907af8206da85ab3f8b1fbf0cd9e90f.jpg
NTS1-SNP20030,https://www.sevenfive.co.th/files/product/original/PRD83ada804dfb72367f00b732a2e889527.jpg
NTS1-SNP20017,https://www.sevenfive.co.th/files/product/original/PRD9f2c3283335063ec19fce2aaf41efd75.jpg
HAT1-RHW2-1,https://www.sevenfive.co.th/files/product/original/PRD5c67ec53a0f6b13df7e1e91742aa8f51.jpg
TBC1-I1-SOTA-TOUCH,https://www.sevenfive.co.th/files/product/original/PRD0b4e9b9d2551302b302fcb51b7ff12bd.jpg
NTS1-DB-CW76-DRG,https://www.sevenfive.co.th/files/product/original/PRD65f1cf934a7730cd9710a85801e97963.jpg
MID2-38811,https://www.sevenfive.co.th/files/product/original/PRD170937161228.jpg
ROE2-104312,https://www.sevenfive.co.th/files/product/original/PRD170937250439.jpg
SAN2-37109,https://www.sevenfive.co.th/files/product/original/PRD671c682e8e2634228238557cb2c6c51b.jpg
ROE2-39689,https://www.sevenfive.co.th/files/product/original/PRD7904ce375ba8e1bd53b6f9aceb7aca84.jpg
EDL2-K012,https://www.sevenfive.co.th/files/product/original/PRDc484f87ac3022101ddee4f0854ad0a20.jpg
ROL2-H01028,https://www.sevenfive.co.th/files/product/original/PRD8d605d287f2d3b89cd8f19cad963ed27.jpg
PIT2-P6072185,https://www.sevenfive.co.th/files/product/original/PRD8bedaab95ebcdaf7a08ff0583ca3ab41.jpg
MBM2-RTCU700085,https://www.sevenfive.co.th/files/product/original/PRDdc2b705cecd34aa8924ec6821e56405b.jpg
PIM1-G-ED-2DS,https://www.sevenfive.co.th/files/product/original/PRD1564431a7c04174afc879f640d28cd59.jpg
PIM2-30312074,https://www.sevenfive.co.th/files/product/original/PRD17573886533.jpg
PIM2-SM150000043,https://www.sevenfive.co.th/files/product/original/PRD176759302635.jpg
PIM2-SM150000042,https://www.sevenfive.co.th/files/product/original/PRD176767909869.jpg
PIM2-SM150000041,https://www.sevenfive.co.th/files/product/original/PRD176759302646.jpg
PIM2-SM150000040,https://www.sevenfive.co.th/files/product/original/PRD17676790977.jpg
PIM2-SM150000039,https://www.sevenfive.co.th/files/product/original/PRD17676790967.jpg
PIM2-SM150000038,https://www.sevenfive.co.th/files/product/original/PRD176767909591.jpg
PIM2-SM150000027,https://www.sevenfive.co.th/files/product/original/PRD176767909371.jpg
PIM2-SM150000024,https://www.sevenfive.co.th/files/product/original/PRD176767909282.jpg
PIM2-SM150000022,https://www.sevenfive.co.th/files/product/original/PRD176759302360.jpg
PIM2-SM150000019,https://www.sevenfive.co.th/files/product/original/PRD176759302283.jpg
PIM2-SM150000014,https://www.sevenfive.co.th/files/product/original/PRD176759302289.jpg
PIM2-SM150000011,https://www.sevenfive.co.th/files/product/original/PRD176767908893.jpg
PIM2-SM150000010,https://www.sevenfive.co.th/files/product/original/PRD176759302136.jpg
PIM2-SM150000008,https://www.sevenfive.co.th/files/product/original/PRD176767908789.jpg
PIM2-SM150000006,https://www.sevenfive.co.th/files/product/original/PRD176767908764.jpg
PIM2-SM150000003,https://www.sevenfive.co.th/files/product/original/PRD176759301939.jpg
PIM2-SM150000002,https://www.sevenfive.co.th/files/product/original/PRD176759301848.jpg
PIM2-SM100000042,https://www.sevenfive.co.th/files/product/original/PRD176759301788.jpg
PIM2-SM100000041,https://www.sevenfive.co.th/files/product/original/PRD176767908576.jpg
PIM2-SM100000037,https://www.sevenfive.co.th/files/product/original/PRD17676790839.jpg
PIM2-SM100000036,https://www.sevenfive.co.th/files/product/original/PRD176767908323.jpg
PIM2-SM100000028,https://www.sevenfive.co.th/files/product/original/PRD176759301615.jpg
PIM2-SM100000025,https://www.sevenfive.co.th/files/product/original/PRD176759301511.jpg
PIM2-SM100000023,https://www.sevenfive.co.th/files/product/original/PRD176759301458.jpg
PIM2-SM100000020-1,https://www.sevenfive.co.th/files/product/original/PRD176767908231.jpg
PIM2-SM100000020,https://www.sevenfive.co.th/files/product/original/PRD176767908171.jpg
PIM2-SM100000019,https://www.sevenfive.co.th/files/product/original/PRD176767908045.jpg
PIM2-SM100000017,https://www.sevenfive.co.th/files/product/original/PRD17676790790.jpg
PIM2-SM100000016,https://www.sevenfive.co.th/files/product/original/PRD176759301434.jpg
PIM2-SM100000015,https://www.sevenfive.co.th/files/product/original/PRD176759301391.jpg
PIM2-SM100000014,https://www.sevenfive.co.th/files/product/original/PRD176759301287.jpg
PIM2-SM100000012,https://www.sevenfive.co.th/files/product/original/PRD176759301199.jpg
PIM2-SM100000010,https://www.sevenfive.co.th/files/product/original/PRD176759301031.jpg
PIM2-SM100000009,https://www.sevenfive.co.th/files/product/original/PRD176759301066.jpg
PIM2-SM100000008,https://www.sevenfive.co.th/files/product/original/PRD176759300983.jpg
PIM2-SM100000004,https://www.sevenfive.co.th/files/product/original/PRD176759300867.jpg
PIM2-SM100000003,https://www.sevenfive.co.th/files/product/original/PRD176759300744.jpg
PIM2-JD180000008,https://www.sevenfive.co.th/files/product/original/PRD176759299954.jpg
PIM2-JD180000005,https://www.sevenfive.co.th/files/product/original/PRD176759299822.jpg
PIM2-JD180000004,https://www.sevenfive.co.th/files/product/original/PRD176767907197.jpg
PIM2-JD180000003,https://www.sevenfive.co.th/files/product/original/PRD176767907028.jpg
PIM2-JD180000001,https://www.sevenfive.co.th/files/product/original/PRD176759299736.jpg
PIM2-JD10000039,https://www.sevenfive.co.th/files/product/original/PRD176759299612.jpg
PIM2-JD10000037,https://www.sevenfive.co.th/files/product/original/PRD176759299635.jpg
PIM2-JD10000036,https://www.sevenfive.co.th/files/product/original/PRD176759299512.jpg
PIM2-JD10000035,https://www.sevenfive.co.th/files/product/original/PRD176759299477.jpg
PIM2-JD10000034,https://www.sevenfive.co.th/files/product/original/PRD176759299312.jpg
PIM2-JD10000031,https://www.sevenfive.co.th/files/product/original/PRD176759299276.jpg
PIM2-JD10000030,https://www.sevenfive.co.th/files/product/original/PRD176767906985.jpg
PIM2-JD10000025,https://www.sevenfive.co.th/files/product/original/PRD176759299280.jpg
PIM2-JD10000013,https://www.sevenfive.co.th/files/product/original/PRD176759299195.jpg
PIM2-JD10000011,https://www.sevenfive.co.th/files/product/original/PRD17676790684.jpg
PIM2-JD10000010,https://www.sevenfive.co.th/files/product/original/PRD176767906759.jpg
PIM2-JD10000008,https://www.sevenfive.co.th/files/product/original/PRD176759299061.jpg
PIM2-JD10000007,https://www.sevenfive.co.th/files/product/original/PRD17675929908.jpg
PIM2-JD10000005,https://www.sevenfive.co.th/files/product/original/PRD17676790675.jpg
PIM2-JD10000004,https://www.sevenfive.co.th/files/product/original/PRD176767906671.jpg
PIM2-JD10000003,https://www.sevenfive.co.th/files/product/original/PRD176767906560.jpg
PIM2-JD10000002,https://www.sevenfive.co.th/files/product/original/PRD176759298892.jpg
HAM2-990062800,https://www.sevenfive.co.th/files/product/original/PRD0a7dccf725373fa02c8c18afc9263b20.jpg
BER2-IC-VCM-E-TRANS,https://www.sevenfive.co.th/files/product/original/PRD1fbecb2be5dd5fa9443828ada29e6aab.jpg
BER2-IC-VCM-E-CH,https://www.sevenfive.co.th/files/product/original/PRD9689077ffa89baf7f25229e47bb6281b.jpg
BER2-HT-DF16,https://www.sevenfive.co.th/files/product/original/PRD6df85a48d86f99b69bffcc290a68981a.jpg
BER2-GE-LPG332-PB4,https://www.sevenfive.co.th/files/product/original/PRDd6c27100946694c69742a28e6baea5b2.jpg
HAT2-05.03.039.00,https://www.sevenfive.co.th/files/product/original/PRD44ee2cad421a835b7dca7580e2144049.jpg
MBM2-A800000800,https://www.sevenfive.co.th/files/product/original/PRD176604796436.jpg
LIN2-GR71,https://www.sevenfive.co.th/files/product/original/PRD195ecb48b52f3bf8f39559b1c57c0ffc.jpg
TOA2-1700562,https://www.sevenfive.co.th/files/product/original/PRD176639064934.jpg
TOA2-1000693K,https://www.sevenfive.co.th/files/product/original/PRD17663906496.jpg
TOA2-1000680,https://www.sevenfive.co.th/files/product/original/PRD17663906485.jpg
TOA2-1000623,https://www.sevenfive.co.th/files/product/original/PRD176639064866.jpg
TOA2-1000592,https://www.sevenfive.co.th/files/product/original/PRD176639064857.jpg
HOU2-50001255,https://www.sevenfive.co.th/files/product/original/PRD1a781f8ccc3601dd56b8a5e35788751c.jpg
HOU2-50001254,https://www.sevenfive.co.th/files/product/original/PRDa9085b72fa2e0412da0cf9197261e227.jpg
HOU2-50000886,https://www.sevenfive.co.th/files/product/original/PRDb6b473a9a7ba858fab8bd0be4e11ff3b.jpg
HOU2-114318,https://www.sevenfive.co.th/files/product/original/PRD3ee3653f219fb274ff40099c3d72b45d.jpg
LIN2-TA86,https://www.sevenfive.co.th/files/product/original/PRDe1e8bf69ed9f6166d89ee3f3990fb467.jpg
LIN2-TH61,https://www.sevenfive.co.th/files/product/original/PRD176354212948.jpg
LIN2-MI99,https://www.sevenfive.co.th/files/product/original/PRDf89a98c2f3d95b66957f4918edbb3d04.jpg
LIN2-TH58,https://www.sevenfive.co.th/files/product/original/PRD17635421292.jpg
LIN2-OSN01,https://www.sevenfive.co.th/files/product/original/PRDbf00eecb620a1662dd1e8f4166aa8bf7.jpg
NTS1-DB-CW167-DRG,https://www.sevenfive.co.th/files/product/original/PRD2d8cdbb9912b603bd4c012b932d6eb94.jpg
ROL2-07219,https://www.sevenfive.co.th/files/product/original/PRD19a17a8328b3fb498a2410ab3839d0a6.jpg
ROL2-F01079,https://www.sevenfive.co.th/files/product/original/PRD3e1a0a54ddd3ba831791970257912709.jpg
SAN2-37170,https://www.sevenfive.co.th/files/product/original/PRDb37009e94996e8fdc0186fa1b0a122df.jpg
ROB1-CGR610,https://www.sevenfive.co.th/files/product/original/PRDf37018253e065925ec12cf8c4b20bb4a.jpg
ROE2-49241,https://www.sevenfive.co.th/files/product/original/PRD3e54823a54979f789265efa3db2d6aac.jpg
NTS1-SN1092,https://www.sevenfive.co.th/files/product/original/PRD170937917081.jpg
TBA2-K3F5102102,https://www.sevenfive.co.th/files/product/original/PRD8b50239a2dade4b3a062177f3788eb84.jpg
HAT1-RHW-11QT-POT,https://www.sevenfive.co.th/files/product/original/PRD695a136acd2a2b5da594cca9a028123b.jpg
PIM2-301110009,https://www.sevenfive.co.th/files/product/original/PRD056ab49ab15b0c7951efaacb9070cc57.jpg
PIM2-301030020,https://www.sevenfive.co.th/files/product/original/PRD735116fb69c55cf99fb4914358132ef1.jpg
TBA2-K3F20247400,https://www.sevenfive.co.th/files/product/original/PRD124b118cdd3e6f111d3af8a98124b092.jpg
HAT1-RHW2-1B,https://www.sevenfive.co.th/files/product/original/PRDb4b0e6748f1e9fb2d83d30828e1f0fd9.jpg
SAN2-02200,https://www.sevenfive.co.th/files/product/original/PRD54892c7b72b1f34fca01c031dc63d573.jpg
SAN2-02201DD,https://www.sevenfive.co.th/files/product/original/PRDa6ee4c7db788c7467a90b7b7228108c1.jpg
SIR2-PJET42499,https://www.sevenfive.co.th/files/product/original/PRDcff75faa27a581b7855c42ed341ebf52.jpg
PUJ1-121.501,https://www.sevenfive.co.th/files/product/original/PRD8b568653c0d69fb38dcdae9a8d3b9594.jpg
ROE2-507341S,https://www.sevenfive.co.th/files/product/original/PRD176067149153.jpg
PIM2-301010035,https://www.sevenfive.co.th/files/product/original/PRDe2ad23653467503b0ba0c80ae69befab.jpg
SIR2-LF151650U16,https://www.sevenfive.co.th/files/product/original/PRDbeeb68c3a876e584352fbe5aeb32d233.jpg
ROB2-VS0397,https://www.sevenfive.co.th/files/product/original/PRDb0dc92e2c33b0b90e7a469231aa61da5.jpg
LKK1-EL280,https://www.sevenfive.co.th/files/product/original/PRD5cb563d1d37505c118b6ac1141e7e98f.jpg
ROL2-F04058,https://www.sevenfive.co.th/files/product/original/PRD4ff3fe351e73695d68c666106d4cd5cd.jpg
LKK2-LSP520-79,https://www.sevenfive.co.th/files/product/original/PRD17565388918.jpg
ROE2-49468,https://www.sevenfive.co.th/files/product/original/PRDf036ff5e7716567b31bb99fdf12303b8.jpg
SAN2-62109,https://www.sevenfive.co.th/files/product/original/PRDa2c751dbc74c26f8ec28d52fa33d136f.jpg
SEV2-00357,https://www.sevenfive.co.th/files/product/original/PRD175835904176.jpg
SIR2-LF142120025,https://www.sevenfive.co.th/files/product/original/PRD21b43dc62a6a277fdd613bb7a906a3f1.jpg
SIR2-IW2071250060,https://www.sevenfive.co.th/files/product/original/PRDc0a3748708e05e36bef06f221b6807f5.jpg
TOP1-98001MN-1,https://www.sevenfive.co.th/files/product/original/PRD87b3009fedbc2820c1aad2f103581a29.jpg
PIM1-CCGSS-1W-ATF,https://www.sevenfive.co.th/files/product/original/PRDa17faafd7fae6107e9a163451310949d.png
PIM1-CCGSS-1W-BT,https://www.sevenfive.co.th/files/product/original/PRD74f2e19322f51f60e6651393d92a2aff.png
ROL2-F04039,https://www.sevenfive.co.th/files/product/original/PRDb1073f35c72bf7aaf1beb91ba4a5956f.jpg
LAC2-457560000,https://www.sevenfive.co.th/files/product/original/PRDbc9ba876b6bb0158ce9abb15edf9438d.jpg
SIR2-LF152400U16,https://www.sevenfive.co.th/files/product/original/PRD2be50dd0cebf1af4f92308766d2b3204.jpg
PIM2-ESK-10-CE,https://www.sevenfive.co.th/files/product/original/PRDc3849f85a10edd59f95ed0d89b6dbf25.jpg
MBM2-171855,https://www.sevenfive.co.th/files/product/original/PRDa0227fb3dc0fabe8d10a842ccde6e611.jpg
PMF2-8K010135,https://www.sevenfive.co.th/files/product/original/PRDc2dbaefe4d3c85f738b83c6f365d76c7.jpg
PIM2-SM-50L-60L-206,https://www.sevenfive.co.th/files/product/original/PRD176889929847.jpg
PIM2-SM-50L-60L-205,https://www.sevenfive.co.th/files/product/original/PRD176889929731.jpg
PIM2-SM-50L-60L-204,https://www.sevenfive.co.th/files/product/original/PRD176889929666.jpg
PIM2-SM-50L-60L-203,https://www.sevenfive.co.th/files/product/original/PRD176889929626.jpg
PIM2-SM-50L-60L-222,https://www.sevenfive.co.th/files/product/original/PRD17686410636.jpg
PIM2-SM-50L-60L-225,https://www.sevenfive.co.th/files/product/original/PRD176864106373.jpg
PIM2-SM-50L-60L-212,https://www.sevenfive.co.th/files/product/original/PRD176889929812.jpg
PMF2-5I100024,https://www.sevenfive.co.th/files/product/original/PRD72dffc2e69b08afea5f06139ca47f337.jpg
PMF2-5C020113,https://www.sevenfive.co.th/files/product/original/PRD261774bd920c7b213f181aa86c6d1570.jpg
PMF2-5M010507,https://www.sevenfive.co.th/files/product/original/PRD885eb826f702a1aedeab04d37d8cd079.jpg
SIR2-TR374755000,https://www.sevenfive.co.th/files/product/original/PRDc9d78b39e5c71a80edec15c312496e33.jpg
SIR2-LF1531000I,https://www.sevenfive.co.th/files/product/original/PRDf67b58ebdb359b0f560fa64564e82f30.jpg
LKK2-IND350BK-15,https://www.sevenfive.co.th/files/product/original/PRD175653884036.jpg
PIM1-DFM8LY,https://www.sevenfive.co.th/files/product/original/PRD15e758eaf095a73704836cd0420a3618.jpg
BER2-IC-VCM-HEATER,https://www.sevenfive.co.th/files/product/original/PRD0ee146cfd5ef6f21c2ebbd913e2d846a.jpg
TOA2-1952889,https://www.sevenfive.co.th/files/product/original/PRD176639065090.jpg
SIR2-IW1471240020,https://www.sevenfive.co.th/files/product/original/PRDa5c92f471d306a8acaeb17451ec44a0b.jpg
LKK2-750W,https://www.sevenfive.co.th/files/product/original/PRD71d4f26c4fdccd6492a027c9d91e18d4.jpg
PIM2-PMG-30L-WH-707,https://www.sevenfive.co.th/files/product/original/PRD176864105449.jpg
PIM2-PMG-30L-WH-705,https://www.sevenfive.co.th/files/product/original/PRD176864105326.jpg
PIM2-PMG-30L-WH-511,https://www.sevenfive.co.th/files/product/original/PRD176864105293.jpg
PIM2-PMG-30L-WH-506,https://www.sevenfive.co.th/files/product/original/PRD176864105169.jpg
PIM2-PMG-30L-WH-418,https://www.sevenfive.co.th/files/product/original/PRD176864105083.jpg
PIM2-PMG-30L-WH-416,https://www.sevenfive.co.th/files/product/original/PRD176864105025.jpg
PIM2-PMG-30L-WH-415,https://www.sevenfive.co.th/files/product/original/PRD176864104953.jpg
PIM2-PMG-30L-WH-413,https://www.sevenfive.co.th/files/product/original/PRD176864104992.jpg
PIM2-PMG-30L-WH-411,https://www.sevenfive.co.th/files/product/original/PRD176864104943.jpg
PIM2-PMG-30L-WH-409,https://www.sevenfive.co.th/files/product/original/PRD176864104840.jpg
PIM2-PMG-30L-WH-408,https://www.sevenfive.co.th/files/product/original/PRD176864104851.jpg
PIM2-PMG-30L-WH-407,https://www.sevenfive.co.th/files/product/original/PRD176864104730.jpg
PIM2-PMG-30L-WH-405,https://www.sevenfive.co.th/files/product/original/PRD176864104744.jpg
PIM2-PMG-30L-WH-404,https://www.sevenfive.co.th/files/product/original/PRD176864104658.jpg
PIM2-PMG-30L-WH-312,https://www.sevenfive.co.th/files/product/original/PRD17688992833.jpg
PIM2-PMG-30L-WH-311,https://www.sevenfive.co.th/files/product/original/PRD176864104587.jpg
PIM2-PMG-30L-WH-309,https://www.sevenfive.co.th/files/product/original/PRD176864104453.jpg
PIM2-PMG-30L-WH-222,https://www.sevenfive.co.th/files/product/original/PRD176864104232.jpg
PIM2-PMG-30L-WH-221,https://www.sevenfive.co.th/files/product/original/PRD176864104250.jpg
PIM2-PMG-30L-WH-220,https://www.sevenfive.co.th/files/product/original/PRD176864104154.jpg
PIM2-PMG-30L-WH-216,https://www.sevenfive.co.th/files/product/original/PRD176864104067.jpg
PIM2-PMG-30L-WH-215,https://www.sevenfive.co.th/files/product/original/PRD176864104062.jpg
PIM2-PMG-30L-WH-214,https://www.sevenfive.co.th/files/product/original/PRD176864103952.jpg
PIM2-PMG-30L-WH-213,https://www.sevenfive.co.th/files/product/original/PRD176864103993.jpg
PIM2-PMG-30L-WH-211,https://www.sevenfive.co.th/files/product/original/PRD176889927824.jpg
PIM2-PMG-30L-WH-210,https://www.sevenfive.co.th/files/product/original/PRD176864103812.jpg
PIM2-PMG-30L-WH-209,https://www.sevenfive.co.th/files/product/original/PRD176889927878.jpg
PIM2-PMG-30L-WH-207,https://www.sevenfive.co.th/files/product/original/PRD176889927617.jpg
PIM2-PMG-30L-WH-206,https://www.sevenfive.co.th/files/product/original/PRD176864103884.jpg
PIM2-PMG-30L-WH-203,https://www.sevenfive.co.th/files/product/original/PRD176864103770.jpg
PIM2-PMG-30L-WH-116,https://www.sevenfive.co.th/files/product/original/PRD176889927279.jpg
PIM2-PMG-30L-WH-111,https://www.sevenfive.co.th/files/product/original/PRD176889927166.jpg
PIM2-PMG-30L-WH-110,https://www.sevenfive.co.th/files/product/original/PRD17688992710.jpg
PIM2-PMG-30L-WH-109,https://www.sevenfive.co.th/files/product/original/PRD176889927070.jpg
PIM2-PMG-30L-WH-1203,https://www.sevenfive.co.th/files/product/original/PRD176889927475.jpg
PIM2-PMG-30L-WH-815,https://www.sevenfive.co.th/files/product/original/PRD176889929456.jpg
PIM2-PMG-30L-WH-616,https://www.sevenfive.co.th/files/product/original/PRD176889929457.jpg
PIM2-PMG-30L-WH-615,https://www.sevenfive.co.th/files/product/original/PRD176889929366.jpg
PIM2-PMG-30L-WH-605,https://www.sevenfive.co.th/files/product/original/PRD176889929395.jpg
PIM2-PMG-30L-WH-604,https://www.sevenfive.co.th/files/product/original/PRD176889929275.jpg
PIM2-PMG-30L-WH-603,https://www.sevenfive.co.th/files/product/original/PRD176889929169.jpg
PIM2-PMG-30L-WH-512,https://www.sevenfive.co.th/files/product/original/PRD176889929161.jpg
PIM2-PMG-30L-WH-509,https://www.sevenfive.co.th/files/product/original/PRD176889929045.jpg
PIM2-PMG-30L-WH-508,https://www.sevenfive.co.th/files/product/original/PRD176889928931.jpg
PIM2-PMG-30L-WH-417,https://www.sevenfive.co.th/files/product/original/PRD176889928820.jpg
PIM2-PMG-30L-WH-419,https://www.sevenfive.co.th/files/product/original/PRD176889928874.jpg
PIM2-PMG-30L-WH-414,https://www.sevenfive.co.th/files/product/original/PRD176889928749.jpg
PIM2-PMG-30L-WH-412,https://www.sevenfive.co.th/files/product/original/PRD17688992862.jpg
PIM2-PMG-30L-WH-410,https://www.sevenfive.co.th/files/product/original/PRD17688992865.jpg
PIM2-PMG-30L-WH-406,https://www.sevenfive.co.th/files/product/original/PRD176889928560.jpg
PIM2-PMG-30L-WH-403,https://www.sevenfive.co.th/files/product/original/PRD176889928466.jpg
PIM2-PMG-30L-WH-310,https://www.sevenfive.co.th/files/product/original/PRD176889928275.jpg
PIM2-PMG-30L-WH-306,https://www.sevenfive.co.th/files/product/original/PRD176889928132.jpg
PIM2-PMG-30L-WH-305,https://www.sevenfive.co.th/files/product/original/PRD176889928165.jpg
PIM2-PMG-30L-WH-303,https://www.sevenfive.co.th/files/product/original/PRD176889928074.jpg
PIM2-PMG-30L-WH-212,https://www.sevenfive.co.th/files/product/original/PRD176889927990.jpg
PIM2-PMG-30L-WH-208,https://www.sevenfive.co.th/files/product/original/PRD176889927713.jpg
PIM2-PMG-30L-WH-205,https://www.sevenfive.co.th/files/product/original/PRD176889927676.jpg
PIM2-PMG-30L-WH-204,https://www.sevenfive.co.th/files/product/original/PRD176889927527.jpg
PIM2-PMG-30L-WH-122,https://www.sevenfive.co.th/files/product/original/PRD176864103614.jpg
PIM2-PMG-30L-WH-118,https://www.sevenfive.co.th/files/product/original/PRD176864103619.jpg
PIM2-SM-50L-60L-102,https://www.sevenfive.co.th/files/product/original/PRD176864105926.jpg
PIM2-SM-50L-60L-101,https://www.sevenfive.co.th/files/product/original/PRD176864105978.jpg
PIM2-SM20-40L-225,https://www.sevenfive.co.th/files/product/original/PRD176864106727.jpg
PIM2-SM20-40L-223,https://www.sevenfive.co.th/files/product/original/PRD176864106634.jpg
PIM2-SM20-40L-212,https://www.sevenfive.co.th/files/product/original/PRD176889930099.jpg
PIM2-SM20-40L-211,https://www.sevenfive.co.th/files/product/original/PRD17688993004.jpg
PIM2-SM20-40L-109,https://www.sevenfive.co.th/files/product/original/PRD176864106617.jpg
PIM2-SM20-40L-108,https://www.sevenfive.co.th/files/product/original/PRD176864106584.jpg
PIM2-SM20-40L-107,https://www.sevenfive.co.th/files/product/original/PRD176864106430.jpg
ROB2-EC0209,https://www.sevenfive.co.th/files/product/original/PRD2d5365b21053d693b8da43491e8a8d9f.jpg
ROB2-VS0256,https://www.sevenfive.co.th/files/product/original/PRD643f39554078b9d7dc5be3e1aaa86981.jpg
NTS1-CD-GN11D-POR,https://www.sevenfive.co.th/files/product/original/PRDea032c3d1b0df988359792d80c92d1ef.jpg
SIR2-LF1532000I,https://www.sevenfive.co.th/files/product/original/PRDf8101c340af2efeb537450316e9b081b.jpg
LIN2-TH69,https://www.sevenfive.co.th/files/product/original/PRDefa93200ec364b0f2d73ffef3dfc60a6.jpg
LIN2-WI29,https://www.sevenfive.co.th/files/product/original/PRD176354212990.jpg
LIN2-GA45,https://www.sevenfive.co.th/files/product/original/PRD176354212758.jpg
LIN2-KN183,https://www.sevenfive.co.th/files/product/original/PRD17635421282.jpg
LIN2-GA44,https://www.sevenfive.co.th/files/product/original/PRD176354212756.jpg
LIN2-PI10,https://www.sevenfive.co.th/files/product/original/PRD176354212813.jpg
"TOP2-98-H44""",https://www.sevenfive.co.th/files/product/original/PRDa90dde28db1d79281990556846916386.jpg
LKK1-LK-QL2,https://www.sevenfive.co.th/files/product/original/PRD0fa6f3fac7b7856cf7397a073a52c4ea.jpg
PRC1-TK-BSK196,https://www.sevenfive.co.th/files/product/original/PRDe6e406d4f0dbc145b4359c55ffdec21a.jpg
SIR2-SFCL022,https://www.sevenfive.co.th/files/product/original/PRD93f68eaaa31e1f21a667cf920ea42db1.jpg
SIR2-SFCL024,https://www.sevenfive.co.th/files/product/original/PRD02fd6b777c6567bb8279915e78641a98.jpg
PIM2-801021041010,https://www.sevenfive.co.th/files/product/original/PRD176309689328.jpg
SAN2-37180,https://www.sevenfive.co.th/files/product/original/PRD518e2c6f1a932c03a1ad1f554768c0a2.jpg
OCG1-5V18344G0701,https://www.sevenfive.co.th/files/product/original/PRD176680543065.jpg
OCG1-5V18344G0401,https://www.sevenfive.co.th/files/product/original/PRD176680543042.jpg
OCG1-5V18344G0201,https://www.sevenfive.co.th/files/product/original/PRD176680543082.jpg
OCG1-5V18344G0101,https://www.sevenfive.co.th/files/product/original/PRD176680543076.jpg
OCG1-5P00171G0001,https://www.sevenfive.co.th/files/product/original/PRD17668054290.jpg
OCG1-5B24349G0004,https://www.sevenfive.co.th/files/product/original/PRD176680542823.jpg
OCG1-5B24349G0003,https://www.sevenfive.co.th/files/product/original/PRD176680542825.jpg
OCG1-5B24349G0002,https://www.sevenfive.co.th/files/product/original/PRD176680542835.jpg
OCG1-5B24349G0001,https://www.sevenfive.co.th/files/product/original/PRD176680542887.jpg
OCG1-5B02511G0000,https://www.sevenfive.co.th/files/product/original/PRD176680542731.jpg
OCG1-4P03010,https://www.sevenfive.co.th/files/product/original/PRD176680542797.jpg
OCG1-4P02910,https://www.sevenfive.co.th/files/product/original/PRD176680542771.jpg
OCG1-4GZ001E009,https://www.sevenfive.co.th/files/product/original/PRD176680542755.jpg
OCG1-4GP005C014,https://www.sevenfive.co.th/files/product/original/PRD17668054267.jpg
OCG1-4GH001A015C04,https://www.sevenfive.co.th/files/product/original/PRD176680542655.jpg
OCG1-4GH001A015C03,https://www.sevenfive.co.th/files/product/original/PRD176680542617.jpg
OCG1-4GH001A015C02,https://www.sevenfive.co.th/files/product/original/PRD176680542649.jpg
OCG1-4GH001A015C01,https://www.sevenfive.co.th/files/product/original/PRD176680542568.jpg
OCG1-4GB004H002,https://www.sevenfive.co.th/files/product/original/PRD176680542546.jpg
OCG1-4GB002H015,https://www.sevenfive.co.th/files/product/original/PRD176680542515.jpg
OCG1-4GB002C014,https://www.sevenfive.co.th/files/product/original/PRD176680542527.jpg
OCG1-44A0004,https://www.sevenfive.co.th/files/product/original/PRD176680542441.jpg
OCG1-44A0003,https://www.sevenfive.co.th/files/product/original/PRD176680542470.jpg
OCG1-44A0001,https://www.sevenfive.co.th/files/product/original/PRD176680542482.jpg
OCG1-41E0013,https://www.sevenfive.co.th/files/product/original/PRD176680542432.jpg
OCG1-41E0010,https://www.sevenfive.co.th/files/product/original/PRD17668054238.jpg
OCG1-41E0003,https://www.sevenfive.co.th/files/product/original/PRD176680542310.jpg
OCG1-2P03160G0005,https://www.sevenfive.co.th/files/product/original/PRD176680542374.jpg
OCG1-1V13633,https://www.sevenfive.co.th/files/product/original/PRD176680542355.jpg
OCG1-1V13621,https://www.sevenfive.co.th/files/product/original/PRD176680542215.jpg
OCG1-1V13610,https://www.sevenfive.co.th/files/product/original/PRD176680542265.jpg
OCG1-1R00312,https://www.sevenfive.co.th/files/product/original/PRD176680542244.jpg
OCG1-1R00219,https://www.sevenfive.co.th/files/product/original/PRD176680542279.jpg
OCG1-1R00216,https://www.sevenfive.co.th/files/product/original/PRD176680542188.jpg
OCG1-1P03862,https://www.sevenfive.co.th/files/product/original/PRD176680542175.jpg
OCG1-1P03861,https://www.sevenfive.co.th/files/product/original/PRD176680542123.jpg
OCG1-1P03720,https://www.sevenfive.co.th/files/product/original/PRD17668054206.jpg
OCG1-1P03710,https://www.sevenfive.co.th/files/product/original/PRD176680542016.jpg
OCG1-1P03422,https://www.sevenfive.co.th/files/product/original/PRD176680542049.jpg
OCG1-1P03421,https://www.sevenfive.co.th/files/product/original/PRD176680542059.jpg
OCG1-1P03411,https://www.sevenfive.co.th/files/product/original/PRD176680542095.jpg
OCG1-1P03162,https://www.sevenfive.co.th/files/product/original/PRD176680541941.jpg
OCG1-1P03161,https://www.sevenfive.co.th/files/product/original/PRD176680541931.jpg
OCG1-1P03160,https://www.sevenfive.co.th/files/product/original/PRD176680541999.jpg
OCG1-1P02880,https://www.sevenfive.co.th/files/product/original/PRD176680541929.jpg
OCG1-1P02820,https://www.sevenfive.co.th/files/product/original/PRD176680541879.jpg
OCG1-1P02809,https://www.sevenfive.co.th/files/product/original/PRD176680541869.jpg
OCG1-1P02740,https://www.sevenfive.co.th/files/product/original/PRD17668054188.jpg
OCG1-1P02618,https://www.sevenfive.co.th/files/product/original/PRD176680541862.jpg
OCG1-1P02616,https://www.sevenfive.co.th/files/product/original/PRD176680541770.jpg
OCG1-1P02443,https://www.sevenfive.co.th/files/product/original/PRD176680541769.jpg
OCG1-1P02440,https://www.sevenfive.co.th/files/product/original/PRD176680541799.jpg
OCG1-1P02407,https://www.sevenfive.co.th/files/product/original/PRD17668054175.jpg
OCG1-1P02041,https://www.sevenfive.co.th/files/product/original/PRD176680541788.jpg
OCG1-1P01963,https://www.sevenfive.co.th/files/product/original/PRD176680541652.jpg
OCG1-1P01672,https://www.sevenfive.co.th/files/product/original/PRD176680541655.jpg
OCG1-1P01671,https://www.sevenfive.co.th/files/product/original/PRD176680541687.jpg
OCG1-1P01644,https://www.sevenfive.co.th/files/product/original/PRD176680541521.jpg
OCG1-1P01643,https://www.sevenfive.co.th/files/product/original/PRD176680541586.jpg
OCG1-1P01642,https://www.sevenfive.co.th/files/product/original/PRD176680541533.jpg
OCG1-1P01641,https://www.sevenfive.co.th/files/product/original/PRD176680541569.jpg
OCG1-1P01640,https://www.sevenfive.co.th/files/product/original/PRD176680541567.jpg
OCG1-1P00843,https://www.sevenfive.co.th/files/product/original/PRD176680541471.jpg
OCG1-1P00740,https://www.sevenfive.co.th/files/product/original/PRD176680541417.jpg
OCG1-1P00671,https://www.sevenfive.co.th/files/product/original/PRD17668054148.jpg
OCG1-1P00624,https://www.sevenfive.co.th/files/product/original/PRD17668054146.jpg
OCG1-1P00623,https://www.sevenfive.co.th/files/product/original/PRD176680541364.jpg
OCG1-1P00415,https://www.sevenfive.co.th/files/product/original/PRD176680541352.jpg
OCG1-1P00341,https://www.sevenfive.co.th/files/product/original/PRD17668054138.jpg
OCG1-1P00315,https://www.sevenfive.co.th/files/product/original/PRD176680541365.jpg
OCG1-1P00271,https://www.sevenfive.co.th/files/product/original/PRD176680541218.jpg
OCG1-1P00210,https://www.sevenfive.co.th/files/product/original/PRD176680541298.jpg
OCG1-1P00172,https://www.sevenfive.co.th/files/product/original/PRD176680541243.jpg
OCG1-1P00140,https://www.sevenfive.co.th/files/product/original/PRD176680541255.jpg
OCG1-1P00124,https://www.sevenfive.co.th/files/product/original/PRD176680541271.jpg
OCG1-1P00123,https://www.sevenfive.co.th/files/product/original/PRD176680541137.jpg
OCG1-1P00116,https://www.sevenfive.co.th/files/product/original/PRD176680541170.jpg
OCG1-1P00110,https://www.sevenfive.co.th/files/product/original/PRD176680541181.jpg
OCG1-1J14209,https://www.sevenfive.co.th/files/product/original/PRD176680541193.jpg
OCG1-1C24216,https://www.sevenfive.co.th/files/product/original/PRD176680541021.jpg
OCG1-1C24014,https://www.sevenfive.co.th/files/product/original/PRD176680541049.jpg
OCG1-1C18513,https://www.sevenfive.co.th/files/product/original/PRD176680541056.jpg
OCG1-1C18512,https://www.sevenfive.co.th/files/product/original/PRD176680541052.jpg
OCG1-1C18414,https://www.sevenfive.co.th/files/product/original/PRD176680541086.jpg
OCG1-1C13013,https://www.sevenfive.co.th/files/product/original/PRD17668054093.jpg
OCG1-1C13011,https://www.sevenfive.co.th/files/product/original/PRD176680540963.jpg
OCG1-1B24612,https://www.sevenfive.co.th/files/product/original/PRD17668054094.jpg
OCG1-1B24610,https://www.sevenfive.co.th/files/product/original/PRD176680540921.jpg
OCG1-1B24608,https://www.sevenfive.co.th/files/product/original/PRD176680540853.jpg
OCG1-1B24522,https://www.sevenfive.co.th/files/product/original/PRD176680540892.jpg
OCG1-1B22712,https://www.sevenfive.co.th/files/product/original/PRD176680540879.jpg
OCG1-1B22312,https://www.sevenfive.co.th/files/product/original/PRD176680540821.jpg
OCG1-1B21611,https://www.sevenfive.co.th/files/product/original/PRD176680540872.jpg
OCG1-1B21416,https://www.sevenfive.co.th/files/product/original/PRD17668054077.jpg
OCG1-1B21413,https://www.sevenfive.co.th/files/product/original/PRD176680540711.jpg
OCG1-1B21409,https://www.sevenfive.co.th/files/product/original/PRD176680540793.jpg
OCG1-1B21315,https://www.sevenfive.co.th/files/product/original/PRD176680540765.jpg
OCG1-1B21312,https://www.sevenfive.co.th/files/product/original/PRD176680540627.jpg
OCG1-1B19813,https://www.sevenfive.co.th/files/product/original/PRD176680540659.jpg
OCG1-1B19212,https://www.sevenfive.co.th/files/product/original/PRD176680540655.jpg
OCG1-1B18310,https://www.sevenfive.co.th/files/product/original/PRD17668054067.jpg
OCG1-1B17514,https://www.sevenfive.co.th/files/product/original/PRD176680540625.jpg
OCG1-1B17014,https://www.sevenfive.co.th/files/product/original/PRD176680540534.jpg
OCG1-1B17012,https://www.sevenfive.co.th/files/product/original/PRD176680540565.jpg
OCG1-1B16315,https://www.sevenfive.co.th/files/product/original/PRD176680540583.jpg
OCG1-1B13634,https://www.sevenfive.co.th/files/product/original/PRD176680540554.jpg
OCG1-1B13621,https://www.sevenfive.co.th/files/product/original/PRD176680540446.jpg
OCG1-1B13610,https://www.sevenfive.co.th/files/product/original/PRD17668054049.jpg
OCG1-1B13315,https://www.sevenfive.co.th/files/product/original/PRD176680540425.jpg
OCG1-1B13312,https://www.sevenfive.co.th/files/product/original/PRD176680540436.jpg
OCG1-1B13311,https://www.sevenfive.co.th/files/product/original/PRD176680540316.jpg
OCG1-1B13309,https://www.sevenfive.co.th/files/product/original/PRD176680540317.jpg
OCG1-1B13016,https://www.sevenfive.co.th/files/product/original/PRD176680540336.jpg
OCG1-1B12016,https://www.sevenfive.co.th/files/product/original/PRD176680540311.jpg
OCG1-1B12013,https://www.sevenfive.co.th/files/product/original/PRD176680540370.jpg
OCG1-1B12012,https://www.sevenfive.co.th/files/product/original/PRD176680540216.jpg
OCG1-1B12009,https://www.sevenfive.co.th/files/product/original/PRD176680540266.jpg
OCG1-1B11007,https://www.sevenfive.co.th/files/product/original/PRD176680540246.jpg
OCG1-1B07811,https://www.sevenfive.co.th/files/product/original/PRD176680540297.jpg
OCG1-1B07807,https://www.sevenfive.co.th/files/product/original/PRD176680540183.jpg
OCG1-1B07711,https://www.sevenfive.co.th/files/product/original/PRD176680540187.jpg
OCG1-1B07206,https://www.sevenfive.co.th/files/product/original/PRD176680540120.jpg
OCG1-1B06520,https://www.sevenfive.co.th/files/product/original/PRD176680540139.jpg
OCG1-1B06515,https://www.sevenfive.co.th/files/product/original/PRD176680540019.jpg
OCG1-1B05011,https://www.sevenfive.co.th/files/product/original/PRD176680540038.jpg
OCG1-1B04410,https://www.sevenfive.co.th/files/product/original/PRD176680540053.jpg
OCG1-1B03616,https://www.sevenfive.co.th/files/product/original/PRD176680540070.jpg
OCG1-1B02313,https://www.sevenfive.co.th/files/product/original/PRD176680539944.jpg
OCG1-1B02310,https://www.sevenfive.co.th/files/product/original/PRD176680539940.jpg
OCG1-1B02309,https://www.sevenfive.co.th/files/product/original/PRD176680539989.jpg
OCG1-1B02113,https://www.sevenfive.co.th/files/product/original/PRD176680539916.jpg
OCG1-1B02109,https://www.sevenfive.co.th/files/product/original/PRD176680539988.jpg
OCG1-1B01712,https://www.sevenfive.co.th/files/product/original/PRD176680539846.jpg
OCG1-1B01709,https://www.sevenfive.co.th/files/product/original/PRD176680539881.jpg
OCG1-1B01213,https://www.sevenfive.co.th/files/product/original/PRD176680539896.jpg
OCG1-1B01022,https://www.sevenfive.co.th/files/product/original/PRD176680539870.jpg
OCG1-1B00914,https://www.sevenfive.co.th/files/product/original/PRD176680539715.jpg
OCG1-1B00912,https://www.sevenfive.co.th/files/product/original/PRD176680539715.jpg
OCG1-1B00910,https://www.sevenfive.co.th/files/product/original/PRD176680539782.jpg
OCG1-1B00907,https://www.sevenfive.co.th/files/product/original/PRD176680539731.jpg
OCG1-1B00812,https://www.sevenfive.co.th/files/product/original/PRD176680539632.jpg
OCG1-1B00808,https://www.sevenfive.co.th/files/product/original/PRD176680539676.jpg
OCG1-1B00416,https://www.sevenfive.co.th/files/product/original/PRD176544019076.jpg
OCG1-1B00313,https://www.sevenfive.co.th/files/product/original/PRD176680539640.jpg
OCG1-1B00209,https://www.sevenfive.co.th/files/product/original/PRD17668053966.jpg
OCG1-1533K07,https://www.sevenfive.co.th/files/product/original/PRD176680539529.jpg
OCG1-1533E11,https://www.sevenfive.co.th/files/product/original/PRD176680539569.jpg
OCG1-1530G14,https://www.sevenfive.co.th/files/product/original/PRD17668053950.jpg
OCG1-1529B14,https://www.sevenfive.co.th/files/product/original/PRD176680539561.jpg
OCG1-1527C07,https://www.sevenfive.co.th/files/product/original/PRD176680539483.jpg
OCG1-1523W07,https://www.sevenfive.co.th/files/product/original/PRD176680539414.jpg
OCG1-1523R09,https://www.sevenfive.co.th/files/product/original/PRD176680539456.jpg
OCG1-1523F07,https://www.sevenfive.co.th/files/product/original/PRD176680539443.jpg
OCG1-1521F06,https://www.sevenfive.co.th/files/product/original/PRD176680539435.jpg
OCG1-1521C07,https://www.sevenfive.co.th/files/product/original/PRD176680539393.jpg
OCG1-1501X12,https://www.sevenfive.co.th/files/product/original/PRD176680539354.jpg
OCG1-1501P04,https://www.sevenfive.co.th/files/product/original/PRD176680539338.jpg
OCG1-1501L02,https://www.sevenfive.co.th/files/product/original/PRD176680539334.jpg
OCG1-1501L01,https://www.sevenfive.co.th/files/product/original/PRD176680539278.jpg
OCG1-1501J11,https://www.sevenfive.co.th/files/product/original/PRD176680539277.jpg
OCG1-1501C03,https://www.sevenfive.co.th/files/product/original/PRD176680539243.jpg
OCG1-1032R15,https://www.sevenfive.co.th/files/product/original/PRD176680539283.jpg
OCG1-1032F08,https://www.sevenfive.co.th/files/product/original/PRD176680539215.jpg
OCG1-1026W12,https://www.sevenfive.co.th/files/product/original/PRD176680539150.jpg
OCG1-1026G14,https://www.sevenfive.co.th/files/product/original/PRD176680539154.jpg
OCG1-1026F07,https://www.sevenfive.co.th/files/product/original/PRD17668053917.jpg
OCG1-1026D22,https://www.sevenfive.co.th/files/product/original/PRD176680539191.jpg
OCG1-1026A21,https://www.sevenfive.co.th/files/product/original/PRD17668053906.jpg
OCG1-1019W08,https://www.sevenfive.co.th/files/product/original/PRD176680539075.jpg
OCG1-1019R16,https://www.sevenfive.co.th/files/product/original/PRD176680539065.jpg
OCG1-1019R11,https://www.sevenfive.co.th/files/product/original/PRD176680539067.jpg
OCG1-1019G13,https://www.sevenfive.co.th/files/product/original/PRD176680539092.jpg
OCG1-1019F06,https://www.sevenfive.co.th/files/product/original/PRD176680538940.jpg
OCG1-1019C07,https://www.sevenfive.co.th/files/product/original/PRD176680538950.jpg
OCG1-1015N22,https://www.sevenfive.co.th/files/product/original/PRD176680538928.jpg
OCG1-1015M12,https://www.sevenfive.co.th/files/product/original/PRD176680538985.jpg
OCG1-1015C10,https://www.sevenfive.co.th/files/product/original/PRD17668053880.jpg
NTS1-HL-500A1-270-SV,https://www.sevenfive.co.th/files/product/original/PRD176967951340.jpg
ATT1-LF-95S,https://www.sevenfive.co.th/files/product/original/PRD176420702728.jpg
ATT1-LF-6LY,https://www.sevenfive.co.th/files/product/original/PRD176420702745.jpg
ATT1-ATT-95N,https://www.sevenfive.co.th/files/product/original/PRD176420702723.jpg
PIM1-BLD-2200W-M,https://www.sevenfive.co.th/files/product/original/PRDf2c3102085472f4fd153ba993123d6d2.jpg
CAM1-1000-504,https://www.sevenfive.co.th/files/product/original/PRD17631130520.jpg
CAM1-1200-504,https://www.sevenfive.co.th/files/product/original/PRD176311305234.jpg
CAM1-1000-538,https://www.sevenfive.co.th/files/product/original/PRD176311305171.jpg
CAM1-1200-538,https://www.sevenfive.co.th/files/product/original/PRD176311305110.jpg
CAM1-1000-220,https://www.sevenfive.co.th/files/product/original/PRD176311305112.jpg
PIM1-EPM-135W-8.5,https://www.sevenfive.co.th/files/product/original/PRDc5eaa8bd485d9a10e43118f760d59f1d.jpg
PIM1-EPM-135W-9.3,https://www.sevenfive.co.th/files/product/original/PRD17630968937.jpg
NTS1-CD-6L-R,https://www.sevenfive.co.th/files/product/original/PRD8a36b1d39353fd8096da6dd52df3a17b.jpg
LIN1-LGR2,https://www.sevenfive.co.th/files/product/original/PRD50f8455936b5ee692a0cf7ec6e023414.jpg
LIN1-LGR,https://www.sevenfive.co.th/files/product/original/PRD612ae3acca2ad073ccdb3ee9f72babe9.jpg
LIN1-LDPO-S,https://www.sevenfive.co.th/files/product/original/PRD7a4732e0e4ad2c666c53f79fce216280.jpg
LIN1-LDPO-R,https://www.sevenfive.co.th/files/product/original/PRDd8c130e95c8a358494c4ccc3c4c1db8b.jpg
LIN1-LDPO-B,https://www.sevenfive.co.th/files/product/original/PRD790ef62dbfd16dd3b48749dd1bf7e26d.jpg
LIN1-LD3,https://www.sevenfive.co.th/files/product/original/PRD0e9d659bc28c7693fb2f8f45b01ed95c.jpg
LIN1-DF66,https://www.sevenfive.co.th/files/product/original/PRD62215096e7d49f81e26ff1758014b69f.jpg
LIN1-CIBOPLUS-B,https://www.sevenfive.co.th/files/product/original/PRD3c604ae0f54fea296fa96d2ff2f500e0.jpg
TOA2-1000105,https://www.sevenfive.co.th/files/product/original/PRD176639064814.jpg
TOA2-1800105,https://www.sevenfive.co.th/files/product/original/PRDc78c52fde7f83e3b84237ed30070dcc3.jpg
ROB2-ES0286,https://www.sevenfive.co.th/files/product/original/PRDbf8a8c1a6eab448c0624e715a2d832af.jpg
TOA2-S1170337,https://www.sevenfive.co.th/files/product/original/PRD17663906503.jpg
TOA2-52244,https://www.sevenfive.co.th/files/product/original/PRD17628511132.jpg
TOA2-1850191,https://www.sevenfive.co.th/files/product/original/PRD176639064942.jpg
TOA2-1700563,https://www.sevenfive.co.th/files/product/original/PRD176639064968.jpg
COG2-215042-5,https://www.sevenfive.co.th/files/product/original/PRD175653846793.jpg
NTS2-WDV-02,https://www.sevenfive.co.th/files/product/original/PRD9b09ed601335a86328699394df3e1842.jpg
NTS2-WDV-01,https://www.sevenfive.co.th/files/product/original/PRDf76c157a674add9e4d4a7e5ed6084b5b.jpg
HAT1-RCTHW2-3,https://www.sevenfive.co.th/files/product/original/PRDbdad9e2f1a5babc5aff9aa25b4e2cfdd.jpg
NTS2-HL-001-PHL,https://www.sevenfive.co.th/files/product/original/PRD6e2e1c8ad33d65585849af26985729f0.jpg
TOA2-1850853,https://www.sevenfive.co.th/files/product/original/PRD5a9be7144d946420a578baf92b63fcce.jpg
KIT2-16998,https://www.sevenfive.co.th/files/product/original/PRD71e4382302067d5e4a563e39d4cb8ec8.jpg
KIT2-3184176,https://www.sevenfive.co.th/files/product/original/PRDa47d2f7a0134edbc4cf62ec35a1f2e57.jpg
TOA1-TMHHC-14PB,https://www.sevenfive.co.th/files/product/original/PRD91b4b420bb4c515112dfe3da32dad3ec.jpg
KIT2-4176230,https://www.sevenfive.co.th/files/product/original/PRDdb62e2edf6b533ca3f41fc68e5a42cdb.jpg
PIM2-70100801728L,https://www.sevenfive.co.th/files/product/original/PRDa0ad030a0abdb2793264c086bc80cf56.jpg
PIM2-70100410846L,https://www.sevenfive.co.th/files/product/original/PRD491c1dacf37fa8cb8072553d022ded7c.jpg
ROL2-D02026,https://www.sevenfive.co.th/files/product/original/PRDfe8094bdcff1354e60ae41904df5daae.jpg
ROE2-103185,https://www.sevenfive.co.th/files/product/original/PRD11d66a1ef3b70ae28bf7aa90dbd50ec3.jpg
SIR2-IW2071220210,https://www.sevenfive.co.th/files/product/original/PRDacb83b2823031728edb4ccfccd3047b9.jpg
SIR1-DOLOMITI-10T-1-1-60X40-R290,https://www.sevenfive.co.th/files/product/original/PRD9bc036e61bb02ff2f2cbf4145c468858.jpg
PMF2-5I100022,https://www.sevenfive.co.th/files/product/original/PRDbc5b09d9af3040a0d0941b7bc6f11aba.jpg
PIM1-YXD-1AE-R,https://www.sevenfive.co.th/files/product/original/PRD9e1d8ef36e8fe885003467d767382b05.jpg
HAM2-990182200,https://www.sevenfive.co.th/files/product/original/PRD176604796212.jpg
HAM1-6126-HBF600R,https://www.sevenfive.co.th/files/product/original/PRD176604796251.jpg
PMF2-5M010505,https://www.sevenfive.co.th/files/product/original/PRD176181725672.jpg
PMF2-8K010130,https://www.sevenfive.co.th/files/product/original/PRD176181725795.jpg
NTS1-BTTR-1130,https://www.sevenfive.co.th/files/product/original/PRD4f137182c2cf33c987487c4b1ced8f64.jpg
PIM1-WHISK185,https://www.sevenfive.co.th/files/product/original/PRDd0a347c5ace365bdb0ef1e649679bb20.jpg
ROB2-SS2999,https://www.sevenfive.co.th/files/product/original/PRD802c555a5e8254db527ca3615b1a8d6f.jpg
HAM1-HBF600R-CE,https://www.sevenfive.co.th/files/product/original/PRD7339341f12488c26f3e34716be4f97ca.jpg
BER1-JD318MIX25,https://www.sevenfive.co.th/files/product/original/PRDaff1e5fa7cf4622c8f64e5599c1ea8f1.jpg
SIR2-IGS816303,https://www.sevenfive.co.th/files/product/original/PRD176162345963.jpg
SIR2-19335055.11,https://www.sevenfive.co.th/files/product/original/PRD176162345960.jpg
SIR1-11001500,https://www.sevenfive.co.th/files/product/original/PRD13fc1603ad3edaefd70ea7b20c62f974.jpg
KTC1-189-001,https://www.sevenfive.co.th/files/product/original/PRD6c97d4ecbd4a911ab04c65be1971d4fa.jpg
PIM1-NYGF300-RFT,https://www.sevenfive.co.th/files/product/original/PRD1b293c98be29cfd91d31154bd1c3fbe5.jpg
PIM1-STD-GHP-2B-60K,https://www.sevenfive.co.th/files/product/original/PRDa1aab99a3ec6131ff7e49cfa52beb0f3.jpg
SIR2-MSC06N076,https://www.sevenfive.co.th/files/product/original/PRD3406cb7dbc488e6a3bfdc4dc4c30e1a0.png
PIM1-KIT-LRB24-NR,https://www.sevenfive.co.th/files/product/original/PRD17612847304.jpg
PIM1-KIT-LRB14-NR,https://www.sevenfive.co.th/files/product/original/PRD17612847297.jpg
PIM1-STD-GHP-6B-180K,https://www.sevenfive.co.th/files/product/original/PRD176128473087.jpg
PIM1-STD-GHP-4B-120K,https://www.sevenfive.co.th/files/product/original/PRD176128473036.jpg
PIM1-STD-GLB-40K,https://www.sevenfive.co.th/files/product/original/PRD17612847312.jpg
PIM1-STD-GGD-33M-30K,https://www.sevenfive.co.th/files/product/original/PRD176128473063.jpg
PIM1-GGD-60M-60K-SV,https://www.sevenfive.co.th/files/product/original/PRD176128472763.jpg
PIM1-GGD-33M-30K-SV,https://www.sevenfive.co.th/files/product/original/PRD17612847274.jpg
PIM1-GLB-80K-SV,https://www.sevenfive.co.th/files/product/original/PRD176128472851.jpg
PIM1-GLB-40K-SV,https://www.sevenfive.co.th/files/product/original/PRD176128472895.jpg
PIM1-GRB-80K-SV,https://www.sevenfive.co.th/files/product/original/PRD176128472915.jpg
PIM1-GRB-40K-SV,https://www.sevenfive.co.th/files/product/original/PRD176128472998.jpg
PIM1-GHP-6B-180K,https://www.sevenfive.co.th/files/product/original/PRD176128472860.jpg
PIM1-GHP-4B-120K,https://www.sevenfive.co.th/files/product/original/PRD176128472899.jpg
PIM1-GHP-2B-60K,https://www.sevenfive.co.th/files/product/original/PRD176128472815.jpg
CAM1-90CWLN-135,https://www.sevenfive.co.th/files/product/original/PRD899f89a1e54dddaac601e0f226cbf1c6.jpg
PIM2-ESK-10-CON,https://www.sevenfive.co.th/files/product/original/PRD176889926977.jpg
BES2-32065900,https://www.sevenfive.co.th/files/product/original/PRD8d723cd7a541d3e1cc4994664f01c1ae.jpg
PUJ1-110.202,https://www.sevenfive.co.th/files/product/original/PRD37960c4cc670129cace506e481d235ea.jpg
MID2-60679,https://www.sevenfive.co.th/files/product/original/PRD1634e6430fa20c902c118244bde43830.jpg
PIM2-ESK-10-03,https://www.sevenfive.co.th/files/product/original/PRD176889926931.jpg
ROL1-RBE200,https://www.sevenfive.co.th/files/product/original/PRD176785877758.jpg
PIM2-301040898,https://www.sevenfive.co.th/files/product/original/PRD176889926842.jpg
ROE1-R3-3000,https://www.sevenfive.co.th/files/product/original/PRD176785877534.jpg
ROE1-R4A-TRI-230V-50HZ-3P,https://www.sevenfive.co.th/files/product/original/PRD177261676347.jpg
SIR2-LF1533000S,https://www.sevenfive.co.th/files/product/original/PRD17607713245.jpg
SIR2-LF029916,https://www.sevenfive.co.th/files/product/original/PRD176077132461.jpg
SIR2-LF2029989,https://www.sevenfive.co.th/files/product/original/PRD176077132427.jpg
TBA2-KUF60DL0102,https://www.sevenfive.co.th/files/product/original/PRD176077228896.jpg
TBA2-KF6CD00106,https://www.sevenfive.co.th/files/product/original/PRD176077228798.jpg
TBA2-K1D4400306,https://www.sevenfive.co.th/files/product/original/PRD176077228740.jpg
TBA2-K2FP419103,https://www.sevenfive.co.th/files/product/original/PRD176077228710.jpg
TBA2-KG30311105,https://www.sevenfive.co.th/files/product/original/PRD176077228838.jpg
TBA2-K3F0624105,https://www.sevenfive.co.th/files/product/original/PRD176077228780.jpg
PIM1-PFB14-BK,https://www.sevenfive.co.th/files/product/original/PRD48b7b8763ef300855f9172d54b5ae663.jpg
ROE2-89237,https://www.sevenfive.co.th/files/product/original/PRD4bc848ad34c689326b96e7848283b384.jpg
HAT2-02.05.674.00,https://www.sevenfive.co.th/files/product/original/PRD63438eb11bd6372c1eb345b40e0a3d35.jpg
PIM1-CHL18-3D-L-750MM,https://www.sevenfive.co.th/files/product/original/PRD176128468287.jpg
ARC1-05273,https://www.sevenfive.co.th/files/product/original/PRD176861990133.jpg
BER2-SENSOR-SWITCH,https://www.sevenfive.co.th/files/product/original/PRD175990075290.jpg
BER2-IC-VCM-TAPE,https://www.sevenfive.co.th/files/product/original/PRD175990075212.jpg
PRC1-KK-TNG201PVDB,https://www.sevenfive.co.th/files/product/original/PRD5dd340df91f21182106cf4d0cf1ef6f8.jpg
TOP2-98-HTF,https://www.sevenfive.co.th/files/product/original/PRD176759302637.jpg
KIT2-9703905,https://www.sevenfive.co.th/files/product/original/PRD17595473925.jpg
KIT2-4162101,https://www.sevenfive.co.th/files/product/original/PRD175954739216.jpg
KIT2-4161697,https://www.sevenfive.co.th/files/product/original/PRD175954739130.jpg
KIT2-4160965,https://www.sevenfive.co.th/files/product/original/PRD175954739123.jpg
KIT2-4159662,https://www.sevenfive.co.th/files/product/original/PRD175954739114.jpg
KIT2-3177975,https://www.sevenfive.co.th/files/product/original/PRD175954739138.jpg
TOP2-M98E-H,https://www.sevenfive.co.th/files/product/original/PRD176759302712.jpg
ROE1-MP800T-LED,https://www.sevenfive.co.th/files/product/original/PRD177261676149.jpg
ROE1-MP350VV-ULTRA-LED,https://www.sevenfive.co.th/files/product/original/PRD176622292975.jpg
ROE1-MINI-MP-160VV.A,https://www.sevenfive.co.th/files/product/original/PRD176622292916.jpg
ROE1-MICRO-MIX,https://www.sevenfive.co.th/files/product/original/PRD2a95b8715f49b7042c3fb771cbde35d8.jpg
COG2-67806,https://www.sevenfive.co.th/files/product/original/PRDd509c04b13331f9a0fc3fe3e8502752f.jpg
LKK1-EB-2F,https://www.sevenfive.co.th/files/product/original/PRD17678587662.jpg
PUJ1-209.032A,https://www.sevenfive.co.th/files/product/original/PRD175937458716.jpg
PUJ1-120.000A,https://www.sevenfive.co.th/files/product/original/PRD175937457460.jpg
PUJ1-110.000A,https://www.sevenfive.co.th/files/product/original/PRD175937457322.jpg
PUJ1-46789,https://www.sevenfive.co.th/files/product/original/PRD175937458957.jpg
PUJ1-985.000,https://www.sevenfive.co.th/files/product/original/PRD17593746005.jpg
PUJ1-24413,https://www.sevenfive.co.th/files/product/original/PRD175937458849.jpg
PUJ1-24710,https://www.sevenfive.co.th/files/product/original/PRD175937458872.jpg
PUJ1-24713,https://www.sevenfive.co.th/files/product/original/PRD175937458941.jpg
PUJ1-24712,https://www.sevenfive.co.th/files/product/original/PRD17593745895.jpg
PUJ1-120.6F3G,https://www.sevenfive.co.th/files/product/original/PRD175937457443.jpg
PUJ1-120.6F3N,https://www.sevenfive.co.th/files/product/original/PRD175937457525.jpg
PUJ1-120.6F3A,https://www.sevenfive.co.th/files/product/original/PRD175937457499.jpg
PUJ1-110.6F3,https://www.sevenfive.co.th/files/product/original/PRD175937457394.jpg
PUJ1-110.6F3R,https://www.sevenfive.co.th/files/product/original/PRD17593745740.jpg
PUJ1-110.6F3A,https://www.sevenfive.co.th/files/product/original/PRD175937457356.jpg
PUJ1-154.032,https://www.sevenfive.co.th/files/product/original/PRD175937458438.jpg
PUJ1-154.028,https://www.sevenfive.co.th/files/product/original/PRD17593745846.jpg
PUJ1-154.024,https://www.sevenfive.co.th/files/product/original/PRD175937458480.jpg
PUJ1-141.032B,https://www.sevenfive.co.th/files/product/original/PRD175937457669.jpg
PUJ1-141.028B,https://www.sevenfive.co.th/files/product/original/PRD17689727898.jpg
PUJ1-141.024B,https://www.sevenfive.co.th/files/product/original/PRD175937457683.jpg
PUJ1-152.035B,https://www.sevenfive.co.th/files/product/original/PRD175937458493.jpg
PUJ1-23825,https://www.sevenfive.co.th/files/product/original/PRD175937458899.jpg
PUJ1-80790,https://www.sevenfive.co.th/files/product/original/PRD175937459933.jpg
PUJ1-909.559,https://www.sevenfive.co.th/files/product/original/PRD175937460035.jpg
PUJ1-872.500,https://www.sevenfive.co.th/files/product/original/PRD17593745993.jpg
PUJ1-490242-130554,https://www.sevenfive.co.th/files/product/original/PRD175937459986.jpg
PUJ1-490242-130544,https://www.sevenfive.co.th/files/product/original/PRD175937459967.jpg
PUJ1-490242-130513,https://www.sevenfive.co.th/files/product/original/PRD175937459836.jpg
PUJ1-490242-130508,https://www.sevenfive.co.th/files/product/original/PRD175937459870.jpg
PUJ1-490242-130502,https://www.sevenfive.co.th/files/product/original/PRD175937459880.jpg
PUJ1-490242-130501,https://www.sevenfive.co.th/files/product/original/PRD175937459876.jpg
PUJ1-169.030,https://www.sevenfive.co.th/files/product/original/PRD17593745858.jpg
PUJ1-169.028,https://www.sevenfive.co.th/files/product/original/PRD175937458526.jpg
PUJ1-169.024,https://www.sevenfive.co.th/files/product/original/PRD175937458519.jpg
PUJ1-169.020,https://www.sevenfive.co.th/files/product/original/PRD175937458431.jpg
PUJ1-135.140,https://www.sevenfive.co.th/files/product/original/PRD17593745766.jpg
PUJ1-135.132,https://www.sevenfive.co.th/files/product/original/PRD175937457584.jpg
PUJ1-135.128,https://www.sevenfive.co.th/files/product/original/PRD175937457554.jpg
PUJ1-135.124,https://www.sevenfive.co.th/files/product/original/PRD175937457563.jpg
PUJ1-135.120,https://www.sevenfive.co.th/files/product/original/PRD175937457525.jpg
PUJ1-995.040,https://www.sevenfive.co.th/files/product/original/PRD17593746023.jpg
PUJ1-995.038,https://www.sevenfive.co.th/files/product/original/PRD175937460164.jpg
PUJ1-995.034,https://www.sevenfive.co.th/files/product/original/PRD175937460181.jpg
PUJ1-995.032,https://www.sevenfive.co.th/files/product/original/PRD17593746011.jpg
PUJ1-995.030,https://www.sevenfive.co.th/files/product/original/PRD175937460065.jpg
PUJ1-995.026,https://www.sevenfive.co.th/files/product/original/PRD175937460075.jpg
PUJ1-995.020,https://www.sevenfive.co.th/files/product/original/PRD175937460053.jpg
PUJ1-143.045,https://www.sevenfive.co.th/files/product/original/PRD175937457711.jpg
PUJ1-143.043,https://www.sevenfive.co.th/files/product/original/PRD175937457754.jpg
PUJ1-145.328,https://www.sevenfive.co.th/files/product/original/PRD175937458324.jpg
PUJ1-144.428T,https://www.sevenfive.co.th/files/product/original/PRD175937458325.jpg
PUJ1-144.424T,https://www.sevenfive.co.th/files/product/original/PRD175937458352.jpg
PUJ1-144.420T,https://www.sevenfive.co.th/files/product/original/PRD175937458271.jpg
PUJ1-144.040,https://www.sevenfive.co.th/files/product/original/PRD17593745794.jpg
PUJ1-144.036,https://www.sevenfive.co.th/files/product/original/PRD175937457877.jpg
PUJ1-144.032,https://www.sevenfive.co.th/files/product/original/PRD17593745786.jpg
PUJ1-144.028,https://www.sevenfive.co.th/files/product/original/PRD175937457863.jpg
PUJ1-144.024,https://www.sevenfive.co.th/files/product/original/PRD175937457852.jpg
PUJ1-144.020,https://www.sevenfive.co.th/files/product/original/PRD175937457713.jpg
PUJ1-144.016,https://www.sevenfive.co.th/files/product/original/PRD175937457796.jpg
PUJ1-144.428,https://www.sevenfive.co.th/files/product/original/PRD175937458398.jpg
PUJ1-144.424,https://www.sevenfive.co.th/files/product/original/PRD17689727902.jpg
PUJ1-144.420,https://www.sevenfive.co.th/files/product/original/PRD176897279040.jpg
PUJ1-144.240,https://www.sevenfive.co.th/files/product/original/PRD175937458219.jpg
PUJ1-144.236,https://www.sevenfive.co.th/files/product/original/PRD17593745818.jpg
PUJ1-144.232,https://www.sevenfive.co.th/files/product/original/PRD17593745818.jpg
PUJ1-144.228,https://www.sevenfive.co.th/files/product/original/PRD175937458111.jpg
PUJ1-144.224,https://www.sevenfive.co.th/files/product/original/PRD175937458121.jpg
PUJ1-144.220,https://www.sevenfive.co.th/files/product/original/PRD175937458025.jpg
PUJ1-144.216,https://www.sevenfive.co.th/files/product/original/PRD175937458060.jpg
PUJ1-144.140,https://www.sevenfive.co.th/files/product/original/PRD175937458050.jpg
PUJ1-144.136,https://www.sevenfive.co.th/files/product/original/PRD175937458034.jpg
PUJ1-144.132,https://www.sevenfive.co.th/files/product/original/PRD175937457968.jpg
PUJ1-144.128,https://www.sevenfive.co.th/files/product/original/PRD175937457968.jpg
PUJ1-144.124,https://www.sevenfive.co.th/files/product/original/PRD175937457953.jpg
PUJ1-144.120,https://www.sevenfive.co.th/files/product/original/PRD175937457973.jpg
PUJ1-490.016A,https://www.sevenfive.co.th/files/product/original/PRD175937458956.jpg
PUJ1-490.016R,https://www.sevenfive.co.th/files/product/original/PRD175937459088.jpg
PUJ1-490.016N,https://www.sevenfive.co.th/files/product/original/PRD175937459049.jpg
PUJ1-490.016G,https://www.sevenfive.co.th/files/product/original/PRD176897279057.jpg
PUJ1-490.932A,https://www.sevenfive.co.th/files/product/original/PRD175937459781.jpg
PUJ1-490.932R,https://www.sevenfive.co.th/files/product/original/PRD175937459838.jpg
PUJ1-490.932N,https://www.sevenfive.co.th/files/product/original/PRD175937459716.jpg
PUJ1-490.932G,https://www.sevenfive.co.th/files/product/original/PRD175937459774.jpg
PUJ1-490.928A,https://www.sevenfive.co.th/files/product/original/PRD175937459689.jpg
PUJ1-490.928R,https://www.sevenfive.co.th/files/product/original/PRD175937459780.jpg
PUJ1-490.928N,https://www.sevenfive.co.th/files/product/original/PRD175937459683.jpg
PUJ1-490.928G,https://www.sevenfive.co.th/files/product/original/PRD175937459681.jpg
PUJ1-490.732A,https://www.sevenfive.co.th/files/product/original/PRD175937459516.jpg
PUJ1-490.732R,https://www.sevenfive.co.th/files/product/original/PRD17593745966.jpg
PUJ1-490.732N,https://www.sevenfive.co.th/files/product/original/PRD175937459688.jpg
PUJ1-490.732G,https://www.sevenfive.co.th/files/product/original/PRD175937459554.jpg
PUJ1-490.728A,https://www.sevenfive.co.th/files/product/original/PRD175937459551.jpg
PUJ1-490.728R,https://www.sevenfive.co.th/files/product/original/PRD175937459565.jpg
PUJ1-490.724A,https://www.sevenfive.co.th/files/product/original/PRD175937459464.jpg
PUJ1-490.724R,https://www.sevenfive.co.th/files/product/original/PRD175937459571.jpg
PUJ1-490.724N,https://www.sevenfive.co.th/files/product/original/PRD175937459476.jpg
PUJ1-490.724G,https://www.sevenfive.co.th/files/product/original/PRD175937459470.jpg
PUJ1-490.632A,https://www.sevenfive.co.th/files/product/original/PRD175937459335.jpg
PUJ1-490.632R,https://www.sevenfive.co.th/files/product/original/PRD175937459473.jpg
PUJ1-490.632N,https://www.sevenfive.co.th/files/product/original/PRD175937459320.jpg
PUJ1-490.632G,https://www.sevenfive.co.th/files/product/original/PRD175937459380.jpg
PUJ1-490.628A,https://www.sevenfive.co.th/files/product/original/PRD175937459292.jpg
PUJ1-490.628R,https://www.sevenfive.co.th/files/product/original/PRD175937459384.jpg
PUJ1-490.628N,https://www.sevenfive.co.th/files/product/original/PRD17593745925.jpg
PUJ1-490.628G,https://www.sevenfive.co.th/files/product/original/PRD175937459220.jpg
PUJ1-490.624A,https://www.sevenfive.co.th/files/product/original/PRD175937459145.jpg
PUJ1-490.624R,https://www.sevenfive.co.th/files/product/original/PRD17593745926.jpg
PUJ1-490.624N,https://www.sevenfive.co.th/files/product/original/PRD175937459190.jpg
PUJ1-490.624G,https://www.sevenfive.co.th/files/product/original/PRD175937459126.jpg
PUJ1-490.620A,https://www.sevenfive.co.th/files/product/original/PRD175937459011.jpg
PUJ1-490.620R,https://www.sevenfive.co.th/files/product/original/PRD175937459146.jpg
PUJ1-490.620N,https://www.sevenfive.co.th/files/product/original/PRD175937459079.jpg
PUJ1-490.620G,https://www.sevenfive.co.th/files/product/original/PRD175937459012.jpg
CHE1-PROCLEAN10-20L,https://www.sevenfive.co.th/files/product/original/PRDe8fb0e42319eabb27d1dd737faa36844.jpg
SIR1-EASYVAC-TOUCH-25-BX,https://www.sevenfive.co.th/files/product/original/PRD13a967df8f332c11a437d17e4ebe30f9.jpg
SIR1-VERTIGO-30,https://www.sevenfive.co.th/files/product/original/PRDe5d3500979e2b795b9553948f049689c.jpg
SIR1-SOFTCOOKER-XP-CE,https://www.sevenfive.co.th/files/product/original/PRD01385b95a67584213be8419aaaf03923.jpg
SIR1-SOFTCOOKER-WI-FOOD-2,https://www.sevenfive.co.th/files/product/original/PRD98d2438463ca26ba2bf168d488e7178d.jpg
SIR1-SOFTCOOKER-LIGHT,https://www.sevenfive.co.th/files/product/original/PRD1465321696e1d1aedaba4261992fc25c.jpg
PIM1-TB-RL-D260,https://www.sevenfive.co.th/files/product/original/PRDf33932fa9a274e1c35b234ce7152c4b5.jpg
PIM1-INTLFT-6D,https://www.sevenfive.co.th/files/product/original/PRDbf3315e907454ee303dfa3274f2fadda.jpg
PIM1-TB-RL-D300,https://www.sevenfive.co.th/files/product/original/PRD6a7da9a85829840d3d8266c38cf340ac.jpg
PIM1-CT8-2,https://www.sevenfive.co.th/files/product/original/PRD21b4d857a323b69fea3acd19e0e7ffd1.jpg
ROL2-H03010,https://www.sevenfive.co.th/files/product/original/PRDe765131fd84a036851d42bb546d03a84.jpg
ROE1-28205,https://www.sevenfive.co.th/files/product/original/PRD177261675668.jpg
ROE1-28051,https://www.sevenfive.co.th/files/product/original/PRD177261675470.jpg
ROE1-28058,https://www.sevenfive.co.th/files/product/original/PRD177261675472.jpg
ROE1-28059,https://www.sevenfive.co.th/files/product/original/PRD177261675457.jpg
ROE1-28061,https://www.sevenfive.co.th/files/product/original/PRD177261675582.jpg
ROE1-28110,https://www.sevenfive.co.th/files/product/original/PRD177261675567.jpg
ROE1-28114,https://www.sevenfive.co.th/files/product/original/PRD177261675593.jpg
ROE1-28130,https://www.sevenfive.co.th/files/product/original/PRD17726167567.jpg
COG2-80389,https://www.sevenfive.co.th/files/product/original/PRD175937513165.jpg
ROE1-27286,https://www.sevenfive.co.th/files/product/original/PRD177261675426.jpg
ROE1-27288,https://www.sevenfive.co.th/files/product/original/PRD176785877060.jpg
MID2-78159,https://www.sevenfive.co.th/files/product/original/PRD175773200710.jpg
EDL1-CM1000S-S,https://www.sevenfive.co.th/files/product/original/PRDc349d20c9b45787510bf60149a456496.jpg
COG2-K80240,https://www.sevenfive.co.th/files/product/original/PRD175937513245.jpg
COG2-115166,https://www.sevenfive.co.th/files/product/original/PRD175937512959.jpg
COG2-80638,https://www.sevenfive.co.th/files/product/original/PRD17593751314.jpg
ROE1-BLIXER2D,https://www.sevenfive.co.th/files/product/original/PRD175817452723.jpg
ROE2-27356,https://www.sevenfive.co.th/files/product/original/PRD176067148986.jpg
ROE2-39868,https://www.sevenfive.co.th/files/product/original/PRD176067149063.jpg
ROE1-BLIXER3,https://www.sevenfive.co.th/files/product/original/PRD176785877434.jpg
HAT1-TM-10H,https://www.sevenfive.co.th/files/product/original/PRD175817452694.jpg
HAM1-HMI009-CE,https://www.sevenfive.co.th/files/product/original/PRD175817452515.jpg
HAM1-HBH550R-CE,https://www.sevenfive.co.th/files/product/original/PRD175817452541.jpg
MBM2-RTCU700274,https://www.sevenfive.co.th/files/product/original/PRD176604796420.jpg
MBM2-RTCU700374,https://www.sevenfive.co.th/files/product/original/PRD176604796465.jpg
PIM1-CF5-68-10C,https://www.sevenfive.co.th/files/product/original/PRDe7805cd8dcf37512d10ea226aac8c6d6.jpg
BKP2-2F-T1212A,https://www.sevenfive.co.th/files/product/original/PRD43ab03c9453ab9c7cc287f61865d60cc.jpg
STA2-2M-Z3337,https://www.sevenfive.co.th/files/product/original/PRD175799434287.jpg
STA2-2I-05-07-0013,https://www.sevenfive.co.th/files/product/original/PRD175799434277.jpg
STA2-PS-Z9326,https://www.sevenfive.co.th/files/product/original/PRD175799434677.jpg
STA2-2N-Z9327,https://www.sevenfive.co.th/files/product/original/PRD175799434459.jpg
STA2-2R-Z22153,https://www.sevenfive.co.th/files/product/original/PRD17579943441.jpg
STA2-2E-05-07-0350,https://www.sevenfive.co.th/files/product/original/PRD175799433891.jpg
STA2-2E-Z3335,https://www.sevenfive.co.th/files/product/original/PRD175799434187.jpg
STA2-2E-Z2894,https://www.sevenfive.co.th/files/product/original/PRD17579943401.jpg
STA2-2E-Y9253,https://www.sevenfive.co.th/files/product/original/PRD175799433967.jpg
STA2-2E-Y9251,https://www.sevenfive.co.th/files/product/original/PRD175799433859.jpg
STA2-2E-Z3808,https://www.sevenfive.co.th/files/product/original/PRD175799434167.jpg
STA2-2E-Z3278,https://www.sevenfive.co.th/files/product/original/PRD175799434044.jpg
VTS2-0VT561,https://www.sevenfive.co.th/files/product/original/PRD175757933260.jpg
VTS2-0VT123,https://www.sevenfive.co.th/files/product/original/PRD175757933116.jpg
VTS2-0VT922,https://www.sevenfive.co.th/files/product/original/PRD175757933299.jpg
VTS2-0VT016,https://www.sevenfive.co.th/files/product/original/PRD175757933094.jpg
VTS2-0VT051,https://www.sevenfive.co.th/files/product/original/PRD175757933166.jpg
PIM2-PFB-18SC-007,https://www.sevenfive.co.th/files/product/original/PRD175749688254.jpg
PIM2-PFB-18SC-006,https://www.sevenfive.co.th/files/product/original/PRD175749688263.jpg
PIM2-PFB-18SC-005,https://www.sevenfive.co.th/files/product/original/PRD175749688178.jpg
PIM2-PFB-18SC-004,https://www.sevenfive.co.th/files/product/original/PRD175749688127.jpg
PIM2-PFB-18SC-003,https://www.sevenfive.co.th/files/product/original/PRD175749688040.jpg
PIM2-PFB-18SC-002,https://www.sevenfive.co.th/files/product/original/PRD175749688036.jpg
PIM2-PFB-18SC-001,https://www.sevenfive.co.th/files/product/original/PRD175749687951.jpg
STA2-2J-Z3263,https://www.sevenfive.co.th/files/product/original/PRD17577320084.jpg
STA2-SD9-GR0529,https://www.sevenfive.co.th/files/product/original/PRD175773200868.jpg
PIM2-DFM8LY-PPB,https://www.sevenfive.co.th/files/product/original/PRD175749687763.jpg
PIM2-DFM8LY-SS,https://www.sevenfive.co.th/files/product/original/PRD175749687827.jpg
PIM2-DFM8LY-TMT,https://www.sevenfive.co.th/files/product/original/PRD175749687976.jpg
PIM2-DFM8LY-FAN,https://www.sevenfive.co.th/files/product/original/PRD175749687471.jpg
PIM2-DFM8LY-MT,https://www.sevenfive.co.th/files/product/original/PRD175749687514.jpg
PIM2-DFM8LY-HT,https://www.sevenfive.co.th/files/product/original/PRD17574968753.jpg
PIM2-DFM8LY-SM,https://www.sevenfive.co.th/files/product/original/PRD175749687887.jpg
PIM2-DFM8LY-FM,https://www.sevenfive.co.th/files/product/original/PRD175749687425.jpg
PIM2-DFM8LY-PS,https://www.sevenfive.co.th/files/product/original/PRD175749687710.jpg
NTS1-PPM-B12,https://www.sevenfive.co.th/files/product/original/PRD6140d33f461d1071cb0c703653461aec.jpg
NTS1-PPM-B10,https://www.sevenfive.co.th/files/product/original/PRD16082d08f2f11623bb0d76b054f3a03b.jpg
ROL2-A08009,https://www.sevenfive.co.th/files/product/original/PRDc135921e4858192de6b5983d59167f72.jpg
MBM1-MFTE74TL,https://www.sevenfive.co.th/files/product/original/PRD17573218908.jpg
MBM1-MFTE77ALR,https://www.sevenfive.co.th/files/product/original/PRD175732188917.jpg
MBM1-MFTE74AL,https://www.sevenfive.co.th/files/product/original/PRD175732188928.jpg
MBM1-MVC77A,https://www.sevenfive.co.th/files/product/original/PRD175732188831.jpg
CAM1-66HPU-150,https://www.sevenfive.co.th/files/product/original/PRD17689727894.jpg
PIM2-1.06.0183,https://www.sevenfive.co.th/files/product/original/PRD77d7d1d00bda1c6330f88b3cf52ea7e3.jpg
PIM2-1.06.0149,https://www.sevenfive.co.th/files/product/original/PRD17570585603.jpg
PIM2-1.04.0747,https://www.sevenfive.co.th/files/product/original/PRDac19da51408e42058446c5aa847eacc6.jpg
PIM2-1.04.0621,https://www.sevenfive.co.th/files/product/original/PRD175705855826.jpg
OCG1-1B01916,https://www.sevenfive.co.th/files/product/original/PRD1fb510511ab704c0a1a2262d4605c22f.jpg
ROL1-GED75-B,https://www.sevenfive.co.th/files/product/original/PRDd737e9b4643a44dfeb303ff0a631a533.jpg
ATT1-ATT-TA5STS,https://www.sevenfive.co.th/files/product/original/PRD176420702753.jpg
ROE1-R402-220V-60HZ-3PH,https://www.sevenfive.co.th/files/product/original/PRD177261676314.jpg
ROE1-R301-D,https://www.sevenfive.co.th/files/product/original/PRD177261676284.jpg
ROE1-R301,https://www.sevenfive.co.th/files/product/original/PRD177261676270.jpg
PIM1-MG-12MD,https://www.sevenfive.co.th/files/product/original/PRDfc69f58366ff3857d1fbbf9e1f16db3c.jpg
LKK1-LK-QL4,https://www.sevenfive.co.th/files/product/original/PRD176785876624.jpg
CAM1-22SFSCW-135,https://www.sevenfive.co.th/files/product/original/PRD176975732415.jpg
PUJ1-338.045,https://www.sevenfive.co.th/files/product/original/PRD1ce3190d140b31a83345215fa96af5e8.jpg
PUJ1-338.060,https://www.sevenfive.co.th/files/product/original/PRDc637a915e1c2ee23f08c05da511ae1d8.jpg
ROL1-MS-RFE12,https://www.sevenfive.co.th/files/product/original/PRD2f7cd6b87854432b511d157a6bde7fdb.jpg
NTS1-ALI1-23,https://www.sevenfive.co.th/files/product/original/PRD4f0a8e055a3201722f943738beeaf344.jpg
NTS1-ALI1-18,https://www.sevenfive.co.th/files/product/original/PRDa5101983e6a67d707447621358e4a416.jpg
NTS1-MMG-M,https://www.sevenfive.co.th/files/product/original/PRD170937876660.jpg
NTS1-MMG-S,https://www.sevenfive.co.th/files/product/original/PRD17093787666.jpg
NTS1-MMG-L,https://www.sevenfive.co.th/files/product/original/PRD170937876566.jpg
PIM2-301110046,https://www.sevenfive.co.th/files/product/original/PRD175738861865.jpg
NTS2-ESK-10-04,https://www.sevenfive.co.th/files/product/original/PRD175637485764.jpg
NTS1-SHK-1000ML,https://www.sevenfive.co.th/files/product/original/PRD176077132396.jpg
PIM2-SM-BTSET,https://www.sevenfive.co.th/files/product/original/PRDb6af278f011cf330c29bcf94dbba2896.jpg
PIM1-RB-1,https://www.sevenfive.co.th/files/product/original/PRD175732188859.jpg
NTS1-EWB-91-NV,https://www.sevenfive.co.th/files/product/original/PRD175412052937.jpg
ARC1-41882,https://www.sevenfive.co.th/files/product/original/PRD176861992120.jpg
CTP1-GS-10941-110-BK,https://www.sevenfive.co.th/files/product/original/PRD176198363554.jpg
PIM2-302110440,https://www.sevenfive.co.th/files/product/original/PRD17575715146.jpg
CTP1-GS-10501-130-WH,https://www.sevenfive.co.th/files/product/original/PRD176198363390.jpg
CAM1-EPP180E-110,https://www.sevenfive.co.th/files/product/original/PRD17678587653.jpg
CAM1-CP3253-159,https://www.sevenfive.co.th/files/product/original/PRD176975732997.jpg
CTP1-KB-2208-200-BL,https://www.sevenfive.co.th/files/product/original/PRD175247738995.jpg
CTP1-GS-10929S-BK,https://www.sevenfive.co.th/files/product/original/PRD17619836354.jpg
CTP1-FDMS-RD-09-301,https://www.sevenfive.co.th/files/product/original/PRD17619836334.jpg
TBC2-FRE-1113,https://www.sevenfive.co.th/files/product/original/PRD176733687921.jpg
TBA2-T07K002000,https://www.sevenfive.co.th/files/product/original/PRD17565391528.jpg
TBA2-T05AAE0010-CURTAIN,https://www.sevenfive.co.th/files/product/original/PRD175653914563.jpg
TBA2-S120920100,https://www.sevenfive.co.th/files/product/original/PRD175653914286.jpg
TBA2-PZT8SNH101,https://www.sevenfive.co.th/files/product/original/PRD175653914183.jpg
TBA2-NTC005HP,https://www.sevenfive.co.th/files/product/original/PRD175653913950.jpg
TBA2-KG1502L100,https://www.sevenfive.co.th/files/product/original/PRD175653911889.jpg
TBA2-KG1202L100,https://www.sevenfive.co.th/files/product/original/PRD175653911854.jpg
TBA2-HYE55Y63,https://www.sevenfive.co.th/files/product/original/PRD17565390884.jpg
TBA2-G8R7400804,https://www.sevenfive.co.th/files/product/original/PRD175653908848.jpg
TBA2-G2F1900106,https://www.sevenfive.co.th/files/product/original/PRD175653908548.jpg
TBA2-A120908801,https://www.sevenfive.co.th/files/product/original/PRD175653907975.jpg
TBA2-12038HB,https://www.sevenfive.co.th/files/product/original/PRD175653907568.jpg
SEV2-00352,https://www.sevenfive.co.th/files/product/original/PRD175835903580.jpg
SEV2-00351,https://www.sevenfive.co.th/files/product/original/PRD175835903379.jpg
SEV2-00350,https://www.sevenfive.co.th/files/product/original/PRD175835903047.jpg
SEV2-00347,https://www.sevenfive.co.th/files/product/original/PRD175835902321.jpg
SEV2-00346,https://www.sevenfive.co.th/files/product/original/PRD175835902028.jpg
SEV2-00345,https://www.sevenfive.co.th/files/product/original/PRD175835901681.jpg
SEV2-00343,https://www.sevenfive.co.th/files/product/original/PRD175835901144.jpg
SEV2-00342,https://www.sevenfive.co.th/files/product/original/PRD17583590101.jpg
ROL2-H01075,https://www.sevenfive.co.th/files/product/original/PRD176561098390.jpg
PIT2-MK2K-60119001,https://www.sevenfive.co.th/files/product/original/PRD176733687896.jpg
PIT2-134-000017-002,https://www.sevenfive.co.th/files/product/original/PRD176733687823.jpg
PIT2-130-000003-001,https://www.sevenfive.co.th/files/product/original/PRD176733687751.jpg
MID2-76979,https://www.sevenfive.co.th/files/product/original/PRD175773200648.jpg
MBM2-200885,https://www.sevenfive.co.th/files/product/original/PRD176604796311.jpg
LKK2-SWITCH(PL2),https://www.sevenfive.co.th/files/product/original/PRD175653892984.jpg
LKK2-IND500W-9,https://www.sevenfive.co.th/files/product/original/PRD175653887264.jpg
LKK2-IND500W-8,https://www.sevenfive.co.th/files/product/original/PRD175653887166.jpg
LKK2-IND500W-7,https://www.sevenfive.co.th/files/product/original/PRD175653887167.jpg
LKK2-IND500W-6,https://www.sevenfive.co.th/files/product/original/PRD175653887014.jpg
LKK2-IND500W-2,https://www.sevenfive.co.th/files/product/original/PRD175653887048.jpg
LKK2-IND500W-13,https://www.sevenfive.co.th/files/product/original/PRD175653886940.jpg
LKK2-IND500W-12,https://www.sevenfive.co.th/files/product/original/PRD175653886973.jpg
LKK2-IND500W-11,https://www.sevenfive.co.th/files/product/original/PRD175653886832.jpg
LKK2-IND500T-9,https://www.sevenfive.co.th/files/product/original/PRD175653886886.jpg
LKK2-IND500T-8,https://www.sevenfive.co.th/files/product/original/PRD175653886759.jpg
LKK2-IND500T-6,https://www.sevenfive.co.th/files/product/original/PRD175653886799.jpg
LKK2-IND500T-2,https://www.sevenfive.co.th/files/product/original/PRD175653886674.jpg
LKK2-IND500T-15,https://www.sevenfive.co.th/files/product/original/PRD17565388654.jpg
LKK2-IND500T-13,https://www.sevenfive.co.th/files/product/original/PRD175653886568.jpg
LKK2-IND500T-12,https://www.sevenfive.co.th/files/product/original/PRD175653886475.jpg
LKK2-IND500T-11,https://www.sevenfive.co.th/files/product/original/PRD175653886431.jpg
LKK2-IND350W-9,https://www.sevenfive.co.th/files/product/original/PRD175653886368.jpg
LKK2-IND350W-8,https://www.sevenfive.co.th/files/product/original/PRD175653886350.jpg
LKK2-IND350W-7,https://www.sevenfive.co.th/files/product/original/PRD175653886299.jpg
LKK2-IND350W-6,https://www.sevenfive.co.th/files/product/original/PRD175653886285.jpg
LKK2-IND350W-5,https://www.sevenfive.co.th/files/product/original/PRD175653886233.jpg
LKK2-IND350W-4,https://www.sevenfive.co.th/files/product/original/PRD175653886190.jpg
LKK2-IND350W-17,https://www.sevenfive.co.th/files/product/original/PRD175653886182.jpg
LKK2-IND350W-16,https://www.sevenfive.co.th/files/product/original/PRD175653886012.jpg
LKK2-IND350W-14,https://www.sevenfive.co.th/files/product/original/PRD175653885988.jpg
LKK2-IND350W-13,https://www.sevenfive.co.th/files/product/original/PRD175653885999.jpg
LKK2-IND350W-12,https://www.sevenfive.co.th/files/product/original/PRD17565388580.jpg
LKK2-IND350W-11,https://www.sevenfive.co.th/files/product/original/PRD175653885823.jpg
LKK2-IND350W-10,https://www.sevenfive.co.th/files/product/original/PRD175653885775.jpg
LKK2-IND350T-9,https://www.sevenfive.co.th/files/product/original/PRD175653885795.jpg
LKK2-IND350T-6,https://www.sevenfive.co.th/files/product/original/PRD175653885633.jpg
LKK2-IND350T-4,https://www.sevenfive.co.th/files/product/original/PRD175653885557.jpg
LKK2-IND350T-3,https://www.sevenfive.co.th/files/product/original/PRD175653885564.jpg
LKK2-IND350T-2,https://www.sevenfive.co.th/files/product/original/PRD175653885471.jpg
LKK2-IND350T-14,https://www.sevenfive.co.th/files/product/original/PRD175653885413.jpg
LKK2-IND350K-9,https://www.sevenfive.co.th/files/product/original/PRD175653884935.jpg
LKK2-IND350K-6,https://www.sevenfive.co.th/files/product/original/PRD175653884899.jpg
LKK2-IND350K-5,https://www.sevenfive.co.th/files/product/original/PRD175653884828.jpg
LKK2-IND350K-4,https://www.sevenfive.co.th/files/product/original/PRD175653884738.jpg
LKK2-IND350K-15,https://www.sevenfive.co.th/files/product/original/PRD17565388478.jpg
LKK2-IND350K-13,https://www.sevenfive.co.th/files/product/original/PRD175653884657.jpg
LKK2-IND350K-12,https://www.sevenfive.co.th/files/product/original/PRD17565388468.jpg
LKK2-IND350K-11,https://www.sevenfive.co.th/files/product/original/PRD175653884536.jpg
LKK2-IND350K-10,https://www.sevenfive.co.th/files/product/original/PRD175653884512.jpg
LKK2-IND350BK-8,https://www.sevenfive.co.th/files/product/original/PRD175653884495.jpg
LKK2-IND350BK-7,https://www.sevenfive.co.th/files/product/original/PRD175653884472.jpg
LKK2-IND350BK-6,https://www.sevenfive.co.th/files/product/original/PRD17565388437.jpg
LKK2-IND350BK-5,https://www.sevenfive.co.th/files/product/original/PRD175653884379.jpg
LKK2-IND350BK-4,https://www.sevenfive.co.th/files/product/original/PRD175653884298.jpg
LKK2-IND350BK-3,https://www.sevenfive.co.th/files/product/original/PRD175653884241.jpg
LKK2-IND350BK-20,https://www.sevenfive.co.th/files/product/original/PRD175653884144.jpg
LKK2-IND350BK-17,https://www.sevenfive.co.th/files/product/original/PRD175653884029.jpg
LKK2-IND350BK-13,https://www.sevenfive.co.th/files/product/original/PRD175653883928.jpg
LKK2-IND350BK-11,https://www.sevenfive.co.th/files/product/original/PRD175653883959.jpg
LKK2-IND350BK-10,https://www.sevenfive.co.th/files/product/original/PRD175653883987.jpg
LKK2-IND300T-9,https://www.sevenfive.co.th/files/product/original/PRD175653883878.jpg
LKK2-IND300T-8,https://www.sevenfive.co.th/files/product/original/PRD175653883845.jpg
LKK2-IND300T-7,https://www.sevenfive.co.th/files/product/original/PRD175653883753.jpg
LKK2-IND300T-6,https://www.sevenfive.co.th/files/product/original/PRD17565388372.jpg
LKK2-IND300T-5,https://www.sevenfive.co.th/files/product/original/PRD175653883686.jpg
LKK2-IND300T-4,https://www.sevenfive.co.th/files/product/original/PRD175653883650.jpg
LKK2-IND300T-13,https://www.sevenfive.co.th/files/product/original/PRD175653883530.jpg
LKK2-IND300T-11,https://www.sevenfive.co.th/files/product/original/PRD175653883482.jpg
LKK2-IND300T-10,https://www.sevenfive.co.th/files/product/original/PRD175653883411.jpg
LKK2-IND2000-9,https://www.sevenfive.co.th/files/product/original/PRD175653883296.jpg
LKK2-IND2000-7,https://www.sevenfive.co.th/files/product/original/PRD175653883180.jpg
LKK2-IND2000-6,https://www.sevenfive.co.th/files/product/original/PRD175653883187.jpg
LKK2-IND2000-5,https://www.sevenfive.co.th/files/product/original/PRD175653883053.jpg
LKK2-IND2000-4,https://www.sevenfive.co.th/files/product/original/PRD175653883085.jpg
LKK2-IND2000-3,https://www.sevenfive.co.th/files/product/original/PRD175653882986.jpg
LKK2-IND2000-2,https://www.sevenfive.co.th/files/product/original/PRD175653882936.jpg
LKK2-IND2000-10,https://www.sevenfive.co.th/files/product/original/PRD175653882842.jpg
COG2-65690,https://www.sevenfive.co.th/files/product/original/PRD17593751302.jpg
CAM2-PK57003,https://www.sevenfive.co.th/files/product/original/PRD175653837945.jpg
BKP2-SM4-T1155T,https://www.sevenfive.co.th/files/product/original/PRD176733687737.jpg
BKP2-SM4-S1016X,https://www.sevenfive.co.th/files/product/original/PRD176733687730.jpg
BKP2-L5019X,https://www.sevenfive.co.th/files/product/original/PRD176733687787.jpg
ZNS2-005933,https://www.sevenfive.co.th/files/product/original/PRD77772a77192b231a67cd395bf39d73c4.jpg
TBA2-K2F9700100,https://www.sevenfive.co.th/files/product/original/PRD17565391015.jpg
SAN2-70712,https://www.sevenfive.co.th/files/product/original/PRD175653906340.jpg
SAN2-53345,https://www.sevenfive.co.th/files/product/original/PRD175653904629.jpg
SAN2-38200,https://www.sevenfive.co.th/files/product/original/PRD175653903590.jpg
PMF2-3R010070,https://www.sevenfive.co.th/files/product/original/PRD176181725443.jpg
PMF2-3R010030,https://www.sevenfive.co.th/files/product/original/PRD176181725430.jpg
PMF2-3A010054,https://www.sevenfive.co.th/files/product/original/PRD176181725448.jpg
PMF2-3A010024,https://www.sevenfive.co.th/files/product/original/PRD176181725439.jpg
PIM2-910010065,https://www.sevenfive.co.th/files/product/original/PRD175705870211.jpg
NTS2-CD-6L-01-HINGE,https://www.sevenfive.co.th/files/product/original/PRD175637484442.jpg
NTS2-CD-1135-4L2-HFH,https://www.sevenfive.co.th/files/product/original/PRD176759298261.jpg
LKK2-IND350T-7,https://www.sevenfive.co.th/files/product/original/PRD17565388560.jpg
SIR1-EASYVAC25,https://www.sevenfive.co.th/files/product/original/PRDa92fead16ff0359c7e654d9beab0772d.jpg
PIT2-60203001-CL,https://www.sevenfive.co.th/files/product/original/PRD2b29459ea566009b4bd535691eb4bd99.jpg
HAM2-83249900500,https://www.sevenfive.co.th/files/product/original/PRD176181725267.jpg
CAM1-TGA8-148,https://www.sevenfive.co.th/files/product/original/PRDa072552a83bcae03abbdcc71ee8aa7ae.jpg
PIM1-EDO3-60CS,https://www.sevenfive.co.th/files/product/original/PRD175412322335.jpg
ROE2-89224,https://www.sevenfive.co.th/files/product/original/PRD176622293098.jpg
CTX2-69649,https://www.sevenfive.co.th/files/product/original/PRD170936823187.jpg
MID2-23052-0007,https://www.sevenfive.co.th/files/product/original/PRD170937157990.jpg
SAN2-70240,https://www.sevenfive.co.th/files/product/original/PRD175653906011.jpg
SAN2-66254,https://www.sevenfive.co.th/files/product/original/PRD175653905876.jpg
SAN2-65615,https://www.sevenfive.co.th/files/product/original/PRD17565390572.jpg
SAN2-65396,https://www.sevenfive.co.th/files/product/original/PRD175653905647.jpg
SAN2-62394,https://www.sevenfive.co.th/files/product/original/PRD175653905379.jpg
SAN2-62393,https://www.sevenfive.co.th/files/product/original/PRD175653905290.jpg
SAN2-62392,https://www.sevenfive.co.th/files/product/original/PRD175653905038.jpg
SAN2-62332F,https://www.sevenfive.co.th/files/product/original/PRD175653905031.jpg
SAN2-54250,https://www.sevenfive.co.th/files/product/original/PRD175653904975.jpg
SAN2-53531,https://www.sevenfive.co.th/files/product/original/PRD175653904721.jpg
SAN2-53316,https://www.sevenfive.co.th/files/product/original/PRD175653904658.jpg
SAN2-52500,https://www.sevenfive.co.th/files/product/original/PRD175653904555.jpg
SAN2-52420,https://www.sevenfive.co.th/files/product/original/PRD175653904552.jpg
SAN2-50860,https://www.sevenfive.co.th/files/product/original/PRD175653904479.jpg
SAN2-50720,https://www.sevenfive.co.th/files/product/original/PRD17565390433.jpg
SAN2-50410,https://www.sevenfive.co.th/files/product/original/PRD175653904254.jpg
SAN2-38418,https://www.sevenfive.co.th/files/product/original/PRD17565390394.jpg
SAN2-38411,https://www.sevenfive.co.th/files/product/original/PRD175653903827.jpg
SAN2-38407,https://www.sevenfive.co.th/files/product/original/PRD175653903873.jpg
SAN2-38406,https://www.sevenfive.co.th/files/product/original/PRD17565390379.jpg
SAN2-38405,https://www.sevenfive.co.th/files/product/original/PRD17565390366.jpg
SAN2-38402,https://www.sevenfive.co.th/files/product/original/PRD175653903623.jpg
SAN2-38300,https://www.sevenfive.co.th/files/product/original/PRD175653903558.jpg
SAN2-38102,https://www.sevenfive.co.th/files/product/original/PRD175653903465.jpg
SAN2-38101,https://www.sevenfive.co.th/files/product/original/PRD175653903490.jpg
SAN2-37625,https://www.sevenfive.co.th/files/product/original/PRD175653903341.jpg
SAN2-37618,https://www.sevenfive.co.th/files/product/original/PRD175653903336.jpg
SAN2-37615,https://www.sevenfive.co.th/files/product/original/PRD175653903231.jpg
SAN2-11410,https://www.sevenfive.co.th/files/product/original/PRD175653903193.jpg
SAN2-10907,https://www.sevenfive.co.th/files/product/original/PRD175653902979.jpg
ROE2-39702,https://www.sevenfive.co.th/files/product/original/PRDd128122075733baf27f5ee5c51d379fc.jpg
ROE2-28120,https://www.sevenfive.co.th/files/product/original/PRD17606714891.jpg
PIM1-MG12,https://www.sevenfive.co.th/files/product/original/PRD436c85b433d7a73c3352cf690be78fcf.jpg
NTS2-HL-012,https://www.sevenfive.co.th/files/product/original/PRD176759298518.jpg
ROB2-MC0845,https://www.sevenfive.co.th/files/product/original/PRD170937235651.jpg
ROB2-EC0274,https://www.sevenfive.co.th/files/product/original/PRD170937227969.jpg
ROB2-EC0273,https://www.sevenfive.co.th/files/product/original/PRD170937227882.jpg
TOP2-30100354,https://www.sevenfive.co.th/files/product/original/PRD175522665174.jpg
TBA2-TA7A990050,https://www.sevenfive.co.th/files/product/original/PRD175653915581.jpg
TBA2-T07K001000,https://www.sevenfive.co.th/files/product/original/PRD175653915186.jpg
TBA2-T07A990060,https://www.sevenfive.co.th/files/product/original/PRD175653914960.jpg
TBA2-T07A990011,https://www.sevenfive.co.th/files/product/original/PRD175653914895.jpg
TBA2-T07A360020,https://www.sevenfive.co.th/files/product/original/PRD175653914783.jpg
TBA2-T05A360020,https://www.sevenfive.co.th/files/product/original/PRD175653914366.jpg
TBA2-M724400605,https://www.sevenfive.co.th/files/product/original/PRD175653913839.jpg
TBA2-AE2425ZK00,https://www.sevenfive.co.th/files/product/original/PRD175653907997.jpg
SIR2-49530030.17,https://www.sevenfive.co.th/files/product/original/PRD176733687990.jpg
SIR2-19562802,https://www.sevenfive.co.th/files/product/original/PRD176733687882.jpg
SAN2-10726,https://www.sevenfive.co.th/files/product/original/PRD175653902936.jpg
SAN2-10505,https://www.sevenfive.co.th/files/product/original/PRD175653902835.jpg
SAN2-10504,https://www.sevenfive.co.th/files/product/original/PRD175653902775.jpg
SAN2-10103,https://www.sevenfive.co.th/files/product/original/PRD175653902627.jpg
ROE2-129451S,https://www.sevenfive.co.th/files/product/original/PRD176067148952.jpg
PMF2-5I100031,https://www.sevenfive.co.th/files/product/original/PRD176181725636.jpg
PIM2-GDO-019,https://www.sevenfive.co.th/files/product/original/PRD175705887567.jpg
PIM2-EWB25B-34,https://www.sevenfive.co.th/files/product/original/PRD175705887243.jpg
PIM2-EWB25B-32,https://www.sevenfive.co.th/files/product/original/PRD175705887054.jpg
PIM2-EWB25B-18,https://www.sevenfive.co.th/files/product/original/PRD175705886752.jpg
PIM2-EWB25B-17,https://www.sevenfive.co.th/files/product/original/PRD175705886374.jpg
PIM2-EWB25B-05,https://www.sevenfive.co.th/files/product/original/PRD175705886086.jpg
PIM2-EWB16B25B-TAPHANDLE,https://www.sevenfive.co.th/files/product/original/PRD17570588531.jpg
PIM2-EWB16B25B-TAPBODY,https://www.sevenfive.co.th/files/product/original/PRD175705884843.jpg
PIM2-EWB16B25B-40,https://www.sevenfive.co.th/files/product/original/PRD175705884643.jpg
PIM2-EWB16B25B-38,https://www.sevenfive.co.th/files/product/original/PRD175705884565.jpg
PIM2-EWB16B25B-37,https://www.sevenfive.co.th/files/product/original/PRD175705884223.jpg
PIM2-EWB16B25B-36,https://www.sevenfive.co.th/files/product/original/PRD175705884020.jpg
PIM2-EWB16B25B-35,https://www.sevenfive.co.th/files/product/original/PRD175705883985.jpg
PIM2-EWB16B25B-31,https://www.sevenfive.co.th/files/product/original/PRD175705883874.jpg
PIM2-EWB16B25B-30,https://www.sevenfive.co.th/files/product/original/PRD175705883638.jpg
PIM2-EWB16B25B-29,https://www.sevenfive.co.th/files/product/original/PRD175705883517.jpg
PIM2-EWB16B25B-16&19,https://www.sevenfive.co.th/files/product/original/PRD175705883336.jpg
PIM2-EWB16B25B-15,https://www.sevenfive.co.th/files/product/original/PRD175705883196.jpg
PIM2-EWB16B25B-14,https://www.sevenfive.co.th/files/product/original/PRD17570588297.jpg
PIM2-EWB16B25B-12,https://www.sevenfive.co.th/files/product/original/PRD175705882782.jpg
PIM2-EWB16B25B-11,https://www.sevenfive.co.th/files/product/original/PRD175705882693.jpg
PIM2-EWB16B25B-09,https://www.sevenfive.co.th/files/product/original/PRD175705882422.jpg
PIM2-EWB16B25B-06,https://www.sevenfive.co.th/files/product/original/PRD175705882311.jpg
PIM2-EWB16B25B-04,https://www.sevenfive.co.th/files/product/original/PRD175705882123.jpg
PIM2-EWB16B25B-03,https://www.sevenfive.co.th/files/product/original/PRD175705882014.jpg
PIM2-EWB16B25B-01,https://www.sevenfive.co.th/files/product/original/PRD175705881914.jpg
PIM2-EWB16B-34,https://www.sevenfive.co.th/files/product/original/PRD175705885749.jpg
PIM2-EWB16B-32,https://www.sevenfive.co.th/files/product/original/PRD175705885519.jpg
PIM2-EWB16B-18,https://www.sevenfive.co.th/files/product/original/PRD175705881745.jpg
PIM2-EWB16B-17,https://www.sevenfive.co.th/files/product/original/PRD175705891295.jpg
PIM2-EWB16B-05,https://www.sevenfive.co.th/files/product/original/PRD175705881512.jpg
PIM2-ECM13-TAPHANDLE,https://www.sevenfive.co.th/files/product/original/PRD175705879958.jpg
PIM2-ECM13-TAPBODY,https://www.sevenfive.co.th/files/product/original/PRD175705879617.jpg
PIM2-ECM13-33,https://www.sevenfive.co.th/files/product/original/PRD175705879427.jpg
PIM2-ECM13-31,https://www.sevenfive.co.th/files/product/original/PRD175705879298.jpg
PIM2-ECM13-30,https://www.sevenfive.co.th/files/product/original/PRD175705879194.jpg
PIM2-ECM13-28,https://www.sevenfive.co.th/files/product/original/PRD175705879045.jpg
PIM2-ECM13-23,https://www.sevenfive.co.th/files/product/original/PRD175705878858.jpg
PIM2-ECM13-22,https://www.sevenfive.co.th/files/product/original/PRD175705878619.jpg
PIM2-ECM13-20,https://www.sevenfive.co.th/files/product/original/PRD175705878539.jpg
PIM2-ECM13-18,https://www.sevenfive.co.th/files/product/original/PRD175705878124.jpg
PIM2-ECM13-09,https://www.sevenfive.co.th/files/product/original/PRD17570587775.jpg
PIM2-ECM13-05,https://www.sevenfive.co.th/files/product/original/PRD175705877718.jpg
PIM2-ECM13-01,https://www.sevenfive.co.th/files/product/original/PRD175705877683.jpg
PIM2-DAC1100W-FRH,https://www.sevenfive.co.th/files/product/original/PRD175705877153.jpg
PIM2-DAC1100W-DEH,https://www.sevenfive.co.th/files/product/original/PRD175705877065.jpg
PIM2-DAC-MD,https://www.sevenfive.co.th/files/product/original/PRD175705877422.jpg
PIM2-DAC-FMSET,https://www.sevenfive.co.th/files/product/original/PRD175705877339.jpg
PIM2-DAC-CPS,https://www.sevenfive.co.th/files/product/original/PRD175705877296.jpg
PIM2-COMBI-MP-611,https://www.sevenfive.co.th/files/product/original/PRD175705876843.jpg
PIM2-COMBI-MP-523,https://www.sevenfive.co.th/files/product/original/PRD175705876772.jpg
PIM2-8536508008,https://www.sevenfive.co.th/files/product/original/PRD175705870747.jpg
PIM2-801003010002,https://www.sevenfive.co.th/files/product/original/PRD175705876620.jpg
PIM2-7320208508,https://www.sevenfive.co.th/files/product/original/PRD175705870523.jpg
PIM2-70202021846L,https://www.sevenfive.co.th/files/product/original/PRD175705876432.jpg
PIM2-70201101582,https://www.sevenfive.co.th/files/product/original/PRD175705876044.jpg
PIM2-70200900273,https://www.sevenfive.co.th/files/product/original/PRD175705875997.jpg
PIM2-70101300055,https://www.sevenfive.co.th/files/product/original/PRD175705875835.jpg
PIM2-70101300046,https://www.sevenfive.co.th/files/product/original/PRD175705875686.jpg
PIM2-70101100464,https://www.sevenfive.co.th/files/product/original/PRD17570587557.jpg
PIM2-70101100091,https://www.sevenfive.co.th/files/product/original/PRD175705875228.jpg
PIM2-70101002073L,https://www.sevenfive.co.th/files/product/original/PRD175705874949.jpg
PIM2-70101000028,https://www.sevenfive.co.th/files/product/original/PRD175705874557.jpg
PIM2-70100401900,https://www.sevenfive.co.th/files/product/original/PRD17570587375.jpg
PIM2-70100300819,https://www.sevenfive.co.th/files/product/original/PRD175705873544.jpg
PIM2-70100300200,https://www.sevenfive.co.th/files/product/original/PRD175705873490.jpg
PIM2-302040266,https://www.sevenfive.co.th/files/product/original/PRD175705866733.jpg
PIM2-302040263,https://www.sevenfive.co.th/files/product/original/PRD175705866455.jpg
PIM2-301010169,https://www.sevenfive.co.th/files/product/original/PRD175705890756.jpg
PIM2-11023301546,https://www.sevenfive.co.th/files/product/original/PRD175705872216.jpg
PIM2-11023101703,https://www.sevenfive.co.th/files/product/original/PRD175705872032.jpg
PIM2-11023101549,https://www.sevenfive.co.th/files/product/original/PRD175705871978.jpg
PIM2-11023001360,https://www.sevenfive.co.th/files/product/original/PRD175705871739.jpg
PIM2-11023001016,https://www.sevenfive.co.th/files/product/original/PRD17570587169.jpg
PIM2-11021501852,https://www.sevenfive.co.th/files/product/original/PRD175705871410.jpg
PIM2-11021501801,https://www.sevenfive.co.th/files/product/original/PRD175705871387.jpg
PIM2-11021501305,https://www.sevenfive.co.th/files/product/original/PRD175705871290.jpg
PIM2-11020011451,https://www.sevenfive.co.th/files/product/original/PRD175705871028.jpg
PIM2-11014211020,https://www.sevenfive.co.th/files/product/original/PRD175705870923.jpg
NTS2-DC-PC16-KNOB,https://www.sevenfive.co.th/files/product/original/PRD175637485253.jpg
NTS2-DC-PC14-KNOB,https://www.sevenfive.co.th/files/product/original/PRD175637485081.jpg
NTS2-DC-PC10-KNOB,https://www.sevenfive.co.th/files/product/original/PRD175637485092.jpg
MBM2-A800000790,https://www.sevenfive.co.th/files/product/original/PRD176604796380.jpg
LKK2-IND300T-001-003,https://www.sevenfive.co.th/files/product/original/PRD175653883448.jpg
BER2-TM-XB590L,https://www.sevenfive.co.th/files/product/original/PRDcbd1320eec74543b69b32142d741c960.jpg
ROE2-27286,https://www.sevenfive.co.th/files/product/original/PRD176622293088.jpg
COG2-75869,https://www.sevenfive.co.th/files/product/original/PRD175937513154.jpg
COG2-75024,https://www.sevenfive.co.th/files/product/original/PRD175937513011.jpg
MBM2-A800000780,https://www.sevenfive.co.th/files/product/original/PRD176604796333.jpg
PIM1-ESK-10LC,https://www.sevenfive.co.th/files/product/original/PRDcea1d6c0734413827461b652f3ce637c.jpg
NTS1-CSSA-D160H95,https://www.sevenfive.co.th/files/product/original/PRDc9a07efc18fa1629cc28c4a962b33123.jpg
LCR1-1LS10ER21E,https://www.sevenfive.co.th/files/product/original/PRD17697573560.jpg
LCR1-1LS10RR25E,https://www.sevenfive.co.th/files/product/original/PRD176975735760.jpg
LCR1-1LS16BG24E,https://www.sevenfive.co.th/files/product/original/PRD17697573576.jpg
LCR1-1LS16BJ18E,https://www.sevenfive.co.th/files/product/original/PRD176975735763.jpg
TBA1-TB6-8H-SWSBS,https://www.sevenfive.co.th/files/product/original/PRDc6fdd80df8151a45e30a36e580669663.jpg
NTS2-CD-1135-4L2-STC,https://www.sevenfive.co.th/files/product/original/PRD176759298373.jpg
SIR2-AMG064,https://www.sevenfive.co.th/files/product/original/PRD170937390675.jpg
SIR2-19300208+19300108C,https://www.sevenfive.co.th/files/product/original/PRD170937360078.jpg
SIR2-19300108C,https://www.sevenfive.co.th/files/product/original/PRD170937353812.jpg
SIR1-GEMMA300,https://www.sevenfive.co.th/files/product/original/PRD049a518f5c332cd3808c02c52252b344.jpg
DAN2-GPY14RAB,https://www.sevenfive.co.th/files/product/original/PRD170936825568.jpg
SIR1-PACOJET-4,https://www.sevenfive.co.th/files/product/original/PRDed0dbf22f9fa133c85312c1224c8b254.jpg
CTX2-69799,https://www.sevenfive.co.th/files/product/original/PRD170936823652.jpg
CRO2-4-TD02,https://www.sevenfive.co.th/files/product/original/PRD170936819532.jpg
CRO2-4-T251,https://www.sevenfive.co.th/files/product/original/PRD17093681945.jpg
CRO2-4-M605,https://www.sevenfive.co.th/files/product/original/PRD170936819330.jpg
CRO2-4-70EU,https://www.sevenfive.co.th/files/product/original/PRD170936819282.jpg
CRO2-4-22TB,https://www.sevenfive.co.th/files/product/original/PRD17093681852.jpg
CRO2-3-SRV9-1,https://www.sevenfive.co.th/files/product/original/PRD170936818382.jpg
CRO2-3-AV01,https://www.sevenfive.co.th/files/product/original/PRD170936818341.jpg
CRO2-2-KB01,https://www.sevenfive.co.th/files/product/original/PRD170936818036.jpg
CRO2-2-230R,https://www.sevenfive.co.th/files/product/original/PRD170936817984.jpg
CRO2-2-011R,https://www.sevenfive.co.th/files/product/original/PRD170936817879.jpg
MBM2-RTCU700646,https://www.sevenfive.co.th/files/product/original/PRD176604796578.jpg
MBM2-RTCU700389,https://www.sevenfive.co.th/files/product/original/PRD176604796598.jpg
MBM2-RTCP800067,https://www.sevenfive.co.th/files/product/original/PRD66c59e0d338e3422c8329f8611994f7e.jpg
MBM2-RTBF800041,https://www.sevenfive.co.th/files/product/original/PRD176604796475.jpg
MBM2-RIC0004964,https://www.sevenfive.co.th/files/product/original/PRD170937148541.jpg
MBM2-B800006,https://www.sevenfive.co.th/files/product/original/PRD170937144722.jpg
MBM2-B800005,https://www.sevenfive.co.th/files/product/original/PRD170937144740.jpg
MBM2-B800003,https://www.sevenfive.co.th/files/product/original/PRD170937144630.jpg
MBM2-180499,https://www.sevenfive.co.th/files/product/original/PRDd8767a56f52057d394d8af52315a9f93.jpg
STS1-CTB1000A,https://www.sevenfive.co.th/files/product/original/PRD85c675c77f01ed6a86d443a4238d06c0.png
STS1-STFB1200A,https://www.sevenfive.co.th/files/product/original/PRDbcc20f2591ee26083529c968effa187b.png
STS1-STF1000A,https://www.sevenfive.co.th/files/product/original/PRDa7698a1820f6f8a9e3c09e90913335dd.png
STS1-STB600A,https://www.sevenfive.co.th/files/product/original/PRDe1e8c7ec350a5b65866941fe93636f0a.png
ZAN2-ELET0835,https://www.sevenfive.co.th/files/product/original/PRD175653922683.jpg
ZAN2-SUPP0494,https://www.sevenfive.co.th/files/product/original/PRD17565392315.jpg
ZAN2-SUPP0493,https://www.sevenfive.co.th/files/product/original/PRD175653923037.jpg
ZAN2-SUPP0495,https://www.sevenfive.co.th/files/product/original/PRD175653923163.jpg
LKK2-IND350S-16,https://www.sevenfive.co.th/files/product/original/PRD175653885077.jpg
TBA1-GN13150,https://www.sevenfive.co.th/files/product/original/PRD8143b8dc0819592250cf399dfe4e5608.jpg
CAM2-S07012,https://www.sevenfive.co.th/files/product/original/PRD175653837999.jpg
BKP2-2K-CH0008,https://www.sevenfive.co.th/files/product/original/PRD176733687698.jpg
BKP2-2F-3106145,https://www.sevenfive.co.th/files/product/original/PRD176733687662.jpg
PIM2-1.04.0586,https://www.sevenfive.co.th/files/product/original/PRD175738861459.jpg
PIM2-1.04.0092,https://www.sevenfive.co.th/files/product/original/PRD175738861116.jpg
PIM2-1.04.0032,https://www.sevenfive.co.th/files/product/original/PRD175738860718.jpg
SIR1-28180015,https://www.sevenfive.co.th/files/product/original/PRD176785877739.jpg
PIM2-909070023,https://www.sevenfive.co.th/files/product/original/PRD175705870045.jpg
HAM1-990415100,https://www.sevenfive.co.th/files/product/original/PRD176785876661.jpg
HAM1-6126-855,https://www.sevenfive.co.th/files/product/original/PRD176604796297.jpg
PUJ1-P851003,https://www.sevenfive.co.th/files/product/original/PRD176785876941.jpg
PUJ1-P851002,https://www.sevenfive.co.th/files/product/original/PRD17678587682.jpg
PUJ1-P851001,https://www.sevenfive.co.th/files/product/original/PRD176785876880.jpg
PUJ1-P85090SS,https://www.sevenfive.co.th/files/product/original/PRD176785876858.jpg
ROE1-R502G,https://www.sevenfive.co.th/files/product/original/PRD177261676391.jpg
ROE1-MP350COMBI-ULTRA,https://www.sevenfive.co.th/files/product/original/PRD177261676070.jpg
ROE1-BLIXER4-220V-60HZ-3P,https://www.sevenfive.co.th/files/product/original/PRD17726167585.jpg
ROE1-BLIXER4-220V-50HZ-3P,https://www.sevenfive.co.th/files/product/original/PRD177261675781.jpg
ROE1-27117W,https://www.sevenfive.co.th/files/product/original/PRD177261675321.jpg
ROE1-27116W,https://www.sevenfive.co.th/files/product/original/PRD177261675318.jpg
ROE1-27114W,https://www.sevenfive.co.th/files/product/original/PRD176785877023.jpg
ROE1-27113W,https://www.sevenfive.co.th/files/product/original/PRD176785876996.jpg
LAC2-2771133838,https://www.sevenfive.co.th/files/product/original/PRD0b6263e4d2e0067c8cc3ec9dd0ff57c1.jpg
ASL1-CB12060E-WH,https://www.sevenfive.co.th/files/product/original/PRD170969719022.jpg
RON2-122954T01,https://www.sevenfive.co.th/files/product/original/PRD175653901046.jpg
PRC1-TK-ICT02,https://www.sevenfive.co.th/files/product/original/PRDafa4686086b58de505fca7d1066268a4.jpg
CAM1-UPR6040CVR-CLR,https://www.sevenfive.co.th/files/product/original/PRD176785876576.jpg
MBM1-MIN77T-M1,https://www.sevenfive.co.th/files/product/original/PRD176915920595.jpg
MBM1-MG7G50I77,https://www.sevenfive.co.th/files/product/original/PRD176915920436.jpg
MBM1-MG7GFTA777L,https://www.sevenfive.co.th/files/product/original/PRD176915920553.jpg
SIR1-28180081,https://www.sevenfive.co.th/files/product/original/PRD176785877869.jpg
RON2-B1015332,https://www.sevenfive.co.th/files/product/original/PRD175653902557.jpg
RON2-35639,https://www.sevenfive.co.th/files/product/original/PRD175653901425.jpg
COG2-999363,https://www.sevenfive.co.th/files/product/original/PRD17565386385.jpg
PIM2-PFB16SC-001,https://www.sevenfive.co.th/files/product/original/PRD17573887141.jpg
PIM2-PFB16SC-007,https://www.sevenfive.co.th/files/product/original/PRD175738872119.jpg
SIR2-19336038,https://www.sevenfive.co.th/files/product/original/PRD170937362949.jpg
SIR2-19411007,https://www.sevenfive.co.th/files/product/original/PRD170937365698.jpg
SIR2-19510601,https://www.sevenfive.co.th/files/product/original/PRD170937367723.jpg
WIN2-4003028,https://www.sevenfive.co.th/files/product/original/PRD17565391981.jpg
CAM1-1216TL-138,https://www.sevenfive.co.th/files/product/original/PRD176975732091.jpg
CAM1-10PPCWSC-438,https://www.sevenfive.co.th/files/product/original/PRD176975731948.jpg
HAT1-TPT-240,https://www.sevenfive.co.th/files/product/original/PRD72207729856fdeac89094111ac8915b6.jpg
SIR1-CANOVA300-AUTOMEC,https://www.sevenfive.co.th/files/product/original/PRDd5a6ee7b437499540fe5e59b4d1f62fd.jpg
BER1-BS2D-CF5-L,https://www.sevenfive.co.th/files/product/original/PRDa383b75af3bdef12b28ec5e2802a90c4.jpg
PIM2-20110002501,https://www.sevenfive.co.th/files/product/original/PRD175705872726.jpg
PIM2-302130067,https://www.sevenfive.co.th/files/product/original/PRD175705867961.jpg
PIM2-301130010,https://www.sevenfive.co.th/files/product/original/PRD175705866017.jpg
PIM2-302220010,https://www.sevenfive.co.th/files/product/original/PRD175705868230.jpg
PIM2-302190008,https://www.sevenfive.co.th/files/product/original/PRD175705868167.jpg
PIM2-301110145,https://www.sevenfive.co.th/files/product/original/PRD175705865815.jpg
PIM2-301080040,https://www.sevenfive.co.th/files/product/original/PRD17570586535.jpg
PIM2-301040167,https://www.sevenfive.co.th/files/product/original/PRD175705865118.jpg
PIM2-302130018,https://www.sevenfive.co.th/files/product/original/PRD175705867716.jpg
ROE1-29246,https://www.sevenfive.co.th/files/product/original/PRD176622292950.jpg
ROE1-28194W,https://www.sevenfive.co.th/files/product/original/PRD17678587748.jpg
ROE1-28176W,https://www.sevenfive.co.th/files/product/original/PRD176785877350.jpg
ROE1-28175W,https://www.sevenfive.co.th/files/product/original/PRD176785877382.jpg
ROE1-28113,https://www.sevenfive.co.th/files/product/original/PRD17726167553.jpg
ROE1-28111W,https://www.sevenfive.co.th/files/product/original/PRD176785877210.jpg
ROE1-28101W,https://www.sevenfive.co.th/files/product/original/PRD176785877227.jpg
ROE1-28066W,https://www.sevenfive.co.th/files/product/original/PRD176785877287.jpg
ROE1-28065W,https://www.sevenfive.co.th/files/product/original/PRD176785877195.jpg
ROE1-28062W,https://www.sevenfive.co.th/files/product/original/PRD176785877172.jpg
ROE1-28060W,https://www.sevenfive.co.th/files/product/original/PRD176544019032.jpg
ROE1-28056W,https://www.sevenfive.co.th/files/product/original/PRD176785877045.jpg
ROE1-28054W,https://www.sevenfive.co.th/files/product/original/PRD176622292897.jpg
ROE1-28016W,https://www.sevenfive.co.th/files/product/original/PRD17678587700.jpg
ROE1-27072W,https://www.sevenfive.co.th/files/product/original/PRD176785876911.jpg
ROE1-2023,https://www.sevenfive.co.th/files/product/original/PRD177261675358.jpg
ROE1-1933W,https://www.sevenfive.co.th/files/product/original/PRD176785876966.jpg
NTS2-CU-D10-FCT,https://www.sevenfive.co.th/files/product/original/PRD175637484930.jpg
PIM2-ESK-10-BS,https://www.sevenfive.co.th/files/product/original/PRD175705880937.jpg
PIM2-ESK-10-TCS,https://www.sevenfive.co.th/files/product/original/PRD175705881441.jpg
SIR1-T-REX,https://www.sevenfive.co.th/files/product/original/PRD18ff44d6aab94a560c87131b11c587d2.jpg
LCR1-1LP27HB12E,https://www.sevenfive.co.th/files/product/original/PRD176975735647.jpg
LCR1-1LP27DR12E,https://www.sevenfive.co.th/files/product/original/PRD176975735658.jpg
LCR1-1LP26HB12E,https://www.sevenfive.co.th/files/product/original/PRD176975735633.jpg
LCR1-1LP26DR12E,https://www.sevenfive.co.th/files/product/original/PRD176975735518.jpg
LCR1-1LP25HB12E,https://www.sevenfive.co.th/files/product/original/PRD176975735553.jpg
LCR1-1LP25DR12E,https://www.sevenfive.co.th/files/product/original/PRD176975735561.jpg
LCR1-1LP24HB12E,https://www.sevenfive.co.th/files/product/original/PRD176975735517.jpg
LCR1-1LP24DR12E,https://www.sevenfive.co.th/files/product/original/PRD17697573548.jpg
LCR1-1LP23HB12L,https://www.sevenfive.co.th/files/product/original/PRD176975735459.jpg
LCR1-1LP23DR12E,https://www.sevenfive.co.th/files/product/original/PRD176975735444.jpg
LCR1-1LP22HB12E,https://www.sevenfive.co.th/files/product/original/PRD176975735461.jpg
LCR1-1LP22DR12E,https://www.sevenfive.co.th/files/product/original/PRD176975735488.jpg
PIM1-MS220-120W,https://www.sevenfive.co.th/files/product/original/PRD611cf514f01615c6ef40c6d3999fd518.jpg
CTP1-SCP-NF-250-BR,https://www.sevenfive.co.th/files/product/original/PRD63854dee1f31c25c4e01355f05e308b2.jpg
RTN1-56.00.210,https://www.sevenfive.co.th/files/product/original/PRDf36b29bc301449328adc8a41a0ebacc1.png
ZAN2-ELET0827,https://www.sevenfive.co.th/files/product/original/PRD175653922552.jpg
ROE1-R60A,https://www.sevenfive.co.th/files/product/original/PRD176785877682.jpg
BER1-WBPU30DT-EC,https://www.sevenfive.co.th/files/product/original/PRD1fc99584c91bf9d1712c6f7543cdb827.jpg
CAM1-UPR6040XF18-480,https://www.sevenfive.co.th/files/product/original/PRD176785876678.jpg
CAM1-UPR6040H9-480,https://www.sevenfive.co.th/files/product/original/PRD176975733695.jpg
CAM1-UPCH4002-110,https://www.sevenfive.co.th/files/product/original/PRD176785876596.jpg
CAM1-PCU2000PP-615,https://www.sevenfive.co.th/files/product/original/PRD176975733546.jpg
CAM1-PCU1000PP-615,https://www.sevenfive.co.th/files/product/original/PRD17697573357.jpg
CAM1-CSWRKIT18P8-151,https://www.sevenfive.co.th/files/product/original/PRD176975733378.jpg
CAM1-CSWRKIT18P12-151,https://www.sevenfive.co.th/files/product/original/PRD176975733366.jpg
CAM1-CSWRKIT18P1-151,https://www.sevenfive.co.th/files/product/original/PRD176975733217.jpg
CAM1-CSWRKIT14P8-151,https://www.sevenfive.co.th/files/product/original/PRD176975733278.jpg
CAM1-CSWRKIT14P1-151,https://www.sevenfive.co.th/files/product/original/PRD176975733287.jpg
CAM1-CSWRC18P4-151,https://www.sevenfive.co.th/files/product/original/PRD176975733275.jpg
CAM1-CSWRC14P4-151,https://www.sevenfive.co.th/files/product/original/PRD176975733276.jpg
CAM1-CSMHDTKE6-000,https://www.sevenfive.co.th/files/product/original/PRD176975733115.jpg
CAM1-CSMHDTKE5-000,https://www.sevenfive.co.th/files/product/original/PRD176975733189.jpg
CAM1-CSMHDTKE4-000,https://www.sevenfive.co.th/files/product/original/PRD176975733121.jpg
CAM1-CSMHDTK12-000,https://www.sevenfive.co.th/files/product/original/PRD176975733013.jpg
CAM1-CSMHDTK10-000,https://www.sevenfive.co.th/files/product/original/PRD176975733010.jpg
CAM1-CPFWSC244860-000,https://www.sevenfive.co.th/files/product/original/PRD17697573295.jpg
CAM1-CBUWR184872PKG,https://www.sevenfive.co.th/files/product/original/PRD176975732899.jpg
CAM1-ADCSCT4-480,https://www.sevenfive.co.th/files/product/original/PRD17697573280.jpg
CAM1-ADCRCCVR-000,https://www.sevenfive.co.th/files/product/original/PRD17697573287.jpg
CAM1-ADCRC8PKG-401,https://www.sevenfive.co.th/files/product/original/PRD17678587647.jpg
CAM1-ADCRC8PKG-110,https://www.sevenfive.co.th/files/product/original/PRD176975732794.jpg
CAM1-ADCRC12PKG-401,https://www.sevenfive.co.th/files/product/original/PRD176785876495.jpg
CAM1-ADCRC12PKG-110,https://www.sevenfive.co.th/files/product/original/PRD17678587640.jpg
CAM1-ADCRC-110,https://www.sevenfive.co.th/files/product/original/PRD176785876412.jpg
CAM1-9S800-119,https://www.sevenfive.co.th/files/product/original/PRD176785876361.jpg
CAM1-9S638-167,https://www.sevenfive.co.th/files/product/original/PRD17678587635.jpg
CAM1-9S434-167,https://www.sevenfive.co.th/files/product/original/PRD176785876360.jpg
CAM1-9S318-151,https://www.sevenfive.co.th/files/product/original/PRD176785876386.jpg
CAM1-90CWL-135,https://www.sevenfive.co.th/files/product/original/PRD176785876268.jpg
CAM1-60CWL-135,https://www.sevenfive.co.th/files/product/original/PRD176785876234.jpg
CAM1-1418DSLNS-830,https://www.sevenfive.co.th/files/product/original/PRD176975732498.jpg
CAM1-1418DSLNS-825,https://www.sevenfive.co.th/files/product/original/PRD176975732350.jpg
CAM1-1418DSLNS-820,https://www.sevenfive.co.th/files/product/original/PRD176975732328.jpg
CAM1-1418DSLNS-815,https://www.sevenfive.co.th/files/product/original/PRD176975732382.jpg
CAM1-1418DSLG-830,https://www.sevenfive.co.th/files/product/original/PRD176975732373.jpg
CAM1-1418DSLG-825,https://www.sevenfive.co.th/files/product/original/PRD176975732376.jpg
CAM1-1418DSLG-148,https://www.sevenfive.co.th/files/product/original/PRD176975732230.jpg
CAM1-1418DSLG-110,https://www.sevenfive.co.th/files/product/original/PRD176975732217.jpg
CAM1-1317DSLNS-820,https://www.sevenfive.co.th/files/product/original/PRD176975732192.jpg
CAM1-1317DSLNS-815,https://www.sevenfive.co.th/files/product/original/PRD176975732140.jpg
CAM1-1317DSLG-815,https://www.sevenfive.co.th/files/product/original/PRD176975732061.jpg
CAM1-1317DSLG-148,https://www.sevenfive.co.th/files/product/original/PRD176975732014.jpg
CAM1-1317DSLG-110,https://www.sevenfive.co.th/files/product/original/PRD176975732025.jpg
CAM1-1216TL-110,https://www.sevenfive.co.th/files/product/original/PRD176975731931.jpg
CAM1-1014DSLNS-830,https://www.sevenfive.co.th/files/product/original/PRD176975731926.jpg
CAM1-1014DSLG-830,https://www.sevenfive.co.th/files/product/original/PRD17697573183.jpg
CAM1-1014DSLG-825,https://www.sevenfive.co.th/files/product/original/PRD176975731813.jpg
CAM1-1014DSLG-820,https://www.sevenfive.co.th/files/product/original/PRD176975731832.jpg
CAM1-1014DSLG-815,https://www.sevenfive.co.th/files/product/original/PRD176975731794.jpg
CAM1-1014DSLG-148,https://www.sevenfive.co.th/files/product/original/PRD176975731734.jpg
SIR1-28180025,https://www.sevenfive.co.th/files/product/original/PRD176785877885.jpg
LIN1-OA8972,https://www.sevenfive.co.th/files/product/original/PRD860d4f00a9e9e2aa8852235529e3a9cb.jpg
LIN1-OE8205-C,https://www.sevenfive.co.th/files/product/original/PRDcb668da86db676bb69d9adeadc8fdc96.jpg
LIN1-CO133M,https://www.sevenfive.co.th/files/product/original/PRDf2ea745ee27d5f9e012adaae7de0b283.jpg
NTS1-FAB1-16,https://www.sevenfive.co.th/files/product/original/PRD379cb827c4e3f4e39328d7fbf6198722.jpg
NTS1-FAB1-11,https://www.sevenfive.co.th/files/product/original/PRDb18dcba097a4d4f97b9cb34e44f27f3f.jpg
NTS1-FAB1-17,https://www.sevenfive.co.th/files/product/original/PRD68d18ca13ecc94c09a1261d0e1b0178f.jpg
ROE1-27395,https://www.sevenfive.co.th/files/product/original/PRD177261675475.jpg
ROE1-R2-B,https://www.sevenfive.co.th/files/product/original/PRD177261676165.jpg
ROE1-CMP300VV-A,https://www.sevenfive.co.th/files/product/original/PRD177261676055.jpg
ROE1-CL40,https://www.sevenfive.co.th/files/product/original/PRD177261675870.jpg
ROE1-C80,https://www.sevenfive.co.th/files/product/original/PRD177261675814.jpg
ROE1-2023W,https://www.sevenfive.co.th/files/product/original/PRD177261675312.jpg
ROE1-R20E,https://www.sevenfive.co.th/files/product/original/PRD17726167626.jpg
HAM1-HMI014-CEDIS,https://www.sevenfive.co.th/files/product/original/PRDcca5aaefe2b99aac7288fa3412684285.jpg
CTP1-SCP-NS-400-BR,https://www.sevenfive.co.th/files/product/original/PRDb775f7373f154a8f3c49f9ff2b1f9be3.jpg
CTP1-SCP-NS-360-BR,https://www.sevenfive.co.th/files/product/original/PRD933789b7057bcef6fb4cbe00aa566f12.jpg
CTP1-SCP-NS-250-BR,https://www.sevenfive.co.th/files/product/original/PRD19bc4016478208ec0dd76e07fa09826a.jpg
CTP1-SCP-NF-400-BR,https://www.sevenfive.co.th/files/product/original/PRDe0ff6e0885f5f4f55c47e385ce290262.jpg
CTP1-SCP-NF-360-BR,https://www.sevenfive.co.th/files/product/original/PRDed89bdedba7750369dd2ddf0491a6c62.jpg
CAM1-8SFSPP-190,https://www.sevenfive.co.th/files/product/original/PRD4e3edc5b55196131b9c6a0736664b7fa.jpg
CAM1-4SFSPP-190,https://www.sevenfive.co.th/files/product/original/PRDf6293ad60c539c49a28d9ffcc660845c.jpg
CAM1-2SFSPP-190,https://www.sevenfive.co.th/files/product/original/PRD25b0831a5e2c3cfce9b323db1c14d6ec.jpg
CAM1-22SFSPP-190,https://www.sevenfive.co.th/files/product/original/PRDf07ed3e3cc27849eb437fa10caac4802.jpg
CAM1-20CV1D-335,https://www.sevenfive.co.th/files/product/original/PRDaebd0211cbc1148c6c332e1c05c38645.jpg
CAM1-18SFSPP-190,https://www.sevenfive.co.th/files/product/original/PRDd2e936a4286584b34814f01c2fb32439.jpg
CAM1-100VS-380,https://www.sevenfive.co.th/files/product/original/PRD1367d8037627f966f74294868c21d7f5.jpg
CTP1-PEEL-PP-55S-GR,https://www.sevenfive.co.th/files/product/original/PRDc256222bf81282bcad3db4097301acd5.jpg
LKK1-LK-EDO-36,https://www.sevenfive.co.th/files/product/original/PRD176975736394.jpg
LKK1-LK-EDO-12,https://www.sevenfive.co.th/files/product/original/PRD176975736381.jpg
LKK1-GFO6C,https://www.sevenfive.co.th/files/product/original/PRD176975736114.jpg
LKK1-GFO4C,https://www.sevenfive.co.th/files/product/original/PRD176975736186.jpg
LKK1-GFO2C,https://www.sevenfive.co.th/files/product/original/PRD176975736191.jpg
LKK1-GFO2B,https://www.sevenfive.co.th/files/product/original/PRD176975736077.jpg
LKK1-EFO2C,https://www.sevenfive.co.th/files/product/original/PRD176975736011.jpg
LKK1-EFO2B,https://www.sevenfive.co.th/files/product/original/PRD176975735939.jpg
COG1-ISYTECH-AP31-10.1W-D,https://www.sevenfive.co.th/files/product/original/PRDebd7da4d3b0b79301fe1819c1fd097b3.jpg
ZAN2-ELET0723,https://www.sevenfive.co.th/files/product/original/PRD175653922435.jpg
BER1-DF23S1B,https://www.sevenfive.co.th/files/product/original/PRDd0edab04ff490ee289ac4fdc37b5c34a.jpg
BER1-CRB2BFS-17,https://www.sevenfive.co.th/files/product/original/PRD3496484041459dfa7d55a520cbcbabf2.jpg
BER1-JD318JET25,https://www.sevenfive.co.th/files/product/original/PRD54a5de02f29f2be55ff69d9a597f24e0.jpg
BER1-JD218JET25,https://www.sevenfive.co.th/files/product/original/PRDc4088f7c8abe286ff877bd27cb2f93e0.jpg
BER1-SALA22,https://www.sevenfive.co.th/files/product/original/PRD115dff345a2216e405434ff16fb0ff63.jpg
ROB1-E14-65G,https://www.sevenfive.co.th/files/product/original/PRDca86488ce5984971c9e256fcd3e11ab1.jpg
BER2-NT-5C-7C-S,https://www.sevenfive.co.th/files/product/original/PRD175653835462.jpg
BER1-DW311,https://www.sevenfive.co.th/files/product/original/PRDe16f8057ff668b1189c6cbf2faf00fe3.jpg
RAN2-34070171,https://www.sevenfive.co.th/files/product/original/PRD17608e8eb7041ceb41fa5dc0fc142a94.jpg
RAN2-10060530,https://www.sevenfive.co.th/files/product/original/PRD4509a131d8bfb92839b90f96478beb7e.jpg
ZNS2-0CA074,https://www.sevenfive.co.th/files/product/original/PRDcd26c5552c1c45f48bb1c67a0a1fecb4.jpg
ZNS2-0C7964,https://www.sevenfive.co.th/files/product/original/PRD23cf6ae694307fce20459c2e5a13342d.jpg
NTS1-5-4,https://www.sevenfive.co.th/files/product/original/PRD76f7d1bc31206e535c465f6366d71b63.jpg
PIM2-ESK-10-02,https://www.sevenfive.co.th/files/product/original/PRD175705880415.jpg
PIM2-ESK-10-BT,https://www.sevenfive.co.th/files/product/original/PRD17570588119.jpg
BER1-B2D-C6-W(750),https://www.sevenfive.co.th/files/product/original/PRDc49a75bca3633f29a397625ef4d40320.jpg
TBA2-K2F9700100-KF,https://www.sevenfive.co.th/files/product/original/PRD175653910010.jpg
BER1-BJY-IK40,https://www.sevenfive.co.th/files/product/original/PRD170954568021.jpg
BER1-OB4FS,https://www.sevenfive.co.th/files/product/original/PRD5f541c0a02fa5b9d845ca216e1e78535.jpg
BER1-BMC4WC,https://www.sevenfive.co.th/files/product/original/PRDaae759b12eb4118e54b36971d73fffb4.jpg
PIM2-GDO-003,https://www.sevenfive.co.th/files/product/original/PRD175705862788.jpg
PIM2-GDO-006,https://www.sevenfive.co.th/files/product/original/PRD175705863367.jpg
CAM1-EXU244872V4-480,https://www.sevenfive.co.th/files/product/original/PRD4a2bb276cc7fdc476684709494b74a22.jpg
PIM1-IND-7200-F4,https://www.sevenfive.co.th/files/product/original/PRD175412323295.jpg
LKK1-EF-061H,https://www.sevenfive.co.th/files/product/original/PRD176975735964.jpg
LKK1-EF-061,https://www.sevenfive.co.th/files/product/original/PRD176975735920.jpg
BER1-CRB2B,https://www.sevenfive.co.th/files/product/original/PRD170954901363.jpg
PIM2-70202021828L,https://www.sevenfive.co.th/files/product/original/PRD175705876261.jpg
PIM1-ESK-10L,https://www.sevenfive.co.th/files/product/original/PRD17095415838.jpg
LAC2-4731112143,https://www.sevenfive.co.th/files/product/original/PRDed55b5dc93bdfa1416d7fcbb91357707.jpg
LAC2-4701134698,https://www.sevenfive.co.th/files/product/original/PRD5c47f412923f5554e175fc8509ff413c.jpg
LAC2-485923022,https://www.sevenfive.co.th/files/product/original/PRD9d74afdaad9ee350bc9832bf50f9fd29.jpg
PIM1-SM315L,https://www.sevenfive.co.th/files/product/original/PRDbe661b021883a6ade71f5cbfbb92d025.jpg
LKK2-TIMER(QL246),https://www.sevenfive.co.th/files/product/original/PRDb56a6e6fb799fa0c33b765a40e726ca2.jpg
BER1-JD118JET25,https://www.sevenfive.co.th/files/product/original/PRDda7ac5fa3a54bd13ff11e469cc92956c.jpg
PIM2-PFB16SC-008,https://www.sevenfive.co.th/files/product/original/PRD175738872452.jpg
BER1-STAND,https://www.sevenfive.co.th/files/product/original/PRDb1fdf4df09d37a69d217ca7d5cdb64cc.jpg
CAM1-ICS100L-192,https://www.sevenfive.co.th/files/product/original/PRD176975733531.jpg
CAM1-CPU213664V4-480,https://www.sevenfive.co.th/files/product/original/PRD05ca5e6976e54fecc6808c932aff6ef0.jpg
SAN2-37120P,https://www.sevenfive.co.th/files/product/original/PRD79e72c15d5e1bf2f533012a8b999cbb1.png
SAN2-28403,https://www.sevenfive.co.th/files/product/original/PRD6e7c506c5eff9b338834ff0bbff73811.png
SAN2-06723,https://www.sevenfive.co.th/files/product/original/PRD4990ed2b4a05b65ec3c06714e50d7f84.png
SAN2-06307,https://www.sevenfive.co.th/files/product/original/PRD4d9519512a339af05e5904c8662fa72a.png
TBA2-T10A360020,https://www.sevenfive.co.th/files/product/original/PRD175653915241.jpg
BES2-31954300,https://www.sevenfive.co.th/files/product/original/PRDc7cdf1184cfb0fc68bbb9594e99d0d61.png
BES2-31187000,https://www.sevenfive.co.th/files/product/original/PRDba1e0c23a2d6fbaad96f08b3b58498f1.png
BES2-24069900,https://www.sevenfive.co.th/files/product/original/PRD74fefe14fd216d7e6b86b1a2febaf296.png
BES2-23155300,https://www.sevenfive.co.th/files/product/original/PRD0b50a58fbf0617588db5335af668fda3.png
LIN2-VA07,https://www.sevenfive.co.th/files/product/original/PRD368789a727603d7d8e9fb60889a3a27d.png
LIN2-TI28,https://www.sevenfive.co.th/files/product/original/PRDf6eb62318620d61fb90725db99ec5219.png
LIN2-TH12,https://www.sevenfive.co.th/files/product/original/PRD3c81baf63a8d74b3709f4101708b657e.png
LIN2-SL22,https://www.sevenfive.co.th/files/product/original/PRD77134a92b5cfb71b096eb008cfc01b6f.png
LIN2-SL18,https://www.sevenfive.co.th/files/product/original/PRDac2abc544c7e391025f3f0ec732e318e.png
LIN2-PR10,https://www.sevenfive.co.th/files/product/original/PRDa7fc044433d8c6d4377476966199c707.png
LIN2-NE28,https://www.sevenfive.co.th/files/product/original/PRDce3b45ca7f093fc09282abad19ad4327.png
LIN2-NE02,https://www.sevenfive.co.th/files/product/original/PRDe97705cf242bcf31c87d996ff1d945bd.png
LIN2-LE15,https://www.sevenfive.co.th/files/product/original/PRDfbd9836f6313ffaa731d5f6c1d908194.png
LIN2-KS10,https://www.sevenfive.co.th/files/product/original/PRD977d9dbad9036be50e052466d4407677.png
LIN2-KS07,https://www.sevenfive.co.th/files/product/original/PRD407d51b96efba9043c137c9649a703b7.png
LIN2-KS03,https://www.sevenfive.co.th/files/product/original/PRD38ee13f9283f95ff57c45b5861fb24dc.png
LIN2-KN148,https://www.sevenfive.co.th/files/product/original/PRD74ff81e04144ec5d48ed48577fefdc40.png
LIN2-KN119,https://www.sevenfive.co.th/files/product/original/PRDce4c5e579dffbadb9f639d9861852ee2.png
LIN2-KN112,https://www.sevenfive.co.th/files/product/original/PRDcac939272ab5f9b2bd8de64a28c97d77.png
LIN2-KN96,https://www.sevenfive.co.th/files/product/original/PRDb2b3932fb2bcabd7b99767bdad37b44a.png
LIN2-KN73,https://www.sevenfive.co.th/files/product/original/PRDd0c23132e1c610789dd278149ac824b0.png
LIN2-KN62,https://www.sevenfive.co.th/files/product/original/PRDbc539f1e0ff3d94090f3ea443d5408a6.png
LIN2-KN57,https://www.sevenfive.co.th/files/product/original/PRDf92cc14dd1ffb7f9227d8a6c8601ff19.png
LIN2-KN53,https://www.sevenfive.co.th/files/product/original/PRDb9c341bd7c8fea3756a34e942d967b2d.png
LIN2-KN39,https://www.sevenfive.co.th/files/product/original/PRD09ad46d442c6b71a22d24df8b1f69579.png
LIN2-KB14,https://www.sevenfive.co.th/files/product/original/PRD16b01171225ec3910e662150545cc730.png
LIN2-JE37,https://www.sevenfive.co.th/files/product/original/PRD3a3a03719b98ba83a1070f064b4eb104.png
LIN2-HI16,https://www.sevenfive.co.th/files/product/original/PRD1d1fbb7f41674bd87f1b6056ae007290.png
LIN2-GASKET,https://www.sevenfive.co.th/files/product/original/PRD56c40cb4c3eefe9e7bdd78feadf6fdf0.png
LIN2-EL145,https://www.sevenfive.co.th/files/product/original/PRD76782d9584fca03c636c5cde399722a6.png
LIN2-EL128,https://www.sevenfive.co.th/files/product/original/PRD6346318842ddab3b988e1f13f2d6d497.png
LIN2-EL120,https://www.sevenfive.co.th/files/product/original/PRD46e33b8d0d962c391aefa2e397780b3d.png
LIN2-EL119,https://www.sevenfive.co.th/files/product/original/PRD2e9f318e0cb56dd100f0960953457a01.png
LIN2-EL100,https://www.sevenfive.co.th/files/product/original/PRDe6f06b80954cecd487e7a93ad69a8ed1.png
LIN2-EL98,https://www.sevenfive.co.th/files/product/original/PRD8ebb57c640a83b1ba3bbfb103e2ab1c2.png
LIN2-EL24,https://www.sevenfive.co.th/files/product/original/PRD262494bba3a4713f2bc61e46f1c90441.png
LIN2-EL19UL,https://www.sevenfive.co.th/files/product/original/PRD48f8b2bc82a9e19c5b3040d438a9fc8b.png
LIN2-CE01,https://www.sevenfive.co.th/files/product/original/PRD03e39b87fba2181fa5170e5ac0147d3f.png
LIN2-BE16,https://www.sevenfive.co.th/files/product/original/PRD21c7421fcf20d7887ecc3dd99175cffb.png
LIN2-BA116,https://www.sevenfive.co.th/files/product/original/PRD389c073f393dd8a98834719f18cfa189.png
LIN2-BA115,https://www.sevenfive.co.th/files/product/original/PRD8a10ee546c4f3aec9d786efe1ce2326f.png
LIN2-BA114,https://www.sevenfive.co.th/files/product/original/PRD022bc21091861f7fb12a87b626ce4a0e.png
LIN2-BA90,https://www.sevenfive.co.th/files/product/original/PRD95ce60d7f43aa8fbbee0d947d54eada5.png
HAT2-X050304200,https://www.sevenfive.co.th/files/product/original/PRDe33281225c2e32340d77512a77d9c1a2.png
HAM2-20609360000,https://www.sevenfive.co.th/files/product/original/PRD2951b4de256eeba317793363a4e30fdd.png
HAM2-280128200,https://www.sevenfive.co.th/files/product/original/PRD86193503e3dae926c5a1b7ddce60549f.png
JTA2-302250029,https://www.sevenfive.co.th/files/product/original/PRDa17a53fe8bc8fd566816606ed64865aa.png
JTA2-302110021,https://www.sevenfive.co.th/files/product/original/PRD175651946869.jpg
JTA2-301100014,https://www.sevenfive.co.th/files/product/original/PRD9df683ebea6b4d9219c10d6e8d4bce23.png
JTA2-301040553,https://www.sevenfive.co.th/files/product/original/PRDb0a187d539acfaa536dd3fa2f07dc776.png
BER2-STARTOR,https://www.sevenfive.co.th/files/product/original/PRD0f6e88b460198d9963cd096aa346a438.png
BER2-NT-UR6D-F,https://www.sevenfive.co.th/files/product/original/PRD79e221ff29b0bd7859ed61aa97ad73ca.png
BER2-NT-FWB5,https://www.sevenfive.co.th/files/product/original/PRD4d1b0f75e263c368d87ea16c49b04728.png
BER2-NT-FWB6,https://www.sevenfive.co.th/files/product/original/PRD4048f25d434bb7d4d80647312825ac19.png
BER2-NT-FW77,https://www.sevenfive.co.th/files/product/original/PRDa491448c168a39f61bbedca0f510891d.png
BER2-K50-200,https://www.sevenfive.co.th/files/product/original/PRDa8f196fc7d67145ed80898edb3eaf6cb.png
BER2-HL-FW-O,https://www.sevenfive.co.th/files/product/original/PRDa5066562b08eba18cf890e1554f4e296.png
BER2-HL-LG02-630(L&R)3.5,https://www.sevenfive.co.th/files/product/original/PRD4b8156883d2499c6334d5d8c69759290.png
BER2-HL-B02-610,https://www.sevenfive.co.th/files/product/original/PRD1a1a15d40d0f64723c645fd928afad76.png
BER2-HL-B01-610,https://www.sevenfive.co.th/files/product/original/PRD360a3d5d2fb59d955d655b8985bd7d84.png
BER2-GE-GR600,https://www.sevenfive.co.th/files/product/original/PRDde80a96c77fb47eb3dd7d8225d0c4ae7.png
BER2-CC-DC311CC,https://www.sevenfive.co.th/files/product/original/PRDa830a45450d98e051443ecff0da4b853.png
BER2-CAPA(CKE4SCSM),https://www.sevenfive.co.th/files/product/original/PRDf85c4a34fa43922b4a25e65b8672f0fb.png
HAT1-GRAH60,https://www.sevenfive.co.th/files/product/original/PRD170954153778.jpg
OBE1-C230-2000001,https://www.sevenfive.co.th/files/product/original/PRDdbd0f0119a044ea775899b5ad05b8d12.png
OBE1-P410-2050030,https://www.sevenfive.co.th/files/product/original/PRD4cc1a4a439e4120e3d1b155b98f58b50.jpg
OBE1-C330-2000028,https://www.sevenfive.co.th/files/product/original/PRD09dece2b6d8c9b8c59032af4431f6a1f.png
OBE1-C220-2000035,https://www.sevenfive.co.th/files/product/original/PRDf6977e3a5a1d46d740c01323aa744e18.png
BER1-BS2DU-C-L,https://www.sevenfive.co.th/files/product/original/PRD1fe6adbc818e17cf68c7030370b7a89e.jpg
PIM2-905060052,https://www.sevenfive.co.th/files/product/original/PRD175705868951.jpg
PIM2-905060014A,https://www.sevenfive.co.th/files/product/original/PRD175705868684.jpg
PIM2-906010042A,https://www.sevenfive.co.th/files/product/original/PRD175705869948.jpg
PIM2-906010030,https://www.sevenfive.co.th/files/product/original/PRD175705869310.jpg
PIM2-905080014,https://www.sevenfive.co.th/files/product/original/PRD175705869121.jpg
PIM2-906010032,https://www.sevenfive.co.th/files/product/original/PRD175705869729.jpg
PIM2-905030024,https://www.sevenfive.co.th/files/product/original/PRD175705868488.jpg
PIM2-910020007,https://www.sevenfive.co.th/files/product/original/PRD175705870420.jpg
PIM2-906010031,https://www.sevenfive.co.th/files/product/original/PRD175705869596.jpg
PIM2-20102010095,https://www.sevenfive.co.th/files/product/original/PRD175705872514.jpg
BER1-GG2BFS,https://www.sevenfive.co.th/files/product/original/PRD3b76a33e34c21127e539fc60a4c9a3b7.jpg
BER1-CRB3BFS,https://www.sevenfive.co.th/files/product/original/PRD170954902781.jpg
BER1-CRB2BFS,https://www.sevenfive.co.th/files/product/original/PRD170954902025.jpg
BER1-GG3B,https://www.sevenfive.co.th/files/product/original/PRD8bac8b1364e410a909b68ce6cf689289.jpg
BER1-GG2B,https://www.sevenfive.co.th/files/product/original/PRD3cc09ba42d5a740bb052561cc443c860.jpg
BER1-EG3500,https://www.sevenfive.co.th/files/product/original/PRD170954883876.jpg
BER1-DF13,https://www.sevenfive.co.th/files/product/original/PRD170954878340.jpg
BER1-EG5250,https://www.sevenfive.co.th/files/product/original/PRD170954886028.jpg
BER1-OB4,https://www.sevenfive.co.th/files/product/original/PRDb5d697eedf375964e2919c68eb5bed5b.jpg
CAM1-2900CT-410,https://www.sevenfive.co.th/files/product/original/PRD176975732471.jpg
BER1-BJY-IK30,https://www.sevenfive.co.th/files/product/original/PRD170954567114.jpg
EDL1-BDS4KG,https://www.sevenfive.co.th/files/product/original/PRD176975734827.jpg
SAN1-02201DD,https://www.sevenfive.co.th/files/product/original/PRDd4c93bb9dec578e23fd1ae01e607405f.png
SAN1-02201BD,https://www.sevenfive.co.th/files/product/original/PRD8e2bdccdbb6b5b2bec4d1ce35bd3aa00.png
ROB1-SC1,https://www.sevenfive.co.th/files/product/original/PRDffa3ae008ac1366a509c6d3417b8643b.png
BER1-EG5250FS,https://www.sevenfive.co.th/files/product/original/PRD170954887365.jpg
BER1-EG5250-12RFS,https://www.sevenfive.co.th/files/product/original/PRD170954886935.jpg
BER1-EG3500FS,https://www.sevenfive.co.th/files/product/original/PRD17095488536.jpg
BER1-EG3500-12RFS,https://www.sevenfive.co.th/files/product/original/PRD17095488458.jpg
CTP1-GS-10444-200C-BK,https://www.sevenfive.co.th/files/product/original/PRD176198363361.jpg
BER1-CG11,https://www.sevenfive.co.th/files/product/original/PRD170954900349.jpg
CAM1-UPCSS160-403,https://www.sevenfive.co.th/files/product/original/PRD23f446de53696b02c8979d604418a51b.png
COG2-228014,https://www.sevenfive.co.th/files/product/original/PRDb938fdd9e14c8ffcc90c5a90cd9f34c8.png
COG2-215041-2,https://www.sevenfive.co.th/files/product/original/PRD45c240150fa4852a25f6a9556d7c2fed.png
COG2-80351,https://www.sevenfive.co.th/files/product/original/PRD97741707cd28932095aa1b83aef1b5f8.png
ROE2-303145,https://www.sevenfive.co.th/files/product/original/PRD4c214153408e573a32d27a132b866a97.png
ROE2-104122,https://www.sevenfive.co.th/files/product/original/PRD0b5f7357e08b1ce987d468e5caac7ab2.png
ROE2-102303,https://www.sevenfive.co.th/files/product/original/PRD655e8cb72c439e5b66df3edf2178ba3e.png
ROE2-89557,https://www.sevenfive.co.th/files/product/original/PRD94163242aa47a5736fff2277724f7120.png
ROE2-29620,https://www.sevenfive.co.th/files/product/original/PRD7601455f4cdcb394dd0494ac200aa861.png
ROE2-29507,https://www.sevenfive.co.th/files/product/original/PRD9359a2c0d753e9f16ab77e1b38c3399e.png
SIR2-MF0132,https://www.sevenfive.co.th/files/product/original/PRD5c5ddd100e1fd1a1cb71ee6a0deb0089.png
SIR2-LF2007005,https://www.sevenfive.co.th/files/product/original/PRDa18d8af0ccbb72fa43c60198a7479393.png
SIR2-LF2007004,https://www.sevenfive.co.th/files/product/original/PRDc5a1a6ecc33149291cc5ec662ce8319a.png
SIR2-LF1510701,https://www.sevenfive.co.th/files/product/original/PRD9a863ca6f6ac16876cf1c5d0a0f6f8e3.png
SIR2-IW1071240020,https://www.sevenfive.co.th/files/product/original/PRD31c338bf9e09066878e8384ea1615e83.png
SIR2-IV7300505,https://www.sevenfive.co.th/files/product/original/PRD14f212ba609f8bb3fb3a5988cac04944.png
SIR2-FC99004002,https://www.sevenfive.co.th/files/product/original/PRDc3ea759d2b499fb369050ae034602f2b.png
SIR2-19410136.08,https://www.sevenfive.co.th/files/product/original/PRD3dfdfca984f143a3cee9496340287d45.png
SIR2-LF1243201,https://www.sevenfive.co.th/files/product/original/PRDd7b50531f95175d55bff0b0718460ad1.png
SIR2-LF1143201,https://www.sevenfive.co.th/files/product/original/PRD5e3866cf004c94cf4007d7bd209d1d02.png
SIR2-IGS336R,https://www.sevenfive.co.th/files/product/original/PRDb9ba8147a602d2fa612d2f3852508103.png
SIR2-19522605,https://www.sevenfive.co.th/files/product/original/PRD53d76235a148ceded651be5c44f9dea3.png
PIM2-EDO-010-LO,https://www.sevenfive.co.th/files/product/original/PRD175705880069.jpg
PIM2-EDO-009-UP,https://www.sevenfive.co.th/files/product/original/PRD175705890975.jpg
HAM2-990315500,https://www.sevenfive.co.th/files/product/original/PRD176181725379.jpg
MBM1-MFB77TXS,https://www.sevenfive.co.th/files/product/original/PRD74136ed845f335e9bedb15698f9b0280.jpg
LIN1-WT4,https://www.sevenfive.co.th/files/product/original/PRD09473ab10c7457569aba15051db9f7d3.jpg
LIN1-BS3W,https://www.sevenfive.co.th/files/product/original/PRDb91b0833fd4d7155705f60af7ab004f5.jpg
WIN2-2802111,https://www.sevenfive.co.th/files/product/original/PRD27fa0a827b7f461b2b2b9e33df158b83.png
ROL2-H04082D,https://www.sevenfive.co.th/files/product/original/PRD2315a6e83fd45185b4310ba2a467d495.jpg
ROL2-E02006,https://www.sevenfive.co.th/files/product/original/PRD3e10de144a7559b93e663edd58c84d3e.jpg
ROL2-D01025,https://www.sevenfive.co.th/files/product/original/PRDf6661aa8482edabd642a6b91e7814bba.png
ROL2-B04011,https://www.sevenfive.co.th/files/product/original/PRD01943f42b540b7f5d408ad52f9bf25eb.png
ROL2-B02019+PTR,https://www.sevenfive.co.th/files/product/original/PRD2e3617dec26cc4e410b6dc953e6deb08.jpg
ROL2-B02017+PTR,https://www.sevenfive.co.th/files/product/original/PRDff7fc68e0a3825c698946fdff53985a2.png
ROL2-115002,https://www.sevenfive.co.th/files/product/original/PRD4c314e447dbfe640f40300ed25f53eed.png
ROL2-37260,https://www.sevenfive.co.th/files/product/original/PRD401e2d97c17169c83a38509d77d186c9.png
CAM1-ESK2172V-580,https://www.sevenfive.co.th/files/product/original/PRD176975733434.jpg
CAM1-CBSK2460S1-580,https://www.sevenfive.co.th/files/product/original/PRDb2e7b09f9ff2c7b99dd2813bec66f447.jpg
CAM1-CBSK2454S1-580,https://www.sevenfive.co.th/files/product/original/PRDe02ad4cb186c4ec29768ffc4b7be3f0b.jpg
CAM1-CBSK2448V4-580,https://www.sevenfive.co.th/files/product/original/PRDfe6e8e4e5f4e7f41f49139cb93cdb1b9.jpg
CAM1-CBSK2448S1-580,https://www.sevenfive.co.th/files/product/original/PRD236bc8e928885c3ed5283c0b6e88dd0a.jpg
CAM1-CBSK2442V4-580,https://www.sevenfive.co.th/files/product/original/PRD19719b39b6687dc3e6672714578f574b.jpg
CAM1-CBSK2442V1-580,https://www.sevenfive.co.th/files/product/original/PRDbfb34e5e7b531b499ef0cc1078cf3303.jpg
CAM1-CBSK2436V4-580,https://www.sevenfive.co.th/files/product/original/PRD0a2b94a1801916b44243dad9a5b8432f.jpg
CAM1-CBSK2436V1-580,https://www.sevenfive.co.th/files/product/original/PRD68b4dd5a13916c0f2d1da2ac93c2498b.jpg
CAM1-CBSK2436S1-580,https://www.sevenfive.co.th/files/product/original/PRD9f475ce73b9223a5492d10b87771ca19.jpg
COG2-DPE127,https://www.sevenfive.co.th/files/product/original/PRD175653864976.jpg
CAM1-ADC33-157,https://www.sevenfive.co.th/files/product/original/PRD176975732786.jpg
CAM1-ADC33-401,https://www.sevenfive.co.th/files/product/original/PRD176975732796.jpg
ROL2-SH01038,https://www.sevenfive.co.th/files/product/original/PRDa9dbe75e5703f0e038fc6e771a92e60f.jpg
ROL2-SA18022,https://www.sevenfive.co.th/files/product/original/PRDf38f4c67d4a374ca72f5a5b09ae7fbe6.jpg
ROL2-SA03113,https://www.sevenfive.co.th/files/product/original/PRD9f4511467e7d19e1917a56996c019807.jpg
ROL2-F01052,https://www.sevenfive.co.th/files/product/original/PRD3585cac8b2740aad7bc8e1babaa3c2da.jpg
ROL2-E01001,https://www.sevenfive.co.th/files/product/original/PRDc1de36689a5b7aa6d05ea922a8c84d9b.jpg
ROL2-B02032PTR,https://www.sevenfive.co.th/files/product/original/PRD4c3a82621eb40558b107b68269388958.jpg
ROL2-B02024+PTR,https://www.sevenfive.co.th/files/product/original/PRDcda1729b1f9e852acb5d00d07929079f.jpg
ROL2-B02023+PTR,https://www.sevenfive.co.th/files/product/original/PRD415cd88dd1213026ad61a26db966b496.jpg
ROL2-A03006,https://www.sevenfive.co.th/files/product/original/PRD2bc9d5168cd2138d3e0a885269453a58.jpg
ROL2-402083,https://www.sevenfive.co.th/files/product/original/PRD471030ad4993eb848b726e81e432e896.jpg
ROL2-116010,https://www.sevenfive.co.th/files/product/original/PRD34c3e96ab6b054ed17563deace50e346.jpg
ROL2-90138D+90138G,https://www.sevenfive.co.th/files/product/original/PRD87cfb01c197e275e70f53603d3c5b2ea.jpg
ROL2-37282,https://www.sevenfive.co.th/files/product/original/PRD4a32ad7c15704d19dd985f13c3bf74b8.jpg
ROL2-36144,https://www.sevenfive.co.th/files/product/original/PRD65d7f2dc3ca8b5622d1771e4d1e04ae8.png
CAM1-1622TL-110,https://www.sevenfive.co.th/files/product/original/PRD73b1e3b1a82877876a8778ea685e45a6.jpg
BER1-OB4GG1BWOH,https://www.sevenfive.co.th/files/product/original/PRDfb456831b04d09afafa97306f326f6bf.jpg
BER1-OB2(S)FS,https://www.sevenfive.co.th/files/product/original/PRD86e25ccb7bcfa9f25c2806671770c914.jpg
BER1-OB2,https://www.sevenfive.co.th/files/product/original/PRDe0c4299644631e5ada0e07d7e11e7cda.jpg
BER1-DF23S2B,https://www.sevenfive.co.th/files/product/original/PRD17095487999.jpg
BER1-CB3BFS,https://www.sevenfive.co.th/files/product/original/PRD170954898041.jpg
ROL2-D04005,https://www.sevenfive.co.th/files/product/original/PRD170937317970.jpg
BER2-CI-CBT,https://www.sevenfive.co.th/files/product/original/PRD170936369562.jpg
ZNS1-865267,https://www.sevenfive.co.th/files/product/original/PRDfff2c6aa0c4404935ca1c56a6ee8176d.jpg
WYO2-83260,https://www.sevenfive.co.th/files/product/original/PRD828748257cba33b7a6330a1fbb82f2ac.jpg
TS2-062X,https://www.sevenfive.co.th/files/product/original/PRD4d8aa190aced2956e0bef59122947989.jpg
RAN2-34040008,https://www.sevenfive.co.th/files/product/original/PRD4a5fa9b06b7965645f2091066364c504.jpg
CEC2-L022A,https://www.sevenfive.co.th/files/product/original/PRDbefbf2b80c3bf4fde4bfbe7ffb8c3807.jpg
ZAN2-ASSM0770,https://www.sevenfive.co.th/files/product/original/PRD175653921594.jpg
ZAN2-CAVI0058,https://www.sevenfive.co.th/files/product/original/PRD175653921572.jpg
ZAN2-TERM0093,https://www.sevenfive.co.th/files/product/original/PRD175653923253.jpg
ZAN2-PANN0436,https://www.sevenfive.co.th/files/product/original/PRD175653923092.jpg
ZAN2-ELET0720,https://www.sevenfive.co.th/files/product/original/PRD175653922344.jpg
ZAN2-ELET0718,https://www.sevenfive.co.th/files/product/original/PRD175653922344.jpg
ZAN2-MANI0110,https://www.sevenfive.co.th/files/product/original/PRD175653922915.jpg
ROB1-TX4,https://www.sevenfive.co.th/files/product/original/PRDc371d6ff62d736a0c55ac2b92a1a9218.jpg
TRA1-1418-191,https://www.sevenfive.co.th/files/product/original/PRDee6e9d50f635f77811b278bcfa033e97.jpg
LKK2-HS50-19,https://www.sevenfive.co.th/files/product/original/PRD175653881946.jpg
LKK2-HS50-16,https://www.sevenfive.co.th/files/product/original/PRD175653881956.jpg
LKK2-2000W,https://www.sevenfive.co.th/files/product/original/PRD175653866511.jpg
DEX1-20206,https://www.sevenfive.co.th/files/product/original/PRD28fb2011407c1f304180b9a7123b8d99.jpg
COT1-302331,https://www.sevenfive.co.th/files/product/original/PRDb3da9b6b4f7ed17b89db6f064f94bb03.jpg
PIT1-TBV-SRTG14,https://www.sevenfive.co.th/files/product/original/PRDf5a503698ff43b279451596b2222c5dc.jpg
PIT1-TB-SFSSH55-D,https://www.sevenfive.co.th/files/product/original/PRDe7ba58ff3c5d154d484e6d52a7c5439a.jpg
NTS1-CAR1-18-2,https://www.sevenfive.co.th/files/product/original/PRD7dc7234faa655bf1e1bcef568811dbb7.jpg
RTN1-SCCWE101E,https://www.sevenfive.co.th/files/product/original/PRDddbcc6943b4aa2bf06fc053ea694cd5a.png
RTN1-6013.1103,https://www.sevenfive.co.th/files/product/original/PRD446c64fc0c7b97c99032b8e7cad1be9d.png
RTN1-60.73.314,https://www.sevenfive.co.th/files/product/original/PRDddfc9c3c100500f4017191e494f3c366.png
RTN1-60.70.464,https://www.sevenfive.co.th/files/product/original/PRD84b6d4d8990d527f8274340064f2dc68.png
HAT1-BLACK,https://www.sevenfive.co.th/files/product/original/PRD84b90aef36a4969d39a8502336d47e41.png
ETL1-922171,https://www.sevenfive.co.th/files/product/original/PRD49b66a651fa487d0ddf5d815510fe305.jpg
BER1-KM2,https://www.sevenfive.co.th/files/product/original/PRD6468e56413af70b703c2bf2b55deec43.jpg
BER1-JD218MIX25,https://www.sevenfive.co.th/files/product/original/PRD8c0d7cd581f1ca928c8e48eb4f1c50a3.jpg
BER1-JD118MIX25,https://www.sevenfive.co.th/files/product/original/PRD89f103f5aaceab01409890dfd0aa54dc.jpg
BER1-GS12-W,https://www.sevenfive.co.th/files/product/original/PRDe197769efe3bfc55e0c6e7021f795074.jpg
CAM1-CBSK2442VS5-580,https://www.sevenfive.co.th/files/product/original/PRD75c1db86f102e58dc702cffd47fd7aba.jpg
CAM1-CBSK2442S1-580,https://www.sevenfive.co.th/files/product/original/PRDb58fbd77b6936af3dc9a35120b324321.jpg
CAM1-CBPK2464-580,https://www.sevenfive.co.th/files/product/original/PRDb5d92af98ebb3b43aa0c0623e3ce10a4.jpg
HAT2-RHW-11QT-POT,https://www.sevenfive.co.th/files/product/original/PRD259aba1b00f66cfd1e849c2c6b49371a.jpg
PUJ1-904.500,https://www.sevenfive.co.th/files/product/original/PRD76afc33739de864d700b2e9326cd6f2d.jpg
HOU1-CPE1.10-GAS,https://www.sevenfive.co.th/files/product/original/PRD44d423b012664ad358b1e2259244603b.jpg
HOU1-C2.20-ROLL-IN,https://www.sevenfive.co.th/files/product/original/PRD7b2db261a1e2e4ee14d9ad798965660b.jpg
MID1-PS640G-2,https://www.sevenfive.co.th/files/product/original/PRD128b86bce160310629874e9ae94aaf09.jpg
PIM1-KT1500-D,https://www.sevenfive.co.th/files/product/original/PRD31b2efb9a8f0896928c0f0433a49632e.jpg
PIM1-KT1200-DW,https://www.sevenfive.co.th/files/product/original/PRD34008ec1d216998fd3e6145ad9f8f77c.jpg
PIM1-KT1200-D,https://www.sevenfive.co.th/files/product/original/PRDdc88cd7fb2bebc09ad46c8e67b4bfdd3.jpg
SIR1-SO1650INOX-MN-BANCO,https://www.sevenfive.co.th/files/product/original/PRD542cd48964107383429cf9434b3efa7c.jpg
LIN1-LDF,https://www.sevenfive.co.th/files/product/original/PRDe20fe949785f7e62e9aa3261d1047885.jpg
CAM1-UPCSS160-157,https://www.sevenfive.co.th/files/product/original/PRD70368673ff914b863e9d42b6b0f23adb.jpg
CAM1-UPC101-401,https://www.sevenfive.co.th/files/product/original/PRD93d735c5665b74e3c790e0e0d812b55e.jpg
PRC1-TK-SC15,https://www.sevenfive.co.th/files/product/original/PRD176785876766.jpg
CAM1-LITXLPCSK,https://www.sevenfive.co.th/files/product/original/PRDcd81ac6c91288d6df7c645271b1c8dca.jpg
CAM1-HWAOR-110,https://www.sevenfive.co.th/files/product/original/PRD3eb7abbfd02e612a030643b61c13c3e6.jpg
CAM1-EXU244872VS4-480,https://www.sevenfive.co.th/files/product/original/PRD6abcc893fde2cc9af0c71776b31f5754.jpg
CAM1-EXU244864V4-480,https://www.sevenfive.co.th/files/product/original/PRD69f52f160ba6945ffc980957fd79ef01.jpg
CAM1-EXU214272V5-480,https://www.sevenfive.co.th/files/product/original/PRD1486fad81006e53b95ac002cf8d9882a.jpg
CAM1-EXU183664VS4-480,https://www.sevenfive.co.th/files/product/original/PRDef693a7a5dcee81f987f5971afc689bb.jpg
CAM1-EXU184264VS4-480,https://www.sevenfive.co.th/files/product/original/PRDa6b1dc137a771591cd33cef78646a261.jpg
CAM1-EXU186064VS4-480,https://www.sevenfive.co.th/files/product/original/PRDd171d0dd71577791f487dfb69e4baac1.jpg
CAM1-EPPBEVH2-110,https://www.sevenfive.co.th/files/product/original/PRD5b5f4ec86e202d11ad4303a6e056861e.jpg
LKK2-6206-2Z,https://www.sevenfive.co.th/files/product/original/PRD175653868261.jpg
BES1-G7F6P+FG1,https://www.sevenfive.co.th/files/product/original/PRD176975731632.jpg
BES1-G7FL8M-2,https://www.sevenfive.co.th/files/product/original/PRD176975731714.jpg
BES1-G7FL4M-SX,https://www.sevenfive.co.th/files/product/original/PRD176975731750.jpg
BES1-G7F4P+FG1,https://www.sevenfive.co.th/files/product/original/PRD176975731652.jpg
BES1-G7F4MP,https://www.sevenfive.co.th/files/product/original/PRD176975731616.jpg
BES1-E7P2B,https://www.sevenfive.co.th/files/product/original/PRD17697573166.jpg
BES1-E7FL8M-2,https://www.sevenfive.co.th/files/product/original/PRD176975731529.jpg
BES1-CPG40E,https://www.sevenfive.co.th/files/product/original/PRD176975731547.jpg
BES1-CPE40,https://www.sevenfive.co.th/files/product/original/PRD176975731567.jpg
BES1-9GL15+15M,https://www.sevenfive.co.th/files/product/original/PRD17697573156.jpg
CAM1-CSDR7-151,https://www.sevenfive.co.th/files/product/original/PRD1be9162d008f8d12bc176bcc0a772d2e.jpg
CAM1-CPCC1-480,https://www.sevenfive.co.th/files/product/original/PRD46ec8ad846fa6babdde82b7442abd177.jpg
CAM1-CPA186072V4-480,https://www.sevenfive.co.th/files/product/original/PRDa44b81b31fa2a870eaaf68f6fe2654ed.jpg
CAM1-CD2020H-180,https://www.sevenfive.co.th/files/product/original/PRD90e23cf7a4c2e370098390be97c2bd63.jpg
CAM1-CBSK2448VS5-580,https://www.sevenfive.co.th/files/product/original/PRD5bc865560d80bef5fbac3713de82d06d.jpg
CAM1-CBSK2448VS4-580,https://www.sevenfive.co.th/files/product/original/PRD45ce22d849f366c58d76f74fdee92f48.jpg
CAM1-CBSK2448V5-580,https://www.sevenfive.co.th/files/product/original/PRD416a4160bba7702f9731d73f46224dfa.jpg
CAM1-CBSK2448S5-580,https://www.sevenfive.co.th/files/product/original/PRD0c7b3d25ee83de256f690d0dcef8ca3d.jpg
CAM1-CBSK2448S4-580,https://www.sevenfive.co.th/files/product/original/PRD0b3daf57661d394a2b02fa3ba1b6a07a.jpg
CAM1-CBSK2442S4-580,https://www.sevenfive.co.th/files/product/original/PRD86a840252f3df38001b7966d32a7d044.jpg
CAM1-CBSK2442S5-580,https://www.sevenfive.co.th/files/product/original/PRD44acd559c2f58f0fda548f894d4efd76.jpg
CAM1-CBSK2442V5-580,https://www.sevenfive.co.th/files/product/original/PRDb318009fd4fdd5614d124b1ad235774d.jpg
CAM1-CBSK2442VS4-580,https://www.sevenfive.co.th/files/product/original/PRD92fffae9aeb7b6e5299a8e9fe4a4f657.jpg
CAM1-CBSK2436S4-580,https://www.sevenfive.co.th/files/product/original/PRD0b25210c9b783d54b8ecf340d525fb10.jpg
CAM1-CBPK2484-580,https://www.sevenfive.co.th/files/product/original/PRDe7aef9307f4e25a59f9b1fde15d27f46.jpg
SIR1-GF-VEGAS,https://www.sevenfive.co.th/files/product/original/PRDd8a427a262bd03e5434a8010babe4be2.jpg
HAT1-WHITE-UCTD-240,https://www.sevenfive.co.th/files/product/original/PRD463db758208d5b398839633d591bfa5b.jpg
HAT1-TQ3-900-WARM-RED,https://www.sevenfive.co.th/files/product/original/PRDca7d162928ec75d7af3a37f71bab9752.jpg
HAT1-TQ3-900-BLACK,https://www.sevenfive.co.th/files/product/original/PRDb65765089aea6068384a1891864b6301.jpg
HAT1-CSCLB-PACC,https://www.sevenfive.co.th/files/product/original/PRD1df584d1716aac9a5bc5c0a853275d09.jpg
HAT1-CSCL-BOARD,https://www.sevenfive.co.th/files/product/original/PRD41d9c744aa1492befeb8946c14fb09e9.jpg
HAT1-CL-LOW,https://www.sevenfive.co.th/files/product/original/PRD8142080c75aeca2bd2d2e96ba83f645c.jpg
HAT1-C-12,https://www.sevenfive.co.th/files/product/original/PRDbfd46ee2406b7166daa2ee1cd4762e08.jpg
SIR1-TCG12E-MN,https://www.sevenfive.co.th/files/product/original/PRD00948f057bdeed5022eb3818dbab032a.jpg
SIR1-STER-UVC-24W-S,https://www.sevenfive.co.th/files/product/original/PRDacb441faad970f2a21fe08ca8d24c473.jpg
SIR1-SO2400-IX-CE-400-TF,https://www.sevenfive.co.th/files/product/original/PRD2ce7435d8ec1ad793cf678b47de17dc9.jpg
SIR1-PPJ20-3PH,https://www.sevenfive.co.th/files/product/original/PRDfc2b9898b645c8074adc4447c85d5ef3.jpg
SIR1-GALILEO-350-EVO-AUTO,https://www.sevenfive.co.th/files/product/original/PRD147e3ff70e9b64fb22c66b303abbd94b.jpg
SIR1-GALILEO-350-EVO,https://www.sevenfive.co.th/files/product/original/PRDe529ba43a1c7093b41ea451c0fe23d86.jpg
SIR1-DRAKE,https://www.sevenfive.co.th/files/product/original/PRD7d389f734e1ee4961dcacaa557668146.jpg
SIR1-DOLOMITI-5T,https://www.sevenfive.co.th/files/product/original/PRDb858eaa98e67f5dd32621612673b801e.jpg
SIR1-DOLOMITI-7T-GELATERI,https://www.sevenfive.co.th/files/product/original/PRD39c34cb8eb5895843914c38fd4e37336.jpg
CTX1-DZ33I-2-W-STAND,https://www.sevenfive.co.th/files/product/original/PRD04ae342cd75bceb29a614133cdef6a35.jpg
DEX1-19703R,https://www.sevenfive.co.th/files/product/original/PRD176975734849.jpg
DEX1-19703G,https://www.sevenfive.co.th/files/product/original/PRD176975734783.jpg
TBA2-T07A350130-2,https://www.sevenfive.co.th/files/product/original/PRD17565391466.jpg
ROL1-RBE120,https://www.sevenfive.co.th/files/product/original/PRD176785877750.jpg
ROL1-GR80G,https://www.sevenfive.co.th/files/product/original/PRD176785877647.jpg
ROE1-R8VV,https://www.sevenfive.co.th/files/product/original/PRD177261676446.jpg
ROE1-R8,https://www.sevenfive.co.th/files/product/original/PRD17678587769.jpg
ROE1-R15,https://www.sevenfive.co.th/files/product/original/PRD176785877599.jpg
ROE1-R10E-400-V,https://www.sevenfive.co.th/files/product/original/PRD177261676191.jpg
ROE1-CL55-2-FEED-HEADS,https://www.sevenfive.co.th/files/product/original/PRD177261675926.jpg
ROE1-BLIXER45,https://www.sevenfive.co.th/files/product/original/PRD177261675865.jpg
ROE1-BLIXER30,https://www.sevenfive.co.th/files/product/original/PRD177261675724.jpg
ROE1-BLIXER23,https://www.sevenfive.co.th/files/product/original/PRD177261675755.jpg
ROE1-BLIXER10-VV,https://www.sevenfive.co.th/files/product/original/PRD177261675733.jpg
ROE1-BLIXER-8-VV,https://www.sevenfive.co.th/files/product/original/PRD177261675626.jpg
ROE1-28161,https://www.sevenfive.co.th/files/product/original/PRD177261675627.jpg
PUJ1-846.050,https://www.sevenfive.co.th/files/product/original/PRD176897279055.jpg
PRC1-KK-MBP08,https://www.sevenfive.co.th/files/product/original/PRD176785876712.jpg
PRC1-KK-LOP01,https://www.sevenfive.co.th/files/product/original/PRD17678587671.jpg
PRC1-KK-FC5,https://www.sevenfive.co.th/files/product/original/PRD176544019063.jpg
PIM1-VCM-20MF,https://www.sevenfive.co.th/files/product/original/PRD175412323782.jpg
PIM1-IB350S300,https://www.sevenfive.co.th/files/product/original/PRD175412323164.jpg
NTS1-SBLS4,https://www.sevenfive.co.th/files/product/original/PRD175222822169.jpg
NTS1-MLKH1,https://www.sevenfive.co.th/files/product/original/PRD175222820961.jpg
NTS1-EB20,https://www.sevenfive.co.th/files/product/original/PRD175222818799.jpg
LKK1-WG500,https://www.sevenfive.co.th/files/product/original/PRD176975736475.jpg
LKK1-STBT400600,https://www.sevenfive.co.th/files/product/original/PRD176975736493.jpg
LKK1-QS505A,https://www.sevenfive.co.th/files/product/original/PRD17697573633.jpg
LKK1-JG210,https://www.sevenfive.co.th/files/product/original/PRD176975736325.jpg
LKK1-HWH25B,https://www.sevenfive.co.th/files/product/original/PRD176975736286.jpg
LKK1-GT600-2,https://www.sevenfive.co.th/files/product/original/PRD176975736192.jpg
LKK1-EG738-2,https://www.sevenfive.co.th/files/product/original/PRD176975736066.jpg
LKK1-EG548,https://www.sevenfive.co.th/files/product/original/PRD176975736090.jpg
LKK1-DM-WZ150,https://www.sevenfive.co.th/files/product/original/PRD176975735863.jpg
LKK1-B60(B),https://www.sevenfive.co.th/files/product/original/PRD176975735817.jpg
LKK1-B5A,https://www.sevenfive.co.th/files/product/original/PRD176975735862.jpg
LCO1-SOUS-VIDE-PRO,https://www.sevenfive.co.th/files/product/original/PRD176975735385.jpg
LCO1-SOUS-VIDE-PRECISE,https://www.sevenfive.co.th/files/product/original/PRD17697573538.jpg
LCO1-SOUS-VIDE-GOURMET-WH,https://www.sevenfive.co.th/files/product/original/PRD176975735372.jpg
LCO1-SOUS-VIDE-GOURMET-BK,https://www.sevenfive.co.th/files/product/original/PRD176975735334.jpg
LCO1-LICUADORA-PRO,https://www.sevenfive.co.th/files/product/original/PRD176975735241.jpg
LCO1-CONCEDOR-SOUS-VIDE,https://www.sevenfive.co.th/files/product/original/PRD176975735220.jpg
LCO1-BATIDORA,https://www.sevenfive.co.th/files/product/original/PRD176975735269.jpg
LCO1-BATHIDOR-500-50,https://www.sevenfive.co.th/files/product/original/PRD176975735181.jpg
LCO1-BATHIDOR-500-40,https://www.sevenfive.co.th/files/product/original/PRD176975735165.jpg
FNC1-T100,https://www.sevenfive.co.th/files/product/original/PRD176975735040.jpg
FAG1-FTG905R,https://www.sevenfive.co.th/files/product/original/PRD176975734993.jpg
FAG1-FE6,https://www.sevenfive.co.th/files/product/original/PRD176975734924.jpg
EDL1-S-11TP,https://www.sevenfive.co.th/files/product/original/PRD176975734992.jpg
DCS1-DCS36G,https://www.sevenfive.co.th/files/product/original/PRD176975734467.jpg
DCS1-DCS24-4-1,https://www.sevenfive.co.th/files/product/original/PRD176975734365.jpg
DCS1-DCS24-2,https://www.sevenfive.co.th/files/product/original/PRD176975734362.jpg
DCS1-DCS12-2,https://www.sevenfive.co.th/files/product/original/PRD176975734386.jpg
COT1-STDVV001,https://www.sevenfive.co.th/files/product/original/PRD176975734362.jpg
COT1-PTDS200,https://www.sevenfive.co.th/files/product/original/PRD176975734210.jpg
COT1-PFPD001,https://www.sevenfive.co.th/files/product/original/PRD176975734240.jpg
COL1-5812BK,https://www.sevenfive.co.th/files/product/original/PRD176975734276.jpg
COL1-5811BK,https://www.sevenfive.co.th/files/product/original/PRD176975734272.jpg
COL1-5810BE,https://www.sevenfive.co.th/files/product/original/PRD176975734181.jpg
COL1-266-36YW,https://www.sevenfive.co.th/files/product/original/PRD176975734147.jpg
CMK1-T509(NEW),https://www.sevenfive.co.th/files/product/original/PRD176975734069.jpg
CHM1-CNH18,https://www.sevenfive.co.th/files/product/original/PRD176975733996.jpg
CHF1-6786RMT-XL,https://www.sevenfive.co.th/files/product/original/PRD176975733880.jpg
CAM1-6RS6-157,https://www.sevenfive.co.th/files/product/original/PRD176975732577.jpg
ARS1-286104,https://www.sevenfive.co.th/files/product/original/PRD176975731497.jpg
ARS1-286000,https://www.sevenfive.co.th/files/product/original/PRD176975731465.jpg
ARS1-284704,https://www.sevenfive.co.th/files/product/original/PRD176975731457.jpg
ARS1-283404,https://www.sevenfive.co.th/files/product/original/PRD17697573137.jpg
ARS1-282504,https://www.sevenfive.co.th/files/product/original/PRD176975731369.jpg
ARS1-280404,https://www.sevenfive.co.th/files/product/original/PRD176975731358.jpg
ARS1-280004,https://www.sevenfive.co.th/files/product/original/PRD176975731243.jpg
ARS1-256300,https://www.sevenfive.co.th/files/product/original/PRD176975731247.jpg
ARS1-255200,https://www.sevenfive.co.th/files/product/original/PRD176975731148.jpg
ARS1-253900,https://www.sevenfive.co.th/files/product/original/PRD176975731135.jpg
ARS1-253700,https://www.sevenfive.co.th/files/product/original/PRD176975731189.jpg
ARS1-185300,https://www.sevenfive.co.th/files/product/original/PRD176975731181.jpg
ARC1-C2130,https://www.sevenfive.co.th/files/product/original/PRD176861995183.jpg
ARC1-C1320,https://www.sevenfive.co.th/files/product/original/PRD176861995197.jpg
ARC1-79923,https://www.sevenfive.co.th/files/product/original/PRD176861995187.jpg
ARC1-79741,https://www.sevenfive.co.th/files/product/original/PRD176861995175.jpg
ARC1-79736,https://www.sevenfive.co.th/files/product/original/PRD176861995154.jpg
ARC1-79728,https://www.sevenfive.co.th/files/product/original/PRD176861995024.jpg
ARC1-79683,https://www.sevenfive.co.th/files/product/original/PRD176861995091.jpg
ARC1-77873,https://www.sevenfive.co.th/files/product/original/PRD176861995080.jpg
ARC1-76500,https://www.sevenfive.co.th/files/product/original/PRD176861994991.jpg
ARC1-76482,https://www.sevenfive.co.th/files/product/original/PRD176861994983.jpg
ARC1-76477,https://www.sevenfive.co.th/files/product/original/PRD176861994949.jpg
ARC1-76399,https://www.sevenfive.co.th/files/product/original/PRD176861994963.jpg
ARC1-76397,https://www.sevenfive.co.th/files/product/original/PRD176861994867.jpg
ARC1-75373,https://www.sevenfive.co.th/files/product/original/PRD176861994817.jpg
ARC1-75191,https://www.sevenfive.co.th/files/product/original/PRD176861994813.jpg
ARC1-75189,https://www.sevenfive.co.th/files/product/original/PRD176861994877.jpg
ARC1-75187,https://www.sevenfive.co.th/files/product/original/PRD176861994781.jpg
ARC1-72388,https://www.sevenfive.co.th/files/product/original/PRD176861994757.jpg
ARC1-71604,https://www.sevenfive.co.th/files/product/original/PRD176861994720.jpg
ARC1-71204,https://www.sevenfive.co.th/files/product/original/PRD176861994661.jpg
ARC1-71166,https://www.sevenfive.co.th/files/product/original/PRD176861994664.jpg
ARC1-71160,https://www.sevenfive.co.th/files/product/original/PRD176861994663.jpg
ARC1-71158,https://www.sevenfive.co.th/files/product/original/PRD176861994666.jpg
ARC1-71143,https://www.sevenfive.co.th/files/product/original/PRD176861994570.jpg
ARC1-70390,https://www.sevenfive.co.th/files/product/original/PRD176861994573.jpg
ARC1-70271,https://www.sevenfive.co.th/files/product/original/PRD176861994576.jpg
ARC1-68978,https://www.sevenfive.co.th/files/product/original/PRD176861994527.jpg
ARC1-67107,https://www.sevenfive.co.th/files/product/original/PRD176861994455.jpg
ARC1-65298,https://www.sevenfive.co.th/files/product/original/PRD176861994424.jpg
ARC1-64591,https://www.sevenfive.co.th/files/product/original/PRD176861994449.jpg
ARC1-63972,https://www.sevenfive.co.th/files/product/original/PRD176861994323.jpg
ARC1-63118,https://www.sevenfive.co.th/files/product/original/PRD176861994382.jpg
ARC1-63059,https://www.sevenfive.co.th/files/product/original/PRD176861994313.jpg
ARC1-62451,https://www.sevenfive.co.th/files/product/original/PRD176861994265.jpg
ARC1-62449,https://www.sevenfive.co.th/files/product/original/PRD176861994289.jpg
ARC1-62447,https://www.sevenfive.co.th/files/product/original/PRD176861994258.jpg
ARC1-62250,https://www.sevenfive.co.th/files/product/original/PRD176861994298.jpg
ARC1-61875,https://www.sevenfive.co.th/files/product/original/PRD176861994189.jpg
ARC1-61698,https://www.sevenfive.co.th/files/product/original/PRD176861994130.jpg
ARC1-61697,https://www.sevenfive.co.th/files/product/original/PRD176861994164.jpg
ARC1-60548,https://www.sevenfive.co.th/files/product/original/PRD176861994019.jpg
ARC1-60440,https://www.sevenfive.co.th/files/product/original/PRD17686199405.jpg
ARC1-60026,https://www.sevenfive.co.th/files/product/original/PRD176861994025.jpg
ARC1-60024,https://www.sevenfive.co.th/files/product/original/PRD176861994063.jpg
ARC1-60018,https://www.sevenfive.co.th/files/product/original/PRD176861993937.jpg
ARC1-59947,https://www.sevenfive.co.th/files/product/original/PRD176861993998.jpg
ARC1-59943,https://www.sevenfive.co.th/files/product/original/PRD176861993997.jpg
ARC1-59825,https://www.sevenfive.co.th/files/product/original/PRD176861993946.jpg
ARC1-59709,https://www.sevenfive.co.th/files/product/original/PRD176861993849.jpg
ARC1-59319,https://www.sevenfive.co.th/files/product/original/PRD17686199385.jpg
ARC1-58833,https://www.sevenfive.co.th/files/product/original/PRD176861993828.jpg
ARC1-58621,https://www.sevenfive.co.th/files/product/original/PRD176861993816.jpg
ARC1-58179,https://www.sevenfive.co.th/files/product/original/PRD176861993885.jpg
ARC1-58060,https://www.sevenfive.co.th/files/product/original/PRD176861993789.jpg
ARC1-58057,https://www.sevenfive.co.th/files/product/original/PRD176861993760.jpg
ARC1-58030,https://www.sevenfive.co.th/files/product/original/PRD176861993779.jpg
ARC1-58012,https://www.sevenfive.co.th/files/product/original/PRD176861993791.jpg
ARC1-58010,https://www.sevenfive.co.th/files/product/original/PRD176861993743.jpg
ARC1-57976,https://www.sevenfive.co.th/files/product/original/PRD17686199364.jpg
ARC1-57975,https://www.sevenfive.co.th/files/product/original/PRD176861993611.jpg
ARC1-57972,https://www.sevenfive.co.th/files/product/original/PRD176861993631.jpg
ARC1-57971,https://www.sevenfive.co.th/files/product/original/PRD176861993550.jpg
ARC1-56626,https://www.sevenfive.co.th/files/product/original/PRD176861993561.jpg
ARC1-56416,https://www.sevenfive.co.th/files/product/original/PRD176861993526.jpg
ARC1-55391,https://www.sevenfive.co.th/files/product/original/PRD176861993563.jpg
ARC1-55355,https://www.sevenfive.co.th/files/product/original/PRD176861993450.jpg
ARC1-55219,https://www.sevenfive.co.th/files/product/original/PRD17686199347.jpg
ARC1-55058,https://www.sevenfive.co.th/files/product/original/PRD176861993467.jpg
ARC1-54584,https://www.sevenfive.co.th/files/product/original/PRD176861993437.jpg
ARC1-54455,https://www.sevenfive.co.th/files/product/original/PRD176861993439.jpg
ARC1-54435,https://www.sevenfive.co.th/files/product/original/PRD176861993321.jpg
ARC1-54434,https://www.sevenfive.co.th/files/product/original/PRD176861993313.jpg
ARC1-53061,https://www.sevenfive.co.th/files/product/original/PRD176861993365.jpg
ARC1-52349,https://www.sevenfive.co.th/files/product/original/PRD176861993257.jpg
ARC1-52216,https://www.sevenfive.co.th/files/product/original/PRD176861993213.jpg
ARC1-52108,https://www.sevenfive.co.th/files/product/original/PRD176861993226.jpg
ARC1-52104,https://www.sevenfive.co.th/files/product/original/PRD176861993231.jpg
ARC1-51916,https://www.sevenfive.co.th/files/product/original/PRD176861993120.jpg
ARC1-51253,https://www.sevenfive.co.th/files/product/original/PRD176861993132.jpg
ARC1-51245,https://www.sevenfive.co.th/files/product/original/PRD17686199310.jpg
ARC1-51049,https://www.sevenfive.co.th/files/product/original/PRD176861993053.jpg
ARC1-50998,https://www.sevenfive.co.th/files/product/original/PRD176861993041.jpg
ARC1-50056,https://www.sevenfive.co.th/files/product/original/PRD176861993038.jpg
ARC1-49361,https://www.sevenfive.co.th/files/product/original/PRD176861993084.jpg
ARC1-49352,https://www.sevenfive.co.th/files/product/original/PRD176861993048.jpg
ARC1-49197,https://www.sevenfive.co.th/files/product/original/PRD176861992985.jpg
ARC1-49145,https://www.sevenfive.co.th/files/product/original/PRD176861992997.jpg
ARC1-48332C,https://www.sevenfive.co.th/files/product/original/PRD176861992975.jpg
ARC1-48172,https://www.sevenfive.co.th/files/product/original/PRD176861992962.jpg
ARC1-47974,https://www.sevenfive.co.th/files/product/original/PRD17686199280.jpg
ARC1-47965,https://www.sevenfive.co.th/files/product/original/PRD176861992882.jpg
ARC1-47956,https://www.sevenfive.co.th/files/product/original/PRD176861992836.jpg
ARC1-47902,https://www.sevenfive.co.th/files/product/original/PRD176861992895.jpg
ARC1-47900,https://www.sevenfive.co.th/files/product/original/PRD17686199272.jpg
ARC1-47026,https://www.sevenfive.co.th/files/product/original/PRD176861992793.jpg
ARC1-47019,https://www.sevenfive.co.th/files/product/original/PRD176861992723.jpg
ARC1-47017,https://www.sevenfive.co.th/files/product/original/PRD176861992693.jpg
ARC1-46981,https://www.sevenfive.co.th/files/product/original/PRD176861992665.jpg
ARC1-46978,https://www.sevenfive.co.th/files/product/original/PRD176861992668.jpg
ARC1-46973,https://www.sevenfive.co.th/files/product/original/PRD176861992612.jpg
ARC1-46961,https://www.sevenfive.co.th/files/product/original/PRD176861992623.jpg
ARC1-46888,https://www.sevenfive.co.th/files/product/original/PRD176861992512.jpg
ARC1-46722,https://www.sevenfive.co.th/files/product/original/PRD176861992584.jpg
ARC1-46721,https://www.sevenfive.co.th/files/product/original/PRD176861992556.jpg
ARC1-43829,https://www.sevenfive.co.th/files/product/original/PRD176861992472.jpg
ARC1-43740,https://www.sevenfive.co.th/files/product/original/PRD176861992422.jpg
ARC1-43716,https://www.sevenfive.co.th/files/product/original/PRD176861992467.jpg
ARC1-43458,https://www.sevenfive.co.th/files/product/original/PRD176861992444.jpg
ARC1-43317,https://www.sevenfive.co.th/files/product/original/PRD176861992440.jpg
ARC1-43315,https://www.sevenfive.co.th/files/product/original/PRD176861992355.jpg
ARC1-43121,https://www.sevenfive.co.th/files/product/original/PRD176861992382.jpg
ARC1-42442,https://www.sevenfive.co.th/files/product/original/PRD176861992312.jpg
ARC1-42440,https://www.sevenfive.co.th/files/product/original/PRD176861992378.jpg
ARC1-42439,https://www.sevenfive.co.th/files/product/original/PRD17686199223.jpg
ARC1-42438,https://www.sevenfive.co.th/files/product/original/PRD176861992216.jpg
ARC1-42250,https://www.sevenfive.co.th/files/product/original/PRD176861992288.jpg
ARC1-41883,https://www.sevenfive.co.th/files/product/original/PRD176861992235.jpg
ARC1-41881,https://www.sevenfive.co.th/files/product/original/PRD176861992153.jpg
ARC1-41879,https://www.sevenfive.co.th/files/product/original/PRD17686199211.jpg
ARC1-41841,https://www.sevenfive.co.th/files/product/original/PRD176861992183.jpg
ARC1-40375,https://www.sevenfive.co.th/files/product/original/PRD176861992130.jpg
ARC1-40359,https://www.sevenfive.co.th/files/product/original/PRD176861992045.jpg
ARC1-38949,https://www.sevenfive.co.th/files/product/original/PRD176861992047.jpg
ARC1-38943,https://www.sevenfive.co.th/files/product/original/PRD176861992088.jpg
ARC1-38905,https://www.sevenfive.co.th/files/product/original/PRD176861992071.jpg
ARC1-37684,https://www.sevenfive.co.th/files/product/original/PRD176861991983.jpg
ARC1-37652,https://www.sevenfive.co.th/files/product/original/PRD176861991967.jpg
ARC1-37264,https://www.sevenfive.co.th/files/product/original/PRD176861991958.jpg
ARC1-36536,https://www.sevenfive.co.th/files/product/original/PRD176861991910.jpg
ARC1-36382,https://www.sevenfive.co.th/files/product/original/PRD176861991851.jpg
ARC1-36341,https://www.sevenfive.co.th/files/product/original/PRD176861991883.jpg
ARC1-34691,https://www.sevenfive.co.th/files/product/original/PRD176861991822.jpg
ARC1-34436,https://www.sevenfive.co.th/files/product/original/PRD176861991812.jpg
ARC1-33040,https://www.sevenfive.co.th/files/product/original/PRD176861991781.jpg
ARC1-31507,https://www.sevenfive.co.th/files/product/original/PRD176861991743.jpg
ARC1-30187,https://www.sevenfive.co.th/files/product/original/PRD176861991742.jpg
ARC1-29879,https://www.sevenfive.co.th/files/product/original/PRD176861991720.jpg
ARC1-29212,https://www.sevenfive.co.th/files/product/original/PRD176861991767.jpg
ARC1-28891,https://www.sevenfive.co.th/files/product/original/PRD176861991630.jpg
ARC1-28382,https://www.sevenfive.co.th/files/product/original/PRD176861991659.jpg
ARC1-27756,https://www.sevenfive.co.th/files/product/original/PRD17686199165.jpg
ARC1-27754,https://www.sevenfive.co.th/files/product/original/PRD176861991675.jpg
ARC1-27746,https://www.sevenfive.co.th/files/product/original/PRD176861991527.jpg
ARC1-26671,https://www.sevenfive.co.th/files/product/original/PRD176861991515.jpg
ARC1-25569,https://www.sevenfive.co.th/files/product/original/PRD176861991532.jpg
ARC1-25565,https://www.sevenfive.co.th/files/product/original/PRD176861991560.jpg
ARC1-25442,https://www.sevenfive.co.th/files/product/original/PRD176861991478.jpg
ARC1-25433,https://www.sevenfive.co.th/files/product/original/PRD176861991452.jpg
ARC1-25425,https://www.sevenfive.co.th/files/product/original/PRD176861991451.jpg
ARC1-25293,https://www.sevenfive.co.th/files/product/original/PRD176861991352.jpg
ARC1-25285,https://www.sevenfive.co.th/files/product/original/PRD176861991367.jpg
ARC1-24941,https://www.sevenfive.co.th/files/product/original/PRD176861991377.jpg
ARC1-24742,https://www.sevenfive.co.th/files/product/original/PRD176861991368.jpg
ARC1-24682,https://www.sevenfive.co.th/files/product/original/PRD17686199133.jpg
ARC1-22837,https://www.sevenfive.co.th/files/product/original/PRD176861991264.jpg
ARC1-22795,https://www.sevenfive.co.th/files/product/original/PRD176861991220.jpg
ARC1-22530,https://www.sevenfive.co.th/files/product/original/PRD17686199113.jpg
ARC1-22522,https://www.sevenfive.co.th/files/product/original/PRD176861991183.jpg
ARC1-22506,https://www.sevenfive.co.th/files/product/original/PRD176861991158.jpg
ARC1-21980,https://www.sevenfive.co.th/files/product/original/PRD176861991029.jpg
ARC1-18603,https://www.sevenfive.co.th/files/product/original/PRD176861991048.jpg
ARC1-18316,https://www.sevenfive.co.th/files/product/original/PRD176861991093.jpg
ARC1-15012,https://www.sevenfive.co.th/files/product/original/PRD176861991031.jpg
ARC1-14661,https://www.sevenfive.co.th/files/product/original/PRD176861990971.jpg
ARC1-13849,https://www.sevenfive.co.th/files/product/original/PRD176861990980.jpg
ARC1-13831,https://www.sevenfive.co.th/files/product/original/PRD176861990982.jpg
ARC1-13295,https://www.sevenfive.co.th/files/product/original/PRD176861990963.jpg
ARC1-13192,https://www.sevenfive.co.th/files/product/original/PRD176861990810.jpg
ARC1-10770,https://www.sevenfive.co.th/files/product/original/PRD176861990815.jpg
ARC1-10301,https://www.sevenfive.co.th/files/product/original/PRD176861990784.jpg
ARC1-10291,https://www.sevenfive.co.th/files/product/original/PRD176861990715.jpg
ARC1-10269,https://www.sevenfive.co.th/files/product/original/PRD176861990722.jpg
ARC1-10040,https://www.sevenfive.co.th/files/product/original/PRD176861990735.jpg
ARC1-10019,https://www.sevenfive.co.th/files/product/original/PRD176861990643.jpg
ARC1-10018,https://www.sevenfive.co.th/files/product/original/PRD176861990690.jpg
ARC1-10011,https://www.sevenfive.co.th/files/product/original/PRD176861990669.jpg
ARC1-10000,https://www.sevenfive.co.th/files/product/original/PRD176861990692.jpg
ARC1-09415,https://www.sevenfive.co.th/files/product/original/PRD176861990641.jpg
ARC1-09392,https://www.sevenfive.co.th/files/product/original/PRD176861990578.jpg
ARC1-09130,https://www.sevenfive.co.th/files/product/original/PRD176861990591.jpg
ARC1-08981,https://www.sevenfive.co.th/files/product/original/PRD176861990558.jpg
ARC1-08942,https://www.sevenfive.co.th/files/product/original/PRD176861990563.jpg
ARC1-08935,https://www.sevenfive.co.th/files/product/original/PRD176861990436.jpg
ARC1-08926,https://www.sevenfive.co.th/files/product/original/PRD17686199047.jpg
ARC1-08923,https://www.sevenfive.co.th/files/product/original/PRD176861990492.jpg
ARC1-08919,https://www.sevenfive.co.th/files/product/original/PRD176861990485.jpg
ARC1-08912,https://www.sevenfive.co.th/files/product/original/PRD176861990326.jpg
ARC1-08910,https://www.sevenfive.co.th/files/product/original/PRD176861990321.jpg
ARC1-08204,https://www.sevenfive.co.th/files/product/original/PRD176861990346.jpg
ARC1-07810,https://www.sevenfive.co.th/files/product/original/PRD176861990399.jpg
ARC1-07132,https://www.sevenfive.co.th/files/product/original/PRD176861990245.jpg
ARC1-07131,https://www.sevenfive.co.th/files/product/original/PRD176861990292.jpg
ARC1-07058,https://www.sevenfive.co.th/files/product/original/PRD176861990283.jpg
ARC1-06527,https://www.sevenfive.co.th/files/product/original/PRD176861990231.jpg
ARC1-06498,https://www.sevenfive.co.th/files/product/original/PRD176861990296.jpg
ARC1-06386,https://www.sevenfive.co.th/files/product/original/PRD176861990198.jpg
ARC1-05425,https://www.sevenfive.co.th/files/product/original/PRD176861990137.jpg
ARC1-04755,https://www.sevenfive.co.th/files/product/original/PRD176861990117.jpg
ARC1-04593,https://www.sevenfive.co.th/files/product/original/PRD17686199006.jpg
ARC1-04063,https://www.sevenfive.co.th/files/product/original/PRD176861990042.jpg
ARC1-03092,https://www.sevenfive.co.th/files/product/original/PRD176861990011.jpg
ARC1-03086,https://www.sevenfive.co.th/files/product/original/PRD176861990017.jpg
ARC1-03001,https://www.sevenfive.co.th/files/product/original/PRD176861989964.jpg
ARC1-02978,https://www.sevenfive.co.th/files/product/original/PRD176861989980.jpg
ARC1-02895,https://www.sevenfive.co.th/files/product/original/PRD176861989985.jpg
ARC1-02342,https://www.sevenfive.co.th/files/product/original/PRD17686198991.jpg
ARC1-02327,https://www.sevenfive.co.th/files/product/original/PRD176861989916.jpg
ARC1-01484,https://www.sevenfive.co.th/files/product/original/PRD176861989863.jpg
ARC1-01105,https://www.sevenfive.co.th/files/product/original/PRD176861989881.jpg
ARC1-00989,https://www.sevenfive.co.th/files/product/original/PRD176861989824.jpg
ARC1-00648,https://www.sevenfive.co.th/files/product/original/PRD176861989892.jpg
ARC1-00630,https://www.sevenfive.co.th/files/product/original/PRD176861989716.jpg
ADC1-SK-16HG,https://www.sevenfive.co.th/files/product/original/PRD176861989718.jpg
ADC1-PP-605-BR,https://www.sevenfive.co.th/files/product/original/PRD176861989722.jpg
ADC1-HJD-15,https://www.sevenfive.co.th/files/product/original/PRD176861989742.jpg
ADC1-DG-10LC,https://www.sevenfive.co.th/files/product/original/PRD176861989741.jpg
ADC1-DCB-1824H,https://www.sevenfive.co.th/files/product/original/PRD176861989656.jpg
RON2-50907,https://www.sevenfive.co.th/files/product/original/PRD175653901880.jpg
RON2-129189,https://www.sevenfive.co.th/files/product/original/PRD175653901256.jpg
PIM2-TC22-8-6,https://www.sevenfive.co.th/files/product/original/PRD175705887846.jpg
PIM2-TC22-24,https://www.sevenfive.co.th/files/product/original/PRD17570588858.jpg
PIM2-TC22-23,https://www.sevenfive.co.th/files/product/original/PRD175705888271.jpg
PIM2-TC22-14,https://www.sevenfive.co.th/files/product/original/PRD175705888041.jpg
PIM2-GDO-022,https://www.sevenfive.co.th/files/product/original/PRD175705864594.jpg
PIM2-GDO-021,https://www.sevenfive.co.th/files/product/original/PRD175705864329.jpg
PIM2-GDO-020,https://www.sevenfive.co.th/files/product/original/PRD175705864154.jpg
PIM2-GDO-015,https://www.sevenfive.co.th/files/product/original/PRD175705863887.jpg
PIM2-GDO-007,https://www.sevenfive.co.th/files/product/original/PRD175705863654.jpg
PIM2-GDO-005,https://www.sevenfive.co.th/files/product/original/PRD175705863161.jpg
PIM2-GDO-004,https://www.sevenfive.co.th/files/product/original/PRD175705862983.jpg
PIM2-EDO-012,https://www.sevenfive.co.th/files/product/original/PRD17570586243.jpg
PIM2-EDO-008,https://www.sevenfive.co.th/files/product/original/PRD175705862168.jpg
PIM2-EDO-007,https://www.sevenfive.co.th/files/product/original/PRD175705861731.jpg
PIM2-EDO-004,https://www.sevenfive.co.th/files/product/original/PRD175705861595.jpg
PIM2-EDO-003,https://www.sevenfive.co.th/files/product/original/PRD175705861134.jpg
PIM2-EDO-002,https://www.sevenfive.co.th/files/product/original/PRD175705860747.jpg
PIM2-DR520-370,https://www.sevenfive.co.th/files/product/original/PRD175705859765.jpg
PIM2-DR520-100,https://www.sevenfive.co.th/files/product/original/PRD175705859614.jpg
PIM2-DDR-30-110,https://www.sevenfive.co.th/files/product/original/PRD175705858753.jpg
PIM2-DDR-30-104,https://www.sevenfive.co.th/files/product/original/PRD175705858652.jpg
PIM2-DDR-30-102,https://www.sevenfive.co.th/files/product/original/PRD175705858191.jpg
PIM2-DDR-30-096,https://www.sevenfive.co.th/files/product/original/PRD175705857844.jpg
PIM2-DDR-30-094,https://www.sevenfive.co.th/files/product/original/PRD175705857530.jpg
PIM2-DDR-30-093,https://www.sevenfive.co.th/files/product/original/PRD175705857228.jpg
PIM2-DDR-30-090,https://www.sevenfive.co.th/files/product/original/PRD175705857038.jpg
PIM2-DDR-30-085,https://www.sevenfive.co.th/files/product/original/PRD17570585680.jpg
PIM2-DDR-30-081,https://www.sevenfive.co.th/files/product/original/PRD175705856525.jpg
PIM2-DDR-30-076,https://www.sevenfive.co.th/files/product/original/PRD175705856338.jpg
PIM2-DDR-30-066,https://www.sevenfive.co.th/files/product/original/PRD175738871031.jpg
PIM2-DDR-30-062,https://www.sevenfive.co.th/files/product/original/PRD175738870814.jpg
PIM2-DDR-30-059,https://www.sevenfive.co.th/files/product/original/PRD175738870677.jpg
PIM2-DDR-30-058,https://www.sevenfive.co.th/files/product/original/PRD175738870464.jpg
PIM2-DDR-30-057,https://www.sevenfive.co.th/files/product/original/PRD175738870261.jpg
PIM2-DDR-30-051,https://www.sevenfive.co.th/files/product/original/PRD175738869890.jpg
PIM2-DDR-30-049,https://www.sevenfive.co.th/files/product/original/PRD175738869570.jpg
PIM2-DDR-30-048,https://www.sevenfive.co.th/files/product/original/PRD175738869267.jpg
PIM2-DDR-30-047,https://www.sevenfive.co.th/files/product/original/PRD175738869193.jpg
PIM2-DDR-30-045,https://www.sevenfive.co.th/files/product/original/PRD175738868947.jpg
PIM2-DDR-30-041,https://www.sevenfive.co.th/files/product/original/PRD175738868629.jpg
PIM2-DDR-30-038,https://www.sevenfive.co.th/files/product/original/PRD175738868476.jpg
PIM2-DDR-30-034,https://www.sevenfive.co.th/files/product/original/PRD175738868289.jpg
PIM2-DDR-30-033,https://www.sevenfive.co.th/files/product/original/PRD17573886804.jpg
PIM2-DDR-30-032,https://www.sevenfive.co.th/files/product/original/PRD175738867946.jpg
PIM2-DDR-30-027,https://www.sevenfive.co.th/files/product/original/PRD175738867757.jpg
PIM2-DDR-30-023,https://www.sevenfive.co.th/files/product/original/PRD175738867526.jpg
PIM2-DDR-30-021,https://www.sevenfive.co.th/files/product/original/PRD175738867343.jpg
PIM2-DDR-30-020,https://www.sevenfive.co.th/files/product/original/PRD175738867065.jpg
PIM2-DDR-30-018,https://www.sevenfive.co.th/files/product/original/PRD175738866868.jpg
PIM2-DDR-30-017,https://www.sevenfive.co.th/files/product/original/PRD175738866590.jpg
PIM2-DDR-30-016,https://www.sevenfive.co.th/files/product/original/PRD175738866161.jpg
PIM2-DDR-30-015,https://www.sevenfive.co.th/files/product/original/PRD175738865988.jpg
PIM2-DDR-30-014,https://www.sevenfive.co.th/files/product/original/PRD175738865852.jpg
PIM2-DDR-30-010,https://www.sevenfive.co.th/files/product/original/PRD175738865522.jpg
PIM2-302220038,https://www.sevenfive.co.th/files/product/original/PRD175738865013.jpg
PIM2-302190037,https://www.sevenfive.co.th/files/product/original/PRD175738864923.jpg
PIM2-302110125,https://www.sevenfive.co.th/files/product/original/PRD17573886465.jpg
PIM2-302090027,https://www.sevenfive.co.th/files/product/original/PRD175738864555.jpg
PIM2-301130005,https://www.sevenfive.co.th/files/product/original/PRD175738862926.jpg
NTS2-HL-400A1-GY-BASE,https://www.sevenfive.co.th/files/product/original/PRD175637486513.jpg
BER2-HT-DRY2.7KW-BA,https://www.sevenfive.co.th/files/product/original/PRD175653834517.jpg
BER2-BA-C-SALA-1,https://www.sevenfive.co.th/files/product/original/PRD175653833242.jpg
JTA2-302130459,https://www.sevenfive.co.th/files/product/original/PRD17565194903.jpg
JTA2-302130458,https://www.sevenfive.co.th/files/product/original/PRD175651948880.jpg
JTA2-302130457,https://www.sevenfive.co.th/files/product/original/PRD175651948647.jpg
JTA2-302130456,https://www.sevenfive.co.th/files/product/original/PRD175651948499.jpg
JTA2-302190431,https://www.sevenfive.co.th/files/product/original/PRD175637482947.jpg
NTS1-MCS4,https://www.sevenfive.co.th/files/product/original/PRD175990075360.jpg
NTS1-MCS1,https://www.sevenfive.co.th/files/product/original/PRD175990075270.jpg
ZAN1-GALASSIA-45S,https://www.sevenfive.co.th/files/product/original/PRDbc0319141cbc3caae6895bedd87935df.jpg
ZAN1-T2-POLIS-BM,https://www.sevenfive.co.th/files/product/original/PRD55608850b54e377d361f2e82bd00e733.jpg
ZAN1-PALE0013,https://www.sevenfive.co.th/files/product/original/PRDece401a4403150aea96608e73fa72498.jpg
HAT1-TQ3-500H-BLACK,https://www.sevenfive.co.th/files/product/original/PRD736561c5e548c1a382e3ffc63f40c97e.jpg
HAT1-DL-800SL-GROSSY-GRAY,https://www.sevenfive.co.th/files/product/original/PRD0925e6a7455fbfc86aa3ed682fe35cc2.jpg
HAT1-DL-775RL-BCOPPER-W-C,https://www.sevenfive.co.th/files/product/original/PRD1457e81aa583cd31a324d4c2888f22b6.jpg
HAT1-DL-775RL-BNICKEL,https://www.sevenfive.co.th/files/product/original/PRDeef30565e4de8189ab7535dc63a5e25f.jpg
HAT1-DL-725SU-BBRASS,https://www.sevenfive.co.th/files/product/original/PRD03549fff58725ad29c65fd23795135cf.jpg
HAT1-DL-700RL-BNICKEL,https://www.sevenfive.co.th/files/product/original/PRD1db46815069d08b02123540e9c3cfb77.jpg
HAT1-DL-500CL-GRAY-GRANIT,https://www.sevenfive.co.th/files/product/original/PRD4e45a6ad14caa241d898a1e248d5e9fc.jpg
HAT1-DL-400RL-BRIGHT-NICK,https://www.sevenfive.co.th/files/product/original/PRD8be4e6026f230435e11e92e6b0228656.jpg
ROE2-39662,https://www.sevenfive.co.th/files/product/original/PRDb52e1af284773503f319ca2ae6d11fea.jpg
ROE2-29628,https://www.sevenfive.co.th/files/product/original/PRD42a1e0a27b7c4659f555206116b67137.jpg
NTS1-ISC1-13,https://www.sevenfive.co.th/files/product/original/PRD27d0954be01235a2c177fd71f030843f.jpg
NTS1-ISC1-10,https://www.sevenfive.co.th/files/product/original/PRD693adf1001a7dd6bd23a923d785cd1f1.jpg
ROE2-203206,https://www.sevenfive.co.th/files/product/original/PRD8c74856dde4426209530f4ebb85bd6b6.jpg
ROE2-117956S,https://www.sevenfive.co.th/files/product/original/PRDb82907da9c55beb280d53a1dabb9a287.jpg
ROE2-117703S,https://www.sevenfive.co.th/files/product/original/PRD5e88cb581e55e4fdb6365daa7ea5810d.jpg
ROE2-117200,https://www.sevenfive.co.th/files/product/original/PRD320e01100cd6dd76e72d18f00dc0d0bd.jpg
ROE2-105529,https://www.sevenfive.co.th/files/product/original/PRD3b8ef450efff915c655fc235a3816688.jpg
ROE2-102913,https://www.sevenfive.co.th/files/product/original/PRD9ab31a678c9832b17534170c1490b63a.jpg
ROE2-102016S,https://www.sevenfive.co.th/files/product/original/PRD0f7ae21d174808683582128b5735d65b.jpg
NTS1-COL1-18-O,https://www.sevenfive.co.th/files/product/original/PRD159dc74e3bc3b429851db3743c3d873a.jpg
NTS1-FAB1-9-4,https://www.sevenfive.co.th/files/product/original/PRDcc40af0a58b0a866f4903f842e85e9f7.jpg
NTS1-FAB1-9-3,https://www.sevenfive.co.th/files/product/original/PRD9a4fccf193ff77b4b75ac9ed0dc28881.jpg
NTS1-FAB1-9-2,https://www.sevenfive.co.th/files/product/original/PRDe63d36e57d00e6c0a9c4f7b989e9acdc.jpg
NTS1-HOW1-9-2,https://www.sevenfive.co.th/files/product/original/PRD617296209a87b0a6b3a7682ad4546669.jpg
NTS1-HOW1-14-R,https://www.sevenfive.co.th/files/product/original/PRD3601de7a92909f57ad425ea4727b39de.jpg
CAM1-UC250-158,https://www.sevenfive.co.th/files/product/original/PRD176975733659.jpg
CAM1-DC700-194,https://www.sevenfive.co.th/files/product/original/PRD176975733351.jpg
CAM1-DC700-157,https://www.sevenfive.co.th/files/product/original/PRD176975733394.jpg
CAM1-CSR5-193,https://www.sevenfive.co.th/files/product/original/PRD176975733198.jpg
CAM1-CD400-194,https://www.sevenfive.co.th/files/product/original/PRD17697573292.jpg
CAM1-BC1115SH-157,https://www.sevenfive.co.th/files/product/original/PRD176975732865.jpg
CAM1-912CBR-110,https://www.sevenfive.co.th/files/product/original/PRD176975732657.jpg
CAM1-EMU244878-580,https://www.sevenfive.co.th/files/product/original/PRD176975733352.jpg
CAM1-CSDC-000,https://www.sevenfive.co.th/files/product/original/PRD176975733052.jpg
CAM1-800MPC-194,https://www.sevenfive.co.th/files/product/original/PRD17697573268.jpg
SIR1-W8-40-BX,https://www.sevenfive.co.th/files/product/original/PRD5c1b31198c38735d74d64cefdd379613.jpg
BER1-BS2DU-F-L,https://www.sevenfive.co.th/files/product/original/PRDaaaf956834192334ad7115451786e1dc.jpg
SIR2-AMA014,https://www.sevenfive.co.th/files/product/original/PRDbb1f8b94e426299a9442d80b80e19f76.jpg
CAM1-30S318-167,https://www.sevenfive.co.th/files/product/original/PRD278bf1effac93f10ff8b917dd0d8c071.png
HAT2-070125500,https://www.sevenfive.co.th/files/product/original/PRDdb8cb8eb709547e44420ccbd917561ec.jpg
HAT2-020567400,https://www.sevenfive.co.th/files/product/original/PRD63438eb11bd6372c1eb345b40e0a3d35.jpg
TBA2-K3F5102101,https://www.sevenfive.co.th/files/product/original/PRD01d680246effec7dbfcdd681c69bcade.jpg
MID2-60185,https://www.sevenfive.co.th/files/product/original/PRD850652d3ec162b987890f98b832399ab.jpg
HAM2-990060300,https://www.sevenfive.co.th/files/product/original/PRDe1843df3bbfed06767dc630cca70a78c.jpg
HAM2-990050001,https://www.sevenfive.co.th/files/product/original/PRD86233336398e4b78f656dafb3fc2c35f.jpg
HAT1-RHW-02,https://www.sevenfive.co.th/files/product/original/PRD170954154935.jpg
OBE1-P510-2050011,https://www.sevenfive.co.th/files/product/original/PRD74e1915c62d54d9c32f498ad31dea644.jpg
NTS1-CAR1-29-S,https://www.sevenfive.co.th/files/product/original/PRDe8821878b1d647805956e1a425b6414f.jpg
NTS1-CAR1-8,https://www.sevenfive.co.th/files/product/original/PRD1553275e1697cd658eee091d83a586eb.jpg
CAM1-96SKRN-135,https://www.sevenfive.co.th/files/product/original/PRD176975732687.jpg
PUJ1-311.071,https://www.sevenfive.co.th/files/product/original/PRD4e70d2bafef902e06f3ad74c5f0d7c00.jpg
PRC1-FEJ-1500A,https://www.sevenfive.co.th/files/product/original/PRD2e660fb3c6a7228906d45342bfb1f8a3.jpg
SIR1-MIRRA250T,https://www.sevenfive.co.th/files/product/original/PRD9d9c5b6717dc289b3e05d987a71d65fe.jpg
SIR1-P1C,https://www.sevenfive.co.th/files/product/original/PRD3e53352f1e738a499882491973082f71.jpg
SIR1-IP30M-Y14-3PH,https://www.sevenfive.co.th/files/product/original/PRD966a5f3351ec2abe747dca6ff774aaad.jpg
PIM1-MSS-16V,https://www.sevenfive.co.th/files/product/original/PRD96729e5b41aa04d7a6352202084e7210.jpg
PIM1-MSS-12V,https://www.sevenfive.co.th/files/product/original/PRD14e53e47b4351e9c67aa7ca3d9e18609.jpg
PIM1-MSS-12H,https://www.sevenfive.co.th/files/product/original/PRD851932ced26a9f1eb77fd8a4195de5df.jpg
SIR1-KATANA-12,https://www.sevenfive.co.th/files/product/original/PRDdf94536c8e4f2509688924e584b84f88.jpg
PIM1-MSS-3H,https://www.sevenfive.co.th/files/product/original/PRD1a2e6a02c6defa9f775c3ab2e54d7676.jpg
SIR1-SA180,https://www.sevenfive.co.th/files/product/original/PRD3cb78a52542fd548bf259a2f675d3a5d.jpg
BER1-BS2D-CF5-L(750),https://www.sevenfive.co.th/files/product/original/PRDb4d31fca337b62e042033b3e77c04b61.jpg
PIM1-ESK-S10L,https://www.sevenfive.co.th/files/product/original/PRD6f984db6df902e289d4b334ff130d9a1.jpg
BER1-BS3D-C7-L(750),https://www.sevenfive.co.th/files/product/original/PRD0534e074ade8d8cb62a0f02a4d8cc210.jpg
PIM1-CF7-103-10,https://www.sevenfive.co.th/files/product/original/PRDab6bbe344a4af7cb7545bbdfb460b655.jpg
SIR1-ROLLER-LONG-VV,https://www.sevenfive.co.th/files/product/original/PRD19af00ece944aeb115615a2a28a4a525.jpg
BER1-2D-DC-G,https://www.sevenfive.co.th/files/product/original/PRDeea63515f72fe551138e238094c0f6e0.jpg
ZAN1-CIT-EP-65-BM-100,https://www.sevenfive.co.th/files/product/original/PRD761e839f1bb46d01d16f5fd7f3683209.jpg
LKK2-GB1243.1-83,https://www.sevenfive.co.th/files/product/original/PRD175653880599.jpg
LKK2-GB1171-74(TQ5),https://www.sevenfive.co.th/files/product/original/PRD175653880373.jpg
LKK2-FUSE-HOLDER,https://www.sevenfive.co.th/files/product/original/PRD175653880276.jpg
LKK2-FUSE-2-A,https://www.sevenfive.co.th/files/product/original/PRD175653880270.jpg
LKK2-FUSE-16A,https://www.sevenfive.co.th/files/product/original/PRD17565388020.jpg
LKK2-FOOT(JB35),https://www.sevenfive.co.th/files/product/original/PRD175653880178.jpg
LKK2-FDMZ150-19,https://www.sevenfive.co.th/files/product/original/PRD175653880193.jpg
LKK2-FB(B10),https://www.sevenfive.co.th/files/product/original/PRD17565388257.jpg
LKK2-EPZ6-29,https://www.sevenfive.co.th/files/product/original/PRD175653880089.jpg
LKK2-EPZ6-26,https://www.sevenfive.co.th/files/product/original/PRD175653879939.jpg
LKK2-EPZ6-22,https://www.sevenfive.co.th/files/product/original/PRD175653879821.jpg
LKK2-EPZ6-2,https://www.sevenfive.co.th/files/product/original/PRD175653880016.jpg
LKK2-EPZ6-11,https://www.sevenfive.co.th/files/product/original/PRD175653879710.jpg
LKK2-EPZ-2-40040010,https://www.sevenfive.co.th/files/product/original/PRD175653879746.jpg
LKK2-EHS660#6,https://www.sevenfive.co.th/files/product/original/PRD175653879633.jpg
LKK2-EHS660#5,https://www.sevenfive.co.th/files/product/original/PRD175653879589.jpg
LKK2-EHS660#4,https://www.sevenfive.co.th/files/product/original/PRD175653879584.jpg
LKK2-EHS330#7,https://www.sevenfive.co.th/files/product/original/PRD175653879437.jpg
LKK2-EHS330#6,https://www.sevenfive.co.th/files/product/original/PRD175653879430.jpg
LKK2-DOOR-HINGE,https://www.sevenfive.co.th/files/product/original/PRD175653879252.jpg
LKK2-DK-J-Y,https://www.sevenfive.co.th/files/product/original/PRD175653879198.jpg
LKK2-DA(B40),https://www.sevenfive.co.th/files/product/original/PRD175653879041.jpg
LKK2-CUTTER(TR12),https://www.sevenfive.co.th/files/product/original/PRD175653879028.jpg
LKK2-COVER-NUT,https://www.sevenfive.co.th/files/product/original/PRD175653878962.jpg
LKK2-CONTACTOR-380-V,https://www.sevenfive.co.th/files/product/original/PRD175653878828.jpg
LKK2-COMBINE-SWITCH,https://www.sevenfive.co.th/files/product/original/PRD175653878848.jpg
LKK2-CM4803-80-34,https://www.sevenfive.co.th/files/product/original/PRD175653878757.jpg
LKK2-CM4803-60-05,https://www.sevenfive.co.th/files/product/original/PRD175653878739.jpg
LKK2-CM4803-40-21,https://www.sevenfive.co.th/files/product/original/PRD175653878651.jpg
LKK2-CM4803-10-72,https://www.sevenfive.co.th/files/product/original/PRD175653878528.jpg
LKK2-CM4803-10-29,https://www.sevenfive.co.th/files/product/original/PRD175653878534.jpg
LKK2-CM4803-10-18,https://www.sevenfive.co.th/files/product/original/PRD175653878463.jpg
LKK2-CM4803-00-13,https://www.sevenfive.co.th/files/product/original/PRD175653878440.jpg
LKK2-CM4803-00-03,https://www.sevenfive.co.th/files/product/original/PRD175653878331.jpg
LKK2-CHAIN(RG-9X),https://www.sevenfive.co.th/files/product/original/PRD175653878213.jpg
LKK2-CHAIN(RG18-7),https://www.sevenfive.co.th/files/product/original/PRD175653878375.jpg
LKK2-CAPACITOR(B5B),https://www.sevenfive.co.th/files/product/original/PRD175653878172.jpg
LKK2-CAPACITOR-25-MF,https://www.sevenfive.co.th/files/product/original/PRD175653878159.jpg
LKK2-CAPACITOR,https://www.sevenfive.co.th/files/product/original/PRD175653878291.jpg
LKK2-BTR-CASE,https://www.sevenfive.co.th/files/product/original/PRD175653878098.jpg
LKK2-BT-200T1-2,https://www.sevenfive.co.th/files/product/original/PRD175653878093.jpg
LKK2-BOWL,https://www.sevenfive.co.th/files/product/original/PRD175653877855.jpg
LKK2-BM-5-1500W,https://www.sevenfive.co.th/files/product/original/PRD17565387781.jpg
LKK2-BELT(B10),https://www.sevenfive.co.th/files/product/original/PRD175653877755.jpg
LKK2-BEARING(RG30-11),https://www.sevenfive.co.th/files/product/original/PRD175653877560.jpg
LKK2-BEARING,https://www.sevenfive.co.th/files/product/original/PRD175653877615.jpg
TAC1-8032-W,https://www.sevenfive.co.th/files/product/original/PRD170938003072.jpg
TAC1-3716R,https://www.sevenfive.co.th/files/product/original/PRD17654401916.jpg
TAC1-104,https://www.sevenfive.co.th/files/product/original/PRD170938000690.jpg
PUJ1-941.028,https://www.sevenfive.co.th/files/product/original/PRD176544019029.jpg
PUJ1-941.022,https://www.sevenfive.co.th/files/product/original/PRD176897279111.jpg
PUJ1-762.045,https://www.sevenfive.co.th/files/product/original/PRD170937990462.jpg
PRC1-BK-PF16S,https://www.sevenfive.co.th/files/product/original/PRD170937954545.jpg
NTS1-PTIP-19TR-24,https://www.sevenfive.co.th/files/product/original/PRD170937891043.jpg
NTS1-MCS05,https://www.sevenfive.co.th/files/product/original/PRD175990075274.jpg
NTS1-KNT-24WH,https://www.sevenfive.co.th/files/product/original/PRD170937873856.jpg
LDP1-PRM-14598-2,https://www.sevenfive.co.th/files/product/original/PRD170969749592.jpg
LDP1-PRM-14598,https://www.sevenfive.co.th/files/product/original/PRD170969749311.jpg
LDP1-DCBK30-QUARTER-PSTK,https://www.sevenfive.co.th/files/product/original/PRD17096974921.jpg
DEX1-18193T,https://www.sevenfive.co.th/files/product/original/PRD176975734757.jpg
DEX1-18193R,https://www.sevenfive.co.th/files/product/original/PRD176975734780.jpg
DEX1-18193G,https://www.sevenfive.co.th/files/product/original/PRD176975734774.jpg
DEX1-18193C,https://www.sevenfive.co.th/files/product/original/PRD176975734633.jpg
DEX1-18173R,https://www.sevenfive.co.th/files/product/original/PRD176975734695.jpg
DEX1-18173G,https://www.sevenfive.co.th/files/product/original/PRD176975734693.jpg
DEX1-18173C,https://www.sevenfive.co.th/files/product/original/PRD176975734672.jpg
DEX1-13463Y,https://www.sevenfive.co.th/files/product/original/PRD176975734541.jpg
DEX1-13463T,https://www.sevenfive.co.th/files/product/original/PRD176975734518.jpg
DEX1-13463C,https://www.sevenfive.co.th/files/product/original/PRD176975734519.jpg
DEX1-13313C,https://www.sevenfive.co.th/files/product/original/PRD176975734458.jpg
DEX1-01563T,https://www.sevenfive.co.th/files/product/original/PRD176975734466.jpg
CTP1-JP-1111-165,https://www.sevenfive.co.th/files/product/original/PRD176198363636.jpg
CTP1-GS-10943-BK,https://www.sevenfive.co.th/files/product/original/PRD17619836353.jpg
CTP1-GS-10935-MEN-BK,https://www.sevenfive.co.th/files/product/original/PRD176198363567.jpg
CTP1-GS-10835-ME-BK,https://www.sevenfive.co.th/files/product/original/PRD170969738395.jpg
CTP1-GS-10508-300-WH,https://www.sevenfive.co.th/files/product/original/PRD176198363487.jpg
CTP1-GS-10508-250FS-WH,https://www.sevenfive.co.th/files/product/original/PRD176198363480.jpg
CTP1-GS-10508-200-WH,https://www.sevenfive.co.th/files/product/original/PRD176198363491.jpg
CTP1-GS-10508-200FS-WH,https://www.sevenfive.co.th/files/product/original/PRD176198363475.jpg
CTP1-GS-10444-180-BK,https://www.sevenfive.co.th/files/product/original/PRD176198363398.jpg
CHF1-J031-S,https://www.sevenfive.co.th/files/product/original/PRD176975733980.jpg
CHF1-J027-XL,https://www.sevenfive.co.th/files/product/original/PRD176975733989.jpg
CHF1-J027-S,https://www.sevenfive.co.th/files/product/original/PRD17697573382.jpg
CAM1-SPOP13CW-119,https://www.sevenfive.co.th/files/product/original/PRD176975733696.jpg
CAM1-SPO10CW-195,https://www.sevenfive.co.th/files/product/original/PRD176975733679.jpg
CAM1-GP4002NS-B22,https://www.sevenfive.co.th/files/product/original/PRD176975733475.jpg
CAM1-GL210P-A27,https://www.sevenfive.co.th/files/product/original/PRD176975733426.jpg
CAM1-1400ET-167,https://www.sevenfive.co.th/files/product/original/PRD176975732229.jpg
CAM1-1317DSLNS-830,https://www.sevenfive.co.th/files/product/original/PRD176975732266.jpg
CAM1-1317DSLG-830,https://www.sevenfive.co.th/files/product/original/PRD176975732046.jpg
ASL1-CB18080E-WH,https://www.sevenfive.co.th/files/product/original/PRD170969719562.jpg
JTA2-301070062,https://www.sevenfive.co.th/files/product/original/PRD175637482349.jpg
JTA2-301070056,https://www.sevenfive.co.th/files/product/original/PRD175651942740.jpg
JTA2-301040926,https://www.sevenfive.co.th/files/product/original/PRD175651942649.jpg
JTA2-301040103,https://www.sevenfive.co.th/files/product/original/PRD175651942586.jpg
JTA2-20340102003,https://www.sevenfive.co.th/files/product/original/PRD175637482335.jpg
JTA2-20234001029,https://www.sevenfive.co.th/files/product/original/PRD175637482222.jpg
JTA2-20218007021,https://www.sevenfive.co.th/files/product/original/PRD175637482238.jpg
JTA2-20218007020,https://www.sevenfive.co.th/files/product/original/PRD175637482137.jpg
JTA2-20212003023,https://www.sevenfive.co.th/files/product/original/PRD175637482125.jpg
JTA2-20209037044,https://www.sevenfive.co.th/files/product/original/PRD175637482093.jpg
JTA2-20209037014,https://www.sevenfive.co.th/files/product/original/PRD175637481921.jpg
JTA2-302250171,https://www.sevenfive.co.th/files/product/original/PRD175522454381.jpg
JTA2-302250170,https://www.sevenfive.co.th/files/product/original/PRD175522453641.jpg
JTA2-302250025,https://www.sevenfive.co.th/files/product/original/PRD17563748376.jpg
JTA2-302230092,https://www.sevenfive.co.th/files/product/original/PRD175637483757.jpg
JTA2-302220046,https://www.sevenfive.co.th/files/product/original/PRD175637483652.jpg
JTA2-302220029,https://www.sevenfive.co.th/files/product/original/PRD175637483693.jpg
JTA2-302220027,https://www.sevenfive.co.th/files/product/original/PRD175637483557.jpg
JTA2-302220021,https://www.sevenfive.co.th/files/product/original/PRD175637483595.jpg
JTA2-302220005,https://www.sevenfive.co.th/files/product/original/PRD175637483494.jpg
JTA2-302210101,https://www.sevenfive.co.th/files/product/original/PRD17563748337.jpg
JTA2-302201434,https://www.sevenfive.co.th/files/product/original/PRD175637483376.jpg
JTA2-302201320,https://www.sevenfive.co.th/files/product/original/PRD175637483224.jpg
JTA2-302201070,https://www.sevenfive.co.th/files/product/original/PRD175637483258.jpg
JTA2-302200530,https://www.sevenfive.co.th/files/product/original/PRD175637483152.jpg
JTA2-302200356,https://www.sevenfive.co.th/files/product/original/PRD175637483128.jpg
JTA2-302200260,https://www.sevenfive.co.th/files/product/original/PRD175637483028.jpg
JTA2-302190499,https://www.sevenfive.co.th/files/product/original/PRD175637483081.jpg
JTA2-302190432,https://www.sevenfive.co.th/files/product/original/PRD175637482910.jpg
JTA2-302190430,https://www.sevenfive.co.th/files/product/original/PRD175637482973.jpg
JTA2-302190429,https://www.sevenfive.co.th/files/product/original/PRD175637482810.jpg
JTA2-302190428,https://www.sevenfive.co.th/files/product/original/PRD175637482812.jpg
JTA2-302190357,https://www.sevenfive.co.th/files/product/original/PRD175637482714.jpg
JTA2-302190122,https://www.sevenfive.co.th/files/product/original/PRD175637482781.jpg
JTA2-302190066,https://www.sevenfive.co.th/files/product/original/PRD175637482752.jpg
JTA2-302190008,https://www.sevenfive.co.th/files/product/original/PRD175637482646.jpg
JTA2-302160152,https://www.sevenfive.co.th/files/product/original/PRD175637482679.jpg
JTA2-302150090,https://www.sevenfive.co.th/files/product/original/PRD17563748240.jpg
JTA2-302130171,https://www.sevenfive.co.th/files/product/original/PRD175651948370.jpg
JTA2-302130168,https://www.sevenfive.co.th/files/product/original/PRD175651948010.jpg
JTA2-302130019,https://www.sevenfive.co.th/files/product/original/PRD17565194785.jpg
JTA2-302120167,https://www.sevenfive.co.th/files/product/original/PRD175651947624.jpg
JTA2-302110727,https://www.sevenfive.co.th/files/product/original/PRD175651947431.jpg
JTA2-302110091,https://www.sevenfive.co.th/files/product/original/PRD175651947312.jpg
JTA2-302110042,https://www.sevenfive.co.th/files/product/original/PRD175651947255.jpg
JTA2-302110041,https://www.sevenfive.co.th/files/product/original/PRD175651947094.jpg
JTA2-302090060,https://www.sevenfive.co.th/files/product/original/PRD17565194676.jpg
LKK2-B80-206,https://www.sevenfive.co.th/files/product/original/PRD175653877318.jpg
LKK2-B80-116,https://www.sevenfive.co.th/files/product/original/PRD175653877220.jpg
LKK2-B40-16,https://www.sevenfive.co.th/files/product/original/PRD175653875815.jpg
LKK2-B40-11,https://www.sevenfive.co.th/files/product/original/PRD17565387574.jpg
LKK2-B40-06-08,https://www.sevenfive.co.th/files/product/original/PRD175653875771.jpg
LKK2-B40-05-16,https://www.sevenfive.co.th/files/product/original/PRD175653875669.jpg
LKK2-B30C-01-28,https://www.sevenfive.co.th/files/product/original/PRD175653875559.jpg
LKK2-B30-02,https://www.sevenfive.co.th/files/product/original/PRD175653875330.jpg
LKK2-B25-51,https://www.sevenfive.co.th/files/product/original/PRD175653875044.jpg
LKK2-B25-43,https://www.sevenfive.co.th/files/product/original/PRD175653874954.jpg
LKK2-B25-18,https://www.sevenfive.co.th/files/product/original/PRD175653874340.jpg
LKK2-B25(F)00002,https://www.sevenfive.co.th/files/product/original/PRD175653873951.jpg
LKK2-B20F(K)-89,https://www.sevenfive.co.th/files/product/original/PRD175653873985.jpg
LKK2-B20F(K)-87,https://www.sevenfive.co.th/files/product/original/PRD175653873821.jpg
LKK2-B20F(K)-77,https://www.sevenfive.co.th/files/product/original/PRD175653873672.jpg
LKK2-B20F(K)-74,https://www.sevenfive.co.th/files/product/original/PRD17565387356.jpg
LKK2-B20F(K)-59,https://www.sevenfive.co.th/files/product/original/PRD175653873338.jpg
NTS2-EWB-24-021,https://www.sevenfive.co.th/files/product/original/PRD175637486266.jpg
NTS2-EWB-24-019,https://www.sevenfive.co.th/files/product/original/PRD175637486126.jpg
NTS2-ESK-10-TMS,https://www.sevenfive.co.th/files/product/original/PRD175637486074.jpg
NTS2-ESK-10-SWK,https://www.sevenfive.co.th/files/product/original/PRD175522461047.jpg
NTS2-ESK-10-KL,https://www.sevenfive.co.th/files/product/original/PRD175637486033.jpg
NTS2-ESK-10-HT,https://www.sevenfive.co.th/files/product/original/PRD175637485861.jpg
NTS2-D311903021,https://www.sevenfive.co.th/files/product/original/PRD175637484929.jpg
NTS2-CED-YJ-JAR,https://www.sevenfive.co.th/files/product/original/PRD175637484844.jpg
NTS2-CD-IN68-003,https://www.sevenfive.co.th/files/product/original/PRD17563748453.jpg
NTS2-CD-IN55-003,https://www.sevenfive.co.th/files/product/original/PRD175637484592.jpg
NTS2-CDHR-900W-FAN,https://www.sevenfive.co.th/files/product/original/PRD175637484715.jpg
NTS2-CD-4046-4L1-LID,https://www.sevenfive.co.th/files/product/original/PRD175637484391.jpg
NTS2-CD-401-4L-LID,https://www.sevenfive.co.th/files/product/original/PRD175637484115.jpg
NTS2-CD-1135-4L2-SBOWL,https://www.sevenfive.co.th/files/product/original/PRD175637484036.jpg
NTS2-CD-1135-4L2-PN,https://www.sevenfive.co.th/files/product/original/PRD175637483933.jpg
NTS2-CD-1135-4L2-LID,https://www.sevenfive.co.th/files/product/original/PRD175637483929.jpg
NTS2-CB100100-WP,https://www.sevenfive.co.th/files/product/original/PRD42ba943492b787e8018b344541fd1234.jpg
NTS2-1201050109,https://www.sevenfive.co.th/files/product/original/PRD175637483882.jpg
NTS2-1201050108,https://www.sevenfive.co.th/files/product/original/PRD17563748385.jpg
NTS2-WDV-60-80-20,https://www.sevenfive.co.th/files/product/original/PRD175637487137.jpg
PIM2-30418424,https://www.sevenfive.co.th/files/product/original/PRD175757156795.jpg
PIM2-30409009,https://www.sevenfive.co.th/files/product/original/PRD175757156536.jpg
PIM2-30408039,https://www.sevenfive.co.th/files/product/original/PRD175757156319.jpg
PIM2-30407311,https://www.sevenfive.co.th/files/product/original/PRD175757156132.jpg
PIM2-30407143,https://www.sevenfive.co.th/files/product/original/PRD175757155523.jpg
PIM2-30407071,https://www.sevenfive.co.th/files/product/original/PRD175757155142.jpg
PIM2-30402049,https://www.sevenfive.co.th/files/product/original/PRD175757154947.jpg
PIM2-30402047,https://www.sevenfive.co.th/files/product/original/PRD175757154460.jpg
PIM2-30402023,https://www.sevenfive.co.th/files/product/original/PRD175757153825.jpg
PIM2-30402017,https://www.sevenfive.co.th/files/product/original/PRD175757153657.jpg
PIM2-30399017,https://www.sevenfive.co.th/files/product/original/PRD175757153344.jpg
PIM2-303120843,https://www.sevenfive.co.th/files/product/original/PRD175757153176.jpg
PIM2-30312043,https://www.sevenfive.co.th/files/product/original/PRD170937621857.jpg
PIM2-30312016,https://www.sevenfive.co.th/files/product/original/PRD175757153071.jpg
PIM2-302201337,https://www.sevenfive.co.th/files/product/original/PRD175757152359.jpg
PIM2-302200627,https://www.sevenfive.co.th/files/product/original/PRD175757152085.jpg
PIM2-302150075,https://www.sevenfive.co.th/files/product/original/PRD175757151891.jpg
PIM2-302110080,https://www.sevenfive.co.th/files/product/original/PRD175757151389.jpg
PIM2-302110079,https://www.sevenfive.co.th/files/product/original/PRD175757151243.jpg
PIM2-302110078,https://www.sevenfive.co.th/files/product/original/PRD175757150991.jpg
PIM2-302110077,https://www.sevenfive.co.th/files/product/original/PRD175757150748.jpg
PIM2-302110076,https://www.sevenfive.co.th/files/product/original/PRD17575715059.jpg
PIM2-302110075,https://www.sevenfive.co.th/files/product/original/PRD175757150371.jpg
PIM2-302090001,https://www.sevenfive.co.th/files/product/original/PRD175757150112.jpg
PIM2-302070066,https://www.sevenfive.co.th/files/product/original/PRD175757149631.jpg
PIM2-302070019,https://www.sevenfive.co.th/files/product/original/PRD17575714892.jpg
PIM2-302070017,https://www.sevenfive.co.th/files/product/original/PRD175757148729.jpg
PIM2-302050072,https://www.sevenfive.co.th/files/product/original/PRD175757148533.jpg
PIM2-302040093,https://www.sevenfive.co.th/files/product/original/PRD175757148270.jpg
PIM2-302040012,https://www.sevenfive.co.th/files/product/original/PRD175757148087.jpg
PIM2-302030091,https://www.sevenfive.co.th/files/product/original/PRD175757147970.jpg
PIM2-302030067,https://www.sevenfive.co.th/files/product/original/PRD175757147739.jpg
PIM2-302030045,https://www.sevenfive.co.th/files/product/original/PRD175757147521.jpg
PIM2-302020318,https://www.sevenfive.co.th/files/product/original/PRD175757147327.jpg
PIM2-302020178,https://www.sevenfive.co.th/files/product/original/PRD175757147274.jpg
PIM2-301150087L,https://www.sevenfive.co.th/files/product/original/PRD175738864137.jpg
PIM2-301130128,https://www.sevenfive.co.th/files/product/original/PRD17573886397.jpg
PIM2-301130052,https://www.sevenfive.co.th/files/product/original/PRD175738863797.jpg
PIM2-301130041,https://www.sevenfive.co.th/files/product/original/PRD175738863618.jpg
PIM2-301130040,https://www.sevenfive.co.th/files/product/original/PRD175738863438.jpg
PIM2-301130004,https://www.sevenfive.co.th/files/product/original/PRD175738862882.jpg
PIM2-301130002,https://www.sevenfive.co.th/files/product/original/PRD175738862599.jpg
PIM2-301120007,https://www.sevenfive.co.th/files/product/original/PRD175738862243.jpg
PIM2-301110046+301110009,https://www.sevenfive.co.th/files/product/original/PRD175738862161.jpg
PIM2-301110041,https://www.sevenfive.co.th/files/product/original/PRD175757147171.jpg
PIM2-301110031+301110024,https://www.sevenfive.co.th/files/product/original/PRD175757147048.jpg
PIM2-301110022,https://www.sevenfive.co.th/files/product/original/PRD17575714643.jpg
PIM2-301110020,https://www.sevenfive.co.th/files/product/original/PRD175757146235.jpg
PIM2-301110011,https://www.sevenfive.co.th/files/product/original/PRD175757146032.jpg
RAN2-10705369,https://www.sevenfive.co.th/files/product/original/PRD175653897620.jpg
RTN2-16.02.062,https://www.sevenfive.co.th/files/product/original/PRD98ce314170b5192b3135c96d3d636126.jpg
RON2-98151,https://www.sevenfive.co.th/files/product/original/PRD175653902344.jpg
RON2-98150,https://www.sevenfive.co.th/files/product/original/PRD175653916265.jpg
RON2-98147,https://www.sevenfive.co.th/files/product/original/PRD175653902388.jpg
RON2-9351,https://www.sevenfive.co.th/files/product/original/PRD175653902280.jpg
RON2-7095,https://www.sevenfive.co.th/files/product/original/PRD175653902212.jpg
RON2-6681,https://www.sevenfive.co.th/files/product/original/PRD175653902029.jpg
RON2-53437,https://www.sevenfive.co.th/files/product/original/PRD175653902029.jpg
RON2-50908,https://www.sevenfive.co.th/files/product/original/PRD175653901843.jpg
RON2-50658,https://www.sevenfive.co.th/files/product/original/PRD175653901771.jpg
RON2-50603,https://www.sevenfive.co.th/files/product/original/PRD17565390152.jpg
RON2-50001,https://www.sevenfive.co.th/files/product/original/PRD175653901460.jpg
SAN2-50425,https://www.sevenfive.co.th/files/product/original/PRD175653904257.jpg
SAN2-50415,https://www.sevenfive.co.th/files/product/original/PRD17093759780.jpg
SAN2-50400,https://www.sevenfive.co.th/files/product/original/PRD175653904140.jpg
SAN2-50200C,https://www.sevenfive.co.th/files/product/original/PRD175653904071.jpg
SAN2-50100,https://www.sevenfive.co.th/files/product/original/PRD175653904096.jpg
SAN2-40711K,https://www.sevenfive.co.th/files/product/original/PRD170937597023.jpg
SAN2-37436,https://www.sevenfive.co.th/files/product/original/PRD170937596490.jpg
SAN2-37402,https://www.sevenfive.co.th/files/product/original/PRD170937596285.jpg
SAN2-37134,https://www.sevenfive.co.th/files/product/original/PRD17093759572.jpg
SAN2-37104,https://www.sevenfive.co.th/files/product/original/PRD17093759564.jpg
SAN2-33119,https://www.sevenfive.co.th/files/product/original/PRD170937595163.jpg
SAN2-33112,https://www.sevenfive.co.th/files/product/original/PRD170937595062.jpg
SAN2-33111,https://www.sevenfive.co.th/files/product/original/PRD170937594919.jpg
SAN2-33110,https://www.sevenfive.co.th/files/product/original/PRD170937594920.jpg
SAN2-28402,https://www.sevenfive.co.th/files/product/original/PRD170937593460.jpg
SAN2-11405,https://www.sevenfive.co.th/files/product/original/PRD175653903013.jpg
TOA2-T3000639,https://www.sevenfive.co.th/files/product/original/PRD176285059835.jpg
TOA2-1952715,https://www.sevenfive.co.th/files/product/original/PRD170937585611.jpg
TOA2-1952221,https://www.sevenfive.co.th/files/product/original/PRD176639065096.jpg
TOA2-1000831,https://www.sevenfive.co.th/files/product/original/PRD170937585397.jpg
WIN2-2110302,https://www.sevenfive.co.th/files/product/original/PRD17565391575.jpg
WIN2-2101203,https://www.sevenfive.co.th/files/product/original/PRD175653915722.jpg
WIN2-2030502,https://www.sevenfive.co.th/files/product/original/PRD175653915617.jpg
VRM2-R60-91,https://www.sevenfive.co.th/files/product/original/PRD0c8cd1cc31fe8cca0c9bfc57b98ff40d.jpg
WIN2-3124194,https://www.sevenfive.co.th/files/product/original/PRD175653919151.jpg
WIN2-3124187,https://www.sevenfive.co.th/files/product/original/PRD175653919182.jpg
WIN2-3124185,https://www.sevenfive.co.th/files/product/original/PRD175653919071.jpg
WIN2-3124166,https://www.sevenfive.co.th/files/product/original/PRD175653919043.jpg
WIN2-3124164,https://www.sevenfive.co.th/files/product/original/PRD175653918976.jpg
WIN2-3124163,https://www.sevenfive.co.th/files/product/original/PRD175653918956.jpg
WIN2-3124112,https://www.sevenfive.co.th/files/product/original/PRD17565391882.jpg
WIN2-3116074,https://www.sevenfive.co.th/files/product/original/PRD175653918812.jpg
WIN2-3113099,https://www.sevenfive.co.th/files/product/original/PRD175653918736.jpg
WIN2-3113073,https://www.sevenfive.co.th/files/product/original/PRD175653918714.jpg
WIN2-3111311,https://www.sevenfive.co.th/files/product/original/PRD175653918623.jpg
WIN2-3111205,https://www.sevenfive.co.th/files/product/original/PRD175653918640.jpg
WIN2-3111110,https://www.sevenfive.co.th/files/product/original/PRD175653918595.jpg
WIN2-3109025,https://www.sevenfive.co.th/files/product/original/PRD17565391841.jpg
WIN2-3108002,https://www.sevenfive.co.th/files/product/original/PRD175653918488.jpg
WIN2-3106118,https://www.sevenfive.co.th/files/product/original/PRD175653918396.jpg
WIN2-3106115,https://www.sevenfive.co.th/files/product/original/PRD175653918266.jpg
WIN2-3106046,https://www.sevenfive.co.th/files/product/original/PRD175653918173.jpg
WIN2-3105149,https://www.sevenfive.co.th/files/product/original/PRD175653918144.jpg
WIN2-3105110,https://www.sevenfive.co.th/files/product/original/PRD175653918071.jpg
WIN2-3105100,https://www.sevenfive.co.th/files/product/original/PRD175653917914.jpg
WIN2-3104164,https://www.sevenfive.co.th/files/product/original/PRD175653917925.jpg
WIN2-3104162,https://www.sevenfive.co.th/files/product/original/PRD175653917812.jpg
WIN2-3104152,https://www.sevenfive.co.th/files/product/original/PRD175653917810.jpg
WIN2-3104130,https://www.sevenfive.co.th/files/product/original/PRD175653917716.jpg
WIN2-3104120,https://www.sevenfive.co.th/files/product/original/PRD175653917716.jpg
WIN2-3104116,https://www.sevenfive.co.th/files/product/original/PRD175653917635.jpg
WIN2-3104115,https://www.sevenfive.co.th/files/product/original/PRD175653917513.jpg
WIN2-3104114,https://www.sevenfive.co.th/files/product/original/PRD175653917421.jpg
WIN2-3104067,https://www.sevenfive.co.th/files/product/original/PRD175653917322.jpg
WIN2-3104052,https://www.sevenfive.co.th/files/product/original/PRD175653917341.jpg
WIN2-3103084,https://www.sevenfive.co.th/files/product/original/PRD175653917210.jpg
WIN2-3103027,https://www.sevenfive.co.th/files/product/original/PRD175653917217.jpg
WIN2-62003406,https://www.sevenfive.co.th/files/product/original/PRD175653921246.jpg
WIN2-62003351,https://www.sevenfive.co.th/files/product/original/PRD175653921253.jpg
WIN2-62003000,https://www.sevenfive.co.th/files/product/original/PRD175653921171.jpg
WIN2-62001867,https://www.sevenfive.co.th/files/product/original/PRD175653921088.jpg
WIN2-62001836,https://www.sevenfive.co.th/files/product/original/PRD175653920918.jpg
WIN2-62001810,https://www.sevenfive.co.th/files/product/original/PRD175653920896.jpg
WIN2-62001190,https://www.sevenfive.co.th/files/product/original/PRD175653920896.jpg
WIN2-61005339,https://www.sevenfive.co.th/files/product/original/PRD175653920715.jpg
WIN2-61005198,https://www.sevenfive.co.th/files/product/original/PRD175653920626.jpg
WIN2-61004880,https://www.sevenfive.co.th/files/product/original/PRD175653920528.jpg
WIN2-61002679,https://www.sevenfive.co.th/files/product/original/PRD175653920531.jpg
WIN2-61002522,https://www.sevenfive.co.th/files/product/original/PRD175653920475.jpg
WIN2-61002263,https://www.sevenfive.co.th/files/product/original/PRD175653920486.jpg
WIN2-61002023,https://www.sevenfive.co.th/files/product/original/PRD175653920320.jpg
ZAN2-MANI0064,https://www.sevenfive.co.th/files/product/original/PRD17565392295.jpg
ZAN2-MANDX,https://www.sevenfive.co.th/files/product/original/PRD175653922844.jpg
ZAN2-GUAR0040,https://www.sevenfive.co.th/files/product/original/PRD175653922892.jpg
ZAN2-GASI0049,https://www.sevenfive.co.th/files/product/original/PRD175653922781.jpg
ZAN2-ELET0828,https://www.sevenfive.co.th/files/product/original/PRD175653922671.jpg
ZAN2-ELET0807,https://www.sevenfive.co.th/files/product/original/PRD175653922540.jpg
ZAN2-ELET0563,https://www.sevenfive.co.th/files/product/original/PRD175653922270.jpg
ZAN2-ELET0551,https://www.sevenfive.co.th/files/product/original/PRD175653922239.jpg
ZAN2-ELET0549,https://www.sevenfive.co.th/files/product/original/PRD175653922164.jpg
ZAN2-ELET0548,https://www.sevenfive.co.th/files/product/original/PRD175653922172.jpg
ZAN2-ELET0518,https://www.sevenfive.co.th/files/product/original/PRD175653922032.jpg
ZAN2-ELET0483,https://www.sevenfive.co.th/files/product/original/PRD175653921914.jpg
ZAN2-ELET0235,https://www.sevenfive.co.th/files/product/original/PRD175653921827.jpg
ZAN2-ELET0160,https://www.sevenfive.co.th/files/product/original/PRD175653921850.jpg
ZAN2-ELET0149,https://www.sevenfive.co.th/files/product/original/PRD175653921730.jpg
ZAN2-ELET0076,https://www.sevenfive.co.th/files/product/original/PRD175653921626.jpg
ZAN2-ELET0075,https://www.sevenfive.co.th/files/product/original/PRD175653921632.jpg
ZNS2-0E5037,https://www.sevenfive.co.th/files/product/original/PRD170937547315.jpg
WIN2-65003257,https://www.sevenfive.co.th/files/product/original/PRD175653921369.jpg
WIN2-60003214,https://www.sevenfive.co.th/files/product/original/PRD175653920237.jpg
WIN2-60002704,https://www.sevenfive.co.th/files/product/original/PRD175653920254.jpg
WIN2-60002391,https://www.sevenfive.co.th/files/product/original/PRD175653920145.jpg
WIN2-60001304,https://www.sevenfive.co.th/files/product/original/PRD175653920117.jpg
WIN2-5531007,https://www.sevenfive.co.th/files/product/original/PRD175653920092.jpg
WIN2-5519018,https://www.sevenfive.co.th/files/product/original/PRD175653920052.jpg
WIN2-5504035,https://www.sevenfive.co.th/files/product/original/PRD175653919980.jpg
WIN2-410200140,https://www.sevenfive.co.th/files/product/original/PRD175653919891.jpg
WIN2-3506105,https://www.sevenfive.co.th/files/product/original/PRD175653919727.jpg
WIN2-3501198,https://www.sevenfive.co.th/files/product/original/PRD17565391964.jpg
WIN2-3501064,https://www.sevenfive.co.th/files/product/original/PRD175653919674.jpg
WIN2-3501063,https://www.sevenfive.co.th/files/product/original/PRD175653919579.jpg
WIN2-3501006,https://www.sevenfive.co.th/files/product/original/PRD175653919590.jpg
WIN2-3501003,https://www.sevenfive.co.th/files/product/original/PRD175653919443.jpg
WIN2-3501002,https://www.sevenfive.co.th/files/product/original/PRD175653919441.jpg
WIN2-3201017,https://www.sevenfive.co.th/files/product/original/PRD175653919331.jpg
WIN2-3126026,https://www.sevenfive.co.th/files/product/original/PRD17565391921.jpg
WIN2-3126001,https://www.sevenfive.co.th/files/product/original/PRD175653919261.jpg
WIN2-3102275,https://www.sevenfive.co.th/files/product/original/PRD175653917134.jpg
WIN2-3102273,https://www.sevenfive.co.th/files/product/original/PRD175653917023.jpg
WIN2-3102209,https://www.sevenfive.co.th/files/product/original/PRD175653917097.jpg
WIN2-3102010,https://www.sevenfive.co.th/files/product/original/PRD175653916972.jpg
WIN2-3015519,https://www.sevenfive.co.th/files/product/original/PRD175653916993.jpg
WIN2-2910312,https://www.sevenfive.co.th/files/product/original/PRD175653916883.jpg
WIN2-2907209,https://www.sevenfive.co.th/files/product/original/PRD175653916843.jpg
WIN2-2815009,https://www.sevenfive.co.th/files/product/original/PRD17565391678.jpg
WIN2-2810006,https://www.sevenfive.co.th/files/product/original/PRD175653916655.jpg
WIN2-2802303,https://www.sevenfive.co.th/files/product/original/PRD17565391667.jpg
WIN2-2710015,https://www.sevenfive.co.th/files/product/original/PRD175653916260.jpg
WIN2-2710014,https://www.sevenfive.co.th/files/product/original/PRD175653916173.jpg
WIN2-2709031,https://www.sevenfive.co.th/files/product/original/PRD175653916132.jpg
WIN2-2709025,https://www.sevenfive.co.th/files/product/original/PRD175653916094.jpg
WIN2-2707009,https://www.sevenfive.co.th/files/product/original/PRD175653916063.jpg
WIN2-2702001,https://www.sevenfive.co.th/files/product/original/PRD175653915970.jpg
WIN2-2303304,https://www.sevenfive.co.th/files/product/original/PRD17565391589.jpg
VRM2-CR20-78M,https://www.sevenfive.co.th/files/product/original/PRD1e11fe553f5eab9cbea860fda4c42a95.jpg
TBC2-HHC-6517-2,https://www.sevenfive.co.th/files/product/original/PRD170937513878.jpg
TBA2-TDA-KF25-2,https://www.sevenfive.co.th/files/product/original/PRD175653915532.jpg
TBA2-T8F9300800,https://www.sevenfive.co.th/files/product/original/PRD175653915469.jpg
TBA2-T07AAD0010,https://www.sevenfive.co.th/files/product/original/PRD175653914965.jpg
TBA2-T05AAD0010,https://www.sevenfive.co.th/files/product/original/PRD175653914534.jpg
TBA2-SSA151A676,https://www.sevenfive.co.th/files/product/original/PRD175653914360.jpg
TBA2-P996300201,https://www.sevenfive.co.th/files/product/original/PRD175653914080.jpg
TBA2-P996000100,https://www.sevenfive.co.th/files/product/original/PRD170937510851.jpg
TBA2-P993200800,https://www.sevenfive.co.th/files/product/original/PRD170937510695.jpg
TBA2-MR20622100,https://www.sevenfive.co.th/files/product/original/PRD17565391399.jpg
TBA2-M726800200,https://www.sevenfive.co.th/files/product/original/PRD17565391388.jpg
TBA2-M6059000108,https://www.sevenfive.co.th/files/product/original/PRD175653913522.jpg
TBA2-M272300107,https://www.sevenfive.co.th/files/product/original/PRD175653913456.jpg
TBA2-KUFHM16100,https://www.sevenfive.co.th/files/product/original/PRD175653913383.jpg
TBA2-KSR1216101,https://www.sevenfive.co.th/files/product/original/PRD175653913217.jpg
TBA2-KR99880102,https://www.sevenfive.co.th/files/product/original/PRD175653913099.jpg
TBA2-KR99000101,https://www.sevenfive.co.th/files/product/original/PRD17565391291.jpg
TBA2-KR95200100,https://www.sevenfive.co.th/files/product/original/PRD175653912993.jpg
TBA2-KR8AF00100,https://www.sevenfive.co.th/files/product/original/PRD175653912668.jpg
TBA2-KR8A100101,https://www.sevenfive.co.th/files/product/original/PRD175653912645.jpg
TBA2-KR89000103,https://www.sevenfive.co.th/files/product/original/PRD175653912555.jpg
TBA2-KR89000100,https://www.sevenfive.co.th/files/product/original/PRD175653912470.jpg
TBA2-KR81900302,https://www.sevenfive.co.th/files/product/original/PRD175653912338.jpg
TBA2-KR59000100,https://www.sevenfive.co.th/files/product/original/PRD175653912220.jpg
TBA2-KR53300105,https://www.sevenfive.co.th/files/product/original/PRD170937503984.jpg
TBA2-KR29000101,https://www.sevenfive.co.th/files/product/original/PRD175653912032.jpg
TBA2-KF95300101,https://www.sevenfive.co.th/files/product/original/PRD175653911766.jpg
TBA2-KF86200101,https://www.sevenfive.co.th/files/product/original/PRD17565391173.jpg
TBA2-KF85300304,https://www.sevenfive.co.th/files/product/original/PRD17565391167.jpg
TBA2-KF84900100,https://www.sevenfive.co.th/files/product/original/PRD175653916591.jpg
TBA2-KF6CD00100,https://www.sevenfive.co.th/files/product/original/PRD175653911511.jpg
TBA2-KF25300101,https://www.sevenfive.co.th/files/product/original/PRD175653911478.jpg
TBA2-KF25300100,https://www.sevenfive.co.th/files/product/original/PRD175653911394.jpg
TBA2-KF24900104,https://www.sevenfive.co.th/files/product/original/PRD17565391137.jpg
TBA2-KF24900100,https://www.sevenfive.co.th/files/product/original/PRD175653911211.jpg
TBA2-KF24400100,https://www.sevenfive.co.th/files/product/original/PRD175653911295.jpg
TBA2-K3R3300204,https://www.sevenfive.co.th/files/product/original/PRD170937503542.jpg
TBA2-K3F900109,https://www.sevenfive.co.th/files/product/original/PRD175653911019.jpg
TBA2-K3F5300101,https://www.sevenfive.co.th/files/product/original/PRD175653910975.jpg
TBA2-K3F5104002,https://www.sevenfive.co.th/files/product/original/PRD175653910955.jpg
TBA2-K3F5104001,https://www.sevenfive.co.th/files/product/original/PRD175653910837.jpg
TBA2-K3F5102100,https://www.sevenfive.co.th/files/product/original/PRD175653910772.jpg
TBA2-K3F3200400,https://www.sevenfive.co.th/files/product/original/PRD175653910638.jpg
TBA2-K3F3101003,https://www.sevenfive.co.th/files/product/original/PRD175653910517.jpg
TBA2-K3F1122100,https://www.sevenfive.co.th/files/product/original/PRD17565391049.jpg
TBA2-K3F0606100,https://www.sevenfive.co.th/files/product/original/PRD175653910459.jpg
TBA2-K3D9000202,https://www.sevenfive.co.th/files/product/original/PRD175653910368.jpg
TBA2-K3D5400300,https://www.sevenfive.co.th/files/product/original/PRD175653910382.jpg
TBA2-K2R5300204,https://www.sevenfive.co.th/files/product/original/PRD175653910225.jpg
TBA2-K2R1223101,https://www.sevenfive.co.th/files/product/original/PRD175653910234.jpg
TBA2-K2D9000308,https://www.sevenfive.co.th/files/product/original/PRD175653909854.jpg
TBA2-K2D9000307,https://www.sevenfive.co.th/files/product/original/PRD175653909711.jpg
TBA2-K2D1221105,https://www.sevenfive.co.th/files/product/original/PRD175653909718.jpg
TBA2-K1FFC00300,https://www.sevenfive.co.th/files/product/original/PRD175653909685.jpg
TBA2-K1FFC00200,https://www.sevenfive.co.th/files/product/original/PRD175653909614.jpg
TBA2-K1F5100103,https://www.sevenfive.co.th/files/product/original/PRD175653909540.jpg
TBA2-K1F3100202,https://www.sevenfive.co.th/files/product/original/PRD175653909429.jpg
TBA2-K1F1600100,https://www.sevenfive.co.th/files/product/original/PRD17565390933.jpg
TBA2-K1F0420100,https://www.sevenfive.co.th/files/product/original/PRD170937500813.jpg
TBA2-K1F0129105,https://www.sevenfive.co.th/files/product/original/PRD17565390914.jpg
TBA2-K1D5100108,https://www.sevenfive.co.th/files/product/original/PRD175653909067.jpg
TBA2-IS-3225DWSQ-3,https://www.sevenfive.co.th/files/product/original/PRD175653908954.jpg
TBA2-G8F6500200,https://www.sevenfive.co.th/files/product/original/PRD175653908755.jpg
TBA2-G8F6500100,https://www.sevenfive.co.th/files/product/original/PRD175653908715.jpg
TBA2-G8F6000100,https://www.sevenfive.co.th/files/product/original/PRD175653908658.jpg
TBA2-G8F5000200,https://www.sevenfive.co.th/files/product/original/PRD170937500271.jpg
TBA2-DK8A100103,https://www.sevenfive.co.th/files/product/original/PRD175653908592.jpg
TBA2-DAM-KSR18-3,https://www.sevenfive.co.th/files/product/original/PRD175653908542.jpg
TBA2-CM25000100,https://www.sevenfive.co.th/files/product/original/PRD175653908495.jpg
TBA2-BS81900403,https://www.sevenfive.co.th/files/product/original/PRD175653908297.jpg
TBA2-BR55100204,https://www.sevenfive.co.th/files/product/original/PRD175653908110.jpg
TBA2-BR21700101,https://www.sevenfive.co.th/files/product/original/PRD17565390804.jpg
TBA2-BDA-KF25-2,https://www.sevenfive.co.th/files/product/original/PRD175653908061.jpg
TBA2-400V-5MF,https://www.sevenfive.co.th/files/product/original/PRD175653907847.jpg
TBA2-400V-4MF,https://www.sevenfive.co.th/files/product/original/PRD175653907887.jpg
TBA2-3CASW,https://www.sevenfive.co.th/files/product/original/PRD175653907785.jpg
TBA2-30214T1100,https://www.sevenfive.co.th/files/product/original/PRD17565390753.jpg
TBA2-08R7400804,https://www.sevenfive.co.th/files/product/original/PRD17565390744.jpg
SKP2-AM109S0020,https://www.sevenfive.co.th/files/product/original/PRD170937476791.jpg
SIR2-SM591531,https://www.sevenfive.co.th/files/product/original/PRD170937475740.jpg
SIR2-SM500722N,https://www.sevenfive.co.th/files/product/original/PRD170937442930.jpg
SIR2-SM260101+SM260102,https://www.sevenfive.co.th/files/product/original/PRD170937442620.jpg
SIR2-SM212400,https://www.sevenfive.co.th/files/product/original/PRD170937442461.jpg
SIR2-SM211413,https://www.sevenfive.co.th/files/product/original/PRD170937442483.jpg
SIR2-SM21005006,https://www.sevenfive.co.th/files/product/original/PRD170937442337.jpg
SIR2-SM19015004,https://www.sevenfive.co.th/files/product/original/PRD170937442291.jpg
SIR2-SM190100011,https://www.sevenfive.co.th/files/product/original/PRD170937442143.jpg
SIR2-OSC042657,https://www.sevenfive.co.th/files/product/original/PRD85e966634a8fa1f726015ba46f134c4b.jpg
SIR2-MSC09V028,https://www.sevenfive.co.th/files/product/original/PRD170937441013.jpg
SIR2-MSC04V256,https://www.sevenfive.co.th/files/product/original/PRD170937440969.jpg
SIR2-MSC04N214,https://www.sevenfive.co.th/files/product/original/PRD170937440580.jpg
SIR2-MF0192,https://www.sevenfive.co.th/files/product/original/PRD170937439031.jpg
SIR2-MF0190,https://www.sevenfive.co.th/files/product/original/PRD170937438949.jpg
SIR2-MF0174,https://www.sevenfive.co.th/files/product/original/PRD170937438939.jpg
SIR2-MF0169,https://www.sevenfive.co.th/files/product/original/PRD170937438813.jpg
SIR2-MF0143+MF2127,https://www.sevenfive.co.th/files/product/original/PRD170937438821.jpg
SIR2-MF0127,https://www.sevenfive.co.th/files/product/original/PRD17093743872.jpg
SIR2-MF0118,https://www.sevenfive.co.th/files/product/original/PRD170937438729.jpg
SIR2-MF0113,https://www.sevenfive.co.th/files/product/original/PRD170937438699.jpg
SIR2-MF0112,https://www.sevenfive.co.th/files/product/original/PRD170937438664.jpg
SIR2-MF0111,https://www.sevenfive.co.th/files/product/original/PRD170937438632.jpg
SIR2-MF0110,https://www.sevenfive.co.th/files/product/original/PRD170937438565.jpg
SIR2-MF0108,https://www.sevenfive.co.th/files/product/original/PRD170937438588.jpg
SIR2-MF0104+MF0283,https://www.sevenfive.co.th/files/product/original/PRD170937438439.jpg
SIR2-MF0102,https://www.sevenfive.co.th/files/product/original/PRD170937438492.jpg
SIR2-LF2095010,https://www.sevenfive.co.th/files/product/original/PRD170937438453.jpg
SIR2-LF2043015,https://www.sevenfive.co.th/files/product/original/PRD170937432728.jpg
SIR2-LF2039731,https://www.sevenfive.co.th/files/product/original/PRD170937432556.jpg
SIR2-LF2033102,https://www.sevenfive.co.th/files/product/original/PRD170937431919.jpg
SIR2-LF202106025,https://www.sevenfive.co.th/files/product/original/PRD170937430167.jpg
SIR2-LF2011015B,https://www.sevenfive.co.th/files/product/original/PRD170937429895.jpg
SIR2-LF2011015A,https://www.sevenfive.co.th/files/product/original/PRD170937429815.jpg
SIR2-LF2009010,https://www.sevenfive.co.th/files/product/original/PRD170937429315.jpg
SIR2-LF1810501,https://www.sevenfive.co.th/files/product/original/PRD170937428212.jpg
SIR2-LF1513006,https://www.sevenfive.co.th/files/product/original/PRD170937424745.jpg
SIR2-LF142106005,https://www.sevenfive.co.th/files/product/original/PRD170937424012.jpg
SIR2-LF142106001,https://www.sevenfive.co.th/files/product/original/PRD17093742404.jpg
SIR2-LF1243101,https://www.sevenfive.co.th/files/product/original/PRD170937423954.jpg
SIR2-LF1213001,https://www.sevenfive.co.th/files/product/original/PRD170937423518.jpg
SIR2-LF1143101,https://www.sevenfive.co.th/files/product/original/PRD170937423286.jpg
SIR2-LF1041025,https://www.sevenfive.co.th/files/product/original/PRD170937422869.jpg
SIR2-LF1033020,https://www.sevenfive.co.th/files/product/original/PRD170937421810.jpg
SIR2-LF1033010A,https://www.sevenfive.co.th/files/product/original/PRD170937421763.jpg
SIR2-LF1033005B,https://www.sevenfive.co.th/files/product/original/PRD170937421689.jpg
SIR2-LF1013032,https://www.sevenfive.co.th/files/product/original/PRD170937421441.jpg
SIR2-LF1013022,https://www.sevenfive.co.th/files/product/original/PRD170937421364.jpg
SIR2-LF011203,https://www.sevenfive.co.th/files/product/original/PRD170937420670.jpg
SIR2-IW2071230078,https://www.sevenfive.co.th/files/product/original/PRD170937415944.jpg
SIR2-IW1471250011,https://www.sevenfive.co.th/files/product/original/PRDcb4295f640d3f1af5840379b23e36fb1.jpg
SIR2-IW1471240083,https://www.sevenfive.co.th/files/product/original/PRD170937414449.jpg
SIR2-IW1471240015,https://www.sevenfive.co.th/files/product/original/PRD170937413774.jpg
SIR2-IW1271205,https://www.sevenfive.co.th/files/product/original/PRD17093741260.jpg
SIR2-IW1071240220,https://www.sevenfive.co.th/files/product/original/PRD170937412187.jpg
SIR2-IW1071240064,https://www.sevenfive.co.th/files/product/original/PRD170937412012.jpg
SIR2-IW1071240019,https://www.sevenfive.co.th/files/product/original/PRD170937411662.jpg
SIR2-IV75C5X15,https://www.sevenfive.co.th/files/product/original/PRD170937410637.jpg
SIR2-IV7506018,https://www.sevenfive.co.th/files/product/original/PRD170937408396.jpg
SIR2-IV7506017,https://www.sevenfive.co.th/files/product/original/PRD170937408361.jpg
SIR2-IV7506000,https://www.sevenfive.co.th/files/product/original/PRD170937408263.jpg
SIR2-IV7300500,https://www.sevenfive.co.th/files/product/original/PRD170937408131.jpg
SIR2-IV5826016,https://www.sevenfive.co.th/files/product/original/PRD170937407832.jpg
SIR2-IV5820050,https://www.sevenfive.co.th/files/product/original/PRD170937407721.jpg
SIR2-IV5050802,https://www.sevenfive.co.th/files/product/original/PRD170937407567.jpg
SIR2-IV4300500,https://www.sevenfive.co.th/files/product/original/PRD170937407264.jpg
SIR2-IV4230515,https://www.sevenfive.co.th/files/product/original/PRD170937407156.jpg
SIR2-IV4200500,https://www.sevenfive.co.th/files/product/original/PRD17093740703.jpg
SIR2-IV4020300,https://www.sevenfive.co.th/files/product/original/PRD170937407086.jpg
SIR2-IV2520505L,https://www.sevenfive.co.th/files/product/original/PRD170937406768.jpg
SIR2-IV2330500,https://www.sevenfive.co.th/files/product/original/PRD170937406519.jpg
SIR2-IV1020106,https://www.sevenfive.co.th/files/product/original/PRD170937406165.jpg
SIR2-IGS460,https://www.sevenfive.co.th/files/product/original/PRD170937405733.jpg
SIR2-IGS407C,https://www.sevenfive.co.th/files/product/original/PRD170937405629.jpg
SIR2-IGS402C,https://www.sevenfive.co.th/files/product/original/PRD170937405681.jpg
SIR2-IGS336,https://www.sevenfive.co.th/files/product/original/PRD170937405521.jpg
SIR2-IB9865320.04,https://www.sevenfive.co.th/files/product/original/PRD170937404994.jpg
SIR2-IB5866000,https://www.sevenfive.co.th/files/product/original/PRD170937404191.jpg
SIR2-IB5846400,https://www.sevenfive.co.th/files/product/original/PRD170937404184.jpg
SIR2-IB5800100,https://www.sevenfive.co.th/files/product/original/PRD17093740384.jpg
SIR2-IB52565010,https://www.sevenfive.co.th/files/product/original/PRD17093740382.jpg
SIR2-IB5256400,https://www.sevenfive.co.th/files/product/original/PRD170937403777.jpg
SIR2-IB5054001C,https://www.sevenfive.co.th/files/product/original/PRD170937403511.jpg
SIR2-IB5036000,https://www.sevenfive.co.th/files/product/original/PRD170937403453.jpg
SIR2-IB4356000,https://www.sevenfive.co.th/files/product/original/PRD170937403274.jpg
SIR2-IB4290400,https://www.sevenfive.co.th/files/product/original/PRD170937403182.jpg
SIR2-IB4004045,https://www.sevenfive.co.th/files/product/original/PRD17093739903.jpg
SIR2-IB4000130,https://www.sevenfive.co.th/files/product/original/PRD170937397744.jpg
SIR2-IB2680900,https://www.sevenfive.co.th/files/product/original/PRD170937397693.jpg
SIR2-IB2260720,https://www.sevenfive.co.th/files/product/original/PRD170937397482.jpg
SIR2-IB2104020,https://www.sevenfive.co.th/files/product/original/PRD170937397484.jpg
SIR2-IB2104004,https://www.sevenfive.co.th/files/product/original/PRD170937397332.jpg
SIR2-IB2100910,https://www.sevenfive.co.th/files/product/original/PRD170937397263.jpg
SIR2-IB2000905,https://www.sevenfive.co.th/files/product/original/PRD170937397130.jpg
SIR2-IB1980410,https://www.sevenfive.co.th/files/product/original/PRD170937396819.jpg
SIR2-GM8156500,https://www.sevenfive.co.th/files/product/original/PRD17093739675.jpg
SIR2-GM5866000,https://www.sevenfive.co.th/files/product/original/PRD170937396437.jpg
SIR2-GM5646220,https://www.sevenfive.co.th/files/product/original/PRD170937395921.jpg
SIR2-AMG056,https://www.sevenfive.co.th/files/product/original/PRD170937390521.jpg
SIR2-AME455,https://www.sevenfive.co.th/files/product/original/PRD17093738990.jpg
SIR2-AME454,https://www.sevenfive.co.th/files/product/original/PRD170937389892.jpg
SIR2-AME446,https://www.sevenfive.co.th/files/product/original/PRD170937389848.jpg
SIR2-AME444,https://www.sevenfive.co.th/files/product/original/PRD170937389721.jpg
SIR2-AME443,https://www.sevenfive.co.th/files/product/original/PRD170937389711.jpg
SIR2-AME420,https://www.sevenfive.co.th/files/product/original/PRD170937389262.jpg
SIR2-AME418,https://www.sevenfive.co.th/files/product/original/PRD170937389247.jpg
SIR2-AMC678,https://www.sevenfive.co.th/files/product/original/PRD170937388940.jpg
SIR2-AMC676,https://www.sevenfive.co.th/files/product/original/PRD170937388995.jpg
SIR2-AMC674,https://www.sevenfive.co.th/files/product/original/PRD170937388877.jpg
SIR2-AMA682,https://www.sevenfive.co.th/files/product/original/PRD170937388516.jpg
SIR2-AMA624,https://www.sevenfive.co.th/files/product/original/PRD170937388373.jpg
SIR2-60000000,https://www.sevenfive.co.th/files/product/original/PRD170937387396.jpg
SIR2-4.5-MM,https://www.sevenfive.co.th/files/product/original/PRD170937383973.jpg
SIR2-29561200,https://www.sevenfive.co.th/files/product/original/PRD176733687962.jpg
SIR2-29561100,https://www.sevenfive.co.th/files/product/original/PRD170937383621.jpg
SIR2-29530352L,https://www.sevenfive.co.th/files/product/original/PRD176733687959.jpg
SIR2-281542,https://www.sevenfive.co.th/files/product/original/PRD170937382918.jpg
SIR2-281532XLI,https://www.sevenfive.co.th/files/product/original/PRD170937382951.jpg
SIR2-281508X,https://www.sevenfive.co.th/files/product/original/PRD170937382895.jpg
SIR2-28123210,https://www.sevenfive.co.th/files/product/original/PRD170937382855.jpg
SIR2-28123203,https://www.sevenfive.co.th/files/product/original/PRD170937382783.jpg
SIR2-28113203X,https://www.sevenfive.co.th/files/product/original/PRD170937382716.jpg
SIR2-28112203X,https://www.sevenfive.co.th/files/product/original/PRD17093738264.jpg
SIR2-28111206X,https://www.sevenfive.co.th/files/product/original/PRD170937382532.jpg
SIR2-281112045X,https://www.sevenfive.co.th/files/product/original/PRD170937382425.jpg
SIR2-281108045X,https://www.sevenfive.co.th/files/product/original/PRD170937382482.jpg
SIR2-28103208X,https://www.sevenfive.co.th/files/product/original/PRD170937382376.jpg
SIR2-28102216X,https://www.sevenfive.co.th/files/product/original/PRD17093738226.jpg
SIR2-28102212X,https://www.sevenfive.co.th/files/product/original/PRD170937382235.jpg
SIR2-28101210X,https://www.sevenfive.co.th/files/product/original/PRD170937382091.jpg
SIR2-281012035X,https://www.sevenfive.co.th/files/product/original/PRD170937382079.jpg
SIR2-28100806X,https://www.sevenfive.co.th/files/product/original/PRD17093738192.jpg
SIR2-281008045X,https://www.sevenfive.co.th/files/product/original/PRD170937381990.jpg
SIR2-28100803X,https://www.sevenfive.co.th/files/product/original/PRD170937381842.jpg
SIR2-28045240,https://www.sevenfive.co.th/files/product/original/PRD170937381829.jpg
SIR2-28045202,https://www.sevenfive.co.th/files/product/original/PRD170937381826.jpg
SIR2-19801235,https://www.sevenfive.co.th/files/product/original/PRD170937381779.jpg
SIR2-19702100,https://www.sevenfive.co.th/files/product/original/PRD170937381346.jpg
SIR2-19700364,https://www.sevenfive.co.th/files/product/original/PRD170937381121.jpg
SIR2-19700307,https://www.sevenfive.co.th/files/product/original/PRD170937380893.jpg
SIR2-19700301,https://www.sevenfive.co.th/files/product/original/PRD170937380780.jpg
SIR2-19564029,https://www.sevenfive.co.th/files/product/original/PRD170937380381.jpg
SIR2-19563552LV,https://www.sevenfive.co.th/files/product/original/PRD17093737976.jpg
SIR2-19563213,https://www.sevenfive.co.th/files/product/original/PRD170937379555.jpg
SIR2-19563206,https://www.sevenfive.co.th/files/product/original/PRD170937379442.jpg
SIR2-19563001,https://www.sevenfive.co.th/files/product/original/PRD170937379141.jpg
SIR2-19562154,https://www.sevenfive.co.th/files/product/original/PRD170937375866.jpg
SIR2-19550203,https://www.sevenfive.co.th/files/product/original/PRD170937374880.jpg
SIR2-19540703,https://www.sevenfive.co.th/files/product/original/PRD170937374199.jpg
SIR2-19534028,https://www.sevenfive.co.th/files/product/original/PRD170937373447.jpg
SIR2-19530554,https://www.sevenfive.co.th/files/product/original/PRD170937372373.jpg
SIR2-19530540,https://www.sevenfive.co.th/files/product/original/PRD170937372210.jpg
SIR2-19525071,https://www.sevenfive.co.th/files/product/original/PRD170937371690.jpg
SIR2-19525070,https://www.sevenfive.co.th/files/product/original/PRD17093737152.jpg
SIR2-19522640,https://www.sevenfive.co.th/files/product/original/PRD170937371339.jpg
SIR2-19522600,https://www.sevenfive.co.th/files/product/original/PRD170937371145.jpg
SIR2-19521603,https://www.sevenfive.co.th/files/product/original/PRD170937371071.jpg
SIR2-19521115,https://www.sevenfive.co.th/files/product/original/PRD170937371067.jpg
SIR2-19513064,https://www.sevenfive.co.th/files/product/original/PRD170937370979.jpg
SIR2-19511956,https://www.sevenfive.co.th/files/product/original/PRD170937370995.jpg
SIR2-19511105,https://www.sevenfive.co.th/files/product/original/PRD170937370695.jpg
SIR2-195104012,https://www.sevenfive.co.th/files/product/original/PRD170937367629.jpg
SIR2-195104011,https://www.sevenfive.co.th/files/product/original/PRD170937367576.jpg
SIR2-19510232,https://www.sevenfive.co.th/files/product/original/PRD170937367477.jpg
SIR2-19510207,https://www.sevenfive.co.th/files/product/original/PRD17093736718.jpg
SIR2-19500466,https://www.sevenfive.co.th/files/product/original/PRD170937366683.jpg
SIR2-19500465.07,https://www.sevenfive.co.th/files/product/original/PRD170937366651.jpg
SIR2-19500101,https://www.sevenfive.co.th/files/product/original/PRD170937366332.jpg
SIR2-19415064,https://www.sevenfive.co.th/files/product/original/PRD170937366011.jpg
SIR2-19413964.07,https://www.sevenfive.co.th/files/product/original/PRD170937365914.jpg
SIR2-19411000,https://www.sevenfive.co.th/files/product/original/PRD170937365578.jpg
SIR2-19410201U,https://www.sevenfive.co.th/files/product/original/PRD176733687862.jpg
SIR2-19410201,https://www.sevenfive.co.th/files/product/original/PRD170937365120.jpg
SIR2-19400107L,https://www.sevenfive.co.th/files/product/original/PRD170937364269.jpg
SIR2-19400107A.11,https://www.sevenfive.co.th/files/product/original/PRD170937364212.jpg
SIR2-19400107,https://www.sevenfive.co.th/files/product/original/PRD170937364017.jpg
SIR2-19390406,https://www.sevenfive.co.th/files/product/original/PRD170937363938.jpg
SIR2-19390303,https://www.sevenfive.co.th/files/product/original/PRD170937363886.jpg
SIR2-19390134,https://www.sevenfive.co.th/files/product/original/PRD170937363723.jpg
SIR2-19390117,https://www.sevenfive.co.th/files/product/original/PRD170937363546.jpg
SIR2-19336073.08,https://www.sevenfive.co.th/files/product/original/PRD170937363159.jpg
SIR2-19336032,https://www.sevenfive.co.th/files/product/original/PRD170937362936.jpg
SIR2-19336005,https://www.sevenfive.co.th/files/product/original/PRD170937362719.jpg
SIR2-19335025,https://www.sevenfive.co.th/files/product/original/PRD170937362471.jpg
SIR2-19335023,https://www.sevenfive.co.th/files/product/original/PRD170937362372.jpg
SIR2-19335007,https://www.sevenfive.co.th/files/product/original/PRD17093736226.jpg
SIR2-19324106,https://www.sevenfive.co.th/files/product/original/PRD170937361792.jpg
SIR2-19320301,https://www.sevenfive.co.th/files/product/original/PRD170937361623.jpg
SIR2-19300401,https://www.sevenfive.co.th/files/product/original/PRD170937360269.jpg
SIR2-19300301,https://www.sevenfive.co.th/files/product/original/PRD170937360135.jpg
SIR2-19021332,https://www.sevenfive.co.th/files/product/original/PRD170937353655.jpg
SIR2-10000000,https://www.sevenfive.co.th/files/product/original/PRD170937353118.jpg
SAN2-70603,https://www.sevenfive.co.th/files/product/original/PRD175653906325.jpg
SAN2-70601,https://www.sevenfive.co.th/files/product/original/PRD175653906249.jpg
SAN2-70519,https://www.sevenfive.co.th/files/product/original/PRD175653906262.jpg
SAN2-68505,https://www.sevenfive.co.th/files/product/original/PRD175653905962.jpg
SAN2-65280,https://www.sevenfive.co.th/files/product/original/PRD17565390559.jpg
SAN2-65265,https://www.sevenfive.co.th/files/product/original/PRD175653905517.jpg
SAN2-65240,https://www.sevenfive.co.th/files/product/original/PRD175653905498.jpg
SAN2-11316N,https://www.sevenfive.co.th/files/product/original/PRD170937343558.jpg
SAN2-11306N,https://www.sevenfive.co.th/files/product/original/PRD170937343432.jpg
SAN2-11204NJ,https://www.sevenfive.co.th/files/product/original/PRD175653903051.jpg
SAN2-11204AJ,https://www.sevenfive.co.th/files/product/original/PRD170937343361.jpg
SAN2-11101,https://www.sevenfive.co.th/files/product/original/PRD170937343114.jpg
SAN2-10700,https://www.sevenfive.co.th/files/product/original/PRD175653902838.jpg
SAN2-09109,https://www.sevenfive.co.th/files/product/original/PRD170937342020.jpg
SAN2-06741,https://www.sevenfive.co.th/files/product/original/PRD170937341951.jpg
SAN2-06738,https://www.sevenfive.co.th/files/product/original/PRD170937341990.jpg
SAN2-06735,https://www.sevenfive.co.th/files/product/original/PRD170937341864.jpg
SAN2-06734,https://www.sevenfive.co.th/files/product/original/PRD17093734176.jpg
SAN2-06731,https://www.sevenfive.co.th/files/product/original/PRD170937341778.jpg
SAN2-06718,https://www.sevenfive.co.th/files/product/original/PRD170937341695.jpg
SAN2-06713,https://www.sevenfive.co.th/files/product/original/PRD170937341474.jpg
SAN2-06710,https://www.sevenfive.co.th/files/product/original/PRD170937341458.jpg
SAN2-06705,https://www.sevenfive.co.th/files/product/original/PRD17093734140.jpg
SAN2-06702,https://www.sevenfive.co.th/files/product/original/PRD170937341321.jpg
SAN2-06701,https://www.sevenfive.co.th/files/product/original/PRD170937341398.jpg
SAN2-06621,https://www.sevenfive.co.th/files/product/original/PRD170937341227.jpg
SAN2-06614,https://www.sevenfive.co.th/files/product/original/PRD170937341231.jpg
SAN2-06612,https://www.sevenfive.co.th/files/product/original/PRD170937341164.jpg
SAN2-06606,https://www.sevenfive.co.th/files/product/original/PRD170937341199.jpg
SAN2-06515,https://www.sevenfive.co.th/files/product/original/PRD170937341042.jpg
SAN2-06510,https://www.sevenfive.co.th/files/product/original/PRD170937341029.jpg
SAN2-06500,https://www.sevenfive.co.th/files/product/original/PRD170937340942.jpg
SAN2-06311,https://www.sevenfive.co.th/files/product/original/PRD170937340934.jpg
SAN2-06305,https://www.sevenfive.co.th/files/product/original/PRD170937340993.jpg
SAN2-06103,https://www.sevenfive.co.th/files/product/original/PRD170937340814.jpg
SAN2-01418,https://www.sevenfive.co.th/files/product/original/PRD170937340539.jpg
RTN2-3024.0201P,https://www.sevenfive.co.th/files/product/original/PRD170937333929.jpg
RON2-13753,https://www.sevenfive.co.th/files/product/original/PRD175653901351.jpg
RON2-123398,https://www.sevenfive.co.th/files/product/original/PRD175653901150.jpg
RON2-123178,https://www.sevenfive.co.th/files/product/original/PRD175653901115.jpg
RON2-122774T05,https://www.sevenfive.co.th/files/product/original/PRD175653916349.jpg
RON2-120667,https://www.sevenfive.co.th/files/product/original/PRD175653900977.jpg
RON2-120666,https://www.sevenfive.co.th/files/product/original/PRD175653900879.jpg
RON2-12054,https://www.sevenfive.co.th/files/product/original/PRD175653900773.jpg
RON2-10996,https://www.sevenfive.co.th/files/product/original/PRD175653900630.jpg
RON2-10661,https://www.sevenfive.co.th/files/product/original/PRD175653900511.jpg
RON2-10483,https://www.sevenfive.co.th/files/product/original/PRD175653900364.jpg
ROL2-SA18027,https://www.sevenfive.co.th/files/product/original/PRD170937324940.jpg
ROL2-SA18025,https://www.sevenfive.co.th/files/product/original/PRD170937324823.jpg
ROL2-SA06057,https://www.sevenfive.co.th/files/product/original/PRD170937324627.jpg
ROL2-SA06030,https://www.sevenfive.co.th/files/product/original/PRD170937324543.jpg
ROL2-SA03023,https://www.sevenfive.co.th/files/product/original/PRD170937324320.jpg
ROL2-SA03016,https://www.sevenfive.co.th/files/product/original/PRD170937324033.jpg
ROL2-INDUCTOR,https://www.sevenfive.co.th/files/product/original/PRD170937324057.jpg
ROL2-HEATER,https://www.sevenfive.co.th/files/product/original/PRD170937323988.jpg
ROL2-H04082G,https://www.sevenfive.co.th/files/product/original/PRD170937323995.jpg
ROL2-H03020,https://www.sevenfive.co.th/files/product/original/PRD170937323663.jpg
ROL2-F04008,https://www.sevenfive.co.th/files/product/original/PRD17093732057.jpg
ROL2-F01023,https://www.sevenfive.co.th/files/product/original/PRD170937320264.jpg
ROL2-E02257,https://www.sevenfive.co.th/files/product/original/PRD176561098338.jpg
ROL2-E02201,https://www.sevenfive.co.th/files/product/original/PRD170937320027.jpg
ROL2-E02180,https://www.sevenfive.co.th/files/product/original/PRD170937320017.jpg
ROL2-E01005,https://www.sevenfive.co.th/files/product/original/PRD170937318826.jpg
ROL2-D05080,https://www.sevenfive.co.th/files/product/original/PRD170937318543.jpg
ROL2-D04009,https://www.sevenfive.co.th/files/product/original/PRD170937318065.jpg
ROL2-D02141,https://www.sevenfive.co.th/files/product/original/PRD170937317127.jpg
ROL2-D02093,https://www.sevenfive.co.th/files/product/original/PRD170937316746.jpg
ROL2-D02018,https://www.sevenfive.co.th/files/product/original/PRD170937316422.jpg
ROL2-D02010,https://www.sevenfive.co.th/files/product/original/PRD170937316286.jpg
ROL2-D01003,https://www.sevenfive.co.th/files/product/original/PRD170937315935.jpg
ROL2-B07020,https://www.sevenfive.co.th/files/product/original/PRD170937315319.jpg
ROL2-B04039,https://www.sevenfive.co.th/files/product/original/PRD17093731310.jpg
ROL2-B04033,https://www.sevenfive.co.th/files/product/original/PRD17093731306.jpg
ROL2-B03004,https://www.sevenfive.co.th/files/product/original/PRD170937313092.jpg
ROL2-B03003,https://www.sevenfive.co.th/files/product/original/PRD170937312885.jpg
ROL2-A18028,https://www.sevenfive.co.th/files/product/original/PRD170937312593.jpg
ROL2-A18023,https://www.sevenfive.co.th/files/product/original/PRD170937312494.jpg
ROL2-A18013,https://www.sevenfive.co.th/files/product/original/PRD170937312285.jpg
ROL2-A18006,https://www.sevenfive.co.th/files/product/original/PRD170937312099.jpg
ROL2-A17008,https://www.sevenfive.co.th/files/product/original/PRD170937312055.jpg
ROL2-A17006,https://www.sevenfive.co.th/files/product/original/PRD170937311973.jpg
ROL2-A15037,https://www.sevenfive.co.th/files/product/original/PRD170937311676.jpg
ROL2-A15008,https://www.sevenfive.co.th/files/product/original/PRD170937310927.jpg
ROL2-A14042,https://www.sevenfive.co.th/files/product/original/PRD170937310633.jpg
ROL2-A08005,https://www.sevenfive.co.th/files/product/original/PRD170937309850.jpg
ROL2-A06044,https://www.sevenfive.co.th/files/product/original/PRD17093730906.jpg
ROL2-A06034,https://www.sevenfive.co.th/files/product/original/PRD170937308893.jpg
ROL2-A03050,https://www.sevenfive.co.th/files/product/original/PRD170937307528.jpg
ROL2-A03038,https://www.sevenfive.co.th/files/product/original/PRD170937307414.jpg
ROL2-A03025,https://www.sevenfive.co.th/files/product/original/PRD170937307448.jpg
ROL2-A03010(FC110E),https://www.sevenfive.co.th/files/product/original/PRD17093730726.jpg
ROL2-A02016,https://www.sevenfive.co.th/files/product/original/PRD170937306956.jpg
ROL2-A02015,https://www.sevenfive.co.th/files/product/original/PRD170937306889.jpg
ROL2-A02001,https://www.sevenfive.co.th/files/product/original/PRD170937306737.jpg
ROL2-A01006-1,https://www.sevenfive.co.th/files/product/original/PRD176561098360.jpg
ROL2-A01006,https://www.sevenfive.co.th/files/product/original/PRD170937306593.jpg
ROL2-801020,https://www.sevenfive.co.th/files/product/original/PRD170937306317.jpg
ROL2-601025,https://www.sevenfive.co.th/files/product/original/PRD170937305971.jpg
ROL2-45001,https://www.sevenfive.co.th/files/product/original/PRD170937302218.jpg
ROL2-402075,https://www.sevenfive.co.th/files/product/original/PRD170937302231.jpg
ROL2-402019,https://www.sevenfive.co.th/files/product/original/PRD170937302129.jpg
ROL2-401035,https://www.sevenfive.co.th/files/product/original/PRD17093730201.jpg
ROL2-401024,https://www.sevenfive.co.th/files/product/original/PRD17093730202.jpg
ROL2-37318,https://www.sevenfive.co.th/files/product/original/PRDa738c0156fc5d40e5c20be91421146a3.jpg
ROL2-37022,https://www.sevenfive.co.th/files/product/original/PRD170937301891.jpg
ROL2-304005,https://www.sevenfive.co.th/files/product/original/PRD170937301650.jpg
ROL2-207015,https://www.sevenfive.co.th/files/product/original/PRD170937301594.jpg
ROL2-207007,https://www.sevenfive.co.th/files/product/original/PRD17093730139.jpg
ROL2-118014,https://www.sevenfive.co.th/files/product/original/PRD17093730133.jpg
ROL2-117004,https://www.sevenfive.co.th/files/product/original/PRD170937301271.jpg
ROL2-106002,https://www.sevenfive.co.th/files/product/original/PRD170937301287.jpg
ROL2-000204020,https://www.sevenfive.co.th/files/product/original/PRD170937300735.jpg
ROE2-89767,https://www.sevenfive.co.th/files/product/original/PRD176622293188.jpg
ROE2-89544,https://www.sevenfive.co.th/files/product/original/PRD170937298715.jpg
ROE2-89406,https://www.sevenfive.co.th/files/product/original/PRD176067149230.jpg
ROE2-89239,https://www.sevenfive.co.th/files/product/original/PRD176067149288.jpg
ROE2-89233,https://www.sevenfive.co.th/files/product/original/PRD176067149121.jpg
ROE2-89231,https://www.sevenfive.co.th/files/product/original/PRD176067149145.jpg
ROE2-89168,https://www.sevenfive.co.th/files/product/original/PRD176622293084.jpg
ROE2-89148,https://www.sevenfive.co.th/files/product/original/PRD170937297663.jpg
ROE2-89146,https://www.sevenfive.co.th/files/product/original/PRD170937297663.jpg
ROE2-89043,https://www.sevenfive.co.th/files/product/original/PRD176067149123.jpg
ROE2-89001,https://www.sevenfive.co.th/files/product/original/PRD176622293079.jpg
ROE2-6204DU,https://www.sevenfive.co.th/files/product/original/PRD170937294263.jpg
ROE2-510217,https://www.sevenfive.co.th/files/product/original/PRD170937289293.jpg
ROE2-510212,https://www.sevenfive.co.th/files/product/original/PRD170937289232.jpg
ROE2-509091,https://www.sevenfive.co.th/files/product/original/PRD170937289181.jpg
ROE2-507198,https://www.sevenfive.co.th/files/product/original/PRD170937288617.jpg
ROE2-507075,https://www.sevenfive.co.th/files/product/original/PRD170937288560.jpg
ROE2-503092,https://www.sevenfive.co.th/files/product/original/PRD170937288153.jpg
ROE2-502174,https://www.sevenfive.co.th/files/product/original/PRD170937288024.jpg
ROE2-502173,https://www.sevenfive.co.th/files/product/original/PRD170937288019.jpg
ROE2-39827,https://www.sevenfive.co.th/files/product/original/PRD170937279686.jpg
ROE2-39067,https://www.sevenfive.co.th/files/product/original/PRD17093727392.jpg
ROE2-39062,https://www.sevenfive.co.th/files/product/original/PRD170937273928.jpg
ROE2-39061,https://www.sevenfive.co.th/files/product/original/PRD170937273845.jpg
ROE2-39058,https://www.sevenfive.co.th/files/product/original/PRD170937273817.jpg
ROE2-39057,https://www.sevenfive.co.th/files/product/original/PRD170937273754.jpg
ROE2-39056,https://www.sevenfive.co.th/files/product/original/PRD17093727379.jpg
ROE2-39055,https://www.sevenfive.co.th/files/product/original/PRD170937273722.jpg
ROE2-39022S,https://www.sevenfive.co.th/files/product/original/PRD170937273663.jpg
ROE2-3202S,https://www.sevenfive.co.th/files/product/original/PRD170937273591.jpg
ROE2-303161S,https://www.sevenfive.co.th/files/product/original/PRD17606714900.jpg
ROE2-303093,https://www.sevenfive.co.th/files/product/original/PRD170937273110.jpg
ROE2-303082,https://www.sevenfive.co.th/files/product/original/PRD170937273077.jpg
ROE2-303076,https://www.sevenfive.co.th/files/product/original/PRD170937273058.jpg
ROE2-303051,https://www.sevenfive.co.th/files/product/original/PRD176067149068.jpg
ROE2-302033,https://www.sevenfive.co.th/files/product/original/PRD170937270851.jpg
ROE2-302007,https://www.sevenfive.co.th/files/product/original/PRD17093727081.jpg
ROE2-302006,https://www.sevenfive.co.th/files/product/original/PRD170937270792.jpg
ROE2-29941,https://www.sevenfive.co.th/files/product/original/PRD170937270640.jpg
ROE2-29767,https://www.sevenfive.co.th/files/product/original/PRD17093727000.jpg
ROE2-29761,https://www.sevenfive.co.th/files/product/original/PRD170937269948.jpg
ROE2-29581,https://www.sevenfive.co.th/files/product/original/PRD17093726964.jpg
ROE2-29554,https://www.sevenfive.co.th/files/product/original/PRD170937269596.jpg
ROE2-29553,https://www.sevenfive.co.th/files/product/original/PRD170937269483.jpg
ROE2-29547,https://www.sevenfive.co.th/files/product/original/PRD170937269362.jpg
ROE2-29512,https://www.sevenfive.co.th/files/product/original/PRD170937269180.jpg
ROE2-29486,https://www.sevenfive.co.th/files/product/original/PRD170937268920.jpg
ROE2-29451,https://www.sevenfive.co.th/files/product/original/PRD170937268921.jpg
ROE2-29352,https://www.sevenfive.co.th/files/product/original/PRD170937268584.jpg
ROE2-29335,https://www.sevenfive.co.th/files/product/original/PRD170937268435.jpg
ROE2-29031,https://www.sevenfive.co.th/files/product/original/PRD170937264036.jpg
ROE2-27075,https://www.sevenfive.co.th/files/product/original/PRD170937262228.jpg
ROE2-27019,https://www.sevenfive.co.th/files/product/original/PRD170937262059.jpg
ROE2-203132,https://www.sevenfive.co.th/files/product/original/PRD170937258539.jpg
ROE2-203109,https://www.sevenfive.co.th/files/product/original/PRD17093725855.jpg
ROE2-203108,https://www.sevenfive.co.th/files/product/original/PRD170937258452.jpg
ROE2-203107,https://www.sevenfive.co.th/files/product/original/PRD170937258429.jpg
ROE2-203080,https://www.sevenfive.co.th/files/product/original/PRD170937258378.jpg
ROE2-129451,https://www.sevenfive.co.th/files/product/original/PRD170937257965.jpg
ROE2-118512,https://www.sevenfive.co.th/files/product/original/PRD17093725731.jpg
ROE2-118373,https://www.sevenfive.co.th/files/product/original/PRD170937257192.jpg
ROE2-117809,https://www.sevenfive.co.th/files/product/original/PRD170937256510.jpg
ROE2-117187,https://www.sevenfive.co.th/files/product/original/PRD170937251739.jpg
ROE2-117106S,https://www.sevenfive.co.th/files/product/original/PRD170937251683.jpg
ROE2-117073,https://www.sevenfive.co.th/files/product/original/PRD17093725138.jpg
ROE2-109164,https://www.sevenfive.co.th/files/product/original/PRD17093725073.jpg
ROE2-104925S,https://www.sevenfive.co.th/files/product/original/PRD176067148873.jpg
ROE2-104207,https://www.sevenfive.co.th/files/product/original/PRD170937250464.jpg
ROE2-104178,https://www.sevenfive.co.th/files/product/original/PRD170937250333.jpg
ROE2-103183,https://www.sevenfive.co.th/files/product/original/PRD170937249764.jpg
ROE2-102963,https://www.sevenfive.co.th/files/product/original/PRD170937249751.jpg
ROE2-102958,https://www.sevenfive.co.th/files/product/original/PRD170937249627.jpg
ROE2-102880,https://www.sevenfive.co.th/files/product/original/PRD170937249350.jpg
ROE2-102816,https://www.sevenfive.co.th/files/product/original/PRD170937249210.jpg
ROE2-102573,https://www.sevenfive.co.th/files/product/original/PRD170937249088.jpg
ROE2-102572,https://www.sevenfive.co.th/files/product/original/PRD170937248947.jpg
ROE2-101097,https://www.sevenfive.co.th/files/product/original/PRD170937244677.jpg
ROE2-100638,https://www.sevenfive.co.th/files/product/original/PRD170937243835.jpg
ROE2-100106,https://www.sevenfive.co.th/files/product/original/PRD170937243612.jpg
ROB2-TS0020,https://www.sevenfive.co.th/files/product/original/PRD170937239740.jpg
ROB2-TC0037,https://www.sevenfive.co.th/files/product/original/PRD170937239212.jpg
ROB2-SC0038,https://www.sevenfive.co.th/files/product/original/PRD170937238495.jpg
ROB2-PC0071,https://www.sevenfive.co.th/files/product/original/PRD170937237098.jpg
ROB2-PC0014,https://www.sevenfive.co.th/files/product/original/PRD170937236711.jpg
ROB2-MS0539,https://www.sevenfive.co.th/files/product/original/PRD170937236647.jpg
ROB2-MS0014,https://www.sevenfive.co.th/files/product/original/PRD170937236180.jpg
ROB2-MC0293,https://www.sevenfive.co.th/files/product/original/PRD170937233068.jpg
ROB2-LT10-05,https://www.sevenfive.co.th/files/product/original/PRD170937231861.jpg
ROB2-HS0002,https://www.sevenfive.co.th/files/product/original/PRD170937231530.jpg
ROB2-HC0041,https://www.sevenfive.co.th/files/product/original/PRD170937230590.jpg
ROB2-ES0280,https://www.sevenfive.co.th/files/product/original/PRD170937229343.jpg
ROB2-ES0163,https://www.sevenfive.co.th/files/product/original/PRD170937228849.jpg
ROB2-EC0044,https://www.sevenfive.co.th/files/product/original/PRD17093722726.jpg
PMF2-7P010200,https://www.sevenfive.co.th/files/product/original/PRD176181725718.jpg
PMF2-5S010050,https://www.sevenfive.co.th/files/product/original/PRD176181725645.jpg
PMF2-5M010501,https://www.sevenfive.co.th/files/product/original/PRD176181725646.jpg
PMF2-5I100006,https://www.sevenfive.co.th/files/product/original/PRD176181725598.jpg
PMF2-5I100005,https://www.sevenfive.co.th/files/product/original/PRD176181725528.jpg
PMF2-5C020133,https://www.sevenfive.co.th/files/product/original/PRD17618172553.jpg
PIT2-60127301,https://www.sevenfive.co.th/files/product/original/PRD170937203720.jpg
PIM2-TC22-DP4.5,https://www.sevenfive.co.th/files/product/original/PRD175738876994.jpg
PIM2-TC22-DP4,https://www.sevenfive.co.th/files/product/original/PRD175738876827.jpg
PIM2-TC22-DP3.5,https://www.sevenfive.co.th/files/product/original/PRD175738876699.jpg
PIM2-TC22-20,https://www.sevenfive.co.th/files/product/original/PRD175738876282.jpg
PIM2-TC12-DP4.5,https://www.sevenfive.co.th/files/product/original/PRD17573887617.jpg
PIM2-TC12-DP4,https://www.sevenfive.co.th/files/product/original/PRD175738876075.jpg
PIM2-TC12-DP3.5,https://www.sevenfive.co.th/files/product/original/PRD175738875985.jpg
PIM2-TC12-26,https://www.sevenfive.co.th/files/product/original/PRD175738875859.jpg
PIM2-TC12-22-38,https://www.sevenfive.co.th/files/product/original/PRD175738875674.jpg
PIM2-TC12-22-35,https://www.sevenfive.co.th/files/product/original/PRD17573887502.jpg
PIM2-TC12-22-34,https://www.sevenfive.co.th/files/product/original/PRD175738874230.jpg
PIM2-TC12-22-32,https://www.sevenfive.co.th/files/product/original/PRD175738873962.jpg
PIM2-TC12-22-30,https://www.sevenfive.co.th/files/product/original/PRD175738873881.jpg
PIM2-TC12-22-22,https://www.sevenfive.co.th/files/product/original/PRD175738873338.jpg
PIM2-TC12-22-19,https://www.sevenfive.co.th/files/product/original/PRD17573887307.jpg
PIM2-TC12-22-14,https://www.sevenfive.co.th/files/product/original/PRD175835900827.jpg
PIM2-PIPE,https://www.sevenfive.co.th/files/product/original/PRD175738872766.jpg
PIM2-PFB16SC-010,https://www.sevenfive.co.th/files/product/original/PRD175738872631.jpg
PIM2-PFB16SC-009,https://www.sevenfive.co.th/files/product/original/PRD175738872517.jpg
PIM2-PFB16SC-004,https://www.sevenfive.co.th/files/product/original/PRD175738872020.jpg
PIM2-PFB16SC-003,https://www.sevenfive.co.th/files/product/original/PRD175738871834.jpg
PIM2-PFB16SC-002,https://www.sevenfive.co.th/files/product/original/PRD175738871798.jpg
PIM2-PFB14-DR,https://www.sevenfive.co.th/files/product/original/PRDdceb4d9a1502d3862a350a7f75d2fd0d.jpg
PIM2-KSD301-CR130,https://www.sevenfive.co.th/files/product/original/PRD175522614739.jpg
PIM2-KSD301-C160,https://www.sevenfive.co.th/files/product/original/PRD17093719288.jpg
PIM2-EWB30-21-26,https://www.sevenfive.co.th/files/product/original/PRD170937192452.jpg
PIM2-EWB20-30-14,https://www.sevenfive.co.th/files/product/original/PRD175522593377.jpg
PIM2-EWB20-30-32,https://www.sevenfive.co.th/files/product/original/PRD17552259744.jpg
PIM2-EWB20-30-31,https://www.sevenfive.co.th/files/product/original/PRD175522596621.jpg
PIM2-EWB20-30-27,https://www.sevenfive.co.th/files/product/original/PRD175522595273.jpg
PIM2-EWB20-30-17,https://www.sevenfive.co.th/files/product/original/PRD17552259434.jpg
PIM2-ECM16-30-33,https://www.sevenfive.co.th/files/product/original/PRD175522584749.jpg
PIM2-ECM16-29,https://www.sevenfive.co.th/files/product/original/PRD175522583815.jpg
PIM2-CF7-103-MOS,https://www.sevenfive.co.th/files/product/original/PRD170937190888.jpg
NTS2-WDV-05,https://www.sevenfive.co.th/files/product/original/PRD175637487058.jpg
NTS2-WDV-03,https://www.sevenfive.co.th/files/product/original/PRD175637487080.jpg
NTS2-VP-08,https://www.sevenfive.co.th/files/product/original/PRD175522467644.jpg
NTS2-MBM-175-64,https://www.sevenfive.co.th/files/product/original/PRD175637486952.jpg
NTS2-MBM-175-63,https://www.sevenfive.co.th/files/product/original/PRD175637486967.jpg
NTS2-L290061049,https://www.sevenfive.co.th/files/product/original/PRD175637486854.jpg
NTS2-JD-5LS-LID,https://www.sevenfive.co.th/files/product/original/PRD175637486873.jpg
NTS2-HLRL-SG,https://www.sevenfive.co.th/files/product/original/PRD175637486738.jpg
NTS2-HLRL-DG,https://www.sevenfive.co.th/files/product/original/PRD175637486698.jpg
NTS2-HL-103,https://www.sevenfive.co.th/files/product/original/PRD176759298696.jpg
NTS2-HL-011,https://www.sevenfive.co.th/files/product/original/PRD176759298498.jpg
NTS2-FM30-005,https://www.sevenfive.co.th/files/product/original/PRD170937181537.jpg
NTS2-EWB-37-024,https://www.sevenfive.co.th/files/product/original/PRD175637486467.jpg
MID2-M9608,https://www.sevenfive.co.th/files/product/original/PRD170937174064.jpg
MID2-72797,https://www.sevenfive.co.th/files/product/original/PRD170937170145.jpg
MID2-70884,https://www.sevenfive.co.th/files/product/original/PRD170937169745.jpg
MID2-70852,https://www.sevenfive.co.th/files/product/original/PRD170937169629.jpg
MID2-69582,https://www.sevenfive.co.th/files/product/original/PRD170937169429.jpg
MID2-69533,https://www.sevenfive.co.th/files/product/original/PRD170937169489.jpg
MID2-69079,https://www.sevenfive.co.th/files/product/original/PRD170937169279.jpg
MID2-66065,https://www.sevenfive.co.th/files/product/original/PRD170937168469.jpg
MID2-65756,https://www.sevenfive.co.th/files/product/original/PRD170937168227.jpg
MID2-65565,https://www.sevenfive.co.th/files/product/original/PRD170937168082.jpg
MID2-62288,https://www.sevenfive.co.th/files/product/original/PRD170937167737.jpg
MID2-60941,https://www.sevenfive.co.th/files/product/original/PRD170937167443.jpg
MID2-60190,https://www.sevenfive.co.th/files/product/original/PRD170937167038.jpg
MID2-59132,https://www.sevenfive.co.th/files/product/original/PRD170937166420.jpg
MID2-58669,https://www.sevenfive.co.th/files/product/original/PRD170937166484.jpg
MID2-44568,https://www.sevenfive.co.th/files/product/original/PRD170937161997.jpg
MBM2-RTBF800192,https://www.sevenfive.co.th/files/product/original/PRD17660479641.jpg
LKK2-TAP-(WGF-181),https://www.sevenfive.co.th/files/product/original/PRD175653893273.jpg
LKK2-SWITCH-P(B5B),https://www.sevenfive.co.th/files/product/original/PRD175653893141.jpg
LKK2-SWITCH-P(B10),https://www.sevenfive.co.th/files/product/original/PRD175653893080.jpg
LKK2-SWITCH-HIGH,https://www.sevenfive.co.th/files/product/original/PRD175653892899.jpg
LKK2-STOP-BOTTON(B),https://www.sevenfive.co.th/files/product/original/PRD17565389278.jpg
LKK2-START-BOTTON(B),https://www.sevenfive.co.th/files/product/original/PRD175653892640.jpg
LKK2-SIGHT-GLASS-10,https://www.sevenfive.co.th/files/product/original/PRD175653892458.jpg
LKK2-SELECTOR,https://www.sevenfive.co.th/files/product/original/PRD175653892381.jpg
LKK2-SEAL-BODY,https://www.sevenfive.co.th/files/product/original/PRD175653892347.jpg
LKK2-SB6-03,https://www.sevenfive.co.th/files/product/original/PRD175653892256.jpg
LKK2-RIGHT-SIDE-PANEL-RED,https://www.sevenfive.co.th/files/product/original/PRD175653891995.jpg
LKK2-RHX-12-10,https://www.sevenfive.co.th/files/product/original/PRD175653891828.jpg
LKK2-RG12-5-16,https://www.sevenfive.co.th/files/product/original/PRD175653891799.jpg
LKK2-QS503A-08-04,https://www.sevenfive.co.th/files/product/original/PRD175653891669.jpg
LKK2-QS503A(NO.2),https://www.sevenfive.co.th/files/product/original/PRD175653891532.jpg
LKK2-QS503A(NO.12),https://www.sevenfive.co.th/files/product/original/PRD175653891551.jpg
LKK2-QM2,https://www.sevenfive.co.th/files/product/original/PRD175653891553.jpg
LKK2-PLATE-6(TC22),https://www.sevenfive.co.th/files/product/original/PRD175653891140.jpg
LKK2-PLATE-3.5(TC12I),https://www.sevenfive.co.th/files/product/original/PRD175653891066.jpg
LKK2-PILOT-LIGHT-G,https://www.sevenfive.co.th/files/product/original/PRD175653890864.jpg
LKK2-PCP041,https://www.sevenfive.co.th/files/product/original/PRD175653890627.jpg
LKK2-PCP040B,https://www.sevenfive.co.th/files/product/original/PRD175653890655.jpg
LKK2-PCP035,https://www.sevenfive.co.th/files/product/original/PRD175653890534.jpg
LKK2-WIRE-WHIP(B50),https://www.sevenfive.co.th/files/product/original/PRD175653897370.jpg
LKK2-TSP520-52,https://www.sevenfive.co.th/files/product/original/PRD175653896934.jpg
LKK2-TSP520-30-2,https://www.sevenfive.co.th/files/product/original/PRD175653896887.jpg
LKK2-TRANSDUCER,https://www.sevenfive.co.th/files/product/original/PRD175653896879.jpg
LKK2-TQ5-20,https://www.sevenfive.co.th/files/product/original/PRD175653896550.jpg
LKK2-TQ5-19-3,https://www.sevenfive.co.th/files/product/original/PRD175653896485.jpg
LKK2-TQ5-19-1,https://www.sevenfive.co.th/files/product/original/PRD175653896374.jpg
LKK2-TQ5-12,https://www.sevenfive.co.th/files/product/original/PRD175653896244.jpg
LKK2-TOGGLE-SWITCH,https://www.sevenfive.co.th/files/product/original/PRD175653896173.jpg
LKK2-TJ32-06,https://www.sevenfive.co.th/files/product/original/PRD175653896199.jpg
LKK2-THERMOSTAT(PL2)-220V,https://www.sevenfive.co.th/files/product/original/PRD175653894872.jpg
LKK2-THERMOSTAT(GX10),https://www.sevenfive.co.th/files/product/original/PRD175653894689.jpg
LKK2-TEMP(LK-PL),https://www.sevenfive.co.th/files/product/original/PRD175653894376.jpg
LKK2-TC25-47-7,https://www.sevenfive.co.th/files/product/original/PRD175653894129.jpg
LKK2-JG-210-07-(2.5-CM),https://www.sevenfive.co.th/files/product/original/PRD175653887252.jpg
LKK2-IND350S-13,https://www.sevenfive.co.th/files/product/original/PRD175653885050.jpg
LKK2-IND350S-1,https://www.sevenfive.co.th/files/product/original/PRD175653885116.jpg
LKK2-IND300-12,https://www.sevenfive.co.th/files/product/original/PRD175653883280.jpg
LKK2-IMER-BELT,https://www.sevenfive.co.th/files/product/original/PRD175653882453.jpg
LKK2-HWH25-08,https://www.sevenfive.co.th/files/product/original/PRD17565388231.jpg
LKK2-HWH25-04-06,https://www.sevenfive.co.th/files/product/original/PRD175653882378.jpg
LKK2-HWH25-03-02,https://www.sevenfive.co.th/files/product/original/PRD175653882242.jpg
LKK2-HWH25-02,https://www.sevenfive.co.th/files/product/original/PRD175653882231.jpg
LKK2-HS40A-31,https://www.sevenfive.co.th/files/product/original/PRD175653881836.jpg
LKK2-HS30D-19-1,https://www.sevenfive.co.th/files/product/original/PRD175653881766.jpg
LKK2-HS30A-32,https://www.sevenfive.co.th/files/product/original/PRD17565388177.jpg
LKK2-HS30-19-2,https://www.sevenfive.co.th/files/product/original/PRD175653881655.jpg
LKK2-HS20-12,https://www.sevenfive.co.th/files/product/original/PRD175653881699.jpg
LKK2-HEATER(MW-2),https://www.sevenfive.co.th/files/product/original/PRD175653881185.jpg
LKK2-GH4-692-67-38,https://www.sevenfive.co.th/files/product/original/PRD175653880965.jpg
LKK2-GB893.2-8,https://www.sevenfive.co.th/files/product/original/PRD175653880793.jpg
LKK2-GB893.1-86,https://www.sevenfive.co.th/files/product/original/PRD175653880718.jpg
LKK2-GB892-86,https://www.sevenfive.co.th/files/product/original/PRD175653880695.jpg
LKK2-GB1243.1-83(HS50)B,https://www.sevenfive.co.th/files/product/original/PRD175653880450.jpg
LKK2-GB1243.1-83(HS30)T,https://www.sevenfive.co.th/files/product/original/PRD175653880339.jpg
LKK2-PCP030,https://www.sevenfive.co.th/files/product/original/PRD17565389040.jpg
LKK2-PCP022,https://www.sevenfive.co.th/files/product/original/PRD175653890299.jpg
LKK2-PCP019A,https://www.sevenfive.co.th/files/product/original/PRD170937088686.jpg
LKK2-MOTOR(RG),https://www.sevenfive.co.th/files/product/original/PRD175653889552.jpg
LKK2-MICRO(M20A),https://www.sevenfive.co.th/files/product/original/PRD175653889421.jpg
LKK2-MICRO-SWITCH(WF-171),https://www.sevenfive.co.th/files/product/original/PRD175653897153.jpg
LKK2-LK-LEO-BOILER-SENSOR,https://www.sevenfive.co.th/files/product/original/PRD175653888943.jpg
LKK2-LK-LEO-36#8,https://www.sevenfive.co.th/files/product/original/PRD175653888980.jpg
LKK2-LK-LEO-36#21,https://www.sevenfive.co.th/files/product/original/PRD175653888859.jpg
LKK2-LK-LEO-36#16,https://www.sevenfive.co.th/files/product/original/PRD175653888896.jpg
LKK2-LK-LEO-36#15,https://www.sevenfive.co.th/files/product/original/PRD175653888720.jpg
LKK2-LK-GDO-9,https://www.sevenfive.co.th/files/product/original/PRD175653888799.jpg
LKK2-LK-GDO-22,https://www.sevenfive.co.th/files/product/original/PRD175653888636.jpg
LKK2-LK-GDO-20,https://www.sevenfive.co.th/files/product/original/PRD175653888548.jpg
LKK2-LK-GDO-17,https://www.sevenfive.co.th/files/product/original/PRD175653888588.jpg
LKK2-LK-GDO-16,https://www.sevenfive.co.th/files/product/original/PRD17565388843.jpg
LKK2-LK-GDO-15,https://www.sevenfive.co.th/files/product/original/PRD175653888468.jpg
LKK2-LK-EDO-17,https://www.sevenfive.co.th/files/product/original/PRD175653888366.jpg
LKK2-LIMIT-SWITCH,https://www.sevenfive.co.th/files/product/original/PRD175653888210.jpg
LKK2-LD900,https://www.sevenfive.co.th/files/product/original/PRD175653888170.jpg
LKK2-LD=710,https://www.sevenfive.co.th/files/product/original/PRD17565388828.jpg
LKK2-LAY3-10M-1,https://www.sevenfive.co.th/files/product/original/PRD175653888040.jpg
LKK2-KNOB-TI(EF-101),https://www.sevenfive.co.th/files/product/original/PRD175653887630.jpg
LKK2-KNOB-TI,https://www.sevenfive.co.th/files/product/original/PRD175653887789.jpg
LKK2-B20(K)-BOWL,https://www.sevenfive.co.th/files/product/original/PRD175653870953.jpg
LKK2-B15(K)-94,https://www.sevenfive.co.th/files/product/original/PRD175653869847.jpg
LKK2-B15(K)-83,https://www.sevenfive.co.th/files/product/original/PRD175653869751.jpg
LKK2-B15(K)-26,https://www.sevenfive.co.th/files/product/original/PRD175653869773.jpg
LKK2-B15(K)-25,https://www.sevenfive.co.th/files/product/original/PRD175653869667.jpg
LKK2-B15(K)-23,https://www.sevenfive.co.th/files/product/original/PRD17565386951.jpg
LKK2-B15(K)-101,https://www.sevenfive.co.th/files/product/original/PRD175653869515.jpg
LKK2-B10-06,https://www.sevenfive.co.th/files/product/original/PRD175653869393.jpg
LKK2-B10-01-28,https://www.sevenfive.co.th/files/product/original/PRD175653869355.jpg
LKK2-B10-01-25,https://www.sevenfive.co.th/files/product/original/PRD175653869089.jpg
LKK2-B10-01-24,https://www.sevenfive.co.th/files/product/original/PRD175653869022.jpg
LKK2-B10-01-23,https://www.sevenfive.co.th/files/product/original/PRD175653868978.jpg
LKK2-B10-01-03,https://www.sevenfive.co.th/files/product/original/PRD175653868491.jpg
LKK2-B10-01-02,https://www.sevenfive.co.th/files/product/original/PRD175653868422.jpg
LKK2-6206Z,https://www.sevenfive.co.th/files/product/original/PRD175653868372.jpg
LKK2-60X80X10,https://www.sevenfive.co.th/files/product/original/PRD175653868226.jpg
LKK2-60-UF,https://www.sevenfive.co.th/files/product/original/PRD175653867892.jpg
LKK2-56,https://www.sevenfive.co.th/files/product/original/PRD17565386788.jpg
LKK2-300MFS-220-250VAC,https://www.sevenfive.co.th/files/product/original/PRD175653867598.jpg
LKK2-28(EPC-6T),https://www.sevenfive.co.th/files/product/original/PRD175653867469.jpg
LKK2-263,https://www.sevenfive.co.th/files/product/original/PRD175653867259.jpg
LKK2-26,https://www.sevenfive.co.th/files/product/original/PRD175653867313.jpg
LKK2-259,https://www.sevenfive.co.th/files/product/original/PRD175653867070.jpg
LKK2-250,https://www.sevenfive.co.th/files/product/original/PRD175653866957.jpg
LKK2-246,https://www.sevenfive.co.th/files/product/original/PRD175653866897.jpg
LKK2-245,https://www.sevenfive.co.th/files/product/original/PRD175653866824.jpg
LKK2-20XB-32B,https://www.sevenfive.co.th/files/product/original/PRD175653866660.jpg
LKK2-16-(BM-63),https://www.sevenfive.co.th/files/product/original/PRD175653866483.jpg
LKK2-15,https://www.sevenfive.co.th/files/product/original/PRD175653866310.jpg
LKK2-014-300L,https://www.sevenfive.co.th/files/product/original/PRD175653866212.jpg
LKK2-010-300L,https://www.sevenfive.co.th/files/product/original/PRD175653866273.jpg
LKK2-008-300L,https://www.sevenfive.co.th/files/product/original/PRD175653866140.jpg
LKK2-002-300L,https://www.sevenfive.co.th/files/product/original/PRD175653866174.jpg
LKK2-001-300L,https://www.sevenfive.co.th/files/product/original/PRD175653866036.jpg
LKK2-00005,https://www.sevenfive.co.th/files/product/original/PRD175653866093.jpg
LIN2-TU54,https://www.sevenfive.co.th/files/product/original/PRD170937069811.jpg
LIN2-TI15,https://www.sevenfive.co.th/files/product/original/PRD170937069466.jpg
LIN2-TH35,https://www.sevenfive.co.th/files/product/original/PRD170937068867.jpg
LIN2-TH32,https://www.sevenfive.co.th/files/product/original/PRD170937068794.jpg
LIN2-TH14,https://www.sevenfive.co.th/files/product/original/PRD170937068750.jpg
LIN2-TH11,https://www.sevenfive.co.th/files/product/original/PRD170937068612.jpg
LIN2-SW58,https://www.sevenfive.co.th/files/product/original/PRD175653865831.jpg
LIN2-SW43,https://www.sevenfive.co.th/files/product/original/PRD17093706755.jpg
LIN2-SW28,https://www.sevenfive.co.th/files/product/original/PRD170937067273.jpg
LIN2-SW27,https://www.sevenfive.co.th/files/product/original/PRD170937067039.jpg
LIN2-SW11,https://www.sevenfive.co.th/files/product/original/PRD170937066846.jpg
LIN2-S-R0079,https://www.sevenfive.co.th/files/product/original/PRD170937066710.jpg
LIN2-OL01,https://www.sevenfive.co.th/files/product/original/PRD170937066013.jpg
LIN2-OCN01,https://www.sevenfive.co.th/files/product/original/PRD17635421288.jpg
LIN2-NE26,https://www.sevenfive.co.th/files/product/original/PRD170937065889.jpg
LIN2-NE20,https://www.sevenfive.co.th/files/product/original/PRD170937065775.jpg
LIN2-NE19,https://www.sevenfive.co.th/files/product/original/PRD170937065738.jpg
LIN2-NE18,https://www.sevenfive.co.th/files/product/original/PRD170937065637.jpg
LIN2-M011,https://www.sevenfive.co.th/files/product/original/PRD170937065523.jpg
LIN2-LA14,https://www.sevenfive.co.th/files/product/original/PRD170937065214.jpg
LIN2-LA10,https://www.sevenfive.co.th/files/product/original/PRD176354212898.jpg
LIN2-KS19,https://www.sevenfive.co.th/files/product/original/PRD170937065023.jpg
LIN2-KS09,https://www.sevenfive.co.th/files/product/original/PRD170937064977.jpg
LIN2-KN97,https://www.sevenfive.co.th/files/product/original/PRD170937064899.jpg
LIN2-KN59,https://www.sevenfive.co.th/files/product/original/PRD170937064525.jpg
LIN2-KN52,https://www.sevenfive.co.th/files/product/original/PRD170937064413.jpg
LIN2-KN178,https://www.sevenfive.co.th/files/product/original/PRD170937063630.jpg
LIN2-KN03,https://www.sevenfive.co.th/files/product/original/PRD170937063236.jpg
LIN2-HI15,https://www.sevenfive.co.th/files/product/original/PRD170937060011.jpg
LIN2-HI103,https://www.sevenfive.co.th/files/product/original/PRD170937059984.jpg
LIN2-HA96,https://www.sevenfive.co.th/files/product/original/PRD170937059811.jpg
LIN2-HA80,https://www.sevenfive.co.th/files/product/original/PRD170937059782.jpg
LIN2-FE15,https://www.sevenfive.co.th/files/product/original/PRD170937059443.jpg
LIN2-FC02,https://www.sevenfive.co.th/files/product/original/PRD170937059227.jpg
LIN2-EL75,https://www.sevenfive.co.th/files/product/original/PRD170937058777.jpg
LIN2-EL18,https://www.sevenfive.co.th/files/product/original/PRD170937057275.jpg
LIN2-EL13,https://www.sevenfive.co.th/files/product/original/PRD170937056751.jpg
LIN2-EL101,https://www.sevenfive.co.th/files/product/original/PRD170937056535.jpg
LIN2-DK08,https://www.sevenfive.co.th/files/product/original/PRD170937056260.jpg
LIN2-CP11,https://www.sevenfive.co.th/files/product/original/PRD170937056183.jpg
LIN2-CO111,https://www.sevenfive.co.th/files/product/original/PRD170937056027.jpg
LIN2-CIBO-TT,https://www.sevenfive.co.th/files/product/original/PRD176354212653.jpg
LIN2-BU47,https://www.sevenfive.co.th/files/product/original/PRD170937055860.jpg
LIN2-BA91,https://www.sevenfive.co.th/files/product/original/PRD17635421266.jpg
LIN2-BA77,https://www.sevenfive.co.th/files/product/original/PRD170937055449.jpg
LIN2-BA15,https://www.sevenfive.co.th/files/product/original/PRD170937055436.jpg
LAC2-4529134991,https://www.sevenfive.co.th/files/product/original/PRD170937040194.jpg
JTA2-30314540017,https://www.sevenfive.co.th/files/product/original/PRD175651949188.jpg
JTA2-302070234,https://www.sevenfive.co.th/files/product/original/PRD17565194676.jpg
JTA2-302070090,https://www.sevenfive.co.th/files/product/original/PRD175651946433.jpg
JTA2-302070039,https://www.sevenfive.co.th/files/product/original/PRD17565194621.jpg
JTA2-302060648,https://www.sevenfive.co.th/files/product/original/PRD175651946130.jpg
JTA2-302050078,https://www.sevenfive.co.th/files/product/original/PRD175651945948.jpg
JTA2-302050051,https://www.sevenfive.co.th/files/product/original/PRD175651945741.jpg
JTA2-302050045,https://www.sevenfive.co.th/files/product/original/PRD175522442464.jpg
JTA2-302030045,https://www.sevenfive.co.th/files/product/original/PRD175651945429.jpg
JTA2-302030014,https://www.sevenfive.co.th/files/product/original/PRD175651945239.jpg
JTA2-302020360,https://www.sevenfive.co.th/files/product/original/PRD17565194516.jpg
JTA2-302020289,https://www.sevenfive.co.th/files/product/original/PRD175651945156.jpg
JTA2-302020277,https://www.sevenfive.co.th/files/product/original/PRD175651945072.jpg
JTA2-302020266,https://www.sevenfive.co.th/files/product/original/PRD175651944919.jpg
JTA2-302020217,https://www.sevenfive.co.th/files/product/original/PRD175651944810.jpg
JTA2-302020169,https://www.sevenfive.co.th/files/product/original/PRD175651944722.jpg
JTA2-302020078-16,https://www.sevenfive.co.th/files/product/original/PRD175651944538.jpg
JTA2-302020036,https://www.sevenfive.co.th/files/product/original/PRD175651944315.jpg
JTA2-302020008,https://www.sevenfive.co.th/files/product/original/PRD175651944146.jpg
JTA2-301150152,https://www.sevenfive.co.th/files/product/original/PRD175651943994.jpg
JTA2-301130156,https://www.sevenfive.co.th/files/product/original/PRD175651943573.jpg
JTA2-301130130,https://www.sevenfive.co.th/files/product/original/PRD175651943421.jpg
JTA2-301130047,https://www.sevenfive.co.th/files/product/original/PRD175651943226.jpg
JTA2-301130041,https://www.sevenfive.co.th/files/product/original/PRD175651943116.jpg
JTA2-301130021,https://www.sevenfive.co.th/files/product/original/PRD175651943096.jpg
JTA2-301110145,https://www.sevenfive.co.th/files/product/original/PRD175522436040.jpg
JTA2-301110010,https://www.sevenfive.co.th/files/product/original/PRD175522431275.jpg
JTA2-301100022,https://www.sevenfive.co.th/files/product/original/PRD175705890156.jpg
JTA2-301090120,https://www.sevenfive.co.th/files/product/original/PRD175705889728.jpg
JTA2-301090115,https://www.sevenfive.co.th/files/product/original/PRD175705889342.jpg
JTA2-301090086,https://www.sevenfive.co.th/files/product/original/PRD175705888810.jpg
JTA2-301080004,https://www.sevenfive.co.th/files/product/original/PRD175522426837.jpg
JTA2-20134008008,https://www.sevenfive.co.th/files/product/original/PRD175522410242.jpg
JTA2-20110003102,https://www.sevenfive.co.th/files/product/original/PRD177164638914.jpg
HOU2-20800173,https://www.sevenfive.co.th/files/product/original/PRD170936997765.jpg
HOU2-20800022,https://www.sevenfive.co.th/files/product/original/PRD170936997352.jpg
HOU2-065016,https://www.sevenfive.co.th/files/product/original/PRD170936995124.jpg
HOU2-060242,https://www.sevenfive.co.th/files/product/original/PRD170936994697.jpg
HOU2-059301,https://www.sevenfive.co.th/files/product/original/PRD170936994530.jpg
HAT2-X0503041,https://www.sevenfive.co.th/files/product/original/PRD170936992744.jpg
ETF2-HC151097,https://www.sevenfive.co.th/files/product/original/PRD175653865479.jpg
EDL2-S196-3,https://www.sevenfive.co.th/files/product/original/PRD170936834459.jpg
EDL2-K006-6,https://www.sevenfive.co.th/files/product/original/PRD170936832749.jpg
COG2-K75860,https://www.sevenfive.co.th/files/product/original/PRD175653865271.jpg
COG2-K67876,https://www.sevenfive.co.th/files/product/original/PRD175653865139.jpg
COG2-K67875,https://www.sevenfive.co.th/files/product/original/PRD175653865144.jpg
COG2-H.228047,https://www.sevenfive.co.th/files/product/original/PRD175653865017.jpg
COG2-H.165168,https://www.sevenfive.co.th/files/product/original/PRD175653864941.jpg
COG2-DEI38N,https://www.sevenfive.co.th/files/product/original/PRD175653864474.jpg
COG2-C.80398C,https://www.sevenfive.co.th/files/product/original/PRD175653864071.jpg
COG2-999372,https://www.sevenfive.co.th/files/product/original/PRD17565386392.jpg
COG2-999366,https://www.sevenfive.co.th/files/product/original/PRD175653863810.jpg
COG2-999348,https://www.sevenfive.co.th/files/product/original/PRD175653863781.jpg
COG2-994012,https://www.sevenfive.co.th/files/product/original/PRD175653863640.jpg
COG2-993069,https://www.sevenfive.co.th/files/product/original/PRD175653863541.jpg
COG2-984009,https://www.sevenfive.co.th/files/product/original/PRD17565386336.jpg
COG2-929181,https://www.sevenfive.co.th/files/product/original/PRD175653863274.jpg
COG2-929180,https://www.sevenfive.co.th/files/product/original/PRD175653863210.jpg
COG2-929179,https://www.sevenfive.co.th/files/product/original/PRD175653863192.jpg
COG2-929174,https://www.sevenfive.co.th/files/product/original/PRD175653863089.jpg
COG2-929115,https://www.sevenfive.co.th/files/product/original/PRD175653862953.jpg
COG2-927150,https://www.sevenfive.co.th/files/product/original/PRD175653862721.jpg
COG2-927114,https://www.sevenfive.co.th/files/product/original/PRD175653862721.jpg
COG2-927104,https://www.sevenfive.co.th/files/product/original/PRD175653862636.jpg
COG2-926255,https://www.sevenfive.co.th/files/product/original/PRD17565386247.jpg
COG2-926129,https://www.sevenfive.co.th/files/product/original/PRD175653862363.jpg
COG2-926117,https://www.sevenfive.co.th/files/product/original/PRD170936812112.jpg
COG2-80959,https://www.sevenfive.co.th/files/product/original/PRD175653862144.jpg
COG2-80829,https://www.sevenfive.co.th/files/product/original/PRD175653861683.jpg
COG2-80826,https://www.sevenfive.co.th/files/product/original/PRD175653861655.jpg
HAT2-X040544400,https://www.sevenfive.co.th/files/product/original/PRD170936982918.jpg
COG2-80310,https://www.sevenfive.co.th/files/product/original/PRD175653860515.jpg
COG2-80283,https://www.sevenfive.co.th/files/product/original/PRD175653860496.jpg
COG2-80281,https://www.sevenfive.co.th/files/product/original/PRD175653860363.jpg
COG2-80277,https://www.sevenfive.co.th/files/product/original/PRD175653860352.jpg
COG2-80275,https://www.sevenfive.co.th/files/product/original/PRD175653860283.jpg
COG2-80184,https://www.sevenfive.co.th/files/product/original/PRD175653859963.jpg
COG2-80182,https://www.sevenfive.co.th/files/product/original/PRD17565385995.jpg
COG2-80179,https://www.sevenfive.co.th/files/product/original/PRD175653859840.jpg
COG2-80174,https://www.sevenfive.co.th/files/product/original/PRD175653859751.jpg
COG2-80117,https://www.sevenfive.co.th/files/product/original/PRD175653859648.jpg
COG2-80112,https://www.sevenfive.co.th/files/product/original/PRD175653859555.jpg
COG2-80105,https://www.sevenfive.co.th/files/product/original/PRD17565385958.jpg
COG2-800921,https://www.sevenfive.co.th/files/product/original/PRD17565385941.jpg
COG2-780133,https://www.sevenfive.co.th/files/product/original/PRD175937513154.jpg
COG2-75983,https://www.sevenfive.co.th/files/product/original/PRD175653859167.jpg
COG2-75976,https://www.sevenfive.co.th/files/product/original/PRD175653859184.jpg
HAT2-X02.16.147.00,https://www.sevenfive.co.th/files/product/original/PRD170936981242.jpg
COG2-75817,https://www.sevenfive.co.th/files/product/original/PRD175653858653.jpg
COG2-75648,https://www.sevenfive.co.th/files/product/original/PRD175653858517.jpg
COG2-75429,https://www.sevenfive.co.th/files/product/original/PRD175653858326.jpg
COG2-75271,https://www.sevenfive.co.th/files/product/original/PRD175653858180.jpg
COG2-75231,https://www.sevenfive.co.th/files/product/original/PRD175653858021.jpg
COG2-75171,https://www.sevenfive.co.th/files/product/original/PRD175653857924.jpg
COG2-75169,https://www.sevenfive.co.th/files/product/original/PRD170936807762.jpg
HAT2-0530043,https://www.sevenfive.co.th/files/product/original/PRD170936979452.jpg
COG2-75076,https://www.sevenfive.co.th/files/product/original/PRD175653857546.jpg
COG2-75075,https://www.sevenfive.co.th/files/product/original/PRD175653857446.jpg
COG2-74938,https://www.sevenfive.co.th/files/product/original/PRD175653857373.jpg
COG2-74933,https://www.sevenfive.co.th/files/product/original/PRD175653857266.jpg
COG2-74902,https://www.sevenfive.co.th/files/product/original/PRD175653857224.jpg
COG2-74901,https://www.sevenfive.co.th/files/product/original/PRD175653857144.jpg
COG2-74122,https://www.sevenfive.co.th/files/product/original/PRD175653857159.jpg
COG2-74086,https://www.sevenfive.co.th/files/product/original/PRD175653857075.jpg
COG2-74073,https://www.sevenfive.co.th/files/product/original/PRD175653857054.jpg
COG2-74069,https://www.sevenfive.co.th/files/product/original/PRD17565385707.jpg
COG2-73218,https://www.sevenfive.co.th/files/product/original/PRD175653856865.jpg
COG2-70996,https://www.sevenfive.co.th/files/product/original/PRD175653856721.jpg
COG2-70945,https://www.sevenfive.co.th/files/product/original/PRD175653856792.jpg
COG2-70944,https://www.sevenfive.co.th/files/product/original/PRD175653856684.jpg
COG2-70941,https://www.sevenfive.co.th/files/product/original/PRD175653856583.jpg
COG2-70939,https://www.sevenfive.co.th/files/product/original/PRD175653856520.jpg
COG2-70774,https://www.sevenfive.co.th/files/product/original/PRD175653856433.jpg
COG2-70100,https://www.sevenfive.co.th/files/product/original/PRD175653856413.jpg
COG2-69796,https://www.sevenfive.co.th/files/product/original/PRD175653856294.jpg
COG2-69282,https://www.sevenfive.co.th/files/product/original/PRD175653856116.jpg
COG2-69020,https://www.sevenfive.co.th/files/product/original/PRD175653856118.jpg
COG2-73178,https://www.sevenfive.co.th/files/product/original/PRD175653856871.jpg
COG2-67600,https://www.sevenfive.co.th/files/product/original/PRD175653856093.jpg
HAT2-050303900,https://www.sevenfive.co.th/files/product/original/PRD44ee2cad421a835b7dca7580e2144049.jpg
COG2-65922,https://www.sevenfive.co.th/files/product/original/PRD175653855728.jpg
COG2-65883,https://www.sevenfive.co.th/files/product/original/PRD175653855486.jpg
COG2-65755,https://www.sevenfive.co.th/files/product/original/PRD175653855236.jpg
COG2-65501,https://www.sevenfive.co.th/files/product/original/PRD175653855198.jpg
COG2-65018,https://www.sevenfive.co.th/files/product/original/PRD17565385503.jpg
COG2-486078,https://www.sevenfive.co.th/files/product/original/PRD175653854963.jpg
COG2-480159,https://www.sevenfive.co.th/files/product/original/PRD175653854941.jpg
COG2-480153,https://www.sevenfive.co.th/files/product/original/PRD175653854889.jpg
COG2-468205,https://www.sevenfive.co.th/files/product/original/PRD175653854671.jpg
COG2-468165,https://www.sevenfive.co.th/files/product/original/PRD175653854517.jpg
COG2-468152,https://www.sevenfive.co.th/files/product/original/PRD175653854582.jpg
COG2-461028,https://www.sevenfive.co.th/files/product/original/PRD175653854235.jpg
COG2-461010,https://www.sevenfive.co.th/files/product/original/PRD175653854126.jpg
COG2-459004,https://www.sevenfive.co.th/files/product/original/PRD175653854034.jpg
COG2-456081,https://www.sevenfive.co.th/files/product/original/PRD175653854056.jpg
COG2-456080,https://www.sevenfive.co.th/files/product/original/PRD175653853940.jpg
COG2-CGR3037,https://www.sevenfive.co.th/files/product/original/PRD175653864092.jpg
COG2-456060,https://www.sevenfive.co.th/files/product/original/PRD175653853664.jpg
COG2-456040,https://www.sevenfive.co.th/files/product/original/PRD175653853634.jpg
COG2-456030,https://www.sevenfive.co.th/files/product/original/PRD175653853450.jpg
COG2-454007,https://www.sevenfive.co.th/files/product/original/PRD175653853116.jpg
COG2-454005,https://www.sevenfive.co.th/files/product/original/PRD175653853011.jpg
COG2-454002,https://www.sevenfive.co.th/files/product/original/PRD175653853089.jpg
HAT2-020925100,https://www.sevenfive.co.th/files/product/original/PRD16eef4582bcc26d69161bf249a1fa086.jpg
COG2-441009,https://www.sevenfive.co.th/files/product/original/PRD175653852797.jpg
COG2-437117,https://www.sevenfive.co.th/files/product/original/PRD175653852632.jpg
COG2-437102,https://www.sevenfive.co.th/files/product/original/PRD175653852556.jpg
COG2-437064,https://www.sevenfive.co.th/files/product/original/PRD175653852270.jpg
COG2-437063,https://www.sevenfive.co.th/files/product/original/PRD175653852140.jpg
COG2-437041,https://www.sevenfive.co.th/files/product/original/PRD175653851979.jpg
COG2-437015,https://www.sevenfive.co.th/files/product/original/PRD175653851735.jpg
COG2-429077,https://www.sevenfive.co.th/files/product/original/PRD175653851660.jpg
COG2-429074,https://www.sevenfive.co.th/files/product/original/PRD175653851519.jpg
COG2-429072,https://www.sevenfive.co.th/files/product/original/PRD175653851545.jpg
COG2-429006,https://www.sevenfive.co.th/files/product/original/PRD175653851280.jpg
COG2-417120,https://www.sevenfive.co.th/files/product/original/PRD175653850971.jpg
COG2-417081,https://www.sevenfive.co.th/files/product/original/PRD175653850832.jpg
HAM2-HBB-99100,https://www.sevenfive.co.th/files/product/original/PRD170936986453.jpg
COG2-417017,https://www.sevenfive.co.th/files/product/original/PRD175653850733.jpg
COG2-412030,https://www.sevenfive.co.th/files/product/original/PRD175653850799.jpg
COG2-412029,https://www.sevenfive.co.th/files/product/original/PRD175653850727.jpg
COG2-325126,https://www.sevenfive.co.th/files/product/original/PRD175653850370.jpg
COG2-325076,https://www.sevenfive.co.th/files/product/original/PRD175653850215.jpg
HAM2-990343400,https://www.sevenfive.co.th/files/product/original/PRD176604796392.jpg
COG2-315017,https://www.sevenfive.co.th/files/product/original/PRD175653849782.jpg
COG2-308039,https://www.sevenfive.co.th/files/product/original/PRD175653849420.jpg
COG2-303040,https://www.sevenfive.co.th/files/product/original/PRD175653849031.jpg
COG2-236061,https://www.sevenfive.co.th/files/product/original/PRD175653848512.jpg
COG2-236052,https://www.sevenfive.co.th/files/product/original/PRD175653848423.jpg
COG2-236043,https://www.sevenfive.co.th/files/product/original/PRD175653848325.jpg
COG2-236042,https://www.sevenfive.co.th/files/product/original/PRD170936796040.jpg
COG2-230124,https://www.sevenfive.co.th/files/product/original/PRD175653848196.jpg
COG2-230118,https://www.sevenfive.co.th/files/product/original/PRD175653848040.jpg
COG2-230116,https://www.sevenfive.co.th/files/product/original/PRD175653848030.jpg
COG2-230112,https://www.sevenfive.co.th/files/product/original/PRD175653847833.jpg
COG2-230020C,https://www.sevenfive.co.th/files/product/original/PRD175937513045.jpg
COG2-229042,https://www.sevenfive.co.th/files/product/original/PRD17593751294.jpg
COG2-227081,https://www.sevenfive.co.th/files/product/original/PRD175653847340.jpg
COG2-227077,https://www.sevenfive.co.th/files/product/original/PRD175653847279.jpg
COG2-226126,https://www.sevenfive.co.th/files/product/original/PRD175653847268.jpg
COG2-224023,https://www.sevenfive.co.th/files/product/original/PRD175653847112.jpg
COG2-224010,https://www.sevenfive.co.th/files/product/original/PRD17565384707.jpg
COG2-224003,https://www.sevenfive.co.th/files/product/original/PRD175653846935.jpg
COG2-220011,https://www.sevenfive.co.th/files/product/original/PRD175653846953.jpg
COG2-216028,https://www.sevenfive.co.th/files/product/original/PRD175653850193.jpg
COG2-215042-9,https://www.sevenfive.co.th/files/product/original/PRD175937512986.jpg
COG2-215042-6,https://www.sevenfive.co.th/files/product/original/PRD17565384682.jpg
COG2-215042-2,https://www.sevenfive.co.th/files/product/original/PRD175653846720.jpg
COG2-215037,https://www.sevenfive.co.th/files/product/original/PRD175653846661.jpg
COG2-215034-6,https://www.sevenfive.co.th/files/product/original/PRD175653846612.jpg
COG2-215032,https://www.sevenfive.co.th/files/product/original/PRD170936791568.jpg
COG2-215029,https://www.sevenfive.co.th/files/product/original/PRD175653846470.jpg
COG2-214088,https://www.sevenfive.co.th/files/product/original/PRD175653846393.jpg
COG2-211017,https://www.sevenfive.co.th/files/product/original/PRD175653846234.jpg
COG2-211013,https://www.sevenfive.co.th/files/product/original/PRD17565384610.jpg
COG2-209042,https://www.sevenfive.co.th/files/product/original/PRD175653845961.jpg
COG2-209037,https://www.sevenfive.co.th/files/product/original/PRD175653845959.jpg
COG2-209021,https://www.sevenfive.co.th/files/product/original/PRD170936791160.jpg
COG2-206005,https://www.sevenfive.co.th/files/product/original/PRD175653845642.jpg
COG2-206002,https://www.sevenfive.co.th/files/product/original/PRD175653845519.jpg
COG2-144991B,https://www.sevenfive.co.th/files/product/original/PRD175653845019.jpg
COG2-144010NT,https://www.sevenfive.co.th/files/product/original/PRD175653844936.jpg
COG2-144010,https://www.sevenfive.co.th/files/product/original/PRD175653844837.jpg
COG2-143270,https://www.sevenfive.co.th/files/product/original/PRD175653844887.jpg
COG2-143268,https://www.sevenfive.co.th/files/product/original/PRD175653844742.jpg
COG2-143267,https://www.sevenfive.co.th/files/product/original/PRD175653844764.jpg
COG2-143266,https://www.sevenfive.co.th/files/product/original/PRD175653844633.jpg
COG2-143252,https://www.sevenfive.co.th/files/product/original/PRD175653844588.jpg
COG2-143248,https://www.sevenfive.co.th/files/product/original/PRD175653844418.jpg
COG2-143219,https://www.sevenfive.co.th/files/product/original/PRD175653844294.jpg
COG2-143174,https://www.sevenfive.co.th/files/product/original/PRD175653844154.jpg
COG2-143173,https://www.sevenfive.co.th/files/product/original/PRD17565384406.jpg
COG2-143010,https://www.sevenfive.co.th/files/product/original/PRD175653843935.jpg
COG2-140036,https://www.sevenfive.co.th/files/product/original/PRD175653843462.jpg
COG2-136031,https://www.sevenfive.co.th/files/product/original/PRD175653843014.jpg
COG2-127178,https://www.sevenfive.co.th/files/product/original/PRD175653850099.jpg
COG2-127177,https://www.sevenfive.co.th/files/product/original/PRD175653842534.jpg
COG2-127175,https://www.sevenfive.co.th/files/product/original/PRD175653842565.jpg
COG2-127133,https://www.sevenfive.co.th/files/product/original/PRD175653842333.jpg
COG2-127085,https://www.sevenfive.co.th/files/product/original/PRD175653842240.jpg
COG2-127082,https://www.sevenfive.co.th/files/product/original/PRD175653842124.jpg
COG2-127050,https://www.sevenfive.co.th/files/product/original/PRD175653842168.jpg
COG2-127026,https://www.sevenfive.co.th/files/product/original/PRD175653841867.jpg
COG2-124065,https://www.sevenfive.co.th/files/product/original/PRD175653841899.jpg
COG2-124038,https://www.sevenfive.co.th/files/product/original/PRD175653841649.jpg
COG2-121993,https://www.sevenfive.co.th/files/product/original/PRD175653841446.jpg
COG2-121146,https://www.sevenfive.co.th/files/product/original/PRD175937512934.jpg
COG2-121078,https://www.sevenfive.co.th/files/product/original/PRD175653840951.jpg
COG2-116041,https://www.sevenfive.co.th/files/product/original/PRD175653840131.jpg
COG2-116032,https://www.sevenfive.co.th/files/product/original/PRD175653840020.jpg
COG2-115143,https://www.sevenfive.co.th/files/product/original/PRD175653839975.jpg
COG2-80679,https://www.sevenfive.co.th/files/product/original/PRD175653861248.jpg
COG2-107017,https://www.sevenfive.co.th/files/product/original/PRD175653839683.jpg
COG2-104060,https://www.sevenfive.co.th/files/product/original/PRD175653838839.jpg
COG2-104056,https://www.sevenfive.co.th/files/product/original/PRD175653838747.jpg
COG2-026408,https://www.sevenfive.co.th/files/product/original/PRD175653838639.jpg
COG2-026154,https://www.sevenfive.co.th/files/product/original/PRD175653838589.jpg
HAM2-990206800,https://www.sevenfive.co.th/files/product/original/PRD17093696621.jpg
CAS2-985716020F,https://www.sevenfive.co.th/files/product/original/PRD175653838563.jpg
CAS2-985716000,https://www.sevenfive.co.th/files/product/original/PRD175653838452.jpg
CAS2-967005000,https://www.sevenfive.co.th/files/product/original/PRD170936777199.jpg
HAM2-990105700,https://www.sevenfive.co.th/files/product/original/PRD170936955588.jpg
HAM2-990073700,https://www.sevenfive.co.th/files/product/original/PRD17093695385.jpg
HAM2-990072300,https://www.sevenfive.co.th/files/product/original/PRD170936953842.jpg
CAS2-958739020,https://www.sevenfive.co.th/files/product/original/PRD31b6bd992f2cb9e1ed8fc32fa59cec5d.jpg
CAS2-958204000,https://www.sevenfive.co.th/files/product/original/PRD175653838384.jpg
CAS2-925945000,https://www.sevenfive.co.th/files/product/original/PRD175653838284.jpg
CAS2-925934000,https://www.sevenfive.co.th/files/product/original/PRD175653838216.jpg
CAS2-925902000,https://www.sevenfive.co.th/files/product/original/PRD175653838157.jpg
CAS2-915194000,https://www.sevenfive.co.th/files/product/original/PRD175653838029.jpg
CAS2-531195800,https://www.sevenfive.co.th/files/product/original/PRD170937695817.jpg
CAS2-530990800,https://www.sevenfive.co.th/files/product/original/PRD175653838092.jpg
HAM2-981100S,https://www.sevenfive.co.th/files/product/original/PRD170936944952.jpg
HAM2-960039100,https://www.sevenfive.co.th/files/product/original/PRD170936944390.jpg
CAS2-418941010,https://www.sevenfive.co.th/files/product/original/PRD4e1c37708bfc11f29c78052ad48a29b1.jpg
HAM2-950005300,https://www.sevenfive.co.th/files/product/original/PRD170936943512.jpg
HAM2-921999001,https://www.sevenfive.co.th/files/product/original/PRD176604796246.jpg
HAM2-911993900,https://www.sevenfive.co.th/files/product/original/PRD170936894438.jpg
HAM2-6126-HBF600S,https://www.sevenfive.co.th/files/product/original/PRD170936893940.jpg
HAM2-6126-91515,https://www.sevenfive.co.th/files/product/original/PRD170936893556.jpg
HAM2-6126-91503,https://www.sevenfive.co.th/files/product/original/PRD170936893474.jpg
CAM2-H07007,https://www.sevenfive.co.th/files/product/original/PRD175653837849.jpg
CAM2-ADCD33-131,https://www.sevenfive.co.th/files/product/original/PRD175653837837.jpg
CAM2-735423,https://www.sevenfive.co.th/files/product/original/PRD175653837737.jpg
CAM2-60352,https://www.sevenfive.co.th/files/product/original/PRD175653837744.jpg
CAM2-60295,https://www.sevenfive.co.th/files/product/original/PRD175653837675.jpg
CAM2-60293,https://www.sevenfive.co.th/files/product/original/PRD175653837523.jpg
CAM2-60009,https://www.sevenfive.co.th/files/product/original/PRD175653837519.jpg
CAM2-60005,https://www.sevenfive.co.th/files/product/original/PRD175653837437.jpg
CAM2-46010,https://www.sevenfive.co.th/files/product/original/PRD175653837441.jpg
CAM2-46008,https://www.sevenfive.co.th/files/product/original/PRD175653837325.jpg
HAM2-6126-1G912,https://www.sevenfive.co.th/files/product/original/PRD170936892956.jpg
CAM2-45400A,https://www.sevenfive.co.th/files/product/original/PRD175653837295.jpg
CAM2-41066,https://www.sevenfive.co.th/files/product/original/PRD175653837259.jpg
CAM2-12117,https://www.sevenfive.co.th/files/product/original/PRD175653837133.jpg
CAM2-12106,https://www.sevenfive.co.th/files/product/original/PRD175653837074.jpg
CAM2-12100,https://www.sevenfive.co.th/files/product/original/PRD175653836933.jpg
BKP2-V-R3020A,https://www.sevenfive.co.th/files/product/original/PRD176733687769.jpg
BKP2-AS-R3031A,https://www.sevenfive.co.th/files/product/original/PRD176733687627.jpg
HAM2-31082630000,https://www.sevenfive.co.th/files/product/original/PRD170936890948.jpg
HAM2-310003500,https://www.sevenfive.co.th/files/product/original/PRD17093689080.jpg
HAM2-280112902,https://www.sevenfive.co.th/files/product/original/PRD17093688999.jpg
HAM2-280082600,https://www.sevenfive.co.th/files/product/original/PRD170936889835.jpg
HAM2-280045600,https://www.sevenfive.co.th/files/product/original/PRD17093688941.jpg
HAM2-280022200,https://www.sevenfive.co.th/files/product/original/PRD170936889143.jpg
HAM2-260055000,https://www.sevenfive.co.th/files/product/original/PRD170936888837.jpg
HAM2-260054901,https://www.sevenfive.co.th/files/product/original/PRD170936888713.jpg
HAM2-260050101,https://www.sevenfive.co.th/files/product/original/PRD170936888454.jpg
HAM2-260045400,https://www.sevenfive.co.th/files/product/original/PRD170936888183.jpg
HAM2-260039700,https://www.sevenfive.co.th/files/product/original/PRD170936888125.jpg
HAM2-240003400,https://www.sevenfive.co.th/files/product/original/PRD17093688783.jpg
BER2-WA-EA-DIODE-6A,https://www.sevenfive.co.th/files/product/original/PRD175653836817.jpg
BER2-UNDERSHELF-6,https://www.sevenfive.co.th/files/product/original/PRD17565383684.jpg
BER2-TM-NTC-C-B,https://www.sevenfive.co.th/files/product/original/PRD170937707443.jpg
BER2-TM-EW70-ITY-N,https://www.sevenfive.co.th/files/product/original/PRD175653836764.jpg
BER2-T129,https://www.sevenfive.co.th/files/product/original/PRD170936753231.jpg
BER2-SPO-P-C2109051B,https://www.sevenfive.co.th/files/product/original/PRD17565383662.jpg
BER2-SPO-P-C2109051A,https://www.sevenfive.co.th/files/product/original/PRD17565383664.jpg
BER2-PN-D1D-LB-S,https://www.sevenfive.co.th/files/product/original/PRD175653836557.jpg
BER2-PL-JD-WSS,https://www.sevenfive.co.th/files/product/original/PRD170936752029.jpg
BER2-PL-JD-M-CS,https://www.sevenfive.co.th/files/product/original/PRD170936751582.jpg
BER2-OP-U30-TC,https://www.sevenfive.co.th/files/product/original/PRD175653836431.jpg
BER2-OP-U20-TC,https://www.sevenfive.co.th/files/product/original/PRD175653836435.jpg
BER2-OP-SALA-SP,https://www.sevenfive.co.th/files/product/original/PRD175653836392.jpg
BER2-OP-NT-TD-S,https://www.sevenfive.co.th/files/product/original/PRD175653836388.jpg
BER2-OP-KM234MT,https://www.sevenfive.co.th/files/product/original/PRD17565383616.jpg
BER2-OP-DR-C-RHSDR,https://www.sevenfive.co.th/files/product/original/PRD175653835932.jpg
BER2-OP-DR-C-LHSDR-(L),https://www.sevenfive.co.th/files/product/original/PRD175653835813.jpg
BER2-NT-UR4-6D-F-S,https://www.sevenfive.co.th/files/product/original/PRD175653835797.jpg
BER2-NT-HH2-3D-S,https://www.sevenfive.co.th/files/product/original/PRD17565383566.jpg
BER2-NT-ESM55,https://www.sevenfive.co.th/files/product/original/PRD175653835632.jpg
BER2-NT-DF-2-3D-S,https://www.sevenfive.co.th/files/product/original/PRD175653835576.jpg
BER2-LE-FW-BULD,https://www.sevenfive.co.th/files/product/original/PRD170936742588.jpg
BER2-IC-W77-KN,https://www.sevenfive.co.th/files/product/original/PRD175653835398.jpg
BER2-IC-VCM-HT-RB,https://www.sevenfive.co.th/files/product/original/PRD175653835285.jpg
BER2-IC-VCM-EMV,https://www.sevenfive.co.th/files/product/original/PRD175653835021.jpg
BER2-IC-VCM-CTC,https://www.sevenfive.co.th/files/product/original/PRD175653834948.jpg
BER2-IC-VCM-COVER,https://www.sevenfive.co.th/files/product/original/PRD175653834865.jpg
BER2-IC-VCM-AP-RB,https://www.sevenfive.co.th/files/product/original/PRD175653834750.jpg
BER2-IC-IK40-SC-A,https://www.sevenfive.co.th/files/product/original/PRD175653834779.jpg
BER2-IC-DRC150A-HF,https://www.sevenfive.co.th/files/product/original/PRD175653834623.jpg
BER2-HT-DRY3KW,https://www.sevenfive.co.th/files/product/original/PRD170936739184.jpg
BER2-HL-NB02-692R,https://www.sevenfive.co.th/files/product/original/PRD175653834528.jpg
BER2-HL-NB02-548R,https://www.sevenfive.co.th/files/product/original/PRD175653834476.jpg
BER2-HL-B04,https://www.sevenfive.co.th/files/product/original/PRD175653834428.jpg
BER2-GS-M1071-C4,https://www.sevenfive.co.th/files/product/original/PRD17565383428.jpg
BER2-GL-GR003R,https://www.sevenfive.co.th/files/product/original/PRD175653834124.jpg
BER2-GL-GR003,https://www.sevenfive.co.th/files/product/original/PRD175653834118.jpg
BER2-GL-FW35,https://www.sevenfive.co.th/files/product/original/PRD170936721663.jpg
BER2-FL-FD3-8-SC,https://www.sevenfive.co.th/files/product/original/PRD175653834095.jpg
BER2-FE-CS-VDE45W,https://www.sevenfive.co.th/files/product/original/PRD175653834056.jpg
BER2-D-B5-8-950-R,https://www.sevenfive.co.th/files/product/original/PRD175653833943.jpg
BER2-D-B5-8-950-L,https://www.sevenfive.co.th/files/product/original/PRD175653833918.jpg
BER2-CS-TM-XR70CX-B-2,https://www.sevenfive.co.th/files/product/original/PRD170936372152.jpg
BER2-C-PC2-8,https://www.sevenfive.co.th/files/product/original/PRD175653833652.jpg
BER2-C-OB123RING,https://www.sevenfive.co.th/files/product/original/PRD170936371655.jpg
BER2-C-OB123NUT,https://www.sevenfive.co.th/files/product/original/PRD170936371666.jpg
BER2-C-MS4,https://www.sevenfive.co.th/files/product/original/PRD170936371331.jpg
BER2-CKE4SCSB-001,https://www.sevenfive.co.th/files/product/original/PRD175653833886.jpg
BER2-CI-YS,https://www.sevenfive.co.th/files/product/original/PRD170936369993.jpg
BER2-CI-LBT,https://www.sevenfive.co.th/files/product/original/PRD170936369727.jpg
BER2-CD-033,https://www.sevenfive.co.th/files/product/original/PRD170936368886.jpg
BER2-CC-16-C5-6,https://www.sevenfive.co.th/files/product/original/PRD175653833774.jpg
BER2-C-BJS44,https://www.sevenfive.co.th/files/product/original/PRD170936367554.jpg
BER2-BR-TF45,https://www.sevenfive.co.th/files/product/original/PRD175653833568.jpg
BER2-BR-IR412,https://www.sevenfive.co.th/files/product/original/PRD170936367079.jpg
BER2-BR-DR412,https://www.sevenfive.co.th/files/product/original/PRD17565383351.jpg
BER2-BR-A300,https://www.sevenfive.co.th/files/product/original/PRD175653833462.jpg
BER2-BK-PASTA,https://www.sevenfive.co.th/files/product/original/PRD175653833441.jpg
BER2-BK-12F-N-N,https://www.sevenfive.co.th/files/product/original/PRD175653833398.jpg
BER2-BA-PB,https://www.sevenfive.co.th/files/product/original/PRD175990075192.jpg
BER2-88UFD-330V,https://www.sevenfive.co.th/files/product/original/PRD175653833111.jpg
BER2-88UF330V,https://www.sevenfive.co.th/files/product/original/PRD170936354452.jpg
BER2-88MF260V,https://www.sevenfive.co.th/files/product/original/PRD17093635442.jpg
BER2-50UFD-260V,https://www.sevenfive.co.th/files/product/original/PRD175653832995.jpg
BER2-20UFD-400V,https://www.sevenfive.co.th/files/product/original/PRD175653832859.jpg
SIR1-28184034,https://www.sevenfive.co.th/files/product/original/PRD176785877818.jpg
SIR1-28184032,https://www.sevenfive.co.th/files/product/original/PRD176785877853.jpg
ROE1-28197W,https://www.sevenfive.co.th/files/product/original/PRD176785877423.jpg
ROE1-28133W,https://www.sevenfive.co.th/files/product/original/PRD17678587734.jpg
ROE1-28132W,https://www.sevenfive.co.th/files/product/original/PRD176785877395.jpg
ROE1-28131W,https://www.sevenfive.co.th/files/product/original/PRD176785877284.jpg
ROE1-28129W,https://www.sevenfive.co.th/files/product/original/PRD176785877263.jpg
ROE1-28061W,https://www.sevenfive.co.th/files/product/original/PRD176785877181.jpg
ROE1-28059W,https://www.sevenfive.co.th/files/product/original/PRD176785877134.jpg
ROL1-CD800B,https://www.sevenfive.co.th/files/product/original/PRD17678587766.jpg
BER1-RCS4SM,https://www.sevenfive.co.th/files/product/original/PRD170953229581.jpg
NTS1-ISC-S72,https://www.sevenfive.co.th/files/product/original/PRD175222819235.jpg
NTS1-GAN-S72,https://www.sevenfive.co.th/files/product/original/PRD175222818975.jpg
NTS1-ALL-S24,https://www.sevenfive.co.th/files/product/original/PRD175222814126.jpg
CAM1-MDSCDB9EU24V-487,https://www.sevenfive.co.th/files/product/original/PRD176975733568.jpg
CAM1-CLRSM8B5-480,https://www.sevenfive.co.th/files/product/original/PRD176975732944.jpg
CAM1-CLRSB9-480,https://www.sevenfive.co.th/files/product/original/PRD17697573297.jpg
CAM1-99SMVS-197,https://www.sevenfive.co.th/files/product/original/PRD176975732712.jpg
CAM1-90SPCW-186,https://www.sevenfive.co.th/files/product/original/PRD176975732653.jpg
CAM1-75CW-154,https://www.sevenfive.co.th/files/product/original/PRD176975732541.jpg
CAM1-750SCWNR-154,https://www.sevenfive.co.th/files/product/original/PRD176975732581.jpg
CAM1-1013CRVS-191,https://www.sevenfive.co.th/files/product/original/PRD176975731766.jpg
CAM1-25GE2-151,https://www.sevenfive.co.th/files/product/original/PRD176975732456.jpg
PIM1-7043-04WH,https://www.sevenfive.co.th/files/product/original/PRD170928709512.jpg
PIM1-7043-04BE,https://www.sevenfive.co.th/files/product/original/PRD170928709599.jpg
PIM1-7041-04WH,https://www.sevenfive.co.th/files/product/original/PRD170928709414.jpg
PIM1-7041-04BE,https://www.sevenfive.co.th/files/product/original/PRD170928709478.jpg
PIM1-7035-04WH,https://www.sevenfive.co.th/files/product/original/PRD170928709428.jpg
PIM1-7035-04BE,https://www.sevenfive.co.th/files/product/original/PRD170928709321.jpg
NTS1-CWS-035,https://www.sevenfive.co.th/files/product/original/PRD17095436331.jpg
HAT1-FMSS-60,https://www.sevenfive.co.th/files/product/original/PRD170928536393.jpg
COF1-SPRAYCOF120,https://www.sevenfive.co.th/files/product/original/PRD176975734113.jpg
COF1-NEWCOF224,https://www.sevenfive.co.th/files/product/original/PRD176975734158.jpg
COF1-NEWCOF112,https://www.sevenfive.co.th/files/product/original/PRD176975734097.jpg
CEC1-FE100N,https://www.sevenfive.co.th/files/product/original/PRD17697573372.jpg
CEC1-FE100G,https://www.sevenfive.co.th/files/product/original/PRD176975733785.jpg
CEC1-CS3,https://www.sevenfive.co.th/files/product/original/PRD176975733798.jpg
CAS1-DODICI-S-2TL-S-BR,https://www.sevenfive.co.th/files/product/original/PRD176975733771.jpg
CAS1-DODICI-A-2TL-S-BR,https://www.sevenfive.co.th/files/product/original/PRD17697573368.jpg
MBM1-MG7GBR77,https://www.sevenfive.co.th/files/product/original/PRD176915920454.jpg
HOS1-RC50,https://www.sevenfive.co.th/files/product/original/PRD176975735144.jpg
CEC1-GF16,https://www.sevenfive.co.th/files/product/original/PRD176975733834.jpg
BER1-GG2B12RFS,https://www.sevenfive.co.th/files/product/original/PRD170954862167.jpg
BER1-EG3500-12R,https://www.sevenfive.co.th/files/product/original/PRD170954884253.jpg
BER1-DRO6H,https://www.sevenfive.co.th/files/product/original/PRD170954881735.jpg
BER1-DRO4L,https://www.sevenfive.co.th/files/product/original/PRD170954881289.jpg
ZAN1-CIT-EP65-TP,https://www.sevenfive.co.th/files/product/original/PRD17095354929.jpg
NIC1-EX6225,https://www.sevenfive.co.th/files/product/original/PRD170955816018.jpg
LKK1-HS40(D),https://www.sevenfive.co.th/files/product/original/PRD176975736217.jpg
LKK1-B50,https://www.sevenfive.co.th/files/product/original/PRD176975735861.jpg
LKK1-B30,https://www.sevenfive.co.th/files/product/original/PRD17697573570.jpg
LKK1-RG-7T,https://www.sevenfive.co.th/files/product/original/PRD176975736473.jpg
HAT1-DL-700RL-BCOPPER,https://www.sevenfive.co.th/files/product/original/PRD170954150674.jpg
BER1-FW35,https://www.sevenfive.co.th/files/product/original/PRD170954148071.jpg
BEN1-62030,https://www.sevenfive.co.th/files/product/original/PRD176975731477.jpg
