Variant SKU,part_type
ASL2-DP-50-NV-202007,Spare parts
ASL2-HN-DP-1-SET,Spare parts
BER2-15MF440V,Spare parts
BER2-BA-C-SALA,Spare parts
BER2-CC-16-C5-6,Spare parts
BER2-CS-BR-B110,Spare parts
BER2-HT-IR1KW,Spare parts
BER2-HT-IR510W,Spare parts
BER2-HT-IR810W,Spare parts
BER2-HT-WO,Spare parts
BER2-IC-FR11-EMV,Spare parts
BER2-IC-FR-EMV,Spare parts
BER2-PL-JD-GBS,Spare parts
BER2-PL-JD-GBS-1,Spare parts
BER2-TM-250,Spare parts
BER2-TM-329,Spare parts
BER2-TM-EGO329,Spare parts
GRC2-S001,Spare parts
GRC2-S013,Spare parts
GRC2-S041,Spare parts
GRC2-S044,Spare parts
GRC2-S076,Spare parts
GRC2-S077,Spare parts
GRC2-S082,Spare parts
GRC2-S087,Spare parts
GRC2-S112,Spare parts
GRC2-S128,Spare parts
BES2-25156000,Spare parts
HAM2-260054901,Spare parts
HAM2-260039700,Spare parts
CAS2-532009600,Spare parts
HAM2-990074300,Spare parts
COF2-161,Spare parts
COG2-C.80398C,Spare parts
EKA2-09989708000,Spare parts
JTA2-SCREW,Spare parts
LAC2-427868000,Spare parts
LIN2-SW59,Spare parts
LIN2-SW97,Spare parts
LKK2-6203,Spare parts
NTS1-SINK454530-AMO,Products
ASL2-DP-50-NV-202007,Spare parts
ASL2-HN-DP-1-SET,Spare parts
BER2-15MF440V,Spare parts
BER2-BA-C-SALA,Spare parts
BER2-BA-C-WOOL,Spare parts
BER2-BS-C-WOOL,Spare parts
BER2-CC-16-C5-6,Spare parts
BER2-CS-BR-B110,Spare parts
BER2-HT-IR1KW,Spare parts
BER2-HT-IR510W,Spare parts
BER2-HT-IR810W,Spare parts
BER2-HT-IRL510W,Spare parts
BER2-HT-IRL810W,Spare parts
BER2-HT-WO,Spare parts
BER2-IC-FR11-EMV,Spare parts
BER2-IC-FR-EMV,Spare parts
BER2-PL-JD-GBS,Spare parts
BER2-PL-JD-GBS-1,Spare parts
BER2-TM-250,Spare parts
BER2-TM-329,Spare parts
BER2-TM-EGO329,Spare parts
BER2-VA-MT10B,Spare parts
BER2-VA-MT10B-1,Spare parts
GRC2-S001,Spare parts
GRC2-S013,Spare parts
GRC2-S041,Spare parts
GRC2-S044,Spare parts
GRC2-S076,Spare parts
GRC2-S077,Spare parts
GRC2-S082,Spare parts
GRC2-S087,Spare parts
GRC2-S112,Spare parts
GRC2-S128,Spare parts
BES2-25156000,Spare parts
HAM2-260039700,Spare parts
HAM2-260054901,Spare parts
HAM2-260055000,Spare parts
CAS2-532009600,Spare parts
HAM2-990074300,Spare parts
COF2-158,Spare parts
COF2-159,Spare parts
COF2-161,Spare parts
COG2-C.80398C,Spare parts
EKA2-09989708000,Spare parts
JTA2-SCREW,Spare parts
LAC2-427868000,Spare parts
LIN2-SW59,Spare parts
LIN2-SW97,Spare parts
LKK2-6203,Spare parts
LKK2-LAMP(PL2),Spare parts
LKK2-LK-GDO-14,Spare parts
LKK2-OCE-K339,Spare parts
LKK2-GREEN(WF-101),Spare parts
LKK2-IGC,Spare parts
LKK2-RHX-12-18,Spare parts
LKK2-SWITCH(MW-2),Spare parts
NTS2-HL-001,Spare parts
PIM2-CF-BOS,Spare parts
PIM2-CF-WSR,Spare parts
PIM2-ESK-S10L-01,Spare parts
PIM2-KSD301-CR130,Spare parts
PIT2-PP10368,Spare parts
RAN2-34200061,Spare parts
REF2-00103,Spare parts
REF2-00126,Spare parts
REF2-00127,Spare parts
REF2-00128,Spare parts
REF2-00148,Spare parts
REF2-00149,Spare parts
REF2-00150,Spare parts
REF2-00151,Spare parts
REF2-00155,Spare parts
REF2-15UF,Spare parts
ROB2-EC0387,Spare parts
ROB2-EC0407,Spare parts
ROE2-501270,Spare parts
ROE2-510217,Spare parts
ROL2-A18008,Spare parts
ROL2-A18019,Spare parts
SIR2-1940010780,Spare parts
SIR2-19401566.09,Spare parts
SIR2-19410323,Spare parts
SIR2-19530501,Spare parts
SIR2-GM5846050,Spare parts
SIR2-GM5846055,Spare parts
SIR2-IV5820020,Spare parts
SIR2-IV73060042RS,Spare parts
TBA2-CLEANER,Spare parts
WIN2-4001016,Spare parts
WIN2-4002005,Spare parts
WIN2-5505018,Spare parts
WIN2-5505019,Spare parts
WIN2-5505035,Spare parts
WAR2-009358,Spare parts
TOA2-1000831,Spare parts
SAN2-52516,Spare parts
RHE2-11066,Spare parts
RIN2-B-05,Spare parts
REF2-00009,Spare parts
REF2-00012,Spare parts
RAN2-10060059,Spare parts
RAN2-10060514,Spare parts
PIM2-BD-1500-08,Spare parts
NTS2-AWC-08,Spare parts
NTS2-ESK-10-TMS,Spare parts
JTA2-302201242,Spare parts
JTA2-302250170,Spare parts
JTA2-302250171,Spare parts
CAM1-60HPLN-150,Products
PIT2-60125501,Spare parts
TOP2-XDF5188-T2,Spare parts
TOP2-ZZ85,Spare parts
BER2-BA-C-SALA-1,Spare parts
PIM2-EDO-007,Spare parts
PIM2-TC22-14,Spare parts
RAV1-ZESTER,Products
CAM1-82HP-150,Products
CAM1-84HP-150,Products
CAM1-86HP-150,Products
ASL2-BP-50-NV-202007,Spare parts
WIN2-3105106,Spare parts
WIN2-4001015,Spare parts
WIN2-4001024,Spare parts
WIN2-4002006,Spare parts
WIN2-4004006,Spare parts
SIR2-IV7300505,Spare parts
CAM1-1218SCCW-135,Products
CAM1-1400TL-138,Products
CAM1-1400TL-110,Products
JTA2-302110698,Spare parts
CAM1-20HPLN-150,Products
BER2-HT-IRL1KW,Spare parts
BER2-HT-WO-1,Spare parts
BER2-TM-250-V,Spare parts
JTA2-301110033+0019+0066,Spare parts
LIN2-LE18,Spare parts
LIN2-LE21,Spare parts
LKK2-SWITCH(LK-PL),Spare parts
PIM2-302170023,Spare parts
ZAN2-LAMP0055,Spare parts
ZAN2-INTE0009,Spare parts
WIN2-5505036,Spare parts
WIN2-5505029,Spare parts
WIN2-5505008,Spare parts
WIN2-4002002,Spare parts
SAV2-21282,Spare parts
LKK2-6205-2RS1,Spare parts
LIN2-LE19,Spare parts
LKK2-62112RS,Spare parts
CRA2-3220,Spare parts
CHE1-102-25170101,Products
CAM2-S07012,Spare parts
SIR2-19320203X,Spare parts
SIR2-19320235,Spare parts
ROB2-EC0158,Spare parts
CHE1-PROCLEAN11-20L,Products
CHE1-PROCLEAN12-10L,Products
CHE1-PROCLEAN12-20L,Products
CHE1-PROCLEAN11-10L,Products
CAM2-730SR-131,Spare parts
CAM2-730SR-194,Spare parts
SEV2-00047,Spare parts
SEV2-00055,Spare parts
SEV2-00056,Spare parts
SEV2-00063,Spare parts
BER2-CM-AE3448,Spare parts
BER2-CM-AE9422ES,Spare parts
BER2-CM-AE9430ES,Spare parts
BER2-CM-AE9440ES,Spare parts
BER2-CM-AEZ2411,Spare parts
BER2-CM-AEZ2415,Spare parts
BER2-CM-CAJ2432,Spare parts
BER2-CM-CAJ2446,Spare parts
BER2-CM-CAJ2464,Spare parts
BER2-CM-CAJ4492,Spare parts
BER2-CM-MPT14LA,Spare parts
BER2-CM-NL11MF,Spare parts
BER2-CM-SC15CLX,Spare parts
BER2-CM-SC21CLX,Spare parts
BER2-CM-THB4419,Spare parts
BER2-CM-THB4422,Spare parts
HAM2-990187500,Spare parts
HAT2-R0209034,Spare parts
MON2-1295-5,Spare parts
PIM2-EWB16B25B-11,Spare parts
PIM2-EWB16B25B-29,Spare parts
PIM2-EWB16B25B-30,Spare parts
PIM2-EWB16B25B-31,Spare parts
RAN2-34020111,Spare parts
RAN2-34040107,Spare parts
ROB2-MC0935,Spare parts
SEV2-00234,Spare parts
SIR2-19410135.1,Spare parts
SKP2-PM021S0010,Spare parts
SKP2-PM021S0020,Spare parts
TBA2-AE2425ZK00,Spare parts
TBA2-M724400605,Spare parts
ROB2-EC0274,Spare parts
PIT2-P6072145,Spare parts
SEV2-00156,Spare parts
SEV2-00157,Spare parts
SEV2-00159,Spare parts
SEV2-00203,Spare parts
SEV2-00256,Spare parts
SEV2-00263,Spare parts
BER2-00008,Spare parts
CAM2-ADCD33-401,Spare parts
CAM2-ADCRCT4-110,Spare parts
CAM2-ADCRCT4-401,Spare parts
CAM2-S09006,Spare parts
CAM2-S09007,Spare parts
CAM2-S09008,Spare parts
SEV2-00178,Spare parts
SEV2-00232,Spare parts
SEV2-00267,Spare parts
PIM2-302110440,Spare parts
CHE1-PROCLEAN10-20L,Products
SEV2-00512,Spare parts
KIT2-W10380496,Spare parts
BER2-CC-16-C5-6-1,Spare parts
SIR2-19410135.10,Spare parts
MBM1-MFB98FEXL,Products
MBM1-FB77FGXS,Products
MBM1-FB74AXL,Products
MBM1-FB711AXL,Products
PIM2-MINI-IB220-BL160E-24,Spare parts
PIM2-MINI-IB220-BL160E-10,Spare parts
PIM2-MINI-IB220-BL160E-04,Spare parts
LIN2-KN240,Spare parts
LIN2-KN238,Spare parts
LIN2-KN237,Spare parts
LIN2-HA78,Spare parts
LIN2-FZ100947,Spare parts
LIN2-FE42,Spare parts
LIN2-EL226,Spare parts
LIN2-EL225,Spare parts
LIN2-EL216,Spare parts
LIN2-EL214,Spare parts
LIN1-LSF-OLD-VERSION,Products
LIN1-LSF-NEW-VERSION,Products
LIN1-CO235T,Products
LIN1-CO235M,Products
LIN1-CO223T,Products
LIN1-CO223M,Products
HAT1-HBGBH-7218,Products
HAT1-HBGBH-4818,Products
ZNS2-0Q0002,Spare parts
ZNS2-0L0612,Spare parts
ZNS2-0L0557,Spare parts
ZNS2-0L0067,Spare parts
ZNS2-0E5056,Spare parts
ZNS2-0C7534,Spare parts
ZNS2-0C7533,Spare parts
ZNS2-0C7181,Spare parts
ZNS2-0C7179,Spare parts
ZNS2-0C2570,Spare parts
ZNS2-0C0139,Spare parts
ZNS2-0C0138,Spare parts
ZNS2-056964,Spare parts
ZNS2-056789,Spare parts
ZNS2-052256,Spare parts
ZNS2-052246,Spare parts
ZNS2-049901,Spare parts
ZNS2-049849,Spare parts
ZNS2-048236,Spare parts
ZNS2-048230,Spare parts
ZAN2-RESI0078,Spare parts
ZAN2-RESI0077,Spare parts
ZAN2-PLAN30T075A,Spare parts
WYO2-2132600,Spare parts
WYO2-2132500,Spare parts
WYO1-HRS30S,Products
WYO1-HRS30,Products
WYO1-HR30,Products
WYO1-GCB24,Products
WOL2-720136,Spare parts
WOL2-720133,Spare parts
WNK1-SH30740,Products
WNK1-SH30736,Products
WNK1-SH30732,Products
WNK1-SH30728,Products
WNK1-FP40M,Products
WNK1-FP36M,Products
WNK1-E04SB4040,Products
WNK1-E04SB2525,Products
WNK1-E04SB2020,Products
WIN2-71002591,Spare parts
WIN2-70004782,Spare parts
WIN2-70004781,Spare parts
WIN2-70003587,Spare parts
WIN2-70003504,Spare parts
WIN2-70002581,Spare parts
WIN2-70002580,Spare parts
WIN2-70002382,Spare parts
WIN2-70002295,Spare parts
WIN2-62001953,Spare parts
WIN2-61005195,Spare parts
WIN2-61005194,Spare parts
WIN2-3125035,Spare parts
WIN2-3125033,Spare parts
WIN2-3124035,Spare parts
WIN2-3124034,Spare parts
WIN2-3104128,Spare parts
WIN2-3104035,Spare parts
WIN2-3104034,Spare parts
WIN2-2310304(GS14),Spare parts
WIN2-2310304,Spare parts
WIN1-GS315-6.3KW,Products
WIN1-GS302-6.3KW,Products
VUL2-405655-4,Spare parts
VUL2-405655-1,Spare parts
VRM2-WN100-33.5,Spare parts
VRM2-WN100-2.3M,Spare parts
VRM2-R40-99,Spare parts
VRM2-R40-98,Spare parts
VRM2-R40-97,Spare parts
VRM2-R20-88.44,Spare parts
VRM2-AR40PH-604Z,Spare parts
VRM2-AR40PH-604M,Spare parts
VRM2-AR005-362-TZ001,Spare parts
VRM2-AR005-024-TZ001,Spare parts
VRM2-AR005-024-TZ-WHITE,Spare parts
VRM2-AR005-022-TZ001WHITE,Spare parts
VRM2-AR005-022-TZ-WHITE,Spare parts
VRM1-AR60-M060-0074,Products
VRM1-AR60-M060-0073,Products
VRM1-AR40-M040-0077,Products
VRM1-AR40-M040-0076-SP-FG,Products
VOL1-9064410,Products
VOL1-90622,Products
VOL1-9054410,Products
VOL1-9052410,Products
VOL1-9042420,Products
VOL1-90412,Products
VOL1-9032420,Products
VOL1-9032410,Products
VOL1-9028420,Products
VOL1-9026420,Products
VOL1-9026410,Products
VOL1-90262,Products
VOL1-9024410,Products
VOL1-9022420,Products
VOL1-9022410,Products
VOL1-90222,Products
VOL1-9008420,Products
VOL1-9006420,Products
VOL1-9002420,Products
VOL1-86129,Products
VOL1-86127,Products
VOL1-86126,Products
VOL1-86125,Products
VOL1-86123,Products
VOL1-86120,Products
VOL1-86117,Products
VOL1-86110,Products
VOL1-86104,Products
VOL1-8038420,Products
VOL1-8034420,Products
VOL1-8032410,Products
VOL1-8008420,Products
VOL1-8006420,Products
VOL1-8004420,Products
VOL1-62324,Products
VOL1-62318,Products
VOL1-62312,Products
VOL1-62311,Products
VOL1-62304,Products
VOL1-62303,Products
VOL1-62302,Products
VOL1-52009,Products
VOL1-52003-30,Products
VOL1-52002-30,Products
VOL1-47068,Products
VOL1-47060,Products
VOL1-34100,Products
VOL1-33900,Products
VOL1-31200,Products
VOL1-31100,Products
UNO2-XRF011,Spare parts
UNO2-XRF008,Spare parts
UNO2-KEL1252A,Spare parts
UNO2-KEL1140A,Spare parts
TS1-EC-3103,Products
TS1-EC-3102,Products
TS1-B-0320,Products
TS1-B-0300,Products
TS1-5F-4DLS12,Products
TRA1-WR1018,Products
TRA1-WR1012,Products
TRA1-WR1010,Products
TRA1-WR1000R,Products
TRA1-SN2420-13,Products
TRA1-SN2414-8,Products
TRA1-PL3,Products
TRA1-PL2,Products
TRA1-PL1,Products
TRA1-67013,Products
TRA1-413-0505,Products
TRA1-1674-91,Products
TRA1-1672-91,Products
TRA1-15524-05,Products
TRA1-15523-05,Products
TRA1-1521-31,Products
TRA1-1521-05,Products
TRA1-1357,Products
TRA1-1354,Products
TRA1-1038-13,Products
TOP1-XDF-5148S-S(5M),Products
TOP1-M98E-507SN12,Products
TOP1-M98E-507SN10,Products
TOP1-M98E-507SG03,Products
TOP1-M98E-506SN12,Products
TOP1-M98E-506SN10,Products
TOP1-M98E-505SN12,Products
TOP1-M98E-505SN06,Products
TOP1-M98E-504SG03,Products
TOP1-M98E-503SN10,Products
TOP1-M98E-501SN10,Products
TOP1-M98E-501SN08,Products
TOP1-M98E-101,Products
TOP1-M98E-100,Products
TOP1-M-H098-SV1,Products
TOP1-M-H098-SV,Products
TOP1-M-098-SV,Products
TOP1-GR200A,Products
TOP1-GR200,Products
TOP1-GR138,Products
TOP1-GR137,Products
TOP1-9870-D,Products
TOP1-9870-C,Products
TOP1-9860-B,Products
TOP1-9860-A,Products
TOP1-9851,Products
TOP1-9822-P3,Products
TOP1-9822-12,Products
TOP1-9820-P3,Products
TOP1-9818-P3,Products
TOP1-9816-P3,Products
TOP1-9816-12,Products
TOP1-9815-P3,Products
TOP1-9814-12,Products
TOP1-9813-P5,Products
TOP1-9813-12,Products
TOP1-9804-P3,Products
TOP1-9803-P3,Products
TOP1-98008M-2,Products
TOP1-98008-2,Products
TOP1-581002,Products
TOP1-20114,Products
TOP1-20109,Products
TOA2-1850856K,Spare parts
TOA2-1850856,Spare parts
TBA2-P996300303,Spare parts
TBA2-P996300203,Spare parts
TBA2-KID5400100,Spare parts
TBA2-K3F5400600,Spare parts
TBA2-K2F9700100-KR,Spare parts
TBA2-K1F0516200,Spare parts
TBA2-K1F0516100,Spare parts
TBA1-KURF18-3-W(750MM),Products
TBA1-KURF18-3-L(750MM),Products
TBA1-KURF15-2-W(750MM),Products
TBA1-KURF15-2-L(750MM),Products
TBA1-KURF12-2-W(750MM),Products
TBA1-KURF12-2-L(750MM),Products
TBA1-KUR9-3D-3-W(750-MM),Products
TBA1-KUR9-3D-3-L(750-MM),Products
TBA1-KUR9-1-W(750-MM),Products
TBA1-KUR9-1-L(750MM),Products
TBA1-KUR18-3D-9(750MM),Products
TBA1-KUR18-3D-9-L(750MM),Products
TBA1-KUR18-3D-6(750MM),Products
TBA1-KUR18-3D-6-L(750MM),Products
TBA1-KUR18-3D-3(750MM),Products
TBA1-KUR18-3D-3-L(750MM),Products
TBA1-KUR18-3-W(750MM)-R,Products
TBA1-KUR18-3-W(750MM),Products
TBA1-KUR18-3-LW(750MM)-R,Products
TBA1-KUR18-3-L(750MM),Products
TBA1-KUR15-3D-6-L(750MM),Products
TBA1-KUR15-3D-3-L(750-MM),Products
TBA1-KUR15-2-W(750MM),Products
TBA1-KUR15-2-L(750MM),Products
TBA1-KUR12-2-W(750MM),Products
TBA1-KUR12-2-L(750MM),Products
TBA1-KUF9-1-W(750-MM),Products
TBA1-KUF9-1-L(750-MM),Products
TBA1-KUF18-3-W(750MM),Products
TBA1-KUF18-3-L(750MM),Products
TBA1-KUF15-3D-6-W(750MM),Products
TBA1-KUF15-3D-6-L(750MM),Products
TBA1-KUF15-3D-3-W(750MM),Products
TBA1-KUF15-3D-3-L(750MM),Products
TBA1-KUF15-2-W(750MM),Products
TBA1-KUF15-2-L(750MM),Products
TBA1-KUF12-2-W(750MM),Products
TBA1-KUF12-2-L(750MM),Products
TBA1-KSR9-1-W(750MM),Products
TBA1-KSR9-1-L(750MM),Products
TBA1-KSR18-3-W(750MM),Products
TBA1-KSR18-3-LW(750MM),Products
TBA1-KSR18-3-LW-RT(750MM),Products
TBA1-KSR18-3-L(750MM),Products
TBA1-KSR15-2-W(750MM),Products
TBA1-KSR15-2-L(750MM),Products
TBA1-KSR12-2-W(750MM),Products
TBA1-KSR12-2-L(750MM),Products
TBA1-KRF65-6-W,Products
TBA1-KRF65-6-L,Products
TBA1-KRF45-4H-W,Products
TBA1-KRF45-4H-L,Products
TBA1-KRF25-2-LW,Products
TBA1-KRF25-2-L,Products
TBA1-KR65-6G-W,Products
TBA1-KR65-6G-LW,Products
TBA1-KR65-6-W,Products
TBA1-KR65-6-L,Products
TBA1-KR65-3G-W,Products
TBA1-KR65-3G-L,Products
TBA1-KR65-3-W,Products
TBA1-KR65-3-L,Products
TBA1-KR45-4G-W,Products
TBA1-KR45-4G-L,Products
TBA1-KR45-4-W,Products
TBA1-KR45-4-L,Products
TBA1-KR45-2G-W,Products
TBA1-KR45-2G-L,Products
TBA1-KR45-2-LW,Products
TBA1-KR45-2-L,Products
TBA1-KR25-2G-L,Products
TBA1-KR25-2-W,Products
TBA1-KR25-2-L,Products
TBA1-KR25-1G-W,Products
TBA1-KR25-1G-LW,Products
TBA1-KR25-1-W,Products
TBA1-KR25-1-LW,Products
TBA1-KHR9-1-W(750-MM),Products
TBA1-KHR9-1-LW(750-MM),Products
TBA1-KHR9-1-L(750-MM),Products
TBA1-KHR18-3-LW(750MM),Products
TBA1-KHR18-3-L(750-MM),Products
TBA1-KHR15-2-W(750-MM),Products
TBA1-KHR15-2-LW(750-MM),Products
TBA1-KHR15-2-L(750-MM),Products
TBA1-KHR12-2-W(750MM),Products
TBA1-KHR12-2-LW(750MM),Products
TBA1-KHR12-2-L(750MM),Products
TBA1-KGR9-1-W(750MM),Products
TBA1-KGR9-1-L(750MM),Products
TBA1-KGR18-3-LW(750-MM),Products
TBA1-KGR18-3-L(750-MM),Products
TBA1-KGR15-2-W(750-MM),Products
TBA1-KGR15-2-LW(750-MM),Products
TBA1-KGR15-2-L(750-MM),Products
TBA1-KGR12-2-W(750MM),Products
TBA1-KGR12-2-L(750MM),Products
TBA1-KF65-6-W,Products
TBA1-KF65-6-LW,Products
TBA1-KF65-6-L,Products
TBA1-KF65-3-W,Products
TBA1-KF65-3-LW,Products
TBA1-KF65-3-L,Products
TBA1-KF45-4G-W,Products
TBA1-KF45-4G-L,Products
TBA1-KF45-4-W,Products
TBA1-KF45-4-LW,Products
TBA1-KF45-2G-W,Products
TBA1-KF45-2G-L,Products
TBA1-KF45-2-W,Products
TBA1-KF45-2-L,Products
TBA1-KF25-2G-W,Products
TBA1-KF25-2G-LW,Products
TBA1-KF25-2-W,Products
TBA1-KF25-2-L,Products
TBA1-KF25-1G-W,Products
TBA1-KF25-1G-L,Products
TBA1-KF25-1-W,Products
TBA1-KF25-1-LW,Products
TAC1-R247,Products
TAC1-R2212,Products
TAC1-R169,Products
TAC1-CB1824YB,Products
TAC1-CB1824YA,Products
TAC1-CB1824WB,Products
TAC1-CB1824WA,Products
TAC1-CB1824RB,Products
TAC1-CB1824RA,Products
TAC1-CB1824GNB,Products
TAC1-CB1824BRB,Products
TAC1-CB1824BRA,Products
TAC1-CB1824BLB,Products
TAC1-CB1520YB,Products
TAC1-CB1520YA,Products
TAC1-CB1520WA,Products
TAC1-BK37510,Products
TAC1-BK37508,Products
TAC1-BK37410,Products
TAC1-A217,Products
TAC1-A207,Products
TAC1-A1915,Products
TAC1-A1613,Products
TAC1-A139,Products
STS1-UTCR-C,Products
STS1-STAND-C,Products
STS1-FTB-C,Products
STS1-FT-C,Products
STS1-CUSTOM,Products
STS1-COVER-C,Products
SKP2-PM002H0092,Spare parts
SKP2-PM002H0091,Spare parts
SKP2-P996300303,Spare parts
SKP2-P996300203,Spare parts
SKP2-AS25C00200,Spare parts
SKP2-AS25C00100,Spare parts
SKP2-AM075S0020,Spare parts
SKP2-AM075S0010,Spare parts
SKP1-SIM-300A,Products
SKP1-SIM-200A,Products
SKP1-SIM-100A,Products
SIR2-LF2013040,Spare parts
SIR2-LF2013038,Spare parts
SIR2-IB4104011,Spare parts
SIR2-IB4104010,Spare parts
SIR2-IB4004021,Spare parts
SIR2-IB4004020,Spare parts
SIR2-60,Spare parts
SIR2-19560156,Spare parts
SIR2-19560154,Spare parts
SIR2-19534072,Spare parts
SIR2-19534026,Spare parts
SIR2-19534023,Spare parts
SIR2-19522652,Spare parts
SIR2-19522615,Spare parts
SIR2-19510251A,Spare parts
SIR2-19510250.09,Spare parts
SIR2-19390754,Spare parts
SIR2-19390601,Spare parts
SIR2-19310365,Spare parts
SIR2-19310364.07,Spare parts
SIR1-W8-TOP-50-BX-DB,Products
SIR1-W8-TOP-50-BX,Products
SIR1-W8-TOP-40-DX-AOR,Products
SIR1-W8-40-EASY-TOUCH-BX,Products
SIR1-VORTEX-75VT,Products
SIR1-VORTEX-43-VT,Products
SIR1-TC22-COLORADO-MN,Products
SIR1-TC22-BARCELLONA-TU,Products
SIR1-SOFTCOOKER-WI-FOOD-X,Products
SIR1-QUARZO250,Products
SIR1-PALLADIO350-ING,Products
SIR1-ORIONE-Q-VV,Products
SIR1-MIRRA300,Products
SIR1-MIRRA250C,Products
SIR1-MIRRA-300-Y09,Products
SIR1-HERCULES-30-TA-2V-CE,Products
SIR1-EASYVAC-TOUCH-40-BX,Products
SIR1-EASYVAC-TOUCH-30-BX-4,Products
SIR1-EASYVAC-TOUCH-30-BX,Products
SIR1-CREPES-1-MOLD-KOR.-CE,Products
SIR1-CREPES-1-LS-KOR.-CE,Products
SIR1-CANOVA300,Products
SIR1-CANOVA275,Products
SIR1-APOLLO-Y15-CHR-SS-CE,Products
SIR1-APOLLO-W-O-LEVER,Products
SIR1-6Q-2800W,Products
SIR1-6Q-2400W,Products
SEV2-SC-21CL,Spare parts
SEV2-SC-18CL,Spare parts
SEV2-SC-15CL,Spare parts
SEV2-NL8.4CLX,Spare parts
SEV2-GP16TB,Spare parts
SEV2-GP16FB,Spare parts
SEV2-GP14FB,Spare parts
SEV2-GLY80RAA,Spare parts
SEV2-990098900,Spare parts
SEV2-990072700,Spare parts
SEA1-TS806WH,Products
SEA1-TS806COB,Products
SEA1-RT7GNNTC,Products
SEA1-RT1025BLC,Products
SEA1-RO128GNNTC,Products
SEA1-RO117GNNTC,Products
SEA1-NG101ST-FG,Products
SEA1-NG101SG,Products
SEA1-NG101PH,Products
SEA1-NG101MV,Products
SEA1-NG101CB,Products
SEA1-NG101BU,Products
SAV1-SW22,Products
SAV1-SW18,Products
SAV1-SG22C+SC22FC,Products
SAN2-65274,Spare parts
SAN2-65273,Spare parts
SAN2-65272,Spare parts
SAN2-65271,Spare parts
SAN2-62347,Spare parts
SAN2-62114,Spare parts
SAN2-62106,Spare parts
SAN2-53538,Spare parts
SAN2-53260,Spare parts
SAN2-53230,Spare parts
SAN2-52513,Spare parts
SAN2-52512,Spare parts
SAN2-50220,Spare parts
SAN2-28875,Spare parts
SAN2-09167,Spare parts
SAN1-62DCA,Products
SAN1-62,Products
SAN1-37-4P,Products
SAN1-37-4I,Products
SAN1-37-2P,Products
SAN1-37-2LP,Products
SAM2-4039060,Spare parts
SAM2-2509328,Spare parts
SAM2-2509326,Spare parts
SAM2-2119012,Spare parts
SAM1-CA300-FR3,Products
SAM1-CA300-FR2,Products
SAM1-CA300-FM20,Products
SAM1-CA300-FM10,Products
SAM1-CA300-FF8,Products
SAM1-CA300-FF6,Products
SAM1-CA300-FCC5,Products
SAM1-CA300-FCC3,Products
SAM1-CA300-FCC2,Products
SAM1-CA300-FC6,Products
SAM1-CA300-FC3,Products
SAM1-CA300-FC14,Products
SAM1-CA300-FC10,Products
RTN2-87.01.076,Spare parts
RTN2-87.01.075,Spare parts
RTN2-44.01.569,Spare parts
RTN2-44.01.470,Spare parts
RTN2-42.00.002P,Spare parts
RTN2-24.03.191,Spare parts
RTN2-24.02.923,Spare parts
RTN2-24.02.920,Spare parts
ROU2-4010137,Spare parts
ROU2-4010110,Spare parts
RON2-W630L6920-FABRIC,Spare parts
RON2-W630L3500,Spare parts
RON2-W630L3370,Spare parts
RON2-W630L2710,Spare parts
RON2-W630L2600,Spare parts
RON2-W620L2790,Spare parts
RON2-W620L2770,Spare parts
RON2-W620L1320,Spare parts
RON2-W610L3710,Spare parts
RON2-W610L3420,Spare parts
RON2-W610L2630,Spare parts
RON2-W600L2850,Spare parts
RON2-W600L2400,Spare parts
RON2-W600L2320,Spare parts
RON2-W597L2476,Spare parts
RON2-W590L2450,Spare parts
RON2-W580L2700,Spare parts
RON2-W580L1670,Spare parts
RON2-W570L2480,Spare parts
RON2-W560L2000,Spare parts
RON2-W525L2620,Spare parts
RON2-W500L2500,Spare parts
RON2-W500L2370,Spare parts
RON2-W500L2120,Spare parts
RON2-W500L2050,Spare parts
RON2-W500L1980,Spare parts
RON2-W500L1690,Spare parts
RON2-W500L1640,Spare parts
RON2-W500L1060,Spare parts
RON2-W485L1420,Spare parts
RON2-W480L1480,Spare parts
RON2-W480L1450,Spare parts
RON2-W470L2400,Spare parts
RON2-W470L1500,Spare parts
RON2-W470L1480,Spare parts
RON2-W470L1470,Spare parts
RON2-W470L1460,Spare parts
RON2-W470L1440,Spare parts
RON2-99077,Spare parts
RON2-50717,Spare parts
RON2-50659,Spare parts
RON2-123343,Spare parts
RON2-121334T02,Spare parts
RON2-121334T01,Spare parts
RON2-106221,Spare parts
RON2-106218,Spare parts
ROL2-SH01106,Spare parts
ROL2-SH01105,Spare parts
ROL2-SH01035,Spare parts
ROL1-WDL200I,Products
ROL1-WDL200,Products
ROL1-WDL100,Products
ROL1-WD780DN,Products
ROL1-WD780DI,Products
ROL1-WD200I,Products
ROL1-SEM600Q-220,Products
ROL1-SEM600PDS,Products
ROL1-SAVOYE-RB,Products
ROL1-SAVOYE-R,Products
ROL1-RFG16-C,Products
ROL1-RFG16,Products
ROL1-RFE8D,Products
ROL1-RFE12,Products
ROL1-RF8S,Products
ROL1-RF5S,Products
ROL1-RF12S1P,Products
ROL1-PZ430S,Products
ROL1-PZ430D,Products
ROL1-PZ4302D,Products
ROL1-PSR600G,Products
ROL1-PSR600EE,Products
ROL1-PSR600E-380V,Products
ROL1-PSR600E-220V,Products
ROL1-PSR400E,Products
ROL1-PREMIUM,Products
ROL1-PANINI-XLL,Products
ROL1-PANINI-XLE,Products
ROL1-PANINI-RB,Products
ROL1-PANINI-R,Products
ROL1-GES80-B,Products
ROL1-GES80,Products
ROL1-FC60TQ,Products
ROL1-FC60P,Products
ROL1-FC280,Products
ROL1-FC260,Products
ROL1-FC110EG,Products
ROL1-FC110E,Products
ROL1-CT540-B,Products
ROL1-CT540,Products
ROL1-CSE400,Products
ROL1-CSE350,Products
ROL1-CO60,Products
ROL1-CO6,Products
ROL1-BMP11,Products
ROL1-BML11,Products
ROE2-89586,Spare parts
ROE2-89554,Spare parts
ROE2-59603,Spare parts
ROE2-59602,Spare parts
ROE2-59601,Spare parts
ROE2-59600,Spare parts
ROE2-59540,Spare parts
ROE2-59531,Spare parts
ROE2-59518,Spare parts
ROE2-59517,Spare parts
ROE2-59514,Spare parts
ROE2-59506,Spare parts
ROE2-59501,Spare parts
ROE2-59426,Spare parts
ROE2-59411,Spare parts
ROE2-59410,Spare parts
ROE2-59286,Spare parts
ROE2-59284,Spare parts
ROE2-59208,Spare parts
ROE2-59205,Spare parts
ROE2-57072,Spare parts
ROE2-57069,Spare parts
ROE2-49169,Spare parts
ROE2-49168,Spare parts
ROE2-49096,Spare parts
ROE2-49094,Spare parts
ROE2-49063,Spare parts
ROE2-400540,Spare parts
ROE2-400539,Spare parts
ROE2-400402,Spare parts
ROE2-400325,Spare parts
ROE2-400315,Spare parts
ROE2-39979,Spare parts
ROE2-39978,Spare parts
ROE2-39940,Spare parts
ROE2-39938,Spare parts
ROE2-39937,Spare parts
ROE2-39936,Spare parts
ROE2-39784,Spare parts
ROE2-39757,Spare parts
ROE2-39293,Spare parts
ROE2-39288,Spare parts
ROE2-39278,Spare parts
ROE2-39115,Spare parts
ROE2-39113,Spare parts
ROE2-303250,Spare parts
ROE2-303031,Spare parts
ROE2-303029,Spare parts
ROE2-302045,Spare parts
ROE2-29936,Spare parts
ROE2-29934,Spare parts
ROE2-29927,Spare parts
ROE2-29913,Spare parts
ROE2-29739,Spare parts
ROE2-29709,Spare parts
ROE2-29578,Spare parts
ROE2-29455,Spare parts
ROE2-29344,Spare parts
ROE2-29283,Spare parts
ROE2-27225,Spare parts
ROE2-121748,Spare parts
ROE2-119180,Spare parts
ROE2-118560,Spare parts
ROE2-118397,Spare parts
ROE2-118217S,Spare parts
ROE2-117777,Spare parts
ROE2-117641,Spare parts
ROE2-117104,Spare parts
ROE2-104943,Spare parts
ROE2-102060,Spare parts
ROE2-101843,Spare parts
ROE2-101279,Spare parts
ROE2-100702,Spare parts
ROE1-R8E-VV,Products
ROE1-R45,Products
ROE1-R402A-230V-50HZ-1PH,Products
ROE1-R402-VV,Products
ROE1-R402-230V-50HZ-1PH,Products
ROE1-R4-1500,Products
ROE1-R3D-3000,Products
ROE1-R3D-1500,Products
ROE1-R301-ULTRA-D,Products
ROE1-R23A,Products
ROE1-R10VV,Products
ROE1-MP450VV-ULTRA-LED,Products
ROE1-MP450ULTRA-COMBI-LED,Products
ROE1-MP450-ULTRA-LED,Products
ROE1-MP450-ULTRA-FW-XL,Products
ROE1-MP350ULTRA-COMBI-LED,Products
ROE1-MP350-ULTRA-LED,Products
ROE1-MINI-MP-240VV.A,Products
ROE1-MINI-MP-240-COMBI,Products
ROE1-CMP300VV-B,Products
ROE1-CMP300COMBI-B,Products
ROE1-CMP250-COMBI-B,Products
ROE1-CL52,Products
ROE1-CL50E-ULTRA,Products
ROE1-CL50-GOURMET,Products
ROE1-BLIXER3D,Products
ROB2-PS0127,Spare parts
ROB2-MS0506,Spare parts
ROB1-ST500AR,Products
ROB1-ST500AB,Products
ROB1-ST500A,Products
ROB1-ST350AR,Products
ROB1-ST350AB,Products
ROB1-ST350A,Products
ROB1-PS50,Products
ROB1-PS100,Products
ROB1-PA50,Products
ROB1-PA100,Products
ROB1-HP9C,Products
ROB1-HP9B,Products
ROB1-HP505C,Products
ROB1-HP505B,Products
ROB1-HP15,Products
ROB1-HL150,Products
ROB1-HE900L,Products
ROB1-HE1200,Products
ROB1-GSA815R,Products
ROB1-GSA810R,Products
ROB1-FR28,Products
ROB1-FR25,Products
ROB1-FR18,Products
ROB1-FR15,Products
ROB1-F28,Products
ROB1-F25,Products
ROB1-DM31W,Products
ROB1-DM31R,Products
ROB1-DM31B,Products
ROB1-BM4,Products
ROB1-BM2A,Products
ROB1-BM2,Products
ROB1-BM1B,Products
ROB1-BM1,Products
RJ2-SPFCS-0088,Spare parts
RJ2-SPFCS-0087,Spare parts
RJ2-SPFCS-00,Spare parts
RIN1-RR-55A,Products
RHE2-07646,Spare parts
RHE2-07645,Spare parts
RHE1-CHEF-Z7,Products
RHE1-CHEF-Z3,Products
RHE1-CHEF-Z2,Products
RHE1-CHEF-V,Products
RHE1-CHEF-H8,Products
RHE1-CHEF-H6,Products
RHE1-CHEF-H4,Products
RHE1-CHEF-H2.5,Products
RHE1-CHEF-H10,Products
RHE1-CHEF-E8SAW,Products
RHE1-CHEF-E8-O,Products
RHE1-CHEF-E8,Products
RHE1-CHEF-E6SAW,Products
RHE1-CHEF-E6-O,Products
RHE1-CHEF-E6,Products
RHE1-CHEF-E5,Products
RHE1-CHEF-E4-O,Products
RHE1-CHEF-E4,Products
RHE1-CHEF-E3S,Products
RHE1-CHEF-E3-O,Products
RHE1-CHEF-E3,Products
RHE1-CHEF-E2S,Products
RHE1-CHEF-E2,Products
RHE1-CHEF-E14SAW,Products
RHE1-CHEF-E14-O,Products
RHE1-CHEF-E14,Products
RHE1-CHEF-E10-O,Products
RHE1-CHEF-E10,Products
RHE1-CHEF-E1,Products
RHE1-CHEF-D8X8,Products
RHE1-CHEF-D20X20,Products
RHE1-CHEF-D12X12,Products
RHE1-CHEF-D10X10,Products
RHE1-CHEF-B8,Products
RHE1-CHEF-B6,Products
RHE1-CHEF-B10,Products
REG2-144-62,Spare parts
REG2-013-57,Spare parts
REF1-UCH-1320SSWF,Products
REF1-UCH-1320SSLF,Products
REF1-00036,Products
REF1-00028,Products
REF1-00027,Products
RAV1-WINESAVER-B,Products
RAN1-EPOCA-ST1-GREY,Products
RAN1-EPOCA-S1-RED,Products
RAN1-EPOCA-S1-GREY,Products
RAN1-EPOCA-E2-RED,Products
RAN1-EPOCA-E2-GREY,Products
RAN1-EPOCA-DE2-RED,Products
RAN1-DP2,Products
RAN1-CLASSE8-S2-GR-INOX,Products
RAN1-CLASSE8-DE2-GR-INOX,Products
PUJ1-946.004,Products
PUJ1-946.003,Products
PUJ1-946.002,Products
PUJ1-946.001,Products
PUJ1-893.035,Products
PUJ1-893.025,Products
PUJ1-892.100,Products
PUJ1-892.060,Products
PUJ1-892.035,Products
PUJ1-892.025,Products
PUJ1-892.015,Products
PUJ1-891.100,Products
PUJ1-891.035,Products
PUJ1-890.060,Products
PUJ1-890.035,Products
PUJ1-890.025,Products
PUJ1-882.100,Products
PUJ1-882.035,Products
PUJ1-882.015,Products
PUJ1-839.000,Products
PUJ1-807.000,Products
PUJ1-806.000,Products
PUJ1-777.448,Products
PUJ1-777.440,Products
PUJ1-761.035,Products
PUJ1-760.050,Products
PUJ1-759.045,Products
PUJ1-757.060,Products
PUJ1-756.045,Products
PUJ1-755.070,Products
PUJ1-754.035,Products
PUJ1-753.035,Products
PUJ1-752.040,Products
PUJ1-365.100,Products
PUJ1-365.000,Products
PUJ1-360.100,Products
PUJ1-360.000,Products
PUJ1-350.535,Products
PUJ1-350.530,Products
PUJ1-350.435,Products
PUJ1-350.430,Products
PUJ1-350.426,Products
PUJ1-334.100,Products
PUJ1-334.050,Products
PUJ1-330.070,Products
PUJ1-330.050,Products
PUJ1-330.035,Products
PUJ1-325.008,Products
PUJ1-317.430,Products
PUJ1-317.425,Products
PUJ1-316.045,Products
PUJ1-316.035,Products
PUJ1-316.025,Products
PUJ1-313.126,Products
PUJ1-313.030,Products
PUJ1-308.050,Products
PUJ1-308.040,Products
PUJ1-302.216,Products
PUJ1-302.214,Products
PUJ1-302.212,Products
PUJ1-302.210,Products
PUJ1-299.060,Products
PUJ1-299.050,Products
PUJ1-299.045,Products
PUJ1-299.040,Products
PUJ1-299.035,Products
PUJ1-299.032,Products
PUJ1-299.030,Products
PUJ1-299.028,Products
PUJ1-299.024,Products
PUJ1-299.020,Products
PUJ1-242.035,Products
PUJ1-242.032,Products
PUJ1-242.028,Products
PUJ1-241.040,Products
PUJ1-240.050,Products
PUJ1-240.040,Products
PUJ1-23810,Products
PUJ1-23800,Products
PUJ1-216.040,Products
PUJ1-216.032,Products
PUJ1-216.028,Products
PUJ1-216.024,Products
PUJ1-216.020,Products
PUJ1-216.018,Products
PUJ1-213.032,Products
PUJ1-213.020,Products
PUJ1-212.020,Products
PUJ1-212.018,Products
PUJ1-210.202,Products
PUJ1-210.201,Products
PUJ1-209.060,Products
PUJ1-209.050,Products
PUJ1-209.045,Products
PUJ1-209.040,Products
PUJ1-209.035,Products
PUJ1-209.032,Products
PUJ1-209.030,Products
PUJ1-209.028,Products
PUJ1-209.024,Products
PUJ1-209.020,Products
PUJ1-209.018,Products
PUJ1-209.016,Products
PUJ1-205.024,Products
PUJ1-205.020,Products
PUJ1-204.040,Products
PUJ1-204.032,Products
PUJ1-204.028,Products
PUJ1-204.024,Products
PUJ1-204.020,Products
PUJ1-203.024,Products
PUJ1-203.020,Products
PUJ1-203.018,Products
PUJ1-202.032,Products
PUJ1-202.028,Products
PUJ1-202.024,Products
PUJ1-202.020,Products
PUJ1-202.018,Products
PUJ1-202.016,Products
PUJ1-201.028,Products
PUJ1-201.024,Products
PUJ1-201.020,Products
PUJ1-201.018,Products
PUJ1-201.016,Products
PUJ1-200.116,Products
PUJ1-200.028,Products
PUJ1-200.024,Products
PUJ1-200.022,Products
PUJ1-200.020,Products
PUJ1-200.018,Products
PUJ1-200.016,Products
PUJ1-148.032,Products
PUJ1-148.028,Products
PUJ1-148.024,Products
PUJ1-148.020,Products
PUJ1-128.124,Products
PUJ1-128.032,Products
PUJ1-128.028,Products
PUJ1-128.024,Products
PUJ1-124.032,Products
PUJ1-123.160,Products
PUJ1-123.060,Products
PUJ1-123.040,Products
PUJ1-122.050,Products
PUJ1-122.040,Products
PUJ1-120.040,Products
PUJ1-120.032,Products
PUJ1-120.028,Products
PUJ1-120.024,Products
PUJ1-120.020,Products
PUJ1-120.018,Products
PUJ1-118.360,Products
PRC1-TK-SC45,Products
PRC1-TK-SC20,Products
PRC1-TK-OVD25,Products
PRC1-TK-OVD22,Products
PRC1-TK-MCHSQ03,Products
PRC1-TK-MCHSQ02,Products
PRC1-TK-MCHP03PVDG,Products
PRC1-TK-MCHP03,Products
PRC1-TK-MCHH4,Products
PRC1-TK-MCHH3,Products
PRC1-TK-MCHH2,Products
PRC1-T32XW-20G,Products
PRC1-T32XW-10G,Products
PRC1-MCK-30K,Products
PRC1-KK-UT16HVGR,Products
PRC1-KK-UT16HVBL,Products
PRC1-DWA-6,Products
PRC1-DRC-6,Products
PRC1-BSK-CD6,Products
PRC1-BSK-CD5,Products
PRC1-BSK-CD4,Products
PRC1-BK-PZ-DRPE878,Products
PRC1-BK-PZ-DRPE800,Products
PRC1-BK-PM100,Products
PRC1-BK-PM080,Products
PRC1-BK-PM060,Products
PMF2-5R500028,Spare parts
PMF1-TRAYS-4,Products
PMF1-IBV-40-EVO,Products
PMF1-IBV-20-EVO,Products
PMF1-IBT-50-2V-EVO,Products
PMF1-IBT-20-2V-EVO,Products
PMF1-GAS-6-GPL,Products
PMF1-GAS-4-GPL,Products
PMF1-BASIC-XL-6L,Products
PMF1-BASIC-66,Products
PMF1-BASIC-6,Products
PMF1-BASIC-44,Products
PMF1-BASIC-4,Products
PIT2-60127702,Spare parts
PIT2-60127701,Spare parts
PIM2-SM150000037,Spare parts
PIM2-SM150000036,Spare parts
PIM2-SM150000035,Spare parts
PIM2-SM150000032,Spare parts
PIM2-SM150000029,Spare parts
PIM2-SM150000026,Spare parts
PIM2-SM150000025,Spare parts
PIM2-SM150000023,Spare parts
PIM2-SM150000021,Spare parts
PIM2-SM150000020,Spare parts
PIM2-SM150000013,Spare parts
PIM2-SM150000012,Spare parts
PIM2-SM150000009,Spare parts
PIM2-SM150000007,Spare parts
PIM2-SM150000005,Spare parts
PIM2-SM150000004,Spare parts
PIM2-SM150000001,Spare parts
PIM2-SM100000038,Spare parts
PIM2-SM100000032,Spare parts
PIM2-SM100000031,Spare parts
PIM2-SM100000021,Spare parts
PIM2-SM100000013,Spare parts
PIM2-SM100000007,Spare parts
PIM2-SM100000006,Spare parts
PIM2-SM100000005,Spare parts
PIM2-SM100000002,Spare parts
PIM2-SM100000001,Spare parts
PIM2-SM-60L-211,Spare parts
PIM2-SM-50L-60L-109,Spare parts
PIM2-SM-50L-207,Spare parts
PIM2-SM-40L-102,Spare parts
PIM2-SM-30L-40L-101,Spare parts
PIM2-SM-30L-102,Spare parts
PIM2-SM-20L-102,Spare parts
PIM2-SM-20L-101,Spare parts
PIM2-PMG-30L-WH-708,Spare parts
PIM2-PMG-30L-WH-706,Spare parts
PIM2-PMG-30L-WH-307,Spare parts
PIM2-PMG-30L-WH-304,Spare parts
PIM2-PMG-30L-WH-1204,Spare parts
PIM2-PMG-30L-WH-1202,Spare parts
PIM2-PMG-30L-WH-1201,Spare parts
PIM2-PM-40L-SV-04,Spare parts
PIM2-PM-30L-SV-7,Spare parts
PIM2-PM-30L-SV-18,Spare parts
PIM2-PM-30L-SV-135,Spare parts
PIM2-PM-20L-SV-96,Spare parts
PIM2-PM-20L-SV-79,Spare parts
PIM2-PM-20L-SV-75,Spare parts
PIM2-PM-20L-SV-44,Spare parts
PIM2-PM-20L-SV-34,Spare parts
PIM2-PM-20L-SV-22,Spare parts
PIM2-PM-20L-SV-17,Spare parts
PIM2-PM-20L-SV-16,Spare parts
PIM2-PM-20L-SV-11,Spare parts
PIM2-PM-20L-SV-100,Spare parts
PIM2-JD180000039,Spare parts
PIM2-JD180000037,Spare parts
PIM2-JD180000036,Spare parts
PIM2-JD180000035,Spare parts
PIM2-JD180000034,Spare parts
PIM2-JD180000031,Spare parts
PIM2-JD180000025,Spare parts
PIM2-JD180000021,Spare parts
PIM2-JD180000018,Spare parts
PIM2-JD180000013,Spare parts
PIM2-JD180000012,Spare parts
PIM2-JD180000011,Spare parts
PIM2-JD180000010,Spare parts
PIM2-JD180000009,Spare parts
PIM2-JD180000006,Spare parts
PIM2-JD180000002,Spare parts
PIM2-JD10000009,Spare parts
PIM2-JD10000006,Spare parts
PIM2-JD10000001,Spare parts
PIM2-IMB850-650W-BL550-24,Spare parts
PIM2-IMB850-650W-BL550-22,Spare parts
PIM2-IMB850-650W-BL550-21,Spare parts
PIM2-IMB850-650W-BL550-20,Spare parts
PIM2-IMB850-650W-BL550-19,Spare parts
PIM2-IMB850-650W-BL550-18,Spare parts
PIM2-IMB850-650W-BL550-16,Spare parts
PIM2-IMB850-650W-BL550-15,Spare parts
PIM2-IMB850-650W-BL550-14,Spare parts
PIM2-IMB850-650W-BL550-13,Spare parts
PIM2-IMB850-650W-BL550-12,Spare parts
PIM2-IMB850-650W-BL550-11,Spare parts
PIM2-IMB850-650W-BL550-10,Spare parts
PIM2-IMB850-650W-BL550-09,Spare parts
PIM2-IMB850-650W-BL550-08,Spare parts
PIM2-IMB850-650W-BL550-07,Spare parts
PIM2-IMB850-650W-BL550-06,Spare parts
PIM2-IMB850-650W-BL550-01,Spare parts
PIM2-IMB650-650W-BL450-24,Spare parts
PIM2-IMB650-650W-BL450-22,Spare parts
PIM2-IMB650-650W-BL450-21,Spare parts
PIM2-IMB650-650W-BL450-20,Spare parts
PIM2-IMB650-650W-BL450-19,Spare parts
PIM2-IMB650-650W-BL450-18,Spare parts
PIM2-IMB650-650W-BL450-17,Spare parts
PIM2-IMB650-650W-BL450-16,Spare parts
PIM2-IMB650-650W-BL450-15,Spare parts
PIM2-IMB650-650W-BL450-14,Spare parts
PIM2-IMB650-650W-BL450-13,Spare parts
PIM2-IMB650-650W-BL450-12,Spare parts
PIM2-IMB650-650W-BL450-10,Spare parts
PIM2-IMB650-650W-BL450-09,Spare parts
PIM2-IMB650-650W-BL450-08,Spare parts
PIM2-IMB650-650W-BL450-07,Spare parts
PIM2-IMB650-650W-BL450-06,Spare parts
PIM2-IMB650-650W-BL450-03,Spare parts
PIM2-IMB650-650W-BL450-01,Spare parts
PIM2-IMB450-450W-BL350-24,Spare parts
PIM2-IMB450-450W-BL350-21,Spare parts
PIM2-IMB450-450W-BL350-13,Spare parts
PIM2-IMB450-450W-BL350-11,Spare parts
PIM2-IMB450-450W-BL350-02,Spare parts
PIM2-IMB220-270W-BL250-23,Spare parts
PIM2-IMB220-270W-BL250-22,Spare parts
PIM2-IMB220-270W-BL250-21,Spare parts
PIM2-IMB220-270W-BL250-19,Spare parts
PIM2-IMB220-270W-BL250-17,Spare parts
PIM2-IMB220-270W-BL250-16,Spare parts
PIM2-IMB220-270W-BL250-15,Spare parts
PIM2-IMB220-270W-BL250-14,Spare parts
PIM2-HN-MB35,Spare parts
PIM2-FRZ43-4D-L-WSL1135,Spare parts
PIM2-FRZ43-4D-L-RBDS566,Spare parts
PIM2-FRZ43-4D-L-MBB,Spare parts
PIM2-FRZ43-4D-L-FDFH,Spare parts
PIM2-FRZ43-4D-L-EPTF,Spare parts
PIM2-FRZ43-4D-L-EPT,Spare parts
PIM2-FRZ43-4D-L-CDSF,Spare parts
PIM2-FRZ43-4D-L-CDS,Spare parts
PIM2-FRZ43-2D-L-WSL505,Spare parts
PIM2-FRZ43-2D-L-RBDS566,Spare parts
PIM2-FRZ43-2D-L-MBB,Spare parts
PIM2-FRZ43-2D-L-EPTF,Spare parts
PIM2-FRZ43-2D-L-EPT,Spare parts
PIM2-FRZ43-2D-L-CDSF,Spare parts
PIM2-FRZ43-2D-L-CDS,Spare parts
PIM2-FRZ18-3D-L75-WSL,Spare parts
PIM2-FRZ18-3D-L75-RBDS,Spare parts
PIM2-FRZ18-3D-L75-MBB,Spare parts
PIM2-FRZ18-3D-L75-FDFH,Spare parts
PIM2-FRZ18-3D-L75-EPTF,Spare parts
PIM2-FRZ18-3D-L75-EPT,Spare parts
PIM2-FRZ18-3D-L75-CDSF,Spare parts
PIM2-FRZ18-3D-L75-CDS,Spare parts
PIM2-FRZ15-2D-L75-WSL1050,Spare parts
PIM2-FRZ15-2D-L75-RBDS530,Spare parts
PIM2-FRZ15-2D-L75-MBB,Spare parts
PIM2-FRZ15-2D-L75-FDFH,Spare parts
PIM2-FRZ15-2D-L75-EPTF,Spare parts
PIM2-FRZ15-2D-L75-EPT,Spare parts
PIM2-FRZ15-2D-L75-CDSF,Spare parts
PIM2-FRZ15-2D-L75-CDS,Spare parts
PIM2-FRZ12-2D-L75-WSL750,Spare parts
PIM2-FRZ12-2D-L75-RBDS380,Spare parts
PIM2-FRZ12-2D-L75-MBB,Spare parts
PIM2-FRZ12-2D-L75-FDFH,Spare parts
PIM2-FRZ12-2D-L75-EPTF,Spare parts
PIM2-FRZ12-2D-L75-EPT,Spare parts
PIM2-FRZ12-2D-L75-CDSF,Spare parts
PIM2-FRZ12-2D-L75-CDS,Spare parts
PIM2-DR520-CVB-2300,Spare parts
PIM2-DR520-CVB-2160,Spare parts
PIM2-DDR-30-069,Spare parts
PIM2-DDR-30-052,Spare parts
PIM2-CHL43-4D-L-WSL1135,Spare parts
PIM2-CHL43-4D-L-RBDS566,Spare parts
PIM2-CHL43-4D-L-MBB,Spare parts
PIM2-CHL43-4D-L-EPTF,Spare parts
PIM2-CHL43-4D-L-EPT,Spare parts
PIM2-CHL43-4D-L-CDSF,Spare parts
PIM2-CHL43-4D-L-CDS,Spare parts
PIM2-CHL18-3D-L75-WSL,Spare parts
PIM2-CHL18-3D-L75-RBDS,Spare parts
PIM2-CHL18-3D-L75-MBB,Spare parts
PIM2-CHL18-3D-L75-EPTF,Spare parts
PIM2-CHL18-3D-L75-EPT,Spare parts
PIM2-CHL18-3D-L75-CDSF,Spare parts
PIM2-CHL18-3D-L75-CDS,Spare parts
PIM2-CHL15-2D-L75-WSL1050,Spare parts
PIM2-CHL15-2D-L75-RBDS530,Spare parts
PIM2-CHL15-2D-L75-MBB,Spare parts
PIM2-CHL15-2D-L75-EPTF,Spare parts
PIM2-CHL15-2D-L75-EPT,Spare parts
PIM2-CHL15-2D-L75-CDSF,Spare parts
PIM2-CHL15-2D-L75-CDS,Spare parts
PIM2-CHL12-2D-L75-WSL750,Spare parts
PIM2-CHL12-2D-L75-EPTF,Spare parts
PIM2-CHL12-2D-L75-EPT,Spare parts
PIM2-CHL12-2D-L75-CDSF,Spare parts
PIM2-CHL12-2D-L75-CDS,Spare parts
PIM2-CF7-SSA-NEW,Spare parts
PIM2-CF7-SSA,Spare parts
PIM2-CF7-103-10-FLANGE,Spare parts
PIM2-CF6-SSA-NEW,Spare parts
PIM2-CF6-SSA-10,Spare parts
PIM2-CF6-SSA,Spare parts
PIM2-CF6-82MO-NEW,Spare parts
PIM2-CF6-82MO,Spare parts
PIM2-CF5-68-10-FLANGE,Spare parts
PIM2-BSC31-0003,Spare parts
PIM2-905040029,Spare parts
PIM2-905040015,Spare parts
PIM2-70200402973L,Spare parts
PIM2-70100701782,Spare parts
PIM2-70100700500,Spare parts
PIM2-30403135,Spare parts
PIM2-30403125,Spare parts
PIM2-302110088,Spare parts
PIM2-301120004-NEW,Spare parts
PIM2-301110028+30111004,Spare parts
PIM2-20210005012,Spare parts
PIM1-YXD-1A-BQ,Products
PIM1-YXD-1A,Products
PIM1-VC-60CH,Products
PIM1-SM310L,Products
PIM1-SM-60L,Products
PIM1-SM-10L,Products
PIM1-R60-2,Products
PIM1-R60-1,Products
PIM1-MUS-110SC,Products
PIM1-MUS-110LK,Products
PIM1-GH-813A,Products
PIM1-GH-811EA,Products
PIM1-EP-2-1,Products
PIM1-DISCK-10,Products
PIM1-DISCK-08,Products
PIM1-DISC606-VCM,Products
PIM1-DISC404-VCM,Products
PIM1-DISC303-VCM,Products
PIM1-DISC009-VCM,Products
PIM1-DISC005-VCM,Products
PIM1-DISC004-VCM,Products
PIM1-DISC002-VCM,Products
PIM1-DISC001-VCM,Products
PIM1-DISC-R1000-VCM,Products
PIM1-DISC-DH,Products
PIM1-DISC-D010-VCM,Products
PIM1-DISC-D008-VCM,Products
PIM1-DISC-C888-VCM,Products
PIM1-DISC-C808-VCM,Products
PIM1-DISC-C1000-VCM,Products
PIM1-DISC-A010-VCM,Products
PIM1-DISC-A008-VCM,Products
PIM1-DH-805,Products
PIM1-DH-11-5F,Products
PIM1-DH-11-21,Products
PIM1-CHL15-2D-L-750MM,Products
PIM1-CHL12-2D-L-750MM,Products
PIM1-CF6-82-10,Products
PIM1-CF6-82,Products
PIM1-BLD-560,Products
PIM1-BLD-510,Products
PIM1-BLD-410,Products
PIM1-BLD-310,Products
PIM1-BC-8L,Products
PIM1-BC-4L,Products
OCG1-5P03421G0001,Products
OCG1-5P03420G0001,Products
OCG1-5P00124G0001,Products
OCG1-5P00123G0001,Products
OCG1-1P00911,Products
OCG1-1P00102,Products
OCG1-1B21323,Products
OCG1-1B21307,Products
NUO2-16300155,Spare parts
NUO2-16300154,Spare parts
NUO2-16300078,Spare parts
NUO2-16300077,Spare parts
NUO1-OSCAR-SILVER,Products
NUO1-OSCAR-BLACK,Products
NTS2-JD-5LS-CTN,Spare parts
NTS2-JD-5LD-CTN,Spare parts
NTS2-CD-401-6L-E,Spare parts
NTS2-CD-401-6L-D,Spare parts
NTS1-YMJ202,Products
NTS1-YMJ201,Products
NTS1-YMJ016,Products
NTS1-YMJ015,Products
NTS1-YMJ014,Products
NTS1-YMJ006,Products
NTS1-YMJ005,Products
NTS1-YM002B,Products
NTS1-XP-1008-21661,Products
NTS1-XP-1008-21657,Products
NTS1-XP-1008-21654,Products
NTS1-XP-1008-21653,Products
NTS1-XC-40BA,Products
NTS1-XC-40AB,Products
NTS1-WW0450,Products
NTS1-WW0350,Products
NTS1-WIN1-3,Products
NTS1-WIN1-16,Products
NTS1-WIC-2,Products
NTS1-WIC-1,Products
NTS1-WIB-VS,Products
NTS1-WIB-SR30,Products
NTS1-WIB-SR20-6,Products
NTS1-WIB-SR19-7,Products
NTS1-WIB-SR19-5,Products
NTS1-WIB-SF6,Products
NTS1-WIB-SF5,Products
NTS1-WIB-S25-W,Products
NTS1-WIB-HSG1,Products
NTS1-WIB-HS19-6,Products
NTS1-WIB-HS1,Products
NTS1-WIB-HG2,Products
NTS1-WIB-H2,Products
NTS1-WIB-G20,Products
NTS1-WIB-D23,Products
NTS1-WIB-D22-S,Products
NTS1-WIB-D22-G,Products
NTS1-WIB-CVS,Products
NTS1-WIB-CV3,Products
NTS1-WIB-CV2,Products
NTS1-WIB-CV1,Products
NTS1-WIB-CS20-7,Products
NTS1-WIB-BS20-7,Products
NTS1-WIB-BS20-6,Products
NTS1-WIB-BS190-7,Products
NTS1-WIB-BG2,Products
NTS1-WIB-B2,Products
NTS1-WIB-A1,Products
NTS1-WIB-2V,Products
NTS1-WASCS-20,Products
NTS1-WASCS-18,Products
NTS1-WASCS-16,Products
NTS1-TZ002,Products
NTS1-TZ001,Products
NTS1-TURW-5,Products
NTS1-TURW-4,Products
NTS1-TURW-3,Products
NTS1-TURW-2,Products
NTS1-TUR-P,Products
NTS1-TUR-N,Products
NTS1-TUL1-5,Products
NTS1-TTURW-8,Products
NTS1-TTURW-7,Products
NTS1-TTURW-6,Products
NTS1-TTURW-12,Products
NTS1-TTURW-10,Products
NTS1-TS-783,Products
NTS1-TRAY-S,Products
NTS1-TOH-9-RD,Products
NTS1-TOH-9-BL,Products
NTS1-TOH-16-RD,Products
NTS1-TOH-14-RD,Products
NTS1-TOH-14-BL,Products
NTS1-TEA-C4,Products
NTS1-TEA-C3,Products
NTS1-TEA-C1,Products
NTS1-TEA-B3,Products
NTS1-T7.111MP,Products
NTS1-T7.012MP,Products
NTS1-T7.006MP,Products
NTS1-T7.005MP,Products
NTS1-T7.004MP,Products
NTS1-T2.311MP,Products
NTS1-T2.211MP,Products
NTS1-T2.111MP,Products
NTS1-T2.104MP,Products
NTS1-T2.007MP,Products
NTS1-SZ033-21746,Products
NTS1-SZ033-21745,Products
NTS1-STRA-D36,Products
NTS1-STRA-D33,Products
NTS1-STRA-D30,Products
NTS1-STRA-D26,Products
NTS1-STRA-D24,Products
NTS1-STRA-8,Products
NTS1-STP-AL-55,Products
NTS1-STP-AL-50H,Products
NTS1-STP-AL-50,Products
NTS1-STP-AL-45H,Products
NTS1-STP-AL-45,Products
NTS1-STP-AL-40H,Products
NTS1-STP-AL-40,Products
NTS1-STP-AL-36H,Products
NTS1-STP-AL-36,Products
NTS1-STP-AL-32H,Products
NTS1-STP-AL-32,Products
NTS1-STA1-13,Products
NTS1-SSG-30L-22,Products
NTS1-SSG-30L,Products
NTS1-SQZ-OR,Products
NTS1-SQZ-LM-3,Products
NTS1-SQZ-LM-2,Products
NTS1-SQZ-LM-1,Products
NTS1-SQM-LM-3,Products
NTS1-SPSW-AL-21,Products
NTS1-SPSW-AL-15,Products
NTS1-SPL-AL-28H,Products
NTS1-SPL-AL-28,Products
NTS1-SPL-AL-26H,Products
NTS1-SPL-AL-26,Products
NTS1-SPL-AL-24H,Products
NTS1-SPL-AL-24,Products
NTS1-SPL-AL-22,Products
NTS1-SPL-AL-20H,Products
NTS1-SPL-AL-18H,Products
NTS1-SPCW-AL-21,Products
NTS1-SPCW-AL-18,Products
NTS1-SPCW-AL-15,Products
NTS1-SPB4,Products
NTS1-SPB3,Products
NTS1-SPB2,Products
NTS1-SPB1,Products
NTS1-SP-AL-30H,Products
NTS1-SP-AL-30,Products
NTS1-SP-AL-28,Products
NTS1-SP-AL-26H,Products
NTS1-SP-AL-26,Products
NTS1-SP-AL-24H,Products
NTS1-SP-AL-24,Products
NTS1-SP-AL-22H,Products
NTS1-SP-AL-18H,Products
NTS1-SP-AL-18,Products
NTS1-SP-AL-16,Products
NTS1-SP-AL-14H,Products
NTS1-SP-AL-14,Products
NTS1-SP-AL-12H,Products
NTS1-SOLS-95,Products
NTS1-SOLS-110,Products
NTS1-SN9427,Products
NTS1-SN9423,Products
NTS1-SN9065,Products
NTS1-SN9064,Products
NTS1-SN9054,Products
NTS1-SN9051,Products
NTS1-SN9035,Products
NTS1-SN9023,Products
NTS1-SN8641,Products
NTS1-SN8640,Products
NTS1-SN8639,Products
NTS1-SN8631,Products
NTS1-SN8614,Products
NTS1-SN8613,Products
NTS1-SN8612,Products
NTS1-SN85916,Products
NTS1-SN85906,Products
NTS1-SN85746,Products
NTS1-SN85716,Products
NTS1-SN8024,Products
NTS1-SN8023,Products
NTS1-SN8022,Products
NTS1-SN8021,Products
NTS1-SN7976,Products
NTS1-SN7014,Products
NTS1-SN6918,Products
NTS1-SN6863,Products
NTS1-SN6861,Products
NTS1-SN6834,Products
NTS1-SN6833,Products
NTS1-SN6832,Products
NTS1-SN6831,Products
NTS1-SN6830,Products
NTS1-SN6824,Products
NTS1-SN6823,Products
NTS1-SN6821,Products
NTS1-SN6820,Products
NTS1-SN6813,Products
NTS1-SN6812,Products
NTS1-SN6803,Products
NTS1-SN6802,Products
NTS1-SN6801,Products
NTS1-SN6601,Products
NTS1-SN6502,Products
NTS1-SN6501,Products
NTS1-SN6425,Products
NTS1-SN6424,Products
NTS1-SN6423,Products
NTS1-SN6422,Products
NTS1-SN6421,Products
NTS1-SN6420,Products
NTS1-SN6419,Products
NTS1-SN6418,Products
NTS1-SN6417,Products
NTS1-SN6416,Products
NTS1-SN6415,Products
NTS1-SN6414,Products
NTS1-SN6413,Products
NTS1-SN6412,Products
NTS1-SN6411,Products
NTS1-SN6405,Products
NTS1-SN6403,Products
NTS1-SN6402,Products
NTS1-SN6401,Products
NTS1-SN6400,Products
NTS1-SN6303,Products
NTS1-SN6301,Products
NTS1-SN6292,Products
NTS1-SN6282,Products
NTS1-SN6281,Products
NTS1-SN6253,Products
NTS1-SN6252,Products
NTS1-SN6238,Products
NTS1-SN6237,Products
NTS1-SN6236,Products
NTS1-SN6221,Products
NTS1-SN6215,Products
NTS1-SN6211,Products
NTS1-SN6194,Products
NTS1-SN6185,Products
NTS1-SN6184,Products
NTS1-SN6183,Products
NTS1-SN6182,Products
NTS1-SN6172,Products
NTS1-SN6162,Products
NTS1-SN6161,Products
NTS1-SN6145,Products
NTS1-SN6143,Products
NTS1-SN6141,Products
NTS1-SN6123,Products
NTS1-SN6111,Products
NTS1-SN6109,Products
NTS1-SN6106,Products
NTS1-SN6105,Products
NTS1-SN6102,Products
NTS1-SN6083,Products
NTS1-SN6082,Products
NTS1-SN6065,Products
NTS1-SN6064,Products
NTS1-SN6061,Products
NTS1-SN6052,Products
NTS1-SN6051,Products
NTS1-SN6050,Products
NTS1-SN6048,Products
NTS1-SN6047,Products
NTS1-SN6046,Products
NTS1-SN6043,Products
NTS1-SN6042,Products
NTS1-SN6041,Products
NTS1-SN6033,Products
NTS1-SN6026,Products
NTS1-SN6025,Products
NTS1-SN6023,Products
NTS1-SN6022,Products
NTS1-SN6021,Products
NTS1-SN6017,Products
NTS1-SN6014,Products
NTS1-SN60125,Products
NTS1-SN6012,Products
NTS1-SN60115,Products
NTS1-SN6011,Products
NTS1-SN6004,Products
NTS1-SN6003,Products
NTS1-SN6002,Products
NTS1-SN6001,Products
NTS1-SN5782,Products
NTS1-SN5745,Products
NTS1-SN5744,Products
NTS1-SN5743,Products
NTS1-SN5742,Products
NTS1-SN5554,Products
NTS1-SN5553,Products
NTS1-SN5517,Products
NTS1-SN5516,Products
NTS1-SN5515,Products
NTS1-SN5443,Products
NTS1-SN5441,Products
NTS1-SN5440,Products
NTS1-SN5431,Products
NTS1-SN5295,Products
NTS1-SN5293,Products
NTS1-SN5283,Products
NTS1-SN5281,Products
NTS1-SN5086,Products
NTS1-SN5085,Products
NTS1-SN5077,Products
NTS1-SN5076,Products
NTS1-SN5075,Products
NTS1-SN5067,Products
NTS1-SN5066,Products
NTS1-SN5065,Products
NTS1-SN5048,Products
NTS1-SN5047,Products
NTS1-SN5046,Products
NTS1-SN5045,Products
NTS1-SN5041,Products
NTS1-SN5038,Products
NTS1-SN5037,Products
NTS1-SN5036,Products
NTS1-SN5035,Products
NTS1-SN5028,Products
NTS1-SN5027,Products
NTS1-SN5026,Products
NTS1-SN5021,Products
NTS1-SN5013,Products
NTS1-SN5011,Products
NTS1-SN4877,Products
NTS1-SN4876,Products
NTS1-SN4861,Products
NTS1-SN48604,Products
NTS1-SN48594,Products
NTS1-SN4758,Products
NTS1-SN4757,Products
NTS1-SN4756,Products
NTS1-SN4392,Products
NTS1-SN4391,Products
NTS1-SN4384,Products
NTS1-SN4382,Products
NTS1-SN4308,Products
NTS1-SN4245,Products
NTS1-SN4244,Products
NTS1-SN4243,Products
NTS1-SN4217,Products
NTS1-SN4215,Products
NTS1-SN42134,Products
NTS1-SN42124,Products
NTS1-SN4134,Products
NTS1-SN4133,Products
NTS1-SN4130,Products
NTS1-SN4128,Products
NTS1-SN41274,Products
NTS1-SN4126,Products
NTS1-SN4125,Products
NTS1-SN4121,Products
NTS1-SN4120,Products
NTS1-SN41194,Products
NTS1-SN4118,Products
NTS1-SN4117,Products
NTS1-SN4108,Products
NTS1-SN4107,Products
NTS1-SN4103,Products
NTS1-SN4101,Products
NTS1-SN4098,Products
NTS1-SN4096,Products
NTS1-SN4092,Products
NTS1-SN4091,Products
NTS1-SN4082,Products
NTS1-SN4081,Products
NTS1-SN4073,Products
NTS1-SN4072,Products
NTS1-SN4056,Products
NTS1-SN4055,Products
NTS1-SN4053,Products
NTS1-SN4052,Products
NTS1-SN4051,Products
NTS1-SN4012,Products
NTS1-SN4007,Products
NTS1-SN3867,Products
NTS1-SN3865,Products
NTS1-SN3861,Products
NTS1-SN3860,Products
NTS1-SN3596,Products
NTS1-SN3595,Products
NTS1-SN3594,Products
NTS1-SN3593,Products
NTS1-SN3573,Products
NTS1-SN3572,Products
NTS1-SN3571,Products
NTS1-SN3570,Products
NTS1-SN3525,Products
NTS1-SN3523,Products
NTS1-SN3507,Products
NTS1-SN3505,Products
NTS1-SN3503,Products
NTS1-SN3407,Products
NTS1-SN3405,Products
NTS1-SN3403,Products
NTS1-SN3383,Products
NTS1-SN3382,Products
NTS1-SN3381,Products
NTS1-SN3380,Products
NTS1-SN3367,Products
NTS1-SN3366,Products
NTS1-SN3365,Products
NTS1-SN3363,Products
NTS1-SN3362,Products
NTS1-SN3345,Products
NTS1-SN3327,Products
NTS1-SN3306,Products
NTS1-SN3305,Products
NTS1-SN3287,Products
NTS1-SN3285,Products
NTS1-SN3283,Products
NTS1-SN3263,Products
NTS1-SN3243,Products
NTS1-SN3225,Products
NTS1-SN3224,Products
NTS1-SN3223,Products
NTS1-SN2307,Products
NTS1-SN2306,Products
NTS1-SN2182,Products
NTS1-SN2179,Products
NTS1-SN2097,Products
NTS1-SN2096,Products
NTS1-SN2095,Products
NTS1-SN2094,Products
NTS1-SN2093,Products
NTS1-SN2092,Products
NTS1-SN2052,Products
NTS1-SN2025,Products
NTS1-SN2022,Products
NTS1-SN2015,Products
NTS1-SN2012,Products
NTS1-SN1543,Products
NTS1-SN1533,Products
NTS1-SN1528,Products
NTS1-SN1332,Products
NTS1-SKIM-S12,Products
NTS1-SKIM-S10,Products
NTS1-SKIM-8,Products
NTS1-SKIM-20,Products
NTS1-SKIM-18,Products
NTS1-SKIM-16,Products
NTS1-SKIM-14,Products
NTS1-SKIM-12,Products
NTS1-SKIM-10,Products
NTS1-SD-500-2,Products
NTS1-SD-500,Products
NTS1-SCRA-60MBH,Products
NTS1-SCRA-60M,Products
NTS1-SCRA-60LBH,Products
NTS1-SCRA-60L,Products
NTS1-SCRA-40SBH,Products
NTS1-SCRA-40S,Products
NTS1-SCM-52,Products
NTS1-SCM-51,Products
NTS1-SCM-50,Products
NTS1-SCM-49,Products
NTS1-SCM-48,Products
NTS1-SCM-47,Products
NTS1-SCM-46,Products
NTS1-SCM-45,Products
NTS1-SCM-44,Products
NTS1-SCM-43,Products
NTS1-SCM-42,Products
NTS1-SCM-41,Products
NTS1-SCM-40,Products
NTS1-SCM-39,Products
NTS1-SCM-38,Products
NTS1-SCM-37,Products
NTS1-SCM-36,Products
NTS1-SCM-35,Products
NTS1-SCM-34,Products
NTS1-SCM-33,Products
NTS1-SCM-32,Products
NTS1-SCM-31,Products
NTS1-SCM-30,Products
NTS1-SCM-29,Products
NTS1-SCM-28,Products
NTS1-SCM-27,Products
NTS1-SCM-26,Products
NTS1-SCM-25,Products
NTS1-SCM-24,Products
NTS1-SCM-23,Products
NTS1-SCM-22,Products
NTS1-SCM-20,Products
NTS1-SCM-19,Products
NTS1-SCM-18,Products
NTS1-SCM-17,Products
NTS1-SCM-16,Products
NTS1-SCM-15,Products
NTS1-SCM-14,Products
NTS1-SCM-13,Products
NTS1-SCM-12,Products
NTS1-SCM-11,Products
NTS1-SCM-10,Products
NTS1-SCM-09,Products
NTS1-SCM-08,Products
NTS1-SCM-07,Products
NTS1-SCM-06,Products
NTS1-SCM-05,Products
NTS1-SCM-04,Products
NTS1-SCM-03,Products
NTS1-SCM-02,Products
NTS1-SCM-01,Products
NTS1-SCIS-PS-P,Products
NTS1-SBM-145,Products
NTS1-SBM-144,Products
NTS1-SBM-143,Products
NTS1-SBM-142,Products
NTS1-SBM-141,Products
NTS1-SBM-140,Products
NTS1-SBM-139,Products
NTS1-SBM-138,Products
NTS1-SBM-137,Products
NTS1-SBM-136,Products
NTS1-SBM-135,Products
NTS1-SBM-134,Products
NTS1-SBM-133,Products
NTS1-SBM-132,Products
NTS1-SBM-131,Products
NTS1-SBM-130,Products
NTS1-SBM-129,Products
NTS1-SBM-128,Products
NTS1-SBM-127,Products
NTS1-SBM-126,Products
NTS1-SBM-125,Products
NTS1-SBM-124,Products
NTS1-SBM-123,Products
NTS1-SBM-122,Products
NTS1-SBM-121,Products
NTS1-SBM-120,Products
NTS1-SBM-119,Products
NTS1-SBM-118,Products
NTS1-SBM-117,Products
NTS1-SBM-116,Products
NTS1-SBM-115,Products
NTS1-SBM-114,Products
NTS1-SBM-113,Products
NTS1-SBM-112,Products
NTS1-SBM-111,Products
NTS1-SBM-110,Products
NTS1-SBM-109,Products
NTS1-SBM-108,Products
NTS1-SBM-107,Products
NTS1-SBM-106,Products
NTS1-SBM-105,Products
NTS1-SBM-104,Products
NTS1-SBM-103,Products
NTS1-SBM-102,Products
NTS1-SBM-101,Products
NTS1-SBM-100,Products
NTS1-SBM-099,Products
NTS1-SBM-098,Products
NTS1-SBM-097,Products
NTS1-SBM-096,Products
NTS1-SBM-095,Products
NTS1-SBM-094,Products
NTS1-SBM-093,Products
NTS1-SBM-092,Products
NTS1-SBM-091,Products
NTS1-SBM-090,Products
NTS1-SBM-089,Products
NTS1-SBM-088,Products
NTS1-SBM-087,Products
NTS1-SBM-086,Products
NTS1-SBM-085,Products
NTS1-SBM-084,Products
NTS1-SBM-083,Products
NTS1-SBM-082,Products
NTS1-SBM-081,Products
NTS1-SBM-080,Products
NTS1-SBM-079,Products
NTS1-SBM-077,Products
NTS1-SBM-076,Products
NTS1-SBM-075,Products
NTS1-SBM-074,Products
NTS1-SBM-073,Products
NTS1-SBM-072,Products
NTS1-SBM-071,Products
NTS1-SBM-070,Products
NTS1-SBM-069,Products
NTS1-SBM-068,Products
NTS1-SBM-067,Products
NTS1-SBM-066,Products
NTS1-SBM-065,Products
NTS1-SBM-064,Products
NTS1-SBM-063,Products
NTS1-SBM-062,Products
NTS1-SBM-061,Products
NTS1-SBM-060,Products
NTS1-SBM-059,Products
NTS1-SBM-058,Products
NTS1-SBM-057,Products
NTS1-SBM-056,Products
NTS1-SBM-055,Products
NTS1-SBM-054,Products
NTS1-SBM-053,Products
NTS1-SBM-052,Products
NTS1-SBM-051,Products
NTS1-SBM-050,Products
NTS1-SBM-049,Products
NTS1-SBM-048,Products
NTS1-SBM-047,Products
NTS1-SBM-046,Products
NTS1-SBM-045,Products
NTS1-SBM-044,Products
NTS1-SBM-043,Products
NTS1-SBM-042,Products
NTS1-SBM-041,Products
NTS1-SBM-040,Products
NTS1-SBM-039,Products
NTS1-SBM-038,Products
NTS1-SBM-037,Products
NTS1-SBM-036,Products
NTS1-SBM-035,Products
NTS1-SBM-034,Products
NTS1-SBM-033,Products
NTS1-SBM-032,Products
NTS1-SBM-031,Products
NTS1-SBM-030,Products
NTS1-SBM-029,Products
NTS1-SBM-028,Products
NTS1-SBM-027,Products
NTS1-SBM-026,Products
NTS1-SBM-025,Products
NTS1-SBM-024,Products
NTS1-SBM-023,Products
NTS1-SBM-022,Products
NTS1-SBM-021,Products
NTS1-SBM-020,Products
NTS1-SBM-019,Products
NTS1-SBM-018,Products
NTS1-SBM-017,Products
NTS1-SBM-016,Products
NTS1-SBM-015,Products
NTS1-SBM-014,Products
NTS1-SBM-013,Products
NTS1-SBM-012,Products
NTS1-SBM-011,Products
NTS1-SBM-010,Products
NTS1-SBM-009,Products
NTS1-SBM-008,Products
NTS1-SBM-007,Products
NTS1-SBM-006,Products
NTS1-SBM-005,Products
NTS1-SBM-004,Products
NTS1-SBM-003,Products
NTS1-SBM-002,Products
NTS1-SBM-001,Products
NTS1-SAK1-3,Products
NTS1-SAK1-14,Products
NTS1-SAK1-12,Products
NTS1-SA993,Products
NTS1-SA972,Products
NTS1-ROPS60,Products
NTS1-ROPS45,Products
NTS1-ROPS30,Products
NTS1-ROPC-30,Products
NTS1-ROB1-11,Products
NTS1-RIT1-19,Products
NTS1-RAM1-9,Products
NTS1-RAM1-8,Products
NTS1-RAM1-6,Products
NTS1-RAM1-11,Products
NTS1-RAM1-10,Products
NTS1-RAM1-1,Products
NTS1-PVL-SS-650,Products
NTS1-PVL-SS-2250,Products
NTS1-PVL-SS-1300,Products
NTS1-PTS-TMS9,Products
NTS1-PTS-TMS7,Products
NTS1-PTS-TMS15,Products
NTS1-PTS-TMS13,Products
NTS1-PTS-TMS10,Products
NTS1-PTS-TMCL6,Products
NTS1-PTS-TMC9,Products
NTS1-PTS-TMC6,Products
NTS1-PTS-TMC12,Products
NTS1-PTS-TMC10,Products
NTS1-PTS-TM9,Products
NTS1-PTS-TM6,Products
NTS1-PTS-TM4,Products
NTS1-PTS-TM18,Products
NTS1-PTS-TM16,Products
NTS1-PTS-TM15,Products
NTS1-PTS-TM13,Products
NTS1-PTS-TM12,Products
NTS1-PTS-TM10,Products
NTS1-PTS-M7,Products
NTS1-PTO-2S,Products
NTS1-PTO-1S,Products
NTS1-PTIP-33TR,Products
NTS1-PTIP-26TR,Products
NTS1-PTIP-26BL,Products
NTS1-PTIP-20TR,Products
NTS1-PTIP-19TR-17,Products
NTS1-PTIP-19TR,Products
NTS1-PTIP-19BL-24,Products
NTS1-PTIP-19BL-17,Products
NTS1-PTIP-19BL,Products
NTS1-PT24,Products
NTS1-PT20-2,Products
NTS1-PRI1-9,Products
NTS1-PRI1-7,Products
NTS1-PRI1-6,Products
NTS1-PRI1-5,Products
NTS1-PRI1-4,Products
NTS1-PRI1-3,Products
NTS1-PRI1-27,Products
NTS1-PRI1-2,Products
NTS1-PRI1-17,Products
NTS1-PRI1-15,Products
NTS1-PRI1-14,Products
NTS1-PRI1-12,Products
NTS1-PRI1-1,Products
NTS1-PPSM-8-WH,Products
NTS1-PPSM-8-PK,Products
NTS1-PPSM-8-LB,Products
NTS1-PPSM-8-GY,Products
NTS1-PPSM-8-DB,Products
NTS1-PPSM-8-BK,Products
NTS1-PPSM-6-WH,Products
NTS1-PPSM-6-PK,Products
NTS1-PPSM-6-LB,Products
NTS1-PPSM-6-GY,Products
NTS1-PPSM-6-DB,Products
NTS1-PPSM-6-BK,Products
NTS1-PPP-2,Products
NTS1-PPP-1,Products
NTS1-PPEL-65,Products
NTS1-PPEL-225,Products
NTS1-PPEL-220,Products
NTS1-PPEL-20,Products
NTS1-POR1-7,Products
NTS1-POR1-27,Products
NTS1-PMLS-3833-SV,Products
NTS1-PMLS-3833-OR,Products
NTS1-PM306455-2,Products
NTS1-PM306455-1,Products
NTS1-PM305455-2,Products
NTS1-PM305455-1,Products
NTS1-PM300450-8,Products
NTS1-PM300450-70BS,Products
NTS1-PM300450-70,Products
NTS1-PM300450-7,Products
NTS1-PM300450-69BS,Products
NTS1-PM300450-69,Products
NTS1-PM300450-66BS,Products
NTS1-PM300450-66,Products
NTS1-PM300450-65BS,Products
NTS1-PM300450-65,Products
NTS1-PM300450-64BS,Products
NTS1-PM300450-64,Products
NTS1-PM300450-63BS,Products
NTS1-PM300450-63,Products
NTS1-PM300450-62BS,Products
NTS1-PM300450-62,Products
NTS1-PM300450-61BS,Products
NTS1-PM300450-61,Products
NTS1-PM300450-60BS,Products
NTS1-PM300450-60,Products
NTS1-PM300450-59BS,Products
NTS1-PM300450-59,Products
NTS1-PM300450-58BS,Products
NTS1-PM300450-58,Products
NTS1-PM300450-57BS,Products
NTS1-PM300450-57,Products
NTS1-PM300450-56BS,Products
NTS1-PM300450-56,Products
NTS1-PM300450-55BS,Products
NTS1-PM300450-55,Products
NTS1-PM300450-54BS,Products
NTS1-PM300450-54,Products
NTS1-PM300450-51,Products
NTS1-PM300450-50,Products
NTS1-PM300450-5,Products
NTS1-PM300450-48,Products
NTS1-PM300450-46,Products
NTS1-PM300450-4,Products
NTS1-PM300450-38,Products
NTS1-PM300450-36BS,Products
NTS1-PM300450-36,Products
NTS1-PM300450-34,Products
NTS1-PM300450-33BS,Products
NTS1-PM300450-33,Products
NTS1-PM300450-31,Products
NTS1-PM300450-30,Products
NTS1-PM300450-3,Products
NTS1-PM300450-29BS,Products
NTS1-PM300450-29,Products
NTS1-PM300450-27BS,Products
NTS1-PM300450-27,Products
NTS1-PM300450-23,Products
NTS1-PM300450-21,Products
NTS1-PM300450-2,Products
NTS1-PM300450-19BS,Products
NTS1-PM300450-19,Products
NTS1-PM300450-18,Products
NTS1-PM300450-16BS,Products
NTS1-PM300450-16,Products
NTS1-PM300450-15,Products
NTS1-PM300450-14BS,Products
NTS1-PM300450-14,Products
NTS1-PM300450-13,Products
NTS1-PM300450-12,Products
NTS1-PM300450-11,Products
NTS1-PM300450-10,Products
NTS1-PM300450-1,Products
NTS1-PFRS-30,Products
NTS1-PFRS-25,Products
NTS1-PDC-60,Products
NTS1-PDC-40D,Products
NTS1-PCCM-P3D-11,Products
NTS1-PCCM-P3D-10,Products
NTS1-PCCM-P3D-09,Products
NTS1-PCCM-P3D-08,Products
NTS1-PCCM-P3D-07,Products
NTS1-PCCM-P3D-06,Products
NTS1-PCCM-P3D-05,Products
NTS1-PCCM-P3D-04,Products
NTS1-PCCM-P3D-03,Products
NTS1-PCCM-P3D-02,Products
NTS1-PCCM-P3D-01,Products
NTS1-PCCM-P-17,Products
NTS1-PCCM-P-16,Products
NTS1-PCCM-P-15,Products
NTS1-PCCM-P-14,Products
NTS1-PCCM-P-13,Products
NTS1-PCCM-P-12,Products
NTS1-PCCM-P-11,Products
NTS1-PCCM-P-10,Products
NTS1-PCCM-P-09,Products
NTS1-PCCM-P-08,Products
NTS1-PCCM-P-07,Products
NTS1-PCCM-P-06,Products
NTS1-PCCM-P-05,Products
NTS1-PCCM-P-04,Products
NTS1-PCCM-P-03,Products
NTS1-PCCM-P-02,Products
NTS1-PCCM-P-01,Products
NTS1-PCCM-3D-9,Products
NTS1-PCCM-3D-8,Products
NTS1-PCCM-3D-7,Products
NTS1-PCCM-3D-6,Products
NTS1-PCCM-3D-5,Products
NTS1-PCCM-3D-4,Products
NTS1-PCCM-3D-3,Products
NTS1-PCCM-3D-2,Products
NTS1-PCCM-3D-11,Products
NTS1-PCCM-3D-10,Products
NTS1-PCCM-3D-1,Products
NTS1-PCCM-163,Products
NTS1-PCCM-161,Products
NTS1-PCCM-160,Products
NTS1-PCCM-159,Products
NTS1-PCCM-158,Products
NTS1-PCCM-157,Products
NTS1-PCCM-156,Products
NTS1-PCCM-155,Products
NTS1-PCCM-154,Products
NTS1-PCCM-153,Products
NTS1-PCCM-152,Products
NTS1-PCCM-151,Products
NTS1-PCCM-146,Products
NTS1-PCCM-145,Products
NTS1-PCCM-144,Products
NTS1-PCCM-143,Products
NTS1-PCCM-142,Products
NTS1-PCCM-141,Products
NTS1-PCCM-140,Products
NTS1-PCCM-137,Products
NTS1-PCCM-135,Products
NTS1-PCCM-134,Products
NTS1-PCCM-133,Products
NTS1-PCCM-132,Products
NTS1-PCCM-131,Products
NTS1-PCCM-130,Products
NTS1-PCCM-129,Products
NTS1-PCCM-128,Products
NTS1-PCCM-127,Products
NTS1-PCCM-126,Products
NTS1-PCCM-125,Products
NTS1-PCCM-124,Products
NTS1-PCCM-123,Products
NTS1-PCCM-122,Products
NTS1-PCCM-121,Products
NTS1-PCCM-120,Products
NTS1-PCCM-119,Products
NTS1-PCCM-118,Products
NTS1-PCCM-117,Products
NTS1-PCCM-116,Products
NTS1-PCCM-115,Products
NTS1-PCCM-114,Products
NTS1-PCCM-113,Products
NTS1-PCCM-112,Products
NTS1-PCCM-111,Products
NTS1-PCCM-110,Products
NTS1-PCCM-109,Products
NTS1-PCCM-108,Products
NTS1-PCCM-107,Products
NTS1-PCCM-106,Products
NTS1-PCCM-105,Products
NTS1-PCCM-104,Products
NTS1-PCCM-103,Products
NTS1-PCCM-102,Products
NTS1-PCCM-101,Products
NTS1-PCCM-100,Products
NTS1-PCCM-099,Products
NTS1-PCCM-098,Products
NTS1-PCCM-097,Products
NTS1-PCCM-096,Products
NTS1-PCCM-095,Products
NTS1-PCCM-094,Products
NTS1-PCCM-093,Products
NTS1-PCCM-092,Products
NTS1-PCCM-091,Products
NTS1-PCCM-090,Products
NTS1-PCCM-089,Products
NTS1-PCCM-088,Products
NTS1-PCCM-087,Products
NTS1-PCCM-086,Products
NTS1-PCCM-085,Products
NTS1-PCCM-084,Products
NTS1-PCCM-083,Products
NTS1-PCCM-082,Products
NTS1-PCCM-081,Products
NTS1-PCCM-080,Products
NTS1-PCCM-079,Products
NTS1-PCCM-078,Products
NTS1-PCCM-077,Products
NTS1-PCCM-076,Products
NTS1-PCCM-075,Products
NTS1-PCCM-074,Products
NTS1-PCCM-073,Products
NTS1-PCCM-072,Products
NTS1-PCCM-069,Products
NTS1-PCCM-068,Products
NTS1-PCCM-067,Products
NTS1-PCCM-066,Products
NTS1-PCCM-065,Products
NTS1-PCCM-064,Products
NTS1-PCCM-063,Products
NTS1-PCCM-062,Products
NTS1-PCCM-061,Products
NTS1-PCCM-060,Products
NTS1-PCCM-059,Products
NTS1-PCCM-058,Products
NTS1-PCCM-057,Products
NTS1-PCCM-056,Products
NTS1-PCCM-055,Products
NTS1-PCCM-054,Products
NTS1-PCCM-053,Products
NTS1-PCCM-052,Products
NTS1-PCCM-051,Products
NTS1-PCCM-050,Products
NTS1-PCCM-049,Products
NTS1-PCCM-048,Products
NTS1-PCCM-047,Products
NTS1-PCCM-046,Products
NTS1-PCCM-045,Products
NTS1-PCCM-044,Products
NTS1-PCCM-043,Products
NTS1-PCCM-042,Products
NTS1-PCCM-041,Products
NTS1-PCCM-040,Products
NTS1-PCCM-039,Products
NTS1-PCCM-038,Products
NTS1-PCCM-037,Products
NTS1-PCCM-036,Products
NTS1-PCCM-035,Products
NTS1-PCCM-034,Products
NTS1-PCCM-033,Products
NTS1-PCCM-032,Products
NTS1-PCCM-031,Products
NTS1-PCCM-030,Products
NTS1-PCCM-029,Products
NTS1-PCCM-028,Products
NTS1-PCCM-027,Products
NTS1-PCCM-026,Products
NTS1-PCCM-025,Products
NTS1-PCCM-024,Products
NTS1-PCCM-023,Products
NTS1-PCCM-022,Products
NTS1-PCCM-021,Products
NTS1-PCCM-020,Products
NTS1-PCCM-019,Products
NTS1-PCCM-018,Products
NTS1-PCCM-017,Products
NTS1-PCCM-016,Products
NTS1-PCCM-015,Products
NTS1-PCCM-014,Products
NTS1-PCCM-013,Products
NTS1-PCCM-012,Products
NTS1-PCCM-011,Products
NTS1-PCCM-010,Products
NTS1-PCCM-009,Products
NTS1-PCCM-008,Products
NTS1-PCCM-007,Products
NTS1-PCCM-006,Products
NTS1-PCCM-005,Products
NTS1-PCCM-004,Products
NTS1-PCCM-003,Products
NTS1-PCCM-002,Products
NTS1-PCCM-001,Products
NTS1-OVMS-S,Products
NTS1-OVMS-M,Products
NTS1-OVMS-L,Products
NTS1-OJC1,Products
NTS1-NOV1-9,Products
NTS1-NOV1-2,Products
NTS1-NCT-28,Products
NTS1-NCT-27,Products
NTS1-NCT-26,Products
NTS1-NCT-25,Products
NTS1-NCT-24,Products
NTS1-NCT-23,Products
NTS1-NCT-22,Products
NTS1-NCT-21,Products
NTS1-NCT-20,Products
NTS1-NCT-19,Products
NTS1-NCT-18,Products
NTS1-NCT-17,Products
NTS1-NCT-16,Products
NTS1-NCT-15,Products
NTS1-NCT-14,Products
NTS1-NCT-13,Products
NTS1-NCT-11,Products
NTS1-NCT-10,Products
NTS1-NCT-09,Products
NTS1-NCT-08,Products
NTS1-NCT-07,Products
NTS1-NCT-06,Products
NTS1-NCT-05,Products
NTS1-NCT-04,Products
NTS1-NCT-02,Products
NTS1-NCT-01,Products
NTS1-MUR1-9,Products
NTS1-MU-D8LB,Products
NTS1-MTZ-R,Products
NTS1-MTZ-L,Products
NTS1-MTZ-2L,Products
NTS1-MS-4S2-2,Products
NTS1-MS-4S2-1,Products
NTS1-MLKS-350,Products
NTS1-MLK200,Products
NTS1-MIA1-15,Products
NTS1-MAX1-9-M,Products
NTS1-MAX1-8,Products
NTS1-MAX1-7,Products
NTS1-MAX1-6,Products
NTS1-MAX1-5,Products
NTS1-MAX1-4,Products
NTS1-MAX1-3,Products
NTS1-MAX1-28,Products
NTS1-MAX1-27,Products
NTS1-MAX1-20,Products
NTS1-MAX1-2,Products
NTS1-MAX1-17,Products
NTS1-MAX1-15,Products
NTS1-MAX1-14,Products
NTS1-MAX1-12,Products
NTS1-MAX1-1,Products
NTS1-MAS1-3,Products
NTS1-MAS1-2,Products
NTS1-MAS1-11,Products
NTS1-MAS1-1,Products
NTS1-LUGC19-SSR(H),Products
NTS1-LUGC19-SSR,Products
NTS1-LS08-T,Products
NTS1-LS08-STB,Products
NTS1-LS08-SMP,Products
NTS1-LS08-RTB,Products
NTS1-LS08-BMP,Products
NTS1-LFB-24,Products
NTS1-LFB-18,Products
NTS1-LEATHER(BROWN)-21686,Products
NTS1-LEATHER-21692,Products
NTS1-LEATHER-21690,Products
NTS1-LEATHER-21689,Products
NTS1-LEATHER-21688,Products
NTS1-LEATHER-21687,Products
NTS1-LADLP-6,Products
NTS1-LADLP-5,Products
NTS1-LADLP-20,Products
NTS1-LADLP-18,Products
NTS1-LADLP-14,Products
NTS1-LADLP-12,Products
NTS1-LADLP-11,Products
NTS1-L5.PC223BK,Products
NTS1-L5.PC140BK,Products
NTS1-KND6003-1,Products
NTS1-KNBKR-10WH,Products
NTS1-KNBK-10WH,Products
NTS1-KNB5051,Products
NTS1-KNB5021,Products
NTS1-KIN1-3,Products
NTS1-KIN1-11,Products
NTS1-KEN1-3,Products
NTS1-KEN1-2,Products
NTS1-KEN1-11,Products
NTS1-KEN1-1,Products
NTS1-KB-WL150,Products
NTS1-KB-WD150,Products
NTS1-JUS1-1,Products
NTS1-JOR1-3,Products
NTS1-JOR1-2,Products
NTS1-JOR1-1,Products
NTS1-JIG-D3,Products
NTS1-JIG-D2,Products
NTS1-JES1-3,Products
NTS1-JES1-2,Products
NTS1-JES1-11,Products
NTS1-JES1-1,Products
NTS1-JD-8LSB,Products
NTS1-JD-8LS,Products
NTS1-JD-8LD,Products
NTS1-JAY1-3,Products
NTS1-JAY1-11,Products
NTS1-JAM1-10,Products
NTS1-ISC3-5,Products
NTS1-ISC3-4,Products
NTS1-ISC3-3,Products
NTS1-ISC3-2,Products
NTS1-ISC3-1,Products
NTS1-ISC1-15,Products
NTS1-ISC1-14,Products
NTS1-ICED-S6,Products
NTS1-ICED-S5,Products
NTS1-ICED-L4,Products
NTS1-ICBP-3,Products
NTS1-ICBP-2,Products
NTS1-ICBP-1,Products
NTS1-HTT-T10BE,Products
NTS1-HTT-15BE,Products
NTS1-HTB-GY,Products
NTS1-HTB-C-GY,Products
NTS1-HT-16BL,Products
NTS1-HT-15BE,Products
NTS1-HOW1-2,Products
NTS1-HOOK-36,Products
NTS1-HOOK-34,Products
NTS1-HOOK-150,Products
NTS1-HLR2G-SB,Products
NTS1-HLR1S-SSCB,Products
NTS1-HLR1G-SB,Products
NTS1-HLR1C-SSRB,Products
NTS1-HLR1C-OB,Products
NTS1-HLR1C-GRB,Products
NTS1-HLR1C-CRB,Products
NTS1-HLR1-OB,Products
NTS1-HLCR2WS,Products
NTS1-HLCR2SS-W-OH,Products
NTS1-HLCR2SS-SQFB,Products
NTS1-HLCR2G-SSM,Products
NTS1-HLCR2C-W-OH,Products
NTS1-HLCR1WS,Products
NTS1-HL-400A1-GY,Products
NTS1-HL-300A2-RD,Products
NTS1-HL-300A1-RD,Products
NTS1-HH2010Y-DW,Products
NTS1-HH2010W-DW,Products
NTS1-HH2010T-DW,Products
NTS1-HB-300,Products
NTS1-GSTR400300-HLFO,Products
NTS1-GSTR300400-HLFO,Products
NTS1-GPX-87,Products
NTS1-GN19150-Y,Products
NTS1-GN19150,Products
NTS1-GN16150-Y,Products
NTS1-GN16100-Y,Products
NTS1-GN14150-Y,Products
NTS1-GN14100-Y,Products
NTS1-GN13150-Y,Products
NTS1-GN13100-Y,Products
NTS1-FUN-SH,Products
NTS1-FPH-SSNS-D300,Products
NTS1-FPH-SSNS-D280,Products
NTS1-FPH-SSNS-D220,Products
NTS1-FPH-SSNS-D200,Products
NTS1-FPB-SS-D360,Products
NTS1-FPB-SS-D340,Products
NTS1-FPB-SS-D320,Products
NTS1-FPB-SS-D300,Products
NTS1-FPB-SS-D280,Products
NTS1-FPB-SS-D260,Products
NTS1-FPB-SS-D240,Products
NTS1-FPB-SS-D220,Products
NTS1-FPA-SSNS-D360,Products
NTS1-FPA-SSNS-D340,Products
NTS1-FPA-SSNS-D300,Products
NTS1-FPA-SSNS-D280,Products
NTS1-FPA-SSNS-D260,Products
NTS1-FPA-SSNS-D240,Products
NTS1-FPA-SSNS-D200,Products
NTS1-FOR1-15,Products
NTS1-FOR1-1,Products
NTS1-FOR-S4-1,Products
NTS1-FO-ST56,Products
NTS1-FO-ST54,Products
NTS1-FO-ST52,Products
NTS1-FO-ST47,Products
NTS1-FO-ST40,Products
NTS1-FFSB2,Products
NTS1-FFSB1,Products
NTS1-FFS2,Products
NTS1-FFS1,Products
NTS1-FEMH2,Products
NTS1-FEMH1,Products
NTS1-FEMB2,Products
NTS1-FEMB1H,Products
NTS1-FEM2,Products
NTS1-FEBS8,Products
NTS1-FEBS6,Products
NTS1-FEBS4,Products
NTS1-FEBS3,Products
NTS1-FEBS2,Products
NTS1-FEBS1,Products
NTS1-FAB1-14-O,Products
NTS1-ELM1-3,Products
NTS1-EGS-SS,Products
NTS1-EGG-SS120,Products
NTS1-EGG-CS,Products
NTS1-DRED-P3,Products
NTS1-DRED-P2,Products
NTS1-DRED-FP2,Products
NTS1-DRED-FP1,Products
NTS1-DO34W,Products
NTS1-DO20W-B,Products
NTS1-DCU-18,Products
NTS1-DCU-15R,Products
NTS1-DB-TC42-DRG,Products
NTS1-DB-TC23-DRG,Products
NTS1-DB-120-DRG,Products
NTS1-CU-D10LB,Products
NTS1-CU-D10L,Products
NTS1-CSSP-D6008,Products
NTS1-CSSP-D6007,Products
NTS1-CSSP-D6006,Products
NTS1-CSSP-D550,Products
NTS1-CSSP-D500,Products
NTS1-CSSP-D450,Products
NTS1-CSSP-D400,Products
NTS1-CSSP-D360,Products
NTS1-CSSP-D350,Products
NTS1-CSSP-D320,Products
NTS1-CSSP-D300,Products
NTS1-CSSP-D280,Products
NTS1-CSSP-D250,Products
NTS1-CSSP-D200,Products
NTS1-CSSP-45,Products
NTS1-CSSP-30,Products
NTS1-CSSP-20,Products
NTS1-CSSA-D240H80,Products
NTS1-CSSA-D240H135,Products
NTS1-CSSA-D220H75,Products
NTS1-CSSA-D220H130,Products
NTS1-CSSA-D200H70,Products
NTS1-CSSA-D200H120,Products
NTS1-CSSA-D180H65,Products
NTS1-CSSA-D180H100,Products
NTS1-CSSA-D160H60,Products
NTS1-CSSA-D140H85,Products
NTS1-CSSA-D140H55,Products
NTS1-CSSA-28,Products
NTS1-CSSA-26,Products
NTS1-CSK-27PET,Products
NTS1-CSK-25PET-SL,Products
NTS1-CS-18040,Products
NTS1-CS-110-SV,Products
NTS1-CS-110-BK,Products
NTS1-COV-R16,Products
NTS1-COV-R15,Products
NTS1-COP-W,Products
NTS1-COP-S,Products
NTS1-COFH2,Products
NTS1-COFH1,Products
NTS1-CLAD-S5,Products
NTS1-CLAD-S4,Products
NTS1-CLAD-S3,Products
NTS1-CLAD-S2,Products
NTS1-CHSPH8,Products
NTS1-CHSPH30,Products
NTS1-CHSPH28,Products
NTS1-CHSPH26,Products
NTS1-CHSPH24,Products
NTS1-CHSPH22,Products
NTS1-CHSPH20,Products
NTS1-CHSPH18,Products
NTS1-CHSPH12,Products
NTS1-CHSPH10,Products
NTS1-CHSP-DLH16,Products
NTS1-CHSP-DLH14,Products
NTS1-CHP7,Products
NTS1-CHP6,Products
NTS1-CHP5,Products
NTS1-CHP4,Products
NTS1-CHP3,Products
NTS1-CHP2,Products
NTS1-CHP1,Products
NTS1-CD-C9L-G,Products
NTS1-CD-A9L,Products
NTS1-CD-A6L,Products
NTS1-CD-6L-SG,Products
NTS1-CD-6L-RG,Products
NTS1-CD-6L-06,Products
NTS1-CD-6L-04,Products
NTS1-CD-6L-02,Products
NTS1-CD-6049-8L2,Products
NTS1-CD-6049-8L1,Products
NTS1-CD-6049-8L,Products
NTS1-CD-5.5L-02,Products
NTS1-CD-5.5L-01,Products
NTS1-CD-4046-4L2,Products
NTS1-CD-4046-4L1,Products
NTS1-CD-4046-4L,Products
NTS1-CD-401-6L1,Products
NTS1-CD-401-6L,Products
NTS1-CD-401-4L2,Products
NTS1-CD-401-4L1,Products
NTS1-CD-401-4L,Products
NTS1-CD-11L-R,Products
NTS1-CD-11L-03,Products
NTS1-CD-101-9L2,Products
NTS1-CD-101-9L1,Products
NTS1-CC-2B,Products
NTS1-CC-1B,Products
NTS1-CAD1-2,Products
NTS1-CAD1-16,Products
NTS1-CAD1-14,Products
NTS1-C-PC-O,Products
NTS1-C-PC,Products
NTS1-BTO-9,Products
NTS1-BTO-11,Products
NTS1-BST-10,Products
NTS1-BOT-B3,Products
NTS1-BOT-B2,Products
NTS1-BOT-A6,Products
NTS1-BOS1-3,Products
NTS1-BH-MIM12,Products
NTS1-BH-MIM11,Products
NTS1-BH-MIM10,Products
NTS1-BH-MIM06,Products
NTS1-BH-MIM05,Products
NTS1-BH-MIM04,Products
NTS1-BH-MIM03,Products
NTS1-BH-MIM02,Products
NTS1-BH-MIM01,Products
NTS1-BH-MAS12,Products
NTS1-BH-MAS11,Products
NTS1-BH-MAS10,Products
NTS1-BH-MAS06,Products
NTS1-BH-MAS05,Products
NTS1-BH-MAS03,Products
NTS1-BH-MAS02,Products
NTS1-BH-MAS01,Products
NTS1-BH-MAM12,Products
NTS1-BH-MAM11,Products
NTS1-BH-MAM10,Products
NTS1-BH-MAM07,Products
NTS1-BH-MAM06,Products
NTS1-BH-MAM05,Products
NTS1-BH-MAM04,Products
NTS1-BH-MAM03,Products
NTS1-BH-MAM02,Products
NTS1-BH-MAM01,Products
NTS1-BH-CRS10,Products
NTS1-BH-CRS07,Products
NTS1-BH-CRS06,Products
NTS1-BH-CRS05,Products
NTS1-BH-CRS04,Products
NTS1-BH-CRS03,Products
NTS1-BH-CRS02,Products
NTS1-BH-CRS01,Products
NTS1-BH-CRM10,Products
NTS1-BH-CRM05,Products
NTS1-AVA1-2,Products
NTS1-APO1-2,Products
NTS1-AP20-SP,Products
NTS1-AP10-SP,Products
NTS1-AP0345,Products
NTS1-AP0230,Products
NTS1-ACRYL(WHITE)-21685,Products
NTS1-ACRYL(WHITE)-21684,Products
NTS1-ACRYL(WHITE)-21683,Products
NTS1-ACRYL(WHITE)-21678,Products
NTS1-ACRYL(WHITE)-21677,Products
NTS1-ACRYL(BLACK)-21650,Products
NTS1-ACRYL(BLACK)-21649,Products
NTS1-ACRYL(BLACK)-21648,Products
NTS1-ACRYL(BLACK)-21647,Products
NTS1-ACRYL(BLACK)-21645,Products
NTS1-ACRYL(BLACK)-21644,Products
NTS1-A2066,Products
NTS1-A1030,Products
NTS1-99.0733D,Products
NTS1-96.9420Y,Products
NTS1-96.1416HRR,Products
NTS1-96.1416HF,Products
NTS1-96.1416AJ,Products
NTS1-94.42616QM,Products
NTS1-94.1200BK,Products
NTS1-9305301800-5D,Products
NTS1-9305301800-1D,Products
NTS1-90.8319,Products
NTS1-90.8309,Products
NTS1-21000474,Products
NTS1-21000412,Products
NTS1-21000371,Products
NTS1-21000369,Products
NTS1-21000348,Products
NTS1-21000346,Products
NTS1-21000345,Products
NTS1-21000128,Products
NTS1-21000122,Products
NTS1-21000106,Products
NTS1-190-009,Products
NTS1-190-008,Products
NTS1-11000465,Products
NTS1-11000463,Products
NTS1-11000461,Products
NTS1-11000458,Products
NDW1-NFORZ-BLACK,Products
NDW1-NFLY-BLACK,Products
MID2-59668(TH),Spare parts
MID2-59668,Spare parts
MBM1-SAE641,Products
MBM1-SAE561M,Products
MBM1-MTPG77T,Products
MBM1-MPLG74T,Products
MBM1-MPLG74A,Products
MBM1-MG7GFT777L,Products
MBM1-MFTG77TL,Products
MBM1-MFTG74TLC,Products
MBM1-MFTE77TLC,Products
MBM1-MFTE77AL,Products
MBM1-MFB77FGXS,Products
MBM1-MFB74AXS,Products
LKK2-YD1325-5-4,Spare parts
LKK2-YD132-6-4,Spare parts
LKK2-TR12-28-00,Spare parts
LKK2-TR12-27-00,Spare parts
LKK2-TC42-5-7,Spare parts
LKK2-TC22-20,Spare parts
LKK2-TC17-40-10,Spare parts
LKK2-TC12I-20,Spare parts
LKK2-RG12-5-15,Spare parts
LKK2-RG12-5-13,Spare parts
LKK2-QM1,Spare parts
LKK2-LSP520-83,Spare parts
LKK2-LSP520-82,Spare parts
LKK2-LSP520-81,Spare parts
LKK2-LC1E1201M5N,Spare parts
LKK2-LC1E0601M5N,Spare parts
LKK2-KM2,Spare parts
LKK2-KM1,Spare parts
LKK2-KA2,Spare parts
LKK2-KA1,Spare parts
LKK2-JG300A-68,Spare parts
LKK2-JG300A-67,Spare parts
LKK2-JG300-62,Spare parts
LKK2-JG300-61,Spare parts
LKK2-JG300-34,Spare parts
LKK2-JG300-20-4,Spare parts
LKK2-JG300-17,Spare parts
LKK2-JG300-16,Spare parts
LKK2-JG300-14,Spare parts
LKK2-JG300-13,Spare parts
LKK2-JG300-09,Spare parts
LKK2-JG300-05,Spare parts
LKK2-JG-210-32,Spare parts
LKK2-JG-210-28,Spare parts
LKK2-IND350K-8,Spare parts
LKK2-IND350K-7,Spare parts
LKK2-HS80-51,Spare parts
LKK2-HS80-46,Spare parts
LKK2-HS50-38,Spare parts
LKK2-HS50-37,Spare parts
LKK2-HEATER(KBM-150),Spare parts
LKK2-HEATER(KBM-150-204),Spare parts
LKK2-FU2,Spare parts
LKK2-FU1,Spare parts
LKK2-FB(B40),Spare parts
LKK2-CM4803-60-14,Spare parts
LKK2-CM4803-60-13,Spare parts
LKK2-CM4803-40-30,Spare parts
LKK2-CK-PLATE(JB35),Spare parts
LKK2-B5A-21,Spare parts
LKK2-B5A-18,Spare parts
LKK2-B40-06-09,Spare parts
LKK2-B40-06-05A,Spare parts
LKK2-B40-05-09,Spare parts
LKK2-B30-05-28,Spare parts
LKK2-B30-05-22,Spare parts
LKK2-B30-05-19,Spare parts
LKK2-B30-05-17,Spare parts
LKK2-B30-05-16,Spare parts
LKK2-B30-05-14,Spare parts
LKK2-B30-05-11,Spare parts
LKK2-B30-05-10,Spare parts
LKK2-B15-29,Spare parts
LKK2-B15-23,Spare parts
LKK2-B10-02-09,Spare parts
LKK2-B10-01-21,Spare parts
LKK2-7309BEP,Spare parts
LKK2-7211BEP,Spare parts
LKK2-6306-2RS1,Spare parts
LKK2-530-30-1-(UP),Spare parts
LKK2-530-30-1-(DOWN),Spare parts
LKK2-520-30-20,Spare parts
LKK2-520-30-1,Spare parts
LKK2-38,Spare parts
LKK2-261,Spare parts
LKK2-260,Spare parts
LKK2-257,Spare parts
LKK2-255,Spare parts
LKK2-16004,Spare parts
LKK2-16001,Spare parts
LKK1-W-1018-600,Products
LKK1-W-1017-600,Products
LKK1-NPL-1L,Products
LKK1-NPL-1D,Products
LKK1-IND350T,Products
LKK1-IND350K,Products
LKK1-IND300T,Products
LKK1-HS20(D),Products
LKK1-HS20,Products
LKK1-E02-2-SSWHMBB,Products
LKK1-E02-2-SSBLMBB,Products
LKK1-E01-2-GDWHMBB,Products
LIN2-KN10,Spare parts
LIN1-PO69X,Products
LIN1-LSF-A002,Products
LIN1-LSF-A001,Products
LIN1-HT6,Products
LCR1-1LS02CP06E,Products
LCR1-1LS02CD13E,Products
LAS2-3002,Spare parts
LAS2-3001,Spare parts
LAS2-109100,Spare parts
LAS2-109081,Spare parts
LAS2-108456,Spare parts
LAS2-106143,Spare parts
LAS2-0673,Spare parts
LAS2-0672,Spare parts
LAS2-0670,Spare parts
LAS2-0664,Spare parts
LAK1-219,Products
LAK1-215,Products
LAK1-209,Products
LAC2-990073000,Spare parts
LAC2-803130056,Spare parts
LAC2-803130055,Spare parts
LAC2-803130028,Spare parts
LAC2-803130027,Spare parts
LAC2-803110011,Spare parts
LAC2-803110001,Spare parts
LAC2-535668000,Spare parts
LAC2-533900900,Spare parts
LAC2-533895100R,Spare parts
LAC2-533894600R,Spare parts
LAC2-531194720,Spare parts
LAC2-531194710,Spare parts
LAC2-485078010,Spare parts
LAC2-4731133582,Spare parts
LAC2-4731133581,Spare parts
LAC2-465408010,Spare parts
LAC2-465406000,Spare parts
LAC2-465393000,Spare parts
LAC2-465391000,Spare parts
LAC2-465181000,Spare parts
LAC2-465145000,Spare parts
LAC2-465025000,Spare parts
LAC2-465015000,Spare parts
LAC2-457427008F,Spare parts
LAC1-M27-RE-C2-RED,Products
LAC1-M27-RE-C2-BLACK,Products
KIT2-9709280,Spare parts
KIT2-9709267,Spare parts
KIT2-9706090,Spare parts
KIT2-4162403,Spare parts
KIT2-4162344,Spare parts
KIT2-4159622,Spare parts
KIT2-4159133,Spare parts
KIT2-3400203,Spare parts
KIT2-3400026,Spare parts
KIT2-3400022,Spare parts
JTA2-KNOB-BASE-21,Spare parts
JTA2-KNOB-21,Spare parts
JTA2-302212782,Spare parts
JTA2-302212698,Spare parts
JTA2-302200004,Spare parts
JTA2-302200003,Spare parts
JTA2-302080085,Spare parts
JTA2-302080084,Spare parts
JTA2-302070029,Spare parts
JTA2-302070027,Spare parts
JTA2-302070023,Spare parts
JTA2-302070021,Spare parts
JTA2-302070019,Spare parts
JTA2-302070017,Spare parts
JTA2-302020078-12,Spare parts
JTA2-302020078,Spare parts
JTA2-301150123,Spare parts
JTA2-301150062,Spare parts
JTA2-301110052+301110092,Spare parts
JTA2-301110052,Spare parts
JTA2-301070189,Spare parts
JTA2-301070188,Spare parts
JTA2-301040538,Spare parts
JIN1-SS150-2,Products
JIN1-SS120-2,Products
HUA1-O-29,Products
HUA1-O-28,Products
HUA1-O-27,Products
HUA1-O-25,Products
HUA1-O-24,Products
HUA1-D-65,Products
HUA1-D-64,Products
HUA1-17-701,Products
HUA1-17-655,Products
HOU1-CPE-GAS-1.10,Products
HOU1-CPE-GAS-1.06,Products
HOS2-B5,Spare parts
HAT2-R021202500,Spare parts
HAT2-BO10193,Spare parts
HAT2-BO10183,Spare parts
HAT2-050907000,Spare parts
HAT2-050906900,Spare parts
HAT2-050906200,Spare parts
HAT2-050906100,Spare parts
HAT2-020576600,Spare parts
HAT2-020576500,Spare parts
HAT1-DL-775RL-GRAY-GRANIT,Products
HAT1-DL-775RL-GLEAMING-G,Products
HAT1-DL-775RL-BCOPPER,Products
HAT1-DL-750SL-WARM-RED,Products
HAT1-DL-750RL-WARM-RED,Products
HAT1-DL-750RL-BNICKEL,Products
HAT1-DL-750RL-BLACK,Products
HAT1-DL-750RL-BCOPPER,Products
HAT1-DL-750CL-GLOSSY-GRAY,Products
HAT1-DL-725SU-WARM-RED,Products
HAT1-DL-725SL-WARM-RED,Products
HAT1-DL-700AU-WARM-RED,Products
HAT1-DL-700AU-BCOPPER,Products
HAT1-DL-600SL-GLOSSY-GRAY,Products
HAT1-DL-500SU-WARM-RED,Products
HAT1-DL-500SL-WARM-RED,Products
HAT1-DL-500SL-GLOSSY-GRAY,Products
HAT1-DL-500SL-BLACK,Products
HAT1-DL-500SL-BCOPPER,Products
HAT1-DL-400AU-BRIGHT-NICK,Products
HAT1-DL-400AU-BLACK,Products
HAM2-14-0733-03001,Spare parts
HAM2-11-0733-14003,Spare parts
HAM1-HMD400R,Products
HAM1-98450,Products
HAM1-6126-HBF600-CN,Products
HAM1-6126-HBF600,Products
HAM1-1G96700,Products
GLO2-X60011-2ABB,Spare parts
GLO2-X30024,Spare parts
FAG2-Z853002,Spare parts
FAG2-Z853001(FI1200),Spare parts
FAG2-R663046,Spare parts
FAG2-R663045,Spare parts
FAG2-Q308009,Spare parts
FAG2-Q308008,Spare parts
FAG1-HMM6-11,Products
FAG1-HMI6-11,Products
ELO2-N0130,Spare parts
ELO2-N0105,Spare parts
EGO2-5511569070,Spare parts
EGO2-5511549020,Spare parts
EDL2-W003,Spare parts
DEX1-13313T,Products
DEX1-13313G,Products
DEX1-01563R,Products
DEX1-01563G,Products
DAN2-GPY16RAB,Spare parts
DAN2-GPY16LAB,Spare parts
DAN2-GPY12RAB,Spare parts
DAN2-GPY12LAA,Spare parts
CTX2-67975,Spare parts
CTX2-66733,Spare parts
CTX2-324502,Spare parts
CTP1-PB-EU-350-CP-SF,Products
CTP1-GS-30502-300R-WH,Products
CTP1-GS-30502-130-WH,Products
CTP1-GS-10935-FE-BK,Products
CTP1-GS-10927-ZS-BK,Products
CTP1-GS-10927-CZ-BK,Products
CTP1-GS-10921-100-BK,Products
CTP1-GS-10502-200H-WH,Products
CTP1-GS-10502-200-WH,Products
CON1-C270-SSG-DT,Products
COG2-DEI417,Spare parts
COG2-DEI416,Spare parts
COG2-990159,Spare parts
COG2-990158,Spare parts
COG2-990155,Spare parts
COG2-80399,Spare parts
COG2-80397,Spare parts
COG2-67180,Spare parts
COG2-67179,Spare parts
COG2-65788,Spare parts
COG2-65787,Spare parts
COG2-437108,Spare parts
COG2-437034,Spare parts
COG2-228012,Spare parts
COG2-141009,Spare parts
COG2-141008,Spare parts
COG2-127174,Spare parts
COG2-127139,Spare parts
COG2-127124,Spare parts
COG2-121166,Spare parts
COG2-121158,Spare parts
COG2-121157,Spare parts
COG2-121156,Spare parts
COG2-121139,Spare parts
COG2-121138,Spare parts
COG2-111984,Spare parts
CMD2-CUSC0017,Spare parts
CMD2-CUS606-2RS,Spare parts
CEC2-L263A,Spare parts
CAS2-968754000,Spare parts
CAS2-965357000,Spare parts
CAS2-965356000,Spare parts
CAS2-533896600R,Spare parts
CAS2-533896500R,Spare parts
CAS2-4731133581-DX,Spare parts
CAS2-402198000,Spare parts
CAS2-401214000,Spare parts
CAS2-401204000,Spare parts
CAS1-THEO-64-AUT,Products
CAS1-ENEA-64-AUT-50HZ,Products
CAM2-CS2118V-480,Spare parts
CAM2-CS2112V-480,Spare parts
CAM2-CS2111V-480,Spare parts
CAM1-WW500-135,Products
CAM1-WW1000-135,Products
CAM1-UPCS400-131,Products
CAM1-UPC800-401,Products
CAM1-UPC800-131,Products
CAM1-UPC1600-401,Products
CAM1-UPC1600-131,Products
CAM1-UPC1200-131,Products
CAM1-UC500-191,Products
CAM1-UC250-194,Products
CAM1-TG9-135,Products
CAM1-TG9-133,Products
CAM1-TG12-135,Products
CAM1-TG12-133,Products
CAM1-TG12-110,Products
CAM1-SPOP13CW-133,Products
CAM1-SPOP13CW-110,Products
CAM1-SPOP11CW-110,Products
CAM1-SPOP10CW-135,Products
CAM1-SPO13CW-148,Products
CAM1-SPO13CW-135,Products
CAM1-SPO13CW-133,Products
CAM1-SFT1220-110,Products
CAM1-SFT1212-110,Products
CAM1-SFG820-110,Products
CAM1-SFG1015-110,Products
CAM1-SFG1012-110,Products
CAM1-SCP64CW-135,Products
CAM1-SCP24CW-135,Products
CAM1-SCP12CW-135,Products
CAM1-RSB912CW-110,Products
CAM1-RSB23CW-110,Products
CAM1-RSB18CW-110,Products
CAM1-RSB15CW-110,Products
CAM1-RSB1419CW-110,Products
CAM1-RFSCWC6-135,Products
CAM1-RFSCWC12-135,Products
CAM1-RFSCWC1-135,Products
CAM1-RFSCW6-135,Products
CAM1-RFSCW4-135,Products
CAM1-RFSCW22-135,Products
CAM1-RFSCW2-135,Products
CAM1-RFSCW18-135,Products
CAM1-RFSCW1-135,Products
CAM1-R500LCD-194,Products
CAM1-R1000LCD-194,Products
CAM1-PT1400-167,Products
CAM1-PT1400-110,Products
CAM1-PT1014-167,Products
CAM1-PT1014-110,Products
CAM1-PSB8-176,Products
CAM1-PSB6-176,Products
CAM1-PR59314-151,Products
CAM1-PR314-151,Products
CAM1-PPB23-176,Products
CAM1-PPB18-176,Products
CAM1-PL60CW-135,Products
CAM1-PI16-152,Products
CAM1-PI10-152,Products
CAM1-NT14-152,Products
CAM1-NT12-152,Products
CAM1-LT6-152,Products
CAM1-LT22-152,Products
CAM1-LT16-152,Products
CAM1-LT14-152,Products
CAM1-LT10-152,Products
CAM1-LD85-404,Products
CAM1-LD85-133,Products
CAM1-LD85-110,Products
CAM1-LD130-110,Products
CAM1-LD105A-133,Products
CAM1-LD105-133,Products
CAM1-ICS200TB-191,Products
CAM1-ICS200TB-131,Products
CAM1-ICS175TB-191,Products
CAM1-ICS175TB-180,Products
CAM1-ICS175TB-131,Products
CAM1-ICS175LB-131,Products
CAM1-ICS175L-191,Products
CAM1-ICS125T-157,Products
CAM1-ICS125LB-180,Products
CAM1-ICS125LB-110,Products
CAM1-ICS125L-401,Products
CAM1-ICS125L-191,Products
CAM1-IBS37-148,Products
CAM1-IBS27-148,Products
CAM1-IBS20-148,Products
CAM1-IB44-148,Products
CAM1-IB36-148,Products
CAM1-IB32-148,Products
CAM1-HT5CW-135,Products
CAM1-HT22CW-135,Products
CAM1-HT16CW-196,Products
CAM1-HT16CW-135,Products
CAM1-HT12CW-196,Products
CAM1-HT12CW-135,Products
CAM1-HT10CW-196,Products
CAM1-HT10CW-135,Products
CAM1-GBP518-110,Products
CAM1-GBP318-521,Products
CAM1-GBP318-110,Products
CAM1-GBP220-521,Products
CAM1-GBP220-110,Products
CAM1-GB850CW-135,Products
CAM1-GB1200CW-135,Products
CAM1-EXUWR184872PKG,Products
CAM1-EXU246072V4-480,Products
CAM1-EXU244272V4-480,Products
CAM1-EXU216072V4-480,Products
CAM1-EXU214864V4-480,Products
CAM1-EXMU244878V4-480,Products
CAM1-ESU244272V4-580,Products
CAM1-ESU216064V4-580,Products
CAM1-ESU216064-580,Products
CAM1-ESU215472V4-580,Products
CAM1-ESU215472-580,Products
CAM1-ESU215464V4-580,Products
CAM1-ESU214872V4-580,Products
CAM1-ESU214864V4-580,Products
CAM1-ESU214864-580,Products
CAM1-ESU214272-580,Products
CAM1-ESU214264V4-580,Products
CAM1-ESU214264-580,Products
CAM1-ESU213672V4-580,Products
CAM1-ESU213664V4-580,Products
CAM1-ESU186072V4-580,Products
CAM1-ESU186072-580,Products
CAM1-ESU184872V4-580,Products
CAM1-ESU184872-580,Products
CAM1-EPP280-110,Products
CAM1-EPCW8-580,Products
CAM1-DRS600-131,Products
CAM1-DRS480-131,Products
CAM1-DRS360-131,Products
CAM1-DIV20-148,Products
CAM1-DIV12-148,Products
CAM1-DC825-191,Products
CAM1-DC575-194,Products
CAM1-DC1225-194,Products
CAM1-DC1225-191,Products
CAM1-DC1225-131,Products
CAM1-DC1125-194,Products
CAM1-DC1125-191,Products
CAM1-DB18263CW-148,Products
CAM1-D16-152,Products
CAM1-D14-152,Products
CAM1-CSURS48426-480,Products
CAM1-CSURS48366-480,Products
CAM1-CSURS44486-480,Products
CAM1-CSURS44426-480,Products
CAM1-CSURS44366-480,Products
CAM1-CSU48607-480,Products
CAM1-CSU48606-480,Products
CAM1-CSU48546-480,Products
CAM1-CSU48487-480,Products
CAM1-CSU48486-480,Products
CAM1-CSU48426-480,Products
CAM1-CSU48367-480,Products
CAM1-CSU48366-480,Products
CAM1-CSU44607-480,Products
CAM1-CSU44487-480,Products
CAM1-CSU44427-480,Products
CAM1-CSU44367-480,Products
CAM1-CSU41606-480,Products
CAM1-CSU41546-480,Products
CAM1-CSU41486-480,Products
CAM1-CSU41366-480,Products
CAM1-CSA48607-480,Products
CAM1-CSA48606-480,Products
CAM1-CSA48546-480,Products
CAM1-CSA48487-480,Products
CAM1-CSA48486-480,Products
CAM1-CSA48426-480,Products
CAM1-CSA48366-480,Products
CAM1-CSA44367-480,Products
CAM1-CSA41606-480,Products
CAM1-CSA41546-480,Products
CAM1-CSA41486-480,Products
CAM1-CSA41426-480,Products
CAM1-CSA41366-480,Products
CAM1-CPUWR184872PKG,Products
CAM1-CPU246072V4-480,Products
CAM1-CPU244872V4-480,Products
CAM1-CPU244272V4-480,Products
CAM1-CPU244264V4-480,Products
CAM1-CPU243672V4-480,Products
CAM1-CPU243664V4-480,Products
CAM1-CPU216072V4-480,Products
CAM1-CPU216064V4-480,Products
CAM1-CPU215472V4-480,Products
CAM1-CPU215464V4-480,Products
CAM1-CPU214864V4-480,Products
CAM1-CPU214264V4-480,Products
CAM1-CPU186072V4-480,Products
CAM1-CPU186064V4-480,Products
CAM1-CPU185464V4-480,Products
CAM1-CPU184872V4-480,Products
CAM1-CPU184864V4-480,Products
CAM1-CPU184264V4-480,Products
CAM1-CPU183672V4-480,Products
CAM1-CPU183664V4-480,Products
CAM1-CPR2448-151,Products
CAM1-CPHU246067V4-480,Products
CAM1-CPHU243667V4-480,Products
CAM1-CPA246072V4-480,Products
CAM1-CPA244872V4-480,Products
CAM1-CPA244272V4-480,Products
CAM1-CPA243672V4-480,Products
CAM1-CPA216064V4-480,Products
CAM1-CPA215464V4-480,Products
CAM1-CPA214864V4-480,Products
CAM1-CPA214264V4-480,Products
CAM1-CPA213664V4-480,Products
CAM1-CPA213064V4-480,Products
CAM1-CPA212464V4-480,Products
CAM1-CPA186064V4-480,Products
CAM1-CPA185464V4-480,Products
CAM1-CPA184872V4-480,Products
CAM1-CPA184864V4-480,Products
CAM1-CPA184264V4-480,Products
CAM1-CPA183672V4-480,Products
CAM1-CPA183664V4-480,Products
CAM1-CP1220-159,Products
CAM1-CP1210-159,Products
CAM1-CBU246064VS4-580,Products
CAM1-CBU245464VS4-580,Products
CAM1-CBU244872V4-580,Products
CAM1-CBU244864VS4-580,Products
CAM1-CBU244272V4-580,Products
CAM1-CBU244264VS4-580,Products
CAM1-CBU243672V4-580,Products
CAM1-CBU216072-580,Products
CAM1-CBU216064V4-580,Products
CAM1-CBU215472V4-580,Products
CAM1-CBU215464V4-580,Products
CAM1-CBU214872VS4-580,Products
CAM1-CBU214872V4-580,Products
CAM1-CBU214872-580,Products
CAM1-CBU214864V4-580,Products
CAM1-CBU214272VS4-580,Products
CAM1-CBU214272V4-580,Products
CAM1-CBU213672V4-580,Products
CAM1-CBU186072V4-580,Products
CAM1-CBU186064VS4-580,Products
CAM1-CBU186064V4-580,Products
CAM1-CBU185472V4-580,Products
CAM1-CBU185464VS4-580,Products
CAM1-CBU185464V4-580,Products
CAM1-CBU184872V4-580,Products
CAM1-CBU184264VS4-580,Products
CAM1-CBU183672V4-580,Products
CAM1-CBU183664VS4-580,Products
CAM1-CBU183664V4-580,Products
CAM1-CBU183072V4-580,Products
CAM1-CBU183064VS4-580,Products
CAM1-CBSK2154V1-580,Products
CAM1-CBSK1842V1-580,Products
CAM1-CBSK1842V-580,Products
CAM1-CBA246072V4-580,Products
CAM1-CBA243672V4-580,Products
CAM1-909CW-152,Products
CAM1-905CW-152,Products
CAM1-901CW-152,Products
CAM1-9013CW-486,Products
CAM1-9013CW-152,Products
CAM1-9011CW-152,Products
CAM1-900P-152,Products
CAM1-900CW-152,Products
CAM1-800P-152,Products
CAM1-6R6-157,Products
CAM1-63CLRHP-150,Products
CAM1-63CLRCW-135,Products
CAM1-400MCCW-135,Products
CAM1-36E5-184,Products
CAM1-36E5-151,Products
CAM1-36E4-184,Products
CAM1-36E4-151,Products
CAM1-36E1-184,Products
CAM1-36E1-151,Products
CAM1-35CLRHP-150,Products
CAM1-350LCD(SOUP)-131,Products
CAM1-3200P2-152,Products
CAM1-25MCCW-135,Products
CAM1-25E5-184,Products
CAM1-25E5-151,Products
CAM1-25E2-184,Products
CAM1-25E2-151,Products
CAM1-250LCD-131,Products
CAM1-23CLRCW-135,Products
CAM1-200MCCW-135,Products
CAM1-1826CT-138,Products
CAM1-1826CT-110,Products
CAM1-18269CW-135,Products
CAM1-18266P-148,Products
CAM1-18266CW-467,Products
CAM1-18263CW-135,Products
CAM1-182615CW-135,Products
CAM1-182612CW-135,Products
CAM1-1800CT-138,Products
CAM1-1800CT-110,Products
CAM1-16E4-184,Products
CAM1-16E2-184,Products
CAM1-16E2-151,Products
CAM1-1622CT-138,Products
CAM1-1622CT-110,Products
CAM1-1600ET-521,Products
CAM1-1600ET-503,Products
CAM1-1600ET-207,Products
CAM1-1600ET-206,Products
CAM1-1600ET-167,Products
CAM1-1600ET-110,Products
CAM1-1520ET-521,Products
CAM1-1520ET-503,Products
CAM1-1520ET-207,Products
CAM1-1520ET-206,Products
CAM1-1520ET-167,Products
CAM1-1520ET-110,Products
CAM1-1418FF-163,Products
CAM1-1418FF-106,Products
CAM1-1418ET-521,Products
CAM1-1418ET-503,Products
CAM1-1418ET-207,Products
CAM1-1418ET-206,Products
CAM1-1418ET-167,Products
CAM1-1418ET-110,Products
CAM1-1418DSLM-830,Products
CAM1-1418DSLM-825,Products
CAM1-1418DSLM-820,Products
CAM1-1418CT-138,Products
CAM1-1418CT-110,Products
CAM1-1400ET-503,Products
CAM1-1317LG-521,Products
CAM1-1317DSLM-830,Products
CAM1-1317DSLM-825,Products
CAM1-1317DSLM-820,Products
CAM1-1317DSLG-820,Products
CAM1-124VS-380,Products
CAM1-12189CW-135,Products
CAM1-12183CW-135,Products
CAM1-1216FF-119,Products
CAM1-1216FF-110,Products
CAM1-1216ET-521,Products
CAM1-1216ET-207,Products
CAM1-1216ET-206,Products
CAM1-1216ET-167,Products
CAM1-120VS-191,Products
CAM1-1202CW-152,Products
CAM1-1101CW-152,Products
CAM1-10CWNR-154,Products
CAM1-10CWNR-110,Products
CAM1-107VS-191,Products
CAM1-10302MT-148,Products
CAM1-10302MT-110,Products
CAM1-1014DSLNS-820,Products
CAM1-1014DSLNS-815,Products
CAM1-1014DSLM-830,Products
CAM1-1014DSLM-825,Products
CAM1-1014DSLM-820,Products
CAM1-1014DSLM-815,Products
CAM1-1013CW-152,Products
CAM1-1012VS-191,Products
CAM1-1010VS-191,Products
CAM1-100VS-191,Products
CAM1-1007CW-152,Products
CAM1-1007CW-133,Products
CAM1-1005CW-152,Products
CAM1-1005CW-133,Products
BES2-25108000,Spare parts
BER2-SPO-P-C2208019A,Spare parts
BER2-SPO-P-C2207054A,Spare parts
BER2-SPO-P-C2101004A,Spare parts
BER2-SPO-E-C2410058C,Spare parts
BER2-PL-JD-DTL,Spare parts
BER2-PL-JD-DT,Spare parts
BER2-NT-CKE41-B,Spare parts
BER2-NT-CKE41-A,Spare parts
BER2-GL-S-3DW-B,Spare parts
BER2-GL-S-3DW-A,Spare parts
BER2-GL-DCSG321R,Spare parts
BER2-GL-DCSG321L,Spare parts
BER2-GL-CHL-O,Spare parts
BER2-GL-CHL-N,Spare parts
BER2-GC-SDFH-SM-RC,Spare parts
BER2-GC-SDFH-SM-LC,Spare parts
BER2-DRO-4L-BURNER-CHANNEL,Spare parts
BER2-CM-MS26FG,Spare parts
BER2-CM-GS26CLX,Spare parts
BER2-C-P6,Spare parts
BER2-C-CG11C,Spare parts
BER2-C-CG11B,Spare parts
BER1-SP2-HT,Products
BER1-SP2-HP,Products
BER1-RCS5SM,Products
BER1-RCS18SB13-2FB,Products
BER1-RCS15SB13-2FB,Products
BER1-RCS09SB13-2FB,Products
BER1-OB6FS-17,Products
BER1-OB6-17,Products
BER1-OB4FS-17,Products
BER1-OB4-17,Products
BER1-OB2FS-17,Products
BER1-I-BSP-IK40,Products
BER1-I-BSP-IK30,Products
BER1-GG3BFS-17,Products
BER1-GG3B-17,Products
BER1-FW55,Products
BER1-FW50,Products
BER1-FSSDF12D,Products
BER1-EG5250-17,Products
BER1-EG3000FS,Products
BER1-EG3000,Products
BER1-DDF126,Products
BER1-DDF11D6,Products
BER1-CKE6SCSB,Products
BER1-CKE5SCSM,Products
BER1-CKE5SCSB,Products
BER1-CKE4SCSM,Products
BER1-CKE4SCGM,Products
BER1-CKE3SCSM,Products
BER1-CCS12SB13-2FB,Products
BER1-CCS09SB13-2FB,Products
BER1-CB3BGG1BFS-17,Products
BER1-CB3BGG1B-17,Products
BER1-CB3B-17,Products
BER1-BS4DU-C-Z-L,Products
BER1-BS4DU-C-W,Products
BER1-BS3D-F7-L,Products
BER1-BS3D-F7-BL,Products
BER1-BS3D-CF7-L,Products
BER1-BS2DR-C4-2-L(750),Products
BER1-BS2DR-C1165-2-L(760),Products
BER1-BS2D-F6-Z-L(760),Products
BER1-BS2D-F6-L(750),Products
BER1-BS2D-F6-L,Products
BER1-BS2D-F5-Z-L(760),Products
BER1-BS2D-F5-L,Products
BER1-BS2D-F5-BL,Products
BER1-BS2D-F4-Z-L(750),Products
BER1-BS2D-F4-L(750),Products
BER1-BS2D-F4-BL,Products
BER1-BS2D-CF6-L(750),Products
BER1-BS2D-CF6-L,Products
BER1-BS2D-C5-L(750),Products
BER1-BS2D-C5-6-L(600),Products
BER1-BS2D-C4-L(750),Products
BER1-B3D-C7-SM-L(600),Products
BER1-B3D-C7-7-SM-L(750),Products
BER1-B2D-C6-7-SM-L(760),Products
BER1-B2D-C6-7-SM-L(750),Products
BER1-B2D-C5-SM-L(600),Products
BER1-B2D-C5-L6,Products
BER1-B2D-C5-BL,Products
BER1-B2D-C4-BL,Products
BER1-3D-DC-SM,Products
BER1-3D-DC-BH-1-G,Products
BER1-2D-DF-SM-EV,Products
BER1-2D-DF-S-EV,Products
BER1-1D-DC-SM,Products
BER1-1D-DC-BBH-1,Products
ASL2-PLASTIC-SHELL3500,Spare parts
ASL2-PLASTIC-SHELL-OLD,Spare parts
ASL2-HN-MB35-16,Spare parts
ASL2-HN-MB35-15,Spare parts
ASL2-HN-DP-50-NV-202007,Spare parts
ASL2-HN-DP-50-NV,Spare parts
ASL1-IND-5000W,Products
ASL1-IND-3500,Products
ASL1-IND-2000,Products
ASL1-CB6040C-YL,Products
ASL1-CB6040C-WH,Products
ASL1-CB6040C-RD,Products
ASL1-CB6040C-GR,Products
ASL1-CB6040C-CF,Products
ASL1-CB6040C-BL,Products
ASL1-CB4833C-YL,Products
ASL1-CB4833C-WH,Products
ASL1-CB4833C-RD,Products
ASL1-CB4833C-GR,Products
ASL1-CB4833C-CF,Products
ASL1-CB4833C-BL,Products
ASL1-CB3828C-YL,Products
ASL1-CB3828C-WH,Products
ASL1-CB3828C-RD,Products
ASL1-CB3828C-GR,Products
ASL1-CB3828C-CF,Products
ASL1-CB3828C-BL,Products
ARS1-281004,Products
ARS1-281000,Products
ARS1-280204,Products
ARS1-280200,Products
ARS1-140204,Products
ARS1-140200,Products
ARC1-74607,Products
ARC1-51946,Products
ARC1-51945,Products
ARC1-22820,Products
ARC1-22814,Products
ARC1-22738,Products
ARC1-22720,Products
ARC1-12558,Products
ARC1-12341,Products
VTS1-VHT60,Products
PIM2-EDO2-40CS-BK-H,Spare parts
SIR2-MOTOREP35,Spare parts
SIR2-COPRILA25PC,Spare parts
SIR2-LF152500010,Spare parts
MBM1-MFTE98ALR,Products
MBM1-MFRE98A,Products
MBM1-MBRE98A,Products
MBM1-VC77A,Products
MBM1-VC74A,Products
MBM1-SAE541,Products
MBM1-PLG74A,Products
PIM2-MINI-IB220-BL160E-25,Spare parts
PIM2-MINI-IB220-BL160E-23,Spare parts
PIM2-MINI-IB220-BL160E-08,Spare parts
LIN1-CO133T,Products
ZNS2-0L0051,Spare parts
ZNS2-068799,Spare parts
ZNS2-049480,Spare parts
ZNS2-049460,Spare parts
ZAN2-GHIE0012,Spare parts
XIN2-TW-32S-18,Spare parts
WNK1-SH30224,Products
WNK1-ML-1061M,Products
WNK1-E8GN1265,Products
WNK1-CD-012(B),Products
WIN2-70003338,Spare parts
WIN2-61005327,Spare parts
WIN2-61005191,Spare parts
WIN2-60003870,Spare parts
WIN2-60003605,Spare parts
VRM2-R27-172,Spare parts
VOL1-94400,Products
VOL1-93400,Products
VOL1-93300,Products
VOL1-93100,Products
VOL1-67634,Products
VOL1-52023,Products
VOL1-47816-50,Products
VOL1-47816-30,Products
VOL1-42000,Products
VOL1-34600,Products
VOL1-34200,Products
VOL1-33500,Products
VOL1-32100,Products
VOL1-31900,Products
TS1-B-0113-B,Products
TRI1-TSR-G24-4,Products
TRA1-5216-08,Products
TRA1-516-0505,Products
TRA1-4843-01,Products
TRA1-4740-01,Products
TRA1-416-0505,Products
TRA1-1521-C04,Products
TRA1-1427-99,Products
TRA1-1367,Products
TRA1-1003G,Products
TOP2-98-HD-H,Spare parts
TOP1-WV-3170P-FEP,Products
TOP1-M98EHRS11,Products
TOP1-9800-12,Products
TBA1-KUR12-3D-6-L(750MM),Products
TBA1-KR25-2G-LW,Products
TBA1-KF45-4-W-GN,Products
TAC1-RCH21,Products
TAC1-RB235,Products
TAC1-RB1313,Products
TAC1-RB128,Products
TAC1-RAM2RW,Products
TAC1-CB1824GNA,Products
TAC1-CB1520RB,Products
TAC1-BK37309,Products
TAC1-BK17508,Products
TAC1-A157,Products
TAC1-828,Products
TAC1-5704,Products
TAC1-3712T,Products
STA2-2E-Z22595,Spare parts
SKP2-SDCHZ00800,Spare parts
SKP2-SDCHZ00499,Spare parts
SKP2-PM01S0010,Spare parts
SKP2-PM016S0012,Spare parts
SKP2-PM002S0360,Spare parts
SKP2-PM002S0310,Spare parts
SKP2-K3F2500201,Spare parts
SKP2-B-G8F3200701,Spare parts
SIR2-MSC04N292,Spare parts
SIR2-MSC04AMON.22,Spare parts
SIR2-MF2118,Spare parts
SIR2-LF2007010,Spare parts
SIR2-LF2007009,Spare parts
SIR2-IW2071240029,Spare parts
SIR2-IB4104002C,Spare parts
SIR2-19540431,Spare parts
SIR2-19538054,Spare parts
SIR2-19531355,Spare parts
SIR2-19300107N+SM260102,Spare parts
SIR1-TC32-DALLAS-400V,Products
SIR1-SO2020-INOX-MN-BANCO,Products
SIR1-IS-V-25-IDRA-TF,Products
SIR1-GEMMA300-INGR,Products
SIR1-C6VV,Products
SIR1-BBQ-X4,Products
SEV2-9660-251-140,Spare parts
SEV2-6203-2RSH,Spare parts
SEA1-IB3SLB,Products
SEA1-BB130C,Products
SAN2-62375,Spare parts
SAN2-28886,Spare parts
SAM2-4519010,Spare parts
SAM2-4039065,Spare parts
RTN2-40.05.255P,Spare parts
RTN2-24.03.192,Spare parts
RON2-W620L3500,Spare parts
RON2-139873,Spare parts
RON2-139851,Spare parts
RON2-134805,Spare parts
RON2-122774T06,Spare parts
RON2-108241,Spare parts
RON2-106815,Spare parts
RON1-STM615.A,Products
ROL2-SA03001,Spare parts
ROL1-RF8DS,Products
ROL1-RF5DS,Products
ROL1-PID700,Products
ROL1-MF120R,Products
ROL1-MAJESTIC-RB,Products
ROL1-FD80R,Products
ROL1-FD50I,Products
ROL1-CT3000,Products
ROL1-CDE400,Products
ROE2-59502,Spare parts
ROE2-49064,Spare parts
ROE2-39817,Spare parts
ROE2-39343,Spare parts
ROE2-2195,Spare parts
ROE2-119205S,Spare parts
ROE2-119204S,Spare parts
ROE2-118292S,Spare parts
ROE2-100963,Spare parts
ROE1-CL55-PUSHER-FEED-HEA,Products
ROE1-BLIXER4-VVB,Products
ROE1-BLIXER4-380V-50HZ-3P,Products
ROE1-BLIXER2,Products
ROE1-BLIXER-4A-MONO-230-1,Products
ROB2-WS0012,Spare parts
ROB2-PS0082,Spare parts
ROB2-LT40-15,Spare parts
ROB2-HP1500-21,Spare parts
ROB2-809948,Spare parts
ROB1-UDS30VP,Products
ROB1-UDS20VP,Products
ROB1-HQ1200E,Products
ROB1-F18,Products
ROB1-F15,Products
ROB1-F111,Products
REF1-00031,Products
REF1-00023,Products
REF1-00014,Products
REF1-00010,Products
REF1-00001,Products
RAN1-EPOCA-E1-RED,Products
RAN1-CLASSE6-S2-GR-GREY,Products
RAN1-CLASSE6-E2-GR-GREY,Products
RAN1-AUDREY,Products
PUJ1-710.032,Products
PUJ1-239.236,Products
PUJ1-239.036,Products
PUJ1-235.000,Products
PUJ1-217.050,Products
PUJ1-210.652,Products
PUJ1-210.402,Products
PUJ1-149.120,Products
PUJ1-117.120,Products
PRI1-123,Products
PRC1-TK-SPTS10,Products
PRC1-DRC-30,Products
PRC1-BSK-MRGC12,Products
PRC1-BSK-LPB19,Products
PRC1-BSK-BRW7R,Products
PRC1-BSK-BRW5F,Products
PRC1-BK-MP36P,Products
PRC1-3S-15K,Products
PIM2-TW-32S-10,Spare parts
PIM2-TC12-22-27,Spare parts
PIM2-SM150000028,Spare parts
PIM2-SM-50L-60L-108,Spare parts
PIM2-SM-50L-60L-107,Spare parts
PIM2-SM-50L-211,Spare parts
PIM2-PMG-30L-WH-709,Spare parts
PIM2-PM-20L-SV-45,Spare parts
PIM2-PM-20L-SV-43,Spare parts
PIM2-PILOT-NOZZLE,Spare parts
PIM2-JD180000030,Spare parts
PIM2-IMB850-650W-BL550-04,Spare parts
PIM2-IMB450-450W-BL350-10,Spare parts
PIM2-IMB220-270W-BL250-20,Spare parts
PIM2-IM-50SC-003,Spare parts
PIM2-ECM13-5.1,Spare parts
PIM2-DOOR-SEAL,Spare parts
PIM2-CHL12-2D-L75-MBB,Spare parts
PIM2-CF4-SSA-NEW,Spare parts
PIM2-CF4-58MO-NEW,Spare parts
PIM2-905040007,Spare parts
PIM2-70101101455,Spare parts
PIM2-302220059,Spare parts
PIM2-302160014,Spare parts
PIM2-302110091,Spare parts
PIM2-302110090+302110698,Spare parts
PIM2-302110089,Spare parts
PIM2-302100143,Spare parts
PIM2-302100109,Spare parts
PIM2-302070056,Spare parts
PIM2-302020084,Spare parts
PIM2-301130011,Spare parts
PIM2-301120011,Spare parts
PIM2-301110027,Spare parts
PIM2-301110004,Spare parts
PIM2-301090061,Spare parts
PIM2-301090016,Spare parts
PIM2-301080008,Spare parts
PIM2-301050136,Spare parts
PIM2-301040195,Spare parts
PIM2-301040166,Spare parts
PIM2-301040128,Spare parts
PIM2-301030151,Spare parts
PIM2-301030071,Spare parts
PIM2-20210003007,Spare parts
PIM2-20210002201,Spare parts
PIM2-20210002007,Spare parts
PIM2-20209037012,Spare parts
PIM2-20110003401,Spare parts
PIM1-V-RL-FT-D300,Products
PIM1-S36-2,Products
PIM1-S24-2,Products
PIM1-REF-8L-2,Products
PIM1-NYGF300-RF,Products
PIM1-MG32,Products
PIM1-FRZ15-2D-L-750MM,Products
PIM1-CF4-58-10C,Products
PIM1-BLD-2200W-TP,Products
OCG1-5P03422G0001,Products
OCG1-1P03420,Products
NUO2-16300133,Spare parts
NUO2-16300119,Spare parts
NUO2-04900162,Spare parts
NTS2-HN-C-35W,Spare parts
NTS2-HL-007,Spare parts
NTS2-HL-006,Spare parts
NTS2-HL-005,Spare parts
NTS2-EWB-24-029,Spare parts
NTS2-DR520-MIC,Spare parts
NTS2-DR520-690,Spare parts
NTS2-DR520-670,Spare parts
NTS2-DR520-260,Spare parts
NTS2-DR520-250,Spare parts
NTS2-CED-7L-PC-03,Spare parts
NTS2-CD-101-9P-SPS,Spare parts
NTS1-YT143,Products
NTS1-WIN1-8,Products
NTS1-WIN1-6,Products
NTS1-WIN1-5,Products
NTS1-WIN1-2,Products
NTS1-WIN1-18,Products
NTS1-WIN1-1,Products
NTS1-TUL1-3,Products
NTS1-TUL1-18,Products
NTS1-TUL1-17,Products
NTS1-TUL1-12,Products
NTS1-TUL1-1,Products
NTS1-TABS-B8,Products
NTS1-TABS-B6,Products
NTS1-TABS-B12,Products
NTS1-TABS-B10,Products
NTS1-SPL-AL-22H,Products
NTS1-SPL-AL-18,Products
NTS1-SNP20023,Products
NTS1-SN9222,Products
NTS1-SN9111,Products
NTS1-SN60265,Products
NTS1-SN2897,Products
NTS1-SN1594,Products
NTS1-SN1084,Products
NTS1-SKI-BK,Products
NTS1-SGB-TH,Products
NTS1-SAK1-5,Products
NTS1-SAK1-33,Products
NTS1-RO-11L-1,Products
NTS1-PPR-9,Products
NTS1-PMN300450-1,Products
NTS1-PMLS-4530-RD,Products
NTS1-PH09-1300-CL,Products
NTS1-NOV1-17,Products
NTS1-NOV1-1,Products
NTS1-NOA1-5,Products
NTS1-NOA1-4,Products
NTS1-NAJ1-9,Products
NTS1-NAJ1-4,Products
NTS1-NAJ1-2,Products
NTS1-MTZ-S,Products
NTS1-MLK-R,Products
NTS1-MLK-200,Products
NTS1-MBF40-C,Products
NTS1-LUGC18-SSR(H),Products
NTS1-LS08-CP2,Products
NTS1-KT-78B,Products
NTS1-KNSP-12WH,Products
NTS1-KAN1-12,Products
NTS1-JAY1-2,Products
NTS1-ISC1-9,Products
NTS1-ISC1-17,Products
NTS1-HLCR3C-W-OHD,Products
NTS1-HL2SS-RB,Products
NTS1-HL1SS-HSB,Products
NTS1-GN12150-Y,Products
NTS1-GN11150-Y,Products
NTS1-FR-1211-9L,Products
NTS1-FAB1-6,Products
NTS1-FAB1-5,Products
NTS1-FAB1-27,Products
NTS1-FAB1-2,Products
NTS1-ELM1-15,Products
NTS1-ELM-S4,Products
NTS1-DB-H120-DRG,Products
NTS1-DAR1-12,Products
NTS1-CSSAH-18,Products
NTS1-CSSA-D120H75,Products
NTS1-CSSA-D120H50,Products
NTS1-COL1-3,Products
NTS1-CDHR-700W,Products
NTS1-CD-IN60-L1,Products
NTS1-CD-E9L-1,Products
NTS1-CD-6L-01,Products
NTS1-CD-618-6L,Products
NTS1-CD-11L-RO,Products
NTS1-CBR-18,Products
NTS1-CAR1-3,Products
NTS1-CAR1-28,Products
NTS1-CAD1-6,Products
NTS1-BSP-9,Products
NTS1-BSP-12,Products
NTS1-BOT-B5,Products
NTS1-BOT-B4,Products
NTS1-BOS1-1,Products
NTS1-BH-CRS12,Products
NTS1-BH-CRM11,Products
NTS1-BH-CRM07,Products
NTS1-BH-CRM06,Products
NTS1-BH-CRM04,Products
NTS1-BH-CRM03B,Products
NTS1-BH-CRM03,Products
NTS1-BH-CRM02,Products
NTS1-BH-CRM01,Products
NTS1-BEV1-9,Products
NTS1-BEV1-6,Products
NTS1-BEV1-3,Products
NTS1-BEV1-13,Products
NTS1-AVA1-5,Products
NTS1-ALI1-3,Products
NTS1-ALI1-2,Products
NTS1-ALI1-11-1,Products
NTS1-ALI1-11,Products
MMT2-59004077,Spare parts
MID2-72491,Spare parts
MID2-68909,Spare parts
MID2-67857,Spare parts
MID2-1508,Spare parts
MBM2-RTCU800181,Spare parts
MBM2-175327,Spare parts
MBM1-MFTG77TLR,Products
LKK2-WIRE-TERMINAL,Spare parts
LKK2-TC42-5-8,Spare parts
LKK2-PCP038,Spare parts
LKK2-PCP019D,Spare parts
LKK2-KNOB-TI(OLD-WF),Spare parts
LKK2-IND350S-6,Spare parts
LKK2-EPZ6-32,Spare parts
LKK2-EHS660-03,Spare parts
LKK2-DOOR(LK-PL),Spare parts
LKK2-B20F(K)-14,Spare parts
LKK2-B20B-34,Spare parts
LKK1-HS80(D),Products
LKK1-HS50A,Products
LKK1-EF-101,Products
LIN1-IC1,Products
LCO1-BATHIDOR-500-30,Products
LAS2-507406,Spare parts
LAC2-936960020F,Spare parts
LAC2-803190016,Spare parts
LAC2-533894500R,Spare parts
LAC2-533795610,Spare parts
LAC2-465603000,Spare parts
LAC2-465339020,Spare parts
LAC2-465318000,Spare parts
LAC2-465303020,Spare parts
LAC2-465027021,Spare parts
LAC2-457362000,Spare parts
KLT1-KSCRAPESLOT76X86,Products
JTA2-YXD-8A,Spare parts
JTA2-302150225,Spare parts
JTA2-302150206,Spare parts
JTA2-302130225,Spare parts
JTA2-302130224,Spare parts
JTA2-302130223,Spare parts
JTA2-302130222,Spare parts
JTA2-302130191,Spare parts
JTA2-302110297,Spare parts
JTA2-302090027,Spare parts
JTA2-302070268,Spare parts
JTA2-302020323,Spare parts
JTA2-301120031,Spare parts
JTA2-301110514-NEW,Spare parts
JTA2-301110144,Spare parts
JTA2-301040230,Spare parts
JTA2-301030111,Spare parts
JTA2-301030044,Spare parts
JTA2-301020034,Spare parts
JTA2-301010204,Spare parts
JTA2-20210003805,Spare parts
JTA2-20210002012,Spare parts
JTA2-20140026020,Spare parts
JTA1-TBM-2,Products
JTA1-DR-3,Products
JTA1-6ATS-A,Products
JIN1-SS120-1,Products
HUA1-P-01,Products
HOU2-38520001,Spare parts
HOU2-30500002,Spare parts
HAT2-X021333500,Spare parts
HAT2-X020127000,Spare parts
HAT2-053006800,Spare parts
HAT1-RED,Products
HAM2-990314701,Spare parts
HAM2-990277500,Spare parts
HAM2-990263300,Spare parts
HAM2-990142800,Spare parts
HAM2-990114100,Spare parts
HAM2-990095800,Spare parts
HAM2-910193910,Spare parts
HAM2-61069090000,Spare parts
HAM2-31279110000,Spare parts
HAM1-6126-255S-CE,Products
GLO2-X02013,Spare parts
FUJ1-10L,Products
FRA2-177117,Spare parts
FRA2-177114,Spare parts
FAG2-U322100,Spare parts
ETF2-HC136860,Spare parts
EKA1-KF-966-UD-PA,Products
EDL2-H072,Spare parts
EDL2-A592,Spare parts
DEX1-19703Y,Products
DEX1-18193Y,Products
CTX2-68310,Spare parts
CTX2-67872,Spare parts
CTP1-GS-30514-115-WH,Products
CTP1-GS-10922-60-BK,Products
CON1-C270,Products
COG2-DEI36N,Spare parts
COG2-927322,Spare parts
COG2-75864,Spare parts
COG2-69016,Spare parts
COG2-65928,Spare parts
COG2-65811,Spare parts
COG2-65785,Spare parts
COG2-65784,Spare parts
COG2-456073,Spare parts
COG2-456052,Spare parts
COG2-429079,Spare parts
COG2-429073,Spare parts
COG2-429011,Spare parts
COG2-143235,Spare parts
COG2-124057,Spare parts
COG2-121147,Spare parts
COG1-STEELTECH18-00,Products
CHF1-800FG17,Products
CEC2-C359A,Spare parts
CEC1-98000,Products
CAS2-958071000,Spare parts
CAS2-4061016677,Spare parts
CAM1-UPCS140-480,Products
CAM1-UPC400-401,Products
CAM1-SRB5CW-135,Products
CAM1-RSB12CW-110,Products
CAM1-RSB1014CW-110,Products
CAM1-RFSCW12-135,Products
CAM1-PT1216-167,Products
CAM1-PT1100-167,Products
CAM1-PCU2000HC4-615,Products
CAM1-P60CW-135,Products
CAM1-LCDCH10-194,Products
CAM1-EXU243672V4-480,Products
CAM1-ESU184830V2-580,Products
CAM1-ESU183672-580,Products
CAM1-EPP400-110,Products
CAM1-EPP180-110,Products
CAM1-EPCT18-580,Products
CAM1-EMTD8-580,Products
CAM1-CSDDC5-151,Products
CAM1-CSDDC245-151,Products
CAM1-CPMU244875V4-480,Products
CAM1-CP15-110,Products
CAM1-CLRSB16-480,Products
CAM1-CBSK2436VS5-580,Products
CAM1-CBSK2436VS4-580,Products
CAM1-CBSK2436V5-580,Products
CAM1-CBSK2436S5-580,Products
CAM1-CBSK2430V1-580,Products
CAM1-CBSK2430S1-580,Products
CAM1-CBR2448-151,Products
CAM1-BC11TC-131,Products
CAM1-978SFVS-197,Products
CAM1-913VS-197,Products
CAM1-911VS-191,Products
CAM1-36E2-151,Products
CAM1-3253CT-138,Products
CAM1-30CV1D-335,Products
CAM1-2900CT-138,Products
CAM1-2700CT-110,Products
CAM1-25E4-151,Products
CAM1-20C414-151,Products
CAM1-1950CT-138,Products
CAM1-1826DSCW-135,Products
CAM1-18266CW-464,Products
CAM1-16E5-151,Products
CAM1-16C414-151,Products
CAM1-1520CWNSH-488,Products
CAM1-1216ET-110,Products
CAM1-1200CW-152,Products
CAM1-116VS-197,Products
CAM1-110GPVS-191,Products
CAM1-10CW-148,Products
CAM1-105VS-191,Products
CAM1-103VS-191,Products
CAM1-1014ET-167,Products
CAM1-100MCCW-135,Products
CAM1-1000LCD-131,Products
CAM1-1000CW-152,Products
BRE1-54-501,Products
BES2-35301400,Spare parts
BER2-LE-EAS10HL,Spare parts
BER2-GS-M1071-UR-565X685,Spare parts
BER2-GS-M1071-DR6-SM,Spare parts
BER2-CC-CKE-RCS4-N,Spare parts
BER2-BK-TKSP,Spare parts
BER2-3ARR3T6AC3,Spare parts
BER1-GG2BHRFS-17,Products
BER1-GG2BFS-17,Products
BER1-EG5250HR-17,Products
BER1-EG3500-17,Products
BER1-DRO4-17,Products
BER1-DF12-17,Products
BER1-CRB3BFS-17,Products
BER1-BS4DU-F-Z-L(770),Products
BER1-BS3D-F7-Z-L(760),Products
BER1-BS3D-C8-Z-L(760),Products
BER1-BS3D-C7-Z-L(750),Products
BER1-BS3D-2C1-F7-Z-L(750),Products
BER1-BS2D-F4-Z-L(760),Products
BER1-BS-SW2D-L5(750),Products
ASL2-HN-MB50,Spare parts
ASL2-HN-MB35-NV,Spare parts
ASL1-IND-5000,Products
ASL1-IND-3500W,Products
ARS1-284604,Products
ARS1-284204,Products
ARS1-281304,Products
ARS1-280700,Products
ARS1-251500,Products
ARC1-76969,Products
ARC1-65537,Products
ARC1-52719,Products
ARC1-48201,Products
ARC1-47066,Products
ARC1-37439,Products
ARC1-12714,Products
ROE1-R5VVG-230-50-1-M,Products
ROL2-15245,Spare parts
SIR1-C9VV,Products
SAN1-68J,Products
NTS1-CD-401-6L2,Products
SEV2-00504,Spare parts
SEV2-00397,Spare parts
SEV2-00520,Spare parts
SEV2-00470,Spare parts
SEV2-00506,Spare parts
SEV2-00640,Spare parts
SEV2-00363,Spare parts
SEV2-00448,Spare parts
SEV2-00503,Spare parts
SEV2-00398,Spare parts
SEV2-00665,Spare parts
SEV2-00490,Spare parts
SEV2-00566,Spare parts
SEV2-00558,Spare parts
SEV2-00386,Spare parts
SEV2-00625,Spare parts
SEV2-00641,Spare parts
SEV2-00666,Spare parts
SEV2-00502,Spare parts
SEV2-00417,Spare parts
SEV2-00468,Spare parts
SEV2-00365,Spare parts
SEV2-00499,Spare parts
SEV2-00447,Spare parts
SEV2-00507,Spare parts
SEV2-00505,Spare parts
SEV2-00434,Spare parts
SEV2-00405,Spare parts
SEV2-00489,Spare parts
SEV2-00427,Spare parts
SEV2-00701,Spare parts
SEV2-00500,Spare parts
SEV2-00396,Spare parts
SEV2-00391,Spare parts
SEV2-00574,Spare parts
SEV2-00573,Spare parts
SEV2-00559,Spare parts
SEV2-00467,Spare parts
SEV2-00664,Spare parts
SEV2-00498,Spare parts
SEV2-00426,Spare parts
SEV2-00393,Spare parts
SEV2-00660,Spare parts
SEV2-00606,Spare parts
SEV2-00501,Spare parts
SEV2-00438,Spare parts
SEV2-00431,Spare parts
SEV2-00422,Spare parts
SEV2-00364,Spare parts
SEV2-00653,Spare parts
SEV2-00439,Spare parts
SEV2-00435,Spare parts
SEV2-00425,Spare parts
SEV2-00488,Spare parts
SEV2-00440,Spare parts
SEV2-00548,Spare parts
SEV2-00436,Spare parts
SEV2-00369,Spare parts
SEV2-00433,Spare parts
SEV2-00647,Spare parts
SEV2-00472,Spare parts
SEV2-00375,Spare parts
SEV2-00667,Spare parts
SEV2-00432,Spare parts
SEV2-00475,Spare parts
SEV2-00423,Spare parts
SEV2-00668,Spare parts
SEV2-00521,Spare parts
SEV2-00476,Spare parts
SEV2-00469,Spare parts
SEV2-00368,Spare parts
SEV2-00704,Spare parts
SEV2-00626,Spare parts
SEV2-00585,Spare parts
SEV2-00461,Spare parts
SEV2-00609,Spare parts
SEV2-00555,Spare parts
SEV2-00394,Spare parts
SEV2-00615,Spare parts
SEV2-00669,Spare parts
SEV2-00650,Spare parts
SEV2-00630,Spare parts
SEV2-00608,Spare parts
SEV2-00593,Spare parts
SEV2-00451,Spare parts
SEV2-00437,Spare parts
SEV2-00412,Spare parts
SEV2-00401,Spare parts
SEV2-00384,Spare parts
SEV2-00380,Spare parts
SEV2-00372,Spare parts
SEV2-00371,Spare parts
SEV2-00370,Spare parts
SEV2-00642,Spare parts
SEV2-00429,Spare parts
SEV2-00442,Spare parts
SEV2-00421,Spare parts
SEV2-00420,Spare parts
SEV2-00644,Spare parts
SEV2-00635,Spare parts
SEV2-00460,Spare parts
SEV2-00657,Spare parts
SEV2-00613,Spare parts
SEV2-00639,Spare parts
SEV2-00643,Spare parts
SEV2-00527,Spare parts
SEV2-00413,Spare parts
SEV2-00636,Spare parts
SEV2-00430,Spare parts
SEV2-00416,Spare parts
SEV2-00395,Spare parts
SEV2-00661,Spare parts
SEV2-00655,Spare parts
SEV2-00649,Spare parts
SEV2-00619,Spare parts
SEV2-00612,Spare parts
SEV2-00589,Spare parts
SEV2-00428,Spare parts
SEV2-00564,Spare parts
SEV2-00400,Spare parts
SEV2-00399,Spare parts
SEV2-00654,Spare parts
SEV2-00624,Spare parts
SEV2-00379,Spare parts
SEV2-00441,Spare parts
SEV2-00390,Spare parts
SEV2-00645,Spare parts
SEV2-00376,Spare parts
SEV2-00570,Spare parts
SEV2-00662,Spare parts
SEV2-00459,Spare parts
SEV2-00415,Spare parts
SEV2-00465,Spare parts
SEV2-00410,Spare parts
SEV2-00637,Spare parts
SEV2-00616,Spare parts
SEV2-00611,Spare parts
SEV2-00590,Spare parts
SEV2-00583,Spare parts
SEV2-00374,Spare parts
SEV2-00373,Spare parts
SEV2-00648,Spare parts
SEV2-00621,Spare parts
SEV2-00464,Spare parts
SEV2-00463,Spare parts
SEV2-00444,Spare parts
SEV2-00582,Spare parts
SEV2-00663,Spare parts
SEV2-00409,Spare parts
SEV2-00383,Spare parts
SEV2-00366,Spare parts
SEV2-00634,Spare parts
SEV2-00466,Spare parts
SEV2-00382,Spare parts
SEV2-00604,Spare parts
SEV2-00446,Spare parts
SEV2-00607,Spare parts
SEV2-00599,Spare parts
SEV2-00633,Spare parts
SEV2-00580,Spare parts
SEV2-00579,Spare parts
SEV2-00600,Spare parts
SEV2-00592,Spare parts
SEV2-00587,Spare parts
SEV2-00553,Spare parts
SEV2-00652,Spare parts
SEV2-00620,Spare parts
SEV2-00617,Spare parts
SEV2-00610,Spare parts
SEV2-00591,Spare parts
SEV2-00586,Spare parts
SEV2-00452,Spare parts
SEV2-00387,Spare parts
SEV2-00381,Spare parts
SEV2-00623,Spare parts
SEV2-00622,Spare parts
SEV2-00572,Spare parts
SEV2-00457,Spare parts
SEV2-00443,Spare parts
SEV2-00658,Spare parts
SEV2-00638,Spare parts
SEV2-00560,Spare parts
SEV2-00549,Spare parts
SEV2-00656,Spare parts
SEV2-00601,Spare parts
SEV2-00404,Spare parts
SEV2-00392,Spare parts
SEV2-00367,Spare parts
SEV2-00618,Spare parts
SEV2-00584,Spare parts
SEV2-00462,Spare parts
SEV2-00458,Spare parts
SEV2-00411,Spare parts
SEV2-00402,Spare parts
SEV2-00602,Spare parts
SEV2-00565,Spare parts
SEV2-00378,Spare parts
SEV2-00377,Spare parts
SEV2-00362,Spare parts
SEV2-00361,Spare parts
SEV2-00603,Spare parts
SEV2-00588,Spare parts
SEV2-00614,Spare parts
SEV2-00569,Spare parts
SEV2-00474,Spare parts
SEV2-00471,Spare parts
SEV2-00571,Spare parts
SEV2-00563,Spare parts
SEV2-00449,Spare parts
SEV2-00385,Spare parts
SEV2-00568,Spare parts
SEV2-00551,Spare parts
SEV2-00550,Spare parts
SEV2-00605,Spare parts
SEV2-00575,Spare parts
SEV2-00562,Spare parts
SEV2-00561,Spare parts
SEV2-00473,Spare parts
SEV2-00454,Spare parts
SEV2-00557,Spare parts
SEV2-00554,Spare parts
SEV2-00552,Spare parts
SEV2-00453,Spare parts
SEV2-00450,Spare parts
SEV2-00598,Spare parts
SEV2-00597,Spare parts
SEV2-00596,Spare parts
SEV2-00594,Spare parts
SEV2-00578,Spare parts
SEV2-00577,Spare parts
SEV2-00576,Spare parts
SEV2-00567,Spare parts
SEV2-00556,Spare parts
SEV2-00456,Spare parts
SEV2-00595,Spare parts
SEV2-00581,Spare parts
SEV2-00455,Spare parts
ROE1-27248,Products
ROE1-28057,Products
ROE1-28197,Products
ROE1-R30,Products
ROL1-SEM800PDS,Products
TBA2-B1R0501105,Spare parts
CAS1-ENEA-ON-DEMAND64,Products
HAM2-990035700,Spare parts
LKK2-BASKET(WF-101),Spare parts
ROE2-89002,Spare parts
KIT2-W10119326,Spare parts
KIT2-W10538289,Spare parts
TBA2-K2F1107200,Spare parts
TBA2-K3F2901507,Spare parts
TBA2-K2F1107401,Spare parts
ROB2-PC0595,Spare parts
NTS1-PTTB-SS11GN,Products
TBA2-SP99088304,Spare parts
SEV2-00495,Spare parts
LIN2-Y10100,Spare parts
LIN2-TU105,Spare parts
LIN2-TH116,Spare parts
LIN2-STA08,Spare parts
LIN2-SH109,Spare parts
LIN2-PR100,Spare parts
LIN2-MC16,Spare parts
LIN2-LE65,Spare parts
LIN2-LE64,Spare parts
LIN2-LE57,Spare parts
LIN2-KN163,Spare parts
LIN2-GA62,Spare parts
LIN2-FZ214088,Spare parts
LIN2-FZ214000,Spare parts
LIN2-EL297,Spare parts
LIN2-EL240,Spare parts
LIN2-EL239,Spare parts
LIN2-EL155,Spare parts
LIN2-EL108,Spare parts
LIN2-EBM22,Spare parts
LIN2-EBM06,Spare parts
LIN2-DV02,Spare parts
LIN2-13078,Spare parts
TBA1-KF45-4-LW-GN,Products
TBA1-KF45-4G-LW,Products
TBA1-KF45-2-LW,Products
TBA1-KF25-2-LW-GN,Products
TBA1-KF25-2-LW,Products
TBA1-KF25-1G-LW,Products
TBA1-KGR18-3-W(750-MM),Products
TBA1-KR45-2G-LW,Products
TBA1-KR25-2G-W,Products
TBA1-KTR18-3-L,Products
TBA1-KTR9-1-L,Products
TBA1-KF45-2G-LW,Products
PRC1-KK-HEXP10,Products
BES2-31288600,Spare parts
SIR2-19410135.10,Spare parts
ROL1-FC340TQ,Products
HOU2-30800017,Spare parts
TOP2-98-SV,Spare parts
HAM1-HSV1000-CE,Products
LIN1-UM50,Products
LIN1-PO430-2,Products
LIN1-PO425-2,Products
LIN1-PO425,Products
LIN1-LFF,Products
LIN1-IH42,Products
LIN1-GG1R,Products
LIN1-FWDG,Products
LIN1-FPB7,Products
PIM1-MME-450H-S,Products
PIT2-60203002-CL,Spare parts
NTS1-CD-11L-HRG,Products
BER2-IC-VCM-V-PUMP,Spare parts
LIN2-CIBO-BT,Spare parts
LIN2-LT02,Spare parts
LIN2-SH136,Spare parts
SIR2-SUPMOTVER,Spare parts
SIR2-MANPIA22,Spare parts
SIR2-PROTRAPIA22UD,Spare parts
SIR2-MANBRAC22P,Spare parts
SIR2-INSCOPLAM,Spare parts
SIR2-CING22,Spare parts
SIR2-PULEGGIACE,Spare parts
SIR2-PIEDAFFPLA,Spare parts
SIR2-MOLAAFF40,Spare parts
SIR2-BARCAN22,Spare parts
SIR2-CANOTTO22,Spare parts
SIR2-BARQUA22,Spare parts
SIR2-PIED,Spare parts
SIR2-BLOCCO22B,Spare parts
SIR2-CAMMECE,Spare parts
SIR2-MANGRA22,Spare parts
SIR2-INTERLUM,Spare parts
SIR2-MANCOPLAMP,Spare parts
SIR2-MOLASBA40,Spare parts
VRM2-AR005-002-TS001,Spare parts
VRM1-R40-75M,Products
VRM1-KODIAK20-M020-0077,Products
WOL2-770560,Spare parts
LKK2-CCA-H-070K,Spare parts
PIM2-EDO-001,Spare parts
PAN2-EV007,Spare parts
BER1-BJY-CG23,Products
SIR2-MF2215PS,Spare parts
KIT2-9704324,Spare parts
PUJ1-337.090,Products
ROE1-J80-ULTRA,Products
ROE1-27321,Products
ROE1-107810,Products
NTS1-FUH-10,Products
NTS1-FUH-13,Products
NTS1-FUH-15,Products
LKK2-ELEMENT(LK-PL),Spare parts
ROE1-CL60FA-PUSHER-400-50-3,Products
ROE1-28180W,Products
NTS1-BD-1800-2L,Products
SAN2-37155P,Spare parts
SIR2-IGS101013,Spare parts
NTS2-KNOB3X22X1.65M,Spare parts
KTC1-193-004,Products
PIM1-MS550W-100N,Products
STS1-WTLNTKTL-C,Products
STS1-WTLNTKTL600,Products
STS1-WS2900,Products
STS1-WM-C,Products
STS1-WCSSW-C,Products
STS1-TYSD700,Products
STS1-TBSB1500A,Products
STS1-TBS2500A,Products
STS1-TBS2300B,Products
STS1-TBS2300A,Products
STS1-TBS1500A,Products
STS1-TBS1100A,Products
STS1-TBS0002,Products
STS1-TBDS-C,Products
STS1-TBB-C,Products
STS1-TB2300B,Products
STS1-TB1300A,Products
STS1-STMFB-C,Products
STS1-STF-C,Products
STS1-STFB-C,Products
STS1-STF1200B,Products
STS1-STB-003,Products
STS1-STB-002,Products
STS1-STB-001,Products
STS1-SPSB-LOW-C,Products
STS1-SODSTBSGHB1200A,Products
STS1-SODSTB-C,Products
STS1-SN0005,Products
STS1-SN0003,Products
STS1-S-C,Products
STS1-PLWMCB1000A,Products
STS1-PLWMC2000A,Products
STS1-PLWM00001,Products
STS1-PLTL1100,Products
STS1-OVS3900,Products
STS1-MBIBSD-C,Products
STS1-MBIBSD700,Products
STS1-MBGB-C,Products
STS1-KCTL800-D,Products
STS1-KCTL800-C,Products
STS1-IBC-C,Products
STS1-IBCB-C,Products
STS1-IBC900A,Products
STS1-IBC500A,Products
STS1-HGTL-C,Products
STS1-GT0001,Products
STS1-GSTR400300,Products
STS1-GSTR300250,Products
STS1-GRATING-C,Products
STS1-EXWFRA-C,Products
STS1-EXWFRA2200,Products
STS1-EXWFRA1200A,Products
STS1-EXW-C,Products
STS1-EXW1300,Products
STS1-EXIL-C,Products
STS1-EXFRA-C,Products
STS1-EQSNB0002,Products
STS1-DOVS-C,Products
STS1-DOVS1700,Products
STS1-DLNTKTL-C,Products
STS1-CT-C,Products
STS1-CTB900B,Products
STS1-CSW-C,Products
STS1-CSSWB900A,Products
STS1-CSSWB700B,Products
STS1-CSSWB700A,Products
STS1-CSSW1600A,Products
STS1-CSSW1000A,Products
STS1-CSSDB-C,Products
STS1-CSSDB700B,Products
STS1-CSD-C,Products
STS1-CLDSTBB-C,Products
STS1-CLDSTBB600A,Products
STS1-CBNFB800A,Products
STS1-BKTT-C,Products
STS1-BASKET-C,Products
STS1-BACKSPLASH-C,Products
STS1-655X825X600,Products
STS1-4PL-C,Products
STS1-4PL600,Products
STS1-4PL1500,Products
STS1-32.5X530,Products
STS1-2WS1700,Products
STS1-2WS1600,Products
STS1-2WS1100,Products
STS1-2TBNFB1300A,Products
STS1-2TBNB-C,Products
STS1-2STFB1500A,Products
STS1-2STB-001,Products
COG1-780134,Products
SIR1-PPJ6-220V,Products
CAM1-PR59314151,Products
TBA1-TB6-1G-(900-MM),Products
TBA1-KUF15-2D-2-L(750MM),Products
POE2-PBL79X5-8,Spare parts
PIM2-M6X20,Spare parts
NTS1-KT1500-D,Products
NTS2-KNOB3X22X2.35M,Spare parts
NTS1-KT1200-DW,Products
NTS1-KT1200-D,Products
LKK2-TEMPER-GLASS315X95X6,Spare parts
LKK2-PEO-40X1B-003,Spare parts
LKK2-PEO-40X1B-002,Spare parts
LKK2-PEO-40X1B-001,Spare parts
LKK1-PEO-40X1B,Products
BER2-PL-WT300X410,Spare parts
BER2-GS-M1071-CT-410X522,Spare parts
BER2-GS-M1071-CT-405X519,Spare parts
BER2-416X293,Spare parts
BER2-32X33X6,Spare parts
LKK2-PCP018-3,Spare parts
TOP1-98-A,Products
PIM2-MINI-IB220-BL160E-18+19,Spare parts
PIM1-GDO3-60A,Products
PIM1-GDO3-60AS,Products
PIM1-GDO2-40AS,Products
RTN2-50.01.146,Spare parts
PIM2-CHL12-2D-L75-DH,Spare parts
PIM2-CHL12-2D-L75-SLC,Spare parts
CAM1-EPPMFBE1-110,Products
NTS1-CD-11L-RG,Products
NTS1-CD-11L-06,Products
SIR2-IX2913008035,Spare parts
SIR2-SFCL053,Spare parts
SIR2-SFCL052,Spare parts
PIM2-URN-HEATING-ELEMENT,Spare parts
CAM1-UPCH8002-401,Products
HAT2-05.30.043.00,Spare parts
LKK1-EPC-6T,Products
COG1-STEELTECH14-00,Products
PIM1-IM-220AC,Products
PIM1-IM-450AC,Products
PIM1-IM-320AC,Products
PIM1-IM-50SC,Products
ROE1-R2-A-D,Products
NTS1-HB-D1,Products
PIM1-MS220T-120W,Products
HAM1-6126-400-CE,Products
SIR1-ALICE250,Products
PUJ1-P947.700,Products
PUJ1-P947.302,Products
PUJ1-P19.101,Products
PUJ1-P19.100,Products
PUJ1-787.020,Products
PUJ1-632.006,Products
PUJ1-118.132,Products
ROB1-WA132,Products
ROB2-MC1115,Spare parts
ROB2-MC0952,Spare parts
ROB2-PC0418,Spare parts
ROB2-MC0840,Spare parts
ROB2-PC0473,Spare parts
ROB2-MC0841,Spare parts
NTS2-HL-102,Spare parts
PIM2-DR520-SPRUK,Spare parts
SIR2-19511245,Spare parts
SIR2-IX2125006,Spare parts
PIM1-MSS-10H,Products
SIR1-TC12E,Products
SIR1-TC12E-CE,Products
SIR1-SA130,Products
HAM1-HVC254-CE,Products
COF2-EVAPORATOR-CORE,Spare parts
CAM1-18266CW-135,Products
ROB1-MP18,Products
ROB1-FD10,Products
ROB1-GSA610S,Products
LKK1-BM-3,Products
LKK1-WF-081,Products
ROB1-URN10,Products
SIR1-PPJ10-1PH,Products
LIN1-BS4W,Products
PIM2-BSC31-0130,Spare parts
PIM2-BSC31-0021,Spare parts
SIR2-LF1010001,Spare parts
NTS1-TRAY-S-K,Products
HAM2-31319900000,Spare parts
CAM1-20CWLN-135,Products
HAM1-6126-455-CE,Products
SIR1-SOFTCOOKER-XP-SR-1-1,Products
SIR1-SOFTCOOKER-WI-FOOD,Products
COF2-EVAPORATOR-UNIT,Spare parts
COF2-EVAPORATOR-UNIT-NEW,Spare parts
ROB2-WA132,Spare parts
JTA1-VF-8,Products
NTS1-HCA-S45,Products
ROE2-59364,Spare parts
HAM2-990390800,Spare parts
SIR2-19563008,Spare parts
SIR2-IW2071250004,Spare parts
SIR1-SMART-250-PA,Products
SIR1-SO1650-F3-MN,Products
SIR1-STROMBOLI,Products
SIR1-W8-30-EASY-TOUCH-BX,Products
SIR1-TC32-COLORADO-380V,Products
SIR1-28180077,Products
SAN2-70400,Spare parts
PIM1-GDO1-20AS,Products
PIM1-GDO1-20A,Products
ROE1-BLIXER60,Products
SIR1-C-TRONIC-6-VT,Products
SIR1-C-TRONIC-9-VT-CE,Products
SEV2-00407,Spare parts
SEV2-00406,Spare parts
BER1-SF-1300-40-5,Products
BER1-SF-1800-40-10,Products
SIR1-EKTOR-37,Products
SIR1-TC8-VEGAS,Products
SIR1-STORM-VV,Products
SIR1-KATANA-6,Products
SIR1-KATANA-20VV,Products
CAM1-UPR6040XH9-480,Products
LKK2-IND350S-15,Spare parts
CAM1-UGNPR21H18-480,Products
CAM1-UGNPR21F36-480,Products
CAM1-UGNPR11F18-480,Products
SEV2-00629,Spare parts
CAM1-32HP1HU-150,Products
CAM1-20HPCHU-150,Products
VRM2-R60-59.1Z,Spare parts
TBA1-KRF45-4-LW,Products
LKK2-3000W,Spare parts
SIR2-19410301,Spare parts
TOA2-1801292N,Spare parts
SIR2-LF153100U16,Spare parts
NTS1-WIN1-19,Products
NTS1-IN55-L2,Products
KTC1-202-002,Products
KTC1-202-001,Products
HAT2-R02.08.041E.00,Spare parts
PIM1-ECM-16,Products
SEV1-00571,Products
SEV1-00570,Products
SEV1-00569,Products
SEV1-00568,Products
SEV2-KB5,Spare parts
PIM1-EWB-D30L,Products
PIM1-EWB-D10L,Products
PIM1-EWB-50,Products
PIM1-EWB-25,Products
PIM1-EWB-30,Products
PIM1-EWB-28,Products
PIM1-EWB-35,Products
PIM1-EWB-16,Products
MBM1-MPEE98A100I,Products
MBM1-MPEE98A150I,Products
MBM1-MPEG98A100I,Products
MBM1-MPEG98A150,Products
MBM1-MPLG78A,Products
MBM1-PR77FE,Products
CAM1-CSWRKIT14P12-151,Products
ROB2-TC0028,Spare parts
MBM1-MG7EA777I,Products
JTA2-301120029,Spare parts
PIM2-70101200046,Spare parts
ROE1-49066,Products
MBM1-MG7EF477,Products
CTP1-SS-FC71-210PT-CP-CP,Products
CTP1-FR-9806-100-BK,Products
CTP1-FR-9807-65-BK,Products
CTP1-FR-9866-250S-BK,Products
CTP1-FR-9801-250-BK,Products
CTP1-FR-9801-200-BK,Products
CTP1-FR-9801-150W-BK,Products
CTP1-RO-006-NN-NN,Products
NTS1-SF-T42BL-SS,Products
MBM1-MCPG77A,Products
NTS1-SF-T42BL-CS,Products
MBM1-MG7GPLA877G,Products
PIM2-301030015,Spare parts
ROB2-SS2415,Spare parts
SIR2-LF202502015,Spare parts
CAS2-969602200,Spare parts
KIT2-3180162,Spare parts
PUJ1-358.302,Products
PUJ1-358.307,Products
MBM1-MFB711TXS,Products
MBM1-MBRG78A,Products
PIM1-FRZ43-2D-L,Products
PIM1-FRZ18-3D-L-750MM,Products
PIM1-CHL43-2D-L,Products
PIM1-CHL43-4D-L,Products
SIR1-VISTA-P2-BOLD-BRIOCHE,Products
PRC1-KK-SCR6K,Products
PRC1-KK-SCR5K,Products
PRC1-KK-SCR4K,Products
PRC1-KK-SCR3K,Products
SIR1-CUBE-P2-HOT,Products
PIM1-FRZ12-2D-L-750MM,Products
ROE1-29343,Products
HAM1-6126-755R,Products
PUJ1-846.300,Products
LKK2-BASKET(WF-061),Spare parts
NTS1-KNST-2WH,Products
NTS1-ST-900-BK,Products
ROE1-28064W,Products
ROE1-28063W,Products
TOP1-M98E-HRW11,Products
BER2-BR-VEN-L-1,Spare parts
BER2-CC-16-C5-6-1,Spare parts
NTS1-ST-900,Products
PIM2-301070052,Spare parts
PIM2-DR520-RF,Spare parts
PIM2-30301009,Spare parts
ROE2-39173,Spare parts
BER2-D-UR-B-R,Spare parts
BER2-D-UR-B-L,Spare parts
ROL2-D02178,Spare parts
SEV2-00204,Spare parts
BER2-NT-BC5-6,Spare parts
HAT2-04.05.616.00,Spare parts
HAT2-R0405104500,Spare parts
SEV2-00403,Spare parts
PIM2-PM-20L-SV-38,Spare parts
PIM2-PM-20L-SV-81,Spare parts
PIM2-PM-20L-SV-65,Spare parts
PIM2-PM-20L-SV-74,Spare parts
PIM2-PM-20L-SV-41,Spare parts
PIM2-PM-20L-SV-42,Spare parts
PIM2-PM-20L-SV-58,Spare parts
PIM2-PM-20L-SV-40,Spare parts
PIM2-PM-20L-SV-35,Spare parts
PIM2-PM-20L-SV-28,Spare parts
PIM2-PM-30L-SV-141,Spare parts
PIM2-PM-30L-SV-144,Spare parts
PIM2-PM-30L-SV-41-53,Spare parts
PIM2-PM-30L-SV-58,Spare parts
PIM2-PM-30L-SV-57,Spare parts
PIM2-PM-30L-SV-111,Spare parts
PIM2-PM-30L-SV-101,Spare parts
PIM2-PM-30L-SV-96,Spare parts
PIM2-PM-30L-SV-23,Spare parts
PIM2-PM-30L-SV-39,Spare parts
PIM2-PM-30L-SV-68,Spare parts
PIM2-PM-30L-SV-27,Spare parts
PIM2-PM-30L-SV-78,Spare parts
PIM2-PM-30L-SV-80,Spare parts
PIM2-PM-30L-SV-79,Spare parts
PIM2-PM-30L-SV-16,Spare parts
PIM2-PM-30L-SV-62,Spare parts
PIM2-PM-40L-SV-26,Spare parts
PIM2-PM-40L-SV-25,Spare parts
PIM2-PM-40L-SV-24,Spare parts
PIM2-PM-40L-SV-23,Spare parts
PIM2-PM-40L-SV-22,Spare parts
PIM2-PM-40L-SV-18-19,Spare parts
PIM2-PM-40L-SV-10,Spare parts
PIM2-PM-40L-SV-09,Spare parts
PIM2-PM-40L-SV-08,Spare parts
PIM2-PM-40L-SV-07,Spare parts
PIM2-PM-40L-SV-06,Spare parts
PIM2-PM-40L-SV-05,Spare parts
CTP1-POUCH-14-001-CP-CP,Products
PIM1-CALC-SS-KT323,Products
SEV2-00510,Spare parts
BER1-BS2DU-CF-Z-L(770),Products
NTS1-CLL-25S,Products
NTS1-CD-03,Products
PIM1-RICE24B-S,Products
PIM1-FRZ43-4D-L,Products
PIM1-EDO3-60C-BK,Products
PIM1-BA-CR,Products
NTS1-BAR-900,Products
NTS1-SNP20030,Products
NTS1-SNP20017,Products
HAT1-RHW2-1,Products
TBC1-I1-SOTA-TOUCH,Products
JTA2-302130415,Spare parts
VRM2-56CR20P-22,Spare parts
VRM2-56CR20P-22Z,Spare parts
NTS1-DB-CW76-DRG,Products
MID2-38811,Spare parts
ROE2-104312,Spare parts
SAN2-37109,Spare parts
ROE2-39689,Spare parts
EDL2-K012,Spare parts
ROL2-H01028,Spare parts
REF2-00002,Spare parts
ROB2-WS0022,Spare parts
ROB2-VS0350,Spare parts
ROB2-HC0171,Spare parts
LKK1-KSY-40,Products
LKK1-KSY-40A,Products
HAT1-FM2SS-7,Products
TOP1-B980,Products
PIT2-P6072185,Spare parts
LIN1-EB6TFX,Products
LIN1-EB6FX,Products
LIN1-EB3FX,Products
PIM1-WH-1,Products
MBM2-RTCU700085,Spare parts
PIM1-G-ED-2DS,Products
PIM2-30312074,Spare parts
LIN1-EB4FX,Products
CEC1-HWD2,Products
HAT1-FLOM-12,Products
HAT1-FLOM-18,Products
LIN1-LWB2,Products
LIN1-LWB4,Products
LIN1-LWB6,Products
LKK1-BWS20Z,Products
BER1-BJY-WBPU10DT,Products
PIM2-SM150000043,Spare parts
PIM2-SM150000042,Spare parts
PIM2-SM150000041,Spare parts
PIM2-SM150000040,Spare parts
PIM2-SM150000039,Spare parts
PIM2-SM150000038,Spare parts
PIM2-SM150000034,Spare parts
PIM2-SM150000031,Spare parts
PIM2-SM150000027,Spare parts
PIM2-SM150000024,Spare parts
PIM2-SM150000022,Spare parts
PIM2-SM150000019,Spare parts
PIM2-SM150000017,Spare parts
PIM2-SM150000014,Spare parts
PIM2-SM150000011,Spare parts
PIM2-SM150000010,Spare parts
PIM2-SM150000008,Spare parts
PIM2-SM150000006,Spare parts
PIM2-SM150000003,Spare parts
PIM2-SM150000002,Spare parts
PIM2-SM100000042,Spare parts
PIM2-SM100000041,Spare parts
PIM2-SM100000037,Spare parts
PIM2-SM100000036,Spare parts
PIM2-SM100000032-1,Spare parts
PIM2-SM100000028,Spare parts
PIM2-SM100000025,Spare parts
PIM2-SM100000023,Spare parts
PIM2-SM100000020-1,Spare parts
PIM2-SM100000020,Spare parts
PIM2-SM100000019,Spare parts
PIM2-SM100000018,Spare parts
PIM2-SM100000017,Spare parts
PIM2-SM100000016,Spare parts
PIM2-SM100000015,Spare parts
PIM2-SM100000014,Spare parts
PIM2-SM100000012,Spare parts
PIM2-SM100000010,Spare parts
PIM2-SM100000009,Spare parts
PIM2-SM100000008,Spare parts
PIM2-SM100000004,Spare parts
PIM2-SM100000003,Spare parts
PIM2-JD180000008,Spare parts
PIM2-JD180000005,Spare parts
PIM2-JD180000004,Spare parts
PIM2-JD180000003,Spare parts
PIM2-JD180000001,Spare parts
PIM2-JD10000039,Spare parts
PIM2-JD10000037,Spare parts
PIM2-JD10000036,Spare parts
PIM2-JD10000035,Spare parts
PIM2-JD10000034,Spare parts
PIM2-JD10000031,Spare parts
PIM2-JD10000030,Spare parts
PIM2-JD10000025,Spare parts
PIM2-JD10000024,Spare parts
PIM2-JD10000021,Spare parts
PIM2-JD10000018,Spare parts
PIM2-JD10000013,Spare parts
PIM2-JD10000012,Spare parts
PIM2-JD10000011,Spare parts
PIM2-JD10000010,Spare parts
PIM2-JD10000008,Spare parts
PIM2-JD10000007,Spare parts
PIM2-JD10000005,Spare parts
PIM2-JD10000004,Spare parts
PIM2-JD10000003,Spare parts
PIM2-JD10000002,Spare parts
HAM2-990062800,Spare parts
BER2-IC-VCM-E-TRANS,Spare parts
BER2-IC-VCM-E-CH,Spare parts
BER2-HT-DF16,Spare parts
BER2-GE-LPG332-PB4,Spare parts
BER2-CI-CBT-1,Spare parts
HAT2-05.03.039.00,Spare parts
ROB2-SS0765,Spare parts
SEV2-00414,Spare parts
MBM2-A800000800,Spare parts
LIN2-GR71,Spare parts
TOA2-1700562,Spare parts
TOA2-1000693K,Spare parts
TOA2-1000680,Spare parts
TOA2-1000623,Spare parts
TOA2-1000592,Spare parts
HOU2-50001255,Spare parts
HOU2-50001254,Spare parts
HOU2-50000886,Spare parts
HOU2-114318,Spare parts
LIN2-TA86,Spare parts
LIN2-TH61,Spare parts
LIN2-MI99,Spare parts
LIN2-TH58,Spare parts
LIN2-OSN01,Spare parts
NTS1-DB-CW167-DRG,Products
BER1-1D-DF-S-EV,Products
ASL1-CB8060E-WH,Products
ROL2-07219,Spare parts
ROL2-F01079,Spare parts
SAN2-37170,Spare parts
ROB1-CGR610,Products
ROE2-49241,Spare parts
NTS1-SN1092,Products
TBA2-K3F5102102,Spare parts
HAT1-RHW-11QT-POT,Products
PIM2-301110009,Spare parts
PIM2-301030020,Spare parts
TBA2-K3F20247400,Spare parts
HAT1-RHW2-1B,Products
SAN2-02200,Spare parts
SAN2-02201DD,Spare parts
SIR2-PJET42499,Spare parts
PUJ1-121.501,Products
ROE2-27287,Spare parts
ROE2-507341S,Spare parts
PIM2-301010035,Spare parts
SIR2-LF151650U16,Spare parts
ROB2-VS0397,Spare parts
ROB2-MC1116,Spare parts
LKK1-EL280,Products
ROL2-F04058,Spare parts
LKK2-LSP520-79,Spare parts
ROE2-49468,Spare parts
CAM1-TG6-110,Products
CAM1-SPO8CW-110,Products
SAN2-62109,Spare parts
SEV2-00357,Spare parts
SIR2-LF142120025,Spare parts
SIR2-IW2071250060,Spare parts
TOP1-98001MN-1,Products
PIM1-CCGSS-1W-ATF,Products
PIM1-CCGSS-1W-BT,Products
ADC1-AT-3112-12,Products
ROL2-F04039,Spare parts
LAC2-457560000,Spare parts
ROB2-ES0258,Spare parts
LKK2-6203,Spare parts
SIR2-LF152400U16,Spare parts
PIM2-ESK-10-CE,Spare parts
NTS1-CD-340-POR,Products
PIM2-FRZ43-2D-L-FDFH,Spare parts
PIM2-CHL43-2D-L-MBB,Spare parts
PIM2-CHL43-2D-L-EPTF,Spare parts
PIM2-CHL43-2D-L-EPT,Spare parts
PIM2-CHL43-2D-L-CDSF,Spare parts
PIM2-CHL43-2D-L-CDS,Spare parts
PIM2-CHL43-2D-L-WSL505,Spare parts
PIM2-CHL43-2D-L-RBDS566,Spare parts
MBM2-171855,Spare parts
PMF2-8K010135,Spare parts
PIM2-SM-50L-60L-206,Spare parts
PIM2-SM-50L-60L-205,Spare parts
PIM2-SM-50L-60L-204,Spare parts
PIM2-SM-50L-60L-203,Spare parts
PIM2-SM-50L-60L-222,Spare parts
PIM2-SM-50L-60L-225,Spare parts
PIM2-SM-50L-60L-212,Spare parts
HAM1-6126-250-CE,Products
PMF2-5I100024,Spare parts
PMF2-5C020113,Spare parts
PMF2-5M010507,Spare parts
CTX2-340931,Spare parts
SIR2-TR374755000,Spare parts
NTS2-CD-401-6L-B,Spare parts
NTS2-CD-401-6L-A,Spare parts
NTS2-CD-401-4L-C,Spare parts
NTS2-CD-401-4L-A,Spare parts
NTS2-CD-401-4L-F,Spare parts
NTS2-CD-401-4L-E,Spare parts
NTS2-CD-401-4L-D,Spare parts
SIR2-LF1531000I,Spare parts
LKK2-IND350BK-15,Spare parts
PIM1-DFM8LY,Products
PIM2-IMB650-650W-BL450-25,Spare parts
PIM2-IMB650-650W-BL450-11,Spare parts
PIM2-IMB650-650W-BL450-04,Spare parts
PIM2-IMB450-450W-BL350-23,Spare parts
PIM2-IMB450-450W-BL350-22,Spare parts
PIM2-IMB450-450W-BL350-20,Spare parts
PIM2-IMB450-450W-BL350-19,Spare parts
PIM2-IMB450-450W-BL350-18,Spare parts
PIM2-IMB450-450W-BL350-17,Spare parts
PIM2-IMB450-450W-BL350-16,Spare parts
PIM2-IMB450-450W-BL350-15,Spare parts
PIM2-IMB450-450W-BL350-14,Spare parts
PIM2-IMB450-450W-BL350-12,Spare parts
PIM2-IMB450-450W-BL350-09,Spare parts
PIM2-IMB450-450W-BL350-08,Spare parts
PIM2-IMB450-450W-BL350-07,Spare parts
PIM2-IMB450-450W-BL350-05,Spare parts
PIM2-IMB450-450W-BL350-01,Spare parts
PIM2-IMB220-270W-BL200-23,Spare parts
PIM2-IMB220-270W-BL200-22,Spare parts
PIM2-IMB220-270W-BL200-21,Spare parts
PIM2-IMB220-270W-BL200-20,Spare parts
PIM2-IMB220-270W-BL200-19,Spare parts
PIM2-IMB220-270W-BL200-17,Spare parts
PIM2-IMB220-270W-BL200-16,Spare parts
PIM2-IMB220-270W-BL200-15,Spare parts
PIM2-IMB220-270W-BL200-14,Spare parts
PIM2-IMB220-270W-BL200-13,Spare parts
PIM2-IMB220-270W-BL200-12,Spare parts
PIM2-IMB220-270W-BL200-11,Spare parts
PIM2-IMB220-270W-BL200-10,Spare parts
PIM2-IMB220-270W-BL200-09,Spare parts
PIM2-IMB220-270W-BL200-08,Spare parts
PIM2-IMB220-270W-BL200-07,Spare parts
PIM2-IMB220-270W-BL200-06,Spare parts
PIM2-IMB220-270W-BL200-05,Spare parts
PIM2-IMB220-270W-BL200-04,Spare parts
PIM2-IMB220-270W-BL200-02,Spare parts
PIM2-IMB220-270W-BL200-01,Spare parts
BER2-IC-VCM-HEATER,Spare parts
ATT2-ATT-TA5STS-TBAG,Spare parts
ROB2-VS0241,Spare parts
ROB2-HC0168,Spare parts
TOA2-1952889,Spare parts
TOA2-1000707,Spare parts
SHA1-KSH-D1010,Products
SIR2-IW1471240020,Spare parts
LKK2-750W,Spare parts
JTA2-LG-20-FC,Spare parts
VRM2-AR005-194-TD002,Spare parts
PIM2-PMG-30L-WH-707,Spare parts
PIM2-PMG-30L-WH-705,Spare parts
PIM2-PMG-30L-WH-511,Spare parts
PIM2-PMG-30L-WH-506,Spare parts
PIM2-PMG-30L-WH-418,Spare parts
PIM2-PMG-30L-WH-416,Spare parts
PIM2-PMG-30L-WH-415,Spare parts
PIM2-PMG-30L-WH-413,Spare parts
PIM2-PMG-30L-WH-411,Spare parts
PIM2-PMG-30L-WH-409,Spare parts
PIM2-PMG-30L-WH-408,Spare parts
PIM2-PMG-30L-WH-407,Spare parts
PIM2-PMG-30L-WH-405,Spare parts
PIM2-PMG-30L-WH-404,Spare parts
PIM2-PMG-30L-WH-312,Spare parts
PIM2-PMG-30L-WH-311,Spare parts
PIM2-PMG-30L-WH-309,Spare parts
PIM2-PMG-30L-WH-222,Spare parts
PIM2-PMG-30L-WH-221,Spare parts
PIM2-PMG-30L-WH-220,Spare parts
PIM2-PMG-30L-WH-216,Spare parts
PIM2-PMG-30L-WH-215,Spare parts
PIM2-PMG-30L-WH-214,Spare parts
PIM2-PMG-30L-WH-213,Spare parts
PIM2-PMG-30L-WH-211,Spare parts
PIM2-PMG-30L-WH-210,Spare parts
PIM2-PMG-30L-WH-209,Spare parts
PIM2-PMG-30L-WH-207,Spare parts
PIM2-PMG-30L-WH-206,Spare parts
PIM2-PMG-30L-WH-203,Spare parts
PIM2-PMG-30L-WH-116,Spare parts
PIM2-PMG-30L-WH-111,Spare parts
PIM2-PMG-30L-WH-110,Spare parts
PIM2-PMG-30L-WH-109,Spare parts
PIM2-PMG-30L-WH-1203,Spare parts
PIM2-PMG-30L-WH-815,Spare parts
PIM2-PMG-30L-WH-616,Spare parts
PIM2-PMG-30L-WH-615,Spare parts
PIM2-PMG-30L-WH-605,Spare parts
PIM2-PMG-30L-WH-604,Spare parts
PIM2-PMG-30L-WH-603,Spare parts
PIM2-PMG-30L-WH-512,Spare parts
PIM2-PMG-30L-WH-509,Spare parts
PIM2-PMG-30L-WH-508,Spare parts
PIM2-PMG-30L-WH-417,Spare parts
PIM2-PMG-30L-WH-419,Spare parts
PIM2-PMG-30L-WH-414,Spare parts
PIM2-PMG-30L-WH-412,Spare parts
PIM2-PMG-30L-WH-410,Spare parts
PIM2-PMG-30L-WH-406,Spare parts
PIM2-PMG-30L-WH-403,Spare parts
PIM2-PMG-30L-WH-310,Spare parts
PIM2-PMG-30L-WH-306,Spare parts
PIM2-PMG-30L-WH-305,Spare parts
PIM2-PMG-30L-WH-303,Spare parts
PIM2-PMG-30L-WH-212,Spare parts
PIM2-PMG-30L-WH-208,Spare parts
PIM2-PMG-30L-WH-205,Spare parts
PIM2-PMG-30L-WH-204,Spare parts
PIM2-PMG-30L-WH-122,Spare parts
PIM2-PMG-30L-WH-118,Spare parts
PIM2-SM-50L-60L-102,Spare parts
PIM2-SM-50L-60L-101,Spare parts
PIM2-SM20-40L-225,Spare parts
PIM2-SM20-40L-223,Spare parts
PIM2-SM20-40L-212,Spare parts
PIM2-SM20-40L-211,Spare parts
PIM2-SM20-40L-109,Spare parts
PIM2-SM20-40L-108,Spare parts
PIM2-SM20-40L-107,Spare parts
ROB2-EC0209,Spare parts
ROB2-VS0256,Spare parts
NTS1-CD-GN11D-POR,Products
SIR2-LF1532000I,Spare parts
LIN2-TH69,Spare parts
LIN2-WI29,Spare parts
LIN2-GA45,Spare parts
LIN2-KN183,Spare parts
LIN2-GA44,Spare parts
LIN2-PI10,Spare parts
"TOP2-98-H44""",Spare parts
LKK1-LK-QL2,Products
LIN2-LA210,Spare parts
PRC1-TK-BSK196,Products
SIR2-SFCL022,Spare parts
SIR2-SFCL024,Spare parts
PIM2-801021041010,Spare parts
SAN2-37180,Spare parts
NTS1-CD-5.5L-RO,Products
PUJ1-132.455,Products
PRC1-TK-SC25,Products
"PRC1-TB-MSH-8""",Products
"PRC1-TB-MSH-12""",Products
PRC1-KK-PIC10K,Products
PRC1-BW-EA4050,Products
PRC1-BSK-K20FTCH,Products
PRC1-B6S-EA4050,Products
PRC1-A12-PB4050,Products
PIT1-SSH75D-5-FD5,Products
PIT1-SE18-D-5-FD5,Products
PIM1-WHISK250,Products
PIM1-VCM-70MF,Products
PIM1-VCM-60CH,Products
PIM1-VCM-10MF,Products
PIM1-KES-80S,Products
PIM1-KES-100C,Products
PIM1-IBSH-270WV+IBHS160-225,Products
PIM1-IBHS-850WV,Products
PIM1-IBHS-750WV,Products
PIM1-IBHS-500WL,Products
PIM1-IBHS-450WV,Products
PIM1-GH-280CR,Products
PIM1-FC-370MT,Products
PIM1-DISC-Q888-VCM,Products
PIM1-DISC-Q808-VCM,Products
PIM1-DISC-Q1000-VCM,Products
PIM1-DISC-Q010-VCM,Products
PIM1-DISC-Q008-VCM,Products
PIM1-DISC-G010-VCM,Products
PIM1-DISC-CH,Products
PIM1-DISC100-VCM,Products
PIM1-CS250W-MC,Products
PIM1-BOWL-8HS,Products
PIM1-BLD-800W,Products
PIM1-BCF-3L,Products
OCG1-5V18344G0701,Products
OCG1-5V18344G0401,Products
OCG1-5V18344G0201,Products
OCG1-5V18344G0101,Products
OCG1-5P00171G0001,Products
OCG1-5B24349G0004,Products
OCG1-5B24349G0003,Products
OCG1-5B24349G0002,Products
OCG1-5B24349G0001,Products
OCG1-5B02511G0000,Products
OCG1-4P03010,Products
OCG1-4P02910,Products
OCG1-4GZ001E009,Products
OCG1-4GP005C014,Products
OCG1-4GH001A015C04,Products
OCG1-4GH001A015C03,Products
OCG1-4GH001A015C02,Products
OCG1-4GH001A015C01,Products
OCG1-4GB004H002,Products
OCG1-4GB002H015,Products
OCG1-4GB002C014,Products
OCG1-44A0004,Products
OCG1-44A0003,Products
OCG1-44A0001,Products
OCG1-41E0013,Products
OCG1-41E0010,Products
OCG1-41E0003,Products
OCG1-2P03160G0005,Products
OCG1-1V13633,Products
OCG1-1V13621,Products
OCG1-1V13610,Products
OCG1-1R00312,Products
OCG1-1R00219,Products
OCG1-1R00216,Products
OCG1-1P03862,Products
OCG1-1P03861,Products
OCG1-1P03720,Products
OCG1-1P03710,Products
OCG1-1P03422,Products
OCG1-1P03421,Products
OCG1-1P03411,Products
OCG1-1P03162,Products
OCG1-1P03161,Products
OCG1-1P03160,Products
OCG1-1P02880,Products
OCG1-1P02820,Products
OCG1-1P02809,Products
OCG1-1P02740,Products
OCG1-1P02618,Products
OCG1-1P02616,Products
OCG1-1P02443,Products
OCG1-1P02440,Products
OCG1-1P02407,Products
OCG1-1P02041,Products
OCG1-1P01963,Products
OCG1-1P01672,Products
OCG1-1P01671,Products
OCG1-1P01644,Products
OCG1-1P01643,Products
OCG1-1P01642,Products
OCG1-1P01641,Products
OCG1-1P01640,Products
OCG1-1P00843,Products
OCG1-1P00740,Products
OCG1-1P00671,Products
OCG1-1P00624,Products
OCG1-1P00623,Products
OCG1-1P00415,Products
OCG1-1P00341,Products
OCG1-1P00315,Products
OCG1-1P00271,Products
OCG1-1P00210,Products
OCG1-1P00172,Products
OCG1-1P00140,Products
OCG1-1P00124,Products
OCG1-1P00123,Products
OCG1-1P00116,Products
OCG1-1P00110,Products
OCG1-1J14209,Products
OCG1-1C24216,Products
OCG1-1C24014,Products
OCG1-1C18513,Products
OCG1-1C18512,Products
OCG1-1C18414,Products
OCG1-1C13013,Products
OCG1-1C13011,Products
OCG1-1B24612,Products
OCG1-1B24610,Products
OCG1-1B24608,Products
OCG1-1B24522,Products
OCG1-1B22712,Products
OCG1-1B22312,Products
OCG1-1B21611,Products
OCG1-1B21416,Products
OCG1-1B21413,Products
OCG1-1B21409,Products
OCG1-1B21315,Products
OCG1-1B21312,Products
OCG1-1B19813,Products
OCG1-1B19212,Products
OCG1-1B18310,Products
OCG1-1B17514,Products
OCG1-1B17014,Products
OCG1-1B17012,Products
OCG1-1B16315,Products
OCG1-1B13634,Products
OCG1-1B13621,Products
OCG1-1B13610,Products
OCG1-1B13315,Products
OCG1-1B13312,Products
OCG1-1B13311,Products
OCG1-1B13309,Products
OCG1-1B13016,Products
OCG1-1B12016,Products
OCG1-1B12013,Products
OCG1-1B12012,Products
OCG1-1B12009,Products
OCG1-1B11007,Products
OCG1-1B07811,Products
OCG1-1B07807,Products
OCG1-1B07711,Products
OCG1-1B07206,Products
OCG1-1B06520,Products
OCG1-1B06515,Products
OCG1-1B05011,Products
OCG1-1B04410,Products
OCG1-1B03616,Products
OCG1-1B02313,Products
OCG1-1B02310,Products
OCG1-1B02309,Products
OCG1-1B02113,Products
OCG1-1B02109,Products
OCG1-1B01712,Products
OCG1-1B01709,Products
OCG1-1B01213,Products
OCG1-1B01022,Products
OCG1-1B00914,Products
OCG1-1B00912,Products
OCG1-1B00910,Products
OCG1-1B00907,Products
OCG1-1B00812,Products
OCG1-1B00808,Products
OCG1-1B00416,Products
OCG1-1B00313,Products
OCG1-1B00209,Products
OCG1-1533K07,Products
OCG1-1533E11,Products
OCG1-1530G14,Products
OCG1-1529B14,Products
OCG1-1527C07,Products
OCG1-1523W07,Products
OCG1-1523R09,Products
OCG1-1523F07,Products
OCG1-1521F06,Products
OCG1-1521C07,Products
OCG1-1501X12,Products
OCG1-1501P04,Products
OCG1-1501L02,Products
OCG1-1501L01,Products
OCG1-1501J11,Products
OCG1-1501C03,Products
OCG1-1032R15,Products
OCG1-1032F08,Products
OCG1-1026W12,Products
OCG1-1026G14,Products
OCG1-1026F07,Products
OCG1-1026D22,Products
OCG1-1026A21,Products
OCG1-1019W08,Products
OCG1-1019R16,Products
OCG1-1019R11,Products
OCG1-1019G13,Products
OCG1-1019F06,Products
OCG1-1019C07,Products
OCG1-1015N22,Products
OCG1-1015M12,Products
OCG1-1015C10,Products
NTS1-HL-500A1-270-SV,Products
NTS1-GN-16SL,Products
NTS1-GN-14SL,Products
NTS1-GN-13SL,Products
NTS1-GN-12SL,Products
NTS1-GN-11SL,Products
NTS1-EWB-37,Products
NTS1-DB-CW120-DRG,Products
NTS1-ASH-STAND,Products
NTS1-ALI-RG1-9-2,Products
NTS1-ALI-RG1-9-1,Products
NTS1-ALI-RG1-4,Products
NTS1-ALI-RG1-30,Products
NTS1-ALI-RG1-15,Products
NTS1-ALI-RG1-12,Products
NTS1-ALI-RG1-11,Products
NTS1-ALI-RG1-1,Products
NTS1-1062,Products
LKK1-LK-LEO-36-S,Products
LKK1-LK-LEO-36,Products
LKK1-LK-LEO-24-S,Products
LKK1-FX26A,Products
LKK1-E02-2-GDBLMBB,Products
LKK1-E02-1-GDWHMBB,Products
LKK1-E02-1-GDBLMBB,Products
LKK1-E01-2-SSWHMBB,Products
LKK1-E01-2-SSBLMBB,Products
LKK1-B40(K),Products
LIN1-LD4,Products
LCR1-4PZ005E20901G0001,Products
LCR1-4PB003A00802G0001,Products
LCR1-4PB002C11301G0002,Products
LCR1-4PB002C01501G0002,Products
LCR1-4PB002C01501G0001,Products
LCR1-4PB002C01402G0001,Products
LCR1-4PB002C01301G0007,Products
LCR1-4PB002C01301G0006,Products
LCR1-4LT16SW2204G0001,Products
LCR1-4LT14WT09E,Products
LCR1-4LT14SH02E,Products
LCR1-4LT14RK11E,Products
LCR1-4LT14RK08E,Products
LCR1-4LT14LD15E,Products
LCR1-4LT14BR24E,Products
LCR1-4LT12QC2106G0000,Products
LCR1-4LT12LB1406G0000,Products
LCR1-4LT12HB1206G0000,Products
LCR1-4LT04SW2204G0001,Products
LCR1-4LT04LD1606G0000,Products
LCR1-4LS14CN15E,Products
LCR1-4LS13SC0702G0000,Products
LCR1-4LS13LT0902G0000,Products
LCR1-4LS13DC1202G0000,Products
LCR1-4LS13CU1202G0000,Products
LCR1-4LS12TL2002G0000,Products
LCR1-4LS12MN0602G0000,Products
LCR1-4LS12LT09E,Products
LCR1-4LS12DC12E,Products
LCR1-4GH007C00901G0002,Products
LCR1-4GB01G0013,Products
LCR1-3PB001A02101G0004,Products
LCR1-3PB001A02101G0002,Products
LCR1-3PB001A01101G0004,Products
LCR1-3LS10CW1302G0000,Products
LCR1-3GS000004G0140,Products
LCR1-3014W0802G0001,Products
LCR1-3014F0602G0001,Products
LCR1-1LT17RK10E,Products
LCR1-1LT17LD15E,Products
LCR1-1LT17HB10E,Products
LCR1-1LT17DR14E,Products
LCR1-1LT16RK10E,Products
LCR1-1LT16DR13,Products
LCR1-1LT03RK10E,Products
LCR1-1LT03LD15E,Products
LCR1-1LT03GP04E,Products
LCR1-1LT03DR14E,Products
LCR1-1LS21CP10,Products
LCR1-1LS21CD14,Products
LCR1-1LS21CB19,Products
LCR1-1LS21BG28,Products
LCR1-1LS21BD27,Products
LCR1-1LS16CP09E,Products
LCR1-1LS16BD27E,Products
LCR1-1LS10US15E,Products
LCR1-1LS10SL08E,Products
LCR1-1LS04CD15E,Products
LCR1-1LS04CB19E,Products
LCR1-1LS04BG32E,Products
LCR1-1LS04BD27E,Products
LCR1-1LS03MN08E,Products
LCR1-1LS03LQ03E,Products
LCR1-1LS03CP09E,Products
LCR1-1LS03CN23E,Products
LCR1-1LS03CD14E,Products
LCR1-1LS03BR14E,Products
LCR1-1LS03BJ18E,Products
LCR1-1LS03BG23E,Products
LCR1-1LS02RL09E,Products
LCR1-1LS02CB17E,Products
LCR1-1LS02BG26E,Products
LCR1-1LS02BD22E,Products
JTA1-JZH-RG,Products
HAT1-TQ3-500H-STAINLESS-STEE,Products
HAM1-6126-HBF600S,Products
CTP1-KB-2219-250,Products
COG1-780138,Products
CAM1-EXU244884S5-480,Products
CAM1-EXU244284S5-480,Products
CAM1-EXU214272V4-480,Products
CAM1-EXU186072V4-480,Products
CAM1-EXU184830V2-480,Products
CAM1-28PP-190,Products
CAM1-1418-302,Products
BER1-U20,Products
BER1-I-BSP-ERC64,Products
BER1-GPB6BFS-17,Products
BER1-FP1-4-2.5,Products
BER1-FP1-3-2.5,Products
BER1-FP1-2-6,Products
BER1-FP1-2-4,Products
BER1-FP1-1-2.5,Products
BER1-E-SALA11,Products
BER1-EG5250-12R,Products
BER1-DW211,Products
BER1-CP12C,Products
BER1-BS9DR-C8-3-L,Products
BER1-BS3D-2C1F-7-Z-L(760),Products
BER1-BS2DR-C4-2-L,Products
BER1-BS2D-CF6-BL,Products
BER1-BMCFP4-WC,Products
BER1-BMCFP3,Products
BER1-BMC8WC,Products
BER1-B2D-C6-BL6,Products
BER1-B2D-C5-BL(750),Products
ATT1-LF-95S,Products
ATT1-LF-6LY,Products
ATT1-ATT-95N,Products
PIM1-BLD-2200W-M,Products
CAM1-1000-504,Products
CAM1-1200-504,Products
CAM1-1000-538,Products
CAM1-1200-538,Products
CAM1-1000-220,Products
PIM1-EPM-135W-8.5,Products
PIM1-EPM-135W-9.3,Products
NTS1-CD-6L-R,Products
LIN1-LGR2,Products
LIN1-LGR,Products
LIN1-LDPO-S,Products
LIN1-LDPO-R,Products
LIN1-LDPO-B,Products
LIN1-LD3,Products
LIN1-DF66,Products
LIN1-CIBOPLUS-B,Products
TOA2-1000105,Spare parts
TOA2-1800105,Spare parts
NTS1-SN1081,Products
ROB2-ES0286,Spare parts
NTS1-RO-6L-4,Products
SIR1-VULCANO-2C-3PH,Products
LKK1-B10(K),Products
TOA2-S1170337,Spare parts
TOA2-52244,Spare parts
TOA2-1850191,Spare parts
TOA2-1700563,Spare parts
COG2-215042-5,Spare parts
NTS2-WDV-02,Spare parts
NTS2-WDV-01,Spare parts
HAT1-RCTHW2-3,Products
NTS2-HL-001-PHL,Spare parts
TOA2-1850853,Spare parts
KIT2-240185,Spare parts
KIT2-3183588,Spare parts
KIT2-3400018,Spare parts
KIT2-3400024,Spare parts
KIT2-103993,Spare parts
KIT2-16998,Spare parts
KIT2-240018-1,Spare parts
KIT2-240205,Spare parts
KIT2-240285,Spare parts
KIT2-240494-2,Spare parts
KIT2-240775-1,Spare parts
KIT2-241764,Spare parts
KIT2-3177925,Spare parts
KIT2-3179908,Spare parts
KIT2-3180163,Spare parts
KIT2-3180238,Spare parts
KIT2-3180526,Spare parts
KIT2-3182857,Spare parts
KIT2-3183680,Spare parts
KIT2-3184052,Spare parts
KIT2-3184176,Spare parts
KIT2-3184193,Spare parts
KIT2-3184211,Spare parts
KIT2-3184212,Spare parts
KIT2-4159001,Spare parts
KIT2-4159092,Spare parts
KIT2-4159514,Spare parts
KIT2-4159620,Spare parts
KIT2-4159675,Spare parts
KIT2-4161745,Spare parts
KIT2-4162022,Spare parts
KIT2-4162037,Spare parts
KIT2-4162351,Spare parts
KIT2-4176209,Spare parts
KIT2-4159713,Spare parts
KIT2-4161746,Spare parts
KIT2-4161950,Spare parts
KIT2-4162035,Spare parts
KIT2-4162058,Spare parts
KIT2-4162099,Spare parts
KIT2-4162116,Spare parts
KIT2-4162142,Spare parts
KIT2-4162320,Spare parts
KIT2-4162324,Spare parts
KIT2-4162546,Spare parts
KIT2-4162634,Spare parts
KIT2-4162897,Spare parts
KIT2-4176024,Spare parts
KIT2-4176048,Spare parts
KIT2-4176067,Spare parts
KIT2-4176099,Spare parts
KIT2-4176183,Spare parts
KIT2-4176184,Spare parts
KIT2-4176340,Spare parts
KIT2-4176728,Spare parts
KIT2-8212014,Spare parts
KIT2-9701129,Spare parts
KIT2-9703338,Spare parts
KIT2-9703426,Spare parts
KIT2-9703442,Spare parts
KIT2-4176453,Spare parts
KIT2-8211658,Spare parts
KIT2-8212396,Spare parts
KIT2-9701663,Spare parts
KIT2-9703414,Spare parts
KIT2-9703438,Spare parts
KIT2-9703674,Spare parts
KIT2-9703903,Spare parts
KIT2-9703904,Spare parts
KIT2-9704230,Spare parts
KIT2-9704309,Spare parts
KIT2-9704329,Spare parts
KIT2-9704608,Spare parts
KIT2-9704677,Spare parts
KIT2-9705130,Spare parts
KIT2-9705132,Spare parts
KIT2-9705443,Spare parts
KIT2-9705444,Spare parts
KIT2-9705506,Spare parts
KIT2-9706251,Spare parts
KIT2-9706416,Spare parts
KIT2-9706529,Spare parts
KIT2-9706596,Spare parts
KIT2-9706619,Spare parts
KIT2-9706633,Spare parts
KIT2-9706760,Spare parts
KIT2-9706885,Spare parts
KIT2-9709028,Spare parts
KIT2-9709030,Spare parts
KIT2-W10308293,Spare parts
KIT2-W10307847,Spare parts
KIT2-W10307642,Spare parts
KIT2-W10234643,Spare parts
KIT2-W10234493,Spare parts
KIT2-K45SBWH,Spare parts
KIT2-9709707,Spare parts
KIT2-9709627,Spare parts
KIT2-9709419,Spare parts
KIT2-9708845,Spare parts
KIT2-9708649,Spare parts
KIT2-9708316,Spare parts
KIT2-9708315,Spare parts
KIT2-9707672,Spare parts
KIT2-9707670,Spare parts
KIT2-9707426,Spare parts
KIT2-9706977,Spare parts
KIT2-9706857,Spare parts
KIT2-9706814,Spare parts
KIT2-9706787,Spare parts
KIT2-9706648,Spare parts
TOA1-TMHHC-14PB,Products
KIT2-W10308348,Spare parts
KIT2-W10323373,Spare parts
KIT2-W10360791,Spare parts
KIT2-W10376294,Spare parts
KIT2-W10380496,Spare parts
KIT2-W10391115,Spare parts
KIT2-W10395280,Spare parts
KIT2-W10417201,Spare parts
KIT2-W10445096,Spare parts
KIT2-W10448698,Spare parts
KIT2-W10448785,Spare parts
KIT2-W10462785,Spare parts
KIT2-W10465140,Spare parts
KIT2-W10487699,Spare parts
KIT2-W10504114,Spare parts
KIT2-W10504744,Spare parts
KIT1-5K5SSWH,Products
KIT2-4176230,Spare parts
TBA1-CTST-1500G,Products
TBA1-CTST-1200G,Products
PIM2-70100801728L,Spare parts
PIM2-70100410846L,Spare parts
ROL2-D02026,Spare parts
ROE2-103185,Spare parts
SIR2-IW2071220210,Spare parts
KTC1-207-001,Products
VRM2-AR40PH-41Z,Spare parts
VRM2-AR40PH-75M,Spare parts
SIR1-DOLOMITI-10T-1-1-60X40-R290,Products
PMF2-5I100022,Spare parts
PIM1-YXD-1AE-R,Products
HAM2-990182200,Spare parts
HAM1-6126-HBF600R,Products
PMF2-5M010505,Spare parts
PMF2-8K010130,Spare parts
NTS1-BTTR-1130,Products
PIM1-WHISK185,Products
REF2-00121,Spare parts
ROB2-SS2999,Spare parts
VRM2-RN20-63ME,Spare parts
HAM1-HBF600R-CE,Products
BER1-JD318MIX25,Products
SIR2-IGS816303,Spare parts
SIR2-19335055.11,Spare parts
NTS1-PT-AL9N,Products
SIR1-11001500,Products
KTC1-189-001,Products
SIR2-MSC04V052A,Spare parts
PIM1-NYGF300-RFT,Products
SIR2-MSC06N076,Spare parts
SIR2-AME410,Spare parts
CAM1-90CWLN-135,Products
PIM2-ESK-10-CON,Spare parts
NTS1-SOS-S,Products
BES2-32065900,Spare parts
PUJ1-110.202,Products
MID2-60679,Spare parts
PIM2-ESK-10-03,Spare parts
ROL1-RBE200,Products
PIM2-301040898,Spare parts
ROE1-R3-3000,Products
ROE1-R4A-TRI-230V-50HZ-3P,Products
IPR1-00001,Products
SIR2-LF1533000S,Spare parts
SIR2-LF029916,Spare parts
SIR2-LF2029989,Spare parts
TBA2-KUF60DL0102,Spare parts
TBA2-KF6CD00106,Spare parts
TBA2-K1D4400306,Spare parts
TBA2-K2FP419103,Spare parts
TBA2-KG30311105,Spare parts
TBA2-K3F0624105,Spare parts
PIM1-PFB14-BK,Products
PIM1-PFB28-BK,Products
SEV2-00512,Spare parts
SEV2-00511,Spare parts
SEV2-00419,Spare parts
ROE2-89237,Spare parts
HAT2-02.05.674.00,Spare parts
PIM1-CHL18-3D-L-750MM,Products
ARC1-05273,Products
BER2-SENSOR-SWITCH,Spare parts
BER2-IC-VCM-TAPE,Spare parts
PRC1-KK-TNG201PVDB,Products
TOP2-98-HTF,Spare parts
KIT2-9703905,Spare parts
KIT2-4162101,Spare parts
KIT2-4161697,Spare parts
KIT2-4160965,Spare parts
KIT2-4159662,Spare parts
KIT2-3177975,Spare parts
ROL2-A08003,Spare parts
TOA2-1952717,Spare parts
TOP2-M98E-H,Spare parts
HAM1-HMD200R-CE,Products
ROE1-MP600-ULTRA-LED-H,Products
ROE1-MP550-ULTRA-LED-H,Products
ROE1-CMP400-VV-B,Products
ROE1-CMP350-VV-B,Products
ROE1-MP800T-LED,Products
ROE1-MP350VV-ULTRA-LED,Products
ROE1-MINI-MP-160VV.A,Products
ROE1-MINI-MP-190VV.A,Products
ROE1-MINI-MP-190-COMBI.A,Products
ROE1-MICRO-MIX,Products
COG2-67806,Spare parts
LIN2-KB21,Spare parts
ROE2-39741,Spare parts
LKK1-EB-2F,Products
PUJ1-44572,Products
PUJ1-85230,Products
PUJ1-209.032A,Products
PUJ1-120.000A,Products
PUJ1-110.000A,Products
PUJ1-47602,Products
PUJ1-46789,Products
PUJ1-985.000,Products
PUJ1-24413,Products
PUJ1-24710,Products
PUJ1-24713,Products
PUJ1-24712,Products
PUJ1-24711,Products
PUJ1-120.6F3G,Products
PUJ1-120.6F3N,Products
PUJ1-120.6F3A,Products
PUJ1-110.6F3,Products
PUJ1-110.6F3R,Products
PUJ1-110.6F3A,Products
PUJ1-154.032,Products
PUJ1-154.028,Products
PUJ1-154.024,Products
PUJ1-141.032B,Products
PUJ1-141.028B,Products
PUJ1-141.024B,Products
PUJ1-152.035B,Products
PUJ1-23825,Products
PUJ1-80790,Products
PUJ1-909.559,Products
PUJ1-872.500,Products
PUJ1-490242-130554,Products
PUJ1-490242-130544,Products
PUJ1-490242-130513,Products
PUJ1-490242-130508,Products
PUJ1-490242-130502,Products
PUJ1-490242-130501,Products
PUJ1-169.030,Products
PUJ1-169.028,Products
PUJ1-169.024,Products
PUJ1-169.020,Products
PUJ1-135.140,Products
PUJ1-135.132,Products
PUJ1-135.128,Products
PUJ1-135.124,Products
PUJ1-135.120,Products
PUJ1-995.040,Products
PUJ1-995.038,Products
PUJ1-995.034,Products
PUJ1-995.032,Products
PUJ1-995.030,Products
PUJ1-995.026,Products
PUJ1-995.020,Products
PUJ1-143.045,Products
PUJ1-143.043,Products
PUJ1-145.328,Products
PUJ1-144.428T,Products
PUJ1-144.424T,Products
PUJ1-144.420T,Products
PUJ1-144.040,Products
PUJ1-144.036,Products
PUJ1-144.032,Products
PUJ1-144.028,Products
PUJ1-144.024,Products
PUJ1-144.020,Products
PUJ1-144.016,Products
PUJ1-144.428,Products
PUJ1-144.424,Products
PUJ1-144.420,Products
PUJ1-144.240,Products
PUJ1-144.236,Products
PUJ1-144.232,Products
PUJ1-144.228,Products
PUJ1-144.224,Products
PUJ1-144.220,Products
PUJ1-144.216,Products
PUJ1-144.140,Products
PUJ1-144.136,Products
PUJ1-144.132,Products
PUJ1-144.128,Products
PUJ1-144.124,Products
PUJ1-144.120,Products
PUJ1-490.016A,Products
PUJ1-490.016R,Products
PUJ1-490.016N,Products
PUJ1-490.016G,Products
PUJ1-490.932A,Products
PUJ1-490.932R,Products
PUJ1-490.932N,Products
PUJ1-490.932G,Products
PUJ1-490.928A,Products
PUJ1-490.928R,Products
PUJ1-490.928N,Products
PUJ1-490.928G,Products
PUJ1-490.732A,Products
PUJ1-490.732R,Products
PUJ1-490.732N,Products
PUJ1-490.732G,Products
PUJ1-490.728A,Products
PUJ1-490.728R,Products
PUJ1-490.724A,Products
PUJ1-490.724R,Products
PUJ1-490.724N,Products
PUJ1-490.724G,Products
PUJ1-490.632A,Products
PUJ1-490.632R,Products
PUJ1-490.632N,Products
PUJ1-490.632G,Products
PUJ1-490.628A,Products
PUJ1-490.628R,Products
PUJ1-490.628N,Products
PUJ1-490.628G,Products
PUJ1-490.624A,Products
PUJ1-490.624R,Products
PUJ1-490.624N,Products
PUJ1-490.624G,Products
PUJ1-490.620A,Products
PUJ1-490.620R,Products
PUJ1-490.620N,Products
PUJ1-490.620G,Products
PUJ1-209.028A,Products
PUJ1-209.024A,Products
PUJ1-209.020A,Products
CHE1-PROCLEAN10-20L,Products
SIR1-EASYVAC-TOUCH-25-BX,Products
SIR1-VERTIGO-30,Products
SIR1-SOFTCOOKER-XP-CE,Products
SIR1-SOFTCOOKER-WI-FOOD-2,Products
SIR1-SOFTCOOKER-LIGHT,Products
BER2-FE-VDE18W,Spare parts
HAM1-6126-650R,Products
ROB2-EC0386,Spare parts
ROB2-EC0385,Spare parts
SIR1-O3-TOWER-28,Products
SIR1-O3-PORT-28,Products
VRM1-M020K-T-230N1C-01,Products
VRM2-AR005-327-TD001,Spare parts
HAM1-CPM800-CE,Products
PIM1-TB-RL-D260,Products
PIM1-INTLFT-6D,Products
PIM1-TB-RL-D300,Products
PIM1-CT8-2,Products
ROL2-H03010,Spare parts
ROE1-27245,Products
ROE1-27066,Products
ROE1-27067,Products
ROE1-27068,Products
ROE1-27072,Products
ROE1-27164,Products
ROE1-27219,Products
ROE1-27244,Products
ROE1-28004,Products
ROE1-28012,Products
ROE1-28016,Products
ROE1-28052,Products
ROE1-28055,Products
ROE1-28056,Products
ROE1-28060,Products
ROE1-28062,Products
ROE1-28065,Products
ROE1-28066,Products
ROE1-28067,Products
ROE1-28069,Products
ROE1-28068,Products
ROE1-28101,Products
ROE1-28110W,Products
ROE1-28111,Products
ROE1-28112W,Products
ROE1-28117,Products
ROE1-28118,Products
ROE1-28119,Products
ROE1-28121,Products
ROE1-28122,Products
ROE1-28128,Products
ROE1-28134,Products
ROE1-28135,Products
ROE1-28140,Products
ROE1-28141,Products
ROE1-28158,Products
ROE1-28159,Products
ROE1-28172,Products
ROE1-28173,Products
ROE1-28174,Products
ROE1-28179,Products
ROE1-28180,Products
ROE1-28196,Products
ROE1-28199,Products
ROE1-28200,Products
ROE1-28203,Products
ROE1-28205,Products
ROE1-28051,Products
ROE1-28058,Products
ROE1-28059,Products
ROE1-28061,Products
ROE1-28110,Products
ROE1-28114,Products
ROE1-28130,Products
COG2-80389,Spare parts
ROE1-27046,Products
ROE1-27286,Products
ROE1-27051,Products
ROE1-27081,Products
ROE1-27599,Products
ROE1-27621,Products
ROE1-27786,Products
ROE1-38150,Products
ROE1-27288,Products
MID2-78159,Spare parts
EDL1-CM1000S-S,Products
COG2-K80240,Spare parts
COG2-115166,Spare parts
COG2-80638,Spare parts
ROE1-BLIXER2D,Products
ROE2-27356,Spare parts
ROE2-39910,Spare parts
ROE2-39868,Spare parts
HAT2-R02.08.143E.00,Spare parts
ROE1-BLIXER3,Products
HAT1-TM-10H,Products
HAM1-HMI009-CE,Products
HAM1-HBH550R-CE,Products
STS1-2TBNFB1500A,Products
MBM2-RTCU700274,Spare parts
MBM2-RTCU700374,Spare parts
ZNS2-0L2583,Spare parts
PIM1-TM-4,Products
PIM1-TC-1,Products
PIM1-GH-400,Products
PIM1-CF5-68-10C,Products
BKP2-2F-T1212A,Spare parts
STA2-2M-Z3337,Spare parts
STA2-2I-05-07-0013,Spare parts
STA2-PS-Z9326,Spare parts
STA2-2N-Z9327,Spare parts
STA2-2R-Z22153,Spare parts
STA2-2E-05-07-0350,Spare parts
STA2-2E-Z3335,Spare parts
STA2-2E-Z2894,Spare parts
STA2-2E-Y9253,Spare parts
STA2-2E-Y9251,Spare parts
STA2-2E-Z3808,Spare parts
STA2-2E-Z3278,Spare parts
LKK2-HEATER(MW-2)NEW,Spare parts
LKK2-KSQ-6-39,Spare parts
VTS2-0VT561,Spare parts
VTS2-0VT123,Spare parts
VTS2-0VT922,Spare parts
VTS2-0VT016,Spare parts
VTS2-0VT051,Spare parts
PIM2-PFB-18SC-007,Spare parts
PIM2-PFB-18SC-006,Spare parts
PIM2-PFB-18SC-005,Spare parts
PIM2-PFB-18SC-004,Spare parts
PIM2-PFB-18SC-003,Spare parts
PIM2-PFB-18SC-002,Spare parts
PIM2-PFB-18SC-001,Spare parts
STA2-2J-Z3263,Spare parts
STA2-SD9-GR0529,Spare parts
PIM2-DFM8LY-PPB,Spare parts
PIM2-DFM8LY-SS,Spare parts
PIM2-DFM8LY-TMT,Spare parts
PIM2-DFM8LY-FAN,Spare parts
PIM2-DFM8LY-MT,Spare parts
PIM2-DFM8LY-HT,Spare parts
PIM2-DFM8LY-SM,Spare parts
PIM2-DFM8LY-FM,Spare parts
PIM2-DFM8LY-PS,Spare parts
ROL2-D02009,Spare parts
NTS1-PPM-B12,Products
NTS1-PPM-B10,Products
ROL2-A08009,Spare parts
MBM1-MFTE74TL,Products
MBM1-MFTE77ALR,Products
MBM1-MFTE74AL,Products
MBM1-MVC77A,Products
CAM1-66HPU-150,Products
COG1-STEELTECH38-00,Products
PIM2-1.06.0183,Spare parts
PIM2-1.06.0149,Spare parts
PIM2-1.04.0747,Spare parts
PIM2-1.04.0621,Spare parts
TOP1-9814,Products
COG1-ISYTECH-AP31-10.1,Products
SIR2-IB4104000,Spare parts
NTS1-SN1575,Products
ROL2-D01032,Spare parts
ROL2-D04007,Spare parts
ROL2-A09003COM,Spare parts
WNK1-CR-015(C),Products
LKK1-E02-2-GDWHMBB,Products
OCG1-1B01916,Products
ROL1-GED75-B,Products
SIR2-19560201,Spare parts
HAM2-990059900,Spare parts
HOU2-65044,Spare parts
BES2-30064900,Spare parts
OCG1-4GB002H312,Products
OCG1-4GB002H013,Products
ATT1-ATT-TA5STS,Products
ROE1-R402-220V-60HZ-3PH,Products
ROE1-R301-D,Products
ROE1-R301,Products
PIM1-MG-12MD,Products
LKK1-LK-QL4,Products
CAM1-22SFSCW-135,Products
PUJ1-338.045,Products
PUJ1-338.060,Products
ROL1-MS-RFE12,Products
NTS1-SSBG-HLCS,Products
COE1-AE100,Products
NTS1-ALI1-23,Products
NTS1-ALI1-18,Products
NTS1-MMG-M,Products
NTS1-MMG-S,Products
NTS1-MMG-L,Products
REF2-00100,Spare parts
RAN1-MD40ST,Products
PIM2-301110046,Spare parts
ROL2-F04038,Spare parts
NTS1-LT-B,Products
ROL2-G06640,Spare parts
PIM1-YXD-8A,Products
RHE1-PRIMA300,Products
COG2-325070,Spare parts
TBA1-KRF45-4H-LW(800MM),Products
NTS1-JD-8LD-PC,Products
NTS1-RPTT-463-1790,Products
MBM1-MG7G677XS,Products
CAM1-30GE1-151,Products
CAM1-30GE2-151,Products
LKK1-MR-2,Products
NTS1-190-013,Products
NTS1-190-012,Products
NTS1-190-011,Products
NTS1-190-010,Products
NTS1-190-007,Products
NTS1-190-006,Products
NTS1-190-005,Products
NTS1-190-004,Products
NTS1-190-003,Products
NTS1-190-002,Products
NTS1-190-001,Products
ROE2-27345,Spare parts
PIM1-COMBI523,Products
NTS2-ESK-10-04,Spare parts
PIM1-EF-OF-184EF-CTT,Products
PIM1-EF-OF-184EF,Products
PIM1-EF-OF-14EF-CTT,Products
PIM1-EF-OF-14EF,Products
PIM1-PFB14-BK-WO,Products
NTS1-SHFB-500-283,Products
NTS1-SHK-1000ML,Products
LIN2-EL93,Spare parts
PIM1-EDO3-60CS-BK,Products
PIM1-EDO1-20CS-BK,Products
PIM1-CALC-SS-KT171,Products
SIR1-ALISEO-4,Products
PIM2-SM-BTSET,Spare parts
HAM1-HBH755-CE,Products
PIM1-BLDSS-2200W,Products
PIM1-BLD-1G,Products
BER2-FE-VDE10W,Spare parts
PIM1-RB-1,Products
NTS1-LUGC19-MB,Products
NTS1-LUGC19-GB,Products
NTS1-LUGC19-GR,Products
NTS1-10-0457-42,Products
NTS1-SPN-25L,Products
NTS1-SPN-12L,Products
NTS1-FLR-W,Products
NTS1-10-0457-46,Products
NTS1-10-0457-45,Products
NTS1-10-0457-41,Products
NTS1-10-0457-44,Products
NTS1-10-0457-43,Products
NTS1-PCU-BL55,Products
NTS1-CUP4-SL,Products
NTS1-CUP-FL,Products
NTS1-MSC-5000ML,Products
NTS1-GN12100-Y,Products
NTS1-GN11100-Y,Products
NTS1-FT-68NM,Products
NTS1-FT-68,Products
NTS1-EWB-91-NV,Products
NTS1-9005301800-5D,Products
NTS1-9005301800-1D,Products
NTS1-90010001800-5-1,Products
COG2-230083C,Spare parts
COG2-215023,Spare parts
NTS1-MAND-L,Products
ROE2-102600S,Spare parts
NTS1-CD-11L-04,Products
ROL1-FC60,Products
TOP1-9801-009DJ,Products
BER2-GE-PIEZO,Spare parts
TBA2-K3F5102205,Spare parts
ROE2-117792,Spare parts
TOP1-9851-S,Products
TOP1-9850-F,Products
TOP1-9840,Products
TOP1-9840-F,Products
TOP1-9817-P3,Products
TOP1-9817-12,Products
TOP1-9817-008VDJ,Products
TOP1-9815-12,Products
TOP1-9812-P3,Products
TOP1-9812-12,Products
TOP1-9811-P3,Products
TOP1-9811-12,Products
TOP1-9810-P3,Products
BER2-NT-UR2D-C,Spare parts
TOP1-9810-12,Products
TOP1-98011-1,Products
TOP1-9801-P3,Products
TOP1-98009AF-2,Products
TOP1-98008-1,Products
TOP1-98007MN-2,Products
BER1-CB5B-17,Products
TOP1-98007-M001,Products
TOP1-98007-2,Products
TOP1-98007-1,Products
TOP1-98002-2,Products
ARC1-41882,Products
VRM2-AR005-178-TZ001,Spare parts
IWT1-ZT-09,Products
IWT1-ZB-19M,Products
BER2-FE-10FG,Spare parts
COG1-TOPTECH32-23-D.7,Products
TOP1-98002-1,Products
TOP1-98001MN-2,Products
TOP1-98001-2,Products
TOP1-98001-1,Products
TOP1-9800-P3,Products
TOP1-581003,Products
NTS2-JD-8LS-PC-001,Spare parts
TOP1-20159,Products
ROL1-FD120,Products
BER2-PL-JD-VOR,Spare parts
TOP1-20137,Products
TOP1-20132,Products
TOP1-20127,Products
TOP1-20124,Products
TOP1-20117,Products
TOP1-20106,Products
TOP1-003,Products
TOP1-002,Products
TOP1-001,Products
CAM1-UGNPRPSF-480,Products
SIR1-W8-30-BX,Products
HAM1-HBH755R-CE,Products
TOP1-9813,Products
TOP1-9800-10,Products
TOP1-M98E-505,Products
TOP1-9816,Products
TOP1-9812,Products
TOP1-9809,Products
CTP1-SG-FT-230-YL,Products
CTP1-SG-FT-230-RD,Products
CTP1-SG-FT-230-GR,Products
CTP1-SG-FT-230-BL,Products
CTP1-SG-FT-230-OR,Products
CTP1-SG-FT-230-BK,Products
CTP1-SCP-NS-400-GY,Products
CTP1-SCP-NS-360-GY,Products
CTP1-SCP-NS-250-GY,Products
CTP1-SCP-NF-400-GY,Products
CTP1-SCP-NF-360-GY,Products
CTP1-SCP-NF-250-GY,Products
CTP1-PS-2205-240-BK-DGY,Products
CTP1-GS-10964-130-BK,Products
CTP1-GS-10963-130-BK,Products
CTP1-GS-10951-90-BK,Products
CTP1-GS-10942-27HS-BK,Products
CTP1-GS-10941-110V-BK,Products
CTP1-GS-10941-110-BK,Products
CTP1-GS-10935-ME-BK,Products
CTP1-GS-10931-160-BK,Products
CTP1-GS-10930-SO-BK,Products
CTP1-GS-10930-HD-BK,Products
CTP1-GS-10930-GE-BK,Products
CTP1-GS-10929P-BK,Products
CTP1-GS-10923-100-BK,Products
PIM2-302110440,Spare parts
ADC1-PP-605-RD,Products
CTP1-KB-06-90SYD-BK,Products
HAT1-GRAHL-30,Products
LIN2-FC04,Spare parts
SIR2-GM2492100,Spare parts
SIR2-GM5256850,Spare parts
SIR2-FC02041CIMS,Spare parts
CTP1-GS-10501-130-WH,Products
ROL1-MAJESTIC-FT,Products
PIM1-IMB220-270W-BL200P,Products
CTP1-GS-10940-01-BK,Products
NTS1-MBF-28B,Products
PIM1-TC-22,Products
NTS1-2-BFS,Products
CAM1-EPP180E-110,Products
CAM1-CP3253-159,Products
CTP1-KB-2208-200-BL,Products
CTP1-GS-30502-13-5H-BK,Products
CTP1-GS-10929S-BK,Products
CTP1-FDMS-TR-09-301,Products
CTP1-FDMS-ST-09-301,Products
CTP1-FDMS-SQ-09-301,Products
CTP1-FDMS-RD-09-301,Products
CTP1-FDMS-HS-09-301,Products
CTP1-FDMS-FL-09-301,Products
BES2-32070300,Spare parts
RJ2-TSW-01,Spare parts
RJ2-SPFCS-0085,Spare parts
CTP1-KFE-AT-07-001-NT,Products
LKK1-EPZ-2,Products
SIR2-19562170,Spare parts
NTS1-PH18-1900-CL,Products
NTS1-PH09-1700-GY,Products
NTS1-PH09-1700-CL,Products
NTS1-PH09-1300-GY,Products
NTS1-PH06-1500-CL,Products
NTS1-PH06-1300-CL,Products
NTS1-SPR-1790,Products
ZNS2-0CBAQV,Spare parts
ZAN2-TERM0116,Spare parts
VTS2-FEA-2ERD-P-INLET+CONV,Spare parts
VTS2-0VTDQ9,Spare parts
VTS2-0VTA7Y,Spare parts
VTS2-0VTA3H,Spare parts
VTS2-0VT588,Spare parts
VTS2-0VT524,Spare parts
VTS2-0VT523,Spare parts
VTS2-0VT451,Spare parts
VTS2-0VT404,Spare parts
VTS2-0VT403,Spare parts
VTS2-0VT311,Spare parts
VTS2-0VT266,Spare parts
VTS2-0VT242,Spare parts
VTS2-0VT232,Spare parts
VTS2-0VT208,Spare parts
VTS2-0VT207,Spare parts
VTS2-0VT050,Spare parts
VTS2-0VT017,Spare parts
VTS2-0VT015,Spare parts
VRM2-R40-101ZB,Spare parts
TBC2-FRE-1113,Spare parts
TBA2-T07K002000,Spare parts
TBA2-T05AAE0010-CURTAIN,Spare parts
TBA2-S120920100,Spare parts
TBA2-R595KDFT2FA,Spare parts
TBA2-PZT8SNH101,Spare parts
TBA2-NTC005HP,Spare parts
TBA2-KG1802L100,Spare parts
TBA2-KG1502L100,Spare parts
TBA2-KG1202L100,Spare parts
TBA2-HYE55Y63,Spare parts
TBA2-G8R7400804,Spare parts
TBA2-G2F1900106,Spare parts
TBA2-A150905106,Spare parts
TBA2-A120908801,Spare parts
TBA2-A120905106,Spare parts
TBA2-12038HB,Spare parts
SIR2-OSC708164,Spare parts
SIR2-MSC09V076,Spare parts
SIR2-MSC09AMON.22,Spare parts
SIR2-MSC04N012A,Spare parts
SIR2-MSC04N010,Spare parts
SIR2-MF2144,Spare parts
SIR2-IW2071250200,Spare parts
SIR2-IW2071250067,Spare parts
SIR2-IW2071250046,Spare parts
SIR2-IW2071230200,Spare parts
SIR2-IW1571240010,Spare parts
SIR2-IW1571230010,Spare parts
SIR2-IW1471270180,Spare parts
SIR2-IW1471250200,Spare parts
SIR2-IW1471250060,Spare parts
SIR2-IW1471250030,Spare parts
SIR2-IW1471250020,Spare parts
SIR2-IW1471240040,Spare parts
SIR2-IW1071250325A,Spare parts
SIR2-IW1071250050,Spare parts
SIR2-IW1071240513,Spare parts
SIR2-FC99504028,Spare parts
SIR2-FC99434056,Spare parts
SIR2-FC99430048,Spare parts
SIR2-FC99004028,Spare parts
SIR2-FC99004005,Spare parts
SIR2-FC920P,Spare parts
SIR2-FC160P,Spare parts
SIR2-49569067,Spare parts
SIR2-49569062,Spare parts
SIR2-49569061,Spare parts
SIR2-49569060,Spare parts
SIR2-49569056,Spare parts
SIR2-49569055,Spare parts
SIR2-49569050,Spare parts
SIR2-49569000,Spare parts
SIR2-49568025,Spare parts
SIR2-49538330,Spare parts
SIR2-19410533,Spare parts
SIR2-19410301E,Spare parts
SIR2-19300208,Spare parts
SHA2-00001,Spare parts
SEV2-WEST222,Spare parts
SEV2-W584L2650,Spare parts
SEV2-W500L2160,Spare parts
SEV2-W490L2010,Spare parts
SEV2-TZ-8111,Spare parts
SEV2-RPS-BR-10,Spare parts
SEV2-RM22LA32MR,Spare parts
SEV2-PUF-137,Spare parts
SEV2-PG-602DC,Spare parts
SEV2-ODE-3-220105-3F42,Spare parts
SEV2-NL6.1MLK,Spare parts
SEV2-MS26FG,Spare parts
SEV2-LC1D32M7,Spare parts
SEV2-FR-D720S-0.4K,Spare parts
SEV2-CZ-7311,Spare parts
SEV2-CUSTOM,Spare parts
SEV2-C30,Spare parts
SEV2-6203DDUCM,Spare parts
SEV2-40100023,Spare parts
SEV2-30204,Spare parts
SEV2-00359,Spare parts
SEV2-00356,Spare parts
SEV2-00355,Spare parts
SEV2-00352,Spare parts
SEV2-00351,Spare parts
SEV2-00350,Spare parts
SEV2-00347,Spare parts
SEV2-00346,Spare parts
SEV2-00345,Spare parts
SEV2-00343,Spare parts
SEV2-00342,Spare parts
SEV2-00337,Spare parts
SEV2-00325,Spare parts
SEV2-00314,Spare parts
SEV2-00312,Spare parts
SEV2-00291,Spare parts
SEV2-00289,Spare parts
SEV2-00287,Spare parts
SEV2-00286,Spare parts
SEV2-00280,Spare parts
SEV2-00279,Spare parts
SEV2-00277,Spare parts
SEV2-00276,Spare parts
SEV2-00266,Spare parts
SEV2-00265,Spare parts
SEV2-00257,Spare parts
SEV2-00255,Spare parts
SEV2-00248,Spare parts
SEV2-00247,Spare parts
SEV2-00246,Spare parts
SEV2-00245,Spare parts
SEV2-00244,Spare parts
SEV2-00243,Spare parts
SEV2-00242,Spare parts
SEV2-00238,Spare parts
SEV2-00233,Spare parts
SEV2-00231,Spare parts
SEV2-00230,Spare parts
SEV2-00229,Spare parts
SEV2-00223,Spare parts
SEV2-00222,Spare parts
SEV2-00220,Spare parts
SEV2-00216,Spare parts
SEV2-00213,Spare parts
SEV2-00207,Spare parts
SEV2-00206,Spare parts
SEV2-00195,Spare parts
SEV2-00194,Spare parts
SEV2-00188,Spare parts
SEV2-00174,Spare parts
SEV2-00173,Spare parts
SEV2-00153,Spare parts
SEV2-00138,Spare parts
SEV2-00137,Spare parts
SEV2-00119,Spare parts
SEV2-00117,Spare parts
SEV2-00115,Spare parts
SEV2-00114,Spare parts
SEV2-00103,Spare parts
SEV2-00095,Spare parts
SEV2-00086,Spare parts
SEV2-00083,Spare parts
SEV2-00077,Spare parts
SEV2-00074,Spare parts
SEV2-00065,Spare parts
SEV2-00033,Spare parts
SEV2-00029,Spare parts
SAN2-65320,Spare parts
SAN2-02128+02129,Spare parts
RTN2-87.01.953S,Spare parts
RTN2-56.01.524P,Spare parts
RTN2-56.00.166P,Spare parts
RTN2-50.00.303P,Spare parts
RTN2-50.00.301,Spare parts
RTN2-44.01.219P,Spare parts
RTN2-40.06.808P,Spare parts
RTN2-40.03.257P,Spare parts
RTN2-40.00.098P,Spare parts
RTN2-10.01.751P,Spare parts
RON2-W640L2460,Spare parts
RON2-W608L2320,Spare parts
RON2-B1024007,Spare parts
RON2-B1012333,Spare parts
RON2-B1010295,Spare parts
RON2-55317,Spare parts
RON2-55316,Spare parts
RON2-55220,Spare parts
RON2-53850,Spare parts
RON2-52260,Spare parts
RON2-162497,Spare parts
RON2-162208,Spare parts
RON2-126084,Spare parts
ROL2-SH03028,Spare parts
ROL2-SH01129,Spare parts
ROL2-SA18051SE,Spare parts
ROL2-H01075,Spare parts
ROL2-E01022COM,Spare parts
ROL2-37024,Spare parts
ROB2-VS0376,Spare parts
ROB2-VS0375,Spare parts
ROB2-VS0189,Spare parts
ROB2-VS0012,Spare parts
ROB2-TS0013,Spare parts
ROB2-TC0041,Spare parts
ROB2-TC0001,Spare parts
ROB2-SS2738,Spare parts
ROB2-SS2733,Spare parts
ROB2-SS2732,Spare parts
ROB2-SS0729,Spare parts
ROB2-SS0726,Spare parts
ROB2-SS0446,Spare parts
ROB2-SS0033,Spare parts
ROB2-PS0129,Spare parts
ROB2-PC0011,Spare parts
ROB2-PC0010,Spare parts
ROB2-MS0389,Spare parts
ROB2-MS0076,Spare parts
ROB2-MC1088,Spare parts
ROB2-MC0888,Spare parts
ROB2-MC0872,Spare parts
ROB2-MC0577,Spare parts
ROB2-HS0008,Spare parts
ROB2-HS0007,Spare parts
ROB2-HC0229,Spare parts
ROB2-HC0228,Spare parts
ROB2-HC0199,Spare parts
ROB2-HC0198,Spare parts
ROB2-HC0197,Spare parts
ROB2-HC0191,Spare parts
ROB2-HC0190,Spare parts
ROB2-HC0189,Spare parts
ROB2-HC0179,Spare parts
ROB2-HC0173,Spare parts
ROB2-HC0141,Spare parts
ROB2-HC0056,Spare parts
ROB2-HC0042,Spare parts
ROB2-ES0014,Spare parts
ROB2-EC0397,Spare parts
RIN2-AN1120,Spare parts
PRC2-FEJ-5000A-001,Spare parts
PMF2-5E200693,Spare parts
PMF2-5E200691,Spare parts
PIT2-MK2K-60119001,Spare parts
PIT2-ENC14-228MC,Spare parts
PIT2-134-000017-002,Spare parts
PIT2-130-000003-001,Spare parts
PIT2-11303.0012,Spare parts
PIT2-10901.0007,Spare parts
PIT2-10105.0029,Spare parts
PIT2-10102.0025,Spare parts
PIT2-1000558-MC,Spare parts
PIM2-PM-40L-SV-21,Spare parts
PIM2-NSP01-5L+NSP13-5,Spare parts
PIM2-EDO-018,Spare parts
PIM2-DSGSS-3-TUBE,Spare parts
PIM2-DR520-SL,Spare parts
PIM2-DR520-360,Spare parts
PIM2-70200700955,Spare parts
NVA2-112-0344-A,Spare parts
NVA2-112-0343-A,Spare parts
NUO2-40300027,Spare parts
NTS2-HL-300-001,Spare parts
NFZ2-T97525,Spare parts
NFZ2-CNT-4009,Spare parts
MMT2-59214756,Spare parts
MID2-76979,Spare parts
MID2-74319,Spare parts
MID2-35900-0255,Spare parts
MBM2-200885,Spare parts
LKK2-SWITCH(PL2),Spare parts
LKK2-LSP-530-30-1-2,Spare parts
LKK2-LSP-530-30-1,Spare parts
LKK2-IND500W-9,Spare parts
LKK2-IND500W-8,Spare parts
LKK2-IND500W-7,Spare parts
LKK2-IND500W-6,Spare parts
LKK2-IND500W-2,Spare parts
LKK2-IND500W-13,Spare parts
LKK2-IND500W-12,Spare parts
LKK2-IND500W-11,Spare parts
LKK2-IND500W-1,Spare parts
LKK2-IND500T-9,Spare parts
LKK2-IND500T-8,Spare parts
LKK2-IND500T-6,Spare parts
LKK2-IND500T-2,Spare parts
LKK2-IND500T-15,Spare parts
LKK2-IND500T-13,Spare parts
LKK2-IND500T-12,Spare parts
LKK2-IND500T-11,Spare parts
LKK2-IND500T-1,Spare parts
LKK2-IND350W-9,Spare parts
LKK2-IND350W-8,Spare parts
LKK2-IND350W-7,Spare parts
LKK2-IND350W-6,Spare parts
LKK2-IND350W-5,Spare parts
LKK2-IND350W-4,Spare parts
LKK2-IND350W-23,Spare parts
LKK2-IND350W-22,Spare parts
LKK2-IND350W-21,Spare parts
LKK2-IND350W-2,Spare parts
LKK2-IND350W-17,Spare parts
LKK2-IND350W-16,Spare parts
LKK2-IND350W-14,Spare parts
LKK2-IND350W-13,Spare parts
LKK2-IND350W-12,Spare parts
LKK2-IND350W-11,Spare parts
LKK2-IND350W-10,Spare parts
LKK2-IND350W-1,Spare parts
LKK2-IND350T-9,Spare parts
LKK2-IND350T-8,Spare parts
LKK2-IND350T-6,Spare parts
LKK2-IND350T-4,Spare parts
LKK2-IND350T-3,Spare parts
LKK2-IND350T-2,Spare parts
LKK2-IND350T-14,Spare parts
LKK2-IND350T-11,Spare parts
LKK2-IND350T-1,Spare parts
LKK2-IND350SBK-16,Spare parts
LKK2-IND350K-9,Spare parts
LKK2-IND350K-6,Spare parts
LKK2-IND350K-5,Spare parts
LKK2-IND350K-4,Spare parts
LKK2-IND350K-15,Spare parts
LKK2-IND350K-13,Spare parts
LKK2-IND350K-12,Spare parts
LKK2-IND350K-11,Spare parts
LKK2-IND350K-10,Spare parts
LKK2-IND350K-1,Spare parts
LKK2-IND350BK-8,Spare parts
LKK2-IND350BK-7,Spare parts
LKK2-IND350BK-6,Spare parts
LKK2-IND350BK-5,Spare parts
LKK2-IND350BK-4,Spare parts
LKK2-IND350BK-3,Spare parts
LKK2-IND350BK-20,Spare parts
LKK2-IND350BK-17,Spare parts
LKK2-IND350BK-13,Spare parts
LKK2-IND350BK-11,Spare parts
LKK2-IND350BK-10,Spare parts
LKK2-IND350BK-1,Spare parts
LKK2-IND350BK-008,Spare parts
LKK2-IND300T-9,Spare parts
LKK2-IND300T-8,Spare parts
LKK2-IND300T-7,Spare parts
LKK2-IND300T-6,Spare parts
LKK2-IND300T-5,Spare parts
LKK2-IND300T-4,Spare parts
LKK2-IND300T-3,Spare parts
LKK2-IND300T-2,Spare parts
LKK2-IND300T-13,Spare parts
LKK2-IND300T-12,Spare parts
LKK2-IND300T-11,Spare parts
LKK2-IND300T-10,Spare parts
LKK2-IND300T-1,Spare parts
LKK2-IND2000-9,Spare parts
LKK2-IND2000-7,Spare parts
LKK2-IND2000-6,Spare parts
LKK2-IND2000-5,Spare parts
LKK2-IND2000-4,Spare parts
LKK2-IND2000-3,Spare parts
LKK2-IND2000-2,Spare parts
LKK2-IND2000-10,Spare parts
LKK2-B40-06-16,Spare parts
LKK2-B15(K)-97,Spare parts
LKK2-37109,Spare parts
LKK2-00012,Spare parts
HOS2-B1,Spare parts
HAT2-RHW-11QT-LID-HG,Spare parts
HAT2-R02.19.019.00,Spare parts
HAT2-R02.08.148E.00,Spare parts
HAT2-R02.08.046E.00,Spare parts
HAT2-R02.08.045E.00,Spare parts
HAT2-R02.08.043E.00,Spare parts
HAT2-R02.08.042E.00,Spare parts
HAT2-R02.08.039E.00,Spare parts
HAT2-R02.08.037E.00,Spare parts
HAT2-07.01.034.00,Spare parts
HAM2-990411700,Spare parts
HAM2-990408100,Spare parts
HAM2-990403700,Spare parts
HAM2-990398700,Spare parts
HAM2-990398500,Spare parts
HAM2-990398400,Spare parts
HAM2-990398301,Spare parts
HAM2-990398201,Spare parts
HAM2-990398100,Spare parts
HAM2-990398000,Spare parts
HAM2-990397900,Spare parts
HAM2-990397800,Spare parts
HAM2-990397700,Spare parts
HAM2-990397501,Spare parts
HAM2-990397400,Spare parts
HAM2-990397300,Spare parts
HAM2-990397200,Spare parts
HAM2-990397100,Spare parts
HAM2-990396910,Spare parts
HAM2-990386800,Spare parts
HAM2-990386300,Spare parts
HAM2-990385200,Spare parts
HAM2-990385100,Spare parts
HAM2-990331400,Spare parts
HAM2-990314500,Spare parts
HAM2-990293100,Spare parts
HAM2-990292710,Spare parts
HAM2-990150400,Spare parts
HAM2-990145820,Spare parts
HAM2-933,Spare parts
HAM2-918192500,Spare parts
FIR2-40700620,Spare parts
FIR2-40700610,Spare parts
FIR2-40400070,Spare parts
FIR2-40100041,Spare parts
FIR2-40100010,Spare parts
FIR2-40100009,Spare parts
FIR2-40100008,Spare parts
DUH2-228888,Spare parts
CRO2-455306,Spare parts
CRO2-2618060,Spare parts
COG2-DEI35N,Spare parts
COG2-984007,Spare parts
COG2-927045,Spare parts
COG2-87773,Spare parts
COG2-75877,Spare parts
COG2-75875,Spare parts
COG2-75154,Spare parts
COG2-66451,Spare parts
COG2-65951,Spare parts
COG2-65700,Spare parts
COG2-65690,Spare parts
COG2-65624,Spare parts
COG2-65515,Spare parts
COG2-65382A,Spare parts
COG2-65265,Spare parts
COG2-437104,Spare parts
COG2-429075,Spare parts
COG2-230125,Spare parts
COG2-143131,Spare parts
COG2-121135,Spare parts
CEC2-00001,Spare parts
CAM2-PK57003,Spare parts
CAM2-60064,Spare parts
BKP2-SM4-T1155T,Spare parts
BKP2-SM4-S1016X,Spare parts
BKP2-L5019X,Spare parts
BER2-TM-EW70-TTL,Spare parts
BER2-SPO-E-C2404053A,Spare parts
BER2-GS-M1071-UR-2-SM,Spare parts
BER2-DF11-LID,Spare parts
BER2-CM-FH2511Z,Spare parts
BER2-BR-B110-(SHORT),Spare parts
BER2-BA-201A-CV-1,Spare parts
BER2-00010,Spare parts
BER2-00009,Spare parts
APW2-1475020,Spare parts
VTS2-0VT110,Spare parts
SEV2-R507,Spare parts
SEV2-R22,Spare parts
SEV2-NO.5,Spare parts
SEV2-NMTL0040007,Spare parts
SEV2-KNB-688-6-2Z,Spare parts
SEV2-BBF-45558,Spare parts
SEV2-50MF40V,Spare parts
SEV2-10-0319,Spare parts
SEV2-00358,Spare parts
SEV2-00339,Spare parts
SEV2-00338,Spare parts
SEV2-00336,Spare parts
SEV2-00335,Spare parts
SEV2-00334,Spare parts
SEV2-00333,Spare parts
SEV2-00332,Spare parts
SEV2-00331,Spare parts
SEV2-00330,Spare parts
SEV2-00329,Spare parts
SEV2-00328,Spare parts
SEV2-00326,Spare parts
SEV2-00324,Spare parts
SEV2-00322,Spare parts
SEV2-00321,Spare parts
SEV2-00319,Spare parts
SEV2-00318,Spare parts
SEV2-00317,Spare parts
SEV2-00316,Spare parts
SEV2-00315,Spare parts
SEV2-00313,Spare parts
SEV2-00311,Spare parts
SEV2-00310,Spare parts
SEV2-00309,Spare parts
SEV2-00308,Spare parts
SEV2-00307,Spare parts
SEV2-00306,Spare parts
SEV2-00305,Spare parts
SEV2-00304,Spare parts
SEV2-00303,Spare parts
SEV2-00302,Spare parts
SEV2-00301,Spare parts
SEV2-00300,Spare parts
SEV2-00299,Spare parts
SEV2-00298,Spare parts
SEV2-00297,Spare parts
SEV2-00296,Spare parts
SEV2-00295,Spare parts
SEV2-00294,Spare parts
SEV2-00293,Spare parts
SEV2-00292,Spare parts
SEV2-00290,Spare parts
SEV2-00284,Spare parts
SEV2-00283,Spare parts
SEV2-00282,Spare parts
SEV2-00278,Spare parts
SEV2-00275,Spare parts
SEV2-00274,Spare parts
SEV2-00273,Spare parts
SEV2-00272,Spare parts
SEV2-00271,Spare parts
SEV2-00270,Spare parts
SEV2-00269,Spare parts
SEV2-00267,Spare parts
SEV2-00264,Spare parts
SEV2-00262,Spare parts
SEV2-00261,Spare parts
SEV2-00259,Spare parts
SEV2-00258,Spare parts
SEV2-00254,Spare parts
SEV2-00253,Spare parts
SEV2-00252,Spare parts
SEV2-00251,Spare parts
SEV2-00250,Spare parts
SEV2-00249,Spare parts
SEV2-00241,Spare parts
SEV2-00240,Spare parts
SEV2-00239,Spare parts
SEV2-00237,Spare parts
SEV2-00236,Spare parts
SEV2-00235,Spare parts
SEV2-00232,Spare parts
SEV2-00228,Spare parts
SEV2-00224,Spare parts
SEV2-00221,Spare parts
SEV2-00219,Spare parts
SEV2-00218,Spare parts
SEV2-00217,Spare parts
SEV2-00208,Spare parts
SEV2-00205,Spare parts
SEV2-00196,Spare parts
SEV2-00189,Spare parts
SEV2-00178,Spare parts
SEV2-00154,Spare parts
SEV2-00139,Spare parts
SEV2-00087,Spare parts
SEV2-00057,Spare parts
SEV2-00051,Spare parts
SEV2-00022,Spare parts
SEV2-00021,Spare parts
SEV2-00020,Spare parts
SEV2-00019,Spare parts
SEV2-00018,Spare parts
SEV2-00017,Spare parts
CAM2-S09008,Spare parts
CAM2-S09007,Spare parts
CAM2-S09006,Spare parts
CAM2-ADCRCT4-401,Spare parts
CAM2-ADCRCT4-110,Spare parts
CAM2-ADCD33-401,Spare parts
BER2-00008,Spare parts
APW2-1486500,Spare parts
SIR2-GM5946390,Spare parts
SIR1-TOPAZ250,Products
JTA1-LFH-900S,Products
JTA1-RB-2,Products
JTA1-RGT-48,Products
JTA1-DE-1,Products
JTA1-AT-937,Products
JTA1-GH-760,Products
JTA1-GH-813EA,Products
JTA1-DE-2,Products
JTA1-JZH-RT,Products
JTA1-JZH-HP-4,Products
JTA1-JZH-TM-12,Products
JTA1-GH-820,Products
JTA1-REB-03,Products
JTA1-JUS-RQ-4,Products
JTA1-EF-12L,Products
JTA1-JZH-RA-4,Products
JTA1-LFB-2S,Products
JTA1-JUS-TQ-4,Products
JTA1-REB-02,Products
JTA1-GH-822,Products
JTA1-DE-1-A,Products
JTA1-RB-4,Products
JTA1-QR-36,Products
JTA1-RGT-36,Products
JTA1-RGT-24,Products
JTA1-S36,Products
JTA1-EF-8L,Products
JTA1-EP-2-1,Products
JTA1-JZH-RM-12,Products
JTA1-JUS-RQ-6,Products
JTA1-QR-24,Products
JTA1-S24-2,Products
JTA1-LFP-900S,Products
JTA1-LFP-600S,Products
JTA1-JZH-RQ-6,Products
JTA1-JZH-RC-1,Products
JTA1-JUS-TRH60,Products
JTA1-YXD-4A,Products
JTA1-TT-300,Products
JTA1-TT-150,Products
JTA1-GH-813C,Products
JTA1-GH-813B,Products
JTA1-EF-T,Products
JTA1-EF-4L-2,Products
JTA1-EF-4L,Products
JTA1-EF-11L-2,Products
JTA1-GH-811EA,Products
JTA1-LFP-400S,Products
JTA1-JZH-RQ-4,Products
PIM1-COMBI611B,Products
PIM1-COMBI1011B,Products
PIM1-COMBI611,Products
ROE2-89535,Spare parts
ZNS2-005933,Spare parts
SIR2-MSC04N116,Spare parts
SIR2-49560030,Spare parts
SIR2-49530020.17,Spare parts
SIR2-29700150,Spare parts
SIR2-19510372,Spare parts
SEV2-W500XL2040,Spare parts
SEV2-W500L2000,Spare parts
SEV2-W500L1920,Spare parts
SEV2-UCP207-35,Spare parts
SEV2-UCP205-100DI,Spare parts
SEV2-UC-206,Spare parts
SEV2-S-RB-S-8,Spare parts
SEV2-S-RB-F-8,Spare parts
SEV2-S-RB-F-6,Spare parts
SEV2-SEAL,Spare parts
SEV2-SC20-30-7,Spare parts
SEV2-SA16-5-2-61061B03,Spare parts
SEV2-RL7012-SZ,Spare parts
SEV2-R404A,Spare parts
SEV2-R134A,Spare parts
SEV2-PE39080-00,Spare parts
SEV2-N550-10,Spare parts
SEV2-MDYA-60,Spare parts
SEV2-LV4403B4,Spare parts
SEV2-LE1-M35Q714,Spare parts
SEV2-KG316T-II,Spare parts
SEV2-KB10,Spare parts
SEV2-FRN002C2S-7A,Spare parts
SEV2-FH2588-SY,Spare parts
SEV2-D-03,Spare parts
SEV2-CS-42,Spare parts
SEV2-CS-41,Spare parts
SEV2-CS-40,Spare parts
SEV2-C-40,Spare parts
SEV2-6204RZ,Spare parts
SEV2-6202-VA201,Spare parts
SEV2-6200Z,Spare parts
SEV2-60128010,Spare parts
SEV2-41063,Spare parts
SEV2-30205,Spare parts
SEV2-176,Spare parts
SEV2-1535610,Spare parts
SEV2-00327,Spare parts
SEV2-00268,Spare parts
SEV2-00263,Spare parts
SEV2-00256,Spare parts
SEV2-00227,Spare parts
SEV2-00215,Spare parts
SEV2-00214,Spare parts
SEV2-00212,Spare parts
SEV2-00211,Spare parts
SEV2-00210,Spare parts
SEV2-00209,Spare parts
SEV2-00203,Spare parts
SEV2-00201,Spare parts
SEV2-00200,Spare parts
SEV2-00193,Spare parts
SEV2-00192,Spare parts
SEV2-00191,Spare parts
SEV2-00190,Spare parts
SEV2-00187,Spare parts
SEV2-00186,Spare parts
SEV2-00185,Spare parts
SEV2-00184,Spare parts
SEV2-00183,Spare parts
SEV2-00182,Spare parts
SEV2-00180,Spare parts
SEV2-00179,Spare parts
SEV2-00177,Spare parts
SEV2-00175,Spare parts
SEV2-00170,Spare parts
SEV2-00169,Spare parts
SEV2-00168,Spare parts
SEV2-00167,Spare parts
SEV2-00166,Spare parts
SEV2-00165,Spare parts
SEV2-00164,Spare parts
SEV2-00162,Spare parts
SEV2-00161,Spare parts
SEV2-00160,Spare parts
SEV2-00159,Spare parts
SEV2-00157,Spare parts
SEV2-00156,Spare parts
SEV2-00152,Spare parts
SEV2-00151,Spare parts
SEV2-00150,Spare parts
SEV2-00148,Spare parts
SEV2-00146,Spare parts
SEV2-00145,Spare parts
SEV2-00143,Spare parts
SEV2-00142,Spare parts
SEV2-00141,Spare parts
SEV2-00140,Spare parts
SEV2-00136,Spare parts
SEV2-00135,Spare parts
SEV2-00134,Spare parts
SEV2-00133,Spare parts
REF2-00035,Spare parts
TBA2-K2F9700100,Spare parts
SIR2-MSC09V286,Spare parts
SIR2-MSC04N072.22,Spare parts
SIR2-LF21320FUP-7,Spare parts
SIR2-LF2035888,Spare parts
SIR2-LF2032822,Spare parts
SIR2-LF2032821,Spare parts
SIR2-LF2031406,Spare parts
SIR2-LF1530045I2,Spare parts
SIR2-LF1530030I2,Spare parts
SIR2-IW1471240425,Spare parts
SIR2-IW1071240512,Spare parts
SIR2-IB4004120,Spare parts
SIR2-FC99004029,Spare parts
SIR2-19801260UN,Spare parts
SIR2-19702100.16,Spare parts
SEV2-FDF2A65,Spare parts
SEV2-00341,Spare parts
SEV2-00340,Spare parts
SEV2-00285,Spare parts
SAN2-70712,Spare parts
SAN2-53345,Spare parts
SAN2-38200,Spare parts
ROL2-A19013,Spare parts
PMF2-3R010070,Spare parts
PMF2-3R010030,Spare parts
PMF2-3A010054,Spare parts
PMF2-3A010024,Spare parts
PIM2-MS300T-044,Spare parts
PIM2-MINI-IB250-BL190E-19,Spare parts
PIM2-MINI-IB250-BL190E-18,Spare parts
PIM2-MINI-IB220-BL160E-21,Spare parts
PIM2-MINI-IB220-BL160E-19,Spare parts
PIM2-MINI-IB220-BL160E-17,Spare parts
PIM2-MINI-IB220-BL160E-16,Spare parts
PIM2-MINI-IB220-BL160E-15,Spare parts
PIM2-MINI-IB220-BL160E-14,Spare parts
PIM2-MINI-IB220-BL160E-13,Spare parts
PIM2-MINI-IB220-BL160E-12,Spare parts
PIM2-MINI-IB220-BL160E-11,Spare parts
PIM2-HCL807-1-RACK-R,Spare parts
PIM2-HCL807-1-RACK-L,Spare parts
PIM2-910010065,Spare parts
PIM2-70101100528+70101103900,Spare parts
PIM2-70100200346,Spare parts
NTS2-CD-6L-01-HINGE,Spare parts
NTS2-CD-1135-4L2-HFH,Spare parts
LKK2-IND500T-7,Spare parts
LKK2-IND350T-7,Spare parts
HAM2-990342900,Spare parts
HAM2-990342800,Spare parts
COG2-136029,Spare parts
COG2-136028,Spare parts
HAT1-RMB-3-TI,Products
HAT1-DL-725RL-ANTIQUE-COP,Products
HAT1-RHW2-2,Products
HAT1-CWBR-S1,Products
ROB1-UDB10VP,Products
SIR1-W8-TOP-40-BX,Products
SIR1-EASYVAC25,Products
PIT2-60203001-CL,Spare parts
LKK2-IND350S-9,Spare parts
TOP1-9810,Products
NTS1-WT-SMALL,Products
NTS1-WT-MEDIUM,Products
NTS1-SN5792,Products
NTS1-SN4958,Products
NTS1-SN4956,Products
NTS1-SN4955,Products
NTS1-SN4954,Products
NTS1-SN4953,Products
NTS1-SN4951,Products
NTS1-SN4312,Products
PIM1-PMG-40L-WH,Products
NTS1-RFD-SS6L,Products
ROE2-27370,Spare parts
VRM1-AR5-M005-8006Z,Products
VRM1-AR5-M005-8005Z,Products
VRM1-AR5-M005-8003Z,Products
VRM1-AR5-M005-8001Z,Products
PMF1-TRAYS-66L,Products
LTE1-N4080,Products
LTE1-N4083X,Products
LTE1-ID4002,Products
LTE1-ID4015,Products
LTE1-N000-PAPPARDELLE,Products
LTE1-N000-LINGUINE,Products
LTE1-N000-SPAGETTY,Products
LTE1-X3,Products
LTE1-R400-C,Products
LTE1-E0019,Products
LTE1-E0010,Products
PUJ1-358.306,Products
PUJ1-358.305,Products
PUJ1-358.304,Products
PUJ1-358.301,Products
PUJ1-215.000,Products
PUJ1-124.040,Products
PUJ1-118.324,Products
PUJ1-110.201,Products
ROE2-89676,Spare parts
BER1-BS2DU-F-Z-L(770),Products
TS1-B-536,Products
TS1-B-1121,Products
TS1-B-1115,Products
TS1-B-0212,Products
LIN1-SBG,Products
ZAN1-T2-POLIS-MC28,Products
ZAN1-T-POLIS-PW2S-CL-2MC,Products
RTN1-ICOMBI-CLASSIC-10-E,Products
RTN1-ICOMBI-CLASSIC-20-E,Products
KIT1-KPSA,Products
HAT1-RHW-1R,Products
HAT1-RCTHW-4QT,Products
HAT1-FSDT-2X,Products
HAT1-FDWD-1,Products
PIM2-CF-SSC,Spare parts
PMF2-5T010001,Spare parts
BER2-BR-HEX-R,Spare parts
HAM2-83249900500,Spare parts
BER2-BR-HEX-L,Spare parts
SIR2-IW1471240010,Spare parts
ZNS2-049620,Spare parts
PIM1-ESK-10L-AL,Products
PIT2-P6072145,Spare parts
ROL2-B07024,Spare parts
CAM1-TGA8-148,Products
CAM1-TGA11-148,Products
NTS1-PM455305-1,Products
NTS1-PM330460-1,Products
NTS1-PM300450-17BS,Products
NTS1-PM300450-17,Products
,
,
PIM2-TC22-16,Spare parts
PIM2-PFB14-FBS,Spare parts
HAT2-R05.03.007A.00,Spare parts
PIM2-TC12-7,Spare parts
ETF2-HC150878,Spare parts
ROL1-ELR-5-XL,Products
PIM1-EDO3-60CS,Products
ROE2-89289,Spare parts
ROE2-89224,Spare parts
ROE2-117186S,Spare parts
LKK2-EPZ6-28,Spare parts
PIM1-RGT-48-G,Products
ROL2-H01076,Spare parts
PIM1-SPOV-4L,Products
PIM1-TC-12,Products
PIM1-DR520-TT,Products
SIR2-IB5256500,Spare parts
PIM1-MINI-IB250-BL190E,Products
PIM1-IMB450-450W-BL350N,Products
PIM1-SPOV-17L,Products
PIM1-HHC-2D,Products
PIM1-HHC-1D,Products
PIM1-CO-E3217-GS,Products
PIM1-BRIC1408-2D,Products
PIM1-BRIC807-1D,Products
PIM1-SAU-WAR-2T,Products
PIM1-SAU-WAR-1T,Products
PIM1-DR520-TT-SA,Products
PIM1-DR350-TT-SA,Products
PIM1-PMG-30L-WH,Products
PIM1-SM-30L,Products
PIM1-SM-50L,Products
PIM1-SM-40L,Products
RON1-SSO615.AO,Products
RON1-SSO6405.DO,Products
PIM2-70101200282,Spare parts
PIM2-70100403873,Spare parts
PIM2-70100403891,Spare parts
PIM2-70201102237,Spare parts
PIM1-DM-16L,Products
PIM2-70201001437L,Spare parts
SIR2-LF2007006,Spare parts
SIR2-IX26885A050520,Spare parts
SIR2-GM1926000,Spare parts
NTS1-HL-400A1-RD,Products
NTS1-HL-300A1-GY,Products
CTX2-69649,Spare parts
MID2-23052-0007,Spare parts
CTX2-34080,Spare parts
CTX2-7608516,Spare parts
CTX2-3100335,Spare parts
CTX2-7610287S,Spare parts
CTX2-3006034,Spare parts
CTX2-7610250,Spare parts
MID2-57476,Spare parts
MID2-M1118,Spare parts
MID2-35000-1080,Spare parts
MID2-22140-0012TH,Spare parts
MID2-22034-0003,Spare parts
MID2-21296-0005,Spare parts
MID2-37020,Spare parts
MID2-70852-NEW,Spare parts
NTS1-HLCS3-SSG,Products
NTS1-HLCR3C-W-OH,Products
NTS1-CSTR-27,Products
NTS1-CSTR-18,Products
NTS1-LAD-W6,Products
NTS1-CHH-900,Products
NTS1-ICED-S1,Products
NTS1-CSTRW-6,Products
NTS1-CHH-300,Products
NTS1-CSTRW-7,Products
NTS1-CSTR-24,Products
NTS1-CSTR-20,Products
NTS1-CHH-1200,Products
NTS1-BTO-10,Products
NTS1-CHH-400,Products
NTS1-LAD-W8,Products
NTS1-ICED-L5,Products
NTS1-LAD-W2,Products
NTS1-ICED-L6,Products
NTS1-DRED-P1,Products
NTS1-DRED-M3,Products
NTS1-DRED-FP3,Products
NTS1-CSTRW-8,Products
NTS1-CHH-600,Products
NTS1-CHH-500,Products
NTS1-CD-SS2H,Products
NTS1-CSTR-30,Products
MID2-33363,Spare parts
NTS1-MOP-CL12,Products
NTS1-DS1610179,Products
NTS1-GN1165P-SM,Products
NTS1-SKS-SS11GN,Products
HAM1-HCO500,Products
SIR1-11003003,Products
SAN2-70240,Spare parts
SAN2-66254,Spare parts
SAN2-65615,Spare parts
SAN2-65396,Spare parts
SAN2-65264,Spare parts
SAN2-65111,Spare parts
SAN2-62394,Spare parts
SAN2-62393,Spare parts
SAN2-62392,Spare parts
SAN2-62332F,Spare parts
SAN2-54250,Spare parts
SAN2-53531,Spare parts
SAN2-53316,Spare parts
SAN2-52532,Spare parts
SAN2-52500,Spare parts
SAN2-52420,Spare parts
SAN2-50860,Spare parts
SAN2-50720,Spare parts
SAN2-50600,Spare parts
SAN2-50410,Spare parts
SAN2-38418,Spare parts
SAN2-38411,Spare parts
SAN2-38407,Spare parts
SAN2-38406,Spare parts
SAN2-38405,Spare parts
SAN2-38402,Spare parts
SAN2-38300,Spare parts
SAN2-38102,Spare parts
SAN2-38101,Spare parts
SAN2-37625,Spare parts
SAN2-37618,Spare parts
SAN2-37615,Spare parts
SAN2-37165,Spare parts
SAN2-33145,Spare parts
SAN2-33123,Spare parts
SAN2-2P,Spare parts
SAN2-28400,Spare parts
SAN2-11410,Spare parts
SAN2-10907,Spare parts
SAN2-02201GD,Spare parts
SAN2-02201FD,Spare parts
SAN2-02201ED,Spare parts
SAN2-02201CD,Spare parts
SAN2-02201AD,Spare parts
ROE2-89613,Spare parts
ROE2-89574,Spare parts
ROE2-89571,Spare parts
ROE2-89235,Spare parts
ROE2-89219,Spare parts
ROE2-89216,Spare parts
ROE2-89215,Spare parts
ROE2-89201,Spare parts
ROE2-89193,Spare parts
ROE2-89185,Spare parts
ROE2-89154,Spare parts
ROE2-89091,Spare parts
ROE2-89077,Spare parts
ROE2-59614,Spare parts
ROE2-59613,Spare parts
ROE2-59611,Spare parts
ROE2-59596,Spare parts
ROE2-59591,Spare parts
ROE2-59583,Spare parts
ROE2-59582,Spare parts
ROE2-59573,Spare parts
ROE2-59567,Spare parts
ROE2-59559,Spare parts
ROE2-59552,Spare parts
ROE2-59547,Spare parts
ROE2-59546,Spare parts
ROE2-59539,Spare parts
ROE2-59535,Spare parts
ROE2-59530,Spare parts
ROE2-59527,Spare parts
ROE2-59498,Spare parts
ROE2-59496,Spare parts
ROE2-59495,Spare parts
ROE2-59460,Spare parts
ROE2-59459,Spare parts
ROE2-59458,Spare parts
ROE2-59436,Spare parts
ROE2-59378,Spare parts
ROE2-59377,Spare parts
ROE2-59360,Spare parts
ROE2-59358,Spare parts
ROE2-59347,Spare parts
ROE2-59340,Spare parts
ROE2-59311,Spare parts
ROE2-59279,Spare parts
ROE2-59278,Spare parts
ROE2-59007,Spare parts
ROE2-57084,Spare parts
ROE2-57082,Spare parts
ROE2-57081,Spare parts
ROE2-507901S,Spare parts
ROE2-507168S,Spare parts
ROE2-503129,Spare parts
ROE2-502768S,Spare parts
ROE2-502639,Spare parts
ROE2-502508,Spare parts
ROE2-502443,Spare parts
ROE2-501270S,Spare parts
ROE2-500901S,Spare parts
ROE2-49484,Spare parts
ROE2-49474,Spare parts
ROE2-49454,Spare parts
ROE2-49453,Spare parts
ROE2-49448,Spare parts
ROE2-49257,Spare parts
ROE2-49095,Spare parts
ROE2-49000,Spare parts
ROE2-39997,Spare parts
ROE2-39888,Spare parts
ROE2-39829,Spare parts
ROE2-39819,Spare parts
ROE2-39759,Spare parts
ROE2-39703,Spare parts
ROE2-39702,Spare parts
ROE2-39700,Spare parts
ROE2-39695,Spare parts
ROE2-39506,Spare parts
ROE2-39235,Spare parts
ROE2-39228,Spare parts
ROE2-39142,Spare parts
ROE2-303250S,Spare parts
ROE2-303146S,Spare parts
ROE2-303103S,Spare parts
ROE2-303080S,Spare parts
ROE2-303064S,Spare parts
ROE2-301068S,Spare parts
ROE2-29633,Spare parts
ROE2-28369,Spare parts
ROE2-28133W,Spare parts
ROE2-28132W,Spare parts
ROE2-28131W,Spare parts
ROE2-28130W,Spare parts
ROE2-28129W,Spare parts
ROE2-28122,Spare parts
ROE2-28121,Spare parts
ROE2-28120,Spare parts
ROE2-28119,Spare parts
ROE2-28118,Spare parts
ROE2-28117,Spare parts
ROE2-27700,Spare parts
ROE2-27621,Spare parts
ROE2-27454,Spare parts
ROE2-27324,Spare parts
ROE2-27305,Spare parts
ROE2-27304,Spare parts
ROE2-27201,Spare parts
ROE2-27114W,Spare parts
ROE2-27113W,Spare parts
ROE2-121847,Spare parts
ROE2-119132S,Spare parts
ROE2-118298S,Spare parts
ROE2-118297S,Spare parts
ROE2-118287S,Spare parts
ROE2-118257S,Spare parts
ROE2-118255S,Spare parts
ROE2-118243S,Spare parts
ROE2-118205S,Spare parts
ROE2-118204S,Spare parts
ROE2-118175S,Spare parts
ROE2-118153S,Spare parts
ROE2-117952S,Spare parts
ROE2-117466S,Spare parts
ROE2-117465S,Spare parts
ROE2-117225S,Spare parts
ROE2-104918S,Spare parts
ROE2-104147,Spare parts
ROE2-101802S,Spare parts
ROE2-101801S,Spare parts
ROE2-101800S,Spare parts
ROE2-101195S,Spare parts
ROE2-101097S,Spare parts
ROE2-100792S,Spare parts
PIM1-MG12,Products
JTA1-S24,Products
OCG1-1503F06,Products
OCG1-1B00414,Products
OCG1-1B00409,Products
OCG1-1B00406,Products
OCG1-1B00322,Products
OCG1-1P04261,Products
ROB2-TS0028,Spare parts
ROB2-TS0005,Spare parts
ROB2-TC0055,Spare parts
ROB2-MS0583,Spare parts
ROB2-HC0048,Spare parts
ROB2-ES0265,Spare parts
ROB2-ES0371,Spare parts
ROB2-ES0264,Spare parts
ROB2-ES0007,Spare parts
ROB2-PS0146,Spare parts
LKK2-THERMOSTAT(WF),Spare parts
LKK2-SAFETY,Spare parts
NTS2-VP-07,Spare parts
NTS2-HL-009,Spare parts
NTS2-HL-012,Spare parts
NTS2-NVP-06,Spare parts
SIR2-MSC04N020,Spare parts
SIR2-MSC04N002,Spare parts
ROB2-VS0344,Spare parts
ROB2-HC0169T,Spare parts
ROB2-HC0168T,Spare parts
ROB2-TC0024,Spare parts
ROB2-MC0697,Spare parts
ROB2-EC0010,Spare parts
ROB2-MC0844,Spare parts
ROB2-ES0197,Spare parts
ROB2-MC1025,Spare parts
ROB2-MC0845,Spare parts
ROB2-EC0031,Spare parts
ROB2-EC0274,Spare parts
ROB2-EC0273,Spare parts
ROB2-DC0117,Spare parts
ROB2-DC0116,Spare parts
ZNS2-0L4797,Spare parts
ZNS2-0C7484,Spare parts
ZNS2-0C7425,Spare parts
ZNS2-0C3638,Spare parts
ZNS2-0C0230,Spare parts
ZNS2-0C0124,Spare parts
ZNS2-059235,Spare parts
ZNS2-058875,Spare parts
ZNS2-020094,Spare parts
ZNS2-005965,Spare parts
ZNS2-005927,Spare parts
WES2-KA36FT02401BK,Spare parts
TOP2-MS-98-SW-004,Spare parts
TOP2-30600181,Spare parts
TOP2-30600180,Spare parts
TOP2-30100354,Spare parts
TBC2-FRE-3013,Spare parts
TBC2-FRE-3007,Spare parts
TBC2-FRE-3005,Spare parts
TBC2-FRE-3003,Spare parts
TBC2-FRE-3002,Spare parts
TBC2-FRE-3001,Spare parts
TBC2-FRE-1193,Spare parts
TBC2-FRE-1176,Spare parts
TBC2-FRE-1162,Spare parts
TBC2-FRE-1150,Spare parts
TBC2-FRE-1060,Spare parts
TBC2-FRE-1046,Spare parts
TBC2-CON-3027,Spare parts
TBC2-100087,Spare parts
TBA2-TA7A990050,Spare parts
TBA2-T10AAE0010-CURTAIN,Spare parts
TBA2-T07K001000,Spare parts
TBA2-T07AAE0010-CURTAIN,Spare parts
TBA2-T07A990060,Spare parts
TBA2-T07A990011,Spare parts
TBA2-T07A360020,Spare parts
TBA2-T05AAE0011-CURTAIN,Spare parts
TBA2-T05A360020,Spare parts
TBA2-M724400605,Spare parts
TBA2-G8F5000100,Spare parts
TBA2-AE2425ZK00,Spare parts
SKP2-PM021S0020,Spare parts
SKP2-PM021S0010,Spare parts
SIR2-LF102906001,Spare parts
SIR2-IX2POEL005010,Spare parts
SIR2-IX2913010050,Spare parts
SIR2-IX2912008020,Spare parts
SIR2-IX20007003014,Spare parts
SIR2-IW2071240069,Spare parts
SIR2-IW2071230545A,Spare parts
SIR2-IW1471220425,Spare parts
SIR2-IW1071240340,Spare parts
SIR2-IW1071240325A,Spare parts
SIR2-IW1071240320,Spare parts
SIR2-IGS701233,Spare parts
SIR2-IGS701213,Spare parts
SIR2-IGS112023,Spare parts
SIR2-IB9866006,Spare parts
SIR2-IB5944028,Spare parts
SIR2-IB5942012,Spare parts
SIR2-IB5824003,Spare parts
SIR2-IB4200705,Spare parts
SIR2-IB4104200,Spare parts
SIR2-IB4024006,Spare parts
SIR2-GM8153830,Spare parts
SIR2-GM5946420,Spare parts
SIR2-GM5866125,Spare parts
SIR2-GM5826125,Spare parts
SIR2-GM2486520,Spare parts
SIR2-FC99004057,Spare parts
SIR2-FC99004030,Spare parts
SIR2-49530030.17,Spare parts
SIR2-49414071C,Spare parts
SIR2-19700170,Spare parts
SIR2-19563795UN,Spare parts
SIR2-19563558,Spare parts
SIR2-19563131,Spare parts
SIR2-19562808N,Spare parts
SIR2-19562802,Spare parts
SIR2-19541725,Spare parts
SIR2-19541715VU,Spare parts
SIR2-19541520,Spare parts
SIR2-19540107,Spare parts
SIR2-19538864,Spare parts
SIR2-19534043,Spare parts
SIR2-19534040,Spare parts
SIR2-19534025,Spare parts
SIR2-19533964,Spare parts
SIR2-19533795UN,Spare parts
SIR2-19531303UN,Spare parts
SIR2-19530865,Spare parts
SIR2-19530864P,Spare parts
SIR2-19530807,Spare parts
SIR2-19530760,Spare parts
SIR2-19530607,Spare parts
SIR2-19530460UN,Spare parts
SIR2-19530422,Spare parts
SIR2-19529160UNC,Spare parts
SIR2-19526064,Spare parts
SIR2-19525071UN,Spare parts
SIR2-19525070UN,Spare parts
SIR2-19522639.12,Spare parts
SIR2-19521122,Spare parts
SIR2-19513064.15,Spare parts
SIR2-19511817UN,Spare parts
SIR2-19511760UN,Spare parts
SIR2-19510662A,Spare parts
SIR2-19510460UN,Spare parts
SIR2-19510453P,Spare parts
SIR2-19510419.11,Spare parts
SIR2-19411000.12,Spare parts
SIR2-19410135.1,Spare parts
SIR2-19401580,Spare parts
SIR2-19390206,Spare parts
SIR2-19365010,Spare parts
SIR2-19337054,Spare parts
SIR2-19324113,Spare parts
SIR2-19300207,Spare parts
SIR2-19300107N,Spare parts
SEV2-UCP205-25,Spare parts
SEV2-STL-SL3001,Spare parts
SEV2-S-RB-S-6,Spare parts
SEV2-QUICK-COUPLE,Spare parts
SEV2-LEG-CAMP,Spare parts
SEV2-LC1-D18B7,Spare parts
SEV2-KB8,Spare parts
SEV2-KB7,Spare parts
SEV2-FUSE-5A,Spare parts
SEV2-FUSE-3A,Spare parts
SEV2-D-16,Spare parts
SEV2-D-15,Spare parts
SEV2-BX65,Spare parts
SEV2-88-106MFD(G),Spare parts
SEV2-6200RS,Spare parts
SEV2-3ARR3U13AS2,Spare parts
SEV2-36-43MFD(G),Spare parts
SEV2-12UF400-450-500VAC,Spare parts
SEV2-00323,Spare parts
SEV2-00320,Spare parts
SEV2-00288,Spare parts
SEV2-00281,Spare parts
SEV2-00260,Spare parts
SEV2-00234,Spare parts
SEV2-00226,Spare parts
SEV2-00225,Spare parts
SEV2-00181,Spare parts
SEV2-00176,Spare parts
SEV2-00172,Spare parts
SEV2-00171,Spare parts
SEV2-00163,Spare parts
SEV2-00158,Spare parts
SEV2-00155,Spare parts
SEV2-00149,Spare parts
SEV2-00147,Spare parts
SEV2-00144,Spare parts
SEV2-00126,Spare parts
SEV2-00122,Spare parts
SEV2-00109,Spare parts
SEV2-00107,Spare parts
SEV2-00106,Spare parts
SEV2-00102,Spare parts
SEV2-00100,Spare parts
SEV2-00097,Spare parts
SEV2-00094,Spare parts
SEV2-00092,Spare parts
SEV2-00081,Spare parts
SEV2-00059,Spare parts
SEV2-00049,Spare parts
SEV2-00046,Spare parts
SEV2-00041,Spare parts
SEV2-00036,Spare parts
SEV2-00032,Spare parts
SEV2-00025,Spare parts
SEV2-00024,Spare parts
SEV2-00016,Spare parts
SEV2-00015,Spare parts
SEV2-00012,Spare parts
SEV2-00011,Spare parts
SAN2-66431,Spare parts
SAN2-66430,Spare parts
SAN2-66411,Spare parts
SAN2-66312,Spare parts
SAN2-66311,Spare parts
SAN2-66310,Spare parts
SAN2-66260,Spare parts
SAN2-66255,Spare parts
SAN2-66241,Spare parts
SAN2-66230,Spare parts
SAN2-66110,Spare parts
SAN2-66106,Spare parts
SAN2-66105,Spare parts
SAN2-66104,Spare parts
SAN2-66100,Spare parts
SAN2-10906,Spare parts
SAN2-10726,Spare parts
SAN2-10505,Spare parts
SAN2-10504,Spare parts
SAN2-10301,Spare parts
SAN2-10103,Spare parts
SAN2-02201AG,Spare parts
SAN2-01435,Spare parts
SAN2-01419,Spare parts
SAN2-01202,Spare parts
ROL2-E02289,Spare parts
ROL2-E02288,Spare parts
ROL2-E02287,Spare parts
ROE2-89225,Spare parts
ROE2-89223,Spare parts
ROE2-89217,Spare parts
ROE2-89214,Spare parts
ROE2-89213,Spare parts
ROE2-89211,Spare parts
ROE2-59435,Spare parts
ROE2-59388,Spare parts
ROE2-59317,Spare parts
ROE2-59314,Spare parts
ROE2-59310,Spare parts
ROE2-59294,Spare parts
ROE2-510217S,Spare parts
ROE2-504728,Spare parts
ROE2-504702,Spare parts
ROE2-503362S,Spare parts
ROE2-49435,Spare parts
ROE2-39886,Spare parts
ROE2-129451S,Spare parts
ROE2-104935S,Spare parts
ROB2-MC0935,Spare parts
RJ2-GPH436T5L,Spare parts
RAN2-34200293,Spare parts
RAN2-34040107,Spare parts
RAN2-34020111,Spare parts
PMF2-5T020008,Spare parts
PMF2-5R050460,Spare parts
PMF2-5P110005,Spare parts
PMF2-5I100031,Spare parts
PMF2-5C150006,Spare parts
PMF2-4T060050,Spare parts
PMF2-4P100031,Spare parts
PIT2-P6071356,Spare parts
PIT2-P6071353,Spare parts
PIT2-P6071309,Spare parts
PIT2-1850401,Spare parts
PIM2-MS300T-047,Spare parts
PIM2-MS275T-047,Spare parts
PIM2-MS250T-047,Spare parts
PIM2-MS220T-047,Spare parts
PIM2-MS-041-300T,Spare parts
PIM2-IM-50SC-031,Spare parts
PIM2-IM-50SC-030,Spare parts
PIM2-IM-50SC-024,Spare parts
PIM2-IM-50SC-023,Spare parts
PIM2-IM-50SC-018,Spare parts
PIM2-IM-50SC-014,Spare parts
PIM2-IM-50SC-011,Spare parts
PIM2-IM-50SC-010,Spare parts
PIM2-IM-50SC-009,Spare parts
PIM2-IM-50SC-006,Spare parts
PIM2-IM-50SC-004,Spare parts
PIM2-IM-50SC-001,Spare parts
PIM2-GDO-019,Spare parts
PIM2-GDO-018,Spare parts
PIM2-EWB25B-34,Spare parts
PIM2-EWB25B-32,Spare parts
PIM2-EWB25B-18,Spare parts
PIM2-EWB25B-17,Spare parts
PIM2-EWB25B-05,Spare parts
PIM2-EWB16B25B-TAPHANDLE,Spare parts
PIM2-EWB16B25B-TAPBODY,Spare parts
PIM2-EWB16B25B-40,Spare parts
PIM2-EWB16B25B-38,Spare parts
PIM2-EWB16B25B-37,Spare parts
PIM2-EWB16B25B-36,Spare parts
PIM2-EWB16B25B-35,Spare parts
PIM2-EWB16B25B-31,Spare parts
PIM2-EWB16B25B-30,Spare parts
PIM2-EWB16B25B-29,Spare parts
PIM2-EWB16B25B-16&19,Spare parts
PIM2-EWB16B25B-15,Spare parts
PIM2-EWB16B25B-14,Spare parts
PIM2-EWB16B25B-12,Spare parts
PIM2-EWB16B25B-11,Spare parts
PIM2-EWB16B25B-09,Spare parts
PIM2-EWB16B25B-06,Spare parts
PIM2-EWB16B25B-04,Spare parts
PIM2-EWB16B25B-03,Spare parts
PIM2-EWB16B25B-02,Spare parts
PIM2-EWB16B25B-01,Spare parts
PIM2-EWB16B-34,Spare parts
PIM2-EWB16B-32,Spare parts
PIM2-EWB16B-18,Spare parts
PIM2-EWB16B-17,Spare parts
PIM2-EWB16B-05,Spare parts
PIM2-ECM13-TAPHANDLE,Spare parts
PIM2-ECM13-TAPBODY,Spare parts
PIM2-ECM13-33,Spare parts
PIM2-ECM13-31,Spare parts
PIM2-ECM13-30,Spare parts
PIM2-ECM13-28,Spare parts
PIM2-ECM13-23,Spare parts
PIM2-ECM13-22,Spare parts
PIM2-ECM13-20,Spare parts
PIM2-ECM13-18.3,Spare parts
PIM2-ECM13-18.2,Spare parts
PIM2-ECM13-18,Spare parts
PIM2-ECM13-14.1,Spare parts
PIM2-ECM13-13.1,Spare parts
PIM2-ECM13-12.1,Spare parts
PIM2-ECM13-11,Spare parts
PIM2-ECM13-1.5,Spare parts
PIM2-ECM13-1.4,Spare parts
PIM2-ECM13-1.2,Spare parts
PIM2-ECM13-1.1,Spare parts
PIM2-ECM13-09,Spare parts
PIM2-ECM13-05,Spare parts
PIM2-ECM13-01,Spare parts
PIM2-DR520-BR001,Spare parts
PIM2-DR520-090,Spare parts
PIM2-DAC1100W-FRH,Spare parts
PIM2-DAC1100W-DEH,Spare parts
PIM2-DAC-MD,Spare parts
PIM2-DAC-FMSET,Spare parts
PIM2-DAC-CPS,Spare parts
PIM2-COMBI-MP-611,Spare parts
PIM2-COMBI-MP-523,Spare parts
PIM2-COMBI-MP-1011,Spare parts
PIM2-8536508008,Spare parts
PIM2-801003010002,Spare parts
PIM2-7320208508,Spare parts
PIM2-70202021846L,Spare parts
PIM2-70201101582,Spare parts
PIM2-70200900273,Spare parts
PIM2-70101300055,Spare parts
PIM2-70101300046,Spare parts
PIM2-70101100464,Spare parts
PIM2-70101100091,Spare parts
PIM2-70101002073L,Spare parts
PIM2-70101000028,Spare parts
PIM2-70100401900,Spare parts
PIM2-70100300819,Spare parts
PIM2-70100300200,Spare parts
PIM2-302220058,Spare parts
PIM2-302110090,Spare parts
PIM2-302100023,Spare parts
PIM2-302100019,Spare parts
PIM2-302090022,Spare parts
PIM2-302070057,Spare parts
PIM2-302040266,Spare parts
PIM2-302040263,Spare parts
PIM2-301110138,Spare parts
PIM2-301030035,Spare parts
PIM2-301010169,Spare parts
PIM2-20207017018,Spare parts
PIM2-11040681405,Spare parts
PIM2-11040301302,Spare parts
PIM2-11040031014,Spare parts
PIM2-11030011010,Spare parts
PIM2-11023301546,Spare parts
PIM2-11023101703,Spare parts
PIM2-11023101549,Spare parts
PIM2-11023001460,Spare parts
PIM2-11023001397,Spare parts
PIM2-11023001360,Spare parts
PIM2-11023001016,Spare parts
PIM2-11021501852,Spare parts
PIM2-11021501801,Spare parts
PIM2-11021501308-450,Spare parts
PIM2-11021501308-320,Spare parts
PIM2-11021501308,Spare parts
PIM2-11021501305,Spare parts
PIM2-11020012164,Spare parts
PIM2-11020011451,Spare parts
PIM2-11014211020,Spare parts
PIM2-11014202023,Spare parts
PIM2-11014200110,Spare parts
PIM2-11012041312-450,Spare parts
PIM2-11012041312-320,Spare parts
NTS2-DC-PC16-KNOB,Spare parts
NTS2-DC-PC14-KNOB,Spare parts
NTS2-DC-PC10-KNOB,Spare parts
NTS2-CD-101-9L-SPS,Spare parts
NTS2-CD-101-9L-F,Spare parts
NTS2-CD-101-9L-D,Spare parts
NTS2-CD-101-9L-C,Spare parts
NTS2-CD-101-9L-A,Spare parts
MON2-1295-5,Spare parts
MBM2-RIC0005366,Spare parts
MBM2-A800000790,Spare parts
LKK2-MICRO-(OLD),Spare parts
LKK2-MICRO-(NEW),Spare parts
LKK2-IND350K-04-05,Spare parts
LKK2-IND300T-001-003,Spare parts
JTA2-20217031047,Spare parts
HAT2-R0209034,Spare parts
HAT2-0502011,Spare parts
HAT2-05.03.057.00,Spare parts
HAT2-02.12.158.00,Spare parts
HAT2-02.12.039.00,Spare parts
HAM2-990386500,Spare parts
HAM2-990386400,Spare parts
HAM2-990386200,Spare parts
HAM2-990386100,Spare parts
HAM2-990386000,Spare parts
HAM2-990333210,Spare parts
HAM2-990331700,Spare parts
HAM2-990331600,Spare parts
HAM2-990187500,Spare parts
HAM2-990126500,Spare parts
HAM2-6126-755R,Spare parts
COG2-K65502,Spare parts
BER2-VA-TXV-TS2-1,Spare parts
BER2-VA-TXV-02N-1,Spare parts
BER2-VA-K-V,Spare parts
BER2-VA-BV1-2,Spare parts
BER2-TM-XB590L,Spare parts
BER2-PI-B3-4X3-8,Spare parts
BER2-OP-KM234-S-G,Spare parts
BER2-IC-IK-SP,Spare parts
BER2-HT-378,Spare parts
BER2-GE-SGN10S-3-8,Spare parts
BER2-FE-CS-VDE69W,Spare parts
BER2-CM-THB4422,Spare parts
BER2-CM-THB4419,Spare parts
BER2-CM-SC21CLX,Spare parts
BER2-CM-SC15CLX,Spare parts
BER2-CM-NL11MF,Spare parts
BER2-CM-MPT14LA,Spare parts
BER2-CM-CAJ4492,Spare parts
BER2-CM-CAJ2464,Spare parts
BER2-CM-CAJ2446,Spare parts
BER2-CM-CAJ2432,Spare parts
BER2-CM-AEZ2415,Spare parts
BER2-CM-AEZ2411,Spare parts
BER2-CM-AE9440ES,Spare parts
BER2-CM-AE9430ES,Spare parts
BER2-CM-AE9422ES,Spare parts
BER2-CM-AE3448,Spare parts
BER2-CI-600,Spare parts
BER2-CD-BL-FZR,Spare parts
BER2-CC-BL-FZR-3MM,Spare parts
BER2-C-OPM10X1-2EK,Spare parts
BER2-C-GG2A,Spare parts
BER2-C-BSC03,Spare parts
BER2-C-BEC02,Spare parts
BER2-BR-MT6-N,Spare parts
BER2-BR-COVER,Spare parts
BER2-BR-201A-1,Spare parts
BER2-BK-13F-N-N-1,Spare parts
AMA2-R0150102,Spare parts
SEV2-00132,Spare parts
SEV2-00131,Spare parts
SEV2-00130,Spare parts
SEV2-00129,Spare parts
SEV2-00128,Spare parts
SEV2-00127,Spare parts
SEV2-00125,Spare parts
SEV2-00124,Spare parts
SEV2-00123,Spare parts
SEV2-00121,Spare parts
SEV2-00120,Spare parts
SEV2-00118,Spare parts
SEV2-00116,Spare parts
SEV2-00113,Spare parts
SEV2-00112,Spare parts
SEV2-00111,Spare parts
SEV2-00110,Spare parts
SEV2-00108,Spare parts
SEV2-00105,Spare parts
SEV2-00104,Spare parts
SEV2-00101,Spare parts
SEV2-00099,Spare parts
SEV2-00098,Spare parts
SEV2-00096,Spare parts
SEV2-00093,Spare parts
SEV2-00091,Spare parts
SEV2-00090,Spare parts
SEV2-00089,Spare parts
SEV2-00088,Spare parts
SEV2-00085,Spare parts
SEV2-00084,Spare parts
SEV2-00082,Spare parts
SEV2-00080,Spare parts
SEV2-00079,Spare parts
SEV2-00078,Spare parts
SEV2-00076,Spare parts
SEV2-00075,Spare parts
SEV2-00073,Spare parts
SEV2-00072,Spare parts
SEV2-00071,Spare parts
SEV2-00070,Spare parts
SEV2-00069,Spare parts
SEV2-00068,Spare parts
SEV2-00067,Spare parts
SEV2-00066,Spare parts
SEV2-00064,Spare parts
SEV2-00063,Spare parts
SEV2-00062,Spare parts
SEV2-00061,Spare parts
SEV2-00058,Spare parts
SEV2-00056,Spare parts
SEV2-00055,Spare parts
SEV2-00054,Spare parts
SEV2-00053,Spare parts
SEV2-00052,Spare parts
SEV2-00050,Spare parts
SEV2-00048,Spare parts
SEV2-00047,Spare parts
SEV2-00045,Spare parts
SEV2-00044,Spare parts
SEV2-00043,Spare parts
SEV2-00042,Spare parts
SEV2-00040,Spare parts
SEV2-00039,Spare parts
SEV2-00038,Spare parts
SEV2-00037,Spare parts
SEV2-00035,Spare parts
SEV2-00031,Spare parts
SEV2-00030,Spare parts
SEV2-00028,Spare parts
SEV2-00027,Spare parts
SEV2-00026,Spare parts
SEV2-00023,Spare parts
SEV2-00014,Spare parts
SEV2-00013,Spare parts
SEV2-00008,Spare parts
SEV2-00007,Spare parts
SEV2-00005,Spare parts
SEV2-00004,Spare parts
SEV2-00003,Spare parts
SEV2-00002,Spare parts
SEV2-00001,Spare parts
RTN2-87.01.770S,Spare parts
ROL2-H04082,Spare parts
ROE2-39675,Spare parts
ROE2-28402,Spare parts
ROE2-28391,Spare parts
ROE2-28011,Spare parts
ROE2-27288,Spare parts
ROE2-27286,Spare parts
ROE2-27234,Spare parts
RJ2-YYDFW-0.55,Spare parts
RIN2-AN1121,Spare parts
RIN2-AN1114,Spare parts
PMF2-5E200583,Spare parts
PMF2-5E200582,Spare parts
PIT2-PP10962,Spare parts
PIM2-EWB20-30-27-31,Spare parts
PIM2-DAC-CPSET,Spare parts
PIM2-801008005003,Spare parts
PIM2-70301216937,Spare parts
PIM2-70202021973L,Spare parts
PIM2-70202021837L,Spare parts
PIM2-70202021819L,Spare parts
PIM2-70202002273,Spare parts
PIM2-70202002264,Spare parts
PIM2-70201901600,Spare parts
PIM2-70200900237,Spare parts
PIM2-70200700664,Spare parts
PIM2-70200401328,Spare parts
PIM2-70200401319,Spare parts
PIM2-70101500037-05946L,Spare parts
PIM2-70100800682,Spare parts
PIM2-70100700564,Spare parts
PIM2-70100500137,Spare parts
PIM2-70100402500,Spare parts
PIM2-302070016,Spare parts
PIM2-302020055,Spare parts
PIM2-301130038,Spare parts
PIM2-301130015,Spare parts
PIM2-301130013,Spare parts
PIM2-301110037,Spare parts
PIM2-301110034,Spare parts
NTS2-CD-101-9L-B,Spare parts
MBM2-RTCU700366,Spare parts
MBM2-203480,Spare parts
MBM2-203478,Spare parts
LAS2-108245,Spare parts
LAC2-537068400,Spare parts
HAT2-02.05.766.00,Spare parts
HAM2-HMIS21,Spare parts
HAM2-HMIS18,Spare parts
HAM2-HMIS14,Spare parts
HAM2-9900314701,Spare parts
DAN2-SC18MLX,Spare parts
CRO2-9342-1,Spare parts
CRO2-9207-5,Spare parts
CRO2-9207-3,Spare parts
CRO2-9147-2,Spare parts
CRO2-4298-100,Spare parts
CRO2-3533-1,Spare parts
CRO2-3529-2,Spare parts
COG2-75869,Spare parts
COG2-75024,Spare parts
CAM2-730SR-194,Spare parts
CAM2-730SR-131,Spare parts
BER2-SPO-R-C2410058A,Spare parts
BER2-SPO-E-C2410058F,Spare parts
BER2-SPO-E-C2410058E,Spare parts
BER2-SPO-E-C2410058D,Spare parts
BER2-SPO-E-C2410058B,Spare parts
BER2-DRS-BS2D,Spare parts
BER2-BA-201A-PILOT,Spare parts
BER2-BA-201A-CV,Spare parts
PIM2-30403073,Spare parts
TOP2-98-V,Spare parts
BER2-LE-LAMP4WW,Spare parts
MBM2-A800000780,Spare parts
PIM2-PFB14-SLNV,Spare parts
ROB2-ES0168,Spare parts
ROE2-27055,Spare parts
ROL2-D04033,Spare parts
LKK2-HEATER(WF-101),Spare parts
ROE2-600018S,Spare parts
ROB2-EC0240,Spare parts
RJ2-SPFCS-0081,Spare parts
CHE1-PROCLEAN11-10L,Products
CHE1-PROCLEAN12-20L,Products
CHE1-PROCLEAN12-10L,Products
CHE1-PROCLEAN11-20L,Products
COG1-STEELTECH-340,Products
PRC1-BSK-PB40,Products
OCG1-1B13009,Products
JTA2-301040169,Spare parts
JTA2-301040168,Spare parts
PIM1-ESK-10LC,Products
NTS1-HW-350W-1,Products
HAM1-928,Products
NTS1-FPA-SSNS-D320,Products
NTS1-LSP-300,Products
NTS1-LSP-280,Products
NTS1-LSP-240,Products
NTS1-LSP-220,Products
NTS1-BODY-STD54,Products
NTS1-BODY-STD40,Products
NTS1-LID-ST52,Products
NTS1-LID-ST47,Products
NTS1-ELE-KNHO,Products
NTS1-SP-H70,Products
NTS1-CSSA-D160H95,Products
NTS1-FPB-SS-D200,Products
NTS1-BODY-STD52,Products
NTS1-LID-ST56,Products
NTS1-BSP-H160,Products
LCR1-1LS10ER21E,Products
LCR1-1LS10RR25E,Products
LCR1-1LT16HB10,Products
LCR1-1LS16BG24E,Products
LCR1-1LS16BJ18E,Products
HAT1-TQ400H,Products
OCG1-1533D19,Products
OCG1-1P02617,Products
OCG1-1P02615,Products
OCG1-1P00115,Products
OCG1-1032A22,Products
OCG1-1P04263,Products
OCG1-4GB001A011C01,Products
OCG1-1C24016,Products
OCG1-1P03666,Products
OCG1-1P03663,Products
OCG1-1P03721,Products
OCG1-1P00625,Products
OCG1-1P00340,Products
OCG1-5P01825G0001,Products
OCG1-1B02311,Products
OCG1-41E0015,Products
OCG1-1B06511,Products
OCG1-5V20558G0301,Products
OCG1-1B23220,Products
OCG1-1P00640,Products
OCG1-1P02810,Products
OCG1-1P00940,Products
OCG1-41E0009,Products
OCG1-1B24516,Products
OCG1-1P03662,Products
OCG1-5P00172G0001,Products
OCG1-1533C07,Products
OCG1-1P04262,Products
OCG1-4GB001A011C03,Products
OCG1-1P03863,Products
OCG1-1P03665,Products
OCG1-1P03664,Products
OCG1-1P03661,Products
OCG1-4GZ001E012,Products
OCG1-1B04411,Products
OCG1-1B02110,Products
OCG1-1B19811,Products
OCG1-1B21614,Products
OCG1-1P02040,Products
OCG1-1B22711,Products
OCG1-1B13412,Products
OCG1-1B17202,Products
OCG1-1503W07,Products
OCG1-1503C07,Products
OCG1-5V20558G0701,Products
OCG1-1P02808,Products
OCG1-1P02472,Products
OCG1-1P02471,Products
OCG1-1P02442,Products
OCG1-41E0006,Products
OCG1-4GB001A011C02,Products
OCG1-1B00109,Products
OCG1-1B01015,Products
OCG1-1P02441,Products
OCG1-1B24613,Products
OCG1-1533S07,Products
OCG1-1522H12,Products
OCG1-44A0002,Products
OCG1-4GB002C003,Products
OCG1-1503G12,Products
LTE2-O2830,Spare parts
LTE2-O2820,Spare parts
TBA1-TB6-8H-SWSBS,Products
DAN2-MPT14LA,Spare parts
ROB2-GS0006,Spare parts
TS1-5PR-2S00-H,Products
TOP1-9810-08,Products
NTS2-CD-1135-4L2-STC,Spare parts
ROB2-ES0321,Spare parts
ROB2-EC0440,Spare parts
ROB2-EC0158,Spare parts
ROB2-EC0239,Spare parts
ROB2-EC0737,Spare parts
SAN2-4I,Spare parts
SIR2-AMG064,Spare parts
SIR2-AMG212,Spare parts
SAN1-37-2I,Products
SAN1-37,Products
PIM1-MMIXER-20N,Products
SIR2-LF1537002,Spare parts
SIR2-IW1071230050,Spare parts
SIR2-IW1471230030,Spare parts
CTX2-324503,Spare parts
CTX2-1455A8805,Spare parts
CTX2-18411,Spare parts
CTX2-7610252,Spare parts
CTX2-18413,Spare parts
CTX2-18412,Spare parts
CTX2-220026,Spare parts
CTX2-340933,Spare parts
CTX2-7610127,Spare parts
CTX2-2000346,Spare parts
CTX2-325001,Spare parts
CTX2-344101,Spare parts
CTX2-74719,Spare parts
CTX2-3422198B,Spare parts
CTX2-3422197B,Spare parts
CTX2-8001296,Spare parts
CTX2-8001295,Spare parts
SIR2-19403042,Spare parts
SIR2-IX2472042,Spare parts
SIR2-29530200,Spare parts
SIR2-29401800,Spare parts
SIR2-29320101,Spare parts
SIR2-29561700,Spare parts
SIR2-19563171,Spare parts
PIM1-CB5L,Products
PIM1-VCM-H735WCN,Products
PIM1-VCMH735W+CB5L,Products
SIR2-195102025CHM.09,Spare parts
SIR2-19521610-02,Spare parts
MBM1-MFTG77AL,Products
MBM1-MFTG77ALR,Products
SIR2-IW1471220010,Spare parts
SIR2-IB5256202,Spare parts
SIR2-GM5036100,Spare parts
SIR2-19410102,Spare parts
SIR2-19335064,Spare parts
PIM1-DR520-FT,Products
HAT2-0203005A,Spare parts
HAT2-0219028,Spare parts
HAT2-R021504700,Spare parts
HOU2-30420698,Spare parts
NTS1-HLR2C-SB,Products
SIR2-19320247,Spare parts
SIR2-19320235,Spare parts
SIR2-19320220,Spare parts
SIR2-19320219,Spare parts
SIR2-19320203X,Spare parts
SIR2-19320154,Spare parts
SIR2-19320101,Spare parts
SIR2-19310264,Spare parts
SIR2-19310252,Spare parts
SIR2-19310215,Spare parts
SIR2-19310207,Spare parts
SIR2-19310206,Spare parts
SIR2-19310205,Spare parts
SIR2-19310203,Spare parts
SIR2-19310201,Spare parts
SIR2-19300209,Spare parts
SIR2-19300208+19300108C,Spare parts
SIR2-19300207+19300107,Spare parts
SIR2-19300201+19300101,Spare parts
SIR2-19300201,Spare parts
SIR2-19300108C.10,Spare parts
SIR2-19300108C,Spare parts
SIR2-19300107,Spare parts
SIR2-19027564BZ,Spare parts
SIR2-19021461.14,Spare parts
SIR2-19021461.12,Spare parts
SIR2-19021110,Spare parts
SIR2-18385574341F,Spare parts
SIR2-18385574315GF,Spare parts
SIR2-18385574315F,Spare parts
SIR2-18350574280TF,Spare parts
SIR2-18350574280GF,Spare parts
SIR2-18350574280,Spare parts
SIR2-18300574254F,Spare parts
SIR2-18300574254,Spare parts
SIR1-GEMMA300,Products
SIR2-18300404254T,Spare parts
SIR2-18300404254,Spare parts
SIR2-18300403254,Spare parts
SIR2-182X5404218F,Spare parts
SIR2-18275404218,Spare parts
SIR2-18250403210T,Spare parts
SIR2-18250403210F,Spare parts
SIR2-18250403210,Spare parts
DAN2-MTZ22-5VM,Spare parts
DAN2-MS26FB,Spare parts
DAN2-MPT18LA,Spare parts
DAN2-MPT16LA,Spare parts
DAN2-MPT12RA,Spare parts
DAN2-ML80TB,Spare parts
DAN2-GPY14RAB,Spare parts
DAN2-GLY90RAB,Spare parts
DAN2-GLY80RAA,Spare parts
DAN2-GLY12RAA,Spare parts
SIR1-PACOJET-4,Products
HAT2-05.30.020.00,Spare parts
HAT2-02.12.096.00,Spare parts
HAT1-RCTHW-1E,Products
PIM1-PM-10L-SV,Products
PRC1-TK-SB10,Products
SIR2-GM5966000,Spare parts
SIR2-19563560LV,Spare parts
PIM1-SM-20L,Products
CTX2-97589,Spare parts
CTX2-97398,Spare parts
CTX2-82905,Spare parts
CTX2-7610288S,Spare parts
CTX2-7610272,Spare parts
CTX2-7610247,Spare parts
CTX2-7609642,Spare parts
CTX2-73961,Spare parts
CTX2-73456,Spare parts
CTX2-73455,Spare parts
CTX2-72374,Spare parts
CTX2-72373,Spare parts
CTX2-71996,Spare parts
CTX2-71995,Spare parts
CTX2-71670,Spare parts
CTX2-70984,Spare parts
CTX2-70756,Spare parts
CTX2-70697,Spare parts
CTX2-70473,Spare parts
CTX2-7007661,Spare parts
CTX2-69988,Spare parts
CTX2-69799,Spare parts
CTX2-69765,Spare parts
CTX2-69739,Spare parts
CTX2-69734,Spare parts
CTX2-69711,Spare parts
CTX2-68906,Spare parts
CTX2-68229,Spare parts
CTX2-68153,Spare parts
CTX2-68150,Spare parts
CTX2-68030,Spare parts
CTX2-66948,Spare parts
CTX2-66581,Spare parts
CTX2-65806,Spare parts
CTX2-65554,Spare parts
CTX2-65127,Spare parts
CTX2-61803,Spare parts
CTX2-60123,Spare parts
CTX2-51081,Spare parts
CTX2-51067,Spare parts
CTX2-50056,Spare parts
CTX2-35842,Spare parts
CTX2-35818,Spare parts
CTX2-35210-0491,Spare parts
CTX2-35210-0429,Spare parts
CTX2-35000-1531,Spare parts
CTX2-3430108A,Spare parts
CTX2-34079,Spare parts
CTX2-33055,Spare parts
CTX2-322904,Spare parts
CTX2-321636,Spare parts
CTX2-321635,Spare parts
CTX2-3102468,Spare parts
CTX2-3102458,Spare parts
CTX2-3101175,Spare parts
CTX2-3101174,Spare parts
CTX2-30250,Spare parts
CTX2-3004265,Spare parts
CTX2-3003839,Spare parts
CTX2-3002918,Spare parts
CTX2-3002686,Spare parts
CTX2-3000227,Spare parts
CTX2-27480-0001,Spare parts
CTX2-21415-0001,Spare parts
CTX2-21176-0001,Spare parts
CRO2-9228-1,Spare parts
CRO2-3738-15,Spare parts
CRO2-6161-3,Spare parts
CRO2-7-5017,Spare parts
CRO2-9348-208,Spare parts
CRO2-9110-1,Spare parts
CRO2-9092-3,Spare parts
CRO2-9064-23H,Spare parts
CRO2-8-6030,Spare parts
CRO2-7-5016,Spare parts
CRO2-6604-1,Spare parts
CRO2-5984-1,Spare parts
CRO2-5517-1,Spare parts
CRO2-4-TD02,Spare parts
CRO2-4-T251,Spare parts
CRO2-4-M605,Spare parts
CRO2-4-LLP1,Spare parts
CRO2-4967-1,Spare parts
CRO2-4-70EU,Spare parts
CRO2-4661-5,Spare parts
CRO2-4661-4,Spare parts
CRO2-4623-1,Spare parts
CRO2-4605-1,Spare parts
CRO2-4309-1,Spare parts
CRO2-4-22TB,Spare parts
CRO2-4174-1,Spare parts
CRO2-3-SRV9-1,Spare parts
CRO2-3-AV01,Spare parts
CRO2-3974-2,Spare parts
CRO2-3415-1,Spare parts
CRO2-3412-2,Spare parts
CRO2-2-KB01,Spare parts
CRO2-2-230R,Spare parts
CRO2-2-011R,Spare parts
MBM2-RTCU900110,Spare parts
MBM2-RTCU900103,Spare parts
MBM2-RTCU900064,Spare parts
MBM2-RTCU900061,Spare parts
MBM2-RTCU900024,Spare parts
MBM2-RTCU900013,Spare parts
MBM2-RTCU900010,Spare parts
MBM2-RTCU900005,Spare parts
MBM2-RTCU700744,Spare parts
MBM2-RTCU700649,Spare parts
MBM2-RTCU700648,Spare parts
MBM2-RTCU700646,Spare parts
MBM2-RTCU700584,Spare parts
MBM2-RTCU700565,Spare parts
MBM2-RTCU700476,Spare parts
MBM2-RTCU700465,Spare parts
MBM2-RTCU700449,Spare parts
MBM2-RTCU700448,Spare parts
MBM2-RTCU700391,Spare parts
MBM2-RTCU700389,Spare parts
MBM2-RTCU700341,Spare parts
MBM2-RTCU700324,Spare parts
MBM2-RTCU700297,Spare parts
MBM2-RTCU700296,Spare parts
MBM2-RTCU700286,Spare parts
MBM2-RTCU700285,Spare parts
MBM2-RTCU700283,Spare parts
MBM2-RTCU700278,Spare parts
MBM2-RTCU700277,Spare parts
MBM2-RTCU700212,Spare parts
MBM2-RTCU600067,Spare parts
MBM2-RTCP900074,Spare parts
MBM2-RTCP900063,Spare parts
MBM2-RTCP900036,Spare parts
MBM2-RTCP800067,Spare parts
MBM2-RTCP800065,Spare parts
MBM2-RTCP800041,Spare parts
MBM2-RTCP800034,Spare parts
MBM2-RTCP800033,Spare parts
MBM2-RTCP800026,Spare parts
MBM2-RTCP800024,Spare parts
MBM2-RTBF900277,Spare parts
MBM2-RTBF900007,Spare parts
MBM2-RTBF800308,Spare parts
MBM2-RTBF800164,Spare parts
MBM2-RTBF800113,Spare parts
MBM2-RTBF800076,Spare parts
MBM2-RTBF800048,Spare parts
MBM2-RTBF800041,Spare parts
MBM2-RTBF700096,Spare parts
MBM2-RTBF700049,Spare parts
MBM2-RIC0005226,Spare parts
MBM2-RIC0004988,Spare parts
MBM2-RIC0004964,Spare parts
MBM2-RIC0004963,Spare parts
MBM2-RIC0004953,Spare parts
MBM2-RIC0004951,Spare parts
MBM2-RIC0004892,Spare parts
MBM2-RIC0004862,Spare parts
MBM2-RIC0004756,Spare parts
MBM2-RIC0004096,Spare parts
MBM2-RIC0003832,Spare parts
MBM2-RIC0003579,Spare parts
MBM2-RIC0003578,Spare parts
MBM2-RIC0003426,Spare parts
MBM2-RIC0003220,Spare parts
MBM2-RIC0003219,Spare parts
MBM2-RIC0003217,Spare parts
MBM2-RIC0003216,Spare parts
MBM2-RIC0003215,Spare parts
MBM2-RIC0003214,Spare parts
MBM2-RIC0003052,Spare parts
MBM2-RIC0003051,Spare parts
MBM2-RIC0002758,Spare parts
MBM2-RIC0002500,Spare parts
MBM2-RIC0002488,Spare parts
MBM2-RIC0002286,Spare parts
MBM2-RIC0001356,Spare parts
MBM2-RIC0001301,Spare parts
MBM2-RC01586000,Spare parts
MBM2-RC00296000,Spare parts
MBM2-RC00005904,Spare parts
MBM2-RC00000614,Spare parts
MBM2-RC00000514,Spare parts
MBM2-PACU701198,Spare parts
MBM2-KFB70S,Spare parts
MBM2-KFB55S,Spare parts
MBM2-GACU700263,Spare parts
MBM2-GACU700131,Spare parts
MBM2-B800006,Spare parts
MBM2-B800005,Spare parts
MBM2-B800003,Spare parts
MBM2-RTCU900474,Spare parts
MBM2-RTCU900385,Spare parts
MBM2-RTCU900384,Spare parts
MBM2-RTCU900337,Spare parts
MBM2-RTCU900222,Spare parts
MBM2-RTCU900220,Spare parts
MBM2-RTCU900216,Spare parts
MBM2-A770050,Spare parts
MBM2-A770000150,Spare parts
MBM2-A770000140,Spare parts
MBM2-A660000310,Spare parts
MBM2-202201,Spare parts
MBM2-202052,Spare parts
MBM2-201706,Spare parts
MBM2-200341,Spare parts
MBM2-188982,Spare parts
MBM2-186773,Spare parts
MBM2-186391,Spare parts
MBM2-186390,Spare parts
MBM2-186315,Spare parts
MBM2-185740,Spare parts
MBM2-185734,Spare parts
MBM2-185732,Spare parts
MBM2-185131,Spare parts
MBM2-185130,Spare parts
MBM2-184641,Spare parts
MBM2-184154,Spare parts
MBM2-182949,Spare parts
MBM2-182728,Spare parts
MBM2-181529,Spare parts
MBM2-180950-01,Spare parts
MBM2-180500,Spare parts
MBM2-180499,Spare parts
MBM2-177895,Spare parts
MBM2-176874,Spare parts
MBM2-176789,Spare parts
MBM2-175753,Spare parts
MBM2-175286,Spare parts
MBM2-174332,Spare parts
MBM2-174322,Spare parts
MBM2-173400,Spare parts
MBM2-173388,Spare parts
MBM2-173320,Spare parts
MBM2-172832,Spare parts
MBM2-171437,Spare parts
MBM2-168878,Spare parts
MBM2-168867,Spare parts
MBM2-168517,Spare parts
MBM2-168515,Spare parts
MBM2-168511,Spare parts
MBM2-168202,Spare parts
MBM2-168006,Spare parts
MBM2-168005,Spare parts
MBM2-168001,Spare parts
MBM2-168000,Spare parts
MBM2-167997,Spare parts
MBM2-167549,Spare parts
MBM2-167224,Spare parts
MBM2-166466,Spare parts
MBM2-166465,Spare parts
MBM2-165900,Spare parts
MBM2-165122,Spare parts
MBM2-164738,Spare parts
MBM2-163888,Spare parts
MBM2-163882,Spare parts
MBM2-163290,Spare parts
MBM2-161819,Spare parts
MBM2-160738,Spare parts
STS1-GNTL620-1500,Products
STS1-CTB900A,Products
STS1-CTB750A,Products
STS1-CTB1000A,Products
STS1-CT800A,Products
NTS1-LAD-1,Products
SIR1-LEONARDO385VCS,Products
STS1-EQSNB900A,Products
STS1-EQSNB2300A,Products
STS1-EQSNB2000A,Products
STS1-EQSNB1600A,Products
STS1-EQSNB1500A,Products
STS1-EQSNB1200A,Products
STS1-EQSNB1100A,Products
STS1-EQSNB1000A,Products
CAM1-12SFSPP-190,Products
CAM1-CLRWSR36-452,Products
CAM1-SFC12SCPP-190,Products
CAM1-SFC6SCPP-190,Products
CAM1-SFC2SCPP-190,Products
STS1-STFB800A,Products
STS1-STFB700A,Products
STS1-STFB600A,Products
STS1-STFB1300A,Products
STS1-STFB1200A,Products
STS1-STFB1100A,Products
STS1-STF1000A,Products
STS1-STB800A,Products
STS1-STB600A,Products
STS1-STB1500A,Products
PRC1-A12-EA3040,Products
NTS1-CD-06,Products
ROE1-J80,Products
VRM2-AR005-372-TS001,Spare parts
TOP1-9811-10,Products
LKK2-IND350S-20,Spare parts
ZAN2-TERM0038,Spare parts
ZAN2-ELET0835,Spare parts
ZAN2-SUPP0494,Spare parts
ZAN2-SUPP0493,Spare parts
ZAN2-SUPP0495,Spare parts
LKK1-TQ5,Products
SIR2-19530424,Spare parts
LKK2-IND350S-16,Spare parts
TBA1-GN13150,Products
BER2-BR-99BAR,Spare parts
CAM2-S07012,Spare parts
BKP2-T3045T,Spare parts
BKP2-T1210U,Spare parts
BKP2-H1044X,Spare parts
BKP2-H1008K,Spare parts
BKP2-BKPSM4-L5027P,Spare parts
BKP2-AS-M1009A,Spare parts
BKP2-2R-8706400,Spare parts
BKP2-2K-CH0008,Spare parts
BKP2-2F-L5014E,Spare parts
BKP2-2F-3106145,Spare parts
BKP2-2A-R3025A,Spare parts
BER2-415X418-A,Spare parts
NTS1-BB-D3L,Products
PIM2-1.04.0586,Spare parts
PIM2-1.04.0092,Spare parts
PIM2-1.04.0032,Spare parts
PIM2-30418071,Spare parts
PIM2-30499012,Spare parts
SIR1-28180033,Products
SIR1-28180015,Products
PIM2-909070023,Spare parts
PIM2-70301244582L,Spare parts
PIM2-30403021,Spare parts
,
,
RJ2-FC1600-006,Spare parts
RJ2-FC1600-003,Spare parts
BES2-0K000027,Spare parts
BES2-32071200,Spare parts
ROL2-A06042,Spare parts
ROL2-A06012,Spare parts
ROL2-A04006,Spare parts
SIR1-NORDKAPP,Products
PIM2-30403201,Spare parts
SIR1-DRAGONE-GREY,Products
SIR1-HERCULES-20,Products
SIR1-12Q-3000W,Products
SIR1-DTV,Products
SIR1-DT9,Products
SIR1-DT7,Products
SIR1-DT4,Products
SIR1-DT3,Products
SIR1-DT2,Products
SIR1-DQ8,Products
SIR1-DQ6,Products
SIR1-DQ4,Products
SIR1-DQ10,Products
SIR1-ANNIVERSARIO-LX350RD,Products
SIR1-ANNIVERSARIO-300,Products
HAM1-990415100,Products
HAM1-6126-855,Products
CAM1-CFR18-110,Products
CAM1-26CF-110,Products
PIM1-DE-1-A,Products
SIR2-MSC09V112,Spare parts
SIR2-LF1013063,Spare parts
HAM2-990079500,Spare parts
ROB2-TS0021,Spare parts
ROB2-HC0104,Spare parts
LKK2-RHX-36-24,Spare parts
LKK2-PCP021,Spare parts
LKK2-IGNITOR-(WGF-181),Spare parts
PUJ1-P851003,Products
PUJ1-P851002,Products
PUJ1-P851001,Products
PUJ1-982.001,Products
PUJ1-797.003,Products
PUJ1-797.001,Products
PUJ1-792.000,Products
PUJ1-781.012,Products
PUJ1-701.014,Products
PUJ1-370.000,Products
PUJ1-215.060,Products
PUJ1-215.050,Products
PUJ1-215.045,Products
PUJ1-215.040,Products
PUJ1-215.035,Products
PUJ1-215.032,Products
PUJ1-215.030,Products
PUJ1-215.028,Products
PUJ1-215.020,Products
PUJ1-208.060,Products
PUJ1-208.050,Products
PUJ1-208.040,Products
PUJ1-208.032,Products
PUJ1-208.018,Products
PUJ1-208.016,Products
PUJ1-207.060,Products
PUJ1-207.045,Products
PUJ1-207.035,Products
PUJ1-207.032,Products
PUJ1-207.030,Products
PUJ1-207.028,Products
PUJ1-207.024,Products
PUJ1-207.020,Products
PUJ1-207.018,Products
PUJ1-207.016,Products
PUJ1-206.060,Products
PUJ1-206.050,Products
PUJ1-206.040,Products
PUJ1-206.035,Products
PUJ1-206.032,Products
PUJ1-206.030,Products
PUJ1-206.024,Products
PUJ1-206.020,Products
PUJ1-206.018,Products
PUJ1-206.016,Products
PUJ1-118.045,Products
PUJ1-118.040,Products
PUJ1-118.035,Products
PUJ1-118.032,Products
PUJ1-118.030,Products
PUJ1-118.025,Products
PUJ1-118.020,Products
PUJ1-117.145,Products
PUJ1-117.140,Products
PUJ1-117.060,Products
PUJ1-117.050,Products
PUJ1-117.045,Products
PUJ1-117.040,Products
PUJ1-117.038,Products
PUJ1-117.035,Products
PUJ1-117.032,Products
PUJ1-117.027,Products
PUJ1-117.025,Products
PUJ1-116.060,Products
PUJ1-116.040,Products
PUJ1-116.035,Products
PUJ1-116.030,Products
PUJ1-116.025,Products
PUJ1-103.022,Products
PIM1-SM80,Products
SIR2-19324102,Spare parts
PUJ1-P85090SS,Products
TBA2-IS-27213QTBE,Spare parts
PIM1-DAC1800W-36P,Products
PIM1-DAC1100W-18P,Products
ROE1-R502G,Products
ROE1-MP350COMBI-ULTRA,Products
ROE1-BLIXER4-220V-60HZ-3P,Products
ROE1-BLIXER4-220V-50HZ-3P,Products
ROE1-27117W,Products
ROE1-27116W,Products
ROE1-27114W,Products
ROE1-27113W,Products
LKK1-DHL-32,Products
CAM1-1HFPRO4PKI-190,Products
,
,
HAM1-6126-450-CN,Products
CHE1-102-25170101,Products
TBA1-KUF9-3D-3-L(750MM),Products
TBA1-KUR12-2D-2-L(750MM),Products
TBA1-KUR12-3D-3-L(750-MM),Products
TBA1-CMUR-28,Products
PIM1-COMBIPRO523,Products
RJ1-FC1200,Products
COG2-74168,Spare parts
PIT2-B5303503-C,Spare parts
PIM2-PFB14-HW2000W,Spare parts
COG2-927309,Spare parts
COG2-926056,Spare parts
COG2-80397C,Spare parts
COG2-77060,Spare parts
COG2-74935,Spare parts
COG2-229040,Spare parts
COG2-227064,Spare parts
COG2-226071,Spare parts
COG2-224031,Spare parts
COG2-216025,Spare parts
COG2-144030,Spare parts
COG2-143194,Spare parts
COG2-136030,Spare parts
COG2-130202,Spare parts
COG2-77068,Spare parts
COG2-74905V,Spare parts
COG2-74903,Spare parts
COG2-74169,Spare parts
COG2-70600,Spare parts
COG2-66945,Spare parts
COG2-65749,Spare parts
COG2-65654,Spare parts
ZNS2-052262,Spare parts
ZNS2-049303,Spare parts
ZNS2-005940,Spare parts
ZNS2-004472,Spare parts
ZNS2-003551,Spare parts
ZNS2-002785,Spare parts
ZNS2-0L1973,Spare parts
ZNS2-0C9052,Spare parts
ZNS2-0C6235,Spare parts
ZNS2-0C2578,Spare parts
ZNS2-0A2036,Spare parts
LAC2-4991133596,Spare parts
LAC2-4991133570,Spare parts
LAC2-4941026287,Spare parts
LAC2-4911133595,Spare parts
LAC2-4831134996,Spare parts
LAC2-3442133670,Spare parts
LAC2-3301134927,Spare parts
LAC2-2771133838,Spare parts
LAC2-2441134294,Spare parts
LAC2-2211130305,Spare parts
LAC2-2211117836,Spare parts
LAC2-965029000,Spare parts
LAC2-965017010,Spare parts
LAC2-803190022,Spare parts
LAC2-803190021,Spare parts
LAC2-803190019,Spare parts
LAC2-803190017,Spare parts
LAC2-803190015,Spare parts
LAC2-803180011,Spare parts
LAC2-803130029,Spare parts
LAC2-610004224,Spare parts
LAC2-539000101,Spare parts
LAC2-535100200,Spare parts
LAC2-532802800,Spare parts
LAC2-532021608,Spare parts
LAC2-530110000,Spare parts
ZNS2-075737,Spare parts
ZNS2-060325,Spare parts
ZNS2-058525,Spare parts
ZNS2-054905,Spare parts
ZNS2-054039,Spare parts
ZNS2-054038,Spare parts
ZNS2-054032,Spare parts
ZNS2-053671,Spare parts
ZNS2-052725,Spare parts
ZNS2-052610,Spare parts
ZNS2-051950,Spare parts
ZNS2-003182,Spare parts
ZNS2-002268,Spare parts
ZNS2-0CA489,Spare parts
ZNS2-0C8769,Spare parts
ZNS2-0C8714,Spare parts
ZNS2-0C8647,Spare parts
ZNS2-0C8190,Spare parts
ZNS2-0C7802,Spare parts
ZNS2-0C7385,Spare parts
ZNS2-0C7241,Spare parts
ZNS2-0C6155,Spare parts
ZNS2-0C5252,Spare parts
ZNS2-0C2810,Spare parts
ZNS2-0C1884,Spare parts
ZNS2-0C0204,Spare parts
ZNS2-0C0203,Spare parts
ZNS2-0C0201,Spare parts
ZNS2-0C0190,Spare parts
ZNS2-0A5441,Spare parts
ZNS2-0A5439,Spare parts
NTS2-CD-5.5L-02-001,Spare parts
ASL1-CB12060E-WH,Products
TOP1-GR102,Products
ROB2-NC0044,Spare parts
RON2-122954T01,Spare parts
CTX2-79108,Spare parts
SIR2-19526065,Spare parts
BES2-31291300,Spare parts
BER1-BA-CR,Products
PRC1-TK-ICT02,Products
PIM1-PM-60L-SV,Products
PIM1-PM-30L-SV,Products
PIM1-PM-20L-SV,Products
SIR2-19410136CU.12,Spare parts
CAM1-UPR6040CVR-CLR,Products
COG1-STEELTECH34-00,Products
LKK1-AP838,Products
COG1-STEELTECH36-00,Products
CAM1-ICS100L-191,Products
KIT2-W10477041,Spare parts
MBM1-MIN77T-M1,Products
MBM1-SAE540,Products
MBM1-MFRE77A,Products
MBM1-SAG660,Products
MBM1-MPEG7750I,Products
MBM1-MG7G50I77,Products
MBM1-MPLG78T,Products
MBM1-MG7GFTA777L,Products
MBM1-MFRG74A,Products
MBM1-MTPG77FG,Products
MBM1-MTPG77A,Products
MBM1-MFB77AXS,Products
MBM1-MFB711AFGXS,Products
PIM1-CO-E3217-220V,Products
PIM1-MS250T-150W,Products
SAN1-50X,Products
MBM1-MIN77A-M1,Products
MBM1-MFTE77TLR,Products
MBM1-MFRE74A2V,Products
MBM1-MFB711FGMXS,Products
MBM1-MCPE74A,Products
MBM1-MBRE78A,Products
SIR1-28180081,Products
SIR1-DISC-PS20,Products
SIR1-VORTEX-55VT,Products
BES2-31802000,Spare parts
BKP2-SM4-L5027P,Spare parts
RON2-B1015332,Spare parts
RON2-35639,Spare parts
BES2-38877600,Spare parts
BES2-31802100,Spare parts
TRA1-2808-02,Products
PIM1-CO-E3217,Products
ROL2-E02296,Spare parts
ROL2-E02004,Spare parts
ROL2-E02003,Spare parts
ROL2-H01023,Spare parts
ROL2-15268SER,Spare parts
ROL2-F01075,Spare parts
ROL2-H03023,Spare parts
ROL2-H03022,Spare parts
ROL2-A06066,Spare parts
ROL2-E02323,Spare parts
ROL2-D07004,Spare parts
ROL2-B07015,Spare parts
BES2-23063000,Spare parts
HAT2-X021614800,Spare parts
COG2-999363,Spare parts
CRA2-3220,Spare parts
EKA2-01951317000,Spare parts
EKA2-09953137000,Spare parts
ELO2-E0268,Spare parts
FAG2-R743013,Spare parts
FAG2-X163001,Spare parts
FAM2-F0011,Spare parts
FRA2-400369,Spare parts
FRA2-400370,Spare parts
FRA2-400374,Spare parts
FRA2-400388,Spare parts
HOS2-A1,Spare parts
HOS2-A2,Spare parts
LKK2-6205-2Z,Spare parts
LKK2-62112RS,Spare parts
LKK2-PCP020,Spare parts
HOU2-20800087,Spare parts
HOU2-30820046,Spare parts
LAC2-3301132921,Spare parts
LIN2-LE19,Spare parts
LIN2-TH10,Spare parts
LIN2-TH63,Spare parts
LKK2-6205-2RS1,Spare parts
LKK2-PCP020B,Spare parts
LKK2-THERMOSTAT,Spare parts
LKK2-THERMOSTAT(JB35),Spare parts
PIM2-PFB16SC-001,Spare parts
PIM2-PFB16SC-007,Spare parts
PMF2-5T010005,Spare parts
PMF2-5T010010,Spare parts
PMF2-5T010016,Spare parts
PMF2-5T010200,Spare parts
RAN2-34200055,Spare parts
RAN2-34200058,Spare parts
REF2-00152,Spare parts
REF2-00157,Spare parts
REF2-EX-LT2002,Spare parts
REF2-RF-7780,Spare parts
ROB2-PC0013,Spare parts
ROB2-TC0008,Spare parts
ROB2-TC0009,Spare parts
ROB2-TC0011,Spare parts
ROB2-TS0001,Spare parts
ROB2-TS0003,Spare parts
ROB2-TS0014,Spare parts
ROB2-TS0015,Spare parts
ROL2-A06032,Spare parts
ROL2-A06056,Spare parts
ROL2-A06060,Spare parts
SAE2-140320461,Spare parts
SAV2-21282,Spare parts
SIR2-19335002,Spare parts
SIR2-19336009,Spare parts
SIR2-19336038,Spare parts
SIR2-19336062-01,Spare parts
SIR2-19342006,Spare parts
SIR2-19411007,Spare parts
SIR2-19510601,Spare parts
SIR2-19513056,Spare parts
SIR2-19562140,Spare parts
SIR2-OSC649156,Spare parts
SIR2-19700345.10,Spare parts
SIR2-IW1471240070,Spare parts
SIR2-LF102502030,Spare parts
WIN2-4002002,Spare parts
WIN2-4003028,Spare parts
WIN2-5505008,Spare parts
WIN2-5505029,Spare parts
WIN2-5505036,Spare parts
WIN2-80001902,Spare parts
ZAN2-TERM0005,Spare parts
ZAN2-TERM0076,Spare parts
ZNS2-004600,Spare parts
ZNS2-005295,Spare parts
ZNS2-0C4279,Spare parts
WIN2-6001110,Spare parts
REF2-00004,Spare parts
REF2-00014,Spare parts
REF2-00026,Spare parts
REF2-00034,Spare parts
REF2-00047,Spare parts
REF2-00049,Spare parts
REF2-00055,Spare parts
CAM1-1216TL-138,Products
CAM1-10PPCWSC-438,Products
HAT1-TPT-240,Products
MBM1-MCPG74A,Products
SIR1-11003002,Products
MBM1-MFRG74A2V,Products
SIR1-CANOVA300-AUTOMEC,Products
HAM1-1G91300,Products
HAM1-6126-1100S,Products
HAM1-110E,Products
HAM1-6126-250S-CE,Products
TBA1-KUR18-3D-9-LW(750MM),Products
TBA1-KHR12-2-LW(700MM),Products
TBA1-KGR9-1-LW(750MM),Products
TBA1-KF45-4P-LW,Products
TBA1-KF45-4-L,Products
TBA1-KF25-2P-LW,Products
TBA1-KF25-2G-L,Products
BER1-BS2D-CF5-L,Products
TBA1-KF25-1-L,Products
PIM2-20110002501,Spare parts
PIM2-302130067,Spare parts
PIM2-301130010,Spare parts
PIM2-302220010,Spare parts
PIM2-302190008,Spare parts
PIM2-301110145,Spare parts
PIM2-301080040,Spare parts
PIM2-301040167,Spare parts
PIM2-302130018,Spare parts
ROE1-29246,Products
ROE1-28194W,Products
ROE1-28176W,Products
ROE1-28175W,Products
ROE1-28113,Products
ROE1-28111W,Products
ROE1-28101W,Products
ROE1-28066W,Products
ROE1-28065W,Products
ROE1-28062W,Products
ROE1-28060W,Products
ROE1-28056W,Products
ROE1-28054W,Products
ROE1-28016W,Products
ROE1-27072W,Products
ROE1-2023,Products
ROE1-1933W,Products
NTS2-CU-D10-FCT,Spare parts
PIM2-ESK-10-BS,Spare parts
PIM2-ESK-10-TCS,Spare parts
SIR1-T-REX,Products
PIM1-ARGRILL-17105001600,Products
LCR1-1LP27HB12E,Products
LCR1-1LP27DR12E,Products
LCR1-1LP26HB12E,Products
LCR1-1LP26DR12E,Products
LCR1-1LP25HB12E,Products
LCR1-1LP25DR12E,Products
LCR1-1LP24HB12E,Products
LCR1-1LP24DR12E,Products
LCR1-1LP23HB12L,Products
LCR1-1LP23DR12E,Products
LCR1-1LP22HB12E,Products
LCR1-1LP22DR12E,Products
PIM1-VCM-65MS,Products
PIM1-MS220-120W,Products
PIM1-GH-610,Products
PIM1-FCM5V1,Products
PIM1-FCM8V1,Products
PIM1-DM-30L,Products
PIM1-DH-22-21,Products
PIM1-DBS-01,Products
KIN1-8892,Products
HAM1-HMI012-CE,Products
HAM1-HMI014-CE,Products
ROL1-RF12S2P,Products
ROL1-BE1-3,Products
ROL1-RE2,Products
HAM1-HVC406-CE,Products
HAM1-HVC305-CE,Products
HAM1-HMI021-CE,Products
HAM1-HMI018-CE,Products
HAM1-HMI016-CE,Products
HAM1-HMD400P-CE,Products
HAM1-HCU065S-CE,Products
ZAN2-SUPP0139,Spare parts
ZAN2-ELET0839,Spare parts
ZAN2-INTE0009,Spare parts
HAM1-HBF1100SR-CE,Products
ZAN2-10A,Spare parts
ZAN2-INTE0037,Spare parts
ZAN2-LAMP0055,Spare parts
ZAN2-ELET0480,Spare parts
ZAN2-ELET0457,Spare parts
ZAN2-ELET0717,Spare parts
HAM1-HMIA200B,Products
HAM1-98650,Products
ZAN2-GUAR0010,Spare parts
HAM1-98250,Products
ZAN2-ELET0456,Spare parts
PIM2-302220072,Spare parts
PIM2-302220073,Spare parts
PIM2-302170023,Spare parts
PIM2-302130201,Spare parts
PIM2-302050078,Spare parts
HAM1-WW800SS,Products
HAM1-SB406,Products
HAM1-SB305,Products
HAM1-SB254,Products
HAM1-HMIS21,Products
HAM1-HMIS18,Products
HAM1-HMIS14,Products
HAM1-FB800SS,Products
HAM1-DH800SS,Products
HAM1-CK650,Products
HAM1-BW800SS,Products
HAM1-BT650,Products
HAM1-990-220,Products
HAM1-98500,Products
HAM1-98455,Products
HAM1-98400,Products
HAM1-930,Products
HAM1-929,Products
HAM1-6126-510S-CE,Products
PIM1-COMBIPRO611-ST,Products
PIM1-COMBIPRO611,Products
PIM1-COMBIPRO2021,Products
PIM1-COMBIPRO2011,Products
PIM1-COMBIPRO1011-ST,Products
PIM1-COMBIPRO1011,Products
PIM1-COMBI1011,Products
CAM1-UPR6040F18-480,Products
CTP1-SCP-NF-250-BR,Products
RTN1-56.00.562,Products
RTN1-56.00.210,Products
ZAN2-ELET0525,Spare parts
ZAN2-ELET0552,Spare parts
ZAN2-ELET0585,Spare parts
ZAN2-ELET0652,Spare parts
ZAN2-ELET0825,Spare parts
ZAN2-ELET0826,Spare parts
ZAN2-ELET0827,Spare parts
ZAN2-GUAR0059,Spare parts
ZAN2-LAMP0020,Spare parts
ZAN2-LAMP0040,Spare parts
ZAN2-MANI0021,Spare parts
ZAN2-MECC0570,Spare parts
ZAN2-MECC0846,Spare parts
ZAN2-PLAN40T044B,Spare parts
ZAN2-PLAN40T062A,Spare parts
ZAN2-RESI0020,Spare parts
ZAN2-RESI0036,Spare parts
ZAN2-RESI0106,Spare parts
ZAN2-SPRI0010,Spare parts
ZAN2-TENU0009,Spare parts
ZAN2-TENU0010,Spare parts
ZAN2-TERM0014,Spare parts
ZAN2-TERM0049,Spare parts
ZAN2-ELET0494,Spare parts
ZAN2-ELET0440,Spare parts
ZAN2-ELET0432,Spare parts
ZAN2-ELET0144,Spare parts
ZAN2-ELET0135,Spare parts
ZAN2-CUSC0071,Spare parts
ZAN2-CRIS0006,Spare parts
ZAN2-CRIS0027,Spare parts
ZAN2-CUS3205-2RS,Spare parts
BER1-FP1-4-6,Products
BER1-FP1-3-6,Products
BER1-FP1-2-2.5,Products
CAM1-LD85-186,Products
ROE1-R60A,Products
ROE1-R5VVG-230-50-1,Products
ROE1-R301UD-ANNIVERSARY,Products
ROE1-R201U-XL,Products
ROE1-CL30,Products
LIN1-PB33,Products
ROL1-WD200,Products
ROL1-WD100,Products
ROL1-RF12DS,Products
ROL1-EP800,Products
BER1-WBPU30DT-EC,Products
BER1-BS1D-PCF4-Z(760),Products
LKK2-KSQ3-10,Spare parts
LKK2-BT-200T1-1,Spare parts
LAC2-3529133899,Spare parts
CAM1-UPR6040XF18-480,Products
CAM1-UPR6040H9-480,Products
CAM1-UPCH4002-110,Products
CAM1-PCU2000PP-615,Products
CAM1-PCU1000PP-615,Products
CAM1-CSWRKIT18P8-151,Products
CAM1-CSWRKIT18P12-151,Products
CAM1-CSWRKIT18P1-151,Products
CAM1-CSWRKIT14P8-151,Products
CAM1-CSWRKIT14P1-151,Products
CAM1-CSWRC18P4-151,Products
CAM1-CSWRC14P4-151,Products
CAM1-CSMHDTKE6-000,Products
CAM1-CSMHDTKE5-000,Products
CAM1-CSMHDTKE4-000,Products
CAM1-CSMHDTK12-000,Products
CAM1-CSMHDTK10-000,Products
CAM1-CPFWSC244860-000,Products
CAM1-CBUWR184872PKG,Products
CAM1-ADCSCT4-480,Products
CAM1-ADCRCCVR-000,Products
CAM1-ADCRC8PKG-401,Products
CAM1-ADCRC8PKG-110,Products
CAM1-ADCRC12PKG-401,Products
CAM1-ADCRC12PKG-110,Products
CAM1-ADCRC-110,Products
CAM1-9S800-119,Products
CAM1-9S638-167,Products
CAM1-9S434-167,Products
CAM1-9S318-151,Products
CAM1-90CWL-135,Products
CAM1-60CWL-135,Products
CAM1-1418DSLNS-830,Products
CAM1-1418DSLNS-825,Products
CAM1-1418DSLNS-820,Products
CAM1-1418DSLNS-815,Products
CAM1-1418DSLG-830,Products
CAM1-1418DSLG-825,Products
CAM1-1418DSLG-148,Products
CAM1-1418DSLG-110,Products
CAM1-1317DSLNS-820,Products
CAM1-1317DSLNS-815,Products
CAM1-1317DSLG-815,Products
CAM1-1317DSLG-148,Products
CAM1-1317DSLG-110,Products
CAM1-1216TL-110,Products
CAM1-1014DSLNS-830,Products
CAM1-1014DSLNS-825,Products
CAM1-1014DSLG-830,Products
CAM1-1014DSLG-825,Products
CAM1-1014DSLG-820,Products
CAM1-1014DSLG-815,Products
CAM1-1014DSLG-148,Products
PRC1-KK-KTSO12,Products
PRC1-KK-KTCU1,Products
CAM1-1418DSLM-815,Products
SIR1-28180025,Products
SIR1-28180240,Products
SIR1-28180034,Products
SIR1-28180038,Products
NTS1-HL1BK-HSB,Products
PIM1-YXD-1AE,Products
PIM1-PM-40L-SV,Products
HAM1-QS850,Products
LKK1-IND500T,Products
LKK1-IND500W,Products
LKK1-IND2000,Products
LKK1-IND350BK,Products
CAM1-DB18263P-148,Products
LKK1-WGF-182,Products
PIM1-ELE-KS3P,Products
PIM1-ECM-13,Products
PIM1-DH-11-5F-T,Products
PIM1-CBC5L-735W,Products
PIM1-BM200-3GN,Products
PIM1-MS300T-250W,Products
PIM1-MS275T-200W,Products
LKK1-IND350W,Products
SIR2-IW1071240035,Spare parts
PIM1-EF-11L,Products
PIM1-EF-11L-2,Products
PIM1-EF-8L-2,Products
PIM1-EF-8L,Products
PIM1-EF-6L-2,Products
PIM1-EF-6L,Products
PIM1-EF-4L,Products
PIM1-EF-12L-2,Products
PIM1-EF-12L,Products
PIM1-CJ250W-50MS,Products
PIM1-SM215L,Products
PIM1-SVC800W-25L,Products
PIM1-SVC800W-16L,Products
PIM1-SG750W-120AS,Products
PIM1-MS300T-200W,Products
PIM1-MMIXER-550W,Products
PIM1-IC220-200W,Products
PIM1-HPMP130-500PC,Products
PIM1-HPMP150-500PC,Products
PIM1-HPMP100-500PC,Products
PIM1-CJ250W-50MH,Products
PIM1-MINI-IB220-BL160E,Products
PIM1-JD218MIX,Products
PIM1-JD212MIX,Products
PIM1-JD118MIX,Products
PIM1-JD112MIX,Products
PIM1-PM-7L-WH,Products
PIM1-OILF-55,Products
PIM1-OC-3T,Products
PIM1-JD312MIX,Products
PIM1-YXD-PF-8A,Products
PIM1-ESM-4,Products
PIM1-EDF1T-12L,Products
LIN1-OA8972,Products
LIN1-OG8201-C-P,Products
LIN1-OE8205-C,Products
LIN1-652004,Products
LIN1-652000,Products
LIN1-CT1,Products
LIN1-LPB,Products
LIN1-CO133M,Products
LIN1-CIBO-CP,Products
LIN1-CIBO-BK,Products
NTS1-NOA1-1,Products
NTS1-NOA1-2,Products
NTS1-NOA1-3,Products
NTS1-NOA1-6,Products
NTS1-NOA1-9,Products
NTS1-ISC1-12,Products
NTS1-ISC1-19,Products
NTS1-ISC1-2,Products
NTS1-ISC1-3,Products
NTS1-ISC1-4,Products
NTS1-ISC1-5,Products
NTS1-ISC1-6,Products
NTS1-FAB1-15,Products
NTS1-FAB1-16,Products
NTS1-FAB1-11,Products
NTS1-FAB1-10,Products
NTS1-FAB1-14,Products
NTS1-FAB1-13,Products
NTS1-FAB1-17,Products
NTS1-FAB1-18,Products
NTS1-FAB1-3,Products
NTS1-FAB1-30,Products
NTS1-FAB1-4,Products
NTS1-FAB1-7,Products
NTS1-FAB1-8,Products
NTS1-WIN1-10,Products
NTS1-WIN1-11,Products
NTS1-WIN1-13,Products
NTS1-WIN1-15,Products
NTS1-WIN1-17,Products
NTS1-WIN1-27,Products
NTS1-WIN1-33,Products
NTS1-WIN1-4,Products
NTS1-WIN1-7,Products
NTS1-WIN1-9,Products
NTS1-ALI1-1,Products
NTS1-ALI1-15,Products
NTS1-ALI1-30,Products
NTS1-ALI1-5,Products
NTS1-ALI1-6,Products
PRC1-TK-TNG201,Products
ROE1-27363,Products
ROE1-27395,Products
ROE1-R2-B,Products
ROE1-27365,Products
ROE1-27364,Products
ROE1-CMP400-VV-A,Products
ROE1-CMP350-VV-A,Products
ROE1-CMP300VV-A,Products
ROE1-J100,Products
ROE1-CMP300COMBI,Products
ROE1-CMP250-COMBI,Products
ROE1-CMP250-VV-B,Products
ROE1-CMP250-VV,Products
ROE1-39681,Products
ROE1-CL40,Products
ROE1-C80,Products
ROE1-C200,Products
ROE1-39680,Products
ROE1-1946,Products
ROE1-107812,Products
ROE1-1904,Products
ROE1-28209,Products
ROE1-28207,Products
ROE1-27355,Products
ROE1-R211-XL-ULTRA,Products
ROE1-R211-XL,Products
ROE1-2023W,Products
ROE1-R201-XL-ULTRA,Products
ROE1-1933,Products
HAM1-HMD200P-CE,Products
HAM1-HBH850-CE,Products
HAM1-HBH855-CE,Products
HAM1-HMD1000-CE,Products
HAM1-HBH950-CE,Products
HAM1-HBH650-CE,Products
HAM1-HBH550-CE,Products
HAM1-HBH455-CE,Products
HAM1-HBH450-CE,Products
HAM1-HBF600S-CE,Products
HAM1-HBF600-CE,Products
HAM1-HBF510S-CE,Products
HAM1-HBF510-CE,Products
HAM1-HBF500S-CE,Products
HAM1-HBB908-CE,Products
HAM1-HBB255S-CE,Products
HAM1-HBB255-CE,Products
HAM1-HBB250S-CE-RIO,Products
HAM1-HBB250-CE-RIO-220V,Products
HAM1-BCR100,Products
HAM1-932,Products
ROE1-R20E,Products
HAM1-1G932,Products
HAM1-HMI014-CEDIS,Products
ROL2-A14113,Spare parts
LAC2-532021708,Spare parts
NTS1-TBS1200A,Products
BER1-OB2(S),Products
LIN1-LT6X,Products
LIN1-LT4X,Products
HAT1-TPT-230-4,Products
CTP1-SS-FC72-240FS,Products
CTP1-SS-FC72-240,Products
CTP1-SS-FC71-160PT,Products
CTP1-SG-FT-300-YL,Products
CTP1-SG-FT-300-RD,Products
CTP1-SG-FT-300-OR,Products
CTP1-SG-FT-300-GR,Products
CTP1-SG-FT-300-BL,Products
CTP1-SG-FT-300-BK,Products
CTP1-SG-FT-180-YL,Products
CTP1-SG-FT-180-RD,Products
CTP1-SG-FT-180-OR,Products
CTP1-SG-FT-180-GR,Products
CTP1-SG-FT-180-BL,Products
CTP1-SCP-NS-400-BR,Products
CTP1-SCP-NS-360-BR,Products
CTP1-SCP-NS-250-BR,Products
CTP1-RD-PPP-120,Products
CTP1-KB-2278-150-RD,Products
CTP1-SCP-NF-400-BR,Products
CTP1-SCP-NF-360-BR,Products
CTP1-SCB-SW-285,Products
CTP1-SCB-SW-240,Products
CTP1-SCB-SW-200,Products
CTP1-RD-ASP-70-OR,Products
CTP1-RD-ASP-120-OR,Products
CTP1-LCR-SSP-120-OR,Products
CTP1-LCR-PPP-120,Products
CTP1-KB-2278-150-BL,Products
CTP1-KB-2262-510-BK,Products
CTP1-KB-2258-150-YL,Products
CTP1-KB-2258-150-WH,Products
CTP1-KB-2258-150-RD,Products
CTP1-KB-2258-150-BL,Products
CTP1-KB-2255-300-BK,Products
CTP1-KB-06-90SYD-RD,Products
CTP1-GS-10313-110,Products
CTP1-DD-PSP-120-OR,Products
CTP1-BCC-PPP-120,Products
CTP1-ADD-7W-P-TG,Products
CAM1-EXU183672V4-580,Products
CAM1-8SFSPP-190,Products
CAM1-8SFSCW-135,Products
CAM1-6SFSCW-135,Products
CAM1-4SFSPP-190,Products
CAM1-2SFSPP-190,Products
CAM1-2SFSCW-135,Products
CAM1-22SFSPP-190,Products
CAM1-20CV1D-335,Products
CAM1-18SFSPP-190,Products
CAM1-18SFSCW-135,Products
CAM1-12SFSCW-135,Products
CAM1-100VS-380,Products
ROL1-CFG400,Products
ROL1-WI-DP,Products
ROL1-WI-1,Products
ROL1-WD780SI,Products
ROL1-SAVOYE-L,Products
ROL1-RG11,Products
ROL1-RG9,Products
ROL1-RG7,Products
ROL1-RD800-FI,Products
ROL1-RD60TI,Products
ROL1-RBG80,Products
ROL1-RBG120,Products
ROL1-PIW30,Products
ROL1-DOUBLE-PANINI-R-220V,Products
ROL1-CS4E,Products
ROB1-PGS605,Products
PRC1-TK-MCHH5-PVDG,Products
CTP1-PEEL-PP-55S-YL,Products
CTP1-PEEL-PP-55S-RD,Products
CTP1-PEEL-PP-55S-OR,Products
CTP1-PEEL-PP-55S-GR,Products
CTP1-PEEL-PP-55S-BL,Products
CTP1-KB-2278-150-WH,Products
CTP1-KB-2278-150-BK,Products
CTP1-KB-07-80NYD-BK,Products
CTP1-KB-06-90SYD-GR,Products
NTS1-SN4375,Products
NTS1-SM-50,Products
NTS1-ICED-S4,Products
NTS1-ICED-S3,Products
NTS1-ICED-S2,Products
NTS1-FM-30,Products
NTS1-DS60040030-1.5,Products
NTS1-DS1250030,Products
NTS1-DS1250029,Products
NTS1-DS1250028,Products
NTS1-1051,Products
NTS1-1002,Products
NTS1-1001,Products
LKK1-TSP520,Products
LKK1-LK-EDO-36,Products
LKK1-LK-EDO-12,Products
LKK1-GFO6C,Products
LKK1-GFO4C,Products
LKK1-GFO2C,Products
LKK1-GFO2B,Products
LKK1-EFO2C,Products
LKK1-EFO2B,Products
PRC1-TK-MCHSQ2PVDG,Products
PRC1-TK-MCHSQ2PBLK,Products
NTS1-PMLS-4540-BK,Products
NTS1-PMLS-4530-BR,Products
NTS1-PMLS-4530-BK,Products
NTS1-FAB1-1,Products
NTS1-GSTR400300-HLSO,Products
NTS1-GSTR400300-SLFO,Products
NTS1-GSTR400300-SLDO,Products
NTS1-GSTR400300,Products
LKK1-PC-190,Products
ROB1-TC55,Products
JTA1-JZH-TT-4,Products
COG1-ISYTECH-AP31-10.1W-D,Products
ROL1-TS1270,Products
ROL1-SGM600,Products
ROL1-GES20,Products
ROL1-GES10,Products
ROL1-PIC25,Products
ROL1-PIS30,Products
ROL1-MAJESTIC-M,Products
ZAN2-ELET0723,Spare parts
ROL1-CFE400,Products
BER1-DF23S1B,Products
BER1-BS2D-F4-L,Products
BER1-CRB2BFS-17,Products
BER1-EG3500HR-17,Products
BER1-GG2B-17,Products
BER1-FSGDF23-1B,Products
ROL1-PSR600GE,Products
STS1-TBSB900A,Products
STS1-TBSB800A,Products
STS1-TBSB750A,Products
STS1-TBSB700A,Products
STS1-TBSB600A,Products
STS1-TBSB500A,Products
STS1-TBSB400A,Products
STS1-TBS900A,Products
STS1-TBS800A,Products
STS1-TBS750A,Products
STS1-TBS700A,Products
STS1-TBS600A,Products
STS1-TBS500A,Products
STS1-TBS400A,Products
STS1-TBS1000A,Products
STS1-TBB900A,Products
STS1-TBB800A,Products
STS1-TBB700A,Products
STS1-TBB600A,Products
STS1-TBB500A,Products
STS1-TBB400A,Products
STS1-TBB2500A,Products
STS1-TBB2400A,Products
STS1-TBB2300A,Products
STS1-TBB2200A,Products
STS1-TBB2100A,Products
STS1-TBB2000A,Products
STS1-TBB1900A,Products
STS1-TBB1800A,Products
STS1-TBB1700A,Products
STS1-TBB1600A,Products
STS1-TBB1500A,Products
STS1-TBB1400A,Products
STS1-TBB1200A,Products
STS1-TBB1100A,Products
STS1-TBB1000A,Products
STS1-TBB1300A,Products
STS1-TB900A,Products
STS1-TB800A,Products
STS1-TB700A,Products
STS1-TB600A,Products
STS1-TB500A,Products
STS1-TB400A,Products
BER1-JD318JET25,Products
BER1-JD218JET25,Products
BER1-U40,Products
BER1-U30,Products
BER1-OB2-17,Products
BER1-GG4BFS-17,Products
BER1-DRO6-17,Products
ROL1-GED20,Products
ROL1-CB20B,Products
PIM1-SM115L,Products
BER1-BP30WB,Products
BER1-GDF11D,Products
BER1-CP2120,Products
BER1-CP1120,Products
BER1-CG23,Products
BER1-ESM66,Products
BER1-ESM55,Products
BER1-CRB2B-17,Products
BER1-CB3BFS-17,Products
BER1-TF24,Products
BER1-FW45,Products
BER1-FW40,Products
BER1-WU-CH-40L,Products
BER1-ECS63SSC,Products
BER1-TP3237,Products
BER1-GG2BHR-17,Products
BER1-BJY-W77,Products
ROL1-CDE350,Products
ROL1-BW30,Products
ROL1-BM21,Products
ROB1-TCR10,Products
ROB1-TCR15,Products
ROB1-GT400,Products
ROB1-HP605B,Products
ROB1-HL90,Products
ROB1-G500,Products
ROB1-G700,Products
ROB1-GT480,Products
ROB1-GT700,Products
ROB1-FR111,Products
ROB1-GMX610,Products
ROB1-GSA815RT,Products
ROB1-GSA815ST,Products
ROB1-GSA810S,Products
ROB1-GSA610RT,Products
ROB1-GSA610ST,Products
ROB1-GSA610R,Products
ROB1-GMX815,Products
BER1-OB4GG1BWOL,Products
BER1-BS3DR-C4-3-L,Products
BER1-BS2D-SSCF-Z-N-L(760),Products
TBA1-KUF9-1-LW(750-MM),Products
TBA1-KUF12-3D-6-L(750-MM),Products
TBA1-KUF12-3D-3-L(750MM),Products
TBA1-KTR15-2-L,Products
TBA1-KTR12-2-L,Products
ROL1-CDG400,Products
TBA1-KR65-6G-L,Products
TBA1-KHR18-3-W(750MM),Products
ROL1-RFG8,Products
ROL1-TS3270,Products
ROL1-RFE20C,Products
ROL1-RFE16C,Products
ROL1-PSR900GE,Products
ROL1-PSR900EE,Products
ROL1-PSR900E,Products
ROL1-PSR400EE,Products
ROL1-PSI600G,Products
ROL1-PSI600E,Products
ROL1-MC-03,Products
ROL1-MAJESTIC-R,Products
ROL1-MAJESTIC-L,Products
ROL1-GR80E,Products
ROL1-GR60G,Products
ROL1-GR60E,Products
ROL1-GR40G,Products
ROL1-GR40E,Products
ROL1-GES75,Products
ROL1-GES70,Products
ROL1-GES40,Products
ROL1-GES23,Products
ROL1-GED75,Products
ROL1-GED10,Products
ROL1-FM4,Products
ROL1-FM3,Products
ROL1-FM2,Products
ROL1-FD80DR,Products
ROL1-FD80D,Products
ROL1-FD80,Products
ROL1-FD50D,Products
ROL1-FD50,Products
ROL1-FCV280,Products
ROL1-FC380TQ,Products
ROL1-DW106,Products
ROL1-DPI300,Products
ROL1-CW12,Products
ROL1-CK3,Products
ROL1-BAR2000,Products
ROL1-BAR1000,Products
ROL1-140,Products
BER1-SP2,Products
BER1-SP1-HT,Products
BER1-SP1,Products
BER1-SALA22N,Products
BER1-SALA22,Products
BER1-SALA11N,Products
BER1-SALA11,Products
BER1-OB4GG1B-17,Products
BER1-MIR11,Products
BER1-KM3H,Products
BER1-KM3B,Products
BER1-KM3,Products
BER1-KM2H,Products
BER1-KM2B,Products
BER1-IR810,Products
BER1-IR510,Products
BER1-IR1000,Products
BER1-GCS55SSC,Products
BER1-FSSDF12,Products
BER1-EG5250FS-17,Products
BER1-DRO4H,Products
BER1-DF23S1B-17,Products
BER1-DF13-17,Products
BER1-BBQ002,Products
BER1-BBQ001,Products
BER1-A-G33,Products
BER1-CG22,Products
BER1-BJY-VCM400-TT,Products
BER1-BJY-IK40A,Products
BER1-BJY-IK30A,Products
ROB1-UDS10VP,Products
ROB1-HE1800,Products
ROB1-HE1500,Products
ROB1-HL26,Products
ROB1-HL24,Products
ROB1-MH16,Products
ROB1-CHOC1A,Products
ROB1-BM4E,Products
ROB1-BM4C,Products
ROB1-BM4A,Products
ROB1-BM2C,Products
ROB1-BM2E,Products
ROB1-BM1E,Products
ROB1-SA15,Products
ROB1-TC66,Products
ROB1-M6T,Products
ROB1-M3,Products
ROB1-13,Products
ROB1-80DT,Products
ROB1-40DT,Products
ROL1-DOUBLE-PANINI-FT220V,Products
ROL1-CT3000-B,Products
ROL1-CS3E,Products
CAM1-ADCRC-401,Products
SIR2-19363560,Spare parts
SIR2-IX2963004008,Spare parts
ROB1-HF900,Products
ROB1-E14-65G,Products
MBM1-MG7GFT777LR,Products
MBM1-MG7GF777TS,Products
MBM1-MG7GF477TS,Products
MBM1-MFTG74ALC,Products
MBM1-MFRG77A,Products
MBM1-MFB74TXS,Products
MBM1-MFB711MFG4XL,Products
MBM1-MFB711AXS,Products
ROB1-CS10,Products
ROB1-PW50,Products
ROB1-PW100,Products
BER2-CS-AC8-P,Spare parts
BER2-NT-5C-7C-S,Spare parts
ROB1-12,Products
TOP2-M98E-HD03,Spare parts
NTS1-RPTT-463-1700,Products
TBA1-TB9-8H-SLSBS,Products
TBA1-TB9-8H-SWSBS,Products
TBA1-TB13-8H-SWSBS,Products
TBA1-KUR9-3D-3-LW(750-MM),Products
TBA1-KUR18-3D-3-LW(750MM),Products
TBA1-KUR15-3D-3-LW(700MM),Products
TBA1-KUR15-3D-3-LW(750MM),Products
TBA1-KUR15-3D-6-LW(750MM),Products
TBA1-KUR15-2D-4-LW(750MM),Products
TBA1-KUR12-3D-6-LW(750MM),Products
TBA1-KUR12-2D-4-LW(750MM),Products
TBA1-KUF15-3D-6-LW(750MM),Products
TBA1-KUF15-3D-3-LW(750MM),Products
TBA1-KR65-3G-LW,Products
TBA1-KR45-4G-LW,Products
TBA2-KR25-1G-LW-GD,Spare parts
TBA1-KR25-1G-L,Products
TBA1-KRF25-2-W,Products
TBA1-KR45-2-W,Products
TBA1-KR25-2-LW,Products
TBA1-KR25-1-L,Products
SIR2-IX2125008,Spare parts
SIR1-40116150,Products
BER1-B3D-C7-L(750),Products
NTS1-CU-10L,Products
NTS1-BOW-S3,Products
BER1-DW311,Products
PIM1-MME-600H-S,Products
SIR1-69013000,Products
CTP1-KB-2266-300P-BK,Products
CTP1-KB-2266-300G-BK,Products
OCG1-1503R09,Products
CTP1-KB-2201-300-PL,Products
CTP1-KB-2201-250-PL,Products
CTP1-KB-2201-200-PL,Products
CTP1-KB-2201-160-PL,Products
BER1-BS4DU-F-Z-L,Products
PIM2-B-69C,Spare parts
NTS2-WDV-08,Spare parts
PIM2-B-59C,Spare parts
CTP1-KB-2201-300-BK,Products
CTP1-KB-2201-300-BL,Products
CTP1-KB-2201-300-BR,Products
CTP1-KB-2201-300-GR,Products
CTP1-KB-2201-300-RD,Products
CTP1-KB-2201-300-WH,Products
CTP1-KB-2201-300-YL,Products
CTP1-KB-2201-200-BK,Products
CTP1-KB-2201-200-BL,Products
CTP1-KB-2201-200-BR,Products
CTP1-KB-2201-200-GR,Products
CTP1-KB-2201-200-RD,Products
CTP1-KB-2201-200-WH,Products
CTP1-KB-2201-200-YL,Products
CTP1-KB-2201-250-BK,Products
CTP1-KB-2201-250-BL,Products
CTP1-KB-2201-250-BR,Products
CTP1-KB-2201-250-GR,Products
CTP1-KB-2201-250-RD,Products
CTP1-KB-2201-250-WH,Products
CTP1-KB-2201-250-YL,Products
NTS1-CBR-SS6,Products
ASL1-CB6040A-BL,Products
ASL1-CB6040A-CF,Products
ASL1-CB6040A-GR,Products
ASL1-CB6040A-RD,Products
ASL1-CB6040A-WH,Products
ASL1-CB6040A-YL,Products
ASL1-CB4833A-BL,Products
ASL1-CB4833A-CF,Products
ASL1-CB4833A-GR,Products
ASL1-CB4833A-RD,Products
ASL1-CB4833A-WH,Products
ASL1-CB4833A-YL,Products
ASL1-CB3828A-BL,Products
ASL1-CB3828A-CF,Products
ASL1-CB3828A-GR,Products
ASL1-CB3828A-RD,Products
ASL1-CB3828A-WH,Products
ASL1-CB3828A-YL,Products
CTP1-WS-60-100,Products
CTP1-KB-7577-300-BK,Products
ASL1-SCP-BL,Products
ASL1-SCP-BR,Products
ASL1-SCP-GR,Products
ASL1-SCP-RD,Products
ASL1-SCP-WH,Products
ASL1-SCP-YL,Products
ASL1-CB35H-BL,Products
ASL1-CB35H-CF,Products
ASL1-CB35H-GR,Products
ASL1-CB35H-RD,Products
ASL1-CB35H-WH,Products
ASL1-CB35H-YL,Products
CTP1-KB-2201-160-BK,Products
CTP1-KB-2201-160-BL,Products
CTP1-KB-2201-160-BR,Products
CTP1-KB-2201-160-GR,Products
CTP1-KB-2201-160-RD,Products
CTP1-KB-2201-160-WH,Products
CTP1-KB-2201-160-YL,Products
LKK2-TC12-06,Spare parts
LKK2-SWITCH(LK-PL),Spare parts
LKK2-IND350S-8,Spare parts
LKK2-IND350S-4,Spare parts
LKK2-IND300-7,Spare parts
LKK2-ELEMENT(WF-101),Spare parts
LKK2-BASKET(EF-171),Spare parts
LKK2-B30-06-05-2,Spare parts
LKK2-B30-06-05-1,Spare parts
LKK2-B20F(K)-92,Spare parts
LKK2-B20F(K)-88,Spare parts
LKK2-B20F(K)-81,Spare parts
LKK2-B20F(K)-80,Spare parts
LKK2-B20F(K)-65-73,Spare parts
LKK2-B20F(K)-64,Spare parts
LKK2-B20F(K)-60,Spare parts
LKK2-B20F(K)-58,Spare parts
LKK2-B20F(K)-56,Spare parts
LKK2-B20F(K)-39,Spare parts
LKK2-B20F(K)-33,Spare parts
LKK2-B20F(K)-31,Spare parts
LKK2-B20F(K)-29,Spare parts
LKK2-B20F(K)-19,Spare parts
LKK2-B20F(K)-16,Spare parts
LKK2-B20F(K)-10,Spare parts
LKK2-B20F(K)-08,Spare parts
LKK2-B20F(K)-07,Spare parts
ETF2-HC165010,Spare parts
ETF2-HC160076,Spare parts
ETF2-HC160026,Spare parts
ETF2-HC159363,Spare parts
ETF2-HC159132,Spare parts
ETF2-HC150846,Spare parts
ETF2-HC150845,Spare parts
ETF2-HC138940,Spare parts
NTS1-CSSP-D5006,Products
RAN2-69000274,Spare parts
RAN2-39220013,Spare parts
RAN2-39220012,Spare parts
RAN2-38123041,Spare parts
RAN2-38123039,Spare parts
RAN2-38123034,Spare parts
RAN2-37410610,Spare parts
RAN2-36990012,Spare parts
RAN2-36404111,Spare parts
RAN2-36322003,Spare parts
RAN2-36310011,Spare parts
RAN2-36310009,Spare parts
RAN2-36310003,Spare parts
RAN2-36301027,Spare parts
RAN2-36220017,Spare parts
RAN2-34200114,Spare parts
RAN2-34200059,Spare parts
RAN2-34200034,Spare parts
RAN2-34150024,Spare parts
RAN2-34070171,Spare parts
RAN2-34040027,Spare parts
RAN2-34040023,Spare parts
RAN2-34030090,Spare parts
RAN2-34030060,Spare parts
RAN2-34030054,Spare parts
RAN2-34030030,Spare parts
RAN2-34030014,Spare parts
RAN2-34020109,Spare parts
RAN2-33122016,Spare parts
RAN2-32599004,Spare parts
RAN2-32329039,Spare parts
RAN2-32239044,Spare parts
RAN2-28250045,Spare parts
RAN2-26214010,Spare parts
RAN2-26105011,Spare parts
RAN2-25143006,Spare parts
RAN2-23308005,Spare parts
RAN2-20114701,Spare parts
RAN2-14705001,Spare parts
RAN2-10700996,Spare parts
RAN2-10090010,Spare parts
RAN2-10060530,Spare parts
RAN2-10060476,Spare parts
RAN2-10060290,Spare parts
RAN2-10042101,Spare parts
NTS1-TUL1-11-R15CM,Products
NTS1-TUL1-16,Products
NTS1-TUL1-11-R,Products
NTS1-TUL1-9-1,Products
NTS1-TUL1-13,Products
NTS1-TUL1-15,Products
NTS1-TUL1-10,Products
NTS1-SAK1-16,Products
NTS1-SAK1-11,Products
NTS1-SAK1-9,Products
NTS1-SAK1-6,Products
NTS1-SAK1-27,Products
NTS1-SAK1-18,Products
NTS1-SAK1-13,Products
NTS1-SAK1-15,Products
NTS1-SAK1-8,Products
NTS1-SAK1-2,Products
NTS1-SAK1-10,Products
NTS1-SAK1-4,Products
NTS1-SAK1-7,Products
NTS1-SAK1-17,Products
NTS1-SAK1-1,Products
NTS1-NOV1-12-1,Products
NTS1-NOV1-3,Products
NTS1-NOV1-14-2,Products
NTS1-NOV1-6,Products
NTS1-NOV1-11,Products
NTS1-NOV1-13,Products
NTS1-NOV1-15,Products
NTS1-NOV1-5,Products
NTS1-NAJ1-1,Products
NTS1-NAJ1-8,Products
NTS1-NAJ1-7,Products
NTS1-NAJ1-6,Products
NTS1-NAJ1-5,Products
NTS1-NAJ1-3,Products
NTS1-KAN1-19,Products
NTS1-KAN1-4,Products
NTS1-KAN1-1,Products
NTS1-KAN1-16,Products
NTS1-KAN1-14,Products
NTS1-KAN1-6,Products
NTS1-KAN1-18,Products
NTS1-KAN1-15-1,Products
NTS1-KAN1-5,Products
NTS1-KAN1-2,Products
NTS1-CAR1-12,Products
NTS1-CAR1-2,Products
NTS1-CAR1-17,Products
NTS1-CAR1-1,Products
NTS1-CAD1-9,Products
NTS1-CAD1-13,Products
NTS1-CAD1-15,Products
NTS1-CAD1-5,Products
NTS1-CAD1-8,Products
NTS1-CAD1-7,Products
NTS1-CAD1-4,Products
NTS1-CAD1-3,Products
ZNS2-059380,Spare parts
ZNS2-059295,Spare parts
ZNS2-059293,Spare parts
ZNS2-059216,Spare parts
ZNS2-059161,Spare parts
ZNS2-058613,Spare parts
ZNS2-058330,Spare parts
ZNS2-057960,Spare parts
ZNS2-054085,Spare parts
ZNS2-052330,Spare parts
ZNS2-051119,Spare parts
ZNS2-050682,Spare parts
ZNS2-006725,Spare parts
ZNS2-005382,Spare parts
ZNS2-005011,Spare parts
ZNS2-003334,Spare parts
ZNS2-003328,Spare parts
ZNS2-002862,Spare parts
ZNS2-002544,Spare parts
ZNS2-0C7868,Spare parts
ZNS2-0C7737,Spare parts
ZNS2-0C7571,Spare parts
ZNS2-0C7485,Spare parts
ZNS2-0C7232,Spare parts
ZNS2-0C6237,Spare parts
ZNS2-0C4749,Spare parts
ZNS2-0C4691,Spare parts
ZNS2-0C4463,Spare parts
ZNS2-0C2669,Spare parts
ZNS2-0C1380,Spare parts
ZNS2-0C0756,Spare parts
ZNS2-0C0625,Spare parts
ZNS2-0C0614,Spare parts
ZNS2-0A2650,Spare parts
BER1-BS6DU-F-Z-L,Products
BER1-BS6DU-CF-L,Products
BER1-BS6DU-C-Z-L(770),Products
BER1-BS4DU-CF-L,Products
BER1-BS4DU-C-L,Products
NTS1-MBF-40C,Products
PIM2-DR520-660,Spare parts
ZNS2-056843,Spare parts
ZNS2-056821,Spare parts
ZNS2-056820,Spare parts
ZNS2-054151,Spare parts
ZNS2-054150,Spare parts
ZNS2-054118,Spare parts
ZNS2-053408,Spare parts
ZNS2-025245,Spare parts
ZNS2-005010,Spare parts
ZNS2-0CA374,Spare parts
ZNS2-0CA074,Spare parts
ZNS2-0C9240,Spare parts
ZNS2-0C9224,Spare parts
ZNS2-0C9198,Spare parts
ZNS2-0C8739,Spare parts
ZNS2-0C8571,Spare parts
PRC1-KK-WP40PPLH,Products
ZNS2-0C7964,Spare parts
ZNS2-0C7938,Spare parts
ZNS2-0C7661,Spare parts
ZNS2-0C7353,Spare parts
ZNS2-0C7180,Spare parts
ZNS2-0C7102,Spare parts
ZNS2-0C5248,Spare parts
ZNS2-0C4529,Spare parts
ZNS2-0C3162,Spare parts
ZNS2-0C1605,Spare parts
ZNS2-0C7345,Spare parts
ZNS2-0C0068,Spare parts
ZNS2-0A5621,Spare parts
ZNS2-0A5422,Spare parts
ZNS2-0A2563,Spare parts
ZNS2-0A2135,Spare parts
ZNS2-0A2102,Spare parts
BER1-BS4DR-C6-2-L(750),Products
PIM2-TC12-15,Spare parts
PIM2-TC12-13,Spare parts
NTS1-5-4,Products
NTS1-HOOK-300,Products
MMT1-DEC21E2,Products
TBA2-M722900206,Spare parts
TBA2-M722900106,Spare parts
TBA2-M722900104,Spare parts
TBA2-K3F2901502,Spare parts
TBA2-30229M0404,Spare parts
RAN2-39220015,Spare parts
RAN2-39220010,Spare parts
RAN2-39120025,Spare parts
RAN2-38123069,Spare parts
RAN2-38123016,Spare parts
RAN2-38120061,Spare parts
RAN2-38120042,Spare parts
RAN2-38120040,Spare parts
RAN2-37510320,Spare parts
RAN2-36404114,Spare parts
RAN2-36404113,Spare parts
RAN2-36404106,Spare parts
RAN2-36404007,Spare parts
RAN2-36302001,Spare parts
RAN2-35002507,Spare parts
RAN2-35002504,Spare parts
RAN2-34200192,Spare parts
RAN2-34100004,Spare parts
RAN2-34070192,Spare parts
RAN2-34040002,Spare parts
RAN2-34030131,Spare parts
RAN2-34030110,Spare parts
RAN2-34030042,Spare parts
RAN2-34030033,Spare parts
RAN2-34030025,Spare parts
RAN2-34020112,Spare parts
RAN2-33322028,Spare parts
RAN2-32329014,Spare parts
RAN2-23212014,Spare parts
RAN2-23123003,Spare parts
RAN2-23119028,Spare parts
RAN2-21206501,Spare parts
RAN2-13010410,Spare parts
PIM2-TC12-24,Spare parts
PIM2-TC12-20,Spare parts
PIM2-TC22-12,Spare parts
PIM2-TC12-12,Spare parts
PIM2-TC12-11,Spare parts
PIM2-ESK-10-02,Spare parts
PIM2-ESK-10-BT,Spare parts
PRC1-KK-MSP2,Products
CAM1-1014CT-110,Products
LKK2-B80-257,Spare parts
BER1-BS2D-CF4-Z-L(760),Products
BER1-BS2D-C6-Z-L(750),Products
BER1-BS2D-C5-Z-L(760),Products
NTS1-SINK404030,Products
NTS1-SINK404030-M,Products
BER1-BS-SW2D-L6(750),Products
BER1-BS-SW3D-L8(750),Products
BER1-BS-SW1D-L4(750),Products
BER1-BS3D-F8-L(750),Products
BER1-BS3D-C8-L(750),Products
BER1-BS2D-PCF6-Z(760),Products
BER1-CKE3SCSB,Products
BER1-BS2DU-CF-L,Products
BER1-BS2DU-C-Z-L(770),Products
BER1-CRB3B-17,Products
BER1-BS2D-C5-L-2F2B(750),Products
BER1-B2D-C6-W(750),Products
BER1-B2D-C6-L6-SM,Products
BER1-BS4DR-C5-2-L(750),Products
BER1-3D-DC-S-50HZ,Products
BER1-1D-DC-S,Products
SKP2-AM109S0010,Spare parts
TBA2-T07A510060,Spare parts
TBA2-S49F110100,Spare parts
TBA2-M720700101,Spare parts
TBA2-KRF8140200,Spare parts
TBA2-KR99800200,Spare parts
TBA2-KR93200300,Spare parts
TBA2-KR91700501,Spare parts
TBA2-KR85400100,Spare parts
TBA2-KR8AF00200,Spare parts
TBA2-KR2AF00100,Spare parts
TBA2-KF83000100,Spare parts
TBA2-KF81530200,Spare parts
TBA2-KF55300304,Spare parts
TBA2-KF25300403,Spare parts
TBA2-K3F9700200,Spare parts
TBA2-K3F3201100,Spare parts
TBA2-K2F9700100-KF,Spare parts
TBA2-K2F9000108,Spare parts
TBA2-K1F0420104,Spare parts
TBA2-K1F0420103,Spare parts
TBA2-K1D5400100,Spare parts
TBA2-CF42800500,Spare parts
TBA2-BS85300104,Spare parts
TBA2-BS55300104,Spare parts
TBA2-BR89100100,Spare parts
TBA2-BR25300103,Spare parts
TBA2-30229M0304,Spare parts
TBA2-150CW,Spare parts
TBA2-3CABR,Spare parts
SKP2-S1S1000300,Spare parts
SKP2-PM022H0060,Spare parts
SKP2-PM022H0050,Spare parts
SKP2-PM009H0120,Spare parts
SKP2-PM002S0120,Spare parts
SKP2-P996300402,Spare parts
SKP2-P993200800,Spare parts
SKP2-HF5040101,Spare parts
SKP2-B3D5800300,Spare parts
SKP2-30281Q0100,Spare parts
RAN2-10111019,Spare parts
RAN2-10110475,Spare parts
RAN2-10060512,Spare parts
RAN2-10060109,Spare parts
RAN2-10060106,Spare parts
KLT1-CINNAMON-BROWN-4570,Products
KLT1-CLEAR-RED-4570,Products
KLT1-SILVER-DOVE-4570,Products
NTS1-FR-4611-4L,Products
BER1-BJY-IK40,Products
NTS1-WCD-1L,Products
NTS1-FB1165,Products
NTS1-BPN-380,Products
SIR1-28184240,Products
BER1-OB4FS,Products
TBA1-KURF18-3-LW(700-MM),Products
BER1-BMC4WC,Products
PIM1-JD318MIX,Products
NTS1-CD-101-9L,Products
NTS1-FR-1611-9L,Products
PRC1-BSK-WB45,Products
CTP1-KB-07-65YD-RD,Products
CTP1-KB-07-65YD-GR,Products
CTP1-KB-07-65YD-BL,Products
CTP1-KB-07-65YD-BK,Products
CTP1-KB-06-90YD-RD,Products
CTP1-KB-06-90YD-GR,Products
CTP1-KB-06-90YD-BL,Products
PIM2-GDO-003,Spare parts
PIM2-GDO-023,Spare parts
PIM2-GDO-009,Spare parts
PIM2-GDO-006,Spare parts
SIR1-C-TRONIC-4-VT,Products
CAM1-EXU244872V4-480,Products
HAT2-R02.08.144E.00,Spare parts
HAT2-X07.03.466.00,Spare parts
HAT2-R04.05.625.00,Spare parts
LIN2-HA124,Spare parts
VRM2-AR005-178-TS025,Spare parts
VRM2-AR005-178-TS024,Spare parts
PIM1-IND-7200-F4,Products
LKK1-EF-061H,Products
LKK1-EF-061,Products
NDW1-TONY-BLACK,Products
TBA1-TIM-75A,Products
ROB1-PM60G,Products
BER1-CRB2B,Products
PIM2-70202021828L,Spare parts
NTS1-MU-E6L,Products
PIM1-IMB850-650W-BL550N,Products
PIM1-IMB650-650W-BL450N,Products
PIM1-IMB650-650W-BL350N,Products
PIM1-IMB220-270W-BL250P,Products
PIM2-916020014,Spare parts
PIM2-915010041,Spare parts
PIM2-912080237,Spare parts
PIM2-910020009A,Spare parts
PIM2-910020006,Spare parts
PIM2-910020004,Spare parts
PIM2-910020003A,Spare parts
PIM2-910020002,Spare parts
PIM2-910020001,Spare parts
PIM2-910010087,Spare parts
PIM2-910010073,Spare parts
PIM2-910010061,Spare parts
PIM2-910010059,Spare parts
PIM2-910010056,Spare parts
PIM2-910010052,Spare parts
PIM2-910010038,Spare parts
PIM2-910010034,Spare parts
PIM2-910010033,Spare parts
PIM2-910010032,Spare parts
PIM2-910010031,Spare parts
PIM2-909120005,Spare parts
PIM2-909040004,Spare parts
PIM2-909010177,Spare parts
PIM2-909010176,Spare parts
PIM2-909010068,Spare parts
PIM2-909010067,Spare parts
PIM2-909010063,Spare parts
PIM2-908070025,Spare parts
PIM2-906010029A,Spare parts
PIM2-905990083,Spare parts
PIM2-905990082,Spare parts
PIM2-905990052,Spare parts
PIM2-905990038,Spare parts
PIM2-905990030,Spare parts
PIM2-905180013,Spare parts
PIM2-905180012,Spare parts
PIM2-905180011,Spare parts
PIM2-905180010,Spare parts
PIM2-905180006,Spare parts
PIM2-905160053,Spare parts
PIM2-905160052,Spare parts
PIM2-905160048,Spare parts
PIM2-905130025,Spare parts
PIM2-905130023,Spare parts
PIM2-905130022,Spare parts
PIM2-905130021,Spare parts
PIM2-905120070,Spare parts
PIM2-905110008,Spare parts
PIM2-905100010,Spare parts
PIM2-905090006,Spare parts
PIM2-905090004,Spare parts
PIM2-905070028,Spare parts
PIM2-905070027,Spare parts
PIM2-905070026,Spare parts
PIM2-905070016,Spare parts
PIM2-905070010,Spare parts
PIM2-905070007,Spare parts
PIM2-905060048,Spare parts
PIM2-905060046,Spare parts
PIM2-905060037,Spare parts
PIM2-905060019,Spare parts
PIM2-905050023,Spare parts
PIM2-905050022,Spare parts
PIM2-905040016,Spare parts
PIM2-905040012,Spare parts
PIM2-905040004,Spare parts
PIM2-905030026,Spare parts
PIM2-905030017,Spare parts
PIM2-905030010,Spare parts
PIM2-905020034A,Spare parts
PIM2-905020007,Spare parts
PIM2-904010018,Spare parts
PIM1-ESK-10L,Products
PIM1-ESK-10LS,Products
NTS1-TB1500A,Products
PIM2-916040002,Spare parts
PIM2-912080370,Spare parts
PIM2-906010017,Spare parts
PIM2-905990046,Spare parts
PIM2-905990003,Spare parts
PIM2-905160068,Spare parts
PIM2-905160065,Spare parts
PIM2-905160009,Spare parts
PIM2-905120014,Spare parts
PIM2-905090005,Spare parts
PIM2-905070043,Spare parts
PIM2-905060034,Spare parts
PIM2-905060008,Spare parts
PIM2-905050029,Spare parts
PIM2-905020017,Spare parts
PIM2-905020016,Spare parts
NTS1-TB1200A,Products
NTS1-TBS1500A,Products
NTS1-TBS1800A,Products
NTS1-TBS2300A,Products
NTS1-TB1800A,Products
NTS1-TB2300A,Products
PIM1-SM110L,Products
LAC2-4941134706,Spare parts
LAC2-4822130085,Spare parts
LAC2-4821023082,Spare parts
LAC2-4772117321,Spare parts
LAC2-4731112143,Spare parts
LAC2-4701134698,Spare parts
LAC2-4001051934,Spare parts
LAC2-3501117396,Spare parts
LAC2-3301134963,Spare parts
LAC2-990710000,Spare parts
LAC2-985717010,Spare parts
LAC2-925852000,Spare parts
LAC2-922785000,Spare parts
LAC2-915789000,Spare parts
LAC2-903761000,Spare parts
LAC2-903143000,Spare parts
LAC2-803190008,Spare parts
LAC2-803190003,Spare parts
LAC2-803180014,Spare parts
LAC2-803180007,Spare parts
LAC2-803180006,Spare parts
LAC2-803140039,Spare parts
LAC2-803140037,Spare parts
LAC2-803140023,Spare parts
LAC2-803140010,Spare parts
LAC2-803130061,Spare parts
LAC2-803130060,Spare parts
LAC2-803130059,Spare parts
LAC2-803130053,Spare parts
LAC2-803130052,Spare parts
LAC2-803130048,Spare parts
LAC2-803130047,Spare parts
LAC2-803130044,Spare parts
LAC2-803130025,Spare parts
LAC2-803130023,Spare parts
LAC2-803130022,Spare parts
LAC2-803130021,Spare parts
NTS1-RPS-AL12S,Products
JTA2-301080021,Spare parts
LAC2-803130018,Spare parts
LAC2-803130015,Spare parts
LAC2-803130014,Spare parts
LAC2-803130013,Spare parts
LAC2-803130012,Spare parts
LAC2-803130011,Spare parts
LAC2-803130008,Spare parts
LAC2-803130004,Spare parts
LAC2-803130002,Spare parts
LAC2-593790011,Spare parts
LAC2-592782001,Spare parts
LAC2-590791010,Spare parts
LAC2-590715000,Spare parts
TBA1-KRF65-6-LW,Products
LAC2-590660001,Spare parts
LAC2-590159006,Spare parts
LAC2-562204000,Spare parts
LAC2-561900121,Spare parts
LAC2-539901000,Spare parts
LAC2-537047600,Spare parts
LAC2-533798310,Spare parts
LAC2-533100500,Spare parts
LAC2-533100400,Spare parts
LAC2-532802700,Spare parts
LAC2-532800100,Spare parts
LAC2-532731800,Spare parts
LAC2-532719400,Spare parts
LAC2-532392810,Spare parts
LAC2-532091300,Spare parts
LAC2-532001008,Spare parts
LAC2-531505800,Spare parts
LAC2-531491400,Spare parts
LAC2-531404000,Spare parts
LAC2-531401900,Spare parts
TBA1-KR45-4P-LW,Products
LAC2-531401500,Spare parts
TBA1-KR25-2P-LW,Products
LAC2-531390700,Spare parts
LAC2-531104610,Spare parts
LAC2-531101210,Spare parts
LAC2-530901910,Spare parts
LAC2-530118800,Spare parts
LAC2-530107400,Spare parts
LAC2-499094000,Spare parts
LAC2-496053000,Spare parts
LAC2-485923022,Spare parts
LAC2-485061010,Spare parts
LAC2-481361000,Spare parts
LAC2-465992000,Spare parts
LAC2-465571000,Spare parts
LAC2-465356000,Spare parts
LAC2-465321000,Spare parts
LAC2-465317001,Spare parts
LAC2-465311011,Spare parts
LAC2-465183010,Spare parts
LAC2-465182000,Spare parts
LAC2-465140040,Spare parts
LAC2-465135000,Spare parts
LAC2-465133010,Spare parts
LAC2-465029000,Spare parts
LAC2-465013011,Spare parts
TBA1-KGR12-2-LW(750MM),Products
TBA1-KR45-4-LW,Products
TBA1-KR65-3-LW,Products
TBA1-KR65-6-LW,Products
TBA1-KRF45-4H-LW,Products
TBA1-KSR12-2-LW(750MM),Products
TBA1-KSR15-2-LW(700MM),Products
TBA1-KSR15-2-LW(750MM),Products
TBA1-KSR9-1-LW(750MM),Products
TBA1-KUF12-2-LW(750MM),Products
TBA1-KUF15-2-LW(750MM),Products
TBA1-KUF18-3-LW(750MM),Products
TBA1-KUR12-2-LW(750MM),Products
TBA1-KUR15-2-L(600MM),Products
TBA1-KUR15-2-LW(750MM),Products
TBA1-KUR18-3-LW(750MM),Products
TBA1-KUR9-1-LW(750-MM),Products
TBA1-KURF12-2-LW(750MM),Products
TBA1-KURF15-2-LW(750MM),Products
TBA1-KURF18-3-LW(750MM),Products
TBA1-TIM-100A,Products
TBA1-TIM-50A,Products
LKK1-MW-2,Products
LAC2-465010001,Spare parts
LAC2-465008021,Spare parts
LAC2-465007010,Spare parts
LAC2-465006030,Spare parts
LAC2-457344000,Spare parts
LAC2-445591000,Spare parts
LAC2-402302000,Spare parts
LAC2-401371000,Spare parts
HOS2-A8,Spare parts
NTS1-MS-770-410,Products
NTS1-DRA-DIA46,Products
NTS1-ATYPE-SHFB,Products
NTS1-SHFB-438-330,Products
NTS1-DRA2-90,Products
NTS1-FAUCET4,Products
PIM1-SM210L,Products
PIM1-SM315L,Products
CTP1-KB-02-110YD-BK,Products
TOP1-F-S,Products
JTA2-301040898,Spare parts
LKK2-Z-15GW2-B,Spare parts
LKK2-WF171-9,Spare parts
LKK2-TMT-46812,Spare parts
LKK2-TJ32-27,Spare parts
LKK2-TJ32-25,Spare parts
LKK2-TJ32-23,Spare parts
LKK2-TJ32-08,Spare parts
LKK2-TJ32-07,Spare parts
LKK2-TIMER(QL246),Spare parts
LKK2-TIME(HS80),Spare parts
LKK2-THERMOSTAT(HYG-2D),Spare parts
LKK2-TC356212,Spare parts
LKK2-TC50-72-12,Spare parts
LKK2-TC35-50-10,Spare parts
LKK2-TC25-50-10,Spare parts
LKK2-TC12-21,Spare parts
LKK2-RHX-12-26,Spare parts
LKK2-PCP031,Spare parts
LKK2-LX29-713,Spare parts
LKK2-LSP520-74,Spare parts
LKK2-LSP520-71,Spare parts
LKK2-LSP520-62,Spare parts
LKK2-LSP520-29-4,Spare parts
LKK2-LSP520-07,Spare parts
LKK2-LK-GDO-26,Spare parts
LKK2-LK-GDO-24,Spare parts
LKK2-LK-GDO-12,Spare parts
LKK2-LK-GDO-11,Spare parts
LKK2-LK-GDO-10,Spare parts
LKK2-LK-GDO-8,Spare parts
LKK2-LK-GDO-7,Spare parts
LKK2-LK-GDO-6,Spare parts
LKK2-LB-10,Spare parts
LKK2-KSY-10-06,Spare parts
LKK2-KNOB-TI(DHL32),Spare parts
LKK2-KNOB(HS80),Spare parts
LKK2-K-360-1,Spare parts
LKK2-JZX-18FF,Spare parts
LKK2-JG300-40,Spare parts
LKK2-IND350S-11,Spare parts
LKK2-IND350S-3,Spare parts
LKK2-IND300-9,Spare parts
LKK2-HS40A-16,Spare parts
LKK2-HS30A-41,Spare parts
LKK2-HS30-37,Spare parts
LKK2-HS30-05,Spare parts
LKK2-HS20-19-2,Spare parts
LKK2-HS20-13,Spare parts
LKK2-HG4-692-67(JG210),Spare parts
LKK2-GCNP(WGF-182),Spare parts
LKK2-GB9877.1-88,Spare parts
LKK2-GB6170-86,Spare parts
LKK2-GB1171-74(HS20),Spare parts
LKK2-GB1096-79,Spare parts
LKK2-GB281-64,Spare parts
LKK2-GB70-85,Spare parts
LKK2-GASINLET,Spare parts
LKK2-FOOT(EPC),Spare parts
LKK2-FDMZ150-16,Spare parts
LKK2-FDMZ125-18,Spare parts
LKK2-FDMZ125-17,Spare parts
LKK2-FDMZ125-15,Spare parts
LKK2-FDMZ125-13,Spare parts
LKK2-FDMZ125-11,Spare parts
LKK2-ELEMENT(EPZ-2),Spare parts
LKK2-DHDC-PL6,Spare parts
LKK2-CUTTER,Spare parts
LKK2-CONTACTOR,Spare parts
LKK2-CONTACT(LK-PL),Spare parts
LKK2-CDA-H24PC,Spare parts
LKK2-CAPACITOR400UF,Spare parts
LKK2-BT-200T1-6,Spare parts
LKK2-BT-200T1-5,Spare parts
LKK2-BT-200T1-4,Spare parts
LKK2-BLOWER,Spare parts
LKK2-BK50VAI,Spare parts
LKK2-BELT(B60),Spare parts
LKK2-BASKET(EF-061),Spare parts
LKK2-BASE-TH(EPZ-2),Spare parts
LKK2-BA810,Spare parts
LKK2-B30-SCREW,Spare parts
LKK2-B30-05-27,Spare parts
LKK2-B25-AM1703,Spare parts
LKK2-B25-62,Spare parts
LKK2-B20F-CE-ON,Spare parts
LKK2-B20F-CE-OFF,Spare parts
LKK2-B20F(K)-SWITCH,Spare parts
LKK2-B20B-65,Spare parts
LKK2-B20B-44,Spare parts
LKK2-B20B-33,Spare parts
LKK2-B20B-23,Spare parts
LKK2-B10-01-31,Spare parts
LKK2-B5D-23,Spare parts
LKK2-B5D-15,Spare parts
LKK2-B5D-08,Spare parts
LKK2-B5D-06,Spare parts
LKK2-B5A-40,Spare parts
LKK2-30203,Spare parts
LKK2-A1550,Spare parts
LKK2-6205DU,Spare parts
LKK2-1602,Spare parts
LKK2-1575,Spare parts
LKK2-1350,Spare parts
LKK2-520-30-3,Spare parts
LKK2-500W,Spare parts
LKK2-50X72X12,Spare parts
LKK2-35X52X12,Spare parts
LKK2-33,Spare parts
LKK2-015-300L,Spare parts
LKK2-007-300L,Spare parts
LKK2-06MF,Spare parts
LKK2-006-300L,Spare parts
LKK2-004-300L,Spare parts
PUJ1-836.120,Products
NTS1-LSP-320,Products
NTS1-LSP-200,Products
NTS1-LSP-260,Products
CAM1-6RS6-480,Products
BER1-JD118JET25,Products
NTS1-BELL-C,Products
KIT2-9701670,Spare parts
PIM2-PFB16SC-008,Spare parts
NTS1-SP-H110,Products
NTS1-SP-H100,Products
NTS1-SP-H90,Products
NTS1-SP-H85,Products
NTS1-SP-H80,Products
NTS1-SP-H75,Products
NTS1-BODY-STD56,Products
NTS1-BODY-STD47,Products
NTS1-LID-ST40,Products
NTS1-LID-ST54,Products
NTS1-BSP-H120,Products
NTS1-BSP-H130,Products
NTS1-BSP-H135,Products
NTS1-BSP-H150,Products
NTS1-BSP-H180,Products
NTS1-BSP-H220,Products
BER1-STAND,Products
PUJ1-358.040,Products
HAM1-1G91503,Products
CAM1-IB27-148,Products
CAM1-ICS100L-192,Products
CAM1-CPU213664V4-480,Products
CAM1-MDSCDB9-447,Products
HAM1-1G915,Products
HAM1-1G914,Products
HAM1-1G91515,Products
HAM1-1G91555,Products
HAM1-1G91605,Products
HAM1-E915,Products
HAM1-1G950,Products
HAM1-MIC2000,Products
HAM1-HMI200-CE,Products
HAM1-60200-CE,Products
BKP2-2F-T1007A,Spare parts
SAN2-50230,Spare parts
CEC2-X070A,Spare parts
CEC2-X069A,Spare parts
CEC2-X033A,Spare parts
CEC2-X019A,Spare parts
CEC2-X008A,Spare parts
CEC2-V002A,Spare parts
CEC2-V001A,Spare parts
CEC2-U586A,Spare parts
CEC2-U019H,Spare parts
CEC2-S014A,Spare parts
CEC2-S013A,Spare parts
CEC2-P221A,Spare parts
CEC2-M611A,Spare parts
CEC2-M172S,Spare parts
CEC2-M099F,Spare parts
CEC2-M027A,Spare parts
CEC2-M008A,Spare parts
CEC2-M005S,Spare parts
CEC2-L308A,Spare parts
CEC2-L292A,Spare parts
CEC2-L290A,Spare parts
CEC2-L282A,Spare parts
CEC2-L266A,Spare parts
CEC2-L217A,Spare parts
CEC2-L215A,Spare parts
CEC2-L159G,Spare parts
CEC2-L155S,Spare parts
CEC2-L151A,Spare parts
CEC2-L115F,Spare parts
CEC2-L099F,Spare parts
CEC2-L025A,Spare parts
CEC2-L016F,Spare parts
CEC2-L005A,Spare parts
CEC2-L002A,Spare parts
CEC2-K402Q,Spare parts
CEC2-K149A,Spare parts
CEC2-K108A,Spare parts
CEC2-K107A,Spare parts
CEC2-H134L,Spare parts
CEC2-H115J,Spare parts
CEC2-H051A,Spare parts
CEC2-G359A,Spare parts
CEC2-G298A,Spare parts
CEC2-G237A,Spare parts
CEC2-G236A,Spare parts
CEC2-G107A,Spare parts
CEC2-F176A,Spare parts
CEC2-F134F,Spare parts
CEC2-F022F,Spare parts
CEC2-F019A,Spare parts
CEC2-F002F,Spare parts
CEC2-E011A,Spare parts
CEC2-E002A,Spare parts
CEC2-D021A,Spare parts
CEC2-C223AL,Spare parts
CEC2-C076A,Spare parts
ZAN1-CIT-6-BM-GAS,Products
CEC2-C005Q,Spare parts
CEC2-C002A,Spare parts
CEC2-B075A,Spare parts
CEC2-B069A,Spare parts
CEC2-B017A,Spare parts
CEC2-87046,Spare parts
CEC2-80234,Spare parts
NTS1-SQ-5.5L-1,Products
NTS1-GN13L,Products
NTS1-CED-9L-PC,Products
NTS1-CDH-700W,Products
NTS2-RUB-SSG22,Spare parts
EKA2-13950017400,Spare parts
EKA2-11981458000,Spare parts
EKA2-11973899202,Spare parts
EKA2-11973769202,Spare parts
EKA2-11972917800,Spare parts
EKA2-11972669202,Spare parts
EKA2-11972639202,Spare parts
EKA2-11972559202,Spare parts
EKA2-11972309202,Spare parts
EKA2-11971909202,Spare parts
EKA2-11961668500,Spare parts
EKA2-11961068000,Spare parts
EKA2-11960968712,Spare parts
EKA2-11951377000,Spare parts
EKA2-11950947000,Spare parts
EKA2-11950427000,Spare parts
EKA2-11950417000,Spare parts
EKA2-11950107000,Spare parts
EKA2-09989738000,Spare parts
EKA2-09988848000,Spare parts
EKA2-09982928518,Spare parts
EKA2-09980918700,Spare parts
EKA2-09980908700,Spare parts
EKA2-09980309202,Spare parts
EKA2-09980288000,Spare parts
EKA2-09974978518,Spare parts
EKA2-09964139512,Spare parts
EKA2-09960058500,Spare parts
EKA2-09960028500,Spare parts
EKA2-09954657000,Spare parts
EKA2-09952787000,Spare parts
EKA2-09951707000,Spare parts
EKA2-09951677000,Spare parts
EKA2-09951017000,Spare parts
EKA2-09950437000,Spare parts
EKA2-09950388535,Spare parts
EKA2-09950368534,Spare parts
EKA2-01990298612,Spare parts
EKA2-01980518000,Spare parts
EKA2-01970498612,Spare parts
EKA2-01960778504,Spare parts
EKA2-01960368000,Spare parts
EKA2-01951367000,Spare parts
EKA2-01951187000,Spare parts
EKA2-01951177000,Spare parts
EKA2-01950077400,Spare parts
EKA2-01950037000,Spare parts
EKA2-5032931,Spare parts
CAM1-10CWC-135,Products
SAN2-68660,Spare parts
SAN2-68210,Spare parts
SAN2-68202,Spare parts
SAN2-68200,Spare parts
SAN2-65537,Spare parts
SAN2-62105,Spare parts
SAN2-62101,Spare parts
SAN2-62100,Spare parts
SAN2-58210,Spare parts
SAN2-53205,Spare parts
SAN2-52200,Spare parts
SAN2-50300,Spare parts
SAN2-37483,Spare parts
SAN2-37190,Spare parts
SAN2-37160,Spare parts
SAN2-37125P,Spare parts
SAN2-37120P,Spare parts
SAN2-33130,Spare parts
SAN2-28897,Spare parts
SAN2-28887,Spare parts
SAN2-28873,Spare parts
SAN2-28870,Spare parts
SAN2-28800,Spare parts
SAN2-28753,Spare parts
SAN2-28660,Spare parts
SAN2-28522,Spare parts
SAN2-28510,Spare parts
SAN2-28403,Spare parts
SAN2-28226,Spare parts
SAN2-28210,Spare parts
SAN2-10905,Spare parts
SAN2-10712,Spare parts
SAN2-10609,Spare parts
SAN2-09206,Spare parts
SAN2-09202,Spare parts
SAN2-06723,Spare parts
SAN2-06307,Spare parts
SAN2-02435,Spare parts
SAN2-02412,Spare parts
SAN2-02409,Spare parts
SAN2-02345,Spare parts
SAN2-02340,Spare parts
SAN2-02330,Spare parts
SAN2-02312,Spare parts
SAN2-02210,Spare parts
SAN2-02205,Spare parts
SAN2-02165,Spare parts
SAN2-02145,Spare parts
SAN2-01416,Spare parts
SAN2-01335,Spare parts
SAN2-01229,Spare parts
SAN2-01206,Spare parts
SAN2-01203,Spare parts
PUJ1-981.600,Products
TBA2-T10A360020,Spare parts
RAN1-S27-GREEN,Products
RAN1-MIDI-CD2,Products
RAN1-EPOCA-S2-RED,Products
ROU1-HDC21,Products
LAK1-297,Products
FAG1-HMI10-11,Products
RAN1-SYSTEM-DE2-RED,Products
CEC2-U022A,Spare parts
CEC2-M600A,Spare parts
CEC2-M326AL,Spare parts
CEC2-M003A,Spare parts
CEC2-L286A,Spare parts
CEC2-L269A,Spare parts
CEC2-F134A,Spare parts
CEC2-E026A,Spare parts
CEC2-E007A,Spare parts
CEC2-C100A,Spare parts
BES2-33614800,Spare parts
BES2-32773500,Spare parts
BES2-32714500,Spare parts
BES2-32714400,Spare parts
BES2-32652600,Spare parts
BES2-32617100,Spare parts
BES2-31972700,Spare parts
BES2-31928000,Spare parts
BES2-31927000,Spare parts
BES2-31859000,Spare parts
BES2-31643600,Spare parts
BES2-31858600,Spare parts
BES2-31643500,Spare parts
BES2-31613800,Spare parts
BES2-31613700,Spare parts
BES2-31278400,Spare parts
BES2-30168800,Spare parts
BES2-27022300,Spare parts
BES2-25982800,Spare parts
BES2-25589700,Spare parts
BES2-25040600,Spare parts
BES2-24119100,Spare parts
BES2-24118700,Spare parts
BES2-24118500,Spare parts
BES2-23595600,Spare parts
BES2-23117700,Spare parts
BES2-22039300,Spare parts
BES2-22037800,Spare parts
BES2-22016500,Spare parts
BES2-22016200,Spare parts
BES2-22015200,Spare parts
BES2-40312000,Spare parts
BES2-40113000,Spare parts
BES2-40112000,Spare parts
BES2-40111000,Spare parts
BES2-38952300,Spare parts
BES2-38951000,Spare parts
BES2-35954900,Spare parts
BES2-35954500,Spare parts
BES2-35880200,Spare parts
BES2-35271800,Spare parts
BES2-33606100,Spare parts
BES2-33059200,Spare parts
BES2-32924100,Spare parts
BES2-32811600,Spare parts
BES2-32714900,Spare parts
BES2-32365300,Spare parts
BES2-32189300,Spare parts
BES2-31954300,Spare parts
BES2-31953500,Spare parts
BES2-31952500,Spare parts
BES2-31807100,Spare parts
BES2-31287000,Spare parts
BES2-31187000,Spare parts
BES2-30684100,Spare parts
BES2-30169700,Spare parts
BES2-30169200,Spare parts
BES2-30168500,Spare parts
BES2-27653300,Spare parts
BES2-27604700,Spare parts
BES2-27604500,Spare parts
BES2-27114900,Spare parts
BES2-25985200,Spare parts
BES2-25985000,Spare parts
BES2-25938600,Spare parts
BES2-25932400,Spare parts
BES2-25915000,Spare parts
BES2-25884400,Spare parts
BES2-25884300,Spare parts
BES2-25850000,Spare parts
BES2-25780200,Spare parts
BES2-25780000,Spare parts
BES2-25775000,Spare parts
BES2-25764000,Spare parts
BES2-25763800,Spare parts
BES2-25763600,Spare parts
BES2-25763400,Spare parts
BES2-25763200,Spare parts
BES2-25760200,Spare parts
BES2-25760000,Spare parts
BES2-25684000,Spare parts
BES2-25610000,Spare parts
BES2-25605100,Spare parts
BES2-25273200,Spare parts
BES2-25273000,Spare parts
BES2-25164500,Spare parts
BES2-25118400,Spare parts
BES2-25111400,Spare parts
BES2-25081800,Spare parts
BES2-25081400,Spare parts
BES2-25079300,Spare parts
BES2-25078600,Spare parts
BES2-25077900,Spare parts
BES2-25064500,Spare parts
BES2-25061800,Spare parts
BES2-25051700,Spare parts
BES2-24653900,Spare parts
BES2-24575600,Spare parts
BES2-24292000,Spare parts
BES2-24069900,Spare parts
BES2-23155300,Spare parts
BES2-23111300,Spare parts
BES2-23105800,Spare parts
BES2-23063300,Spare parts
BES2-23060600,Spare parts
BES2-23020500,Spare parts
BES2-22069700,Spare parts
BES2-22062600,Spare parts
BES2-22050300,Spare parts
BES2-22049900,Spare parts
NTS1-STK3,Products
BES1-G7T4P4FB,Products
LKK1-BT-200T1,Products
LIN2-VA07,Spare parts
LIN2-TI28,Spare parts
LIN2-TH12,Spare parts
LIN2-TC54,Spare parts
LIN2-TC14,Spare parts
LIN2-SW23,Spare parts
LIN2-SO23,Spare parts
LIN2-SL29,Spare parts
LIN2-SL22,Spare parts
LIN2-SL18,Spare parts
LIN2-SL12,Spare parts
LIN2-SE25,Spare parts
LIN2-PR10,Spare parts
LIN2-NE28,Spare parts
LIN2-NE02,Spare parts
LIN2-MO25,Spare parts
LIN2-MA143,Spare parts
LIN2-LN01,Spare parts
LIN2-LE21,Spare parts
LIN2-LE18,Spare parts
LIN2-LE15,Spare parts
LIN2-LA94,Spare parts
LIN2-LA12,Spare parts
LIN2-KS10,Spare parts
LIN2-KS07,Spare parts
LIN2-KS03,Spare parts
LIN2-KN184,Spare parts
LIN2-KN148,Spare parts
LIN2-KN119,Spare parts
LIN2-KN112,Spare parts
LIN2-KN96,Spare parts
LIN2-KN73,Spare parts
LIN2-KN62,Spare parts
LIN2-KN57,Spare parts
LIN2-KN53,Spare parts
LIN2-KN39,Spare parts
LIN2-KB14,Spare parts
LIN2-JE37,Spare parts
LIN2-HI57,Spare parts
LIN2-HI16,Spare parts
LIN2-HI11,Spare parts
LIN2-HA126,Spare parts
LIN2-HA05,Spare parts
LIN2-GASKET,Spare parts
LIN2-GA80,Spare parts
LIN2-FI58,Spare parts
LIN2-FA70,Spare parts
LIN2-EL328,Spare parts
LIN2-EL326,Spare parts
LIN2-EL295,Spare parts
LIN2-EL241,Spare parts
LIN2-EL145,Spare parts
LIN2-EL128,Spare parts
LIN2-EL120,Spare parts
LIN2-EL119,Spare parts
LIN2-EL105,Spare parts
LIN2-EL104,Spare parts
LIN2-EL103,Spare parts
LIN2-EL100,Spare parts
LIN2-EL98,Spare parts
LIN2-EL24,Spare parts
LIN2-EL19UL,Spare parts
LIN2-EL11UL,Spare parts
LIN2-CO33,Spare parts
LIN2-CG11,Spare parts
LIN2-CE01,Spare parts
LIN2-CA92,Spare parts
LIN2-BU81,Spare parts
LIN2-BE16,Spare parts
LIN2-BA116,Spare parts
LIN2-BA115,Spare parts
LIN2-BA114,Spare parts
LIN2-BA90,Spare parts
HOU2-50001010,Spare parts
HOU2-50000888,Spare parts
HOU2-32720003,Spare parts
HOU2-32710033,Spare parts
HOU2-32700230,Spare parts
HOU2-32700229,Spare parts
HOU2-32700221,Spare parts
HOU2-32700220,Spare parts
HOU2-32700212,Spare parts
HOU2-32700208,Spare parts
HOU2-32700170,Spare parts
HOU2-32700166,Spare parts
HOU2-32700165,Spare parts
HOU2-32700106,Spare parts
HOU2-32700092,Spare parts
HOU2-32020030,Spare parts
HOU2-30920003,Spare parts
HOU2-30920000,Spare parts
HOU2-30900008,Spare parts
HOU2-30820031R,Spare parts
HOU2-30800145,Spare parts
HOU2-30800098,Spare parts
HOU2-30800010,Spare parts
HOU2-30700072,Spare parts
HOU2-30700068,Spare parts
HOU2-30700039,Spare parts
HOU2-30700022,Spare parts
HOU2-30700015,Spare parts
HOU2-30520037,Spare parts
HOU2-30500394,Spare parts
HOU2-30500393,Spare parts
HOU2-30500101,Spare parts
HOU2-30300136,Spare parts
HOU2-30220071,Spare parts
HOU2-30120069,Spare parts
HOU2-30100125,Spare parts
HOU2-30100119,Spare parts
HOU2-20900028,Spare parts
HOU2-20800027,Spare parts
HOU2-20700008,Spare parts
HOU2-20520250,Spare parts
HOU2-20500050,Spare parts
HOU2-20400239,Spare parts
HOU2-071128,Spare parts
HOU2-069023,Spare parts
HOU2-069020,Spare parts
HOU2-067400,Spare parts
HOU2-060211,Spare parts
HOU2-059013,Spare parts
HOU2-059005,Spare parts
HOU2-058672,Spare parts
HOU2-058205,Spare parts
HOU2-058033,Spare parts
HOU2-016443,Spare parts
PIT2-PG150,Spare parts
PIT2-BO10144,Spare parts
PIT2-A6667105,Spare parts
HAT2-X0419112300,Spare parts
HAT2-X070351200,Spare parts
HAT2-X050304200,Spare parts
HAT2-X044401500,Spare parts
HAT2-X043602700,Spare parts
HAT2-X030207900,Spare parts
HAT2-X020126600,Spare parts
HAT2-R0004007500,Spare parts
HAT2-R0219079,Spare parts
HAT2-R0208228E00,Spare parts
HAT2-R02.08.229E.00,Spare parts
HAT2-R02.01.448.00,Spare parts
HAT2-BO10126,Spare parts
HAT2-070141400,Spare parts
HAT2-070140700,Spare parts
HAT2-021878300,Spare parts
HAT2-021825300,Spare parts
HAT2-021619900,Spare parts
HAT2-021505000,Spare parts
HAT2-020571600,Spare parts
HAT2-0501023,Spare parts
HAT2-0219004,Spare parts
HAT2-0205095,Spare parts
HAT2-0201295C00,Spare parts
HAT2-04.11.192.33,Spare parts
HAT2-02.09.313.00,Spare parts
HAT2-02.05.314.00,Spare parts
HAM2-LH91605,Spare parts
HAM2-31409300000,Spare parts
HAM2-31072083100,Spare parts
HAM2-30659110000,Spare parts
HAM2-20609360000,Spare parts
HAM2-990379900,Spare parts
HAM2-990358900,Spare parts
HAM2-990358600,Spare parts
HAM2-990351500,Spare parts
HAM2-990346800,Spare parts
HAM2-990346700,Spare parts
HAM2-990342400,Spare parts
HAM2-990341100,Spare parts
HAM2-990339000,Spare parts
HAM2-990338800,Spare parts
HAM2-990338700,Spare parts
HAM2-990167200,Spare parts
HAM2-990150501,Spare parts
HAM2-990057800,Spare parts
HAM2-280128200,Spare parts
HAM2-6126-755,Spare parts
BER2-SPO-R-C2305032A,Spare parts
BER2-SPO-E-C2401008C,Spare parts
BER2-SPO-E-C2401008E,Spare parts
BER2-CI-LBT-1,Spare parts
JTA2-20234002032,Spare parts
JTA2-20234002031,Spare parts
JTA2-20207027042,Spare parts
JTA2-20203026011,Spare parts
JTA2-20154003266,Spare parts
JTA2-20141016002,Spare parts
JTA2-20140068006,Spare parts
JTA2-20128051014,Spare parts
JTA2-20128051013,Spare parts
JTA2-20121041004,Spare parts
JTA2-20117031018,Spare parts
JTA2-302250179,Spare parts
JTA2-302250046,Spare parts
JTA2-302250045,Spare parts
JTA2-302250034,Spare parts
JTA2-302250029,Spare parts
JTA2-302220064,Spare parts
JTA2-302220059,Spare parts
JTA2-302220044,Spare parts
JTA2-302220038,Spare parts
JTA2-302220036,Spare parts
JTA2-302220011,Spare parts
JTA2-302210292,Spare parts
JTA2-302190358,Spare parts
JTA2-302190087,Spare parts
JTA2-302170045,Spare parts
JTA2-302170028,Spare parts
JTA2-302170023,Spare parts
JTA2-302170015,Spare parts
JTA2-302170002,Spare parts
JTA2-302150119,Spare parts
JTA2-302150095,Spare parts
JTA2-302150070,Spare parts
JTA2-302140063,Spare parts
JTA2-302130366,Spare parts
JTA2-302130201,Spare parts
JTA2-302130197,Spare parts
JTA2-302130161,Spare parts
JTA2-302130096,Spare parts
JTA2-302130067,Spare parts
JTA2-302130020,Spare parts
JTA2-302110035,Spare parts
JTA2-302110022,Spare parts
JTA2-302110021,Spare parts
JTA2-302050040,Spare parts
JTA2-302050022,Spare parts
JTA2-302050016,Spare parts
JTA2-302050007,Spare parts
JTA2-302050002,Spare parts
JTA2-302030044,Spare parts
JTA2-302020312,Spare parts
JTA2-301150003,Spare parts
JTA2-301130067,Spare parts
JTA2-301130065,Spare parts
JTA2-301130061,Spare parts
JTA2-301130015,Spare parts
JTA2-301130014,Spare parts
JTA2-301120022,Spare parts
JTA2-301120004,Spare parts
JTA2-301110506+301110389,Spare parts
JTA2-301110499+301110390,Spare parts
JTA2-301110459,Spare parts
JTA2-301110288,Spare parts
JTA2-301110276,Spare parts
JTA2-301110173,Spare parts
JTA2-301110169,Spare parts
JTA2-301110033+0019+0066,Spare parts
JTA2-301110033+301150066,Spare parts
JTA2-301110020+0037+0066,Spare parts
JTA2-301150066,Spare parts
JTA2-301100014,Spare parts
JTA2-301090081,Spare parts
JTA2-301080068,Spare parts
JTA2-301080061,Spare parts
JTA2-301080002,Spare parts
JTA2-301050136,Spare parts
JTA2-301040778,Spare parts
JTA2-301040775,Spare parts
JTA2-301040752,Spare parts
JTA2-301040693,Spare parts
JTA2-301040553,Spare parts
JTA2-301040502,Spare parts
JTA2-301040467,Spare parts
JTA2-301040466,Spare parts
JTA2-301040422,Spare parts
JTA2-301040409,Spare parts
JTA2-301040408,Spare parts
JTA2-301040389,Spare parts
JTA2-301040171,Spare parts
JTA2-301040148,Spare parts
JTA2-301040113,Spare parts
JTA2-301040094,Spare parts
JTA2-301040093,Spare parts
JTA2-301040086,Spare parts
JTA2-301040084,Spare parts
JTA2-301040082,Spare parts
JTA2-301040081,Spare parts
JTA2-301040080,Spare parts
JTA2-301040079,Spare parts
JTA2-301040075,Spare parts
JTA2-301040047,Spare parts
JTA2-301040046,Spare parts
JTA2-301040035,Spare parts
JTA2-301040034,Spare parts
JTA2-301040029,Spare parts
JTA2-301040027,Spare parts
JTA2-301040026,Spare parts
JTA2-301040007,Spare parts
JTA2-301030164,Spare parts
JTA2-301030112,Spare parts
JTA2-301030107,Spare parts
JTA2-301030089,Spare parts
JTA2-301030070,Spare parts
JTA2-301030043,Spare parts
JTA2-301030033,Spare parts
JTA2-301030024,Spare parts
JTA2-301030020,Spare parts
JTA2-301030017,Spare parts
JTA2-301030004,Spare parts
JTA2-301030002,Spare parts
JTA2-301020006,Spare parts
KIT2-W10461707,Spare parts
BER2-VA-0.7,Spare parts
BER2-VA-BV1-A,Spare parts
BER2-TM-EW70-ITY-N-1,Spare parts
BER2-TM-ER001TMST,Spare parts
BER2-TM-EW30-ITY-1,Spare parts
BER2-TM-EGO230,Spare parts
BER2-TM-250-V,Spare parts
BER2-STARTOR,Spare parts
BER2-IC-IK-STARTER,Spare parts
BER2-SPO-R-C2304025A,Spare parts
BER2-SPO-R-C2204032K,Spare parts
BER2-SPO-R-C2204032H,Spare parts
BER2-SPO-P-C1910107A,Spare parts
BER2-SPO-E-C2304025B,Spare parts
BER2-PL-U40,Spare parts
BER2-PL-U20,Spare parts
BER2-NT-UR6D-F,Spare parts
BER2-NT-UR6D-F-M,Spare parts
BER2-NT-TD,Spare parts
BER2-NT-FWB5,Spare parts
BER2-NT-FWB6,Spare parts
BER2-NT-FW77,Spare parts
BER2-NT-FW45,Spare parts
BER2-NT-BBQ2,Spare parts
BER2-NT-7C-M,Spare parts
BER2-LE-FW-LB+LE-FW-LAMP,Spare parts
BER2-KN-MINISIT,Spare parts
BER2-K50-200,Spare parts
BER2-IC-WPU-WLS,Spare parts
BER2-IC-WPU-TCO,Spare parts
BER2-IC-WPU-PCB213,Spare parts
BER2-IC-WPU-SP,Spare parts
BER2-IC-WPU-MV,Spare parts
BER2-IC-WPU-H2KW,Spare parts
BER2-IC-WPU-FAUCET-R,Spare parts
BER2-IC-WPU-DCB,Spare parts
BER2-IC-VCM-A-SPR,Spare parts
BER2-HT-WO-1,Spare parts
BER2-HT-IRL1KW,Spare parts
BER2-HL-NB02-692L,Spare parts
BER2-HL-NB02-548L,Spare parts
BER2-HL-FW-O,Spare parts
BER2-HL-LG02-630(L&R)3.5,Spare parts
BER2-HL-DPC1-B,Spare parts
BER2-HL-B02-610,Spare parts
BER2-HL-B01-610,Spare parts
BER2-DR-DS-BSP-R,Spare parts
BER2-GE-GR600,Spare parts
BER2-CM-SR-117U6019,Spare parts
BER2-CM-SR-117U6016,Spare parts
BER2-CFW10W,Spare parts
BER2-CD-095A,Spare parts
BER2-CD-050,Spare parts
BER2-C-CH-OB123,Spare parts
BER2-CC-DC311CC,Spare parts
BER2-CAPA(CKE4SCSM),Spare parts
BER2-AP-6479-16,Spare parts
BER2-AP-6479-24,Spare parts
TOP1-M98E-501SG03,Products
ROB1-HL30-F,Products
CAM1-22CW-110,Products
PIM2-CF7-103-STL,Spare parts
PIM2-CF7-103-BSN,Spare parts
PIM2-CF7-103-10MO,Spare parts
PIM2-CF5-SSA-NEW,Spare parts
PIM2-CF5-SSA-10,Spare parts
PIM2-70201500755-1.7MM,Spare parts
PIM2-70201500755-1.6MM,Spare parts
PIM2-70201500755-1.5MM,Spare parts
PIM2-70201500755-1.4MM,Spare parts
PIM2-70201500755-1.3MM,Spare parts
PIM2-302110286L,Spare parts
PIM2-301040446,Spare parts
PIM2-301040445,Spare parts
PIM2-301010251,Spare parts
PIM2-30408055,Spare parts
PIM2-30403134,Spare parts
PIM2-30403116,Spare parts
PIM2-30402059,Spare parts
PIM2-30310051,Spare parts
PIM2-30304025,Spare parts
PIM2-30303030,Spare parts
PIM2-302092L+286L+0056+57,Spare parts
OCG1-1B17115,Products
SAN1-70,Products
SAN1-52C,Products
SAN1-50,Products
SAN1-01B,Products
ROE1-R5G-230-50-1,Products
ROB1-UDB30VP,Products
TOP2-M-098-SV,Spare parts
TOP2-9860-BK,Spare parts
PRC1-BK-PCUT8,Products
NTS1-FPH-SSNS-D340,Products
NTS1-SN4755,Products
PRC1-BST-TC-04BK,Products
NTS1-CD-04,Products
HAT1-GRAH60,Products
NTS1-CD-9L-04,Products
NTS1-SN4061,Products
TOP1-M98E-502SN10,Products
TOP1-M98E-502SN12,Products
OBE1-C230-2000001,Products
OBE1-P410-2050030,Products
OBE1-C330-2000028,Products
OBE1-C311-2000002,Products
OBE1-C220-2000035,Products
PRC1-BSK-K85SE,Products
NTS1-THM-TT2,Products
LCR1-1LS01CB17E,Products
LCR1-1LS01CP06E,Products
LCR1-1LS01BD26E,Products
LCR1-1LS01BG26E,Products
LCR1-1LS04CP09E,Products
LCR1-1LS03BD26E,Products
LCR1-4LT04DR13E,Products
LCR1-1LS01AQ13E,Products
OCG1-1B01210,Products
OCG1-1B01206,Products
OCG1-1015G15,Products
OCG1-1B11011,Products
OCG1-1B21314,Products
OCG1-1B00410,Products
OCG1-1B00412,Products
OCG1-1B00411,Products
OCG1-1B11014,Products
OCG1-1B11010,Products
OCG1-1B01913,Products
OCG1-1B00309,Products
OCG1-1B00310,Products
OCG1-1B00208,Products
OCG1-1B00210,Products
OCG1-1C24010,Products
OCG1-1C24012,Products
OCG1-1P02807,Products
OCG1-1B13011,Products
OCG1-1B13013,Products
OCG1-1B17112,Products
CAM1-TDC30-192,Products
NTS1-RDHLCR7-SS,Products
ZNS1-372016,Products
ZNS1-372083,Products
BER1-INFRA4,Products
BER1-INFRA6,Products
CAM1-DRS360-480,Products
CAM1-400DIV-180,Products
BER1-BS2DU-C-L,Products
ROB1-G400,Products
PRC1-TB-SFS-I-A-2.5,Products
LTE1-N8003,Products
PMF1-IBV-30-EVO,Products
PMF1-IBT-40-2V-EVO,Products
PIM1-TM-6,Products
KIN1-3012T1,Products
EDL1-RM5,Products
EKA1-KF-412,Products
PIM2-905060052,Spare parts
PIM2-905060009,Spare parts
PIM2-905060014A,Spare parts
PIM2-906010042A,Spare parts
PIM2-906010030,Spare parts
PIM2-905080014,Spare parts
PIM2-906010032,Spare parts
PIM2-905030024,Spare parts
PIM2-910020005,Spare parts
PIM2-910020007,Spare parts
PIM2-906010031,Spare parts
PIM2-20102010095,Spare parts
PIM2-20102280021,Spare parts
BER1-GG2BFS,Products
BER1-CRB3BFS,Products
BER1-CRB2BFS,Products
BER1-GG3B,Products
BER1-GG2B,Products
BER1-EG3500,Products
BER1-DF13,Products
BER1-EG5250,Products
BER1-OB4,Products
EDL1-ST93,Products
CEC1-G59,Products
BES1-GL15M,Products
BES1-G7FL8B-2,Products
BES1-G7F4BP,Products
BER1-BJY-IT-36C,Products
CAM1-42CW-135,Products
CAM1-42CW-110,Products
CAM1-40PPCWSC-438,Products
CAM1-40PPCWSC-190,Products
CAM1-40PPCH-190,Products
CAM1-40CWCHN-135,Products
CAM1-40CWCH-135,Products
CAM1-40CWC-135,Products
CAM1-38CW-135,Products
CAM1-36PP-190,Products
CAM1-36HP-150,Products
CAM1-36CW-110,Products
CAM1-36CF-110,Products
CAM1-34PP-190,Products
CAM1-34HP-150,Products
CAM1-34CW-135,Products
CAM1-34CW-110,Products
CAM1-33CLRCW-135,Products
CAM1-32HP2H-150,Products
CAM1-32HP-150,Products
CAM1-32CW-135,Products
CAM1-32CW-110,Products
CAM1-30PPD-190,Products
CAM1-30PPCWSC-438,Products
CAM1-30PPCWSC-190,Products
CAM1-30HPL-150,Products
CAM1-30HPD-150,Products
CAM1-30CWLN-135,Products
CAM1-30CWL-135,Products
CAM1-30CWGL-135,Products
CAM1-30CWD-135,Products
CAM1-30CWCHN-135,Products
CAM1-30CWCH-135,Products
CAM1-30CWC-135,Products
CAM1-300DIV-157,Products
CAM1-2SFSPROCW-135,Products
CAM1-2SFSP-148,Products
CAM1-2SFSFPDPP-265,Products
CAM1-2900CT-410,Products
CAM1-28CW-135,Products
CAM1-2700CT-138,Products
CAM1-26PP-190,Products
CAM1-26HP-150,Products
CAM1-26CW-135,Products
SIR2-19300107N+19300207,Spare parts
BER2-IC-VCM-P-SW,Spare parts
SIR2-19530421,Spare parts
SIR2-19525068,Spare parts
SIR2-19510420.13,Spare parts
SIR2-19511720,Spare parts
SIR2-19510764,Spare parts
SIR2-19500160,Spare parts
SIR2-19531059CB,Spare parts
SIR2-19530766.11,Spare parts
SIR2-19500164,Spare parts
SIR2-19540654.07,Spare parts
SIR2-19562160,Spare parts
SIR2-19521480,Spare parts
SIR2-19564037,Spare parts
SIR2-19700364.14,Spare parts
SIR2-19510276.14,Spare parts
SIR2-MF2207,Spare parts
SIR2-19562344.09,Spare parts
SIR2-19540154.15,Spare parts
SIR2-19530654.12,Spare parts
SIR2-19510664,Spare parts
SIR2-19413964.17,Spare parts
SIR2-19401960.17,Spare parts
SIR2-19511253C,Spare parts
SIR2-19511252C,Spare parts
SIR2-19800120,Spare parts
SIR2-19562345,Spare parts
SIR2-19500465L.07,Spare parts
SIR2-IV98407400L,Spare parts
CAM1-25CLRHP-150,Products
CAM1-2500CT-138,Products
CAM1-2500CT-110,Products
CAM1-24PP-190,Products
CAM1-24LPCW-135,Products
CAM1-24HP-150,Products
CAM1-24CW-135,Products
CAM1-24CW-110,Products
CAM1-23CLRHP-150,Products
CAM1-22SFSPROCW-135,Products
CAM1-22LPCW-135,Products
CAM1-22HP-150,Products
CAM1-22CW-135,Products
CAM1-20PPD-190,Products
CAM1-20PPCWSC-438,Products
CAM1-20PPCWSC-190,Products
CAM1-20PPCH-190,Products
CAM1-20LPCWD-135,Products
CAM1-20LPCWC-135,Products
CAM1-20HPLN-150,Products
CAM1-20HPD-150,Products
CAM1-20CWGL-135,Products
CAM1-20CWD-135,Products
CAM1-20CWCHN-135,Products
CAM1-20CWCH-135,Products
BER1-BJY-IK30,Products
CAM1-20CFC-135,Products
CAM1-20C258-184,Products
CAM1-20C258-151,Products
CAM1-2025-148,Products
EDL1-4409HD,Products
JTA2-20240025104,Spare parts
JTA2-302220002,Spare parts
JTA2-302200581,Spare parts
JTA2-302110698,Spare parts
JTA2-302110694,Spare parts
JTA2-302110567,Spare parts
JTA2-302110089,Spare parts
JTA2-302090039,Spare parts
JTA2-302090030,Spare parts
JTA2-302080017,Spare parts
JTA2-302050031,Spare parts
JTA2-302050017,Spare parts
JTA2-301130038,Spare parts
JTA2-301110138,Spare parts
JTA2-301110061,Spare parts
JTA2-301110032,Spare parts
JTA2-301110011,Spare parts
JTA2-301110009,Spare parts
JTA2-301100003,Spare parts
JTA2-301040407,Spare parts
JTA2-301040387,Spare parts
JTA2-301040250,Spare parts
JTA2-301040166,Spare parts
JTA2-301040072,Spare parts
JTA2-301040060,Spare parts
JTA2-301010111,Spare parts
JTA2-301040154,Spare parts
CAM1-WW1000L-148,Products
CAM1-18SFSP-148,Products
CAM1-18CW-135,Products
CAM1-1826LBC-401,Products
CAM1-1826CLRCW-135,Products
CAM1-1826DBCSP-131,Products
CAM1-1826CCW-467,Products
EDL1-BDS4KG,Products
CAM1-1826CCW-464,Products
CAM1-18268CLRCW-135,Products
CAM1-1826-102,Products
CAM1-16PP-190,Products
CAM1-16HP-150,Products
CAM1-16CW-135,Products
CAM1-16C258-151,Products
CAM1-1600TL-322,Products
CAM1-1600TL-138,Products
CAM1-1600TL-110,Products
CAM1-1600CT-138,Products
CAM1-1600CT-110,Products
CAM1-15CLRCW-135,Products
CAM1-1520TL-138,Products
CAM1-1520TL-110,Products
CAM1-1520CT-138,Products
CAM1-1520CL-161,Products
CAM1-1520CL-142,Products
CAM1-1520-199,Products
CAM1-14PP-190,Products
CAM1-1400TL-110,Products
CAM1-14HP-150,Products
CAM1-14CW-135,Products
CAM1-14CW-110,Products
CAM1-1400TL-322,Products
CAM1-1400TL-138,Products
CAM1-1400CT-401,Products
CAM1-1400CT-138,Products
CAM1-1400CT-110,Products
CAM1-12SFSP-148,Products
CAM1-12SFSFPDPP-267,Products
CAM1-12RS12-540,Products
CAM1-12RS12-131,Products
SIR1-PS10,Products
SIR1-MSC06AMOF,Products
SIR1-MSC04AMOZ,Products
SIR1-MSC04AMOF,Products
SAN1-02201DD,Products
SAN1-02201BD,Products
ROE1-28369,Products
CAM1-12HP-772,Products
CAM1-12HP-150,Products
CAM1-12CW-135,Products
ROE1-28162,Products
CAM1-12CW-110,Products
ROE1-27150,Products
CAM1-1252SLB250,Products
ROE1-27149,Products
ROE1-27148,Products
CAM1-124VS-197,Products
ROE1-27106,Products
ROE1-1942,Products
PIM1-KBS-100T,Products
PIM1-KBS-100E,Products
CAM1-1218SCCW-135,Products
CAM1-1218DSCW-135,Products
CAM1-1218CCW-464,Products
CAM1-1218CCW-135,Products
MID2-73727,Spare parts
MID2-73722,Spare parts
MID2-73491,Spare parts
MID2-73170,Spare parts
MID2-72554,Spare parts
MID2-72456,Spare parts
MID2-70818,Spare parts
MID2-69489,Spare parts
MID2-69488,Spare parts
MID2-69482,Spare parts
MID2-69295,Spare parts
MID2-68887,Spare parts
MID2-60967,Spare parts
MID2-60054,Spare parts
MID2-60048,Spare parts
CAM1-1216ET-503,Products
MID2-59144,Spare parts
COG2-K67878,Spare parts
COG2-999288,Spare parts
COG2-999135,Spare parts
COG2-926189,Spare parts
COG2-480005,Spare parts
COG2-456078,Spare parts
COG2-456076,Spare parts
COG2-456002,Spare parts
COG2-437113,Spare parts
COG2-437080,Spare parts
COG2-419040,Spare parts
COG2-419036,Spare parts
COG2-314009,Spare parts
COG2-236042C,Spare parts
COG2-226095,Spare parts
COG2-124060,Spare parts
NTS2-SCREW,Spare parts
NTS2-LT-B-002,Spare parts
NTS2-KEY-SF,Spare parts
NTS2-JD-5L-FC,Spare parts
NTS2-HSB01-HT,Spare parts
NTS2-HP-CD1133,Spare parts
NTS2-HLTL-DS,Spare parts
NTS2-HLTL-DG,Spare parts
NTS2-HLTL-DC,Spare parts
NTS2-HLSL-SS,Spare parts
NTS2-HLSL-SG,Spare parts
NTS2-HLSL-SC,Spare parts
NTS2-HLSL-DS,Spare parts
NTS2-HLSL-DG,Spare parts
NTS2-HLSL-DC,Spare parts
NTS2-HLRL-SS,Spare parts
NTS2-HLRL-SC,Spare parts
NTS2-HLRL-DS,Spare parts
NTS2-HLRL-DC,Spare parts
NTS2-HL1SS,Spare parts
NTS2-HL1G,Spare parts
NTS2-HL1C,Spare parts
NTS2-HL1BK,Spare parts
NTS2-HB-TMT,Spare parts
NTS2-EWB-37-022,Spare parts
NTS2-EWB-37-021,Spare parts
NTS2-EWB-37-012,Spare parts
NTS2-EWB-24-018,Spare parts
NTS2-ESK-10-DTH,Spare parts
NTS2-CED-YJ-LID,Spare parts
NTS2-CED-YJ-KNOB,Spare parts
NTS2-CED-7L-PC-02,Spare parts
NTS2-CED-7L-PC-01,Spare parts
NTS2-CD-IN68-005-L,Spare parts
EDL1-4409HDL,Products
CAM1-1014CT-138,Products
EDL1-270C,Products
EDL1-270,Products
EDL1-266,Products
EDL1-203,Products
EDL1-2,Products
EDL1-1,Products
CAM1-1216CT-138,Products
CAM1-1216CT-110,Products
CAM1-1210PW-191,Products
CAM1-1100CT-138,Products
CAM1-10PPD-190,Products
CAM1-10PPCWSC-190,Products
CAM1-10PPCH-190,Products
CAM1-10CWGL-150,Products
CAM1-10CWGL-135,Products
CAM1-10CWD-135,Products
CAM1-10CWCHN-135,Products
CAM1-10CWCH-135,Products
PRC1-KB-CP-I-A-12-BL,Products
CAM1-105VS-101,Products
CAM1-1014VS-197,Products
CAM1-10146CW-133,Products
CAM1-1000CW-148,Products
ROB1-SC1,Products
MKN1-CGE61,Products
LKK1-QL6,Products
LKK1-QL2,Products
BER1-EG5250FS,Products
BER1-EG5250-12RFS,Products
BER1-EG3500FS,Products
EDL2-A2813P,Spare parts
BER1-EG3500-12RFS,Products
LIN1-LBM3W,Products
BER1-DF11D-17,Products
CTP1-GS-10444-200C-BK,Products
BER1-CG11,Products
LIN1-DF33,Products
TOA1-TMFS-65,Products
NTS1-CAD-S24,Products
ROB1-UDB20VP,Products
ROB1-HQ900,Products
ROB1-83DT,Products
CAM1-UPCSS160-403,Products
CAM1-UPC180-519,Products
CAM1-UPC180-193,Products
CAM1-LD105-416,Products
CAM1-LD105-404,Products
CAM1-EPPMFE1-107,Products
CAM1-DCS950-131,Products
CAM1-DC1225-402,Products
CAM1-DC700-110,Products
CAM1-CPDS24H11-580,Products
CAM1-1317DSLNS-825,Products
CAM1-1014DSLG-110,Products
COG2-228014,Spare parts
COG2-224025,Spare parts
COG2-220010,Spare parts
COG2-215041-2,Spare parts
COG2-215038,Spare parts
COG2-215036,Spare parts
COG2-209043,Spare parts
COG2-206014,Spare parts
COG2-203424,Spare parts
COG2-144992,Spare parts
COG2-143277,Spare parts
COG2-143170,Spare parts
COG2-142060,Spare parts
COG2-142058,Spare parts
COG2-130977,Spare parts
COG2-130206,Spare parts
COG2-130109,Spare parts
COG2-127176,Spare parts
COG2-121162,Spare parts
COG2-121120,Spare parts
COG2-116035,Spare parts
COG2-115152,Spare parts
COG2-115149,Spare parts
COG2-115113,Spare parts
COG2-80933,Spare parts
COG2-80627,Spare parts
COG2-80351,Spare parts
COG2-65727,Spare parts
COG2-65177,Spare parts
COG2-65015,Spare parts
ROE2-511620S,Spare parts
ROE2-503363S,Spare parts
ROE2-405590,Spare parts
ROE2-401548,Spare parts
ROE2-303145,Spare parts
ROE2-303145S,Spare parts
ROE2-303021,Spare parts
ROE2-125136,Spare parts
ROE2-117653,Spare parts
ROE2-109901,Spare parts
ROE2-104122,Spare parts
ROE2-102303,Spare parts
ROE2-89557,Spare parts
ROE2-89556,Spare parts
ROE2-89158,Spare parts
ROE2-89082,Spare parts
ROE2-89079,Spare parts
ROE2-59300,Spare parts
ROE2-49471,Spare parts
ROE2-49438,Spare parts
ROE2-49238,Spare parts
ROE2-39903,Spare parts
ROE2-39772,Spare parts
ROE2-39761,Spare parts
ROE2-39692,Spare parts
ROE2-39690,Spare parts
ROE2-39661,Spare parts
ROE2-39452,Spare parts
ROE2-39341,Spare parts
ROE2-39299,Spare parts
ROE2-29620,Spare parts
ROE2-29507,Spare parts
ROE2-29453,Spare parts
ROE2-29442,Spare parts
ROE2-29244,Spare parts
ROE2-29096,Spare parts
ROE2-27303,Spare parts
SIR2-MF2132,Spare parts
SIR2-MF2122PS,Spare parts
SIR2-MF0132,Spare parts
SIR2-LF1030522066,Spare parts
SIR2-LF1030522010,Spare parts
SIR2-LF202908210,Spare parts
SIR2-LF202908205,Spare parts
SIR2-LF142908025,Spare parts
SIR2-LF102112010,Spare parts
SIR2-LF102106020,Spare parts
SIR2-LF2029917,Spare parts
SIR2-LF2010080,Spare parts
SIR2-LF2007005,Spare parts
SIR2-LF2007004,Spare parts
SIR2-LF2001011,Spare parts
SIR2-LF2001006,Spare parts
SIR2-LF1510701,Spare parts
SIR2-LF1510012,Spare parts
SIR2-LF1144504,Spare parts
SIR2-LF1043105,Spare parts
SIR2-LF1041004,Spare parts
SIR2-LF1033033,Spare parts
SIR2-LF1010090,Spare parts
SIR2-LF1010080,Spare parts
SIR2-IW1071240020,Spare parts
SIR2-IV7700020,Spare parts
SIR2-IV7700010,Spare parts
SIR2-IV7300605,Spare parts
SIR2-IV7300505,Spare parts
SIR2-IV7200600,Spare parts
SIR2-IV5826006,Spare parts
SIR2-IV4100610,Spare parts
SIR2-IV76CQ06X06X20,Spare parts
SIR2-IB5940940,Spare parts
SIR2-GRG102405,Spare parts
SIR2-GRG101440,Spare parts
SIR2-GRG100380,Spare parts
SIR2-GRG100302,Spare parts
SIR2-GM4206600,Spare parts
SIR2-GM3556250,Spare parts
SIR2-FC99004002HAL,Spare parts
SIR2-FC99004002,Spare parts
SIR2-AMG066,Spare parts
SIR2-AME468,Spare parts
SIR2-AME450,Spare parts
SIR2-AMC024,Spare parts
SIR2-195102026,Spare parts
SIR2-49520002,Spare parts
SIR2-49414043,Spare parts
SIR2-49390030,Spare parts
SIR2-29561750,Spare parts
SIR2-29561600.14,Spare parts
SIR2-29320151,Spare parts
SIR2-29030311,Spare parts
SIR2-19564011,Spare parts
SIR2-19563124,Spare parts
SIR2-19561258,Spare parts
SIR2-19551500L,Spare parts
SIR2-19525072,Spare parts
SIR2-19525065,Spare parts
RJ1-FC1600,Products
SIR2-19419062,Spare parts
SIR2-19410330,Spare parts
SIR2-19410313,Spare parts
SIR2-19410175,Spare parts
SIR2-19410136.08,Spare parts
SIR2-SM500503U,Spare parts
SIR2-PJET80104,Spare parts
SIR2-PJET42268,Spare parts
SIR2-OSC649114,Spare parts
SIR2-LF202908340,Spare parts
SIR2-LF202120017,Spare parts
SIR2-LF182112001,Spare parts
SIR2-LF152120011,Spare parts
SIR2-LF152120005,Spare parts
SIR2-LF152120003,Spare parts
SIR2-LF142120020,Spare parts
SIR2-LF122505001,Spare parts
SIR2-LF2043236,Spare parts
SIR2-LF2039722,Spare parts
SIR2-LF1831401,Spare parts
SIR2-LF1443115,Spare parts
SIR2-LF1243201,Spare parts
SIR2-LF1143201,Spare parts
SIR2-LF1043140,Spare parts
SIR2-LF1041006,Spare parts
SIR2-LF1039710,Spare parts
SIR2-IW2071230067,Spare parts
SIR2-IW2071220135,Spare parts
SIR2-IGS336R,Spare parts
SIR2-IB4020930,Spare parts
SIR2-IB4000954,Spare parts
SIR2-IB4000951,Spare parts
SIR2-GRG100715,Spare parts
SIR2-GM5826000,Spare parts
SIR2-GM5806000,Spare parts
SIR2-GM5036830,Spare parts
SIR2-GM4206400,Spare parts
SIR2-FG92008,Spare parts
SIR2-FG02146,Spare parts
SIR2-FG915,Spare parts
SIR2-198000322NC,Spare parts
SIR2-49563102,Spare parts
SIR2-29561710,Spare parts
SIR2-19564040,Spare parts
SIR2-19563020,Spare parts
SIR2-19562406BZ,Spare parts
SIR2-19562209,Spare parts
SIR2-19540740,Spare parts
SIR2-19540503,Spare parts
SIR2-19530702,Spare parts
SIR2-19530602,Spare parts
SIR2-19525067,Spare parts
SIR2-19522639,Spare parts
SIR2-19522605,Spare parts
SIR2-19513072,Spare parts
SIR2-19500505,Spare parts
SIR2-19500464L,Spare parts
SIR2-19410502,Spare parts
KLT1-CLEAR-RED-6085,Products
PMF1-IBM-20,Products
PMF1-DSA500RP,Products
HAT1-TK-72,Products
ZAN1-T-POLIS-PW2-CL-2MC,Products
ROL1-350E,Products
KIT1-SSA,Products
ROB2-TS0010,Spare parts
PIM2-EDO-010-LO,Spare parts
PIM2-EDO-009-UP,Spare parts
PIM2-TC12-13-20,Spare parts
PIM2-TC22-13,Spare parts
PIM2-TC22-11,Spare parts
PIM2-301130048,Spare parts
NTS1-ALS10-BK,Products
NTS1-TBACH-4-1,Products
NTS1-SN4778,Products
NTS1-SN4704,Products
NTS1-SN4703,Products
NTS1-SN4702,Products
NTS1-SN0495,Products
PRC1-BSB-BGS-III-F-24,Products
HAM2-6126-851,Spare parts
HAM2-990386700,Spare parts
HAM2-990349200,Spare parts
HAM2-990315500,Spare parts
HAM2-990278500,Spare parts
ZAN2-LAMP0054,Spare parts
MBM1-MFB77TXS,Products
WOL1-RMG36C-RM36C61,Products
LTE1-MIX1.1,Products
LTE1-EP003,Products
LTE1-CAX104,Products
LTE1-CAX108,Products
LTE1-CAX112,Products
LIN1-PO89X,Products
LIN1-PO49X,Products
LIN1-PO430,Products
LIN1-LGT,Products
LIN1-LD2,Products
LIN1-LCG,Products
LIN1-LBR2,Products
LIN1-LBR,Products
LIN1-IH3,Products
LIN1-HB4,Products
LIN1-HB3,Products
LIN1-HB1,Products
LIN1-WT4,Products
LIN1-ECO8,Products
LIN1-CG6-P,Products
LIN1-CG4-P,Products
LIN1-BS7W,Products
LIN1-BS3W,Products
LIN1-BM6W,Products
LIN1-BM6CW,Products
LIN1-BM3AW,Products
LIN1-GR3-P,Products
LIN1-EB6F,Products
LIN1-DF612,Products
LIN1-AS3,Products
LIN1-LRBW,Products
LIN1-LRB2W,Products
LIN1-LBMW,Products
LIN1-LBM2W,Products
LIN1-GS9,Products
LIN1-GS6,Products
LIN1-GS4,Products
LIN1-GS3,Products
LIN1-650106,Products
LIN1-650105,Products
LIN1-650104,Products
LIN1-650101,Products
WIN2-SP166Z,Spare parts
WIN2-82000014,Spare parts
WIN2-80003804,Spare parts
WIN2-80002153,Spare parts
WIN2-71001455,Spare parts
WIN2-70300346,Spare parts
WIN2-70200462,Spare parts
WIN2-70009122,Spare parts
WIN2-70006466,Spare parts
WIN2-70005762,Spare parts
WIN2-70004879,Spare parts
WIN2-70003998,Spare parts
WIN2-70003085,Spare parts
WIN2-70003003,Spare parts
WIN2-70002104,Spare parts
WIN2-65005466,Spare parts
WIN2-65002765,Spare parts
WIN2-65002765-(WKT1000),Spare parts
WIN2-65002764,Spare parts
WIN2-65002764-(WKT1000),Spare parts
WIN2-65002755,Spare parts
WIN2-65002754,Spare parts
WIN2-65002080,Spare parts
WIN2-65002079,Spare parts
WIN2-62003437,Spare parts
WIN2-62003065,Spare parts
WIN2-62002820,Spare parts
WIN2-62002812,Spare parts
WIN2-62002804,Spare parts
WIN2-62002145,Spare parts
WIN2-62001882,Spare parts
WIN2-62001809,Spare parts
WIN2-62001808,Spare parts
WIN2-62001807,Spare parts
WIN2-62001802,Spare parts
WIN2-62001174,Spare parts
WIN2-62001176,Spare parts
WIN2-61006359,Spare parts
WIN2-61006244,Spare parts
WIN2-61006076,Spare parts
WIN2-61005883,Spare parts
WIN2-61005681,Spare parts
WIN2-61005671,Spare parts
WIN2-61005256,Spare parts
WIN2-61005231,Spare parts
WIN2-61005192,Spare parts
WIN2-61005189,Spare parts
WIN2-61005185,Spare parts
WIN2-61005048,Spare parts
WIN2-61004974,Spare parts
WIN2-61004907,Spare parts
WIN2-61004903,Spare parts
WIN2-61004192,Spare parts
WIN2-61004061,Spare parts
WIN2-61004060,Spare parts
WIN2-61004059,Spare parts
WIN2-61003430,Spare parts
WIN2-61002024,Spare parts
WIN2-61001965,Spare parts
WIN2-61000945,Spare parts
WIN2-60004641,Spare parts
WIN2-60004274,Spare parts
WIN2-60004142,Spare parts
WIN2-60003846,Spare parts
WIN2-60003831,Spare parts
WIN2-60003746,Spare parts
WIN2-60003738,Spare parts
WIN2-60003697,Spare parts
WIN2-60003653,Spare parts
WIN2-60003643,Spare parts
WIN2-60003616,Spare parts
WIN2-60003599,Spare parts
WIN2-60003598,Spare parts
WIN2-60003593,Spare parts
WIN2-60003592,Spare parts
WIN2-60003591,Spare parts
WIN2-60003525,Spare parts
WIN2-60003519,Spare parts
WIN2-60003516,Spare parts
WIN2-60003515,Spare parts
WIN2-60003514,Spare parts
WIN2-60003513,Spare parts
WIN2-60003512,Spare parts
WIN2-60003386,Spare parts
WIN2-60003281,Spare parts
WIN2-60003259,Spare parts
WIN2-60003165,Spare parts
WIN2-60003066,Spare parts
WIN2-60003043,Spare parts
WIN2-60003039,Spare parts
WIN2-60003021,Spare parts
WIN2-60003005,Spare parts
WIN2-60002999,Spare parts
WIN2-60002855,Spare parts
WIN2-60002785,Spare parts
WIN2-60002652,Spare parts
WIN2-60002540,Spare parts
WIN2-60002474,Spare parts
WIN2-60002465,Spare parts
WIN2-60002453,Spare parts
WIN2-60001555,Spare parts
WIN2-30000181,Spare parts
WIN2-5531001,Spare parts
WIN2-5528253,Spare parts
WIN2-5528193,Spare parts
WIN2-5527040,Spare parts
WIN2-5515163,Spare parts
WIN2-5510008,Spare parts
WIN2-5509054,Spare parts
WIN2-5501178,Spare parts
WIN2-4004023,Spare parts
WIN2-4004006,Spare parts
WIN2-4003022,Spare parts
WIN2-4002006,Spare parts
WIN2-4001024,Spare parts
WIN2-4001015,Spare parts
WIN2-3501210,Spare parts
WIN2-3501194,Spare parts
WIN2-3501193,Spare parts
WIN2-3501150,Spare parts
WIN2-3501066,Spare parts
WIN2-3501018,Spare parts
WIN2-3501004,Spare parts
WIN2-3201036,Spare parts
WIN2-3201035,Spare parts
WIN2-3201030,Spare parts
WIN2-3126035,Spare parts
WIN2-3126036,Spare parts
WIN2-3126029,Spare parts
WIN2-3126003,Spare parts
WIN2-3125050,Spare parts
WIN2-3125030,Spare parts
WIN2-3125022,Spare parts
WIN2-3125013,Spare parts
WIN2-3125010,Spare parts
WIN2-3125002,Spare parts
WIN2-3124280,Spare parts
WIN2-3124240,Spare parts
WIN2-3124223,Spare parts
WIN2-3124222,Spare parts
WIN2-3124208,Spare parts
WIN2-3124165,Spare parts
WIN2-3124160,Spare parts
WIN2-3124153,Spare parts
WIN2-3124134,Spare parts
WIN2-3124128,Spare parts
WIN2-3124129,Spare parts
WIN2-3124067,Spare parts
WIN2-3124001,Spare parts
WIN2-3115020,Spare parts
WIN2-3113164,Spare parts
WIN2-3113114,Spare parts
WIN2-3113078,Spare parts
WIN2-3109064,Spare parts
WIN2-3109063,Spare parts
WIN2-3108111,Spare parts
WIN2-3108112,Spare parts
WIN2-3106186,Spare parts
WIN2-3106179,Spare parts
WIN2-3105106,Spare parts
WIN2-3104161,Spare parts
WIN2-3104155,Spare parts
WIN2-3104068,Spare parts
WIN2-3103089,Spare parts
WIN2-3103030,Spare parts
WIN2-3103014,Spare parts
WIN2-3102480,Spare parts
WIN2-3102459,Spare parts
WIN2-3102431,Spare parts
WIN2-3102263,Spare parts
WIN2-3102217,Spare parts
WIN2-3102212,Spare parts
WIN2-3102206,Spare parts
WIN2-3102204,Spare parts
WIN2-3009200,Spare parts
WIN2-2910239,Spare parts
WIN2-2907301,Spare parts
WIN2-2904202,Spare parts
WIN2-2805500,Spare parts
WIN2-2802309,Spare parts
WIN2-2802306,Spare parts
WIN2-2802137,Spare parts
WIN2-2802110,Spare parts
WIN2-2802111,Spare parts
WIN2-2802115,Spare parts
WIN2-2802109,Spare parts
WIN2-2709036,Spare parts
WIN2-2709010,Spare parts
WIN2-2709011,Spare parts
WIN2-2709009,Spare parts
WIN2-2707088,Spare parts
WIN2-2707071,Spare parts
WIN2-2707069,Spare parts
WIN2-2707066,Spare parts
WIN2-2707064,Spare parts
WIN2-2707054,Spare parts
KIT1-5KPM50EWH,Products
WIN2-2707043,Spare parts
WIN2-2707048,Spare parts
WIN2-2707049,Spare parts
WIN2-2707040,Spare parts
WIN2-2707039,Spare parts
WIN2-2707030,Spare parts
WIN2-2707013,Spare parts
WIN2-2707016,Spare parts
WIN2-2707014,Spare parts
WIN2-2707001,Spare parts
WIN2-2703003,Spare parts
WIN2-2701028,Spare parts
WIN2-2210301,Spare parts
WIN2-2110303,Spare parts
WIN2-2105302,Spare parts
WIN2-2101305,Spare parts
WIN2-2101304,Spare parts
WIN2-2020308,Spare parts
WIN2-2020307,Spare parts
WIN2-2010310,Spare parts
WIN2-2010307,Spare parts
ROL2-SH03015,Spare parts
ROL2-SB04066,Spare parts
ROL2-SB03007,Spare parts
ROL2-SA18037,Spare parts
ROL2-SA07026,Spare parts
ROL2-SA03114,Spare parts
ROL2-H04082D,Spare parts
ROL2-H03005,Spare parts
ROL2-G16012,Spare parts
ROL2-G06251,Spare parts
ROL2-G06078,Spare parts
ROL2-G06053,Spare parts
ROL2-F07025,Spare parts
ROL2-F07024,Spare parts
ROL2-E02149,Spare parts
ROL2-E02147,Spare parts
ROL2-E02006,Spare parts
ROL2-E01016,Spare parts
ROL2-D02176,Spare parts
ROL2-D02161,Spare parts
ROL2-D02003,Spare parts
ROL2-D01025,Spare parts
ROL2-C03008,Spare parts
ROL2-B10017,Spare parts
HOU1-COMBISLIM-C-1.10,Products
HOU1-C-GAS-1.06,Products
ROL2-B04011,Spare parts
ROL2-B02019+PTR,Spare parts
ROL2-B02017+PTR,Spare parts
ROL2-A16023,Spare parts
ROL2-A13021,Spare parts
ROL2-A10018,Spare parts
ROL2-A08006,Spare parts
ROL2-A06062,Spare parts
ROL2-A05020,Spare parts
ROL2-A05019,Spare parts
ROL2-A03067,Spare parts
ROL2-A03055,Spare parts
ROL2-115002,Spare parts
ROL2-76264,Spare parts
ROL2-76263,Spare parts
ROL2-37260,Spare parts
ROL2-07246,Spare parts
CAM1-GBP216-521,Products
CAM1-GBP216-110,Products
CAM1-GBD211417-110,Products
CAM1-GBD121515-110,Products
CAM1-GBD101011-110,Products
CAM1-HP3253-158,Products
CAM1-HP3253-444,Products
CAM1-ICS125LB-191,Products
CAM1-ICS100L-157,Products
CAM1-IBSF27-148,Products
CAM1-FWC56-148,Products
CAM1-LCDCH-157,Products
CAM1-MDSB5-480,Products
CAM1-MDSB5-497,Products
CAM1-MDSB5-487,Products
CAM1-MDSB5-110,Products
CAM1-MDSB16-110,Products
CAM1-MDSCDB9-487,Products
CAM1-MDSB9-480,Products
CAM1-MDSB9-497,Products
CAM1-MDSHB5-487,Products
CAM1-MDSHB9-487,Products
CAM1-MDSHD9-487,Products
CAM1-MDSHM8-487,Products
CAM1-MDSHM8-497,Products
CAM1-MDSL9-487,Products
CAM1-MDSL9-497,Products
CAM1-MDSP9-477,Products
CAM1-NT9-152,Products
CAM1-NT8-152,Products
CAM1-NT5-152,Products
CAM1-NT20-152,Products
CAM1-NT10-152,Products
CAM1-FR258-151,Products
CAM1-OETR314-151,Products
CAM1-PS1014-145,Products
CAM1-RFSCW8-135,Products
CAM1-RFSC6PP-190,Products
CAM1-RFSC2PP-190,Products
CAM1-RFSC12-148,Products
CAM1-RFS8-148,Products
CAM1-RFS6SCPP-190,Products
CAM1-RFS6PP-190,Products
CAM1-RFS6-148,Products
CAM1-RFS4PP-190,Products
CAM1-RFS4-148,Products
CAM1-RFS2SCPP-190,Products
CAM1-RFS22-148,Products
CAM1-RFS2-148,Products
CAM1-RFS18-148,Products
CAM1-RFS12SCPP-190,Products
CAM1-RFS12-148,Products
CAM1-SFC2-452,Products
CAM1-SCP6CW-135,Products
CAM1-SFC6FPPP-266,Products
CAM1-SFC2FPPP-265,Products
CAM1-SFC1FPPP-190,Products
CAM1-SFC12FPPP-267,Products
CAM1-SFV1217-110,Products
CAM1-MDSM8-487,Products
CAM1-MDSM8-497,Products
CAM1-SRB13CW-135,Products
CAM1-MDSLD9-487,Products
CAM1-MDSLD9-497,Products
CAM1-UC1000-194,Products
CAM1-UC1000-191,Products
CAM1-UPCH4002-401,Products
CAM1-UPCH16002-401,Products
CAM1-UPC1600-192,Products
CAM1-UPC1600-191,Products
CAM1-UPC100-194,Products
CAM1-VT3646C-A72,Products
CAM1-ESU214272V4-580,Products
CAM1-ESK2172V-580,Products
CAM1-ESK2148V1-580,Products
CAM1-EPPBEVH1-110,Products
CAM1-EPPBEVH5-110,Products
CAS1-DAFNE-S-1-SS,Products
JTA2-20110003401,Spare parts
CAM1-EXU183672V4-480,Products
CAM1-21157CBP-110,Products
CAM1-CPMU244875DR-480,Products
CAM1-CPMU244867V4-480,Products
CAM1-CPU244872VS4-480,Products
CAM1-CPU183672VS4-480,Products
CAM1-CFRC18-135,Products
CAM1-CFPFRC10-135,Products
CAM1-CD400-401,Products
CAM1-CD400-131,Products
CAM1-CDR2020H-151,Products
CAM1-CDR2020-151,Products
CAM1-CD1826PDB-110,Products
CAM1-CSDBS-480,Products
CAM1-DCS950-480,Products
CAM1-DRS600-480,Products
CAM1-DRS480-480,Products
CAM1-DRS300-480,Products
CAM1-EPP180SPKG-110,Products
CAM1-EPP180S-110,Products
CAM1-CBPK2472-580,Products
CAM1-CBU243664VS4-580,Products
CAM1-CBU216072V4-580,Products
CAM1-CBU184864VS4-580,Products
CAM1-CBU184864V4-580,Products
CAM1-CBSK2460V1-580,Products
CAM1-CBSK2460S1-580,Products
CAM1-CBSK2454V1-580,Products
CAM1-CBSK2454S1-580,Products
CAM1-CBSK2448V4-580,Products
CAM1-CBSK2448V1-580,Products
CAM1-CBSK2448S1-580,Products
CAM1-CBSK2442V4-580,Products
CAM1-CBSK2442V1-580,Products
CAM1-CBSK2436V4-580,Products
CAM1-CBSK2436V1-580,Products
CAM1-CBSK2436S1-580,Products
CAM1-CBSK2160V1-580,Products
CAM1-CBSK2148V1-580,Products
CAM1-CBSK2142V1-580,Products
CAM1-CBSK2136V1-580,Products
CAM1-CBSK1860V1-580,Products
CAM1-CBSK1854V1-580,Products
CAM1-CBSK1848V1-580,Products
CAM1-CBSK1836V1-580,Products
COG2-DPE127,Spare parts
CAM1-CBPK2172-580,Products
CAM1-CBPK2164-580,Products
CAM1-CBPK1872-580,Products
CAM1-CBPK1864-580,Products
CAM1-BWW10CW-135,Products
CAM1-BWP14CW-135,Products
CAM1-BWM10CW-135,Products
CAM1-BWB16CW-135,Products
CAM1-EMU183678V4-580,Products
CAM1-DRC2020-180,Products
CAM1-BR258-416,Products
CAM1-BR258-414,Products
CAM1-BR258-186,Products
CAM1-BR258-184,Products
CAM1-BR258-168,Products
CAM1-BR258-167,Products
CAM1-BR258-163,Products
CAM1-BR258-151,Products
CAM1-BR258-119,Products
CAM1-BCT1014-414,Products
CAM1-BC340KDP-480,Products
CAM1-BC340KDP-110,Products
CAM1-BC340KD-480,Products
CAM1-BC340KD2SB-480,Products
CAM1-BC340KD2SB-110,Products
CAM1-BC340KD-110,Products
CAM1-ADCS-110,Products
CAM1-ADCS-131,Products
CAM1-ADCS-480,Products
CAM1-ADCSC-480,Products
CAM1-ADC33-131,Products
CAM1-ADC33-157,Products
CAM1-ADC33-401,Products
CAM1-CP3253-443,Products
CAM1-EPP3253DIV-110,Products
CAM1-8FBNH434-151,Products
CAM1-905CW-133,Products
CAM1-900CW-486,Products
CAM1-8SFSPROCW-135,Products
CAM1-8SFSP-148,Products
CAM1-6SFSFPDPP-266,Products
CAM1-9RS9-540,Products
CAM1-9RS9-131,Products
CAM1-9RS9-480,Products
CAM1-66PP-190,Products
CAM1-8RS8-480,Products
CAM1-6RS6-110,Products
CAM1-8FB434-151,Products
CAM1-8F-301,Products
CAM1-730SR-110,Products
CAM1-6SFSP-148,Products
CAM1-86CW-135,Products
CAM1-96PCW-135,Products
ROL2-SH01137,Spare parts
ROL2-SH01038,Spare parts
ROL2-SA18022,Spare parts
ROL2-SA03113,Spare parts
ROL2-SA03080,Spare parts
ROL2-F04045,Spare parts
ROL2-F01056,Spare parts
ROL2-F01052,Spare parts
ROL2-F01046,Spare parts
ROL2-E02215,Spare parts
ROL2-E02210,Spare parts
ROL2-E01001,Spare parts
ROL2-D04043,Spare parts
ROL2-D04042,Spare parts
ROL2-D04041,Spare parts
ROL2-D04039,Spare parts
ROL2-D04038,Spare parts
ROL2-D04037,Spare parts
ROL2-D04028,Spare parts
ROL2-D04025,Spare parts
ROL2-D04023,Spare parts
ROL2-D02169,Spare parts
ROL2-D02155,Spare parts
ROL2-D02153,Spare parts
ROL2-D02148,Spare parts
ROL2-D02145,Spare parts
ROL2-D02143,Spare parts
ROL2-D02122,Spare parts
ROL2-D01054,Spare parts
ROL2-D01033,Spare parts
ROL2-B10014,Spare parts
ROL2-B07030,Spare parts
ROL2-B06063,Spare parts
ROL2-B03007,Spare parts
ROL2-B02050EMA,Spare parts
ROL2-B02032PTR,Spare parts
ROL2-B02024+PTR,Spare parts
ROL2-B02023,Spare parts
ROL2-B02023+PTR,Spare parts
ROL2-B02016EMA,Spare parts
ROL2-A18003,Spare parts
CAM1-60HPD-150,Products
CAM1-60CFC-135,Products
CAM1-5412CBP-480,Products
CAM1-5412CBP-131,Products
CAM1-500LCD-157,Products
CAM1-500LCD-401,Products
CAM1-500LCD-519,Products
ROL2-A15066,Spare parts
ROL2-A14121,Spare parts
ROL2-A14084,Spare parts
ROL2-A13018,Spare parts
ROL2-A10032,Spare parts
ROL2-A10017,Spare parts
ROL2-A07035,Spare parts
CAM1-62PP-190,Products
CAM1-64PP-190,Products
CAM1-46PP-190,Products
ROL2-A07034,Spare parts
CAM1-44PP-190,Products
ROL2-A06035,Spare parts
ROL2-A06035-1,Spare parts
ROL2-A03011,Spare parts
ROL2-A03006,Spare parts
ROL2-A02035,Spare parts
ROL2-A02034,Spare parts
ROL2-A01025,Spare parts
ROL2-402083,Spare parts
ROL2-116010,Spare parts
ROL2-90138G,Spare parts
ROL2-90138D,Spare parts
ROL2-90138D+90138G,Spare parts
ROL2-76319,Spare parts
ROL2-76270,Spare parts
ROL2-76237,Spare parts
ROL2-50052,Spare parts
ROL2-37282,Spare parts
ROL2-36145,Spare parts
ROL2-36144,Spare parts
ROL2-36131VO,Spare parts
ROL2-35104,Spare parts
ROL2-15252SE,Spare parts
CAM1-60HPL-150,Products
CAM1-950CW-152,Products
CAM1-64HP-772,Products
CAM1-64HP-150,Products
CAM1-66CW-110,Products
CAM1-66CW-135,Products
CAM1-800CW-152,Products
CAM1-500CW-152,Products
CAM1-60CW-148,Products
CAM1-60CWC-135,Products
CAM1-60CWCH-135,Products
CAM1-60CWCH-110,Products
CAM1-60CWCHN-135,Products
CAM1-60CWD-135,Products
CAM1-60CWLN-135,Products
CAM1-60PPCH-190,Products
CAM1-60PPCWSC-190,Products
CAM1-62CW-135,Products
CAM1-62CW-110,Products
CAM1-62HP-150,Products
ZNS1-372141,Products
CAM1-3253-110,Products
CAM1-3253-148,Products
CAM1-25CLRCW-135,Products
CAM1-30CFC-135,Products
OCG1-1B00710,Products
OCG1-1B01408,Products
OCG1-1S14413,Products
OCG1-1S14410,Products
OCG1-1P01961,Products
OCG1-1P01962,Products
OCG1-1P01960,Products
OCG1-1P00840,Products
OCG1-1B16115,Products
OCG1-1B16112,Products
OCG1-1015F07,Products
OCG1-1015W12,Products
OCG1-1015R15,Products
OCG1-1015D22,Products
OCG1-1015A21,Products
OCG1-1501C05,Products
OCG1-1501S07,Products
OCG1-1501B15,Products
OCG1-1501M07,Products
OCG1-1501F07,Products
OCG1-1501W07,Products
OCG1-1501R08,Products
OCG1-1500G11,Products
OCG1-1501G12,Products
OCG1-1530R16,Products
OCG1-1530W12,Products
CAM1-2900CT-110,Products
CAM1-1622TL-110,Products
CAM1-1622TL-138,Products
CAM1-10SC-148,Products
CAM1-10PPSC-190,Products
CAM1-10CWL-135,Products
CAM1-107PCVS-191,Products
HAT1-TQ800H,Products
NTS1-COL1-1,Products
NTS1-COL1-6,Products
NTS1-COL1-5,Products
NTS1-COL1-4,Products
NTS1-COL1-2,Products
HAT1-DL-750RL-GLOSSY-GRAY,Products
HAT1-DL-750RL-ANTIQUE-COP,Products
BER1-OB4GG1BWOH,Products
BER1-OB2(S)FS,Products
BER1-OB2,Products
KIN1-8040B-23,Products
NTS1-SD240-CL,Products
NTS1-SD206-CL,Products
NTS1-SD175-CL,Products
WNK1-WIN1-20,Products
WNK1-WIN1-4,Products
WNK1-WIN1-27,Products
WNK1-WIN1-26,Products
WNK1-WIN1-24,Products
WNK1-WIN1-22,Products
WNK1-WIN1-17,Products
WNK1-WIN1-14,Products
WNK1-WIN1-16,Products
WNK1-WIN1-13,Products
WNK1-WIN1-3,Products
WNK1-WIN1-9,Products
WNK1-WIN1-8,Products
WNK1-WIN1-7,Products
WNK1-WIN1-6,Products
WNK1-WIN1-5,Products
WNK1-WIN1-32,Products
WNK1-WIN1-31,Products
WNK1-WIN1-30,Products
WNK1-WIN1-29,Products
WNK1-WIN1-28,Products
WNK1-WIN1-25,Products
WNK1-WIN1-23,Products
WNK1-WIN1-21,Products
WNK1-WIN1-19,Products
WNK1-WIN1-18,Products
WNK1-WIN1-15,Products
WNK1-WIN1-12,Products
WNK1-WIN1-11,Products
WNK1-WIN1-10,Products
WNK1-WIN1-1,Products
WNK1-TB-203,Products
WNK1-SN1320-PM,Products
BER1-DF23S2B,Products
WNK1-SH30228,Products
WNK1-PW28,Products
WNK1-PW30,Products
WNK1-P6014-40,Products
WNK1-LC4025,Products
WNK1-KAT1-9,Products
WNK1-KAT1-8,Products
WNK1-KAT1-7,Products
WNK1-KAT1-6,Products
WNK1-KAT1-5,Products
WNK1-KAT1-4,Products
WNK1-KAT1-3,Products
WNK1-KAT1-2,Products
WNK1-KAT1-14,Products
WNK1-KAT1-13,Products
WNK1-KAT1-12,Products
WNK1-KAT1-11,Products
WNK1-KAT1-10,Products
WNK1-KAT1-1,Products
WNK1-FIN1-3,Products
WNK1-E8GN24150,Products
WNK1-E8GN2365,Products
WNK1-E8GN2340,Products
WNK1-E8GN2320,Products
WNK1-E8GN23150,Products
WNK1-E8GN21100,Products
WNK1-E8GN21150,Products
WNK1-E8GN2120,Products
WNK1-E8GN2140,Products
WNK1-E8GN2165,Products
WNK1-E8GN1665,Products
WNK1-E8GN16200,Products
WNK1-E8GN16100,Products
WNK1-E8GN1465,Products
WNK1-E8GN14200,Products
WNK1-E8GN14150,Products
WNK1-E8GN14100,Products
WNK1-E8GN13200,Products
WNK1-E8GN1320,Products
WNK1-E8GN13100,Products
WNK1-E8GN11100,Products
WNK1-E8GN11100P,Products
WNK1-E8GN11150,Products
WNK1-E8GN11150P,Products
WNK1-E8GN1120,Products
WNK1-E8GN11200,Products
WNK1-E8GN12200,Products
WNK1-E8GN12150P,Products
WNK1-E8GN12150,Products
WNK1-E8GN12100P,Products
WNK1-E8GN12100,Products
WNK1-E8GN1365,Products
WNK1-E8GN1340,Products
WNK1-E8GN1265P,Products
WNK1-E8GN1240,Products
WNK1-E8GN1220,Products
WNK1-E8GN1165P,Products
WNK1-E8GN1140,Products
WNK1-E8GN21L,Products
WNK1-E8GN19L,Products
WNK1-E8GN16L,Products
WNK1-E8GN14L,Products
WNK1-E8GN13L,Products
WNK1-E8GN12L,Products
WNK1-E8GN11L,Products
WNK1-E04SB5030,Products
WNK1-E04SB4528,Products
WNK1-E04SB4026,Products
WNK1-E04SB3624,Products
BER1-CB3BFS,Products
WNK1-E03SS20L,Products
WNK1-E03SS24L,Products
WNK1-E03SS25L,Products
WNK1-E03SS26L,Products
WNK1-E03SS30L,Products
WNK1-E03SS32L,Products
WNK1-E03SS36L,Products
WNK1-E03SS40L,Products
WNK1-E03SS45L,Products
WNK1-E03SS50L,Products
WNK1-E03SB6040,Products
WNK1-E03SB5535,Products
WNK1-E03SB5030,Products
WNK1-E03SB4528,Products
WNK1-E03SB4040,Products
WNK1-E03SB3624,Products
WNK1-E03SB3222,Products
WNK1-E03SB3020,Products
WNK1-E03SB4026,Products
WNK1-CR-016(C),Products
WNK1-CD-112,Products
WNK1-CD-111,Products
WNK1-CD-110,Products
WNK1-CD-109,Products
WNK1-CD-108(C),Products
WNK1-CD-108(B),Products
WNK1-CD-098-8L-PM,Products
WNK1-CD-098B-8L,Products
WNK1-CD-048,Products
WNK1-CD-045,Products
WNK1-CD-041,Products
WNK1-CD-018(C),Products
WNK1-CD-018(B),Products
WNK1-CD-013(C),Products
WNK1-CD-013(B),Products
WNK1-CD-012(C),Products
WNK1-CD-011(C),Products
WNK1-APO1-23,Products
WNK1-APO1-22,Products
WNK1-APO1-21,Products
WNK1-APO1-20,Products
WNK1-APO1-19,Products
WNK1-APO1-17,Products
WNK1-APO1-16,Products
WNK1-APO1-15,Products
WNK1-APO1-14,Products
WNK1-APO1-13,Products
WNK1-APO1-12,Products
WNK1-APO1-10,Products
WNK1-APO1-8,Products
WNK1-APO1-6,Products
WNK1-APO1-4,Products
WNK1-ALE1-13,Products
CAM1-91PCVS-197,Products
CAM1-415CBR-110,Products
SIR1-28181000,Products
TBA2-30220L0905,Spare parts
PRO2-PX-HK-J33302S,Spare parts
PIM2-301010131,Spare parts
BER2-SW-B4P-R,Spare parts
ROL2-D04013,Spare parts
ROL2-D04005,Spare parts
VRM2-R40-90Z,Spare parts
SIR2-19560161,Spare parts
SAN2-28221,Spare parts
ROL2-D01026,Spare parts
PIT2-1850405,Spare parts
NTS2-CC-M3L-GY-001,Spare parts
LTE2-O3870,Spare parts
LKK2-TAP(KSQ-3),Spare parts
LKK2-PROBE-1050MM,Spare parts
LKK2-KSY-10-08,Spare parts
LKK2-IND350S-12,Spare parts
LKK2-IND300-17,Spare parts
LKK2-EHS330#8,Spare parts
COG2-69870,Spare parts
BER2-CI-CBT,Spare parts
OBE1-C852,Products
OBE1-C750,Products
OBE1-C610,Products
OBE1-C612,Products
OBE1-C510,Products
OBE1-C320,Products
OBE1-C210,Products
OBE1-C120,Products
OBE1-C116,Products
OBE1-C114,Products
OBE1-C112,Products
OBE1-C110,Products
DEX1-32794,Products
DEX1-32783,Products
DEX1-18213T,Products
RON2-124803,Spare parts
RON2-123345,Spare parts
RON2-122955,Spare parts
RON2-122775T03,Spare parts
RON2-122775T02,Spare parts
RON2-122773T02,Spare parts
RON2-121028,Spare parts
RON2-108240,Spare parts
RON2-106583,Spare parts
RON2-105249,Spare parts
RON2-105033T03,Spare parts
RON2-85845T05,Spare parts
RON2-75407,Spare parts
RON2-73436,Spare parts
RON2-71959,Spare parts
RON2-71958,Spare parts
RON2-53891,Spare parts
RON2-018016,Spare parts
PUJ1-RE941.001,Products
PUJ1-P166.032,Products
PUJ1-881.175,Products
PUJ1-859.111,Products
PUJ1-859.105,Products
PUJ1-859.104,Products
PUJ1-859.103,Products
PUJ1-859.102,Products
PUJ1-859.101,Products
PUJ1-850.424,Products
PUJ1-850.026,Products
PUJ1-850.024,Products
PUJ1-850.023,Products
PUJ1-850.022,Products
PUJ1-850.018,Products
PUJ1-850.017,Products
PUJ1-850.016,Products
PUJ1-850.015,Products
PUJ1-850.014,Products
PUJ1-850.012,Products
PUJ1-850.011,Products
PUJ1-850.005,Products
PUJ1-850.003,Products
PUJ1-850.004,Products
PUJ1-850.006,Products
PUJ1-775.012,Products
PUJ1-775.010,Products
PUJ1-775.008,Products
PUJ1-775.004,Products
PUJ1-742.045,Products
PUJ1-711.026,Products
PUJ1-490.228A,Products
PUJ1-490.224A,Products
PUJ1-490.220A,Products
PUJ1-293.132,Products
PUJ1-293.135,Products
PUJ1-124.020,Products
PUJ1-110.016,Products
PUJ1-110.018,Products
PUJ1-110.020,Products
PUJ1-102.040,Products
PIM1-DR-2,Products
NTS1-HB-200,Products
RON2-123568,Spare parts
EDL2-B119-3,Spare parts
ZNS1-960638,Products
ZNS1-921691,Products
ZNS1-921611,Products
ZNS1-921610P,Products
ZNS1-865279,Products
ZNS1-865278,Products
ZNS1-865277,Products
ZNS1-865276,Products
ZNS1-865275,Products
ZNS1-865274,Products
ZNS1-865273,Products
ZNS1-865270,Products
ZNS1-865269,Products
ZNS1-865268,Products
ZNS1-865267,Products
ZNS1-372187,Products
WYO2-21748900,Spare parts
WYO2-8950000,Spare parts
WYO2-8731400,Spare parts
WYO2-8660500,Spare parts
WYO2-4381800,Spare parts
WYO2-4377300,Spare parts
WYO2-4359360,Spare parts
WYO2-2113900,Spare parts
WYO2-2093200,Spare parts
WYO2-2092702,Spare parts
WYO2-2068000,Spare parts
WYO2-2066106,Spare parts
WYO2-2065612,Spare parts
WYO2-1499405,Spare parts
WYO2-1479807,Spare parts
WYO2-1431730,Spare parts
WYO2-1404411,Spare parts
WYO2-1301602,Spare parts
WYO2-1301100,Spare parts
WYO2-1211700,Spare parts
WYO2-218131-65,Spare parts
WYO2-218131-75,Spare parts
WYO2-218130-75,Spare parts
WYO2-89408,Spare parts
WYO2-88705,Spare parts
WYO2-87307-10,Spare parts
WYO2-83874,Spare parts
WYO2-83260,Spare parts
WYO2-83248,Spare parts
WYO2-75916,Spare parts
WYO2-75617,Spare parts
WYO2-69103,Spare parts
WYO2-56527,Spare parts
WYO2-55962,Spare parts
VOL2-29824,Spare parts
VRM2-STA3474,Spare parts
VRM2-R60-85.1,Spare parts
VRM2-AR005-340-TZ001,Spare parts
VRM2-AR005-332-TZ001,Spare parts
VRM2-AR005-325-TZ001,Spare parts
VRM2-AR005-213-TZ001,Spare parts
UNO2-KVN1165A,Spare parts
UNO2-KTR1136A,Spare parts
UNO2-KSN1021A,Spare parts
UNO2-KPE2044A,Spare parts
UNO2-KMT1012A,Spare parts
UNO2-KCN1003A,Spare parts
UNO2-KBR1340A,Spare parts
TBA2-BR85400100,Spare parts
TS2-B-0068-H,Spare parts
TS2-014250-45,Spare parts
TS2-013839-25,Spare parts
TS2-013788-45,Spare parts
TS2-013787-45,Spare parts
TS2-010476-45,Spare parts
TS2-003198-45,Spare parts
TS2-003199-45,Spare parts
TS2-002712-40,Spare parts
TS2-002711-40,Spare parts
TS2-002710-40,Spare parts
TS2-002709-40,Spare parts
TS2-001660-45,Spare parts
TS2-001661-45,Spare parts
TS2-001636-45,Spare parts
TS2-001637-45,Spare parts
TS2-001097-45,Spare parts
TS2-001084-45,Spare parts
TS2-001040-45,Spare parts
TS2-001019-45,Spare parts
TS2-001014-45,Spare parts
TS2-000974-45,Spare parts
TS2-000922-45,Spare parts
TS2-000907-45,Spare parts
TS2-000895-45,Spare parts
TS2-000753-25,Spare parts
TS2-061X,Spare parts
TS2-062X,Spare parts
TS2-065X,Spare parts
SER2-83003,Spare parts
SER2-82383,Spare parts
SER2-82339,Spare parts
SER2-82323,Spare parts
SER2-06022,Spare parts
SER2-5127,Spare parts
SAM2-2500635,Spare parts
SAM2-2309580,Spare parts
SAM2-2149115,Spare parts
SAM2-2059018,Spare parts
ROE2-117682S,Spare parts
ROE2-89569,Spare parts
ROE2-59143,Spare parts
ROE2-49212,Spare parts
RAN2-69000033,Spare parts
RAN2-40200005,Spare parts
RAN2-40100001,Spare parts
RAN2-39900001,Spare parts
RAN2-39220011,Spare parts
RAN2-39120035,Spare parts
RAN2-38228066,Spare parts
RAN2-38228050,Spare parts
RAN2-38125017,Spare parts
RAN2-38123884,Spare parts
RAN2-38123754B,Spare parts
RAN2-38123504,Spare parts
RAN2-38123040,Spare parts
RAN2-38123013,Spare parts
RAN2-38121037,Spare parts
RAN2-38121034,Spare parts
RAN2-38120024,Spare parts
RAN2-37320805,Spare parts
RAN2-37040821,Spare parts
RAN2-36930013,Spare parts
RAN2-36901801,Spare parts
RAN2-36405001,Spare parts
RAN2-36405002,Spare parts
RAN2-36402003,Spare parts
RAN2-36402001,Spare parts
RAN2-36310008,Spare parts
RAN2-36301102,Spare parts
RAN2-36301046,Spare parts
RAN2-36230001,Spare parts
RAN2-36220009,Spare parts
RAN2-35002509,Spare parts
RAN2-34200296,Spare parts
RAN2-34200110,Spare parts
RAN2-34200112,Spare parts
RAN2-34200088,Spare parts
RAN2-34200086,Spare parts
RAN2-34200044,Spare parts
RAN2-34200043,Spare parts
RAN2-34070174,Spare parts
RAN2-34070052,Spare parts
RAN2-34040149,Spare parts
RAN2-34040008,Spare parts
RAN2-34030116,Spare parts
RAN2-34030075,Spare parts
RAN2-34030029,Spare parts
RAN2-27400002,Spare parts
RAN2-27400001,Spare parts
RAN2-27350001,Spare parts
RAN2-26105005,Spare parts
RAN2-25139001,Spare parts
RAN2-23217039,Spare parts
RAN2-22208501,Spare parts
RAN2-22206501,Spare parts
RAN2-20121101,Spare parts
RAN2-14701020,Spare parts
RAN2-10706024,Spare parts
RAN2-10705960,Spare parts
RAN2-10705405,Spare parts
RAN2-10705367,Spare parts
RAN2-10705126,Spare parts
RAN2-10700972,Spare parts
RAN2-10700228,Spare parts
RAN2-10111031,Spare parts
RAN2-10110405,Spare parts
RAN2-10110404,Spare parts
RAN2-10090012,Spare parts
RAN2-10090002,Spare parts
RAN2-10071010,Spare parts
RAN2-10060517,Spare parts
RAN2-10060486,Spare parts
RAN2-10060481,Spare parts
RAN2-10060478,Spare parts
RAN2-10060466,Spare parts
RAN2-10060406,Spare parts
NUO2-98004016,Spare parts
NUO2-73006002,Spare parts
NUO2-72012007,Spare parts
NUO2-40200005,Spare parts
NUO2-14100027,Spare parts
NUO2-14100029,Spare parts
NUO2-11740001,Spare parts
NUO2-11600002,Spare parts
NUO2-09500004,Spare parts
NUO2-09200006,Spare parts
NUO2-09000005,Spare parts
NUO2-09000009,Spare parts
NUO2-08000027,Spare parts
NUO2-08000026,Spare parts
NUO2-08000017,Spare parts
NUO2-08000015,Spare parts
NUO2-08000013,Spare parts
NUO2-08000005,Spare parts
NUO2-07300293,Spare parts
NUO2-07300292,Spare parts
NUO2-07300119,Spare parts
NUO2-07300113,Spare parts
NUO2-07300107,Spare parts
NUO2-07300092,Spare parts
NUO2-06200008,Spare parts
NUO2-05000176,Spare parts
NUO2-05000064,Spare parts
NUO2-04900184,Spare parts
NUO2-04900113,Spare parts
NUO2-04000167,Spare parts
NUO2-03000066,Spare parts
NUO2-03000077,Spare parts
NUO2-02290019,Spare parts
NUO2-00300022,Spare parts
NUO2-00300021,Spare parts
RTN2-5006.0207,Spare parts
RTN2-4001.0224,Spare parts
RTN2-3019.0120,Spare parts
RTN2-3019.0114,Spare parts
RTN2-2112.1006,Spare parts
RTN2-87.01.523S,Spare parts
RTN2-87.01.377,Spare parts
RTN2-87.01.376,Spare parts
RTN2-87.01.373,Spare parts
RTN2-87.01.371,Spare parts
RTN2-87.01.369,Spare parts
RTN2-87.01.368,Spare parts
RTN2-87.01.365,Spare parts
RTN2-87.01.275,Spare parts
RTN2-87.00.437,Spare parts
RTN2-87.00.353,Spare parts
RTN2-56.00.966,Spare parts
RTN2-56.00.918,Spare parts
RTN2-56.00.784,Spare parts
RTN2-56.00.731,Spare parts
RTN2-56.00.677,Spare parts
RTN2-56.00.176,Spare parts
RTN2-54.01.511,Spare parts
RTN2-54.01.503,Spare parts
RTN2-54.01.254,Spare parts
RTN2-54.01.169,Spare parts
RTN2-54.01.045,Spare parts
RTN2-52.00.016P,Spare parts
RTN2-50.01.799,Spare parts
RTN2-50.01.733,Spare parts
RTN2-50.01.471,Spare parts
RTN2-50.00.313,Spare parts
RTN2-44.01.918,Spare parts
RTN2-44.01.463,Spare parts
RTN2-44.00.362,Spare parts
RTN2-42.00.128,Spare parts
RTN2-42.00.002,Spare parts
RTN2-40.04.907,Spare parts
RTN2-40.04.041P,Spare parts
RTN2-40.03.998,Spare parts
RTN2-40.03.999,Spare parts
RTN2-40.03.686S,Spare parts
RTN2-40.03.685S,Spare parts
RTN2-40.03.683S,Spare parts
RTN2-40.03.515,Spare parts
RTN2-40.02.100P,Spare parts
RTN2-40.00.594,Spare parts
RTN2-40.00.454,Spare parts
RTN2-24.03.213,Spare parts
RTN2-24.03.288,Spare parts
RTN2-24.03.190,Spare parts
RTN2-24.03.193,Spare parts
RTN2-24.03.195,Spare parts
RTN2-24.02.959,Spare parts
RTN2-24.02.937,Spare parts
RTN2-24.02.761,Spare parts
RTN2-24.01.351,Spare parts
RTN2-24.00.502,Spare parts
RTN2-22.00.914,Spare parts
RTN2-22.00.916,Spare parts
RTN2-20.02.553P,Spare parts
RTN2-20.02.552P,Spare parts
RTN2-20.02.550P,Spare parts
RTN2-20.02.551P,Spare parts
RTN2-20.00.399P,Spare parts
RTN2-20.00.398P,Spare parts
RTN2-16.03.205,Spare parts
PRC1-TK-TB770,Products
PRC1-TK-MCH001PVDG,Products
PRC1-TK-MCH001PBLK,Products
PRC1-TK-MCH001,Products
PRC1-TK-CAN13-14,Products
PRC1-KK-TS109,Products
PRC1-KK-TS209,Products
PRC1-KK-SLHST8,Products
PRC1-KK-SKPB12,Products
PRC1-KK-KTSO26,Products
PRC1-KK-KTSO24,Products
PRC1-KK-KTSO22,Products
PRC1-KK-KTSO16P,Products
PRC1-KK-KTSO16F,Products
PRC1-KK-KTSO16,Products
PRC1-KK-KTSO14F,Products
PRC1-KK-KTSO12F,Products
PRC1-KK-KTSO10P,Products
PRC1-KK-KTSO10,Products
PRC1-KK-AM1,Products
PRC1-BSK-TEI6,Products
PRC1-BSK-OPN22,Products
PRC1-BSK-JI40,Products
PRC1-BSK-JI41,Products
PRC1-BK-PPD30,Products
PRC1-BK-PPD27,Products
PRC1-BK-PPD15,Products
PRC1-BK-PPD14,Products
PRC1-BK-PPD11,Products
PRC1-BK-FNLC475,Products
PRC1-BB-AL-I-F-15-A,Products
PRC1-TK-TNG18,Products
PRC1-TK-SRWB5,Products
PRC1-TK-SRWB6,Products
PRC1-TK-MCHH5,Products
PRC1-TK-MCHH1,Products
PRC1-TK-KTCS6,Products
PRC1-TK-ICT05,Products
PRC1-TK-DIS03,Products
PRC1-TK-DIS02,Products
PRC1-KK-KTCU1PVDG,Products
PRC1-KK-FS40,Products
PRC1-KK-FC4,Products
PRC1-KK-CHM24,Products
PRC1-KK-CHM21,Products
PRC1-KK-CHM10,Products
PRC1-BSK-WBS225,Products
PRC1-BSK-SCPR1412,Products
PRC1-BSK-K45S,Products
PRC1-BSK-JS08,Products
PRC1-BSK-BRW10F,Products
PRC1-BSK-BRS209E,Products
PRC1-BK-PM100NM,Products
CTP1-PEEL-SS-55S,Products
PIM1-PP10F-22L,Products
PIM2-30402015,Spare parts
TRA1-1521-01,Products
ROB1-171N,Products
TAC1-RAMS4W,Products
TAC1-RAMS4BK,Products
TAC1-RAMS3W,Products
TAC1-RAMS3BK,Products
TAC1-RAMS2W,Products
TAC1-RAMS2BK,Products
TAC1-RAM2RX,Products
TAC1-RAM2RGN,Products
PIT2-PP10703,Spare parts
PIT2-B8039517-C,Spare parts
PIT2-60148601,Spare parts
PIT2-60129403,Spare parts
PIT2-60113501-CL,Spare parts
EDL2-S318,Spare parts
EDL2-I064,Spare parts
EDL2-C0844,Spare parts
EDL2-A7204,Spare parts
EDL2-A5191,Spare parts
EDL2-A1035,Spare parts
EDL2-A756,Spare parts
CTX2-97393,Spare parts
CTX2-97217,Spare parts
CTX2-71994,Spare parts
CEC2-X004A,Spare parts
CEC2-X005A,Spare parts
CEC2-X006A,Spare parts
CEC2-X014A,Spare parts
CEC2-M241A,Spare parts
CEC2-M229A,Spare parts
CEC2-L573A,Spare parts
CEC2-L291A,Spare parts
CEC2-L265A,Spare parts
CEC2-L265E,Spare parts
CEC2-L238A,Spare parts
CEC2-L236A,Spare parts
CEC2-L224A,Spare parts
CEC2-L210A,Spare parts
CEC2-L187A,Spare parts
CEC2-L155A,Spare parts
CEC2-L154A,Spare parts
CEC2-L112A,Spare parts
CEC2-L111A,Spare parts
CEC2-L069A,Spare parts
CEC2-L052A,Spare parts
CEC2-L041A,Spare parts
CEC2-L029A,Spare parts
CEC2-L027A,Spare parts
CEC2-L022A,Spare parts
CEC2-L019Q,Spare parts
CEC2-G266A,Spare parts
CEC2-G235A,Spare parts
CEC2-G197A,Spare parts
CEC2-F196A,Spare parts
CEC2-F057A,Spare parts
CEC2-C512A,Spare parts
CEC2-C396A,Spare parts
CEC2-C395A,Spare parts
CEC2-C072A,Spare parts
CEC2-280-00021,Spare parts
BLO2-6502,Spare parts
BIR2-S265,Spare parts
BIR2-S229,Spare parts
BIR2-16302,Spare parts
BIR2-16159,Spare parts
BIR2-16155-2A,Spare parts
BIR2-16155-2B,Spare parts
BIR2-16155-2C,Spare parts
BIR2-602B,Spare parts
BIR2-179,Spare parts
BIR2-177,Spare parts
SIR1-SINFONIA-2,Products
CAM2-PK57002,Spare parts
CAM2-H07005,Spare parts
CAM2-H06002,Spare parts
CAM2-H05021,Spare parts
CAM2-60433,Spare parts
CAM2-60431,Spare parts
CAM2-60430,Spare parts
CAM2-60271,Spare parts
CAM2-60270,Spare parts
CAM2-60267,Spare parts
CAM2-60232,Spare parts
CAM2-60222,Spare parts
CAM2-60034,Spare parts
CAM2-60032,Spare parts
CAM2-60006,Spare parts
CAM2-45751,Spare parts
CAM2-45401A,Spare parts
CAM2-45307,Spare parts
CAM2-41076,Spare parts
CAM2-41019,Spare parts
CAM2-41020,Spare parts
CAM2-41059,Spare parts
CAM2-41063,Spare parts
CAM2-12119,Spare parts
CAM2-12109,Spare parts
CAM2-12101,Spare parts
AMA2-M0805202,Spare parts
AMA2-M0805104,Spare parts
AMA2-M0805105,Spare parts
ASL2-MB50-NV-2-202007,Spare parts
ASL2-HN-MCP+FRAME,Spare parts
ASL2-HN-GLA-2000,Spare parts
ASL2-HN-DP-1,Spare parts
ZAN2-ASSM0770,Spare parts
ZAN2-CAVI0058,Spare parts
ZAN2-TERM0093,Spare parts
ZAN2-PANN0436,Spare parts
ZAN2-RESI0151,Spare parts
ZAN2-RESI0150,Spare parts
ZAN2-SUPP0492,Spare parts
ZAN2-ELET0720,Spare parts
ZAN2-ELET0718,Spare parts
ZAN2-LAMP0069,Spare parts
ZAN2-MANI0110,Spare parts
WNK1-WCS-135-HF,Products
WNK1-WB-002-PM,Products
WNK1-TS-320-PM,Products
WNK1-TPR14-PM,Products
WNK1-TPR09-PM,Products
WNK1-TFP-400HF,Products
WNK1-TFP-300HF,Products
WNK1-SQB-325HF,Products
WNK1-SP-228,Products
WNK1-SN1215-PM,Products
WNK1-SN0504RB-HF,Products
WNK1-SL0001-PM,Products
WNK1-SL0002-PM,Products
WNK1-SL0003-PM,Products
WNK1-SL0004-PM,Products
WNK1-SL0005-PM,Products
WNK1-SL0006-PM,Products
WNK1-SFT-340HF,Products
WNK1-SCON-001-PM,Products
WNK1-SB-118HF,Products
WNK1-SB-001HF,Products
WNK1-SB-001-HF,Products
WNK1-RTT5742-PM,Products
WNK1-RTR-360HF,Products
WNK1-RT355HFR,Products
WNK1-RT355HF,Products
WNK1-RFT-424HF,Products
WNK1-RFP-360HF,Products
WNK1-RFP-304HF,Products
WNK1-RDT460-PM,Products
WNK1-RDT390-PM,Products
WNK1-RDT355-PM,Products
WNK1-RDT304,Products
WNK1-RCT5842HF,Products
WNK1-RCT5515HF,Products
WNK1-RCON-001-PM,Products
WNK1-RB-450HF,Products
WNK1-RB-355HF,Products
WNK1-RB-330HF,Products
WNK1-RB-255HF,Products
WNK1-RB-180HF,Products
WNK1-RB-385HF,Products
WNK1-RB-200HF,Products
WNK1-RB-140HF,Products
WNK1-PE-37-PM,Products
WNK1-PE-36-PM,Products
WNK1-PE-34-T-PM,Products
WNK1-PE-33-PM,Products
WNK1-PE-32-PM,Products
WNK1-PE-31-PM,Products
WNK1-PE-30-PM,Products
WNK1-PE-28-PM,Products
WNK1-PC158-PM,Products
WNK1-PC148M,Products
WNK1-PC138PM,Products
WNK1-PC128-PM,Products
WNK1-PC118M,Products
WNK1-PC108-PM,Products
WNK1-PB360-L-HF,Products
WNK1-OVT-5645-PM,Products
WNK1-OVT-5137-PM,Products
WNK1-OB3728HF,Products
WNK1-MJ-025,Products
WNK1-MD-001,Products
WNK1-LUT-378HF,Products
WNK1-LB-0910-PM,Products
WNK1-JD-013(B),Products
WNK1-JD-014(B),Products
WNK1-JD-014(C),Products
WNK1-HT4931HF,Products
WNK1-HSI-105HF,Products
WNK1-FV-001HF,Products
WNK1-FSB-355HF,Products
WNK1-FS-1305-PM,Products
WNK1-FH-4300-HF,Products
WNK1-FB-013-PM,Products
WNK1-FB-008-PM,Products
WNK1-FB-006-PM,Products
WNK1-FB-005-HF,Products
WNK1-FB-001-PM,Products
WNK1-EM-WP150,Products
WNK1-EM-WP200,Products
WNK1-EM-TP100,Products
WNK1-EM-TP60,Products
WNK1-EM-TP35,Products
WNK1-EM-SB25,Products
WNK1-EM-SBC25,Products
WNK1-EM-MJ25,Products
WNK1-EM-MJ15,Products
WNK1-EM-CP200,Products
WNK1-EM-CP150,Products
WNK1-EM-CP100,Products
WNK1-EM-CP60,Products
WNK1-EM-CP35,Products
WNK1-DWCP-27HF,Products
WNK1-DSH-TCP200,Products
WNK1-DSH-TCP150,Products
WNK1-DSH-TCP100,Products
WNK1-DSH-TCP25,Products
WNK1-DSH-TCP35,Products
WNK1-DSH-TCP50,Products
WNK1-DSH-SB25,Products
WNK1-DSH-SBC25,Products
WNK1-DSH-MJ25,Products
WNK1-DSH-MJ20,Products
WNK1-DEM-TP60,Products
WNK1-DEM-TP35,Products
WNK1-DEM-TP100,Products
WNK1-DEM-CP60,Products
WNK1-DEM-CP35,Products
WNK1-DEM-CP200,Products
WNK1-DEM-CP150,Products
WNK1-DEM-CP100,Products
WNK1-CR-018,Products
WNK1-CR-017,Products
WNK1-CP-060,Products
WNK1-CP-040,Products
WNK1-CP-041,Products
WNK1-CP-039,Products
WNK1-CP-038,Products
WNK1-CP-037,Products
WNK1-CP-036,Products
WNK1-CP-035,Products
WNK1-CP-034,Products
WNK1-CP-032,Products
WNK1-CP-031,Products
WNK1-CP-030,Products
WNK1-CP-025,Products
WNK1-COR1-12,Products
WNK1-CON-001A-PM,Products
WNK1-CD-333,Products
WNK1-CD-351,Products
WNK1-CD-353,Products
WNK1-CD-193-PM,Products
WNK1-CD-193-NS,Products
WNK1-CD-194G-PM,Products
WNK1-CD-194-NS,Products
WNK1-CD-161,Products
WNK1-CD-151(C),Products
WNK1-CD-153(C),Products
WNK1-CD-158(C),Products
WNK1-CD-094POR,Products
WNK1-CD-094,Products
WNK1-CD-088,Products
WNK1-CD-083,Products
WNK1-CD-082,Products
WNK1-CD-081,Products
WNK1-CD-043,Products
WNK1-BT-240PM,Products
WNK1-BT-235-PM,Products
WNK1-BT-235F-PM,Products
WNK1-BT-200T,Products
WNK1-APO1-5,Products
WNK1-APO1-1,Products
WNK1-APO1-9,Products
WNK1-APO1-11,Products
WNK1-ALE1-12,Products
WNK1-ALE1-10,Products
WNK1-ALE1-9,Products
WNK1-ALE1-6,Products
VOL1-94200,Products
VOL1-93200,Products
VOL1-90042,Products
VOL1-67632,Products
VOL1-62323,Products
VOL1-62315,Products
VOL1-62313,Products
VOL1-62307,Products
VOL1-62300,Products
VOL1-52026,Products
VOL1-40142,Products
VOL1-40162,Products
VOL1-35361,Products
VOL1-35328,Products
VOL1-34400,Products
VOL1-34300,Products
VOL1-33400,Products
VOL1-33300,Products
VOL1-33200,Products
VOL1-33100,Products
VOL1-32600,Products
VOL1-32300,Products
VOL1-32200,Products
VOL1-31500,Products
VOL1-31300,Products
VOL1-29400,Products
VOL1-29100,Products
VOL1-23600,Products
VOL1-23400,Products
ROB1-LT10,Products
ROB1-TX4,Products
ROB1-HP1500B,Products
ROB1-HP10,Products
MID1-PS840E-1,Products
MID1-PS636G-1,Products
CAM1-ICS125L-180,Products
CAM1-ICS125L-157,Products
TRA1-WR1003,Products
TRA1-WR1009,Products
TRA1-TR30,Products
TRA1-TR2,Products
TRA1-TR13,Products
TRA1-TR1,Products
TRA1-INC51,Products
TRA1-6010-16,Products
TRA1-6000-13,Products
TRA1-5500-06,Products
TRA1-3825L-01,Products
TRA1-3825-12,Products
TRA1-3810-12,Products
TRA1-3802-12,Products
TRA1-3672,Products
TRA1-3648,Products
TRA1-3632,Products
TRA1-2813-13,Products
TRA1-2813-02,Products
TRA1-2812-02,Products
TRA1-2808-08,Products
TRA1-2803-18,Products
TRA1-2800-31,Products
TRA1-2512,Products
TRA1-2015-138,Products
TRA1-2015-02,Products
TRA1-1721-31,Products
TRA1-1697+1698,Products
TRA1-1698,Products
TRA1-1697,Products
TRA1-1620-01,Products
TRA1-1612,Products
TRA1-1522-01,Products
TRA1-1418-191,Products
TRA1-1418-03,Products
TRA1-1217-32,Products
TRA1-1217-03,Products
TRA1-1217-01,Products
TRA1-1216-191,Products
TRA1-1216-38,Products
TRA1-1216-33,Products
TRA1-1216-03,Products
TRA1-1216-01,Products
TRA1-1014-191,Products
TRA1-1014-03,Products
TRA1-1014-21,Products
TRA1-1014-33,Products
TRA1-1009-08,Products
TRA1-1009-06,Products
TRA1-1009-05,Products
TRA1-1009-04,Products
TRA1-1009-03,Products
TRA1-1009-02,Products
TRA1-1009-01,Products
TRA1-930,Products
TRA1-710,Products
TRA1-703,Products
TRA1-606-02,Products
TRA1-602-12,Products
TRA1-529-13,Products
TRA1-527T,Products
TRA1-402,Products
TRA1-312-02,Products
TRA1-302,Products
TRA1-206,Products
TRA1-202-12,Products
ARS1-288000,Products
ARS1-287900,Products
ARS1-287800,Products
ARS1-287400,Products
ARS1-287300,Products
ARS1-287200,Products
ARS1-287100,Products
ARS1-286800,Products
ARS1-286700,Products
ARS1-286304,Products
ARS1-286204,Products
ARS1-283804,Products
ARS1-283504,Products
ARS1-283004,Products
ARS1-282904,Products
ARS1-282804,Products
ARS1-282604,Products
ARS1-282204,Products
ARS1-282104,Products
ARS1-282004,Products
ARS1-281904,Products
ARS1-281804,Products
ARS1-281504,Products
ARS1-281404,Products
ARS1-280504,Products
ARS1-253000,Products
ARS1-252900,Products
ARS1-251100,Products
ARS1-251000,Products
ARS1-250700,Products
TRI1-TSSB-24,Products
TRI1-TSSB-36,Products
TRI1-TSRB-36C,Products
TRI1-TSMG-48C,Products
TRI1-TSMG-36,Products
TRI1-TSMG-36C,Products
TRI1-TSMG-24,Products
TRI1-TSF-15,Products
TRI1-TSEB-36C,Products
TRI1-TSEB-24C,Products
ARS1-250600,Products
ARS1-250500,Products
ARS1-178200,Products
NTS1-CB4-GR,Products
LKK2-HS50-19,Spare parts
LKK2-HS50-16,Spare parts
LKK2-2000W,Spare parts
LKK2-KSQ3-50,Spare parts
LKK2-LEO-36#13,Spare parts
LKK1-QL-7600,Products
HAT2-R02.09.002.00,Spare parts
TAC1-RT3,Products
TAC1-RCW41,Products
TAC1-RCH41,Products
TAC1-RB2211,Products
TAC1-RB1515,Products
TAC1-RB336,Products
TAC1-RB164,Products
TAC1-RB134,Products
TAC1-RB44,Products
TAC1-RAM4RBK,Products
TAC1-RAM4RW,Products
TAC1-RAM3RBK,Products
TAC1-RAM2RBK,Products
TAC1-R2020,Products
TAC1-R1616,Products
TAC1-PM1918,Products
TAC1-PM1912,Products
TAC1-N32BR,Products
TAC1-MG3,Products
TAC1-FN1919,Products
TAC1-CB1218YB,Products
TAC1-CB1218RB,Products
TAC1-CB1218BRB,Products
TAC1-CB1218BLB,Products
TAC1-BKM14,Products
TAC1-BK37209,Products
TAC1-BK37109,Products
TAC1-BK31815,Products
TAC1-BACR57,Products
TAC1-AP5,Products
TAC1-AC95,Products
TAC1-A137,Products
TAC1-8032X,Products
TAC1-8032W,Products
TAC1-8032R,Products
TAC1-6706,Products
TAC1-3774Y,Products
TAC1-3774W,Products
TAC1-3774T,Products
TAC1-3774G,Products
TAC1-3774BL,Products
TAC1-3716Y,Products
TAC1-3716W,Products
TAC1-3716T,Products
TAC1-3716G,Products
TAC1-3716BL,Products
TAC1-3716BK,Products
TAC1-3712W,Products
TAC1-2110,Products
TAC1-829,Products
NTS1-B5,Products
TAC1-666,Products
TAC1-69,Products
SAR1-VM5280CL,Products
SAR1-VM5280BK,Products
SAR1-SI7000,Products
SAR1-P4800,Products
SAR1-L2203,Products
SAR1-H4005TBK,Products
SAR1-CBG182412YL,Products
SAR1-CBG182412WH,Products
SAR1-CBG182412RD,Products
SAR1-CBG182412GN,Products
SAR1-CBG182412BR,Products
SAR1-CBG182412BL,Products
SAR1-CBG182412BG,Products
SAR1-CBG152012WH,Products
SAR1-CBG152012RD,Products
SAR1-CBG152012GN,Products
SAR1-CBG152012BR,Products
SAR1-CBG152012BL,Products
SAR1-CBG152012BG,Products
SAR1-CBG152012YL,Products
SAR1-CBG121812YL,Products
SAR1-CBG121812WH,Products
SAR1-CBG121812RD,Products
SAR1-CBG121812GN,Products
SAR1-CBG121812BR,Products
SAR1-CBG121812BL,Products
SAR1-CB182412YL,Products
SAR1-CB182412RD,Products
SAR1-CB182412WH,Products
SAR1-CB182412GN,Products
SAR1-CB182412BR,Products
SAR1-CB182412BL,Products
SAR1-CB182412BG,Products
SAR1-CB152012BG,Products
SAR1-CB152012BL,Products
SAR1-CB152012BR,Products
SAR1-CB152012GN,Products
SAR1-CB152012RD,Products
SAR1-CB152012WH,Products
SAR1-CB152012YL,Products
SAR1-CB121834YL,Products
SAR1-CB121834WH,Products
SAR1-CB121834RD,Products
SAR1-CB121834BR,Products
SAR1-CB121834BL,Products
SAR1-CB121834BG,Products
SAR1-CB121812WH,Products
SAR1-CB121812YL,Products
SAR1-CB121812RD,Products
SAR1-CB121812BR,Products
SAR1-CB121812BL,Products
SAR1-CB121812BG,Products
SAR1-BD2003,Products
SAM1-CA300-FR7,Products
SAM1-CA300-FCE4,Products
SAM1-BB800,Products
ROE1-28009,Products
TAB1-7PS20,Products
TS1-5EF-EU4DS-C,Products
TS1-5EF-EU1WG-C,Products
TS1-5EF-EU1DS-C,Products
TS1-5EF-EU1DG-C,Products
STA1-624MD,Products
STA1-602HD,Products
SEA1-LO12BLC,Products
SER1-67580,Products
HAT1-AIH48WG,Products
RAN1-ROCKY-SD,Products
RAN1-MD50ST,Products
RAN1-MD50AT,Products
RAN1-CLASSE10-SDE2-GR,Products
PRC1-KK-FC3,Products
PRC1-KK-FC2NM,Products
PRC1-KK-FC1NM,Products
PRC1-BSK-ICM15SW,Products
PRC1-BSK-ICM15SG,Products
PRC1-BSK-ICM15SDW,Products
PRC1-BSK-ICM15SBL,Products
POL1-E20126,Products
NAY1-NGFT8-75S-G,Products
MAX1-MMH-600-50,Products
LAC1-6-S-A,Products
KIN1-8039A-27,Products
KIN1-893,Products
FAM1-FTV100,Products
FAG1-FE4,Products
DEX1-18213,Products
DEX1-20713,Products
DEX1-20206,Products
DEX1-18213C,Products
DEX1-18213G,Products
DEX1-18213R,Products
DEX1-18173Y,Products
DEX1-15303C,Products
DEX1-15303Y,Products
DEX1-13463R,Products
DEX1-13463G,Products
DEX1-13313R,Products
DEX1-13313Y,Products
DEX1-12443G,Products
DEX1-12443Y,Products
DEX1-12433G,Products
DEX1-12433R,Products
DEX1-01563C,Products
DEX1-01563Y,Products
DEX1-01543C,Products
DEX1-01543G,Products
DEX1-01543R,Products
DEX1-01543Y,Products
ROE2-27361,Spare parts
NTS1-HL2BK-RB,Products
COT1-TCS-200,Products
COT1-302331,Products
COF1-SUNRISE-1,Products
COF1-SUNRISE-3,Products
COF1-SUNRISE-2,Products
COF1-JETCOF120,Products
CHF1-SG10-M,Products
CHF1-J070-XS,Products
CHF1-J070-XL,Products
CHF1-J070-S,Products
CHF1-J070-M,Products
CHF1-J070-L,Products
CHF1-J070-2X,Products
CHF1-803PG,Products
BRE1-48-101,Products
PIT1-TBV-SRTG14,Products
PIT1-TB-SFSSH55-D,Products
PIT1-BK-SSH60W,Products
LTE1-E0012,Products
LTE1-E0011,Products
LTE1-CS06,Products
LTE1-CS08,Products
LTE1-CS10,Products
LTE1-CS13,Products
BES1-G7PI,Products
BES1-G7F2BP,Products
BES1-E7FL4M,Products
BAR1-BTC-329SS,Products
KIT2-W10600940,Spare parts
KIT2-W10420628,Spare parts
KIT2-W10354780,Spare parts
KIT2-W10305968,Spare parts
KIT2-K5THSBP,Spare parts
KIT2-9706788,Spare parts
KIT2-9701508,Spare parts
KIT2-8533910,Spare parts
KIT2-4162347,Spare parts
KIT2-4162075,Spare parts
KIT2-4161956,Spare parts
KIT2-240026,Spare parts
KIT2-103994,Spare parts
NTS1-CAR1-18-2,Products
STA1-SWB7RBE,Products
ROL1-MS-RFG12,Products
ROE1-R5G-400-50-3,Products
ROE1-CL52E,Products
ROE1-407435,Products
ROE1-39881,Products
ROE1-28380,Products
ROE1-28188,Products
ROE1-28130W,Products
ROE1-28120,Products
ROE1-28115W,Products
ROE1-28114W,Products
ROE1-28113W,Products
ROE1-28073,Products
ROE1-28058W,Products
ROE1-28057W,Products
ROE1-28053W,Products
ROE1-28051W,Products
ROE1-27298,Products
ROE1-27191,Products
ROE1-27201,Products
ROE1-27074,Products
ROE1-1943,Products
ROL1-RST2270,Products
ROL1-PS900E,Products
ROL1-F01021,Products
ROL1-CP60,Products
ROL1-CES600,Products
TOP1-YB-8707,Products
TOP1-YB-8706,Products
TOP1-XDF-5188W,Products
TOP1-XDF5188S-S(11M),Products
TOP1-P-0135,Products
TOP1-MN98E-506A,Products
TOP1-F-903A,Products
TOP1-F-902A,Products
TOP1-9850,Products
VRM1-CR20-28M,Products
RTN1-SCCWE101E,Products
RTN1-6013.1103,Products
RTN1-60.73.314,Products
RTN1-60.70.464,Products
PIM1-GCSSS-1-02,Products
PIM1-FRS100,Products
CAM1-GP4004-A36,Products
CAM1-EPPMFBE2-110,Products
CAM1-EPP3253LID-361,Products
CAM1-DR360-131,Products
CAM1-DC700-131,Products
CAM1-DC700-191,Products
CAM1-CSCSL,Products
KIT1-RVSA,Products
KIT1-KPRA,Products
KIT1-K5AWJ,Products
KIT1-FVSFGA,Products
KIT1-FGA,Products
HAT1-RHW-SS-STEAM,Products
HAT1-DL-700SL-BLACK,Products
HAT1-BLACK,Products
ETL1-922171,Products
CTP1-KB-2266-250P-BK,Products
CTP1-KB-2266-300S-BK,Products
CTP1-GS-10832-22-30-BK,Products
CTP1-GS-10832-26-30VLS-BK,Products
BER1-KM2,Products
BER1-JD218MIX25,Products
BER1-JD118MIX25,Products
BER1-GS12-W,Products
ADC1-CCB-1824-YL,Products
ADC1-STK-249,Products
ADC1-PP-605-BL,Products
ADC1-MS-2000,Products
ADC1-MS-3000,Products
ADC1-CCB-1520-RD,Products
ADC1-AT-3114-12,Products
PIM1-PFB-18SC,Products
ROE2-89136,Spare parts
XIN2-LED-LIGHT,Spare parts
XIN2-DOOR-SEAL,Spare parts
CHR2-BASKET-COMPLETE,Spare parts
ROB1-RC6,Products
ROB1-HP1505C,Products
ROB1-HP15R,Products
ROB1-AF25,Products
LIN1-HT7,Products
LIN1-AS4,Products
HAT1-LW2-B,Products
HAT1-LW2-R,Products
VRM1-ERGO60-M060-0078,Products
VRM1-AR005-080-TDM00,Products
VRM1-42CR20-202,Products
VRM1-22AR40,Products
NTS1-JD-3LS,Products
NTS1-CD-E9L-600W,Products
NTS1-SPWP2-2L,Products
NTS1-SPWP1-2L,Products
CAM1-UPCS400-401,Products
CAM1-UPCS400-480,Products
CAM1-UPCS400CK,Products
CAM1-UPCS180-131,Products
CAM1-UPCS180-480,Products
CAM1-UPCS160-480,Products
CAM1-UPCS140-110,Products
CAM1-UPCHT8002-401,Products
CAM1-UPC800-194,Products
CAM1-UPC400-191,Products
CAM1-UPC160-194,Products
CAM1-UC250-131,Products
CAM1-RD1200CW-135,Products
CAM1-PCMPX-615,Products
CAM1-MDSCDB9-457,Products
CAM1-MDSB16-487,Products
CAM1-ICS175LB-401,Products
CAM1-ICS100L-180,Products
CAM1-GBCTUGNPR21-CLR,Products
CAM1-GBCTUGNPR11-CLR,Products
CAM1-GBBP151417-110,Products
CAM1-ETD8-580,Products
CAM1-ESU243672-580,Products
CAM1-ESU183630V2-580,Products
CAM1-ESR24S-151,Products
CAM1-ESR21E-151,Products
CAM1-EPPEXT-110,Products
CAM1-EPP300-110,Products
CAM1-EPP260-110,Products
CAM1-EPP180PKG-110,Products
CAM1-EPK2172-580,Products
CAM1-EPK2164-580,Products
CAM1-EMSK2136V1-580,Products
CAM1-ECC1-580,Products
CAM1-DRS60-480,Products
CAM1-DRS48,Products
CAM1-DRS36-131,Products
CAM1-DRLNK-110,Products
CAM1-CSUNVR24-580,Products
CAM1-CSSD248-151,Products
CAM1-CSR3-191,Products
CAM1-CPCC8-480,Products
ASL2-BP-50-NV-202007,Spare parts
RTN1-ICOMBI-CLASSIC-6-1-1,Products
RTN1-ICOMBI-PRO-20-1-1-E,Products
ASL2-FUSE-B,Spare parts
RTN1-ICOMBI-PRO-10-1-1-E,Products
RTN1-ICOMBI-PRO-6-1-1-E,Products
RTN1-ICOMBI-PRO-XS-6-2-3E,Products
CAM1-CP2632-443,Products
CAM1-CD2020-131,Products
CAM1-CD2020-401,Products
CAM1-CD1826PDB-180,Products
CAM1-CD160-110,Products
CAM1-CC32-148,Products
CAM1-CBU246072V4-580,Products
CAM1-CBU213664V4-580,Products
CAM1-CBSK2442VS5-580,Products
CAM1-CBSK2442S1-580,Products
CAM1-CBPK2464-580,Products
CAM1-BC2304S-131,Products
CAM1-BC1115SH-131,Products
CAM1-BC1115SH-110,Products
CAM1-BC340KD4SB-110,Products
CAM1-BC340KD4SB-480,Products
CAM1-BC331KDTC-110,Products
CAM1-BC331KDSH-110,Products
CAM1-BC331KD-480,Products
CAM1-BC331KD-110,Products
CAM1-BC225-191,Products
CAM1-60135,Products
CAM1-21157CBP-180,Products
CAM1-8302MT-148,Products
CAM1-1826LTC-131,Products
CAM1-1722CBCW-110,Products
CAM1-1621CBR-110,Products
CAM1-1621CBP-131,Products
CAM1-1600DIV-401,Products
CAM1-1520CBR-110,Products
CAM1-1520CBP-180,Products
CAM1-1520CBP-131,Products
CAM1-1520CBPF-110,Products
CAM1-1520CBCW-110,Products
CAM1-1120CBR-110,Products
CAM1-1120CBP-131,Products
CAM1-1120CBP-180,Products
CAM1-1014-113,Products
CAM1-500LCD-131,Products
CAM1-125MPC-157,Products
CAM1-100LCD-131,Products
CAM1-92PP-190,Products
CAM1-36S738-184,Products
CAM1-32PP-190,Products
PRC1-TB-SFS-I-A-1.5,Products
PRC1-TB-SFS-I-A-2,Products
PRC1-TB-PST-II-A-0.7-25,Products
PRC1-TB-KW-III-L,Products
PRC1-KK-LOP005,Products
PRC1-KK-CST20,Products
PRC1-KB-WP-I-B-18,Products
PRC1-KB-KW-II-X-8,Products
PRC1-KB-KW-II-X-5,Products
PRC1-KB-KW-II-X-12,Products
PRC1-KB-KW-II-X-1.5,Products
PRC1-KB-KW-II-X-0.5,Products
PRC1-KB-KW-II-D-8,Products
PRC1-KB-KW-II-D-3,Products
PRC1-KB-KW-II-D-16,Products
PRC1-KB-KW-II-D-13,Products
PRC1-KB-KW-II-D-1.5,Products
PRC1-KB-KT-XII-A-1,Products
PRC1-KB-FYS-VII-O,Products
PRC1-KB-FP-II-F-60,Products
PRC1-KB-CP-I-A-12-R,Products
PRC1-KB-BS-VI-L-24,Products
PRC1-KB-BS-VI-L-18,Products
PRC1-BST-TBM-1218BK,Products
PRC1-BST-BR005,Products
PRC1-BSK-WB46,Products
PRC1-BSB-BS-II-G4-BL,Products
PRC1-BSB-BS-II-G-S-S,Products
PRC1-BK-PTWP20,Products
PRC1-BK-PTWP18,Products
PRC1-BK-PTWP17,Products
PRC1-BK-PTWP15,Products
PRC1-BK-PTWP14,Products
PRC1-BK-PTWP13,Products
PRC1-BK-PTWP11,Products
PRC1-BK-PTWP10,Products
PRC1-BK-PTWP08,Products
PRC1-BK-PTWP06,Products
HAT2-07.01.333.00,Spare parts
HAT2-RHW-11QT-POT,Spare parts
NTS1-B-C76,Products
PUJ1-981.650,Products
PUJ1-981.500,Products
PUJ1-980.000,Products
PUJ1-980.200,Products
PUJ1-972.060,Products
PUJ1-969.000,Products
PUJ1-968.000,Products
PUJ1-962.003,Products
PUJ1-962.002,Products
PUJ1-945.051,Products
PUJ1-945.050,Products
PUJ1-945.037,Products
PUJ1-938.000,Products
PUJ1-937.000,Products
PUJ1-929.025,Products
PUJ1-910.008,Products
PUJ1-904.600,Products
PUJ1-904.500,Products
PUJ1-904.145,Products
PUJ1-904.113,Products
PUJ1-902.000,Products
PUJ1-901.014,Products
PUJ1-901.018,Products
PUJ1-896.003,Products
PUJ1-896.008,Products
PUJ1-895.010,Products
PUJ1-895.015,Products
PUJ1-895.020,Products
PUJ1-894.005,Products
PUJ1-894.004,Products
PUJ1-894.003,Products
PUJ1-892.200,Products
PUJ1-892.150,Products
PUJ1-891.060,Products
PUJ1-887.060,Products
PUJ1-862.100,Products
PUJ1-861.045,Products
PUJ1-861.053,Products
PUJ1-859.132,Products
PUJ1-859.130,Products
PUJ1-859.126,Products
PUJ1-859.125,Products
PUJ1-859.124,Products
PUJ1-859.123,Products
PUJ1-859.120,Products
PUJ1-859.114,Products
PUJ1-859.115,Products
PUJ1-859.119,Products
PUJ1-859.110,Products
PUJ1-859.109,Products
PUJ1-859.107,Products
PUJ1-850.222,Products
PUJ1-850.128,Products
PUJ1-850.124,Products
PUJ1-850.031,Products
PUJ1-850.028,Products
PUJ1-850.001,Products
PUJ1-850.002,Products
PUJ1-850.007,Products
PUJ1-848.008,Products
PUJ1-837.007,Products
PUJ1-837.005,Products
PUJ1-837.003,Products
PUJ1-780.006,Products
PUJ1-646.000,Products
PUJ1-634.000,Products
PUJ1-633.003,Products
PUJ1-625.000,Products
PUJ1-603.012,Products
PUJ1-394.008,Products
PUJ1-355.007,Products
PUJ1-355.008,Products
PUJ1-350.630,Products
PUJ1-307.050,Products
PUJ1-303.200,Products
PUJ1-292.160,Products
PUJ1-292.150,Products
PUJ1-292.145,Products
PUJ1-292.140,Products
PUJ1-292.135,Products
PUJ1-292.132,Products
PUJ1-292.130,Products
PUJ1-292.128,Products
PUJ1-292.124,Products
PUJ1-292.120,Products
PUJ1-291.150,Products
PUJ1-291.145,Products
PUJ1-291.140,Products
PUJ1-291.135,Products
PUJ1-291.132,Products
PUJ1-291.130,Products
PUJ1-291.128,Products
PUJ1-291.124,Products
PUJ1-291.120,Products
PUJ1-291.160,Products
PUJ1-290.150,Products
PUJ1-290.145,Products
PUJ1-290.140,Products
PUJ1-290.135,Products
PUJ1-290.132,Products
PUJ1-290.130,Products
PUJ1-290.128,Products
PUJ1-290.124,Products
PUJ1-290.120,Products
PUJ1-248.040,Products
PUJ1-145.000,Products
PUJ1-141.501,Products
PUJ1-125.000,Products
PUJ1-122.222,Products
PUJ1-121.001,Products
PUJ1-115.000,Products
PUJ1-112.001,Products
PUJ1-111.111,Products
PUJ1-111.501,Products
ROB1-Z16065,Products
ROB1-Z12065,Products
ROB1-Z11025,Products
ROB1-E14-100RD,Products
ROB1-E16-100RD,Products
ROB1-E25-100G,Products
ROB1-BR22,Products
WNK1-ALE1-2,Products
WNK1-ALE1-3,Products
WNK1-ALE1-4,Products
WNK1-ALE1-5,Products
WNK1-ALE1-8,Products
WNK1-ALE1-14,Products
WNK1-ALE1-11,Products
WNK1-ALE1-1,Products
WNK1-33P-PM,Products
WNK1-28P-PM,Products
ETL1-FCF6EOEM,Products
ETL1-FCG061,Products
PIM1-TT-450,Products
PIM1-TT-150,Products
CTP1-GS-10925-55-SPS-BK,Products
PIM1-6ATS-A,Products
EDL1-SG-2,Products
EDL1-SG-2C,Products
EDL1-SG-2CL,Products
EDL1-SG-2L,Products
EDL1-KSUV-18,Products
EDL1-KSR-5000,Products
EDL1-KR-50B,Products
EDL1-KR-50G,Products
EDL1-KR-50R,Products
EDL1-FFD-18,Products
EDL1-CH-5000,Products
EDL1-CA-3000,Products
EDL1-4416HDL,Products
EDL1-4412HDL,Products
HOU1-CPE1.10-GAS,Products
HOU1-C2.20-ROLL-IN,Products
HOU1-BPE1.20-ROLL-IN,Products
HOU1-BPE1.10,Products
HOU1-BPE1.06,Products
HOU1-BPE1.06-GAS,Products
HOU1-B1.06,Products
HOU1-B1.10,Products
SAN1-53,Products
SAN1-50C,Products
SAN1-43,Products
SAN1-18,Products
SAN1-12-12R,Products
SAN1-04N,Products
PIM1-PFB-32SC,Products
PIM1-KNSM230,Products
PIM1-HCS-3,Products
PIM1-GH-813C,Products
PIM1-GCSSS-1-01,Products
PIM1-FRS808,Products
PIM1-DISC888SE,Products
PIM1-DISC140,Products
PIM1-DISC014,Products
PIM1-DISC010,Products
PIM1-DISC004,Products
PIM1-DISC002,Products
PIM1-DDR-30,Products
PIM1-907010082,Products
PIM1-907010003,Products
TOP1-XDF5168W,Products
TOP1-WV-3170-FEP,Products
TOP1-M98E-500,Products
TOP1-M98E-200,Products
TOP1-016S,Products
TOP1-018S,Products
TOP1-014S,Products
MID1-PS640G-2,Products
NTS1-PPM-W5,Products
PIM1-BSC31,Products
PIM1-KT1500-D,Products
PIM1-KT1200-DW,Products
PIM1-KT1200-D,Products
CAM1-32HP1H-150,Products
CAM1-60HPCHN-150,Products
CAM1-60HPCH-150,Products
NTS1-HL2G-RB,Products
NTS1-HL2C-RB,Products
NTS1-HL1SS-SB,Products
NTS1-HL1G-SB,Products
NTS1-HL1G-HSB,Products
NTS1-HL1C-SB,Products
NTS1-HL1C-HSB,Products
NTS1-HL1BK-SB,Products
PIM1-EDO1-10C-BK,Products
CAM1-UGNPR11H9-480,Products
PRC1-BK-MP42P,Products
PRC1-BK-MP36,Products
PRC1-BK-MP60,Products
PRC1-BK-MP54,Products
PRC1-BK-MP48,Products
PRC1-BK-MP42,Products
PRC1-BK-MP30,Products
PRC1-BK-MP24,Products
SIR1-SO1650INOX-MN-BANCO,Products
NTS1-MIR-3M8,Products
ROE1-ROBOT-COOK,Products
LIN1-LDF,Products
LIN1-HB2,Products
CAM1-VL2632-A20,Products
CAM1-UPCSS160-157,Products
CAM1-UPCH16002-110,Products
CAM1-UPCH8002-110,Products
CAM1-UPC1600-110,Products
CAM1-UPC800-191,Products
CAM1-UPC400-157,Products
CAM1-UPC400-131,Products
CAM1-UPC400-110,Products
CAM1-UPC101-401,Products
PRC1-BK-PCS10,Products
PRC1-KK-WP46BPH,Products
PRC1-KK-WP36BPH,Products
PRC1-BSK-IS23,Products
PRC1-BSK-IS15,Products
PRC1-BSK-IS12,Products
PRC1-TK-MCHH5-PBL,Products
PRC1-TK-BP3WH,Products
PRC1-TK-BP3H,Products
PRC1-TK-SC15,Products
PRC1-TK-SC10,Products
PRC1-TK-FH2,Products
PRC1-TK-FH1,Products
PRC1-BSK-ERS85,Products
PRC1-TK-MCR01,Products
PRC1-BSK-MLKP500,Products
PRC1-KK-RR3225E,Products
PRC1-BSK-K20FTS,Products
CAM1-UGNPRPSH-480,Products
CAM1-UCR10R8-580,Products
CAM1-UC500-192,Products
CAM1-SFC12-453,Products
CAM1-QCSB-110,Products
CAM1-PCU1000HC4-615,Products
CAM1-PCMHX-615,Products
CAM1-MHWS18-615,Products
CAM1-MDSM8-480,Products
CAM1-MDSM8-110,Products
CAM1-MDSHB9-110,Products
CAM1-MDSHB9-447,Products
CAM1-MDSHB9-485,Products
CAM1-MDSHB9-497,Products
CAM1-MDSHB5-497,Products
PIM1-4ATS-A,Products
CAM1-ESR2448-151,Products
CAM1-EMU244878V4-580,Products
CAM1-EMU214270V4-580,Products
CAM1-MDSB16-457,Products
CAM1-MDSB16-447,Products
CAM1-MDSB9-487,Products
CAM1-MDSB9-457,Products
CAM1-MDSB9-110,Products
CAM1-MDSB9-447,Products
CAM1-MDSB5-457,Products
CAM1-MDSB5-447,Products
CAM1-MCCH-150,Products
CAM1-LITXLPCSK,Products
CAM1-ICS125T-194,Products
CAM1-ICS125L-131,Products
CAM1-ICS125L-110,Products
CAM1-HWAOR-110,Products
CAM1-HFSFSPROPP-190,Products
CAM1-GBBP111417-110,Products
CAM1-FBR6R-192,Products
CAM1-EXU244872VS4-480,Products
CAM1-EXU244864V4-480,Products
CAM1-EXU214272V5-480,Products
CAM1-EXU183664VS4-480,Products
CAM1-EXU184264VS4-480,Products
CAM1-EXU186064VS4-480,Products
CAM1-ESU246072-580,Products
CAM1-ESU244872V4-580,Products
CAM1-EPPMTSW-110,Products
CAM1-EPPMFBA-PKG,Products
CAM1-EPPMDB4428-159,Products
CAM1-EPPMD4835-159,Products
CAM1-EPPCTS-110,Products
CAM1-EPPBEVH2-110,Products
CAM1-EPP4060F6R-110,Products
CAM1-EPP4060T200-110,Products
CAM1-EPP4060T300-110,Products
CAM1-EPP3253LID-362,Products
CAM1-EPP3253LID-110,Products
CAM1-EPP280WSTSW-110,Products
CAM1-EPP280RDST-110,Products
CAM1-EPP180XL-110,Products
CAM1-EPP160-110,Products
CAM1-EPCB18-580,Products
CAM1-EDS24H6-580,Products
CAM1-EDBA-480,Products
NTS1-PFRSH-30,Products
NTS1-PCU-85,Products
NTS1-PCU-65,Products
NTS1-PCU-57,Products
NTS1-PCU-42,Products
NTS1-FCYL-S2-4,Products
LKK2-6206-2Z,Spare parts
BES1-G7F6P+FG1,Products
BES1-G7FL8M-2,Products
BES1-G7FL4M-SX,Products
BES1-G7F4P+FG1,Products
BES1-G7F4MP,Products
BES1-E7P2B,Products
BES1-E7FL8M-2,Products
BES1-CPG40E,Products
BES1-CPE40,Products
BES1-9GL15+15M,Products
CAM1-CSSC244818-000,Products
CAM1-CSPEGKIT24-110,Products
CAM1-CSMHDTK145-000,Products
CAM1-CSID6-000,Products
CAM1-CSDR7-151,Products
CAM1-CSDR8-151,Products
CAM1-CSDR73-151,Products
CAM1-CSDR84-151,Products
CAM1-CSDDC24-151,Products
CAM1-CPMCWB-000,Products
CAM1-CPM244867FX2-480,Products
CAM1-CPHU243667S4-480,Products
CAM1-CPCC1-480,Products
CAM1-CPA186072V4-480,Products
ROE1-MP550-ULTRA-LED,Products
ROE1-MP450COMBI,Products
ROE1-MP450,Products
CAM1-CGH200WEU-486,Products
CAM1-CD4060EPP-158,Products
CAM1-CD2020H-180,Products
CAM1-CD160-180,Products
CAM1-CBUNVR24-580,Products
CAM1-CBU245472V4-580,Products
CAM1-CBU214264V4-580,Products
CAM1-CBU184264V4-580,Products
CAM1-CBSK2448VS5-580,Products
CAM1-CBSK2448VS4-580,Products
CAM1-CBSK2448V5-580,Products
CAM1-CBSK2448S5-580,Products
CAM1-CBSK2448S4-580,Products
CAM1-CBSK2442S4-580,Products
CAM1-CBSK2442S5-580,Products
CAM1-CBSK2442V5-580,Products
CAM1-CBSK2442VS4-580,Products
CAM1-CBSK2436S4-580,Products
CAM1-CBPK2484-580,Products
CAM1-CBID6,Products
CAM1-CBDS21H10-580,Products
CAM1-CBCC8-580,Products
CAM1-BAR730-110,Products
CAM1-BAR650DS-668,Products
CAM1-BAR54SR-110,Products
CAM1-21157CBP-131,Products
CAM1-1826SCCW-135,Products
CAM1-1216-551,Products
CAM1-1216-536,Products
CAM1-1216-537,Products
CAM1-1216-538,Products
CAM1-1216-522,Products
CAM1-1216-521,Products
CAM1-1216-518,Products
CAM1-1216-514,Products
CAM1-1216-513,Products
CAM1-1216-510,Products
CAM1-1216-508,Products
CAM1-1216-505,Products
CAM1-1216-504,Products
CAM1-1216-501,Products
CAM1-1216-429,Products
CAM1-1216-428,Products
CAM1-1216-414,Products
CAM1-1216-410,Products
CAM1-1216-409,Products
CAM1-1216-401,Products
CAM1-1216-220,Products
CAM1-1216-221,Products
CAM1-1216-222,Products
CAM1-1216-199,Products
CAM1-1216-177,Products
CAM1-1216-171,Products
CAM1-1216-148,Products
CAM1-1216-123,Products
CAM1-1216-119,Products
CAM1-1216-117,Products
CAM1-1216-116,Products
CAM1-1216-113,Products
CAM1-1216-110,Products
CAM1-1216-107,Products
CAM1-1216-106,Products
CAM1-1216-105,Products
CAM1-1216-104,Products
CAM1-1216-101,Products
CAM1-1120CBR-131,Products
CAM1-825CWNR-148,Products
CAM1-911CWC-135,Products
CAM1-400MCH-150,Products
CAM1-86HP-150,Products
CAM1-85SFVS-101,Products
CAM1-84HP-150,Products
CAM1-82HP-150,Products
CAM1-30PPCH-190,Products
CAM1-13CLRCW-135,Products
CAM1-12PP-190,Products
CAM1-6FBRTT-158,Products
CAM1-4SFSP-148,Products
CAM1-1SFSPROPP-190,Products
SIR1-PALLADIO350,Products
SIR1-N.220,Products
SIR1-N.116,Products
SIR1-GF-VEGAS,Products
SIR1-DF14,Products
SIR1-DF10,Products
SIR1-DF5,Products
SIR1-DF4,Products
SIR1-DF1,Products
SIR1-66203500,Products
SIR1-40750040,Products
ZNS1-865272,Products
ZNS1-865271,Products
ZNS1-ZHT7,Products
ZNS1-372066,Products
ZNS1-372031,Products
ZNS1-372004,Products
ZNS1-372000,Products
HAT1-WHITE-UCTD-240,Products
HAT1-UGAHL-54D,Products
HAT1-TQ3-900-WARM-RED,Products
HAT1-TQ3-900-BLACK,Products
HAT1-TQ3-500H-WARM-RED,Products
HAT1-TQ3-500-WARM-RED,Products
HAT1-TM3-10H,Products
HAT1-RCTHW-SP,Products
HAT1-RCTHW-SK,Products
HAT1-RCTHW-PC,Products
HAT1-RCTHW-SW,Products
HAT1-RCTHW-BASKET,Products
HAT1-3CS-6B,Products
HAT1-GRBW-42,Products
HAT1-GRBW-30,Products
HAT1-DL-400AU-HUNTER-GREE,Products
HAT1-CSCLB-PACC,Products
HAT1-CSCL-BOARD,Products
HAT1-CL-HIGH,Products
HAT1-CL-LOW,Products
HAT1-C-12,Products
HAT1-ADJ-ANGLE,Products
SIR1-W8-TOP-40-DX-P20-CE,Products
SIR1-VORTEX-35VV,Products
SIR1-VESUVIO-85X70,Products
SIR1-T-REX-AUTOMEC-XP,Products
SIR1-TCG12E-MN,Products
SIR1-TC12-DENVER,Products
SIR1-STER-UVC-24W-S,Products
SIR1-SO2400-IX-CE-400-TF,Products
SIR1-PPJ20-SC,Products
SIR1-PPJ20-3PH,Products
SIR1-PI3.5,Products
SIR1-HERCULES-20-2V-CE,Products
SIR1-GALILEO-385-EVO-AUTO,Products
SIR1-GALILEO-385-EVO,Products
SIR1-GALILEO-350-EVO-AUTO,Products
SIR1-GALILEO-350-EVO,Products
SIR1-DRAKE-MAN,Products
SIR1-DRAKE,Products
SIR1-DOLOMITI-5T,Products
SIR1-DOLOMITI-7T-GELATERI,Products
SIR1-DISC-PS5,Products
SIR1-DISC-PS8,Products
SIR1-DISC-PS10,Products
SIR1-DISC-PS14,Products
SIR1-CANOVA300-TOP,Products
SIR1-BBQ-X3,Products
SIR1-69062500,Products
SIR1-69012010,Products
SIR1-28184021,Products
SIR1-28180056,Products
SIR1-28180021,Products
SIR1-28180013,Products
SIR1-28180009,Products
SIR1-11003001,Products
SIR1-11003004,Products
SIR1-BLITZ-3.2-LT,Products
SIR1-6Q-TOSTIERA-2800-W,Products
BER1-B3D-C7-L6,Products
PMF1-CELLA-XL-6-66,Products
PMF1-CELLA-XL-4-44,Products
PIM1-EDO2-40CS-BK,Products
PIM1-EDO2-40C-BK,Products
PIM1-EDO1-20C-BK,Products
PIM1-AT-936,Products
MKN1-813637,Products
MKN1-206045,Products
EKA1-KSPX-965,Products
EKA1-KF-966-UD-GA,Products
CTX1-DZ33I-2-W-STAND,Products
ROE1-R502VVG-220-240-50-1,Products
DEX1-32791,Products
DEX1-32784,Products
DEX1-31444,Products
DEX1-24323B,Products
DEX1-24253B,Products
DEX1-24013B,Products
DEX1-19703R,Products
DEX1-19703G,Products
DEX1-19703C,Products
DEX1-15303R,Products
DEX1-14012,Products
MBM2-RTCU900413,Spare parts
MBM2-RTBF900037,Spare parts
MBM2-PACU700421,Spare parts
MBM2-183863,Spare parts
ROE1-R7VV-230-50-1,Products
WYO1-SG30,Products
WYO1-GHP2H,Products
WYO1-GF30N,Products
WYO1-FD48,Products
WYO1-EHP,Products
WYO1-DR2A,Products
WYO1-DR1A,Products
WYO1-CSS-DTS-N,Products
WOL1-SCB25C-6,Products
WNK1-WB-001-PM,Products
WNK1-TT-151M,Products
WNK1-TFP-460HF,Products
WNK1-SN1215-GLASS,Products
WNK1-RTT5137-PM,Products
WNK1-PE34-T-HF,Products
WNK1-PB360HF,Products
WNK1-OVT-4635-PM,Products
WNK1-MJ-095,Products
WNK1-MJ-060,Products
WNK1-MJ-015,Products
WNK1-LUT-500HF,Products
WNK1-JD-015,Products
WNK1-IB3427HF,Products
WNK1-FB-009-HF,Products
WNK1-EFPN4055,Products
WNK1-EFPN2848,Products
WNK1-E8GN23L,Products
WNK1-E8GN1965,Products
WNK1-E8GN19150,Products
WNK1-DWWP-48M,Products
WNK1-DWWP-48HF,Products
WNK1-DWWP-48,Products
WNK1-DWMJ-25HF,Products
WNK1-DSH-WP200,Products
WNK1-DSH-WP150,Products
WNK1-CP-033,Products
WNK1-CED-002,Products
WNK1-CD-222(L),Products
WNK1-CD-211(DIV),Products
WNK1-CD-202,Products
WNK1-CD-193G-PM,Products
WNK1-CD-163,Products
WNK1-CD-152(B),Products
WNK1-CD-151(B),Products
WNK1-CD-13310PB,Products
WNK1-CD-116,Products
WNK1-CD-113,Products
WNK1-CD-112(EH),Products
WNK1-CD-101A,Products
WNK1-CD-053(B),Products
WNK1-CD-051(C),Products
WNK1-CD-031,Products
WNK1-CD-023,Products
WNK1-CD-011(B),Products
WNK1-CAFE1-5,Products
WNK1-CAFE1-3,Products
WNK1-CAFE1-2,Products
WNK1-BT-180T2,Products
WNK1-APO1-7,Products
WNK1-APO1-3,Products
WNK1-APO1-2,Products
WIS1-412-6,Products
WHI1-6850,Products
WES1-3700D,Products
VOL2-XMIX1031,Spare parts
VOL1-MIX1010CE,Products
VOL1-97102,Products
VOL1-94100,Products
VOL1-86122,Products
VOL1-8052420,Products
VOL1-8024410,Products
VOL1-68374,Products
VOL1-68370,Products
VOL1-67614,Products
VOL1-62325,Products
VOL1-62308,Products
VOL1-62305,Products
VOL1-62301,Products
VOL1-52016,Products
VOL1-52003-50,Products
VOL1-52000-60,Products
VOL1-49902,Products
VOL1-49602,Products
VOL1-49402,Products
VOL1-49302,Products
VOL1-49202,Products
VOL1-49102,Products
VOL1-49006,Products
VOL1-49002,Products
VOL1-47816-40,Products
VOL1-47812-50,Products
VOL1-47150,Products
VOL1-42006,Products
VOL1-42004,Products
VOL1-42002,Products
VOL1-42001,Products
VOL1-40922,Products
VOL1-40642,Products
VOL1-40622,Products
VOL1-40422,Products
VOL1-40382,Products
VOL1-40362,Products
VOL1-40342,Products
VOL1-40322,Products
VOL1-40312,Products
VOL1-40302,Products
VOL1-40282,Products
VOL1-40263,Products
VOL1-40262,Products
VOL1-40243,Products
VOL1-40242,Products
VOL1-40222,Products
VOL1-40212,Products
VOL1-40202,Products
VOL1-40182,Products
VOL1-40082,Products
VOL1-40063,Products
VOL1-40062,Products
VOL1-40047,Products
VOL1-40043,Products
VOL1-40023,Products
VOL1-40022,Products
VOL1-40012,Products
VOL1-40002,Products
VOL1-35631,Products
VOL1-31600,Products
VOL1-23300,Products
VOL1-23200,Products
UNM1-TOQUE,Products
UNM1-PT1,Products
UNM1-CJM01,Products
UNM1-BERET,Products
UNM1-05-TM,Products
UNM1-05-TLS,Products
UNM1-03-HAK,Products
UNM1-03-HAC,Products
UNM1-03-HAB,Products
UNM1-03-HA,Products
UNM1-03-APVR,Products
UNI1-SRM60+(REG),Products
UNI1-ASPZ,Products
TRI1-TSR-G24-6,Products
TRI1-TSMG-24C,Products
TRI1-TSHP-6-36C,Products
TRI1-TSHP-2-12C,Products
TRA1-TW1014,Products
TRA1-TRM,Products
TRA1-TRA,Products
TRA1-TMI10,Products
TRA1-TJ14,Products
TRA1-TC1,Products
TRA1-SG22,Products
TRA1-SG12,Products
TRA1-SC1007-13,Products
TRA1-SC1007-01,Products
TRA1-INC2,Products
TRA1-FP30-31,Products
TRA1-CSN2420-1,Products
TRA1-CSN2414-1,Products
TRA1-920,Products
TRA1-910,Products
TRA1-813-0605,Products
TRA1-7515-02,Products
TRA1-720G,Products
TRA1-720,Products
TRA1-68020,Products
TRA1-66009,Products
TRA1-632-01,Products
TRA1-6214,Products
TRA1-614,Products
TRA1-6010-13,Products
TRA1-5513-04,Products
TRA1-5500-12,Products
TRA1-541,Products
TRA1-540,Products
TRA1-538-17,Products
TRA1-536-17,Products
TRA1-536-01,Products
TRA1-534-17,Products
TRA1-534-01,Products
TRA1-532-17,Products
TRA1-532-01,Products
TRA1-530-01,Products
TRA1-528-13,Products
TRA1-5232-08,Products
TRA1-5224-13,Products
TRA1-5224-02,Products
TRA1-509-0505,Products
TRA1-4843-06,Products
TRA1-4842-18,Products
TRA1-477,Products
TRA1-409-0505,Products
TRA1-3802-28,Products
TRA1-3681,Products
TRA1-3677,Products
TRA1-3675,Products
TRA1-3640,Products
TRA1-3630,Products
TRA1-3610,Products
TRA1-3459-02,Products
TRA1-3459-01,Products
TRA1-330,Products
TRA1-320,Products
TRA1-2812-08,Products
TRA1-2751,Products
TRA1-2340-06,Products
TRA1-2340-02,Products
TRA1-2330-01,Products
TRA1-214,Products
TRA1-2015-38,Products
TRA1-1678-91,Products
TRA1-1676-99,Products
TRA1-1675-04,Products
TRA1-1674-96,Products
TRA1-1654-22,Products
TRA1-1511-C04,Products
TRA1-1476-0101,Products
TRA1-1474-0101,Products
TRA1-1460,Products
TRA1-1427-91,Products
TRA1-1418-49,Products
TRA1-1418-44,Products
TRA1-1418-31,Products
TRA1-1401-01,Products
TRA1-1363,Products
TRA1-1350,Products
TRA1-1217B-38,Products
TRA1-1217B-06,Products
TRA1-1217B-01,Products
TRA1-1217-33,Products
TRA1-1217-21,Products
TRA1-1217-04,Products
TRA1-1217-02,Products
TRA1-1216-62,Products
TRA1-1216-32,Products
TRA1-1216-31,Products
TRA1-1216-04,Products
TRA1-1187-22,Products
TRA1-1101-01,Products
TRA1-1018-130,Products
TRA1-1018-13,Products
TRA1-1014-44,Products
TRA1-1014-31,Products
TRA1-1014-02,Products
TRA1-1014-01,Products
TRA1-1009-32,Products
TRA1-1009-19,Products
TRA1-1003,Products
TRA1-1002G,Products
TOP1-KS409H,Products
TOP1-9810-14,Products
TOL1-CD500H,Products
TOA1-TGFF-35C+S,Products
TOA1-TCO2114,Products
TOA1-A710S,Products
TBA2-T07A350130-2,Spare parts
TAC1-2924P,Products
SUN1-B320C8,Products
SUN1-B305C8,Products
SOU1-SCB-24,Products
SOU1-MRA-32,Products
SOU1-MDC-24,Products
SOU1-1363,Products
SOU1-1361,Products
SIR1-PS20,Products
SIR1-PALLADIO350-A-FRO-CE,Products
SIR1-MSC15AMOZ,Products
SIR1-MSC15AMOP,Products
SIR1-MSC15AMOF,Products
SIR1-LF039255,Products
SEA1-TS611MV,Products
SEA1-PB315CB,Products
SEA1-BB124C,Products
SEA1-AC101BL,Products
SAV1-SG18C+SC18FC,Products
SAV1-C20VS,Products
SAR1-VM5280LG,Products
SAR1-VM5280BB,Products
SAR1-C5450C,Products
SAR1-C2901,Products
SAM1-TPD2,Products
SAM1-PS-12,Products
SAM1-CA300-FM8,Products
SAM1-CA300-FK,Products
SAM1-CA300-FF10,Products
SAM1-CA300-FCO6,Products
SAM1-BM22,Products
SAE1-STRATOS,Products
ROU1-RPCSF14,Products
ROU1-CC21,Products
ROL1-WI-3,Products
ROL1-WI-2,Products
ROL1-VHF1000,Products
ROL1-VHC1000,Products
ROL1-TPR60,Products
ROL1-SGM800,Products
ROL1-SGF800,Products
ROL1-SEM800Q-380,Products
ROL1-SEM800Q-220,Products
ROL1-SEM600Q-380,Products
ROL1-SEF800Q,Products
ROL1-SBM40F,Products
ROL1-SBM40C,Products
ROL1-SBC40F,Products
ROL1-SBC40C,Products
ROL1-RDC60T,Products
ROL1-RD600-FI,Products
ROL1-RD60-F,Products
ROL1-RBG30,Products
ROL1-RBG200,Products
ROL1-RBE25,Products
ROL1-RBE120,Products
ROL1-PANINI-XL,Products
ROL1-HVC-60-GN,Products
ROL1-HVC-120-GN,Products
ROL1-HD800,Products
ROL1-GR80G,Products
ROL1-GR53176,Products
ROL1-FC380,Products
ROL1-CHPS600,Products
ROE1-R8VV,Products
ROE1-R8,Products
ROE1-R15,Products
ROE1-R10E-400-V,Products
ROE1-CL55-2-FEED-HEADS,Products
ROE1-BLIXER45,Products
ROE1-BLIXER30,Products
ROE1-BLIXER23,Products
ROE1-BLIXER10-VV,Products
ROE1-BLIXER-8-VV,Products
ROE1-28161,Products
RHE1-PRIMA-CHIP,Products
RHE1-MEAT-MINCER,Products
RHE1-LABOR-2000B32,Products
RHE1-GOURMET4LT,Products
RHE1-GEAR-MOTOR,Products
REF1-SWC215SAD,Products
REF1-SMF-230SAD,Products
REF1-CUSTOM,Products
REF1-4DU-F-L,Products
REF1-00040,Products
REF1-00039,Products
REF1-00038,Products
REF1-00037,Products
REF1-00035,Products
REF1-00034,Products
REF1-00033,Products
REF1-00032,Products
REF1-00030,Products
REF1-00029,Products
REF1-00024,Products
REF1-00022,Products
REF1-00021,Products
REF1-00020,Products
REF1-00015,Products
REF1-00011,Products
REF1-00008,Products
REF1-00006,Products
REF1-00005,Products
REF1-00004,Products
REF1-00003,Products
REF1-00002,Products
RAV1-ZESTER,Products
RAV1-WINESTOP,Products
RAV1-WINESAVER-W,Products
RAV1-TWIST,Products
RAV1-SYRUP,Products
RAV1-SHAKER24,Products
RAV1-SHAKER16,Products
RAV1-SHAKER-MINI,Products
RAV1-SHAKER-CLEAR,Products
RAV1-SHAKER,Products
RAV1-SCOOP-S-S,Products
RAV1-ROTARY6,Products
RAV1-RAVEN25,Products
RAV1-NUT,Products
RAV1-KIPPAMBER,Products
RAV1-JULEP,Products
RAV1-JIGGERCLEAR,Products
RAV1-FRUIT,Products
RAV1-CLAMP,Products
RAV1-CHAMPSTOP,Products
RAV1-BAR-KNIFE,Products
RAV1-AMBERPOUR,Products
RAV1-900L6,Products
RAV1-2000-30ML-R,Products
RAV1-2000-30ML-G,Products
RAV1-2000-30ML-B,Products
RAN1-Z11-OMICRON2-D,Products
RAN1-TECNA-DE2-RED,Products
RAN1-NANCY,Products
RAN1-EPOCA-ST1-RED,Products
RAN1-EPOCA-S2-GREY,Products
RAN1-EPOCA-E1-GREY,Products
RAN1-EPOCA-DE2-GREY,Products
RAN1-CLASSE8-S1-GR-INOX,Products
RAN1-CLASSE10-S2-GR-GREY,Products
RAD1-TAF-40,Products
PUJ1-970.000,Products
PUJ1-859.122,Products
PUJ1-859.117,Products
PUJ1-859.113,Products
PUJ1-850.426,Products
PUJ1-846.200,Products
PUJ1-846.100,Products
PUJ1-846.050,Products
PUJ1-846.025,Products
PRI1-911C,Products
PRI1-152ARN,Products
PRI1-141DL,Products
PRI1-127,Products
PRI1-108REV-F,Products
PRI1-108-128,Products
PRI1-101KL,Products
PRC1-WS-138195,Products
PRC1-WBFC87L,Products
PRC1-TWI-700W-EA4050,Products
PRC1-TK-TSMO1,Products
PRC1-TK-TOP2,Products
PRC1-TK-TOP1,Products
PRC1-TK-MCH015-PVDG,Products
PRC1-TK-MCH015-PBLK,Products
PRC1-TK-MCH015,Products
PRC1-TK-KDS23,Products
PRC1-TK-KDS21,Products
PRC1-TK-KDS18,Products
PRC1-TK-KDS16,Products
PRC1-TK-KDS14,Products
PRC1-TK-KDS13,Products
PRC1-TK-KDS10,Products
PRC1-TK-CR32,Products
PRC1-TK-CHFD8E,Products
PRC1-TK-CB115,Products
PRC1-TK-BSKR8,Products
PRC1-TK-BSKF226,Products
PRC1-TK-BSK138,Products
PRC1-TK-BP3W,Products
PRC1-TK-BP3,Products
PRC1-TK-BP2W,Products
PRC1-TK-BP2,Products
PRC1-TK-BD3,Products
PRC1-SW9600,Products
PRC1-SP-8650S,Products
PRC1-KK-SC8,Products
PRC1-KK-SC7,Products
PRC1-KK-SC6,Products
PRC1-KK-SC5,Products
PRC1-KK-RR4332,Products
PRC1-KK-RR3728,Products
PRC1-KK-RR3325,Products
PRC1-KK-RR2821,Products
PRC1-KK-MBP08,Products
PRC1-KK-LOP01,Products
PRC1-KK-LHD65P,Products
PRC1-KK-LHD18P,Products
PRC1-KK-LHD16P,Products
PRC1-KK-LHD14P,Products
PRC1-KK-LHD11P,Products
PRC1-KK-LHD08P,Products
PRC1-KK-KTSO32,Products
PRC1-KK-KTSO30,Products
PRC1-KK-KTSO28,Products
PRC1-KK-FPS8,Products
PRC1-KK-FPS6,Products
PRC1-KK-FPS5,Products
PRC1-KK-FPS4,Products
PRC1-KK-FPS3,Products
PRC1-KK-FPS2,Products
PRC1-KK-FF85H,Products
PRC1-KK-FC5,Products
PRC1-KD-200-5KG,Products
PRC1-KB-KW-I-O,Products
PRC1-K-150W,Products
PRC1-K-120W,Products
PRC1-JH-8290,Products
PRC1-FD-50,Products
PRC1-BST-TM-008BK,Products
PRC1-BST-TG-003BK,Products
PRC1-BST-MP320-CORK,Products
PRC1-BSK-WTS12,Products
PRC1-BSK-WB42,Products
PRC1-BSK-WB41,Products
PRC1-BSK-TOTS04,Products
PRC1-BSK-SH5,Products
PRC1-BSK-OPN22V-BLK,Products
PRC1-BSK-OPN21,Products
PRC1-BSK-MRGCH12,Products
PRC1-BSK-LPB15,Products
PRC1-BSK-K85TGRT,Products
PRC1-BSK-K85TGR,Products
PRC1-BSK-K85TGO,Products
PRC1-BSK-K85FTN,Products
PRC1-BSK-K45,Products
PRC1-BSK-K220FT,Products
PRC1-BSK-IS10,Products
PRC1-BSK-CSR28,Products
PRC1-BSK-BRW7F,Products
PRC1-BSK-BRSG210W,Products
PRC1-BSK-BRSB210W,Products
PRC1-BSB-DS-I-I-0.5,Products
PRC1-BK-PH31,Products
PRC1-A12-EA5060,Products
PMF1-TRAYS-44,Products
PMF1-IBV-60-EVO,Products
PMF1-BASIC-2-40-GL&L,Products
PIT1-P14,Products
PIM1-VCM-60MS,Products
PIM1-VCM-20MF,Products
PIM1-SLIC006,Products
PIM1-SLIC002,Products
PIM1-IB350S300,Products
PIM1-GCSSS-1-04,Products
PIM1-GCSSS-1-03,Products
PIM1-FFDISC808,Products
PIM1-FFDISC100,Products
PIM1-ELE-M900,Products
PIM1-ELE-M809V,Products
PIM1-ELE-KN3,Products
PIM1-DR-1,Products
PIM1-DISC-H,Products
PIM1-DISC888,Products
PIM1-DISC200,Products
PIM1-BRK-200550,Products
PIM1-BD-2200W-TP,Products
PIM1-BD-2200W,Products
PIM1-B5,Products
PIE1-MIX30,Products
OMG1-J4220,Products
OMG1-J1220,Products
OMG1-C-22C,Products
OMG1-C-12W,Products
OMG1-BL632A,Products
OMG1-BL332S,Products
NUO1-VENUS-FAMILY,Products
NUO1-VENUS-BAR(CH),Products
NUO1-MASTER-CAPP,Products
NUO1-KD8,Products
NUO1-ARB3M,Products
NUO1-ARB2M,Products
NUO1-ARB1M,Products
NUO1-AMM,Products
NUO1-AGR3,Products
NUO1-AGR2,Products
NUO1-AGR1,Products
NTS1-YT74,Products
NTS1-YT71,Products
NTS1-YT141,Products
NTS1-YT128,Products
NTS1-YT112,Products
NTS1-YMJ200,Products
NTS1-YMJ011,Products
NTS1-YMJ007,Products
NTS1-YM003DD,Products
NTS1-YM002L,Products
NTS1-YM002D,Products
NTS1-XP-1008-21660,Products
NTS1-XP-1008-21659,Products
NTS1-XP-1008-21658,Products
NTS1-XP-1008-21655,Products
NTS1-X88027,Products
NTS1-X23889,Products
NTS1-WT-10L,Products
NTS1-WS0450,Products
NTS1-WMBH31,Products
NTS1-WMBH21,Products
NTS1-WKF-9301G,Products
NTS1-WKF-826,Products
NTS1-WKF-115S,Products
NTS1-WIN1-14,Products
NTS1-WIB-D19,Products
NTS1-WB22GY,Products
NTS1-TZ019,Products
NTS1-TUR-12,Products
NTS1-TSL-7310,Products
NTS1-TIP-DIS-FF,Products
NTS1-TB02Y,Products
NTS1-TB02R,Products
NTS1-TB02G,Products
NTS1-TB02B,Products
NTS1-T7.007MP,Products
NTS1-T7.002MP,Products
NTS1-T7.001MP,Products
NTS1-T2.103MP,Products
NTS1-T2.012MP,Products
NTS1-T2.006MP,Products
NTS1-T2.005MP,Products
NTS1-T2.004MP,Products
NTS1-T2.001MP,Products
NTS1-SZ034-21752,Products
NTS1-SS004,Products
NTS1-SQ-WCAP8OZ-RD,Products
NTS1-SP-AL-10H,Products
NTS1-SP0041,Products
NTS1-SP0010,Products
NTS1-SN6805,Products
NTS1-SN5762,Products
NTS1-SN4710,Products
NTS1-SN4705,Products
NTS1-SN4129,Products
NTS1-SN2055,Products
NTS1-SN1085,Products
NTS1-SLP-THIN,Products
NTS1-SLP9,Products
NTS1-SLP8,Products
NTS1-SLP7,Products
NTS1-SLP6,Products
NTS1-SLP5,Products
NTS1-SLP4,Products
NTS1-SLP3,Products
NTS1-SLP2,Products
NTS1-SLP10,Products
NTS1-SLP1,Products
NTS1-SLA-678,Products
NTS1-SKC-445,Products
NTS1-SINK705030-ASO,Products
NTS1-SINK504028-AS,Products
NTS1-SH6066,Products
NTS1-SH6008,Products
NTS1-SCM-21,Products
NTS1-SC0379,Products
NTS1-SC0369,Products
NTS1-SBM-078,Products
NTS1-SBLS4,Products
NTS1-SBL24-3,Products
NTS1-SBL15-2,Products
NTS1-SAG1-33,Products
NTS1-SA307C,Products
NTS1-SA1038,Products
NTS1-SA1020,Products
NTS1-RDHLCR5-SS,Products
NTS1-RBS-15,Products
NTS1-PPP-3,Products
NTS1-PPM-W10,Products
NTS1-PIZD-18,Products
NTS1-PH-297210,Products
NTS1-PH005,Products
NTS1-PCU-BL75,Products
NTS1-PCC-RO,Products
NTS1-NW021,Products
NTS1-NCT-03,Products
NTS1-MS-15ML,Products
NTS1-MLKH1,Products
NTS1-MJS15,Products
NTS1-MIB-1,Products
NTS1-MFS400,Products
NTS1-MB-2045-WITH-PDA,Products
NTS1-MATIRX-28,Products
NTS1-MATIRX-103BR,Products
NTS1-MATIRX-103B,Products
NTS1-MATIRX-100BP,Products
NTS1-MATIRX-08,Products
NTS1-MATIRX-06,Products
NTS1-MATIRX-05,Products
NTS1-MATIRX-04,Products
NTS1-MATIRX-02,Products
NTS1-MATIRX-01,Products
NTS1-M8020TR,Products
NTS1-M17018,Products
NTS1-M06NY12,Products
NTS1-M05NS12,Products
NTS1-M01WY45,Products
NTS1-LT-SBR,Products
NTS1-LS08-TCC,Products
NTS1-LS08-ST,Products
NTS1-LS08-RDB,Products
NTS1-LS08-C,Products
NTS1-LS06-T,Products
NTS1-LS06-STB,Products
NTS1-LS06-SMP,Products
NTS1-LS06-SGF,Products
NTS1-LS06-RTB,Products
NTS1-LS06-BMP,Products
NTS1-LS04-CP2,Products
NTS1-LOP-8,Products
NTS1-LEATHER-21693,Products
NTS1-LEATHER-21691,Products
NTS1-L5.PC222BK,Products
NTS1-L5.PC221BK,Products
NTS1-L5.PC186QM,Products
NTS1-L5.PC184QM,Products
NTS1-L5.PC132BK,Products
NTS1-L5.HT053QM,Products
NTS1-L5.HT051QM,Products
NTS1-KT-163,Products
NTS1-KN8013-Y2,Products
NTS1-KMC-R645B,Products
NTS1-HX086,Products
NTS1-HX085,Products
NTS1-HX037W,Products
NTS1-HX037G,Products
NTS1-HX037BR,Products
NTS1-HX037,Products
NTS1-HS2010B-RC,Products
NTS1-HH2010R-DW,Products
NTS1-HH2010P-DW,Products
NTS1-HH2010N-DW,Products
NTS1-HH2010K-DW,Products
NTS1-GPX-45M(031),Products
NTS1-GPX-110N(03),Products
NTS1-GN2365P,Products
NTS1-GN23150P,Products
NTS1-GN23100P,Products
NTS1-GM-SQ10-GY,Products
NTS1-FR-6211-6L,Products
NTS1-FR-1711-9L,Products
NTS1-FP0008,Products
NTS1-FP0006,Products
NTS1-FP0004,Products
NTS1-FAB-S130,Products
NTS1-FAB1-35,Products
NTS1-EF-01,Products
NTS1-EB20,Products
NTS1-DS501,Products
NTS1-DN125-FD,Products
NTS1-DB50,Products
NTS1-CSSP-28,Products
NTS1-CSPL-40,Products
NTS1-CIR-C-001,Products
NTS1-CED-4L-3T,Products
NTS1-CD-SS1H-Y,Products
NTS1-CD-RG-6L-1,Products
NTS1-CD-385-1-POR,Products
NTS1-CD-1133-1.8L2,Products
NTS1-CB02,Products
NTS1-C019BF,Products
NTS1-BOT-DIS-FF,Products
NTS1-BD-1500,Products
NTS1-BAG-VELVET,Products
NTS1-ALS12-BK,Products
NTS1-ACRYL(WHITE)-21680,Products
NTS1-ACRYL(WHITE)-21679,Products
NTS1-ACRYL(BLACK)-21652,Products
NTS1-ACRYL(BLACK)-21651,Products
NTS1-ACRYL(BLACK)-21646,Products
NTS1-AC-06(ROLLS),Products
NTS1-A5033,Products
NTS1-94.1200QM,Products
NTS1-94.11746AQM,Products
NTS1-94.1103BK,Products
NTS1-90.5118,Products
NTS1-515030-12H,Products
NTS1-429CT2K,Products
NTS1-411PS2,Products
NTS1-29783U,Products
NTS1-245600260-DD245,Products
NTS1-22883,Products
NTS1-21000707,Products
NTS1-21000542,Products
NTS1-21000473,Products
NTS1-21000347,Products
NTS1-21000127,Products
NTS1-21000125,Products
NTS1-20X30,Products
NTS1-20060025-GC200,Products
NTS1-11000468,Products
NTS1-11000467,Products
NTS1-11000462,Products
NTS1-11000459,Products
NTS1-11000457,Products
NTS1-11000456,Products
NTS1-11000020,Products
NTS1-11000019,Products
NTS1-11000018,Products
NTS1-11000017,Products
NTS1-11000016,Products
NTS1-11000013,Products
NEW1-NTSINGLE,Products
NAY1-NGKH7-90,Products
NAY1-NGFT4-75GOC,Products
NAY1-NGF4-75,Products
NAY1-NGCB8-75OC,Products
MKN1-204483,Products
MAX1-MSB1250,Products
MAX1-MCP-100,Products
LKK1-ZJ-1A,Products
LKK1-ZINC-COLOR,Products
LKK1-WG600-2,Products
LKK1-WG500,Products
LKK1-TYZ8.0,Products
LKK1-TQ8,Products
LKK1-STBT400600,Products
LKK1-SGS-680Y,Products
LKK1-RG-7X,Products
LKK1-QS505A,Products
LKK1-PP15A,Products
LKK1-PP15,Products
LKK1-MHDD212,Products
LKK1-MHDD112,Products
LKK1-LK-DL-22D,Products
LKK1-KL1,Products
LKK1-JG650,Products
LKK1-JG210,Products
LKK1-HWH25B,Products
LKK1-HS50(D),Products
LKK1-HDD36B,Products
LKK1-HDD36,Products
LKK1-HDD112,Products
LKK1-GT600-2,Products
LKK1-FBBT400600,Products
LKK1-EPZ-218,Products
LKK1-EG738-2,Products
LKK1-EG548,Products
LKK1-DS8,Products
LKK1-DS6,Products
LKK1-DS4,Products
LKK1-DM-WZ150,Products
LKK1-BMBT400600,Products
LKK1-B60(B),Products
LKK1-B5A,Products
LKK1-ANBT400600,Products
LIN1-LR03,Products
LDP1-RND-14678-PSTK,Products
LCO1-SOUS-VIDE-PRO,Products
LCO1-SOUS-VIDE-PRECISE,Products
LCO1-SOUS-VIDE-GOURMET-WH,Products
LCO1-SOUS-VIDE-GOURMET-BK,Products
LCO1-LICUADORA-PRO,Products
LCO1-CONCEDOR-SOUS-VIDE,Products
LCO1-BATIDORA,Products
LCO1-BATHIDOR-500-50,Products
LCO1-BATHIDOR-500-40,Products
LAK1-6010,Products
LAK1-2012,Products
HUA1-P-02,Products
HUA1-O-23,Products
HUA1-H-14,Products
HUA1-H-13,Products
HUA1-H-12,Products
HUA1-H-11,Products
HUA1-H-10,Products
HUA1-H-09,Products
HUA1-H-08,Products
HUA1-H-07,Products
HUA1-G-58,Products
HUA1-G-33,Products
HUA1-G-32,Products
HUA1-G-31,Products
HUA1-G-30,Products
HUA1-G-29,Products
HUA1-G-26B,Products
HUA1-G-26,Products
HUA1-G-15,Products
HUA1-G-14,Products
HUA1-G-09,Products
HUA1-G-08,Products
HUA1-G-07,Products
HUA1-G-06,Products
HUA1-G-03D,Products
HUA1-G-03,Products
HUA1-G-02,Products
HUA1-F-06,Products
HUA1-F-05,Products
HUA1-F-04,Products
HUA1-D-59,Products
HUA1-D-56,Products
HUA1-D-50,Products
HUA1-D-01A,Products
HUA1-701-02,Products
HUA1-29-655,Products
HUA1-28-701,Products
HUA1-27-701,Products
HUA1-27-655,Products
HUA1-26-701,Products
HUA1-26-655,Products
HUA1-25-701,Products
HUA1-25-655,Products
HUA1-24-701,Products
HUA1-24-655,Products
HUA1-23-701,Products
HUA1-23-655,Products
HUA1-22-701,Products
HUA1-21-701,Products
HUA1-21-655,Products
HUA1-20-701,Products
HUA1-20-655,Products
HUA1-19-701,Products
HUA1-19-655,Products
HUA1-18-701,Products
HUA1-18-655,Products
HUA1-16-701,Products
HUA1-16-655,Products
HUA1-15-701,Products
HUA1-15-655,Products
HUA1-14-701,Products
HUA1-14-655,Products
HUA1-11-701,Products
HUA1-11-655,Products
HUA1-08-701,Products
HUA1-08-655,Products
HUA1-06-701,Products
HUA1-06-655,Products
HUA1-04-701,Products
HUA1-03-701,Products
HUA1-03-655,Products
HUA1-02-701,Products
HUA1-02-655,Products
HUA1-01-701,Products
HUA1-01-655,Products
HAT2-R02.01.448.05,Spare parts
HAT1-X0419139700,Products
HAT1-X0419107500,Products
HAT1-RCTHW-NL,Products
GOU1-STAND-METAL,Products
GOU1-SS-22-SQU-Q,Products
GOU1-SS-16-TRI-Q,Products
GOU1-PT-15-YY,Products
GOU1-M-CUBE-8,Products
GOU1-JUICER-CYLST,Products
GOL1-8002EX+8005,Products
GMI1-TP6E,Products
GET1-6695-2,Products
GET1-6612-2,Products
FUJ1-RR-50A,Products
FRA1-MT1750A-G,Products
FRA1-FT4,Products
FRA1-FFS21,Products
FRA1-377972,Products
FRA1-377971,Products
FRA1-377967,Products
FRA1-377944,Products
FRA1-377942,Products
FRA1-377941,Products
FRA1-377940,Products
FRA1-377932,Products
FRA1-377917,Products
FRA1-377916,Products
FRA1-377915,Products
FRA1-377914,Products
FRA1-377912,Products
FNC1-T100,Products
FAG1-FTG905R,Products
FAG1-FE6,Products
FAG1-CG7115,Products
FAG1-BMG710,Products
ETF1-DQ-BM3,Products
ELO1-MD5-23,Products
ELO1-HSB4,Products
ELO1-ELG3,Products
EDL1-S-11TP,Products
DIA1-MM257-ORANGE,Products
DIA1-MM257-GREEN,Products
DIA1-MM251,Products
DIA1-MM044G&MM045G,Products
DIA1-MM028G,Products
DIA1-IK153,Products
DIA1-010113,Products
DIA1-009181,Products
DIA1-009099,Products
DCS1-DCS36G,Products
DCS1-DCS24-4-1,Products
DCS1-DCS24-2,Products
DCS1-DCS12-2,Products
COT1-STDVV001,Products
COT1-PTDS200,Products
COT1-PTDS1800-240,Products
COT1-PFPD001,Products
COT1-301631,Products
COT1-301550,Products
CON1-ES216BO,Products
CON1-C250-SSG-DT,Products
CON1-C250,Products
COL1-5812BK,Products
COL1-5811BK,Products
COL1-5810BE,Products
COL1-266-36YW,Products
COL1-178BL,Products
CMK1-T509(NEW),Products
CHM1-CNH18,Products
CHF1-6786RMT-XL,Products
CAM1-LIT2-349,Products
CAM1-LIT2-310,Products
CAM1-ITPD3253,Products
CAM1-FBRTBL-192,Products
CAM1-6RS6-157,Products
CAM1-113CW-154,Products
CAM1-113CW-148,Products
CAD1-77690203,Products
BER1-OB4GG1BFS-17,Products
BER1-BS3D-C7-Z-L(760),Products
ARS1-808201,Products
ARS1-739401,Products
ARS1-703601,Products
ARS1-601201,Products
ARS1-286104,Products
ARS1-286000,Products
ARS1-284704,Products
ARS1-283404,Products
ARS1-282504,Products
ARS1-280404,Products
ARS1-280004,Products
ARS1-256300,Products
ARS1-255200,Products
ARS1-253900,Products
ARS1-253700,Products
ARS1-253400,Products
ARS1-185300,Products
ARS1-141000,Products
ARC1-C2130,Products
ARC1-C1320,Products
ARC1-79923,Products
ARC1-79741,Products
ARC1-79736,Products
ARC1-79728,Products
ARC1-79683,Products
ARC1-77873,Products
ARC1-77639C,Products
ARC1-77339C,Products
ARC1-77335C,Products
ARC1-77280,Products
ARC1-77275,Products
ARC1-77272,Products
ARC1-77270,Products
ARC1-76500,Products
ARC1-76487,Products
ARC1-76482,Products
ARC1-76477,Products
ARC1-76399,Products
ARC1-76397,Products
ARC1-76161,Products
ARC1-76158,Products
ARC1-75373,Products
ARC1-75191,Products
ARC1-75189,Products
ARC1-75187,Products
ARC1-72388,Products
ARC1-71604,Products
ARC1-71602,Products
ARC1-71229,Products
ARC1-71225,Products
ARC1-71222,Products
ARC1-71220,Products
ARC1-71215,Products
ARC1-71211,Products
ARC1-71204,Products
ARC1-71197,Products
ARC1-71192,Products
ARC1-71183,Products
ARC1-71168,Products
ARC1-71166,Products
ARC1-71162,Products
ARC1-71160,Products
ARC1-71158,Products
ARC1-71143,Products
ARC1-70390,Products
ARC1-70271,Products
ARC1-68978,Products
ARC1-67107,Products
ARC1-65298,Products
ARC1-65296,Products
ARC1-64591,Products
ARC1-63972,Products
ARC1-63118,Products
ARC1-63059,Products
ARC1-62664,Products
ARC1-62451,Products
ARC1-62449,Products
ARC1-62447,Products
ARC1-62250,Products
ARC1-61875,Products
ARC1-61698,Products
ARC1-61697,Products
ARC1-60616,Products
ARC1-60615,Products
ARC1-60598,Products
ARC1-60548,Products
ARC1-60440,Products
ARC1-60026,Products
ARC1-60024,Products
ARC1-60018,Products
ARC1-59947,Products
ARC1-59943,Products
ARC1-59825,Products
ARC1-59709,Products
ARC1-59319,Products
ARC1-58833,Products
ARC1-58621,Products
ARC1-58179,Products
ARC1-58060,Products
ARC1-58057,Products
ARC1-58030,Products
ARC1-58012,Products
ARC1-58010,Products
ARC1-58001,Products
ARC1-57976,Products
ARC1-57975,Products
ARC1-57972,Products
ARC1-57971,Products
ARC1-57912,Products
ARC1-56799,Products
ARC1-56626,Products
ARC1-56416,Products
ARC1-56150C,Products
ARC1-55429,Products
ARC1-55391,Products
ARC1-55355,Products
ARC1-55239,Products
ARC1-55219,Products
ARC1-55058,Products
ARC1-54584,Products
ARC1-54455,Products
ARC1-54435,Products
ARC1-54434,Products
ARC1-53981C,Products
ARC1-53480,Products
ARC1-53061,Products
ARC1-53045,Products
ARC1-53041,Products
ARC1-52349,Products
ARC1-52216,Products
ARC1-52108,Products
ARC1-52104,Products
ARC1-52029,Products
ARC1-52017,Products
ARC1-51943,Products
ARC1-51922C,Products
ARC1-51916,Products
ARC1-51908C,Products
ARC1-51253,Products
ARC1-51245,Products
ARC1-51049,Products
ARC1-50998,Products
ARC1-50056,Products
ARC1-49361,Products
ARC1-49352,Products
ARC1-49197,Products
ARC1-49145,Products
ARC1-48342C,Products
ARC1-48332C,Products
ARC1-48172,Products
ARC1-48159,Products
ARC1-48031,Products
ARC1-47974,Products
ARC1-47965,Products
ARC1-47956,Products
ARC1-47902,Products
ARC1-47900,Products
ARC1-47032,Products
ARC1-47026,Products
ARC1-47019,Products
ARC1-47017,Products
ARC1-46981,Products
ARC1-46978,Products
ARC1-46973,Products
ARC1-46961,Products
ARC1-46888,Products
ARC1-46751,Products
ARC1-46722,Products
ARC1-46721,Products
ARC1-43829,Products
ARC1-43740,Products
ARC1-43716,Products
ARC1-43458,Products
ARC1-43352,Products
ARC1-43317,Products
ARC1-43315,Products
ARC1-43121,Products
ARC1-42442,Products
ARC1-42440,Products
ARC1-42439,Products
ARC1-42438,Products
ARC1-42250,Products
ARC1-41883,Products
ARC1-41881,Products
ARC1-41879,Products
ARC1-41841,Products
ARC1-41482,Products
ARC1-40482,Products
ARC1-40375,Products
ARC1-40359,Products
ARC1-40326,Products
ARC1-38949,Products
ARC1-38943,Products
ARC1-38936,Products
ARC1-38905,Products
ARC1-37684,Products
ARC1-37652,Products
ARC1-37264,Products
ARC1-36937,Products
ARC1-36536,Products
ARC1-36382,Products
ARC1-36378,Products
ARC1-36374,Products
ARC1-36341,Products
ARC1-36333,Products
ARC1-35739,Products
ARC1-34901,Products
ARC1-34691,Products
ARC1-34436,Products
ARC1-33820,Products
ARC1-33040,Products
ARC1-31507,Products
ARC1-31319C,Products
ARC1-31318C,Products
ARC1-31317C,Products
ARC1-31316C,Products
ARC1-31315C,Products
ARC1-30187,Products
ARC1-29879,Products
ARC1-29212,Products
ARC1-28891,Products
ARC1-28382,Products
ARC1-27756,Products
ARC1-27754,Products
ARC1-27751,Products
ARC1-27746,Products
ARC1-27622,Products
ARC1-26971,Products
ARC1-26671,Products
ARC1-26002,Products
ARC1-25569,Products
ARC1-25565,Products
ARC1-25442,Products
ARC1-25433,Products
ARC1-25425,Products
ARC1-25293,Products
ARC1-25285,Products
ARC1-24944C,Products
ARC1-24942C,Products
ARC1-24941,Products
ARC1-24935C,Products
ARC1-24929C,Products
ARC1-24742,Products
ARC1-24682,Products
ARC1-24639C,Products
ARC1-24533C,Products
ARC1-24412C,Products
ARC1-24181C,Products
ARC1-24180C,Products
ARC1-24167C,Products
ARC1-24058C,Products
ARC1-23773C,Products
ARC1-23772C,Products
ARC1-23771C,Products
ARC1-23770C,Products
ARC1-23761C,Products
ARC1-23760C,Products
ARC1-23694C,Products
ARC1-23666C,Products
ARC1-23587C,Products
ARC1-23541C,Products
ARC1-23128C,Products
ARC1-23089C,Products
ARC1-23088C,Products
ARC1-23084C,Products
ARC1-22837,Products
ARC1-22795,Products
ARC1-22530,Products
ARC1-22522,Products
ARC1-22506,Products
ARC1-21980,Products
ARC1-21571,Products
ARC1-20496,Products
ARC1-20286,Products
ARC1-20071C,Products
ARC1-19734,Products
ARC1-18603,Products
ARC1-18316,Products
ARC1-18079,Products
ARC1-17804C,Products
ARC1-15710C,Products
ARC1-15114C,Products
ARC1-15012,Products
ARC1-14867C,Products
ARC1-14830,Products
ARC1-14661,Products
ARC1-13849,Products
ARC1-13840C,Products
ARC1-13831,Products
ARC1-13295,Products
ARC1-13192,Products
ARC1-12946,Products
ARC1-12944,Products
ARC1-12782C,Products
ARC1-12615,Products
ARC1-12304C,Products
ARC1-11928C,Products
ARC1-11250,Products
ARC1-11203,Products
ARC1-11077,Products
ARC1-10770,Products
ARC1-10419,Products
ARC1-10360,Products
ARC1-10343,Products
ARC1-10301,Products
ARC1-10291,Products
ARC1-10276,Products
ARC1-10269,Products
ARC1-10040,Products
ARC1-10019,Products
ARC1-10018,Products
ARC1-10011,Products
ARC1-10003,Products
ARC1-10000,Products
ARC1-09415,Products
ARC1-09392,Products
ARC1-09130,Products
ARC1-08981,Products
ARC1-08942,Products
ARC1-08935,Products
ARC1-08926,Products
ARC1-08923,Products
ARC1-08919,Products
ARC1-08912,Products
ARC1-08910,Products
ARC1-08204,Products
ARC1-07810,Products
ARC1-07132,Products
ARC1-07131,Products
ARC1-07058,Products
ARC1-06527,Products
ARC1-06498,Products
ARC1-06386,Products
ARC1-06153,Products
ARC1-05425,Products
ARC1-04755,Products
ARC1-04593,Products
ARC1-04063,Products
ARC1-03092,Products
ARC1-03086,Products
ARC1-03001,Products
ARC1-02978,Products
ARC1-02962,Products
ARC1-02895,Products
ARC1-02727,Products
ARC1-02342,Products
ARC1-02327,Products
ARC1-01846,Products
ARC1-01843,Products
ARC1-01484,Products
ARC1-01105,Products
ARC1-00989,Products
ARC1-00648,Products
ARC1-00630,Products
ADC1-SK-16HG,Products
ADC1-PP-605-BR,Products
ADC1-HJD-15,Products
ADC1-DG-10LC,Products
ADC1-DCB-1824H,Products
RON2-50942,Spare parts
RON2-50939,Spare parts
RON2-50907,Spare parts
RON2-129189,Spare parts
RON2-126337,Spare parts
RON2-126335T02,Spare parts
RON2-125222V1,Spare parts
RON2-120702,Spare parts
ROL2-G16181,Spare parts
ROL2-E02208,Spare parts
ROL2-B06068,Spare parts
ROL2-B02049EMA,Spare parts
ROL2-B02027,Spare parts
ROL2-B02024,Spare parts
ROL2-B02018,Spare parts
ROL2-B01005,Spare parts
ROL2-37117,Spare parts
ROE2-39708,Spare parts
ROE2-39707,Spare parts
ROE2-118174S,Spare parts
PIM2-TC22-8-6,Spare parts
PIM2-TC-22-8-4.5,Spare parts
PIM2-TC22-24,Spare parts
PIM2-TC22-23,Spare parts
PIM2-TC22-15,Spare parts
PIM2-TC22-14,Spare parts
PIM2-MSS-05,Spare parts
PIM2-MBSM-7200-F4,Spare parts
PIM2-MBBI-7200-F4,Spare parts
PIM2-GDO3-60A-01,Spare parts
PIM2-GDO-022,Spare parts
PIM2-GDO-021,Spare parts
PIM2-GDO-020,Spare parts
PIM2-GDO-017,Spare parts
PIM2-GDO-016,Spare parts
PIM2-GDO-015,Spare parts
PIM2-GDO-013,Spare parts
PIM2-GDO-012,Spare parts
PIM2-GDO-011,Spare parts
PIM2-GDO-010,Spare parts
PIM2-GDO-007,Spare parts
PIM2-GDO-005,Spare parts
PIM2-GDO-004,Spare parts
PIM2-GDO-002,Spare parts
PIM2-GDO-001,Spare parts
PIM2-FAN-7200-F4,Spare parts
PIM2-EDO-017,Spare parts
PIM2-EDO-016,Spare parts
PIM2-EDO-015,Spare parts
PIM2-EDO-014,Spare parts
PIM2-EDO-012,Spare parts
PIM2-EDO-011,Spare parts
PIM2-EDO-008,Spare parts
PIM2-EDO-007,Spare parts
PIM2-EDO-006,Spare parts
PIM2-EDO-005,Spare parts
PIM2-EDO-004,Spare parts
PIM2-EDO-003,Spare parts
PIM2-EDO-002,Spare parts
PIM2-DR520-370,Spare parts
PIM2-DR520-200,Spare parts
PIM2-DR520-100,Spare parts
PIM2-DR520-070,Spare parts
PIM2-DR520-050,Spare parts
PIM2-DP-7200-F4,Spare parts
PIM2-DDR-30-110,Spare parts
PIM2-DDR-30-104,Spare parts
PIM2-DDR-30-102,Spare parts
PIM2-DDR-30-096,Spare parts
PIM2-DDR-30-094,Spare parts
PIM2-DDR-30-093,Spare parts
PIM2-DDR-30-090,Spare parts
PIM2-DDR-30-085,Spare parts
PIM2-DDR-30-081,Spare parts
PIM2-DDR-30-076,Spare parts
PIM2-DDR-30-066,Spare parts
PIM2-DDR-30-062,Spare parts
PIM2-DDR-30-059,Spare parts
PIM2-DDR-30-058,Spare parts
PIM2-DDR-30-057,Spare parts
PIM2-DDR-30-051,Spare parts
PIM2-DDR-30-049,Spare parts
PIM2-DDR-30-048,Spare parts
PIM2-DDR-30-047,Spare parts
PIM2-DDR-30-045,Spare parts
PIM2-DDR-30-041,Spare parts
PIM2-DDR-30-038,Spare parts
PIM2-DDR-30-034,Spare parts
PIM2-DDR-30-033,Spare parts
PIM2-DDR-30-032,Spare parts
PIM2-DDR-30-027,Spare parts
PIM2-DDR-30-023,Spare parts
PIM2-DDR-30-021,Spare parts
PIM2-DDR-30-020,Spare parts
PIM2-DDR-30-018,Spare parts
PIM2-DDR-30-017,Spare parts
PIM2-DDR-30-016,Spare parts
PIM2-DDR-30-015,Spare parts
PIM2-DDR-30-014,Spare parts
PIM2-DDR-30-010,Spare parts
PIM2-DDR-30-008,Spare parts
PIM2-COIL-7200-F4,Spare parts
PIM2-COIL186-7200-F4,Spare parts
PIM2-COIL170-7200-F4,Spare parts
PIM2-BC-7200-F4,Spare parts
PIM2-30403033,Spare parts
PIM2-302220038,Spare parts
PIM2-302190037,Spare parts
PIM2-302110125,Spare parts
PIM2-302090027,Spare parts
PIM2-301130005,Spare parts
PIM2-301110144,Spare parts
PIM2-301110061+301110417,Spare parts
PIM2-301110020+0037+0066,Spare parts
PIM2-301080068,Spare parts
PIM2-301070050,Spare parts
PIM2-301040230,Spare parts
PIM2-301040171,Spare parts
PIM2-301030009,Spare parts
PIM2-20110003102,Spare parts
PIE2-WHEEL,Spare parts
PIE2-TRANSFORMER,Spare parts
PIE2-THERMO,Spare parts
PIE2-SWITCH(S600),Spare parts
PIE2-SWITCH(PBM-CO),Spare parts
PIE2-SWITCH(1203),Spare parts
PIE2-STOP,Spare parts
PIE2-START,Spare parts
PIE2-LIMIT(S600),Spare parts
PIE2-LIMIT(MIX30),Spare parts
PIE2-LIGHT,Spare parts
PIE2-LAMP,Spare parts
PIE2-FUSE,Spare parts
PIE2-COMMUTATOR,Spare parts
PIE2-BELT(S600),Spare parts
PIE2-BELT(MIX30),Spare parts
PIE2-BELT(MIX20),Spare parts
PER2-TIMER-MOTOR,Spare parts
PER2-PILOT-LIGHT,Spare parts
PER2-COMP-TIMER,Spare parts
PER2-CHAIN,Spare parts
PAN2-VENT024,Spare parts
PAN2-THER012,Spare parts
PAN2-THER011,Spare parts
PAN2-THER009,Spare parts
PAN2-RESI015,Spare parts
PAN2-RESI008,Spare parts
PAN2-RESI001,Spare parts
PAN2-PLATINE014,Spare parts
PAN2-PLATINE009,Spare parts
PAN2-MINU015,Spare parts
PAN2-G6,Spare parts
PAN2-EV004,Spare parts
PAN2-ECLAI034,Spare parts
PAN2-ECLAI032,Spare parts
PAN2-ECLAI024,Spare parts
PAN2-ECLAI003,Spare parts
PAN2-E1,Spare parts
PAN2-CONT056,Spare parts
PAN2-CONT053,Spare parts
PAN2-CONT052,Spare parts
PAN2-CONT040,Spare parts
PAN2-CONT017,Spare parts
PAN2-CONT012,Spare parts
NTS2-TAL-36-2-HEAD,Spare parts
NTS2-HL-400A1-GY-BASE,Spare parts
NTS2-BYS1133-LID,Spare parts
MID2-51986,Spare parts
MID2-51357,Spare parts
MID2-51027,Spare parts
MID2-50682,Spare parts
LKK2-00011,Spare parts
LKK2-00010,Spare parts
LKK2-00009,Spare parts
LIN2-TX02,Spare parts
LIN2-TC58-S,Spare parts
LIN2-TC57-S,Spare parts
LIN2-SW120,Spare parts
LIN2-SW114,Spare parts
LIN2-PS15,Spare parts
LIN2-MO32-S,Spare parts
LIN2-MG01,Spare parts
LIN2-GA92-S,Spare parts
LIN2-FI60,Spare parts
LIN2-EL346,Spare parts
LIN2-EL343,Spare parts
LIN2-DS37,Spare parts
LIN2-DI53,Spare parts
LIN2-CP-CIBOPLUS-B,Spare parts
LIN2-CP42,Spare parts
LIN2-CO15,Spare parts
LIN2-CF02-S,Spare parts
LIN2-CCB04,Spare parts
LIN2-CA235,Spare parts
LIN2-BA158,Spare parts
LAC2-1241033,Spare parts
HAM2-990150310,Spare parts
HAM2-990102700,Spare parts
ETL2-0C8758,Spare parts
ETL2-002717,Spare parts
ETL2-002650,Spare parts
ETL2-002647,Spare parts
EDL2-W141,Spare parts
EDL2-W140,Spare parts
EDL2-W034,Spare parts
CAS2-5113912,Spare parts
CAS2-5072524,Spare parts
BER2-SPO-E-C2401008G,Spare parts
BER2-SPO-E-C2401008F,Spare parts
BER2-SPO-E-C2401008D,Spare parts
BER2-SPO-E-C2401008B,Spare parts
BER2-SPO-E-C2401008A,Spare parts
BER2-LED-AC6DLFP6,Spare parts
BER2-HT-DRY2.7KW-BA,Spare parts
BER2-FE-F4-ROHS-2,Spare parts
BER2-BA-C-SALA-1,Spare parts
TOP1-9860-C,Products
PRC1-TK-TSH5,Products
PRC1-TK-TRS4-430,Products
PRC1-TK-TRS3,Products
PRC1-TK-SPS2,Products
PRC1-TK-KTPM2,Products
PRC1-TK-KTCS7,Products
PRC1-TK-KTCS5,Products
PRC1-TK-KTCS4,Products
PRC1-TK-KTCS3,Products
PRC1-TK-KTCS2,Products
PRC1-TK-KTCS1,Products
PRC1-TK-ICT04,Products
PRC1-TK-ICT03,Products
PRC1-TB-PST-II-E-14,Products
PRC1-TB-PST-II-E-16,Products
PRC1-KK-TB20,Products
PRC1-KK-TB24,Products
PRC1-KK-TB28,Products
PRC1-KK-TB32,Products
PRC1-KK-TB36,Products
PRC1-KK-TB40,Products
PRC1-KK-SLHSTR8,Products
PRC1-KK-SKPB10,Products
PRC1-KK-SKPB14,Products
PRC1-KK-SKFL1,Products
PRC1-KK-SCR4PHDL,Products
PRC1-KK-SCR5PHDL,Products
PRC1-KK-SCR6PHDL,Products
PRC1-KK-PSP24,Products
PRC1-KK-PSP20,Products
PRC1-KK-PFP20,Products
PRC1-KK-ORA18,Products
PRC1-KK-MSP9,Products
PRC1-KK-LOP015,Products
PRC1-KK-LHD12P,Products
PRC1-KK-LHD10P,Products
PRC1-KK-LHD09P,Products
PRC1-KK-KTSO14P,Products
PRC1-KK-KTSO14,Products
PRC1-KK-KTSO10F,Products
PRC1-KK-KTPMC1,Products
PRC1-KK-KTPM125,Products
PRC1-KK-KTPM100,Products
PRC1-KK-KTCUG1,Products
PRC1-KK-KTCU1PVDGT,Products
PRC1-KK-CHM31,Products
PRC1-KK-CHM34,Products
PRC1-KK-BS22R,Products
PRC1-KK-BS22,Products
PRC1-KK-BS21,Products
PRC1-KK-BS21R,Products
PRC1-KK-AM05,Products
PRC1-KK-AM4,Products
PRC1-KK-AM2,Products
PRC1-KB-TCW-H-28CM,Products
PRC1-KB-CP-I-A-12-B,Products
PRC1-BSK-WTS21,Products
PRC1-BSK-SCU1,Products
PRC1-BSK-SCU2,Products
PRC1-BSK-SCU3,Products
PRC1-BSK-SCU4,Products
PRC1-BSK-SCU5,Products
PRC1-BSK-LS5,Products
PRC1-BSK-K20S,Products
PRC1-BSK-IBD38T,Products
PRC1-BSK-BSB300,Products
PRC1-BSK-BSB116,Products
PRC1-BSK-BRW10R,Products
PRC1-BSK-BRW5R,Products
PRC1-BK-PSS12VBL,Products
PRC1-BK-PSSRT22VBL,Products
PRC1-BK-PSP30L,Products
PRC1-BK-PSP35L,Products
PRC1-BK-PS12,Products
PRC1-BK-PS14,Products
PRC1-BK-PS16,Products
PRC1-BK-PPT05,Products
PRC1-BK-PM80,Products
JTA2-302130459,Spare parts
JTA2-302130458,Spare parts
JTA2-302130457,Spare parts
JTA2-302130456,Spare parts
JTA2-302190431,Spare parts
NTS1-HACK-1580,Products
NTS1-WIB-XL27,Products
NTS1-WIB-V23,Products
NTS1-WIB-S30,Products
NTS1-WIB-S25-F,Products
NTS1-WIB-GR23,Products
NTS1-WIB-GR18,Products
NTS1-WIB-C20,Products
NTS1-WIB-AS12-6,Products
NTS1-WIB-AG1,Products
NTS1-WH-T3,Products
NTS1-WHSB8-12,Products
NTS1-WHS8S-12,Products
NTS1-WHS8S-10,Products
NTS1-WHS8-L85,Products
NTS1-WHS8-L120,Products
NTS1-WHS8-L100,Products
NTS1-WHS8-24,Products
NTS1-WHS8-22,Products
NTS1-WHS8-20,Products
NTS1-WHS8-18,Products
NTS1-WHS8-16,Products
NTS1-WHS12-24,Products
NTS1-WHS12-22,Products
NTS1-WHS12-20,Products
NTS1-WHS12-18,Products
NTS1-WHS12-16,Products
NTS1-WHS12-14,Products
NTS1-WHS12-12,Products
NTS1-WHS12-10,Products
NTS1-WH-S,Products
NTS1-WASC-20,Products
NTS1-WASC-18,Products
NTS1-WASC-16,Products
NTS1-VEG-CL7,Products
NTS1-VEG-CL6,Products
NTS1-VEG-CL5,Products
NTS1-VEG-CL4,Products
NTS1-VEG-CL3,Products
NTS1-VEG-CL2,Products
NTS1-VEG-CL1,Products
NTS1-TON-B,Products
NTS1-TON-A,Products
NTS1-TOH-12-RD,Products
NTS1-TOH-12-BL,Products
NTS1-TEA-C2,Products
NTS1-TEA-B8,Products
NTS1-TEA-B7,Products
NTS1-TEA-B6,Products
NTS1-TEA-B5,Products
NTS1-TEA-B4,Products
NTS1-TEA-B2,Products
NTS1-TEA-B1,Products
NTS1-TEA-A1,Products
NTS1-TABS-A8,Products
NTS1-TABS-A6,Products
NTS1-TABS-A4,Products
NTS1-TABS-A12,Products
NTS1-TABS-A10,Products
NTS1-SUP4,Products
NTS1-SUP3,Products
NTS1-SUP2,Products
NTS1-STRA-24,Products
NTS1-STRA-22,Products
NTS1-STRA-20,Products
NTS1-STRA-18,Products
NTS1-STRA-16,Products
NTS1-STRA-14,Products
NTS1-STRA-12,Products
NTS1-STRA-10,Products
NTS1-STP-AL-60,Products
NTS1-STP-AL-30H,Products
NTS1-STP-AL-30,Products
NTS1-STP-AL-28H,Products
NTS1-STP-AL-25H,Products
NTS1-STP-AL-20H,Products
NTS1-STO3,Products
NTS1-STO2,Products
NTS1-STO1,Products
NTS1-SPRE-19,Products
NTS1-SPL-AL-30,Products
NTS1-SPL-AL-20,Products
NTS1-SPL-AL-16H,Products
NTS1-SPL-AL-16,Products
NTS1-SP-AL-28H,Products
NTS1-SP-AL-22,Products
NTS1-SP-AL-20H,Products
NTS1-SP-AL-20,Products
NTS1-SP-AL-16H,Products
NTS1-SP-AL-12,Products
NTS1-SP-AL-10,Products
NTS1-BO-SOLS-110,Products
NTS1-SCRA-10,Products
NTS1-SBL-8,Products
NTS1-ROPS-W2,Products
NTS1-ROP-60W,Products
NTS1-ROP-55W,Products
NTS1-ROP-50W,Products
NTS1-PST-8,Products
NTS1-PST-10,Products
NTS1-PPM-W8,Products
NTS1-PPM-W6,Products
NTS1-PPM-W4,Products
NTS1-PPM-W16,Products
NTS1-PPM-W14,Products
NTS1-PPM-W12,Products
NTS1-PPM-G8,Products
NTS1-PPM-G6,Products
NTS1-PPM-G16,Products
NTS1-PPM-G14,Products
NTS1-PPM-G12,Products
NTS1-PPM-G10,Products
NTS1-PPM-B8,Products
NTS1-PPM-B6,Products
NTS1-PPM-B5,Products
NTS1-PPM-B4,Products
NTS1-PPM-B16,Products
NTS1-PPM-B14,Products
NTS1-POT-BR,Products
NTS1-PLEK-D,Products
NTS1-PLEK-154,Products
NTS1-PLEK-150,Products
NTS1-PLC9,Products
NTS1-PLC8,Products
NTS1-PLC12,Products
NTS1-PLC11,Products
NTS1-PLC10,Products
NTS1-PKN-11,Products
NTS1-PFRSSO-D,Products
NTS1-PFRS-22,Products
NTS1-PFRS-15,Products
NTS1-PD11,Products
NTS1-PCOR-95,Products
NTS1-PAN-R3,Products
NTS1-PAN-R2,Products
NTS1-PAN-R1,Products
NTS1-OVM-S,Products
NTS1-MLT2,Products
NTS1-MLT1,Products
NTS1-MLKS-600,Products
NTS1-MLKH4,Products
NTS1-MLK-A6,Products
NTS1-MLK-A3,Products
NTS1-MLKS-300,Products
NTS1-MLK-600,Products
NTS1-MLK60,Products
NTS1-MLK-400,Products
NTS1-MLK100,Products
NTS1-MFS5,Products
NTS1-MFS3,Products
NTS1-MFS1,Products
NTS1-MFP-H16,Products
NTS1-MFM,Products
NTS1-MCUP4,Products
NTS1-MCS500,Products
NTS1-MCS4,Products
NTS1-MCS3000,Products
NTS1-MCS1000,Products
NTS1-MCS1,Products
NTS1-MAND-M,Products
NTS1-LOP-9,Products
NTS1-LOP-16,Products
NTS1-LOP-14,Products
NTS1-LOP-12,Products
NTS1-LOP-10,Products
NTS1-LOBS-C,Products
NTS1-LADL-14,Products
NTS1-LADL-12,Products
NTS1-LADL-11,Products
NTS1-KNT-3WH,Products
NTS1-KNSC-3WH,Products
NTS1-KNGT-4WH,Products
NTS1-KNCT-4WH,Products
NTS1-KNBU-3WH,Products
NTS1-ISC2-24,Products
NTS1-ISC2-12,Products
NTS1-ISC2-6,Products
NTS1-ICED-NB,Products
NTS1-ICED-NS,Products
NTS1-ICB2-3L,Products
NTS1-ICB2,Products
NTS1-ICB1,Products
NTS1-GRA2,Products
NTS1-GRA1,Products
NTS1-FUN-OL,Products
NTS1-FUN1,Products
NTS1-FSP-W,Products
NTS1-FP-S-30,Products
NTS1-FP-S-28,Products
NTS1-FP-S-26,Products
NTS1-FP-S-24,Products
NTS1-FP-S-22,Products
NTS1-FP-S-20,Products
NTS1-FP-AL-20,Products
NTS1-FPA-AL-32BH,Products
NTS1-FPA-AL-20BH,Products
NTS1-FPA-AL-18BH,Products
NTS1-FPA-AL-16BH,Products
NTS1-FEBS7,Products
NTS1-FEBS5,Products
NTS1-FEBS10,Products
NTS1-FCY-S,Products
NTS1-FCY-P,Products
NTS1-FCYL-P2-4,Products
NTS1-FCYL-P2-3,Products
NTS1-FCYL-P1-5,Products
NTS1-FCH2-4,Products
NTS1-FCH1-4,Products
NTS1-FCH1-3,Products
NTS1-FBT6,Products
NTS1-FBT5,Products
NTS1-FBT4,Products
NTS1-FBT10,Products
NTS1-EGS-SA,Products
NTS1-EGS-RS-1,Products
NTS1-EGG-H,Products
NTS1-EGG-CG,Products
NTS1-EGG-C48,Products
NTS1-DMC-T16,Products
NTS1-DMC-T12,Products
NTS1-DIS1H,Products
NTS1-DIS1,Products
NTS1-DC-PC4-O,Products
NTS1-DC-PC4,Products
NTS1-DC-PC3,Products
NTS1-CSSP-50,Products
NTS1-CSSP-40,Products
NTS1-CSSP-36,Products
NTS1-CSSP-32,Products
NTS1-CSSP-25,Products
NTS1-CSSAH-30,Products
NTS1-CSSAH-28,Products
NTS1-CSSAH-26,Products
NTS1-CSSAH-24,Products
NTS1-CSSAH-22,Products
NTS1-CSSAH-20,Products
NTS1-CSSAH-16,Products
NTS1-CSSA-30,Products
NTS1-CSSA-24,Products
NTS1-CSSA-22,Products
NTS1-CSSA-20,Products
NTS1-CSSA-18,Products
NTS1-CSSA-16,Products
NTS1-CSPO-30,Products
NTS1-CSPO-28,Products
NTS1-CSPO-26,Products
NTS1-CSPO-24,Products
NTS1-CSPO-22,Products
NTS1-CSPO-18,Products
NTS1-CSPO-16,Products
NTS1-CSPL-32,Products
NTS1-CSPL-30,Products
NTS1-CSPL-50,Products
NTS1-CSPL-45,Products
NTS1-CSPL-36,Products
NTS1-CSP-36P,Products
NTS1-CSP-36,Products
NTS1-CSP-22,Products
NTS1-CSP-20,Products
NTS1-CSP-18,Products
NTS1-CSP-16,Products
NTS1-CSP-14,Products
NTS1-CSH-NL,Products
NTS1-CSHL750,Products
NTS1-CSHL550,Products
NTS1-CSHL350,Products
NTS1-CSFP-30,Products
NTS1-CSFP-28,Products
NTS1-CSFP-26,Products
NTS1-CSFP-24,Products
NTS1-CSE-20,Products
NTS1-CSE-14,Products
NTS1-CSE-12,Products
NTS1-COL-PF1,Products
NTS1-COL-P1,Products
NTS1-COFS4,Products
NTS1-COFS1,Products
NTS1-COFP3,Products
NTS1-CKST-G50,Products
NTS1-CKST-G45,Products
NTS1-CKST-G40,Products
NTS1-CKST-G35,Products
NTS1-CKST-G30,Products
NTS1-CKST-50,Products
NTS1-CKST-45,Products
NTS1-CKST-40,Products
NTS1-CKST-35,Products
ZAN1-GALASSIA-45S,Products
ZAN1-T2-POLIS-BM,Products
ZAN1-PALE0013,Products
NTS1-CHSP-DLH30,Products
NTS1-CHSP-DLH28,Products
NTS1-CHSP-DLH26,Products
NTS1-CHSP-DLH24,Products
NTS1-CHSP-DLH22,Products
NTS1-CHSP-DLH20,Products
NTS1-CHSP-DLH18,Products
NTS1-CHSP30,Products
NTS1-CHSP28,Products
NTS1-CHSP26,Products
NTS1-CHSP24,Products
NTS1-CHSP22,Products
NTS1-CHSP10,Products
NTS1-CFP2-40,Products
NTS1-CFP2-36,Products
NTS1-CFP-32,Products
NTS1-CFP-30,Products
NTS1-CFP-28,Products
NTS1-CFP-26,Products
NTS1-CFP-24,Products
NTS1-CFP-22,Products
NTS1-CFP-20,Products
NTS1-CAF-33,Products
NTS1-BOT-A5,Products
NTS1-BOT-A4,Products
NTS1-BOT-A3,Products
NTS1-BO-SOLS-95,Products
NTS1-ASH12,Products
NTS1-ASH10,Products
NTS1-APSL-100,Products
LIN1-GR7-P,Products
LIN1-GR7-N,Products
HAT1-UGFFL,Products
HAT1-TQ700,Products
HAT1-TQ3-500H-BLACK,Products
HAT1-HDM-2,Products
HAT1-GRFFBL-INF,Products
HAT1-FS2HAC-4PT,Products
HAT1-DL-800SL-GROSSY-GRAY,Products
HAT1-DL-775RL-BCOPPER-W-C,Products
HAT1-DL-775RL-BNICKEL,Products
HAT1-DL-775RL-GRAY&BLACK,Products
HAT1-DL-725SU-BBRASS,Products
HAT1-DL-700RL-BNICKEL,Products
HAT1-DL-500CL-GRAY-GRANIT,Products
HAT1-DL-400RL-BRIGHT-NICK,Products
HAT1-DCSB400-2420-1,Products
TOA1-TIMER-HOLDER,Products
ROE2-89643,Spare parts
ROE2-89642,Spare parts
ROE2-89630,Spare parts
ROE2-89621,Spare parts
ROE2-89618,Spare parts
ROE2-89555,Spare parts
ROE2-89553,Spare parts
ROE2-89552,Spare parts
ROE2-89551,Spare parts
ROE2-89546,Spare parts
ROE2-89531,Spare parts
ROE2-89508,Spare parts
ROE2-89507,Spare parts
ROE2-89379,Spare parts
ROE2-89241,Spare parts
ROE2-89151,Spare parts
ROE2-89133,Spare parts
ROE2-89102,Spare parts
ROE2-89096,Spare parts
ROE2-89094,Spare parts
ROE2-89092,Spare parts
ROE2-89056,Spare parts
ROE2-89041,Spare parts
ROE2-89024,Spare parts
ROE2-89007,Spare parts
ROE2-59608,Spare parts
ROE2-59607,Spare parts
ROE2-59516,Spare parts
ROE2-59515,Spare parts
ROE2-59507,Spare parts
ROE2-59503,Spare parts
ROE2-59487,Spare parts
ROE2-59486,Spare parts
ROE2-59485,Spare parts
ROE2-59484,Spare parts
ROE2-59482,Spare parts
ROE2-59403,Spare parts
ROE2-59395,Spare parts
ROE2-59392,Spare parts
ROE2-59390,Spare parts
ROE2-59386,Spare parts
ROE2-59382,Spare parts
ROE2-59353,Spare parts
ROE2-59332,Spare parts
ROE2-59331,Spare parts
ROE2-59322,Spare parts
ROE2-59321,Spare parts
ROE2-59320,Spare parts
ROE2-59299,Spare parts
ROE2-59293,Spare parts
ROE2-59280,Spare parts
ROE2-59281,Spare parts
ROE2-59282,Spare parts
ROE2-59273,Spare parts
ROE2-59274,Spare parts
ROE2-59275,Spare parts
ROE2-59277,Spare parts
ROE2-59266,Spare parts
ROE2-59265,Spare parts
ROE2-59264,Spare parts
ROE2-59223,Spare parts
ROE2-59222,Spare parts
ROE2-59221,Spare parts
ROE2-59220,Spare parts
ROE2-59219,Spare parts
ROE2-59206,Spare parts
ROE2-59204,Spare parts
ROE2-59203,Spare parts
ROE2-59198,Spare parts
ROE2-59197,Spare parts
ROE2-59195,Spare parts
ROE2-59169,Spare parts
ROE2-59168,Spare parts
ROE2-59157,Spare parts
ROE2-59155,Spare parts
ROE2-59139,Spare parts
ROE2-59137,Spare parts
ROE2-59135,Spare parts
ROE2-59133,Spare parts
ROE2-59081,Spare parts
ROE2-59080,Spare parts
ROE2-59079,Spare parts
ROE2-59078,Spare parts
ROE2-59003,Spare parts
ROE2-57097,Spare parts
ROE2-57093,Spare parts
ROE2-57083,Spare parts
ROE2-57077,Spare parts
ROE2-57075,Spare parts
ROE2-57074,Spare parts
ROE2-57070,Spare parts
ROE2-57009,Spare parts
ROE2-57007,Spare parts
ROE2-49497,Spare parts
ROE2-49485,Spare parts
ROE2-49449,Spare parts
ROE2-49432,Spare parts
ROE2-49431,Spare parts
ROE2-49221,Spare parts
ROE2-49174,Spare parts
ROE2-49165,Spare parts
ROE2-49164,Spare parts
ROE2-49163,Spare parts
ROE2-49162,Spare parts
ROE2-49161,Spare parts
ROE2-49160,Spare parts
ROE2-49109,Spare parts
ROE2-49057,Spare parts
ROE2-39977,Spare parts
ROE2-39953,Spare parts
ROE2-39948,Spare parts
ROE2-39935,Spare parts
ROE2-39933,Spare parts
ROE2-39915,Spare parts
ROE2-39896,Spare parts
ROE2-39885,Spare parts
ROE2-39867,Spare parts
ROE2-39866,Spare parts
ROE2-39826,Spare parts
ROE2-39810,Spare parts
ROE2-39760,Spare parts
ROE2-39758,Spare parts
ROE2-39755,Spare parts
ROE2-39751,Spare parts
ROE2-39749,Spare parts
ROE2-39748,Spare parts
ROE2-39747,Spare parts
ROE2-39746,Spare parts
ROE2-39744,Spare parts
ROE2-39674,Spare parts
ROE2-39673,Spare parts
ROE2-39672,Spare parts
ROE2-39671,Spare parts
ROE2-39669,Spare parts
ROE2-39668,Spare parts
ROE2-39665,Spare parts
ROE2-39664,Spare parts
ROE2-39663,Spare parts
ROE2-39662,Spare parts
ROE2-39660,Spare parts
ROE2-39522,Spare parts
ROE2-39516,Spare parts
ROE2-39515,Spare parts
ROE2-39514,Spare parts
ROE2-39513,Spare parts
ROE2-39510,Spare parts
ROE2-39509,Spare parts
ROE2-39507,Spare parts
ROE2-39502,Spare parts
ROE2-39402,Spare parts
ROE2-39370,Spare parts
ROE2-39355,Spare parts
ROE2-39342,Spare parts
ROE2-39340,Spare parts
ROE2-39338,Spare parts
ROE2-39333,Spare parts
ROE2-39332,Spare parts
ROE2-39331,Spare parts
ROE2-39307,Spare parts
ROE2-39284,Spare parts
ROE2-39272,Spare parts
ROE2-39271,Spare parts
ROE2-39270,Spare parts
ROE2-39219,Spare parts
ROE2-39218,Spare parts
ROE2-39198,Spare parts
ROE2-39103,Spare parts
ROE2-37060,Spare parts
ROE2-29929,Spare parts
ROE2-29926,Spare parts
ROE2-29925,Spare parts
ROE2-29922,Spare parts
ROE2-29921,Spare parts
ROE2-29915,Spare parts
ROE2-29908,Spare parts
ROE2-29894,Spare parts
ROE2-29889,Spare parts
ROE2-29883,Spare parts
ROE2-29882,Spare parts
ROE2-29881,Spare parts
ROE2-29789,Spare parts
ROE2-29766,Spare parts
ROE2-29741,Spare parts
ROE2-29738,Spare parts
ROE2-29706,Spare parts
ROE2-29693,Spare parts
ROE2-29692,Spare parts
ROE2-29630,Spare parts
ROE2-29629,Spare parts
ROE2-29628,Spare parts
ROE2-29586,Spare parts
ROE2-29564,Spare parts
ROE2-29539,Spare parts
ROE2-29446,Spare parts
ROE2-29420,Spare parts
ROE2-29340,Spare parts
ROE2-29334,Spare parts
ROE2-29333,Spare parts
ROE2-29307,Spare parts
ROE2-29306,Spare parts
ROE2-29305,Spare parts
ROE2-29300,Spare parts
ROE2-29270,Spare parts
ROE2-29267,Spare parts
ROE2-29260,Spare parts
ROE2-29250,Spare parts
ROE2-29241,Spare parts
ROE2-29160,Spare parts
ROE2-29157,Spare parts
ROE2-29156,Spare parts
ROE2-29114,Spare parts
ROE2-29112,Spare parts
ROE2-29108,Spare parts
ROE2-29083,Spare parts
ROE2-29079,Spare parts
ROE2-29068,Spare parts
ROE2-29066,Spare parts
ROE2-28136,Spare parts
ROE2-27599,Spare parts
ROE2-27566,Spare parts
ROE2-27450,Spare parts
ROE2-27447,Spare parts
ROE2-27400,Spare parts
ROE2-27396,Spare parts
ROE2-27393,Spare parts
ROE2-27392,Spare parts
ROE2-27384,Spare parts
ROE2-27382,Spare parts
ROE2-27381,Spare parts
ROE2-27378,Spare parts
ROE2-27377,Spare parts
ROE2-27352,Spare parts
ROE2-27351,Spare parts
ROE2-27338,Spare parts
ROE2-27337,Spare parts
ROE2-27316,Spare parts
ROE2-27310,Spare parts
ROE2-27278,Spare parts
ROE2-27272,Spare parts
ROE2-27213,Spare parts
ROE2-27172,Spare parts
ROE2-27169,Spare parts
ROE2-27155,Spare parts
ROE2-27102,Spare parts
ROE2-27014,Spare parts
NTS1-NAJ1-17,Products
NTS1-NAJ1-16,Products
NTS1-NAJ1-15,Products
NTS1-NAJ1-13,Products
NTS1-NAJ1-12,Products
NTS1-NAJ1-11,Products
NTS1-NAJ1-14,Products
NTS1-NAI1-3,Products
NTS1-NAI1-2,Products
NTS1-KAN1-9,Products
NTS1-KAN1-3,Products
NTS1-KAN1-17,Products
NTS1-KAN1-11,Products
NTS1-KAN1-10,Products
NTS1-ISC1-7,Products
NTS1-ISC1-16,Products
NTS1-ISC1-11,Products
NTS1-ISC1-1,Products
NTS1-ISC1-18-L,Products
NTS1-ISC1-13,Products
NTS1-ISC1-10,Products
JTA1-WL-02,Products
ROE2-515482S,Spare parts
ROE2-507121S,Spare parts
JTA1-UWB-H,Products
ROE2-507054S,Spare parts
ROE2-504253S,Spare parts
JTA1-UWB-HF,Products
ROE2-504229,Spare parts
ROE2-503940,Spare parts
ROE2-503108S,Spare parts
ROE2-502670S,Spare parts
JTA1-P18S,Products
ROE2-502495S,Spare parts
ROE2-502171S,Spare parts
ROE2-501840,Spare parts
ROE2-501258S,Spare parts
JTA1-LFB-4S,Products
JTA1-LFH-400S,Products
JTA1-LFH-600S,Products
ROE2-500527S,Spare parts
ROE2-400538,Spare parts
ROE2-303009,Spare parts
ROE2-203206,Spare parts
ROE2-129356,Spare parts
ROE2-119265S,Spare parts
ROE2-119263S,Spare parts
ROE2-119241,Spare parts
ROE2-118512S,Spare parts
ROE2-118428,Spare parts
ROE2-118427,Spare parts
ROE2-118396,Spare parts
ROE2-118395,Spare parts
ROE2-118377,Spare parts
ROE2-118335,Spare parts
ROE2-118333,Spare parts
ROE2-118331,Spare parts
ROE2-118296S,Spare parts
ROE2-118268S,Spare parts
ROE2-118256S,Spare parts
ROE2-118245S,Spare parts
ROE2-118238,Spare parts
ROE2-118226,Spare parts
ROE2-118225,Spare parts
ROE2-118224,Spare parts
ROE2-118223,Spare parts
ROE2-118201S,Spare parts
ROE2-118200S,Spare parts
ROE2-118186S,Spare parts
ROE2-118166S,Spare parts
ROE2-118155S,Spare parts
ROE2-118150S,Spare parts
ROE2-118132S,Spare parts
ROE2-118100,Spare parts
ROE2-118008,Spare parts
ROE2-117982S,Spare parts
NTS1-TPH-2,Products
NTS1-TPH-1,Products
NTS1-PTD-400,Products
NTS1-PTD-250,Products
NTS1-MIR-2M8-2,Products
NTS1-MIR-2M8-1,Products
NTS1-DB-PP120-GY,Products
ROE2-117980S,Spare parts
ROE2-117958S,Spare parts
ROE2-117956S,Spare parts
ROE2-117954S,Spare parts
ROE2-117932S,Spare parts
ROE2-117930S,Spare parts
ROE2-117922S,Spare parts
ROE2-117805,Spare parts
ROE2-117766,Spare parts
ROE2-117703S,Spare parts
ROE2-117689,Spare parts
ROE2-117687,Spare parts
ROE2-117686,Spare parts
ROE2-117398,Spare parts
ROE2-117200,Spare parts
ROE2-117192S,Spare parts
ROE2-117187S,Spare parts
ROE2-117125,Spare parts
ROE2-117073S,Spare parts
ROE2-117030,Spare parts
ROE2-112287,Spare parts
ROE2-109857,Spare parts
ROE2-106458S,Spare parts
ROE2-106268S,Spare parts
ROE2-105904S,Spare parts
ROE2-105529S,Spare parts
ROE2-105529,Spare parts
ROE2-105226,Spare parts
ROE2-105089,Spare parts
ROE2-104964S,Spare parts
ROE2-104121,Spare parts
ROE2-104110,Spare parts
ROE2-104070,Spare parts
ROE2-103903,Spare parts
ROE2-103728S,Spare parts
ROE2-103703S,Spare parts
ROE2-102913,Spare parts
ROE2-102332,Spare parts
ROE2-102098,Spare parts
ROE2-102084,Spare parts
ROE2-102071,Spare parts
ROE2-102064,Spare parts
ROE2-102016S,Spare parts
ROE2-101967S,Spare parts
ROE2-101849,Spare parts
ROE2-101796,Spare parts
ROE2-101655,Spare parts
ROE2-101565,Spare parts
ROE2-101555,Spare parts
ROE2-101489,Spare parts
ROE2-101359,Spare parts
ROE2-101140,Spare parts
ROE2-101126,Spare parts
ROE2-101103,Spare parts
ROE2-101095,Spare parts
ROE2-101088S,Spare parts
ROE2-101080,Spare parts
ROE2-101061,Spare parts
ROE2-101033,Spare parts
ROE2-100983,Spare parts
ROE2-100954S,Spare parts
ROE2-100946,Spare parts
ROE2-100933,Spare parts
ROE2-100854,Spare parts
ROE2-100848,Spare parts
ROE2-100794,Spare parts
ROE2-100783,Spare parts
ROE2-100709,Spare parts
ROE2-100581,Spare parts
ROE2-100556,Spare parts
ROE2-100473,Spare parts
ROE2-100329,Spare parts
ROE2-100327,Spare parts
ROE2-100095,Spare parts
ROE2-100062S,Spare parts
ROE2-100034,Spare parts
ROE2-89685,Spare parts
ROE2-89679,Spare parts
ROE2-89659,Spare parts
ROE2-89657,Spare parts
ROE2-89656,Spare parts
ROE2-89655,Spare parts
ROE2-89654,Spare parts
ROE2-89653,Spare parts
ROE2-89652,Spare parts
ROE2-89651,Spare parts
ROE2-89650,Spare parts
ROE2-89649,Spare parts
ROE2-89645,Spare parts
JTA1-SH-24,Products
JTA1-SH-36,Products
JTA1-JZH-TC-1,Products
JTA1-ZH-TC-1,Products
JTA1-WM-2,Products
NTS1-ALI1-9-1,Products
NTS1-ALI1-9,Products
NTS1-ALI1-4,Products
NTS1-ALI1-19,Products
NTS1-ALI1-17,Products
NTS1-ALI1-15-1,Products
NTS1-ALI1-14,Products
NTS1-ALI1-12,Products
NTS1-ALI1-11-2,Products
NTS1-CAD1-10,Products
NTS1-CAD1-1,Products
NTS1-CAD1-12,Products
NTS1-CAD1-11,Products
NTS1-CAD1-17,Products
NTS1-CAD1-18,Products
NTS1-CAD1-19,Products
NTS1-CAD1-26,Products
NTS1-CAD1-27,Products
NTS1-CAD1-28,Products
NTS1-CAD1-29-L,Products
NTS1-CAD1-29-S,Products
NTS1-CAD1-30,Products
NTS1-CAD1-9-1,Products
NTS1-CAR1-9,Products
NTS1-COL1-18-R,Products
NTS1-COL1-18-O,Products
NTS1-COL1-17,Products
NTS1-COL1-15,Products
NTS1-COL1-14,Products
NTS1-COL1-13,Products
NTS1-COL1-12,Products
NTS1-COL1-11,Products
NTS1-COL1-10,Products
NTS1-FAB1-9-4,Products
NTS1-FAB1-9-3,Products
NTS1-FAB1-9-2,Products
NTS1-FAB1-9-1,Products
NTS1-FAB1-40,Products
NTS1-FAB1-37,Products
NTS1-FAB1-3-3,Products
NTS1-FAB1-29-S,Products
NTS1-FAB1-29-L,Products
NTS1-FAB1-28,Products
NTS1-FAB1-2-3,Products
NTS1-FAB1-19,Products
NTS1-FAB1-18-10,Products
NTS1-FAB1-12-1,Products
NTS1-FAB1-12,Products
NTS1-HOW1-9-2,Products
NTS1-HOW1-9,Products
NTS1-HOW1-6,Products
NTS1-HOW1-5,Products
NTS1-HOW1-4,Products
NTS1-HOW1-3,Products
NTS1-HOW1-17,Products
NTS1-HOW1-15,Products
NTS1-HOW1-14-R,Products
NTS1-HOW1-14-O,Products
NTS1-HOW1-13,Products
NTS1-HOW1-12,Products
NTS1-HOW1-11,Products
NTS1-HOW1-1,Products
NTS1-FOR1-29-11P,Products
NTS1-DAG1-3,Products
NTS1-DAG1-2,Products
NTS1-COL1-9,Products
NTS1-COL1-8,Products
NTS1-COL1-7,Products
NTS1-FCYL-P2-2,Products
NTS1-FCYL-P1-4,Products
NTS1-FCYL-P1-3,Products
NTS1-FCH2-6,Products
NTS1-CC-M3L-GY,Products
NTS1-CC-D3L-GY,Products
NTS1-BCT-1200,Products
NTS1-BCT-1130,Products
CAM1-UC250-158,Products
CAM1-DC700-194,Products
CAM1-DC700-157,Products
CAM1-CSR5-193,Products
CAM1-CD400-194,Products
CAM1-BC1115SH-157,Products
CAM1-ADCD33-401,Products
CAM1-ADC4-157,Products
CAM1-912CBR-110,Products
CAM1-EMU244878-580,Products
CAM1-CSDC-000,Products
CAM1-800MPC-194,Products
NTS1-HLCR4SS-W-OHD,Products
NTS1-HLCR4SS-W-OH,Products
PRC1-TK-BSK96,Products
NTS1-CAR1-16,Products
NTS1-CAR1-13,Products
SKP1-SIM-75NA,Products
NTS1-MU-D8L,Products
SIR1-W8-40-BX,Products
SIR1-C4VV,Products
BER1-BS2DU-F-L,Products
PUJ1-116.125,Products
PUJ1-116.130,Products
PUJ1-116.135,Products
PUJ1-116.140,Products
PUJ1-116.145,Products
PUJ1-116.150,Products
PUJ1-117.138,Products
PUJ1-117.130,Products
PUJ1-117.132,Products
PUJ1-117.125,Products
PUJ1-118.350,Products
PUJ1-118.345,Products
PUJ1-118.340,Products
PUJ1-118.332,Products
PUJ1-118.150,Products
PUJ1-118.135,Products
PUJ1-118.130,Products
PUJ1-118.127,Products
PUJ1-118.125,Products
CAM1-VTC3343TNS-F91,Products
CAM1-VTC2632T-F91,Products
NTS1-FRAME-IR-S,Products
NTS1-CD-355-POR,Products
TOP1-XDF5148S-S,Products
PRC1-KK-SRS26,Products
NIC2-12725,Spare parts
ETL2-0830831400,Spare parts
ETL2-0830812800,Spare parts
ETL2-0699802200,Spare parts
ETL2-0694601000,Spare parts
ETL2-0660802502,Spare parts
ETL2-0652801800,Spare parts
ETL2-0648803001,Spare parts
ETL2-0646807700,Spare parts
ETL2-0640602014,Spare parts
ETL2-0574804900,Spare parts
ETL2-0546811100,Spare parts
ETL2-0543825401,Spare parts
ETL2-0543825301,Spare parts
ETL2-0282217401,Spare parts
ETL2-0275290025,Spare parts
ETL2-0246001622,Spare parts
SIR2-IGS119043,Spare parts
SIR2-IGS116013C,Spare parts
SIR2-IGS114043N,Spare parts
SIR2-IGS109023,Spare parts
SIR2-IGS109013,Spare parts
SIR2-IGS103023,Spare parts
SIR2-IGS540C,Spare parts
SIR2-AMA014,Spare parts
SIR2-19702000,Spare parts
SIR2-19562322,Spare parts
SIR2-19342005,Spare parts
SIR2-19300101,Spare parts
CAM1-TGG9MD-787,Products
CAM1-TGG9MD-780,Products
CAM1-TGG9MD-781,Products
CAM1-TGG9MD-782,Products
CAM1-TGG9MD-783,Products
CAM1-TGG9MD-784,Products
CAM1-TGG9MD-785,Products
CAM1-TGG9MD-786,Products
CAM1-TGG9-110,Products
CAM1-TGG9-133,Products
CAM1-TGG9-135,Products
CAM1-TGG9-148,Products
CAM1-TGA11-110,Products
CAM1-TGA11-133,Products
CAM1-TGA11-135,Products
CAM1-RFSCWC2-135,Products
CAM1-RD1220CW-135,Products
CAM1-PSB10-176,Products
CAM1-PSB15-176,Products
CAM1-PSB23-176,Products
CAM1-P480CW-135,Products
CAM1-NT16-152,Products
CAM1-MDSPC9-110,Products
CAM1-MDSCDC9X5EU-24V,Products
CAM1-LT12-427,Products
CAM1-LDT9-152,Products
CAM1-LDT6-152,Products
CAM1-LD130A-133,Products
CAM1-ITPD3753,Products
CAM1-HT120CW-196,Products
CAM1-HT5CW-196,Products
CAM1-GP3980NS-B99,Products
CAM1-GP1070-S60,Products
CAM1-GL4060-A27,Products
CAM1-GL4060-A33,Products
CAM1-GL4002RNS-A83,Products
CAM1-DP15-148,Products
CAM1-DD1220CW-135,Products
CAM1-DC10-110,Products
CAM1-DB60407-148,Products
CAM1-DB18266CW-148,Products
CAM1-DB6040C-148,Products
CAM1-CFPMRC10-135,Products
CAM1-CECRW6-000,Products
CAM1-CA3253-E88,Products
CAM1-1520VC-382,Products
CAM1-1520DCET-815,Products
CAM1-1520DC-810,Products
CAM1-1520DC-825,Products
CAM1-1520DC-830,Products
CAM1-1520-220,Products
CAM1-1520-414,Products
CAM1-1520-428,Products
CAM1-1520-429,Products
CAM1-1520-501,Products
CAM1-1520-504,Products
CAM1-1520-505,Products
CAM1-1520-508,Products
CAM1-1520-510,Products
CAM1-1520-514,Products
CAM1-1520-518,Products
CAM1-1520-522,Products
CAM1-1520-536,Products
CAM1-1520-537,Products
PIM2-TC22-43,Spare parts
PIM2-TC22-42,Spare parts
CAM1-1418FF-416,Products
CAM1-1418DCET-820,Products
CAM1-1418DCET-825,Products
CAM1-1418DC-815,Products
CAM1-1400ET-110,Products
CAM1-1400ET-206,Products
CAM1-1400ET-207,Products
CAM1-1400ET-521,Products
CAM1-1317DSLM-815,Products
CAM1-1218CP-148,Products
CAM1-1216TL-322,Products
CAM1-1014-501,Products
CAM1-1014-504,Products
CAM1-1014-505,Products
CAM1-1014-508,Products
CAM1-1014-510,Products
CAM1-1014-513,Products
CAM1-1014-514,Products
CAM1-1014-518,Products
CAM1-1014-521,Products
CAM1-1014-522,Products
CAM1-1014-536,Products
CAM1-1014-537,Products
CAM1-1014-538,Products
CAM1-1014-551,Products
CAM1-1014-401,Products
CAM1-1014-409,Products
CAM1-1014-410,Products
CAM1-1014-414,Products
CAM1-1014-428,Products
CAM1-1014-429,Products
CAM1-1014-220,Products
CAM1-1014-221,Products
CAM1-1014-222,Products
CAM1-1014-101,Products
CAM1-1014-104,Products
CAM1-1014-105,Products
CAM1-1014-106,Products
CAM1-1014-107,Products
CAM1-1014-110,Products
CAM1-1014-116,Products
CAM1-1014-117,Products
CAM1-1014-119,Products
CAM1-1014-123,Products
CAM1-1014-148,Products
CAM1-1014-171,Products
CAM1-1014-177,Products
CAM1-1014-199,Products
CAM1-200MCH-150,Products
CAM1-96SKRLF-407,Products
CAM1-96SKRF-135,Products
CAM1-80HPD-150,Products
CAM1-80HPCHN-150,Products
CAM1-80HPCH-150,Products
CAM1-80HPC-150,Products
CAM1-75CW-409,Products
CAM1-60SC-148,Products
CAM1-40HPD-150,Products
CAM1-40HPCH-150,Products
CAM1-30HPCHN-150,Products
CAM1-9S1114-151,Products
CAM1-9CWNR-154,Products
CAM1-CECWW6-000,Products
CAM1-CECWT6-000,Products
CAM1-CECWF6-000,Products
CAM1-CECRT6-000,Products
CAM1-CECCM6-000,Products
CAM1-CECCF6-000,Products
CAM1-CECBL6-000,Products
CAM1-CECBL-000,Products
CAM1-3253-501,Products
CAM1-3253-504,Products
CAM1-3253-505,Products
CAM1-3253-508,Products
CAM1-3253-510,Products
CAM1-3253-513,Products
CAM1-3253-514,Products
CAM1-3253-518,Products
CAM1-3253-521,Products
CAM1-3253-522,Products
CAM1-3253-536,Products
CAM1-3253-537,Products
CAM1-3253-538,Products
CAM1-3253-551,Products
CAM1-3253-401,Products
CAM1-3253-409,Products
CAM1-3253-410,Products
CAM1-3253-414,Products
CAM1-3253-428,Products
CAM1-3253-429,Products
CAM1-3253-220,Products
CAM1-3253-221,Products
CAM1-3253-222,Products
CAM1-3253-101,Products
CAM1-3253-104,Products
CAM1-3253-105,Products
CAM1-3253-106,Products
CAM1-3253-107,Products
CAM1-3253-113,Products
CAM1-3253-116,Products
CAM1-3253-117,Products
CAM1-3253-119,Products
CAM1-3253-123,Products
CAM1-3253-171,Products
CAM1-3253-177,Products
CAM1-3253-199,Products
CAM1-1418-501,Products
CAM1-1418-504,Products
CAM1-1418-505,Products
CAM1-1418-508,Products
CAM1-1418-510,Products
CAM1-1418-513,Products
CAM1-1418-514,Products
CAM1-1418-518,Products
CAM1-1418-521,Products
CAM1-1418-522,Products
CAM1-1418-536,Products
CAM1-1418-537,Products
CAM1-1418-538,Products
CAM1-1418-551,Products
CAM1-1418-401,Products
CAM1-1418-409,Products
CAM1-1418-410,Products
CAM1-1418-414,Products
CAM1-1418-428,Products
CAM1-1418-429,Products
CAM1-1418-220,Products
CAM1-1418-221,Products
CAM1-1418-222,Products
CAM1-1418-101,Products
CAM1-1418-104,Products
CAM1-1418-105,Products
CAM1-1418-106,Products
CAM1-1418-107,Products
CAM1-1418-110,Products
CAM1-1418-113,Products
CAM1-1418-116,Products
CAM1-1418-117,Products
CAM1-1418-119,Products
CAM1-1418-123,Products
CAM1-1418-148,Products
CAM1-1418-171,Products
CAM1-1418-177,Products
CAM1-1418-199,Products
CAM1-49S1114-119,Products
CAM1-49S1114-151,Products
CAM1-49S1114-163,Products
CAM1-49S1114-167,Products
CAM1-49S1114-184,Products
CAM1-49S1114-186,Products
CAM1-49S958-119,Products
CAM1-49S958-151,Products
CAM1-49S958-163,Products
CAM1-49S958-167,Products
CAM1-49S958-184,Products
CAM1-49S958-186,Products
CAM1-49S800-119,Products
CAM1-49S800-151,Products
CAM1-49S800-163,Products
CAM1-49S800-167,Products
CAM1-49S800-184,Products
CAM1-49S800-186,Products
CAM1-49S638-119,Products
CAM1-49S638-151,Products
CAM1-49S638-163,Products
CAM1-49S638-167,Products
CAM1-49S638-184,Products
CAM1-49S638-186,Products
CAM1-49S434-119,Products
CAM1-49S434-151,Products
CAM1-49S434-163,Products
CAM1-49S434-167,Products
CAM1-49S434-184,Products
CAM1-49S434-186,Products
CAM1-49S318-119,Products
CAM1-49S318-151,Products
CAM1-49S318-163,Products
CAM1-49S318-167,Products
CAM1-49S318-184,Products
CAM1-49S318-186,Products
CAM1-36S1214-119,Products
CAM1-36S1214-151,Products
CAM1-36S1214-163,Products
CAM1-36S1214-167,Products
CAM1-36S1214-184,Products
CAM1-36S1214-186,Products
CAM1-36S1114-119,Products
CAM1-36S1114-151,Products
CAM1-36S1114-163,Products
CAM1-36S1114-167,Products
CAM1-36S1114-184,Products
CAM1-36S1114-186,Products
CAM1-36S1058-119,Products
CAM1-36S1058-151,Products
CAM1-36S1058-163,Products
CAM1-36S1058-167,Products
CAM1-36S1058-184,Products
CAM1-36S1058-186,Products
CAM1-36S958-119,Products
CAM1-36S958-163,Products
CAM1-36S958-186,Products
CAM1-36S900-119,Products
CAM1-36S900-151,Products
CAM1-36S900-163,Products
CAM1-36S900-167,Products
CAM1-36S900-184,Products
CAM1-36S900-186,Products
CAM1-36S800-186,Products
CAM1-36S800-184,Products
CAM1-36S800-167,Products
CAM1-36S800-163,Products
CAM1-36S800-151,Products
CAM1-36S800-119,Products
CAM1-36S738-119,Products
CAM1-36S738-151,Products
CAM1-36S738-163,Products
CAM1-36S738-167,Products
CAM1-36S738-186,Products
CAM1-36S638-119,Products
CAM1-36S638-151,Products
CAM1-36S638-163,Products
CAM1-36S638-167,Products
CAM1-36S638-184,Products
CAM1-36S638-186,Products
CAM1-36S534-119,Products
CAM1-36S534-151,Products
CAM1-36S534-163,Products
CAM1-36S534-167,Products
CAM1-36S534-184,Products
CAM1-36S534-186,Products
CAM1-36S434-119,Products
CAM1-36S434-151,Products
CAM1-36S434-163,Products
CAM1-36S434-167,Products
CAM1-36S434-184,Products
CAM1-36S434-186,Products
CAM1-36S418-119,Products
CAM1-36S418-151,Products
CAM1-36S418-163,Products
CAM1-36S418-167,Products
CAM1-36S418-184,Products
CAM1-36S418-186,Products
CAM1-36S318-119,Products
CAM1-36S318-151,Products
CAM1-36S318-163,Products
CAM1-36S318-167,Products
CAM1-36S318-184,Products
CAM1-36S318-186,Products
CAM1-20S534-119,Products
CAM1-20S534-151,Products
CAM1-20S534-163,Products
CAM1-20S534-167,Products
CAM1-20S534-184,Products
CAM1-20S534-186,Products
CAM1-16S1114-119,Products
CAM1-16S1058-184,Products
CAM1-9S958-151,Products
CAM1-9S800-151,Products
CAM1-9S638-151,Products
CAM1-9S434-151,Products
TOP1-MS42D,Products
TOP1-M98E-509SN06,Products
TOP1-M98E-509SN12,Products
TOP1-M98E-508SG03,Products
TOP1-M98E-505SN08,Products
TOP1-M98E-505SN10,Products
TOP1-M98E-505SG03,Products
TOP1-M98E-504SN12,Products
TOP1-M98E-503SN12,Products
TOP1-M98E-503SG03,Products
TOP1-M98E-502SG03,Products
TOP1-M98E-501SN12,Products
TOP1-M98E-112A,Products
TOP1-M98E-0SV,Products
TOP1-GR106,Products
TOP1-F-901A,Products
TOP1-F-901,Products
TOP1-F-903,Products
TOP1-9840-S,Products
TOP1-9816-10,Products
TOP1-9810-P5,Products
TOP1-9811-06,Products
TOP1-9810-06,Products
TOP1-9810-10,Products
TOP2-ZZ85,Spare parts
TOP2-ZZ00,Spare parts
TOP2-XDF-H110,Spare parts
TOP2-XDF5188-T2,Spare parts
TOP2-XDF-5100N,Spare parts
TOP2-MS-M98E12AD-007,Spare parts
TOP2-MS-98SW-009,Spare parts
TOP2-MS-98SW-008,Spare parts
TOP2-MS-98SW-007,Spare parts
TOP2-MS-98SP-042,Spare parts
TOP2-MS-012S-010,Spare parts
TOP2-MS-012S-009,Spare parts
TOP2-M98E-HSV,Spare parts
TOP2-M98E-H44,Spare parts
TOP2-M98E-CC04-C,Spare parts
TOP2-M98E-CC04,Spare parts
TOP2-M0098SV-124G,Spare parts
TOP2-M0098SV1-124G,Spare parts
TOP2-M0098SV-065G,Spare parts
TOP2-KSH410,Spare parts
TOP2-HS420-700,Spare parts
TOP2-HS420-500,Spare parts
TOP2-HS420-400,Spare parts
TOP2-HS420-1500,Spare parts
TOP2-HS420-1200,Spare parts
TOP2-HS420-1000,Spare parts
TOP2-HS419-500,Spare parts
TOP2-HS419-400,Spare parts
TOP2-HS419-300,Spare parts
TOP2-HS418-500,Spare parts
TOP2-HS418-400,Spare parts
TOP2-HS418-300,Spare parts
TOP2-HS098-01,Spare parts
TOP2-H-02,Spare parts
TOP2-GR106,Spare parts
TOP2-FV-001,Spare parts
TOP2-98-WB,Spare parts
TOP2-98-SVH,Spare parts
TOP2-98-SP,Spare parts
TOP2-98-PP,Spare parts
TOP2-98-HD,Spare parts
"TOP2-98-H68""",Spare parts
"TOP2-98-H20""",Spare parts
TOP2-9870-FEU,Spare parts
TOP2-9840-0111+0155+0354,Spare parts
TOP2-9816MALE2ZT-02,Spare parts
TOP2-31700071,Spare parts
TOP2-31300011,Spare parts
TOP2-30600050,Spare parts
TOP2-30600021,Spare parts
TOP2-30600010-11-21,Spare parts
TOP2-30400204,Spare parts
TOP2-30300223,Spare parts
TOP2-30300173,Spare parts
TOP2-30200075,Spare parts
TOP2-0098-H03,Spare parts
TOP2-0098-03,Spare parts
TOP2-0098-02,Spare parts
TOP2-0098-01,Spare parts
TOP2-00098-30,Spare parts
TOP2-00098-20,Spare parts
TOP2-00098-10,Spare parts
TOP1-9800-06,Products
TOP1-98-H44,Products
TOP1-006S,Products
TOP1-008S,Products
TOP1-010S,Products
TOP1-012S,Products
TOP1-UK004,Products
TOP1-UK001,Products
TOP1-SG03,Products
TOP1-M98E-SG02,Products
TOP1-M98E-503SN08,Products
TOP1-M98E-501SN06,Products
TOP1-M98E-12AD,Products
TOP1-GR107C,Products
TOP1-GR107B,Products
TOP1-GR105,Products
TOP1-GR101NB2,Products
TOP1-F-902,Products
TOP1-9811-08,Products
PIT2-60125401,Spare parts
PIT2-PP10084,Spare parts
PIT2-60125501,Spare parts
HAT2-X020125800,Spare parts
HAT2-X04.05.528.00,Spare parts
HAT2-R053002900,Spare parts
HAT2-R044846600,Spare parts
HAT2-R041653300,Spare parts
HAT2-R023026612,Spare parts
HAT2-R021503000,Spare parts
HAT2-R021202100,Spare parts
HAT2-R0219082,Spare parts
HAT2-R0216057,Spare parts
HAT2-X021818800,Spare parts
HAT2-R0212012,Spare parts
CAM1-36S958-184,Products
CAM1-36S958-167,Products
CAM1-36S958-151,Products
CAM1-30S1114-119,Products
CAM1-30S1114-151,Products
CAM1-30S1114-163,Products
CAM1-30S1114-167,Products
CAM1-30S1114-184,Products
CAM1-30S1114-186,Products
CAM1-30S958-119,Products
CAM1-30S958-151,Products
CAM1-30S958-163,Products
CAM1-30S958-167,Products
CAM1-30S958-184,Products
CAM1-30S958-186,Products
CAM1-30S800-119,Products
CAM1-30S800-151,Products
CAM1-30S800-163,Products
CAM1-30S800-167,Products
CAM1-30S800-184,Products
CAM1-30S800-186,Products
CAM1-30S638-119,Products
CAM1-30S638-151,Products
CAM1-30S638-163,Products
CAM1-30S638-167,Products
CAM1-30S638-184,Products
CAM1-30S638-186,Products
CAM1-30S434-119,Products
CAM1-30S434-151,Products
CAM1-30S434-163,Products
CAM1-30S434-167,Products
CAM1-30S434-184,Products
CAM1-30S434-186,Products
CAM1-30S318-119,Products
CAM1-30S318-151,Products
CAM1-30S318-163,Products
CAM1-30S318-167,Products
CAM1-30S318-184,Products
CAM1-30S318-186,Products
CAM1-25S1214-119,Products
CAM1-25S1214-151,Products
CAM1-25S1214-163,Products
CAM1-25S1214-167,Products
CAM1-25S1214-184,Products
CAM1-25S1214-186,Products
CAM1-25S1114-119,Products
CAM1-25S1114-151,Products
CAM1-25S1114-163,Products
CAM1-25S1114-167,Products
CAM1-25S1114-184,Products
CAM1-25S1114-186,Products
CAM1-25S1058-119,Products
CAM1-25S1058-151,Products
CAM1-25S1058-163,Products
CAM1-25S1058-167,Products
CAM1-25S1058-184,Products
CAM1-25S1058-186,Products
CAM1-25S958-119,Products
CAM1-25S958-151,Products
CAM1-25S958-163,Products
CAM1-25S958-167,Products
CAM1-25S958-184,Products
CAM1-25S958-186,Products
CAM1-25S900-119,Products
CAM1-25S900-151,Products
CAM1-25S900-163,Products
CAM1-25S900-167,Products
CAM1-25S900-184,Products
CAM1-25S900-186,Products
CAM1-25S800-119,Products
CAM1-25S800-151,Products
CAM1-25S800-163,Products
CAM1-25S800-167,Products
CAM1-25S800-184,Products
CAM1-25S800-186,Products
CAM1-25S738-119,Products
CAM1-25S738-151,Products
CAM1-25S738-163,Products
CAM1-25S738-167,Products
CAM1-25S738-184,Products
CAM1-25S738-186,Products
CAM1-25S638-119,Products
CAM1-25S638-151,Products
CAM1-25S638-163,Products
CAM1-25S638-167,Products
CAM1-25S638-184,Products
CAM1-25S638-186,Products
CAM1-25S534-119,Products
CAM1-25S534-151,Products
CAM1-25S534-163,Products
CAM1-25S534-167,Products
CAM1-25S534-184,Products
CAM1-25S534-186,Products
CAM1-25S434-119,Products
CAM1-25S434-151,Products
CAM1-25S434-163,Products
CAM1-25S434-167,Products
CAM1-25S434-184,Products
CAM1-25S434-186,Products
CAM1-25S418-119,Products
CAM1-25S418-151,Products
CAM1-25S418-163,Products
CAM1-25S418-167,Products
CAM1-25S418-184,Products
CAM1-25S418-186,Products
CAM1-25S318-119,Products
CAM1-25S318-151,Products
CAM1-25S318-163,Products
CAM1-25S318-167,Products
CAM1-25S318-184,Products
CAM1-25S318-186,Products
CAM1-20S1214-119,Products
CAM1-20S1214-151,Products
CAM1-20S1214-163,Products
CAM1-20S1214-167,Products
CAM1-20S1214-184,Products
CAM1-20S1214-186,Products
CAM1-20S1114-119,Products
CAM1-20S1114-151,Products
CAM1-20S1114-163,Products
CAM1-20S1114-167,Products
CAM1-20S1114-184,Products
CAM1-20S1114-186,Products
CAM1-20S1058-119,Products
CAM1-20S1058-151,Products
CAM1-20S1058-163,Products
CAM1-20S1058-167,Products
CAM1-20S1058-184,Products
CAM1-20S1058-186,Products
CAM1-20S900-119,Products
CAM1-20S900-151,Products
CAM1-20S900-163,Products
CAM1-20S900-167,Products
CAM1-20S900-184,Products
CAM1-20S900-186,Products
CAM1-20S800-119,Products
CAM1-20S800-151,Products
CAM1-20S800-163,Products
CAM1-20S800-167,Products
CAM1-20S800-184,Products
CAM1-20S800-186,Products
CAM1-20S738-119,Products
CAM1-20S738-151,Products
CAM1-20S738-163,Products
CAM1-20S738-167,Products
CAM1-20S738-184,Products
CAM1-20S738-186,Products
CAM1-20S638-119,Products
CAM1-20S638-151,Products
CAM1-20S638-163,Products
CAM1-20S638-167,Products
CAM1-20S638-184,Products
CAM1-20S638-186,Products
CAM1-20S434-119,Products
CAM1-20S434-151,Products
CAM1-20S434-163,Products
CAM1-20S434-167,Products
CAM1-20S434-184,Products
CAM1-20S434-186,Products
CAM1-20S418-186,Products
CAM1-20S418-184,Products
CAM1-20S418-167,Products
CAM1-20S418-163,Products
CAM1-20S418-151,Products
CAM1-20S418-119,Products
CAM1-20S318-119,Products
CAM1-20S318-151,Products
CAM1-20S318-163,Products
CAM1-20S318-167,Products
CAM1-20S318-184,Products
CAM1-20S318-186,Products
CAM1-16S638-119,Products
CAM1-16S638-151,Products
CAM1-16S638-163,Products
CAM1-16S638-167,Products
CAM1-16S638-184,Products
CAM1-16S638-186,Products
HAT2-R020900200,Spare parts
HAT2-R020573600,Spare parts
HAT2-R020460100,Spare parts
HAT2-R020129500,Spare parts
HAT2-R020127300,Spare parts
HAT2-R0004007200,Spare parts
HAT2-R0208142E00,Spare parts
HAT2-R0208139E,Spare parts
HAT2-R00010105,Spare parts
HAT2-R02.30.044.00,Spare parts
HAT2-R02.19.008A.00,Spare parts
HAT2-R02.16.227.00,Spare parts
HAT2-R02.16.117.00,Spare parts
HAT2-R02.16.039.00,Spare parts
HAT2-R02.08.135E.00,Spare parts
HAT2-R02.06.452.00,Spare parts
HAT2-R02.06.302.00,Spare parts
HAT2-R02.06.301.00,Spare parts
HAT2-R02.01.458.00,Spare parts
HAT2-070128400,Spare parts
HAT2-070125500,Spare parts
HAT2-070117900,Spare parts
HAT2-053011500,Spare parts
HAT2-053004700,Spare parts
HAT2-20119200,Spare parts
HAT2-051102200,Spare parts
HAT2-050904100,Spare parts
HAT2-050400900,Spare parts
HAT2-050304900,Spare parts
HAT2-041713000,Spare parts
HAT2-041663800,Spare parts
HAT2-041654700,Spare parts
HAT2-040923000,Spare parts
HAT2-040523500,Spare parts
HAT2-023008300,Spare parts
HAT2-022020600,Spare parts
HAT2-021924800,Spare parts
HAT2-021917700,Spare parts
HAT2-021916800,Spare parts
HAT2-021877700,Spare parts
HAT2-021828600,Spare parts
HAT2-021216600,Spare parts
HAT2-020701700,Spare parts
HAT2-020568200,Spare parts
HAT2-020567900,Spare parts
HAT2-020567400,Spare parts
HAT2-020144500,Spare parts
HAT2-020144200,Spare parts
HAT2-020144100,Spare parts
HAT2-020134800,Spare parts
HAT2-020114500,Spare parts
HAT2-020104300,Spare parts
HAT2-0530001,Spare parts
HAT2-0508005,Spare parts
HAT2-0440025,Spare parts
HAT2-0220209,Spare parts
HAT2-0212010,Spare parts
HAT2-05.08.001.00,Spare parts
HAT2-05.07.009.00,Spare parts
HAT2-05.07.008.00,Spare parts
HAT2-05.07.007.00,Spare parts
HAT2-05.03.077.00,Spare parts
HAT2-05.03.076.00,Spare parts
HAT2-05.03.036.00,Spare parts
HAT2-04.30.022.00,Spare parts
HAT2-04.30.021.00,Spare parts
HAT2-04.30.020.00,Spare parts
HAT2-02.30.266.00,Spare parts
HAT2-02.19.164.00,Spare parts
HAT2-02.19.161.00,Spare parts
HAT2-02.19.151.00,Spare parts
HAT2-02.17.064.00,Spare parts
HAT2-02.17.040.00,Spare parts
HAT2-02.16.206.00,Spare parts
HAT2-02.16.122.00,Spare parts
HAT2-02.16.120.00,Spare parts
HAT2-02.16.004.00,Spare parts
HAT2-02.16.003A.00,Spare parts
HAT2-02.13.340.00,Spare parts
HAT2-02.13.338.00,Spare parts
HAT2-02.13.322.00,Spare parts
HAT2-02.12.121.00,Spare parts
HAT2-02.09.251.00,Spare parts
HAT2-02.05.665.00,Spare parts
HAT2-02.01.487.00,Spare parts
HAT2-02.01.360.00,Spare parts
HAT2-02.01.238.00,Spare parts
HAT2-02.01.016.00,Spare parts
CAM1-WW250CW-135,Products
CAM1-VTCT3646T-110,Products
CAM1-VTCT2632T-110,Products
CAM1-VTC3753T-F91,Products
CAM1-PH558536-000,Products
CAM1-20S958-119,Products
CAM1-20S958-151,Products
CAM1-20S958-163,Products
CAM1-20S958-167,Products
CAM1-20S958-184,Products
CAM1-20S958-186,Products
CAM1-20GE5-151,Products
CAM1-20GE4-151,Products
CAM1-20GE2-151,Products
CAM1-16S1214-119,Products
CAM1-16S1214-151,Products
CAM1-16S1214-163,Products
CAM1-16S1214-167,Products
CAM1-16S1214-184,Products
CAM1-16S1214-186,Products
CAM1-16S1114-151,Products
CAM1-16S1114-163,Products
CAM1-16S1114-167,Products
CAM1-16S1114-184,Products
CAM1-16S1114-186,Products
CAM1-16S1058-119,Products
CAM1-16S1058-151,Products
CAM1-16S1058-163,Products
CAM1-16S1058-167,Products
CAM1-16S1058-186,Products
CAM1-16S958-119,Products
CAM1-16S958-151,Products
CAM1-16S958-163,Products
CAM1-16S958-167,Products
CAM1-16S958-184,Products
CAM1-16S958-186,Products
CAM1-16S900-119,Products
CAM1-16S900-151,Products
CAM1-16S900-163,Products
CAM1-16S900-167,Products
CAM1-16S900-184,Products
CAM1-16S900-186,Products
CAM1-16S800-119,Products
CAM1-16S800-151,Products
CAM1-16S800-163,Products
CAM1-16S800-167,Products
CAM1-16S800-184,Products
CAM1-16S800-186,Products
CAM1-16S738-119,Products
CAM1-16S738-151,Products
CAM1-16S738-163,Products
CAM1-16S738-167,Products
CAM1-16S738-184,Products
CAM1-16S738-186,Products
CAM1-16S534-119,Products
CAM1-16S534-151,Products
CAM1-16S534-163,Products
CAM1-16S534-167,Products
CAM1-16S534-184,Products
CAM1-16S534-186,Products
CAM1-16S434-186,Products
CAM1-16S434-184,Products
CAM1-16S434-167,Products
CAM1-16S434-163,Products
CAM1-16S434-151,Products
CAM1-16S434-119,Products
CAM1-16S418-186,Products
CAM1-16S418-184,Products
CAM1-16S418-167,Products
CAM1-16S418-163,Products
CAM1-16S418-151,Products
CAM1-16S418-119,Products
CAM1-16S318-186,Products
CAM1-16S318-184,Products
CAM1-16S318-167,Products
CAM1-16S318-163,Products
CAM1-16S318-151,Products
CAM1-16S318-119,Products
CAM1-12SFSPROCW-135,Products
TBA2-T8F5200100,Spare parts
TBA2-M720700100,Spare parts
TBA2-KR99860101,Spare parts
TBA2-KR81900104,Spare parts
TBA2-KR53300107,Spare parts
TBA2-KR23300107,Spare parts
TBA2-KR5AF00200,Spare parts
TBA2-K3F5102101,Spare parts
TBA2-K1D5100103,Spare parts
TBA2-BR98400200,Spare parts
TBA2-30283L0100,Spare parts
TBA2-30211A0202,Spare parts
MID2-M3828,Spare parts
MID2-1952889,Spare parts
MID2-75729,Spare parts
MID2-74719,Spare parts
MID2-74424,Spare parts
MID2-74097,Spare parts
MID2-74081,Spare parts
MID2-73964,Spare parts
MID2-73287,Spare parts
MID2-72829,Spare parts
MID2-72128,Spare parts
MID2-70984,Spare parts
MID2-70698,Spare parts
MID2-70049,Spare parts
MID2-69497,Spare parts
MID2-69197,Spare parts
MID2-68310,Spare parts
MID2-67975,Spare parts
MID2-66582,Spare parts
MID2-65173,Spare parts
MID2-61511,Spare parts
MID2-60598,Spare parts
MID2-60185,Spare parts
MID2-60179,Spare parts
MID2-60123,Spare parts
MID2-51398,Spare parts
MID2-51356,Spare parts
MID2-50163,Spare parts
MID2-49972,Spare parts
MID2-48469,Spare parts
MID2-48408,Spare parts
MID2-48396,Spare parts
MID2-48395,Spare parts
MID2-48387,Spare parts
MID2-37000-0413,Spare parts
MID2-35900-0398,Spare parts
MID2-21426-0004,Spare parts
MID2-21416-0003,Spare parts
MID2-21216-0018,Spare parts
HAM2-35139310000,Spare parts
HAM2-31099900000,Spare parts
HAM2-990354200,Spare parts
HAM2-990314400,Spare parts
HAM2-990279900,Spare parts
HAM2-990279400,Spare parts
HAM2-990277800,Spare parts
HAM2-990266400,Spare parts
HAM2-990262301,Spare parts
HAM2-990241000,Spare parts
HAM2-990224701,Spare parts
HAM2-990207100,Spare parts
HAM2-990207000,Spare parts
HAM2-990205800,Spare parts
HAM2-990205600,Spare parts
HAM2-990201700,Spare parts
HAM2-990185701,Spare parts
HAM2-990156400,Spare parts
HAM2-990156200,Spare parts
HAM2-990154810,Spare parts
HAM2-990150300,Spare parts
HAM2-990105800,Spare parts
HAM2-990097000,Spare parts
HAM2-990096600,Spare parts
HAM2-990090400,Spare parts
HAM2-990088900,Spare parts
HAM2-990084200,Spare parts
HAM2-990083600,Spare parts
HAM2-990080500,Spare parts
HAM2-990073900,Spare parts
HAM2-990073800,Spare parts
HAM2-990065800,Spare parts
HAM2-990060300,Spare parts
HAM2-990059800,Spare parts
HAM2-990058800,Spare parts
HAM2-990057600,Spare parts
HAM2-990050500,Spare parts
HAM2-990050001,Spare parts
HAM2-967993200,Spare parts
HAM2-930093601,Spare parts
HAM2-906093901,Spare parts
HAM2-906090800,Spare parts
HAM2-903891100,Spare parts
HAM2-280113700,Spare parts
HAM2-280009200,Spare parts
HAM2-260022000,Spare parts
HAM2-240001300,Spare parts
HAM2-220008600,Spare parts
HAM2-210003901,Spare parts
HAM2-596705,Spare parts
HAM2-596702,Spare parts
HAM2-596700,Spare parts
PIT2-PP11372,Spare parts
PIT2-PP11353,Spare parts
PIT2-PP11337,Spare parts
PIT2-PP11257,Spare parts
PIT2-PP10982,Spare parts
PIT2-PP10730,Spare parts
PIT2-PP10654,Spare parts
PIT2-PP10618,Spare parts
PIT2-PP10613,Spare parts
PIT2-PP10591,Spare parts
PIT2-PP10429-M,Spare parts
PIT2-PP10429,Spare parts
PIT2-PP10331,Spare parts
PIT2-P6071371,Spare parts
PIT2-P6071332,Spare parts
PIT2-P5045701,Spare parts
PIT2-P5045639,Spare parts
PIT2-B6783402,Spare parts
PIT2-B6783401,Spare parts
PIT2-B6763001,Spare parts
PIT2-B6718702-C,Spare parts
PIT2-B6700605-CL,Spare parts
PIT2-B6671203,Spare parts
PIT2-B6671201,Spare parts
PIT2-B6602501-C,Spare parts
PIT2-B5305003,Spare parts
PIT2-B5305001,Spare parts
PIT2-B5302201-C,Spare parts
PIT2-B2303201,Spare parts
PIT2-B2005303,Spare parts
PIT2-B2005301,Spare parts
PIT2-A8002201,Spare parts
PIT2-A4514901,Spare parts
PIT2-A3800603,Spare parts
PIT2-A3631402,Spare parts
PIT2-A1100111-C,Spare parts
PIT2-A1100111,Spare parts
PIT2-60209201,Spare parts
PIT2-60207301,Spare parts
PIT2-60200901,Spare parts
PIT2-60199601,Spare parts
PIT2-60198703,Spare parts
PIT2-60183205,Spare parts
PIT2-60172201,Spare parts
PIT2-60157202,Spare parts
PIT2-60152001-CL,Spare parts
PIT2-60147801,Spare parts
PIT2-60144002-C,Spare parts
PIT2-60143513-CL,Spare parts
PIT2-60138704,Spare parts
PIT2-60132706,Spare parts
PIT2-60132705,Spare parts
PIT2-60132201,Spare parts
PIT2-60131007,Spare parts
PIT2-60130901,Spare parts
CAM1-WW1500-135,Products
PIT2-60130801,Spare parts
PIT2-60127301-CL,Spare parts
HAT1-RHW-02,Products
HAT1-RHW-01,Products
PIT2-60102602,Spare parts
PIT2-60089601-C,Spare parts
PIT2-60087202,Spare parts
PIT2-60084502,Spare parts
PIT2-60070701,Spare parts
PIT2-60068301,Spare parts
PIT2-60067401,Spare parts
PIT2-50006610,Spare parts
PIT2-50006603,Spare parts
PIT2-50006602,Spare parts
PIT2-50006201,Spare parts
PIT2-B8706201-C,Spare parts
PIT2-B8061502-C,Spare parts
PIT2-B8046101,Spare parts
ZNS2-056655,Spare parts
OBE1-P510-2050011,Products
OBE1-P122,Products
OBE1-P130,Products
OBE1-P132,Products
OBE1-P134,Products
OBE1-P210,Products
OBE1-P220,Products
OBE1-P310,Products
OBE1-P320,Products
OBE1-P412,Products
OBE1-P430,Products
OBE1-P550,Products
NTS1-CAR1-10,Products
NTS1-CAR1-11,Products
NTS1-CAR1-14,Products
NTS1-CAR1-15,Products
NTS1-CAR1-18-1,Products
NTS1-CAR1-19,Products
NTS1-CAR1-27,Products
NTS1-CAR1-27-1,Products
NTS1-CAR1-29-L,Products
NTS1-CAR1-29-S,Products
NTS1-CAR1-33,Products
NTS1-CAR1-4,Products
NTS1-CAR1-5,Products
NTS1-CAR1-6,Products
NTS1-CAR1-7,Products
NTS1-CAR1-8,Products
NTS1-CKST-30,Products
NTS1-CM0376,Products
NTS1-COFS2,Products
NTS1-COFS3,Products
NTS1-COV14,Products
NTS1-COV10,Products
NTS1-COV12,Products
NTS1-CP0373,Products
REN1-AR-300,Products
NTS1-TRAY-AL083,Products
NTS1-TRAY-AL123,Products
NTS1-TRAY-AL251,Products
NTS1-DB-L,Products
NTS1-DB-S,Products
NTS1-WDV-15L,Products
NTS1-WDV-60L,Products
NTS1-WDV-30L,Products
NTS1-WDV-80L,Products
NTS1-BL-900,Products
NTS1-EFM-5L,Products
NTS1-GCM-2700,Products
NTS1-MBM-175,Products
NTS1-MBM-175-CB,Products
NTS1-MBM-175-FB,Products
NTS1-P17-BK,Products
NTS1-PLM-24,Products
NTS1-P17-WH,Products
NTS1-MT-20L,Products
NTS1-MT-30L,Products
NTS1-MT-35L-2B,Products
NTS1-MT-35L-3B,Products
NTS1-MT-40L,Products
NTS1-MT-43L-2B,Products
NTS1-MT-50L,Products
NTS1-RS-PT,Products
NTS1-SB-CL,Products
NTS1-SB-WF,Products
NTS1-SSG-22L,Products
NTS1-MOP-CL,Products
NTS1-MOP-CL-G,Products
NTS1-MOP-LO-24S,Products
NTS1-MOP-LO-42S,Products
NTS1-MOP-MH,Products
NTS1-MOP-MO,Products
NTS1-CWW-35,Products
NTS1-CWW-40,Products
NTS1-CWW-45,Products
NTS1-SSG-25,Products
NTS1-SSG-35,Products
NTS1-SSG-40,Products
NTS1-SSG-45,Products
NTS1-TAL-12-2,Products
NTS1-TAL-24-2,Products
NTS1-TAL-45-3,Products
NTS1-WCS,Products
NTS1-MFC3535-YL,Products
NTS1-LFB-10-BK,Products
NTS1-LFB-60,Products
NTS1-MFC3535-BL,Products
NTS1-MFC3535-GR,Products
NTS1-MFC3535-RD,Products
NTS1-MFC3535-WH,Products
NTS1-TB-041-GY,Products
NTS1-CB11-100L,Products
NTS1-CC-1B-L,Products
NTS1-CC-2B-2D,Products
NTS1-CC-3B,Products
NTS1-CC-C3L-GY,Products
NTS1-DB-120,Products
NTS1-DB-CW120,Products
NTS1-DB-CW167,Products
NTS1-DB-H120-GY,Products
NTS1-DB-P30-GY,Products
NTS1-DB-P45-GY,Products
NTS1-DB-P68-GY,Products
NTS1-DB-P87-GY,Products
NTS1-DB-PP100-GY,Products
NTS1-DB-S2-12,Products
NTS1-DB-S2-20,Products
NTS1-DB-S2-5,Products
NTS1-DB-TC23,Products
NTS1-DB-TC42,Products
NTS1-DB-TC58,Products
NTS1-DU-D3L,Products
NTS1-FL-099-GY,Products
NTS1-RBB-120GR,Products
NTS1-RBB-120BL,Products
NTS1-MBP-099-BK,Products
NTS1-SAN-BIN,Products
LKK1-W-1019,Products
TAC1-1270,Products
LKK1-W-2274-330,Products
LKK1-W-2669,Products
TAC1-1271,Products
TAC1-152S&P,Products
TAC1-152S&P-2,Products
TAC1-156S&P-2,Products
TAC1-174PG,Products
LKK1-W-2799,Products
TAC1-174PGT,Products
TAC1-260,Products
KLT1-KSCRAPESLOT86X140,Products
TAC1-260-1,Products
KLT1-DOVE-4570,Products
KLT1-BLACK-86143,Products
TAC1-261,Products
TAC1-272,Products
TAC1-274,Products
TAC1-277,Products
TAC1-30S&P,Products
TAC1-406CP,Products
TAC1-414,Products
TAC1-422,Products
TAC1-542,Products
TAC1-544,Products
TAC1-547,Products
TAC1-6174,Products
TAC1-65,Products
TAC1-657,Products
TAC1-66,Products
TAC1-6618,Products
TAC1-6619,Products
TAC1-801X,Products
TAC1-ST363B-1,Products
TAC1-ST365R-1,Products
CAM1-1520-551,Products
CAM1-1520-538,Products
CAM1-1520-119,Products
CAM1-1520-521,Products
CAM1-1520-513,Products
CAM1-182612P-148,Products
PIM1-CCGSS-2W,Products
CAM1-26CW-110,Products
CAM1-9E2-151,Products
CAM1-9E2-184,Products
CAM1-CRPHDG2878,Products
CAM1-E3-151,Products
CAM1-E3-184,Products
PUJ1-317.050,Products
PUJ1-317.045,Products
PUJ1-317.040,Products
PUJ1-317.035,Products
PUJ1-317.030,Products
PUJ1-317.025,Products
CAM1-HE3-151,Products
PUJ1-333.010,Products
PUJ1-333.020,Products
PUJ1-333.035,Products
PUJ1-337.030,Products
PUJ1-337.060,Products
PUJ1-337.150,Products
PUJ1-337.200,Products
CAM1-100CW-414,Products
CAM1-10CW-133,Products
PUJ1-357.000,Products
PUJ1-630.040,Products
PUJ1-630.030,Products
PUJ1-630.020,Products
PUJ1-630.010,Products
PUJ1-632.099,Products
PUJ1-632.078,Products
CAM1-1111SMVS-191,Products
PUJ1-632.066,Products
PUJ1-632.005,Products
PUJ1-632.004,Products
PUJ1-632.003,Products
PUJ1-632.002,Products
PUJ1-632.001,Products
CAM1-1200P-152,Products
CAM1-120GPVS-191,Products
PUJ1-835.000,Products
PUJ1-880.100,Products
PUJ1-880.050,Products
PUJ1-880.035,Products
PUJ1-880.020,Products
PUJ1-881.100,Products
PUJ1-881.050,Products
PUJ1-881.035,Products
PUJ1-882.175,Products
PUJ1-882.050,Products
CAM1-13F-309,Products
CAM1-1600CW-152,Products
PUJ1-883.035,Products
PUJ1-883.050,Products
CAM1-2000P-152,Products
PUJ1-885.120,Products
PUJ1-885.060,Products
PUJ1-885.040,Products
PUJ1-885.025,Products
PUJ1-886.100,Products
PUJ1-886.060,Products
PUJ1-886.035,Products
PUJ1-887.160,Products
PUJ1-887.100,Products
PUJ1-887.035,Products
PUJ1-887.025,Products
PUJ1-887.015,Products
CAM1-45CW-154,Products
CAM1-45CW-133,Products
PUJ1-888.060,Products
PUJ1-888.025,Products
PUJ1-967.001,Products
PUJ1-967.002,Products
PUJ1-967.003,Products
PUJ1-967.006,Products
PUJ1-967.005,Products
PUJ1-103.028,Products
PUJ1-103.026,Products
PUJ1-103.024,Products
PUJ1-103.020,Products
PUJ1-103.018,Products
PUJ1-103.016,Products
PUJ1-104.026,Products
PUJ1-104.024,Products
PUJ1-104.020,Products
PUJ1-104.016,Products
PUJ1-105.025,Products
PUJ1-105.022,Products
PUJ1-105.020,Products
PUJ1-105.018,Products
PUJ1-105.016,Products
PUJ1-106.040,Products
PUJ1-106.038,Products
PUJ1-106.035,Products
PUJ1-106.032,Products
PUJ1-106.030,Products
PUJ1-106.028,Products
CAM1-806CW-152,Products
PUJ1-106.024,Products
PUJ1-106.022,Products
PUJ1-106.020,Products
CAM1-850CW-152,Products
CAM1-86VS-191,Products
PUJ1-107.030,Products
PUJ1-107.035,Products
PUJ1-107.040,Products
PUJ1-107.045,Products
PUJ1-107.050,Products
PUJ1-107.055,Products
PUJ1-107.060,Products
CAM1-90SPCW-148,Products
PUJ1-108.140,Products
PUJ1-109.030,Products
PUJ1-109.035,Products
PUJ1-109.040,Products
PUJ1-109.045,Products
PUJ1-109.050,Products
PUJ1-112.027,Products
CAM1-950P-152,Products
PUJ1-112.025,Products
PUJ1-112.022,Products
PUJ1-112.020,Products
PUJ1-112.018,Products
PUJ1-112.016,Products
CAM1-96CW-148,Products
PUJ1-115.030,Products
PUJ1-115.028,Products
PUJ1-115.026,Products
PUJ1-115.022,Products
PUJ1-115.020,Products
CAM1-9CWNR-110,Products
PUJ1-116.055,Products
PUJ1-117.055,Products
PUJ1-117.022,Products
PUJ1-117.020,Products
PUJ1-117.018,Products
PUJ1-117.016,Products
CAM1-CFRSC18-148,Products
PUJ1-118.055,Products
PUJ1-118.022,Products
PUJ1-118.018,Products
PUJ1-118.016,Products
PUJ1-119.015,Products
PUJ1-119.005,Products
PUJ1-119.004,Products
PUJ1-119.003,Products
PUJ1-119.002,Products
PUJ1-120.036,Products
PUJ1-120.026,Products
PUJ1-120.022,Products
PUJ1-121.050,Products
PUJ1-121.060,Products
PUJ1-121.070,Products
PUJ1-122.060,Products
CAM1-HT14CW-135,Products
CAM1-HT14CW-196,Products
PUJ1-123.140,Products
CAM1-HT14CWPER100-135,Products
PUJ1-123.240,Products
PUJ1-123.260,Products
CAM1-HT22CW-196,Products
PUJ1-124.036,Products
PUJ1-124.028,Products
PUJ1-124.026,Products
CAM1-HT8CW-135,Products
PUJ1-124.024,Products
PUJ1-124.022,Products
CAM1-HT8CW-196,Products
PUJ1-127.024,Products
PUJ1-127.028,Products
PUJ1-127.032,Products
PUJ1-127.036,Products
PUJ1-127.040,Products
PUJ1-128.018,Products
PUJ1-128.020,Products
PUJ1-128.022,Products
PUJ1-128.026,Products
PUJ1-128.036,Products
PUJ1-128.040,Products
PUJ1-128.128,Products
PUJ1-128.132,Products
PUJ1-128.136,Products
PUJ1-128.140,Products
CAM1-LCDCH-194,Products
PUJ1-128.220,Products
PUJ1-128.224,Products
PUJ1-128.228,Products
PUJ1-128.232,Products
PUJ1-128.236,Products
PUJ1-128.240,Products
CAM1-LT12-152,Products
PUJ1-128.340,Products
PUJ1-128.336,Products
PUJ1-128.332,Products
PUJ1-128.328,Products
PUJ1-128.324,Products
PUJ1-128.440,Products
PUJ1-128.436,Products
PUJ1-128.432,Products
PUJ1-128.428,Products
PUJ1-128.424,Products
PUJ1-128.420,Products
CAM1-LT16-427,Products
PUJ1-130.024,Products
PUJ1-130.026,Products
PUJ1-130.028,Products
PUJ1-130.032,Products
PUJ1-131.026,Products
PUJ1-131.022,Products
PUJ1-132.465,Products
PUJ1-132.440,Products
PUJ1-132.365,Products
PUJ1-132.355,Products
PUJ1-132.340,Products
PUJ1-132.260,Products
PUJ1-132.160,Products
PUJ1-132.140,Products
PUJ1-132.060,Products
PUJ1-132.040,Products
CAM1-LT8-152,Products
PUJ1-134.032,Products
PUJ1-134.036,Products
PUJ1-134.040,Products
PUJ1-137.040,Products
PUJ1-137.035,Products
PUJ1-138.040,Products
PUJ1-138.036,Products
PUJ1-138.032,Products
PUJ1-138.028,Products
PUJ1-138.024,Products
PUJ1-140.040,Products
PUJ1-140.036,Products
PUJ1-140.032,Products
PUJ1-140.020,Products
PUJ1-141.024,Products
PUJ1-141.028,Products
PUJ1-141.032,Products
PUJ1-141.036,Products
PUJ1-142.000,Products
PUJ1-143.020,Products
PUJ1-143.026,Products
PUJ1-143.028,Products
PUJ1-143.032,Products
PUJ1-143.036,Products
PUJ1-143.040,Products
PUJ1-149.330,Products
PUJ1-149.228,Products
PUJ1-149.130,Products
PUJ1-149.128,Products
PUJ1-149.124,Products
PUJ1-149.032,Products
PUJ1-149.020,Products
PUJ1-200.014,Products
PUJ1-200.012,Products
PUJ1-203.016,Products
CAM1-HT120CW-135,Products
PUJ1-204.035,Products
PUJ1-204.030,Products
CAM1-DP15-110,Products
CAM1-DD1220BECW-135,Products
PUJ1-205.060,Products
PUJ1-205.050,Products
PUJ1-205.045,Products
PUJ1-205.040,Products
PUJ1-205.035,Products
PUJ1-205.032,Products
PUJ1-205.030,Products
PUJ1-205.028,Products
CAM1-D24-152,Products
CAM1-D8-152,Products
CAM1-D14-608,Products
CAM1-D12-152,Products
CAM1-1014ET-110,Products
PUJ1-209.026,Products
PUJ1-209.022,Products
PUJ1-210.020,Products
PUJ1-210.018,Products
PUJ1-210.016,Products
PUJ1-211.020,Products
PUJ1-211.018,Products
PUJ1-211.016,Products
PUJ1-212.016,Products
PUJ1-213.040,Products
PUJ1-213.036,Products
PUJ1-213.028,Products
PUJ1-213.026,Products
PUJ1-213.024,Products
PUJ1-213.022,Products
PUJ1-213.018,Products
CAM1-1014ET-206,Products
CAM1-1014ET-207,Products
CAM1-1014ET-503,Products
CAM1-1014ET-521,Products
CAM1-1014FF-110,Products
PUJ1-214.024,Products
PUJ1-214.022,Products
PUJ1-214.020,Products
PUJ1-214.018,Products
PUJ1-214.016,Products
CAM1-1014FF-163,Products
CAM1-1014FF-167,Products
PUJ1-216.060,Products
PUJ1-216.050,Products
PUJ1-216.045,Products
PUJ1-216.035,Products
PUJ1-216.030,Products
PUJ1-216.016,Products
CAM1-1030MT-148,Products
CAM1-1030MT-110,Products
PUJ1-217.060,Products
CAM1-1015-148,Products
PUJ1-217.045,Products
PUJ1-217.040,Products
PUJ1-217.035,Products
PUJ1-217.032,Products
PUJ1-217.030,Products
PUJ1-217.028,Products
PUJ1-217.024,Products
PUJ1-217.020,Products
PUJ1-217.018,Products
PUJ1-217.016,Products
CAM1-1014FF-168,Products
PUJ1-218.060,Products
PUJ1-218.050,Products
PUJ1-218.045,Products
PUJ1-218.040,Products
PUJ1-218.035,Products
PUJ1-218.032,Products
PUJ1-218.030,Products
PUJ1-218.028,Products
PUJ1-218.024,Products
PUJ1-218.020,Products
PUJ1-218.018,Products
PUJ1-218.016,Products
CAM1-10HPC-150,Products
CAM1-10HPCH-150,Products
PUJ1-219.020,Products
PUJ1-219.018,Products
PUJ1-220.040,Products
PUJ1-220.036,Products
PUJ1-220.032,Products
PUJ1-220.028,Products
PUJ1-220.026,Products
PUJ1-220.024,Products
PUJ1-220.022,Products
PUJ1-220.020,Products
PUJ1-220.018,Products
PUJ1-223.035,Products
PUJ1-223.040,Products
PUJ1-224.026,Products
PUJ1-224.023,Products
PUJ1-234.024,Products
PUJ1-234.020,Products
PUJ1-234.018,Products
PUJ1-234.016,Products
PUJ1-243.035,Products
PUJ1-243.032,Products
PUJ1-243.028,Products
PUJ1-244.035,Products
PUJ1-244.032,Products
PUJ1-244.028,Products
PUJ1-249.045,Products
PUJ1-249.040,Products
PUJ1-249.035,Products
PUJ1-249.032,Products
PUJ1-249.028,Products
PUJ1-250.028,Products
PUJ1-250.024,Products
PUJ1-250.020,Products
CAM1-1216FF-104,Products
CAM1-1216FF-106,Products
PUJ1-251.032,Products
PUJ1-251.028,Products
PUJ1-251.024,Products
PUJ1-251.020,Products
CAM1-1216FF-107,Products
PUJ1-301.165,Products
CAM1-1216FF-163,Products
CAM1-1216FF-166,Products
CAM1-1216FF-167,Products
CAM1-1216FF-409,Products
CAM1-1216FF-414,Products
CAM1-1216FF-186,Products
CAM1-1216FF-416,Products
CAM1-1217FFH-110,Products
CAM1-1217FFH-119,Products
CAM1-1217FFH-163,Products
CAM1-1217FFH-166,Products
CAM1-1217FFH-167,Products
CAM1-1217FFH-416,Products
CAM1-12186CW-464,Products
CAM1-12186CW-467,Products
PUJ1-302.116,Products
CAM1-12186P-148,Products
PUJ1-302.016,Products
PUJ1-302.014,Products
PUJ1-302.012,Products
PUJ1-302.010,Products
PUJ1-302.008,Products
PUJ1-303.026,Products
PUJ1-303.024,Products
PUJ1-303.022,Products
PUJ1-303.020,Products
PUJ1-303.018,Products
PUJ1-303.016,Products
PUJ1-304.028,Products
PUJ1-304.026,Products
PUJ1-304.024,Products
PUJ1-304.022,Products
PUJ1-304.020,Products
PUJ1-304.018,Products
PUJ1-304.016,Products
CAM1-1218CCW-467,Products
PUJ1-305.022,Products
PUJ1-307.070,Products
PUJ1-307.060,Products
PUJ1-307.045,Products
PUJ1-307.040,Products
PUJ1-307.035,Products
PUJ1-307.030,Products
PUJ1-307.025,Products
PUJ1-307.020,Products
PUJ1-308.030,Products
PUJ1-308.035,Products
PUJ1-308.045,Products
PUJ1-309.070,Products
PUJ1-309.060,Products
PUJ1-309.050,Products
PUJ1-309.040,Products
PUJ1-313.132,Products
PUJ1-313.025,Products
PUJ1-315.020,Products
PUJ1-315.017,Products
PUJ1-315.015,Products
PUJ1-315.012,Products
PUJ1-315.010,Products
PUJ1-316.050,Products
PUJ1-316.040,Products
PUJ1-316.030,Products
CAM1-12TGS-110,Products
CAM1-12TGS-133,Products
CAM1-12TGS-135,Products
PUJ1-318.060,Products
PUJ1-318.040,Products
PUJ1-321.026,Products
PUJ1-321.024,Products
PUJ1-321.022,Products
PUJ1-321.020,Products
PUJ1-324.025,Products
PUJ1-324.022,Products
PUJ1-324.019,Products
PUJ1-324.016,Products
PUJ1-324.013,Products
CAM1-1400CT-418,Products
PUJ1-325.020,Products
PUJ1-325.018,Products
PUJ1-325.015,Products
PUJ1-325.014,Products
PUJ1-325.012,Products
PUJ1-325.010,Products
PUJ1-328.023,Products
PUJ1-328.020,Products
PUJ1-331.070,Products
PUJ1-331.066,Products
PUJ1-331.059,Products
PUJ1-331.056,Products
PUJ1-331.050,Products
PUJ1-331.044,Products
PUJ1-331.040,Products
PUJ1-331.039,Products
PUJ1-334.200,Products
PUJ1-334.025,Products
PUJ1-344.000,Products
PUJ1-346.000,Products
PUJ1-347.020,Products
PUJ1-347.024,Products
PUJ1-348.018,Products
PUJ1-348.015,Products
PUJ1-348.014,Products
PUJ1-348.012,Products
CAM1-182615P-148,Products
PUJ1-348.010,Products
PUJ1-348.008,Products
CAM1-18263P-148,Products
CAM1-14105CW-133,Products
PUJ1-354.050,Products
PUJ1-354.045,Products
PUJ1-354.040,Products
PUJ1-354.035,Products
PUJ1-354.030,Products
PUJ1-354.025,Products
PUJ1-356.032,Products
PUJ1-356.028,Products
PUJ1-356.024,Products
PUJ1-356.020,Products
PUJ1-356.016,Products
CAM1-18269P-148,Products
CAM1-1826CP-148,Products
PUJ1-358.024,Products
PUJ1-358.029,Products
PUJ1-361.000,Products
PUJ1-361.100,Products
PUJ1-362.100,Products
PUJ1-362.000,Products
CAM1-20CWCH-110,Products
PUJ1-363.000,Products
PUJ1-363.100,Products
CAM1-1418FF-110,Products
CAM1-1418FF-119,Products
CAM1-1418FF-166,Products
CAM1-1418FF-167,Products
PUJ1-364.000,Products
PUJ1-364.100,Products
CAM1-1418FF-168,Products
PUJ1-366.000,Products
PUJ1-367.100,Products
PUJ1-367.000,Products
CAM1-1418TL-110,Products
PUJ1-369.100,Products
PUJ1-369.000,Products
CAM1-1418TL-138,Products
PUJ1-373.028,Products
PUJ1-373.024,Products
PUJ1-373.020,Products
PUJ1-374.020,Products
PUJ1-374.018,Products
PUJ1-374.015,Products
PUJ1-374.013,Products
PUJ1-374.026,Products
CAM1-1520-401,Products
CAM1-1520-123,Products
CAM1-1520-105,Products
CAM1-1520-117,Products
CAM1-1520-101,Products
PUJ1-375.035,Products
PUJ1-375.030,Products
PUJ1-381.010,Products
PUJ1-381.008,Products
PUJ1-385.030,Products
PUJ1-385.026,Products
PUJ1-385.020,Products
PUJ1-388.014,Products
PUJ1-388.018,Products
PUJ1-393.125,Products
PUJ1-393.100,Products
PUJ1-393.080,Products
CAM1-1520-104,Products
PUJ1-394.012,Products
PUJ1-396.012,Products
PUJ1-396.010,Products
PUJ1-396.009,Products
CAM1-30HPC-150,Products
CAM1-1520-106,Products
CAM1-30HPCH-150,Products
CAM1-1520-107,Products
PUJ1-604.002,Products
PUJ1-604.001,Products
CAM1-1520-110,Products
CAM1-1520-113,Products
PUJ1-617.014,Products
PUJ1-617.017,Products
CAM1-1520-116,Products
PUJ1-619.002,Products
CAM1-30PPSC-190,Products
PUJ1-701.022,Products
PUJ1-701.020,Products
PUJ1-701.018,Products
PUJ1-701.016,Products
PUJ1-702.028,Products
PUJ1-702.026,Products
CAM1-1520-148,Products
CAM1-1520-171,Products
CAM1-1520-177,Products
PUJ1-703.028,Products
PUJ1-703.026,Products
PUJ1-703.024,Products
PUJ1-703.022,Products
PUJ1-703.020,Products
PUJ1-703.018,Products
PUJ1-703.016,Products
PUJ1-703.014,Products
PUJ1-704.024,Products
PUJ1-704.027,Products
PUJ1-704.030,Products
CAM1-1520-221,Products
CAM1-1520-222,Products
PUJ1-705.130,Products
PUJ1-705.124,Products
PUJ1-705.034,Products
PUJ1-705.032,Products
PUJ1-705.024,Products
PUJ1-708.024,Products
PUJ1-708.022,Products
PUJ1-708.012,Products
PUJ1-708.008,Products
CAM1-1520-409,Products
PUJ1-710.030,Products
PUJ1-710.028,Products
PUJ1-710.026,Products
PUJ1-710.024,Products
PUJ1-710.022,Products
PUJ1-710.020,Products
PUJ1-711.032,Products
PUJ1-711.030,Products
PUJ1-711.028,Products
PUJ1-711.024,Products
PUJ1-711.022,Products
PUJ1-711.020,Products
PUJ1-716.012,Products
CAM1-1520-410,Products
PUJ1-716.011,Products
PUJ1-716.010,Products
PUJ1-716.009,Products
PUJ1-716.008,Products
PUJ1-717.012,Products
PUJ1-717.011,Products
PUJ1-717.010,Products
PUJ1-717.009,Products
PUJ1-717.008,Products
PUJ1-718.010,Products
PUJ1-718.009,Products
PUJ1-718.008,Products
PUJ1-718.007,Products
PUJ1-718.006,Products
PUJ1-720.012,Products
PUJ1-720.010,Products
PUJ1-720.009,Products
PUJ1-720.008,Products
PUJ1-720.007,Products
PUJ1-720.006,Products
PUJ1-721.010,Products
PUJ1-721.009,Products
PUJ1-721.008,Products
PUJ1-721.007,Products
PUJ1-721.006,Products
PUJ1-723.028,Products
PUJ1-723.024,Products
PUJ1-724.020,Products
PUJ1-724.018,Products
PUJ1-724.016,Products
PUJ1-725.032,Products
PUJ1-725.028,Products
PUJ1-725.024,Products
PUJ1-725.020,Products
PUJ1-726.032,Products
PUJ1-726.028,Products
PUJ1-726.024,Products
PUJ1-726.020,Products
PUJ1-730.024,Products
PUJ1-730.022,Products
PUJ1-764.004,Products
PUJ1-764.006,Products
PUJ1-764.008,Products
PUJ1-764.010,Products
PUJ1-764.012,Products
PUJ1-764.014,Products
CAM1-P34CW-135,Products
CAM1-33CLRHP-150,Products
PUJ1-765.024,Products
PUJ1-765.022,Products
PUJ1-765.020,Products
PUJ1-765.018,Products
CAM1-P34LCW-135,Products
PUJ1-765.016,Products
PUJ1-765.010,Products
PUJ1-765.008,Products
PUJ1-766.020,Products
PUJ1-766.018,Products
PUJ1-766.016,Products
PUJ1-766.014,Products
PUJ1-767.012,Products
PUJ1-767.020,Products
PUJ1-768.016,Products
PUJ1-768.008,Products
PUJ1-768.006,Products
CAM1-36CF-148,Products
CAM1-36CW-135,Products
CAM1-40PPD-190,Products
PUJ1-769.008,Products
PUJ1-769.010,Products
PUJ1-769.018,Products
PUJ1-769.020,Products
PUJ1-769.022,Products
PUJ1-770.016,Products
PUJ1-770.014,Products
PUJ1-770.010,Products
PUJ1-770.008,Products
PUJ1-770.006,Products
CAM1-40PPSC-190,Products
PUJ1-771.030,Products
PUJ1-771.025,Products
CAM1-42HP-150,Products
PUJ1-772.055,Products
PUJ1-772.012,Products
PUJ1-772.010,Products
PUJ1-772.009,Products
PUJ1-772.008,Products
PUJ1-772.004,Products
CAM1-44CW-110,Products
PUJ1-773.065,Products
PUJ1-773.014,Products
PUJ1-773.011,Products
PUJ1-773.008,Products
CAM1-44CW-135,Products
CAM1-44HP-150,Products
CAM1-46CW-135,Products
CAM1-46HP-150,Products
PUJ1-776.012,Products
PUJ1-776.010,Products
PUJ1-776.009,Products
PUJ1-776.008,Products
PUJ1-776.007,Products
CAM1-4SFSPROCW-135,Products
CAM1-50MCCW-135,Products
CAM1-60HPLN-150,Products
PUJ1-777.560,Products
PUJ1-777.548,Products
PUJ1-777.540,Products
PUJ1-777.360,Products
PUJ1-777.348,Products
PUJ1-777.340,Products
PUJ1-778.060,Products
PUJ1-778.048,Products
PUJ1-778.040,Products
PUJ1-779.060,Products
PUJ1-779.026,Products
PUJ1-779.021,Products
PUJ1-779.017,Products
CAM1-P64CW-135,Products
CAM1-P320CW-135,Products
CAM1-P600CW-135,Products
CAM1-60PPD-190,Products
CAM1-PC64CW-135,Products
CAM1-PE600CW-135,Products
CAM1-64CW-110,Products
CAM1-64CW-135,Products
CAM1-65CLRCW-135,Products
CAM1-66CF-110,Products
CAM1-66CF-148,Products
CAM1-66HP-150,Products
CAM1-PSB12-176,Products
CAM1-PSB18-176,Products
CAM1-6TGS-110,Products
CAM1-6TGS-133,Products
CAM1-6TGS-135,Products
CAM1-6TGS-148,Products
CAM1-6TGS-404,Products
CAM1-80CWCHN-135,Products
CAM1-80CWD-135,Products
CAM1-82CW-135,Products
CAM1-8302MT-110,Products
CAM1-84CW-135,Products
CAM1-RSB10CW-110,Products
CAM1-853FH-150,Products
CAM1-90CWC-135,Products
CAM1-90CWCN-135,Products
CAM1-90CWD-135,Products
CAM1-90HPC-150,Products
CAM1-90PPCWSC-190,Products
CAM1-90PPCWSC-438,Products
CAM1-90PPD-190,Products
CAM1-92CW-110,Products
CAM1-92CW-135,Products
CAM1-92HP-150,Products
CAM1-94CW-110,Products
CAM1-94CW-135,Products
CAM1-SFG1220-110,Products
CAM1-94HP-110,Products
CAM1-94HP-150,Products
CAM1-94HP-772,Products
CAM1-94PP-190,Products
CAM1-SFT1515-110,Products
CAM1-96SKRC-135,Products
CAM1-96SKRD-135,Products
CAM1-96SKRLP-148,Products
CAM1-96SKRN-135,Products
CAM1-96SKRP-135,Products
CAM1-96SKRM-135,Products
CAM1-9TGS-110,Products
CAM1-9TGS-135,Products
CAM1-9TGS-133,Products
CAM1-9TGS-148,Products
CAM1-9TGS-404,Products
CAM1-9TGS-416,Products
CAM1-TG9-414,Products
CAM1-TGG6-148,Products
CAM1-CP27-110,Products
CAM1-DBC1826P-148,Products
CAM1-DBC1826CW-148,Products
CAM1-DC5-110,Products
CAM1-DC5-148,Products
CAM1-WW250L-148,Products
CAM1-WW1000LS-148,Products
CAM1-DCC10-135,Products
CAM1-DC5-404,Products
CAM1-DCC5-135,Products
CAM1-LD105-135,Products
CAM1-LD85-135,Products
PUJ1-780.030,Products
PUJ1-780.028,Products
PUJ1-780.026,Products
PUJ1-780.024,Products
PUJ1-780.022,Products
PUJ1-780.020,Products
PUJ1-780.018,Products
PUJ1-780.016,Products
PUJ1-780.014,Products
PUJ1-780.012,Products
PUJ1-780.010,Products
PUJ1-780.008,Products
CAM1-LD85A-133,Products
CAM1-MW4200-W02,Products
PUJ1-781.030,Products
PUJ1-781.028,Products
PUJ1-781.026,Products
PUJ1-781.024,Products
PUJ1-781.022,Products
PUJ1-781.020,Products
PUJ1-781.018,Products
PUJ1-781.016,Products
PUJ1-781.014,Products
PUJ1-781.010,Products
PUJ1-781.008,Products
PUJ1-781.006,Products
CAM1-MY4300-E76,Products
CAM1-MY4300-E77,Products
PUJ1-782.028,Products
PUJ1-782.026,Products
PUJ1-782.024,Products
PUJ1-782.022,Products
PUJ1-782.020,Products
PUJ1-782.018,Products
PUJ1-782.016,Products
PUJ1-782.014,Products
PUJ1-782.012,Products
PUJ1-782.010,Products
PUJ1-782.008,Products
CAM1-MY4300-E73,Products
PUJ1-783.030,Products
PUJ1-783.028,Products
PUJ1-783.026,Products
PUJ1-783.024,Products
PUJ1-783.022,Products
PUJ1-783.020,Products
PUJ1-783.018,Products
PUJ1-783.016,Products
PUJ1-783.014,Products
PUJ1-783.012,Products
PUJ1-783.010,Products
PUJ1-783.008,Products
PUJ1-783.006,Products
PUJ1-784.040,Products
PUJ1-784.035,Products
PUJ1-784.030,Products
PUJ1-784.025,Products
PUJ1-784.020,Products
PUJ1-785.028,Products
PUJ1-785.026,Products
PUJ1-785.024,Products
PUJ1-785.022,Products
PUJ1-785.020,Products
PUJ1-785.018,Products
PUJ1-785.016,Products
PUJ1-785.014,Products
PUJ1-785.012,Products
PUJ1-785.010,Products
PUJ1-785.008,Products
PUJ1-785.006,Products
PUJ1-786.016,Products
PUJ1-786.012,Products
PUJ1-786.010,Products
PUJ1-787.014,Products
PUJ1-787.010,Products
PUJ1-787.008,Products
PUJ1-787.006,Products
PUJ1-788.050,Products
PUJ1-788.025,Products
PUJ1-789.050,Products
PUJ1-789.025,Products
PUJ1-798.065,Products
PUJ1-798.055,Products
PUJ1-798.040,Products
PUJ1-800.070,Products
PUJ1-800.065,Products
PUJ1-800.060,Products
PUJ1-800.055,Products
PUJ1-800.050,Products
PUJ1-800.045,Products
PUJ1-800.040,Products
PUJ1-800.035,Products
PUJ1-800.030,Products
CAM1-PT1418-110,Products
CAM1-PT1418-167,Products
PUJ1-801.048,Products
CAM1-PT1600-167,Products
PUJ1-801.040,Products
CAM1-PT1600-110,Products
PUJ1-809.008,Products
PUJ1-809.010,Products
PUJ1-809.012,Products
CAM1-RFS1-148,Products
PUJ1-809.014,Products
PUJ1-809.016,Products
PUJ1-810.016,Products
PUJ1-810.014,Products
PUJ1-810.012,Products
PUJ1-810.010,Products
PUJ1-810.008,Products
PUJ1-810.006,Products
PUJ1-810.004,Products
PUJ1-810.002,Products
CAM1-10HPD-150,Products
PUJ1-811.018,Products
PUJ1-811.016,Products
PUJ1-811.014,Products
PUJ1-811.012,Products
PUJ1-811.010,Products
PUJ1-811.008,Products
PUJ1-811.006,Products
PUJ1-811.004,Products
PUJ1-811.002,Products
PUJ1-812.011,Products
PUJ1-812.009,Products
PUJ1-812.007,Products
PUJ1-812.005,Products
PUJ1-812.003,Products
PUJ1-813.028,Products
PUJ1-813.020,Products
PUJ1-813.016,Products
PUJ1-815.018,Products
PUJ1-815.015,Products
PUJ1-815.012,Products
PUJ1-815.009,Products
PUJ1-815.006,Products
PUJ1-815.004,Products
CAM1-RFS2PP-190,Products
PUJ1-816.011,Products
PUJ1-816.015,Products
PUJ1-816.013,Products
PUJ1-817.008,Products
PUJ1-817.006,Products
PUJ1-817.005,Products
PUJ1-830.000,Products
PUJ1-833.003,Products
PUJ1-833.002,Products
PUJ1-833.001,Products
PUJ1-836.215,Products
PUJ1-836.200,Products
PUJ1-836.147,Products
PUJ1-836.110,Products
PUJ1-845.075,Products
PUJ1-845.060,Products
PUJ1-845.050,Products
PUJ1-845.040,Products
PUJ1-847.020,Products
PUJ1-847.018,Products
PUJ1-847.016,Products
PUJ1-847.014,Products
PUJ1-847.012,Products
PUJ1-847.010,Products
PUJ1-848.014,Products
PUJ1-850.528,Products
PUJ1-850.524,Products
PUJ1-851.065,Products
PUJ1-851.060,Products
PUJ1-851.055,Products
PUJ1-851.050,Products
PUJ1-851.046,Products
PUJ1-851.040,Products
PUJ1-851.034,Products
PUJ1-851.028,Products
PUJ1-852.085,Products
PUJ1-852.060,Products
PUJ1-852.050,Products
PUJ1-852.040,Products
CAM1-SPO8CW-135,Products
PUJ1-853.016,Products
PUJ1-853.014,Products
PUJ1-853.012,Products
PUJ1-853.010,Products
PUJ1-853.008,Products
PUJ1-853.006,Products
PUJ1-853.004,Products
CAM1-SPOP10CW-110,Products
PUJ1-854.016,Products
PUJ1-854.014,Products
PUJ1-854.012,Products
PUJ1-854.010,Products
PUJ1-854.008,Products
PUJ1-854.006,Products
PUJ1-873.045,Products
PUJ1-873.060,Products
PUJ1-873.090,Products
CAM1-SPOP11CW-133,Products
PUJ1-940.120,Products
PUJ1-940.090,Products
CAM1-SPOP11CW-135,Products
PUJ1-941.020,Products
PUJ1-941.018,Products
PUJ1-941.015,Products
PUJ1-941.013,Products
PUJ1-948.132,Products
PUJ1-948.090,Products
PUJ1-948.066,Products
PUJ1-949.040,Products
PUJ1-949.035,Products
PUJ1-949.030,Products
PUJ1-949.025,Products
PUJ1-951.024,Products
PUJ1-951.019,Products
PUJ1-951.015,Products
PUJ1-951.010,Products
PUJ1-954.025,Products
PUJ1-954.020,Products
PUJ1-954.015,Products
PUJ1-954.013,Products
CAM1-TGA8-110,Products
CAM1-TGA8-135,Products
PUJ1-955.020,Products
PUJ1-955.017,Products
PUJ1-955.015,Products
PUJ1-955.012,Products
PUJ1-955.010,Products
PUJ1-958.018,Products
PUJ1-958.016,Products
PUJ1-958.014,Products
PUJ1-958.012,Products
PUJ1-958.010,Products
CAM1-TGG6-135,Products
CAM1-TGG6-110,Products
CAM1-TGG6-133,Products
PUJ1-959.050,Products
PUJ1-959.045,Products
PUJ1-959.040,Products
PUJ1-959.035,Products
PUJ1-959.030,Products
PUJ1-959.025,Products
PUJ1-960.225,Products
PUJ1-960.230,Products
PUJ1-960.235,Products
CAM1-TGG9MD-110,Products
PUJ1-968.135,Products
PUJ1-968.130,Products
PUJ1-968.125,Products
PUJ1-968.115,Products
PUJ1-350.730,Products
PUJ1-350.640,Products
PUJ1-350.635,Products
PUJ1-350.540,Products
PUJ1-350.440,Products
PUJ1-350.340,Products
PUJ1-350.335,Products
PUJ1-350.330,Products
PUJ1-350.240,Products
PUJ1-350.235,Products
PUJ1-350.230,Products
PUJ1-350.226,Products
PUJ1-350.140,Products
PUJ1-350.135,Products
PUJ1-350.130,Products
PUJ1-350.126,Products
PUJ1-350.735,Products
PUJ1-345.000,Products
PUJ1-350.740,Products
PUJ1-343.000,Products
PUJ1-342.000,Products
PUJ1-351.000,Products
PUJ1-341.000,Products
PUJ1-336.002,Products
PUJ1-352.000,Products
CAM1-12186CW-135,Products
PUJ1-335.002,Products
PUJ1-332.095,Products
PUJ1-353.000,Products
PUJ1-327.000,Products
PUJ1-326.000,Products
PUJ1-323.050,Products
PUJ1-358.303,Products
PUJ1-319.000,Products
PUJ1-318.100,Products
PUJ1-318.005,Products
PUJ1-317.280,Products
PUJ1-317.260,Products
PUJ1-359.000,Products
PUJ1-316.125,Products
PUJ1-316.130,Products
PUJ1-316.135,Products
PUJ1-316.140,Products
PUJ1-316.145,Products
PUJ1-316.150,Products
PUJ1-314.300,Products
PUJ1-368.000,Products
PUJ1-314.210,Products
PUJ1-314.212,Products
PUJ1-371.000,Products
PUJ1-314.110,Products
PUJ1-314.112,Products
PUJ1-312.000,Products
PUJ1-376.037,Products
PUJ1-311.071,Products
PUJ1-376.137,Products
PUJ1-311.020,Products
CAM1-TG6-195,Products
PUJ1-311.011,Products
PUJ1-377.037,Products
PUJ1-311.009,Products
PUJ1-377.137,Products
PUJ1-311.008,Products
CAM1-TG9-404,Products
PUJ1-311.006,Products
PUJ1-378.000,Products
PUJ1-380.000,Products
PUJ1-311.004,Products
PUJ1-311.003,Products
PUJ1-382.000,Products
PUJ1-383.000,Products
PUJ1-311.002,Products
CAM1-TG6-135,Products
PUJ1-623.003,Products
PUJ1-311.001,Products
PUJ1-624.000,Products
PUJ1-384.000,Products
CAM1-TG9-110,Products
PUJ1-633.000,Products
PUJ1-310.000,Products
PUJ1-633.002,Products
PUJ1-307.120,Products
PUJ1-307.125,Products
PUJ1-307.130,Products
PUJ1-307.135,Products
PUJ1-307.140,Products
PUJ1-307.145,Products
CAM1-TG6-133,Products
PUJ1-307.150,Products
PUJ1-635.000,Products
PUJ1-395.038,Products
PUJ1-306.035,Products
PUJ1-636.000,Products
PUJ1-637.000,Products
PUJ1-637.100,Products
PUJ1-638.000,Products
PUJ1-603.015,Products
PUJ1-302.108,Products
PUJ1-302.110,Products
PUJ1-302.112,Products
PUJ1-302.114,Products
PUJ1-302.118,Products
PUJ1-302.120,Products
PUJ1-639.000,Products
PUJ1-301.014,Products
PUJ1-460.032,Products
PUJ1-460.030,Products
PUJ1-460.028,Products
PUJ1-460.026,Products
PUJ1-460.024,Products
PUJ1-460.022,Products
PUJ1-460.020,Products
PUJ1-460.018,Products
PUJ1-301.206,Products
PUJ1-301.208,Products
PUJ1-301.210,Products
PUJ1-301.212,Products
PUJ1-301.214,Products
PUJ1-301.216,Products
CAM1-1826CCW-135,Products
PUJ1-301.108,Products
PUJ1-301.109,Products
PUJ1-301.110,Products
PUJ1-301.112,Products
PUJ1-301.114,Products
PUJ1-301.116,Products
PUJ1-301.118,Products
PUJ1-200.120,Products
CAM1-80CWC-135,Products
PUJ1-300.024,Products
PUJ1-300.030,Products
PUJ1-150.028,Products
PUJ1-150.128,Products
PUJ1-147.000,Products
PUJ1-248.028,Products
PUJ1-248.032,Products
PUJ1-248.035,Products
PUJ1-248.045,Products
PUJ1-141.001,Products
CAM1-20CWC-135,Products
PUJ1-139.012,Products
PUJ1-241.050,Products
PUJ1-239.536,Products
PUJ1-136.006,Products
PUJ1-136.007,Products
PUJ1-136.008,Products
PUJ1-239.336,Products
PUJ1-239.228,Products
PUJ1-135.424,Products
CAM1-40CWD-135,Products
PUJ1-239.128,Products
PUJ1-239.136,Products
PUJ1-135.000,Products
PUJ1-132.560,Products
PUJ1-234.116,Products
PUJ1-234.118,Products
PUJ1-234.124,Products
PUJ1-132.001,Products
PUJ1-234.120,Products
PUJ1-234.128,Products
PUJ1-125.038,Products
PUJ1-121.002,Products
PUJ1-115.032,Products
PUJ1-115.035,Products
PUJ1-115.038,Products
PUJ1-115.040,Products
PUJ1-115.045,Products
PUJ1-115.050,Products
PUJ1-115.055,Products
PUJ1-115.060,Products
PUJ1-115.320,Products
PUJ1-115.324,Products
PUJ1-210.651,Products
PUJ1-834.000,Products
PUJ1-210.401,Products
PUJ1-114.070,Products
PUJ1-114.065,Products
PUJ1-114.060,Products
PUJ1-114.055,Products
PUJ1-114.050,Products
PUJ1-114.045,Products
PUJ1-114.040,Products
PUJ1-114.030,Products
PUJ1-113.030,Products
PUJ1-113.035,Products
PUJ1-113.040,Products
PUJ1-113.045,Products
CAM1-DT1220CW-135,Products
PUJ1-113.050,Products
PUJ1-113.055,Products
PUJ1-113.060,Products
PUJ1-113.065,Products
CAM1-DD1220SCW-135,Products
PUJ1-113.070,Products
PUJ1-112.030,Products
PUJ1-112.032,Products
PUJ1-112.035,Products
PUJ1-112.038,Products
PUJ1-112.040,Products
PUJ1-112.045,Products
PUJ1-201.032,Products
PUJ1-112.050,Products
PUJ1-112.055,Products
PUJ1-112.060,Products
PUJ1-112.360,Products
CAM1-SPO11CW-148,Products
PUJ1-111.016,Products
PUJ1-111.018,Products
PUJ1-111.020,Products
PUJ1-111.022,Products
CAM1-SPO13CW-404,Products
CAM1-SPO11CW-135,Products
PUJ1-110.401,Products
PUJ1-967.004,Products
CAM1-SPO11CW-133,Products
PUJ1-317.170,Products
PUJ1-108.130,Products
PUJ1-108.042,Products
PUJ1-2396,Products
CAM1-80CWCH-135,Products
CAM1-CJ80CW-135,Products
PRC1-BSK-MLK1000,Products
PRC1-BSK-MLK1500,Products
PRC1-BSK-MLK2000,Products
PRC1-BSK-MLK600,Products
PRC1-BSB-DS-I-J,Products
PRC1-BSK-SH3,Products
PRC1-BSK-SH9,Products
PRC1-TB-TW-II-C-30-0.5,Products
PRC1-TB-TW-II-C1-MID,Products
PRC1-TK-GB03,Products
PRC1-TK-GB05,Products
PRC1-TK-GB08,Products
PRC1-TK-JT6,Products
PRC1-TK-KD15,Products
PRC1-TK-KD17,Products
PRC1-TK-MCHS04,Products
PRC1-TK-MCHS08,Products
PRC1-TK-MCHS12,Products
PRC1-TK-MCHS18,Products
PRC1-TK-OP25,Products
PRC1-TK-OP30,Products
PRC1-TK-OP35,Products
PRC1-TK-OP40,Products
PRC1-TK-OP45,Products
PRC1-TK-OP50,Products
PRC1-TK-OP55,Products
PRC1-TK-OP60,Products
PRC1-TK-OP65,Products
PRC1-TK-PLCD27,Products
PRC1-TK-PLCD30,Products
PRC1-TK-RD-4,Products
PRC1-TK-RD3,Products
PRC1-TK-SBT9,Products
PRC1-TK-SBT8,Products
PRC1-TK-SBT7,Products
PRC1-TK-SBT6,Products
PRC1-TK-SBT5,Products
PRC1-TK-SBT3,Products
PRC1-TK-SBT1,Products
PRC1-TK-SNT150,Products
PRC1-TK-SNT2650,Products
PRC1-TK-TS6,Products
PRC1-TK-WJS2,Products
ROB1-Z11150,Products
CTP1-WS-200-500,Products
CTP1-GS-10502-300R-WHR,Products
PRC1-BK-SS16,Products
PRC1-BK-SS18,Products
PRC1-BK-SS21,Products
PRC1-BK-SS23,Products
PRC1-BK-SS26,Products
CTP1-GS-10832-22-25-BK,Products
PRC1-BK-SS29,Products
PRC1-BK-SS35,Products
PRC1-BK-SS40,Products
PRC1-BK-SS45,Products
PRC1-BSB-FP-III-K,Products
CTP1-GS-10827-28-ZS-BK,Products
PRC1-BSK-DS10,Products
PRC1-BSK-DS11,Products
PRC1-BSK-DS100,Products
PRC1-BSK-DS12,Products
PRC1-BSK-DS16,Products
PRC1-BSK-DS18,Products
PRC1-BSK-DS20,Products
PRC1-BSK-DS24,Products
PRC1-BSK-DS30,Products
PRC1-BSK-DS40,Products
PRC1-BSK-DS50,Products
PRC1-BSK-DS60,Products
PRC1-BSK-DS70,Products
PRC1-BSK-DS8,Products
PRC1-BSK-IB26,Products
PRC1-BSK-IB25,Products
PRC1-BSK-IB24,Products
PRC1-BSK-IB23,Products
PRC1-BSK-IB22,Products
PRC1-BSK-IB21,Products
PRC1-BSK-IB13,Products
PRC1-BSK-ICS7,Products
PRC1-BSK-ICS8,Products
PRC1-BSK-WB17K,Products
PRC1-BSK-WB51,Products
PRC1-BSK-WB54,Products
PRC1-BSK-WP1,Products
PRC1-BSK-WSC14,Products
PRC1-BST-TW0022C,Products
CAM1-SPO10CW-110,Products
PRC1-KB-BS-VI-L-48,Products
PRC1-KB-BS-VI-L-36,Products
CAM1-BSB10-176,Products
PRC1-KB-CP-I-A-12-G,Products
PRC1-KB-CP-I-A-16-G,Products
PRC1-KB-CP-I-A-16-R,Products
PRC1-KB-CP-I-A-9-BL,Products
CAM1-BSB18-176,Products
PRC1-KB-CP-I-A-9-G,Products
CAM1-1418CWNSH-488,Products
PRC1-KB-FP-II-F-48,Products
PRC1-KB-KT-I-B-14S,Products
PRC1-KB-T-I-D-12-1.2,Products
PRC1-KB-T-I-D-7-0.5,Products
PRC1-KB-T-I-D-9-1.2,Products
PRC1-KK-2080,Products
PRC1-KK-2180,Products
PRC1-KK-CBS4R,Products
CTP1-PS-2202-195TD-BK-RD,Products
PRC1-KK-FKP25,Products
PRC1-KK-FPP2,Products
PRC1-KK-FPP3,Products
PRC1-KK-FPP4,Products
PRC1-KK-FPP5,Products
PRC1-KK-FPP6,Products
PRC1-KK-FPP8,Products
PRC1-KK-LOP04,Products
PRC1-KK-LOP07,Products
PRC1-KK-LOP02,Products
PRC1-KK-LOP03,Products
PRC1-KK-LOP05,Products
PRC1-KK-LOP06,Products
PRC1-KK-LOP08,Products
PRC1-KK-LOP12,Products
PRC1-KK-LOP16,Products
PRC1-KK-MBR015,Products
PRC1-KK-MBR02,Products
PRC1-KK-MBR03,Products
PRC1-KK-MBR04,Products
PRC1-KK-MBR08,Products
PRC1-KK-MBR10,Products
PRC1-KK-MC1,Products
PRC1-KK-MCHS4,Products
PRC1-KK-MJ05,Products
PRC1-KK-MJ1,Products
PRC1-KK-MJ100,Products
PRC1-KK-MJ2,Products
PRC1-KK-MJ250,Products
PRC1-KK-MPDH38H,Products
ROE1-MP350-ULTRA,Products
CAS1-DIECI-S-3-TRIFASE-RE,Products
CAS1-DIECI-S-3-TRIFASE-BR,Products
CAM1-1520CT-110,Products
CAS1-DIECI-S-2-MONOF-RE,Products
PRC1-TK-SPH55,Products
PRC1-TK-SPH85,Products
CAS1-DIECI-S-2-MONOF-BR,Products
PRC1-TK-SPHH75,Products
CAS1-DIECI-S-2-TRIFASE-BR,Products
PRC1-KK-DRG86C,Products
PRC1-KK-DRG86F,Products
CAS1-DIECI-S-2-TRIFASE-RE,Products
PRC1-KK-DRG86M,Products
PRC1-KB-WP-I-B-16,Products
ROE1-BLIXER-7VV-230-50-1,Products
PRC1-KB-WP-I-K-12X5,Products
PRC1-KB-WP-I-I,Products
ROE1-BLIXER-5G-230-50-1,Products
ROE1-BLIXER-5VVG-230-50-1,Products
CAS1-DIECI-A-2-MONOF-RE,Products
ROE1-BLIXER-5G-400-50-3,Products
CAM1-1400CT-138LG,Products
PRC1-TK-CR16,Products
PRC1-TK-CR05,Products
PRC1-TK-CR10,Products
PRC1-TK-CR10NB,Products
CAS1-DIECI-A-2-TRIFASE-RE,Products
CAS1-DIECI-A-2-TRIFASE-BR,Products
PRC1-KK-CG75,Products
CAS1-DIECI-A-2-MONOF-BR,Products
PRC1-KK-CST22P,Products
PRC1-KK-CST20P,Products
PRC1-KK-CST13,Products
PRC1-KK-CST16,Products
PRC1-KK-CST24,Products
PRC1-BSK-CD3,Products
PRC1-BSK-CSD12,Products
PRC1-BSK-CSD08,Products
PRC1-BSK-CSD06,Products
PRC1-BSK-CSD16,Products
PRC1-BSK-CSD20,Products
PRC1-BSK-CSD24,Products
PRC1-KK-CS1,Products
PRC1-KK-CS2,Products
PRC1-TK-CKS5,Products
PRC1-TK-CKS1,Products
PRC1-TK-CKS10,Products
PRC1-TK-CKS11,Products
PRC1-TK-CKS2,Products
PRC1-TK-CKS3,Products
PRC1-TK-CKS4,Products
PRC1-TK-CKS6,Products
PRC1-TK-CKS7,Products
PRC1-TK-CKS8,Products
PRC1-TK-CKS9,Products
PRC1-TK-CKST4,Products
PRC1-KK-BSP924,Products
CAS1-DIECI-S-1-RED,Products
PRC1-BSK-BST2,Products
CAS1-DIECI-S-1-BROWN,Products
PRC1-KB-KW-II-D-30,Products
PRC1-KB-KW-II-D-4,Products
PRC1-KB-KW-II-X-3,Products
PRC1-KB-KW-II-X-H-0.5,Products
PRC1-KB-KW-II-X-H-12,Products
CAS1-DIECI-A-1-RED,Products
PRC1-KB-KW-I-E-W-O,Products
PRC1-KB-KW-I-I,Products
PRC1-KB-KW-I-J,Products
PRC1-KB-KW-I-K,Products
CAS1-DIECI-A-1-BROWN,Products
PRC1-KB-KW-I-Z-L,Products
PRC1-KB-KT-XII-A-1.5,Products
PRC1-KB-KT-XII-A-2,Products
PRC1-TB-PST-II-A-0.7-45,Products
PRC1-BST-TF-001-C,Products
PRC1-BST-TF-001-B,Products
PRC1-BST-TF-001-R,Products
PRC1-BSK-PB20,Products
PRC1-BSK-K20N,Products
PRC1-BSK-K45N,Products
PRC1-BSK-K85FTS,Products
PRC1-BSK-K85N,Products
PRC1-BSK-K99SE,Products
PRC1-KK-PP1812,Products
PRC1-BSK-PPB,Products
PRC1-BSK-PPY,Products
PRC1-BSK-PPW,Products
PRC1-BSK-PPT,Products
PRC1-BSK-PPSR,Products
PRC1-BSK-PPSG,Products
PRC1-BSK-PPO,Products
PRC1-BSK-PPMG,Products
PRC1-BSK-PPKG,Products
PRC1-BSK-PPFR,Products
PRC1-BSK-PPBK,Products
SIR1-TM-TG,Products
SIR1-TM-ALUMINIUM-MN,Products
PRC1-BST-M008BK,Products
CAM1-HBR258-151,Products
PRC1-BST-MP100RC,Products
PRC1-BST-MP114RC,Products
PRC1-BST-MP230,Products
PRC1-BST-MP285-50,Products
PRC1-BSK-JI13,Products
PRC1-BSK-JI12,Products
PRC1-BSK-JI11,Products
PRC1-BSK-JI10,Products
PRC1-BSK-JI09,Products
PRC1-BSK-JI08,Products
PRC1-BSK-JI07,Products
PRC1-BSK-JI06,Products
PRC1-BSK-JI05,Products
PRC1-BSK-JI04,Products
PRC1-BSK-JI03,Products
PRC1-BSK-JI02,Products
PRC1-BSK-JI01,Products
PRC1-KK-PIC10,Products
PRC1-KK-PIC12,Products
PRC1-KK-PIC14,Products
PRC1-BSK-ICM15,Products
SIR1-STERILIZER-UVA-24W,Products
SIR1-STERILIZER-UVA-16W,Products
PRC1-KK-FB6,Products
PRC1-CDR-3,Products
PRC1-CDR-15,Products
PRC1-CDR-30,Products
PRC1-CDR-6,Products
SIR1-28184009,Products
PRC1-FEJ-1500A,Products
PRC1-FEJ-5000A,Products
PRC1-FEJ-600A,Products
CAM1-25GE1-151,Products
PRC1-DRC-15,Products
PRC1-BST-TC-03BK,Products
SIR1-DF8,Products
PRC1-BST-TC-06BK,Products
PRC1-TK-CSB10,Products
SIR1-DF3,Products
CAM1-CECGO6-000,Products
SIR1-DF2,Products
CAM1-CECPI6-000,Products
PRC1-BSK-OPN01,Products
PRC1-BSK-OPN03,Products
SIR1-QUARZO275,Products
PRC1-BSK-OPN06,Products
PRC1-BSK-OPN07,Products
PRC1-BSK-OPN08,Products
PRC1-BSK-OPN09,Products
PRC1-BSK-OPN10,Products
SIR1-PALLADIO350-AUTO-FRO,Products
CAM1-CECBE6-000,Products
PRC1-TK-BSK116,Products
PRC1-TK-BSK114,Products
SIR1-PALLADIO350-AUTO,Products
SIR1-CANOVA300-VV-AUTOMEC,Products
PRC1-BSK-BRS10,Products
PRC1-BSK-BRS10D,Products
PRC1-BSK-BRS10F,Products
PRC1-BSK-BRS10K,Products
PRC1-BSK-BRS11,Products
PRC1-BSK-BRS11FH,Products
PRC1-BSK-BRS11K,Products
PRC1-BSK-BRS11S,Products
PRC1-BSK-BRS12,Products
PRC1-BSK-BRS12F,Products
PRC1-BSK-BRS12K,Products
PRC1-BSK-BRS12L,Products
PRC1-BSK-BRS13O,Products
PRC1-BSK-BRS13R,Products
PRC1-BSK-BRS14K,Products
CAM1-10HS318-151,Products
CAM1-SB80-110,Products
CAM1-1520CBCP-148,Products
PRC1-BST-TBM-1212BK,Products
PRC1-BST-TBM-243BK,Products
PRC1-BST-TBM-273BK,Products
PRC1-BST-BR005BK,Products
PRC1-BSB-BS-IV-B-E,Products
SIR1-APOLLO-W-LEVER,Products
PRC1-BSB-BS-V-Y1,Products
PRC1-BSB-BS-III-D,Products
PRC1-BSB-BS-III-NHK,Products
PRC1-BSB-BS-III-P,Products
PRC1-BSB-BS-III-U,Products
PRC1-BSB-BS-II-Y,Products
PRC1-BSB-BS-II-R,Products
PRC1-BSB-BS-II-O,Products
PRC1-BSB-BS-II-I-11,Products
PRC1-BSB-BS-II-G4-GR,Products
CTX1-DZ33I-2-W-O-STAND,Products
SIR1-CANOVA300-CE,Products
CTX1-DZ33I-1-W-STAND,Products
SIR1-MIRRA-300-Y09-CE,Products
PRC1-BSB-BS-II-G4,Products
SIR1-PALLADIO300,Products
PRC1-BK-PM39,Products
PRC1-BK-PM40,Products
PRC1-BK-PM4,Products
PRC1-BK-PM3,Products
PRC1-BK-PM5F,Products
CAM1-9E1-151,Products
SIR1-MIRRA250T,Products
CAM1-9E1-184,Products
SIR1-CANOVA250,Products
SIR1-TOPAZ250C,Products
PRC1-BK-PTWP09,Products
PRC1-BK-PTWP12,Products
PRC1-BK-PTWP16,Products
SIR1-66204500,Products
PRC1-BK-PPT14,Products
PRC1-BK-PPT12,Products
PRC1-BK-PPT11,Products
PRC1-BK-PPT10,Products
PRC1-BK-PPT09,Products
CAM1-49E2-151,Products
SIR1-IS-V-15-IDRA-TF,Products
PRC1-BK-PPT16,Products
CAM1-49E2-184,Products
CAM1-49E1-151,Products
CAM1-49E1-184,Products
PRC1-KK-ORA24,Products
PRC1-KK-ORA36,Products
PRC1-KK-ORA60,Products
PRC1-KK-ORA72,Products
PRC1-KK-ORA12,Products
SIR1-PRO1-2G,Products
PRC1-KK-ORA48,Products
SIR1-PRO1-1G,Products
CAM1-36E2-184,Products
PRC1-BK-PZ-DRPE800+DPC8,Products
SIR1-STROMBOLI-2,Products
PRC1-BK-PZ-DRPE878+DPC9,Products
SIR1-HERCULES-30-TA-CE,Products
SIR1-VETRINETTA-D-38,Products
SIR1-28180116,Products
SIR1-P1C,Products
SIR1-VISTA-P2-HOT,Products
SIR1-VISTA-P1-HOT,Products
SIR1-CONCERTO-5,Products
SIR1-28184038,Products
SIR1-IP20M,Products
CAM1-25E1-151,Products
SIR1-IP30M-Y14-3PH,Products
CAM1-25E4-184,Products
SIR1-NE2140,Products
SIR1-SIRIO1,Products
SIR1-IP10M,Products
PMF1-BASIC-1-40-GL&L,Products
CAM1-20E2-151,Products
SIR1-TC12-DAKOTA,Products
CAM1-20GE1-151,Products
SIR1-TC32-NEVADA-TF,Products
SIR1-TC22-DALLAS400V,Products
CAM1-16E1-151,Products
SIR1-TC22-DAKOTA,Products
CAM1-16E5-184,Products
SIR1-TC12-MAGNUM-INGR-MN,Products
SIR1-TC22E,Products
CAM1-16E4-151,Products
SIR1-28184077,Products
SIR1-TC22-NEVADA-220V,Products
CAM1-16E1-184,Products
CAM1-10HC414-151,Products
PIM1-PFB-16SC,Products
SIR1-TG-TRITON,Products
CAM1-10HE1-151,Products
PIM1-MSS-16V,Products
PIM1-MSS-12V,Products
PIM1-MSS-12H,Products
SIR1-KATANA-12,Products
PIM1-MSS-3H,Products
SIR1-VORTEX-55VV,Products
SIR1-VORTEX-70,Products
SIR1-VORTEX-75,Products
SIR1-VORTEX-43VV,Products
PIM1-KG-165F,Products
PIM1-JZH-TG,Products
PIM1-JZH-RS,Products
PIM1-JZH-RQ-6,Products
SIR1-SA150,Products
PIM1-JZH-RQ-4,Products
PIM1-JZH-RA-6,Products
PIM1-JZH-RA-4,Products
PIM1-JUS-TH60,Products
PIM1-GH-822,Products
SIR1-TOP-R-R,Products
PIM1-GH-820,Products
PIM1-GH-818,Products
SIR1-SA180,Products
SIR1-SA100,Products
SIR1-TOP-L,Products
PIM1-GH-811A,Products
BER1-BS2D-CF5-L(750),Products
SIR1-28184191,Products
PIM1-GH-250,Products
SIR1-28184091,Products
SIR1-CORT-RR,Products
SIR1-PI2.5,Products
SIR1-ALISEO-2-3,Products
PIM1-ESK-S10L,Products
SIR1-PD-VC-RR,Products
PIM1-EB-800,Products
PIM1-EB-600-1PH,Products
SIR1-PDVT-LL-LL,Products
PIM1-EB-450,Products
SIR1-CORT-V.LL,Products
SIR1-CORT-V.RR,Products
PIM1-DSGSS-3,Products
SIR1-ELDORADO-5,Products
BER1-BS3D-C7-L(750),Products
PIM1-DH-580,Products
PIM1-DH-1P,Products
PIM1-DE-1,Products
PIM1-CF7-103-10,Products
SIR1-CREPES-W-O-MOULD,Products
SIR1-CREPES-W-MOULD,Products
PIM1-CF4-58-10,Products
SIR1-ROLLER-LONG-VV,Products
SIR1-PD-POWER-RR-RR-TIMER,Products
SIR1-ELIO-R-1600,Products
SIR1-APOLLO-ECO-S-S,Products
SIR1-28184220,Products
SIR1-APOLLO-Y15-CHR-PL,Products
SIR1-ORIONE-ALUMINIUM,Products
SIR1-28184013,Products
PIM1-CCGSS-1W,Products
BER1-2D-DC-G,Products
ASL1-CB40H-WH,Products
ZAN1-T-POLIS-PW2-MC30,Products
ZAN1-CIT-EP-65-BM-100,Products
LKK2-GB1243.1-83(HS20)B,Spare parts
LKK2-GB1243.1-83,Spare parts
LKK2-GB1171-74(TQ5),Spare parts
LKK2-GB1171-74(B30),Spare parts
LKK2-GB1161,Spare parts
LKK2-GASKET,Spare parts
LKK2-FX26A-RSD,Spare parts
LKK2-FX-13-09,Spare parts
LKK2-FX-12-020,Spare parts
LKK2-FX-12-015,Spare parts
LKK2-FUSE(LK-PL),Spare parts
LKK2-FUSE-HOLDER,Spare parts
LKK2-FUSE-2-A,Spare parts
LKK2-FUSE-16A,Spare parts
LKK2-FOOT(JB35),Spare parts
LKK2-FDMZ150-21,Spare parts
LKK2-FDMZ150-20,Spare parts
LKK2-FDMZ150-19,Spare parts
LKK2-FDMZ150-17,Spare parts
LKK2-FDMZ125-23-1,Spare parts
LKK2-FDMZ125-21,Spare parts
LKK2-FDMZ125-16-1,Spare parts
LKK2-FDMZ125-16,Spare parts
LKK2-FB(B10),Spare parts
LKK2-FAN-FOR-MOTOR,Spare parts
LKK2-EPZ6-33,Spare parts
LKK2-EPZ6-31,Spare parts
LKK2-EPZ6-30,Spare parts
LKK2-EPZ6-29,Spare parts
LKK2-EPZ6-27,Spare parts
LKK2-EPZ6-26,Spare parts
LKK2-EPZ6-24,Spare parts
LKK2-EPZ6-22,Spare parts
LKK2-EPZ6-21,Spare parts
LKK2-EPZ6-20,Spare parts
LKK2-EPZ6-2,Spare parts
LKK2-EPZ6-18,Spare parts
LKK2-EPZ6-14,Spare parts
LKK2-EPZ6-11,Spare parts
LKK2-EPZ-2-40040010,Spare parts
LKK2-ELEMENT(FX13A),Spare parts
LKK2-EHS660#7,Spare parts
LKK2-EHS660#6,Spare parts
LKK2-EHS660#5,Spare parts
LKK2-EHS660#4,Spare parts
LKK2-EHS660#3,Spare parts
LKK2-EHS330-5,Spare parts
LKK2-EHS330#7,Spare parts
LKK2-EHS330#6,Spare parts
"LKK2-EH1,EH2",Spare parts
LKK2-EFO-6C-32,Spare parts
LKK2-DWB7124,Spare parts
LKK2-DOOR-PLASTIC-HANDLE,Spare parts
LKK2-DOOR-PL-6,Spare parts
LKK2-DOOR-HINGE,Spare parts
LKK2-DOOR,Spare parts
LKK2-DL1-29,Spare parts
LKK2-DL-1-22A-5,Spare parts
LKK2-DK-J-Y,Spare parts
LKK2-DA(B40),Spare parts
LKK2-CUTTER(TR12),Spare parts
LKK2-CU-NUT,Spare parts
LKK2-COVER-NUT,Spare parts
LKK2-COVER-ELE-BOX,Spare parts
LKK2-COVER,Spare parts
LKK2-CONTROL,Spare parts
LKK2-CONTACTOR-380-V,Spare parts
LKK2-CONTACT(LK-PL4-6),Spare parts
LKK2-CONTAC(PL2),Spare parts
LKK2-COMBINE-SWITCH,Spare parts
LKK2-CM4803-80-34,Spare parts
LKK2-CM4803-80-18,Spare parts
LKK2-CM4803-80-10,Spare parts
LKK2-CM4803-60-19,Spare parts
LKK2-CM4803-60-05,Spare parts
LKK2-CM4803-60-03,Spare parts
LKK2-CM4803-60-02,Spare parts
LKK2-CM4803-40-27,Spare parts
LKK2-CM4803-40-22,Spare parts
LKK2-CM4803-40-21,Spare parts
LKK2-CM4803-20-07,Spare parts
LKK2-CM4803-10-72,Spare parts
LKK2-CM4803-10-67,Spare parts
LKK2-CM4803-10-66,Spare parts
LKK2-CM4803-10-64,Spare parts
LKK2-CM4803-10-48,Spare parts
LKK2-CM4803-10-47,Spare parts
LKK2-CM4803-10-29,Spare parts
LKK2-CM4803-10-18,Spare parts
LKK2-CM4803-00-23,Spare parts
LKK2-CM4803-00-21,Spare parts
LKK2-CM4803-00-17,Spare parts
LKK2-CM4803-00-16,Spare parts
LKK2-CM4803-00-15,Spare parts
LKK2-CM4803-00-14,Spare parts
LKK2-CM4803-00-13,Spare parts
LKK2-CM4803-00-12,Spare parts
LKK2-CM4803-00-11,Spare parts
LKK2-CM4803-00-09,Spare parts
LKK2-CM4803-00-07,Spare parts
LKK2-CM4803-00-04,Spare parts
LKK2-CM4803-00-03,Spare parts
LKK2-CM4803-00-01,Spare parts
LKK2-CM4802-80-34,Spare parts
LKK2-CM4802-40-30,Spare parts
LKK2-CM4802-40-29,Spare parts
LKK2-CM4802-10-83,Spare parts
LKK2-CM4802-10-82,Spare parts
LKK2-CM4802-10-70,Spare parts
LKK2-CM4802-00-06,Spare parts
LKK2-CL(B20F),Spare parts
LKK2-CHAIN(RG-9X),Spare parts
LKK2-CHAIN(RG-7),Spare parts
LKK2-CHAIN(RG30-11),Spare parts
LKK2-CHAIN(RG24-7),Spare parts
LKK2-CHAIN(RG18-7),Spare parts
LKK2-CENTRIFUGAL-SWITCH,Spare parts
LKK2-CCS,Spare parts
LKK2-CAPACITOR(B5B),Spare parts
LKK2-CAPACITOR-25-MF,Spare parts
LKK2-CAPACITOR,Spare parts
LKK2-BURNER,Spare parts
LKK2-BTR-CASE,Spare parts
LKK2-BT-200T1-8,Spare parts
LKK2-BT-200T1-7,Spare parts
LKK2-BT-200T1-3,Spare parts
LKK2-BT-200T1-2,Spare parts
LKK2-BOWL(B40),Spare parts
LKK2-BOWL-TROLLEY,Spare parts
LKK2-BOWL,Spare parts
LKK2-BOTTOM-INSULATION,Spare parts
LKK2-BODY-FOR-HYG2D,Spare parts
LKK2-BM-5-1500W,Spare parts
LKK2-BM3-17,Spare parts
LKK2-BM3-16,Spare parts
LKK2-BLADE,Spare parts
LKK2-BLACK-COLOR,Spare parts
LKK2-BELT(LSP520),Spare parts
LKK2-BELT(HS50),Spare parts
LKK2-BELT(B10),Spare parts
LKK2-BEARING(RG30-11),Spare parts
LKK2-BEARING,Spare parts
LKK2-BASKET(WGF-181),Spare parts
LKK2-BASKET(WF-171),Spare parts
LKK2-BASKET(EF-101),Spare parts
LKK2-BASKET,Spare parts
LKK2-BASE,Spare parts
LKK2-BAR,Spare parts
LKK2-B80-Z-D2,Spare parts
LKK2-B80-265,Spare parts
LKK2-B80-263,Spare parts
LKK2-B80-261,Spare parts
LKK2-B80-260,Spare parts
LKK2-B80-258,Spare parts
NTS1-SCB-SH,Products
NTS1-SCB-HH-BL,Products
NTS1-LCB-SH,Products
NTS1-LCB-HH,Products
NTS1-TAL-36-2,Products
LIN1-IC3,Products
TAC1-SF14,Products
TAC1-N63KIT,Products
TAC1-N32OR,Products
TAC1-N32LPY,Products
TAC1-N32LPW,Products
TAC1-N32LPR,Products
TAC1-N32LPGN,Products
TAC1-N32LPA-Y,Products
TAC1-N32LPA-W,Products
TAC1-N32LPA-R,Products
TAC1-N32LPA-OR,Products
TAC1-N32LPA-G,Products
TAC1-N32LPA-BR,Products
TAC1-N32A-G,Products
TAC1-N32A-BR,Products
TAC1-H752BK,Products
TAC1-FFR8,Products
TAC1-FFD8,Products
TAC1-CBR6BK,Products
TAC1-CB1824BLA,Products
TAC1-CB1520RA,Products
TAC1-CB1520BRB,Products
TAC1-CB1520BRA,Products
TAC1-CB1520BLB,Products
TAC1-CB1520BLA,Products
TAC1-CB1218BRA,Products
TAC1-CB1218BLA,Products
TAC1-84,Products
TAC1-825,Products
TAC1-824,Products
TAC1-822,Products
TAC1-8064A-Y,Products
TAC1-8064A-W,Products
TAC1-8064A-R,Products
TAC1-8064A-OR,Products
TAC1-8064A-BR,Products
TAC1-8032-X,Products
TAC1-8032-W,Products
TAC1-8032-R,Products
TAC1-8032-GN,Products
TAC1-8016A-Y,Products
TAC1-8016A-W,Products
TAC1-8016A-R,Products
TAC1-8016A-OR,Products
TAC1-8016A-G,Products
TAC1-8016A-BR,Products
TAC1-754,Products
TAC1-659N,Products
TAC1-63KIT,Products
TAC1-599P,Products
TAC1-4404,Products
TAC1-4304,Products
TAC1-4250A,Products
TAC1-4246A,Products
TAC1-4214,Products
TAC1-4212,Products
TAC1-4210,Products
TAC1-4208,Products
TAC1-3774R,Products
TAC1-3716R,Products
TAC1-3712R,Products
TAC1-3712G,Products
TAC1-3712BL,Products
TAC1-3263C,Products
TAC1-3250A,Products
TAC1-3246A,Products
TAC1-3016,Products
TAC1-3005,Products
TAC1-2820,Products
TAC1-24,Products
TAC1-2250A,Products
TAC1-2068,Products
TAC1-1866,Products
TAC1-1865,Products
TAC1-1864,Products
TAC1-1862,Products
TAC1-1824,Products
TAC1-16SV,Products
TAC1-1610,Products
TAC1-1510,Products
TAC1-1500,Products
TAC1-1210,Products
TAC1-1206,Products
TAC1-1205,Products
TAC1-1204,Products
TAC1-1203,Products
TAC1-1202,Products
TAC1-11663M,Products
TAC1-11663K,Products
TAC1-11663C,Products
TAC1-11253M,Products
TAC1-11253K,Products
TAC1-10853M,Products
TAC1-10853K,Products
TAC1-104,Products
ROB1-Z23150,Products
ROB1-Z23100,Products
ROB1-Z23000C,Products
ROB1-Z16000C,Products
ROB1-Z14000C,Products
ROB1-Z13150,Products
ROB1-Z13000C,Products
ROB1-Z12150P,Products
ROB1-Z12150,Products
ROB1-Z12100,Products
ROB1-Z12000C,Products
ROB1-Z11150-P,Products
ROB1-Z11100,Products
ROB1-Z11000C,Products
ROB1-WH300,Products
PUJ1-LOCKER,Products
PUJ1-BM5,Products
PUJ1-BM4,Products
PUJ1-BM3.5,Products
PUJ1-BM13,Products
PUJ1-BM1.5,Products
PUJ1-982.002,Products
PUJ1-977.015,Products
PUJ1-971.000,Products
PUJ1-957.004,Products
PUJ1-944.000,Products
PUJ1-943.000,Products
PUJ1-942.000,Products
PUJ1-941.028,Products
PUJ1-941.024,Products
PUJ1-941.022,Products
PUJ1-909.211,Products
PUJ1-874.000,Products
PUJ1-872.000,Products
PUJ1-871.000,Products
PUJ1-870.000,Products
PUJ1-863.000,Products
PUJ1-859.129,Products
PUJ1-859.121,Products
PUJ1-859.116,Products
PUJ1-859.106,Products
PUJ1-857.000,Products
PUJ1-856.000,Products
PUJ1-855.000,Products
PUJ1-850.033,Products
PUJ1-850.027,Products
PUJ1-850.025,Products
PUJ1-850.020,Products
PUJ1-850.019,Products
PUJ1-850.013,Products
PUJ1-849.000,Products
PUJ1-842.000,Products
PUJ1-841.000,Products
PUJ1-840.000,Products
PUJ1-832.000,Products
PUJ1-830.001,Products
PUJ1-824.000,Products
PUJ1-823.000,Products
PUJ1-822.000,Products
PUJ1-821.000,Products
PUJ1-820.000,Products
PUJ1-814.000,Products
PUJ1-808.000,Products
PUJ1-805.000,Products
PUJ1-804.000,Products
PUJ1-803.000,Products
PUJ1-802.000,Products
PUJ1-795.000,Products
PUJ1-794.000,Products
PUJ1-793.000,Products
PUJ1-791.000,Products
PUJ1-790.000,Products
PUJ1-763.045,Products
PUJ1-762.045,Products
PUJ1-758.060,Products
PUJ1-751.060,Products
PUJ1-750.045,Products
PUJ1-749.060,Products
PUJ1-748.050,Products
PUJ1-747.040,Products
PUJ1-746.035,Products
PUJ1-745.070,Products
PUJ1-744.035,Products
PUJ1-743.045,Products
PUJ1-741.035,Products
PUJ1-740.045,Products
PUJ1-733.000,Products
PUJ1-732.000,Products
PUJ1-731.000,Products
PUJ1-729.035,Products
PUJ1-728.035,Products
PUJ1-727.020,Products
PUJ1-722.000,Products
PUJ1-719.009,Products
PUJ1-715.006,Products
PUJ1-714.075,Products
PUJ1-713.075,Products
PUJ1-712.022,Products
PUJ1-709.035,Products
PUJ1-707.039,Products
PUJ1-706.039,Products
PUJ1-703.032,Products
PUJ1-702.230,Products
PUJ1-620.001,Products
PUJ1-619.000,Products
PUJ1-618.000,Products
PUJ1-616.000,Products
PUJ1-615.000,Products
PUJ1-607.000,Products
PUJ1-606.000,Products
PUJ1-605.000,Products
PUJ1-471.420,Products
PUJ1-399.000,Products
PUJ1-398.042,Products
PUJ1-398.035,Products
PUJ1-398.024,Products
PUJ1-397.347,Products
PUJ1-397.247,Products
PUJ1-392.065,Products
PUJ1-391.000,Products
PUJ1-390.000,Products
PUJ1-389.000,Products
PUJ1-386.000,Products
PUJ1-343.800,Products
PUJ1-343.400,Products
PUJ1-311.010,Products
PUJ1-239.436,Products
PRC1-TK-TNG71,Products
PRC1-TK-ST77,Products
PRC1-TK-ST76,Products
PRC1-TK-SPTP10,Products
PRC1-TK-SPT5,Products
PRC1-TK-SPS32,Products
PRC1-TK-SPS23,Products
PRC1-TK-SPS07,Products
PRC1-TK-SPP07,Products
PRC1-TK-SPG33,Products
PRC1-TK-SPG30,Products
PRC1-TK-LP8,Products
PRC1-KK-WS24N,Products
PRC1-KK-WS22N,Products
PRC1-KK-WS20N,Products
PRC1-KK-WS18N,Products
PRC1-KK-WS14N,Products
PRC1-KK-WS12N,Products
PRC1-KK-WP45P,Products
PRC1-KK-WP45HK,Products
PRC1-KK-WP40P,Products
PRC1-KK-WP40HK,Products
PRC1-KK-WP40F,Products
PRC1-KK-WP35P,Products
PRC1-KK-WP35HK,Products
PRC1-KK-WP35F,Products
PRC1-KK-WP30P,Products
PRC1-KK-WP30HK,Products
PRC1-KK-WP30F,Products
PRC1-KK-WP25P,Products
PRC1-KK-WP25HK,Products
PRC1-KK-WP25F,Products
PRC1-KK-UT16RG,Products
PRC1-KK-UT16HVRD,Products
PRC1-KK-UT12RG,Products
PRC1-KK-UT12HVRD,Products
PRC1-KK-UT12HVGR,Products
PRC1-KK-UT12HVBL,Products
PRC1-KK-UT12EH,Products
PRC1-KK-UT09RG,Products
PRC1-KK-UT09HVR,Products
PRC1-KK-UT09HVG,Products
PRC1-KK-UT09HVBL,Products
PRC1-KK-UT09EH,Products
PRC1-KK-UT07M,Products
PRC1-KK-TW4,Products
PRC1-KK-TNSL14,Products
PRC1-KK-TNSD14,Products
PRC1-KK-SW75,Products
PRC1-KK-SSP22,Products
PRC1-KK-SSP21,Products
PRC1-KK-SS9,Products
PRC1-KK-SS7,Products
PRC1-KK-SS5,Products
PRC1-KK-SS4,Products
PRC1-KK-SRS32430,Products
PRC1-KK-SRS24,Products
PRC1-KK-SRS21,Products
PRC1-KK-SRS20,Products
PRC1-KK-SRS18,Products
PRC1-KK-SRS16,Products
PRC1-KK-SRS14,Products
PRC1-KK-SRS12,Products
PRC1-KK-SPT23P,Products
PRC1-KK-SPT23,Products
PRC1-KK-SKS5,Products
PRC1-KK-SKS4,Products
PRC1-KK-SHD8,Products
PRC1-KK-SHD20,Products
PRC1-KK-SHD18,Products
PRC1-KK-SHD16,Products
PRC1-KK-SHD14,Products
PRC1-KK-SHD12,Products
PRC1-KK-SHD10,Products
PRC1-KK-SCS20,Products
PRC1-KK-SCS18,Products
PRC1-KK-SCS16,Products
PRC1-KK-SCS14,Products
PRC1-KK-SCS12,Products
PRC1-KK-SC4,Products
PRC1-KK-SC3,Products
PRC1-KK-SC2,Products
PRC1-KK-SC1,Products
PRC1-KK-RR4332E,Products
PRC1-KK-RR3728E,Products
PRC1-KK-RR2821E,Products
PRC1-KK-MPDH35H,Products
PRC1-KK-MPDH18H,Products
PRC1-KK-MPDH15H,Products
PRC1-KK-MH22,Products
PRC1-KK-MH20,Products
PRC1-KK-MH18,Products
PRC1-KK-MH16,Products
PRC1-KK-MH14,Products
PRC1-KK-MH12,Products
PRC1-KK-MH10,Products
PRC1-KK-MH08,Products
PRC1-KK-MBR30,Products
PRC1-KK-MBR20,Products
PRC1-KK-MBR16,Products
PRC1-KK-MBR13,Products
PRC1-KK-MBR05,Products
PRC1-KK-MBR01,Products
PRC1-KK-MBP10,Products
PRC1-KK-MBP09,Products
PRC1-KK-MBP07,Products
PRC1-KK-MBP06,Products
PRC1-KK-MBP05,Products
PRC1-KK-MBP04,Products
PRC1-KK-MBP03,Products
PRC1-KK-MBP02,Products
PRC1-KK-MBP01,Products
PRC1-KK-KTSO12P,Products
PRC1-KK-FB5,Products
PRC1-KK-CST26P,Products
PRC1-KK-CST24P,Products
PRC1-KK-CST18P,Products
PRC1-KK-CST18,Products
PRC1-KK-CST16P,Products
PRC1-KK-COLE50,Products
PRC1-KK-COLE45,Products
PRC1-KK-COLE40,Products
PRC1-KK-COLE36,Products
PRC1-KK-COLE32,Products
PRC1-KK-COLE28,Products
PRC1-KK-COLE24,Products
PRC1-BSK-IS26,Products
PRC1-BSK-IS17,Products
PRC1-BSK-CD8,Products
PRC1-BSB-BS-VI-B,Products
PRC1-BK-PM38,Products
PRC1-BK-PM37,Products
PRC1-BK-PM36,Products
PRC1-BK-PM35F,Products
PRC1-BK-PM34,Products
PRC1-BK-PM33,Products
PRC1-BK-PM32,Products
PRC1-BK-PM31,Products
PRC1-BK-PM2,Products
PRC1-BK-PM1,Products
PRC1-BK-PF16S,Products
PRC1-BK-PCUT7,Products
PRC1-BK-PCUT6,Products
PRC1-BK-PCT220,Products
PRC1-BK-FNLR6,Products
PRC1-BK-FNLR5,Products
PRC1-BK-FNLR4,Products
PRC1-BK-DS54W,Products
PRC1-BK-DS54PW,Products
PRC1-BK-DS54PB,Products
PRC1-BK-DS54,Products
PRC1-BK-DPC9,Products
PRC1-BK-DPC8,Products
PRC1-BB-PW-NEW,Products
NTS1-XP-1008-21656,Products
NTS1-WIB-S23,Products
NTS1-WIB-HSS12-7,Products
NTS1-WHSB8-10,Products
NTS1-WHS8-14,Products
NTS1-WHS8-12,Products
NTS1-WHS8-10,Products
NTS1-WB-D115-CL,Products
NTS1-TUR-10,Products
NTS1-TS-782,Products
NTS1-TRAY-NS20,Products
NTS1-TRAY-AL103,Products
NTS1-TRAY-AL015NS,Products
NTS1-TRAY-AL015,Products
NTS1-TOH-9,Products
NTS1-THM-1,Products
NTS1-SQSB12,Products
NTS1-SP-WH,Products
NTS1-SPSW-AL-18,Products
NTS1-SPS-S,Products
NTS1-SOS-BK,Products
NTS1-SNP380-CL,Products
NTS1-SNP350-CL,Products
NTS1-SNP330-RD,Products
NTS1-SNP330-CL,Products
NTS1-SNP260-CL,Products
NTS1-SN9213,Products
NTS1-SN9132,Products
NTS1-SN9121,Products
NTS1-SN9103,Products
NTS1-SN9089,Products
NTS1-SN9088,Products
NTS1-SN9083,Products
NTS1-SN9075,Products
NTS1-SN9073,Products
NTS1-SN9072,Products
NTS1-SN9071,Products
NTS1-SN9070,Products
NTS1-SN9069,Products
NTS1-SN9066,Products
NTS1-SN9044,Products
NTS1-SN8033,Products
NTS1-SN8015,Products
NTS1-SN8012,Products
NTS1-SN7996,Products
NTS1-SN7992,Products
NTS1-SN7991,Products
NTS1-SN7979,Products
NTS1-SN7978,Products
NTS1-SN7977,Products
NTS1-SN79676,Products
NTS1-SN79666,Products
NTS1-SN79656,Products
NTS1-SN79646,Products
NTS1-SN79636,Products
NTS1-SN79626,Products
NTS1-SN79616,Products
NTS1-SN79539,Products
NTS1-SN79536,Products
NTS1-SN79529,Products
NTS1-SN79526,Products
NTS1-SN79519,Products
NTS1-SN79516,Products
NTS1-SN7792,Products
NTS1-SN77914,Products
NTS1-SN7033,Products
NTS1-SN7016,Products
NTS1-SN6916,Products
NTS1-SN6908,Products
NTS1-SN6904,Products
NTS1-SN6871,Products
NTS1-SN6860,Products
NTS1-SN6852,Products
NTS1-SN6851,Products
NTS1-SN6406,Products
NTS1-SN62925,Products
NTS1-SN6005,Products
NTS1-SN5786,Products
NTS1-SN5768,Products
NTS1-SN5765,Products
NTS1-SN5763,Products
NTS1-SN5741,Products
NTS1-SN5728,Products
NTS1-SN5726,Products
NTS1-SN5725,Products
NTS1-SN5724,Products
NTS1-SN5723,Products
NTS1-SN5722,Products
NTS1-SN5552,Products
NTS1-SN5280,Products
NTS1-SN5251,Products
NTS1-SN5231,Products
NTS1-SN5221,Products
NTS1-SN5094,Products
NTS1-SN5057,Products
NTS1-SN5056,Products
NTS1-SN5009,Products
NTS1-SN5001,Products
NTS1-SN4917,Products
NTS1-SN4915,Products
NTS1-SN4875,Products
NTS1-SN4874,Products
NTS1-SN4873,Products
NTS1-SN4858,Products
NTS1-SN4857,Products
NTS1-SN4856,Products
NTS1-SN4832,Products
NTS1-SN4831,Products
NTS1-SN4830,Products
NTS1-SN4780,Products
NTS1-SN4779,Products
NTS1-SN4775,Products
NTS1-SN4759,Products
NTS1-SN4751,Products
NTS1-SN4745,Products
NTS1-SN4744,Products
NTS1-SN4692,Products
NTS1-SN4691,Products
NTS1-SN4690,Products
NTS1-SN4625,Products
NTS1-SN4514,Products
NTS1-SN4513,Products
NTS1-SN4510,Products
NTS1-SN4237,Products
NTS1-SN4233,Products
NTS1-SN4223,Products
NTS1-SN4220,Products
NTS1-SN4218,Products
NTS1-SN4216,Products
NTS1-SN4214,Products
NTS1-SN4181,Products
NTS1-SN4141,Products
NTS1-SN4140,Products
NTS1-SN4106,Products
NTS1-SN4105,Products
NTS1-SN40715,Products
NTS1-SN4065,Products
NTS1-SN4063,Products
NTS1-SN4054,Products
NTS1-SN4050,Products
NTS1-SN4024,Products
NTS1-SN4010,Products
NTS1-SN4009,Products
NTS1-SN3840,Products
NTS1-SN3820,Products
NTS1-SN35934,Products
NTS1-SN35925,Products
NTS1-SN3592,Products
NTS1-SN3343,Products
NTS1-SN3247,Products
NTS1-SN3246,Products
NTS1-SN3245,Products
NTS1-SN3244,Products
NTS1-SN3242,Products
NTS1-SN2906,Products
NTS1-SN2304,Products
NTS1-SN2303,Products
NTS1-SN2211,Products
NTS1-SN2121,Products
NTS1-SN2083,Products
NTS1-SN2057,Products
NTS1-SN2054,Products
NTS1-SN20522,Products
NTS1-SN2047,Products
NTS1-SN2045,Products
NTS1-SN2042,Products
NTS1-SN2032,Products
NTS1-SN2006,Products
NTS1-SN2004,Products
NTS1-SN2000,Products
NTS1-SN1651,Products
NTS1-SN1643,Products
NTS1-SN1640,Products
NTS1-SN1615,Products
NTS1-SN1613,Products
NTS1-SN1587,Products
NTS1-SN1586,Products
NTS1-SN1534,Products
NTS1-SN1526,Products
NTS1-SN1093,Products
NTS1-SN1078,Products
NTS1-SN1072,Products
NTS1-SN1071,Products
NTS1-SN1050,Products
NTS1-SN1049,Products
NTS1-SN0491,Products
NTS1-SLT-BK,Products
NTS1-SLS-S,Products
NTS1-SLSP-S,Products
NTS1-SLS-BK,Products
NTS1-SLAD-2,Products
NTS1-SLAD-1,Products
NTS1-SKI-S,Products
NTS1-SKIM-S4,Products
NTS1-SKIMM-28,Products
NTS1-SKIMM-24,Products
NTS1-SKIMM-20,Products
NTS1-SKIMM-18,Products
NTS1-SKIMM-16,Products
NTS1-SKIMM-14,Products
NTS1-SEKI-20,Products
NTS1-SEKI-18,Products
NTS1-SEKI-16,Products
NTS1-SEKI-14,Products
NTS1-SCIS-PS-S,Products
NTS1-SBLS3,Products
NTS1-SBLS2,Products
NTS1-SBLS1,Products
NTS1-SBL-6,Products
NTS1-SBL-4,Products
NTS1-SBL24-2,Products
NTS1-SBL24-1,Products
NTS1-SBL15-3,Products
NTS1-SBL15-1,Products
NTS1-SBL-10,Products
NTS1-RTRA-1,Products
NTS1-RPS-AL9S,Products
NTS1-RPS-AL7S,Products
NTS1-RPS-AL18S,Products
NTS1-RPS-AL16S,Products
NTS1-ROPS-W3,Products
NTS1-ROPS-W1,Products
NTS1-ROPS90,Products
NTS1-ROPS75,Products
NTS1-ROP-75W,Products
NTS1-PTS-TMCL5,Products
NTS1-PTS-TMC11,Products
NTS1-PTS-TM8,Products
NTS1-PTS-TM7,Products
NTS1-PTS-M9,Products
NTS1-PTS-M6,Products
NTS1-PTS-M4,Products
NTS1-PTS-M18,Products
NTS1-PTS-M16,Products
NTS1-PTS-M15,Products
NTS1-PTS-M13,Products
NTS1-PTS-M12,Products
NTS1-PTS-M10,Products
NTS1-PTS-FM3,Products
NTS1-PTS-FM2,Products
NTS1-PTIP-32H,Products
NTS1-PTIP-32,Products
NTS1-PTIP-20BL,Products
NTS1-PTIP-19TR-24,Products
NTS1-PT-AL9W,Products
NTS1-PT-AL7W,Products
NTS1-PT-AL18W,Products
NTS1-PT-AL18N,Products
NTS1-PT-AL16W,Products
NTS1-PT-AL16N,Products
NTS1-PT-AL14W,Products
NTS1-PT-AL14N,Products
NTS1-PT-AL12W,Products
NTS1-PT-AL12N,Products
NTS1-PT56,Products
NTS1-PT48,Products
NTS1-PT35,Products
NTS1-POM-S,Products
NTS1-P-GRIP,Products
NTS1-PFRSSC-30,Products
NTS1-PFRSOV-26,Products
NTS1-PFRS-10,Products
NTS1-PD12,Products
NTS1-PBUK-185,Products
NTS1-PBSI-YL22,Products
NTS1-PBSI-YL20,Products
NTS1-PBSI-YL18,Products
NTS1-PBSI-YL16,Products
NTS1-PBSI-YL14,Products
NTS1-PBSI-WH22,Products
NTS1-PBSI-WH20,Products
NTS1-PBSI-WH18,Products
NTS1-PBSI-WH16,Products
NTS1-PBSI-WH14,Products
NTS1-PAS-S,Products
NTS1-OVM-M,Products
NTS1-OVM-L,Products
NTS1-MTZ-2S,Products
NTS1-MPS800-CL,Products
NTS1-MPS600-CL,Products
NTS1-MPS450-CL,Products
NTS1-MKR-620,Products
NTS1-MKR-470,Products
NTS1-MKR-340,Products
NTS1-MIB-6,Products
NTS1-MIB-5,Products
NTS1-MIB-4,Products
NTS1-MIB-3,Products
NTS1-MIB-2,Products
NTS1-MFP-16,Products
NTS1-MEF-S,Products
NTS1-MEF-BK,Products
NTS1-MEA-CUP40,Products
NTS1-MEA-CUP20,Products
NTS1-MCS05,Products
NTS1-LOP-6,Products
NTS1-LOBS-P,Products
NTS1-LADLP-9,Products
NTS1-LADLP-8,Products
NTS1-LADLP-7,Products
NTS1-LADLP-16,Products
NTS1-LADLP-10,Products
NTS1-LADL-9,Products
NTS1-LADL-7,Products
NTS1-LADL-6,Products
NTS1-LADL-5,Products
NTS1-LADL-18,Products
NTS1-LADL-16,Products
NTS1-LAD-7,Products
NTS1-LAD-6,Products
NTS1-LAD-5,Products
NTS1-LAD-4,Products
NTS1-LAD-3,Products
NTS1-LAD-2,Products
NTS1-LAD-150S,Products
NTS1-LAD-150BK,Products
NTS1-LAD-10P,Products
NTS1-LAD-10,Products
NTS1-KNT-24WH,Products
NTS1-KNSP-14WH,Products
NTS1-KNSP-10WH,Products
NTS1-KNPT-3WH,Products
NTS1-KNPI-27WH,Products
NTS1-KNGT-5WH,Products
NTS1-KNCT-60WH,Products
NTS1-KNCT-5WH,Products
NTS1-KNCT-3WH,Products
NTS1-KNC-8YL,Products
NTS1-KNC-8BL,Products
NTS1-KNC-7WH,Products
NTS1-KNC-7RD,Products
NTS1-KNC-7BR,Products
NTS1-KNC-7BL,Products
NTS1-KNC-7BK,Products
NTS1-KNC-6YL,Products
NTS1-KNC-6RD,Products
NTS1-KNC-6BR,Products
NTS1-KNC-6BL,Products
NTS1-KNC-6BK,Products
NTS1-KNC-12YL,Products
NTS1-KNC-12WH,Products
NTS1-KNC-12RD,Products
NTS1-KNC-12GR,Products
NTS1-KNC-12BR,Products
NTS1-KNC-12BL,Products
NTS1-KNC-12BK,Products
NTS1-KNC-10BR,Products
NTS1-KNBS-9WH,Products
NTS1-KNBKR-12WH,Products
NTS1-JIG-D1,Products
NTS1-ISC2-36,Products
NTS1-ICB2-2L,Products
NTS1-ICB2-1L,Products
NTS1-GRI-S,Products
NTS1-GN25080,Products
NTS1-GN24L,Products
NTS1-GN2465,Products
NTS1-GN24150,Products
NTS1-GN24100,Products
NTS1-GN23L,Products
NTS1-GN2365,Products
NTS1-GN2340,Products
NTS1-GN23200,Products
NTS1-GN2320,Products
NTS1-GN23150,Products
NTS1-GN23100,Products
NTS1-GN21L,Products
NTS1-GN2165,Products
NTS1-GN2140,Products
NTS1-GN21200,Products
NTS1-GN2120,Products
NTS1-GN21150,Products
NTS1-GN21100,Products
NTS1-GN19L,Products
NTS1-GN1965,Products
NTS1-GN19100,Products
NTS1-GN16L,Products
NTS1-GN1665,Products
NTS1-GN16200,Products
NTS1-GN16150,Products
NTS1-GN16100,Products
NTS1-GN14L,Products
NTS1-GN1465,Products
NTS1-GN14200,Products
NTS1-GN14150,Products
NTS1-GN14100,Products
NTS1-GN1365,Products
NTS1-GN1340,Products
NTS1-GN13200,Products
NTS1-GN1320,Products
NTS1-GN13150,Products
NTS1-GN13100,Products
NTS1-GN12L,Products
NTS1-GN1265P,Products
NTS1-GN1265,Products
NTS1-GN1240,Products
NTS1-GN12200,Products
NTS1-GN1220,Products
NTS1-GN12150P,Products
NTS1-GN12150,Products
NTS1-GN12100P,Products
NTS1-GN12100,Products
NTS1-GN11L,Products
NTS1-GN1165P,Products
NTS1-GN1165,Products
NTS1-GN1140,Products
NTS1-GN11200,Products
NTS1-GN1120,Products
NTS1-GN11150P,Products
NTS1-GN11150,Products
NTS1-GN11100P,Products
NTS1-GN11100,Products
NTS1-FUN-S,Products
NTS1-FUN-OLH,Products
NTS1-FP-AL-30,Products
NTS1-FP-AL-28,Products
NTS1-FP-AL-26,Products
NTS1-FP-AL-24,Products
NTS1-FP-AL-22,Products
NTS1-FPA-AL-30BH,Products
NTS1-FPA-AL-28BH,Products
NTS1-FPA-AL-26BH,Products
NTS1-FPA-AL-24BH,Products
NTS1-FPA-AL-22BH,Products
NTS1-FN-S-PC,Products
NTS1-FF-BOT32,Products
NTS1-FF-BOT24,Products
NTS1-FF-BOT20,Products
NTS1-FF-BOT16,Products
NTS1-FF-BOT12,Products
NTS1-FEMB1,Products
NTS1-FEM1,Products
NTS1-FEBS9,Products
NTS1-FBT9,Products
NTS1-FBT8,Products
NTS1-FBT7,Products
NTS1-FBT12,Products
NTS1-FBT11,Products
NTS1-EGS-RS-2,Products
NTS1-EGG-SSP159,Products
NTS1-DCU-15S,Products
NTS1-CTURW-6,Products
NTS1-CTURW-36P,Products
NTS1-CTURW-36,Products
NTS1-CTD-BL,Products
NTS1-CST-1,Products
NTS1-CSS-H4,Products
NTS1-CSS-H3,Products
NTS1-CSS-H2,Products
NTS1-CSS-H1,Products
NTS1-CSPO-20,Products
NTS1-CSE-25,Products
NTS1-CSE-22,Products
NTS1-CSE-18,Products
NTS1-CSE-16,Products
NTS1-CRES4,Products
NTS1-CRES2,Products
NTS1-CR600400-201,Products
NTS1-CR530325-201,Products
NTS1-COL-PF2,Products
NTS1-COL-P2,Products
NTS1-CLAD-S1,Products
NTS1-CLAD-L5,Products
NTS1-CLAD-L4,Products
NTS1-CLAD-L3,Products
NTS1-CLAD-L2,Products
NTS1-CLAD-L1,Products
NTS1-CHSPH16,Products
NTS1-CHSPH14,Products
NTS1-CHSP-DLH8,Products
NTS1-CHSP-DLH12,Products
NTS1-CHSP-DLH10,Products
NTS1-CHSP-DL8,Products
NTS1-CHSP-DL30,Products
NTS1-CHSP-DL28,Products
NTS1-CHSP-DL26,Products
NTS1-CHSP-DL24,Products
NTS1-CHSP-DL22,Products
NTS1-CHSP-DL20,Products
NTS1-CHSP-DL18,Products
NTS1-CHSP-DL16,Products
NTS1-CHSP-DL14,Products
NTS1-CHSP-DL12,Products
NTS1-CHSP-DL10,Products
NTS1-CHSP8,Products
NTS1-CHSP20,Products
NTS1-CHSP18,Products
NTS1-CHSP16,Products
NTS1-CHSP14,Products
NTS1-CHSP12,Products
NTS1-CHS-BK,Products
NTS1-CFW-1,Products
NTS1-CD-05,Products
NTS1-CC-O-GR,Products
NTS1-CC-H-RD,Products
NTS1-CAS-BK,Products
NTS1-BST-8,Products
NTS1-BSP-11,Products
NTS1-BSP-10,Products
NTS1-BSF-9,Products
NTS1-BSF-12,Products
NTS1-BS500-SSG,Products
NTS1-BOW-S5,Products
NTS1-BOW-S4,Products
NTS1-BOW-S2,Products
NTS1-BOW-S1,Products
NTS1-BOW-P,Products
NTS1-BOWL-WD40,Products
NTS1-BOWL-WD36,Products
NTS1-BOP-18,Products
NTS1-ACC086,Products
NTS1-429SM2K,Products
NTS1-411SM2,Products
LTE1-N3707,Products
LKK1-SG650530,Products
LKK1-SG530325,Products
LKK1-SG345425,Products
LKK1-KBP001,Products
LDP1-PRM-14598-2,Products
LDP1-PRM-14598,Products
LDP1-DCBK30-QUARTER-PSTK,Products
KIN1-844A,Products
KIN1-843B,Products
EDL1-KSS-5050,Products
EDL1-395,Products
DEX1-32793,Products
DEX1-32792,Products
DEX1-31629B,Products
DEX1-31613,Products
DEX1-31442,Products
DEX1-24503B,Products
DEX1-24423B,Products
DEX1-24383B,Products
DEX1-24303,Products
DEX1-24293B,Products
DEX1-24223B,Products
DEX1-24203B,Products
DEX1-24173B,Products
DEX1-24023B,Products
DEX1-18213Y,Products
DEX1-18193T,Products
DEX1-18193R,Products
DEX1-18193G,Products
DEX1-18193C,Products
DEX1-18193,Products
DEX1-18173R,Products
DEX1-18173G,Products
DEX1-18173C,Products
DEX1-18173,Products
DEX1-18053,Products
DEX1-13582,Products
DEX1-13463Y,Products
DEX1-13463T,Products
DEX1-13463C,Products
DEX1-13463,Products
DEX1-13313C,Products
DEX1-13313,Products
DEX1-01563T,Products
DEX1-01563,Products
DEX1-01543,Products
DEX1-01272,Products
CTP1-PS-2213-200,Products
CTP1-KB-3855-230FS-BK201,Products
CTP1-KB-3808-200-BL,Products
CTP1-KB-3808-150A-BK,Products
CTP1-KB-3804-250-BK,Products
CTP1-KB-3803-300-BK,Products
CTP1-KB-2288-200-RD,Products
CTP1-KB-2288-200-BK,Products
CTP1-KB-2266-250S,Products
CTP1-KB-2255-250-WH,Products
CTP1-KB-2255-200-BK,Products
CTP1-KB-2221-180G-BK,Products
CTP1-KB-2219-250-BK,Products
CTP1-KB-2208-200-BK,Products
CTP1-KB-2208-150A-YL,Products
CTP1-KB-2208-150A-WH,Products
CTP1-KB-2208-150A-RD,Products
CTP1-KB-2208-150A-BL,Products
CTP1-KB-2208-150A-BK,Products
CTP1-KB-2205-130S-BK,Products
CTP1-KB-2204-150SF-YL,Products
CTP1-KB-2204-150SF-RD,Products
CTP1-KB-2204-150SF-BK,Products
CTP1-KB-2203-250-BK,Products
CTP1-KB-06-90YD-BK,Products
CTP1-KB-06-80YD-BK,Products
CTP1-KB-06-100YD-WH,Products
CTP1-KB-06-100YD-RD,Products
CTP1-KB-05-100SYD-BK,Products
CTP1-JP-1191-210,Products
CTP1-JP-1191-165,Products
CTP1-JP-1190-300,Products
CTP1-JP-1190-240,Products
CTP1-JP-1190-210,Products
CTP1-JP-1133-210,Products
CTP1-JP-1133-165,Products
CTP1-JP-1111-165,Products
CTP1-GS-30512-180-BK,Products
CTP1-GS-30508-300FS-WH,Products
CTP1-GS-30502-200-WH,Products
CTP1-GS-10943-BK,Products
CTP1-GS-10942-30-BK101,Products
CTP1-GS-10942-25-BK101,Products
CTP1-GS-10942-22-BK101,Products
CTP1-GS-10942-15-BK101,Products
CTP1-GS-10937-BK101,Products
CTP1-GS-10935-MEN-BK,Products
CTP1-GS-10935-FEN-BK,Products
CTP1-GS-10935-CEN-BK,Products
CTP1-GS-10928-RH-BK,Products
CTP1-GS-10926-65SOP-BK,Products
CTP1-GS-10924-SPP-BK,Products
CTP1-GS-10861-BK,Products
CTP1-GS-10835-ON,Products
CTP1-GS-10835-ME-BK,Products
CTP1-GS-10835-FE-BK,Products
CTP1-GS-10829S-BK,Products
CTP1-GS-10825-75-SPS-BK,Products
CTP1-GS-10820-60S-BK,Products
CTP1-GS-10514-115-WH,Products
CTP1-GS-10512-180-WH,Products
CTP1-GS-10509-85P-WH,Products
CTP1-GS-10508-350-WH,Products
CTP1-GS-10508-300-WH,Products
CTP1-GS-10508-250-WH,Products
CTP1-GS-10508-250FS-WH,Products
CTP1-GS-10508-200-WH,Products
CTP1-GS-10508-200FS-WH,Products
CTP1-GS-10502-300R-WH,Products
CTP1-GS-10502-130-WH,Products
CTP1-GS-10501-55-WH,Products
CTP1-GS-10444-180-BK,Products
CTP1-GS-10304-150-WH,Products
CTP1-CP-SHAP-01,Products
CHF1-J031-S,Products
CHF1-J027-XL,Products
CHF1-J027-S,Products
CAM1-WC100CWNH-135,Products
CAM1-WC100CW-135,Products
CAM1-SPOP13CW-119,Products
CAM1-SPO10CW-195,Products
CAM1-SPASL14-150,Products
CAM1-SP3253-R02,Products
CAM1-SP3253-R01,Products
CAM1-SP3253-110,Products
CAM1-SFC6-451,Products
CAM1-GP4002NS-B22,Products
CAM1-GL210P-A27,Products
CAM1-6SFSPROCW-135,Products
CAM1-65CLRHP-150,Products
CAM1-20HPC-150,Products
CAM1-18SFSPROCW-135,Products
CAM1-1826CBDSP-148,Products
CAM1-1400ET-167,Products
CAM1-1317DSLNS-830,Products
CAM1-1317DSLG-830,Products
ASL1-CB18080E-WH,Products
JTA2-301070086,Spare parts
JTA2-301070078,Spare parts
JTA2-301070074,Spare parts
JTA2-301070063,Spare parts
JTA2-301070062,Spare parts
JTA2-301070056,Spare parts
JTA2-301070032,Spare parts
JTA2-301050013,Spare parts
JTA2-301040926,Spare parts
JTA2-301040691,Spare parts
JTA2-301040682,Spare parts
JTA2-301040658,Spare parts
JTA2-301040657,Spare parts
JTA2-301040546,Spare parts
JTA2-301040537,Spare parts
JTA2-301040446,Spare parts
JTA2-301040445,Spare parts
JTA2-301040384,Spare parts
JTA2-301040195,Spare parts
JTA2-301040182,Spare parts
JTA2-301040167,Spare parts
JTA2-301040165,Spare parts
JTA2-301040163,Spare parts
JTA2-301040146,Spare parts
JTA2-301040128,Spare parts
JTA2-301040116,Spare parts
JTA2-301040103,Spare parts
JTA2-301040061,Spare parts
JTA2-301040048,Spare parts
JTA2-301040008,Spare parts
JTA2-301030151,Spare parts
JTA2-301030113,Spare parts
JTA2-301030096,Spare parts
JTA2-301030071,Spare parts
JTA2-301030042,Spare parts
JTA2-301030035,Spare parts
JTA2-301030029,Spare parts
JTA2-301030025,Spare parts
JTA2-301030022,Spare parts
JTA2-301030021,Spare parts
JTA2-301030018,Spare parts
JTA2-301030015,Spare parts
JTA2-301030009,Spare parts
JTA2-301030008,Spare parts
JTA2-301030006,Spare parts
JTA2-301020037,Spare parts
JTA2-301020020,Spare parts
JTA2-301010407,Spare parts
JTA2-301010251,Spare parts
JTA2-301010209,Spare parts
JTA2-301010169,Spare parts
JTA2-301010131,Spare parts
JTA2-301010121,Spare parts
JTA2-301010048,Spare parts
JTA2-301010047,Spare parts
JTA2-301010024,Spare parts
JTA2-301010015,Spare parts
JTA2-3000W,Spare parts
JTA2-20501001109,Spare parts
JTA2-20340151001,Spare parts
JTA2-20340148001,Spare parts
JTA2-20340102003,Spare parts
JTA2-20240174015,Spare parts
JTA2-20240167054,Spare parts
JTA2-20240167037,Spare parts
JTA2-20240151019,Spare parts
JTA2-20240151011,Spare parts
JTA2-20240148017,Spare parts
JTA2-20240026079,Spare parts
JTA2-20234008003,Spare parts
JTA2-20234001029,Spare parts
JTA2-20233010050,Spare parts
JTA2-20232023028,Spare parts
JTA2-20232023006,Spare parts
JTA2-20228051011,Spare parts
JTA2-20228005012,Spare parts
JTA2-20228003013,Spare parts
JTA2-20219002013,Spare parts
JTA2-20218011004,Spare parts
JTA2-20218011003,Spare parts
JTA2-20218011002,Spare parts
JTA2-20218011001,Spare parts
JTA2-20218009002,Spare parts
JTA2-20218007021,Spare parts
JTA2-20218007020,Spare parts
JTA2-20218003056,Spare parts
JTA2-20218003050,Spare parts
JTA2-20217014052,Spare parts
JTA2-20212003023,Spare parts
JTA2-20211005014,Spare parts
JTA2-20211004009,Spare parts
JTA2-20211004004,Spare parts
JTA2-20210005012,Spare parts
JTA2-20210005011,Spare parts
JTA2-20210005010,Spare parts
JTA2-20210003801,Spare parts
JTA2-20210003012,Spare parts
JTA2-20210003011,Spare parts
JTA2-20210003010,Spare parts
JTA2-20210003007,Spare parts
JTA2-20210002201,Spare parts
JTA2-20210002013,Spare parts
JTA2-20210002008,Spare parts
JTA2-20210002007,Spare parts
JTA2-20209047028,Spare parts
JTA2-20209047027,Spare parts
JTA2-20209047021,Spare parts
JTA2-20209047020,Spare parts
JTA2-20209047019,Spare parts
JTA2-20209037044,Spare parts
JTA2-20209037014,Spare parts
JTA2-20209037012,Spare parts
JTA2-20202001032,Spare parts
JTA2-20201031005,Spare parts
JTA2-20201031004+005,Spare parts
JTA2-20140174016,Spare parts
JTA2-20140174015,Spare parts
JTA2-20140174006,Spare parts
JTA2-20140174004,Spare parts
JTA2-20140150026,Spare parts
JTA2-20140148005,Spare parts
JTA2-201401016002,Spare parts
JTA2-20140025019,Spare parts
JTA2-302250171,Spare parts
JTA2-302250170,Spare parts
JTA2-302250149,Spare parts
JTA2-302250132,Spare parts
JTA2-302250117,Spare parts
JTA2-302250039,Spare parts
JTA2-302250037,Spare parts
JTA2-302250025,Spare parts
JTA2-302250007,Spare parts
JTA2-302240010,Spare parts
JTA2-302230092,Spare parts
JTA2-302230048,Spare parts
JTA2-302230043,Spare parts
JTA2-302230030,Spare parts
JTA2-302220115,Spare parts
JTA2-302220103,Spare parts
JTA2-302220073,Spare parts
JTA2-302220072,Spare parts
JTA2-302220063,Spare parts
JTA2-302220058,Spare parts
JTA2-302220046,Spare parts
JTA2-302220029,Spare parts
JTA2-302220027,Spare parts
JTA2-302220021,Spare parts
JTA2-302220010,Spare parts
JTA2-302220005,Spare parts
JTA2-302214265,Spare parts
JTA2-302213138,Spare parts
JTA2-302212891,Spare parts
JTA2-302210274,Spare parts
JTA2-302210101,Spare parts
JTA2-302202132,Spare parts
JTA2-302202100,Spare parts
JTA2-302201877,Spare parts
JTA2-302201434,Spare parts
JTA2-302201320,Spare parts
JTA2-302201242,Spare parts
JTA2-302201070,Spare parts
JTA2-302200587,Spare parts
JTA2-302200530,Spare parts
JTA2-302200454,Spare parts
JTA2-302200356,Spare parts
JTA2-302200260,Spare parts
JTA2-302190500,Spare parts
JTA2-302190499,Spare parts
JTA2-302190432,Spare parts
JTA2-302190430,Spare parts
JTA2-302190429,Spare parts
JTA2-302190428,Spare parts
JTA2-302190359,Spare parts
JTA2-302190357,Spare parts
JTA2-302190122,Spare parts
JTA2-302190098,Spare parts
JTA2-30219008,Spare parts
JTA2-302190066,Spare parts
JTA2-302190037,Spare parts
JTA2-302190030,Spare parts
JTA2-302190008,Spare parts
JTA2-302190001,Spare parts
JTA2-302180538,Spare parts
JTA2-302180404,Spare parts
JTA2-302170041,Spare parts
JTA2-302170038,Spare parts
JTA2-302170022,Spare parts
JTA2-302170021,Spare parts
JTA2-302160175,Spare parts
JTA2-302160154,Spare parts
JTA2-302160152,Spare parts
JTA2-302160071,Spare parts
JTA2-302160014,Spare parts
JTA2-302150276,Spare parts
JTA2-302150090,Spare parts
JTA2-302150075,Spare parts
JTA2-302150074,Spare parts
JTA2-302150047,Spare parts
JTA2-302150040,Spare parts
JTA2-302150034,Spare parts
JTA2-302150004,Spare parts
JTA2-302140181,Spare parts
JTA2-302140025,Spare parts
JTA2-302140024,Spare parts
JTA2-302130464,Spare parts
JTA2-302130463,Spare parts
JTA2-302130462,Spare parts
JTA2-302130413,Spare parts
JTA2-302130380,Spare parts
JTA2-302130378,Spare parts
JTA2-302130174,Spare parts
JTA2-302130171,Spare parts
JTA2-302130168,Spare parts
JTA2-302130062,Spare parts
JTA2-302130043,Spare parts
JTA2-302130041,Spare parts
JTA2-302130037,Spare parts
JTA2-302130019,Spare parts
JTA2-302130018,Spare parts
JTA2-302120167,Spare parts
JTA2-302120049,Spare parts
JTA2-302120029,Spare parts
JTA2-302110727,Spare parts
JTA2-302110695,Spare parts
JTA2-302110688,Spare parts
JTA2-302110598,Spare parts
JTA2-302110440,Spare parts
JTA2-302110339,Spare parts
JTA2-302110331,Spare parts
JTA2-302110287,Spare parts
JTA2-302110223,Spare parts
JTA2-302110172,Spare parts
JTA2-302110125,Spare parts
JTA2-302110115,Spare parts
JTA2-302110114,Spare parts
JTA2-302110091,Spare parts
JTA2-302110090+302110698,Spare parts
JTA2-302110090,Spare parts
JTA2-302110088,Spare parts
JTA2-302110042,Spare parts
JTA2-302110041,Spare parts
JTA2-302100433,Spare parts
JTA2-302100388,Spare parts
JTA2-302100259,Spare parts
JTA2-302100175,Spare parts
JTA2-302100144,Spare parts
JTA2-302100143,Spare parts
JTA2-302100109,Spare parts
JTA2-302100082,Spare parts
JTA2-302100045,Spare parts
JTA2-302100023,Spare parts
JTA2-302100019,Spare parts
JTA2-302090088,Spare parts
JTA2-302090060,Spare parts
JTA2-302090053,Spare parts
JTA2-302090037,Spare parts
JTA2-302090034,Spare parts
JTA2-302090022,Spare parts
JTA2-302090021,Spare parts
JTA2-302090007,Spare parts
JTA2-302080058,Spare parts
JTA2-302080030+301050136,Spare parts
JTA2-302080030,Spare parts
JTA2-302080027,Spare parts
LKK2-B80-256,Spare parts
LKK2-B80-255,Spare parts
LKK2-B80-252,Spare parts
LKK2-B80-250,Spare parts
LKK2-B80-248,Spare parts
LKK2-B80-246,Spare parts
LKK2-B80-226,Spare parts
LKK2-B80-225,Spare parts
LKK2-B80-208,Spare parts
LKK2-B80-207,Spare parts
LKK2-B80-206,Spare parts
LKK2-B80-205,Spare parts
LKK2-B80-116,Spare parts
LKK2-B80-109,Spare parts
LKK2-B80-108,Spare parts
LKK2-B80-003,Spare parts
LKK2-B60-207,Spare parts
LKK2-B60-205,Spare parts
LKK2-B5D-38,Spare parts
LKK2-B5D-25,Spare parts
LKK2-B5D-17,Spare parts
LKK2-B5D-13,Spare parts
LKK2-B5D-05,Spare parts
LKK2-B5D-04,Spare parts
LKK2-B5A-SMALL-BELT,Spare parts
LKK2-B5A-37,Spare parts
LKK2-B5A-32,Spare parts
LKK2-B5A-31,Spare parts
LKK2-B5A-25,Spare parts
LKK2-B5A-24,Spare parts
LKK2-B5A-22,Spare parts
LKK2-B5A-19,Spare parts
LKK2-B5A-17,Spare parts
LKK2-B5A-16,Spare parts
LKK2-B5A-14,Spare parts
LKK2-B5A-12,Spare parts
LKK2-B5A-11,Spare parts
LKK2-B5A-09,Spare parts
LKK2-B5A-05,Spare parts
LKK2-B5A-03,Spare parts
LKK2-B5A-02,Spare parts
LKK2-B40-PLUG,Spare parts
LKK2-B40-HAND,Spare parts
LKK2-B40-46,Spare parts
LKK2-B40-45,Spare parts
LKK2-B40-19,Spare parts
LKK2-B40-17,Spare parts
LKK2-B40-16,Spare parts
LKK2-B40-14,Spare parts
LKK2-B40-13,Spare parts
LKK2-B40-11,Spare parts
LKK2-B40-09,Spare parts
LKK2-B40-08,Spare parts
LKK2-B40-07,Spare parts
LKK2-B40-06-15,Spare parts
LKK2-B40-06-14,Spare parts
LKK2-B40-06-12,Spare parts
LKK2-B40-06-10,Spare parts
LKK2-B40-06-08,Spare parts
LKK2-B40-06-07,Spare parts
LKK2-B40-06-06,Spare parts
LKK2-B40-06-05B,Spare parts
LKK2-B40-05-24,Spare parts
LKK2-B40-05-23,Spare parts
LKK2-B40-05-22,Spare parts
LKK2-B40-05-21,Spare parts
LKK2-B40-05-19,Spare parts
LKK2-B40-05-18,Spare parts
LKK2-B40-05-17,Spare parts
LKK2-B40-05-16,Spare parts
LKK2-B40-05-15,Spare parts
LKK2-B40-05-14,Spare parts
LKK2-B40-05-13,Spare parts
LKK2-B40-05-12,Spare parts
LKK2-B40-05-11,Spare parts
LKK2-B40-05-10,Spare parts
LKK2-B40-05-08,Spare parts
LKK2-B40-05-07,Spare parts
LKK2-B40-05-06,Spare parts
LKK2-B40-05-04,Spare parts
LKK2-B40-05-03,Spare parts
LKK2-B40-05-02,Spare parts
LKK2-B40-05-01,Spare parts
LKK2-B40-03,Spare parts
LKK2-B30C-01-28,Spare parts
LKK2-B30-07-00,Spare parts
LKK2-B30-06-18,Spare parts
LKK2-B30-06-17,Spare parts
LKK2-B30-05-39,Spare parts
LKK2-B30-05-38,Spare parts
LKK2-B30-05-34,Spare parts
LKK2-B30-05-15,Spare parts
LKK2-B30-05-06,Spare parts
LKK2-B30-05-04,Spare parts
LKK2-B30-05-03,Spare parts
LKK2-B30-05-01,Spare parts
LKK2-B30-04-00,Spare parts
LKK2-B30-03,Spare parts
LKK2-B30-02,Spare parts
LKK2-B30-01,Spare parts
LKK2-B25-SHIFT-HANDLE,Spare parts
LKK2-B25-66,Spare parts
LKK2-B25-65,Spare parts
LKK2-B25-61,Spare parts
LKK2-B25-57,Spare parts
LKK2-B25-56,Spare parts
LKK2-B25-55,Spare parts
LKK2-B25-52,Spare parts
LKK2-B25-51,Spare parts
LKK2-B25-50,Spare parts
LKK2-B25-48,Spare parts
LKK2-B25-43,Spare parts
LKK2-B25-42,Spare parts
LKK2-B25-40,Spare parts
LKK2-B25-39,Spare parts
LKK2-B25-38,Spare parts
LKK2-B25-37,Spare parts
LKK2-B25-36,Spare parts
LKK2-B25-35,Spare parts
LKK2-B25-34,Spare parts
LKK2-B25-33,Spare parts
LKK2-B25-32,Spare parts
LKK2-B25-31,Spare parts
LKK2-B25-30,Spare parts
LKK2-B25-29,Spare parts
LKK2-B25-28,Spare parts
LKK2-B25-27,Spare parts
LKK2-B25-26,Spare parts
LKK2-B25-23,Spare parts
LKK2-B25-22,Spare parts
LKK2-B25-21,Spare parts
LKK2-B25-20,Spare parts
LKK2-B25-18,Spare parts
LKK2-B25-17,Spare parts
LKK2-B25-16,Spare parts
LKK2-B25-15-9-1,Spare parts
LKK2-B25-15-7-1,Spare parts
LKK2-B25-15-6,Spare parts
LKK2-B25-15-4-2,Spare parts
LKK2-B25-14,Spare parts
LKK2-B25-06,Spare parts
LKK2-B25-04,Spare parts
LKK2-B25-03,Spare parts
LKK2-B25(F)00002,Spare parts
LKK2-B20-SAFETY,Spare parts
LKK2-B20FK-85,Spare parts
LKK2-B20F-59,Spare parts
LKK2-B20F-56,Spare parts
LKK2-B20F-44,Spare parts
LKK2-B20F-16,Spare parts
LKK2-B20F(K)-90,Spare parts
LKK2-B20F(K)-89,Spare parts
LKK2-B20F(K)-87,Spare parts
LKK2-B20F(K)-77,Spare parts
LKK2-B20F(K)-74,Spare parts
LKK2-B20F(K)-59,Spare parts
LKK2-B20F(K)-52,Spare parts
NTS2-EWB-24-024,Spare parts
NTS2-EWB-24-021,Spare parts
NTS2-EWB-24-019,Spare parts
NTS2-EWB-24-001,Spare parts
NTS2-ESK-10-TMS,Spare parts
NTS2-ESK-10-SWK,Spare parts
NTS2-ESK-10-LEGS,Spare parts
NTS2-ESK-10-KL,Spare parts
NTS2-ESK-10-IL,Spare parts
NTS2-ESK-10-HT,Spare parts
NTS2-ESK-10-01,Spare parts
NTS2-E480400417-91,Spare parts
NTS2-E480400417,Spare parts
NTS2-E480400412,Spare parts
NTS2-E480100402,Spare parts
NTS2-E400930043,Spare parts
NTS2-E400900155,Spare parts
NTS2-DS,Spare parts
NTS2-DB-P87-GY-001,Spare parts
NTS2-D340125014,Spare parts
NTS2-D330500067,Spare parts
NTS2-D330500066,Spare parts
NTS2-D330222006,Spare parts
NTS2-D311903021,Spare parts
NTS2-D311903017,Spare parts
NTS2-D311900222,Spare parts
NTS2-COVER,Spare parts
NTS2-CONVERTER,Spare parts
NTS2-CONNECTOR,Spare parts
NTS2-CHARG-TOR-1,Spare parts
NTS2-CED-YJ-JAR,Spare parts
NTS2-CED-PC-HEAD-SET,Spare parts
NTS2-CDS-01,Spare parts
NTS2-CD-IN68-007,Spare parts
NTS2-CD-IN68-005,Spare parts
NTS2-CD-IN68-004,Spare parts
NTS2-CD-IN68-003,Spare parts
NTS2-CD-IN68-002,Spare parts
NTS2-CD-IN55-003,Spare parts
NTS2-CD-IN55-001,Spare parts
NTS2-CDHR-900W-TMF,Spare parts
NTS2-CDHR-900W-MB,Spare parts
NTS2-CDHR-900W-FAN,Spare parts
NTS2-CDHR-900W-DPP,Spare parts
NTS2-CDHR-900W-CTB,Spare parts
NTS2-CDHR-700W-MB,Spare parts
NTS2-CDHR-700W-HTB,Spare parts
NTS2-CDHR-700W-HT,Spare parts
NTS2-CDHR-700W-FAN,Spare parts
NTS2-CDHR-700W-DPP,Spare parts
NTS2-CDHR-700W-CTB,Spare parts
NTS2-CD-4046-4L1-LID,Spare parts
NTS2-CD-401-6L-SPRING-SET,Spare parts
NTS2-CD-401-6L-FS-R,Spare parts
NTS2-CD-401-6L-FS-L,Spare parts
NTS2-CD-401-4L-LID,Spare parts
NTS2-CD-1135-4L2-SBOWL,Spare parts
NTS2-CD-1135-4L2-PN,Spare parts
NTS2-CD-1135-4L2-LID,Spare parts
NTS2-CD-1133-1.8L2-LID,Spare parts
NTS2-CC-D3L-GY-WH,Spare parts
NTS2-CC-2B-03,Spare parts
NTS2-CC-2B-02,Spare parts
NTS2-CC-2B-01,Spare parts
NTS2-CC-1B-L-04,Spare parts
NTS2-CC-1B-L-03,Spare parts
NTS2-CC-1B-L-02,Spare parts
NTS2-CC-1B-L-01,Spare parts
NTS2-CB100100-WP,Spare parts
NTS2-CAP-MT20,Spare parts
NTS2-BSC31-0250,Spare parts
NTS2-BOW,Spare parts
NTS2-BOT-DIS-FF,Spare parts
NTS2-BL-900-21,Spare parts
NTS2-BL-900-08,Spare parts
NTS2-BL-900-05,Spare parts
NTS2-BL-900-04,Spare parts
NTS2-BH-67,Spare parts
NTS2-BELT-BBC,Spare parts
NTS2-BCT-1130-01,Spare parts
NTS2-BBC-GY-WT-TRAY,Spare parts
NTS2-BBC-GY-005,Spare parts
NTS2-B5-002,Spare parts
NTS2-B5-001,Spare parts
NTS2-AZ-7120-10A,Spare parts
NTS2-AWC-08,Spare parts
NTS2-AWC-07,Spare parts
NTS2-AWC-06,Spare parts
NTS2-AWC-05,Spare parts
NTS2-AWC-04,Spare parts
NTS2-AWC-03,Spare parts
NTS2-AWC-02,Spare parts
NTS2-AWC-01,Spare parts
NTS2-AP10-SP-LID,Spare parts
NTS2-1207010031,Spare parts
NTS2-1205020012-1050046,Spare parts
NTS2-1205020012,Spare parts
NTS2-1205020005,Spare parts
NTS2-1205020003,Spare parts
NTS2-1204060011,Spare parts
NTS2-1204060006,Spare parts
NTS2-1204040004,Spare parts
NTS2-1204010019,Spare parts
NTS2-120310005,Spare parts
NTS2-1203100006,Spare parts
NTS2-1203100002,Spare parts
NTS2-1203100001,Spare parts
NTS2-1203090004,Spare parts
NTS2-1203090002,Spare parts
NTS2-1203090001,Spare parts
NTS2-1203080003,Spare parts
NTS2-1203080001,Spare parts
NTS2-1203060004,Spare parts
NTS2-1203060001,Spare parts
NTS2-1203050002,Spare parts
NTS2-1202090002,Spare parts
NTS2-1202080004,Spare parts
NTS2-1202080003,Spare parts
NTS2-1202080002,Spare parts
NTS2-1202080001,Spare parts
NTS2-1202070005,Spare parts
NTS2-1202050005,Spare parts
NTS2-1202050004,Spare parts
NTS2-1202050003,Spare parts
NTS2-1202040005,Spare parts
NTS2-1202030004,Spare parts
NTS2-1202030002,Spare parts
NTS2-1202010003,Spare parts
NTS2-1201050109,Spare parts
NTS2-1201050108,Spare parts
NTS2-1201050012,Spare parts
NTS2-1201030024,Spare parts
NTS2-1201030012,Spare parts
NTS2-1201030006,Spare parts
NTS2-1201030005,Spare parts
NTS2-1201020045,Spare parts
NTS2-1201020003,Spare parts
NIC2-6004,Spare parts
NIC2-4405-18,Spare parts
NIC2-4405-16,Spare parts
NIC2-26517,Spare parts
NIC2-25659,Spare parts
NIC2-25581,Spare parts
NIC2-25546,Spare parts
NIC2-25502,Spare parts
NIC2-25119,Spare parts
NIC2-24715,Spare parts
NIC2-23647,Spare parts
NIC2-21094,Spare parts
NIC2-21064,Spare parts
NIC2-18686,Spare parts
NIC2-17899,Spare parts
NFZ2-BO10133,Spare parts
NFZ2-1200578,Spare parts
NFZ2-1200574,Spare parts
NFZ2-00001,Spare parts
NEW2-WAS,Spare parts
NEW2-WAH,Spare parts
NEW2-UD-8,Spare parts
NEW2-THERMOSTAT,Spare parts
NEW2-TB32,Spare parts
NEW2-SC-51,Spare parts
NEW2-PLB,Spare parts
NEW2-NT-PM0080,Spare parts
NEW2-MH,Spare parts
NEW2-H3JA-8C-5A,Spare parts
NEW2-AV5535,Spare parts
NEW2-A3A4,Spare parts
NEW2-21-IO-137,Spare parts
NEW2-2061962-02S,Spare parts
NEW2-008,Spare parts
NEW2-007,Spare parts
NEW2-006,Spare parts
NUO2-09500006,Spare parts
NUO2-09200014,Spare parts
NUO2-09100003,Spare parts
NUO2-09000018,Spare parts
NUO2-09000015,Spare parts
NUO2-09000011,Spare parts
NUO2-08000052,Spare parts
NUO2-08000051,Spare parts
NUO2-08000050,Spare parts
NUO2-08000025,Spare parts
NUO2-08000024,Spare parts
NUO2-08000009,Spare parts
NUO2-07300376,Spare parts
NUO2-07300375,Spare parts
NUO2-07300370,Spare parts
NUO2-07300363,Spare parts
NUO2-07300361,Spare parts
NUO2-07300358,Spare parts
NUO2-07300330,Spare parts
NUO2-07300324,Spare parts
NUO2-07300321,Spare parts
NUO2-07300318,Spare parts
NUO2-07300312,Spare parts
NUO2-07300306,Spare parts
NUO2-07300212,Spare parts
NUO2-07300201,Spare parts
NUO2-07300166,Spare parts
NUO2-07300110,Spare parts
NUO2-07300108,Spare parts
NUO2-07300105,Spare parts
NUO2-07300104,Spare parts
NUO2-07300091,Spare parts
NUO2-07300060,Spare parts
NUO2-07300034,Spare parts
NUO2-06200036,Spare parts
NUO2-05000184,Spare parts
NUO2-05000182,Spare parts
NUO2-05000178,Spare parts
NUO2-05000174,Spare parts
NUO2-05000162,Spare parts
NUO2-05000106,Spare parts
NUO2-05000095,Spare parts
NUO2-05000040,Spare parts
NUO2-05000039,Spare parts
NUO2-05000032,Spare parts
NUO2-05000031,Spare parts
NUO2-05000015,Spare parts
NUO2-04900195,Spare parts
NUO2-04900185,Spare parts
NUO2-04900170,Spare parts
NUO2-04900123,Spare parts
NUO2-04900121,Spare parts
NUO2-04900120,Spare parts
NUO2-04900117,Spare parts
NUO2-04900116,Spare parts
NUO2-04900027,Spare parts
NUO2-04800005,Spare parts
NUO2-04600001,Spare parts
NUO2-04500033,Spare parts
NUO2-04500031,Spare parts
NUO2-04200052,Spare parts
NUO2-04200051,Spare parts
NUO2-04200044,Spare parts
NUO2-04200043,Spare parts
NUO2-04200042,Spare parts
NUO2-04200033,Spare parts
NUO2-04200031,Spare parts
NUO2-04200030,Spare parts
NUO2-04200020,Spare parts
NUO2-04200015,Spare parts
NUO2-04100038,Spare parts
NUO2-04100024,Spare parts
NUO2-04100017,Spare parts
NUO2-04100012(MASTER),Spare parts
NUO2-04100012,Spare parts
NUO2-04100011,Spare parts
NUO2-04100010,Spare parts
NUO2-04100005,Spare parts
NUO2-04000513,Spare parts
NUO2-04000511,Spare parts
NUO2-04000179,Spare parts
NUO2-04000153,Spare parts
NUO2-04000149,Spare parts
NUO2-04000029,Spare parts
NUO2-03000604,Spare parts
NUO2-03000322,Spare parts
NUO2-03000321,Spare parts
NUO2-03000078,Spare parts
NUO2-03000073,Spare parts
NUO2-03000072,Spare parts
NUO2-03000067,Spare parts
NUO2-02590009,Spare parts
NUO2-02290020,Spare parts
NUO2-02290017,Spare parts
NUO2-02290016,Spare parts
NUO2-02280032,Spare parts
NUO2-02280020,Spare parts
NUO2-02280014,Spare parts
NUO2-02280012,Spare parts
NUO2-02280011,Spare parts
NUO2-02280010,Spare parts
NUO2-02280009,Spare parts
NUO2-02280004,Spare parts
NUO2-02060022,Spare parts
NUO2-02060015,Spare parts
NUO2-02000003,Spare parts
NUO2-02000002,Spare parts
NUO2-01300005,Spare parts
NUO2-01300004,Spare parts
NUO2-01200009,Spare parts
NUO2-01200006,Spare parts
NUO2-01200005,Spare parts
NUO2-01200003,Spare parts
NUO2-01100002,Spare parts
NUO2-01000090,Spare parts
NUO2-01000089,Spare parts
NUO2-01000023,Spare parts
NUO2-00300019,Spare parts
NUO2-00300012,Spare parts
NUO2-00200011,Spare parts
NUO2-00000065,Spare parts
NTS2-YUDJD-013,Spare parts
NTS2-YUDJD-012,Spare parts
NTS2-YUDJD-011,Spare parts
NTS2-YUDJD-009,Spare parts
NTS2-YUDJD-007,Spare parts
NTS2-YUDJD-006,Spare parts
NTS2-YUDJD-005,Spare parts
NTS2-YUDJD-003,Spare parts
NTS2-YUDJD-002,Spare parts
NTS2-YUDHP-004,Spare parts
NTS2-YDSK-10-SWITCH,Spare parts
NTS2-YDSK-10-NEW-DRY,Spare parts
NTS2-WIN-168-DO,Spare parts
NTS2-WHEEL-50L,Spare parts
NTS2-WHEEL-43L-2B,Spare parts
NTS2-WHEEL-40L,Spare parts
NTS2-WHEEL-35L-3B,Spare parts
NTS2-WHEEL-35L-2B,Spare parts
NTS2-WHEEL-30L,Spare parts
NTS2-WHEEL-20L,Spare parts
NTS2-WHEEL-06-SS,Spare parts
NTS2-WHEEL-06-G,Spare parts
NTS2-WHEEL-05-SS,Spare parts
NTS2-WHEEL-05-G,Spare parts
NTS2-WHEEL-04-SS,Spare parts
NTS2-WHEEL-04-G,Spare parts
NTS2-WHEEL-03-SS,Spare parts
NTS2-WHEEL-03-G,Spare parts
NTS2-WHEEL-02-SS,Spare parts
NTS2-WHEEL-02-G,Spare parts
NTS2-WHEEL-02,Spare parts
NTS2-WHEEL-01-SS,Spare parts
NTS2-WHEEL-01-G,Spare parts
NTS2-WHEEL-01,Spare parts
NTS2-WDV-80L-02,Spare parts
NTS2-WDV-80L-01,Spare parts
NTS2-WDV-60L-02,Spare parts
NTS2-WDV-60L-01,Spare parts
NTS2-WDV-60-80-20,Spare parts
NTS2-WDV-15L-10,Spare parts
NTS2-WDV-15L-09,Spare parts
NTS2-WDV-15L-08,Spare parts
NTS2-WDV-15L-07,Spare parts
NTS2-WDV-15L-06,Spare parts
PIM2-CF5-68-BDY,Spare parts
PIM2-CF4-SSA-10,Spare parts
PIM2-CF4-SSA,Spare parts
PIM2-CF4-58-TC,Spare parts
PIM2-CF4-58-STL,Spare parts
PIM2-CF4-58-SSC,Spare parts
PIM2-CF4-58MO,Spare parts
PIM2-CF4-58-BSN,Spare parts
PIM2-CF4-58-5,Spare parts
PIM2-CF4-5-6-FLA,Spare parts
PIM2-C-17B,Spare parts
PIM2-C-17A,Spare parts
PIM2-BSC31-POSW,Spare parts
PIM2-BSC31-PLHA,Spare parts
PIM2-BSC31-MOTOR,Spare parts
PIM2-BSC31-BELT,Spare parts
PIM2-BSC31-6204,Spare parts
PIM2-BSC31-0430,Spare parts
PIM2-BSC31-0370,Spare parts
PIM2-BSC31-0270,Spare parts
PIM2-BSC31-0250,Spare parts
PIM2-BLOWER-VALVE,Spare parts
PIM2-BGR-71C,Spare parts
PIM2-BGR-71B,Spare parts
PIM2-BGR-71A,Spare parts
PIM2-BD-1500-21,Spare parts
PIM2-BD-1500-19NEW,Spare parts
PIM2-BD-1500-19,Spare parts
PIM2-BD-1500-16,Spare parts
PIM2-BD-1500-15,Spare parts
PIM2-BD-1500-14,Spare parts
PIM2-BD-1500-13,Spare parts
PIM2-BD-1500-12,Spare parts
PIM2-BD-1500-11,Spare parts
PIM2-BD-1500-10,Spare parts
PIM2-BD-1500-09,Spare parts
PIM2-BD-1500-08,Spare parts
PIM2-BD-1500-07,Spare parts
PIM2-BD-1500-06,Spare parts
PIM2-BD-1500-05,Spare parts
PIM2-BD-1500-04,Spare parts
PIM2-BD-1500-03U,Spare parts
PIM2-BD-1500-03,Spare parts
PIM2-BD-1500-02,Spare parts
PIM2-BD-1500-01,Spare parts
PIM2-BASE-BURNER+BURNER,Spare parts
PIM2-B-69D,Spare parts
PIM2-B-69B,Spare parts
PIM2-B-69A,Spare parts
PIM2-B-59D,Spare parts
PIM2-B-59A,Spare parts
PIM2-AUPO-BF216-1,Spare parts
PIM2-AUPO-BF216,Spare parts
PIM2-ADJUSTABLE-THE-COVER,Spare parts
PIM2-804001001002,Spare parts
PIM2-802007006013,Spare parts
PIM2-802007006012,Spare parts
PIM2-802007006007,Spare parts
PIM2-802007006006,Spare parts
PIM2-802002001005+8020020,Spare parts
PIM2-802001002014,Spare parts
PIM2-7021791+8022010+2011,Spare parts
PIM2-70202023173L,Spare parts
PIM2-70201900100,Spare parts
PIM2-70201601891L,Spare parts
PIM2-70201600973,Spare parts
PIM2-70201600964,Spare parts
PIM2-70201600955,Spare parts
PIM2-70201301400,Spare parts
PIM2-70201101491,Spare parts
PIM2-70201101155,Spare parts
PIM2-70200900837,Spare parts
PIM2-70200800946,Spare parts
PIM2-70200401791+20102011,Spare parts
PIM2-70200400846,Spare parts
PIM2-70200201664,Spare parts
PIM2-70101200291L,Spare parts
PIM2-70101105264L,Spare parts
PIM2-70101103628L,Spare parts
PIM2-70100800155,Spare parts
PIM2-70100700782,Spare parts
PIM2-70100700637,Spare parts
PIM2-70100501400,Spare parts
PIM2-70100410855L,Spare parts
PIM2-70100301982L,Spare parts
PIM2-70100300891,Spare parts
PIM2-30421038,Spare parts
PIM2-30418682,Spare parts
PIM2-30418424,Spare parts
PIM2-30409009,Spare parts
PIM2-30408039,Spare parts
PIM2-30407311,Spare parts
PIM2-30407143,Spare parts
PIM2-30407080,Spare parts
PIM2-30407071,Spare parts
PIM2-30405006,Spare parts
PIM2-30405003,Spare parts
PIM2-30403133,Spare parts
PIM2-30402098,Spare parts
PIM2-30402082,Spare parts
PIM2-30402062,Spare parts
PIM2-30402049,Spare parts
PIM2-30402047,Spare parts
PIM2-30402023,Spare parts
PIM2-30402017,Spare parts
PIM2-30402012,Spare parts
PIM2-30402009,Spare parts
PIM2-30399017,Spare parts
PIM2-303120843,Spare parts
PIM2-30312043,Spare parts
PIM2-30312016,Spare parts
PIM2-30306031,Spare parts
PIM2-30304031,Spare parts
PIM2-302201337,Spare parts
PIM2-302200627,Spare parts
PIM2-302150075,Spare parts
PIM2-302110080,Spare parts
PIM2-302110079,Spare parts
PIM2-302110078,Spare parts
PIM2-302110077,Spare parts
PIM2-302110076,Spare parts
PIM2-302110075,Spare parts
PIM2-302110001,Spare parts
PIM2-302100144,Spare parts
PIM2-302100036,Spare parts
PIM2-302090001,Spare parts
PIM2-302070070,Spare parts
PIM2-302070066,Spare parts
PIM2-302070019,Spare parts
PIM2-302070017,Spare parts
PIM2-302050072,Spare parts
PIM2-302040093,Spare parts
PIM2-302040012,Spare parts
PIM2-302030091,Spare parts
PIM2-302030067,Spare parts
PIM2-302030045,Spare parts
PIM2-302020318,Spare parts
PIM2-302020178,Spare parts
PIM2-302020015,Spare parts
PIM2-301150087L,Spare parts
PIM2-301130128,Spare parts
PIM2-301130053,Spare parts
PIM2-301130052,Spare parts
PIM2-301130041,Spare parts
PIM2-301130040,Spare parts
PIM2-301130035,Spare parts
PIM2-301130004,Spare parts
PIM2-301130002,Spare parts
PIM2-301120007,Spare parts
PIM2-301110046+301110009,Spare parts
PIM2-301110041,Spare parts
PIM2-301110031+301110024,Spare parts
PIM2-301110022,Spare parts
PIM2-301110020,Spare parts
PIM2-301110011,Spare parts
RAN2-22105001,Spare parts
RAN2-22104001,Spare parts
RAN2-21300741,Spare parts
RAN2-21208702,Spare parts
RAN2-21208501,Spare parts
RAN2-21202375,Spare parts
RAN2-21202101,Spare parts
RAN2-21201453,Spare parts
RAN2-21201452,Spare parts
RAN2-21201443,Spare parts
RAN2-21201442,Spare parts
RAN2-21201402,Spare parts
RAN2-21103000,Spare parts
RAN2-20123712,Spare parts
RAN2-20122251,Spare parts
RAN2-20102940,Spare parts
RAN2-20102931,Spare parts
RAN2-20102701,Spare parts
RAN2-14705015,Spare parts
RAN2-14701011,Spare parts
RAN2-14030005,Spare parts
RAN2-14030001,Spare parts
RAN2-14010220,Spare parts
RAN2-14010002,Spare parts
RAN2-14000220,Spare parts
RAN2-14000022,Spare parts
RAN2-13007050,Spare parts
RAN2-10905006A,Spare parts
RAN2-10905005A,Spare parts
RAN2-10905002,Spare parts
RAN2-10905001,Spare parts
RAN2-10781351,Spare parts
RAN2-10781310,Spare parts
RAN2-10781304,Spare parts
RAN2-10720014,Spare parts
RAN2-10706070,Spare parts
RAN2-10706065,Spare parts
RAN2-10706054,Spare parts
RAN2-10706023,Spare parts
RAN2-10706017,Spare parts
RAN2-10706009,Spare parts
RAN2-10706003,Spare parts
RAN2-10705942,Spare parts
RAN2-10705501,Spare parts
RAN2-10705414,Spare parts
RAN2-10705402,Spare parts
RAN2-10705400,Spare parts
RAN2-10705397,Spare parts
RAN2-10705387,Spare parts
RAN2-10705384,Spare parts
RAN2-10705383,Spare parts
RAN2-10705371,Spare parts
RAN2-10705369,Spare parts
RAN2-10705368,Spare parts
RAN2-10705365,Spare parts
RAN2-10705364,Spare parts
RAN2-10705361,Spare parts
RAN2-10705226,Spare parts
RAN2-10705215,Spare parts
RAN2-10705201,Spare parts
RAN2-10705016,Spare parts
RAN2-10705015,Spare parts
RAN2-10700975,Spare parts
RAN2-10700974,Spare parts
RAN2-10700973,Spare parts
RAN2-10700971,Spare parts
RAN2-10700966,Spare parts
RAN2-10700230,Spare parts
RAN2-10700229B,Spare parts
RAN2-10700229,Spare parts
RAN2-10220100,Spare parts
RAN2-10202204,Spare parts
RAN2-10111036,Spare parts
RAN2-10111032,Spare parts
RAN2-10111020,Spare parts
RAN2-10111015,Spare parts
RAN2-10110490,Spare parts
RAN2-10110476,Spare parts
RAN2-10110471,Spare parts
RAN2-10110433,Spare parts
RAN2-10110312,Spare parts
RAN2-10110167,Spare parts
RAN2-10071120,Spare parts
RAN2-10071020,Spare parts
RAN2-10070108,Spare parts
RAN2-10070100,Spare parts
RAN2-10060603,Spare parts
RAN2-10060527,Spare parts
RAN2-10060514,Spare parts
RAN2-10060508,Spare parts
RAN2-10060492,Spare parts
RAN2-10060477,Spare parts
RAN2-10060467,Spare parts
RAN2-10060462,Spare parts
RAN2-10060459,Spare parts
RAN2-10060457,Spare parts
RAN2-10060412,Spare parts
RAN2-10060181,Spare parts
RAN2-10060176,Spare parts
RAN2-10060175,Spare parts
RAN2-10060162,Spare parts
RAN2-10060152,Spare parts
RAN2-10060127,Spare parts
RAN2-10060120,Spare parts
RAN2-10060104,Spare parts
RAN2-10060103,Spare parts
RAN2-10060059,Spare parts
RAN2-10060051,Spare parts
RAN2-10060019,Spare parts
RAN2-10049046,Spare parts
RAN2-10042171,Spare parts
RAN2-10042109,Spare parts
RAN2-10042022,Spare parts
RAN2-10041042,Spare parts
RAN2-10025015,Spare parts
RAN2-10022202,Spare parts
RAN2-0001,Spare parts
PUJ2-HOOK,Spare parts
PUJ2-HEATER,Spare parts
REF2-00086,Spare parts
REF2-00085,Spare parts
REF2-00084,Spare parts
REF2-00083,Spare parts
REF2-00082,Spare parts
REF2-00081,Spare parts
REF2-00080,Spare parts
REF2-00079,Spare parts
REF2-00078,Spare parts
REF2-00077,Spare parts
REF2-00076,Spare parts
REF2-00075,Spare parts
REF2-00074,Spare parts
REF2-00073,Spare parts
REF2-00072,Spare parts
REF2-00071,Spare parts
REF2-00070,Spare parts
REF2-00069,Spare parts
REF2-00068,Spare parts
REF2-00067,Spare parts
REF2-00066,Spare parts
REF2-00065,Spare parts
REF2-00064,Spare parts
REF2-00063,Spare parts
REF2-00062,Spare parts
REF2-00061,Spare parts
REF2-00060,Spare parts
REF2-00059,Spare parts
REF2-00058,Spare parts
REF2-00057,Spare parts
REF2-00056,Spare parts
REF2-00053,Spare parts
REF2-00052,Spare parts
REF2-00051,Spare parts
REF2-00050,Spare parts
REF2-00048,Spare parts
REF2-00046,Spare parts
REF2-00045,Spare parts
REF2-00044,Spare parts
REF2-00043,Spare parts
REF2-00042,Spare parts
REF2-00041,Spare parts
REF2-00040,Spare parts
REF2-00039,Spare parts
REF2-00038,Spare parts
REF2-00037,Spare parts
REF2-00036,Spare parts
REF2-00033,Spare parts
REF2-00032,Spare parts
REF2-00031,Spare parts
REF2-00030,Spare parts
REF2-00029,Spare parts
REF2-00028,Spare parts
REF2-00027,Spare parts
REF2-00025,Spare parts
REF2-00024,Spare parts
REF2-00023,Spare parts
REF2-00022,Spare parts
REF2-00021,Spare parts
REF2-00020,Spare parts
REF2-00019,Spare parts
REF2-00018,Spare parts
REF2-00017,Spare parts
REF2-00016,Spare parts
REF2-00015,Spare parts
REF2-00013,Spare parts
REF2-00012,Spare parts
REF2-00011,Spare parts
REF2-00010,Spare parts
REF2-00009,Spare parts
REF2-00008,Spare parts
REF2-00007,Spare parts
REF2-00006,Spare parts
REF2-00005,Spare parts
REF2-00003,Spare parts
REF2-00001,Spare parts
RAN2-HANDLE2,Spare parts
RAN2-GEAR,Spare parts
RAN2-87040814,Spare parts
RAN2-81530120,Spare parts
RAN2-69111001,Spare parts
RAN2-69000950,Spare parts
RAN2-69000702,Spare parts
RAN2-69000149,Spare parts
RAN2-69000140,Spare parts
RAN2-69000068,Spare parts
RAN2-69000067,Spare parts
RAN2-69000032,Spare parts
RAN2-45010044,Spare parts
RAN2-41010010,Spare parts
RAN2-40100105,Spare parts
RAN2-40100010,Spare parts
RAN2-39930007,Spare parts
RAN2-39930003,Spare parts
RAN2-39220014,Spare parts
RAN2-39110025,Spare parts
RAN2-39110010,Spare parts
RAN2-38228042,Spare parts
RAN2-38228030,Spare parts
RAN2-38228005,Spare parts
RAN2-38228002,Spare parts
RAN2-38125014A,Spare parts
RAN2-38125014,Spare parts
RAN2-38125013A,Spare parts
RAN2-38125008,Spare parts
RAN2-38123879,Spare parts
RAN2-38123772,Spare parts
RAN2-38123761A,Spare parts
RAN2-38123761,Spare parts
RAN2-38123760,Spare parts
RAN2-38123758,Spare parts
RAN2-38123754A,Spare parts
RAN2-38123754,Spare parts
RAN2-38123753B,Spare parts
RAN2-38123753A,Spare parts
RAN2-38123753,Spare parts
RAN2-38123666,Spare parts
RAN2-38123520,Spare parts
RAN2-38123519,Spare parts
RAN2-38123508,Spare parts
RAN2-38123503,Spare parts
RAN2-38123130,Spare parts
RAN2-38123107,Spare parts
RAN2-38123077,Spare parts
RAN2-38123072,Spare parts
RAN2-38123070,Spare parts
RAN2-38123068,Spare parts
RAN2-38123067,Spare parts
RAN2-38123064,Spare parts
RAN2-38123063,Spare parts
RAN2-38123061,Spare parts
RAN2-38123036,Spare parts
RAN2-38123033,Spare parts
RAN2-38123032A,Spare parts
RAN2-38123031,Spare parts
RAN2-38123029A,Spare parts
RAN2-38123029,Spare parts
RAN2-38123019,Spare parts
RAN2-38123012,Spare parts
RAN2-38123011,Spare parts
RAN2-38123010,Spare parts
RAN2-38123002,Spare parts
RAN2-38121015,Spare parts
RAN2-38121007,Spare parts
RAN2-38120068,Spare parts
RAN2-38120063,Spare parts
RAN2-38120062,Spare parts
RAN2-38120051,Spare parts
RAN2-38120041,Spare parts
RAN2-38120031,Spare parts
RAN2-38120013,Spare parts
RAN2-38120012,Spare parts
RAN2-38120005,Spare parts
RAN2-38120004,Spare parts
RAN2-37900809,Spare parts
RAN2-37900304,Spare parts
RAN2-37900210,Spare parts
RAN2-37510700,Spare parts
RAN2-37510400,Spare parts
ROB2-E25-16,Spare parts
ROB2-DS0011,Spare parts
ROB2-DC0134,Spare parts
ROB2-DC0133,Spare parts
ROB2-DC0101,Spare parts
ROB2-DC0100,Spare parts
ROB2-BMH2,Spare parts
ROB2-AF75-42,Spare parts
ROB2-AF75-34,Spare parts
ROB2-AF50-43,Spare parts
ROB2-AF50-22,Spare parts
ROB2-AF25-45,Spare parts
ROB2-40LT-01,Spare parts
ROB2-317159,Spare parts
ROB2-25TS-17,Spare parts
ROB2-25TS-03A,Spare parts
ROB2-25TS-03,Spare parts
ROB2-21,Spare parts
ROB2-19,Spare parts
ROB2-15(REGULATOR),Spare parts
ROB2-15,Spare parts
ROB2-14(ELEMENT),Spare parts
ROB2-14,Spare parts
ROB2-105053,Spare parts
ROB2-08(162),Spare parts
RJ2-YYDFW-0.37,Spare parts
RJ2-SPFCS-0124,Spare parts
RJ2-SPFCS-0123,Spare parts
RJ2-SPFCS-0122,Spare parts
RJ2-SPFCS-0121,Spare parts
RJ2-SPFCS-0089,Spare parts
RJ2-SPFCS-0086,Spare parts
RJ2-SPFCS-0084,Spare parts
RJ2-SPFCS-0083,Spare parts
RJ2-SPFCS-0082,Spare parts
RJ2-SPFCS-0080,Spare parts
RJ2-SPFCS-0078,Spare parts
RJ2-SPFCS-0077,Spare parts
RJ2-SPFCS-0076,Spare parts
RJ2-SPFCS-0075,Spare parts
RJ2-SPFCS-0074,Spare parts
RJ2-SPFCS-0073,Spare parts
RJ2-SPFCS-0072,Spare parts
RJ2-SPFCF-0082,Spare parts
RJ2-FC1600-009,Spare parts
RJ2-FC1600-008,Spare parts
RJ2-FC1600-007,Spare parts
RJ2-FC1600-004,Spare parts
RJ2-FC1600-002,Spare parts
RJ2-FC1600-001,Spare parts
RIN2-B-05,Spare parts
RIN2-0005,Spare parts
RIN2-0004,Spare parts
RIN2-0003,Spare parts
RIN2-0002,Spare parts
RIN2-0001,Spare parts
RHE2-TFX425,Spare parts
RHE2-TC30-47-7,Spare parts
RHE2-TC16-28-7,Spare parts
RHE2-TC16-26-7,Spare parts
RHE2-RN612,Spare parts
RHE2-RBZ8,Spare parts
RHE2-MF20450,Spare parts
RHE2-GRPEX620,Spare parts
RHE2-GRP66,Spare parts
RHE2-FRAME-D10,Spare parts
RHE2-FAN-BLADE,Spare parts
RHE2-DA8,Spare parts
RHE2-AE0874E,Spare parts
RHE2-70,Spare parts
RHE2-6126,Spare parts
RHE2-6-(ELICA),Spare parts
RHE2-6,Spare parts
RHE2-5769,Spare parts
RHE2-5754,Spare parts
RHE2-5636,Spare parts
RHE2-5622,Spare parts
RHE2-5619,Spare parts
RHE2-5616,Spare parts
RHE2-5615,Spare parts
RHE2-5614,Spare parts
RHE2-5561,Spare parts
RHE2-5557,Spare parts
RHE2-5556,Spare parts
RHE2-5554,Spare parts
RHE2-5510(S600),Spare parts
RHE2-5506,Spare parts
RHE2-5501,Spare parts
RHE2-53-54-55,Spare parts
RHE2-510,Spare parts
RHE2-50-51-52,Spare parts
RHE2-495,Spare parts
RHE2-4+5(12006),Spare parts
RHE2-4+5-(S-SWORM),Spare parts
RHE2-4+5,Spare parts
RHE2-4,Spare parts
RHE2-35,Spare parts
RHE2-16067,Spare parts
RHE2-16047,Spare parts
RHE2-16007,Spare parts
RHE2-16005,Spare parts
RHE2-16004,Spare parts
RHE2-152,Spare parts
RHE2-145,Spare parts
RHE2-130,Spare parts
RHE2-12104,Spare parts
RHE2-12102,Spare parts
RHE2-12101,Spare parts
RHE2-12100,Spare parts
RHE2-12010,Spare parts
RHE2-12001,Spare parts
RHE2-11078,Spare parts
RHE2-11066,Spare parts
RHE2-11065,Spare parts
RHE2-11053,Spare parts
RHE2-11050,Spare parts
RHE2-11037,Spare parts
RHE2-11024,Spare parts
RHE2-11020,Spare parts
RHE2-11019,Spare parts
RHE2-11018,Spare parts
RHE2-11010,Spare parts
RHE2-11007,Spare parts
RHE2-11005,Spare parts
RHE2-11001,Spare parts
RHE2-11000,Spare parts
RHE2-109,Spare parts
RHE2-10116,Spare parts
RHE2-10082,Spare parts
RHE2-10080,Spare parts
RHE2-10079,Spare parts
RHE2-10066,Spare parts
RHE2-10056,Spare parts
RHE2-10044,Spare parts
RHE2-10034,Spare parts
RHE2-10033,Spare parts
RHE2-10031,Spare parts
RHE2-09365,Spare parts
RHE2-08734,Spare parts
RHE2-08180,Spare parts
RHE2-08177,Spare parts
RHE2-08176,Spare parts
RHE2-08175,Spare parts
RHE2-08174,Spare parts
RHE2-08173,Spare parts
RHE2-08172,Spare parts
RHE2-08100,Spare parts
RHE2-08099,Spare parts
RHE2-08098,Spare parts
RHE2-08080,Spare parts
RHE2-08076,Spare parts
RHE2-08075,Spare parts
RHE2-08074,Spare parts
RHE2-08073,Spare parts
RHE2-08071,Spare parts
RHE2-08011,Spare parts
RHE2-07647,Spare parts
RHE2-07617,Spare parts
RHE2-07614,Spare parts
RHE2-07610,Spare parts
RHE2-07328,Spare parts
RHE2-07327,Spare parts
RHE2-07321,Spare parts
RHE2-07318,Spare parts
RHE2-07063,Spare parts
RHE2-06770,Spare parts
RHE2-06115,Spare parts
RHE2-06072,Spare parts
RHE2-06071,Spare parts
RHE2-06070,Spare parts
RHE2-06012,Spare parts
RHE2-01342,Spare parts
RHE2-01341,Spare parts
RHE2-01241,Spare parts
RHE2-0032,Spare parts
REG2-62012Z,Spare parts
REG2-16,Spare parts
REG2-156-62,Spare parts
REG2-151-62,Spare parts
REG2-150-62,Spare parts
REG2-149-62,Spare parts
REG2-146,Spare parts
RTN2-22.00.915,Spare parts
RTN2-22.00.725,Spare parts
RTN2-22.00.188,Spare parts
RTN2-20.02.549P,Spare parts
RTN2-20.01.802P,Spare parts
RTN2-20.00.394P,Spare parts
RTN2-16.02.062,Spare parts
RTN2-16.01.748,Spare parts
RTN2-16.01.662P,Spare parts
RTN2-16.00.232P,Spare parts
RTN2-110402356-24.00.194,Spare parts
ROW2-T141,Spare parts
ROU2-4060153,Spare parts
ROU2-403K157,Spare parts
ROU2-4030163,Spare parts
ROU2-401K101,Spare parts
ROU2-4010106,Spare parts
ROU2-4010105,Spare parts
ROU2-2090101,Spare parts
ROU2-0200146,Spare parts
ROU2-0010159,Spare parts
ROU2-0010145,Spare parts
ROT2-2933004,Spare parts
ROS2-TS11J(3-8),Spare parts
ROS2-TS11J(1-2),Spare parts
ROS2-A-260,Spare parts
ROS2-1980-48,Spare parts
ROS2-1980-24,Spare parts
ROS2-1951-536,Spare parts
RON2-W640L2700,Spare parts
RON2-W640L2680,Spare parts
RON2-W630L6920-ROPANYL,Spare parts
RON2-W620L2740,Spare parts
RON2-W620L2655,Spare parts
RON2-W620L2640,Spare parts
RON2-W620L2620,Spare parts
RON2-W610L2650,Spare parts
RON2-W600L2367,Spare parts
RON2-W550L2280,Spare parts
RON2-W540L2000,Spare parts
RON2-W515L1960,Spare parts
RON2-W500L2000,Spare parts
RON2-W490L1056,Spare parts
RON2-W475L1470,Spare parts
RON2-W470L3080,Spare parts
RON2-W470L1570,Spare parts
RON2-W470L1520,Spare parts
RON2-W470L1490,Spare parts
RON2-W465L1540,Spare parts
RON2-W460L1405,Spare parts
RON2-W450L1440,Spare parts
RON2-W420L1700,Spare parts
RON2-W370L3000,Spare parts
RON2-W202L823,Spare parts
RON2-SUPPORT,Spare parts
RON2-99528,Spare parts
RON2-99269,Spare parts
RON2-99090,Spare parts
RON2-98151,Spare parts
RON2-98150,Spare parts
RON2-98147,Spare parts
RON2-98146,Spare parts
RON2-9371,Spare parts
RON2-9351,Spare parts
RON2-9286,Spare parts
RON2-91361,Spare parts
RON2-91317,Spare parts
RON2-8934,Spare parts
RON2-87615,Spare parts
RON2-8722,Spare parts
RON2-8584T05,Spare parts
RON2-84673,Spare parts
RON2-8388,Spare parts
RON2-79776,Spare parts
RON2-73437,Spare parts
RON2-7247,Spare parts
RON2-7223,Spare parts
RON2-7169,Spare parts
RON2-7164,Spare parts
RON2-7095,Spare parts
RON2-7079,Spare parts
RON2-7037,Spare parts
RON2-7034,Spare parts
RON2-7033,Spare parts
RON2-7017,Spare parts
RON2-70079,Spare parts
RON2-6681,Spare parts
RON2-53439,Spare parts
RON2-53437,Spare parts
RON2-53436,Spare parts
RON2-53371,Spare parts
RON2-53366,Spare parts
RON2-53361,Spare parts
RON2-53027,Spare parts
RON2-52976,Spare parts
RON2-52874,Spare parts
RON2-52776,Spare parts
RON2-52714,Spare parts
RON2-52711,Spare parts
RON2-52642,Spare parts
RON2-52354,Spare parts
RON2-51660,Spare parts
RON2-51352,Spare parts
RON2-51351,Spare parts
RON2-51350,Spare parts
RON2-51309,Spare parts
RON2-51226,Spare parts
RON2-50928,Spare parts
RON2-50927,Spare parts
RON2-50908,Spare parts
RON2-50658,Spare parts
RON2-50628,Spare parts
RON2-50607,Spare parts
RON2-50603,Spare parts
RON2-50588,Spare parts
RON2-50587,Spare parts
RON2-50561,Spare parts
RON2-50421,Spare parts
RON2-50417,Spare parts
RON2-50406,Spare parts
RON2-50401,Spare parts
RON2-50277,Spare parts
RON2-50190,Spare parts
RON2-50171,Spare parts
RON2-50162,Spare parts
RON2-50091,Spare parts
RON2-50085,Spare parts
RON2-50045,Spare parts
RON2-50004,Spare parts
RON2-50001,Spare parts
RON2-50000,Spare parts
RON2-36236,Spare parts
RON2-36235,Spare parts
RON2-35600,Spare parts
RON2-34919,Spare parts
RON2-33012,Spare parts
RON2-149894,Spare parts
RON2-140144,Spare parts
RON2-139357,Spare parts
SAM2-2504293,Spare parts
SAM2-2504290,Spare parts
SAM2-2504030,Spare parts
SAM2-2503995,Spare parts
SAM2-2502967,Spare parts
SAM2-2502960,Spare parts
SAM2-2502625,Spare parts
SAM2-2339014,Spare parts
SAM2-2149251,Spare parts
SAM2-2149250,Spare parts
SAM2-2149222,Spare parts
SAM2-2149221,Spare parts
SAM2-2149199,Spare parts
SAM2-2149149,Spare parts
SAM2-2149148,Spare parts
SAM2-2149122,Spare parts
SAM2-2149121,Spare parts
SAM2-2149118,Spare parts
SAM2-2149116,Spare parts
SAM2-2149108,Spare parts
SAM2-2149102,Spare parts
SAM2-2149101,Spare parts
SAM2-2149090,Spare parts
SAM2-2149033,Spare parts
SAM2-2149027,Spare parts
SAM2-2149024,Spare parts
SAM2-2149017,Spare parts
SAM2-2149015,Spare parts
SAM2-2149010,Spare parts
SAM2-2149009,Spare parts
SAM2-2149003,Spare parts
SAM2-2149002,Spare parts
SAM2-2141530,Spare parts
SAM2-2141485,Spare parts
SAM2-2141463,Spare parts
SAM2-2141413,Spare parts
SAM2-2141377,Spare parts
SAM2-2140873,Spare parts
SAM2-2140617,Spare parts
SAM2-2140614,Spare parts
SAM2-2140540,Spare parts
SAM2-2140531,Spare parts
SAM2-2140351,Spare parts
SAM2-2140306,Spare parts
SAM2-2140282,Spare parts
SAM2-2140243,Spare parts
SAM2-2140035,Spare parts
SAM2-2140032,Spare parts
SAM2-2119020,Spare parts
SAM2-2119009,Spare parts
SAM2-2059082,Spare parts
SAM2-2059078,Spare parts
SAM2-2059074,Spare parts
SAM2-2059066,Spare parts
SAM2-2059063,Spare parts
SAM2-2059062,Spare parts
SAM2-2059026,Spare parts
SAM2-2059015,Spare parts
SAM2-2059006,Spare parts
SAM2-2059003,Spare parts
SAM2-2050867,Spare parts
SAM2-2050621,Spare parts
SAM2-2050618,Spare parts
SAM2-2050608,Spare parts
SAM2-2050606,Spare parts
SAM2-2050575,Spare parts
SAM2-2019078,Spare parts
SAM2-2019076,Spare parts
SAM2-2019074,Spare parts
SAM2-2019030,Spare parts
SAM2-2011550,Spare parts
SAM2-2011530,Spare parts
SAM2-2011525,Spare parts
SAM2-2011510,Spare parts
SAM2-2009318,Spare parts
SAM2-2009313,Spare parts
SAM2-2009211,Spare parts
SAM2-2009080,Spare parts
SAM2-2009078,Spare parts
SAM2-2009077,Spare parts
SAM2-2009059,Spare parts
SAM2-2009058,Spare parts
SAM2-2009057,Spare parts
SAM2-2009055,Spare parts
SAM2-2009050,Spare parts
SAM2-2009045,Spare parts
SAM2-2002825,Spare parts
SAM2-2002650,Spare parts
SAM2-2002625,Spare parts
SAM2-2002450,Spare parts
SAM2-2002425,Spare parts
SAM2-2002215,Spare parts
SAM2-2002005,Spare parts
SAM2-2001575,Spare parts
SAM2-2001525,Spare parts
SAM2-2000720,Spare parts
SAM2-2000572,Spare parts
SAM2-2000571,Spare parts
SAM2-2000003,Spare parts
SAE2-U201002,Spare parts
SAE2-U143004,Spare parts
SAE2-NV99001,Spare parts
SAE2-NM05006,Spare parts
SAE2-NM02012,Spare parts
SAE2-NM02005,Spare parts
SAE2-NM02002,Spare parts
SAE2-NM01044,Spare parts
SAE2-NM01035,Spare parts
SAE2-NM01032,Spare parts
SAE2-NM01022,Spare parts
SAE2-NE05023,Spare parts
SAE2-NE05013,Spare parts
SAE2-9990001,Spare parts
SAE2-9161222,Spare parts
SAE2-9161175240,Spare parts
SAE2-9161174220,Spare parts
SAE2-9161132,Spare parts
SAE2-9161112150,Spare parts
SAE2-9161110,Spare parts
SAE2-9161108150,Spare parts
SAE2-91611080210,Spare parts
SAE2-9161080710,Spare parts
SAE2-9161050230,Spare parts
SAE2-9160039,Spare parts
SAE2-9160009150,Spare parts
SAE2-9151069150,Spare parts
SAE2-9141044,Spare parts
SAE2-9141034,Spare parts
SAE2-9141030,Spare parts
SAE2-9141029,Spare parts
SAE2-9141018,Spare parts
SAE2-912108000A,Spare parts
SAE2-9121069,Spare parts
SAE2-9121047,Spare parts
SAE2-9121042,Spare parts
SAE2-9111027160,Spare parts
SAE2-9071022,Spare parts
SAE2-907002600A,Spare parts
SAE2-334000658,Spare parts
SAE2-334000652,Spare parts
SAE2-334000400,Spare parts
SAE2-324000100,Spare parts
SAE2-314827,Spare parts
SAE2-310008600,Spare parts
SAE2-301859,Spare parts
SAE2-301813,Spare parts
SAE2-301811,Spare parts
SAE2-286700300,Spare parts
SAE2-286700200,Spare parts
SAE2-229180400,Spare parts
SAE2-229102800,Spare parts
SAE2-222900500,Spare parts
SAE2-222890358,Spare parts
SAE2-220640500,Spare parts
SAE2-196900752,Spare parts
SAE2-189424000,Spare parts
SAE2-189422600,Spare parts
SAE2-189421300,Spare parts
SAE2-186720700,Spare parts
SAE2-186720400,Spare parts
SAE2-186014000,Spare parts
SAE2-181561352,Spare parts
SAE2-149641336,Spare parts
SAE2-149430100,Spare parts
SAE2-149260259,Spare parts
SAE2-147890665,Spare parts
SAE2-147890565,Spare parts
SAE2-147713565,Spare parts
SAE2-147713265,Spare parts
SAE2-147712665,Spare parts
SAE2-147712565,Spare parts
SAE2-146570450,Spare parts
SAE2-145841400,Spare parts
SAE2-145800759,Spare parts
SAE2-142861665,Spare parts
SAE2-142842336,Spare parts
SAE2-142801236,Spare parts
SAE2-142800836,Spare parts
SAE2-142710180,Spare parts
SAE2-142660159,Spare parts
SAE2-142600536,Spare parts
SAE2-140321560,Spare parts
SAN2-54330,Spare parts
SAN2-54203,Spare parts
SAN2-54202,Spare parts
SAN2-54201,Spare parts
SAN2-54105,Spare parts
SAN2-54101,Spare parts
SAN2-53706,Spare parts
SAN2-53535,Spare parts
SAN2-53514,Spare parts
SAN2-52518,Spare parts
SAN2-52517,Spare parts
SAN2-52516,Spare parts
SAN2-52515-220-V,Spare parts
SAN2-52514,Spare parts
SAN2-52511,Spare parts
SAN2-52510,Spare parts
SAN2-52505,Spare parts
SAN2-52504,Spare parts
SAN2-52503,Spare parts
SAN2-52501,Spare parts
SAN2-52404,Spare parts
SAN2-52403,Spare parts
SAN2-52402,Spare parts
SAN2-52150,Spare parts
SAN2-52100,Spare parts
SAN2-50950,Spare parts
SAN2-50840,Spare parts
SAN2-50831,Spare parts
SAN2-50830,Spare parts
SAN2-50825,Spare parts
SAN2-50820,Spare parts
SAN2-50810,Spare parts
SAN2-50801,Spare parts
SAN2-50800,Spare parts
SAN2-50730,Spare parts
SAN2-50675,Spare parts
SAN2-50633,Spare parts
SAN2-50632,Spare parts
SAN2-50631,Spare parts
SAN2-50613,Spare parts
SAN2-50566,Spare parts
SAN2-50552,Spare parts
SAN2-50545,Spare parts
SAN2-50513,Spare parts
SAN2-50425,Spare parts
SAN2-50421,Spare parts
SAN2-50417,Spare parts
SAN2-50415,Spare parts
SAN2-50413,Spare parts
SAN2-50411,Spare parts
SAN2-50400,Spare parts
SAN2-50210,Spare parts
SAN2-50203,Spare parts
SAN2-50202,Spare parts
SAN2-50201,Spare parts
SAN2-50200C,Spare parts
SAN2-50200,Spare parts
SAN2-50151,Spare parts
SAN2-50101,Spare parts
SAN2-50100,Spare parts
SAN2-40711K,Spare parts
SAN2-40500,Spare parts
SAN2-40102,Spare parts
SAN2-40101,Spare parts
SAN2-37490,Spare parts
SAN2-37460,Spare parts
SAN2-37456,Spare parts
SAN2-37454,Spare parts
SAN2-37442,Spare parts
SAN2-37440,Spare parts
SAN2-37436,Spare parts
SAN2-37435,Spare parts
SAN2-37434,Spare parts
SAN2-37430,Spare parts
SAN2-37416,Spare parts
SAN2-37402,Spare parts
SAN2-37340,Spare parts
SAN2-37330,Spare parts
SAN2-37313,Spare parts
SAN2-37300,Spare parts
SAN2-37240,Spare parts
SAN2-37230,Spare parts
SAN2-37213,Spare parts
SAN2-37207,Spare parts
SAN2-37199,Spare parts
SAN2-37195,Spare parts
SAN2-37189,Spare parts
SAN2-37188,Spare parts
SAN2-37184,Spare parts
SAN2-37176,Spare parts
SAN2-37175,Spare parts
SAN2-37174,Spare parts
SAN2-37173,Spare parts
SAN2-37172,Spare parts
SAN2-37171,Spare parts
SAN2-37135I,Spare parts
SAN2-37134,Spare parts
SAN2-37110,Spare parts
SAN2-37106,Spare parts
SAN2-37105I,Spare parts
SAN2-37104,Spare parts
SAN2-37103I,Spare parts
SAN2-37102,Spare parts
SAN2-37101,Spare parts
SAN2-33245,Spare parts
SAN2-33235,Spare parts
SAN2-33209,Spare parts
SAN2-33207,Spare parts
SAN2-33203,Spare parts
SAN2-33131,Spare parts
SAN2-33128,Spare parts
SAN2-33125,Spare parts
SAN2-33122,Spare parts
SAN2-33120,Spare parts
SAN2-33119,Spare parts
SAN2-33118,Spare parts
SAN2-33113,Spare parts
SAN2-33112,Spare parts
SAN2-33111,Spare parts
SAN2-33110,Spare parts
SAN2-33108,Spare parts
SAN2-33107,Spare parts
SAN2-33106,Spare parts
SAN2-33105,Spare parts
SAN2-33104,Spare parts
SAN2-33103,Spare parts
SAN2-33102,Spare parts
SAN2-33101,Spare parts
SAN2-33100,Spare parts
SAN2-2LP,Spare parts
SAN2-28950,Spare parts
SAN2-28895,Spare parts
SAN2-28890,Spare parts
SAN2-28889,Spare parts
SAN2-28888I,Spare parts
SAN2-28874,Spare parts
SAN2-28872,Spare parts
SAN2-28871,Spare parts
SAN2-28865,Spare parts
SAN2-28860,Spare parts
SAN2-28856,Spare parts
SAN2-28855,Spare parts
SAN2-28854,Spare parts
SAN2-28853,Spare parts
SAN2-28705,Spare parts
SAN2-28659,Spare parts
SAN2-28658,Spare parts
SAN2-28654,Spare parts
SAN2-28652,Spare parts
SAN2-28604,Spare parts
SAN2-28601,Spare parts
SAN2-28600,Spare parts
SAN2-28516,Spare parts
SAN2-28505,Spare parts
SAN2-28402,Spare parts
SAN2-28300,Spare parts
SAN2-28201,Spare parts
SAN2-28200B,Spare parts
SAN2-28200,Spare parts
SAN2-28105,Spare parts
SAN2-28100,Spare parts
SAN2-11420,Spare parts
SAN2-11405,Spare parts
SER2-82351,Spare parts
SER2-82035,Spare parts
SAV2-68117,Spare parts
SAV2-52052,Spare parts
SAV2-51280,Spare parts
SAV2-51207,Spare parts
SAV2-51203,Spare parts
SAV2-51202,Spare parts
SAV2-51189,Spare parts
SAV2-51142,Spare parts
SAV2-51134,Spare parts
SAV2-51098,Spare parts
VRM2-21-85020440,Spare parts
VRM2-21-81220031,Spare parts
VRM2-21-81170108,Spare parts
VRM2-21-40002568,Spare parts
VRM2-21-40002545,Spare parts
VRM2-14030-0502,Spare parts
VRM2-08030-0804,Spare parts
VRM2-08020-0001,Spare parts
VRM2-00001,Spare parts
VOL2-XMIX1020,Spare parts
VOL2-XMIX1004,Spare parts
VOL2-XMIX1002,Spare parts
VOL2-40764,Spare parts
VOL2-40763,Spare parts
VOL2-40762,Spare parts
VOL2-40761,Spare parts
VOL2-29837,Spare parts
VOL2-29832,Spare parts
VOL2-29831,Spare parts
VOL2-29830,Spare parts
VOL2-29828,Spare parts
VOL2-29827,Spare parts
VOL2-29826,Spare parts
VOL2-29825,Spare parts
VOL2-29823,Spare parts
VOL2-29818,Spare parts
VOL2-28717,Spare parts
VOL2-00001,Spare parts
VAC2-TAPE,Spare parts
VAC2-SILICON-PROFIL,Spare parts
VAC2-SILICON,Spare parts
VAC2-PRESSURE-TUBE,Spare parts
VAC2-GASKET,Spare parts
UNO2-KVN1170A,Spare parts
UNO2-KVL1037A,Spare parts
UNO2-KVL1014A,Spare parts
UNO2-KVL0001A,Spare parts
UNO2-KVG1014A,Spare parts
UNO2-KVE1636A,Spare parts
UNO2-KVE1026A,Spare parts
UNO2-KVE1020B,Spare parts
UNO2-KVE0009B,Spare parts
UNO2-KVE0008A,Spare parts
UNO2-KV11220A,Spare parts
UNO2-KTR1141A,Spare parts
UNO2-KTR1106A,Spare parts
UNO2-KSL1025A,Spare parts
UNO2-KRS1215A,Spare parts
UNO2-KRS1095A,Spare parts
UNO2-KPE2046A,Spare parts
UNO2-KPE2021A,Spare parts
UNO2-KPE1710A,Spare parts
UNO2-KGN1521A,Spare parts
UNO2-KGN1392C,Spare parts
UNO2-KEL1432A,Spare parts
UNO2-KEL1424A,Spare parts
UNO2-KBR1355A,Spare parts
UNO2-KBR1354A,Spare parts
UNI2-S-S-BOWL,Spare parts
UNI2-7100028,Spare parts
UNI2-7100021,Spare parts
UNI2-7100020,Spare parts
UNI2-1035024,Spare parts
UNI2-1023087,Spare parts
UNI2-06000220,Spare parts
TS2-5SV-H,Spare parts
TS2-012534-45L,Spare parts
TS2-00922-45,Spare parts
TS2-00888-45,Spare parts
TS2-00821-40,Spare parts
TS2-004R,Spare parts
TS2-00372-40,Spare parts
TS2-002987-40,Spare parts
TS2-002856-40,Spare parts
TS2-001120-45,Spare parts
TS2-001085-45,Spare parts
TS2-000973-45,Spare parts
TS2-000934-45,Spare parts
TS2-000842-20,Spare parts
TRI2-TS-27051,Spare parts
TRI2-TS-2505,Spare parts
TRI2-TS-21070,Spare parts
TRI2-TS-2033,Spare parts
TRI2-TS-1700-56,Spare parts
TRI2-TS-1700-55,Spare parts
TRI2-TS-1636,Spare parts
TRI2-TS-1625-52,Spare parts
TRI2-TS-1609,Spare parts
TRI2-TS-1232,Spare parts
TRI2-TS-1231,Spare parts
TRI2-TS-1225,Spare parts
TRI2-TS-1202,Spare parts
TRI2-TS-1201,Spare parts
TRI2-TS-1176,Spare parts
TRI2-TS-1175,Spare parts
TRI2-TS-1145,Spare parts
TRI2-TS-1110,Spare parts
TRI2-TS-1096,Spare parts
TRI2-TS-1075,Spare parts
TRI2-TS-1040,Spare parts
TRI2-TS-1039,Spare parts
TRI2-TS-1031,Spare parts
TRI2-TS-1025-16,Spare parts
TRI2-TS-1020,Spare parts
TRI2-TS-1007,Spare parts
TRI2-TS-10000-14,Spare parts
TOM2-2912650B,Spare parts
TOM2-2912603B,Spare parts
TOM2-28153242,Spare parts
TOM2-2541276,Spare parts
TOL2-P338,Spare parts
TOL2-P301,Spare parts
TOL2-D88D,Spare parts
TOL2-D83M,Spare parts
TOL2-D82C,Spare parts
TOL2-D82,Spare parts
TOL2-D73,Spare parts
TOL2-D17A,Spare parts
TOA2-T7236B8714,Spare parts
TOA2-T3000639,Spare parts
TOA2-BO10172,Spare parts
TOA2-BO10171,Spare parts
TOA2-BO10167,Spare parts
TOA2-BO10143,Spare parts
TOA2-BO10132,Spare parts
TOA2-BO10059NEO,Spare parts
TOA2-BO10057NEO,Spare parts
TOA2-3101772,Spare parts
TOA2-1952716,Spare parts
TOA2-1952715,Spare parts
TOA2-1952714,Spare parts
TOA2-1952221,Spare parts
TOA2-1852351,Spare parts
TOA2-1850855,Spare parts
TOA2-1850854,Spare parts
TOA2-1001090,Spare parts
TOA2-1000831,Spare parts
TBC2-TC3-0433,Spare parts
TBC2-NGC-3083,Spare parts
WIN2-2110302,Spare parts
WIN2-2106329,Spare parts
WIN2-2105304,Spare parts
WIN2-2101302,Spare parts
WIN2-2101301,Spare parts
WIN2-2101203,Spare parts
WIN2-2030503,Spare parts
WIN2-2030502,Spare parts
WIN2-2030002,Spare parts
WIN2-2019204,Spare parts
WIN2-2019201,Spare parts
WIN2-2018262,Spare parts
WIN2-2017306,Spare parts
WIN2-2017301,Spare parts
WIN2-0117003,Spare parts
WES2-WBD-P704-179,Spare parts
WES2-P99-72,Spare parts
WES2-P89-86,Spare parts
WES2-P683-10,Spare parts
WES2-P650-3,Spare parts
WES2-P490-19,Spare parts
WES2-P435-109,Spare parts
WES2-P434-9,Spare parts
WES2-P399-109L,Spare parts
WES2-P399-109,Spare parts
WES2-P317-109,Spare parts
WES2-P223-81,Spare parts
WES2-P187-97,Spare parts
WES2-P169-45D,Spare parts
WES2-P168-45D,Spare parts
WES2-P118-81,Spare parts
WES2-P1053-20D,Spare parts
WES2-KP58BP069,Spare parts
WES2-KM11PS102,Spare parts
WES2-KA36FT02201BK,Spare parts
WES2-6-59,Spare parts
WES2-33600-12D,Spare parts
WES2-1415835,Spare parts
WEL2-50562,Spare parts
WEL2-50516,Spare parts
WEL2-50398,Spare parts
WAR2-501838,Spare parts
WAR2-500979,Spare parts
WAR2-500978,Spare parts
WAR2-018102,Spare parts
WAR2-017989,Spare parts
WAR2-013715,Spare parts
WAR2-013470,Spare parts
WAR2-012712,Spare parts
WAR2-012008,Spare parts
WAR2-010698,Spare parts
WAR2-009358,Spare parts
WAR2-004950,Spare parts
WAR2-004949,Spare parts
WAR2-002993,Spare parts
WAR2-002973,Spare parts
WAR2-002972,Spare parts
WAR2-002965,Spare parts
WAR2-002963,Spare parts
WAR2-002930,Spare parts
VUL2-BL008-14,Spare parts
VUL2-719951-56,Spare parts
VUL2-719221,Spare parts
VUL2-420560-1,Spare parts
VUL2-418051-55,Spare parts
VUL2-417865-1,Spare parts
VUL2-417424-G1,Spare parts
VUL2-417366-1,Spare parts
VUL2-417256-1,Spare parts
VUL2-413614-1,Spare parts
VUL2-413381-2,Spare parts
VUL2-413381-1,Spare parts
VUL2-413225-G1,Spare parts
VUL2-412787-2,Spare parts
VUL2-409125-3,Spare parts
VUL2-407789-3,Spare parts
VUL2-407789-1,Spare parts
VUL2-407727-3,Spare parts
VUL2-404193-1,Spare parts
VUL2-404145-1,Spare parts
VUL2-402957-2,Spare parts
VRM2-W40P-275,Spare parts
VRM2-W40-78M,Spare parts
VRM2-W40-75AM,Spare parts
VRM2-W40-605E,Spare parts
VRM2-W40-603E,Spare parts
VRM2-W40-600M,Spare parts
VRM2-W40-209,Spare parts
VRM2-W30-188.17Z,Spare parts
VRM2-STA7210,Spare parts
VRM2-STA6529,Spare parts
VRM2-STA6460,Spare parts
VRM2-STA6370,Spare parts
VRM2-STA6205,Spare parts
VRM2-STA6056,Spare parts
VRM2-STA6043,Spare parts
VRM2-STA6040,Spare parts
VRM2-STA6033,Spare parts
VRM2-STA5819,Spare parts
VRM2-STA5721,Spare parts
VRM2-STA5623,Spare parts
VRM2-STA5561,Spare parts
VRM2-STA5344,Spare parts
VRM2-STA5319,Spare parts
VRM2-STA5088,Spare parts
VRM2-STA5047,Spare parts
VRM2-STA3580,Spare parts
VRM2-STA3526,Spare parts
VRM2-STA3520,Spare parts
VRM2-STA3514,Spare parts
VRM2-STA3467,Spare parts
VRM2-STA3425,Spare parts
VRM2-STA3421,Spare parts
VRM2-STA3410,Spare parts
VRM2-STA3407,Spare parts
VRM2-STA3143,Spare parts
VRM2-STA3014,Spare parts
VRM2-STA3002,Spare parts
VRM2-STA2522,Spare parts
VRM2-STA2040,Spare parts
VRM2-STA2037,Spare parts
VRM2-STA2030,Spare parts
VRM2-STA2024,Spare parts
VRM2-STA2007,Spare parts
VRM2-RN30-27.2M,Spare parts
VRM2-RN20-9,Spare parts
VRM2-RN20-85.332,Spare parts
VRM2-RN20-85.331,Spare parts
VRM2-RN20-85.330,Spare parts
VRM2-RN20-85.1M,Spare parts
VRM2-RN20-85.031M,Spare parts
VRM2-RN20-85.031,Spare parts
VRM2-RN20-65.1Z,Spare parts
VRM2-RN20-552M,Spare parts
VRM2-RN20-552.2M,Spare parts
VRM2-RN20-501M,Spare parts
VRM2-RN20-30.6Z,Spare parts
VRM2-RN20-30.3Z,Spare parts
VRM2-RN20-27M,Spare parts
VRM2-RN100-6M,Spare parts
VRM2-R60-91,Spare parts
VRM2-R60-78.5M,Spare parts
VRM2-R60-41Z,Spare parts
VRM2-R60-33.5Z,Spare parts
VRM2-R60-33.2Z,Spare parts
VRM2-R60-285,Spare parts
VRM2-R60-2.9M,Spare parts
VRM2-R60-2.12M,Spare parts
VRM2-R60-110,Spare parts
VRM2-R40-96,Spare parts
VRM2-R40-85.1,Spare parts
VRM2-R40-78M,Spare parts
VRM2-R40-78AM,Spare parts
VRM2-R40-78.5M,Spare parts
VRM2-R40-3M5,Spare parts
VRM2-R40-36Z,Spare parts
VRM2-R40-36M5,Spare parts
VRM2-R40-34,Spare parts
VRM2-R40-33Z,Spare parts
VRM2-R40-32,Spare parts
VRM2-R40-31,Spare parts
VRM2-R40-30Z,Spare parts
VRM2-R40-2M5,Spare parts
VRM2-R40-27.2M,Spare parts
VRM2-R40-2.23Z,Spare parts
VRM2-R40-2.15M,Spare parts
VRM2-R40-1M5,Spare parts
VRM2-R40-141,Spare parts
VRM2-R40-129M5,Spare parts
VRM2-R40-129,Spare parts
WIN2-3124272,Spare parts
WIN2-3124229,Spare parts
WIN2-3124228,Spare parts
WIN2-3124221,Spare parts
WIN2-3124216,Spare parts
WIN2-3124194,Spare parts
WIN2-3124193,Spare parts
WIN2-3124191,Spare parts
WIN2-3124190,Spare parts
WIN2-3124187,Spare parts
WIN2-3124186,Spare parts
WIN2-3124185,Spare parts
WIN2-3124184,Spare parts
WIN2-3124166,Spare parts
WIN2-3124164,Spare parts
WIN2-3124163,Spare parts
WIN2-3124162,Spare parts
WIN2-3124161,Spare parts
WIN2-3124150,Spare parts
WIN2-3124144,Spare parts
WIN2-3124131,Spare parts
WIN2-3124130(GS10-2),Spare parts
WIN2-3124130,Spare parts
WIN2-3124116,Spare parts
WIN2-3124115,Spare parts
WIN2-3124112,Spare parts
WIN2-3124111(1500),Spare parts
WIN2-3124104,Spare parts
WIN2-3124068,Spare parts
WIN2-3124036,Spare parts
WIN2-3124008,Spare parts
WIN2-3124002,Spare parts
WIN2-3117007,Spare parts
WIN2-3116090,Spare parts
WIN2-3116076,Spare parts
WIN2-3116074,Spare parts
WIN2-3116070,Spare parts
WIN2-3116062,Spare parts
WIN2-3116050,Spare parts
WIN2-3116021,Spare parts
WIN2-3116014,Spare parts
WIN2-3113180,Spare parts
WIN2-3113165,Spare parts
WIN2-3113163,Spare parts
WIN2-3113120,Spare parts
WIN2-3113112,Spare parts
WIN2-3113099,Spare parts
WIN2-3113090,Spare parts
WIN2-3113077,Spare parts
WIN2-3113073,Spare parts
WIN2-3113072,Spare parts
WIN2-3113071,Spare parts
WIN2-3113063,Spare parts
WIN2-3113062,Spare parts
WIN2-3113040,Spare parts
WIN2-3113029,Spare parts
WIN2-3113028,Spare parts
WIN2-3111317,Spare parts
WIN2-3111316,Spare parts
WIN2-3111311,Spare parts
WIN2-3111205,Spare parts
WIN2-3111111,Spare parts
WIN2-3111110,Spare parts
WIN2-3111104,Spare parts
WIN2-3111101,Spare parts
WIN2-3111100,Spare parts
WIN2-3111085,Spare parts
WIN2-3111084,Spare parts
WIN2-3111083,Spare parts
WIN2-3111082,Spare parts
WIN2-3111043,Spare parts
WIN2-3109224,Spare parts
WIN2-3109223,Spare parts
WIN2-3109222,Spare parts
WIN2-3109155,Spare parts
WIN2-3109072,Spare parts
WIN2-3109025,Spare parts
WIN2-3108117,Spare parts
WIN2-3108116,Spare parts
WIN2-3108064,Spare parts
WIN2-3108062,Spare parts
WIN2-3108060,Spare parts
WIN2-3108054,Spare parts
WIN2-3108025,Spare parts
WIN2-3108023,Spare parts
WIN2-3108022,Spare parts
WIN2-3108017,Spare parts
WIN2-3108006,Spare parts
WIN2-3108002,Spare parts
WIN2-3106250,Spare parts
WIN2-3106214,Spare parts
WIN2-3106182,Spare parts
WIN2-3106180,Spare parts
WIN2-3106135,Spare parts
WIN2-3106134,Spare parts
WIN2-3106118,Spare parts
WIN2-3106116,Spare parts
WIN2-3106115,Spare parts
WIN2-3106082,Spare parts
WIN2-3106080,Spare parts
WIN2-3106052,Spare parts
WIN2-3106051,Spare parts
WIN2-3106046,Spare parts
WIN2-3106044,Spare parts
WIN2-3106043,Spare parts
WIN2-3105199,Spare parts
WIN2-3105149,Spare parts
WIN2-3105144,Spare parts
WIN2-3105140,Spare parts
WIN2-3105131,Spare parts
WIN2-3105119,Spare parts
WIN2-3105111,Spare parts
WIN2-3105110,Spare parts
WIN2-3105100,Spare parts
WIN2-3104196,Spare parts
WIN2-3104169,Spare parts
WIN2-3104168,Spare parts
WIN2-3104166,Spare parts
WIN2-3104164,Spare parts
WIN2-3104162,Spare parts
WIN2-3104158,Spare parts
WIN2-3104157,Spare parts
WIN2-3104154,Spare parts
WIN2-3104152,Spare parts
WIN2-3104139,Spare parts
WIN2-3104131,Spare parts
WIN2-3104130,Spare parts
WIN2-3104120,Spare parts
WIN2-3104117-(GS23S),Spare parts
WIN2-3104117,Spare parts
WIN2-3104116,Spare parts
WIN2-3104115,Spare parts
WIN2-3104114,Spare parts
WIN2-3104098,Spare parts
WIN2-3104082,Spare parts
WIN2-3104067,Spare parts
WIN2-3104066,Spare parts
WIN2-3104061,Spare parts
WIN2-3104059,Spare parts
WIN2-3104058,Spare parts
WIN2-3104057,Spare parts
WIN2-3104052,Spare parts
WIN2-3103169,Spare parts
WIN2-3103158,Spare parts
WIN2-3103152,Spare parts
WIN2-3103136,Spare parts
WIN2-3103100,Spare parts
WIN2-3103084,Spare parts
WIN2-3103082,Spare parts
WIN2-3103067,Spare parts
WIN2-3103062,Spare parts
WIN2-3103054,Spare parts
WIN2-3103032,Spare parts
WIN2-3103027,Spare parts
WIN2-3103025,Spare parts
WIN2-3103018,Spare parts
WIN2-3103017,Spare parts
WIN2-3103015,Spare parts
WIN2-3102597,Spare parts
WIN2-3102561,Spare parts
WIN2-3102519,Spare parts
WIN2-3102477,Spare parts
WIN2-650020804,Spare parts
WIN2-650020793,Spare parts
WIN2-62003614,Spare parts
WIN2-62003600,Spare parts
WIN2-62003596,Spare parts
WIN2-62003406,Spare parts
WIN2-62003352,Spare parts
WIN2-62003351,Spare parts
WIN2-62003350,Spare parts
WIN2-62003347,Spare parts
WIN2-62003345,Spare parts
WIN2-62003282,Spare parts
WIN2-62003099,Spare parts
WIN2-62003066,Spare parts
WIN2-62003015,Spare parts
WIN2-62003000,Spare parts
WIN2-62002984,Spare parts
WIN2-62002829,Spare parts
WIN2-62002811,Spare parts
WIN2-62002648,Spare parts
WIN2-62002442,Spare parts
WIN2-62002011,Spare parts
WIN2-62002010,Spare parts
WIN2-620020053,Spare parts
WIN2-620020044,Spare parts
WIN2-62001958,Spare parts
WIN2-62001950,Spare parts
WIN2-62001943,Spare parts
WIN2-62001867,Spare parts
WIN2-62001866,Spare parts
WIN2-62001837,Spare parts
WIN2-62001836,Spare parts
WIN2-62001812,Spare parts
WIN2-62001810,Spare parts
WIN2-62001805,Spare parts
WIN2-62001776,Spare parts
WIN2-62001658,Spare parts
WIN2-62001618,Spare parts
WIN2-62001486,Spare parts
WIN2-62001485,Spare parts
WIN2-62001433,Spare parts
WIN2-62001405,Spare parts
WIN2-62001401,Spare parts
WIN2-62001391,Spare parts
WIN2-62001366,Spare parts
WIN2-620013342,Spare parts
WIN2-62001292,Spare parts
WIN2-62001190,Spare parts
WIN2-62001189,Spare parts
WIN2-62001160,Spare parts
WIN2-62001159,Spare parts
WIN2-62001158,Spare parts
WIN2-61007025,Spare parts
WIN2-61007023,Spare parts
WIN2-61006875,Spare parts
WIN2-61006874,Spare parts
WIN2-61006861,Spare parts
WIN2-61006768,Spare parts
WIN2-61006243,Spare parts
WIN2-61006241,Spare parts
WIN2-61006178,Spare parts
WIN2-61006065,Spare parts
WIN2-61006064,Spare parts
WIN2-610060324,Spare parts
WIN2-61005446,Spare parts
WIN2-61005339,Spare parts
WIN2-61005333,Spare parts
WIN2-61005229,Spare parts
WIN2-61005206,Spare parts
WIN2-61005204,Spare parts
WIN2-61005203,Spare parts
WIN2-61005201,Spare parts
WIN2-61005198,Spare parts
WIN2-61005196,Spare parts
WIN2-61005187,Spare parts
WIN2-61005184,Spare parts
WIN2-61005182,Spare parts
WIN2-61005083,Spare parts
WIN2-61005052,Spare parts
WIN2-61004984,Spare parts
WIN2-61004969,Spare parts
WIN2-61004904,Spare parts
WIN2-61004900,Spare parts
WIN2-61004885,Spare parts
WIN2-61004880,Spare parts
WIN2-61004859,Spare parts
WIN2-61004787,Spare parts
WIN2-61004786,Spare parts
WIN2-61004545,Spare parts
WIN2-61004529,Spare parts
WIN2-61004421,Spare parts
WIN2-61004175,Spare parts
WIN2-61003085,Spare parts
WIN2-610030324,Spare parts
WIN2-610030314,Spare parts
WIN2-61002741,Spare parts
WIN2-61002679,Spare parts
WIN2-61002608,Spare parts
WIN2-61002564,Spare parts
WIN2-61002557,Spare parts
WIN2-610025403,Spare parts
WIN2-61002522,Spare parts
WIN2-61002486,Spare parts
WIN2-610023923,Spare parts
WIN2-61002391,Spare parts
WIN2-61002390,Spare parts
WIN2-61002343,Spare parts
WIN2-610023293,Spare parts
WIN2-610023283,Spare parts
WIN2-61002310,Spare parts
WIN2-610022703,Spare parts
WIN2-61002263,Spare parts
WIN2-61002211,Spare parts
WIN2-610020843,Spare parts
WIN2-61002084,Spare parts
WIN2-610020811,Spare parts
WIN2-61002069,Spare parts
WIN2-610020680,Spare parts
WIN2-610020232,Spare parts
WIN2-61002023,Spare parts
WIN2-61001713,Spare parts
WIN2-60004381,Spare parts
WIN2-60003995,Spare parts
WIN2-60003994,Spare parts
WIN2-60003778,Spare parts
WIN2-60003646,Spare parts
WIN2-60003620,Spare parts
WIN2-60003606,Spare parts
WIN2-60003597,Spare parts
WIN2-60003595,Spare parts
WIN2-60003522,Spare parts
WIN2-60003520,Spare parts
ZAN2-MANI0127,Spare parts
ZAN2-MANI0064,Spare parts
ZAN2-MANI0058,Spare parts
ZAN2-MANI0009,Spare parts
ZAN2-MANDX,Spare parts
ZAN2-LAMP0037,Spare parts
ZAN2-LAMP0021,Spare parts
ZAN2-LAMP0011,Spare parts
ZAN2-LAMP0007,Spare parts
ZAN2-LAMP0006,Spare parts
ZAN2-LAMP0002,Spare parts
ZAN2-INTE0012,Spare parts
ZAN2-INTE0011,Spare parts
ZAN2-INTE0004,Spare parts
ZAN2-GUAR0040,Spare parts
ZAN2-GUAR0032,Spare parts
ZAN2-GASI0049,Spare parts
ZAN2-GASI0007,Spare parts
ZAN2-FLTR0002,Spare parts
ZAN2-ELET0828,Spare parts
ZAN2-ELET0807,Spare parts
ZAN2-ELET0563,Spare parts
ZAN2-ELET0551,Spare parts
ZAN2-ELET0550,Spare parts
ZAN2-ELET0549,Spare parts
ZAN2-ELET0548,Spare parts
ZAN2-ELET0518,Spare parts
ZAN2-ELET0483,Spare parts
ZAN2-ELET0462,Spare parts
ZAN2-ELET0436,Spare parts
ZAN2-ELET0327,Spare parts
ZAN2-ELET0235,Spare parts
ZAN2-ELET0204,Spare parts
ZAN2-ELET0160,Spare parts
ZAN2-ELET0149,Spare parts
ZAN2-ELET0148,Spare parts
ZAN2-ELET0138,Spare parts
ZAN2-ELET0136,Spare parts
ZAN2-ELET0134,Spare parts
ZAN2-ELET0119,Spare parts
ZAN2-ELET0116,Spare parts
ZAN2-ELET0100,Spare parts
ZAN2-ELET0085,Spare parts
ZAN2-ELET0076,Spare parts
ZAN2-ELET0075,Spare parts
ZAN2-ELET0062,Spare parts
ZAN2-ELET0058,Spare parts
ZAN2-ELET0035,Spare parts
ZAN2-ELET0003,Spare parts
ZAN2-ELET0002,Spare parts
ZAN2-ELET0001,Spare parts
ZAN2-CRIS0094,Spare parts
ZAN2-CRIS0028,Spare parts
ZAN2-CRIS0026,Spare parts
ZAN2-CRIS0023,Spare parts
ZAN2-CINGHIA-SPZX-1060,Spare parts
ZAN2-CART0338,Spare parts
ZAN2-CART0018,Spare parts
ZAN2-CARP0588,Spare parts
ZAN2-CARP0248,Spare parts
ZAN2-BOCC0020,Spare parts
ZAN2-BOCC0006,Spare parts
ZAN2-BGAS0025,Spare parts
ZAN2-ASTA0007,Spare parts
ZAN2-ASSM1380,Spare parts
ZAN2-ASSM1377,Spare parts
ZAN2-AGAS0036,Spare parts
ZAN2-AGAS0023,Spare parts
ZAN2-AGAS0022,Spare parts
ZAN2-AGAS0014,Spare parts
ZAN2-ACCE0151,Spare parts
ZAN2-0TU0V04,Spare parts
ZAN2-00001,Spare parts
XIN2-TW-7S-45,Spare parts
XIN2-TW-7S-40,Spare parts
XIN2-TW-32S-32,Spare parts
XIN2-TW-32S-30,Spare parts
XIN2-TW-32S-28,Spare parts
XIN2-TW-32S-26,Spare parts
XIN2-TW-32S-24,Spare parts
XIN2-TW-32S-19,Spare parts
XIN2-TW-32S-16,Spare parts
XIN2-TW-32S-13,Spare parts
XIN2-TW-32S-10,Spare parts
XIN2-DT,Spare parts
WYO2-89406,Spare parts
WYO2-8705600,Spare parts
WYO2-85285,Spare parts
WYO2-85144,Spare parts
WYO2-83859,Spare parts
WYO2-83821,Spare parts
WYO2-83273,Spare parts
WYO2-83261,Spare parts
WYO2-83240,Spare parts
WYO2-72533,Spare parts
WYO2-705462,Spare parts
WYO2-55817,Spare parts
WYO2-55682,Spare parts
WYO2-54008,Spare parts
WYO2-46879,Spare parts
WYO2-46850,Spare parts
WYO2-46837,Spare parts
WYO2-46831,Spare parts
WYO2-3102200,Spare parts
WYO2-217485-05,Spare parts
WYO2-217475-30,Spare parts
WYO2-20928-00,Spare parts
WYO2-2092710,Spare parts
WYO2-2091912,Spare parts
WYO2-2066100,Spare parts
WYO2-20658-01,Spare parts
WYO2-1473400,Spare parts
WYO2-1473210,Spare parts
WYO2-1473103,Spare parts
WYO2-1473102,Spare parts
WYO2-1431430,Spare parts
ZNS2-0TH122,Spare parts
ZNS2-0L2666,Spare parts
ZNS2-0L2560,Spare parts
ZNS2-0L2303,Spare parts
ZNS2-0L2095,Spare parts
ZNS2-0L2071,Spare parts
ZNS2-0L2053,Spare parts
ZNS2-0L1974,Spare parts
ZNS2-0L1951,Spare parts
ZNS2-0L1945,Spare parts
ZNS2-0L1914,Spare parts
ZNS2-0L1887,Spare parts
ZNS2-0L1871,Spare parts
ZNS2-0L1676,Spare parts
ZNS2-0L1640,Spare parts
ZNS2-0L1568,Spare parts
ZNS2-0L1006,Spare parts
ZNS2-0L1005,Spare parts
ZNS2-0L0598,Spare parts
ZNS2-0L0567,Spare parts
ZNS2-0L0556,Spare parts
ZNS2-0L0366,Spare parts
ZNS2-0L0365,Spare parts
ZNS2-0L0280,Spare parts
ZNS2-0L0111,Spare parts
ZNS2-0L0099,Spare parts
ZNS2-0L0098,Spare parts
ZNS2-0L0090,Spare parts
ZNS2-0L0084,Spare parts
ZNS2-0L0068,Spare parts
ZNS2-0L0058,Spare parts
ZNS2-0L0057,Spare parts
ZNS2-0L0056,Spare parts
ZNS2-0L0055,Spare parts
ZNS2-0L0052,Spare parts
ZNS2-0E5037,Spare parts
ZNS2-0CA760,Spare parts
ZNS2-0CA490,Spare parts
ZNS2-0CA464,Spare parts
ZNS2-0C9967,Spare parts
ZNS2-0C9655,Spare parts
ZNS2-0C9635,Spare parts
ZNS2-0C7705,Spare parts
ZNS2-0C7625,Spare parts
ZNS2-0C7622,Spare parts
ZNS2-0C7333,Spare parts
ZNS2-0C7244,Spare parts
ZNS2-0C7243,Spare parts
ZNS2-0C7226,Spare parts
ZNS2-0C7141,Spare parts
ZNS2-0C5421,Spare parts
ZNS2-0C5247,Spare parts
ZNS2-0C3646,Spare parts
ZNS2-0C3645,Spare parts
ZNS2-0C3644,Spare parts
ZNS2-0C3643,Spare parts
ZNS2-0C2697,Spare parts
ZNS2-0C2666,Spare parts
ZNS2-0C2616,Spare parts
ZNS2-0C2581,Spare parts
ZNS2-0C2526,Spare parts
ZNS2-0C1280,Spare parts
ZNS2-0C1007,Spare parts
ZNS2-0C0854,Spare parts
ZNS2-0C0730,Spare parts
ZNS2-0C0640,Spare parts
ZNS2-0C0205,Spare parts
ZNS2-0C0202,Spare parts
ZNS2-0C0188,Spare parts
ZNS2-0C0129,Spare parts
ZNS2-0C0127,Spare parts
ZNS2-0C0125,Spare parts
ZNS2-0C0121,Spare parts
ZNS2-0A2914,Spare parts
ZNS2-0A2533,Spare parts
ZNS2-0A2472,Spare parts
ZNS2-083406,Spare parts
ZNS2-072393,Spare parts
ZNS2-068642,Spare parts
ZNS2-059314,Spare parts
ZNS2-057728,Spare parts
ZNS2-056783,Spare parts
ZNS2-054593,Spare parts
ZNS2-053819,Spare parts
ZNS2-053705,Spare parts
ZNS2-053665,Spare parts
ZNS2-052127,Spare parts
ZNS2-052125,Spare parts
ZNS2-052062,Spare parts
ZNS2-051907,Spare parts
ZNS2-051906,Spare parts
ZNS2-051389,Spare parts
ZNS2-049904,Spare parts
ZNS2-049828,Spare parts
ZNS2-049810,Spare parts
ZNS2-049773,Spare parts
ZNS2-049643,Spare parts
ZNS2-049627,Spare parts
ZNS2-049600,Spare parts
ZNS2-049599,Spare parts
ZNS2-049594,Spare parts
ZNS2-049593,Spare parts
ZNS2-049583,Spare parts
ZNS2-049527,Spare parts
ZNS2-049436,Spare parts
ZNS2-049379,Spare parts
ZNS2-049287,Spare parts
ZNS2-049268,Spare parts
ZNS2-048853,Spare parts
ZNS2-048820,Spare parts
ZNS2-048746,Spare parts
ZNS2-048632,Spare parts
ZNS2-048579,Spare parts
ZNS2-048531,Spare parts
ZNS2-048429,Spare parts
ZNS2-048401,Spare parts
ZNS2-048308,Spare parts
ZNS2-048290,Spare parts
ZNS2-048250,Spare parts
ZNS2-048237,Spare parts
ZNS2-048235,Spare parts
ZNS2-048231,Spare parts
ZNS2-048229,Spare parts
ZNS2-046799,Spare parts
ZNS2-026806,Spare parts
ZNS2-020997,Spare parts
ZNS2-006879,Spare parts
ZNS2-006710,Spare parts
ZNS2-006206,Spare parts
ZNS2-006205,Spare parts
ZNS2-005942,Spare parts
ZNS2-005932,Spare parts
ZNS2-005929,Spare parts
ZNS2-005366,Spare parts
ZNS2-004836,Spare parts
ZNS2-004591,Spare parts
ZNS2-004492,Spare parts
ZNS2-004362,Spare parts
ZNS2-004361,Spare parts
ZNS2-004360,Spare parts
ZNS2-004359,Spare parts
ZNS2-004358,Spare parts
ZNS2-004357,Spare parts
ZNS2-003931,Spare parts
ZNS2-003594,Spare parts
ZNS2-003391,Spare parts
ZNS2-003326,Spare parts
ZNS2-002926,Spare parts
ZNS2-002909,Spare parts
ZNS2-002355,Spare parts
ZNS2-002272,Spare parts
ZAN2-VENT0024,Spare parts
ZAN2-VENT0001,Spare parts
ZAN2-UNI6604-A-8X70,Spare parts
ZAN2-UNI6604-A-8X50,Spare parts
ZAN2-UNI6604-A-8X45,Spare parts
ZAN2-UNI6604-A-8X30,Spare parts
ZAN2-TUBO0179,Spare parts
ZAN2-TUBO0101,Spare parts
ZAN2-TUBO0057,Spare parts
ZAN2-TRAS0089,Spare parts
ZAN2-TRAS0065,Spare parts
ZAN2-TERMOCOUPLE-J200,Spare parts
ZAN2-TERM0084,Spare parts
ZAN2-TERM0072,Spare parts
ZAN2-TERM0064,Spare parts
ZAN2-TERM0060,Spare parts
ZAN2-TERM0023,Spare parts
ZAN2-TERM0020,Spare parts
ZAN2-SUPP0497,Spare parts
ZAN2-SUPP0496,Spare parts
ZAN2-SUPP0394,Spare parts
ZAN2-SUPP0393,Spare parts
ZAN2-SUPP0298,Spare parts
ZAN2-SUPP0140,Spare parts
ZAN2-SPRI0034,Spare parts
ZAN2-SPRI0033,Spare parts
ZAN2-SPRI0009,Spare parts
ZAN2-RESI0133,Spare parts
ZAN2-RESI0089,Spare parts
ZAN2-RESI0076,Spare parts
ZAN2-RESI0075,Spare parts
ZAN2-RESI0074,Spare parts
ZAN2-RESI0069,Spare parts
ZAN2-RESI0054,Spare parts
ZAN2-RESI0053,Spare parts
ZAN2-RESI0052,Spare parts
ZAN2-RESI0035,Spare parts
ZAN2-REFR0033,Spare parts
ZAN2-REFR0032,Spare parts
ZAN2-REFR0031,Spare parts
ZAN2-REFR0030,Spare parts
ZAN2-REFR0029,Spare parts
ZAN2-REFR0027,Spare parts
ZAN2-REFR0024,Spare parts
ZAN2-REFR0023,Spare parts
ZAN2-REFR0018,Spare parts
ZAN2-REFR0017,Spare parts
ZAN2-REFR0008,Spare parts
ZAN2-PULE0057,Spare parts
ZAN2-PLAN40T061A,Spare parts
ZAN2-PLAN40T060A,Spare parts
ZAN2-PLAN40T0458,Spare parts
ZAN2-PLAN40T041A,Spare parts
ZAN2-PLAN40017A,Spare parts
ZAN2-PLAM0019,Spare parts
ZAN2-PLAM0018,Spare parts
ZAN2-PANN0582,Spare parts
ZAN2-PANN0511,Spare parts
ZAN2-PANN0354,Spare parts
ZAN2-MOTO0196,Spare parts
ZAN2-MOTO0147,Spare parts
ZAN2-MOTO0034,Spare parts
ZAN2-MOTO0027,Spare parts
ZAN2-MECC0848,Spare parts
ZAN2-MECC0847,Spare parts
ZAN2-MECC0845,Spare parts
ZAN2-MECC0822,Spare parts
ZAN2-MECC0624,Spare parts
WYO2-1404408,Spare parts
WYO2-1334600,Spare parts
WYO2-1328110,Spare parts
WYO2-1327310,Spare parts
WOL2-770541,Spare parts
WOL2-770517-04,Spare parts
WOL2-770516,Spare parts
WOL2-770085,Spare parts
WOL2-763834,Spare parts
WOL2-763833,Spare parts
WOL2-763457-A,Spare parts
WOL2-758613,Spare parts
WOL2-756388,Spare parts
WOL2-752904,Spare parts
WOL2-720058,Spare parts
WOL2-719737-04,Spare parts
WOL2-719711,Spare parts
WOL2-719710,Spare parts
WOL2-719385,Spare parts
WOL2-719383,Spare parts
WOL2-719376,Spare parts
WOL2-719350,Spare parts
WOL2-719344,Spare parts
WOL2-719298,Spare parts
WOL2-719259,Spare parts
WOL2-719257,Spare parts
WOL2-719255,Spare parts
WOL2-719221,Spare parts
WOL2-719202,Spare parts
WOL2-719135,Spare parts
WOL2-718361,Spare parts
WOL2-718224,Spare parts
WOL2-715107,Spare parts
WOL2-713933,Spare parts
WOL2-713657,Spare parts
WOL2-713656,Spare parts
WOL2-713466,Spare parts
WOL2-713447,Spare parts
WOL2-706771-A,Spare parts
WOL2-704617,Spare parts
WOL2-700871-A,Spare parts
WOL2-20385,Spare parts
WOL2-13576,Spare parts
WNK2-SPRING,Spare parts
WNK2-S-S-PIPE,Spare parts
WNK2-ROLLER-SET-B,Spare parts
WNK2-ROLLER,Spare parts
WNK2-JD-TAP-CON,Spare parts
WNK2-JD-TANK,Spare parts
WNK2-JD-KNOB(C),Spare parts
WNK2-JD-KNOB(B),Spare parts
WNK2-JD-COVER(C),Spare parts
WNK2-JD-COVER(B),Spare parts
WNK2-HANDLE,Spare parts
WNK2-CD-SP-9A,Spare parts
WNK2-BT-200T-5,Spare parts
WNK2-BT-200T-2,Spare parts
WNK2-8X4,Spare parts
WNK2-8,Spare parts
WNK2-7X4,Spare parts
WNK2-23X7,Spare parts
WNK2-18X3,Spare parts
WNK2-14X6,Spare parts
WNK2-13X9-MM,Spare parts
WNK2-11,Spare parts
WIS2-480,Spare parts
WIS2-449,Spare parts
WIS2-437,Spare parts
WIS2-436,Spare parts
WIS2-196,Spare parts
WIN2-SP166L,Spare parts
WIN2-LST,Spare parts
WIN2-LSB,Spare parts
WIN2-CONNECTOR,Spare parts
WIN2-85000436,Spare parts
WIN2-80003155,Spare parts
WIN2-80002670,Spare parts
WIN2-80000555,Spare parts
WIN2-800002584,Spare parts
WIN2-800002574,Spare parts
WIN2-71001453,Spare parts
WIN2-70300599,Spare parts
WIN2-70300390,Spare parts
WIN2-70300271,Spare parts
WIN2-70300239,Spare parts
WIN2-70200633,Spare parts
WIN2-702004258,Spare parts
WIN2-70200413,Spare parts
WIN2-702003883,Spare parts
WIN2-70200387,Spare parts
WIN2-70200383,Spare parts
WIN2-70200382,Spare parts
WIN2-70200343,Spare parts
WIN2-70200336,Spare parts
WIN2-702002924,Spare parts
WIN2-70200291,Spare parts
WIN2-70200289,Spare parts
WIN2-70200219,Spare parts
WIN2-702001403,Spare parts
WIN2-70200125,Spare parts
WIN2-702000964,Spare parts
WIN2-702000864,Spare parts
WIN2-702000854,Spare parts
WIN2-70008918,Spare parts
WIN2-70008916,Spare parts
WIN2-70008044,Spare parts
WIN2-70007240,Spare parts
WIN2-70005398,Spare parts
WIN2-70005097,Spare parts
WIN2-70004851,Spare parts
WIN2-70004625,Spare parts
WIN2-70004624,Spare parts
WIN2-70004623,Spare parts
WIN2-70004240,Spare parts
WIN2-70004155,Spare parts
WIN2-70003678,Spare parts
WIN2-70003485,Spare parts
WIN2-70003337,Spare parts
WIN2-70003169,Spare parts
WIN2-70003135,Spare parts
WIN2-70003114,Spare parts
WIN2-70003000,Spare parts
WIN2-70002547,Spare parts
WIN2-70002490,Spare parts
WIN2-70002428,Spare parts
WIN2-70002387,Spare parts
WIN2-70002277,Spare parts
WIN2-70002272,Spare parts
WIN2-70002271,Spare parts
WIN2-70002270,Spare parts
WIN2-70002255,Spare parts
WIN2-70002092,Spare parts
WIN2-70002054,Spare parts
WIN2-70001753,Spare parts
WIN2-700009073,Spare parts
WIN2-70000907,Spare parts
WIN2-70000514,Spare parts
WIN2-65003257,Spare parts
WIN2-65002842,Spare parts
WIN2-60003518,Spare parts
WIN2-60003517,Spare parts
WIN2-60003487,Spare parts
WIN2-60003435,Spare parts
WIN2-60003414,Spare parts
WIN2-60003350,Spare parts
WIN2-60003264,Spare parts
WIN2-60003216,Spare parts
WIN2-60003214,Spare parts
WIN2-60003174,Spare parts
WIN2-60003162,Spare parts
WIN2-60003160,Spare parts
WIN2-60003159,Spare parts
WIN2-60003045,Spare parts
WIN2-60003025,Spare parts
WIN2-60003023,Spare parts
WIN2-60003022,Spare parts
WIN2-60002994,Spare parts
WIN2-60002973,Spare parts
WIN2-60002704,Spare parts
WIN2-60002518,Spare parts
WIN2-60002391,Spare parts
WIN2-60002390,Spare parts
WIN2-60002328,Spare parts
WIN2-60001851,Spare parts
WIN2-60001846,Spare parts
WIN2-60001695,Spare parts
WIN2-60001610,Spare parts
WIN2-60001519,Spare parts
WIN2-60001304,Spare parts
WIN2-60001297,Spare parts
WIN2-60001205,Spare parts
WIN2-60001204,Spare parts
WIN2-5531007,Spare parts
WIN2-5528559,Spare parts
WIN2-5528278,Spare parts
WIN2-5528272,Spare parts
WIN2-5528255,Spare parts
WIN2-5528249,Spare parts
WIN2-5528236,Spare parts
WIN2-5528221,Spare parts
WIN2-5528174,Spare parts
WIN2-5528138,Spare parts
WIN2-5527096,Spare parts
WIN2-5525050,Spare parts
WIN2-5523053,Spare parts
WIN2-5523051,Spare parts
WIN2-5523050,Spare parts
WIN2-5523018,Spare parts
WIN2-5519100,Spare parts
WIN2-5519078,Spare parts
WIN2-5519036,Spare parts
WIN2-5519024,Spare parts
WIN2-5519018,Spare parts
WIN2-5516077,Spare parts
WIN2-5516069,Spare parts
WIN2-5515164,Spare parts
WIN2-5515147,Spare parts
WIN2-5515090,Spare parts
WIN2-5515089,Spare parts
WIN2-5515081,Spare parts
WIN2-5515080,Spare parts
WIN2-5515024,Spare parts
WIN2-5513112,Spare parts
WIN2-5513009,Spare parts
WIN2-5513004,Spare parts
WIN2-5513002,Spare parts
WIN2-5512032,Spare parts
WIN2-5511067,Spare parts
WIN2-5510091,Spare parts
WIN2-5510078,Spare parts
WIN2-5510015,Spare parts
WIN2-5507002,Spare parts
WIN2-5506045,Spare parts
WIN2-5505035,Spare parts
WIN2-5505019,Spare parts
WIN2-5505018,Spare parts
WIN2-5504035,Spare parts
WIN2-5504030,Spare parts
WIN2-5504024,Spare parts
WIN2-5504019,Spare parts
WIN2-5430001,Spare parts
WIN2-410200140,Spare parts
WIN2-4007027,Spare parts
WIN2-4007014,Spare parts
WIN2-4006004,Spare parts
WIN2-4003052,Spare parts
WIN2-4003051,Spare parts
WIN2-4003050,Spare parts
WIN2-4003034,Spare parts
WIN2-4003033,Spare parts
WIN2-4003027,Spare parts
WIN2-4003025,Spare parts
WIN2-4003024,Spare parts
WIN2-4003021,Spare parts
WIN2-4003017,Spare parts
WIN2-4003003,Spare parts
WIN2-4002029,Spare parts
WIN2-4002005,Spare parts
WIN2-4001016,Spare parts
WIN2-3506105,Spare parts
WIN2-3503004,Spare parts
WIN2-3501198,Spare parts
WIN2-3501188,Spare parts
WIN2-3501187,Spare parts
WIN2-3501162,Spare parts
WIN2-3501161,Spare parts
WIN2-3501157,Spare parts
WIN2-3501156,Spare parts
WIN2-3501130,Spare parts
WIN2-3501080,Spare parts
WIN2-3501067,Spare parts
WIN2-3501065,Spare parts
WIN2-3501064,Spare parts
WIN2-3501063,Spare parts
WIN2-3501019,Spare parts
WIN2-3501017,Spare parts
WIN2-3501006,Spare parts
WIN2-3501005,Spare parts
WIN2-3501003,Spare parts
WIN2-3501002,Spare parts
WIN2-3404061,Spare parts
WIN2-3205035,Spare parts
WIN2-3201032,Spare parts
WIN2-3201022,Spare parts
WIN2-3201017,Spare parts
WIN2-3201016,Spare parts
WIN2-3201005,Spare parts
WIN2-3126044,Spare parts
WIN2-3126042,Spare parts
WIN2-3126041,Spare parts
WIN2-3126034,Spare parts
WIN2-3126026,Spare parts
WIN2-3126009,Spare parts
WIN2-3126001,Spare parts
WIN2-3125045,Spare parts
WIN2-3125032,Spare parts
WIN2-3125011,Spare parts
WIN2-3102466,Spare parts
WIN2-3102453,Spare parts
WIN2-3102444,Spare parts
WIN2-3102433,Spare parts
WIN2-3102410,Spare parts
WIN2-3102407,Spare parts
WIN2-3102392,Spare parts
WIN2-3102378,Spare parts
WIN2-3102363,Spare parts
WIN2-3102340,Spare parts
WIN2-3102332,Spare parts
WIN2-3102331,Spare parts
WIN2-3102330,Spare parts
WIN2-3102329,Spare parts
WIN2-3102306,Spare parts
WIN2-3102305,Spare parts
WIN2-3102288,Spare parts
WIN2-3102277,Spare parts
WIN2-3102276,Spare parts
WIN2-3102275,Spare parts
WIN2-3102273,Spare parts
WIN2-3102243,Spare parts
WIN2-3102231,Spare parts
WIN2-3102230,Spare parts
WIN2-3102221,Spare parts
WIN2-3102218,Spare parts
WIN2-3102216,Spare parts
WIN2-3102215,Spare parts
WIN2-3102213,Spare parts
WIN2-3102211,Spare parts
WIN2-3102209,Spare parts
WIN2-3102208,Spare parts
WIN2-3102203,Spare parts
WIN2-3102201,Spare parts
WIN2-3102170,Spare parts
WIN2-3102169,Spare parts
WIN2-3102168,Spare parts
WIN2-3102037,Spare parts
WIN2-3102010,Spare parts
WIN2-3101027,Spare parts
WIN2-3101017,Spare parts
WIN2-3015519,Spare parts
WIN2-3015512,Spare parts
WIN2-3015509,Spare parts
WIN2-3015506,Spare parts
WIN2-3011301,Spare parts
WIN2-3009201,Spare parts
WIN2-3006124,Spare parts
WIN2-30013273,Spare parts
WIN2-30012256,Spare parts
WIN2-30011898,Spare parts
WIN2-30008051,Spare parts
WIN2-30008044,Spare parts
WIN2-30002770,Spare parts
WIN2-30002612,Spare parts
WIN2-30002495,Spare parts
WIN2-30002227,Spare parts
WIN2-30002187,Spare parts
WIN2-30002179,Spare parts
WIN2-30002178,Spare parts
WIN2-30002171,Spare parts
WIN2-30002170,Spare parts
WIN2-30002167,Spare parts
WIN2-30002166,Spare parts
WIN2-30001013,Spare parts
WIN2-30000861,Spare parts
WIN2-30000170,Spare parts
WIN2-30000121,Spare parts
WIN2-2910529,Spare parts
WIN2-2910526,Spare parts
WIN2-2910524,Spare parts
WIN2-2910507,Spare parts
WIN2-2910313,Spare parts
WIN2-2910312,Spare parts
WIN2-2910238,Spare parts
WIN2-2910234,Spare parts
WIN2-2907500,Spare parts
WIN2-2907303,Spare parts
WIN2-2907302,Spare parts
WIN2-2907300,Spare parts
WIN2-2907209,Spare parts
WIN2-2907203,Spare parts
WIN2-2907200,Spare parts
WIN2-2906524,Spare parts
WIN2-2906508,Spare parts
WIN2-2904503,Spare parts
WIN2-2904250(GS41-4),Spare parts
WIN2-2904231,Spare parts
WIN2-2904229,Spare parts
WIN2-2903230,Spare parts
WIN2-2903212,Spare parts
WIN2-2903211,Spare parts
WIN2-2903002,Spare parts
WIN2-2901507,Spare parts
WIN2-2901316,Spare parts
WIN2-2901240,Spare parts
WIN2-2901239,Spare parts
WIN2-2815009,Spare parts
WIN2-2815008,Spare parts
WIN2-2814318,Spare parts
WIN2-2813020,Spare parts
WIN2-2813019,Spare parts
WIN2-2810035,Spare parts
WIN2-2810034,Spare parts
WIN2-2810029,Spare parts
WIN2-2810018,Spare parts
WIN2-2810006,Spare parts
WIN2-2810005,Spare parts
WIN2-2805501,Spare parts
WIN2-2805014,Spare parts
WIN2-2805012,Spare parts
WIN2-2804041,Spare parts
WIN2-2804040,Spare parts
WIN2-2804001,Spare parts
WIN2-2803410,Spare parts
WIN2-2803266,Spare parts
WIN2-2802305,Spare parts
WIN2-2802303,Spare parts
WIN2-2802108,Spare parts
WIN2-2802103,Spare parts
WIN2-2802102,Spare parts
WIN2-2801502,Spare parts
WIN2-2801053,Spare parts
WIN2-2801042,Spare parts
WIN2-2801026,Spare parts
WIN2-2801016,Spare parts
WIN2-2801008,Spare parts
WIN2-2710015,Spare parts
WIN2-2710014,Spare parts
WIN2-2710013,Spare parts
WIN2-2710011,Spare parts
WIN2-2710010,Spare parts
WIN2-2709031,Spare parts
WIN2-2709025,Spare parts
WIN2-2707092,Spare parts
WIN2-2707075,Spare parts
WIN2-2707074,Spare parts
WIN2-2707073,Spare parts
WIN2-2707072,Spare parts
WIN2-2707058,Spare parts
WIN2-2707026,Spare parts
WIN2-2707024,Spare parts
WIN2-2707009,Spare parts
WIN2-2707008,Spare parts
WIN2-2704002,Spare parts
WIN2-2702001,Spare parts
WIN2-2701007,Spare parts
WIN2-2701003,Spare parts
WIN2-2310300,Spare parts
WIN2-2303304,Spare parts
WIN2-2213001,Spare parts
WIN2-2208515,Spare parts
WIN2-2208502,Spare parts
WIN2-2202302,Spare parts
WIN2-2110305,Spare parts
VRM2-R40-101Z,Spare parts
VRM2-R40-100,Spare parts
VRM2-R40-1,Spare parts
VRM2-R30-69Z,Spare parts
VRM2-R30-6,Spare parts
VRM2-R30-285,Spare parts
VRM2-R27-91,Spare parts
VRM2-R27-83Z,Spare parts
VRM2-R27-6M,Spare parts
VRM2-R27-62Z,Spare parts
VRM2-R27-128,Spare parts
VRM2-R20E-418.6,Spare parts
VRM2-R20E-418.2,Spare parts
VRM2-R20-88.5,Spare parts
VRM2-R20-88.47,Spare parts
VRM2-R20-88.46,Spare parts
VRM2-R20-88.22,Spare parts
VRM2-R20-78M,Spare parts
VRM2-R20-34,Spare parts
VRM2-R20-33Z,Spare parts
VRM2-R20-32,Spare parts
VRM2-R20-31,Spare parts
VRM2-R20-28M,Spare parts
VRM2-R20-19,Spare parts
VRM2-R15-59.1Z,Spare parts
VRM2-R15-46Z,Spare parts
VRM2-R15-41Z,Spare parts
VRM2-R15-215,Spare parts
VRM2-R15-17.1,Spare parts
VRM2-R15-143,Spare parts
VRM2-R100-97,Spare parts
VRM2-R100-90Z,Spare parts
VRM2-R100-85.52,Spare parts
VRM2-R100-85.1,Spare parts
VRM2-R100-78M,Spare parts
VRM2-R100-101Z,Spare parts
VRM2-ERGO60-50150-2,Spare parts
VRM2-CR30-90,Spare parts
VRM2-CR30-63M,Spare parts
VRM2-CR30-211,Spare parts
VRM2-CR30-129,Spare parts
VRM2-CR20-85,Spare parts
VRM2-CR20-78M,Spare parts
VRM2-CR20-75M,Spare parts
VRM2-CR20-75AM,Spare parts
VRM2-CR20-62M,Spare parts
VRM2-CR20-552.4M,Spare parts
VRM2-CR20-501.13M,Spare parts
VRM2-CR20-28AM,Spare parts
VRM2-CR20-27A2M,Spare parts
VRM2-CR20-23M,Spare parts
VRM2-CR20-129,Spare parts
VRM2-CR20-128,Spare parts
VRM2-CR20-110,Spare parts
VRM2-CR10-174.35Z,Spare parts
VRM2-CE61-172.2,Spare parts
VRM2-CE61-170Z,Spare parts
VRM2-CE101-172,Spare parts
VRM2-CE101-170Z,Spare parts
VRM2-AR81-86.2,Spare parts
VRM2-AR81-600.1M,Spare parts
VRM2-AR81-173,Spare parts
VRM2-AR80-2.3M0,Spare parts
VRM2-AR61-522,Spare parts
VRM2-AR60E-512M,Spare parts
VRM2-AR60-84,Spare parts
VRM2-AR41-33.5Z,Spare parts
VRM2-AR40PH-92.2,Spare parts
VRM2-AR40PH-90,Spare parts
VRM2-AR40PH-85.1,Spare parts
VRM2-AR40PH-83Z,Spare parts
VRM2-AR40PH-6M,Spare parts
VRM2-AR40PH-68,Spare parts
VRM2-AR40PH-63Z,Spare parts
VRM2-AR40PH-63M,Spare parts
VRM2-AR40PH-61,Spare parts
VRM2-AR40PH-25,Spare parts
VRM2-AR40PH-23-24.1Z,Spare parts
VRM2-AR40PH-128,Spare parts
VRM2-AR40-33.5Z,Spare parts
VRM2-AR31-88.203,Spare parts
VRM2-AR31-88.011,Spare parts
VRM2-AR31-88.004,Spare parts
VRM2-AR31-68Z,Spare parts
VRM2-AR31-604M0Z,Spare parts
VRM2-AR31-604M0KK,Spare parts
VRM2-AR31-530.22M,Spare parts
VRM2-AR31-530.13M,Spare parts
VRM2-AR31-47Z,Spare parts
VRM2-AR31-194.63M,Spare parts
VRM2-AR31-194.62M,Spare parts
VRM2-AR31-194.54M,Spare parts
VRM2-AR31-194.53M,Spare parts
VRM2-AR31-194.19M,Spare parts
VRM2-AR31-194.18M,Spare parts
VRM2-AR31-174.5,Spare parts
VRM2-AR31-174.37,Spare parts
VRM2-AR31-174.36,Spare parts
VRM2-AR31-174.35Z,Spare parts
VRM2-AR31-174.3,Spare parts
VRM2-AR31-174.2,Spare parts
VRM2-AR31-152.1M,Spare parts
VRM2-AR31-148E,Spare parts
VRM2-AR31-127,Spare parts
VRM2-AR30E-512M,Spare parts
VRM2-AR30-86.2B,Spare parts
VRM2-AR30-86.2,Spare parts
VRM2-AR30-517,Spare parts
VRM2-AR30-425,Spare parts
VRM2-AR30-213,Spare parts
VRM2-AR30-212,Spare parts
VRM2-AR140E-421,Spare parts
VRM2-AR140E-420,Spare parts
VRM2-AR005-925-TD001,Spare parts
VRM2-AR005-923-TD001,Spare parts
VRM2-AR005-378-TS003,Spare parts
VRM2-AR005-378-TS001,Spare parts
VRM2-AR005-364-TD001,Spare parts
VRM2-AR005-363-TD001,Spare parts
VRM2-AR005-362-TD001,Spare parts
VRM2-AR005-359-TD002,Spare parts
VRM2-AR005-358-TD002,Spare parts
VRM2-AR005-357-TD003,Spare parts
VRM2-AR005-357-TD002,Spare parts
VRM2-AR005-357-TD001,Spare parts
VRM2-AR005-356-TD001,Spare parts
VRM2-AR005-355-TD001,Spare parts
VRM2-AR005-352-TZ001,Spare parts
VRM2-AR005-347-TZ001,Spare parts
VRM2-AR005-341-TS001,Spare parts
VRM2-AR005-339-TZ001,Spare parts
VRM2-AR005-337-TZ001,Spare parts
VRM2-AR005-336-TZ010,Spare parts
VRM2-AR005-336-TD010,Spare parts
VRM2-AR005-336-TD001,Spare parts
VRM2-AR005-213-TS020,Spare parts
VRM2-AR005-193-TZ004,Spare parts
VRM2-AR005-193-TZ001,Spare parts
VRM2-AR005-193-TS003,Spare parts
VRM2-AR005-193-TS002,Spare parts
VRM2-AR005-109-TD001,Spare parts
VRM2-AR005-090-TZ001,Spare parts
VRM2-AR005-090-TD001,Spare parts
VRM2-AR005-085-TD001,Spare parts
VRM2-AR005-078-TD001,Spare parts
VRM2-AR005-075-TS001,Spare parts
VRM2-AR005-034-TD001,Spare parts
VRM2-AR005-028-TS002,Spare parts
VRM2-AR005-027-TD001,Spare parts
VRM2-AR005-023-TZ001,Spare parts
VRM2-AR005-011-TD002,Spare parts
VRM2-AR005-010-TZ001,Spare parts
VRM2-AR005-010-TS001,Spare parts
VRM2-AR005-001-TD001,Spare parts
VRM2-AE61-92,Spare parts
VRM2-AE101-92.1,Spare parts
VRM2-A20-88.44,Spare parts
VRM2-62052RS,Spare parts
VRM2-56SN20-30,Spare parts
VRM2-56P60-75,Spare parts
VRM2-56P30-75,Spare parts
VRM2-56P30-15,Spare parts
VRM2-56G20-280,Spare parts
VRM2-56CR20-280,Spare parts
VRM2-56CR20-111M,Spare parts
VRM2-56CR20-110M,Spare parts
VRM2-56CR10-111M,Spare parts
VRM2-56AR80-126,Spare parts
VRM2-56AR41-22,Spare parts
VRM2-56AR41-21.1M,Spare parts
VRM2-56AR31-107M,Spare parts
VRM2-56AR31-102.1,Spare parts
VRM2-44RN100,Spare parts
VRM2-42RN100-204,Spare parts
VRM2-42RN100-202,Spare parts
VRM2-42R40-204,Spare parts
VRM2-3VC-390C,Spare parts
VRM2-22RN100,Spare parts
VRM2-22R140.100,Spare parts
VRM2-21-TT24010,Spare parts
TBC2-NGC-3069,Spare parts
TBC2-NGC-3062-2,Spare parts
TBC2-NGC-3061-2,Spare parts
TBC2-NGC-3032,Spare parts
TBC2-NGC-3023,Spare parts
TBC2-NGC-3015,Spare parts
TBC2-NGC-3005,Spare parts
TBC2-NGC-1530,Spare parts
TBC2-NGC-1076-2,Spare parts
TBC2-I3-3209-4,Spare parts
TBC2-I3-3209-3,Spare parts
TBC2-I1-9668,Spare parts
TBC2-I1-9411,Spare parts
TBC2-I1-9179-2,Spare parts
TBC2-I1-9159,Spare parts
TBC2-I1-9039,Spare parts
TBC2-I1-3220-2,Spare parts
TBC2-I1-3220-1,Spare parts
TBC2-I1-3219,Spare parts
TBC2-I1-3217-2,Spare parts
TBC2-I1-3214,Spare parts
TBC2-I1-3213,Spare parts
TBC2-I1-3212,Spare parts
TBC2-I1-3210,Spare parts
TBC2-I1-3207,Spare parts
TBC2-I1-3202,Spare parts
TBC2-HHC-6595,Spare parts
TBC2-HHC-6517-2,Spare parts
TBC2-HHC-4120,Spare parts
TBC2-HHC-3012-2,Spare parts
TBC2-HHC-3011,Spare parts
TBC2-HHC-1234,Spare parts
TBC2-HHB-3234,Spare parts
TBC2-HCT-4354,Spare parts
TBC2-HCT-4258,Spare parts
TBC2-HCT-4213,Spare parts
TBC2-HCT-4202,Spare parts
TBC2-HCT-4175,Spare parts
TBC2-HCT-4143,Spare parts
TBC2-HCT-4117.E,Spare parts
TBC2-HCT-4116-3,Spare parts
TBC2-HCT-4116-2,Spare parts
TBC2-HCT-4116-1,Spare parts
TBC2-HCT-4045,Spare parts
TBC2-HCT-4041.D,Spare parts
TBC2-HCT-4038.C,Spare parts
TBC2-HCT-4001-XXXX,Spare parts
TBC2-HCT-3028,Spare parts
TBC2-HCT-3027,Spare parts
TBC2-HCT-3026,Spare parts
TBC2-HCT-3025,Spare parts
TBC2-HCT-3024,Spare parts
TBC2-HCT-3023,Spare parts
TBC2-HCT-3022,Spare parts
TBC2-HCT-3018,Spare parts
TBC2-HCT-3017-4,Spare parts
TBC2-HCT-3017-3,Spare parts
TBC2-HCT-3017-2,Spare parts
TBC2-HCT-3017-1,Spare parts
TBC2-HCT-3016,Spare parts
TBC2-HCT-3015,Spare parts
TBC2-HCT-3014,Spare parts
TBC2-HCT-3013,Spare parts
TBC2-HCT-3012,Spare parts
TBC2-HCT-3011,Spare parts
TBC2-HCT-3010,Spare parts
TBC2-HCT-3009,Spare parts
TBC2-ENC-3011,Spare parts
TBC2-ECS-9566,Spare parts
TBC2-CON-7039,Spare parts
TBC2-CON-7015,Spare parts
TBC2-CON-7013,Spare parts
TBC2-CON-3031,Spare parts
TBC2-CON-3026,Spare parts
TBC2-CON-3012-XX,Spare parts
TBC2-CON-3004-2-2,Spare parts
TBC2-CON-3004-1-1,Spare parts
TBC2-CON-3003,Spare parts
TBC2-700-1214,Spare parts
TBC2-105108,Spare parts
TBC2-104228,Spare parts
TBC2-103548,Spare parts
TBC2-102668,Spare parts
TBC2-102664,Spare parts
TBC2-102663,Spare parts
TBC2-102662,Spare parts
TBC2-102661,Spare parts
TBC2-102660,Spare parts
TBC2-102086,Spare parts
TBC2-102075,Spare parts
TBC2-102013,Spare parts
TBC2-102012,Spare parts
TBC2-101752,Spare parts
TBC2-101279,Spare parts
TBC2-101274,Spare parts
TBC2-101273,Spare parts
TBC2-101272,Spare parts
TBC2-100884,Spare parts
TBC2-100757,Spare parts
TBC2-100599,Spare parts
TBC2-100592,Spare parts
TBC2-100547,Spare parts
TBC2-100539,Spare parts
TBC2-100506,Spare parts
TBC2-100481,Spare parts
TBC2-100232,Spare parts
TBC2-100214,Spare parts
TBA2-TDA-KF25-2,Spare parts
TBA2-T8F9300800,Spare parts
TBA2-T8F5300800,Spare parts
TBA2-T10AAE0010,Spare parts
TBA2-T10A620020,Spare parts
TBA2-T10A440010,Spare parts
TBA2-T07AAE0010,Spare parts
TBA2-T07AAD0010,Spare parts
TBA2-T07A990150,Spare parts
TBA2-T07A640010,Spare parts
TBA2-T07A620060,Spare parts
TBA2-T07A620050,Spare parts
TBA2-T07A620040,Spare parts
TBA2-T07A620020,Spare parts
TBA2-T07A620010,Spare parts
TBA2-T07A540010,Spare parts
TBA2-T07A510050,Spare parts
TBA2-T07A510041,Spare parts
TBA2-T07A50001,Spare parts
TBA2-T07A440010,Spare parts
TBA2-T07A060090,Spare parts
TBA2-T05AAE0010,Spare parts
TBA2-T05AAD0010,Spare parts
TBA2-T05A640010,Spare parts
TBA2-T05A540010,Spare parts
TBA2-T05A510030,Spare parts
TBA2-T05A340041,Spare parts
TBA2-T05A340030,Spare parts
TBA2-T05A34002,Spare parts
TBA2-T05A34001,Spare parts
TBA2-SSA151A676,Spare parts
TBA2-SK00DS0100,Spare parts
TBA2-S722500104,Spare parts
TBA2-RUNCAP-LX125LAJM,Spare parts
TBA2-RUNCAP-LX110LAJM,Spare parts
TBA2-RDU-KF45-4,Spare parts
TBA2-RDT-KF45-4,Spare parts
TBA2-QTBC103100,Spare parts
TBA2-P998200100,Spare parts
TBA2-P996300201,Spare parts
TBA2-P996000100,Spare parts
TBA2-P995200100,Spare parts
TBA2-P993200800,Spare parts
TBA2-P470MD147,Spare parts
TBA2-NT2178GK-2A,Spare parts
TBA2-MR20622100,Spare parts
TBA2-M726800200,Spare parts
TBA2-M724401201,Spare parts
TBA2-M6059000108,Spare parts
TBA2-M272300107,Spare parts
TBA2-LDU-KF45-4,Spare parts
TBA2-LDT-KF45-4,Spare parts
TBA2-KUFHM16100,Spare parts
TBA2-KSR1216101,Spare parts
TBA2-KR99880102,Spare parts
TBA2-KR99000101,Spare parts
TBA2-KR95200100,Spare parts
TBA2-KR932000100,Spare parts
TBA2-KR931C0200,Spare parts
TBA2-KR8AF00300,Spare parts
TBA2-KR8AF00100,Spare parts
TBA2-KR8A100101,Spare parts
TBA2-KR89000103,Spare parts
TBA2-KR89000101,Spare parts
TBA2-KR89000100,Spare parts
TBA2-KR85500100,Spare parts
TBA2-KR85400400,Spare parts
TBA2-KR83300107,Spare parts
TBA2-KR83300100,Spare parts
TBA2-KR81900302,Spare parts
TBA2-KR59000101,Spare parts
TBA2-KR59000100,Spare parts
TBA2-KR53300105,Spare parts
TBA2-KR53300102,Spare parts
TBA2-KR53300100,Spare parts
TBA2-KR2AF00200,Spare parts
TBA2-KR2AF00102,Spare parts
TBA2-KR29000101,Spare parts
TBA2-KIF9000105,Spare parts
TBA2-KIF0420100,Spare parts
TBA2-KF95300101,Spare parts
TBA2-KF86200101,Spare parts
TBA2-KF85300304,Spare parts
TBA2-KF84900105,Spare parts
TBA2-KF84900100,Spare parts
TBA2-KF6CD00100,Spare parts
TBA2-KF25300101,Spare parts
TBA2-KF25300100,Spare parts
TBA2-KF24900105,Spare parts
TBA2-KF24900104,Spare parts
TBA2-KF24900100,Spare parts
TBA2-KF24400100,Spare parts
TBA2-K3R3300204,Spare parts
TBA2-K3F900109,Spare parts
TBA2-K3F8400400,Spare parts
TBA2-K3F6500400,Spare parts
TBA2-K3F6500200,Spare parts
TBA2-K3F5400800,Spare parts
TBA2-K3F5400200,Spare parts
TBA2-K3F5300101,Spare parts
TBA2-K3F5104002,Spare parts
TBA2-K3F5104001,Spare parts
TBA2-K3F5102100,Spare parts
TBA2-K3F4500202,Spare parts
TBA2-K3F4400803,Spare parts
TBA2-K3F3200400,Spare parts
TBA2-K3F3200100,Spare parts
TBA2-K3F3101009,Spare parts
TBA2-K3F3101003,Spare parts
TBA2-K3F2902002,Spare parts
TBA2-K3F2901902,Spare parts
TBA2-K3F2901801,Spare parts
TBA2-K3F2901701,Spare parts
TBA2-K3F2900400,Spare parts
TBA2-K3F2900200,Spare parts
TBA2-K3F2500100,Spare parts
TBA2-K3F2100400,Spare parts
TBA2-K3F1122100,Spare parts
TBA2-K3F101009,Spare parts
TBA2-K3F0606100,Spare parts
TBA2-K3D9000202,Spare parts
TBA2-K3D5400300,Spare parts
TBA2-K3D5400100,Spare parts
TBA2-K2R5300204,Spare parts
TBA2-K2R4200302,Spare parts
TBA2-K2R1223101,Spare parts
TBA2-K2F5300203,Spare parts
TBA2-K2F1600200,Spare parts
TBA2-K2F0419100,Spare parts
TBA2-K2D9000308,Spare parts
TBA2-K2D9000307,Spare parts
TBA2-K2D1221105,Spare parts
TBA2-K1R5300101,Spare parts
TBA2-K1FFC00300,Spare parts
TBA2-K1FFC00200,Spare parts
TBA2-K1F5100103,Spare parts
TBA2-K1F3100202,Spare parts
TBA2-K1F1600200,Spare parts
TBA2-K1F1600100,Spare parts
TBA2-K1F0420100,Spare parts
TBA2-K1F0129105,Spare parts
TBA2-K1D6900100,Spare parts
TBA2-K1D54001100,Spare parts
TBA2-K1D5100108,Spare parts
TBA2-K072100100,Spare parts
TBA2-IS-4420QTBD,Spare parts
TBA2-IS-4420QTBC,Spare parts
TBA2-IS-3225DWSQ-3,Spare parts
TBA2-G8F9200300,Spare parts
TBA2-G8F6500200,Spare parts
TBA2-G8F6500100,Spare parts
TBA2-G8F6000100,Spare parts
TBA2-G8F5000200,Spare parts
TBA2-G8F3200204,Spare parts
TBA2-DK8A100103,Spare parts
TBA2-DAM-KSR18-3,Spare parts
TBA2-D8F2700400,Spare parts
TBA2-CM25000100,Spare parts
TBA2-CLEANER,Spare parts
TBA2-BS90900100,Spare parts
TBA2-BS81900403,Spare parts
TBA2-BR98400100,Spare parts
TBA2-BR84100101,Spare parts
TBA2-BR84100100,Spare parts
TBA2-BR55100204,Spare parts
TBA2-BR2AD00103,Spare parts
TBA2-BR21900104,Spare parts
TBA2-BR21700101,Spare parts
TBA2-BPBS-KF45-4P,Spare parts
TBA2-BPBM-KF45-4P,Spare parts
TBA2-BDA-KF25-2,Spare parts
TBA2-4TM314TFBYY-52,Spare parts
TBA2-400V-5MF,Spare parts
TBA2-400V-4MF,Spare parts
TBA2-3CASW,Spare parts
TBA2-3028100100,Spare parts
TBA2-30214T1100,Spare parts
TBA2-12WK3F6000800,Spare parts
TBA2-110CW,Spare parts
TBA2-08R7400804,Spare parts
TBA2-00002,Spare parts
TBA2-00001,Spare parts
SUT2-99502H,Spare parts
SUT2-9,Spare parts
SUT2-7,Spare parts
SUT2-6202-2RS-16,Spare parts
SUT2-62,Spare parts
SUT2-6,Spare parts
SUT2-52,Spare parts
SUT2-4C,Spare parts
SUT2-4A,Spare parts
SUT2-48,Spare parts
SUT2-47,Spare parts
SUT2-44-1,Spare parts
SUT2-43,Spare parts
SUT2-41B,Spare parts
SUT2-41A,Spare parts
SUT2-40,Spare parts
SUT2-34,Spare parts
SUT2-31,Spare parts
SUT2-28,Spare parts
SUT2-20-8,Spare parts
SUT2-2,Spare parts
SUT2-18,Spare parts
SUT2-17,Spare parts
SUT2-16,Spare parts
SUT2-15,Spare parts
SUT2-11,Spare parts
SUT2-10,Spare parts
SUT2-1,Spare parts
STA2-N2-Y4146,Spare parts
STA2-B9-Z1770,Spare parts
STA2-A9-TO4015,Spare parts
STA2-2V-Y7661,Spare parts
STA2-2V-Y4138,Spare parts
STA2-2T-Z2043,Spare parts
STA2-2TY3330,Spare parts
STA2-2T68262,Spare parts
STA2-2SY8321,Spare parts
STA2-2R-Y9856,Spare parts
STA2-2R-Y9855,Spare parts
STA2-2R9750,Spare parts
STA2-2P-Z2062,Spare parts
STA2-2P-Z0830,Spare parts
STA2-2P-Y6196,Spare parts
STA2-2N-Z2264,Spare parts
STA2-2N-Z2249,Spare parts
STA2-2N-Z2248,Spare parts
STA2-2N-Z2135,Spare parts
STA2-2N-Z2126,Spare parts
STA2-2N-Z2051,Spare parts
STA2-2NY8227,Spare parts
STA2-2N6462,Spare parts
STA2-2J-Z1836,Spare parts
STA2-2J-Z1664,Spare parts
STA2-2I-Y9636,Spare parts
STA2-2I-Y4143,Spare parts
STA2-2E-Z3007,Spare parts
STA2-2E-Z2974,Spare parts
STA2-2E-Z2890,Spare parts
STA2-2E-Z2139,Spare parts
STA2-2E-Z2125,Spare parts
STA2-2E-Z1858,Spare parts
STA2-2E-Z1837,Spare parts
STA2-2E-Y9050,Spare parts
STA2-2E-Y5636,Spare parts
STA2-2E-Y1392,Spare parts
STA2-2E-Y1241,Spare parts
STA2-2E78785,Spare parts
STA2-2C-Y6879,Spare parts
STA2-2A-Z0372,Spare parts
STA2-2A-Y9637,Spare parts
STA2-2A-Y7658,Spare parts
SOU2-4440401,Spare parts
SOU2-1185150,Spare parts
SOU2-1182151,Spare parts
SOU2-1182043,Spare parts
SOU2-1181996,Spare parts
SOU2-1178204,Spare parts
SOU2-1178202,Spare parts
SOU2-1177448,Spare parts
SOU2-1177447,Spare parts
SOU2-1176665,Spare parts
SOU2-1176099,Spare parts
SOU2-1176019,Spare parts
SOU2-1176017,Spare parts
SOU2-1176005,Spare parts
SOU2-1175409,Spare parts
SOU2-1175375,Spare parts
SOU2-1172277,Spare parts
SOU2-1172130,Spare parts
SOU2-1170425,Spare parts
SOU2-1170350,Spare parts
SOU2-1170344,Spare parts
SOU2-1170337,Spare parts
SOU2-1166011,Spare parts
SOU2-1161998,Spare parts
SOU2-1161525,Spare parts
SOU2-1160532,Spare parts
SOU2-1160320,Spare parts
SOU2-1073498,Spare parts
SOU2-1038099,Spare parts
SOU2-1008755,Spare parts
SOU2-1008749,Spare parts
SKP2-WSC032S-JS,Spare parts
SKP2-WS02221000,Spare parts
SKP2-T8F5300800,Spare parts
SKP2-T8F0525200,Spare parts
SKP2-STA-CAPA,Spare parts
SKP2-ST45W02300,Spare parts
SKP2-ST45W01001,Spare parts
SKP2-ST45W0092,Spare parts
SKP2-ST45W00200,Spare parts
SKP2-ST25W03500,Spare parts
SKP2-ST25W03400,Spare parts
SKP2-ST25W02900,Spare parts
SKP2-ST25W02701,Spare parts
SKP2-ST25W01801,Spare parts
SKP2-ST25W01701,Spare parts
SKP2-ST25W01202,Spare parts
SKP2-ST25W00801,Spare parts
SKP2-ST25W00400,Spare parts
SKP2-ST25W00200,Spare parts
SKP2-ST25PW0200,Spare parts
SKP2-ST25N00101,Spare parts
SKP2-SR1221300,Spare parts
SKP2-SMPS-12W,Spare parts
SKP2-SKP9900100,Spare parts
SKP2-SK00DS0100,Spare parts
SKP2-SISI1100100,Spare parts
SKP2-SIS1000400,Spare parts
SKP2-SIS1000300,Spare parts
SKP2-SIS1000100,Spare parts
SKP2-SDCHZ01400,Spare parts
SKP2-SDCHZ01300,Spare parts
SKP2-SDCHZ00500,Spare parts
SKP2-SDCHZ00100,Spare parts
SKP2-SDC900F402,Spare parts
SKP2-SDC900F300,Spare parts
SKP2-SDC900F203,Spare parts
SKP2-SDC900F100,Spare parts
SKP2-SDC900F001,Spare parts
SKP2-SDC50KF201,Spare parts
SKP2-SDC40W1800,Spare parts
SKP2-SDC36Z0700,Spare parts
SKP2-SDC36Z0600,Spare parts
SKP2-SDC36Z0500,Spare parts
SKP2-SDC36W6100,Spare parts
SKP2-SDC36W6000,Spare parts
SKP2-SDC36W2500,Spare parts
SKP2-SDC36W2200,Spare parts
SKP2-SDC36W1100,Spare parts
SKP2-SDC36W0700,Spare parts
SKP2-SDC36W0600,Spare parts
SKP2-SDC36W0403,Spare parts
SKP2-SDC36N4200,Spare parts
SKP2-SDC36N2208,Spare parts
SKP2-SDC36E0300,Spare parts
SKP2-SDC36E0200,Spare parts
SKP2-SDC36E0100,Spare parts
SKP2-SCD1580500,Spare parts
SKP2-SB08100300,Spare parts
SKP2-S3F2902000,Spare parts
SKP2-S3F2901900,Spare parts
SKP2-S2SRF00200,Spare parts
SKP2-S2SRF00100,Spare parts
SKP2-S2F1221101,Spare parts
SKP2-S1FBR00100,Spare parts
SKP2-RUN-CAPA,Spare parts
SKP2-QTBD103100,Spare parts
SKP2-PM221S0020,Spare parts
SKP2-PM221S0010,Spare parts
SKP2-PM216P0021,Spare parts
SKP2-PM209S0010,Spare parts
SKP2-PM202P0010,Spare parts
SKP2-PM100H0270,Spare parts
SKP2-PM100H0250,Spare parts
SKP2-PM022H0040,Spare parts
SKP2-PM022H0030,Spare parts
SKP2-PM022H0020,Spare parts
SKP2-PM021T0030,Spare parts
SKP2-PM021H0030,Spare parts
SKP2-PM021H0020,Spare parts
SKP2-PM021H0010,Spare parts
SKP2-PM016S0112,Spare parts
SKP2-PM016S0111,Spare parts
SKP2-PM016S0060,Spare parts
SKP2-PM016S0030,Spare parts
SKP2-PM016S0020,Spare parts
SKP2-PM016S0010,Spare parts
SKP2-PM016H0010,Spare parts
SKP2-PM013T0010,Spare parts
SKP2-PM013S0150,Spare parts
SKP2-PM013S0090,Spare parts
SKP2-PM013S0010,Spare parts
SKP2-PM013H0130,Spare parts
SKP2-PM013H0010,Spare parts
SKP2-PM009T0210,Spare parts
SKP2-PM009S0090,Spare parts
SKP2-PM009S0040,Spare parts
SKP2-PM009S0030,Spare parts
SKP2-PM009S0010,Spare parts
SKP2-PM009H0200,Spare parts
SKP2-PM009H0190,Spare parts
SKP2-PM009H0180,Spare parts
SKP2-PM009H0170,Spare parts
SKP2-PM009H0150,Spare parts
SKP2-PM009H0130,Spare parts
SKP2-PM009H0110-S,Spare parts
SKP2-PM009H0110,Spare parts
SKP2-PM009H0090,Spare parts
SKP2-PM009H0081,Spare parts
SKP2-PM009H0080,Spare parts
SKP2-PM009H0070,Spare parts
SKP2-PM009H0061,Spare parts
SKP2-PM009H0060,Spare parts
SKP2-PM009H0051-N,Spare parts
SKP2-PM009H0051,Spare parts
SKP2-PM009H0050-O,Spare parts
SKP2-PM009H0050-N,Spare parts
SKP2-PM009H0050,Spare parts
SKP2-PM009H0030,Spare parts
SKP2-PM009H0020,Spare parts
SKP2-PM008S0091,Spare parts
SKP2-PM008S0072,Spare parts
SKP2-PM008S0071,Spare parts
SKP2-PM008S0070,Spare parts
SKP2-PM008S0045,Spare parts
SKP2-PM008N0060,Spare parts
SKP2-PM005H0010,Spare parts
SKP2-PM002S0512,Spare parts
SKP2-PM002S0480,Spare parts
SKP2-PM002S0320,Spare parts
SKP2-PM002S0240,Spare parts
SKP2-PM002S0131,Spare parts
SKP2-PM002S0110,Spare parts
SKP2-PM002S0050,Spare parts
SKP2-PM002H0180,Spare parts
SKP2-PM002H0071,Spare parts
SKP2-PM002H0060,Spare parts
SKP2-PM002H0050,Spare parts
SKP2-PM002H0040,Spare parts
SKP2-PM002H0010,Spare parts
SKP2-PM00250290,Spare parts
SKP2-PM0025028,Spare parts
SKP2-PC-SRT-SFT-SRFT,Spare parts
SKP2-P998200100,Spare parts
SKP2-P8F2700500,Spare parts
SKP2-P8F2700102,Spare parts
SKP2-NT2178GK,Spare parts
SKP2-NEK2150GK,Spare parts
SKP2-MDS001,Spare parts
SKP2-M726800100,Spare parts
SKP2-M724100103,Spare parts
SKP2-M722700400,Spare parts
SKP2-M605900103,Spare parts
SKP2-LX125LAJM,Spare parts
SKP2-LED0V06040,Spare parts
SKP2-LED0V04080,Spare parts
SKP2-LED00A0300,Spare parts
SKP2-KR85500200,Spare parts
SKP2-KR85400300,Spare parts
SKP2-KK325DZ1,Spare parts
SKP2-KF81530300,Spare parts
SKP2-KF81500200,Spare parts
SKP2-K3R6500102,Spare parts
SKP2-K3R53001069,Spare parts
SKP2-K3F8400113,Spare parts
SKP2-K3F6500200,Spare parts
SKP2-K3F5300702,Spare parts
SKP2-K3F5300504,Spare parts
SKP2-K3F5300502,Spare parts
SKP2-K3F5300206,Spare parts
SKP2-K3F5300105,Spare parts
SKP2-K3F5104000,Spare parts
SKP2-K3F5102103,Spare parts
SKP2-K3F5102004,Spare parts
SKP2-K3F4740200,Spare parts
SKP2-K3F4500204,Spare parts
SKP2-K3F4500202,Spare parts
SKP2-K3F4400902,Spare parts
SKP2-K3F4400803,Spare parts
SKP2-K3F4400800,Spare parts
SKP2-K3F4400206,Spare parts
SKP2-K3F4400204,Spare parts
SKP2-K3F3200901,Spare parts
SKP2-K3F2901702,Spare parts
SKP2-K3F2901605,Spare parts
SKP2-K3F2901507,Spare parts
SKP2-K3F2500300,Spare parts
SKP2-K3F2500101,Spare parts
SKP2-K3F2201201,Spare parts
SKP2-K3F2100600,Spare parts
SKP2-K3F2100500,Spare parts
SKP2-K3F0712201,Spare parts
SKP2-K3F0712101,Spare parts
SKP2-K3F0500100,Spare parts
SKP2-K3F0400100,Spare parts
SKP2-K2F9000109,Spare parts
SKP2-K2F5300106,Spare parts
SKP2-K2F1107400,Spare parts
SKP2-K2F1107300,Spare parts
SKP2-K2F0419100,Spare parts
SKP2-K1R5300106,Spare parts
SKP2-K1FFA00200,Spare parts
SKP2-K1F5300106,Spare parts
SKP2-K1F1900100,Spare parts
SKP2-K1F1600200,Spare parts
SKP2-K1F0300100,Spare parts
SKP2-IS4420QTBE,Spare parts
SKP2-IS4420QTBCH,Spare parts
SKP2-IS4420QTBC-1,Spare parts
SKP2-IS4420QTBC,Spare parts
SKP2-HUR0126203,Spare parts
SKP2-HR81410400,Spare parts
SKP2-HR81410300,Spare parts
SKP2-HR81021200,Spare parts
SKP2-HR5040101,Spare parts
SKP2-G8F9200400,Spare parts
SKP2-G8F5000400,Spare parts
SKP2-G8F5000200,Spare parts
SKP2-G8F3200701,Spare parts
SKP2-G8F3200602,Spare parts
SKP2-G8F3200502,Spare parts
SKP2-G8F3200202,Spare parts
SKP2-G8F3200108,Spare parts
SKP2-G8F3000100,Spare parts
SKP2-G8F1400600,Spare parts
SKP2-G5F2700102,Spare parts
SKP2-G3F2500201,Spare parts
SKP2-CY15805100,Spare parts
SKP2-BS93200201,Spare parts
SKP2-BS93200101,Spare parts
SKP2-BR8AD10000,Spare parts
SKP2-BR84100200,Spare parts
SKP2-BR84100101,Spare parts
SKP2-BR2AD00105,Spare parts
SKP2-B3D5800400,Spare parts
SKP2-AS45D00600,Spare parts
SKP2-AS45D00500,Spare parts
SKP2-AS45D00400,Spare parts
SKP2-AS45D00300,Spare parts
SKP2-AS45D00200,Spare parts
SKP2-AS45D00100,Spare parts
SKP2-AS25T00100,Spare parts
SKP2-AS25DC0200,Spare parts
SKP2-AS25DC0100,Spare parts
SKP2-AS25D00300,Spare parts
SKP2-AS25D00200,Spare parts
SKP2-AS25D00100,Spare parts
SKP2-AM109S0020,Spare parts
SKP2-AM105H0010,Spare parts
SKP2-AM102S0020,Spare parts
SKP2-AM013S0091,Spare parts
SKP2-AM007H0010,Spare parts
SKP2-AM003S0010,Spare parts
SKP2-AM002S0020,Spare parts
SKP2-A-G8F3200602,Spare parts
SKP2-AE4459Y,Spare parts
SKP2-440V-450V-330V-79UF,Spare parts
SKP2-400V-5UF,Spare parts
SKP2-400V-15UF,Spare parts
SKP2-30281Q0200,Spare parts
SIR2-TR374823000,Spare parts
SIR2-TR374782000,Spare parts
SIR2-TR374770000,Spare parts
SIR2-TR374769000,Spare parts
SIR2-TR231930000,Spare parts
SIR2-TR222422000,Spare parts
SIR2-TR069360000C,Spare parts
SIR2-TR069347000,Spare parts
SIR2-TR069330000,Spare parts
SIR2-TR069329000,Spare parts
SIR2-TR069326000,Spare parts
SIR2-TR069212000,Spare parts
SIR2-TR069210000,Spare parts
SIR2-TC40-50-6.5,Spare parts
SIR2-SM592021,Spare parts
SIR2-SM591531,Spare parts
SIR2-SM591519,Spare parts
SIR2-SM570201,Spare parts
SIR2-SM570101,Spare parts
SIR2-SM560201,Spare parts
SIR2-SM540501,Spare parts
SIR2-SM521004,Spare parts
SIR2-SM504120U,Spare parts
SIR2-SM501501,Spare parts
SIR2-SM501401,Spare parts
SIR2-SM501303,Spare parts
SIR2-SM500722N,Spare parts
SIR2-SM500618-N,Spare parts
SIR2-SM500218,Spare parts
SIR2-SM401408,Spare parts
SIR2-SM400108,Spare parts
SIR2-SM370104,Spare parts
SIR2-SM370103,Spare parts
SIR2-SM370101,Spare parts
SIR2-SM260101+SM260102,Spare parts
SIR2-SM260101,Spare parts
SIR2-SM220203,Spare parts
SIR2-SM212740,Spare parts
SIR2-SM212400,Spare parts
SIR2-SM211621,Spare parts
SIR2-SM211413,Spare parts
SIR2-SM210507,Spare parts
SIR2-SM21005008,Spare parts
SIR2-SM21005006,Spare parts
SIR2-SM19023004.1,Spare parts
SIR2-SM19015004,Spare parts
SIR2-SM1901001,Spare parts
SIR2-SM190100028,Spare parts
SIR2-SM19010002,Spare parts
SIR2-SM190100011,Spare parts
SIR2-SM17006004,Spare parts
SIR2-SM15018007,Spare parts
SIR2-SM133418,Spare parts
SIR2-SM11016007,Spare parts
SIR2-SFG01-1-0034-0,Spare parts
SIR2-SFCL031,Spare parts
SIR2-SFCL030,Spare parts
SIR2-SFCL029,Spare parts
SIR2-SFCL028,Spare parts
SIR2-SFCL019,Spare parts
SIR2-SFCL017,Spare parts
SIR2-SFCL016,Spare parts
SIR2-SFCL015,Spare parts
SIR2-SFCL013A,Spare parts
SIR2-SFCL010,Spare parts
SIR2-SFCL009,Spare parts
SIR2-SFCL008,Spare parts
SIR2-SFCL006,Spare parts
SIR2-SFCL005,Spare parts
SIR2-SFCL004,Spare parts
SIR2-SFCL002,Spare parts
SIR2-SFCL001,Spare parts
SIR2-SC20307,Spare parts
SIR2-PJET80106,Spare parts
SIR2-PJET43812,Spare parts
SIR2-PJET42269,Spare parts
SIR2-PJET42230,Spare parts
SIR2-PJET32296,Spare parts
SIR2-OSC708239,Spare parts
SIR2-OSC708238,Spare parts
SIR2-OSC708237,Spare parts
SIR2-OSC649513,Spare parts
SIR2-OSC649345,Spare parts
SIR2-OSC649342,Spare parts
SIR2-OSC649333,Spare parts
SIR2-OSC649283,Spare parts
SIR2-OSC649275,Spare parts
SIR2-OSC649199,Spare parts
SIR2-OSC649131,Spare parts
SIR2-OSC649130,Spare parts
SIR2-OSC045663,Spare parts
SIR2-OSC043042,Spare parts
SIR2-OSC042657,Spare parts
SIR2-OSC041917,Spare parts
SIR2-NE0916006010,Spare parts
SIR2-NE0916006008,Spare parts
SIR2-NE0916005008,Spare parts
SIR2-NE0916005006,Spare parts
SIR2-MSC09V256,Spare parts
SIR2-MSC09V116,Spare parts
SIR2-MSC09V108,Spare parts
SIR2-MSC09V104,Spare parts
SIR2-MSC09V072Z,Spare parts
SIR2-MSC09V072F,Spare parts
SIR2-MSC09V072,Spare parts
SIR2-MSC09V068,Spare parts
SIR2-MSC09V064Z,Spare parts
SIR2-MSC09V064F,Spare parts
SIR2-MSC09V064,Spare parts
SIR2-MSC09V062,Spare parts
SIR2-MSC09V052A,Spare parts
SIR2-MSC09V028,Spare parts
SIR2-MSC09V006,Spare parts
SIR2-MSC06N104,Spare parts
SIR2-MSC06N062,Spare parts
SIR2-MSC06AMON,Spare parts
SIR2-MSC04V256,Spare parts
SIR2-MSC04V238,Spare parts
SIR2-MSC04V236,Spare parts
SIR2-MSC04N264,Spare parts
SIR2-MSC04N262,Spare parts
SIR2-MSC04N214,Spare parts
SIR2-MSC04N136,Spare parts
SIR2-MSC04N112A,Spare parts
SIR2-MSC04N108VT,Spare parts
SIR2-MSC04N108,Spare parts
SIR2-MSC04N104,Spare parts
SIR2-MSC04N080A,Spare parts
SIR2-MSC04N076,Spare parts
SIR2-MSC04N074,Spare parts
SIR2-MSC04N072Z,Spare parts
SIR2-MSC04N072F,Spare parts
SIR2-MSC04N072,Spare parts
SIR2-MSC04N068,Spare parts
SIR2-MSC04N064Z,Spare parts
SIR2-MSC04N064F,Spare parts
SIR2-MSC04N064,Spare parts
SIR2-MSC04N062,Spare parts
SIR2-MSC04N060,Spare parts
SIR2-MSC04N054,Spare parts
SIR2-MSC04N028,Spare parts
SIR2-MSC04N018,Spare parts
SIR2-MSC04AMON,Spare parts
SIR2-MF40-21000000,Spare parts
SIR2-MF30-21000000,Spare parts
SIR2-MF2364,Spare parts
SIR2-MF2351,Spare parts
SIR2-MF2223,Spare parts
SIR2-MF2217,Spare parts
SIR2-MF2213,Spare parts
SIR2-MF2211,Spare parts
SIR2-MF2209,Spare parts
SIR2-MF2206,Spare parts
SIR2-MF2203,Spare parts
SIR2-MF2140,Spare parts
SIR2-MF2138,Spare parts
SIR2-MF2127,Spare parts
SIR2-MF2114,Spare parts
SIR2-MF2113,Spare parts
SIR2-MF2110,Spare parts
SIR2-MF2109,Spare parts
SIR2-MF2107,Spare parts
SIR2-MF2106,Spare parts
SIR2-MF2104,Spare parts
SIR2-MF2102,Spare parts
SIR2-MF2101,Spare parts
SIR2-MF2087,Spare parts
SIR2-MF20-21000000,Spare parts
SIR2-MF0192,Spare parts
SIR2-MF0190,Spare parts
SIR2-MF0187,Spare parts
SIR2-MF0174,Spare parts
SIR2-MF0169,Spare parts
SIR2-MF0143+MF2127,Spare parts
SIR2-MF0139,Spare parts
SIR2-MF0136,Spare parts
SIR2-MF0127,Spare parts
SIR2-MF0123,Spare parts
SIR2-MF0118,Spare parts
SIR2-MF0115,Spare parts
SIR2-MF0113,Spare parts
SIR2-MF0112,Spare parts
SIR2-MF0111,Spare parts
SIR2-MF0110,Spare parts
SIR2-MF0109,Spare parts
SIR2-MF0108,Spare parts
SIR2-MF0104+MF0283,Spare parts
SIR2-MF0102,Spare parts
SIR2-LF2095010,Spare parts
SIR2-LF2093033,Spare parts
SIR2-LF2093001,Spare parts
SIR2-LF2044560,Spare parts
SIR2-LF2044536,Spare parts
SIR2-LF2043544,Spare parts
SIR2-LF2043340,Spare parts
SIR2-LF2043280,Spare parts
SIR2-LF2043244,Spare parts
SIR2-LF2043240,Spare parts
SIR2-LF2043144,Spare parts
SIR2-LF2043140,Spare parts
SIR2-LF2043136,Spare parts
SIR2-LF2043129,Spare parts
SIR2-LF2043119,Spare parts
SIR2-LF2043015,Spare parts
SIR2-LF2041103,Spare parts
SIR2-LF2041031,Spare parts
SIR2-LF2041029,Spare parts
SIR2-LF2039743,Spare parts
SIR2-LF2039731,Spare parts
SIR2-LF2039725,Spare parts
SIR2-LF2039703,Spare parts
SIR2-LF2039423,Spare parts
SIR2-LF2039420,Spare parts
SIR2-LF2039419,Spare parts
SIR2-LF2039414,Spare parts
SIR2-LF2039412,Spare parts
SIR2-LF2039214,Spare parts
SIR2-LF2039212,Spare parts
SIR2-LF2038610(OLD),Spare parts
SIR2-LF2038610(NEW),Spare parts
SIR2-LF2038310,Spare parts
SIR2-LF2035880,Spare parts
SIR2-LF2035862,Spare parts
SIR2-LF2034004,Spare parts
SIR2-LF2033505,Spare parts
SIR2-LF2033102,Spare parts
SIR2-LF2033101,Spare parts
SIR2-LF2033013,Spare parts
SIR2-LF2033007,Spare parts
SIR2-LF2032912,Spare parts
SIR2-LF2032902,Spare parts
SIR2-LF2032805,Spare parts
SIR2-LF2032630,Spare parts
SIR2-LF2032621,Spare parts
SIR2-LF2032609,Spare parts
SIR2-LF2032608,Spare parts
SIR2-LF2032604,Spare parts
SIR2-LF2032603,Spare parts
SIR2-LF2032018,Spare parts
SIR2-LF2032008,Spare parts
SIR2-LF2032006,Spare parts
SIR2-LF2031510,Spare parts
SIR2-LF2031418,Spare parts
SIR2-LF2031415,Spare parts
SIR2-LF2031410,Spare parts
SIR2-LF2030522090,Spare parts
SIR2-LF2030522033,Spare parts
SIR2-LF2029985,Spare parts
SIR2-LF2029972,Spare parts
SIR2-LF202908513,Spare parts
SIR2-LF202908510,Spare parts
SIR2-LF202908501A,Spare parts
SIR2-LF202908230,Spare parts
SIR2-LF202908201,Spare parts
SIR2-LF202908135,Spare parts
SIR2-LF202908126,Spare parts
SIR2-LF202908115,Spare parts
SIR2-LF202908110,Spare parts
SIR2-LF202908105,Spare parts
SIR2-LF202908102,Spare parts
SIR2-LF202908065,Spare parts
SIR2-LF202908055,Spare parts
SIR2-LF202908050,Spare parts
SIR2-LF202505273,Spare parts
SIR2-LF202505266,Spare parts
SIR2-LF202505261,Spare parts
SIR2-LF202505260,Spare parts
SIR2-LF202505255,Spare parts
SIR2-LF202505250,Spare parts
SIR2-LF202505201,Spare parts
SIR2-LF202505023,Spare parts
SIR2-LF202505020,Spare parts
SIR2-LF202502300,Spare parts
SIR2-LF202502264,Spare parts
SIR2-LF202502255,Spare parts
SIR2-LF202502250,Spare parts
SIR2-LF202502215,Spare parts
SIR2-LF202502210,Spare parts
SIR2-LF202502203,Spare parts
SIR2-LF202502201,Spare parts
SIR2-LF202502138,Spare parts
SIR2-LF202120200,Spare parts
SIR2-LF202120130,Spare parts
SIR2-LF202120018,Spare parts
SIR2-LF202112255,Spare parts
SIR2-LF202112150,Spare parts
SIR2-LF202112145,Spare parts
SIR2-LF202106240,Spare parts
SIR2-LF202106230,Spare parts
SIR2-LF202106225,Spare parts
SIR2-LF202106220,Spare parts
SIR2-LF202106210,Spare parts
SIR2-LF202106205,Spare parts
SIR2-LF202106200,Spare parts
SIR2-LF202106130,Spare parts
SIR2-LF202106055,Spare parts
SIR2-LF202106050,Spare parts
SIR2-LF202106045,Spare parts
SIR2-LF202106027,Spare parts
SIR2-LF202106025,Spare parts
SIR2-LF2013042,Spare parts
SIR2-LF2013024,Spare parts
SIR2-LF2013023,Spare parts
SIR2-LF2013022,Spare parts
SIR2-LF2012016,Spare parts
SIR2-LF2011015B,Spare parts
SIR2-LF2011015A,Spare parts
SIR2-LF2011014,Spare parts
SIR2-LF2010734,Spare parts
SIR2-LF2010720,Spare parts
SIR2-LF2010517,Spare parts
SIR2-LF2010085,Spare parts
SIR2-LF2010081,Spare parts
SIR2-LF2010078,Spare parts
SIR2-LF2009052,Spare parts
SIR2-LF2009015,Spare parts
SIR2-LF2009014,Spare parts
SIR2-LF2009010,Spare parts
SIR2-LF2009008,Spare parts
SIR2-LF2009007,Spare parts
SIR2-LF2009002,Spare parts
SIR2-LF2007038,Spare parts
SIR2-LF2007019,Spare parts
SIR2-LF2007014,Spare parts
SIR2-LF2007008,Spare parts
SIR2-LF2007007,Spare parts
SIR2-LF2001037,Spare parts
SIR2-LF2001032,Spare parts
SIR2-LF2001031,Spare parts
SIR2-LF2001030,Spare parts
SIR2-LF2001027,Spare parts
SIR2-LF2001014,Spare parts
SIR2-LF2001010,Spare parts
SIR2-LF2001009,Spare parts
SIR2-LF2001008,Spare parts
SIR2-LF2001005,Spare parts
SIR2-LF18G32901,Spare parts
SIR2-LF18G32802,Spare parts
SIR2-LF18G32502,Spare parts
SIR2-LF1844503,Spare parts
SIR2-LF1843103,Spare parts
SIR2-LF1839701,Spare parts
SIR2-LF1838601,Spare parts
SIR2-LF1838303,Spare parts
SIR2-LF1838301,Spare parts
SIR2-LF1832602,Spare parts
SIR2-LF1831501,Spare parts
SIR2-LF1831403,Spare parts
SIR2-LF182505003,Spare parts
SIR2-LF182502003,Spare parts
SIR2-LF182106003,Spare parts
SIR2-LF1813002,Spare parts
SIR2-LF1813001,Spare parts
SIR2-LF1810506,Spare parts
SIR2-LF1810501,Spare parts
SIR2-LF1809001,Spare parts
SIR2-LF1807001,Spare parts
SIR2-LF1541001,Spare parts
SIR2-LF1539701,Spare parts
SIR2-LF1534000N,Spare parts
SIR2-LF1533045I2,Spare parts
SIR2-LF1533030I2,Spare parts
SIR2-LF1533020I,Spare parts
SIR2-LF1533018I,Spare parts
SIR2-LF1533016I,Spare parts
SIR2-LF1533012I,Spare parts
SIR2-LF1533010I,Spare parts
SIR2-LF1533004,Spare parts
SIR2-LF1533000N,Spare parts
SIR2-LF1532080I2,Spare parts
SIR2-LF1532060I2,Spare parts
SIR2-LF1532045I2,Spare parts
SIR2-LF1531080I2,Spare parts
SIR2-LF1531060I2,Spare parts
SIR2-LF1531045I2,Spare parts
SIR2-LF1531030I2,Spare parts
SIR2-LF1530000I,Spare parts
SIR2-LF152502010,Spare parts
SIR2-LF152120013,Spare parts
SIR2-LF152120010,Spare parts
SIR2-LF152106005,Spare parts
SIR2-LF152106003,Spare parts
SIR2-LF152020U16,Spare parts
SIR2-LF1513006,Spare parts
SIR2-LF1513001,Spare parts
SIR2-LF1510704,Spare parts
SIR2-LF1510010,Spare parts
SIR2-LF1495001,Spare parts
SIR2-LF1452507,Spare parts
SIR2-LF1443127,Spare parts
SIR2-LF1443120,Spare parts
SIR2-LF1443105,Spare parts
SIR2-LF1435807,Spare parts
SIR2-LF1435803,Spare parts
SIR2-LF1433007,Spare parts
SIR2-LF1433003,Spare parts
SIR2-LF1433001,Spare parts
SIR2-LF142908301,Spare parts
SIR2-LF142908020,Spare parts
SIR2-LF142908015,Spare parts
SIR2-LF142505201,Spare parts
SIR2-LF142505037,Spare parts
SIR2-LF142505015,Spare parts
SIR2-LF142505007,Spare parts
SIR2-LF142505005,Spare parts
SIR2-LF142502201,Spare parts
SIR2-LF142502015,Spare parts
SIR2-LF142502007,Spare parts
SIR2-LF142120015,Spare parts
SIR2-LF142112045,Spare parts
SIR2-LF142112043,Spare parts
SIR2-LF142112040,Spare parts
SIR2-LF142112035,Spare parts
SIR2-LF142106045,Spare parts
SIR2-LF142106025,Spare parts
SIR2-LF142106020,Spare parts
SIR2-LF142106010,Spare parts
SIR2-LF142106005,Spare parts
SIR2-LF142106001,Spare parts
SIR2-LF1260001,Spare parts
SIR2-LF1243101,Spare parts
SIR2-LF1239401,Spare parts
SIR2-LF1233002,Spare parts
SIR2-LF1232611,Spare parts
SIR2-LF1232608,Spare parts
SIR2-LF1232605,Spare parts
SIR2-LF1221100,Spare parts
SIR2-LF122106001,Spare parts
SIR2-LF1213001,Spare parts
SIR2-LF1211302,Spare parts
SIR2-LF1211002,Spare parts
SIR2-LF1210801,Spare parts
SIR2-LF1201001,Spare parts
SIR2-LF1171201,Spare parts
SIR2-LF1150010,Spare parts
SIR2-LF1143101,Spare parts
SIR2-LF1143001,Spare parts
SIR2-LF1134002,Spare parts
SIR2-LF1134001,Spare parts
SIR2-LF1133001,Spare parts
SIR2-LF1132001,Spare parts
SIR2-LF1110801,Spare parts
SIR2-LF1091290020,Spare parts
SIR2-LF1091290010,Spare parts
SIR2-LF1061102,Spare parts
SIR2-LF1061005,Spare parts
SIR2-LF1050103,Spare parts
SIR2-LF1043150,Spare parts
SIR2-LF1041025,Spare parts
SIR2-LF1041023,Spare parts
SIR2-LF1041018,Spare parts
SIR2-LF1041015,Spare parts
SIR2-LF1041005,Spare parts
SIR2-LF1039712,Spare parts
SIR2-LF1039201,Spare parts
SIR2-LF1035838,Spare parts
SIR2-LF1035833,Spare parts
SIR2-LF1035831,Spare parts
SIR2-LF1035816,Spare parts
SIR2-LF1035810,Spare parts
SIR2-LF1035804,Spare parts
SIR2-LF1034561,Spare parts
SIR2-LF1033306,Spare parts
SIR2-LF1033303,Spare parts
SIR2-LF1033302,Spare parts
SIR2-LF1033036,Spare parts
SIR2-LF1033031,Spare parts
SIR2-LF1033021,Spare parts
SIR2-LF1033020,Spare parts
SIR2-LF1033019,Spare parts
SIR2-LF1033011,Spare parts
SIR2-LF1033010A,Spare parts
SIR2-LF1033010,Spare parts
SIR2-LF1033005B,Spare parts
SIR2-LF1033001,Spare parts
SIR2-LF1030522050,Spare parts
SIR2-LF102705001,Spare parts
SIR2-LF102120030,Spare parts
SIR2-LF102112001,Spare parts
SIR2-LF1013060,Spare parts
SIR2-LF1013044,Spare parts
SIR2-LF1013032,Spare parts
SIR2-LF1013024,Spare parts
SIR2-LF1013022,Spare parts
SIR2-LF1013008,Spare parts
SIR2-LF1013005,Spare parts
SIR2-LF1013004,Spare parts
SIR2-LF1013003,Spare parts
SIR2-LF1013002,Spare parts
SIR2-LF1013001,Spare parts
SIR2-LF1011016,Spare parts
SIR2-LF1011012.5,Spare parts
SIR2-LF1010704,Spare parts
SIR2-LF1010094,Spare parts
SIR2-LF1010088,Spare parts
SIR2-LF1010075A,Spare parts
SIR2-LF1010075,Spare parts
SIR2-LF1010072A,Spare parts
SIR2-LF1010072,Spare parts
SIR2-LF1010063A,Spare parts
SIR2-LF1010063,Spare parts
SIR2-LF1010034,Spare parts
SIR2-LF1010032,Spare parts
SIR2-LF1010025,Spare parts
SIR2-LF1010005,Spare parts
SIR2-LF1010004,Spare parts
SIR2-LF1007001,Spare parts
SIR2-LF1001009,Spare parts
SIR2-LF1000416020,Spare parts
SIR2-LF029810,Spare parts
SIR2-LF0221A20030503,Spare parts
SIR2-LF011203,Spare parts
SIR2-IX2982008,Spare parts
SIR2-IX2982003,Spare parts
SIR2-IX2963006016,Spare parts
SIR2-IX2963005014,Spare parts
SIR2-IX2963005012,Spare parts
SIR2-IX2963005010,Spare parts
SIR2-IX2963004025,Spare parts
SIR2-IX2963004020,Spare parts
SIR2-IX2963004012,Spare parts
SIR2-IX2963004010,Spare parts
SIR2-IX2934008,Spare parts
SIR2-IX2934006,Spare parts
SIR2-IX2934005,Spare parts
SIR2-IX2934004,Spare parts
SIR2-IX2934003,Spare parts
SIR2-IX2933006016,Spare parts
SIR2-IX2933006014,Spare parts
SIR2-IX2933006012,Spare parts
SIR2-IX2933005016,Spare parts
SIR2-IX2933005010,Spare parts
SIR2-IX2931006200,Spare parts
SIR2-IX2914006030,Spare parts
SIR2-IX2913010045,Spare parts
SIR2-IX2913010030,Spare parts
SIR2-IX2913008045,Spare parts
SIR2-IX2913006020,Spare parts
SIR2-IX2913006008,Spare parts
SIR2-IX2913005020,Spare parts
SIR2-IX2913005016,Spare parts
SIR2-IX2913004035,Spare parts
SIR2-IX2912008045,Spare parts
SIR2-IX2912006030,Spare parts
SIR2-IX2912006016,Spare parts
SIR2-IX2912006014,Spare parts
SIR2-IX2912006012,Spare parts
SIR2-IX2912005016,Spare parts
SIR2-IX2912005012,Spare parts
SIR2-IX2912005008,Spare parts
SIR2-IX29021008032,Spare parts
SIR2-IX29021008024,Spare parts
SIR2-IX29021006018,Spare parts
SIR2-IX29021005020,Spare parts
SIR2-IX29021005015,Spare parts
SIR2-IX284005012,Spare parts
SIR2-IX279812.9009.5,Spare parts
SIR2-IX27380006010,Spare parts
SIR2-IX26923006,Spare parts
SIR2-IX26923005,Spare parts
SIR2-IX26885A080740,Spare parts
SIR2-IX26885A080728,Spare parts
SIR2-IX26885A080720,Spare parts
SIR2-IX26885A060620,Spare parts
SIR2-IX2471020,Spare parts
SIR2-IX2471010,Spare parts
SIR2-IX2471008,Spare parts
SIR2-IX2471006,Spare parts
SIR2-IX2439008,Spare parts
SIR2-IX2439006,Spare parts
SIR2-IX2315012,Spare parts
SIR2-IX21751008,Spare parts
SIR2-IX21751006,Spare parts
SIR2-IX21751005,Spare parts
SIR2-IX21587LC006,Spare parts
SIR2-IX21587LC005,Spare parts
SIR2-IX2125003,Spare parts
SIR2-IW2071250005,Spare parts
SIR2-IW2071250000,Spare parts
SIR2-IW2071240125,Spare parts
SIR2-IW2071240120,Spare parts
SIR2-IW2071240110,Spare parts
SIR2-IW2071240066,Spare parts
SIR2-IW2071240059,Spare parts
SIR2-IW2071240046,Spare parts
SIR2-IW2071240045,Spare parts
SIR2-IW2071240033,Spare parts
SIR2-IW2071230545,Spare parts
SIR2-IW2071230078,Spare parts
SIR2-IW2071230066,Spare parts
SIR2-IW2071230064,Spare parts
SIR2-IW2071230063,Spare parts
SIR2-IW2071230059,Spare parts
SIR2-IW2071230046,Spare parts
SIR2-IW2071230045,Spare parts
SIR2-IW2071230033,Spare parts
SIR2-IW2071230029,Spare parts
SIR2-IW2071220130,Spare parts
SIR2-IW2071220070,Spare parts
SIR2-IW2071220067,Spare parts
SIR2-IW2071220064,Spare parts
SIR2-IW2071220057,Spare parts
SIR2-IW2071220056,Spare parts
SIR2-IW2071220043,Spare parts
SIR2-IW2071220017,Spare parts
SIR2-IW2071220012,Spare parts
SIR2-IW1571220010,Spare parts
SIR2-IW1471270044,Spare parts
SIR2-IW1471270030,Spare parts
SIR2-IW1471270020,Spare parts
SIR2-IW1471270011,Spare parts
SIR2-IW1471250011,Spare parts
SIR2-IW1471240250,Spare parts
SIR2-IW1471240195,Spare parts
SIR2-IW1471240189,Spare parts
SIR2-IW1471240188,Spare parts
SIR2-IW1471240178,Spare parts
SIR2-IW1471240143,Spare parts
SIR2-IW1471240137,Spare parts
SIR2-IW1471240135,Spare parts
SIR2-IW1471240102,Spare parts
SIR2-IW1471240085,Spare parts
SIR2-IW1471240083,Spare parts
SIR2-IW1471240082,Spare parts
SIR2-IW1471240073,Spare parts
SIR2-IW1471240067,Spare parts
SIR2-IW1471240060,Spare parts
SIR2-IW1471240055,Spare parts
SIR2-IW1471240050,Spare parts
SIR2-IW1471240030,Spare parts
SIR2-IW1471240017,Spare parts
SIR2-IW1471240015,Spare parts
SIR2-IW1471240013,Spare parts
SIR2-IW1471230425,Spare parts
SIR2-IW1471230200,Spare parts
SIR2-IW1471230105,Spare parts
SIR2-IW1471230070,Spare parts
SIR2-IW1471230060,Spare parts
SIR2-IW1471230020,Spare parts
SIR2-IW1471230013,Spare parts
SIR2-IW1471230010,Spare parts
SIR2-IW1471230005,Spare parts
SIR2-IW1471230003,Spare parts
SIR2-IW1471230000,Spare parts
SIR2-IW1471220200,Spare parts
SIR2-IW1471220060,Spare parts
SIR2-IW1471220058,Spare parts
SIR2-IW1471220052,Spare parts
SIR2-IW1471220044,Spare parts
SIR2-IW1471220030,Spare parts
SIR2-IW1471220020,Spare parts
SIR2-IW1471220012,Spare parts
SIR2-IW1271205,Spare parts
SIR2-IW1071270084,Spare parts
SIR2-IW1071270065,Spare parts
SIR2-IW1071270050,Spare parts
SIR2-IW1071270038,Spare parts
SIR2-IW1071240510,Spare parts
SIR2-IW1071240245,Spare parts
SIR2-IW1071240240,Spare parts
SIR2-IW1071240230,Spare parts
SIR2-IW1071240220,Spare parts
SIR2-IW1071240210,Spare parts
SIR2-IW1071240200,Spare parts
SIR2-IW1071240110,Spare parts
SIR2-IW1071240064,Spare parts
SIR2-IW1071240063,Spare parts
SIR2-IW1071240055,Spare parts
SIR2-IW1071240050,Spare parts
SIR2-IW1071240040,Spare parts
SIR2-IW1071240031,Spare parts
SIR2-IW1071240030,Spare parts
SIR2-IW1071240025,Spare parts
SIR2-IW1071240019,Spare parts
SIR2-IW1071240015,Spare parts
SIR2-IW1071240013,Spare parts
SIR2-IW1071240010,Spare parts
SIR2-IW1071230110,Spare parts
SIR2-IW1071230090,Spare parts
SIR2-IW1071230020,Spare parts
SIR2-IW1071230010,Spare parts
SIR2-IW1071220100,Spare parts
SIR2-IW1071220050,Spare parts
SIR2-IW1071220010,Spare parts
SIR2-IV98407400,Spare parts
SIR2-IV9800695,Spare parts
SIR2-IV79RIV05,Spare parts
SIR2-IV7800600,Spare parts
SIR2-IV77C7X8X15,Spare parts
SIR2-IV77C5X5X20,Spare parts
SIR2-IV77C4X4X20,Spare parts
SIR2-IV76M20X40,Spare parts
SIR2-IV76C5X5X20,Spare parts
SIR2-IV75MTM,Spare parts
SIR2-IV75C5X15,Spare parts
SIR2-IV7506018,Spare parts
SIR2-IV7506017,Spare parts
SIR2-IV7506000,Spare parts
SIR2-IV73060042RS,Spare parts
SIR2-IV7300500,Spare parts
SIR2-IV72AT40X25X8,Spare parts
SIR2-IV7043110,Spare parts
SIR2-IV7000600,Spare parts
SIR2-IV7000010,Spare parts
SIR2-IV5966011,Spare parts
SIR2-IV5966010,Spare parts
SIR2-IV59406031,Spare parts
SIR2-IV5826016,Spare parts
SIR2-IV5823451,Spare parts
SIR2-IV5820520,Spare parts
SIR2-IV5820510,Spare parts
SIR2-IV5820050,Spare parts
SIR2-IV5820020,Spare parts
SIR2-IV5820010,Spare parts
SIR2-IV5820000,Spare parts
SIR2-IV5050802,Spare parts
SIR2-IV5050603,Spare parts
SIR2-IV5050002,Spare parts
SIR2-IV4630606,Spare parts
SIR2-IV44R0000,Spare parts
SIR2-IV4300500,Spare parts
SIR2-IV4300010,Spare parts
SIR2-IV4250600,Spare parts
SIR2-IV4230515,Spare parts
SIR2-IV4220500,Spare parts
SIR2-IV4200500,Spare parts
SIR2-IV4130605,Spare parts
SIR2-IV4050610,Spare parts
SIR2-IV4050600,Spare parts
SIR2-IV4020300,Spare parts
SIR2-IV4010025,Spare parts
SIR2-IV4010020,Spare parts
SIR2-IV4010010,Spare parts
SIR2-IV4010000,Spare parts
SIR2-IV4000800,Spare parts
SIR2-IV2520505L,Spare parts
SIR2-IV2420606,Spare parts
SIR2-IV2420600,Spare parts
SIR2-IV2330500,Spare parts
SIR2-IV2320500,Spare parts
SIR2-IV2270500,Spare parts
SIR2-IV2080615,Spare parts
SIR2-IV2080610,Spare parts
SIR2-IV2080606,Spare parts
SIR2-IV2080600,Spare parts
SIR2-IV2080500,Spare parts
SIR2-IV2080010,Spare parts
SIR2-IV2060666,Spare parts
SIR2-IV2060550,Spare parts
SIR2-IV2060500,Spare parts
SIR2-IV2020600,Spare parts
SIR2-IV1320606,Spare parts
SIR2-IV1080626,Spare parts
SIR2-IV1080625,Spare parts
SIR2-IV1080606,Spare parts
SIR2-IV1080605,Spare parts
SIR2-IV1080100,Spare parts
SIR2-IV1020616,Spare parts
SIR2-IV1020615,Spare parts
SIR2-IV1020106,Spare parts
SIR2-IGS716033,Spare parts
SIR2-IGS716023,Spare parts
SIR2-IGS703103,Spare parts
SIR2-IGS460,Spare parts
SIR2-IGS421213,Spare parts
SIR2-IGS413233,Spare parts
SIR2-IGS413103,Spare parts
SIR2-IGS412203,Spare parts
SIR2-IGS407C,Spare parts
SIR2-IGS406013,Spare parts
SIR2-IGS403233,Spare parts
SIR2-IGS403213,Spare parts
SIR2-IGS403203,Spare parts
SIR2-IGS402P,Spare parts
SIR2-IGS402C,Spare parts
SIR2-IGS336,Spare parts
SIR2-IGS316103,Spare parts
SIR2-IGS312143,Spare parts
SIR2-IGS304073,Spare parts
SIR2-IGS303323,Spare parts
SIR2-IGS118503,Spare parts
SIR2-IGS114413N,Spare parts
SIR2-IGS114023N,Spare parts
SIR2-IGS114013,Spare parts
SIR2-IGS112103,Spare parts
SIR2-IGS109043,Spare parts
SIR2-IGS108413,Spare parts
SIR2-IGS107013,Spare parts
SIR2-IGS104033,Spare parts
SIR2-IGS104013,Spare parts
SIR2-IGS103123,Spare parts
SIR2-IGS103093,Spare parts
SIR2-IGS103043,Spare parts
SIR2-IGS103033,Spare parts
SIR2-IGS103013,Spare parts
SIR2-IB9866004,Spare parts
SIR2-IB9866003,Spare parts
SIR2-IB9865600,Spare parts
SIR2-IB9865520,Spare parts
SIR2-IB9865341.05,Spare parts
SIR2-IB9865335.05,Spare parts
SIR2-IB9865320.04,Spare parts
SIR2-IB9865132,Spare parts
SIR2-IB76M4000,Spare parts
SIR2-IB76M3000,Spare parts
SIR2-IB7310910,Spare parts
SIR2-IB7310900,Spare parts
SIR2-IB7306082RS,Spare parts
SIR2-IB7003012,Spare parts
SIR2-IB5970806,Spare parts
SIR2-IB5944027,Spare parts
SIR2-IB5944010,Spare parts
SIR2-IB5940980,Spare parts
SIR2-IB5940941,Spare parts
SIR2-IB5940920,Spare parts
SIR2-IB5940915,Spare parts
SIR2-IB5940910,Spare parts
SIR2-IB5940702,Spare parts
SIR2-IB5940421,Spare parts
SIR2-IB5940420,Spare parts
SIR2-IB5940300,Spare parts
SIR2-IB5894000,Spare parts
SIR2-IB5890003,Spare parts
SIR2-IB5866000,Spare parts
SIR2-IB5846400,Spare parts
SIR2-IB5846000,Spare parts
SIR2-IB5823500,Spare parts
SIR2-IB5820900,Spare parts
SIR2-IB5820300,Spare parts
SIR2-IB5820100,Spare parts
SIR2-IB5806000,Spare parts
SIR2-IB5804402,Spare parts
SIR2-IB5800109,Spare parts
SIR2-IB5800100,Spare parts
SIR2-IB5506800,Spare parts
SIR2-IB52565010,Spare parts
SIR2-IB5256400,Spare parts
SIR2-IB5080710C.14,Spare parts
SIR2-IB5080705,Spare parts
SIR2-IB5054002C,Spare parts
SIR2-IB5054001C,Spare parts
SIR2-IB5054000C,Spare parts
SIR2-IB5036000,Spare parts
SIR2-IB5000900,Spare parts
SIR2-IB5000801A,Spare parts
SIR2-IB5000800,Spare parts
SIR2-IB5000300,Spare parts
SIR2-IB4356300,Spare parts
SIR2-IB4356000,Spare parts
SIR2-IB4293000,Spare parts
SIR2-IB4290400,Spare parts
SIR2-IB4206441,Spare parts
SIR2-IB4206412,Spare parts
SIR2-IB4200701,Spare parts
SIR2-IB4104035,Spare parts
SIR2-IB4104021,Spare parts
SIR2-IB4104014,Spare parts
SIR2-IB4104006,Spare parts
SIR2-IB4104005,Spare parts
SIR2-IB4104004,Spare parts
SIR2-IB4104003,Spare parts
SIR2-IB4104002,Spare parts
SIR2-IB4104001,Spare parts
SIR2-IB4103000,Spare parts
SIR2-IB4100920,Spare parts
SIR2-IB4100915,Spare parts
SIR2-IB4100910,Spare parts
SIR2-IB4100905,Spare parts
SIR2-IB4100900,Spare parts
SIR2-IB4070710,Spare parts
SIR2-IB4050905,Spare parts
SIR2-IB4050900,Spare parts
SIR2-IB4050800,Spare parts
SIR2-IB4050100,Spare parts
SIR2-IB4030713,Spare parts
SIR2-IB4010910,Spare parts
SIR2-IB4004045.04,Spare parts
SIR2-IB4004045,Spare parts
SIR2-IB4004043.04,Spare parts
SIR2-IB4004042,Spare parts
SIR2-IB4004041,Spare parts
SIR2-IB4004040,Spare parts
SIR2-IB4004011,Spare parts
SIR2-IB4004010,Spare parts
SIR2-IB4003025,Spare parts
SIR2-IB4003020,Spare parts
SIR2-IB4003019,Spare parts
SIR2-IB4003016,Spare parts
SIR2-IB4003015,Spare parts
SIR2-IB4003013,Spare parts
SIR2-IB4003012,Spare parts
SIR2-IB4003011,Spare parts
SIR2-IB4003010,Spare parts
SIR2-IB4003008,Spare parts
SIR2-IB4003004,Spare parts
SIR2-IB4003003,Spare parts
SIR2-IB4003001,Spare parts
SIR2-IB4000952,Spare parts
SIR2-IB4000950,Spare parts
SIR2-IB4000820,Spare parts
SIR2-IB4000750,Spare parts
SIR2-IB4000735,Spare parts
SIR2-IB4000730,Spare parts
SIR2-IB4000720,Spare parts
SIR2-IB4000131,Spare parts
SIR2-IB4000130,Spare parts
SIR2-IB3556000,Spare parts
SIR2-IB2680900,Spare parts
SIR2-IB2680800,Spare parts
SIR2-IB2680301,Spare parts
SIR2-IB2680300,Spare parts
SIR2-IB2490010,Spare parts
SIR2-IB2490000,Spare parts
SIR2-IB2486300,Spare parts
SIR2-IB2486010,Spare parts
SIR2-IB2423420,Spare parts
SIR2-IB2280122,Spare parts
SIR2-IB2260930,Spare parts
SIR2-IB2260720,Spare parts
SIR2-IB2104020,Spare parts
SIR2-IB2104005,Spare parts
SIR2-IB2104004,Spare parts
SIR2-IB2104003,Spare parts
SIR2-IB2100910,Spare parts
SIR2-IB2100900,Spare parts
SIR2-IB2080752,Spare parts
SIR2-IB2080750.14,Spare parts
SIR2-IB2000910,Spare parts
SIR2-IB2000905,Spare parts
SIR2-IB2000900,Spare parts
SIR2-IB1981450,Spare parts
SIR2-IB1981440,Spare parts
SIR2-IB1981430,Spare parts
SIR2-IB1980415C,Spare parts
SIR2-IB1980410,Spare parts
SIR2-IB1980400,Spare parts
SIR2-IB1920900,Spare parts
SIR2-IB1023018,Spare parts
SIR2-GRG103348,Spare parts
SIR2-GRG103042,Spare parts
SIR2-GRG100379,Spare parts
SIR2-GRG100378,Spare parts
SIR2-GRG100377,Spare parts
SIR2-GRG100376,Spare parts
SIR2-GRG100354,Spare parts
SIR2-GRG100300,Spare parts
SIR2-GRG100165,Spare parts
SIR2-GM8156700,Spare parts
SIR2-GM8156600,Spare parts
SIR2-GM8156500,Spare parts
SIR2-GM7506110,Spare parts
SIR2-GM7506100,Spare parts
SIR2-GM7506000,Spare parts
SIR2-GM5947200,Spare parts
SIR2-GM5946350,Spare parts
SIR2-GM5946340,Spare parts
SIR2-GM5946300,Spare parts
SIR2-GM5946010,Spare parts
SIR2-GM5893030,Spare parts
SIR2-GM5866000,Spare parts
SIR2-GM5846400,Spare parts
SIR2-GM5846300,Spare parts
SIR2-GM5846055,Spare parts
SIR2-GM5846050,Spare parts
SIR2-GM5846040,Spare parts
SIR2-GM5826150,Spare parts
SIR2-GM5826100,Spare parts
SIR2-GM5826051,Spare parts
SIR2-GM5826010,Spare parts
SIR2-GM5806300,Spare parts
SIR2-GM5806060,Spare parts
SIR2-GM5806050,Spare parts
SIR2-GM5646220,Spare parts
SIR2-GM5646210,Spare parts
SIR2-GM5646200,Spare parts
SIR2-GM5636950F,Spare parts
SIR2-GM5636950E,Spare parts
SIR2-GM5636950D,Spare parts
SIR2-GM5636950C,Spare parts
SIR2-GM5636950B,Spare parts
SIR2-GM5636950A,Spare parts
SIR2-GM5506200,Spare parts
SIR2-GM5400200,Spare parts
SIR2-GM5256600,Spare parts
SIR2-GM5256400,Spare parts
SIR2-GM5253250,Spare parts
SIR2-GM5036875,Spare parts
SIR2-GM5036870,Spare parts
SIR2-GM5036850,Spare parts
SIR2-GM5036200,Spare parts
SIR2-GM5036000,Spare parts
SIR2-GM4800200,Spare parts
SIR2-GM4296200,Spare parts
SIR2-GM4253670,Spare parts
SIR2-GM4253155,Spare parts
SIR2-GM4253125,Spare parts
SIR2-GM4223200,Spare parts
SIR2-GM4206010,Spare parts
SIR2-GM3556200,Spare parts
SIR2-GM3047400,Spare parts
SIR2-GM3047100,Spare parts
SIR2-GM2586215,Spare parts
SIR2-GM2492280,Spare parts
SIR2-GM2492260,Spare parts
SIR2-GM2492150,Spare parts
SIR2-GM2492000,Spare parts
SIR2-GM2486150,Spare parts
SIR2-GM2486060,Spare parts
SIR2-GM2210200,Spare parts
SIR2-GM2023190,Spare parts
SIR2-FG956NP,Spare parts
SIR2-FG92010C,Spare parts
SIR2-FG92000C,Spare parts
SIR2-FG9072,Spare parts
SIR2-FE6885A050525,Spare parts
SIR2-FC99994016,Spare parts
SIR2-FC99994015,Spare parts
SIR2-FC99004072,Spare parts
SIR2-FC99004031,Spare parts
SIR2-FC99004017HAL,Spare parts
SIR2-FC99004017,Spare parts
SIR2-FC1099E3009,Spare parts
SIR2-FC1099E3006,Spare parts
SIR2-FC1099E3002,Spare parts
SIR2-FC1099E3001,Spare parts
SIR2-FC02146,Spare parts
SIR2-FC02144,Spare parts
SIR2-FC02064O,Spare parts
SIR2-FC02064G,Spare parts
SIR2-FC02060,Spare parts
SIR2-FC02045,Spare parts
SIR2-FC02044,Spare parts
SIR2-FC02038T,Spare parts
SIR2-EK008BS061,Spare parts
SIR2-EK008BS047,Spare parts
SIR2-EK008BS043,Spare parts
SIR2-EK008BS042,Spare parts
SIR2-EK008BS041,Spare parts
SIR2-EK008BS040,Spare parts
SIR2-EK008BS033,Spare parts
SIR2-EK008BS031,Spare parts
SIR2-EK008BS025,Spare parts
SIR2-EK008BS022,Spare parts
SIR2-EK008BS015LFL,Spare parts
SIR2-EK008BS014PGTG,Spare parts
SIR2-EK008BS002TG,Spare parts
SIR2-BFS10028,Spare parts
SIR2-BFS10011,Spare parts
SIR2-BFS10007,Spare parts
SIR2-BFS10005,Spare parts
SIR2-AMG670,Spare parts
SIR2-AMG280,Spare parts
SIR2-AMG270,Spare parts
SIR2-AMG264A,Spare parts
SIR2-AMG264,Spare parts
SIR2-AMG258,Spare parts
SIR2-AMG254,Spare parts
SIR2-AMG248,Spare parts
SIR2-AMG242,Spare parts
SIR2-AMG080,Spare parts
SIR2-AMG058,Spare parts
SIR2-AMG056,Spare parts
SIR2-AMG054,Spare parts
SIR2-AMG040C,Spare parts
SIR2-AMG040,Spare parts
SIR2-AMG038,Spare parts
SIR2-AMG032G,Spare parts
SIR2-AMG032,Spare parts
SIR2-AMG022,Spare parts
SIR2-AMG006,Spare parts
SIR2-AME464,Spare parts
SIR2-AME456,Spare parts
SIR2-AME455,Spare parts
SIR2-AME454,Spare parts
SIR2-AME446,Spare parts
SIR2-AME444,Spare parts
SIR2-AME443,Spare parts
SIR2-AME442,Spare parts
SIR2-AME440,Spare parts
SIR2-AME438,Spare parts
SIR2-AME436,Spare parts
SIR2-AME428,Spare parts
SIR2-AME427,Spare parts
SIR2-AME426,Spare parts
SIR2-AME424,Spare parts
SIR2-AME420,Spare parts
SIR2-AME418,Spare parts
SIR2-AME412,Spare parts
SIR2-AME402,Spare parts
SIR2-AMC800,Spare parts
SIR2-AMC680,Spare parts
SIR2-AMC678,Spare parts
SIR2-AMC676,Spare parts
SIR2-AMC674,Spare parts
SIR2-AMC672,Spare parts
SIR2-AMC648,Spare parts
SIR2-AMC280,Spare parts
SIR2-AMC270A,Spare parts
SIR2-AMC258,Spare parts
SIR2-AMC248,Spare parts
SIR2-AMC246,Spare parts
SIR2-AMC244,Spare parts
SIR2-AMC242,Spare parts
SIR2-AMC212,Spare parts
SIR2-AMC104,Spare parts
SIR2-AMC066,Spare parts
SIR2-AMC032.11,Spare parts
SIR2-AMC022,Spare parts
SIR2-AMA682,Spare parts
SIR2-AMA668,Spare parts
SIR2-AMA667,Spare parts
SIR2-AMA648T,Spare parts
SIR2-AMA646,Spare parts
SIR2-AMA624,Spare parts
SIR2-AMA295,Spare parts
SIR2-AMA294A,Spare parts
SIR2-AMA289,Spare parts
SIR2-AMA284N,Spare parts
SIR2-AMA284G,Spare parts
SIR2-AMA278,Spare parts
SIR2-AMA276,Spare parts
SIR2-AMA272,Spare parts
SIR2-AMA268,Spare parts
SIR2-AMA220,Spare parts
SIR2-AMA210,Spare parts
SIR2-AMA102G,Spare parts
SIR2-AMA102,Spare parts
SIR2-AMA094,Spare parts
SIR2-AMA092,Spare parts
SIR2-AMA090,Spare parts
SIR2-AMA085,Spare parts
SIR2-AMA082,Spare parts
SIR2-AMA081,Spare parts
SIR2-AMA080,Spare parts
SIR2-AMA072,Spare parts
SIR2-AMA064,Spare parts
SIR2-AMA062,Spare parts
SIR2-AMA058,Spare parts
SIR2-AMA038,Spare parts
SIR2-AMA028,Spare parts
SIR2-AMA026,Spare parts
SIR2-AMA008,Spare parts
SIR2-8-MM,Spare parts
SIR2-66209000,Spare parts
SIR2-66205000,Spare parts
SIR2-66204500,Spare parts
SIR2-66204000,Spare parts
SIR2-66203500,Spare parts
SIR2-66203000,Spare parts
SIR2-66201000,Spare parts
SIR2-6205Z,Spare parts
SIR2-6202Z,Spare parts
SIR2-6202RS,Spare parts
SIR2-6202-Z,Spare parts
SIR2-60150002,Spare parts
SIR2-60000000(VORTEX),Spare parts
SIR2-60000000,Spare parts
SIR2-6-MM,Spare parts
SIR2-56,Spare parts
SIR2-54,Spare parts
SIR2-49700353,Spare parts
SIR2-49700352,Spare parts
SIR2-49700350,Spare parts
SIR2-49569015,Spare parts
SIR2-49569011,Spare parts
SIR2-49569001,Spare parts
SIR2-49568061,Spare parts
SIR2-49568051,Spare parts
SIR2-49568000,Spare parts
SIR2-49567001,Spare parts
SIR2-49567000,Spare parts
SIR2-49565601,Spare parts
SIR2-49565501,Spare parts
SIR2-49563101,Spare parts
SIR2-49535011,Spare parts
SIR2-49534002,Spare parts
SIR2-49534000,Spare parts
SIR2-49530220,Spare parts
SIR2-49425002,Spare parts
SIR2-49418020,Spare parts
SIR2-49417000,Spare parts
SIR2-49411000,Spare parts
SIR2-49410220,Spare parts
SIR2-49410200,Spare parts
SIR2-49401820,Spare parts
SIR2-49401533,Spare parts
SIR2-49401532,Spare parts
SIR2-49401522,Spare parts
SIR2-49374020L.11,Spare parts
SIR2-49373120.11,Spare parts
SIR2-49373020,Spare parts
SIR2-49373001,Spare parts
SIR2-49372001,Spare parts
SIR2-49370120,Spare parts
SIR2-49370020,Spare parts
SIR2-49020350,Spare parts
SIR2-49020345,Spare parts
SIR2-41,Spare parts
SIR2-40781001,Spare parts
SIR2-40751DESP,Spare parts
SIR2-40750080,Spare parts
SIR2-4.5-MM,Spare parts
SIR2-3-MM,Spare parts
SIR2-29561800,Spare parts
SIR2-29561751,Spare parts
SIR2-29561615,Spare parts
SIR2-29561600,Spare parts
SIR2-29561350,Spare parts
SIR2-29561210,Spare parts
SIR2-29561200,Spare parts
SIR2-29561160.14,Spare parts
SIR2-29561150,Spare parts
SIR2-29561100,Spare parts
SIR2-29561050,Spare parts
SIR2-29561000,Spare parts
SIR2-29536011L,Spare parts
SIR2-29536001,Spare parts
SIR2-29531060,Spare parts
SIR2-29530760,Spare parts
SIR2-29530751,Spare parts
SIR2-29530452L,Spare parts
SIR2-29530451L,Spare parts
SIR2-29530352L,Spare parts
SIR2-29530351L,Spare parts
SIR2-29530252L,Spare parts
SIR2-29530251L,Spare parts
SIR2-29530150,Spare parts
SIR2-29530120.14,Spare parts
SIR2-29515005,Spare parts
SIR2-29515004,Spare parts
SIR2-29411002,Spare parts
SIR2-29410108,Spare parts
SIR2-29410101,Spare parts
SIR2-29401850,Spare parts
SIR2-29401810,Spare parts
SIR2-29401562,Spare parts
SIR2-29401552,Spare parts
SIR2-29401502,Spare parts
SIR2-29320111,Spare parts
SIR2-29030511,Spare parts
SIR2-29030501,Spare parts
SIR2-29030401,Spare parts
SIR2-29030301,Spare parts
SIR2-29030211.14,Spare parts
SIR2-29030201.14,Spare parts
SIR2-29025002.13,Spare parts
SIR2-29021251,Spare parts
SIR2-281542,Spare parts
SIR2-281532XLI,Spare parts
SIR2-281532X,Spare parts
SIR2-281532UX,Spare parts
SIR2-281508X,Spare parts
SIR2-28123210,Spare parts
SIR2-281232045,Spare parts
SIR2-28123204,Spare parts
SIR2-28123203,Spare parts
SIR2-28113203X,Spare parts
SIR2-281122045X,Spare parts
SIR2-28112203X,Spare parts
SIR2-28111206X,Spare parts
SIR2-281112045X,Spare parts
SIR2-28110806X,Spare parts
SIR2-281108045X,Spare parts
SIR2-28103208X,Spare parts
SIR2-28103206X,Spare parts
SIR2-281032045X,Spare parts
SIR2-28103203X,Spare parts
SIR2-28102216X,Spare parts
SIR2-28102212X,Spare parts
SIR2-28102208X,Spare parts
SIR2-28102206X,Spare parts
SIR2-281022045X,Spare parts
SIR2-28102203X,Spare parts
SIR2-28101210X,Spare parts
SIR2-28101206X,Spare parts
SIR2-281012045X,Spare parts
SIR2-28101203X,Spare parts
SIR2-281012035X,Spare parts
SIR2-28100806X,Spare parts
SIR2-281008045X,Spare parts
SIR2-28100803X,Spare parts
SIR2-28045310,Spare parts
SIR2-28045240,Spare parts
SIR2-28045202,Spare parts
SIR2-19814212,Spare parts
SIR2-19801235,Spare parts
SIR2-19801232,Spare parts
SIR2-19800123,Spare parts
SIR2-19800101A,Spare parts
SIR2-19800033NC,Spare parts
SIR2-19800031,Spare parts
SIR2-19800007,Spare parts
SIR2-19702516,Spare parts
SIR2-19702512,Spare parts
SIR2-19702100,Spare parts
SIR2-19702034,Spare parts
SIR2-19702030,Spare parts
SIR2-19702005,Spare parts
SIR2-19702000.18,Spare parts
SIR2-19700364,Spare parts
SIR2-19700360,Spare parts
SIR2-19700354,Spare parts
SIR2-19700340.10,Spare parts
SIR2-19700335,Spare parts
SIR2-19700332,Spare parts
SIR2-19700307,Spare parts
SIR2-19700306,Spare parts
SIR2-19700305,Spare parts
SIR2-19700301,Spare parts
SIR2-19700171,Spare parts
SIR2-19566901,Spare parts
SIR2-19565505,Spare parts
SIR2-19564036,Spare parts
SIR2-19564035,Spare parts
SIR2-19564033,Spare parts
SIR2-19564031,Spare parts
SIR2-19564029,Spare parts
SIR2-19564024,Spare parts
SIR2-19564023,Spare parts
SIR2-19564022,Spare parts
SIR2-19564021,Spare parts
SIR2-19564016,Spare parts
SIR2-19564015,Spare parts
SIR2-19564008,Spare parts
SIR2-19564005,Spare parts
SIR2-19563554LV,Spare parts
SIR2-19563552LV,Spare parts
SIR2-19563510,Spare parts
SIR2-19563505N,Spare parts
SIR2-19563505LV,Spare parts
SIR2-19563505LG,Spare parts
SIR2-19563219,Spare parts
SIR2-19563216,Spare parts
SIR2-19563213,Spare parts
SIR2-19563208,Spare parts
SIR2-19563207,Spare parts
SIR2-19563206,Spare parts
SIR2-19563200,Spare parts
SIR2-19563173,Spare parts
SIR2-19563100,Spare parts
SIR2-19563060,Spare parts
SIR2-19563034,Spare parts
SIR2-19563030,Spare parts
SIR2-19563002,Spare parts
SIR2-19563001,Spare parts
SIR2-19562920,Spare parts
SIR2-19562905,Spare parts
SIR2-19562904,Spare parts
SIR2-19562903,Spare parts
SIR2-19562901,Spare parts
SIR2-19562900,Spare parts
SIR2-19562808G,Spare parts
SIR2-19562806,Spare parts
SIR2-19562803,Spare parts
SIR2-19562702,Spare parts
SIR2-19562701,Spare parts
SIR2-19562610,Spare parts
SIR2-19562602,Spare parts
SIR2-19562504,Spare parts
SIR2-19562502,Spare parts
SIR2-19562501,Spare parts
SIR2-19562410,Spare parts
SIR2-19562404,Spare parts
SIR2-19562403,Spare parts
SIR2-19562402,Spare parts
SIR2-19562395,Spare parts
SIR2-19562344,Spare parts
SIR2-19562342,Spare parts
SIR2-19562336,Spare parts
SIR2-19562324.06,Spare parts
SIR2-19562324,Spare parts
SIR2-19562322.06,Spare parts
SIR2-19562202,Spare parts
SIR2-19562154,Spare parts
SIR2-19562150,Spare parts
SIR2-195621366,Spare parts
SIR2-195621364,Spare parts
SIR2-195621360,Spare parts
SIR2-195621354,Spare parts
SIR2-19562031,Spare parts
SIR2-19560252,Spare parts
SIR2-19560203,Spare parts
SIR2-19560202,Spare parts
SIR2-19560170,Spare parts
SIR2-19560160,Spare parts
SIR2-19560152,Spare parts
SIR2-19560124,Spare parts
SIR2-19560103,Spare parts
SIR2-19560101,Spare parts
SIR2-19553009,Spare parts
SIR2-19550208,Spare parts
SIR2-19550203,Spare parts
SIR2-19550202,Spare parts
SIR2-19543945.15,Spare parts
SIR2-19543945.13,Spare parts
SIR2-19543940.15,Spare parts
SIR2-19543940.13,Spare parts
SIR2-19543040,Spare parts
SIR2-19541508,Spare parts
SIR2-19541502,Spare parts
SIR2-19541006,Spare parts
SIR2-19540909,Spare parts
SIR2-19540905,Spare parts
SIR2-19540901,Spare parts
SIR2-19540807,Spare parts
SIR2-19540805,Spare parts
SIR2-19540718,Spare parts
SIR2-19540709,Spare parts
SIR2-19540708,Spare parts
SIR2-19540704,Spare parts
SIR2-19540703,Spare parts
SIR2-19540670,Spare parts
SIR2-19540660,Spare parts
SIR2-19540609,Spare parts
SIR2-19540540,Spare parts
SIR2-19540453,Spare parts
SIR2-19540450,Spare parts
SIR2-19540430,Spare parts
SIR2-19540408,Spare parts
SIR2-19540406,Spare parts
SIR2-19540402,Spare parts
SIR2-19540140,Spare parts
SIR2-19540101,Spare parts
SIR2-19539790,Spare parts
SIR2-19538065,Spare parts
SIR2-19538064,Spare parts
SIR2-19536040,Spare parts
SIR2-19534460.12,Spare parts
SIR2-19534074,Spare parts
SIR2-19534066,Spare parts
SIR2-19534038,Spare parts
SIR2-19534030,Spare parts
SIR2-195340281,Spare parts
SIR2-19534028,Spare parts
SIR2-1953401640,Spare parts
SIR2-19534016,Spare parts
SIR2-19534012,Spare parts
SIR2-19533864,Spare parts
SIR2-19533765,Spare parts
SIR2-19533764,Spare parts
SIR2-19533755,Spare parts
SIR2-19533370,Spare parts
SIR2-19532584,Spare parts
SIR2-19531710,Spare parts
SIR2-19531356,Spare parts
SIR2-19531330,Spare parts
SIR2-19531306,Spare parts
SIR2-19531057A,Spare parts
SIR2-19531056A,Spare parts
SIR2-19531047,Spare parts
SIR2-19531042,Spare parts
SIR2-19530930.1,Spare parts
SIR2-19530930,Spare parts
SIR2-19530912,Spare parts
SIR2-19530911,Spare parts
SIR2-19530909,Spare parts
SIR2-19530905,Spare parts
SIR2-19530901.10,Spare parts
SIR2-19530901,Spare parts
SIR2-19530840,Spare parts
SIR2-19530802.14,Spare parts
SIR2-19530802,Spare parts
SIR2-19530740,Spare parts
SIR2-19530640,Spare parts
SIR2-19530618,Spare parts
SIR2-19530612,Spare parts
SIR2-19530564,Spare parts
SIR2-19530562.12,Spare parts
SIR2-19530561.12,Spare parts
SIR2-19530554,Spare parts
SIR2-19530540,Spare parts
SIR2-19530535,Spare parts
SIR2-19530532,Spare parts
SIR2-19530507,Spare parts
SIR2-19530501,Spare parts
SIR2-19530460,Spare parts
SIR2-19530440,Spare parts
SIR2-19530420,Spare parts
SIR2-195304030,Spare parts
SIR2-19530402E,Spare parts
SIR2-19530402.06,Spare parts
SIR2-19530402,Spare parts
SIR2-19530161.13,Spare parts
SIR2-19530160.12,Spare parts
SIR2-19526062,Spare parts
SIR2-19526060,Spare parts
SIR2-19525073,Spare parts
SIR2-19525071,Spare parts
SIR2-19525070,Spare parts
SIR2-19525062,Spare parts
SIR2-19525060.1,Spare parts
SIR2-19525060,Spare parts
SIR2-19525058,Spare parts
SIR2-19525052,Spare parts
SIR2-19522645,Spare parts
SIR2-19522640,Spare parts
SIR2-19522620,Spare parts
SIR2-19522610,Spare parts
SIR2-19522600,Spare parts
SIR2-19522505,Spare parts
SIR2-19521603,Spare parts
SIR2-19521464,Spare parts
SIR2-19521212,Spare parts
SIR2-19521115,Spare parts
SIR2-19521103,Spare parts
SIR2-19513070,Spare parts
SIR2-19513064,Spare parts
SIR2-19513060,Spare parts
SIR2-19513042,Spare parts
SIR2-19513037,Spare parts
SIR2-19513034,Spare parts
SIR2-19512260,Spare parts
SIR2-19511956,Spare parts
SIR2-19511854,Spare parts
SIR2-19511240,Spare parts
SIR2-19511235,Spare parts
SIR2-19511208C,Spare parts
SIR2-19511202,Spare parts
SIR2-19511130,Spare parts
SIR2-19511108,Spare parts
SIR2-19511105,Spare parts
SIR2-19510902C.06,Spare parts
SIR2-19510902.08,Spare parts
SIR2-19510730.18,Spare parts
SIR2-19510640,Spare parts
SIR2-19510630,Spare parts
SIR2-19510616EL,Spare parts
SIR2-195104E030,Spare parts
SIR2-195104E011E,Spare parts
SIR2-195104E011,Spare parts
SIR2-19510440,Spare parts
SIR2-19510422,Spare parts
SIR2-195104012,Spare parts
SIR2-195104011,Spare parts
SIR2-195103E07,Spare parts
SIR2-19510337,Spare parts
SIR2-19510259,Spare parts
SIR2-19510256,Spare parts
SIR2-19510254,Spare parts
SIR2-19510232,Spare parts
SIR2-195102093,Spare parts
SIR2-195102074,Spare parts
SIR2-195102072,Spare parts
SIR2-19510207,Spare parts
SIR2-19510206,Spare parts
SIR2-19510160I,Spare parts
SIR2-19510140,Spare parts
SIR2-19500560A,Spare parts
SIR2-19500560,Spare parts
SIR2-19500556,Spare parts
SIR2-19500540,Spare parts
SIR2-19500517,Spare parts
SIR2-19500513,Spare parts
SIR2-19500501,Spare parts
SIR2-19500474,Spare parts
SIR2-19500466L,Spare parts
SIR2-19500466,Spare parts
SIR2-19500465.07,Spare parts
SIR2-19500464,Spare parts
SIR2-19500208,Spare parts
SIR2-19500207,Spare parts
SIR2-19500202,Spare parts
SIR2-19500150,Spare parts
SIR2-19500105,Spare parts
SIR2-19500102,Spare parts
SIR2-19500101,Spare parts
SIR2-19420500,Spare parts
SIR2-19420390,Spare parts
SIR2-19420177,Spare parts
SIR2-19420175,Spare parts
SIR2-19419090,Spare parts
SIR2-19416064,Spare parts
SIR2-19415064,Spare parts
SIR2-19414090,Spare parts
SIR2-19414060N,Spare parts
SIR2-19413964.11,Spare parts
SIR2-19413964.07,Spare parts
SIR2-19413964,Spare parts
SIR2-19413960.17,Spare parts
SIR2-19413014.19,Spare parts
SIR2-19413007.18,Spare parts
SIR2-19411008,Spare parts
SIR2-19411007.18,Spare parts
SIR2-19411000,Spare parts
SIR2-19410807,Spare parts
SIR2-19410806,Spare parts
SIR2-19410740,Spare parts
SIR2-19410739,Spare parts
SIR2-19410712,Spare parts
SIR2-19410530.19,Spare parts
SIR2-19410512,Spare parts
SIR2-19410506,Spare parts
SIR2-19410408,Spare parts
SIR2-19410406,Spare parts
SIR2-19410335,Spare parts
SIR2-19410323,Spare parts
SIR2-19410312,Spare parts
SIR2-19410307,Spare parts
SIR2-19410201U,Spare parts
SIR2-19410201,Spare parts
SIR2-19410160,Spare parts
SIR2-19410152,Spare parts
SIR2-19410144U,Spare parts
SIR2-19410142,Spare parts
SIR2-19410140,Spare parts
SIR2-19410136.10,Spare parts
SIR2-19410135CU.12,Spare parts
SIR2-19410135.08,Spare parts
SIR2-19410103,Spare parts
SIR2-19403052,Spare parts
SIR2-19401962,Spare parts
SIR2-19401865T,Spare parts
SIR2-19401800A,Spare parts
SIR2-19401566.09,Spare parts
SIR2-19401542.09,Spare parts
SIR2-19400432,Spare parts
SIR2-194001096,Spare parts
SIR2-19400109,Spare parts
SIR2-19400107L,Spare parts
SIR2-19400107A.11,Spare parts
SIR2-1940010780,Spare parts
SIR2-19400107,Spare parts
SIR2-19400105,Spare parts
SIR2-19390760,Spare parts
SIR2-19390408,Spare parts
SIR2-19390406,Spare parts
SIR2-19390309,Spare parts
SIR2-19390303,Spare parts
SIR2-19390134,Spare parts
SIR2-19390132,Spare parts
SIR2-19390117,Spare parts
SIR2-19390107,Spare parts
SIR2-19346015,Spare parts
SIR2-19337032,Spare parts
SIR2-19337002,Spare parts
SIR2-19336074,Spare parts
SIR2-19336073.08,Spare parts
SIR2-19336071,Spare parts
SIR2-193360630,Spare parts
SIR2-19336052,Spare parts
SIR2-19336032,Spare parts
SIR2-19336010,Spare parts
SIR2-19336007,Spare parts
SIR2-19336006,Spare parts
SIR2-19336005,Spare parts
SIR2-19336003,Spare parts
SIR2-19335054,Spare parts
SIR2-19335042,Spare parts
SIR2-19335025,Spare parts
SIR2-19335023,Spare parts
SIR2-19335021,Spare parts
SIR2-19335011,Spare parts
SIR2-19335007,Spare parts
SIR2-193350032,Spare parts
SIR2-19324108,Spare parts
SIR2-19324107,Spare parts
SIR2-19324106,Spare parts
SIR2-19324101,Spare parts
SIR2-19324032,Spare parts
SIR2-19320301,Spare parts
SIR2-19320290,Spare parts
SIR2-19320282,Spare parts
SIR2-19320262,Spare parts
SIR2-19320203,Spare parts
SIR2-19300401,Spare parts
SIR2-19300301,Spare parts
SIR2-19027664,Spare parts
SIR2-19021352.11,Spare parts
SIR2-19021332,Spare parts
SIR2-11003010,Spare parts
SIR2-10000000,Spare parts
SIM2-K3H,Spare parts
SIM2-142,Spare parts
SAV2-51070,Spare parts
SAV2-51048,Spare parts
SAV2-30042,Spare parts
SAV2-22741,Spare parts
SAV2-22732,Spare parts
SAV2-22666,Spare parts
SAV2-22665,Spare parts
SAV2-22656,Spare parts
SAV2-22634,Spare parts
SAV2-22633,Spare parts
SAV2-22566,Spare parts
SAV2-22295,Spare parts
SAV2-22294,Spare parts
SAV2-22180,Spare parts
SAV2-22079,Spare parts
SAV2-22055,Spare parts
SAV2-22054,Spare parts
SAV2-22032,Spare parts
SAV2-22029,Spare parts
SAV2-21842,Spare parts
SAV2-21691,Spare parts
SAV2-21453,Spare parts
SAV2-21436,Spare parts
SAV2-21353,Spare parts
SAV2-21351,Spare parts
SAV2-21319,Spare parts
SAV2-21288,Spare parts
SAV2-21281,Spare parts
SAV2-21277,Spare parts
SAV2-21242,Spare parts
SAV2-21213,Spare parts
SAV2-21200,Spare parts
SAV2-21099,Spare parts
SAV2-18035,Spare parts
SAV2-14687,Spare parts
SAV2-14673,Spare parts
SAV2-14619,Spare parts
SAV2-13312,Spare parts
SAV2-12919,Spare parts
SAV2-12899,Spare parts
SAV2-12551,Spare parts
SAV2-12549,Spare parts
SAV2-12548,Spare parts
SAV2-12447,Spare parts
SAV2-12412,Spare parts
SAV2-12355,Spare parts
SAN2-71507B,Spare parts
SAN2-71415,Spare parts
SAN2-71410,Spare parts
SAN2-71408,Spare parts
SAN2-71405,Spare parts
SAN2-71403,Spare parts
SAN2-71300,Spare parts
SAN2-71200C,Spare parts
SAN2-71101,Spare parts
SAN2-70802,Spare parts
SAN2-70801,Spare parts
SAN2-70732,Spare parts
SAN2-70723,Spare parts
SAN2-70722,Spare parts
SAN2-70703,Spare parts
SAN2-70702,Spare parts
SAN2-70603,Spare parts
SAN2-70601,Spare parts
SAN2-70532,Spare parts
SAN2-70519,Spare parts
SAN2-70517,Spare parts
SAN2-70512,Spare parts
SAN2-70507,Spare parts
SAN2-70506,Spare parts
SAN2-70505,Spare parts
SAN2-70504,Spare parts
SAN2-70500,Spare parts
SAN2-70406,Spare parts
SAN2-70405,Spare parts
SAN2-70404,Spare parts
SAN2-70303,Spare parts
SAN2-70251,Spare parts
SAN2-70250,Spare parts
SAN2-70200,Spare parts
SAN2-70150,Spare parts
SAN2-70110,Spare parts
SAN2-70102,Spare parts
SAN2-70100,Spare parts
SAN2-68950,Spare parts
SAN2-68865,Spare parts
SAN2-68718,Spare parts
SAN2-68659,Spare parts
SAN2-68654,Spare parts
SAN2-68653,Spare parts
SAN2-68516,Spare parts
SAN2-68510,Spare parts
SAN2-68508,Spare parts
SAN2-68505,Spare parts
SAN2-68230,Spare parts
SAN2-68100,Spare parts
SAN2-65625,Spare parts
SAN2-65624,Spare parts
SAN2-65526,Spare parts
SAN2-65422,Spare parts
SAN2-65421,Spare parts
SAN2-65413,Spare parts
SAN2-65411,Spare parts
SAN2-65383,Spare parts
SAN2-65382,Spare parts
SAN2-65350,Spare parts
SAN2-65332,Spare parts
SAN2-65280,Spare parts
SAN2-65266,Spare parts
SAN2-65265,Spare parts
SAN2-65263,Spare parts
SAN2-65260,Spare parts
SAN2-65240,Spare parts
SAN2-65220,Spare parts
SAN2-65219,Spare parts
SAN2-65206,Spare parts
SAN2-65204,Spare parts
SAN2-65102,Spare parts
SAN2-65101,Spare parts
SAN2-62405,Spare parts
SAN2-62402,Spare parts
SAN2-62401,Spare parts
SAN2-62400,Spare parts
SAN2-62378,Spare parts
SAN2-62377,Spare parts
SAN2-62376,Spare parts
SAN2-62370,Spare parts
SAN2-62366,Spare parts
SAN2-62365,Spare parts
SAN2-62353,Spare parts
SAN2-62352,Spare parts
SAN2-62351,Spare parts
SAN2-62348,Spare parts
SAN2-62345,Spare parts
SAN2-62344,Spare parts
SAN2-62343B,Spare parts
SAN2-62343,Spare parts
SAN2-62340,Spare parts
SAN2-62330,Spare parts
SAN2-62315,Spare parts
SAN2-62312,Spare parts
SAN2-62310,Spare parts
SAN2-62309,Spare parts
SAN2-62308,Spare parts
SAN2-62305,Spare parts
SAN2-62304,Spare parts
SAN2-62303,Spare parts
SAN2-62301,Spare parts
SAN2-62300,Spare parts
SAN2-62222,Spare parts
SAN2-62220,Spare parts
SAN2-62208,Spare parts
SAN2-62207,Spare parts
SAN2-62204,Spare parts
SAN2-62203,Spare parts
SAN2-62200,Spare parts
SAN2-62125,Spare parts
SAN2-62119,Spare parts
SAN2-62116,Spare parts
SAN2-62110,Spare parts
SAN2-62103,Spare parts
SAN2-58950,Spare parts
SAN2-58361,Spare parts
SAN2-58350,Spare parts
SAN2-58300,Spare parts
SAN2-58230,Spare parts
SAN2-58207,Spare parts
SAN2-58206,Spare parts
SAN2-58205,Spare parts
SAN2-58202,Spare parts
SAN2-58200,Spare parts
SAN2-58105,Spare parts
SAN2-54714,Spare parts
SAN2-54710,Spare parts
SAN2-54705,Spare parts
SAN2-54603,Spare parts
SAN2-54400,Spare parts
SAN2-11404N,Spare parts
SAN2-11403,Spare parts
SAN2-11400,Spare parts
SAN2-11326,Spare parts
SAN2-11322N,Spare parts
SAN2-11316N,Spare parts
SAN2-11309,Spare parts
SAN2-11307,Spare parts
SAN2-11306N,Spare parts
SAN2-11300N,Spare parts
SAN2-11204NJ,Spare parts
SAN2-11204AJ,Spare parts
SAN2-11202,Spare parts
SAN2-11201,Spare parts
SAN2-11150,Spare parts
SAN2-11103,Spare parts
SAN2-11101,Spare parts
SAN2-10903,Spare parts
SAN2-10700,Spare parts
SAN2-10610,Spare parts
SAN2-10607,Spare parts
SAN2-10606,Spare parts
SAN2-10605,Spare parts
SAN2-10601,Spare parts
SAN2-10502,Spare parts
SAN2-10305,Spare parts
SAN2-10304,Spare parts
SAN2-10200,Spare parts
SAN2-10108,Spare parts
SAN2-10107,Spare parts
SAN2-10106,Spare parts
SAN2-10105,Spare parts
SAN2-10104,Spare parts
SAN2-09502,Spare parts
SAN2-09435,Spare parts
SAN2-09412,Spare parts
SAN2-09409,Spare parts
SAN2-09209,Spare parts
SAN2-09203,Spare parts
SAN2-09200,Spare parts
SAN2-09155,Spare parts
SAN2-09147,Spare parts
SAN2-09109,Spare parts
SAN2-06772,Spare parts
SAN2-06771,Spare parts
SAN2-06741,Spare parts
SAN2-06738,Spare parts
SAN2-06737,Spare parts
SAN2-06736,Spare parts
SAN2-06735,Spare parts
SAN2-06734,Spare parts
SAN2-06733,Spare parts
SAN2-06731,Spare parts
SAN2-06726,Spare parts
SAN2-06725,Spare parts
SAN2-06718,Spare parts
SAN2-06715,Spare parts
SAN2-06714,Spare parts
SAN2-06713,Spare parts
SAN2-06710,Spare parts
SAN2-06705,Spare parts
SAN2-06702,Spare parts
SAN2-06701,Spare parts
SAN2-06621,Spare parts
SAN2-06614,Spare parts
SAN2-06612,Spare parts
SAN2-06606,Spare parts
SAN2-06602,Spare parts
SAN2-06515,Spare parts
SAN2-06510,Spare parts
SAN2-06500,Spare parts
SAN2-06311,Spare parts
SAN2-06305,Spare parts
SAN2-06206,Spare parts
SAN2-06205,Spare parts
SAN2-06103,Spare parts
SAN2-06100,Spare parts
SAN2-02502,Spare parts
SAN2-02430,Spare parts
SAN2-02419,Spare parts
SAN2-02341,Spare parts
SAN2-02337,Spare parts
SAN2-02328,Spare parts
SAN2-02327,Spare parts
SAN2-02324,Spare parts
SAN2-02315,Spare parts
SAN2-02201BD,Spare parts
SAN2-02124,Spare parts
SAN2-01604,Spare parts
SAN2-01602,Spare parts
SAN2-01600,Spare parts
SAN2-01500,Spare parts
SAN2-01418,Spare parts
SAN2-01412,Spare parts
SAN2-01409,Spare parts
SAN2-01406,Spare parts
SAN2-01336,Spare parts
SAN2-01310,Spare parts
SAN2-01304,Spare parts
SAN2-01300,Spare parts
SAN2-01230,Spare parts
SAN2-01228,Spare parts
SAN2-01226,Spare parts
SAN2-01225P,Spare parts
SAN2-01213,Spare parts
SAN2-01212,Spare parts
SAN2-01205,Spare parts
SAN2-01201,Spare parts
SAN2-01104,Spare parts
SAN2-01103,Spare parts
SAN2-01102,Spare parts
SAN2-01101,Spare parts
SAN2-01100,Spare parts
SAN2-00001B,Spare parts
SAN2-00001,Spare parts
SAM2-6100420,Spare parts
SAM2-4600420,Spare parts
SAM2-4600370,Spare parts
SAM2-4600195,Spare parts
SAM2-4519005,Spare parts
SAM2-4429025,Spare parts
SAM2-4421102,Spare parts
SAM2-4420170,Spare parts
SAM2-4420065,Spare parts
SAM2-4420010,Spare parts
SAM2-4301854,Spare parts
SAM2-4039095,Spare parts
SAM2-4039092,Spare parts
SAM2-4039090,Spare parts
SAM2-4039087,Spare parts
SAM2-4039075,Spare parts
SAM2-4039070,Spare parts
SAM2-4039042,Spare parts
SAM2-4039035,Spare parts
SAM2-4039015,Spare parts
SAM2-4039005,Spare parts
SAM2-4030675,Spare parts
SAM2-4030510,Spare parts
SAM2-4030125,Spare parts
SAM2-4030020,Spare parts
SAM2-3030110,Spare parts
SAM2-2600145,Spare parts
SAM2-2509429,Spare parts
SAM2-2509330,Spare parts
SAM2-2509320,Spare parts
SAM2-2509316,Spare parts
SAM2-2509314,Spare parts
SAM2-2509312,Spare parts
SAM2-2509310,Spare parts
SAM2-2509306,Spare parts
SAM2-2509188,Spare parts
SAM2-2509186,Spare parts
SAM2-2509174,Spare parts
SAM2-2509157,Spare parts
SAM2-2509150,Spare parts
SAM2-2509145,Spare parts
SAM2-2509142,Spare parts
SAM2-2509124,Spare parts
SAM2-2509112,Spare parts
SAM2-2509109,Spare parts
SAM2-2504296,Spare parts
SAE2-140321262,Spare parts
SAE2-127470920,Spare parts
SAE2-126833000,Spare parts
SAE2-126520119,Spare parts
SAE2-123740521,Spare parts
SAE2-123460120,Spare parts
SAE2-123160502,Spare parts
SAE2-031482900A,Spare parts
SAE2-0302804,Spare parts
SAE2-0301R1000A,Spare parts
SAE2-0301R03,Spare parts
SAE2-0301046230,Spare parts
SAE2-0301012230,Spare parts
RTN2-WCI-202,Spare parts
RTN2-87.01.489,Spare parts
RTN2-87.01.410,Spare parts
RTN2-87.01.374,Spare parts
RTN2-87.01.372,Spare parts
RTN2-87.01.370,Spare parts
RTN2-87.01.367,Spare parts
RTN2-87.01.356,Spare parts
RTN2-87.01.297,Spare parts
RTN2-87.01.289,Spare parts
RTN2-87.01.272,Spare parts
RTN2-87.01.218,Spare parts
RTN2-87.01.191,Spare parts
RTN2-87.01.188,Spare parts
RTN2-87.01.016,Spare parts
RTN2-87.01.011,Spare parts
RTN2-87.00.470,Spare parts
RTN2-87.00.396,Spare parts
RTN2-87.00.367,Spare parts
RTN2-87.00.366,Spare parts
RTN2-87.00.352,Spare parts
RTN2-87.00.139,Spare parts
RTN2-87.00.039,Spare parts
RTN2-8354.1320,Spare parts
RTN2-6004.1012,Spare parts
RTN2-60.70.400,Spare parts
RTN2-60.60.100,Spare parts
RTN2-590000200,Spare parts
RTN2-56.00.823,Spare parts
RTN2-56.00.618S,Spare parts
RTN2-56.00.512P,Spare parts
RTN2-56.00.166,Spare parts
RTN2-56.00.153P,Spare parts
RTN2-54.01.253,Spare parts
RTN2-54.01.168,Spare parts
RTN2-54.01.148,Spare parts
RTN2-54.01.141S,Spare parts
RTN2-50.01.640S,Spare parts
RTN2-50.01.213,Spare parts
RTN2-50.01.147,Spare parts
RTN2-50.01.146P,Spare parts
RTN2-50.01.050S,Spare parts
RTN2-50.00.846,Spare parts
RTN2-50.00.844,Spare parts
RTN2-50.00.303,Spare parts
RTN2-50.00.286P,Spare parts
RTN2-50.00.282,Spare parts
RTN2-50.00.176P,Spare parts
RTN2-50.00.140P,Spare parts
RTN2-50.00.130S,Spare parts
RTN2-44.01.581,Spare parts
RTN2-44.01.417P,Spare parts
RTN2-44.00.207P,Spare parts
RTN2-42.00.269P,Spare parts
RTN2-42.00.266,Spare parts
RTN2-42.00.260P,Spare parts
RTN2-42.00.241S,Spare parts
RTN2-42.00.224,Spare parts
RTN2-42.00.223,Spare parts
RTN2-42.00.112P,Spare parts
RTN2-42.00.094,Spare parts
RTN2-42.00.081P,Spare parts
RTN2-42.00.080P,Spare parts
RTN2-42.00.064P,Spare parts
RTN2-42.00.047P,Spare parts
RTN2-42.00.047,Spare parts
RTN2-42.00.004,Spare parts
RTN2-40.05.269,Spare parts
RTN2-40.05.256,Spare parts
RTN2-40.05.016,Spare parts
RTN2-40.04.869,Spare parts
RTN2-40.04.836,Spare parts
RTN2-40.04.771,Spare parts
RTN2-40.04.107,Spare parts
RTN2-40.04.048,Spare parts
RTN2-40.04.040P,Spare parts
RTN2-40.03.994P,Spare parts
RTN2-40.03.948,Spare parts
RTN2-40.03.928P,Spare parts
RTN2-40.03.928,Spare parts
RTN2-40.03.772,Spare parts
RTN2-40.03.684S,Spare parts
RTN2-40.03.528,Spare parts
RTN2-40.03.516P,Spare parts
RTN2-40.03.513P,Spare parts
RTN2-40.03.467,Spare parts
RTN2-40.03.428P,Spare parts
RTN2-40.03.428,Spare parts
RTN2-40.03.425P,Spare parts
RTN2-40.03.425,Spare parts
RTN2-40.03.378P,Spare parts
RTN2-40.03.257,Spare parts
RTN2-40.02.684P,Spare parts
RTN2-40.02.684,Spare parts
RTN2-40.02.512P,Spare parts
RTN2-40.01.603,Spare parts
RTN2-40.01.482S,Spare parts
RTN2-40.01.329S,Spare parts
RTN2-40.00.608P,Spare parts
RTN2-40.00.606P,Spare parts
RTN2-40.00.464P,Spare parts
RTN2-40.00.453P,Spare parts
RTN2-40.00.404,Spare parts
RTN2-40.00.395,Spare parts
RTN2-40.00.277,Spare parts
RTN2-40.00.274P,Spare parts
RTN2-40.00.251,Spare parts
RTN2-40.00.091S,Spare parts
RTN2-3024.0201P,Spare parts
RTN2-3017.1011,Spare parts
RTN2-24.03.451P,Spare parts
RTN2-24.03.450P,Spare parts
RTN2-24.00.194,Spare parts
RTN2-24.00.142,Spare parts
RON2-138824,Spare parts
RON2-13753,Spare parts
RON2-137434,Spare parts
RON2-137364,Spare parts
RON2-137355,Spare parts
RON2-137352,Spare parts
RON2-136946,Spare parts
RON2-136945,Spare parts
RON2-136316,Spare parts
RON2-135689,Spare parts
RON2-135684,Spare parts
RON2-135682,Spare parts
RON2-135656,Spare parts
RON2-134648,Spare parts
RON2-134647,Spare parts
RON2-134623,Spare parts
RON2-134543,Spare parts
RON2-134526,Spare parts
RON2-128308T02,Spare parts
RON2-128308T01,Spare parts
RON2-128109,Spare parts
RON2-126336,Spare parts
RON2-126086,Spare parts
RON2-126085,Spare parts
RON2-125954,Spare parts
RON2-125953,Spare parts
RON2-125909,Spare parts
RON2-125872,Spare parts
RON2-125589,Spare parts
RON2-125588,Spare parts
RON2-125463,Spare parts
RON2-125462,Spare parts
RON2-125459,Spare parts
RON2-125404,Spare parts
RON2-124802,Spare parts
RON2-124065T01,Spare parts
RON2-124062,Spare parts
RON2-124004V1_ET,Spare parts
RON2-124003,Spare parts
RON2-124000,Spare parts
RON2-123597,Spare parts
RON2-123592,Spare parts
RON2-123591,Spare parts
RON2-123581,Spare parts
RON2-123572,Spare parts
RON2-123571,Spare parts
RON2-123570,Spare parts
RON2-123555T01,Spare parts
RON2-123552,Spare parts
RON2-123398,Spare parts
RON2-123357,Spare parts
RON2-123341,Spare parts
RON2-123340,Spare parts
RON2-123219,Spare parts
RON2-123178,Spare parts
RON2-123176,Spare parts
RON2-123102T02,Spare parts
RON2-122960,Spare parts
RON2-122781,Spare parts
RON2-122774T05,Spare parts
RON2-122774T03,Spare parts
RON2-122774T02,Spare parts
RON2-122773T01,Spare parts
RON2-121973,Spare parts
RON2-121344T30,Spare parts
RON2-121344T24,Spare parts
RON2-121344T02,Spare parts
RON2-121344,Spare parts
RON2-121337,Spare parts
RON2-121070,Spare parts
RON2-121069,Spare parts
RON2-121029,Spare parts
RON2-120978,Spare parts
RON2-12094,Spare parts
RON2-120750T02,Spare parts
RON2-120667,Spare parts
RON2-120666,Spare parts
RON2-12061,Spare parts
RON2-12054,Spare parts
RON2-12009,Spare parts
RON2-11957,Spare parts
RON2-11936,Spare parts
RON2-11935,Spare parts
RON2-11749,Spare parts
RON2-11279,Spare parts
RON2-11192,Spare parts
RON2-10996,Spare parts
RON2-108270,Spare parts
RON2-106904,Spare parts
RON2-106887,Spare parts
RON2-106852,Spare parts
RON2-106816,Spare parts
RON2-106814,Spare parts
RON2-10661,Spare parts
RON2-106593,Spare parts
RON2-106562T03,Spare parts
RON2-106225,Spare parts
RON2-105444,Spare parts
RON2-10483,Spare parts
RON2-10309,Spare parts
RON2-10248,Spare parts
RON2-00002,Spare parts
RON2-00001,Spare parts
ROL2-Z01999,Spare parts
ROL2-SH03030,Spare parts
ROL2-SH03029,Spare parts
ROL2-SH03026,Spare parts
ROL2-SH03016,Spare parts
ROL2-SH03006,Spare parts
ROL2-SH01034,Spare parts
ROL2-SH01033,Spare parts
ROL2-SH01032,Spare parts
ROL2-SF08015,Spare parts
ROL2-SB07023,Spare parts
ROL2-SB06051,Spare parts
ROL2-SB06044,Spare parts
ROL2-SB06026,Spare parts
ROL2-SB06025,Spare parts
ROL2-SB06012,Spare parts
ROL2-SB06007,Spare parts
ROL2-SB04070,Spare parts
ROL2-SA18027,Spare parts
ROL2-SA18025,Spare parts
ROL2-SA15021,Spare parts
ROL2-SA14099,Spare parts
ROL2-SA13001,Spare parts
ROL2-SA06057,Spare parts
ROL2-SA06030,Spare parts
ROL2-SA03110,Spare parts
ROL2-SA03077,Spare parts
ROL2-SA03023,Spare parts
ROL2-SA03019,Spare parts
ROL2-SA03018,Spare parts
ROL2-SA03016,Spare parts
ROL2-SA03012,Spare parts
ROL2-INDUCTOR,Spare parts
ROL2-HEATER,Spare parts
ROL2-H04083BRO,Spare parts
ROL2-H04082G,Spare parts
ROL2-H04031,Spare parts
ROL2-H04003,Spare parts
ROL2-H03024,Spare parts
ROL2-H03020,Spare parts
ROL2-H03007,Spare parts
ROL2-H03006,Spare parts
ROL2-H03002,Spare parts
ROL2-H02034,Spare parts
ROL2-H01083,Spare parts
ROL2-H01034,Spare parts
ROL2-H01032,Spare parts
ROL2-H01022,Spare parts
ROL2-H01021,Spare parts
ROL2-H01018,Spare parts
ROL2-H01012,Spare parts
ROL2-H01011,Spare parts
ROL2-G16386,Spare parts
ROL2-G16331,Spare parts
ROL2-G16079,Spare parts
ROL2-G16034,Spare parts
ROL2-G16033,Spare parts
ROL2-G16024,Spare parts
ROL2-G06880,Spare parts
ROL2-G06743,Spare parts
ROL2-G06702,Spare parts
ROL2-F07046,Spare parts
ROL2-F07011,Spare parts
ROL2-F07008,Spare parts
ROL2-F05084,Spare parts
ROL2-F05051,Spare parts
ROL2-F05022,Spare parts
ROL2-F05017,Spare parts
ROL2-F05010,Spare parts
ROL2-F05009,Spare parts
ROL2-F05004,Spare parts
ROL2-F05002,Spare parts
ROL2-F04046,Spare parts
ROL2-F04030,Spare parts
ROL2-F04013,Spare parts
ROL2-F04012,Spare parts
ROL2-F04008,Spare parts
ROL2-F04002,Spare parts
ROL2-F04001,Spare parts
ROL2-F03049,Spare parts
ROL2-F03037,Spare parts
ROL2-F03034,Spare parts
ROL2-F03017NM,Spare parts
ROL2-F01083SE,Spare parts
ROL2-F01078,Spare parts
ROL2-F01062,Spare parts
ROL2-F01059,Spare parts
ROL2-F01057,Spare parts
ROL2-F01045,Spare parts
ROL2-F01042-43,Spare parts
ROL2-F01035,Spare parts
ROL2-F01027-GAU,Spare parts
ROL2-F01026,Spare parts
ROL2-F01023,Spare parts
ROL2-F01007,Spare parts
ROL2-E02298,Spare parts
ROL2-E02295,Spare parts
ROL2-E02294,Spare parts
ROL2-E02293,Spare parts
ROL2-E02292,Spare parts
ROL2-E02291,Spare parts
ROL2-E02264,Spare parts
ROL2-E02257,Spare parts
ROL2-E02201,Spare parts
ROL2-E02189,Spare parts
ROL2-E02180,Spare parts
ROL2-E02160,Spare parts
ROL2-E02159,Spare parts
ROL2-E02158,Spare parts
ROL2-E02157,Spare parts
ROL2-E02144,Spare parts
ROL2-E02141,Spare parts
ROL2-E02112,Spare parts
ROL2-E02088,Spare parts
ROL2-E02087,Spare parts
ROL2-E02081,Spare parts
ROL2-E02077,Spare parts
ROL2-E02070,Spare parts
ROL2-E02032,Spare parts
ROL2-E02031,Spare parts
ROL2-E02011,Spare parts
ROL2-E01021,Spare parts
ROL2-E01019,Spare parts
ROL2-E01012,Spare parts
ROL2-E01005,Spare parts
ROL2-D06014,Spare parts
ROL2-D05080,Spare parts
ROL2-D04043SE,Spare parts
ROL2-D04030,Spare parts
ROL2-D04029,Spare parts
ROL2-D04022,Spare parts
ROL2-D04020,Spare parts
ROL2-D04015,Spare parts
ROL2-D04009,Spare parts
ROL2-D02180,Spare parts
ROL2-D02171,Spare parts
ROL2-D02170,Spare parts
ROL2-D02163,Spare parts
ROL2-D02160,Spare parts
ROL2-D02159,Spare parts
ROL2-D02158,Spare parts
ROL2-D02157,Spare parts
ROL2-D02154,Spare parts
ROL2-D02151,Spare parts
ROL2-D02144,Spare parts
ROL2-D02142,Spare parts
ROL2-D02141,Spare parts
ROL2-D02140,Spare parts
ROL2-D02139,Spare parts
ROL2-D02108,Spare parts
ROL2-D02105,Spare parts
ROL2-D02097,Spare parts
ROL2-D02096,Spare parts
ROL2-D02095,Spare parts
ROL2-D02093,Spare parts
ROL2-D02045,Spare parts
ROL2-D02043,Spare parts
ROL2-D02034,Spare parts
ROL2-D02029,Spare parts
ROL2-D02025,Spare parts
ROL2-D02023,Spare parts
ROL2-D02019,Spare parts
ROL2-D02018,Spare parts
ROL2-D02013,Spare parts
ROL2-D02010,Spare parts
ROL2-D02001,Spare parts
ROL2-D01045,Spare parts
ROL2-D01044,Spare parts
ROL2-D01027,Spare parts
ROL2-D01021,Spare parts
ROL2-D01003,Spare parts
ROL2-C04008,Spare parts
ROL2-C04005,Spare parts
ROL2-C03013,Spare parts
ROL2-B10018,Spare parts
ROL2-B10007,Spare parts
ROL2-B10006,Spare parts
ROL2-B10004,Spare parts
ROL2-B09008,Spare parts
ROL2-B09007,Spare parts
ROL2-B09005,Spare parts
ROL2-B09003,Spare parts
ROL2-B08050,Spare parts
ROL2-B08044,Spare parts
ROL2-B08004,Spare parts
ROL2-B07020,Spare parts
ROL2-B07004,Spare parts
ROL2-B07002,Spare parts
ROL2-B06050,Spare parts
ROL2-B06035,Spare parts
ROL2-B06017,Spare parts
ROL2-B06012,Spare parts
ROL2-B06010,Spare parts
ROL2-B04104,Spare parts
ROL2-B04087,Spare parts
ROL2-B04071,Spare parts
ROL2-B04039,Spare parts
ROL2-B04034,Spare parts
ROL2-B04033,Spare parts
ROL2-B03008,Spare parts
ROL2-B03004COM,Spare parts
ROL2-B03004,Spare parts
ROL2-B03003,Spare parts
ROL2-B02049,Spare parts
ROL2-B02027+PTR,Spare parts
ROL2-B02026,Spare parts
ROL2-B02013,Spare parts
ROL2-B01004,Spare parts
ROL2-B01002,Spare parts
ROL2-A18028,Spare parts
ROL2-A18027,Spare parts
ROL2-A18026,Spare parts
ROL2-A18024,Spare parts
ROL2-A18023,Spare parts
ROL2-A18022,Spare parts
ROL2-A18019,Spare parts
ROL2-A18013,Spare parts
ROL2-A18011,Spare parts
ROL2-A18008,Spare parts
ROL2-A18006,Spare parts
ROL2-A17008,Spare parts
ROL2-A17006,Spare parts
ROL2-A17003,Spare parts
ROL2-A17002,Spare parts
ROL2-A16026,Spare parts
ROL2-A16014,Spare parts
ROL2-A16013,Spare parts
ROL2-A16012,Spare parts
ROL2-A16010,Spare parts
ROL2-A15067,Spare parts
ROL2-A15061,Spare parts
ROL2-A15037,Spare parts
ROL2-A15036,Spare parts
ROL2-A15035,Spare parts
ROL2-A15031,Spare parts
ROL2-A15028,Spare parts
ROL2-A15019,Spare parts
ROL2-A15018,Spare parts
ROL2-A15016,Spare parts
ROL2-A15015,Spare parts
ROL2-A15011,Spare parts
ROL2-A15009,Spare parts
ROL2-A15008,Spare parts
ROL2-A14111,Spare parts
ROL2-A14078,Spare parts
ROL2-A14077,Spare parts
ROL2-A14075,Spare parts
ROL2-A14042,Spare parts
ROL2-A13019,Spare parts
ROL2-A13017,Spare parts
ROL2-A13012,Spare parts
ROL2-A13010,Spare parts
ROL2-A13009,Spare parts
ROL2-A13006,Spare parts
ROL2-A13003,Spare parts
ROL2-A10002,Spare parts
ROL2-A10001,Spare parts
ROL2-A09001,Spare parts
ROL2-A08011,Spare parts
ROL2-A08005,Spare parts
ROL2-A08001,Spare parts
ROL2-A07025,Spare parts
ROL2-A07023,Spare parts
ROL2-A07017,Spare parts
ROL2-A07015,Spare parts
ROL2-A07014,Spare parts
ROL2-A07012,Spare parts
ROL2-A07011,Spare parts
ROL2-A06063,Spare parts
ROL2-A06048,Spare parts
ROL2-A06044,Spare parts
ROL2-A06034-1,Spare parts
ROL2-A06034,Spare parts
ROL2-A06021,Spare parts
ROL2-A06018,Spare parts
ROL2-A06011,Spare parts
ROL2-A06009,Spare parts
ROL2-A06001,Spare parts
ROL2-A05018,Spare parts
ROL2-A05017,Spare parts
ROL2-A05011,Spare parts
ROL2-A04005,Spare parts
ROL2-A03064,Spare parts
ROL2-A03063,Spare parts
ROL2-A03061,Spare parts
ROL2-A03058,Spare parts
ROL2-A03057,Spare parts
ROL2-A03054,Spare parts
ROL2-A03050,Spare parts
ROL2-A03038,Spare parts
ROL2-A03026,Spare parts
ROL2-A03025,Spare parts
ROL2-A03024,Spare parts
ROL2-A03012,Spare parts
ROL2-A03010(FC110E),Spare parts
ROL2-A03010,Spare parts
ROL2-A03008,Spare parts
ROL2-A02031,Spare parts
ROL2-A02029,Spare parts
ROL2-A02019,Spare parts
ROL2-A02016,Spare parts
ROL2-A02015,Spare parts
ROL2-A02008,Spare parts
ROL2-A02001,Spare parts
ROL2-A01023,Spare parts
ROL2-A01022,Spare parts
ROL2-A01006-1,Spare parts
ROL2-A01006,Spare parts
ROL2-A01002,Spare parts
ROL2-A01001,Spare parts
ROL2-90018,Spare parts
ROL2-801020,Spare parts
ROL2-76281,Spare parts
ROL2-76266,Spare parts
ROL2-76256G,Spare parts
ROL2-76256D,Spare parts
ROL2-76249,Spare parts
ROL2-76248,Spare parts
ROL2-76247,Spare parts
ROL2-76246,Spare parts
ROL2-76234,Spare parts
ROL2-76156,Spare parts
ROL2-76136,Spare parts
ROL2-76133SE,Spare parts
ROL2-76124SE,Spare parts
ROL2-76119,Spare parts
ROL2-76118,Spare parts
ROL2-76114,Spare parts
ROL2-76111SE,Spare parts
ROL2-76106,Spare parts
ROL2-76105,Spare parts
ROL2-76104,Spare parts
ROL2-76101,Spare parts
ROL2-76100,Spare parts
ROL2-64041,Spare parts
ROL2-607001,Spare parts
ROL2-601025,Spare parts
ROL2-57031,Spare parts
ROL2-57012,Spare parts
ROL2-57004RAM,Spare parts
ROL2-53164SE,Spare parts
ROL2-53120SEEM,Spare parts
ROL2-53120SE,Spare parts
ROL2-53077,Spare parts
ROL2-53024,Spare parts
ROL2-50058SE,Spare parts
ROL2-50053,Spare parts
ROL2-49018,Spare parts
ROL2-45001,Spare parts
ROL2-402075,Spare parts
ROL2-402019,Spare parts
ROL2-401035,Spare parts
ROL2-401024,Spare parts
ROL2-380050115,Spare parts
ROL2-37380SE,Spare parts
ROL2-37325SE,Spare parts
ROL2-37318,Spare parts
ROL2-37113,Spare parts
ROL2-37022,Spare parts
ROL2-37006,Spare parts
ROL2-37005,Spare parts
ROL2-36091,Spare parts
ROL2-36008COM,Spare parts
ROL2-35087SE,Spare parts
ROL2-304005,Spare parts
ROL2-30037,Spare parts
ROL2-207015,Spare parts
ROL2-207007,Spare parts
ROL2-15277SER,Spare parts
ROL2-15246SE,Spare parts
ROL2-118014,Spare parts
ROL2-117004,Spare parts
ROL2-106002,Spare parts
ROL2-07178,Spare parts
ROL2-07158,Spare parts
ROL2-07096BRI,Spare parts
ROL2-07088FSE,Spare parts
ROL2-000204020,Spare parts
ROE2-BUSHING,Spare parts
ROE2-89994,Spare parts
ROE2-89976,Spare parts
ROE2-89811,Spare parts
ROE2-89768,Spare parts
ROE2-89767,Spare parts
ROE2-89761,Spare parts
ROE2-89759,Spare parts
ROE2-89751,Spare parts
ROE2-89746,Spare parts
ROE2-89687,Spare parts
ROE2-89686,Spare parts
ROE2-89678,Spare parts
ROE2-89662,Spare parts
ROE2-89661,Spare parts
ROE2-89647,Spare parts
ROE2-89646,Spare parts
ROE2-89639,Spare parts
ROE2-89631,Spare parts
ROE2-89628,Spare parts
ROE2-89627,Spare parts
ROE2-89626,Spare parts
ROE2-89625,Spare parts
ROE2-89624,Spare parts
ROE2-89623,Spare parts
ROE2-89622,Spare parts
ROE2-89620,Spare parts
ROE2-89619,Spare parts
ROE2-89616,Spare parts
ROE2-89615,Spare parts
ROE2-89614,Spare parts
ROE2-89612,Spare parts
ROE2-89609,Spare parts
ROE2-89608,Spare parts
ROE2-89607,Spare parts
ROE2-89606,Spare parts
ROE2-89605,Spare parts
ROE2-89585,Spare parts
ROE2-89584,Spare parts
ROE2-89581,Spare parts
ROE2-89577,Spare parts
ROE2-89576,Spare parts
ROE2-89575,Spare parts
ROE2-89573,Spare parts
ROE2-89570,Spare parts
ROE2-89568,Spare parts
ROE2-89550,Spare parts
ROE2-89549,Spare parts
ROE2-89548,Spare parts
ROE2-89547,Spare parts
ROE2-89545,Spare parts
ROE2-89544,Spare parts
ROE2-89538,Spare parts
ROE2-89536,Spare parts
ROE2-89534,Spare parts
ROE2-89533,Spare parts
ROE2-89532,Spare parts
ROE2-89530,Spare parts
ROE2-89529,Spare parts
ROE2-89503,Spare parts
ROE2-89468,Spare parts
ROE2-89430,Spare parts
ROE2-89428,Spare parts
ROE2-89406,Spare parts
ROE2-89392,Spare parts
ROE2-89389,Spare parts
ROE2-89385,Spare parts
ROE2-89365,Spare parts
ROE2-89364,Spare parts
ROE2-89239,Spare parts
ROE2-89233,Spare parts
ROE2-89231,Spare parts
ROE2-89210,Spare parts
ROE2-89175,Spare parts
ROE2-89171,Spare parts
ROE2-89168,Spare parts
ROE2-89163,Spare parts
ROE2-89159,Spare parts
ROE2-89156,Spare parts
ROE2-89155,Spare parts
ROE2-89152,Spare parts
ROE2-89150,Spare parts
ROE2-89148,Spare parts
ROE2-89146,Spare parts
ROE2-89145,Spare parts
ROE2-89101,Spare parts
ROE2-89081,Spare parts
ROE2-89080,Spare parts
ROE2-89070,Spare parts
ROE2-89067,Spare parts
ROE2-89066,Spare parts
ROE2-89065,Spare parts
ROE2-89059,Spare parts
ROE2-89058,Spare parts
ROE2-89054,Spare parts
ROE2-89053,Spare parts
ROE2-89043,Spare parts
ROE2-89042,Spare parts
ROE2-89040,Spare parts
ROE2-89039,Spare parts
ROE2-89038,Spare parts
ROE2-89037,Spare parts
ROE2-89034,Spare parts
ROE2-89033,Spare parts
ROE2-89032,Spare parts
ROE2-89031,Spare parts
ROE2-89023,Spare parts
ROE2-89022,Spare parts
ROE2-89021,Spare parts
ROE2-89011,Spare parts
ROE2-89010,Spare parts
ROE2-89009,Spare parts
ROE2-89008,Spare parts
ROE2-89006,Spare parts
ROE2-89004,Spare parts
ROE2-89003,Spare parts
ROE2-89001,Spare parts
ROE2-89000,Spare parts
ROE2-69806,Spare parts
ROE2-6204DU,Spare parts
ROE2-6005DU,Spare parts
ROE2-60052Z,Spare parts
ROE2-600457,Spare parts
ROE2-600087S,Spare parts
ROE2-59623,Spare parts
ROE2-59612,Spare parts
ROE2-59606,Spare parts
ROE2-59605,Spare parts
ROE2-59604,Spare parts
ROE2-59593,Spare parts
ROE2-59590,Spare parts
ROE2-59560,Spare parts
ROE2-59556,Spare parts
ROE2-59551,Spare parts
ROE2-59549,Spare parts
ROE2-59548,Spare parts
ROE2-59545,Spare parts
ROE2-59538,Spare parts
ROE2-59537,Spare parts
ROE2-59536,Spare parts
ROE2-59534,Spare parts
ROE2-59533,Spare parts
ROE2-59528,Spare parts
ROE2-59525,Spare parts
ROE2-59523,Spare parts
ROE2-59522,Spare parts
ROE2-59520,Spare parts
ROE2-59508,Spare parts
ROE2-59505,Spare parts
ROE2-59481,Spare parts
ROE2-59479,Spare parts
ROE2-59478,Spare parts
ROE2-59473,Spare parts
ROE2-59472,Spare parts
ROE2-59471,Spare parts
ROE2-59469,Spare parts
ROE2-59468,Spare parts
ROE2-59463,Spare parts
ROE2-59453,Spare parts
ROE2-59440,Spare parts
ROE2-59439,Spare parts
ROE2-59416,Spare parts
ROE2-59415,Spare parts
ROE2-59412,Spare parts
ROE2-59409,Spare parts
ROE2-59407,Spare parts
ROE2-59404,Spare parts
ROE2-59393,Spare parts
ROE2-59370,Spare parts
ROE2-59369,Spare parts
ROE2-59368,Spare parts
ROE2-59366,Spare parts
ROE2-59357,Spare parts
ROE2-59355,Spare parts
ROE2-59354,Spare parts
ROE2-59351,Spare parts
ROE2-59349,Spare parts
ROE2-59327,Spare parts
ROE2-59325,Spare parts
ROE2-59324,Spare parts
ROE2-59318,Spare parts
ROE2-59313,Spare parts
ROE2-59309,Spare parts
ROE2-59307,Spare parts
ROE2-59306,Spare parts
ROE2-59305,Spare parts
ROE2-59303,Spare parts
ROE2-59302,Spare parts
ROE2-59290,Spare parts
ROE2-59288,Spare parts
ROE2-59287,Spare parts
ROE2-59283,Spare parts
ROE2-59272,Spare parts
ROE2-59261,Spare parts
ROE2-59254,Spare parts
ROE2-59251,Spare parts
ROE2-59241,Spare parts
ROE2-59239,Spare parts
ROE2-59237,Spare parts
ROE2-59236,Spare parts
ROE2-59228,Spare parts
ROE2-59226,Spare parts
ROE2-59225,Spare parts
ROE2-59210,Spare parts
ROE2-59199,Spare parts
ROE2-59192,Spare parts
ROE2-59190,Spare parts
ROE2-59188,Spare parts
ROE2-59187,Spare parts
ROE2-59186,Spare parts
ROE2-59174,Spare parts
ROE2-59173,Spare parts
ROE2-59172,Spare parts
ROE2-59165,Spare parts
ROE2-59163,Spare parts
ROE2-59162,Spare parts
ROE2-59161,Spare parts
ROE2-59156,Spare parts
ROE2-59154,Spare parts
ROE2-59152,Spare parts
ROE2-59151,Spare parts
ROE2-59148,Spare parts
ROE2-59146,Spare parts
ROE2-59140,Spare parts
ROE2-59134,Spare parts
ROE2-59132,Spare parts
ROE2-59128,Spare parts
ROE2-59118,Spare parts
ROE2-59117,Spare parts
ROE2-59116,Spare parts
ROE2-59059,Spare parts
ROE2-59054,Spare parts
ROE2-59050,Spare parts
ROE2-59048,Spare parts
ROE2-59040,Spare parts
ROE2-59023,Spare parts
ROE2-59021,Spare parts
ROE2-59020,Spare parts
ROE2-59017,Spare parts
ROE2-59008,Spare parts
ROE2-59006,Spare parts
ROE2-59001,Spare parts
ROE2-57211,Spare parts
ROE2-57156,Spare parts
ROE2-57145,Spare parts
ROE2-57126,Spare parts
ROE2-57125,Spare parts
ROE2-57124,Spare parts
ROE2-57123,Spare parts
ROE2-57106,Spare parts
ROE2-57104,Spare parts
ROE2-57103,Spare parts
ROE2-57099,Spare parts
ROE2-57098,Spare parts
ROE2-57095,Spare parts
ROE2-57092,Spare parts
ROE2-57091,Spare parts
ROE2-57050,Spare parts
ROE2-57047,Spare parts
ROE2-57034,Spare parts
ROE2-57032,Spare parts
ROE2-57031,Spare parts
ROE2-57023,Spare parts
ROE2-57019,Spare parts
ROE2-57008,Spare parts
ROE2-515493S,Spare parts
ROE2-514030,Spare parts
ROE2-511622S,Spare parts
ROE2-510217,Spare parts
ROE2-510212,Spare parts
ROE2-509124,Spare parts
ROE2-509091,Spare parts
ROE2-507694,Spare parts
ROE2-507683,Spare parts
ROE2-507341,Spare parts
ROE2-507256,Spare parts
ROE2-507250S,Spare parts
ROE2-507206S,Spare parts
ROE2-507198,Spare parts
ROE2-507075,Spare parts
ROE2-507050S,Spare parts
ROE2-507007S,Spare parts
ROE2-505087,Spare parts
ROE2-504703,Spare parts
ROE2-504674S,Spare parts
ROE2-504127,Spare parts
ROE2-503356S,Spare parts
ROE2-503354S,Spare parts
ROE2-503353S,Spare parts
ROE2-503352S,Spare parts
ROE2-503268S,Spare parts
ROE2-503092,Spare parts
ROE2-503057,Spare parts
ROE2-502474,Spare parts
ROE2-502435,Spare parts
ROE2-502175,Spare parts
ROE2-502174,Spare parts
ROE2-502173,Spare parts
ROE2-502170S,Spare parts
ROE2-502169S,Spare parts
ROE2-502098S,Spare parts
ROE2-501841,Spare parts
ROE2-501678S,Spare parts
ROE2-501624S,Spare parts
ROE2-501270,Spare parts
ROE2-501196,Spare parts
ROE2-501105S,Spare parts
ROE2-501010S,Spare parts
ROE2-501010,Spare parts
ROE2-500537S,Spare parts
ROE2-500467,Spare parts
ROE2-500323,Spare parts
ROE2-500322,Spare parts
ROE2-500321,Spare parts
ROE2-500301,Spare parts
ROE2-500289S,Spare parts
ROE2-500247,Spare parts
ROE2-49511,Spare parts
ROE2-49469,Spare parts
ROE2-49460,Spare parts
ROE2-49437,Spare parts
ROE2-49202,Spare parts
ROE2-49180,Spare parts
ROE2-49167,Spare parts
ROE2-49166,Spare parts
ROE2-49158,Spare parts
ROE2-49155,Spare parts
ROE2-49154,Spare parts
ROE2-49112,Spare parts
ROE2-49110,Spare parts
ROE2-49108,Spare parts
ROE2-49107,Spare parts
ROE2-49106,Spare parts
ROE2-49102,Spare parts
ROE2-49097,Spare parts
ROE2-49093,Spare parts
ROE2-49091,Spare parts
ROE2-49090,Spare parts
ROE2-49084,Spare parts
ROE2-49081,Spare parts
ROE2-49080,Spare parts
ROE2-49078,Spare parts
ROE2-49077,Spare parts
ROE2-49076,Spare parts
ROE2-49075,Spare parts
ROE2-49074,Spare parts
ROE2-49073,Spare parts
ROE2-49072,Spare parts
ROE2-49065,Spare parts
ROE2-49061,Spare parts
ROE2-49059,Spare parts
ROE2-49054,Spare parts
ROE2-49048,Spare parts
ROE2-49039,Spare parts
ROE2-49037,Spare parts
ROE2-49036,Spare parts
ROE2-49035,Spare parts
ROE2-49034,Spare parts
ROE2-49033,Spare parts
ROE2-49032,Spare parts
ROE2-407840,Spare parts
ROE2-407839,Spare parts
ROE2-407828,Spare parts
ROE2-406516,Spare parts
ROE2-406280,Spare parts
ROE2-406279,Spare parts
ROE2-405591,Spare parts
ROE2-402961,Spare parts
ROE2-401545,Spare parts
ROE2-401501,Spare parts
ROE2-401165,Spare parts
ROE2-401044,Spare parts
ROE2-400529,Spare parts
ROE2-400485,Spare parts
ROE2-400404,Spare parts
ROE2-400403,Spare parts
ROE2-400377,Spare parts
ROE2-400356,Spare parts
ROE2-400355,Spare parts
ROE2-400353,Spare parts
ROE2-400337,Spare parts
ROE2-400237,Spare parts
ROE2-400187,Spare parts
ROE2-400177,Spare parts
ROE2-39988,Spare parts
ROE2-39975,Spare parts
ROE2-39974,Spare parts
ROE2-39973,Spare parts
ROE2-39972,Spare parts
ROE2-39971,Spare parts
ROE2-39970,Spare parts
ROE2-39964,Spare parts
ROE2-39961,Spare parts
ROE2-39960,Spare parts
ROE2-39952,Spare parts
ROE2-39951,Spare parts
ROE2-39950,Spare parts
ROE2-39949,Spare parts
ROE2-39947,Spare parts
ROE2-39943,Spare parts
ROE2-39929,Spare parts
ROE2-39928,Spare parts
ROE2-39927,Spare parts
ROE2-39926,Spare parts
ROE2-39917,Spare parts
ROE2-39916,Spare parts
ROE2-39914,Spare parts
ROE2-39913,Spare parts
ROE2-39912,Spare parts
ROE2-39911,Spare parts
ROE2-39909,Spare parts
ROE2-39907,Spare parts
ROE2-39906,Spare parts
ROE2-39902,Spare parts
ROE2-39901,Spare parts
ROE2-39900,Spare parts
ROE2-39899,Spare parts
ROE2-39898,Spare parts
ROE2-39897,Spare parts
ROE2-39887,Spare parts
ROE2-39879,Spare parts
ROE2-39877,Spare parts
ROE2-39876,Spare parts
ROE2-39873,Spare parts
ROE2-39871,Spare parts
ROE2-39869,Spare parts
ROE2-39862,Spare parts
ROE2-39861,Spare parts
ROE2-39859,Spare parts
ROE2-39858,Spare parts
ROE2-39855,Spare parts
ROE2-39853,Spare parts
ROE2-39849,Spare parts
ROE2-39847,Spare parts
ROE2-39837,Spare parts
ROE2-39834,Spare parts
ROE2-39833,Spare parts
ROE2-39832,Spare parts
ROE2-39831,Spare parts
ROE2-39830,Spare parts
ROE2-39827,Spare parts
ROE2-39824,Spare parts
ROE2-39823,Spare parts
ROE2-39822,Spare parts
ROE2-39820,Spare parts
ROE2-39818,Spare parts
ROE2-39816,Spare parts
ROE2-39815,Spare parts
ROE2-39797,Spare parts
ROE2-39795,Spare parts
ROE2-39790,Spare parts
ROE2-39786,Spare parts
ROE2-39785,Spare parts
ROE2-39783,Spare parts
ROE2-39782,Spare parts
ROE2-39781,Spare parts
ROE2-39780,Spare parts
ROE2-39779,Spare parts
ROE2-39778,Spare parts
ROE2-39777,Spare parts
ROE2-39775,Spare parts
ROE2-39773,Spare parts
ROE2-39771,Spare parts
ROE2-39770,Spare parts
ROE2-39769,Spare parts
ROE2-39767,Spare parts
ROE2-39765,Spare parts
ROE2-39763,Spare parts
ROE2-39762,Spare parts
ROE2-39756,Spare parts
ROE2-39754,Spare parts
ROE2-39753,Spare parts
ROE2-39752,Spare parts
ROE2-39745,Spare parts
ROE2-39743,Spare parts
ROE2-39742,Spare parts
ROE2-39740,Spare parts
ROE2-39730,Spare parts
ROE2-39721,Spare parts
ROE2-39709,Spare parts
ROE2-39705,Spare parts
ROE2-39704,Spare parts
ROE2-39701,Spare parts
ROE2-39699,Spare parts
ROE2-39691,Spare parts
ROE2-39688,Spare parts
ROE2-39687,Spare parts
ROE2-39684,Spare parts
ROE2-39681,Spare parts
ROE2-39680,Spare parts
ROE2-39679,Spare parts
ROE2-39678,Spare parts
ROE2-39670,Spare parts
ROE2-39667,Spare parts
ROE2-39666,Spare parts
ROE2-39639,Spare parts
ROE2-39638,Spare parts
ROE2-39636,Spare parts
ROE2-39633,Spare parts
ROE2-39630,Spare parts
ROE2-39618,Spare parts
ROE2-39591,Spare parts
ROE2-39585,Spare parts
ROE2-39530,Spare parts
ROE2-39512,Spare parts
ROE2-39495,Spare parts
ROE2-39484,Spare parts
ROE2-39483,Spare parts
ROE2-39481,Spare parts
ROE2-39480,Spare parts
ROE2-39472,Spare parts
ROE2-39471,Spare parts
ROE2-39470,Spare parts
ROE2-39380,Spare parts
ROE2-39354,Spare parts
ROE2-39352,Spare parts
ROE2-39349,Spare parts
ROE2-39348,Spare parts
ROE2-39347,Spare parts
ROE2-39346,Spare parts
ROE2-39345,Spare parts
ROE2-39344,Spare parts
ROE2-39339,Spare parts
ROE2-39337,Spare parts
ROE2-39336,Spare parts
ROE2-39335,Spare parts
ROE2-39334,Spare parts
ROE2-39322,Spare parts
ROE2-39298,Spare parts
ROE2-39291,Spare parts
ROE2-39290,Spare parts
ROE2-39286,Spare parts
ROE2-39283,Spare parts
ROE2-39281,Spare parts
ROE2-39279,Spare parts
ROE2-39277,Spare parts
ROE2-39268,Spare parts
ROE2-39258,Spare parts
ROE2-39255,Spare parts
ROE2-39253,Spare parts
ROE2-39241,Spare parts
ROE2-39238,Spare parts
ROE2-39234,Spare parts
ROE2-39225,Spare parts
ROE2-39222,Spare parts
ROE2-39221,Spare parts
ROE2-39215,Spare parts
ROE2-39205,Spare parts
ROE2-39204,Spare parts
ROE2-39203,Spare parts
ROE2-39202,Spare parts
ROE2-39201,Spare parts
ROE2-39200,Spare parts
ROE2-39199,Spare parts
ROE2-39197,Spare parts
ROE2-39193,Spare parts
ROE2-39192,Spare parts
ROE2-39189,Spare parts
ROE2-39157,Spare parts
ROE2-39154,Spare parts
ROE2-39153,Spare parts
ROE2-39152,Spare parts
ROE2-39148,Spare parts
ROE2-39126,Spare parts
ROE2-39124,Spare parts
ROE2-39118,Spare parts
ROE2-39112,Spare parts
ROE2-39110,Spare parts
ROE2-39099,Spare parts
ROE2-39098,Spare parts
ROE2-39088,Spare parts
ROE2-39067,Spare parts
ROE2-39062,Spare parts
ROE2-39061,Spare parts
ROE2-39060,Spare parts
ROE2-39059,Spare parts
ROE2-39058,Spare parts
ROE2-39057,Spare parts
ROE2-39056,Spare parts
ROE2-39055,Spare parts
ROE2-39022S,Spare parts
ROE2-39018,Spare parts
ROE2-38150,Spare parts
ROE2-3202S,Spare parts
ROE2-3161S,Spare parts
ROE2-3144S,Spare parts
ROE2-3114S,Spare parts
ROE2-3092S,Spare parts
ROE2-3077S,Spare parts
ROE2-3074S,Spare parts
ROE2-3048,Spare parts
ROE2-3041,Spare parts
ROE2-303234,Spare parts
ROE2-303161S,Spare parts
ROE2-303141S,Spare parts
ROE2-303139,Spare parts
ROE2-303114,Spare parts
ROE2-303113,Spare parts
ROE2-303108,Spare parts
ROE2-303099,Spare parts
ROE2-303093,Spare parts
ROE2-303082,Spare parts
ROE2-303076,Spare parts
ROE2-303075,Spare parts
ROE2-303067,Spare parts
ROE2-303065,Spare parts
ROE2-303062S,Spare parts
ROE2-303051,Spare parts
ROE2-303044,Spare parts
ROE2-303042,Spare parts
ROE2-303020,Spare parts
ROE2-303014,Spare parts
ROE2-302665,Spare parts
ROE2-302041,Spare parts
ROE2-302040,Spare parts
ROE2-302034,Spare parts
ROE2-302033,Spare parts
ROE2-302007,Spare parts
ROE2-302006,Spare parts
ROE2-302005,Spare parts
ROE2-301083,Spare parts
ROE2-301074,Spare parts
ROE2-301058,Spare parts
ROE2-301057,Spare parts
ROE2-301056,Spare parts
ROE2-301054,Spare parts
ROE2-301053,Spare parts
ROE2-301037,Spare parts
ROE2-301035,Spare parts
ROE2-301033,Spare parts
ROE2-301015,Spare parts
ROE2-301006,Spare parts
ROE2-29996,Spare parts
ROE2-29988,Spare parts
ROE2-29968,Spare parts
ROE2-29941,Spare parts
ROE2-29940,Spare parts
ROE2-29933,Spare parts
ROE2-29932,Spare parts
ROE2-29930,Spare parts
ROE2-29928,Spare parts
ROE2-29923,Spare parts
ROE2-29912,Spare parts
ROE2-29911,Spare parts
ROE2-29909,Spare parts
ROE2-29905,Spare parts
ROE2-29904,Spare parts
ROE2-29880,Spare parts
ROE2-29877,Spare parts
ROE2-29875,Spare parts
ROE2-29870,Spare parts
ROE2-29866,Spare parts
ROE2-29862,Spare parts
ROE2-29861,Spare parts
ROE2-29857,Spare parts
ROE2-29821,Spare parts
ROE2-29819,Spare parts
ROE2-29782,Spare parts
ROE2-29767,Spare parts
ROE2-29761,Spare parts
ROE2-29724,Spare parts
ROE2-29718,Spare parts
ROE2-29710,Spare parts
ROE2-29708,Spare parts
ROE2-29707,Spare parts
ROE2-29705,Spare parts
ROE2-29704,Spare parts
ROE2-29695,Spare parts
ROE2-29691,Spare parts
ROE2-29671,Spare parts
ROE2-29627,Spare parts
ROE2-29608,Spare parts
ROE2-29606,Spare parts
ROE2-29605,Spare parts
ROE2-29604,Spare parts
ROE2-29600,Spare parts
ROE2-29599,Spare parts
ROE2-29596,Spare parts
ROE2-29595,Spare parts
ROE2-29592,Spare parts
ROE2-29585,Spare parts
ROE2-29583,Spare parts
ROE2-29582,Spare parts
ROE2-29581,Spare parts
ROE2-29573,Spare parts
ROE2-29559,Spare parts
ROE2-29558,Spare parts
ROE2-29554,Spare parts
ROE2-29553,Spare parts
ROE2-29549,Spare parts
ROE2-29548,Spare parts
ROE2-29547,Spare parts
ROE2-29546,Spare parts
ROE2-29538,Spare parts
ROE2-29534,Spare parts
ROE2-29533,Spare parts
ROE2-29530,Spare parts
ROE2-29523,Spare parts
ROE2-29520,Spare parts
ROE2-29512,Spare parts
ROE2-29506,Spare parts
ROE2-29501,Spare parts
ROE2-29488,Spare parts
ROE2-29487,Spare parts
ROE2-29486,Spare parts
ROE2-29485,Spare parts
ROE2-29451,Spare parts
ROE2-29443,Spare parts
ROE2-29441,Spare parts
ROE2-29436,Spare parts
ROE2-29411,Spare parts
ROE2-29400,Spare parts
ROE2-29399,Spare parts
ROE2-29390,Spare parts
ROE2-29388,Spare parts
ROE2-29387,Spare parts
ROE2-29379,Spare parts
ROE2-29378,Spare parts
ROE2-29374,Spare parts
ROE2-29369,Spare parts
ROE2-29352,Spare parts
ROE2-29346,Spare parts
ROE2-29345,Spare parts
ROE2-29341,Spare parts
ROE2-29339,Spare parts
ROE2-29338,Spare parts
ROE2-29336,Spare parts
ROE2-29335,Spare parts
ROE2-29332,Spare parts
ROE2-29328,Spare parts
ROE2-29312,Spare parts
ROE2-29301,Spare parts
ROE2-29278,Spare parts
ROE2-29276,Spare parts
ROE2-29253,Spare parts
ROE2-29252,Spare parts
ROE2-29243,Spare parts
ROE2-29242,Spare parts
ROE2-29228,Spare parts
ROE2-29218,Spare parts
ROE2-29217,Spare parts
ROE2-29196,Spare parts
ROE2-29195,Spare parts
ROE2-29192,Spare parts
ROE2-29191,Spare parts
ROE2-29190,Spare parts
ROE2-29188,Spare parts
ROE2-29185,Spare parts
ROE2-29179,Spare parts
ROE2-29177,Spare parts
ROE2-29150,Spare parts
ROE2-29149,Spare parts
ROE2-29144,Spare parts
ROE2-29136,Spare parts
ROE2-29134,Spare parts
ROE2-29098,Spare parts
ROE2-29097,Spare parts
ROE2-29095,Spare parts
ROE2-29091,Spare parts
ROE2-29082,Spare parts
ROE2-29081,Spare parts
ROE2-29069,Spare parts
ROE2-29061,Spare parts
ROE2-29060,Spare parts
ROE2-29058,Spare parts
ROE2-29045,Spare parts
ROE2-29031,Spare parts
ROE2-29028,Spare parts
ROE2-29025,Spare parts
ROE2-29015,Spare parts
ROE2-29007,Spare parts
ROE2-28206,Spare parts
ROE2-28191,Spare parts
ROE2-28187,Spare parts
ROE2-28186,Spare parts
ROE2-28178,Spare parts
ROE2-28177,Spare parts
ROE2-28165,Spare parts
ROE2-28163,Spare parts
ROE2-28157,Spare parts
ROE2-28156,Spare parts
ROE2-28155,Spare parts
ROE2-28154,Spare parts
ROE2-28142,Spare parts
ROE2-28139,Spare parts
ROE2-28107,Spare parts
ROE2-28106,Spare parts
ROE2-28102,Spare parts
ROE2-28046,Spare parts
ROE2-28033,Spare parts
ROE2-28032,Spare parts
ROE2-28031,Spare parts
ROE2-28030,Spare parts
ROE2-28029,Spare parts
ROE2-28018,Spare parts
ROE2-27984,Spare parts
ROE2-27449,Spare parts
ROE2-27448,Spare parts
ROE2-27407,Spare parts
ROE2-27386,Spare parts
ROE2-27385,Spare parts
ROE2-27380,Spare parts
ROE2-27375,Spare parts
ROE2-27374,Spare parts
ROE2-27371,Spare parts
ROE2-27369,Spare parts
ROE2-27362,Spare parts
ROE2-27346,Spare parts
ROE2-27344,Spare parts
ROE2-27342,Spare parts
ROE2-27295,Spare parts
ROE2-27280,Spare parts
ROE2-27268,Spare parts
ROE2-27255,Spare parts
ROE2-27254,Spare parts
ROE2-27253,Spare parts
ROE2-27250,Spare parts
ROE2-27249,Spare parts
ROE2-27247,Spare parts
ROE2-27235,Spare parts
ROE2-27210,Spare parts
ROE2-27206,Spare parts
ROE2-27195,Spare parts
ROE2-27194,Spare parts
ROE2-27190,Spare parts
ROE2-27185,Spare parts
ROE2-27180,Spare parts
ROE2-27170,Spare parts
ROE2-27154,Spare parts
ROE2-27150,Spare parts
ROE2-27145,Spare parts
ROE2-27144,Spare parts
ROE2-27143,Spare parts
ROE2-27138,Spare parts
ROE2-27135,Spare parts
ROE2-27134,Spare parts
ROE2-27126,Spare parts
ROE2-27125,Spare parts
ROE2-27124,Spare parts
ROE2-27121,Spare parts
ROE2-27120,Spare parts
ROE2-27111,Spare parts
ROE2-27110,Spare parts
ROE2-27103,Spare parts
ROE2-27075,Spare parts
ROE2-27074,Spare parts
ROE2-27065,Spare parts
ROE2-27061,Spare parts
ROE2-27060,Spare parts
ROE2-27050,Spare parts
ROE2-27045,Spare parts
ROE2-27044,Spare parts
ROE2-27038,Spare parts
ROE2-27029,Spare parts
ROE2-27028,Spare parts
ROE2-27023,Spare parts
ROE2-27019,Spare parts
ROE2-27004,Spare parts
ROE2-208879,Spare parts
ROE2-208626,Spare parts
ROE2-208582S,Spare parts
ROE2-203132,Spare parts
ROE2-203118,Spare parts
ROE2-203109,Spare parts
ROE2-203108,Spare parts
ROE2-203107,Spare parts
ROE2-203080,Spare parts
ROE2-203065,Spare parts
ROE2-203064,Spare parts
ROE2-203011,Spare parts
ROE2-2012,Spare parts
ROE2-200054,Spare parts
ROE2-200053,Spare parts
ROE2-1966,Spare parts
ROE2-1965,Spare parts
ROE2-1957,Spare parts
ROE2-1954,Spare parts
ROE2-1950,Spare parts
ROE2-1945,Spare parts
ROE2-1944,Spare parts
ROE2-19188,Spare parts
ROE2-1909,Spare parts
ROE2-1908,Spare parts
ROE2-1907,Spare parts
ROE2-1905,Spare parts
ROE2-17052,Spare parts
ROE2-141780,Spare parts
ROE2-141427,Spare parts
ROE2-141416,Spare parts
ROE2-141097,Spare parts
ROE2-141020,Spare parts
ROE2-130933,Spare parts
ROE2-130141,Spare parts
ROE2-129451,Spare parts
ROE2-127578,Spare parts
ROE2-127127,Spare parts
ROE2-127017,Spare parts
ROE2-125290S,Spare parts
ROE2-122056,Spare parts
ROE2-121858,Spare parts
ROE2-121836,Spare parts
ROE2-120714,Spare parts
ROE2-120264,Spare parts
ROE2-120254,Spare parts
ROE2-120047,Spare parts
ROE2-119266S,Spare parts
ROE2-119243,Spare parts
ROE2-119240,Spare parts
ROE2-119239,Spare parts
ROE2-119238,Spare parts
ROE2-119200S,Spare parts
ROE2-119178,Spare parts
ROE2-119167S,Spare parts
ROE2-119166S,Spare parts
ROE2-119162,Spare parts
ROE2-119145,Spare parts
ROE2-119126,Spare parts
ROE2-118590,Spare parts
ROE2-118579,Spare parts
ROE2-118578,Spare parts
ROE2-118577,Spare parts
ROE2-118576,Spare parts
ROE2-118570,Spare parts
ROE2-118559,Spare parts
ROE2-118558,Spare parts
ROE2-118557,Spare parts
ROE2-118556,Spare parts
ROE2-118547,Spare parts
ROE2-118532,Spare parts
ROE2-118512,Spare parts
ROE2-118441,Spare parts
ROE2-118433S,Spare parts
ROE2-118433,Spare parts
ROE2-118430,Spare parts
ROE2-118420S,Spare parts
ROE2-118380,Spare parts
ROE2-118373,Spare parts
ROE2-118340,Spare parts
ROE2-118329,Spare parts
ROE2-118324S,Spare parts
ROE2-118321,Spare parts
ROE2-118294S,Spare parts
ROE2-118251S,Spare parts
ROE2-118229,Spare parts
ROE2-118221,Spare parts
ROE2-118203,Spare parts
ROE2-118171S,Spare parts
ROE2-118157S,Spare parts
ROE2-118156S,Spare parts
ROE2-118151S,Spare parts
ROE2-118145,Spare parts
ROE2-118144S,Spare parts
ROE2-118143S,Spare parts
ROE2-118127S,Spare parts
ROE2-118105,Spare parts
ROE2-118104,Spare parts
ROE2-118006,Spare parts
ROE2-117998,Spare parts
ROE2-117995,Spare parts
ROE2-117990,Spare parts
ROE2-117987,Spare parts
ROE2-117984,Spare parts
ROE2-117813S,Spare parts
ROE2-117809,Spare parts
ROE2-117791,Spare parts
ROE2-117706S,Spare parts
ROE2-117705S,Spare parts
ROE2-117703,Spare parts
ROE2-117702,Spare parts
ROE2-117693,Spare parts
ROE2-117688,Spare parts
ROE2-117657,Spare parts
ROE2-117656,Spare parts
ROE2-117654,Spare parts
ROE2-117651S,Spare parts
ROE2-117647,Spare parts
ROE2-117631,Spare parts
ROE2-117629,Spare parts
ROE2-117613,Spare parts
ROE2-117610,Spare parts
ROE2-117518,Spare parts
ROE2-117452S,Spare parts
ROE2-117395S,Spare parts
ROE2-117320,Spare parts
ROE2-117280,Spare parts
ROE2-117237,Spare parts
ROE2-117236,Spare parts
ROE2-117226,Spare parts
ROE2-117224,Spare parts
ROE2-117221,Spare parts
ROE2-117196,Spare parts
ROE2-117187,Spare parts
ROE2-117186,Spare parts
ROE2-117177,Spare parts
ROE2-117136S,Spare parts
ROE2-117136,Spare parts
ROE2-117124,Spare parts
ROE2-117106S,Spare parts
ROE2-117102,Spare parts
ROE2-117101,Spare parts
ROE2-117100S,Spare parts
ROE2-117092S,Spare parts
ROE2-117091S,Spare parts
ROE2-117079S,Spare parts
ROE2-117073,Spare parts
ROE2-117072,Spare parts
ROE2-117058S,Spare parts
ROE2-117009,Spare parts
ROE2-116853,Spare parts
ROE2-116842,Spare parts
ROE2-116810,Spare parts
ROE2-116700,Spare parts
ROE2-116699,Spare parts
ROE2-116688,Spare parts
ROE2-116677,Spare parts
ROE2-116666,Spare parts
ROE2-116655,Spare parts
ROE2-116534,Spare parts
ROE2-112600S,Spare parts
ROE2-112288,Spare parts
ROE2-112204S,Spare parts
ROE2-111848,Spare parts
ROE2-111078,Spare parts
ROE2-111056,Spare parts
ROE2-110308S,Spare parts
ROE2-110022,Spare parts
ROE2-109890,Spare parts
ROE2-109670,Spare parts
ROE2-109164,Spare parts
ROE2-106876,Spare parts
ROE2-106821,Spare parts
ROE2-106524,Spare parts
ROE2-106257,Spare parts
ROE2-106250S,Spare parts
ROE2-105905S,Spare parts
ROE2-105885,Spare parts
ROE2-105230,Spare parts
ROE2-105106,Spare parts
ROE2-105072,Spare parts
ROE2-105069,Spare parts
ROE2-104925S,Spare parts
ROE2-104207,Spare parts
ROE2-104178,Spare parts
ROE2-104131,Spare parts
ROE2-104125,Spare parts
ROE2-104122S,Spare parts
ROE2-104113,Spare parts
ROE2-104109S,Spare parts
ROE2-104050,Spare parts
ROE2-104031,Spare parts
ROE2-103957,Spare parts
ROE2-103889,Spare parts
ROE2-103716,Spare parts
ROE2-103700S,Spare parts
ROE2-103695S,Spare parts
ROE2-103693S,Spare parts
ROE2-103683S,Spare parts
ROE2-103681S,Spare parts
ROE2-103540,Spare parts
ROE2-103534S,Spare parts
ROE2-103294,Spare parts
ROE2-103289,Spare parts
ROE2-103288,Spare parts
ROE2-103249,Spare parts
ROE2-103245,Spare parts
ROE2-103205,Spare parts
ROE2-103184,Spare parts
ROE2-103183,Spare parts
ROE2-102963,Spare parts
ROE2-102958,Spare parts
ROE2-102940,Spare parts
ROE2-102935,Spare parts
ROE2-102934,Spare parts
ROE2-102924,Spare parts
ROE2-102923,Spare parts
ROE2-102922,Spare parts
ROE2-102921S,Spare parts
ROE2-102921,Spare parts
ROE2-102920S,Spare parts
ROE2-102911,Spare parts
ROE2-102910,Spare parts
ROE2-102880,Spare parts
ROE2-102832,Spare parts
ROE2-102816,Spare parts
ROE2-102690S,Spare parts
ROE2-102600,Spare parts
ROE2-102573,Spare parts
ROE2-102572,Spare parts
ROE2-102481S,Spare parts
ROE2-102480S,Spare parts
ROE2-102471S,Spare parts
ROE2-102455,Spare parts
ROE2-102417,Spare parts
ROE2-102382S,Spare parts
ROE2-102309,Spare parts
ROE2-102305S,Spare parts
ROE2-102180,Spare parts
ROE2-102138S,Spare parts
ROE2-102109,Spare parts
ROE2-102099S,Spare parts
ROE2-102089,Spare parts
ROE2-102077,Spare parts
ROE2-102067,Spare parts
ROE2-102066,Spare parts
ROE2-102065,Spare parts
ROE2-102063,Spare parts
ROE2-102037,Spare parts
ROE2-102036,Spare parts
ROE2-102031S,Spare parts
ROE2-102022S,Spare parts
ROE2-102021,Spare parts
ROE2-102020S,Spare parts
ROE2-102003,Spare parts
ROE2-101921S,Spare parts
ROE2-101851,Spare parts
ROE2-101845S,Spare parts
ROE2-101817,Spare parts
ROE2-101811,Spare parts
ROE2-101810,Spare parts
ROE2-101798,Spare parts
ROE2-101797,Spare parts
ROE2-101775,Spare parts
ROE2-101762,Spare parts
ROE2-101754,Spare parts
ROE2-101725,Spare parts
ROE2-101709,Spare parts
ROE2-101699,Spare parts
ROE2-101677,Spare parts
ROE2-101668,Spare parts
ROE2-101652,Spare parts
ROE2-101650,Spare parts
ROE2-101648,Spare parts
ROE2-101647,Spare parts
ROE2-101643,Spare parts
ROE2-101638,Spare parts
ROE2-101636S,Spare parts
ROE2-101569S,Spare parts
ROE2-101557,Spare parts
ROE2-101548,Spare parts
ROE2-101547,Spare parts
ROE2-101447,Spare parts
ROE2-101439,Spare parts
ROE2-101438,Spare parts
ROE2-101430,Spare parts
ROE2-101429,Spare parts
ROE2-101428,Spare parts
ROE2-101424,Spare parts
ROE2-101423,Spare parts
ROE2-101421,Spare parts
ROE2-101419,Spare parts
ROE2-101418,Spare parts
ROE2-101415,Spare parts
ROE2-101412,Spare parts
ROE2-101405,Spare parts
ROE2-101384,Spare parts
ROE2-101316,Spare parts
ROE2-101314,Spare parts
ROE2-101311,Spare parts
ROE2-101287,Spare parts
ROE2-101277,Spare parts
ROE2-101261,Spare parts
ROE2-101254,Spare parts
ROE2-101246,Spare parts
ROE2-101231,Spare parts
ROE2-101227,Spare parts
ROE2-101226,Spare parts
ROE2-101215,Spare parts
ROE2-101214,Spare parts
ROE2-101213,Spare parts
ROE2-101212,Spare parts
ROE2-101208,Spare parts
ROE2-101204,Spare parts
ROE2-101200,Spare parts
ROE2-101196,Spare parts
ROE2-101178,Spare parts
ROE2-101163,Spare parts
ROE2-101142,Spare parts
ROE2-101128,Spare parts
ROE2-101125,Spare parts
ROE2-101120,Spare parts
ROE2-101117,Spare parts
ROE2-101116,Spare parts
ROE2-101113,Spare parts
ROE2-101112,Spare parts
ROE2-101111,Spare parts
ROE2-101105S,Spare parts
ROE2-101098,Spare parts
ROE2-101097,Spare parts
ROE2-101082,Spare parts
ROE2-101060,Spare parts
ROE2-101056,Spare parts
ROE2-101054,Spare parts
ROE2-101014,Spare parts
ROE2-101013,Spare parts
ROE2-101010,Spare parts
ROE2-100982,Spare parts
ROE2-100974,Spare parts
ROE2-100955S,Spare parts
ROE2-100953,Spare parts
ROE2-100952,Spare parts
ROE2-100950,Spare parts
ROE2-100942,Spare parts
ROE2-100929,Spare parts
ROE2-100928,Spare parts
ROE2-100921,Spare parts
ROE2-100898,Spare parts
ROE2-100873,Spare parts
ROE2-100868,Spare parts
ROE2-100867,Spare parts
ROE2-100866,Spare parts
ROE2-100863,Spare parts
ROE2-100862,Spare parts
ROE2-100860,Spare parts
ROE2-100858,Spare parts
ROE2-100853,Spare parts
ROE2-100823,Spare parts
ROE2-100820,Spare parts
ROE2-100816,Spare parts
ROE2-100812,Spare parts
ROE2-100806,Spare parts
ROE2-100804,Spare parts
ROE2-100799,Spare parts
ROE2-100798,Spare parts
ROE2-100797,Spare parts
ROE2-100769,Spare parts
ROE2-100767,Spare parts
ROE2-100752,Spare parts
ROE2-100725,Spare parts
ROE2-100715,Spare parts
ROE2-100701,Spare parts
ROE2-100682,Spare parts
ROE2-100639,Spare parts
ROE2-100638S,Spare parts
ROE2-100638,Spare parts
ROE2-100634,Spare parts
ROE2-100616,Spare parts
ROE2-100615,Spare parts
ROE2-100612,Spare parts
ROE2-100604,Spare parts
ROE2-100582,Spare parts
ROE2-100544,Spare parts
ROE2-100509,Spare parts
ROE2-100395,Spare parts
ROE2-100392,Spare parts
ROE2-100389,Spare parts
ROE2-100376,Spare parts
ROE2-100363,Spare parts
ROE2-100340,Spare parts
ROE2-100196,Spare parts
ROE2-100172,Spare parts
ROE2-100106,Spare parts
ROE2-100096,Spare parts
ROE2-100084,Spare parts
ROE2-100082,Spare parts
ROE2-100072,Spare parts
ROE2-100061,Spare parts
ROB2-WS0020,Spare parts
ROB2-WS0011,Spare parts
ROB2-WS0006,Spare parts
ROB2-VS0349,Spare parts
ROB2-VS0335,Spare parts
ROB2-VS0334,Spare parts
ROB2-VS0333,Spare parts
ROB2-VS0329,Spare parts
ROB2-VS0317,Spare parts
ROB2-VS0306,Spare parts
ROB2-VS0284,Spare parts
ROB2-VS0280,Spare parts
ROB2-VS0265,Spare parts
ROB2-VS0254,Spare parts
ROB2-VS0253,Spare parts
ROB2-VS0252,Spare parts
ROB2-VS0251,Spare parts
ROB2-VS0250,Spare parts
ROB2-VS0238,Spare parts
ROB2-VS0237,Spare parts
ROB2-VS0111,Spare parts
ROB2-VS0004,Spare parts
ROB2-VC0046,Spare parts
ROB2-TS0020,Spare parts
ROB2-TS0011,Spare parts
ROB2-TS0007,Spare parts
ROB2-TS0002,Spare parts
ROB2-TC0037,Spare parts
ROB2-TC0029,Spare parts
ROB2-TC0026,Spare parts
ROB2-TC0002,Spare parts
ROB2-SS2910,Spare parts
ROB2-SS2909,Spare parts
ROB2-SS2908,Spare parts
ROB2-SS2907,Spare parts
ROB2-SS2906,Spare parts
ROB2-SS2905,Spare parts
ROB2-SS2903,Spare parts
ROB2-SS2887,Spare parts
ROB2-SS2885,Spare parts
ROB2-SS2884,Spare parts
ROB2-SS2883,Spare parts
ROB2-SS2880,Spare parts
ROB2-SS2879,Spare parts
ROB2-SS2777,Spare parts
ROB2-SS2755,Spare parts
ROB2-SS2724,Spare parts
ROB2-SS2558,Spare parts
ROB2-SS2289,Spare parts
ROB2-SS2108,Spare parts
ROB2-SS2106,Spare parts
ROB2-SS1205,Spare parts
ROB2-SS0025,Spare parts
ROB2-SS0018,Spare parts
ROB2-SP,Spare parts
ROB2-SC0056,Spare parts
ROB2-SC0055,Spare parts
ROB2-SC0038,Spare parts
ROB2-RC25,Spare parts
ROB2-PS50-12,Spare parts
ROB2-PS50-11,Spare parts
ROB2-PS50-09,Spare parts
ROB2-PS50-05,Spare parts
ROB2-PS100-11,Spare parts
ROB2-PS100-09,Spare parts
ROB2-PS100-08,Spare parts
ROB2-PS100-05,Spare parts
ROB2-PS0137,Spare parts
ROB2-PS0094,Spare parts
ROB2-PS0017,Spare parts
ROB2-PS0014,Spare parts
ROB2-PS0011,Spare parts
ROB2-PC0792,Spare parts
ROB2-PC0634,Spare parts
ROB2-PC0633,Spare parts
ROB2-PC0632,Spare parts
ROB2-PC0631,Spare parts
ROB2-PC0629,Spare parts
ROB2-PC0624,Spare parts
ROB2-PC0549,Spare parts
ROB2-PC0482,Spare parts
ROB2-PC0466,Spare parts
ROB2-PC0465,Spare parts
ROB2-PC0459,Spare parts
ROB2-PC0455,Spare parts
ROB2-PC0453,Spare parts
ROB2-PC0448,Spare parts
ROB2-PC0427,Spare parts
ROB2-PC0417,Spare parts
ROB2-PC0416,Spare parts
ROB2-PC0415,Spare parts
ROB2-PC0414,Spare parts
ROB2-PC0392,Spare parts
ROB2-PC0364,Spare parts
ROB2-PC0354,Spare parts
ROB2-PC0328,Spare parts
ROB2-PC0325,Spare parts
ROB2-PC0324,Spare parts
ROB2-PC0323,Spare parts
ROB2-PC0312,Spare parts
ROB2-PC0308,Spare parts
ROB2-PC0307,Spare parts
ROB2-PC0306,Spare parts
ROB2-PC0294,Spare parts
ROB2-PC0291,Spare parts
ROB2-PC0075,Spare parts
ROB2-PC0072,Spare parts
ROB2-PC0071,Spare parts
ROB2-PC0060,Spare parts
ROB2-PC0047,Spare parts
ROB2-PC0046,Spare parts
ROB2-PC0045,Spare parts
ROB2-PC0033,Spare parts
ROB2-PC0015,Spare parts
ROB2-PC0014,Spare parts
ROB2-NS0001,Spare parts
ROB2-NC0005,Spare parts
ROB2-MS0582,Spare parts
ROB2-MS0577,Spare parts
ROB2-MS0576,Spare parts
ROB2-MS0539,Spare parts
ROB2-MS0502,Spare parts
ROB2-MS0459,Spare parts
ROB2-MS0388,Spare parts
ROB2-MS0226,Spare parts
ROB2-MS0116,Spare parts
ROB2-MS0109,Spare parts
ROB2-MS0082,Spare parts
ROB2-MS0047,Spare parts
ROB2-MS0021,Spare parts
ROB2-MS0017,Spare parts
ROB2-MS0015,Spare parts
ROB2-MS0014,Spare parts
ROB2-MS0012,Spare parts
ROB2-MS0001,Spare parts
ROB2-MCOO69,Spare parts
ROB2-MC1914,Spare parts
ROB2-MC1808,Spare parts
ROB2-MC1798,Spare parts
ROB2-MC1039,Spare parts
ROB2-MC1038,Spare parts
ROB2-MC1034,Spare parts
ROB2-MC0954,Spare parts
ROB2-MC0947,Spare parts
ROB2-MC0938,Spare parts
ROB2-MC0936,Spare parts
ROB2-MC0906,Spare parts
ROB2-MC0884,Spare parts
ROB2-MC0878,Spare parts
ROB2-MC0723,Spare parts
ROB2-MC0718,Spare parts
ROB2-MC0699,Spare parts
ROB2-MC0695,Spare parts
ROB2-MC0688,Spare parts
ROB2-MC0685,Spare parts
ROB2-MC0684,Spare parts
ROB2-MC0602,Spare parts
ROB2-MC0584,Spare parts
ROB2-MC0565,Spare parts
ROB2-MC0557,Spare parts
ROB2-MC0524,Spare parts
ROB2-MC0506,Spare parts
ROB2-MC0458,Spare parts
ROB2-MC0417,Spare parts
ROB2-MC0404,Spare parts
ROB2-MC0374,Spare parts
ROB2-MC0371,Spare parts
ROB2-MC0296,Spare parts
ROB2-MC0293,Spare parts
ROB2-MC0292,Spare parts
ROB2-MC0283,Spare parts
ROB2-MC0279,Spare parts
ROB2-MC0278,Spare parts
ROB2-MC0249,Spare parts
ROB2-MC0139,Spare parts
ROB2-MC0138,Spare parts
ROB2-MC0137,Spare parts
ROB2-MC0136,Spare parts
ROB2-MC0135,Spare parts
ROB2-MC0117,Spare parts
ROB2-MC0086,Spare parts
ROB2-MC0083,Spare parts
ROB2-MC0078,Spare parts
ROB2-MC0073,Spare parts
ROB2-MC0070,Spare parts
ROB2-MC0069,Spare parts
ROB2-MC0067,Spare parts
ROB2-MC0063,Spare parts
ROB2-MC0062,Spare parts
ROB2-MC0061,Spare parts
ROB2-MC0039,Spare parts
ROB2-MC0038,Spare parts
ROB2-M3-08,Spare parts
ROB2-M3-06,Spare parts
ROB2-LT40-04,Spare parts
ROB2-LT20-13A,Spare parts
ROB2-LT10-29,Spare parts
ROB2-LT10-28,Spare parts
ROB2-LT10-20,Spare parts
ROB2-LT10-17,Spare parts
ROB2-LT10-16,Spare parts
ROB2-LT10-15,Spare parts
ROB2-LT10-10A,Spare parts
ROB2-LT10-08,Spare parts
ROB2-LT10-06,Spare parts
ROB2-LT10-05,Spare parts
ROB2-LT10-04B,Spare parts
ROB2-HS0026,Spare parts
ROB2-HS0025,Spare parts
ROB2-HS0022,Spare parts
ROB2-HS0017,Spare parts
ROB2-HS0014,Spare parts
ROB2-HS0010,Spare parts
ROB2-HS0002,Spare parts
ROB2-HS0001,Spare parts
ROB2-HP605-18,Spare parts
ROB2-HP605-16,Spare parts
ROB2-HP505-17,Spare parts
ROB2-HP505-16,Spare parts
ROB2-HP505-13KNOB,Spare parts
ROB2-HP1500-18,Spare parts
ROB2-HP1500-17,Spare parts
ROB2-HLC260,Spare parts
ROB2-HC1059,Spare parts
ROB2-HC0227,Spare parts
ROB2-HC0221,Spare parts
ROB2-HC0220,Spare parts
ROB2-HC0184,Spare parts
ROB2-HC0170,Spare parts
ROB2-HC0169,Spare parts
ROB2-HC0161,Spare parts
ROB2-HC0159,Spare parts
ROB2-HC0158,Spare parts
ROB2-HC0152,Spare parts
ROB2-HC0150,Spare parts
ROB2-HC0148,Spare parts
ROB2-HC0146,Spare parts
ROB2-HC0145,Spare parts
ROB2-HC0133,Spare parts
ROB2-HC0101,Spare parts
ROB2-HC0096,Spare parts
ROB2-HC0093,Spare parts
ROB2-HC0076,Spare parts
ROB2-HC0075,Spare parts
ROB2-HC0062,Spare parts
ROB2-HC0059,Spare parts
ROB2-HC0058,Spare parts
ROB2-HC0053,Spare parts
ROB2-HC0052,Spare parts
ROB2-HC0050,Spare parts
ROB2-HC0049,Spare parts
ROB2-HC0047,Spare parts
ROB2-HC0046,Spare parts
ROB2-HC0045,Spare parts
ROB2-HC0044,Spare parts
ROB2-HC0043,Spare parts
ROB2-HC0041,Spare parts
ROB2-HC0040,Spare parts
ROB2-HC0039,Spare parts
ROB2-HC0038,Spare parts
ROB2-HC0037,Spare parts
ROB2-HC0036,Spare parts
ROB2-HC0033,Spare parts
ROB2-HC0030,Spare parts
ROB2-HC0029,Spare parts
ROB2-HC0027,Spare parts
ROB2-HC0026,Spare parts
ROB2-HC0021,Spare parts
ROB2-HC0019,Spare parts
ROB2-HC0016,Spare parts
ROB2-HC0015,Spare parts
ROB2-HC0012,Spare parts
ROB2-HC0011,Spare parts
ROB2-HC0007,Spare parts
ROB2-GC0120,Spare parts
ROB2-GC0010,Spare parts
ROB2-GC0005,Spare parts
ROB2-ES0418,Spare parts
ROB2-ES0416,Spare parts
ROB2-ES0409,Spare parts
ROB2-ES0408,Spare parts
ROB2-ES0407,Spare parts
ROB2-ES0406,Spare parts
ROB2-ES0356,Spare parts
ROB2-ES0355,Spare parts
ROB2-ES0283,Spare parts
ROB2-ES0282,Spare parts
ROB2-ES0280,Spare parts
ROB2-ES0256,Spare parts
ROB2-ES0225,Spare parts
ROB2-ES0214,Spare parts
ROB2-ES0205,Spare parts
ROB2-ES0192,Spare parts
ROB2-ES0163(TCR15),Spare parts
ROB2-ES0163,Spare parts
ROB2-ES0026,Spare parts
ROB2-ES0013,Spare parts
ROB2-ES0011,Spare parts
ROB2-ES0009,Spare parts
ROB2-ES0004,Spare parts
ROB2-EC0772,Spare parts
ROB2-EC0561,Spare parts
ROB2-EC0472,Spare parts
ROB2-EC0461,Spare parts
ROB2-EC0459,Spare parts
ROB2-EC0457,Spare parts
ROB2-EC0421,Spare parts
ROB2-EC0407,Spare parts
ROB2-EC0387,Spare parts
ROB2-EC0383,Spare parts
ROB2-EC0382,Spare parts
ROB2-EC0345,Spare parts
ROB2-EC0253,Spare parts
ROB2-EC0208,Spare parts
ROB2-EC0206,Spare parts
ROB2-EC0193,Spare parts
ROB2-EC0187,Spare parts
ROB2-EC0184,Spare parts
ROB2-EC0169,Spare parts
ROB2-EC0128,Spare parts
ROB2-EC0062,Spare parts
ROB2-EC0051,Spare parts
ROB2-EC0047,Spare parts
ROB2-EC0046,Spare parts
ROB2-EC0044,Spare parts
ROB2-EC0043,Spare parts
ROB2-EC0042,Spare parts
ROB2-EC0030,Spare parts
ROB2-EC0028,Spare parts
ROB2-EC0013,Spare parts
ROB2-EC0008,Spare parts
REG2-143,Spare parts
REG2-142,Spare parts
REG2-141-62,Spare parts
REG2-140-62,Spare parts
REG2-139,Spare parts
REG2-137-62,Spare parts
REG2-132,Spare parts
REG2-131-62,Spare parts
REG2-130-62,Spare parts
REG2-129,Spare parts
REG2-128,Spare parts
REG2-126,Spare parts
REG2-125,Spare parts
REG2-124,Spare parts
REG2-123,Spare parts
REG2-119,Spare parts
REG2-117,Spare parts
REG2-116-62,Spare parts
REG2-115-62,Spare parts
REG2-114-62,Spare parts
REG2-113-62,Spare parts
REG2-111-62,Spare parts
REG2-110-62,Spare parts
REG2-109-62,Spare parts
REG2-107,Spare parts
REG2-106-62,Spare parts
REG2-106-57,Spare parts
REG2-105-57,Spare parts
REG2-103,Spare parts
REG2-064+066,Spare parts
REG2-037-57,Spare parts
REG2-032,Spare parts
REG2-027,Spare parts
REG2-011-57,Spare parts
REG2-010-57,Spare parts
REG2-009C-57,Spare parts
REG2-009-57,Spare parts
REG2-006-57,Spare parts
REG2-003-57,Spare parts
REF2-ZXL020E,Spare parts
REF2-ZXI06KCE-TFD,Spare parts
REF2-ZB19KQE-TFD-558,Spare parts
REF2-W-PF2,Spare parts
REF2-W-OP4,Spare parts
REF2-WJ5515EK,Spare parts
REF2-WJ5510EK,Spare parts
REF2-WJ2435ZK-SA,Spare parts
REF2-WIRE-SENSOR,Spare parts
REF2-WB92,Spare parts
REF2-UPPER-LEFT,Spare parts
REF2-UN618D,Spare parts
"REF2-TIE-HW,TIO-002",Spare parts
REF2-TIE-HW,Spare parts
REF2-RT14-20,Spare parts
REF2-PT303,Spare parts
REF2-PT203,Spare parts
REF2-MRA68242,Spare parts
REF2-MRA68237,Spare parts
REF2-MM18105F,Spare parts
REF2-M4Q045-CA03,Spare parts
REF2-LOWER-LEFT,Spare parts
REF2-LA40-0300-EWL,Spare parts
REF2-KP-15,Spare parts
REF2-KME684-3,Spare parts
REF2-KME660-24-C,Spare parts
REF2-KJA4M,Spare parts
REF2-KJA2M4002,Spare parts
REF2-K50T1127,Spare parts
REF2-HL3-0400-DB1,Spare parts
REF2-GFUR4,Spare parts
REF2-FJ155,Spare parts
REF2-EL-6-4058042,Spare parts
REF2-EC1-233,Spare parts
REF2-CURTAIN-C,Spare parts
REF2-CTE-68L8,Spare parts
REF2-CR41KQ-PFT-240BW,Spare parts
REF2-CR18KQ-TFD-267BM,Spare parts
REF2-CN101,Spare parts
REF2-CN001,Spare parts
REF2-C-LT-RB-2002-50,Spare parts
REF2-C-LT-2002-50,Spare parts
REF2-BA7445EK,Spare parts
REF2-AW9516Z,Spare parts
REF2-AW7512Z,Spare parts
REF2-AW5515EK,Spare parts
REF2-AM-009E,Spare parts
REF2-AJ2425A,Spare parts
REF2-AE9437Y-SR,Spare parts
REF2-AE7440EK,Spare parts
REF2-AE7440AK,Spare parts
REF2-AE7435EK,Spare parts
REF2-AE7430Y,Spare parts
REF2-AE7426EK,Spare parts
REF2-AE7422EK,Spare parts
REF2-AE4459Y-SR,Spare parts
REF2-AE4448Y,Spare parts
REF2-AE4440Y,Spare parts
REF2-AE4430Y,Spare parts
REF2-AE4425Y,Spare parts
REF2-AE2425ZK-SR,Spare parts
REF2-AE2415Y,Spare parts
REF2-AE2413Y,Spare parts
REF2-AE2410Y,Spare parts
REF2-AE2410AK,Spare parts
REF2-A3A3,Spare parts
REF2-9660-251-140,Spare parts
REF2-9660-243-143,Spare parts
REF2-8MF,Spare parts
REF2-88-108,Spare parts
REF2-58,Spare parts
REF2-543-0104-00,Spare parts
REF2-3ARR3U13AS2,Spare parts
REF2-36-43UF,Spare parts
REF2-30MFD,Spare parts
REF2-231-9040-0443,Spare parts
REF2-200RB4S3T,Spare parts
REF2-15UF,Spare parts
REF2-12MF,Spare parts
REF2-043-0111-00,Spare parts
REF2-00164,Spare parts
REF2-00163,Spare parts
REF2-00162,Spare parts
REF2-00161,Spare parts
REF2-00160,Spare parts
REF2-00159,Spare parts
REF2-00158,Spare parts
REF2-00156,Spare parts
REF2-00155,Spare parts
REF2-00154,Spare parts
REF2-00153,Spare parts
REF2-00151,Spare parts
REF2-00150,Spare parts
REF2-00149,Spare parts
REF2-00148,Spare parts
REF2-00147,Spare parts
REF2-00146,Spare parts
REF2-00145,Spare parts
REF2-00144,Spare parts
REF2-00143,Spare parts
REF2-00142,Spare parts
REF2-00141,Spare parts
REF2-00140,Spare parts
REF2-00139,Spare parts
REF2-00138,Spare parts
REF2-00137,Spare parts
REF2-00136,Spare parts
REF2-00135,Spare parts
REF2-00134,Spare parts
REF2-00133,Spare parts
REF2-00132,Spare parts
REF2-00131,Spare parts
REF2-00130,Spare parts
REF2-00129,Spare parts
REF2-00128,Spare parts
REF2-00127,Spare parts
REF2-00126,Spare parts
REF2-00125,Spare parts
REF2-00124,Spare parts
REF2-00123,Spare parts
REF2-00122,Spare parts
REF2-00120,Spare parts
REF2-00119,Spare parts
REF2-00118,Spare parts
REF2-00117,Spare parts
REF2-00116,Spare parts
REF2-00115,Spare parts
REF2-00114,Spare parts
REF2-00113,Spare parts
REF2-00112,Spare parts
REF2-00111,Spare parts
REF2-00110,Spare parts
REF2-00109,Spare parts
REF2-00108,Spare parts
REF2-00107,Spare parts
REF2-00106,Spare parts
REF2-00105,Spare parts
REF2-00104,Spare parts
REF2-00103,Spare parts
REF2-00102,Spare parts
REF2-00101,Spare parts
REF2-00099,Spare parts
REF2-00098,Spare parts
REF2-00097,Spare parts
REF2-00096,Spare parts
REF2-00095,Spare parts
REF2-00094,Spare parts
REF2-00093,Spare parts
REF2-00092,Spare parts
REF2-00091,Spare parts
REF2-00090,Spare parts
REF2-00089,Spare parts
REF2-00088,Spare parts
REF2-00087,Spare parts
RAN2-37410611,Spare parts
RAN2-37060645,Spare parts
RAN2-37030513,Spare parts
RAN2-37030420,Spare parts
RAN2-37030407,Spare parts
RAN2-36990004,Spare parts
RAN2-36930012,Spare parts
RAN2-36930011,Spare parts
RAN2-36404109,Spare parts
RAN2-36404014,Spare parts
RAN2-36404013,Spare parts
RAN2-36404001,Spare parts
RAN2-36401009,Spare parts
RAN2-36401002,Spare parts
RAN2-36301034,Spare parts
RAN2-36301030,Spare parts
RAN2-36301008,Spare parts
RAN2-36230014,Spare parts
RAN2-3622009,Spare parts
RAN2-36220018(L4),Spare parts
RAN2-36220018,Spare parts
RAN2-36220004,Spare parts
RAN2-36130001,Spare parts
RAN2-35162505,Spare parts
RAN2-35162504,Spare parts
RAN2-35162501,Spare parts
RAN2-35002508,Spare parts
RAN2-35002506,Spare parts
RAN2-35002503,Spare parts
RAN2-34200269,Spare parts
RAN2-34200267,Spare parts
RAN2-34200258,Spare parts
RAN2-34200098,Spare parts
RAN2-34200095,Spare parts
RAN2-34200093,Spare parts
RAN2-34200092,Spare parts
RAN2-34200061,Spare parts
RAN2-34200057,Spare parts
RAN2-34200037,Spare parts
RAN2-34200016,Spare parts
RAN2-34200015,Spare parts
RAN2-34150015,Spare parts
RAN2-34100003,Spare parts
RAN2-34070211,Spare parts
RAN2-34070173,Spare parts
RAN2-34070165,Spare parts
RAN2-34070161,Spare parts
RAN2-34070050,Spare parts
RAN2-34070029,Spare parts
RAN2-34040115,Spare parts
RAN2-34040024,Spare parts
RAN2-34040012,Spare parts
RAN2-34030970,Spare parts
RAN2-34030052,Spare parts
RAN2-34030047,Spare parts
RAN2-34030038,Spare parts
RAN2-34030037,Spare parts
RAN2-34030034,Spare parts
RAN2-34030032,Spare parts
RAN2-34030031,Spare parts
RAN2-34030028,Spare parts
RAN2-34030012,Spare parts
RAN2-34030006,Spare parts
RAN2-34020025,Spare parts
RAN2-34020022,Spare parts
RAN2-34020014,Spare parts
RAN2-34011102,Spare parts
RAN2-34011026,Spare parts
RAN2-34011006,Spare parts
RAN2-34011002,Spare parts
RAN2-33324031,Spare parts
RAN2-33324030,Spare parts
RAN2-33323430,Spare parts
RAN2-33323030,Spare parts
RAN2-33323002,Spare parts
RAN2-33322061,Spare parts
RAN2-33322060,Spare parts
RAN2-33322027,Spare parts
RAN2-33122017,Spare parts
RAN2-33122014,Spare parts
RAN2-33122013,Spare parts
RAN2-32331123,Spare parts
RAN2-32331027,Spare parts
RAN2-32330971,Spare parts
RAN2-32330955,Spare parts
RAN2-32330369,Spare parts
RAN2-32330365,Spare parts
RAN2-32330351,Spare parts
RAN2-32239002,Spare parts
RAN2-26216005,Spare parts
RAN2-26212001,Spare parts
RAN2-26208006,Spare parts
RAN2-26122001,Spare parts
RAN2-25214016,Spare parts
RAN2-25214002,Spare parts
RAN2-25129001,Spare parts
RAN2-25119005,Spare parts
RAN2-25105005,Spare parts
RAN2-23232005,Spare parts
RAN2-23217005,Spare parts
RAN2-23214019,Spare parts
RAN2-23214016,Spare parts
RAN2-23212013,Spare parts
RAN2-23119016,Spare parts
RAN2-23111011,Spare parts
RAN2-22208001,Spare parts
POW2-WRHA2G0007,Spare parts
POW2-WRHA2G0006,Spare parts
POW2-WRHA2G0005,Spare parts
POW2-WRHA2G0004,Spare parts
POW2-WRHA2G0003,Spare parts
POW2-WRHA2G0002,Spare parts
POW2-WRHA2G0001,Spare parts
POW2-WRHA1G0001,Spare parts
POW2-WRG1G0007,Spare parts
POW2-WRG1G0006,Spare parts
POW2-WRG1G0005,Spare parts
POW2-WRG1G0004,Spare parts
POW2-WRG1G0003,Spare parts
POW2-WRG1G0002,Spare parts
POW2-WRG1G0001,Spare parts
POE2-G173807,Spare parts
POE2-239277,Spare parts
POE2-238735,Spare parts
POE2-237180,Spare parts
POE2-168852,Spare parts
POE2-168851,Spare parts
POE2-168850,Spare parts
PMF2-8K010013,Spare parts
PMF2-7S010025,Spare parts
PMF2-7S010012,Spare parts
PMF2-7S010010,Spare parts
PMF2-7S010009,Spare parts
PMF2-7S010002,Spare parts
PMF2-7S010001,Spare parts
PMF2-7S010000,Spare parts
PMF2-7P010200,Spare parts
PMF2-7M010007,Spare parts
PMF2-7M010000,Spare parts
PMF2-7I010004,Spare parts
PMF2-7I010003,Spare parts
PMF2-7I010002,Spare parts
PMF2-7I010001,Spare parts
PMF2-5V500019,Spare parts
PMF2-5V050005,Spare parts
PMF2-5V010015,Spare parts
PMF2-5V010003,Spare parts
PMF2-5U010010,Spare parts
PMF2-5U010001,Spare parts
PMF2-5T100010,Spare parts
PMF2-5T100001,Spare parts
PMF2-5T010305,Spare parts
PMF2-5T010301,Spare parts
PMF2-5T010300,Spare parts
PMF2-5T010210,Spare parts
PMF2-5S510005,Spare parts
PMF2-5S500010,Spare parts
PMF2-5S500001,Spare parts
PMF2-5S100101,Spare parts
PMF2-5S080004,Spare parts
PMF2-5S080003,Spare parts
PMF2-5S080001,Spare parts
PMF2-5S080000,Spare parts
PMF2-5S030010,Spare parts
PMF2-5S030009,Spare parts
PMF2-5S010052,Spare parts
PMF2-5S010050,Spare parts
PMF2-5R500027,Spare parts
PMF2-5R500020,Spare parts
PMF2-5R500019,Spare parts
PMF2-5R500010,Spare parts
PMF2-5R050415,Spare parts
PMF2-5R050220,Spare parts
PMF2-5R050200,Spare parts
PMF2-5R050090,Spare parts
PMF2-5R010202,Spare parts
PMF2-5R010201,Spare parts
PMF2-5R010001,Spare parts
PMF2-5P200001,Spare parts
PMF2-5P110003,Spare parts
PMF2-5P100152,Spare parts
PMF2-5P100015,Spare parts
PMF2-5P050100,Spare parts
PMF2-5P050040,Spare parts
PMF2-5P050020,Spare parts
PMF2-5P050010,Spare parts
PMF2-5P030040,Spare parts
PMF2-5P030039,Spare parts
PMF2-5P030036,Spare parts
PMF2-5P030033,Spare parts
PMF2-5P030011,Spare parts
PMF2-5P030010,Spare parts
PMF2-5P030009,Spare parts
PMF2-5P030008,Spare parts
PMF2-5P030007,Spare parts
PMF2-5P030006,Spare parts
PMF2-5P030005,Spare parts
PMF2-5P030001,Spare parts
PMF2-5P030000,Spare parts
PMF2-5P020006,Spare parts
PMF2-5P020005,Spare parts
PMF2-5P020001,Spare parts
PMF2-5P010145,Spare parts
PMF2-5M500031,Spare parts
PMF2-5M500005,Spare parts
PMF2-5M500001,Spare parts
PMF2-5M200030,Spare parts
PMF2-5M200020,Spare parts
PMF2-5M200014,Spare parts
PMF2-5M200013,Spare parts
PMF2-5M200011+5D010002,Spare parts
PMF2-5M200010+5D010001,Spare parts
PMF2-5M200008,Spare parts
PMF2-5M200006,Spare parts
PMF2-5M200005,Spare parts
PMF2-5M200003,Spare parts
PMF2-5M100010,Spare parts
PMF2-5M100005,Spare parts
PMF2-5M050500,Spare parts
PMF2-5M010512,Spare parts
PMF2-5M010506,Spare parts
PMF2-5M010502,Spare parts
PMF2-5M010501,Spare parts
PMF2-5M010010,Spare parts
PMF2-5M010004,Spare parts
PMF2-5L500024,Spare parts
PMF2-5L500017,Spare parts
PMF2-5L500010,Spare parts
PMF2-5L020020,Spare parts
PMF2-5L020017,Spare parts
PMF2-5I200005,Spare parts
PMF2-5I100030,Spare parts
PMF2-5I100023,Spare parts
PMF2-5I100017,Spare parts
PMF2-5I100016,Spare parts
PMF2-5I100010,Spare parts
PMF2-5I100006,Spare parts
PMF2-5I100005,Spare parts
PMF2-5I100001,Spare parts
PMF2-5G510002,Spare parts
PMF2-5G100001,Spare parts
PMF2-5G080001,Spare parts
PMF2-5G010005,Spare parts
PMF2-5G010001,Spare parts
PMF2-5E200588,Spare parts
PMF2-5E200587,Spare parts
PMF2-5E200401,Spare parts
PMF2-5E200400,Spare parts
PMF2-5E010001,Spare parts
PMF2-5D010052,Spare parts
PMF2-5C150002,Spare parts
PMF2-5C030513,Spare parts
PMF2-5C030508,Spare parts
PMF2-5C030502,Spare parts
PMF2-5C030501,Spare parts
PMF2-5C030500,Spare parts
PMF2-5C030012,Spare parts
PMF2-5C030007,Spare parts
PMF2-5C030000,Spare parts
PMF2-5C020201,Spare parts
PMF2-5C020139,Spare parts
PMF2-5C020138,Spare parts
PMF2-5C020135,Spare parts
PMF2-5C020133,Spare parts
PMF2-5C020110,Spare parts
PMF2-5C020109,Spare parts
PMF2-5C020107,Spare parts
PMF2-5C020105,Spare parts
PMF2-5C020102,Spare parts
PMF2-5C020101,Spare parts
PMF2-5C020100,Spare parts
PMF2-5C020015,Spare parts
PMF2-5B010152,Spare parts
PMF2-5A020006,Spare parts
PMF2-5A010001,Spare parts
PMF2-4S060504,Spare parts
PMF2-4S010503,Spare parts
PMF2-4S010502,Spare parts
PMF2-4S010501,Spare parts
PMF2-4S010500,Spare parts
PMF2-4P100007,Spare parts
PMF2-4M020031,Spare parts
PMF2-4L010027,Spare parts
PMF2-4L010026,Spare parts
PMF2-4F050016,Spare parts
PMF2-4F050015,Spare parts
PMF2-4F050010,Spare parts
PMF2-3T300010,Spare parts
PMF2-3T050035,Spare parts
PMF2-3T050020,Spare parts
PMF2-3S010100,Spare parts
PMF2-3S010019,Spare parts
PMF2-3R020023,Spare parts
PMF2-3R020003,Spare parts
PMF2-3P020001,Spare parts
PMF2-3P010010,Spare parts
PMF2-3A050514,Spare parts
PMF2-3A050513,Spare parts
PMF2-3A050511,Spare parts
PMF2-3A050510,Spare parts
PMF2-3A010502,Spare parts
PMF2-3A010501,Spare parts
PMF2-3A010500,Spare parts
PMF2-3A010081,Spare parts
PMF2-3A010072,Spare parts
PLX2-BO10215,Spare parts
PLX2-BO10214,Spare parts
PLX2-BO10213,Spare parts
PLX2-BO10212,Spare parts
PIT2-PP11371,Spare parts
PIT2-PP11370,Spare parts
PIT2-PP11296,Spare parts
PIT2-PP11124,Spare parts
PIT2-PP10984,Spare parts
PIT2-PP10765,Spare parts
PIT2-PP10741,Spare parts
PIT2-PP10739,Spare parts
PIT2-PP10736,Spare parts
PIT2-PP10735,Spare parts
PIT2-PP10612,Spare parts
PIT2-PP10594,Spare parts
PIT2-PP10559,Spare parts
PIT2-PP10537,Spare parts
PIT2-PP10470,Spare parts
PIT2-PP10434,Spare parts
PIT2-PP10368,Spare parts
PIT2-PP10263,Spare parts
PIT2-PP10101,Spare parts
PIT2-P9101-23,Spare parts
PIT2-P6073148,Spare parts
PIT2-P6071785,Spare parts
PIT2-P6071780,Spare parts
PIT2-P6071516,Spare parts
PIT2-P6071449,Spare parts
PIT2-P6071300,Spare parts
PIT2-P6071267,Spare parts
PIT2-P6071050,Spare parts
PIT2-P5047588,Spare parts
PIT2-P5047587,Spare parts
PIT2-P5047541,Spare parts
PIT2-P5047302,Spare parts
PIT2-P5047151,Spare parts
PIT2-P5046686,Spare parts
PIT2-P5046626,Spare parts
PIT2-P5045717,Spare parts
PIT2-P5045644,Spare parts
PIT2-P5045282,Spare parts
PIT2-P5045044,Spare parts
PIT2-P10429-M,Spare parts
PIT2-BO10121,Spare parts
PIT2-BK133314,Spare parts
PIT2-B8704701-CL,Spare parts
PIT2-B8039518-C,Spare parts
PIT2-B7490701,Spare parts
PIT2-B7402241-C,Spare parts
PIT2-B6779850,Spare parts
PIT2-B6756601-C,Spare parts
PIT2-B6745502,Spare parts
PIT2-B6744401,Spare parts
PIT2-B6741301,Spare parts
PIT2-B6740501,Spare parts
PIT2-B6700605-C,Spare parts
PIT2-B6700604-C,Spare parts
PIT2-B6700601-C,Spare parts
PIT2-B6661002,Spare parts
PIT2-B6660001-C,Spare parts
PIT2-B6623202-C,Spare parts
PIT2-B3900701,Spare parts
PIT2-B3613503,Spare parts
PIT2-B3307401-C,Spare parts
PIT2-B3301506-C,Spare parts
PIT2-B2004201-C,Spare parts
PIT2-A8009601,Spare parts
PIT2-A7016401,Spare parts
PIT2-A6653505,Spare parts
PIT2-A3301001,Spare parts
PIT2-A2510101,Spare parts
PIT2-60152001,Spare parts
PIT2-60149501-CL,Spare parts
PIT2-60148401,Spare parts
PIT2-60144001-CL,Spare parts
PIT2-60139201,Spare parts
PIT2-60138703,Spare parts
PIT2-60133401,Spare parts
PIT2-60132701,Spare parts
PIT2-60132601,Spare parts
PIT2-60131801,Spare parts
PIT2-60130902,Spare parts
PIT2-60130807,Spare parts
PIT2-60130806,Spare parts
PIT2-60130805,Spare parts
PIT2-60130701,Spare parts
PIT2-60130302,Spare parts
PIT2-60128403,Spare parts
PIT2-60128101,Spare parts
PIT2-60128001,Spare parts
PIT2-60127601,Spare parts
PIT2-60127301,Spare parts
PIT2-60126801-C,Spare parts
PIT2-60126601,Spare parts
PIT2-60126001,Spare parts
PIT2-60113502-C,Spare parts
PIT2-60104701,Spare parts
PIT2-60084501,Spare parts
PIT2-60078502,Spare parts
PIT2-60068304,Spare parts
PIT2-60059302,Spare parts
PIT2-60055003,Spare parts
PIT2-60001201,Spare parts
PIT2-001,Spare parts
PIM2-TW-32S-30,Spare parts
PIM2-TW-32S-18,Spare parts
PIM2-TC22-DP4.5,Spare parts
PIM2-TC22-DP4,Spare parts
PIM2-TC22-DP3.5,Spare parts
PIM2-TC22-9,Spare parts
PIM2-TC22-8-8,Spare parts
PIM2-TC22-7,Spare parts
PIM2-TC22-6,Spare parts
PIM2-TC22-44,Spare parts
PIM2-TC22-41,Spare parts
PIM2-TC22-4-5,Spare parts
PIM2-TC22-3,Spare parts
PIM2-TC22-26,Spare parts
PIM2-TC22-25,Spare parts
PIM2-TC22-20,Spare parts
PIM2-TC22-13-20,Spare parts
PIM2-TC22-10,Spare parts
PIM2-TC12-DP4.5,Spare parts
PIM2-TC12-DP4,Spare parts
PIM2-TC12-DP3.5,Spare parts
PIM2-TC12-9,Spare parts
PIM2-TC12-8-8,Spare parts
PIM2-TC12-8,Spare parts
PIM2-TC12-6,Spare parts
PIM2-TC12-44,Spare parts
PIM2-TC12-43,Spare parts
PIM2-TC12-42,Spare parts
PIM2-TC12-4-5,Spare parts
PIM2-TC12-3,Spare parts
PIM2-TC12-26,Spare parts
PIM2-TC12-25,Spare parts
PIM2-TC12-16,Spare parts
PIM2-TC12-10,Spare parts
PIM2-TC12-22-41,Spare parts
PIM2-TC12-22-39,Spare parts
PIM2-TC12-22-38,Spare parts
PIM2-TC12-22-35,Spare parts
PIM2-TC12-22-34,Spare parts
PIM2-TC12-22-32,Spare parts
PIM2-TC12-22-30,Spare parts
PIM2-TC12-22-29,Spare parts
PIM2-TC12-22-28,Spare parts
PIM2-TC12-22-23,Spare parts
PIM2-TC12-22-22,Spare parts
PIM2-TC12-22-21,Spare parts
PIM2-TC12-22-20,Spare parts
PIM2-TC12-22-19,Spare parts
PIM2-TC12-22-18,Spare parts
PIM2-TC12-22-17,Spare parts
PIM2-TC12-22-16,Spare parts
PIM2-TC12-22-14,Spare parts
PIM2-TC12-22-13-20,Spare parts
PIM2-SILICA-FOR-TAP-1,Spare parts
PIM2-SILICA-FOR-TAP,Spare parts
PIM2-RR-9HE,Spare parts
PIM2-RR-9HD,Spare parts
PIM2-RR-9HC,Spare parts
PIM2-RR-9HA,Spare parts
PIM2-RF-15B,Spare parts
PIM2-RF-15A,Spare parts
PIM2-REPLACE-HEATING,Spare parts
PIM2-PP-8HE,Spare parts
PIM2-PP-8HD,Spare parts
PIM2-PP-8HC,Spare parts
PIM2-PP-8HA,Spare parts
PIM2-PIPE,Spare parts
PIM2-PILOT-IGNITOR,Spare parts
PIM2-PFB16SC-010,Spare parts
PIM2-PFB16SC-009,Spare parts
PIM2-PFB16SC-006,Spare parts
PIM2-PFB16SC-005,Spare parts
PIM2-PFB16SC-004,Spare parts
PIM2-PFB16SC-003,Spare parts
PIM2-PFB16SC-002,Spare parts
PIM2-PFB14-XDN1-250V,Spare parts
PIM2-PFB14-TC,Spare parts
PIM2-PFB14-ST,Spare parts
PIM2-PFB14-SSP,Spare parts
PIM2-PFB14-SINK,Spare parts
PIM2-PFB14-HD500W,Spare parts
PIM2-PFB14-HC,Spare parts
PIM2-PFB14-DR,Spare parts
PIM2-PFB14-DH,Spare parts
PIM2-PFB14-BWLC,Spare parts
PIM2-ON-OFF-SAFETY-VALVE,Spare parts
PIM2-MSS-7H-30,Spare parts
PIM2-MSS-7H-17,Spare parts
PIM2-MSS-7H-14,Spare parts
PIM2-MSS-5H-34-K,Spare parts
PIM2-MSS-5H-31,Spare parts
PIM2-MSS-5H-29,Spare parts
PIM2-MSS-5H-23,Spare parts
PIM2-MSS-5H-21,Spare parts
PIM2-MSS-5H-17,Spare parts
PIM2-MSS-5H-15,Spare parts
PIM2-MSS-5H-14,Spare parts
PIM2-MSS-07,Spare parts
PIM2-MSS-06,Spare parts
PIM2-MS300SG-73,Spare parts
PIM2-MS300-047,Spare parts
PIM2-MS300-043,Spare parts
PIM2-MS300-040,Spare parts
PIM2-MS300-031,Spare parts
PIM2-MS300-028,Spare parts
PIM2-MS300-009,Spare parts
PIM2-MS300-008,Spare parts
PIM2-MS300-004,Spare parts
PIM2-MS220T-003,Spare parts
PIM2-MS220T-002,Spare parts
PIM2-MS220T-001,Spare parts
PIM2-MS220-01-02-03,Spare parts
PIM2-MS220-003,Spare parts
PIM2-MS-105,Spare parts
PIM2-MS-065,Spare parts
PIM2-MS-063,Spare parts
PIM2-MS-062-6202,Spare parts
PIM2-MS-062,Spare parts
PIM2-MS-061,Spare parts
PIM2-MS-041,Spare parts
PIM2-MS-021-024,Spare parts
PIM2-MS-004,Spare parts
PIM2-MG42-14,Spare parts
PIM2-MG42-13,Spare parts
PIM2-MG42-12,Spare parts
PIM2-MG42-11,Spare parts
PIM2-MG42-10,Spare parts
PIM2-MG42-09,Spare parts
PIM2-MG42-08,Spare parts
PIM2-MG42-07,Spare parts
PIM2-MG42-06,Spare parts
PIM2-MG42-05,Spare parts
PIM2-MG42-04,Spare parts
PIM2-MG42-03,Spare parts
PIM2-MG42-02,Spare parts
PIM2-MG42-01,Spare parts
PIM2-MG32-09,Spare parts
PIM2-MG32-08,Spare parts
PIM2-MG32-07,Spare parts
PIM2-MG32-06,Spare parts
PIM2-MG32-05,Spare parts
PIM2-MG32-04,Spare parts
PIM2-MG32-03,Spare parts
PIM2-MG32-02,Spare parts
PIM2-MG32-01,Spare parts
PIM2-MG22-08,Spare parts
PIM2-MG22-07,Spare parts
PIM2-MG22-06,Spare parts
PIM2-MG22-05,Spare parts
PIM2-MG22-04,Spare parts
PIM2-MG22-03,Spare parts
PIM2-MG22-02,Spare parts
PIM2-MG22-01,Spare parts
PIM2-MG12-10,Spare parts
PIM2-MG12-09,Spare parts
PIM2-MG12-08,Spare parts
PIM2-MG12-07,Spare parts
PIM2-MG12-06,Spare parts
PIM2-MG12-05,Spare parts
PIM2-MG12-04,Spare parts
PIM2-MG12-03,Spare parts
PIM2-MG12-02,Spare parts
PIM2-MG12-01,Spare parts
PIM2-M-1D,Spare parts
PIM2-M-1C,Spare parts
PIM2-M-1B,Spare parts
PIM2-M-1A,Spare parts
PIM2-KSD301-CR130,Spare parts
PIM2-KSD301-C160,Spare parts
PIM2-KNSM230-SW,Spare parts
PIM2-KNSM230-SPB,Spare parts
PIM2-KNSM230-SP,Spare parts
PIM2-KNSM230-SLB,Spare parts
PIM2-KNSM230-SG,Spare parts
PIM2-KNSM230-SCP,Spare parts
PIM2-KNSM230-SC,Spare parts
PIM2-KNSM230-SB,Spare parts
PIM2-KNSM230-RRL,Spare parts
PIM2-KNSM230-RBR,Spare parts
PIM2-KNSM230-RB,Spare parts
PIM2-KNSM230-POC,Spare parts
PIM2-KNSM230-PLP,Spare parts
PIM2-KNSM230-PLL,Spare parts
PIM2-KNSM230-MP,Spare parts
PIM2-KNSM230-MOP,Spare parts
PIM2-KNSM230-MO,Spare parts
PIM2-KNSM230-LG,Spare parts
PIM2-KNSM230-IRPBR,Spare parts
PIM2-KNSM230-IRP,Spare parts
PIM2-KNSM230-FRL,Spare parts
PIM2-KNSM230-FF,Spare parts
PIM2-KNSM230-FBR,Spare parts
PIM2-KNSM230-FB,Spare parts
PIM2-KNSM230-CWS,Spare parts
PIM2-KNSM230-CWB,Spare parts
PIM2-KNSM230-CO,Spare parts
PIM2-KNSM230-CNW,Spare parts
PIM2-KNSM230-CH,Spare parts
PIM2-KNSM230-BW,Spare parts
PIM2-KNSM230-BO,Spare parts
PIM2-KNSM230-BE,Spare parts
PIM2-KNSM230-AXB,Spare parts
PIM2-KNSM230-AX,Spare parts
PIM2-INNER-BOX,Spare parts
PIM2-HANDLE&BAR,Spare parts
PIM2-HANDLE,Spare parts
PIM2-FULL-SET-MSS-5H,Spare parts
PIM2-FT-76D,Spare parts
PIM2-FT-76C,Spare parts
PIM2-FT-76A,Spare parts
PIM2-FFB14-WHEEL,Spare parts
PIM2-FAUCET-HEAD-PART,Spare parts
PIM2-EWB30-21-26,Spare parts
PIM2-EWB20-30-14,Spare parts
PIM2-EWB20-30-32,Spare parts
PIM2-EWB20-30-31,Spare parts
PIM2-EWB20-30-29,Spare parts
PIM2-EWB20-30-27,Spare parts
PIM2-EWB20-30-17,Spare parts
PIM2-ESK-S10L-12,Spare parts
PIM2-ESK-S10L-11,Spare parts
PIM2-ESK-S10L-10,Spare parts
PIM2-ESK-S10L-09,Spare parts
PIM2-ESK-S10L-08,Spare parts
PIM2-ESK-S10L-07,Spare parts
PIM2-ESK-S10L-06,Spare parts
PIM2-ESK-S10L-05,Spare parts
PIM2-ESK-S10L-04,Spare parts
PIM2-ESK-S10L-03,Spare parts
PIM2-ESK-S10L-02,Spare parts
PIM2-ESK-S10L-01,Spare parts
PIM2-ECM16-30-33,Spare parts
PIM2-ECM16-29,Spare parts
PIM2-ECM16-08,Spare parts
PIM2-DSGSS-3-WT,Spare parts
PIM2-DR520-SPRING,Spare parts
PIM2-DR520-PH-SCREW,Spare parts
PIM2-DR520-MOT,Spare parts
PIM2-DR520-MIC,Spare parts
PIM2-DR520-CVB,Spare parts
PIM2-DR520-690,Spare parts
PIM2-DR520-680,Spare parts
PIM2-DR520-670,Spare parts
PIM2-DR520-650,Spare parts
PIM2-DR520-260,Spare parts
PIM2-DR520-250,Spare parts
PIM2-DIODE,Spare parts
PIM2-CW-PN,Spare parts
PIM2-CLP-18B,Spare parts
PIM2-CLP-18A,Spare parts
PIM2-CF-WSR,Spare parts
PIM2-CF-TC-10,Spare parts
PIM2-CF-PS,Spare parts
PIM2-CF-PC,Spare parts
PIM2-CF-MOS-10,Spare parts
PIM2-CF-MOS,Spare parts
PIM2-CF-MOF,Spare parts
PIM2-CF-MO-10,Spare parts
PIM2-CF-KNOB-4,Spare parts
PIM2-CF-KNOB,Spare parts
PIM2-CF-HB,Spare parts
PIM2-CF-FS-10,Spare parts
PIM2-CF-FG7-103,Spare parts
PIM2-CF-FG,Spare parts
PIM2-CF-D-MA,Spare parts
PIM2-CF-BR,Spare parts
PIM2-CF-BOS,Spare parts
PIM2-CF7-MOF,Spare parts
PIM2-CF7-103-WSR,Spare parts
PIM2-CF7-103-TC,Spare parts
PIM2-CF7-103-PS,Spare parts
PIM2-CF7-103-PC,Spare parts
PIM2-CF7-103-MOS,Spare parts
PIM2-CF7-103-HB,Spare parts
PIM2-CF7-103-D-MA,Spare parts
PIM2-CF7-103-BR,Spare parts
PIM2-CF7-103-BOS,Spare parts
PIM2-CF7-103-BDY,Spare parts
PIM2-CF7-103-10MOF,Spare parts
PIM2-CF6-82-TC,Spare parts
PIM2-CF6-82-STL,Spare parts
PIM2-CF6-82-LEG,Spare parts
PIM2-CF6-82-BSN,Spare parts
PIM2-CF6-82-BDY,Spare parts
PIM2-CF5-SSA,Spare parts
PIM2-CF5-68-TC,Spare parts
PIM2-CF5-68-STL,Spare parts
PIM2-CF5-68-BSN,Spare parts
PIM2-301100024+301150012,Spare parts
PIM2-301100022,Spare parts
PIM2-301080154L,Spare parts
PIM2-301080040+0033+0019,Spare parts
PIM2-301070178,Spare parts
PIM2-301070062,Spare parts
PIM2-301040775,Spare parts
PIM2-301040165,Spare parts
PIM2-301040146,Spare parts
PIM2-301040103,Spare parts
PIM2-301040094,Spare parts
PIM2-301030198L,Spare parts
PIM2-301030111,Spare parts
PIM2-301030025,Spare parts
PIM2-301030022,Spare parts
PIM2-301030007,Spare parts
PIM2-301020037,Spare parts
PIM2-301020034,Spare parts
PIM2-3010110009,Spare parts
PIM2-301010204,Spare parts
PIM2-301010061,Spare parts
PIM2-301010047,Spare parts
PIM2-20237036077,Spare parts
PIM2-20237036006,Spare parts
PIM2-20201002020,Spare parts
NUO2-TC12-20-5,Spare parts
NUO2-98050006,Spare parts
NUO2-98013020,Spare parts
NUO2-98013001,Spare parts
NUO2-98012002,Spare parts
NUO2-98008004,Spare parts
NUO2-98006802,Spare parts
NUO2-98005024,Spare parts
NUO2-98005006,Spare parts
NUO2-98003017,Spare parts
NUO2-98003016,Spare parts
NUO2-98001001,Spare parts
NUO2-80006000,Spare parts
NUO2-80003024,Spare parts
NUO2-75006035,Spare parts
NUO2-75006015,Spare parts
NUO2-75006010,Spare parts
NUO2-73012002,Spare parts
NUO2-73006003,Spare parts
NUO2-6001-DD,Spare parts
NUO2-49900001,Spare parts
NUO2-49800002,Spare parts
NUO2-49800001,Spare parts
NUO2-41400001,Spare parts
NUO2-40900002,Spare parts
NUO2-40900001,Spare parts
NUO2-40700017,Spare parts
NUO2-40700016,Spare parts
NUO2-40700005,Spare parts
NUO2-40600009,Spare parts
NUO2-40500006,Spare parts
NUO2-40500003,Spare parts
NUO2-40500002,Spare parts
NUO2-40500001,Spare parts
NUO2-4030030,Spare parts
NUO2-4030029,Spare parts
NUO2-40300023.1,Spare parts
NUO2-40300022,Spare parts
NUO2-40200008,Spare parts
NUO2-40200007,Spare parts
NUO2-40200006,Spare parts
NUO2-40200004,Spare parts
NUO2-40200002,Spare parts
NUO2-40200001,Spare parts
NUO2-40000003,Spare parts
NUO2-16400020,Spare parts
NUO2-16400004,Spare parts
NUO2-16400002,Spare parts
NUO2-16400001,Spare parts
NUO2-16300176,Spare parts
NUO2-16300150,Spare parts
NUO2-16300149,Spare parts
NUO2-16300148,Spare parts
NUO2-16300128,Spare parts
NUO2-16300127,Spare parts
NUO2-16300126,Spare parts
NUO2-16300122,Spare parts
NUO2-16300121,Spare parts
NUO2-16300110B,Spare parts
NUO2-16300108,Spare parts
NUO2-16300107,Spare parts
NUO2-16300100,Spare parts
NUO2-16300099,Spare parts
NUO2-16300098,Spare parts
NUO2-16300096,Spare parts
NUO2-16300094,Spare parts
NUO2-16300091,Spare parts
NUO2-16300088,Spare parts
NUO2-16300085,Spare parts
NUO2-16300082,Spare parts
NUO2-16300080,Spare parts
NUO2-16300078(CAPACITOR),Spare parts
NUO2-16300076,Spare parts
NUO2-16300073,Spare parts
NUO2-16300071,Spare parts
NUO2-16300070,Spare parts
NUO2-16300068,Spare parts
NUO2-16300067,Spare parts
NUO2-16300062,Spare parts
NUO2-16300057,Spare parts
NUO2-16300055,Spare parts
NUO2-16300054,Spare parts
NUO2-16300052,Spare parts
NUO2-16300042,Spare parts
NUO2-16300041,Spare parts
NUO2-16300040,Spare parts
NUO2-16300039,Spare parts
NUO2-16300038,Spare parts
NUO2-16300037,Spare parts
NUO2-16300036V,Spare parts
NUO2-16300036B,Spare parts
NUO2-16300035,Spare parts
NUO2-16300034,Spare parts
NUO2-16300032,Spare parts
NUO2-16300031,Spare parts
NUO2-16300030,Spare parts
NUO2-16300029,Spare parts
NUO2-16300028,Spare parts
NUO2-16300027,Spare parts
NUO2-16300026,Spare parts
NUO2-16300025,Spare parts
NUO2-16300024,Spare parts
NUO2-16300023,Spare parts
NUO2-16300022,Spare parts
NUO2-16300021,Spare parts
NUO2-16300020,Spare parts
NUO2-16300019,Spare parts
NUO2-16300017,Spare parts
NUO2-16300010,Spare parts
NUO2-16300009,Spare parts
NUO2-16300008,Spare parts
NUO2-16300007,Spare parts
NUO2-16300006,Spare parts
NUO2-16300005,Spare parts
NUO2-16300004,Spare parts
NUO2-16300003,Spare parts
NUO2-16300001-G,Spare parts
NUO2-16300001,Spare parts
NUO2-16100118,Spare parts
NUO2-16100117,Spare parts
NUO2-16100107,Spare parts
NUO2-16100089,Spare parts
NUO2-16100079,Spare parts
NUO2-16100073,Spare parts
NUO2-16100072,Spare parts
NUO2-16100068,Spare parts
NUO2-16100047,Spare parts
NUO2-16100044,Spare parts
NUO2-16100043,Spare parts
NUO2-16100037,Spare parts
NUO2-15050012,Spare parts
NUO2-15050009,Spare parts
NUO2-15050001,Spare parts
NUO2-15000064,Spare parts
NUO2-15000058,Spare parts
NUO2-15000050,Spare parts
NUO2-15000043,Spare parts
NUO2-15000042,Spare parts
NUO2-15000041,Spare parts
NUO2-15000028,Spare parts
NUO2-15000026,Spare parts
NUO2-15000025,Spare parts
NUO2-15000024,Spare parts
NUO2-14100040,Spare parts
NUO2-14100037,Spare parts
NUO2-14100036,Spare parts
NUO2-14100035,Spare parts
NUO2-14100024,Spare parts
NUO2-13200012,Spare parts
NUO2-13200006,Spare parts
NUO2-12100004,Spare parts
NTS2-WDV-15L-05,Spare parts
NTS2-WDV-15L-04,Spare parts
NTS2-WDV-15L-03,Spare parts
NTS2-WDV-15L-02,Spare parts
NTS2-WDV-15L-01,Spare parts
NTS2-WDV-07,Spare parts
NTS2-WDV-06,Spare parts
NTS2-WDV-05,Spare parts
NTS2-WDV-04,Spare parts
NTS2-WDV-03,Spare parts
NTS2-VP-10,Spare parts
NTS2-VP-08,Spare parts
NTS2-VP-06,Spare parts
NTS2-VP-05,Spare parts
NTS2-VP-03,Spare parts
NTS2-VP-02,Spare parts
NTS2-VP-01,Spare parts
NTS2-TRAVEL-SWITCH,Spare parts
NTS2-TIP-DIS-FF-01,Spare parts
NTS2-TIP-DIS-FF,Spare parts
NTS2-THERMO,Spare parts
NTS2-SWITCH-AZ-7120-10A,Spare parts
NTS2-SSG-25-SSP,Spare parts
NTS2-SSBG-HLCS,Spare parts
NTS2-SCREWS-ADAP,Spare parts
NTS2-RUB-SSG-35,Spare parts
NTS2-RUB-SSG30,Spare parts
NTS2-RUB-SSG-25,Spare parts
NTS2-RUB-CD,Spare parts
NTS2-RING-MCUP4,Spare parts
NTS2-RC-45,Spare parts
NTS2-PLW-L-R,Spare parts
NTS2-ON-OFF-SWITCH,Spare parts
NTS2-OEM-UJ15010-UD15,Spare parts
NTS2-NVP-01,Spare parts
NTS2-NUT,Spare parts
NTS2-MU-D8LB-TAP,Spare parts
NTS2-MU-10L-01,Spare parts
NTS2-MT-50L-002,Spare parts
NTS2-MT-50L-001,Spare parts
NTS2-MT-40L-002,Spare parts
NTS2-MT-40L-001,Spare parts
NTS2-MOP-LO-42S-M,Spare parts
NTS2-MOP-LO-42S-FC,Spare parts
NTS2-MBM-175-71,Spare parts
NTS2-MBM-175-70,Spare parts
NTS2-MBM-175-69,Spare parts
NTS2-MBM-175-68,Spare parts
NTS2-MBM-175-67,Spare parts
NTS2-MBM-175-66,Spare parts
NTS2-MBM-175-65,Spare parts
NTS2-MBM-175-64,Spare parts
NTS2-MBM-175-63,Spare parts
NTS2-MBM-175-62,Spare parts
NTS2-MBM-175-61,Spare parts
NTS2-MBM-175-60,Spare parts
NTS2-MBM-175-59,Spare parts
NTS2-MBM-175-58,Spare parts
NTS2-MBM-175-57,Spare parts
NTS2-MBM-175-56,Spare parts
NTS2-MBM-175-55,Spare parts
NTS2-MBM-175-41,Spare parts
NTS2-MBM-175-38,Spare parts
NTS2-MBM-175-37,Spare parts
NTS2-MBM-175-36,Spare parts
NTS2-MBM-175-35,Spare parts
NTS2-MBM-175-34,Spare parts
NTS2-MBM-175-33,Spare parts
NTS2-MBM-175-32,Spare parts
NTS2-MBM-175-31,Spare parts
NTS2-MBM-175-30,Spare parts
NTS2-MBM-175-29,Spare parts
NTS2-MBM-175-26,Spare parts
NTS2-MBM-175-25,Spare parts
NTS2-MBM-175-24,Spare parts
NTS2-MBM-175-23,Spare parts
NTS2-MBM-175-21,Spare parts
NTS2-MBM-175-20,Spare parts
NTS2-MBM-175-19,Spare parts
NTS2-MBM-175-18,Spare parts
NTS2-MBM-175-17,Spare parts
NTS2-MBM-175-16,Spare parts
NTS2-MBM-175-15,Spare parts
NTS2-MBM-175-14,Spare parts
NTS2-MBM-175-13,Spare parts
NTS2-MBM-175-12,Spare parts
NTS2-MBM-175-11,Spare parts
NTS2-MBM-175-10,Spare parts
NTS2-MBM-175-09,Spare parts
NTS2-MBM-175-08,Spare parts
NTS2-MBM-175-07,Spare parts
NTS2-MBM-175-06,Spare parts
NTS2-MBM-175-05,Spare parts
NTS2-MBM-175-04,Spare parts
NTS2-MBM-175-03,Spare parts
NTS2-MBM-175-02,Spare parts
NTS2-MBM-175-01,Spare parts
NTS2-MBF-40C-HDC,Spare parts
NTS2-MBF-40C-CH,Spare parts
NTS2-MBF-40C-CB,Spare parts
NTS2-LUGC19-BALL,Spare parts
NTS2-LT-B-001,Spare parts
NTS2-LID,Spare parts
NTS2-L290061073,Spare parts
NTS2-L290061072,Spare parts
NTS2-L290061071,Spare parts
NTS2-L290061066,Spare parts
NTS2-L290061064,Spare parts
NTS2-L290061063,Spare parts
NTS2-L290061062,Spare parts
NTS2-L290061055,Spare parts
NTS2-L290061054,Spare parts
NTS2-L290061053,Spare parts
NTS2-L290061049,Spare parts
NTS2-L290061045,Spare parts
NTS2-L290061044,Spare parts
NTS2-KEY-TSF,Spare parts
NTS2-KC-SF,Spare parts
NTS2-JD-5LS-PIL,Spare parts
NTS2-JD-5LS-LID,Spare parts
NTS2-JD-5LS-INNP,Spare parts
NTS2-JD-5LS-DP,Spare parts
NTS2-INGITIONPIN,Spare parts
NTS2-INDICA-TOR-LIGHT,Spare parts
NTS2-HS-CD-IN55,Spare parts
NTS2-HLS1G,Spare parts
NTS2-HLS1C,Spare parts
NTS2-HLRL-SG,Spare parts
NTS2-HLRL-DG,Spare parts
NTS2-HLRB1G,Spare parts
NTS2-HLRB1C,Spare parts
NTS2-HLR2G,Spare parts
NTS2-HLR1G,Spare parts
NTS2-HLR1C,Spare parts
NTS2-HLH1G,Spare parts
NTS2-HLH1C,Spare parts
NTS2-HLCR-SS,Spare parts
NTS2-HL-103,Spare parts
NTS2-HL-101,Spare parts
NTS2-HL-011,Spare parts
NTS2-HL-010,Spare parts
NTS2-HL-008,Spare parts
NTS2-HL-004,Spare parts
NTS2-HL-003,Spare parts
NTS2-HL-002,Spare parts
NTS2-HL-001,Spare parts
NTS2-H-PANEL,Spare parts
NTS2-H-MECHANISM,Spare parts
NTS2-GGBK,Spare parts
NTS2-GD(GEB-J4D),Spare parts
NTS2-FM-30-CON,Spare parts
NTS2-FM30-008,Spare parts
NTS2-FM30-007,Spare parts
NTS2-FM30-006,Spare parts
NTS2-FM30-005,Spare parts
NTS2-F-MECHANISM,Spare parts
NTS2-EWB-37-024,Spare parts
NEW2-005,Spare parts
NEW2-004,Spare parts
NEW2-003,Spare parts
NEW2-002,Spare parts
NEW2-001,Spare parts
NAY2-GS4055,Spare parts
NAY2-GS4022,Spare parts
NAY2-GS4021,Spare parts
NAY2-GS3875,Spare parts
NAY2-GS3856,Spare parts
NAY2-GS3837,Spare parts
NAY2-GS3645,Spare parts
NAY2-GS3602,Spare parts
NAY2-GS2867,Spare parts
NAY2-GS2866,Spare parts
NAY2-GS282C,Spare parts
NAY2-GS2176,Spare parts
NAY2-GS2172,Spare parts
NAY2-GS2169,Spare parts
NAY2-GS2163,Spare parts
NAY2-GS2157,Spare parts
NAY2-GS2020,Spare parts
NAY2-GS2010,Spare parts
MON2-7979-8,Spare parts
MON2-6703-2,Spare parts
MON2-5384-7,Spare parts
MON2-4355-9,Spare parts
MON2-3499-1,Spare parts
MON2-3447-9,Spare parts
MON2-3416-9,Spare parts
MON2-3415-0,Spare parts
MON2-3395-2,Spare parts
MON2-3173-9,Spare parts
MON2-2663-8,Spare parts
MON2-2403-1,Spare parts
MON2-2389-2,Spare parts
MON2-23220-3,Spare parts
MON2-23130-4,Spare parts
MON2-22818-4,Spare parts
MON2-22786-2,Spare parts
MON2-22325-5,Spare parts
MON2-2203-9,Spare parts
MON2-2202-0,Spare parts
MON2-2154-7,Spare parts
MON2-2125-3,Spare parts
MON2-2123-7,Spare parts
MON2-2115-6,Spare parts
MON2-2067-2,Spare parts
MON2-20564-8,Spare parts
MON2-20535-4,Spare parts
MON2-2043-5,Spare parts
MON2-2041-9,Spare parts
MON2-20239-8,Spare parts
MON2-2016-8,Spare parts
MON2-2004-4,Spare parts
MON2-2002-8,Spare parts
MON2-1984-4,Spare parts
MON2-19839-0,Spare parts
MON2-1982-8,Spare parts
MON2-19692-4,Spare parts
MON2-19187-6,Spare parts
MON2-16782-7,Spare parts
MON2-15591-8,Spare parts
MON2-15589-6,Spare parts
MON2-146518,Spare parts
MON2-1407-9,Spare parts
MON2-14061-9,Spare parts
MON2-14033-5,Spare parts
MON2-14033-3,Spare parts
MON2-1316-1,Spare parts
MON2-1300-5,Spare parts
MON2-1293-9,Spare parts
MON2-11810-9,Spare parts
MON2-11790-0,Spare parts
MON2-11758-7,Spare parts
MON2-1065-0,Spare parts
MON2-1055-3,Spare parts
MON2-1044-8,Spare parts
MON2-1038-3,Spare parts
MON2-1036-7,Spare parts
MON2-1034-0,Spare parts
MON2-1031-6,Spare parts
MON2-1025-1,Spare parts
MON2-1024-3,Spare parts
MON2-1013-8,Spare parts
MON2-1012-0,Spare parts
MON2-1003-0,Spare parts
MMT2-R9900585,Spare parts
MMT2-M0805203,Spare parts
MMT2-M0571003,Spare parts
MMT2-M0104106,Spare parts
MMT2-B5795319,Spare parts
MMT2-B5706704,Spare parts
MMT2-B5684129,Spare parts
MMT2-B5677203,Spare parts
MMT2-59174529,Spare parts
MMT2-59174525,Spare parts
MMT2-59174523,Spare parts
MMT2-59174522,Spare parts
MMT2-59174520,Spare parts
MMT2-59154464,Spare parts
MMT2-59154460,Spare parts
MMT2-59114175,Spare parts
MMT2-59114168,Spare parts
MMT2-59114146,Spare parts
MMT2-59004111,Spare parts
MMT2-59004013,Spare parts
MMT2-59002162,Spare parts
MMT2-59002157,Spare parts
MMT2-59001893,Spare parts
MMT2-59001659,Spare parts
MMT2-59001167,Spare parts
MMT2-58121079,Spare parts
MMT2-58121078,Spare parts
MMT2-58121077,Spare parts
MMT2-58121076,Spare parts
MMT2-58121075,Spare parts
MMT2-58121074,Spare parts
MMT2-58121073,Spare parts
MMT2-58121072,Spare parts
MMT2-58121071,Spare parts
MMT2-58101070,Spare parts
MMT2-58101066,Spare parts
MMT2-58101058,Spare parts
MMT2-58101056,Spare parts
MMT2-58101054,Spare parts
MMT2-58101053,Spare parts
MMT2-58101030,Spare parts
MMT2-58101028,Spare parts
MMT2-58101024,Spare parts
MMT2-58101022,Spare parts
MMT2-58101020,Spare parts
MMT2-58101013,Spare parts
MMT2-58101011,Spare parts
MMT2-58101001,Spare parts
MMT2-56001036,Spare parts
MMT2-44780P01,Spare parts
MMT2-20135901,Spare parts
MMT2-20045102,Spare parts
MMT2-20044801,Spare parts
MMT2-20034004,Spare parts
MMT2-20020502,Spare parts
MMT2-14179128,Spare parts
MMT2-14179126,Spare parts
MMT2-14179122,Spare parts
MMT2-14179118,Spare parts
MMT2-14119064,Spare parts
MMT2-13098801,Spare parts
MMT2-12163802,Spare parts
MMT2-12138201,Spare parts
MMT2-12133901,Spare parts
MMT2-12131002,Spare parts
MMT2-12131001,Spare parts
MMT2-10966612,Spare parts
MMT2-10091101,Spare parts
MKN2-303325,Spare parts
MKN2-303324,Spare parts
MID2-ZB4-BZ101-BD2,Spare parts
MID2-S1172857,Spare parts
MID2-PS360G1BU001,Spare parts
MID2-P9000-26,Spare parts
MID2-M9608,Spare parts
MID2-M4818,Spare parts
MID2-M4817,Spare parts
MID2-M1116,Spare parts
MID2-M1115,Spare parts
MID2-M10534,Spare parts
MID2-M10434,Spare parts
MID2-M10198,Spare parts
MID2-M10127,Spare parts
MID2-CONTROL,Spare parts
MID2-BO10129,Spare parts
MID2-97525(TH),Spare parts
MID2-97525,Spare parts
MID2-759144,Spare parts
MID2-73057,Spare parts
MID2-73048,Spare parts
MID2-72947,Spare parts
MID2-72835,Spare parts
MID2-72826,Spare parts
MID2-72816,Spare parts
MID2-72797,Spare parts
MID2-72796,Spare parts
MID2-72760,Spare parts
MID2-72601,Spare parts
MID2-72209,Spare parts
MID2-71975,Spare parts
MID2-71814,Spare parts
MID2-71813,Spare parts
MID2-71771,Spare parts
MID2-71037,Spare parts
MID2-70926,Spare parts
MID2-70884,Spare parts
MID2-70852,Spare parts
MID2-70820,Spare parts
MID2-70819,Spare parts
MID2-70112,Spare parts
MID2-69724,Spare parts
MID2-69683,Spare parts
MID2-69649,Spare parts
MID2-69635,Spare parts
MID2-69582,Spare parts
MID2-69533,Spare parts
MID2-69510,Spare parts
MID2-69508,Spare parts
MID2-69490,Spare parts
MID2-69190,Spare parts
MID2-69149,Spare parts
MID2-69079,Spare parts
MID2-67872,Spare parts
MID2-67050,Spare parts
MID2-66995,Spare parts
MID2-66994,Spare parts
MID2-66992,Spare parts
MID2-66991,Spare parts
MID2-66990,Spare parts
MID2-66989,Spare parts
MID2-66382,Spare parts
MID2-66318,Spare parts
MID2-66317,Spare parts
MID2-66313,Spare parts
MID2-66311,Spare parts
MID2-66226,Spare parts
MID2-66186,Spare parts
MID2-66065,Spare parts
MID2-65904,Spare parts
MID2-65756,Spare parts
MID2-65754,Spare parts
MID2-65701,Spare parts
MID2-65565,Spare parts
MID2-65141,Spare parts
MID2-65109,Spare parts
MID2-64217,Spare parts
MID2-64149,Spare parts
MID2-64106,Spare parts
MID2-63910,Spare parts
MID2-63909,Spare parts
MID2-62329,Spare parts
MID2-62288,Spare parts
MID2-62285,Spare parts
MID2-62047,Spare parts
MID2-62044,Spare parts
MID2-61823,Spare parts
MID2-61186,Spare parts
MID2-60941,Spare parts
MID2-60671,Spare parts
MID2-60664,Spare parts
MID2-60520-2,Spare parts
MID2-60196,Spare parts
MID2-60193,Spare parts
MID2-60190,Spare parts
MID2-60185OLD,Spare parts
MID2-60185NEW,Spare parts
MID2-60047,Spare parts
MID2-59906,Spare parts
MID2-59905,Spare parts
MID2-59904,Spare parts
MID2-59562,Spare parts
MID2-59450,Spare parts
MID2-59307,Spare parts
MID2-59280,Spare parts
MID2-59272,Spare parts
MID2-59132,Spare parts
MID2-58920,Spare parts
MID2-58669,Spare parts
MID2-58668,Spare parts
MID2-58500,Spare parts
MID2-58484,Spare parts
MID2-58391,Spare parts
MID2-57474,Spare parts
MID2-57408,Spare parts
MID2-57288,Spare parts
MID2-57258,Spare parts
MID2-55567,Spare parts
MID2-55566,Spare parts
MID2-55217,Spare parts
MID2-55091,Spare parts
MID2-54947,Spare parts
MID2-54724,Spare parts
MID2-52358,Spare parts
MID2-52244,Spare parts
MID2-51961,Spare parts
MID2-51958,Spare parts
MID2-51409,Spare parts
MID2-51399,Spare parts
MID2-51387,Spare parts
MID2-51157,Spare parts
MID2-51017,Spare parts
MID2-50990,Spare parts
MID2-50794,Spare parts
MID2-50715,Spare parts
MID2-50643,Spare parts
MID2-50587,Spare parts
MID2-50551,Spare parts
MID2-50517,Spare parts
MID2-50450(TH),Spare parts
MID2-50275,Spare parts
MID2-50240,Spare parts
MID2-50222,Spare parts
MID2-50060,Spare parts
MID2-50059,Spare parts
MID2-50052,Spare parts
MID2-50050,Spare parts
MID2-49400-0050,Spare parts
MID2-48862,Spare parts
MID2-48635,Spare parts
MID2-48471,Spare parts
MID2-48410,Spare parts
MID2-48392,Spare parts
MID2-48378,Spare parts
MID2-47862,Spare parts
MID2-46831,Spare parts
MID2-46521,Spare parts
MID2-46451,Spare parts
MID2-45739,Spare parts
MID2-45349,Spare parts
MID2-45333,Spare parts
MID2-45244,Spare parts
MID2-45037,Spare parts
MID2-45036,Spare parts
MID2-45019,Spare parts
MID2-45017,Spare parts
MID2-44914,Spare parts
MID2-44701,Spare parts
MID2-44695,Spare parts
MID2-44687,Spare parts
MID2-44585,Spare parts
MID2-44568,Spare parts
MID2-44549,Spare parts
MID2-44527,Spare parts
MID2-44390,Spare parts
MID2-42951,Spare parts
MID2-42810-0121,Spare parts
MID2-42810-0120,Spare parts
MID2-42810-0117,Spare parts
MID2-42810-0114,Spare parts
MID2-42753,Spare parts
MID2-42752,Spare parts
MID2-42400-0163,Spare parts
MID2-41872,Spare parts
MID2-400J4,Spare parts
MID2-39258,Spare parts
MID2-39224,Spare parts
MID2-37923,Spare parts
MID2-37503,Spare parts
MID2-37115-0102,Spare parts
MID2-37000-0408,Spare parts
MID2-36541,Spare parts
MID2-36510,Spare parts
MID2-36452,Spare parts
MID2-36451,Spare parts
MID2-35323,Spare parts
MID2-35145,Spare parts
MID2-35000-1013,Spare parts
MID2-35000-1012,Spare parts
MID2-35000-1011,Spare parts
MID2-35000-1008,Spare parts
MID2-34121-0003,Spare parts
MID2-33985,Spare parts
MID2-33984,Spare parts
MID2-33983,Spare parts
MID2-33900-0089,Spare parts
MID2-33900-0032,Spare parts
MID2-33813,Spare parts
MID2-33812-5,Spare parts
MID2-33812-3,Spare parts
MID2-33812-1,Spare parts
MID2-32570,Spare parts
MID2-32108,Spare parts
MID2-32102,Spare parts
MID2-31651,Spare parts
MID2-31504,Spare parts
MID2-31498,Spare parts
MID2-31497,Spare parts
MID2-31486,Spare parts
MID2-31485,Spare parts
MID2-31432,Spare parts
MID2-3101908,Spare parts
MID2-3101212,Spare parts
MID2-30927,Spare parts
MID2-30185S,Spare parts
MID2-30153,Spare parts
MID2-3003946,Spare parts
MID2-3000330,Spare parts
MID2-28154-0013,Spare parts
MID2-28091-0017,Spare parts
MID2-28082-0010,Spare parts
MID2-28041-0011,Spare parts
MID2-28041-0008,Spare parts
MID2-28021-0061,Spare parts
MID2-28021-0047,Spare parts
MID2-27L571S,Spare parts
MID2-27470-0004,Spare parts
MID2-27399-0003,Spare parts
MID2-27396-0004,Spare parts
MID2-27392-0002,Spare parts
MID2-27381-0069,Spare parts
MID2-27381-0066,Spare parts
MID2-27381-0023,Spare parts
MID2-27375-0004,Spare parts
MID2-27170-0270,Spare parts
MID2-27170-0269,Spare parts
MID2-27170-0223,Spare parts
MID2-27170-0017,Spare parts
MID2-27170-0011,Spare parts
MID2-27159-0019,Spare parts
MID2-27021-0011,Spare parts
MID2-27011-0011,Spare parts
MID2-22523-0003,Spare parts
MID2-22523-0002,Spare parts
MID2-22521-0006,Spare parts
MID2-22521-0005,Spare parts
MID2-22450-0297,Spare parts
MID2-22450-0225,Spare parts
MID2-22450-0052,Spare parts
MID2-22450-0028,Spare parts
MID2-22450-0001,Spare parts
MID2-22420-0017,Spare parts
MID2-22420-0005,Spare parts
MID2-22361-0001,Spare parts
MID2-22290-0010,Spare parts
MID2-22290-0009,Spare parts
MID2-22273-0002,Spare parts
MID2-22229-0003,Spare parts
MID2-22176-0017,Spare parts
MID2-22174-0010,Spare parts
MID2-22174-0006,Spare parts
MID2-22152-0018,Spare parts
MID2-22152-0017,Spare parts
MID2-22151-0003,Spare parts
MID2-22151-0002,Spare parts
MID2-22140-0017,Spare parts
MID2-22140-0012,Spare parts
MID2-22011-0013,Spare parts
MID2-21296-0003,Spare parts
MID2-180117,Spare parts
MID2-15125-0002,Spare parts
MID2-1200578,Spare parts
MBM2-RTMIN00283,Spare parts
MBM2-RTFOC00694,Spare parts
MBM2-RTCU900217,Spare parts
MBM2-RTCU900215,Spare parts
MBM2-RTCU900112,Spare parts
MBM2-RTCU900027,Spare parts
MBM2-RTCU900026,Spare parts
MBM2-RTCU900019,Spare parts
MBM2-RTCU900018,Spare parts
MBM2-RTCU900012,Spare parts
MBM2-RTCU900004,Spare parts
MBM2-RTCU800195,Spare parts
MBM2-RTCU800185,Spare parts
MBM2-RTCU800183,Spare parts
MBM2-RTCU800182,Spare parts
MBM2-RTCU800109,Spare parts
MBM2-RTCU700623,Spare parts
MBM2-RTCU700464,Spare parts
MBM2-RTCU700020,Spare parts
MBM2-RTCU600080,Spare parts
MBM2-RTCU600075,Spare parts
MBM2-RTCP800038,Spare parts
MBM2-RTBF800192,Spare parts
MBM2-RTBF800020,Spare parts
MBM2-RTBF700038,Spare parts
MBM2-RIC0005139,Spare parts
MBM2-RIC0005135,Spare parts
MBM2-RIC0004363,Spare parts
MBM2-RIC0003218,Spare parts
MBM2-RIC0003213,Spare parts
MBM2-RIC0003089,Spare parts
MBM2-RC00121000,Spare parts
MBM2-RC00005304,Spare parts
MBM2-RC00004808,Spare parts
MBM2-RC00000914,Spare parts
MBM2-RC00000814,Spare parts
MBM2-RC00000401,Spare parts
MBM2-PACU700447,Spare parts
MBM2-202200,Spare parts
MBM2-200902,Spare parts
MBM2-200160,Spare parts
MBM2-186393,Spare parts
MBM2-186392,Spare parts
MBM2-185726,Spare parts
MBM2-184842,Spare parts
MBM2-184110,Spare parts
MBM2-184105,Spare parts
MBM2-183846,Spare parts
MBM2-182731,Spare parts
MBM2-180558,Spare parts
MBM2-180426,Spare parts
MBM2-177040,Spare parts
MBM2-177037,Spare parts
MBM2-176895,Spare parts
MBM2-176894,Spare parts
MBM2-176656,Spare parts
MBM2-174832,Spare parts
MBM2-168520,Spare parts
MBM2-168516,Spare parts
MBM2-168512,Spare parts
MBM2-167184,Spare parts
MBM2-163292,Spare parts
MBM2-163291,Spare parts
MBM2-161874,Spare parts
MBM2-161829,Spare parts
MAX2-EJ222-3B,Spare parts
MAX2-EJ202,Spare parts
MAX2-4,Spare parts
MAX2-3,Spare parts
MAX2-001-EJ102,Spare parts
LTE2-OX874,Spare parts
LTE2-OX842,Spare parts
LTE2-O2873,Spare parts
LTE2-N8001-M,Spare parts
LTE2-N6115,Spare parts
LTE2-N6114,Spare parts
LTE2-N6106,Spare parts
LTE2-N6105,Spare parts
LTE2-N6103,Spare parts
LTE2-N6102,Spare parts
LTE2-N6101,Spare parts
LTE2-N000,Spare parts
LTE2-MIX-ES,Spare parts
LTE2-MIX10,Spare parts
LTE2-MIX1.10,Spare parts
LTE2-MIX1.09,Spare parts
LKK2-TC17-35-7,Spare parts
LKK2-TC17-35-10,Spare parts
LKK2-TC15-25-7,Spare parts
LKK2-TC12I-19,Spare parts
LKK2-TC12I-14,Spare parts
LKK2-TC12-6,Spare parts
LKK2-TC12-29-00,Spare parts
LKK2-TC12-13,Spare parts
LKK2-TC12-08,Spare parts
LKK2-TC12-07,Spare parts
LKK2-TC12-05-00,Spare parts
LKK2-TC12-04,Spare parts
LKK2-TC12-02-00,Spare parts
LKK2-TC,Spare parts
LKK2-TBA,Spare parts
LKK2-TAP(EPC),Spare parts
LKK2-TAP-DECORATE-COVER,Spare parts
LKK2-TAP-(WGF-181),Spare parts
LKK2-TANK,Spare parts
LKK2-SWV-GFO-EFO,Spare parts
LKK2-SWITCH-P(SB3),Spare parts
LKK2-SWITCH-P(PL2),Spare parts
LKK2-SWITCH-P(JG210),Spare parts
LKK2-SWITCH-P(HYG2-D),Spare parts
LKK2-SWITCH-P(B5D),Spare parts
LKK2-SWITCH-P(B5B),Spare parts
LKK2-SWITCH-P(B10),Spare parts
LKK2-SWITCH(TW-2),Spare parts
LKK2-SWITCH(SB6),Spare parts
LKK2-SWITCH(MW-2),Spare parts
LKK2-SWITCH(M20),Spare parts
LKK2-SWITCH(JG210),Spare parts
LKK2-SWITCH(B30),Spare parts
LKK2-SWITCH-LOW,Spare parts
LKK2-SWITCH-HIGH,Spare parts
LKK2-SWITCH-16A-230V,Spare parts
LKK2-SWITCH,Spare parts
LKK2-SW(B40),Spare parts
LKK2-STOP-BOTTON(B),Spare parts
LKK2-START-300UF,Spare parts
LKK2-START-BOTTON(B),Spare parts
LKK2-START-BOTTON,Spare parts
LKK2-STAND,Spare parts
LKK2-SOCKET,Spare parts
LKK2-SMALL-THERMOSTA,Spare parts
LKK2-SKPA01,Spare parts
LKK2-SKP023,Spare parts
LKK2-SKP020,Spare parts
LKK2-SKP019,Spare parts
LKK2-SKP018,Spare parts
LKK2-SKP017,Spare parts
LKK2-SKP016,Spare parts
LKK2-SKP015,Spare parts
LKK2-SKP014,Spare parts
LKK2-SKP013,Spare parts
LKK2-SKP012,Spare parts
LKK2-SKP011,Spare parts
LKK2-SKP010,Spare parts
LKK2-SKP009,Spare parts
LKK2-SKP008,Spare parts
LKK2-SKP007,Spare parts
LKK2-SKP006,Spare parts
LKK2-SKP005,Spare parts
LKK2-SKP004,Spare parts
LKK2-SKF6307-C3,Spare parts
LKK2-SILICONE-GASKET,Spare parts
LKK2-SIGHT-GLASS-40,Spare parts
LKK2-SIGHT-GLASS-30,Spare parts
LKK2-SIGHT-GLASS-20,Spare parts
LKK2-SIGHT-GLASS-10,Spare parts
LKK2-SIDE-PANEL,Spare parts
LKK2-SELECTOR,Spare parts
LKK2-SEAL-OIL,Spare parts
LKK2-SEAL-DOOR,Spare parts
LKK2-SEAL-BODY,Spare parts
LKK2-SCREW(RG),Spare parts
LKK2-SB6-17,Spare parts
LKK2-SB6-16,Spare parts
LKK2-SB6-14,Spare parts
LKK2-SB6-13,Spare parts
LKK2-SB6-03,Spare parts
LKK2-SB3-12,Spare parts
LKK2-SB3-11,Spare parts
LKK2-SB,Spare parts
LKK2-SAFETY(B5),Spare parts
LKK2-SAFETY-TJ12I,Spare parts
LKK2-SA1,Spare parts
LKK2-RUN-40UF,Spare parts
LKK2-RT18-32X,Spare parts
LKK2-ROLLER-TUBE(RG9),Spare parts
LKK2-ROLLER-TUBE(RG7),Spare parts
LKK2-ROLLER-TUBE(RG30-11),Spare parts
LKK2-ROLLER-TUBE(RG24-7),Spare parts
LKK2-ROLLER-TUBE(RG18-7),Spare parts
LKK2-ROLLER-TUBE(RG12-5),Spare parts
LKK2-ROLLER-TUBE(RG11X),Spare parts
LKK2-RL1-15,Spare parts
LKK2-RK,Spare parts
LKK2-RIGHT-SIDE-PANEL-RED,Spare parts
LKK2-RHX-36-30,Spare parts
LKK2-RHX-36-28,Spare parts
LKK2-RHX-36-27,Spare parts
LKK2-RHX-36-26,Spare parts
LKK2-RHX-36-23,Spare parts
LKK2-RHX-36-14,Spare parts
LKK2-RHX-36-12,Spare parts
LKK2-RHX-24-21,Spare parts
LKK2-RHX-14-21,Spare parts
LKK2-RHX-12-28,Spare parts
LKK2-RHX-12-27,Spare parts
LKK2-RHX-12-23,Spare parts
LKK2-RHX-12-18,Spare parts
LKK2-RHX-12-17,Spare parts
LKK2-RHX-12-14,Spare parts
LKK2-RHX-12-12,Spare parts
LKK2-RHX-12-10,Spare parts
LKK2-RHX-12-09,Spare parts
LKK2-RG24-7-20,Spare parts
LKK2-RG12-5-18,Spare parts
LKK2-RG12-5-16,Spare parts
LKK2-RG12-5-07(17L),Spare parts
LKK2-RG12-5-07(16L),Spare parts
LKK2-RG12-5-07(13L),Spare parts
LKK2-R210-1C5L-DR,Spare parts
LKK2-QS503A-7-02,Spare parts
LKK2-QS503A-08-04,Spare parts
LKK2-QS503A-01-09,Spare parts
LKK2-QS503A(NO.2),Spare parts
LKK2-QS503A(NO.12),Spare parts
LKK2-QM2,Spare parts
LKK2-QD-30,Spare parts
LKK2-QD-10,Spare parts
LKK2-PUSH-BOTTOM,Spare parts
LKK2-PUMP(CM4803),Spare parts
LKK2-PULLEY,Spare parts
LKK2-PROBE(LK-PL),Spare parts
LKK2-PROBE-TRIM-STRIP,Spare parts
LKK2-PROBE-NUT,Spare parts
LKK2-PROBE-600MM,Spare parts
LKK2-PROBE-550MM,Spare parts
LKK2-PROBE-1400MM,Spare parts
LKK2-POWER,Spare parts
LKK2-PN(RDS52-T),Spare parts
LKK2-PLATE4.8,Spare parts
LKK2-PLATE(JB35),Spare parts
LKK2-PLATE-8(TJ32B),Spare parts
LKK2-PLATE-8(TC42),Spare parts
LKK2-PLATE-8(TC22),Spare parts
LKK2-PLATE-8(TC12I),Spare parts
LKK2-PLATE-6(TJ32B),Spare parts
LKK2-PLATE-6(TC42),Spare parts
LKK2-PLATE-6(TC22),Spare parts
LKK2-PLATE-6(TC12I),Spare parts
LKK2-PLATE-4.5(TC42),Spare parts
LKK2-PLATE-4.5(TC22),Spare parts
LKK2-PLATE-4.5(TC12I),Spare parts
LKK2-PLATE-3.5(TC22),Spare parts
LKK2-PLATE-3.5(TC12I),Spare parts
LKK2-PLATE-3(TJ32B),Spare parts
LKK2-PLATE-3(TC42),Spare parts
LKK2-PLATE-3(TC22),Spare parts
LKK2-PLATE-3(TC12I),Spare parts
LKK2-PL-2-22A-9,Spare parts
LKK2-PL-2-22A-8,Spare parts
LKK2-PL-2-21,Spare parts
LKK2-PL-2-20,Spare parts
LKK2-PILOT-LIGHT-R,Spare parts
LKK2-PILOT-LIGHT-O,Spare parts
LKK2-PILOT-LIGHT-G,Spare parts
LKK2-PC-RIGHT,Spare parts
LKK2-PCPA04-3,Spare parts
LKK2-PCPA03-3,Spare parts
LKK2-PCPA01,Spare parts
LKK2-PCP190-24,Spare parts
LKK2-PCP042,Spare parts
LKK2-PCP041,Spare parts
LKK2-PCP040B,Spare parts
LKK2-PCP040,Spare parts
LKK2-PCP037A,Spare parts
LKK2-PCP037,Spare parts
LKK2-PCP035,Spare parts
LKK2-PCP034,Spare parts
LKK2-PCP033,Spare parts
LTE2-MIX1.07,Spare parts
LTE2-MIX1.06,Spare parts
LTE2-MIX1.05,Spare parts
LTE2-MIX1.01,Spare parts
LTE2-MIX05,Spare parts
LTE2-MIX01,Spare parts
LTE2-CF213,Spare parts
LTE2-CF210,Spare parts
LTE2-CF208,Spare parts
LTE2-CF206,Spare parts
LTE2-CF113,Spare parts
LTE2-CF110,Spare parts
LTE2-CF108,Spare parts
LTE2-CF106,Spare parts
LTE2-CF0007,Spare parts
LTE2-BLADE-ARM,Spare parts
LTE2-14,Spare parts
LTE2-00001,Spare parts
LOC2-WHEEL-02-SS,Spare parts
LOC2-HL-001,Spare parts
LKK2-YL100L1-4-B5,Spare parts
LKK2-YELLOW-NIC12,Spare parts
LKK2-YD90L-6-4-P-B14,Spare parts
LKK2-YD100L3-8-4-PB,Spare parts
LKK2-YCJ7124,Spare parts
LKK2-Y80L2-2,Spare parts
LKK2-Y112M-4,Spare parts
LKK2-XE2-EA,Spare parts
LKK2-WTB,Spare parts
LKK2-WST,Spare parts
LKK2-WIRE-WHIP(B5B),Spare parts
LKK2-WIRE-WHIP(B50),Spare parts
LKK2-WIRE-WHIP(B40),Spare parts
LKK2-WIRE-WHIP(B10),Spare parts
LKK2-WHISK(B60),Spare parts
LKK2-WHEEL,Spare parts
LKK2-WGF-31,Spare parts
LKK2-WGF-27,Spare parts
LKK2-WGF182-282930,Spare parts
LKK2-WGF181-282930,Spare parts
LKK2-WATER-SPOUT,Spare parts
LKK2-WATER-PROTECTOR,Spare parts
LKK2-WATER-PIPE,Spare parts
LKK2-UP-DECORATE(EPC-6T),Spare parts
LKK2-UP-DECORATE(EPC-4T),Spare parts
LKK2-TYE.K360-3,Spare parts
LKK2-TYE.K360-1,Spare parts
LKK2-TY50,Spare parts
LKK2-TSV-T2432,Spare parts
LKK2-TST(SK-600),Spare parts
LKK2-TSP520-79,Spare parts
LKK2-TSP520-68,Spare parts
LKK2-TSP520-67,Spare parts
LKK2-TSP520-66,Spare parts
LKK2-TSP520-65,Spare parts
LKK2-TSP520-64,Spare parts
LKK2-TSP520-61,Spare parts
LKK2-TSP520-57,Spare parts
LKK2-TSP520-54,Spare parts
LKK2-TSP520-52,Spare parts
LKK2-TSP520-33A,Spare parts
LKK2-TSP520-30-2,Spare parts
LKK2-TSP520-30-1,Spare parts
LKK2-TSP520-29-2,Spare parts
LKK2-TSP520-29-1,Spare parts
LKK2-TSP520-21,Spare parts
LKK2-TRANSDUCER,Spare parts
LKK2-TR180-01(F),Spare parts
LKK2-TR180-01(B),Spare parts
LKK2-TR12-44,Spare parts
LKK2-TR12-30,Spare parts
LKK2-TQ5-5,Spare parts
LKK2-TQ5-22,Spare parts
LKK2-TQ5-21,Spare parts
LKK2-TQ5-20,Spare parts
LKK2-TQ5-19-4,Spare parts
LKK2-TQ5-19-3,Spare parts
LKK2-TQ5-19-2,Spare parts
LKK2-TQ5-19-1,Spare parts
LKK2-TQ5-18,Spare parts
LKK2-TQ5-14,Spare parts
LKK2-TQ5-12,Spare parts
LKK2-TOPHEAD,Spare parts
LKK2-TOP-PLATE(NEW),Spare parts
LKK2-TOP-PLATE,Spare parts
LKK2-TOP-INSULATION,Spare parts
LKK2-TOGGLE-SWITCH,Spare parts
LKK2-TJ32-38,Spare parts
LKK2-TJ32-26,Spare parts
LKK2-TJ32-25W,Spare parts
LKK2-TJ32-15,Spare parts
LKK2-TJ32-09,Spare parts
LKK2-TJ32-07SS,Spare parts
LKK2-TJ32-06,Spare parts
LKK2-TJ32-05,Spare parts
LKK2-TJ32-04,Spare parts
LKK2-TJ32-03,Spare parts
LKK2-TJ32-02,Spare parts
LKK2-TJ22-26,Spare parts
LKK2-TJ22-18-22,Spare parts
LKK2-TJ22-18,Spare parts
LKK2-TJ22-17,Spare parts
LKK2-TJ22-12,Spare parts
LKK2-TJ22-1,Spare parts
LKK2-TJ22-09,Spare parts
LKK2-TJ22-08,Spare parts
LKK2-TJ22-07,Spare parts
LKK2-TJ12-H-20,Spare parts
LKK2-TJ12-34C,Spare parts
LKK2-TJ12-34B,Spare parts
LKK2-TJ12-34A,Spare parts
LKK2-TJ12-33,Spare parts
LKK2-TJ12-31,Spare parts
LKK2-TJ12-26,Spare parts
LKK2-TJ12-25,Spare parts
LKK2-TJ12-23,Spare parts
LKK2-TJ12-20,Spare parts
LKK2-TJ12-19,Spare parts
LKK2-TJ12-11,Spare parts
LKK2-TJ12-09,Spare parts
LKK2-TJ12-07,Spare parts
LKK2-TJ12-06,Spare parts
LKK2-TJ12-05,Spare parts
LKK2-TJ12-01,Spare parts
LKK2-TIMER(WF),Spare parts
LKK2-TIMER(QL-PL-SERIES),Spare parts
LKK2-TIMER(EF-171),Spare parts
LKK2-TIMER(EF-101),Spare parts
LKK2-TIMER(DS),Spare parts
LKK2-TIMER(DHL-32),Spare parts
LKK2-TIMER-WIRE,Spare parts
LKK2-TH-KNOB+BASE-SET,Spare parts
LKK2-THERMOSTAT16A-0-350,Spare parts
LKK2-THERMOSTAT(QL2),Spare parts
LKK2-THERMOSTAT(PL2)-380V,Spare parts
LKK2-THERMOSTAT(PL2)-220V,Spare parts
LKK2-THERMOSTAT(PL2),Spare parts
LKK2-THERMOSTAT(KSQ-3),Spare parts
LKK2-THERMOSTAT(GX10),Spare parts
LKK2-THERMOSTAT(EG548),Spare parts
LKK2-THERMOSTAT(EF-101),Spare parts
LKK2-THERMOSTAT(DHL-32),Spare parts
LKK2-THERMOSTAT-KNOB-BASE,Spare parts
LKK2-THERMOSTAT-KNOB,Spare parts
LKK2-THERMO,Spare parts
LKK2-TEMP(WF),Spare parts
LKK2-TEMP(LK-PL),Spare parts
LKK2-TEFD-2001,Spare parts
LKK2-TC42A-17,Spare parts
LKK2-TC42A-16,Spare parts
LKK2-TC42A-15,Spare parts
LKK2-TC42A-10,Spare parts
LKK2-TC42-8,Spare parts
LKK2-TC42-5-6,Spare parts
LKK2-TC42-5-5,Spare parts
LKK2-TC42-5-13,Spare parts
LKK2-TC42-5-12,Spare parts
LKK2-TC42-14,Spare parts
LKK2-TC42-10,Spare parts
LKK2-TC42-1,Spare parts
LKK2-TC40-62-12,Spare parts
LKK2-TC32-02-00,Spare parts
LKK2-TC25-47-7,Spare parts
LKK2-TC22-19,Spare parts
LKK2-TC22-17,Spare parts
LKK2-TC22-13,Spare parts
LKK2-TC22-12,Spare parts
LKK2-TC22-07,Spare parts
LKK2-TC22-06,Spare parts
LKK2-TC22-05-00,Spare parts
LKK2-TC22-04,Spare parts
LKK2-TC20-40-7,Spare parts
LKK2-JG300-31,Spare parts
LKK2-JG300-29,Spare parts
LKK2-JG300-28,Spare parts
LKK2-JG300-27,Spare parts
LKK2-JG300-25,Spare parts
LKK2-JG300-24,Spare parts
LKK2-JG300-22,Spare parts
LKK2-JG300-20,Spare parts
LKK2-JG300-15,Spare parts
LKK2-JG300-14-3,Spare parts
LKK2-JG300-12,Spare parts
LKK2-JG300-08,Spare parts
LKK2-JG300-07,Spare parts
LKK2-JG300-06,Spare parts
LKK2-JG300-04,Spare parts
LKK2-JG300-02,Spare parts
LKK2-JG300-01,Spare parts
LKK2-JG210-TRAY,Spare parts
LKK2-JG-210-79,Spare parts
LKK2-JG-210-69,Spare parts
LKK2-JG-210-63,Spare parts
LKK2-JG-210-50,Spare parts
LKK2-JG-210-44,Spare parts
LKK2-JG-210-40,Spare parts
LKK2-JG-210-33,Spare parts
LKK2-JG-210-10,Spare parts
LKK2-JG-210-07-(2.5-CM),Spare parts
LKK2-JG-210-07-(2-CM),Spare parts
LKK2-JG-210-07,Spare parts
LKK2-JG-210-05,Spare parts
LKK2-IND350S-2,Spare parts
LKK2-IND350S-13,Spare parts
LKK2-IND350S-10-OLD,Spare parts
LKK2-IND350S-10-NEW,Spare parts
LKK2-IND350S-1,Spare parts
LKK2-IND350S-006,Spare parts
LKK2-IND300-4,Spare parts
LKK2-IND300-3,Spare parts
LKK2-IND300-2,Spare parts
LKK2-IND300-15,Spare parts
LKK2-IND300-14,Spare parts
LKK2-IND300-13,Spare parts
LKK2-IND300-12,Spare parts
LKK2-IND300-10,Spare parts
LKK2-IND300-1,Spare parts
LKK2-IMER-BELT,Spare parts
LKK2-IGC,Spare parts
LKK2-HYG-2D-016,Spare parts
LKK2-HYG-2D-006,Spare parts
LKK2-HYG-2D-004,Spare parts
LKK2-HYG-1D-002,Spare parts
LKK2-HWH25-08,Spare parts
LKK2-HWH25-04-5,Spare parts
LKK2-HWH25-04-06,Spare parts
LKK2-HWH25-03-02,Spare parts
LKK2-HWH25-02,Spare parts
LKK2-HW(B40),Spare parts
LKK2-HT1500W,Spare parts
LKK2-HT1100W,Spare parts
LKK2-HS80-40,Spare parts
LKK2-HS80-20,Spare parts
LKK2-HS50A-19,Spare parts
LKK2-HS50-24,Spare parts
LKK2-HS50-21,Spare parts
LKK2-HS50-11,Spare parts
LKK2-HS40A-31,Spare parts
LKK2-HS40-24,Spare parts
LKK2-HS30D-19-1,Spare parts
LKK2-HS30D-01-03,Spare parts
LKK2-HS30A-38,Spare parts
LKK2-HS30A-32,Spare parts
LKK2-HS30-19-2,Spare parts
LKK2-HS30-13,Spare parts
LKK2-HS20-38,Spare parts
LKK2-HS20-33B,Spare parts
LKK2-HS20-33A,Spare parts
LKK2-HS20-32,Spare parts
LKK2-HS20-19-1,Spare parts
LKK2-HS20-15,Spare parts
LKK2-HS20-12,Spare parts
LKK2-HOOK-(M20),Spare parts
LKK2-HG4-692-67-39,Spare parts
LKK2-HG4-692-67-26,Spare parts
LKK2-HG4-692-67,Spare parts
LKK2-HG4-672-67,Spare parts
LKK2-HEATING(JB35),Spare parts
LKK2-HEATING(EPC4-6T),Spare parts
LKK2-HEATING(EG738),Spare parts
LKK2-HEATING(EG618),Spare parts
LKK2-HEATING(EG548),Spare parts
LKK2-HEATING-TUBE,Spare parts
LKK2-HEATER5KW(WF171),Spare parts
LKK2-HEATER(WF-081),Spare parts
LKK2-HEATER(RG30-11),Spare parts
LKK2-HEATER(MW-2),Spare parts
LKK2-HEATER(KSY10),Spare parts
LKK2-HEATER(KBM-204),Spare parts
LKK2-HEATER(HYG-2D),Spare parts
LKK2-HEATER(HYG-1D),Spare parts
LKK2-HEATER(GX10),Spare parts
LKK2-HEATER(FX20),Spare parts
LKK2-HEATER(EF-171),Spare parts
LKK2-HEATER(EF-101),Spare parts
LKK2-HEATER(DHL-32),Spare parts
LKK2-HEATER-L,Spare parts
LKK2-HEATER-H,Spare parts
LKK2-HEAT-INFRARED,Spare parts
LKK2-HANDLE(WGF-181),Spare parts
LKK2-HANDLE-(WF-101),Spare parts
LKK2-HANDLE-(EF-101),Spare parts
LKK2-HANDLE,Spare parts
LKK2-GREEN(WF-101),Spare parts
LKK2-GREEN-NIC12,Spare parts
LKK2-GLASS-FRAME,Spare parts
LKK2-GLASS,Spare parts
LKK2-GH4-692-67-38,Spare parts
LKK2-GH4-692-67-28,Spare parts
LKK2-GFO-6C-32,Spare parts
LKK2-GFO-4C-09-9,Spare parts
LKK2-GFO-4C-09-8,Spare parts
LKK2-GFO-4C-09-4,Spare parts
LKK2-GFO-4C-09-3,Spare parts
LKK2-GFO-4C-09-10,Spare parts
LKK2-GFO-4C-09-1,Spare parts
LKK2-GFO-2C-22A-5,Spare parts
LKK2-GEAR-MOTOR,Spare parts
LKK2-GCNP(WGF-181),Spare parts
LKK2-GB9877.1-88(TC22),Spare parts
LKK2-GB9877.1-88(TC12I),Spare parts
LKK2-GB955-76,Spare parts
LKK2-GB894.1-86,Spare parts
LKK2-GB893-76,Spare parts
LKK2-GB893.2-8,Spare parts
LKK2-GB893.1-86,Spare parts
LKK2-GB892-86,Spare parts
LKK2-GB879-86,Spare parts
LKK2-GB79-85,Spare parts
LKK2-GB678-64,Spare parts
LKK2-GB6172-86,Spare parts
LKK2-GB301-84,Spare parts
LKK2-GB301-64,Spare parts
LKK2-GB28-B4,Spare parts
LKK2-GB278-82,Spare parts
LKK2-GB276-64-203,Spare parts
LKK2-GB276-64-201,Spare parts
LKK2-GB276-64(207),Spare parts
LKK2-GB276-64,Spare parts
LKK2-GB276(203),Spare parts
LKK2-GB276,Spare parts
LKK2-GB273-64,Spare parts
LKK2-GB13871-92,Spare parts
LKK2-GB1243.1-83(RG12-5),Spare parts
LKK2-GB1243.1-83(HS50)T,Spare parts
LKK2-GB1243.1-83(HS50)B,Spare parts
LKK2-GB1243.1-83(HS30A)B,Spare parts
LKK2-GB1243.1-83(HS30)T,Spare parts
LKK2-GB1243.1-83(HS20)T,Spare parts
LKK2-PCP030,Spare parts
LKK2-PCP028-3,Spare parts
LKK2-PCP027,Spare parts
LKK2-PCP026,Spare parts
LKK2-PCP025A,Spare parts
LKK2-PCP025,Spare parts
LKK2-PCP023A,Spare parts
LKK2-PCP023,Spare parts
LKK2-PCP022,Spare parts
LKK2-PCP019B,Spare parts
LKK2-PCP019A,Spare parts
LKK2-PCP017-3,Spare parts
LKK2-PCP016,Spare parts
LKK2-PCP015,Spare parts
LKK2-PCP013-3,Spare parts
LKK2-PCP012-3,Spare parts
LKK2-PCP011,Spare parts
LKK2-PCP010-24,Spare parts
LKK2-PCP008A,Spare parts
LKK2-PCP008,Spare parts
LKK2-PCP006-3,Spare parts
LKK2-PCP005-3,Spare parts
LKK2-PCP004-3,Spare parts
LKK2-PCP003-3,Spare parts
LKK2-PCP002-3,Spare parts
LKK2-PCP001,Spare parts
LKK2-PC-LEFT,Spare parts
LKK2-PAP030,Spare parts
LKK2-P102,Spare parts
LKK2-OVEN-DOOR(LK-PL2-4-6,Spare parts
LKK2-OS(B40),Spare parts
LKK2-ORANGE-NIC12,Spare parts
LKK2-OL,Spare parts
LKK2-OIL-SEAL,Spare parts
LKK2-OCE-K339,Spare parts
LKK2-MT30B-CB,Spare parts
LKK2-MT30-32-01,Spare parts
LKK2-MR2-12,Spare parts
LKK2-MR2-07,Spare parts
LKK2-MR2-03,Spare parts
LKK2-MOUNTING-PLATE,Spare parts
LKK2-MOTOR(SB3),Spare parts
LKK2-MOTOR(RG),Spare parts
LKK2-MOTOR(NO.23),Spare parts
LKK2-MOTOR(HS20),Spare parts
LKK2-MOTOR(DHL32),Spare parts
LKK2-MOTOR(B40),Spare parts
LKK2-MIXING-SHAFT,Spare parts
LKK2-MICRO(M20A),Spare parts
LKK2-MICRO-SWITCH(WF-171),Spare parts
LKK2-MICRO-SWITCH,Spare parts
LKK2-MICRO,Spare parts
LKK2-MBB,Spare parts
LKK2-M5X15,Spare parts
LKK2-M-21,Spare parts
LKK2-M20A-05-23,Spare parts
LKK2-M20-05-28,Spare parts
LKK2-LTN-B60,Spare parts
LKK2-LSP520-75,Spare parts
LKK2-LSP520-73,Spare parts
LKK2-LSP520-72,Spare parts
LKK2-LSP520-70,Spare parts
LKK2-LSP520-69,Spare parts
LKK2-LSP520-68,Spare parts
LKK2-LSP520-67,Spare parts
LKK2-LSP520-61,Spare parts
LKK2-LSP520-56,Spare parts
LKK2-LSP520-55,Spare parts
LKK2-LSP520-54,Spare parts
LKK2-LSP520-53,Spare parts
LKK2-LSP520-42,Spare parts
LKK2-LSP520-41,Spare parts
LKK2-LSP520-29-5,Spare parts
LKK2-LSP520-29-2,Spare parts
LKK2-LSP520-29-1,Spare parts
LKK2-LSP520-0100,Spare parts
LKK2-LSP20-33,Spare parts
LKK2-LS47-2-63,Spare parts
LKK2-LK-LEO-HEATER-BOILER,Spare parts
LKK2-LK-LEO-BOILER-SENSOR,Spare parts
LKK2-LK-LEO-36#8,Spare parts
LKK2-LK-LEO-36#21,Spare parts
LKK2-LK-LEO-36#17,Spare parts
LKK2-LK-LEO-36#16,Spare parts
LKK2-LK-LEO-36#15,Spare parts
LKK2-LK-LEO-36#11,Spare parts
LKK2-LK-GFO-NOZZLE,Spare parts
LKK2-LK-GDO-9,Spare parts
LKK2-LK-GDO-5,Spare parts
LKK2-LK-GDO-27,Spare parts
LKK2-LK-GDO-23,Spare parts
LKK2-LK-GDO-22,Spare parts
LKK2-LK-GDO-20,Spare parts
LKK2-LK-GDO-19,Spare parts
LKK2-LK-GDO-17,Spare parts
LKK2-LK-GDO-16,Spare parts
LKK2-LK-GDO-15,Spare parts
LKK2-LK-GDO-14,Spare parts
LKK2-LK-GDO-13,Spare parts
LKK2-LK-EDO-17,Spare parts
LKK2-LK-BODY-TOP,Spare parts
LKK2-LIMIT-SWITCH,Spare parts
LKK2-LIGHT-SET,Spare parts
LKK2-LEGS,Spare parts
LKK2-LEFTSIDE-BODY(GFO4B),Spare parts
LKK2-LEFT-SIDE-PANEL(RED),Spare parts
LKK2-LEFT-SIDE-DOOR-FRAME,Spare parts
LKK2-LED12V,Spare parts
LKK2-LD900,Spare parts
LKK2-LD=710,Spare parts
LKK2-LB10,Spare parts
LKK2-LAY3-10M-1,Spare parts
LKK2-LAMP(PL2),Spare parts
LKK2-LAMP(HS40),Spare parts
LKK2-L.B10,Spare parts
LKK2-KSQ6-FLOATING,Spare parts
LKK2-KSQ3-LITTLE-FLOAT,Spare parts
LKK2-KSQ3-FLOAT,Spare parts
LKK2-KSQ3-21,Spare parts
LKK2-KSD302,Spare parts
LKK2-KNOB-TI(WF),Spare parts
LKK2-KNOB-TI(EF-101),Spare parts
"LKK2-KNOB-TI(DS4,6,8)",Spare parts
LKK2-KNOB-TI,Spare parts
LKK2-KNOB-TH(WF-101),Spare parts
LKK2-KNOB-TH(KSY),Spare parts
LKK2-KNOB-TH(EPZ-2),Spare parts
LKK2-KNOB-TH(EF-101),Spare parts
LKK2-KNOB(JB35),Spare parts
LKK2-KNIFE(NO.3),Spare parts
LKK2-K-360-2,Spare parts
LKK2-K-25,Spare parts
LKK2-JOINTER,Spare parts
LKK2-JG300A-69,Spare parts
LKK2-JG300A-66,Spare parts
LKK2-JG300A-65,Spare parts
LKK2-JG300A-64,Spare parts
LKK2-JG300A-63,Spare parts
LKK2-JG300A-60,Spare parts
LKK2-JG300A-58,Spare parts
LKK2-JG300-60,Spare parts
LKK2-JG300-51,Spare parts
LKK2-JG300-50,Spare parts
LKK2-JG300-49,Spare parts
LKK2-JG300-48,Spare parts
LKK2-JG300-47,Spare parts
LKK2-JG300-46,Spare parts
LKK2-JG300-44,Spare parts
LKK2-JG300-43-4,Spare parts
LKK2-JG300-43,Spare parts
LKK2-JG300-42,Spare parts
LKK2-JG300-41,Spare parts
LKK2-JG300-39,Spare parts
LKK2-JG300-38,Spare parts
LKK2-JG300-37,Spare parts
LKK2-JG300-36,Spare parts
LKK2-B20F(K)-13,Spare parts
LKK2-B20-BOWL,Spare parts
LKK2-B20B-62,Spare parts
LKK2-B20B-61,Spare parts
LKK2-B20B-57,Spare parts
LKK2-B20B-55,Spare parts
LKK2-B20B-51,Spare parts
LKK2-B20B-50,Spare parts
LKK2-B20B-43,Spare parts
LKK2-B20B-42,Spare parts
LKK2-B20B-40,Spare parts
LKK2-B20B-39,Spare parts
LKK2-B20B-38,Spare parts
LKK2-B20B-37,Spare parts
LKK2-B20B-36,Spare parts
LKK2-B20B-35,Spare parts
LKK2-B20B-31,Spare parts
LKK2-B20B-30,Spare parts
LKK2-B20B-29,Spare parts
LKK2-B20B-28,Spare parts
LKK2-B20B-27,Spare parts
LKK2-B20B-22,Spare parts
LKK2-B20B-21,Spare parts
LKK2-B20B-20,Spare parts
LKK2-B20B-18,Spare parts
LKK2-B20B-15-9-1,Spare parts
LKK2-B20B-15-7-1,Spare parts
LKK2-B20B-15-4-2,Spare parts
LKK2-B20B-15-16,Spare parts
LKK2-B20B-11,Spare parts
LKK2-B20(K)-BOWL,Spare parts
LKK2-B175W,Spare parts
LKK2-B15-RP,Spare parts
LKK2-B15-7,Spare parts
LKK2-B15-56,Spare parts
LKK2-B15-55,Spare parts
LKK2-B15-50,Spare parts
LKK2-B15-34,Spare parts
LKK2-B15-31,Spare parts
LKK2-B15-30,Spare parts
LKK2-B15-28,Spare parts
LKK2-B15-27,Spare parts
LKK2-B15-22,Spare parts
LKK2-B15-21,Spare parts
LKK2-B15-20,Spare parts
LKK2-B15-17,Spare parts
LKK2-B15-16,Spare parts
LKK2-B15-03,Spare parts
LKK2-B15(K)-94,Spare parts
LKK2-B15(K)-83,Spare parts
LKK2-B15(K)-57,Spare parts
LKK2-B15(K)-31,Spare parts
LKK2-B15(K)-30,Spare parts
LKK2-B15(K)-29,Spare parts
LKK2-B15(K)-26,Spare parts
LKK2-B15(K)-25,Spare parts
LKK2-B15(K)-24,Spare parts
LKK2-B15(K)-23,Spare parts
LKK2-B15(K)-101,Spare parts
LKK2-B10-DOUGH-ARM,Spare parts
LKK2-B10-06,Spare parts
LKK2-B10-04-00,Spare parts
LKK2-B10-02-10,Spare parts
LKK2-B10-01-28,Spare parts
LKK2-B10-01-27,Spare parts
LKK2-B10-01-26,Spare parts
LKK2-B10-01-25,Spare parts
LKK2-B10-01-24,Spare parts
LKK2-B10-01-23,Spare parts
LKK2-B10-01-19,Spare parts
LKK2-B10-01-16,Spare parts
LKK2-B10-01-09,Spare parts
LKK2-B10-01-08,Spare parts
LKK2-B10-01-06,Spare parts
LKK2-B10-01-04,Spare parts
LKK2-B10-01-03,Spare parts
LKK2-B10-01-02,Spare parts
LKK2-ALARM,Spare parts
LKK2-AIR-DUCT,Spare parts
LKK2-93-ROLLER-SUPPORT-R,Spare parts
LKK2-93-ROLLER-SUPPORT-L,Spare parts
LKK2-93-ROLLER-SUPPORT,Spare parts
LKK2-85,Spare parts
LKK2-8206,Spare parts
LKK2-75-MF,Spare parts
LKK2-63062RS,Spare parts
LKK2-6206Z,Spare parts
LKK2-6204,Spare parts
LKK2-6203-2RSH,Spare parts
LKK2-6203,Spare parts
LKK2-60X80X10,Spare parts
LKK2-608Z,Spare parts
LKK2-60203,Spare parts
LKK2-6008-2Z,Spare parts
LKK2-6005-2Z,Spare parts
LKK2-6004Z,Spare parts
LKK2-6003Z,Spare parts
LKK2-6002Z,Spare parts
LKK2-6000W,Spare parts
LKK2-60-UF,Spare parts
LKK2-56,Spare parts
LKK2-55.57021.010,Spare parts
LKK2-530-30-1,Spare parts
LKK2-5210NSK,Spare parts
LKK2-51203,Spare parts
LKK2-51104,Spare parts
LKK2-4803-00-10,Spare parts
LKK2-45,Spare parts
LKK2-44,Spare parts
LKK2-42210H,Spare parts
LKK2-400W,Spare parts
LKK2-400MF,Spare parts
LKK2-380V-1.5KW,Spare parts
LKK2-365X904-MM.,Spare parts
LKK2-35X62X12,Spare parts
LKK2-35-MF,Spare parts
LKK2-34-B,Spare parts
LKK2-34-A,Spare parts
LKK2-300MFS-220-250VAC,Spare parts
LKK2-30,Spare parts
LKK2-29,Spare parts
LKK2-28(TC42),Spare parts
LKK2-28(EPC-6T),Spare parts
LKK2-263,Spare parts
LKK2-26,Spare parts
LKK2-25A,Spare parts
LKK2-259,Spare parts
LKK2-25-40-7,Spare parts
LKK2-250,Spare parts
LKK2-248,Spare parts
LKK2-246,Spare parts
LKK2-245,Spare parts
LKK2-22,Spare parts
LKK2-20XB-32B,Spare parts
LKK2-206,Spare parts
LKK2-205,Spare parts
LKK2-204,Spare parts
LKK2-18,Spare parts
LKK2-17-(BM-63),Spare parts
LKK2-16-MF,Spare parts
LKK2-16-(BM-63),Spare parts
LKK2-15-(WF-171),Spare parts
LKK2-15-(BM-63),Spare parts
LKK2-15,Spare parts
LKK2-14-MF.,Spare parts
LKK2-1205ETN9,Spare parts
LKK2-12.5X700LA,Spare parts
LKK2-10ED-12-212223,Spare parts
LKK2-10ED-12-20,Spare parts
LKK2-10ED-12-11,Spare parts
LKK2-108,Spare parts
LKK2-1-2-PROBE,Spare parts
LKK2-014-300L,Spare parts
LKK2-012-300L,Spare parts
LKK2-011-300L-OLD,Spare parts
LKK2-011-300L-NEW,Spare parts
LKK2-010-300L,Spare parts
LKK2-009-300L,Spare parts
LKK2-009-181,Spare parts
LKK2-008-300L,Spare parts
LKK2-005-300-L,Spare parts
LKK2-003-300L,Spare parts
LKK2-002-300L,Spare parts
LKK2-001-300L,Spare parts
LKK2-00008,Spare parts
LKK2-00007,Spare parts
LKK2-00006,Spare parts
LKK2-00005,Spare parts
LKK2-00004,Spare parts
LKK2-00003,Spare parts
LKK2-00002,Spare parts
LKK2-00001,Spare parts
LIN2-VA09,Spare parts
LIN2-USB02,Spare parts
LIN2-USB01,Spare parts
LIN2-TU54,Spare parts
LIN2-TU105-500,Spare parts
LIN2-TR15,Spare parts
LIN2-TI37,Spare parts
LIN2-TI34,Spare parts
LIN2-TI15,Spare parts
LIN2-TI10,Spare parts
LIN2-TH64,Spare parts
LIN2-TH46,Spare parts
LIN2-TH35,Spare parts
LIN2-TH34,Spare parts
LIN2-TH32,Spare parts
LIN2-TH14,Spare parts
LIN2-TH136,Spare parts
LIN2-TH11,Spare parts
LIN2-TH107,Spare parts
LIN2-TH09,Spare parts
LIN2-TFS05,Spare parts
LIN2-TE45,Spare parts
LIN2-TC15,Spare parts
LIN2-TC07,Spare parts
LIN2-TC03,Spare parts
LIN2-TA23,Spare parts
LIN2-TA12,Spare parts
LIN2-SW97,Spare parts
LIN2-SW66,Spare parts
LIN2-SW64,Spare parts
LIN2-SW59,Spare parts
LIN2-SW58,Spare parts
LIN2-SW57,Spare parts
LIN2-SW53,Spare parts
LIN2-SW43,Spare parts
LIN2-SW38,Spare parts
LIN2-SW35,Spare parts
LIN2-SW34,Spare parts
LIN2-SW32,Spare parts
LIN2-SW28,Spare parts
LIN2-SW27,Spare parts
LIN2-SW25,Spare parts
LIN2-SW14,Spare parts
LIN2-SW11,Spare parts
LIN2-ST81,Spare parts
LIN2-SS05,Spare parts
LIN2-S-R0079,Spare parts
LIN2-SP38,Spare parts
LIN2-SP107,Spare parts
LIN2-SO20,Spare parts
LIN2-SO16,Spare parts
LIN2-SO1,Spare parts
LIN2-SL19,Spare parts
LIN2-SE76,Spare parts
LIN2-SE30,Spare parts
LIN2-SE26,Spare parts
LIN2-SE05,Spare parts
LIN2-S-R0181,Spare parts
LIN2-RO84,Spare parts
LIN2-RO135,Spare parts
LIN2-PR65KIT,Spare parts
LIN2-PR64KIT,Spare parts
LIN2-PR113-S,Spare parts
LIN2-PR103,Spare parts
LIN2-PL306,Spare parts
LIN2-PL202,Spare parts
LIN2-PL201,Spare parts
LIN2-OL01,Spare parts
LIN2-OCN01,Spare parts
LIN2-NUT,Spare parts
LIN2-NE43,Spare parts
LIN2-NE42,Spare parts
LIN2-NE38,Spare parts
LIN2-NE37,Spare parts
LIN2-NE26,Spare parts
LIN2-NE20,Spare parts
LIN2-NE19,Spare parts
LIN2-NE18,Spare parts
LIN2-NE14,Spare parts
LIN2-MO14,Spare parts
LIN2-MCK01,Spare parts
LIN2-MC15,Spare parts
LIN2-MC13,Spare parts
LIN2-M011,Spare parts
LIN2-LE49,Spare parts
LIN2-LE48,Spare parts
LIN2-LE14,Spare parts
LIN2-LE13,Spare parts
LIN2-LE12,Spare parts
LIN2-LA87,Spare parts
LIN2-LA211,Spare parts
LIN2-LA14,Spare parts
LIN2-LA10,Spare parts
LIN2-KS19,Spare parts
LIN2-KS11,Spare parts
LIN2-KS09,Spare parts
LIN2-KS08,Spare parts
LIN2-KN97,Spare parts
LIN2-KN95,Spare parts
LIN2-KN94,Spare parts
LIN2-KN92,Spare parts
LIN2-KN59,Spare parts
LIN2-KN54,Spare parts
LIN2-KN52,Spare parts
LIN2-KN251,Spare parts
LIN2-KN249,Spare parts
LIN2-KN248,Spare parts
LIN2-KN247,Spare parts
LIN2-KN231,Spare parts
LIN2-KN230,Spare parts
LIN2-KN188,Spare parts
LIN2-KN182,Spare parts
LIN2-KN181,Spare parts
LIN2-KN180,Spare parts
LIN2-KN178,Spare parts
LIN2-KN145,Spare parts
LIN2-KN144,Spare parts
LIN2-KN143,Spare parts
LIN2-KN139,Spare parts
LIN2-KN125,Spare parts
LIN2-KN03,Spare parts
LIN2-IM24,Spare parts
LIN2-IG38,Spare parts
LIN2-HO11,Spare parts
LIN2-HO10,Spare parts
LIN2-HI60,Spare parts
LIN2-HI58,Spare parts
LIN2-HI183,Spare parts
LIN2-HI15,Spare parts
LIN2-HI12,Spare parts
LIN2-HI103,Spare parts
LIN2-HI100,Spare parts
LIN2-HA96,Spare parts
LIN2-HA80,Spare parts
LIN2-HA121,Spare parts
LIN2-GL492,Spare parts
LIN2-FT03,Spare parts
LIN2-FI41,Spare parts
LIN2-FI34,Spare parts
LIN2-FI10,Spare parts
LIN2-FH04,Spare parts
LIN2-FG03,Spare parts
LIN2-FE37,Spare parts
LIN2-FE35,Spare parts
LIN2-FE15,Spare parts
LIN2-FE10,Spare parts
LIN2-FE01,Spare parts
LIN2-FC02,Spare parts
LIN2-FA99,Spare parts
LIN2-FA128,Spare parts
LIN2-FA12,Spare parts
LIN2-FA106,Spare parts
LIN2-FA102,Spare parts
LIN2-EN10,Spare parts
LIN2-EL75,Spare parts
LIN2-EL74,Spare parts
LIN2-EL50,Spare parts
LIN2-EL324,Spare parts
LIN2-EL264,Spare parts
LIN2-EL236,Spare parts
LIN2-EL217,Spare parts
LIN2-EL207,Spare parts
LIN2-EL198,Spare parts
LIN2-EL197,Spare parts
LIN2-EL190,Spare parts
LIN2-EL18UL,Spare parts
LIN2-EL184,Spare parts
LIN2-EL183,Spare parts
LIN2-EL18,Spare parts
LIN2-EL177,Spare parts
LIN2-EL176,Spare parts
LIN2-EL152,Spare parts
LIN2-EL151,Spare parts
LIN2-EL150,Spare parts
LIN2-EL15,Spare parts
LIN2-EL141,Spare parts
LIN2-EL136,Spare parts
LIN2-EL13,Spare parts
LIN2-EL106,Spare parts
LIN2-EL102,Spare parts
LIN2-EL101,Spare parts
LIN2-EC04,Spare parts
LIN2-EBM04,Spare parts
LIN2-EBM03,Spare parts
LIN2-EBM01,Spare parts
LIN2-DS24,Spare parts
LIN2-DO73,Spare parts
LIN2-DO142,Spare parts
LIN2-DK08,Spare parts
LIN2-CP11,Spare parts
LIN2-CO215,Spare parts
LIN2-CO112,Spare parts
LIN2-CO111,Spare parts
LIN2-CO10,Spare parts
LIN2-CIBO-TT,Spare parts
LIN2-CG121,Spare parts
LIN2-CG113,Spare parts
LIN2-CDB01,Spare parts
LIN2-CCB01,Spare parts
LIN2-CC01,Spare parts
LIN2-CA210,Spare parts
LIN2-CA209,Spare parts
LIN2-BU62,Spare parts
LIN2-BU47,Spare parts
LIN2-BU28,Spare parts
LIN2-BU23,Spare parts
LIN2-BR03,Spare parts
LIN2-BA93,Spare parts
LIN2-BA91,Spare parts
LIN2-BA77,Spare parts
LIN2-BA15,Spare parts
LIN2-BA112,Spare parts
LCF2-BO10223,Spare parts
LCF2-BO10222,Spare parts
LAS2-602000,Spare parts
LAS2-507405,Spare parts
LAS2-507404,Spare parts
LAS2-507131,Spare parts
LAS2-502004,Spare parts
LAS2-400154,Spare parts
LAS2-400124,Spare parts
LAS2-400062,Spare parts
LAS2-400029,Spare parts
LAS2-206510,Spare parts
LAS2-206224,Spare parts
LAS2-205751,Spare parts
LAS2-205310,Spare parts
LAS2-202237,Spare parts
LAS2-202233,Spare parts
LAS2-202229,Spare parts
LAS2-202174,Spare parts
LAS2-202117,Spare parts
LAS2-202116,Spare parts
LAS2-202115,Spare parts
LAS2-202114,Spare parts
LAS2-202110,Spare parts
LAS2-202102,Spare parts
LAS2-202011,Spare parts
LAS2-202001,Spare parts
LAS2-200063,Spare parts
LAS2-200056,Spare parts
LAS2-109116,Spare parts
LAS2-109106,Spare parts
LAS2-109085,Spare parts
LAS2-109079,Spare parts
LAS2-109024,Spare parts
LAS2-109015,Spare parts
LAS2-109011,Spare parts
LAS2-108602,Spare parts
LAS2-108464,Spare parts
LAS2-108460,Spare parts
LAS2-108451,Spare parts
LAS2-108450,Spare parts
LAS2-108413,Spare parts
LAS2-108409,Spare parts
LAS2-108231,Spare parts
LAS2-108230,Spare parts
LAS2-108201,Spare parts
LAS2-108192,Spare parts
LAS2-108143,Spare parts
LAS2-108108V,Spare parts
LAS2-108063,Spare parts
LAS2-108055,Spare parts
LAS2-108035,Spare parts
LAS2-106201,Spare parts
LAS2-106127,Spare parts
LAS2-106111,Spare parts
LAS2-106110,Spare parts
LAS2-106108,Spare parts
LAS2-106107,Spare parts
LAS2-106050,Spare parts
LAS2-1019,Spare parts
LAS2-0671,Spare parts
LAS2-0669,Spare parts
LAS2-0666,Spare parts
LAS2-0665,Spare parts
LAS2-0663,Spare parts
LAS2-0662,Spare parts
LAS2-0661,Spare parts
LAS2-0506,Spare parts
LAP2-BRUSH,Spare parts
LAP2-440071,Spare parts
LAP2-438105,Spare parts
LAP2-438103,Spare parts
LAP2-395218,Spare parts
LAP2-361000,Spare parts
LAP2-331120,Spare parts
LAP2-331103,Spare parts
LAC2-990888000,Spare parts
LAC2-990728000,Spare parts
LAC2-990709000,Spare parts
LAC2-985717000,Spare parts
LAC2-973700000,Spare parts
LAC2-973511000F,Spare parts
LAC2-973032010,Spare parts
LAC2-973031010,Spare parts
LAC2-973030000,Spare parts
LAC2-965216000,Spare parts
LAC2-959775000,Spare parts
LAC2-958212000,Spare parts
LAC2-952846010,Spare parts
LAC2-952723010,Spare parts
LAC2-947989010,Spare parts
LAC2-947988000,Spare parts
LAC2-947987000,Spare parts
LAC2-947758020,Spare parts
LAC2-947506000,Spare parts
LAC2-927132010,Spare parts
LAC2-925752000,Spare parts
LAC2-925751000,Spare parts
LAC2-922792000,Spare parts
LAC2-915400000,Spare parts
LAC2-915284020,Spare parts
LAC2-915283010,Spare parts
LAC2-915268014,Spare parts
LAC2-915267014,Spare parts
LAC2-915250004,Spare parts
LAC2-915122000,Spare parts
LAC2-913786010,Spare parts
LAC2-913148000,Spare parts
LAC2-911544020,Spare parts
LAC2-911544010,Spare parts
LAC2-911544000,Spare parts
LAC2-803190039,Spare parts
LAC2-803190035,Spare parts
LAC2-803190032,Spare parts
LAC2-803190024,Spare parts
LAC2-803190023,Spare parts
LAC2-803190006,Spare parts
LAC2-803190005,Spare parts
LAC2-803140050,Spare parts
LAC2-803140045,Spare parts
LAC2-803140032,Spare parts
LAC2-803140003,Spare parts
LAC2-803130057,Spare parts
LAC2-803130026,Spare parts
LAC2-803130003,Spare parts
LAC2-803130001,Spare parts
LAC2-800134918,Spare parts
LAC2-800134917,Spare parts
LAC2-800134843,Spare parts
LAC2-800021902,Spare parts
LAC2-592036018,Spare parts
LAC2-568101000,Spare parts
LAC2-544400270,Spare parts
LAC2-537047400,Spare parts
LAC2-537041700,Spare parts
LAC2-537020300,Spare parts
LAC2-535849000,Spare parts
LAC2-535514008,Spare parts
LAC2-534393300,Spare parts
LAC2-534392500,Spare parts
LAC2-533898300R,Spare parts
LAC2-533895200R,Spare parts
LAC2-532748700,Spare parts
LAC2-532746200,Spare parts
LAC2-532729700,Spare parts
LAC2-532719500,Spare parts
LAC2-532601000,Spare parts
LAC2-532392600,Spare parts
LAC2-532390600,Spare parts
LAC2-532305000,Spare parts
LAC2-532301900,Spare parts
LAC2-532123500,Spare parts
LAC2-532020208,Spare parts
LAC2-531492900,Spare parts
LAC2-531193100,Spare parts
LAC2-531190310,Spare parts
LAC2-530110100,Spare parts
LAC2-512904050,Spare parts
LAC2-503308250,Spare parts
LAC2-495764000,Spare parts
LAC2-4951132933,Spare parts
LAC2-494413580,Spare parts
LAC2-485923050F,Spare parts
LAC2-485910010,Spare parts
LAC2-485612010,Spare parts
LAC2-485612000,Spare parts
LAC2-4831134786,Spare parts
LAC2-4831134784,Spare parts
LAC2-4831134778,Spare parts
LAC2-4831134635,Spare parts
LAC2-4831133989,Spare parts
LAC2-4831133078,Spare parts
LAC2-4831132932,Spare parts
LAC2-4831119890,Spare parts
LAC2-4831119876,Spare parts
LAC2-4831119875,Spare parts
LAC2-4821134803,Spare parts
LAC2-477512030,Spare parts
LAC2-4771021994,Spare parts
LAC2-4771021902,Spare parts
LAC2-4771021830,Spare parts
LAC2-4731133593,Spare parts
LAC2-4731133577,Spare parts
LAC2-4731133568,Spare parts
LAC2-4731119891,Spare parts
LAC2-4731008848,Spare parts
LAC2-4721135031,Spare parts
LAC2-4721134960,Spare parts
LAC2-4701116692,Spare parts
LAC2-4701030708,Spare parts
LAC2-4701026621,Spare parts
LAC2-4701001652,Spare parts
LAC2-465992010,Spare parts
LAC2-465990010,Spare parts
LAC2-465875000,Spare parts
LAC2-465822008,Spare parts
LAC2-465818000,Spare parts
LAC2-465578014,Spare parts
LAC2-465564000,Spare parts
LAC2-465534000,Spare parts
LAC2-465460010,Spare parts
LAC2-465432000,Spare parts
LAC2-465427000,Spare parts
LAC2-465425000,Spare parts
LAC2-465411000,Spare parts
LAC2-465405001,Spare parts
LAC2-465403000,Spare parts
LAC2-465401000,Spare parts
LAC2-465377000,Spare parts
LAC2-465359000,Spare parts
LAC2-465285010,Spare parts
LAC2-465224020,Spare parts
LAC2-465144000,Spare parts
LAC2-465050031,Spare parts
LAC2-465044000,Spare parts
LAC2-4613134994,Spare parts
LAC2-457887070,Spare parts
LAC2-457886070,Spare parts
LAC2-457886020,Spare parts
LAC2-457369000,Spare parts
LAC2-457367000,Spare parts
LAC2-457358017,Spare parts
LAC2-457357007,Spare parts
LAC2-457355017,Spare parts
LAC2-457342000,Spare parts
LAC2-457340028,Spare parts
LAC2-4533132616,Spare parts
LAC2-4529134991,Spare parts
LAC2-4529134772,Spare parts
LAC2-4529133528,Spare parts
LAC2-4529133526,Spare parts
LAC2-4529133523,Spare parts
LAC2-4529133522,Spare parts
LAC2-4529133521,Spare parts
LAC2-4529133519,Spare parts
LAC2-4504133562,Spare parts
LAC2-438926030,Spare parts
LAC2-427868000,Spare parts
LAC2-4251133590,Spare parts
LAC2-4251133589,Spare parts
LAC2-419077000,Spare parts
LAC2-418935030,Spare parts
LAC2-418014000,Spare parts
LAC2-418012028,Spare parts
LAC2-4171133230,Spare parts
LAC2-4161134871,Spare parts
LAC2-4161133848,Spare parts
LAC2-4151135190,Spare parts
LAC2-4151134655,Spare parts
LAC2-4151133429,Spare parts
LAC2-415031000,Spare parts
LAC2-415020000,Spare parts
LAC2-4142011678,Spare parts
LAC2-4081021923,Spare parts
LAC2-4061133599,Spare parts
LAC2-4061133598,Spare parts
LAC2-4051133431,Spare parts
LAC2-4031050600,Spare parts
LAC2-402320000F,Spare parts
LAC2-402314000,Spare parts
LAC2-402223000,Spare parts
LAC2-402220000,Spare parts
LAC2-402216000,Spare parts
LAC2-402209000,Spare parts
LAC2-402199010,Spare parts
LAC2-402197000,Spare parts
LAC2-402195000,Spare parts
LAC2-401234000,Spare parts
LAC2-401216000,Spare parts
LAC2-401204000,Spare parts
LAC2-401194010,Spare parts
LAC2-401183010,Spare parts
LAC2-4004043489,Spare parts
LAC2-4004041772,Spare parts
LAC2-400335010,Spare parts
LAC2-400279000,Spare parts
LAC2-400274020,Spare parts
LAC2-400244000,Spare parts
LAC2-4001042313,Spare parts
LAC2-4001041923,Spare parts
LAC2-3991134469,Spare parts
LAC2-3951134828,Spare parts
LAC2-3831091811,Spare parts
LAC2-3781133765,Spare parts
LAC2-3711022897,Spare parts
LAC2-3445134119,Spare parts
LAC2-3402133614,Spare parts
LAC2-3342133738,Spare parts
LAC2-3341134873,Spare parts
LAC2-3301135353,Spare parts
LAC2-3301134672,Spare parts
LAC2-2811136553,Spare parts
LAC2-2771133839,Spare parts
LAC2-2445133575,Spare parts
LAC2-2441133575,Spare parts
LAC2-2441133416,Spare parts
LAC2-2341134750,Spare parts
LAC2-2251135179,Spare parts
LAC2-2251091807,Spare parts
LAC2-2221091877,Spare parts
LAC2-2211133621,Spare parts
LAC2-2211-116-078,Spare parts
LAC2-220000017,Spare parts
LAC2-1000091896,Spare parts
KIN2-SILICON,Spare parts
KAS2-13098301,Spare parts
KAS2-13091301,Spare parts
KAS2-13074301,Spare parts
JTA2-UWB-1-34,Spare parts
JTA2-SWITCH,Spare parts
JTA2-SMALL-HEXAGONAL,Spare parts
JTA2-SCREW,Spare parts
JTA2-PB-F-JZH-RQ-4,Spare parts
JTA2-OUTER-RACK,Spare parts
JTA2-NUT,Spare parts
JTA2-NOZZLE220,Spare parts
JTA2-NOZZLE130,Spare parts
JTA2-LG-20-SSG,Spare parts
JTA2-LG-20-RG,Spare parts
JTA2-LG-20-FS,Spare parts
JTA2-LG-20-FM,Spare parts
JTA2-KNOB-BASE-17,Spare parts
JTA2-BS-S36,Spare parts
JTA2-BEARING-BUSH,Spare parts
JTA2-315020004,Spare parts
JTA2-314490014,Spare parts
JTA2-314480006,Spare parts
JTA2-314270002,Spare parts
JTA2-30403125,Spare parts
JTA2-30314540017,Spare parts
JTA2-303121585,Spare parts
JTA2-302070235,Spare parts
JTA2-302070234,Spare parts
JTA2-302070091,Spare parts
JTA2-302070090,Spare parts
JTA2-302070078,Spare parts
JTA2-302070077,Spare parts
JTA2-302070075,Spare parts
JTA2-302070057,Spare parts
JTA2-302070056,Spare parts
JTA2-302070039,Spare parts
JTA2-302070031+302040079,Spare parts
JTA2-302070007,Spare parts
JTA2-302070003,Spare parts
JTA2-302060648,Spare parts
JTA2-302060079,Spare parts
JTA2-302060054,Spare parts
JTA2-302060053,Spare parts
JTA2-302060051,Spare parts
JTA2-302050078,Spare parts
JTA2-302050051,Spare parts
JTA2-302050045,Spare parts
JTA2-302050021,Spare parts
JTA2-302040266,Spare parts
JTA2-302040265,Spare parts
JTA2-302040263,Spare parts
JTA2-302030051,Spare parts
JTA2-302030045,Spare parts
JTA2-302030042,Spare parts
JTA2-302030014,Spare parts
JTA2-302020360,Spare parts
JTA2-302020318,Spare parts
JTA2-302020289,Spare parts
JTA2-302020277,Spare parts
JTA2-302020266,Spare parts
JTA2-302020217,Spare parts
JTA2-302020178,Spare parts
JTA2-302020169,Spare parts
JTA2-302020093-8,Spare parts
JTA2-302020093-16,Spare parts
JTA2-302020084,Spare parts
JTA2-302020078-16,Spare parts
JTA2-302020077,Spare parts
JTA2-302020055-8,Spare parts
JTA2-302020036,Spare parts
JTA2-302020016,Spare parts
JTA2-302020010,Spare parts
JTA2-302020008,Spare parts
JTA2-302010344,Spare parts
JTA2-302010155,Spare parts
JTA2-301150152,Spare parts
JTA2-301150057,Spare parts
JTA2-301130156,Spare parts
JTA2-301130130,Spare parts
JTA2-301130128,Spare parts
JTA2-301130110,Spare parts
JTA2-301130056,Spare parts
JTA2-301130055,Spare parts
JTA2-301130052,Spare parts
JTA2-301130049,Spare parts
JTA2-301130048,Spare parts
JTA2-301130047,Spare parts
JTA2-301130041,Spare parts
JTA2-301130036,Spare parts
JTA2-301130026,Spare parts
JTA2-301130023,Spare parts
JTA2-301130021,Spare parts
JTA2-301130013,Spare parts
JTA2-301130011,Spare parts
JTA2-301130010,Spare parts
JTA2-301130005,Spare parts
JTA2-301130004,Spare parts
JTA2-301120029+301110492,Spare parts
JTA2-301120015,Spare parts
JTA2-301120011,Spare parts
JTA2-301120004-NEW,Spare parts
JTA2-301110514+301150066,Spare parts
JTA2-301110514,Spare parts
JTA2-301110503,Spare parts
JTA2-301110492,Spare parts
JTA2-301110439,Spare parts
JTA2-301110389,Spare parts
JTA2-301110186,Spare parts
JTA2-301110184+301110389,Spare parts
JTA2-301110184,Spare parts
JTA2-301110145,Spare parts
JTA2-301110071+301110388,Spare parts
JTA2-301110071,Spare parts
JTA2-301110061+301110417,Spare parts
JTA2-301110061+301110389,Spare parts
JTA2-301110059,Spare parts
JTA2-301110050,Spare parts
JTA2-301110041,Spare parts
JTA2-301110037,Spare parts
JTA2-301110034,Spare parts
JTA2-301110033,Spare parts
JTA2-301110028+301150066,Spare parts
JTA2-301110028,Spare parts
JTA2-301110027,Spare parts
JTA2-301110024,Spare parts
JTA2-301110019,Spare parts
JTA2-301110015,Spare parts
JTA2-301110010,Spare parts
JTA2-301110008,Spare parts
JTA2-301110004,Spare parts
JTA2-301100176,Spare parts
JTA2-301100174,Spare parts
JTA2-301100165,Spare parts
JTA2-301100106,Spare parts
JTA2-301100104,Spare parts
JTA2-301100053,Spare parts
JTA2-301100022,Spare parts
JTA2-301100015,Spare parts
JTA2-301090120,Spare parts
JTA2-301090115,Spare parts
JTA2-301090086,Spare parts
JTA2-301090065,Spare parts
JTA2-301090061,Spare parts
JTA2-301090039,Spare parts
JTA2-301090017,Spare parts
JTA2-301090016,Spare parts
JTA2-301080150,Spare parts
JTA2-301080108,Spare parts
JTA2-301080088,Spare parts
JTA2-301080081,Spare parts
JTA2-301080043,Spare parts
JTA2-301080040,Spare parts
JTA2-301080034,Spare parts
JTA2-301080015,Spare parts
JTA2-301080012,Spare parts
JTA2-301080009,Spare parts
JTA2-301080008,Spare parts
JTA2-301080004,Spare parts
JTA2-301070190,Spare parts
JTA2-301070180,Spare parts
JTA2-301070178,Spare parts
JTA2-301070087,Spare parts
JTA2-20134008008,Spare parts
JTA2-20133010004,Spare parts
JTA2-20133009011,Spare parts
JTA2-20118003011,Spare parts
JTA2-20117032016,Spare parts
JTA2-20117031013,Spare parts
JTA2-20117018012,Spare parts
JTA2-20114003006,Spare parts
JTA2-20110005201,Spare parts
JTA2-20110003805,Spare parts
JTA2-20110003102,Spare parts
JTA2-20110002012,Spare parts
JTA2-20109047003,Spare parts
JTA2-20109047002,Spare parts
JTA2-20109047001,Spare parts
JTA2-20109036001,Spare parts
JTA2-20102029001,Spare parts
JIN2-SCC,Spare parts
JIN2-S-S-CR,Spare parts
JIN2-S-S-CL,Spare parts
JIN2-HANDLE,Spare parts
JIN2-GLASS-DOOR,Spare parts
JIN2-DOOR-GASKET,Spare parts
JIN2-COVER-LEFT,Spare parts
JIN2-30X77,Spare parts
JET2-S8089,Spare parts
JET2-S6677,Spare parts
JET2-S6676,Spare parts
JET2-S6670,Spare parts
JET2-S6600,Spare parts
JET2-S6562,Spare parts
JET2-S4381,Spare parts
JET2-S4206,Spare parts
JET2-A7296,Spare parts
JET2-A7292,Spare parts
JET2-A3058,Spare parts
JET2-A2475,Spare parts
INB2-SPRING,Spare parts
INB2-ON-OFF-SWITCH,Spare parts
INB2-LIGHT,Spare parts
INB2-BLADE,Spare parts
INB2-9,Spare parts
INB2-65,Spare parts
INB2-55,Spare parts
INB2-50,Spare parts
INB2-43,Spare parts
INB2-42,Spare parts
INB2-14(BT202),Spare parts
INB2-110,Spare parts
INB2-10,Spare parts
IMC2-S79-049,Spare parts
IMC2-S79-048,Spare parts
IMC2-S79-043,Spare parts
IMC2-S79-041,Spare parts
IMC2-S79-040,Spare parts
IMC2-S79-039,Spare parts
IMC2-L54-004-Z,Spare parts
IMC2-J06-046,Spare parts
IMC2-J03-165,Spare parts
IMC2-G45-140,Spare parts
IMC2-G45-139,Spare parts
IMC2-G45-121,Spare parts
IMC2-E30-020,Spare parts
IMC2-D26-007,Spare parts
IMC2-C23-004-M1-Z,Spare parts
IMC2-C15-013-M1,Spare parts
IMC2-A75-031,Spare parts
IMC2-A21-052,Spare parts
IMC2-A11-098,Spare parts
IMC2-A02-060,Spare parts
IMC2-A02-052,Spare parts
IMC2-75-001,Spare parts
HOU2-50001135,Spare parts
HOU2-39000021,Spare parts
HOU2-36020038,Spare parts
HOU2-36000109,Spare parts
HOU2-33950,Spare parts
HOU2-32720009,Spare parts
HOU2-32720004,Spare parts
HOU2-32710038,Spare parts
HOU2-32710034,Spare parts
HOU2-32710023,Spare parts
HOU2-32700233,Spare parts
HOU2-32700130,Spare parts
HOU2-32700129,Spare parts
HOU2-32700126,Spare parts
HOU2-32700125,Spare parts
HOU2-32700090,Spare parts
HOU2-32700087,Spare parts
HOU2-32700086,Spare parts
HOU2-32700060,Spare parts
HOU2-32700059,Spare parts
HOU2-32700055,Spare parts
HOU2-32700045,Spare parts
HOU2-32300012,Spare parts
HOU2-32300011,Spare parts
HOU2-32020003,Spare parts
HOU2-32000001,Spare parts
HOU2-31906,Spare parts
HOU2-30920103,Spare parts
HOU2-30920090,Spare parts
HOU2-30920068,Spare parts
HOU2-30920049,Spare parts
HOU2-30920035,Spare parts
HOU2-30920002,Spare parts
HOU2-30900235,Spare parts
HOU2-30900089,Spare parts
HOU2-30900069,Spare parts
HOU2-30900059,Spare parts
HOU2-30900054,Spare parts
HOU2-30900014,Spare parts
HOU2-30900006,Spare parts
HOU2-30900002,Spare parts
HOU2-30820013,Spare parts
HOU2-30800210,Spare parts
HOU2-30800164,Spare parts
HOU2-30800085,Spare parts
HOU2-30800064,Spare parts
HOU2-30800063,Spare parts
HOU2-30800057,Spare parts
HOU2-30800054,Spare parts
HOU2-30800053,Spare parts
HOU2-30800047,Spare parts
HOU2-30800045,Spare parts
HOU2-30800037,Spare parts
HOU2-30800033,Spare parts
HOU2-30800016,Spare parts
HOU2-30720661,Spare parts
HOU2-30700073,Spare parts
HOU2-30700040,Spare parts
HOU2-30700020,Spare parts
HOU2-30700018,Spare parts
HOU2-30620027,Spare parts
HOU2-30520452,Spare parts
HOU2-30520319,Spare parts
HOU2-30520307,Spare parts
HOU2-30520259,Spare parts
HOU2-30520210,Spare parts
HOU2-30520194,Spare parts
HOU2-30520192,Spare parts
HOU2-30520181,Spare parts
HOU2-30520180,Spare parts
HOU2-30520034,Spare parts
HOU2-30520025,Spare parts
HOU2-30520000,Spare parts
HOU2-30421090,Spare parts
HOU2-30421088,Spare parts
HOU2-30421087,Spare parts
HOU2-30420697,Spare parts
HOU2-30420244,Spare parts
HOU2-30420013,Spare parts
HOU2-30420010,Spare parts
HOU2-30420008,Spare parts
HOU2-30420007,Spare parts
HOU2-30420004,Spare parts
HOU2-30420002,Spare parts
HOU2-30420001,Spare parts
HOU2-30410050,Spare parts
HOU2-30410049,Spare parts
HOU2-30400382,Spare parts
HOU2-30400335,Spare parts
HOU2-30400180,Spare parts
HOU2-30400179,Spare parts
HOU2-30400112,Spare parts
HOU2-30400094,Spare parts
HOU2-30400088,Spare parts
HOU2-30400062,Spare parts
HOU2-30400049,Spare parts
HOU2-30400032,Spare parts
HOU2-30400031,Spare parts
HOU2-30400030,Spare parts
HOU2-30400027,Spare parts
HOU2-30400005,Spare parts
HOU2-30320223,Spare parts
HOU2-30320110,Spare parts
HOU2-30300363,Spare parts
HOU2-30300183,Spare parts
HOU2-30300182,Spare parts
HOU2-30300134,Spare parts
HOU2-30120176,Spare parts
HOU2-30100147,Spare parts
HOU2-30100111,Spare parts
HOU2-20920018,Spare parts
HOU2-20920003,Spare parts
HOU2-20900030,Spare parts
HOU2-20900026,Spare parts
HOU2-20900017,Spare parts
HOU2-20900016,Spare parts
HOU2-20900004,Spare parts
HOU2-20900002,Spare parts
HOU2-20820039,Spare parts
HOU2-20820013,Spare parts
HOU2-20800211,Spare parts
HOU2-20800181,Spare parts
HOU2-20800174,Spare parts
HOU2-20800173,Spare parts
HOU2-20800166,Spare parts
HOU2-20800084,Spare parts
HOU2-20800023,Spare parts
HOU2-20800022,Spare parts
HOU2-20700062,Spare parts
HOU2-20700059,Spare parts
HOU2-20700028,Spare parts
HOU2-20700012,Spare parts
HOU2-20600007,Spare parts
HOU2-20520270,Spare parts
HOU2-20500193,Spare parts
HOU2-20410003,Spare parts
HOU2-20400238,Spare parts
HOU2-20400060,Spare parts
HOU2-20400058,Spare parts
HOU2-20400053,Spare parts
HOU2-20400052,Spare parts
HOU2-20400051,Spare parts
HOU2-20300241,Spare parts
HOU2-20120203,Spare parts
HOU2-20120131,Spare parts
HOU2-20110054,Spare parts
HOU2-20100070,Spare parts
HOU2-20100004,Spare parts
HOU2-069029,Spare parts
HOU2-067874,Spare parts
HOU2-066020,Spare parts
HOU2-065016,Spare parts
HOU2-064875,Spare parts
HOU2-063624,Spare parts
HOU2-063603,Spare parts
HOU2-061265,Spare parts
HOU2-061248,Spare parts
HOU2-061246,Spare parts
HOU2-060306,Spare parts
HOU2-060305,Spare parts
HOU2-060243,Spare parts
HOU2-060242,Spare parts
HOU2-060240,Spare parts
HOU2-060220,Spare parts
HOU2-060210,Spare parts
HOU2-059959,Spare parts
HOU2-059301,Spare parts
HOU2-059216,Spare parts
HOU2-059176,Spare parts
HOU2-059145,Spare parts
HOU2-059143,Spare parts
HOU2-059142,Spare parts
HOU2-058229,Spare parts
HOU2-058199,Spare parts
HOU2-058031,Spare parts
HOU2-057600,Spare parts
HOU2-057501,Spare parts
HOU2-057500,Spare parts
HOU2-057140,Spare parts
HOU2-056600,Spare parts
HOU2-056500,Spare parts
HOU2-055920,Spare parts
HOU2-055618,Spare parts
HOU2-041063,Spare parts
HOU2-041021,Spare parts
HOU2-038225,Spare parts
HOU2-038131,Spare parts
HOU2-034708,Spare parts
HOU2-034682,Spare parts
HOU2-033950,Spare parts
HOU2-032480,Spare parts
HOU2-031867,Spare parts
HOU2-031854,Spare parts
HOU2-016048,Spare parts
HOU2-015298,Spare parts
HOU2-014667,Spare parts
HOU2-014070,Spare parts
HOU2-011195,Spare parts
HOS2-B4,Spare parts
HOS2-B3,Spare parts
HOS2-A9,Spare parts
HOS2-A7,Spare parts
HOS2-A6+A22,Spare parts
HOS2-A5,Spare parts
HOS2-A4,Spare parts
HOS2-A34,Spare parts
HOS2-A3,Spare parts
HOS2-A29,Spare parts
HOS2-A25,Spare parts
HOS2-A23,Spare parts
HOS2-A21,Spare parts
HOS2-A18,Spare parts
HOS2-A17,Spare parts
HOS2-A16,Spare parts
HOS2-A15,Spare parts
HOS2-A14,Spare parts
HOS2-A13,Spare parts
HOS2-A12,Spare parts
HOS2-A11,Spare parts
HOS2-A10,Spare parts
HOB2-BEATER,Spare parts
HOB2-A-200-T,Spare parts
HOB2-897540-2,Spare parts
HOB2-874834,Spare parts
HOB2-874792,Spare parts
HOB2-874790,Spare parts
HOB2-874781,Spare parts
HOB2-477016-126,Spare parts
HOB2-31600200105,Spare parts
HOB2-01-539157-001,Spare parts
HOB2-01-515258-1,Spare parts
HOB2-01-297813-005,Spare parts
HOB2-01-240372-001,Spare parts
HOB2-00-897545-001,Spare parts
HOB2-00-775854-001,Spare parts
HOB2-00-775612-001,Spare parts
HOB2-00-276903-056,Spare parts
HIC2-569,Spare parts
HIC2-567,Spare parts
HIC2-542,Spare parts
HIC2-523,Spare parts
HIC2-509,Spare parts
HAT2-X070351600,Spare parts
HAT2-X0703469,Spare parts
HAT2-X053012500,Spare parts
HAT2-X053009400,Spare parts
HAT2-X050905600,Spare parts
HAT2-X0509052,Spare parts
HAT2-X0503041,Spare parts
GOL2-74087,Spare parts
GOL2-49368,Spare parts
GOL2-47676,Spare parts
GOL2-47110,Spare parts
GOL2-47107,Spare parts
GOL2-47106,Spare parts
GOL2-47059,Spare parts
GOL2-41466,Spare parts
GOL2-41032,Spare parts
GOL2-38227,Spare parts
GOL2-38093,Spare parts
GMI2-512403,Spare parts
GMI2-512194,Spare parts
GMI2-512184,Spare parts
GMI2-512155,Spare parts
GMI2-512139,Spare parts
GMI2-512095,Spare parts
GMI2-512079,Spare parts
GMI2-512015,Spare parts
GMI2-511417,Spare parts
GMI2-12400,Spare parts
GMI2-12063,Spare parts
GMI2-120600,Spare parts
GMI2-12046,Spare parts
GMI2-11120,Spare parts
GMI2-11109,Spare parts
GLO2-X80J19-1,Spare parts
GLO2-X80F10,Spare parts
GLO2-X80B51,Spare parts
GLO2-X60154-2,Spare parts
GLO2-X60130,Spare parts
GLO2-X60125,Spare parts
GLO2-X60114-117,Spare parts
GLO2-X600S2,Spare parts
GLO2-X600S1,Spare parts
GLO2-X60080,Spare parts
GLO2-X60070-2,Spare parts
GLO2-X60068-6,Spare parts
GLO2-X60027,Spare parts
GLO2-X60025,Spare parts
GLO2-X60024,Spare parts
GLO2-X60021,Spare parts
GLO2-X40162-163,Spare parts
GLO2-X40154-2,Spare parts
GLO2-X40154-1ABB,Spare parts
GLO2-X40125,Spare parts
GLO2-X40114-117,Spare parts
GLO2-X40096,Spare parts
GLO2-X40080,Spare parts
GLO2-X40072-2,Spare parts
GLO2-X40068-6,Spare parts
GLO2-X40064,Spare parts
GLO2-X40061,Spare parts
GLO2-X40057-60,Spare parts
GLO2-X40047,Spare parts
GLO2-X40027,Spare parts
GLO2-X40021,Spare parts
GLO2-X40014,Spare parts
GLO2-X40004-DG,Spare parts
GLO2-X30504,Spare parts
GLO2-X30158,Spare parts
GLO2-X30154ABB,Spare parts
GLO2-X30099,Spare parts
GLO2-X30073,Spare parts
GLO2-X30070-1A,Spare parts
GLO2-X30070-1,Spare parts
GLO2-X30059-1,Spare parts
GLO2-X30057-1,Spare parts
GLO2-X30053-1,Spare parts
GLO2-X30051,Spare parts
GLO2-X30045,Spare parts
GLO2-X30043,Spare parts
GLO2-X30033-2,Spare parts
GLO2-X30033,Spare parts
GLO2-X30011PABB,Spare parts
GLO2-X10134B,Spare parts
GLO2-X10134,Spare parts
GLO2-X10057,Spare parts
GLO2-X10051,Spare parts
GLO2-X10012,Spare parts
GLO2-X10005,Spare parts
GLO2-X02677,Spare parts
GLO2-X02673,Spare parts
GLO2-X02635,Spare parts
GLO2-X02628,Spare parts
GLO2-X02073,Spare parts
GLO2-X02014,Spare parts
GLO2-X01086,Spare parts
GLO2-X00734,Spare parts
GLO2-X00570,Spare parts
GLO2-X00569,Spare parts
GLO2-X00568,Spare parts
GLO2-X00567,Spare parts
GLO2-MB80-2,Spare parts
GLO2-L501-1-093010-024,Spare parts
GLO2-L201-400-415-24,Spare parts
GLO2-L201-220-380-24,Spare parts
GLO2-EB-GD-SP60-NK01-T,Spare parts
GLO2-A502-6006ZZ,Spare parts
GLO2-A502-6006LLU,Spare parts
FUJ2-XN010,Spare parts
FUJ2-HANDLE-SWITCH,Spare parts
FUJ2-B4,Spare parts
FUJ2-B3,Spare parts
FUJ2-B2,Spare parts
FUJ2-A5,Spare parts
FUJ2-A4,Spare parts
FUJ2-A3,Spare parts
FUJ2-A2,Spare parts
FUJ2-A1,Spare parts
FRN2-146518,Spare parts
FRN2-143860,Spare parts
FRN2-141206,Spare parts
FRN2-140397,Spare parts
FRE2-PUMP-MOTOR,Spare parts
FRA2-600216,Spare parts
FRA2-496429,Spare parts
FRA2-494018,Spare parts
FRA2-400770,Spare parts
FRA2-400769,Spare parts
FRA2-400713,Spare parts
FRA2-400698,Spare parts
FRA2-400697,Spare parts
FRA2-400640,Spare parts
FRA2-400627,Spare parts
FRA2-400625,Spare parts
FRA2-400547,Spare parts
FRA2-400545,Spare parts
FRA2-400534,Spare parts
FRA2-400375,Spare parts
FRA2-400372,Spare parts
FRA2-400364,Spare parts
FRA2-400362,Spare parts
FRA2-400361,Spare parts
FRA2-400360,Spare parts
FRA2-400354,Spare parts
FRA2-400189,Spare parts
FRA2-300927,Spare parts
FRA2-300915,Spare parts
FRA2-300914,Spare parts
FRA2-300750,Spare parts
FRA2-300749,Spare parts
FRA2-300748,Spare parts
FRA2-299404,Spare parts
FRA2-299403,Spare parts
FRA2-297638,Spare parts
FRA2-297263,Spare parts
FRA2-297250,Spare parts
FRA2-296145,Spare parts
FRA2-295101,Spare parts
FRA2-295096,Spare parts
FRA2-295091,Spare parts
FRA2-295082,Spare parts
FRA2-295081,Spare parts
FRA2-293600,Spare parts
FRA2-279800,Spare parts
FRA2-278505,Spare parts
FRA2-278457,Spare parts
FRA2-278171,Spare parts
FRA2-278170,Spare parts
FRA2-21550015,Spare parts
FRA2-177837,Spare parts
FRA2-177803,Spare parts
FRA2-177240,Spare parts
FRA2-177222,Spare parts
FRA2-177183,Spare parts
FRA2-177145,Spare parts
FRA2-177127,Spare parts
FRA2-177182,Spare parts
FRA2-177116,Spare parts
FRA2-177115,Spare parts
FRA2-177186,Spare parts
FRA2-177113,Spare parts
FRA2-177112,Spare parts
FRA2-177064,Spare parts
FRA2-177061,Spare parts
FRA2-177057,Spare parts
FRA2-177019,Spare parts
FRA2-177012,Spare parts
FRA2-101286,Spare parts
FRA2-101074,Spare parts
FRA2-101010,Spare parts
FRA2-100947,Spare parts
FRA2-100672,Spare parts
FRA2-09580111,Spare parts
FRA2-09562017,Spare parts
FIR2-40700600,Spare parts
FAM2-F0143,Spare parts
FAM2-F0139,Spare parts
FAM2-F0136,Spare parts
FAM2-F0133,Spare parts
FAM2-F0131-45,Spare parts
FAM2-F0118,Spare parts
FAM2-F0048,Spare parts
FAM2-F0046,Spare parts
FAM2-F0045,Spare parts
FAM2-F0044,Spare parts
FAM2-F0043,Spare parts
FAM2-F0042,Spare parts
FAM2-F0039,Spare parts
FAM2-F0030,Spare parts
FAG2-Z952201,Spare parts
FAG2-Z853004,Spare parts
FAG2-Z853003,Spare parts
FAG2-Z853001,Spare parts
FAG2-Z740905,Spare parts
FAG2-Z740903,Spare parts
FAG2-Z740902,Spare parts
FAG2-Z740901,Spare parts
FAG2-Z740703,Spare parts
FAG2-Z740702,Spare parts
FAG2-Z740701,Spare parts
FAG2-Z728306,Spare parts
FAG2-Z718405,Spare parts
FAG2-Z713002,Spare parts
FAG2-Z710906,Spare parts
FAG2-Z710905,Spare parts
FAG2-Z710904,Spare parts
FAG2-Z710903,Spare parts
FAG2-Z710902,Spare parts
FAG2-Z710901,Spare parts
FAG2-Z710714,Spare parts
FAG2-Z710713,Spare parts
FAG2-Z710712,Spare parts
FAG2-Z710711,Spare parts
FAG2-Z710708,Spare parts
FAG2-Z710706,Spare parts
FAG2-Z710704,Spare parts
FAG2-Z710701,Spare parts
FAG2-Z710529,Spare parts
FAG2-Z710528,Spare parts
FAG2-Z700603,Spare parts
FAG2-Z683085,Spare parts
FAG2-Z683081,Spare parts
FAG2-Z683071,Spare parts
FAG2-Z683069,Spare parts
FAG2-Z683064,Spare parts
FAG2-Z683062,Spare parts
FAG2-Z683027,Spare parts
FAG2-Z680746,Spare parts
FAG2-Z680745,Spare parts
FAG2-Z680742,Spare parts
FAG2-Z680741,Spare parts
FAG2-Z680738,Spare parts
FAG2-Z653615,Spare parts
FAG2-Z653610,Spare parts
FAG2-Z651932,Spare parts
FAG2-Z651931,Spare parts
FAG2-Z651123,Spare parts
FAG2-Z650716,Spare parts
FAG2-Z650711,Spare parts
FAG2-Z650704,Spare parts
FAG2-Z607022,Spare parts
FAG2-Z603052,Spare parts
FAG2-Z603051,Spare parts
FAG2-Z603016,Spare parts
FAG2-Z603005,Spare parts
FAG2-Z602906,Spare parts
FAG2-Z600704,Spare parts
FAG2-Z241701,Spare parts
FAG2-Z213014,Spare parts
FAG2-Z213007,Spare parts
FAG2-Z211903,Spare parts
FAG2-Z203601,Spare parts
FAG2-Z203050,Spare parts
FAG2-Z203033,Spare parts
FAG2-Z203030,Spare parts
FAG2-Z203014,Spare parts
FAG2-Z203009,Spare parts
FAG2-Z203008,Spare parts
FAG2-Z203005,Spare parts
FAG2-Z203004,Spare parts
FAG2-Z201906,Spare parts
FAG2-Z201905,Spare parts
FAG2-Z201903,Spare parts
FAG2-Z201902,Spare parts
FAG2-Z201901,Spare parts
FAG2-Z200910,Spare parts
FAG2-Z200705,Spare parts
FAG2-Z200704,Spare parts
FAG2-Z200507,Spare parts
FAG2-Z200506,Spare parts
FAG2-Z103066,Spare parts
FAG2-X960501,Spare parts
FAG2-X763021,Spare parts
FAG2-X708102,Spare parts
FAG2-X562130,Spare parts
FAG2-X386501,Spare parts
FAG2-X383020,Spare parts
FAG2-X383005,Spare parts
FAG2-X376502,Spare parts
FAG2-X373005,Spare parts
FAG2-X366502,Spare parts
FAG2-X363005,Spare parts
FAG2-X356502,Spare parts
FAG2-X353005,Spare parts
FAG2-X343015,Spare parts
FAG2-X343002,Spare parts
FAG2-X343001,Spare parts
FAG2-X326501,Spare parts
FAG2-X323009,Spare parts
FAG2-X323008000,Spare parts
FAG2-X316503,Spare parts
FAG2-X315006,Spare parts
FAG2-X313003,Spare parts
FAG2-X313002,Spare parts
FAG2-X313001,Spare parts
FAG2-X312400,Spare parts
FAG2-X163010,Spare parts
FAG2-X163008,Spare parts
FAG2-X163007,Spare parts
FAG2-X163000,Spare parts
FAG2-X156117,Spare parts
FAG2-X153000,Spare parts
FAG2-X152111,Spare parts
FAG2-X152110,Spare parts
FAG2-X143000,Spare parts
FAG2-X129200,Spare parts
FAG2-X123002,Spare parts
FAG2-X123001,Spare parts
FAG2-X036107,Spare parts
FAG2-X033201,Spare parts
FAG2-X033020,Spare parts
FAG2-X033008,Spare parts
FAG2-X033001,Spare parts
FAG2-X033000,Spare parts
FAG2-X012130,Spare parts
FAG2-X012126,Spare parts
FAG2-X012122,Spare parts
FAG2-X012119,Spare parts
FAG2-X012117,Spare parts
FAG2-X012116,Spare parts
FAG2-X012114,Spare parts
FAG2-X012113,Spare parts
FAG2-X012101,Spare parts
FAG2-U742130,Spare parts
FAG2-U580521,Spare parts
FAG2-U565403,Spare parts
FAG2-U562130,Spare parts
FAG2-U445732,Spare parts
FAG2-U445731,Spare parts
FAG2-U442134,Spare parts
FAG2-U333003-A,Spare parts
FAG2-U329201,Spare parts
FAG2-U329200,Spare parts
FAG2-U325707,Spare parts
FAG2-U324304,Spare parts
FAG2-U323030,Spare parts
FAG2-U323007,Spare parts
FAG2-U322120,Spare parts
FAG2-U322118,Spare parts
FAG2-U322113,Spare parts
FAG2-U322110,Spare parts
FAG2-U322101,Spare parts
FAG2-U322102,Spare parts
FAG2-U264399,Spare parts
FAG2-U264398,Spare parts
FAG2-U264315,Spare parts
FAG2-U262110,Spare parts
FAG2-U262107,Spare parts
FAG2-U262103,Spare parts
FAG2-U260504,Spare parts
FAG2-U260503,Spare parts
FAG2-U222100,Spare parts
FAG2-U192101,Spare parts
FAG2-U183046,Spare parts
FAG2-U134324000,Spare parts
FAG2-U134323,Spare parts
FAG2-U134317,Spare parts
FAG2-U134316,Spare parts
FAG2-U122407,Spare parts
FAG2-U022108,Spare parts
FAG2-U010512,Spare parts
FAG2-U010511,Spare parts
FAG2-U010510,Spare parts
FAG2-U010504,Spare parts
FAG2-T133037000,Spare parts
FAG2-T133036000,Spare parts
FAG2-T110506,Spare parts
FAG2-T032101,Spare parts
FAG2-S312102,Spare parts
FAG2-S116127,Spare parts
FAG2-S116122,Spare parts
FAG2-S113034,Spare parts
FAG2-S112111,Spare parts
FAG2-R795700,Spare parts
FAG2-R743091,Spare parts
FAG2-R735700,Spare parts
FAG2-R725064,Spare parts
FAG2-R725019,Spare parts
FAG2-R725012,Spare parts
FAG2-R723032,Spare parts
FAG2-R723004,Spare parts
FAG2-R723003,Spare parts
FAG2-R723000,Spare parts
FAG2-R703003,Spare parts
FAG2-R693011,Spare parts
FAG2-R693007,Spare parts
FAG2-R693004,Spare parts
FAG2-R683000,Spare parts
FAG2-R680508,Spare parts
FAG2-R680500,Spare parts
FAG2-R675017,Spare parts
FAG2-R673059,Spare parts
FAG2-R672651,Spare parts
FAG2-R672638,Spare parts
FAG2-R672626,Spare parts
FAG2-R672625,Spare parts
FAG2-R670525,Spare parts
FAG2-R670500,Spare parts
FAG2-R665067,Spare parts
FAG2-R665042,Spare parts
FAG2-R665036,Spare parts
FAG2-R665031,Spare parts
FAG2-R665020,Spare parts
FAG2-R665003,Spare parts
FAG2-R663092,Spare parts
FAG2-R663091,Spare parts
FAG2-R663090,Spare parts
FAG2-R663063,Spare parts
FAG2-R663062,Spare parts
FAG2-R663058,Spare parts
FAG2-R663043,Spare parts
FAG2-R663032,Spare parts
FAG2-R663031,Spare parts
FAG2-R663030,Spare parts
FAG2-R663016,Spare parts
FAG2-R663013,Spare parts
FAG2-R663012,Spare parts
FAG2-R662810,Spare parts
FAG2-R662809,Spare parts
FAG2-R662662,Spare parts
FAG2-R662629,Spare parts
FAG2-R662627,Spare parts
FAG2-R662623,Spare parts
FAG2-R660549,Spare parts
FAG2-R660532,Spare parts
FAG2-R660520,Spare parts
FAG2-R660504,Spare parts
FAG2-R660503,Spare parts
FAG2-R642101,Spare parts
FAG2-R642100,Spare parts
FAG2-R613030,Spare parts
FAG2-R612705,Spare parts
FAG2-R612103,Spare parts
FAG2-R503005,Spare parts
FAG2-R350515,Spare parts
FAG2-R345020,Spare parts
FAG2-R343125,Spare parts
FAG2-R343123,Spare parts
FAG2-R343100,Spare parts
FAG2-R343072,Spare parts
FAG2-R343043,Spare parts
FAG2-R343018,Spare parts
FAG2-R293000,Spare parts
FAG2-R275027,Spare parts
FAG2-R260544,Spare parts
FAG2-R260543,Spare parts
FAG2-R253044,Spare parts
FAG2-R253042,Spare parts
FAG2-R253030,Spare parts
FAG2-R243016,Spare parts
FAG2-R243010,Spare parts
FAG2-R202104,Spare parts
FAG2-R143000,Spare parts
FAG2-R073008,Spare parts
FAG2-R073007,Spare parts
FAG2-R025031,Spare parts
FAG2-R020502,Spare parts
FAG2-R015030,Spare parts
FAG2-R013030,Spare parts
FAG2-R010534,Spare parts
FAG2-R010533,Spare parts
FAG2-Q352001,Spare parts
FAG2-Q307059,Spare parts
FAG2-Q307058,Spare parts
FAG2-Q307057,Spare parts
FAG2-Q307051,Spare parts
FAG2-Q307050,Spare parts
FAG2-Q307047,Spare parts
FAG2-Q307036,Spare parts
FAG2-Q307035,Spare parts
FAG2-Q307020,Spare parts
FAG2-Q306046,Spare parts
FAG2-Q271033,Spare parts
FAG2-Q242010,Spare parts
FAG2-Q221342,Spare parts
FAG2-Q152024,Spare parts
FAG2-Q152016,Spare parts
FAG2-Q152004,Spare parts
FAG2-Q082005,Spare parts
FAG2-Q062040,Spare parts
FAG2-Q042032,Spare parts
FAG2-Q041431,Spare parts
FAG2-Q032011,Spare parts
FAG2-P253038,Spare parts
FAG2-P184011,Spare parts
FAG2-N503017,Spare parts
FAG2-LV321300,Spare parts
FAG2-9616402+9616401,Spare parts
FAG2-961402,Spare parts
FAG2-9612200,Spare parts
FAG2-9473200000,Spare parts
FAG2-9325900,Spare parts
FAG2-3676900,Spare parts
FAG2-2151116411,Spare parts
FAG2-0631000,Spare parts
EUR2-RV003647,Spare parts
EUR2-RV003223,Spare parts
EUR2-RR003635,Spare parts
EUR2-RQ00A064,Spare parts
EUR2-RI00A115,Spare parts
EUR2-RI003551,Spare parts
EUR2-RH003800,Spare parts
EUR2-RH003618,Spare parts
EUR2-RH001080,Spare parts
EUR2-RH000828,Spare parts
EUR2-RH000675,Spare parts
EUR2-RG000640,Spare parts
EUR2-RG000636,Spare parts
EUR2-RF000624,Spare parts
EUR2-RF000622,Spare parts
EUR2-RF000615,Spare parts
EUR2-RF000610,Spare parts
EUR2-RB000226,Spare parts
EUR2-R100A031,Spare parts
EUR2-PRO03645,Spare parts
EUR2-PRO03644,Spare parts
EUR2-PRO03629,Spare parts
EUR2-PQ1152+PR3646,Spare parts
EUR2-A053,Spare parts
EUR2-0067+0760+1070,Spare parts
ETL2-0C5311,Spare parts
ETL2-0835840500,Spare parts
ETL2-0835821400,Spare parts
ETL2-0831857602,Spare parts
ETL2-0830888402,Spare parts
ETL2-0830882602,Spare parts
ETL2-0830866100,Spare parts
ETL2-0830828100,Spare parts
ETL2-0830824600,Spare parts
ETL2-0830824304,Spare parts
ETL2-0830816900,Spare parts
ETL2-0830812503,Spare parts
ETL2-0830812301,Spare parts
ETL2-0806807500,Spare parts
ETL2-0696400000,Spare parts
ETL2-0694801600,Spare parts
ETL2-0694800300,Spare parts
ETL2-0675823501,Spare parts
ETL2-0675817301,Spare parts
ETL2-0675400B00,Spare parts
ETL2-0660807200,Spare parts
ETL2-0660804300,Spare parts
ETL2-0660804200,Spare parts
ETL2-0652805100,Spare parts
ETL2-0652800401,Spare parts
ETL2-0648807400,Spare parts
ETL2-0648807300,Spare parts
ETL2-0646808400,Spare parts
ETL2-0646807101,Spare parts
ETL2-0646804001,Spare parts
ETL2-0641400000,Spare parts
ETL2-0639805100,Spare parts
ETL2-0638888000,Spare parts
ETL2-0624804600,Spare parts
ETL2-0617832200,Spare parts
ETL2-0617813201,Spare parts
ETL2-0611804200,Spare parts
ETL2-0574805901,Spare parts
ETL2-0574805200,Spare parts
ETL2-0548837300,Spare parts
ETL2-0548837200,Spare parts
ETL2-0544815200,Spare parts
ETL2-0543820203,Spare parts
ETL2-0543820002,Spare parts
ETL2-0543819902,Spare parts
ETL2-0543818701,Spare parts
ETL2-0543801400,Spare parts
ETL2-0524817201,Spare parts
ETL2-0516850600,Spare parts
ETL2-0514834100,Spare parts
ETL2-0514831600,Spare parts
ETL2-0514825203,Spare parts
ETL2-0508840801,Spare parts
ETL2-0330281100,Spare parts
ETL2-0282217501,Spare parts
ETL2-0215199700,Spare parts
ETL2-0214530100,Spare parts
ETL2-0214442702,Spare parts
ETL2-0214164400,Spare parts
ETL2-0214164101,Spare parts
ETL2-006699,Spare parts
ETF2-HC199031,Spare parts
ETF2-HC165430,Spare parts
ETF2-HC165415,Spare parts
ETF2-HC165179,Spare parts
ETF2-HC165131,Spare parts
ETF2-HC162605,Spare parts
ETF2-HC153138,Spare parts
ETF2-HC153019,Spare parts
ETF2-HC151097,Spare parts
ETF2-HC150429,Spare parts
ETF2-HC137896,Spare parts
ETF2-HC196005-01,Spare parts
ETF2-HC119306,Spare parts
ETF2-HC116939,Spare parts
ETF2-HC116938,Spare parts
ETF2-HC114982,Spare parts
ETF2-160056,Spare parts
ELO2-X0586,Spare parts
ELO2-W0106,Spare parts
ELO2-V0603,Spare parts
ELO2-V0602,Spare parts
ELO2-V0600,Spare parts
ELO2-R0303,Spare parts
ELO2-R0302,Spare parts
ELO2-R0188,Spare parts
ELO2-R0184,Spare parts
ELO2-R0182,Spare parts
ELO2-R0181,Spare parts
ELO2-P0514,Spare parts
ELO2-P0268,Spare parts
ELO2-P0191,Spare parts
ELO2-P0187,Spare parts
ELO2-P0185,Spare parts
ELO2-P0165,Spare parts
ELO2-P0150,Spare parts
ELO2-N0900,Spare parts
ELO2-N0614,Spare parts
ELO2-N0414,Spare parts
ELO2-N0413,Spare parts
ELO2-N0308,Spare parts
ELO2-N0306,Spare parts
ELO2-N0075,Spare parts
ELO2-N0011,Spare parts
ELO2-N0006,Spare parts
ELO2-M0121,Spare parts
ELO2-K0828,Spare parts
ELO2-K0826,Spare parts
ELO2-K0443,Spare parts
ELO2-K0435,Spare parts
ELO2-K0432,Spare parts
ELO2-HEATER,Spare parts
ELO2-H0686,Spare parts
ELO2-H0680,Spare parts
ELO2-H0657,Spare parts
ELO2-H0654,Spare parts
ELO2-H0653,Spare parts
ELO2-H0635,Spare parts
ELO2-H0630,Spare parts
ELO2-H0515,Spare parts
ELO2-H0500,Spare parts
ELO2-H0404,Spare parts
ELO2-H0403,Spare parts
ELO2-H0360,Spare parts
ELO2-H0314,Spare parts
ELO2-H0313,Spare parts
ELO2-H0295,Spare parts
ELO2-H0251,Spare parts
ELO2-H0248,Spare parts
ELO2-H0247,Spare parts
ELO2-H0239,Spare parts
ELO2-H0195,Spare parts
ELO2-E433,Spare parts
ELO2-E1078,Spare parts
ELO2-E0961,Spare parts
ELO2-E0960,Spare parts
ELO2-E0915,Spare parts
ELO2-E0817,Spare parts
ELO2-E0786,Spare parts
ELO2-E0569,Spare parts
ELO2-E0566,Spare parts
ELO2-E0560,Spare parts
ELO2-E0530,Spare parts
ELO2-E0506,Spare parts
ELO2-E0471,Spare parts
ELO2-E0470,Spare parts
ELO2-E0467(RELAY),Spare parts
ELO2-E0467,Spare parts
ELO2-E0433,Spare parts
ELO2-E0432,Spare parts
ELO2-E0431,Spare parts
ELO2-E0341,Spare parts
ELO2-E0338,Spare parts
ELO2-E0337,Spare parts
ELO2-E0314,Spare parts
ELO2-E0278,Spare parts
ELO2-E0260,Spare parts
ELO2-E0237,Spare parts
ELO2-E0232,Spare parts
ELO2-E0231,Spare parts
ELO2-E0230,Spare parts
ELO2-E0210,Spare parts
ELO2-E0205,Spare parts
ELO2-E0178,Spare parts
ELO2-E0173,Spare parts
ELO2-E0171,Spare parts
ELO2-E0169,Spare parts
ELO2-E0168,Spare parts
ELO2-E0166,Spare parts
ELO2-E0156,Spare parts
ELO2-E0153,Spare parts
ELO2-E0107,Spare parts
ELO2-B329,Spare parts
ELO2-B0720,Spare parts
ELO2-B0719,Spare parts
ELO2-B0328,Spare parts
ELO2-B0322,Spare parts
ELO2-444018,Spare parts
ELO2-440007,Spare parts
ELO2-438016,Spare parts
ELO2-427018,Spare parts
ELO2-425018,Spare parts
ELO2-401022,Spare parts
ELO2-390007,Spare parts
ELO2-390006,Spare parts
ELO2-334007,Spare parts
ELO2-330006,Spare parts
ELO2-227007,Spare parts
ELO2-227005,Spare parts
EKA2-SP00902,Spare parts
EKA2-5073094,Spare parts
EKA2-21003590,Spare parts
EKA2-11980249712,Spare parts
EKA2-11973859400,Spare parts
EKA2-11972718418,Spare parts
EKA2-11972708418,Spare parts
EKA2-11972629202,Spare parts
EKA2-11972569202,Spare parts
EKA2-11972317900,Spare parts
EKA2-11971899202,Spare parts
EKA2-11962268500,Spare parts
EKA2-11961808000,Spare parts
EKA2-11961188000,Spare parts
EKA2-11960228715,Spare parts
EKA2-11960208612,Spare parts
EKA2-11951449400,Spare parts
EKA2-11951439400,Spare parts
EKA2-11951027000,Spare parts
EKA2-11951017000,Spare parts
EKA2-11950777000,Spare parts
EKA2-11950537000,Spare parts
EKA2-11950487000,Spare parts
EKA2-11950447000,Spare parts
EKA2-11950437000,Spare parts
EKA2-11950097000,Spare parts
EKA2-11950017000,Spare parts
EKA2-09989808000,Spare parts
EKA2-09989708000,Spare parts
EKA2-09988928000,Spare parts
EKA2-09988098500,Spare parts
EKA2-09988078000,Spare parts
EKA2-09987699002,Spare parts
EKA2-09987399002,Spare parts
EKA2-09985898000,Spare parts
EKA2-09985128418,Spare parts
EKA2-09984978400,Spare parts
EKA2-09982767915,Spare parts
EKA2-09982338418,Spare parts
EKA2-09980928000,Spare parts
EKA2-09980438300,Spare parts
EKA2-09980299202,Spare parts
EKA2-09975468518,Spare parts
EKA2-09975038518,Spare parts
EKA2-09973008518,Spare parts
EKA2-09965298418,Spare parts
EKA2-09963468000,Spare parts
EKA2-09963048801,Spare parts
EKA2-09962657915,Spare parts
EKA2-09962647915,Spare parts
EKA2-09960298715,Spare parts
EKA2-09960218715,Spare parts
EKA2-09960209002,Spare parts
EKA2-09960148801,Spare parts
EKA2-09960137915,Spare parts
EKA2-09960127915,Spare parts
EKA2-09960018500,Spare parts
EKA2-09952477000,Spare parts
EKA2-09952437000,Spare parts
EKA2-09951627000,Spare parts
EKA2-09950977000,Spare parts
EKA2-09950677000,Spare parts
EKA2-09950407000,Spare parts
EKA2-09950327000,Spare parts
EKA2-09950317000,Spare parts
EKA2-09950288714,Spare parts
EKA2-09940588000,Spare parts
EKA2-01981819512,Spare parts
EKA2-01981599512,Spare parts
EKA2-01981248300,Spare parts
EKA2-01980859512,Spare parts
EKA2-01980698612,Spare parts
EKA2-01980688700,Spare parts
EKA2-01960597915,Spare parts
EKA2-01960317915,Spare parts
EKA2-01960177915,Spare parts
EKA2-01960167915,Spare parts
EKA2-01202660,Spare parts
EGO2-KNOB,Spare parts
EGO2-5513042080,Spare parts
EGO2-5510022010,Spare parts
EDL2-W037,Spare parts
EDL2-W023,Spare parts
EDL2-W022,Spare parts
EDL2-W018,Spare parts
EDL2-W038,Spare parts
EDL2-V015S,Spare parts
EDL2-V014,Spare parts
EDL2-V005,Spare parts
EDL2-V002,Spare parts
EDL2-SW010,Spare parts
EDL2-S338,Spare parts
EDL2-S318T,Spare parts
EDL2-S317,Spare parts
EDL2-S316,Spare parts
EDL2-S314,Spare parts
EDL2-S312,Spare parts
EDL2-S299,Spare parts
EDL2-S276,Spare parts
EDL2-S275,Spare parts
EDL2-S274,Spare parts
EDL2-S229,Spare parts
EDL2-S196-3,Spare parts
EDL2-S167,Spare parts
EDL2-S166,Spare parts
EDL2-S161,Spare parts
EDL2-S158,Spare parts
EDL2-S151-3,Spare parts
EDL2-S150-3,Spare parts
EDL2-S145,Spare parts
EDL2-S098,Spare parts
EDL2-S085,Spare parts
EDL2-S071-12,Spare parts
EDL2-S059,Spare parts
EDL2-S049,Spare parts
EDL2-R090,Spare parts
EDL2-R085,Spare parts
EDL2-R072,Spare parts
EDL2-R060,Spare parts
EDL2-R041,Spare parts
EDL2-R040,Spare parts
EDL2-P393,Spare parts
EDL2-P392,Spare parts
EDL2-P244,Spare parts
EDL2-P177,Spare parts
EDL2-P169,Spare parts
EDL2-P165,Spare parts
EDL2-P030,Spare parts
EDL2-P026,Spare parts
EDL2-P001,Spare parts
EDL2-MO15SP,Spare parts
EDL2-M203,Spare parts
EDL2-M007SP,Spare parts
EDL2-L066,Spare parts
EDL2-L065,Spare parts
EDL2-KT2700,Spare parts
EDL2-KT2326,Spare parts
EDL2-KT1415,Spare parts
EDL2-K27519,Spare parts
EDL2-K045-6,Spare parts
EDL2-K031,Spare parts
EDL2-K011,Spare parts
EDL2-K006-6,Spare parts
EDL2-K005SP,Spare parts
EDL2-K004SP,Spare parts
EDL2-IO65,Spare parts
EDL2-I004,Spare parts
EDL2-H063,Spare parts
EDL2-H028,Spare parts
EDL2-H027,Spare parts
EDL2-H021,Spare parts
EDL2-H020,Spare parts
EDL2-H019-2,Spare parts
EDL2-H001,Spare parts
EDL2-G047,Spare parts
EDL2-G041SP,Spare parts
EDL2-G030SP,Spare parts
EDL2-G004SP,Spare parts
EDL2-G003SP,Spare parts
EDL2-F088,Spare parts
EDL2-F082,Spare parts
EDL2-F052,Spare parts
EDL2-F050,Spare parts
EDL2-F041,Spare parts
EDL2-F038,Spare parts
EDL2-F037,Spare parts
EDL2-F036,Spare parts
EDL2-F033,Spare parts
EDL2-F018,Spare parts
EDL2-F009,Spare parts
EDL2-C404,Spare parts
EDL2-C192,Spare parts
EDL2-C084H,Spare parts
EDL2-C08402,Spare parts
EDL2-BUSH,Spare parts
EDL2-BEARING,Spare parts
EDL2-B410,Spare parts
EDL2-B202,Spare parts
EDL2-B140,Spare parts
EDL2-B137BG,Spare parts
EDL2-B137,Spare parts
EDL2-B121-3,Spare parts
EDL2-B117,Spare parts
EDL2-B057,Spare parts
EDL2-B028,Spare parts
EDL2-A932SP,Spare parts
EDL2-A8204,Spare parts
EDL2-A8104,Spare parts
EDL2-A7564,Spare parts
EDL2-A7563,Spare parts
EDL2-A75602,Spare parts
EDL2-A72002,Spare parts
EDL2-A720,Spare parts
EDL2-A593DC,Spare parts
EDL2-A592DC,Spare parts
EDL2-A591N,Spare parts
EDL2-A591,Spare parts
EDL2-A590,Spare parts
EDL2-A581,Spare parts
EDL2-A580DC,Spare parts
EDL2-A580,Spare parts
EDL2-A528,Spare parts
EDL2-A526SP,Spare parts
EDL2-A508,Spare parts
EDL2-A288,Spare parts
EDL2-A287DC,Spare parts
EDL2-A285DC,Spare parts
EDL2-A285,Spare parts
EDL2-A284,Spare parts
EDL2-A2815,Spare parts
EDL2-A2814,Spare parts
EDL2-A2813,Spare parts
EDL2-A2812,Spare parts
EDL2-A281,Spare parts
EDL2-A279-3,Spare parts
EDL2-A279,Spare parts
EDL2-A278,Spare parts
EDL2-A274,Spare parts
EDL2-A1075,Spare parts
EDL2-A1050,Spare parts
EDL2-A1047,Spare parts
EDL2-A055,Spare parts
EDL2-A054,Spare parts
EDL2-A050,Spare parts
EDL2-A049,Spare parts
EDL2-A041,Spare parts
EDL2-A026,Spare parts
EDL2-A025,Spare parts
DUH2-BO10208,Spare parts
DUH2-BO10136,Spare parts
DUH2-BO10135,Spare parts
DOR2-K50-Y002,Spare parts
DOR2-K50-X066,Spare parts
DOR2-72,Spare parts
DOR2-60,Spare parts
DOR2-48,Spare parts
DIT2-18109,Spare parts
DIT2-10676,Spare parts
DIT2-10675,Spare parts
DIT2-10669,Spare parts
DIT2-10667,Spare parts
DIT2-10636,Spare parts
DIT2-10635,Spare parts
DIT2-05190,Spare parts
DIH2-80305,Spare parts
DIH2-80304,Spare parts
DIH2-3009906,Spare parts
DIH2-3006120,Spare parts
DIH2-3006097,Spare parts
DIH2-3006094,Spare parts
DIH2-3006080,Spare parts
DIH2-3006069,Spare parts
DIH2-3006061,Spare parts
DIH2-3004148,Spare parts
DIH2-3004147,Spare parts
DIH2-3004026,Spare parts
DIH2-3003903,Spare parts
DIH2-3003902,Spare parts
DIH2-3003100,Spare parts
DIH2-3003026,Spare parts
DIH2-3003024,Spare parts
DIH2-3003010,Spare parts
DIH2-3002068,Spare parts
DIH2-3002056,Spare parts
DIH2-3002055,Spare parts
DIH2-3002054,Spare parts
DIH2-3002052,Spare parts
DIH2-3002051,Spare parts
DIH2-3002050,Spare parts
DIH2-3002030,Spare parts
DIH2-30001024,Spare parts
DIH2-30001011-B,Spare parts
DIH2-30001011-A,Spare parts
DIH2-2200116,Spare parts
DIH2-2200114,Spare parts
DIH2-2002054,Spare parts
DIH2-2000430,Spare parts
DIH2-2000400,Spare parts
DIH2-2000395,Spare parts
DIH2-2000394,Spare parts
DIH2-2000393,Spare parts
DIH2-2000390,Spare parts
DIH2-2000385,Spare parts
DIH2-2000380,Spare parts
DIH2-2000364,Spare parts
DIH2-2000320,Spare parts
DIH2-2000311,Spare parts
DIH2-2000310,Spare parts
DIH2-2000244,Spare parts
DIH2-2000230,Spare parts
DIH2-2000121,Spare parts
DIH2-18080,Spare parts
DIH2-15849,Spare parts
DIH2-15163,Spare parts
DIH2-15051,Spare parts
DIH2-15050,Spare parts
DIH2-15049,Spare parts
DIH2-15048,Spare parts
DIH2-13025,Spare parts
DIH2-13023,Spare parts
DIH2-13015,Spare parts
DIH2-12528,Spare parts
DIH2-12527,Spare parts
DIH2-12023,Spare parts
DIH2-11719,Spare parts
DIH2-11708,Spare parts
DIH2-11609,Spare parts
DIH2-10746,Spare parts
DIH2-10708,Spare parts
DIH2-10707-1,Spare parts
DIH2-10704,Spare parts
DIH2-10702,Spare parts
DIH2-10300401,Spare parts
DIH2-10300117,Spare parts
DIH2-10300011,Spare parts
DIH2-10211,Spare parts
DIH2-10206,Spare parts
DEA2-2507,Spare parts
DEA2-1204,Spare parts
DCS2-55114,Spare parts
DCS2-30639,Spare parts
DCS2-2441,Spare parts
DCS2-19006,Spare parts
DCS2-1897,Spare parts
DCS2-18110,Spare parts
DCS2-18090,Spare parts
DCS2-18020-2,Spare parts
DCS2-18020-1,Spare parts
DCS2-18010-49,Spare parts
DCS2-18007,Spare parts
DCS2-16190,Spare parts
DCS2-15088,Spare parts
DCS2-15070,Spare parts
DCS2-15033,Spare parts
DCS2-14159,Spare parts
DCS2-14110,Spare parts
DCS2-14046,Spare parts
DCS2-14035,Spare parts
DCS2-14031,Spare parts
DCS2-14008-1,Spare parts
DCS2-14006-PL,Spare parts
DCS2-14005-1,Spare parts
DCS2-13030,Spare parts
DCS2-13029-2,Spare parts
DCS2-13029-1,Spare parts
DCS2-13023,Spare parts
DCS2-13017,Spare parts
DCS2-13005-56,Spare parts
DCS2-13005-55,Spare parts
DCS2-13001-1,Spare parts
DCS2-12117,Spare parts
DCS2-12025,Spare parts
DCS2-12024,Spare parts
DCS2-11002-13,Spare parts
CTX2-F716A8805,Spare parts
CTX2-ACSKDSTRAP,Spare parts
CTX2-97598,Spare parts
CTX2-97570,Spare parts
CTX2-69736,Spare parts
CTX2-69557,Spare parts
CTX2-67857,Spare parts
CRA2-2305,Spare parts
CRA2-2302,Spare parts
CRA2-2266,Spare parts
CRA2-2243,Spare parts
CRA2-1742,Spare parts
CRA2-1734,Spare parts
CRA2-1733,Spare parts
CRA2-1288,Spare parts
CRA2-1261,Spare parts
CRA2-1161,Spare parts
CRA2-1122,Spare parts
CRA2-1059,Spare parts
CRA2-1013,Spare parts
CRA2-1012,Spare parts
CRA2-1010,Spare parts
CON2-92140,Spare parts
CON2-92128,Spare parts
CON2-92125,Spare parts
CON2-92117,Spare parts
CON2-92113,Spare parts
CON2-92101,Spare parts
CON2-92085,Spare parts
CON2-92079,Spare parts
CON2-92038,Spare parts
CON2-92024,Spare parts
CON2-92012,Spare parts
CON2-92001,Spare parts
CON2-82082,Spare parts
CON2-18009,Spare parts
CON2-11048,Spare parts
COG2-K75860,Spare parts
COG2-K67876,Spare parts
COG2-K67875,Spare parts
COG2-H.775611-001,Spare parts
COG2-H.775601,Spare parts
COG2-H.228047,Spare parts
COG2-H.165168,Spare parts
COG2-DWD3,Spare parts
COG2-DEI40,Spare parts
COG2-DEI38N,Spare parts
COG2-DEI37,Spare parts
COG2-DEI40N,Spare parts
COG2-DEI35,Spare parts
COG2-CMT13,Spare parts
COG2-CGR4131NT,Spare parts
COG2-CDZ206R,Spare parts
COG2-C.80398C,Spare parts
COG2-999372,Spare parts
COG2-999366,Spare parts
COG2-999348,Spare parts
COG2-999137,Spare parts
COG2-999108,Spare parts
COG2-994012,Spare parts
COG2-993069,Spare parts
COG2-990160,Spare parts
COG2-990121,Spare parts
COG2-984009,Spare parts
COG2-984005,Spare parts
COG2-929181,Spare parts
COG2-929180,Spare parts
COG2-929179,Spare parts
COG2-929174,Spare parts
COG2-929172,Spare parts
COG2-929163,Spare parts
COG2-929115,Spare parts
COG2-927246,Spare parts
COG2-927150,Spare parts
COG2-927114,Spare parts
COG2-927106,Spare parts
COG2-927105,Spare parts
COG2-927104,Spare parts
COG2-927103,Spare parts
COG2-927088,Spare parts
COG2-927044,Spare parts
COG2-927038,Spare parts
COG2-927015,Spare parts
COG2-927013,Spare parts
COG2-926255,Spare parts
COG2-926150,Spare parts
COG2-926132,Spare parts
COG2-926129,Spare parts
COG2-926128,Spare parts
COG2-926117,Spare parts
COG2-926049,Spare parts
COG2-926014,Spare parts
COG2-926007,Spare parts
COG2-81016,Spare parts
COG2-80959,Spare parts
COG2-80956,Spare parts
COG2-80934,Spare parts
COG2-80880,Spare parts
COG2-80871,Spare parts
COG2-80844,Spare parts
COG2-80829,Spare parts
COG2-80826,Spare parts
COG2-80816,Spare parts
HAT2-X0503040,Spare parts
COG2-80815,Spare parts
HAT2-X043603600,Spare parts
HAT2-X040544400,Spare parts
HAT2-X040544200,Spare parts
COG2-80813,Spare parts
HAT2-X030206900,Spare parts
COG2-80804,Spare parts
HAT2-X030206800,Spare parts
COG2-80700,Spare parts
HAT2-X030206600,Spare parts
COG2-80697,Spare parts
COG2-80677,Spare parts
HAT2-X030206300,Spare parts
COG2-80632,Spare parts
HAT2-X030205100,Spare parts
COG2-80623,Spare parts
HAT2-X030204500,Spare parts
HAT2-X030204400,Spare parts
HAT2-X021919300,Spare parts
COG2-80398C,Spare parts
HAT2-X021918600,Spare parts
COG2-80398,Spare parts
HAT2-X021917900,Spare parts
HAT2-X021707000,Spare parts
COG2-927245,Spare parts
HAT2-X021613400,Spare parts
COG2-80380,Spare parts
COG2-80376,Spare parts
HAT2-X021612900,Spare parts
HAT2-X021335200,Spare parts
HAT2-X021335100,Spare parts
HAT2-X021333400,Spare parts
COG2-80375,Spare parts
HAT2-X0213330,Spare parts
HAT2-X021210400,Spare parts
COG2-80370,Spare parts
HAT2-X021210300,Spare parts
COG2-80354,Spare parts
HAT2-X021209300,Spare parts
COG2-80345,Spare parts
HAT2-X020929000,Spare parts
COG2-80316,Spare parts
HAT2-X020928700,Spare parts
COG2-80311,Spare parts
HAT2-X0209279,Spare parts
COG2-80310,Spare parts
COG2-80283,Spare parts
HAT2-X0209261,Spare parts
COG2-80282,Spare parts
COG2-80281,Spare parts
COG2-80277,Spare parts
COG2-80275,Spare parts
HAT2-X0209259,Spare parts
COG2-80259,Spare parts
HAT2-X0209258,Spare parts
COG2-80190,Spare parts
HAT2-X020650400,Spare parts
COG2-80188,Spare parts
COG2-80186,Spare parts
HAT2-X020565300,Spare parts
COG2-80184,Spare parts
COG2-80182,Spare parts
COG2-80179,Spare parts
HAT2-X020560800,Spare parts
COG2-80178,Spare parts
HAT2-X0205595,Spare parts
COG2-80177,Spare parts
COG2-80174,Spare parts
COG2-80162,Spare parts
COG2-80117,Spare parts
COG2-80112,Spare parts
COG2-80105,Spare parts
COG2-800921,Spare parts
COG2-780133,Spare parts
HAT2-X020127200,Spare parts
HAT2-X023011200,Spare parts
HAT2-X020126900,Spare parts
COG2-77904,Spare parts
HAT2-X020126800,Spare parts
HAT2-X020126700,Spare parts
HAT2-X020126500,Spare parts
COG2-77047,Spare parts
HAT2-X020124600,Spare parts
HAT2-X020124500,Spare parts
COG2-77044,Spare parts
COG2-75983,Spare parts
COG2-75976,Spare parts
COG2-75969,Spare parts
HAT2-X020124300,Spare parts
HAT2-X020123800,Spare parts
COG2-75956,Spare parts
HAT2-X02.16.147.00,Spare parts
HAT2-X02.09.274.00,Spare parts
COG2-75876,Spare parts
HAT2-X010502200,Spare parts
HAT2-R3-2Z,Spare parts
COG2-75873,Spare parts
HAT2-R053008100,Spare parts
COG2-75872,Spare parts
HAT2-R0503007A00,Spare parts
HAT2-R041786406,Spare parts
COG2-75871,Spare parts
HAT2-R041234900,Spare parts
HAT2-R040558000,Spare parts
HAT2-R0405106700,Spare parts
HAT2-R0219008A,Spare parts
HAT2-R021611800,Spare parts
COG2-75866,Spare parts
HAT2-R0216066,Spare parts
COG2-75817,Spare parts
HAT2-R0216046,Spare parts
COG2-75751,Spare parts
COG2-75648,Spare parts
COG2-75645,Spare parts
HAT2-R0213125,Spare parts
HAT2-R021208601,Spare parts
COG2-75639,Spare parts
HAT2-R0212025,Spare parts
HAT2-R0209279,Spare parts
HAT2-R0209217,Spare parts
HAT2-R020904200,Spare parts
HAT2-R0209038,Spare parts
COG2-75616,Spare parts
COG2-75500,Spare parts
COG2-75429,Spare parts
HAT2-R0209032,Spare parts
HAT2-R0208232,Spare parts
COG2-75401,Spare parts
HAT2-R0208141,Spare parts
COG2-75271,Spare parts
HAT2-R0208140E00,Spare parts
COG2-75262,Spare parts
HAT2-R0208136E00,Spare parts
COG2-75231,Spare parts
HAT2-R0208011F00,Spare parts
COG2-75200,Spare parts
HAT2-R020501800,Spare parts
HAT2-R0205017E00,Spare parts
COG2-75171,Spare parts
HAT2-R0205016,Spare parts
COG2-75169,Spare parts
HAT2-R0205015,Spare parts
HAT2-R020300102,Spare parts
COG2-75168,Spare parts
HAT2-R0201029,Spare parts
COG2-75165,Spare parts
HAT2-R02.30.266.12,Spare parts
HAT2-R02.30.045.00,Spare parts
HAT2-R02.09.200E.00,Spare parts
COG2-75155,Spare parts
HAT2-R02.01.229.00,Spare parts
COG2-75146,Spare parts
HAT2-R02.01.088.00,Spare parts
HAT2-BO10194,Spare parts
HAT2-BO10130,Spare parts
HAT2-BO10129,Spare parts
COG2-75142,Spare parts
HAT2-BO10128,Spare parts
HAT2-BO10127,Spare parts
HAT2-1001013,Spare parts
HAT2-070374600,Spare parts
COG2-75141,Spare parts
HAT2-070349800,Spare parts
HAT2-0530082,Spare parts
COG2-75133,Spare parts
HAT2-R053006800,Spare parts
COG2-75123,Spare parts
HAT2-0530043,Spare parts
COG2-75120,Spare parts
COG2-75076,Spare parts
COG2-75075,Spare parts
HAT2-0530039,Spare parts
HAT2-0530026,Spare parts
HAT2-0530020,Spare parts
COG2-75058,Spare parts
HAT2-0530019,Spare parts
COG2-75057,Spare parts
COG2-74938,Spare parts
COG2-74933,Spare parts
COG2-74902,Spare parts
COG2-74901,Spare parts
HAT2-0530015,Spare parts
COG2-74122,Spare parts
COG2-74086,Spare parts
COG2-74073,Spare parts
COG2-74069,Spare parts
HAT2-0530009A,Spare parts
HAT2-053000700,Spare parts
COG2-73351,Spare parts
HAT2-051103500,Spare parts
HAT2-051102900,Spare parts
COG2-73350,Spare parts
COG2-73218,Spare parts
COG2-73100,Spare parts
COG2-717087,Spare parts
COG2-70996,Spare parts
HAT2-050904200,Spare parts
COG2-70945,Spare parts
COG2-70944,Spare parts
COG2-70943,Spare parts
COG2-70942,Spare parts
COG2-70941,Spare parts
COG2-70939,Spare parts
HAT2-0509031,Spare parts
COG2-70774,Spare parts
COG2-70100,Spare parts
HAT2-0509025,Spare parts
COG2-69956,Spare parts
COG2-69871,Spare parts
HAT2-0509020,Spare parts
HAT2-050800700,Spare parts
COG2-69850,Spare parts
COG2-69796,Spare parts
HAT2-050800600,Spare parts
COG2-69632,Spare parts
COG2-69282,Spare parts
HAT2-050701100,Spare parts
COG2-69020,Spare parts
COG2-73178,Spare parts
HAT2-050602800,Spare parts
COG2-67600,Spare parts
HAT2-050401000,Spare parts
HAT2-050307800,Spare parts
HAT2-050305700,Spare parts
COG2-66455,Spare parts
HAT2-050303900,Spare parts
COG2-66454,Spare parts
HAT2-050303500,Spare parts
HAT2-0503024,Spare parts
COG2-66453,Spare parts
HAT2-050302300,Spare parts
HAT2-050302200,Spare parts
COG2-66452,Spare parts
HAT2-0503009A,Spare parts
HAT2-0503006,Spare parts
HAT2-0503003,Spare parts
COG2-927107,Spare parts
COG2-65922,Spare parts
HAT2-0502002,Spare parts
HAT2-0502001,Spare parts
HAT2-050101800,Spare parts
COG2-65920,Spare parts
HAT2-05.30.018.00,Spare parts
COG2-65908,Spare parts
COG2-65883,Spare parts
HAT2-05.02.011.00,Spare parts
HAT2-044034400,Spare parts
COG2-65813,Spare parts
HAT2-041798400,Spare parts
HAT2-0416533,Spare parts
HAT2-041124033,Spare parts
HAT2-040564000,Spare parts
HAT2-040561000,Spare parts
HAT2-040558400,Spare parts
HAT2-040558200,Spare parts
HAT2-040543900,Spare parts
HAT2-040538700,Spare parts
HAT2-040538600,Spare parts
COG2-65812,Spare parts
HAT2-0405363,Spare parts
HAT2-040528600,Spare parts
HAT2-0405215,Spare parts
COG2-65810,Spare parts
HAT2-040514300,Spare parts
HAT2-040514200,Spare parts
HAT2-0405107700,Spare parts
HAT2-0405107300,Spare parts
HAT2-0405106200,Spare parts
COG2-65802,Spare parts
HAT2-0405105400,Spare parts
HAT2-04.11.231.21,Spare parts
HAT2-0240002,Spare parts
HAT2-023009100,Spare parts
COG2-65800,Spare parts
HAT2-0230074,Spare parts
HAT2-023006700,Spare parts
HAT2-023005812,Spare parts
HAT2-022021200,Spare parts
COG2-65764,Spare parts
HAT2-0220212,Spare parts
COG2-65755,Spare parts
HAT2-022005500,Spare parts
COG2-65747,Spare parts
HAT2-021917800,Spare parts
COG2-65600,Spare parts
COG2-65502,Spare parts
COG2-65501,Spare parts
HAT2-021917400,Spare parts
HAT2-0219164,Spare parts
COG2-65212,Spare parts
COG2-65018,Spare parts
HAT2-021916100,Spare parts
COG2-486078,Spare parts
COG2-480161,Spare parts
COG2-480159,Spare parts
COG2-480153,Spare parts
HAT2-0219150,Spare parts
COG2-480086,Spare parts
HAT2-0219081,Spare parts
COG2-480058,Spare parts
HAT2-021907600,Spare parts
COG2-480057,Spare parts
HAT2-0219032,Spare parts
COG2-478059,Spare parts
COG2-478056,Spare parts
COG2-468205,Spare parts
HAT2-0219019,Spare parts
COG2-468165,Spare parts
COG2-468152,Spare parts
HAT2-0219015,Spare parts
COG2-468151,Spare parts
COG2-468029,Spare parts
HAT2-021816101,Spare parts
COG2-463007,Spare parts
COG2-461028,Spare parts
HAT2-021813400,Spare parts
COG2-461019,Spare parts
HAT2-021803800,Spare parts
COG2-461010,Spare parts
COG2-459018,Spare parts
HAT2-021706000,Spare parts
COG2-459006,Spare parts
COG2-459004,Spare parts
HAT2-0217040,Spare parts
COG2-456081,Spare parts
COG2-456080,Spare parts
COG2-456075,Spare parts
HAT2-0216058,Spare parts
COG2-456074,Spare parts
COG2-CGR3037,Spare parts
HAT2-0216050,Spare parts
HAT2-0216028,Spare parts
HAT2-0216011,Spare parts
COG2-456072,Spare parts
HAT2-021600200,Spare parts
COG2-456061,Spare parts
COG2-456060,Spare parts
COG2-456084,Spare parts
COG2-456040,Spare parts
HAT2-021332200,Spare parts
HAT2-021217200,Spare parts
COG2-456031,Spare parts
COG2-456030,Spare parts
HAT2-021210701,Spare parts
COG2-456023,Spare parts
COG2-456020,Spare parts
COG2-456019,Spare parts
COG2-456015,Spare parts
HAT2-021208801,Spare parts
HAT2-021203900,Spare parts
COG2-456006,Spare parts
HAT2-0212026,Spare parts
COG2-454007,Spare parts
COG2-454005,Spare parts
COG2-454002,Spare parts
HAT2-0212006,Spare parts
COG2-449045,Spare parts
HAT2-020925100,Spare parts
COG2-449036,Spare parts
HAT2-020925000,Spare parts
COG2-447128,Spare parts
HAT2-020924900,Spare parts
HAT2-020581400,Spare parts
COG2-441010,Spare parts
COG2-441009,Spare parts
COG2-437117,Spare parts
HAT2-020571400,Spare parts
COG2-437102,Spare parts
HAT2-020564200,Spare parts
COG2-437100,Spare parts
HAT2-0205317,Spare parts
COG2-437098,Spare parts
HAT2-0205315,Spare parts
COG2-437086,Spare parts
HAT2-0205096,Spare parts
COG2-437079,Spare parts
HAT2-0205053E,Spare parts
COG2-437078,Spare parts
COG2-437064,Spare parts
COG2-437063,Spare parts
COG2-437058,Spare parts
HAT2-020120300,Spare parts
COG2-437050,Spare parts
HAT2-020119200,Spare parts
COG2-437049,Spare parts
COG2-437041,Spare parts
COG2-437107,Spare parts
COG2-437030,Spare parts
COG2-437019,Spare parts
COG2-437015,Spare parts
HAT2-020111600,Spare parts
HAT2-02.20.515.00,Spare parts
COG2-437014,Spare parts
HAT2-02.16.219.00,Spare parts
COG2-437008,Spare parts
COG2-429077,Spare parts
COG2-429074,Spare parts
COG2-429072,Spare parts
COG2-429065,Spare parts
COG2-429050,Spare parts
COG2-429038,Spare parts
HAM2-WW800SS,Spare parts
HAM2-UP91605,Spare parts
HAM2-SHAFT,Spare parts
COG2-429008,Spare parts
COG2-429007,Spare parts
COG2-429006,Spare parts
COG2-423024,Spare parts
HAM2-SEAL,Spare parts
HAM2-SC001-91605,Spare parts
COG2-423011,Spare parts
HAM2-MMK91605,Spare parts
COG2-42185,Spare parts
HAM2-LS-LC,Spare parts
COG2-417129,Spare parts
COG2-417120,Spare parts
COG2-417111,Spare parts
COG2-417104,Spare parts
COG2-417081,Spare parts
HAM2-HBB-99100,Spare parts
COG2-417041,Spare parts
COG2-417038,Spare parts
COG2-417017,Spare parts
COG2-412030,Spare parts
COG2-412029,Spare parts
COG2-408006,Spare parts
COG2-406998,Spare parts
COG2-335015,Spare parts
HAM2-DH800SS,Spare parts
COG2-335003,Spare parts
COG2-33294,Spare parts
HAM2-CG91605,Spare parts
HAM2-BW800SS,Spare parts
COG2-329012,Spare parts
HAM2-BS-LC,Spare parts
HAM2-BR629,Spare parts
HAM2-990390900,Spare parts
COG2-327006,Spare parts
COG2-325126,Spare parts
COG2-325102,Spare parts
HAM2-990351400,Spare parts
HAM2-990351300,Spare parts
COG2-325097,Spare parts
HAM2-990349600,Spare parts
HAM2-990349500,Spare parts
HAM2-990349400,Spare parts
HAM2-990349300,Spare parts
HAM2-990347000,Spare parts
COG2-325094,Spare parts
HAM2-990346600,Spare parts
COG2-325076,Spare parts
HAM2-990346500,Spare parts
HAM2-990346400,Spare parts
HAM2-990343700,Spare parts
HAM2-990343600,Spare parts
HAM2-990343400,Spare parts
HAM2-990342901,Spare parts
HAM2-990342801,Spare parts
HAM2-990342700,Spare parts
HAM2-990342300,Spare parts
HAM2-990341800,Spare parts
COG2-325066,Spare parts
HAM2-990341500,Spare parts
HAM2-990341300,Spare parts
HAM2-990339600,Spare parts
HAM2-990338600,Spare parts
HAM2-990315100,Spare parts
HAM2-990315000,Spare parts
HAM2-990314800,Spare parts
COG2-325036,Spare parts
HAM2-990308300,Spare parts
HAM2-990305300,Spare parts
HAM2-990301900,Spare parts
HAM2-990294301,Spare parts
HAM2-990294201,Spare parts
COG2-325001,Spare parts
COG2-315024,Spare parts
HAM2-990294100,Spare parts
COG2-315022,Spare parts
COG2-315017,Spare parts
COG2-315011,Spare parts
COG2-314001,Spare parts
HAM2-990294000,Spare parts
HAM2-990293910,Spare parts
COG2-311019,Spare parts
COG2-311009,Spare parts
COG2-311008,Spare parts
COG2-308039,Spare parts
COG2-308031,Spare parts
COG2-307005,Spare parts
HAM2-990293800,Spare parts
COG2-307003,Spare parts
COG2-304021,Spare parts
COG2-303040,Spare parts
COG2-303032,Spare parts
HAM2-990293400,Spare parts
COG2-303029,Spare parts
COG2-303019,Spare parts
COG2-303018,Spare parts
COG2-26407,Spare parts
COG2-26154,Spare parts
HAM2-990293300,Spare parts
HAM2-990293210,Spare parts
COG2-240020,Spare parts
HAM2-990293000,Spare parts
COG2-240018,Spare parts
COG2-240016,Spare parts
HAM2-990292900,Spare parts
HAM2-990292800,Spare parts
COG2-240011,Spare parts
COG2-236061,Spare parts
COG2-236059,Spare parts
COG2-236052,Spare parts
COG2-236048,Spare parts
HAM2-990292500,Spare parts
COG2-236047,Spare parts
COG2-236043,Spare parts
COG2-236042,Spare parts
HAM2-990292400,Spare parts
COG2-236039,Spare parts
COG2-236035,Spare parts
HAM2-990292300,Spare parts
COG2-231016,Spare parts
COG2-230124,Spare parts
COG2-230118,Spare parts
COG2-230116,Spare parts
HAM2-990292200,Spare parts
COG2-230113,Spare parts
COG2-230112,Spare parts
COG2-230111,Spare parts
COG2-230098,Spare parts
HAM2-990292100,Spare parts
HAM2-990282300,Spare parts
COG2-230086,Spare parts
HAM2-990282200,Spare parts
COG2-230020C,Spare parts
COG2-229042,Spare parts
COG2-229039,Spare parts
COG2-229037,Spare parts
HAM2-990282100,Spare parts
HAM2-990282000,Spare parts
HAM2-990280900,Spare parts
HAM2-990280800,Spare parts
COG2-229029,Spare parts
COG2-80874,Spare parts
COG2-228011,Spare parts
HAM2-990280700,Spare parts
HAM2-990280600,Spare parts
COG2-228010,Spare parts
COG2-228004,Spare parts
COG2-227085,Spare parts
COG2-227083,Spare parts
HAM2-990280400,Spare parts
COG2-227081,Spare parts
COG2-227077,Spare parts
COG2-226126,Spare parts
COG2-226120,Spare parts
HAM2-990280300,Spare parts
COG2-224029,Spare parts
HAM2-990280000,Spare parts
COG2-224023,Spare parts
COG2-224010,Spare parts
COG2-224004,Spare parts
COG2-224003,Spare parts
COG2-220011,Spare parts
COG2-216032,Spare parts
HAM2-990279800,Spare parts
COG2-216029,Spare parts
COG2-216028,Spare parts
COG2-215042-9,Spare parts
COG2-215042-6,Spare parts
COG2-215042-2,Spare parts
COG2-215037,Spare parts
HAM2-990279500,Spare parts
COG2-215034-6,Spare parts
COG2-215034-5,Spare parts
COG2-215034-3,Spare parts
COG2-215032-1,Spare parts
HAM2-990278700,Spare parts
COG2-215032,Spare parts
COG2-215029,Spare parts
COG2-215010,Spare parts
HAM2-990278600,Spare parts
COG2-214088,Spare parts
COG2-214077,Spare parts
COG2-211017,Spare parts
COG2-211013,Spare parts
COG2-211002,Spare parts
HAM2-990278400,Spare parts
HAM2-990278300,Spare parts
HAM2-990278200,Spare parts
COG2-210011,Spare parts
COG2-210010,Spare parts
COG2-209042,Spare parts
COG2-209037,Spare parts
HAM2-990278100,Spare parts
COG2-209029,Spare parts
COG2-209025,Spare parts
HAM2-990277900,Spare parts
COG2-209021,Spare parts
COG2-208010,Spare parts
HAM2-990277700,Spare parts
HAM2-990313300,Spare parts
COG2-206009,Spare parts
COG2-206005,Spare parts
COG2-206004,Spare parts
HAM2-990277401,Spare parts
COG2-206003,Spare parts
COG2-206002,Spare parts
COG2-199058,Spare parts
COG2-199052,Spare parts
HAM2-990277300,Spare parts
HAM2-990277200,Spare parts
COG2-199051,Spare parts
HAM2-990277100,Spare parts
COG2-15039,Spare parts
HAM2-990277000,Spare parts
COG2-15038,Spare parts
HAM2-990276800,Spare parts
COG2-144991B,Spare parts
COG2-144011,Spare parts
COG2-144010NT,Spare parts
COG2-144010,Spare parts
HAM2-990276700,Spare parts
HAM2-990276400,Spare parts
COG2-144003,Spare parts
HAM2-990276300,Spare parts
COG2-143270,Spare parts
COG2-143268,Spare parts
COG2-143267,Spare parts
COG2-143266,Spare parts
COG2-143263,Spare parts
COG2-143261,Spare parts
COG2-143258,Spare parts
COG2-143252,Spare parts
HAM2-990276200,Spare parts
COG2-143248,Spare parts
COG2-143246,Spare parts
COG2-143243,Spare parts
HAM2-990276100,Spare parts
COG2-143240,Spare parts
HAM2-990275800,Spare parts
COG2-143239,Spare parts
COG2-143219,Spare parts
HAM2-990266500,Spare parts
COG2-143189,Spare parts
HAM2-990266300,Spare parts
HAM2-990266200,Spare parts
HAM2-990266000,Spare parts
HAM2-990265900,Spare parts
HAM2-990265800,Spare parts
HAM2-990265700,Spare parts
COG2-143178,Spare parts
COG2-143174,Spare parts
COG2-143173,Spare parts
COG2-143136,Spare parts
HAM2-990265600,Spare parts
COG2-143013,Spare parts
COG2-143010,Spare parts
COG2-143005,Spare parts
HAM2-990265500,Spare parts
COG2-143004,Spare parts
COG2-142053,Spare parts
COG2-142052,Spare parts
HAM2-990265400,Spare parts
HAM2-990265300,Spare parts
COG2-142051,Spare parts
HAM2-990265100,Spare parts
COG2-141007,Spare parts
COG2-141002,Spare parts
COG2-140036,Spare parts
COG2-140025,Spare parts
HAM2-990265000,Spare parts
HAM2-990264900,Spare parts
COG2-140010,Spare parts
COG2-140008,Spare parts
COG2-140007,Spare parts
COG2-136031,Spare parts
HAM2-990264800,Spare parts
COG2-136023,Spare parts
COG2-136020,Spare parts
HAM2-990264700,Spare parts
HAM2-990264300,Spare parts
HAM2-990264100,Spare parts
COG2-130177,Spare parts
COG2-130175,Spare parts
COG2-130150,Spare parts
HAM2-990264000,Spare parts
COG2-130105,Spare parts
COG2-129080,Spare parts
COG2-129076,Spare parts
COG2-129059,Spare parts
COG2-129054,Spare parts
COG2-129053,Spare parts
HAM2-990263900,Spare parts
COG2-129039,Spare parts
HAM2-990263800,Spare parts
COG2-129002,Spare parts
COG2-127178,Spare parts
COG2-127177,Spare parts
COG2-127175,Spare parts
COG2-127133,Spare parts
COG2-127184,Spare parts
COG2-127105,Spare parts
COG2-127085,Spare parts
COG2-127082,Spare parts
COG2-127053,Spare parts
COG2-127050,Spare parts
HAM2-990263700,Spare parts
HAM2-990263600,Spare parts
HAM2-990263500,Spare parts
COG2-127044,Spare parts
COG2-127041,Spare parts
COG2-127037,Spare parts
COG2-127036,Spare parts
COG2-127026,Spare parts
HAM2-990263400,Spare parts
COG2-124065,Spare parts
COG2-124063,Spare parts
COG2-124053,Spare parts
HAM2-990275600,Spare parts
COG2-124049,Spare parts
HAM2-990263200,Spare parts
COG2-124039,Spare parts
COG2-124038,Spare parts
COG2-124031,Spare parts
HAM2-990263100,Spare parts
COG2-124002,Spare parts
COG2-121993,Spare parts
COG2-121149,Spare parts
COG2-121150,Spare parts
COG2-121146,Spare parts
COG2-121144,Spare parts
COG2-121078,Spare parts
HAM2-990263000,Spare parts
COG2-121075,Spare parts
COG2-121052,Spare parts
COG2-121017,Spare parts
HAM2-990262900,Spare parts
HAM2-990262800,Spare parts
HAM2-990262700,Spare parts
COG2-119003,Spare parts
COG2-117007,Spare parts
COG2-116041,Spare parts
COG2-116032,Spare parts
HAM2-990262600,Spare parts
HAM2-990262500,Spare parts
COG2-116021,Spare parts
COG2-115153,Spare parts
COG2-115143,Spare parts
COG2-115075,Spare parts
COG2-80679,Spare parts
HAM2-990262400,Spare parts
COG2-111030,Spare parts
COG2-111026,Spare parts
HAM2-990262300,Spare parts
COG2-108006C,Spare parts
COG2-107017,Spare parts
HAM2-990259500,Spare parts
HAM2-990259400,Spare parts
COG2-107013,Spare parts
HAM2-990258500,Spare parts
COG2-107005,Spare parts
HAM2-990258400,Spare parts
COG2-106036,Spare parts
COG2-106035,Spare parts
COG2-106008,Spare parts
HAM2-990258300,Spare parts
COG2-106007,Spare parts
COG2-106006,Spare parts
HAM2-990258200,Spare parts
HAM2-990258100,Spare parts
COG2-106005,Spare parts
COG2-104060,Spare parts
COG2-104056,Spare parts
COG2-056290,Spare parts
COG2-035031,Spare parts
HAM2-990257900,Spare parts
COG2-028078,Spare parts
COG2-026408,Spare parts
COG2-026154,Spare parts
HAM2-990257500,Spare parts
COG2-026152,Spare parts
HAM2-990257100,Spare parts
COF2-VALVE-BODY,Spare parts
COF2-STICKER,Spare parts
COF2-STARTING-RELAY(0),Spare parts
COF2-S-S-FRONT,Spare parts
HAM2-990257000,Spare parts
COF2-RELAY,Spare parts
COF2-O-RING,Spare parts
COF2-MP-M,Spare parts
COF2-FAN,Spare parts
COF2-EVAPORATOR240,Spare parts
COF2-EVAPORATOR120,Spare parts
HAM2-990256900,Spare parts
COF2-EVAPORATOR-PLAT,Spare parts
COF2-EVA240CPL,Spare parts
COF2-DRIP-TRAY1,Spare parts
COF2-DRIP-TRAY-P,Spare parts
COF2-D,Spare parts
COF2-CURRENT-RELAY,Spare parts
COF2-CONDENSER360,Spare parts
COF2-CONDENSER240,Spare parts
COF2-CONDENSER120,Spare parts
COF2-CAPACITOR,Spare parts
HAM2-990256700,Spare parts
COF2-CAP-TUBE,Spare parts
COF2-C,Spare parts
COF2-BEARING,Spare parts
COF2-B,Spare parts
COF2-A,Spare parts
COF2-9,Spare parts
COF2-75,Spare parts
COF2-71,Spare parts
COF2-64.01,Spare parts
COF2-6+4L,Spare parts
COF2-6.5X10,Spare parts
COF2-57,Spare parts
HAM2-990256600,Spare parts
COF2-56,Spare parts
COF2-551,Spare parts
COF2-509,Spare parts
COF2-50,Spare parts
COF2-5,Spare parts
COF2-4L,Spare parts
COF2-496,Spare parts
COF2-490,Spare parts
COF2-49,Spare parts
COF2-489,Spare parts
HAM2-990256500,Spare parts
COF2-47,Spare parts
COF2-441,Spare parts
COF2-44,Spare parts
COF2-41(SHAFT),Spare parts
COF2-40,Spare parts
HAM2-990255700,Spare parts
COF2-39,Spare parts
COF2-36,Spare parts
COF2-35(SWITCH-MAIN),Spare parts
COF2-33(FRIDGE-SWITCH),Spare parts
HAM2-990255500,Spare parts
COF2-32(PEDDLE-SWITCH),Spare parts
COF2-32,Spare parts
COF2-318,Spare parts
COF2-31,Spare parts
COF2-295,Spare parts
HAM2-990255400,Spare parts
COF2-29,Spare parts
COF2-235,Spare parts
COF2-231,Spare parts
COF2-217,Spare parts
COF2-215,Spare parts
COF2-20,Spare parts
COF2-192,Spare parts
COF2-19+20,Spare parts
COF2-19,Spare parts
COF2-183,Spare parts
COF2-180,Spare parts
COF2-179,Spare parts
HAM2-990255100,Spare parts
COF2-177,Spare parts
COF2-174,Spare parts
COF2-169,Spare parts
COF2-168,Spare parts
COF2-162,Spare parts
COF2-161,Spare parts
COF2-160,Spare parts
COF2-16,Spare parts
COF2-159,Spare parts
COF2-158,Spare parts
COF2-157,Spare parts
COF2-154,Spare parts
COF2-153,Spare parts
COF2-151,Spare parts
COF2-150,Spare parts
COF2-15(TANK-GASKET),Spare parts
COF2-15,Spare parts
COF2-14(COUNTER-PADDLE),Spare parts
COF2-13(STIRRING-PADDLE),Spare parts
COF2-10,Spare parts
CMK2-RELAY-10A,Spare parts
CMK2-FUSE-8A,Spare parts
CMD2-VITI0773,Spare parts
CMD2-TRAS0084,Spare parts
CMD2-TRAS0083,Spare parts
CMD2-TENU0017,Spare parts
HAM2-990225300,Spare parts
CMD2-TENU0016,Spare parts
CMD2-SUPP0695,Spare parts
CMD2-SUPP0685,Spare parts
CMD2-SUPP0684,Spare parts
CMD2-PULE0108,Spare parts
CMD2-PLANO20134A,Spare parts
CMD2-PLANO2007A,Spare parts
CMD2-MOTO0157,Spare parts
HAM2-990224900,Spare parts
CMD2-MECC1124,Spare parts
CMD2-MECC1123,Spare parts
HAM2-990224800,Spare parts
CMD2-MECC1122,Spare parts
CMD2-MECC1121,Spare parts
CMD2-MECC1120,Spare parts
HAM2-990213300,Spare parts
CMD2-MECC1119,Spare parts
CMD2-MECC1118,Spare parts
CMD2-MECC1117,Spare parts
CMD2-MECC1090,Spare parts
CMD2-MECC1089,Spare parts
CMD2-MECC1065,Spare parts
HAM2-990209400,Spare parts
CMD2-MECC0767,Spare parts
CMD2-MECC0766,Spare parts
CMD2-MECC0570,Spare parts
CMD2-GUAR0084,Spare parts
CMD2-ELET0728,Spare parts
CMD2-ELET0727,Spare parts
CMD2-ELET0726,Spare parts
CMD2-ELET0725,Spare parts
CMD2-ELET0563,Spare parts
HAM2-990209300,Spare parts
CMD2-ELET0502,Spare parts
CMD2-ELET0493,Spare parts
CMD2-ELET0492,Spare parts
CMD2-ELET0491,Spare parts
CMD2-CUSC0071,Spare parts
CMD2-CUSC0064,Spare parts
CMD2-ANT45-46-7A,Spare parts
CMD2-ANT40-50-7AS,Spare parts
CHX2-TG-2603,Spare parts
CHX2-SG-2307,Spare parts
CHX2-CH-TO-252,Spare parts
CHX2-CH-SW-84,Spare parts
CHR2-SUP0007,Spare parts
CHR2-MINKEV144,Spare parts
CHR2-LAMTZ54,Spare parts
CHR2-COMPTEUR,Spare parts
CHR2-CB60-FOUET,Spare parts
HAM2-990207600,Spare parts
CHR2-BLADE43,Spare parts
CHR2-BELT,Spare parts
CHR2-B6767,Spare parts
CHR2-9.5X1020LA,Spare parts
CHR2-84586997,Spare parts
CHR2-84586993,Spare parts
CHR2-84586971,Spare parts
HAM2-990207500,Spare parts
CHR2-84586948,Spare parts
CHR2-84586947,Spare parts
CHR2-84586941,Spare parts
CHR2-84586939,Spare parts
CHR2-84586933,Spare parts
CHR2-845869183,Spare parts
CHR2-845869137,Spare parts
CHR2-6309-2RS1,Spare parts
CHR2-48,Spare parts
CHR2-42,Spare parts
CHR2-39-B,Spare parts
CHR2-39-A,Spare parts
CHR2-38,Spare parts
CHR2-34,Spare parts
CHR2-32211,Spare parts
CHR2-137,Spare parts
CHR2-117,Spare parts
CHR2-116,Spare parts
HAM2-990207301,Spare parts
CHR2-115,Spare parts
CHR2-1101-RO-1R-0-1,Spare parts
CEC2-V113A,Spare parts
HAM2-990206900,Spare parts
CEC2-U023Q,Spare parts
HAM2-990206800,Spare parts
CEC2-R128A,Spare parts
CEC2-R123A,Spare parts
CEC2-R122A,Spare parts
CEC2-Q024A,Spare parts
CEC2-M461A,Spare parts
CEC2-M121A,Spare parts
HAM2-990206700,Spare parts
CEC2-L706AL,Spare parts
CEC2-L599AL,Spare parts
CEC2-L532A,Spare parts
CEC2-L499A,Spare parts
CEC2-L462AL,Spare parts
CEC2-L424C,Spare parts
CEC2-L401C,Spare parts
CEC2-L343A,Spare parts
HAM2-990206600,Spare parts
CEC2-L299C,Spare parts
CEC2-L296A,Spare parts
CEC2-L281A,Spare parts
CEC2-L271A,Spare parts
HAM2-990206500,Spare parts
CEC2-L161V,Spare parts
HAM2-990206400,Spare parts
HAM2-990206201,Spare parts
CEC2-L113F,Spare parts
CEC2-L112F,Spare parts
HAM2-990206100,Spare parts
CEC2-L007A,Spare parts
HAM2-990206001,Spare parts
HAM2-990205900,Spare parts
CEC2-H297Q,Spare parts
CEC2-G111A,Spare parts
CEC2-G098A,Spare parts
CEC2-G042A,Spare parts
HAM2-990200100,Spare parts
CEC2-G023A,Spare parts
CEC2-G015A,Spare parts
CEC2-F210A,Spare parts
CEC2-F199A,Spare parts
CEC2-F126F,Spare parts
HAM2-990200000,Spare parts
CEC2-E070A,Spare parts
CEC2-E053A,Spare parts
CEC2-E040A,Spare parts
CEC2-DISH,Spare parts
CEC2-D037C,Spare parts
CEC2-D024A,Spare parts
CEC2-D022A,Spare parts
HAM2-990199900,Spare parts
CEC2-D017A,Spare parts
CEC2-C223A,Spare parts
HAM2-990199800,Spare parts
CEC2-B000A,Spare parts
CEC2-99603,Spare parts
CEC2-97215,Spare parts
CEC2-90254,Spare parts
CEC2-87040,Spare parts
CEC2-80236,Spare parts
CEC2-80235,Spare parts
CEC2-77205,Spare parts
CEC2-75015,Spare parts
HAM2-990199400,Spare parts
CEC2-75014,Spare parts
CEC2-59016,Spare parts
CEC2-58028,Spare parts
CEC2-355-00035,Spare parts
HAM2-990199300,Spare parts
CEC2-355-00032,Spare parts
CEC2-320-00020,Spare parts
CEC2-310-00007,Spare parts
CEC2-280-00022,Spare parts
CEC2-09296,Spare parts
CAS2-STICKER,Spare parts
CAS2-SP-L+R,Spare parts
CAS2-REGR,Spare parts
CAS2-988055010,Spare parts
CAS2-985716020F,Spare parts
CAS2-985716010,Spare parts
CAS2-985716000,Spare parts
CAS2-969016000,Spare parts
HAM2-990199100,Spare parts
HAM2-990192000,Spare parts
HAM2-990187200,Spare parts
CAS2-968834000,Spare parts
HAM2-990185700,Spare parts
CAS2-968757010,Spare parts
HAM2-990185501,Spare parts
HAM2-990167380,Spare parts
HAM2-990167370,Spare parts
CAS2-968756000,Spare parts
HAM2-990167360,Spare parts
HAM2-990167350,Spare parts
HAM2-990167340,Spare parts
HAM2-990167330,Spare parts
HAM2-990167320,Spare parts
HAM2-990167310,Spare parts
CAS2-968755000,Spare parts
HAM2-990167305,Spare parts
HAM2-990167300,Spare parts
CAS2-968738030,Spare parts
HAM2-990167285,Spare parts
CAS2-968711030,Spare parts
HAM2-990167260,Spare parts
HAM2-990167250,Spare parts
CAS2-968709010,Spare parts
HAM2-990167240,Spare parts
HAM2-990167235,Spare parts
CAS2-968054000,Spare parts
HAM2-990167220,Spare parts
HAM2-990167210,Spare parts
CAS2-968053000,Spare parts
HAM2-990158250,Spare parts
HAM2-990158241,Spare parts
HAM2-990158230,Spare parts
CAS2-968051000,Spare parts
HAM2-990158220,Spare parts
HAM2-990158210,Spare parts
CAS2-968045000,Spare parts
HAM2-990158200,Spare parts
CAS2-968037000,Spare parts
HAM2-990156120,Spare parts
HAM2-990156110,Spare parts
CAS2-968032000,Spare parts
CAS2-968028000,Spare parts
HAM2-990156100,Spare parts
CAS2-968027000,Spare parts
HAM2-990154900,Spare parts
CAS2-968026034,Spare parts
HAM2-990154840,Spare parts
HAM2-990154300,Spare parts
CAS2-968024010,Spare parts
HAM2-990151970,Spare parts
HAM2-990151950,Spare parts
CAS2-968019000,Spare parts
HAM2-990151930,Spare parts
CAS2-968018010,Spare parts
HAM2-990151910,Spare parts
HAM2-990151900,Spare parts
CAS2-968016010,Spare parts
HAM2-990151800,Spare parts
CAS2-968015020,Spare parts
HAM2-990150500,Spare parts
CAS2-968011010,Spare parts
HAM2-990147700,Spare parts
HAM2-990145811,Spare parts
HAM2-990142600,Spare parts
CAS2-968007010,Spare parts
HAM2-990136400,Spare parts
HAM2-990127200,Spare parts
CAS2-968002000,Spare parts
HAM2-990126900,Spare parts
CAS2-967703010,Spare parts
HAM2-990126200,Spare parts
CAS2-967033000,Spare parts
HAM2-990151940,Spare parts
CAS2-967018010,Spare parts
HAM2-990113901,Spare parts
CAS2-967012000,Spare parts
CAS2-967005000,Spare parts
CAS2-967001010,Spare parts
HAM2-990113501,Spare parts
CAS2-965823000,Spare parts
HAM2-990106000,Spare parts
HAM2-990105900,Spare parts
CAS2-965471000,Spare parts
HAM2-990105700,Spare parts
HAM2-990105600,Spare parts
HAM2-990105500,Spare parts
HAM2-990113600,Spare parts
HAM2-990092700,Spare parts
CAS2-965450000,Spare parts
HAM2-990087900,Spare parts
HAM2-990086600,Spare parts
CAS2-965368000,Spare parts
HAM2-990086400,Spare parts
HAM2-990086300,Spare parts
HAM2-990084400,Spare parts
HAM2-990084300,Spare parts
CAS2-965340000,Spare parts
HAM2-990084000,Spare parts
HAM2-990083700,Spare parts
HAM2-990080400,Spare parts
CAS2-965312000,Spare parts
HAM2-990079300,Spare parts
CAS2-965311000,Spare parts
HAM2-990079200,Spare parts
CAS2-965283000,Spare parts
CAS2-965282010,Spare parts
HAM2-990078800,Spare parts
HAM2-990078700,Spare parts
CAS2-965281000,Spare parts
CAS2-965280000,Spare parts
CAS2-965266000,Spare parts
CAS2-965264000,Spare parts
HAM2-990076201,Spare parts
CAS2-965256000,Spare parts
HAM2-990076100,Spare parts
CAS2-965243000,Spare parts
CAS2-965240000,Spare parts
CAS2-965236000,Spare parts
HAM2-990075900,Spare parts
CAS2-965229000,Spare parts
CAS2-965228000,Spare parts
HAM2-990075400,Spare parts
HAM2-990075300,Spare parts
CAS2-965227010,Spare parts
CAS2-965223000,Spare parts
HAM2-990075200,Spare parts
CAS2-965218010,Spare parts
CAS2-965213000,Spare parts
HAM2-990075100,Spare parts
CAS2-965193000,Spare parts
HAM2-990074402,Spare parts
CAS2-965192000,Spare parts
HAM2-990074300,Spare parts
CAS2-965185000,Spare parts
CAS2-965173000,Spare parts
HAM2-990073700,Spare parts
CAS2-965172000,Spare parts
HAM2-990072300,Spare parts
CAS2-965168010,Spare parts
HAM2-990072200,Spare parts
CAS2-965160000,Spare parts
HAM2-990072000,Spare parts
CAS2-965157000,Spare parts
HAM2-990071900,Spare parts
CAS2-965121017,Spare parts
CAS2-965120000,Spare parts
HAM2-990071700,Spare parts
CAS2-965118000(64),Spare parts
HAM2-990071500,Spare parts
CAS2-965113014,Spare parts
HAM2-990071300,Spare parts
CAS2-965110000,Spare parts
CAS2-965109000,Spare parts
HAM2-990070700,Spare parts
CAS2-965105010,Spare parts
HAM2-990069700,Spare parts
CAS2-965104000,Spare parts
CAS2-965101000,Spare parts
HAM2-990069600,Spare parts
CAS2-965100000,Spare parts
HAM2-990066600,Spare parts
CAS2-965099010,Spare parts
HAM2-990066500,Spare parts
HAM2-990066400,Spare parts
CAS2-965090000,Spare parts
HAM2-990066300,Spare parts
HAM2-990065501,Spare parts
CAS2-965089010,Spare parts
HAM2-990065400,Spare parts
CAS2-965088000,Spare parts
CAS2-965079000,Spare parts
CAS2-965078010,Spare parts
HAM2-990065200,Spare parts
CAS2-965076000,Spare parts
CAS2-965069010,Spare parts
CAS2-965022000,Spare parts
HAM2-990065100,Spare parts
HAM2-990064800,Spare parts
CAS2-959775010,Spare parts
CAS2-959715000,Spare parts
CAS2-958889000,Spare parts
HAM2-990064700,Spare parts
CAS2-958816000,Spare parts
HAM2-990064600,Spare parts
CAS2-958812000,Spare parts
HAM2-990062900,Spare parts
CAS2-958811000,Spare parts
HAM2-990062300,Spare parts
CAS2-958810000,Spare parts
CAS2-958743000,Spare parts
HAM2-990060800,Spare parts
CAS2-958739020,Spare parts
HAM2-990060700,Spare parts
CAS2-958578080F,Spare parts
HAM2-990060500,Spare parts
CAS2-958577080F,Spare parts
CAS2-958577070F,Spare parts
HAM2-990059200,Spare parts
HAM2-990058700,Spare parts
CAS2-958572020F,Spare parts
CAS2-958559014,Spare parts
CAS2-958219000,Spare parts
CAS2-958204000,Spare parts
HAM2-990058500,Spare parts
CAS2-958203000,Spare parts
CAS2-958195000,Spare parts
CAS2-958133020,Spare parts
HAM2-990054300,Spare parts
CAS2-958082030,Spare parts
HAM2-990054200,Spare parts
HAM2-990050400,Spare parts
CAS2-958073000,Spare parts
CAS2-958075010,Spare parts
HAM2-990050200,Spare parts
CAS2-958061010,Spare parts
CAS2-936960010,Spare parts
HAM2-990049800,Spare parts
CAS2-925945000,Spare parts
CAS2-925934000,Spare parts
CAS2-925902000,Spare parts
HAM2-990049700,Spare parts
HAM2-990048000,Spare parts
CAS2-923523010,Spare parts
CAS2-923522020,Spare parts
CAS2-915194000,Spare parts
HAM2-990043600,Spare parts
CAS2-913438000,Spare parts
HAM2-990043500,Spare parts
CAS2-911377008,Spare parts
CAS2-903997000,Spare parts
HAM2-990043400,Spare parts
CAS2-593793001,Spare parts
HAM2-990043100,Spare parts
CAS2-590791010,Spare parts
CAS2-580105310,Spare parts
CAS2-568101000,Spare parts
HAM2-990042900,Spare parts
CAS2-538037000,Spare parts
HAM2-990042800,Spare parts
CAS2-537060000,Spare parts
HAM2-990042700,Spare parts
HAM2-990042600,Spare parts
CAS2-537053200,Spare parts
HAM2-990042400,Spare parts
CAS2-537050900,Spare parts
CAS2-537048800,Spare parts
HAM2-990042200,Spare parts
CAS2-537048700,Spare parts
CAS2-537046700,Spare parts
HAM2-990040300,Spare parts
CAS2-535617000,Spare parts
HAM2-990038700,Spare parts
CAS2-534393100,Spare parts
HAM2-990038500,Spare parts
CAS2-533899000,Spare parts
HAM2-990038400,Spare parts
HAM2-990038300,Spare parts
CAS2-533898300R,Spare parts
HAM2-990038101,Spare parts
HAM2-990038100,Spare parts
HAM2-990038001,Spare parts
CAS2-533894600R,Spare parts
HAM2-990038000,Spare parts
CAS2-533893300R,Spare parts
HAM2-990037900,Spare parts
CAS2-533180010,Spare parts
HAM2-990037800,Spare parts
CAS2-532751100,Spare parts
HAM2-990037100,Spare parts
HAM2-990036800,Spare parts
CAS2-532744300,Spare parts
HAM2-990036500,Spare parts
CAS2-532744000,Spare parts
HAM2-990036300,Spare parts
CAS2-532740300,Spare parts
HAM2-990036100,Spare parts
CAS2-532392500,Spare parts
HAM2-990036000,Spare parts
HAM2-990035900,Spare parts
CAS2-532390600,Spare parts
HAM2-990035800,Spare parts
CAS2-532195500,Spare parts
CAS2-532172500,Spare parts
CAS2-532023200,Spare parts
HAM2-990035600,Spare parts
CAS2-532022808,Spare parts
CAS2-532009600,Spare parts
CAS2-531550300,Spare parts
HAM2-990035500,Spare parts
CAS2-531503520,Spare parts
HAM2-990035400,Spare parts
CAS2-531494100,Spare parts
HAM2-990035300,Spare parts
CAS2-531493700,Spare parts
CAS2-531492400,Spare parts
HAM2-990034800,Spare parts
CAS2-531195800,Spare parts
HAM2-990034700,Spare parts
CAS2-531194810,Spare parts
CAS2-531194700,Spare parts
CAS2-530990800,Spare parts
CAS2-530298120,Spare parts
HAM2-990033900,Spare parts
HAM2-990033800,Spare parts
CAS2-530112200,Spare parts
HAM2-990033500,Spare parts
CAS2-530111000,Spare parts
CAS2-503605180,Spare parts
CAS2-500004080,Spare parts
HAM2-990033400,Spare parts
CAS2-4991133594,Spare parts
CAS2-490055000,Spare parts
CAS2-4881133584,Spare parts
HAM2-990029800,Spare parts
CAS2-485923050F,Spare parts
HAM2-990000990,Spare parts
CAS2-485910010,Spare parts
CAS2-485154000,Spare parts
CAS2-485061010,Spare parts
CAS2-4831022840,Spare parts
CAS2-4821108987,Spare parts
CAS2-4821023082,Spare parts
HAM2-981100S,Spare parts
CAS2-4821022831,Spare parts
HAM2-980038000,Spare parts
CAS2-4814133684,Spare parts
CAS2-4814022895,Spare parts
CAS2-4771116081,Spare parts
HAM2-980033201,Spare parts
CAS2-4771021994,Spare parts
CAS2-4731133593,Spare parts
HAM2-980007600,Spare parts
HAM2-968000370,Spare parts
HAM2-967000150,Spare parts
HAM2-965015801,Spare parts
CAS2-4731133582-SX,Spare parts
CAS2-4701024554,Spare parts
HAM2-960050400,Spare parts
HAM2-960042000,Spare parts
HAM2-960039100,Spare parts
HAM2-960039000,Spare parts
CAS2-457895000,Spare parts
CAS2-457874000,Spare parts
CAS2-457573010F,Spare parts
HAM2-960036800,Spare parts
HAM2-960031902,Spare parts
CAS2-457560000,Spare parts
CAS2-457504000,Spare parts
HAM2-960031901,Spare parts
HAM2-960024400,Spare parts
CAS2-457342000,Spare parts
CAS2-457341008,Spare parts
HAM2-960020901,Spare parts
HAM2-960016500,Spare parts
CAS2-457062000,Spare parts
CAS2-457058000,Spare parts
HAM2-960011500,Spare parts
CAS2-457037048,Spare parts
HAM2-960011400,Spare parts
HAM2-960007800,Spare parts
CAS2-4529133530,Spare parts
HAM2-960006104,Spare parts
CAS2-430119010,Spare parts
HAM2-951190900,Spare parts
HAM2-950016712,Spare parts
CAS2-430119000,Spare parts
CAS2-421921012,Spare parts
HAM2-950014911,Spare parts
CAS2-421289010,Spare parts
HAM2-950012700,Spare parts
CAS2-418941010,Spare parts
HAM2-950012205,Spare parts
HAM2-950012200,Spare parts
HAM2-950005300,Spare parts
CAS2-4121134989,Spare parts
HAM2-940006601,Spare parts
HAM2-931099000,Spare parts
CAS2-4081132841,Spare parts
CAS2-4081050175,Spare parts
HAM2-930095000,Spare parts
CAS2-4081021923,Spare parts
CAS2-532748000,Spare parts
HAM2-928002210,Spare parts
CAS2-402279000,Spare parts
HAM2-922191100,Spare parts
CAS2-402278000,Spare parts
CAS2-402224000,Spare parts
HAM2-921999001,Spare parts
CAS2-402223000,Spare parts
CAS2-402219000,Spare parts
HAM2-921899001,Spare parts
CAS2-402210000,Spare parts
CAS2-402200000,Spare parts
HAM2-913595000,Spare parts
HAM2-912460000,Spare parts
CAS2-402199010,Spare parts
HAM2-911993900,Spare parts
CAS2-485078010,Spare parts
HAM2-910193920,Spare parts
CAS2-402194000,Spare parts
CAS2-401338000,Spare parts
HAM2-906691100,Spare parts
CAS2-401261010,Spare parts
CAS2-401250010,Spare parts
CAS2-401224000,Spare parts
HAM2-81009093101,Spare parts
HAM2-650016002,Spare parts
HAM2-650010200,Spare parts
CAS2-4701116694,Spare parts
HAM2-6200-VV,Spare parts
HAM2-61489390020,Spare parts
HAM2-613193000000,Spare parts
CAS2-401196010,Spare parts
CAS2-401194010,Spare parts
CAS2-401190000,Spare parts
HAM2-6126-HBF600S,Spare parts
CAS2-401183010,Spare parts
HAM2-6126-HBF500,Spare parts
CAS2-400335010,Spare parts
HAM2-6126-HBB909-CE,Spare parts
CAS2-400274020,Spare parts
HAM2-6126-HBB908-CE,Spare parts
CAS2-4001051934,Spare parts
CAS2-3951133673,Spare parts
CAS2-3951130515,Spare parts
HAM2-6126-950,Spare parts
HAM2-6126-91515,Spare parts
CAS2-3951117886,Spare parts
HAM2-6126-91503,Spare parts
CAS2-3341133478,Spare parts
HAM2-6126-911,Spare parts
CAS2-2341119567,Spare parts
HAM2-6126-750,Spare parts
CAM2-IB44LIDCW,Spare parts
CAM2-IB32LIDCW-135,Spare parts
CAM2-H07007,Spare parts
CAM2-H06001,Spare parts
CAM2-EMCWB-000,Spare parts
CAM2-EDBS-480,Spare parts
CAM2-EDBA-480,Spare parts
CAM2-CSMHDTKE6-000,Spare parts
CAM2-CSMHDTKE5-000,Spare parts
CAM2-CSMHDTKE4-000,Spare parts
CAM2-CSMHDTK145-000,Spare parts
CAM2-CSMHDTK12-000,Spare parts
CAM2-CSMHDTK10-000,Spare parts
CAM2-CSMHDDB-000,Spare parts
CAM2-CSCWB-000,Spare parts
CAM2-ADCD33-131,Spare parts
CAM2-ADCC000,Spare parts
CAM2-853FH-150,Spare parts
CAM2-735423,Spare parts
CAM2-7354,Spare parts
CAM2-64003,Spare parts
CAM2-60432,Spare parts
CAM2-60352,Spare parts
CAM2-60295,Spare parts
CAM2-60294,Spare parts
CAM2-60293,Spare parts
CAM2-60273,Spare parts
CAM2-60063,Spare parts
CAM2-60033,Spare parts
CAM2-60009,Spare parts
CAM2-60008,Spare parts
CAM2-60007,Spare parts
CAM2-60005,Spare parts
CAM2-46010,Spare parts
CAM2-46008,Spare parts
HAM2-6126-1G912,Spare parts
CAM2-45400A,Spare parts
CAM2-41150,Spare parts
CAM2-41104110,Spare parts
CAM2-41066,Spare parts
CAM2-41064,Spare parts
CAM2-41058,Spare parts
CAM2-14200,Spare parts
CAM2-12307,Spare parts
CAM2-12117,Spare parts
HAM2-910690900,Spare parts
CAM2-12106,Spare parts
CAM2-12100,Spare parts
BLO2-6504,Spare parts
HAM2-60019110010,Spare parts
BLO2-6501,Spare parts
BLO2-11528,Spare parts
BLO2-11523,Spare parts
BKP2-V-R3021A,Spare parts
BKP2-V-R3020A,Spare parts
BKP2-S115Y,Spare parts
BKP2-S1016X,Spare parts
BKP2-R3031X,Spare parts
BKP2-R3022X,Spare parts
BKP2-R3021X,Spare parts
BKP2-R3020X,Spare parts
HAM2-596703,Spare parts
BKP2-Q4008A,Spare parts
BKP2-AS-R3034X,Spare parts
BKP2-AS-R3031A,Spare parts
BIR2-S11,Spare parts
BIR2-MC32-17,Spare parts
BIR2-A19,Spare parts
BIR2-850-1020,Spare parts
HAM2-596701,Spare parts
BIR2-71-0,Spare parts
BIR2-605,Spare parts
BIR2-604,Spare parts
BIR2-601,Spare parts
BIR2-5265,Spare parts
BIR2-211A-291Q,Spare parts
HAM2-47040280000,Spare parts
BIR2-159,Spare parts
BIR2-131,Spare parts
BIR2-119A,Spare parts
BIR2-10-0,Spare parts
BET2-099407,Spare parts
BET2-051466,Spare parts
HAM2-44033272600,Spare parts
BET2-043823,Spare parts
BET2-037617,Spare parts
BET2-037616,Spare parts
BET2-036982,Spare parts
BET2-036969,Spare parts
BET2-022031,Spare parts
BET2-018079,Spare parts
BET2-017458,Spare parts
HAM2-44023254100,Spare parts
BES2-40413000,Spare parts
HAM2-44023222002,Spare parts
HAM2-44023184202,Spare parts
BES2-40309200,Spare parts
HAM2-42032503201,Spare parts
HAM2-42017501600,Spare parts
HAM2-42011001200,Spare parts
BES2-40114000,Spare parts
HAM2-39909900020,Spare parts
HAM2-35139900000,Spare parts
HAM2-34449800500,Spare parts
BES2-40112500,Spare parts
HAM2-32297074400,Spare parts
HAM2-32229110000,Spare parts
HAM2-32049110500,Spare parts
HAM2-31859900000,Spare parts
HAM2-31819900000,Spare parts
HAM2-31809900000,Spare parts
BES2-36062400,Spare parts
HAM2-31679500001,Spare parts
HAM2-31659503100,Spare parts
HAM2-31609360000,Spare parts
BES2-35878000,Spare parts
HAM2-31499363101,Spare parts
BES2-35876200,Spare parts
BES2-35876000,Spare parts
HAM2-31366540000,Spare parts
BES2-35614900,Spare parts
HAM2-31336700000,Spare parts
BES2-35614800,Spare parts
BES2-35614600,Spare parts
BES2-35050100,Spare parts
BES2-33614600,Spare parts
BES2-33171000,Spare parts
BES2-33170700,Spare parts
HAM2-31319110000,Spare parts
HAM2-31309900000,Spare parts
HAM2-912891100,Spare parts
BES2-32811800,Spare parts
HAM2-31269110000,Spare parts
BES2-32786300,Spare parts
BES2-32777300,Spare parts
BES2-32777200,Spare parts
HAM2-31239110000,Spare parts
HAM2-31219123100,Spare parts
BES2-32686300,Spare parts
HAM2-31109020000,Spare parts
HAM2-31099110000,Spare parts
BES2-32583800,Spare parts
BES2-32328000,Spare parts
HAM2-31082630000,Spare parts
BES2-32188200,Spare parts
BES2-32070800,Spare parts
HAM2-31079023101,Spare parts
BES2-31995000,Spare parts
BES2-31990900,Spare parts
HAM2-31076563100,Spare parts
HAM2-31029330000,Spare parts
HAM2-31009113101,Spare parts
HAM2-310003500,Spare parts
BES2-31979000,Spare parts
BES2-31978400,Spare parts
BES2-31954700,Spare parts
HAM2-30999360000,Spare parts
HAM2-30889800600,Spare parts
HAM2-30879800100,Spare parts
BES2-31953000,Spare parts
HAM2-30869800100,Spare parts
BES2-31952300,Spare parts
HAM2-30832090500,Spare parts
HAM2-30669110000,Spare parts
HAM2-30409390000,Spare parts
HAM2-30269360000,Spare parts
BES2-31952200,Spare parts
BES2-31924700,Spare parts
BES2-31912400,Spare parts
HAM2-280126100,Spare parts
HAM2-280121200,Spare parts
HAM2-280118800,Spare parts
HAM2-280114500,Spare parts
BES2-31859300,Spare parts
HAM2-280112903,Spare parts
HAM2-280112902,Spare parts
HAM2-280104401,Spare parts
BES2-31856800,Spare parts
HAM2-280099200,Spare parts
BES2-31856200,Spare parts
BES2-31834100,Spare parts
BES2-31807600,Spare parts
BES2-31807000,Spare parts
HAM2-280082600,Spare parts
HAM2-280081903,Spare parts
HAM2-280081602,Spare parts
BES2-31802800,Spare parts
HAM2-280080302,Spare parts
HAM2-280079900,Spare parts
HAM2-280079700,Spare parts
BES2-31802500,Spare parts
HAM2-280069100,Spare parts
HAM2-280056700,Spare parts
HAM2-280045600,Spare parts
HAM2-280045100,Spare parts
HAM2-280023800,Spare parts
BES2-31787000,Spare parts
HAM2-280023501,Spare parts
HAM2-280023300,Spare parts
BES2-31782500,Spare parts
HAM2-280022200,Spare parts
HAM2-280020500,Spare parts
HAM2-280012300,Spare parts
BES2-31777700,Spare parts
HAM2-280009600,Spare parts
BES2-31777600,Spare parts
HAM2-260059000,Spare parts
HAM2-260057600,Spare parts
BES2-31686800,Spare parts
BES2-31613900,Spare parts
BES2-31613600,Spare parts
BES2-31502300,Spare parts
HAM2-260055000,Spare parts
BES2-31290600,Spare parts
BES2-31290200,Spare parts
BES2-31288300,Spare parts
HAM2-260054901,Spare parts
HAM2-260054900,Spare parts
BES2-31283600,Spare parts
BES2-31283500,Spare parts
HAM2-260054800,Spare parts
HAM2-260054001,Spare parts
BES2-31273700,Spare parts
HAM2-260050101,Spare parts
BES2-31273600,Spare parts
BES2-31015900,Spare parts
BES2-30169300,Spare parts
BES2-30169100,Spare parts
BES2-30169000,Spare parts
HAM2-260048200,Spare parts
BES2-30064600,Spare parts
HAM2-260045401,Spare parts
BES2-27291100,Spare parts
HAM2-260045400,Spare parts
BES2-25878100,Spare parts
BES2-25779600,Spare parts
HAM2-260039700,Spare parts
BES2-25779400,Spare parts
HAM2-260039200,Spare parts
BES2-25763000,Spare parts
BES2-25648000,Spare parts
BES2-25646900,Spare parts
HAM2-260036600,Spare parts
BES2-25589900,Spare parts
HAM2-260027300,Spare parts
BES2-25185200,Spare parts
BES2-25165400,Spare parts
HAM2-260020801,Spare parts
BES2-25156000,Spare parts
HAM2-240010101,Spare parts
BES2-25081600,Spare parts
BES2-25080600,Spare parts
HAM2-240003400,Spare parts
BES2-25073000,Spare parts
BES2-25058400,Spare parts
HAM2-230047900,Spare parts
BES2-25042000,Spare parts
BES2-25021400,Spare parts
HAM2-220016300,Spare parts
BES2-24684200,Spare parts
HAM2-210047100,Spare parts
HAM2-210040700,Spare parts
BES2-24291600,Spare parts
HAM2-210022800,Spare parts
HAM2-210017100,Spare parts
BES2-23524900,Spare parts
BES2-23524700,Spare parts
BES2-23297400,Spare parts
BES2-23118500,Spare parts
BES2-23116200,Spare parts
HAM2-20649900500,Spare parts
HAM2-20609900000,Spare parts
BES2-22993700,Spare parts
BES2-22699200,Spare parts
BES2-22508000,Spare parts
BES2-22287500,Spare parts
HAM2-14-0733-02001,Spare parts
HAL2-K500BL,Spare parts
HAL2-K375BL,Spare parts
HAL2-H16B,Spare parts
HAL2-H16,Spare parts
HAL2-H15C,Spare parts
HAL2-H15,Spare parts
GRI2-90-028,Spare parts
GRI2-90-027-5,Spare parts
GRI2-90-027,Spare parts
GRI2-90-017,Spare parts
GRI2-90-015,Spare parts
GRC2-V141,Spare parts
GRC2-S130,Spare parts
GRC2-S128,Spare parts
GRC2-S112,Spare parts
GRC2-S087,Spare parts
GRC2-S082,Spare parts
GRC2-S081,Spare parts
GRC2-S077,Spare parts
GRC2-S076,Spare parts
GRC2-S045,Spare parts
GRC2-S044,Spare parts
GRC2-S041,Spare parts
GRC2-S013,Spare parts
GRC2-S001,Spare parts
GOL2-87399,Spare parts
BES2-22286910,Spare parts
GOL2-87094,Spare parts
GOL2-87086,Spare parts
GOL2-87049,Spare parts
GOL2-87044,Spare parts
GOL2-87043,Spare parts
GOL2-87023,Spare parts
GOL2-76300,Spare parts
GOL2-76176,Spare parts
BES2-22274600,Spare parts
BES2-22274000,Spare parts
BES2-22189200,Spare parts
BES2-22049800,Spare parts
BES2-22037400,Spare parts
BER2-WL-RS5,Spare parts
BER2-WL-RB5,Spare parts
BER2-WL-NS4,Spare parts
BER2-WL-NB4,Spare parts
BER2-WL-CI4-S,Spare parts
BER2-WL-CI4-B,Spare parts
BER2-WA-MTL,Spare parts
BER2-WA-MGTCTC,Spare parts
BER2-WA-JUNC-BOX,Spare parts
BER2-WA-EA-DIODE-6A,Spare parts
BER2-VA-WB-CC,Spare parts
BER2-VA-SS1,Spare parts
BER2-VA-SOLE-3-8,Spare parts
BER2-VA-PB-TAP-2,Spare parts
BER2-VA-MT10B-1,Spare parts
BER2-VA-MT10B,Spare parts
BER2-VA-MT10A-1,Spare parts
BER2-VA-FCPP,Spare parts
BER2-VA-FC,Spare parts
BER2-VA7988-B7,Spare parts
BER2-VA7988-B6,Spare parts
BER2-VA-1.6,Spare parts
BER2-VA-1.3,Spare parts
BER2-VA-0.8,Spare parts
BER2-UNDERSHELF-6,Spare parts
BER2-UNDERSHELF-4,Spare parts
BER2-U009,Spare parts
BER2-U008,Spare parts
BER2-U007,Spare parts
BER2-TM-Y135,Spare parts
BER2-TM-XR460,Spare parts
BER2-TM-XR30NTC,Spare parts
BER2-TM-XR30CX-B,Spare parts
BER2-TM-XR20,Spare parts
BER2-TM-TMT350,Spare parts
BER2-TM-TM120,Spare parts
BER2-TM-ROD,Spare parts
BER2-TM-NTC-C-ELI,Spare parts
BER2-TM-NTC-C-B,Spare parts
BER2-TM-EW70-ITY-N,Spare parts
BER2-TM-EW30-ITY,Spare parts
BER2-TM-ERKTMST,Spare parts
BER2-TM-ERIRLTMST,Spare parts
BER2-TM-EGO93,Spare parts
BER2-TM-EGO85,Spare parts
BER2-TM-EGO329,Spare parts
BER2-TM-EGO240,Spare parts
BER2-TM-EGO234,Spare parts
BER2-TM-EGO205,Spare parts
BER2-TM-BSP102,Spare parts
BER2-TM-329,Spare parts
BER2-TM-320,Spare parts
BER2-TM-250,Spare parts
BER2-TM-110,Spare parts
BER2-TLD-15W-05,Spare parts
BER2-TI-TIMER,Spare parts
BER2-TI-10M,Spare parts
BER2-T129,Spare parts
BER2-SW-S3P,Spare parts
BER2-SW-S2P-B,Spare parts
BER2-SW-PS100,Spare parts
BER2-SW-E3101,Spare parts
BER2-SW-B4P-BL,Spare parts
BER2-SW-3PS,Spare parts
BER2-STK-DW311,Spare parts
BER2-STK-DW211,Spare parts
BER2-STK-DF13,Spare parts
BER2-STK-CHILLER,Spare parts
BER2-SPO-R-C2208001A,Spare parts
BER2-SPO-R-C2204032L,Spare parts
BER2-SPO-R-C2204032J,Spare parts
BER2-SPO-R-C2204032I,Spare parts
BER2-SPO-R-C2204032G,Spare parts
BER2-SPO-R-C2204032F,Spare parts
BER2-SPO-R-C2204032E,Spare parts
BER2-SPO-R-C2204032D,Spare parts
BER2-SPO-R-C2204032C,Spare parts
BER2-SPO-P-PIE19020036A,Spare parts
BER2-SPO-P-PIE19020004A,Spare parts
BER2-SPO-P-C2109051B,Spare parts
BER2-SPO-P-C2109051A,Spare parts
BER2-SPO-P-C2003034C,Spare parts
BER2-SPO-P-C2002013A,Spare parts
BER2-SPO-P-C1911033A,Spare parts
BER2-SPO-P-C1908077A,Spare parts
BER2-SPO-P-C1908042A,Spare parts
BER2-SPO-E-C2306019A,Spare parts
BER2-SPO-E-C2012055A,Spare parts
BER2-SELVING-RIGHT,Spare parts
BER2-SELVING-LEFT,Spare parts
BER2-SEAL,Spare parts
BER2-SCREW,Spare parts
BER2-S-ODER-L-2B,Spare parts
BER2-S-ODER-L-1B,Spare parts
BER2-S-ODER-BLKR-CKE3,Spare parts
BER2-S-ODER-BLKR,Spare parts
BER2-RVA4P3D369,Spare parts
BER2-PN-UR6D-B,Spare parts
BER2-PN-UR4D-B,Spare parts
BER2-PN-UR2D-B,Spare parts
BER2-PN-DIP-LB-G-S,Spare parts
BER2-PN-D3P-LB-G-S,Spare parts
BER2-PN-D2P-LB-G-S,Spare parts
BER2-PN-D1D-LB-S,Spare parts
BER2-PL-URSC,Spare parts
BER2-PL-U30,Spare parts
BER2-PL-U10,Spare parts
BER2-PL-R-WO-G,Spare parts
BER2-PL-PDC-1-BLK,Spare parts
BER2-PL-M6X32,Spare parts
BER2-PL-M6X17,Spare parts
BER2-PL-M10,Spare parts
BER2-PL-JD-WSS,Spare parts
BER2-PL-JD-TT-C,Spare parts
BER2-PL-JD-ST,Spare parts
BER2-PL-JD-RL,Spare parts
BER2-PL-JD-PI-EURO,Spare parts
BER2-PL-JD-MRW,Spare parts
BER2-PL-JD-MPA,Spare parts
BER2-PL-JD-MP,Spare parts
BER2-PL-JD-MOR,Spare parts
BER2-PL-JD-MGS,Spare parts
BER2-PL-JD-M-CS,Spare parts
BER2-PL-JD-LST,Spare parts
BER2-PL-JD-L,Spare parts
BER2-PL-JD-GBS-1,Spare parts
BER2-PL-JD-GBS,Spare parts
BER2-PL-JD-DG,Spare parts
BER2-PL-JD-CP,Spare parts
BER2-PL-JD-BL,Spare parts
BER2-PL-JD-BG,Spare parts
BER2-PL-JD-B2,Spare parts
BER2-PL-GCS,Spare parts
BER2-PL-ESMB,Spare parts
BER2-PL-ESMA,Spare parts
BER2-PL-CHT456,Spare parts
BER2-PL-BSP15,Spare parts
BER2-PL-A-JOINT,Spare parts
BER2-P-N-AP-4537B-S,Spare parts
BER2-OP-U30-TC,Spare parts
BER2-OP-U20-TC,Spare parts
BER2-OP-SPIT720,Spare parts
BER2-OP-SALA-SP,Spare parts
BER2-OP-SALA-O.R,Spare parts
BER2-OP-NT-TD-S,Spare parts
BER2-OP-KM3B-S,Spare parts
BER2-OP-KM2B-S,Spare parts
BER2-OP-KM234-U-H,Spare parts
BER2-OP-KM234T,Spare parts
BER2-OP-KM234-S,Spare parts
BER2-OP-KM234MT,Spare parts
BER2-OP-KM234MC,Spare parts
BER2-OP-JD-H,Spare parts
BER2-OP-GDF-BR,Spare parts
BER2-OP-DRO-SPRING,Spare parts
BER2-OP-DRO-SHL,Spare parts
BER2-OP-DRO-SH,Spare parts
BER2-OP-DRO-HCP,Spare parts
BER2-OP-DRO-HC,Spare parts
BER2-OP-DRO-CP,Spare parts
BER2-OP-DR-C-RHSDR,Spare parts
BER2-OP-DR-C-LHSDR-(R),Spare parts
BER2-OP-DR-C-LHSDR-(L),Spare parts
BER2-OP-CRB23-FS,Spare parts
BER2-OP-BC002,Spare parts
BER2-OP-BC001,Spare parts
BER2-OP-38ED,Spare parts
BER2-OBC-OB4GG1BWOL,Spare parts
BER2-OB005,Spare parts
BER2-OB002,Spare parts
BER2-OB001,Spare parts
BER2-NT-UR6D-C-M,Spare parts
BER2-NT-UR4-6D-F-S,Spare parts
BER2-NT-UR4-6D-C-S,Spare parts
BER2-NT-UR2D-F,Spare parts
BER2-NT-SALA1122,Spare parts
BER2-NT-RO46S,Spare parts
BER2-NT-RO46B,Spare parts
BER2-NT-PSC6-8,Spare parts
BER2-NT-HH2-3D-S,Spare parts
BER2-NT-FWB7-M,Spare parts
BER2-NT-FWB7,Spare parts
BER2-NT-FW8C-M,Spare parts
BER2-NT-FW6C,Spare parts
BER2-NT-FW5C,Spare parts
BER2-NT-FW55,Spare parts
BER2-NT-FW4C,Spare parts
BER2-NT-FW44-1,Spare parts
BER2-NT-FW35,Spare parts
BER2-NT-FW33-1,Spare parts
BER2-NT-FW22-1,Spare parts
BER2-NT-ESM55,Spare parts
BER2-NT-ESM44,Spare parts
BER2-NT-DF-2-3D-S,Spare parts
BER2-NT-BMD311,Spare parts
BER2-NT-BMD211,Spare parts
BER2-NT-BD6-6,Spare parts
BER2-NT-BC6-6,Spare parts
BER2-NT-BBQ1,Spare parts
BER2-NT-8C-M,Spare parts
BER2-NT-6C-8C-S,Spare parts
BER2-MTRPH0056-31,Spare parts
BER2-MTRPH0033-31,Spare parts
BER2-MTRP4931,Spare parts
BER2-MTRP0033-31,Spare parts
BER2-MTRP0012-31,Spare parts
BER2-MT-KM020,Spare parts
BER2-MT-JD-N,Spare parts
BER2-MT-JD-EM,Spare parts
BER2-MT-ER002,Spare parts
BER2-MT-ER001,Spare parts
BER2-MST28APK3240,Spare parts
BER2-MST28AMK-3240,Spare parts
BER2-MST18AIN-3253,Spare parts
BER2-MST16AGZ-3253,Spare parts
BER2-MSP38AMK3240,Spare parts
BER2-MSP28AMK3240,Spare parts
BER2-MRT24AJN3253,Spare parts
BER2-MRP56AMK-3240,Spare parts
BER2-MRA3811-3253,Spare parts
BER2-MC-KM008,Spare parts
BER2-LK-METAL,Spare parts
BER2-LK-203,Spare parts
BER2-LE-RELAY,Spare parts
BER2-LE-PLRED,Spare parts
BER2-LE-PLGN,Spare parts
BER2-LE-PL3PHRED,Spare parts
BER2-LE-PL3PHGN,Spare parts
BER2-LE-OVEN-LB,Spare parts
BER2-LE-LAMP2BL,Spare parts
BER2-LE-LAMP18W,Spare parts
BER2-LE-LAMP1.5BL,Spare parts
BER2-LE-FW-BULD,Spare parts
BER2-LE-WAS10HL,Spare parts
BER2-LE-EA-RELAY,Spare parts
BER2-LE-2PIN-SOCKET,Spare parts
BER2-KN-WOS,Spare parts
BER2-KN-WOB,Spare parts
BER2-KN-VAS,Spare parts
BER2-KN-URN,Spare parts
BER2-KN-SALA,Spare parts
BER2-KN-KM,Spare parts
BER2-KN-K316,Spare parts
BER2-KN-FLAT,Spare parts
BER2-KN-DF,Spare parts
BER2-KN-250,Spare parts
BER2-KN-200,Spare parts
BER2-KN-110,Spare parts
BER2-KN-06,Spare parts
BER2-KME684-1,Spare parts
BER2-KMB005,Spare parts
BER2-IC-WPU-WTC,Spare parts
BER2-IC-W77-TM200,Spare parts
BER2-IC-W77-OH,Spare parts
BER2-IC-W77-KN,Spare parts
BER2-IC-W77-IL,Spare parts
BER2-IC-W77-IH,Spare parts
BER2-IC-W77-I,Spare parts
BER2-IC-W77-HL105,Spare parts
BER2-IC-VCM-HT-RB,Spare parts
BER2-IC-VCM-EMV,Spare parts
BER2-IC-VCM-C-TRANS,Spare parts
BER2-IC-VCM-CTC,Spare parts
BER2-IC-VCM-CPC,Spare parts
BER2-IC-VCM-COVER,Spare parts
BER2-IC-VCM-AP-RB,Spare parts
BER2-IC-IK-TRANS,Spare parts
BER2-IC-IK-SW,Spare parts
BER2-IC-IK-SC-A,Spare parts
BER2-IC-IK-FUSE,Spare parts
BER2-IC-IK-BC-A,Spare parts
BER2-IC-IK-B40W,Spare parts
BER2-IC-IK-B30W,Spare parts
BER2-IC-IK-B20W,Spare parts
BER2-IC-IK40-SC-A,Spare parts
BER2-IC-FR-T-S,Spare parts
BER2-IC-FR-TEMP-C,Spare parts
BER2-IC-FR-SL,Spare parts
BER2-IC-FR-PC303B,Spare parts
BER2-IC-FR-L-S,Spare parts
BER2-IC-FR-IH,Spare parts
BER2-IC-FR-FUSE5A,Spare parts
BER2-IC-FR-EMV,Spare parts
BER2-IC-FR11-MC,Spare parts
BER2-IC-FR11-EMV,Spare parts
BER2-IC-FD-TC,Spare parts
BER2-IC-DRC150A-TS,Spare parts
BER2-IC-DRC150A-NF,Spare parts
BER2-IC-DRC150A-KL,Spare parts
BER2-IC-DRC150A-K,Spare parts
BER2-IC-DRC150A-HF,Spare parts
BER2-IC-DRC150A-GV,Spare parts
BER2-IC-DRC150A-CP,Spare parts
BER2-IC-DRC150A-BR,Spare parts
BER2-IC-DARC150-CP,Spare parts
BER2-HW-SPCG,Spare parts
BER2-HW-S-S-LEG,Spare parts
BER2-HW-JD-VS,Spare parts
BER2-HW-JD-V,Spare parts
BER2-HW-JD-RC,Spare parts
BER2-HW-JD-MB-EURO,Spare parts
BER2-HW-BSP14W,Spare parts
BER2-HT-WO,Spare parts
BER2-HT-L-TYPE,Spare parts
BER2-HT-KM2.5KW,Spare parts
BER2-HT-IRL810W,Spare parts
BER2-HT-IRL510W,Spare parts
BER2-HT-IR810W,Spare parts
BER2-HT-IR510W,Spare parts
BER2-HT-IR1KW,Spare parts
BER2-HT-HP2KW,Spare parts
BER2-HT-HP1.5KW,Spare parts
BER2-HT-FW750W,Spare parts
BER2-HT-FW1KW,Spare parts
BER2-HT-FW1.5KW,Spare parts
BER2-HT-ESM-CRV,Spare parts
BER2-HT-ESM-BAND,Spare parts
BER2-HT-ERSR5KW,Spare parts
BER2-HT-ERGT5KW,Spare parts
BER2-HT-ER2340,Spare parts
BER2-HT-EG17.5KW,Spare parts
BER2-HT-DW2.9KW,Spare parts
BER2-HT-DW2.2KW,Spare parts
BER2-HT-DW1.6KW,Spare parts
BER2-HT-DRY3KW,Spare parts
BER2-HT-DF55,Spare parts
BER2-HT-DF41,Spare parts
BER2-HT-DF3KW,Spare parts
BER2-HT-DF27,Spare parts
BER2-HT-DF21,Spare parts
BER2-HT-DF19,Spare parts
BER2-HT-DF17,Spare parts
BER2-HT-DF13-2.4KW,Spare parts
BER2-HT-DF12-3KW-1,Spare parts
BER2-HT-DF12-3KW,Spare parts
BER2-HT-DDF2.4KW,Spare parts
BER2-HT-CIR3KW,Spare parts
BER2-HT-CG1.4KW,Spare parts
BER2-HT-CG1.1KW,Spare parts
BER2-HT-BMC1KW,Spare parts
BER2-HT-BMC1.6KW,Spare parts
BER2-HT-BMC1.4KW,Spare parts
BER2-HT-88,Spare parts
BER2-HT-60,Spare parts
BER2-HT-196,Spare parts
BER2-HT-193,Spare parts
BER2-HT-169,Spare parts
BER2-HN-SPSALA,Spare parts
BER2-HL-RDKM,Spare parts
BER2-HL-R001,Spare parts
BER2-HL-NDG01-630,Spare parts
BER2-HL-NB02-692R,Spare parts
BER2-HL-NB02-630R,Spare parts
BER2-HL-NB02-630L,Spare parts
BER2-HL-NB02-548R,Spare parts
BER2-HL-NB01-692,Spare parts
BER2-HL-NB01-548,Spare parts
BER2-HL-KM520,Spare parts
BER2-HL-JD-H,Spare parts
BER2-HL-GLFW,Spare parts
BER2-HL-FWUC,Spare parts
BER2-HL-FW-N,Spare parts
BER2-HL-FW,Spare parts
BER2-HL-F12,Spare parts
BER2-HL-ESM,Spare parts
BER2-HL-DG04,Spare parts
BER2-HL-BSP08,Spare parts
BER2-HL-BSP06,Spare parts
BER2-HL-B04,Spare parts
BER2-HL-B03N,Spare parts
BER2-HL-B02-518,Spare parts
BER2-HL-B02-482,Spare parts
BER2-HL-B02-375,Spare parts
BER2-HL-B01-630,Spare parts
BER2-HL-B01-518,Spare parts
BER2-HL-B01-375,Spare parts
BER2-HL-513W,Spare parts
BER2-HL-511W,Spare parts
BER2-HG-SDH-U-R,Spare parts
BER2-HG-SDH-U-L,Spare parts
BER2-HG-SDH-M-R,Spare parts
BER2-HG-SDH-M-L,Spare parts
BER2-HG-SDH-L-R-002,Spare parts
BER2-HG-SDH-L-R,Spare parts
BER2-HG-SDH-L-L-001,Spare parts
BER2-HG-SDH-L-L,Spare parts
BER2-HDWORL,Spare parts
BER2-HB-30B,Spare parts
BER2-GS-M1701-D2,Spare parts
BER2-GS-M1071-UR-565X686,Spare parts
BER2-GS-M1071-UR-559X686,Spare parts
BER2-GS-M1071-UR-558X681,Spare parts
BER2-GS-M1071-UR-555X685,Spare parts
BER2-GS-M1071-UR-552X681,Spare parts
BER2-GS-M1071-UR-551X680,Spare parts
BER2-GS-M1071-UR-551X679,Spare parts
BER2-GS-M1071-UR-404X551,Spare parts
BER2-GS-M1071-D3,Spare parts
BER2-GS-M1071-D2,Spare parts
BER2-GS-M1071-CT-413X522,Spare parts
BER2-GS-M1071-CT-411X525,Spare parts
BER2-GS-M1071-CT-410X519,Spare parts
BER2-GS-M1071-CT-402X522,Spare parts
BER2-GS-M1071-CT-402X519,Spare parts
BER2-GS-M1071-CT-401X519,Spare parts
BER2-GS-M1071-C6,Spare parts
BER2-GS-M1071-C5-7,Spare parts
BER2-GS-M1071-C4,Spare parts
BER2-GS-M1063-UR,Spare parts
BER2-GS-950B6-M,Spare parts
BER2-GS-950B5-M,Spare parts
BER2-GS-850B6-M,Spare parts
BER2-GS-8309,Spare parts
BER2-GS-573X695UR,Spare parts
BER2-GS-571X539C6,Spare parts
BER2-GS-562X1397DC,Spare parts
BER2-GS560X944UR(WHITE),Spare parts
BER2-GS555X555UR(BLACK),Spare parts
BER2-GS-551X539C8,Spare parts
BER2-GS-525X407,Spare parts
BER2-GS-459X539C7,Spare parts
BER2-GS-445X635C7,Spare parts
BER2-GS-423X539C5,Spare parts
BER2-GS-318X539C4,Spare parts
BER2-GS-158X605D3,Spare parts
BER2-GR6,Spare parts
BER2-GL-SDDC311,Spare parts
BER2-GL-SDDC211,Spare parts
BER2-GL-SC3456R,Spare parts
BER2-GL-SC3456L,Spare parts
BER2-GL-RCS4F-C,Spare parts
BER2-GL-NFW50-D,Spare parts
BER2-GL-NFW45-D,Spare parts
BER2-GL-NFW40-D,Spare parts
BER2-GL-NFW35-D,Spare parts
BER2-GL-IRGRL,Spare parts
BER2-GL-HE5,Spare parts
BER2-GL-HE4,Spare parts
BER2-GL-HE3,Spare parts
BER2-GL-GR003R,Spare parts
BER2-GL-GR003LEFT,Spare parts
BER2-GL-GR003,Spare parts
BER2-GL-FZR,Spare parts
BER2-GL-FW55,Spare parts
BER2-GL-FW50,Spare parts
BER2-GL-FW45,Spare parts
BER2-GL-FW40,Spare parts
BER2-GL-FW35,Spare parts
BER2-GL-ESM55S,Spare parts
BER2-GL-ESM55R,Spare parts
BER2-GL-ESM55D,Spare parts
BER2-GL-ESM44S,Spare parts
BER2-GL-ESM44R,Spare parts
BER2-GL-ESM44D,Spare parts
BER2-GL-DWCG211N,Spare parts
BER2-GL-DCCG311,Spare parts
BER2-GL-DCCG211,Spare parts
BER2-GLC-SC34568R,Spare parts
BER2-GLC-SC34568L,Spare parts
BER2-GLC-RCS6T,Spare parts
BER2-GLC-RCS6F,Spare parts
BER2-GLC-RCS4T,Spare parts
BER2-GL-CKE4DG,Spare parts
BER2-GL-CHR-O,Spare parts
BER2-GL-CHR-N,Spare parts
BER2-GL-CHL,Spare parts
BER2-GLC-D-RCS4-R,Spare parts
BER2-GLC-D-RCS4-L,Spare parts
BER2-GLC-D-GDF-L,Spare parts
BER2-GLC-D-CKE3-R,Spare parts
BER2-GLC-D-CKE3-L,Spare parts
BER2-GLC-D-B8-850R,Spare parts
BER2-GLC-D-B8-850L,Spare parts
BER2-GLC-DB5-8950R,Spare parts
BER2-GLC-DB5-8950L,Spare parts
BER2-GL-BMD111,Spare parts
BER2-GL-BMC8U,Spare parts
BER2-GL-BMC6U,Spare parts
BER2-GL-BMC6S,Spare parts
BER2-GL-BGC8,Spare parts
BER2-GL-BGC7,Spare parts
BER2-GL-BGC6,Spare parts
BER2-GL-950B6-C,Spare parts
BER2-GL-850B6-C,Spare parts
BER2-GL385520,Spare parts
BER2-GE-WL600,Spare parts
BER2-GE-WL400,Spare parts
BER2-GE-WL1500,Spare parts
BER2-GE-TC-GDF,Spare parts
BER2-GE-TC600-GDF,Spare parts
BER2-GE-PC306FS,Spare parts
BER2-GE-N820-GDF,Spare parts
BER2-GE-MPBGDF,Spare parts
BER2-GE-MINISIT,Spare parts
BER2-GE-LPG332-PB,Spare parts
BER2-GE-L600TC,Spare parts
BER2-GE-L1500TC,Spare parts
BER2-GE-GR500,Spare parts
BER2-GE-GR200,Spare parts
BER2-GE-ES,Spare parts
BER2-GE-E630-DRO,Spare parts
BER2-GDC-2D-DF-S-EV-R,Spare parts
BER2-GDC-2D-DF-S-EV-L,Spare parts
BER2-GAS-PIPE,Spare parts
BER2-FT-UST,Spare parts
BER2-FT-U40ST,Spare parts
BER2-FT-SENSOR,Spare parts
BER2-FT-MSP,Spare parts
BER2-FT-KMBS,Spare parts
BER2-FT-KMBL,Spare parts
BER2-FT-BFL4,Spare parts
BER2-FT-BF6,Spare parts
BER2-FRONT-C,Spare parts
BER2-FP-CKE3,Spare parts
BER2-FL-FD3-8-SC,Spare parts
BER2-FL-FD3-8-S,Spare parts
BER2-FL-50G-C,Spare parts
BER2-FE-VDE90W,Spare parts
BER2-FE-FPTC8,Spare parts
BER2-FE-FM-COND,Spare parts
BER2-FE-FM10,Spare parts
BER2-FE-F6-ROHS,Spare parts
BER2-FE-F3,Spare parts
BER2-FE-CS-VDE45W,Spare parts
BER2-FE-BLOW040,Spare parts
BER2-FE-BLOW030,Spare parts
BER2-FC-DRO6L,Spare parts
BER2-FB-DRUPB,Spare parts
BER2-ESM008,Spare parts
BER2-ESM006,Spare parts
BER2-ESM005,Spare parts
BER2-ESM002,Spare parts
BER2-ER,Spare parts
BER2-EG004,Spare parts
BER2-DW020,Spare parts
BER2-DW019,Spare parts
BER2-D-SDC-S-R,Spare parts
BER2-D-SDC-S-L,Spare parts
BER2-DR-SWLK,Spare parts
BER2-DR-EDS,Spare parts
BER2-DR-DS-BSP-L,Spare parts
BER2-DR-12,Spare parts
BER2-DR-08HGRH,Spare parts
BER2-DR-07HGLH,Spare parts
BER2-DR-06-AWL,Spare parts
BER2-DR-05L-BASE,Spare parts
BER2-DR-04L-BOLT,Spare parts
BER2-DR-03LLH,Spare parts
BER2-DR-01,Spare parts
BER2-D-GDC-S-R,Spare parts
BER2-D-GDC-S-L,Spare parts
BER2-DF009,Spare parts
BER2-DF007,Spare parts
BER2-D-CKE5-R,Spare parts
BER2-D-CKE5-L,Spare parts
BER2-D-C7-B-R,Spare parts
BER2-DC-3D-M,Spare parts
BER2-D-B8-850-R,Spare parts
BER2-D-B8-850-L,Spare parts
BER2-D-B5-8-950-R,Spare parts
BER2-D-B5-8-950-L,Spare parts
BER2-CS-TM-XR70CX-B-2,Spare parts
BER2-CS-IR412,Spare parts
BER2-CS-D-Y-B-RT,Spare parts
BER2-CS-D-Y-B-RB,Spare parts
BER2-CS-D-Y-B-LT,Spare parts
BER2-CS-D-Y-B-LB,Spare parts
BER2-CS-BR-B110,Spare parts
BER2-CS-BF-C7-8,Spare parts
BER2-CS-AC8-A,Spare parts
BER2-CPGD44567638,Spare parts
BER2-C-PC2-8,Spare parts
BER2-COVER-T,Spare parts
BER2-COVER-B,Spare parts
BER2-COVER-U30,Spare parts
BER2-COVER-U10,Spare parts
BER2-COTR-TOP,Spare parts
BER2-C-OB123RING,Spare parts
BER2-C-OB123NUT,Spare parts
BER2-C-MS4,Spare parts
BER2-C-M10-BN,Spare parts
BER2-CKE4SCSB-002,Spare parts
BER2-CKE4SCSB-001,Spare parts
BER2-C-JD-IR,Spare parts
BER2-CI-YS,Spare parts
BER2-CI-OB246,Spare parts
BER2-CI-LBT,Spare parts
BER2-CI-LBB,Spare parts
BER2-CI-CGP,Spare parts
BER2-CHER001,Spare parts
BER2-CFB10W,Spare parts
BER2-CENTER-PANEL,Spare parts
BER2-CDS2502505R,Spare parts
BER2-CD-150N,Spare parts
BER2-CD-125A,Spare parts
BER2-CD-100N,Spare parts
BER2-CD-075,Spare parts
BER2-CD-060,Spare parts
BER2-CD-033,Spare parts
BER2-CD-025,Spare parts
BER2-CC-ICS12,Spare parts
BER2-CC-DC311C,Spare parts
BER2-CC-DC211CC,Spare parts
BER2-CC-DC211C,Spare parts
BER2-CC-CKE-RCS4,Spare parts
BER2-C-C6,Spare parts
BER2-CC-52DF,Spare parts
BER2-CC-38DF,Spare parts
BER2-CC-34UR,Spare parts
BER2-CC-24UR,Spare parts
BER2-CC-24DF-N-S,Spare parts
BER2-CC-24DF,Spare parts
BER2-CC-185,Spare parts
BER2-CC-16UR,Spare parts
BER2-CC-16DF,Spare parts
BER2-CC-16C-C5-6,Spare parts
BER2-CC-16-C5-6,Spare parts
BER2-CC-13C,Spare parts
BER2-C-BJS56,Spare parts
BER2-C-BJS55,Spare parts
BER2-C-BJS44,Spare parts
BER2-C-BJS21-EXT,Spare parts
BER2-C-BJS10-0.8,Spare parts
BER2-CAPA(GR001),Spare parts
BER2-BS-C-WOOL,Spare parts
BER2-BR-VEN-S,Spare parts
BER2-BR-TF45,Spare parts
BER2-BR-SH,Spare parts
BER2-BR-PASTA-400,Spare parts
BER2-BR-KM,Spare parts
BER2-BR-IR412,Spare parts
BER2-BR-H23,Spare parts
BER2-BR-GDF12,Spare parts
BER2-BR-E40B,Spare parts
BER2-BR-DR412,Spare parts
BER2-BR-BBQ002,Spare parts
BER2-BR-BBQ001,Spare parts
BER2-BR-B110,Spare parts
BER2-BR-A300,Spare parts
BER2-BN-SC001,Spare parts
BER2-BN-RW9.5,Spare parts
BER2-BN-RW15.5,Spare parts
BER2-BN-RW12.5,Spare parts
BER2-BN-PSA6X16,Spare parts
BER2-BN-MSSWM6,Spare parts
BER2-BN-JCN,Spare parts
BER2-BN-CG4X8,Spare parts
BER2-MC-TP3237,Spare parts
BER2-BKSH6L,Spare parts
BER2-BKSH6H,Spare parts
BER2-BK-PASTA,Spare parts
BER2-BK-GDF23,Spare parts
BER2-BK-GDF12,Spare parts
BER2-BK-23N,Spare parts
BER2-BK-13N,Spare parts
BER2-BK-13F,Spare parts
BER2-BK-12N,Spare parts
BER2-BK-12F-N-N,Spare parts
BER2-BC-TBWH,Spare parts
BER2-BCP-DRO6L,Spare parts
BER2-B-BE-KM,Spare parts
BER2-BA-SC001,Spare parts
BER2-BAR-SALA22A,Spare parts
BER2-BAR-SALA11A,Spare parts
BER2-BAR-OB1,Spare parts
BER2-BA-PB,Spare parts
BER2-BA-NA018,Spare parts
BER2-BA-C-WOOL,Spare parts
BER2-BA-C-SALA,Spare parts
BER2-BA-C82,Spare parts
BER2-BA-B412-CV,Spare parts
BER2-AP-4540G,Spare parts
BER2-AP-4537B-S,Spare parts
BER2-ACRYLIC-SHEET,Spare parts
BER2-88UFD-330V,Spare parts
BER2-88UF330V,Spare parts
BER2-88MF260V,Spare parts
BER2-8680156,Spare parts
BER2-8662559,Spare parts
BER2-80UF250V,Spare parts
BER2-80MF,Spare parts
BER2-72UF-260V,Spare parts
BER2-72MF260V,Spare parts
BER2-64UFD-330V,Spare parts
BER2-64UF260V,Spare parts
BER2-64MF260V,Spare parts
BER2-585X690X50,Spare parts
BER2-50UFD-260V,Spare parts
BER2-3ARRST6AC3,Spare parts
BER2-3ARRST6AA3,Spare parts
BER2-RL,Spare parts
BER2-3ARR3T10AD3,Spare parts
BER2-310X495,Spare parts
BER2-2D-DC-BOTTOM-PANEL,Spare parts
BER2-275X605,Spare parts
BER2-20UFD-400V,Spare parts
BER2-15MF440V,Spare parts
BER2-117U6022,Spare parts
BER2-117U5018,Spare parts
BER2-117U5015,Spare parts
BER2-117-7012,Spare parts
BER2-10MF,Spare parts
BER2-00007,Spare parts
BER2-00006,Spare parts
BER2-00005,Spare parts
BER2-00004-R,Spare parts
BER2-00004-L,Spare parts
BER2-00003,Spare parts
BER2-00002,Spare parts
BER2-00001,Spare parts
BEN2-5046,Spare parts
BEN2-5036,Spare parts
BEN2-5023,Spare parts
BEN2-5021,Spare parts
BEN2-5016,Spare parts
BEN2-4002,Spare parts
BEN2-4001,Spare parts
BEN2-2028,Spare parts
BEN2-2008,Spare parts
BEN2-2007,Spare parts
BEN2-2006,Spare parts
BEN2-2005,Spare parts
BEN2-2002,Spare parts
BEN2-2001,Spare parts
BEN2-1021,Spare parts
BAR2-BR-7006,Spare parts
BAR2-BR-41606,Spare parts
BAR2-BR-31006,Spare parts
BAR2-BR-3006SS,Spare parts
BAR2-BR-3006,Spare parts
BAR2-BR-26006,Spare parts
BAR2-BR-2006,Spare parts
BAR2-BR-19006,Spare parts
BAR2-BR-17006,Spare parts
BAR2-BR-16006,Spare parts
BAR2-BR-15006,Spare parts
BAR2-BR-1006,Spare parts
ASL2-SK-IND5000,Spare parts
ASL2-SK-IND3500W,Spare parts
ASL2-SENSOR-DW,Spare parts
ASL2-SENSOR,Spare parts
ASL2-PLASTIC-SHELL,Spare parts
ASL2-IGBT-H30,Spare parts
ASL2-IGBT-H25,Spare parts
ASL2-IGBT-H15,Spare parts
ASL2-HN-RT,Spare parts
ASL2-HN-RB35A,Spare parts
ASL2-HN-RB25A,Spare parts
ASL2-HN-MCP-50W,Spare parts
ASL2-HN-MB50-NV,Spare parts
ASL2-HN-MB50-17,Spare parts
ASL2-HN-MB50-15,Spare parts
ASL2-HN-MB50-16,Spare parts
ASL2-HN-MB35W-NV-202007,Spare parts
ASL2-HN-MB35-OLD,Spare parts
ASL2-HN-MB35-OV,Spare parts
ASL2-HN-MB20,Spare parts
ASL2-HN-GLAR-2000,Spare parts
ASL2-HN-GLA-5000,Spare parts
ASL2-HN-GLA+FRAME5000,Spare parts
ASL2-HN-FRAME-5000,Spare parts
ASL2-HN-FAN,Spare parts
ASL2-HN-DPS-5000,Spare parts
ASL2-HN-DPS-2000,Spare parts
ASL2-HN-DP-50-OLD,Spare parts
ASL2-HN-DP-35-OLD,Spare parts
ASL2-HN-DP-35-1,Spare parts
ASL2-HN-DP-35,Spare parts
ASL2-HN-DP-1-SET,Spare parts
ASL2-HN-C-50W,Spare parts
ASL2-HN-C-50,Spare parts
ASL2-HN-C-35W,Spare parts
ASL2-HN-C-35F,Spare parts
ASL2-HN-C-20F,Spare parts
ASL2-FUSE-S,Spare parts
ASL2-DP-50-NV-202007,Spare parts
ARP2-123522,Spare parts
ARP2-123521,Spare parts
ARP2-123480,Spare parts
ARP2-123254,Spare parts
ARP2-123070,Spare parts
APW2-BO10144,Spare parts
APW2-BO10121,Spare parts
APW2-BO10120,Spare parts
APW2-BO10119,Spare parts
AMA2-R0163215,Spare parts
AMA2-R0156921,Spare parts
AMA2-R0156915,Spare parts
AMA2-R0156912,Spare parts
AMA2-R0154047,Spare parts
AMA2-D7834603,Spare parts
AMA2-D7831005,Spare parts
AMA2-D7784901,Spare parts
AMA2-D7751101,Spare parts
AMA2-D7741701,Spare parts
AMA2-D7692501,Spare parts
AMA2-D7685503,Spare parts
AMA2-D7684601,Spare parts
AMA2-D7670302,Spare parts
AMA2-C8981602Q,Spare parts
AMA2-C8959901,Spare parts
AMA2-C8943002Q,Spare parts
AMA2-C8901508,Spare parts
AMA2-C8798605,Spare parts
AMA2-C8793501,Spare parts
AMA2-C10794402,Spare parts
AMA2-B8376801,Spare parts
AMA2-B5684118,Spare parts
AMA2-B5684113,Spare parts
AMA2-B5684111,Spare parts
AMA2-B5684106,Spare parts
AMA2-A0282802,Spare parts
AMA2-10937200,Spare parts
AMA2-10766601,Spare parts
AMA2-10649001,Spare parts
AMA2-10366904,Spare parts
AMA2-10366902,Spare parts
AMA2-10169101Q,Spare parts
AMA2-10110311,Spare parts
AMA2-10094104,Spare parts
SIR1-TC32-CHICAGO,Products
SIR1-TC22-DALLAS220V,Products
SIR1-PS8,Products
SIR1-PS14,Products
SIR1-MSC06AMOZ,Products
SIR1-40115150,Products
SIR1-40115112,Products
SIR1-28184034,Products
SIR1-28184032,Products
SIR1-28184025,Products
SAN1-02,Products
SAN1-01P,Products
ROE1-R401,Products
ROE1-R4-VVB,Products
ROE1-CL55E2V-PUSHER,Products
ROE1-CL50E,Products
ROE1-BLIXER4-VV,Products
ROE1-R402-400V-50HZ-3PH,Products
ROE1-28197W,Products
ROE1-28195,Products
ROE1-28181,Products
ROE1-28166,Products
ROE1-28153,Products
ROE1-28133W,Products
ROE1-28132W,Products
ROE1-28131W,Products
ROE1-28129W,Products
ROE1-28061W,Products
ROE1-28059W,Products
ROE1-28054,Products
ROE1-27764,Products
ROE1-27632,Products
ROE1-27610,Products
ROE1-27588,Products
ROE1-27577,Products
ROE1-27566,Products
ROE1-27555,Products
ROE1-27511,Products
ROE1-27130,Products
ROE1-27117,Products
ROE1-27116,Products
ROE1-27114,Products
ROE1-27113,Products
ROE1-27087,Products
ROE1-27086,Products
ROE1-27080,Products
ROE1-27079,Products
ROE1-27078,Products
ROE1-27070,Products
ROE1-27069,Products
ROE1-27048,Products
ROE1-27047,Products
PRC1-3S-6K,Products
PRC1-3S-3K,Products
PRC1-3S-30K,Products
NTS1-MAND-SLI,Products
NTS1-MAND-S,Products
LTE1-OX5V55,Products
LTE1-N8004,Products
LTE1-N80031,Products
LTE1-N80021,Products
LTE1-N8001,Products
LTE1-N6970,Products
LTE1-N4244,Products
LTE1-N4230,Products
LTE1-N4044,Products
LTE1-CAX106,Products
LKK1-TR180,Products
LKK1-TJ32(Y),Products
LKK1-TC22(Y),Products
LKK1-TC12I(Y),Products
LKK1-QS503A,Products
LKK1-MT30B,Products
LKK1-MT25B,Products
LKK1-MT12.5B,Products
LKK1-MM-25,Products
LKK1-JG300A,Products
LKK1-JG210A,Products
LKK1-HWH25(HY),Products
LKK1-DW-WZ200,Products
EDL1-SR11000C,Products
EDL1-SR1000C,Products
EDL1-S-11E,Products
SKP1-SIM-50A-HALF,Products
SKP1-SIM-50A,Products
ROL1-CD800B,Products
NTS1-WIN-S85ST,Products
NTS1-WIN-S54ST,Products
NTS1-WIN-S28ST,Products
NTS1-WIN-S100ST,Products
NTS1-WIN-D85DI,Products
NTS1-WIN-D54ST,Products
NTS1-WIN-D28ST,Products
NTS1-MH-168DZ,Products
NEW1-NT325-MF,Products
NEW1-NT125MU(S),Products
LKK1-SS180-1,Products
LKK1-SS150-1,Products
LKK1-G338C2F,Products
LKK1-SS150-2,Products
LKK1-SS120-2,Products
LKK1-SS120-1,Products
BER1-RCS4SM,Products
BER1-3D-DF-S-EV,Products
TAC1-RPD2415,Products
TAC1-RB138,Products
TAC1-R1818,Products
TAC1-PP410,Products
TAC1-PC2N,Products
TAC1-MG2,Products
TAC1-GW5,Products
TAC1-GW4,Products
TAC1-FBN2414,Products
TAC1-BK37409,Products
TAC1-BK2RS,Products
TAC1-ARC3,Products
TAC1-AR3,Products
TAC1-AR2,Products
TAC1-ACR59,Products
TAC1-A6,Products
TAC1-A361,Products
TAC1-A3,Products
TAC1-A22,Products
TAC1-A278,Products
TAC1-A1515,Products
TAC1-A14,Products
TAC1-A167,Products
NTS1-WJU-3,Products
NTS1-WJU-2,Products
NTS1-WJU-1,Products
NTS1-WIN1-28,Products
NTS1-W51139,Products
NTS1-VCP-S15,Products
NTS1-VCP-100,Products
NTS1-VC15-MP,Products
NTS1-TUL1-9-2,Products
NTS1-TUL1-9,Products
NTS1-TUL1-8,Products
NTS1-TUL1-7,Products
NTS1-TUL1-6,Products
NTS1-TUL1-4-1,Products
NTS1-TUL1-4,Products
NTS1-TUL1-30,Products
NTS1-TUL1-29-8P,Products
NTS1-TUL1-29-8,Products
NTS1-TUL1-29-10P,Products
NTS1-TUL1-29-10,Products
NTS1-TUL1-2,Products
NTS1-TUL1-14,Products
NTS1-TUL1-12-1,Products
NTS1-TUL1-11-O,Products
NTS1-TRA-3,Products
NTS1-TRA-2,Products
NTS1-TRA-1,Products
NTS1-TOF-T,Products
NTS1-TEA-B8-S,Products
NTS1-TEA-A2,Products
NTS1-SVD-3,Products
NTS1-SVD-2,Products
NTS1-SVD-1,Products
NTS1-STK2,Products
NTS1-STK1-WOOD,Products
NTS1-S-RESER,Products
NTS1-SQ-9L-2,Products
NTS1-SOF1-3,Products
NTS1-SOF1-2,Products
NTS1-SGB-T,Products
NTS1-SGB-B,Products
NTS1-SGB1,Products
NTS1-SB0634,Products
NTS1-SB0378,Products
NTS1-SALB-17,Products
NTS1-SALB-16,Products
NTS1-SALB-15,Products
NTS1-SALB-14,Products
NTS1-SAK1-28,Products
NTS1-WIN1-12,Products
NTS1-RIT1-41,Products
NTS1-STA1-19,Products
NTS1-RB-AC540,Products
NTS1-RB-AC300,Products
NTS1-RAM1-13,Products
NTS1-STA1-11,Products
NTS1-RAB-3,Products
NTS1-RAB-2,Products
NTS1-RAB-1,Products
NTS1-PST-9,Products
NTS1-STA1-9,Products
NTS1-PRI1-30,Products
NTS1-PRI1-29,Products
NTS1-PRI1-18-1,Products
NTS1-PRI1-16,Products
NTS1-PRI1-13,Products
NTS1-PRI1-11-R,Products
NTS1-PRI1-11-O,Products
NTS1-PPM-SS65,Products
NTS1-POT-S,Products
NTS1-POR1-9-1,Products
NTS1-POR1-9,Products
NTS1-POR1-6,Products
NTS1-POR1-5,Products
NTS1-POR1-4,Products
NTS1-POR1-30,Products
NTS1-POR1-3,Products
NTS1-POR1-29,Products
NTS1-POR1-18-1,Products
NTS1-POR1-17,Products
NTS1-POR1-14-R,Products
NTS1-POR1-14-O,Products
NTS1-POR1-13,Products
NTS1-POR1-12,Products
NTS1-POR1-11-R,Products
NTS1-POR1-11-O,Products
NTS1-POR1-10,Products
NTS1-PBD3,Products
NTS1-PBD2,Products
NTS1-PBD1,Products
NTS1-NOV1-9-3,Products
NTS1-NOV1-9-2,Products
NTS1-NOV1-3-2,Products
NTS1-NOV1-29-11P,Products
NTS1-NOV1-29-10P,Products
NTS1-NOV1-29-10,Products
NTS1-NOV1-26,Products
NTS1-NOV1-2-2,Products
NTS1-NOV1-14-1,Products
NTS1-NOV1-12,Products
NTS1-NOV1-11-1,Products
NTS1-NOA1-19,Products
NTS1-NOA1-18-1,Products
NTS1-NOA1-17,Products
NTS1-NOA1-16,Products
NTS1-NOA1-15,Products
NTS1-NOA1-14,Products
NTS1-NOA1-13,Products
NTS1-NOA1-12,Products
NTS1-NOA1-11,Products
NTS1-NOA1-10,Products
NTS1-MVP1000M,Products
NTS1-MLKH5,Products
NTS1-MLKH3,Products
NTS1-MLKH2,Products
NTS1-MLK-A5,Products
NTS1-MLK-A4,Products
NTS1-MLK-A2,Products
NTS1-MLK-A1,Products
NTS1-MIA1-9,Products
NTS1-MIA1-8,Products
NTS1-MIA1-7,Products
NTS1-MIA1-3,Products
NTS1-MIA1-27,Products
NTS1-MIA1-2,Products
NTS1-MIA1-18-L,Products
NTS1-MIA1-17,Products
NTS1-MIA1-16,Products
NTS1-MIA1-14,Products
NTS1-MIA1-13,Products
NTS1-MIA1-12,Products
NTS1-MIA1-11,Products
NTS1-MIA1-10,Products
NTS1-MIA1-1,Products
NTS1-PRI1-9-2,Products
NTS1-MAX1-9,Products
NTS1-STA1-8,Products
NTS1-STA1-7,Products
NTS1-STA1-6,Products
NTS1-STA1-5,Products
NTS1-STA1-4,Products
NTS1-STA1-3,Products
NTS1-MAX1-29-1P,Products
NTS1-MAX1-29-1,Products
NTS1-STA1-28,Products
NTS1-STA1-27,Products
NTS1-STA1-10,Products
NTS1-STA1-2,Products
NTS1-STA1-17,Products
NTS1-RAM1-15,Products
NTS1-STA1-14,Products
NTS1-STA1-12,Products
NTS1-MAX1-11-1,Products
NTS1-MAX1-11,Products
NTS1-STA1-1,Products
NTS1-LUK1-9,Products
NTS1-LUK1-8,Products
NTS1-LUK1-7,Products
NTS1-LUK1-33,Products
NTS1-LUK1-32,Products
NTS1-LUK1-27,Products
NTS1-LUK1-16,Products
NTS1-LUK1-14,Products
NTS1-LUK1-10,Products
NTS1-LIA1-3,Products
NTS1-LIA1-2,Products
NTS1-LIA1-17,Products
NTS1-LIA1-1,Products
NTS1-KIN1-2,Products
NTS1-LEN1-3,Products
NTS1-LEN1-2,Products
NTS1-LEN1-11,Products
NTS1-LEN1-1,Products
NTS1-JD-8LS-PC,Products
NTS1-JD-8LDB,Products
NTS1-JD-5LS,Products
NTS1-JD-5LD,Products
NTS1-JUS1-3,Products
NTS1-JUS1-2,Products
NTS1-JUS1-11,Products
NTS1-ISC-S72,Products
NTS1-ISC1-8,Products
NTS1-ISC1-46,Products
NTS1-ISC1-33,Products
NTS1-ISC1-28,Products
NTS1-ISC1-27,Products
NTS1-HP-400W,Products
NTS1-HP-350W,Products
NTS1-HOW-S24,Products
NTS1-GAN-S72,Products
NTS1-GAN1-9-M,Products
NTS1-GAN1-9-1,Products
NTS1-GAN1-9,Products
NTS1-GAN1-6,Products
NTS1-GAN1-5,Products
NTS1-GAN1-34-2,Products
NTS1-GAN1-34-1,Products
NTS1-GAN1-3-1,Products
NTS1-GAN1-3,Products
NTS1-GAN1-28,Products
NTS1-GAN1-27,Products
NTS1-GAN1-2-1,Products
NTS1-GAN1-2,Products
NTS1-GAN1-18,Products
NTS1-GAN1-17,Products
NTS1-GAN1-16,Products
NTS1-GAN1-15,Products
NTS1-GAN1-13,Products
NTS1-GAN1-12-R,Products
NTS1-GAN1-12,Products
NTS1-GAN1-11-2,Products
NTS1-GAN1-11,Products
NTS1-GAN1-1,Products
NTS1-FOR1-5,Products
NTS1-FOR1-29-10P,Products
NTS1-FOR1-27,Products
NTS1-FOR1-16,Products
NTS1-FOR1-13,Products
NTS1-FOR1-11,Products
NTS1-POR1-1,Products
NTS1-FAB-S24,Products
NTS1-ISC-S4,Products
NTS1-ELM1-9-1,Products
NTS1-ELM1-8,Products
NTS1-ELM1-7,Products
NTS1-ELM1-6,Products
NTS1-ELM1-33,Products
NTS1-ELM1-28,Products
NTS1-ELM1-27,Products
NTS1-ELM1-2-1,Products
NTS1-ELM1-2,Products
NTS1-ELM1-19,Products
NTS1-ELM1-18,Products
NTS1-ELM1-17,Products
NTS1-ELM1-16,Products
NTS1-POR1-15,Products
NTS1-ELM1-14,Products
NTS1-ELM1-13,Products
NTS1-ELM1-12,Products
NTS1-ELM1-1-1,Products
NTS1-ELM1-11,Products
NTS1-ELM1-10,Products
NTS1-EGG-C45,Products
NTS1-DRI-A3,Products
NTS1-DON1-12,Products
NTS1-DC-PC8,Products
NTS1-DC-PC6,Products
NTS1-DC-PC16,Products
NTS1-DC-PC14,Products
NTS1-DC-PC12,Products
NTS1-DC-PC10,Products
NTS1-DAR1-6,Products
NTS1-DAR1-5,Products
NTS1-DAR1-4,Products
NTS1-DAR1-2,Products
NTS1-DAR1-19,Products
NTS1-DAR1-18,Products
NTS1-DAR1-17,Products
NTS1-DAR1-15,Products
NTS1-DAR1-14,Products
NTS1-FOR1-12,Products
NTS1-DAR1-11,Products
NTS1-DAR1-10,Products
NTS1-DAR1-1,Products
NTS1-COV-R14,Products
NTS1-COV-R12,Products
NTS1-COV8,Products
NTS1-COV16,Products
NTS1-CAD-S72,Products
NTS1-BRI-S4-2,Products
NTS1-BOT-B6-Z,Products
NTS1-BOT-B1,Products
NTS1-BOT-B6,Products
NTS1-BOT-A2,Products
NTS1-BOT-A1,Products
NTS1-BOS1-9,Products
NTS1-BOS1-8,Products
NTS1-BOS1-7,Products
NTS1-BOS1-6,Products
NTS1-BOS1-5,Products
NTS1-DAR1-3,Products
NTS1-BOS1-2,Products
NTS1-BOS1-19,Products
NTS1-BOS1-18,Products
NTS1-BOS1-17,Products
NTS1-BOS1-15,Products
NTS1-BOS1-14,Products
NTS1-BOS1-12,Products
NTS1-BOS1-11,Products
NTS1-ELM1-1,Products
NTS1-ELM1-9,Products
NTS1-BEV1-8,Products
NTS1-BEV1-7,Products
NTS1-FOR1-6,Products
NTS1-BEV1-4,Products
NTS1-FOR1-3,Products
NTS1-BEV1-19,Products
NTS1-BEV1-18,Products
NTS1-BEV1-15,Products
NTS1-BEV1-14,Products
NTS1-BOS1-13,Products
NTS1-BEV1-12,Products
NTS1-BEV1-11,Products
NTS1-BBC-GY-WT,Products
NTS1-BBC-GY,Products
NTS1-AVA1-9-R,Products
NTS1-AVA1-9,Products
NTS1-AVA1-8,Products
NTS1-AVA1-7,Products
NTS1-AVA1-6,Products
NTS1-BEV1-5,Products
NTS1-AVA1-4,Products
NTS1-AVA1-28,Products
NTS1-AVA1-27-1,Products
NTS1-AVA1-27,Products
NTS1-AVA1-26,Products
NTS1-AVA1-22,Products
NTS1-BEV1-2,Products
NTS1-AVA1-18,Products
NTS1-AVA1-17,Products
NTS1-AVA1-16,Products
NTS1-AVA1-15,Products
NTS1-AVA1-12,Products
NTS1-AVA1-11,Products
NTS1-AVA1-10,Products
NTS1-AVA1-1,Products
NTS1-ASH-L10,Products
NTS1-ASH8,Products
NTS1-APO1-6,Products
NTS1-POR1-2,Products
NTS1-APO1-15,Products
NTS1-VCP-S20,Products
NTS1-AP20-MI,Products
NTS1-AP20-MA,Products
NTS1-AP15-MA,Products
NTS1-VCP-S10,Products
NTS1-ALL-S24,Products
NTS1-ADAP-CD,Products
NTS1-ACL-PS-S14,Products
NTS1-ACL-PS-S13,Products
NTS1-ACL-PS-S12,Products
NTS1-433-01,Products
NTS1-411PB2,Products
LKK1-W-2023-550,Products
LKK1-W-2022-360,Products
LKK1-W-2003,Products
LKK1-W-2001,Products
LKK1-W-1032,Products
LKK1-W-1031,Products
LKK1-W-1030,Products
LKK1-W-1029-1000,Products
LKK1-W-1028,Products
LKK1-W-1026,Products
LKK1-W-1025,Products
CAM1-MDSCDB9EU24V-487,Products
CAM1-CLRSM8B5-480,Products
CAM1-CLRSB9-480,Products
CAM1-99SMVS-197,Products
CAM1-96SCWNR-148,Products
CAM1-90SPCW-186,Products
CAM1-75CW-154,Products
CAM1-750SCWNR-154,Products
CAM1-9R9-157,Products
CAM1-1013CRVS-191,Products
NTS1-MU-10L,Products
NTS1-CED-8LD,Products
NTS1-CED-7L-PC,Products
NTS1-CED-4LS,Products
NTS1-CED-12LT,Products
NTS1-FP-2,Products
NTS1-FP-1,Products
NTS1-DRFP-SS6L,Products
NTS1-CDHR-900W,Products
NTS1-CDHR-1000W,Products
NTS1-CD-GN12-POR,Products
NTS1-CD-GN11-POR,Products
NTS1-CD-FUEL,Products
NTS1-CD-B9L-WP,Products
NTS1-CD-385SD-POR,Products
NTS1-CD-385-POR,Products
NTS1-CD-385D-POR,Products
NTS1-CD-355D-POR,Products
NTS1-RD-CFD-6L,Products
NTS1-IN68-L1,Products
NTS1-IN55-L1,Products
NTS1-CD-OBG-9L-1,Products
NTS1-CD-IN68-L1,Products
NTS1-CD-IN68,Products
NTS1-CD-IN60,Products
NTS1-CD-IN55-L2,Products
NTS1-CD-IN55,Products
NTS1-CD-E9L,Products
NTS1-CD-C6L-G,Products
NTS1-CDB-A9L,Products
NTS1-CD-B9L,Products
NTS1-CD-B6L,Products
NTS1-CD-9L-06,Products
NTS1-CD-9L-05,Products
NTS1-CD-9L-03,Products
NTS1-CD-6L-10,Products
NTS1-CD-6L-08,Products
NTS1-CD-6L-11,Products
NTS1-CD-6L-05,Products
NTS1-CD-6L-S,Products
NTS1-CD-68L-E,Products
NTS1-CD-68L,Products
NTS1-CD-6L-03,Products
NTS1-CD-411-4L,Products
NTS1-CD-SMG4L-1,Products
NTS1-CD-11L-05,Products
NTS1-CD-11L-01,Products
NTS1-CD-1135-4L2,Products
NTS1-CD-111-9L,Products
WIN1-PR-WHITE,Products
WIN1-GS302-3.3KW,Products
TS1-EC-3101,Products
TS1-EC-3100,Products
TS1-B-7132-02,Products
TS1-B-3940,Products
TS1-B-2387,Products
TS1-B-1230,Products
TS1-B-1141,Products
TS1-B-1128,Products
TS1-B-1125-LN,Products
TS1-B-1125,Products
TS1-B-1120,Products
TS1-B-0865-04,Products
TS1-B-0610,Products
TS1-B-0598,Products
TS1-B-0592,Products
TS1-B-0536,Products
TS1-B-0507,Products
TS1-B-0502,Products
TS1-B-0425-M,Products
TS1-B-0231,Products
TS1-B-0207,Products
TS1-B-0044-H,Products
TS1-5SV-H,Products
TS1-5SP-05,Products
TS1-5GF-8P-WS,Products
TS1-5F-8WLX12,Products
TS1-5F-8WLX03,Products
TS1-5F-8DLX12,Products
TS1-5F-8DLX06,Products
TS1-5F-8DLX05,Products
TS1-5F-8DLX03,Products
TS1-5F-8DLS12,Products
TS1-5F-4DLX05,Products
TS1-5F-4DLX12,Products
TS1-5F-4DLS05,Products
TS1-5F-2SLX12,Products
TS1-5F-2SLX05,Products
TS1-5F-1SLX12,Products
TS1-5F-1SLX06,Products
TS1-5F-1SLX05,Products
TS1-5AFL12,Products
TS1-062X,Products
TS1-059X,Products
NTS1-CBR-19,Products
NTS1-CBR-25,Products
CHE1-ZERO-SPOT-A6,Products
CHE1-00002,Products
CHE1-00001,Products
CAM1-25GE2-151,Products
PIM1-7043-04WH,Products
PIM1-7043-04BE,Products
PIM1-7041-04WH,Products
PIM1-7041-04BE,Products
PIM1-7035-04WH,Products
PIM1-7035-04BE,Products
NTS1-VR-RD,Products
NTS1-UR-B,Products
NTS1-TOR-1,Products
NTS1-SF-B42WH,Products
NTS1-SF-B42BL,Products
NTS1-SD-1200,Products
NTS1-RSTT-11,Products
NTS1-RS-960-G,Products
NTS1-RS-4,Products
NTS1-RS-2,Products
NTS1-PFTD-400,Products
NTS1-PFTD-1300,Products
NTS1-ME-2043ZH,Products
NTS1-MBG-28B,Products
NTS1-LUGC18-SSR,Products
NTS1-LT-B-X,Products
NTS1-LR-SS,Products
NTS1-LC-SB12,Products
NTS1-HTT-T10BL,Products
NTS1-HT-17BE,Products
NTS1-HCA-S50,Products
NTS1-HCA-OAK,Products
NTS1-DO14W-B,Products
NTS1-C-9,Products
NTS1-BH-PKT04,Products
NTS1-BH-PKT03,Products
NTS1-BH-PKT02,Products
NTS1-BH-PKT01,Products
NTS1-BH-MIS04,Products
NTS1-BH-MIS09,Products
NTS1-BH-MIS10,Products
NTS1-BH-CRS11,Products
NTS1-BH-MIS08,Products
NTS1-BH-MAS07,Products
NTS1-BH-MIS06,Products
NTS1-BH-MIS05,Products
NTS1-BH-MAS04,Products
NTS1-BH-CRS03B,Products
NTS1-BH-MIS03,Products
NTS1-BH-MIS02,Products
NTS1-BH-MIS01,Products
LKK1-US36,Products
KIN1-3012T1W,Products
KIN1-3012,Products
KIN1-3011,Products
BER1-CKE56,Products
NTS1-CWS-035,Products
KLT1-SILVER-DOVE-6085,Products
SAN1-9U,Products
SAN1-54,Products
SAN1-40A,Products
SAN1-09,Products
SAN1-06A,Products
SAN1-06,Products
SAN1-01U,Products
SAN1-01PSU,Products
SAN1-01PS,Products
SAN1-01D,Products
ROB1-UDS30V,Products
ROB1-LT30,Products
ROB1-AR7,Products
ROB1-AR3,Products
ROB1-AF50,Products
NTS1-WB-DB115,Products
NTS1-WB-B115,Products
NTS1-PRP600,Products
NTS1-ND14-RD,Products
NTS1-ND14-BK,Products
NTS1-MLK35,Products
NTS1-MLK150,Products
NTS1-MJSW32,Products
NTS1-MJSW24,Products
NTS1-MJSW20,Products
NTS1-MJSW16,Products
NTS1-MJS75,Products
NTS1-MJS60,Products
NTS1-MJS48,Products
NTS1-MJS35,Products
NTS1-MJS24,Products
NTS1-MJS150,Products
NTS1-MJS100,Products
NTS1-MFS800,Products
NTS1-MFR800,Products
NTS1-MFR400,Products
NTS1-KB-SSS,Products
NTS1-KB-SR140,Products
NTS1-KB-S150,Products
NTS1-KB-S100,Products
NTS1-KB-PRD120,Products
NTS1-KB-PLBL120,Products
NTS1-CTS-3,Products
NTS1-CT-N,Products
NTS1-CT-M-OR,Products
NTS1-CT-M-BL,Products
NTS1-CT-D,Products
LKK1-SB3,Products
LKK1-R-1,Products
LKK1-PB240,Products
LKK1-MWR-2,Products
LKK1-KSY-30A,Products
LKK1-KSY-20,Products
LKK1-KSY-10A,Products
LKK1-KSY-10,Products
LKK1-KSQ-6,Products
LKK1-KSQ-3,Products
LKK1-GO2W2,Products
LIN1-EB6TF,Products
LIN1-EB4F,Products
LIN1-EB3F,Products
LAC1-MAGNUM-LEVA,Products
LAC1-MAGNUM-AUTO-SILVER,Products
LAC1-M27-SE-C2,Products
LAC1-M27-RE-DT2-BLACK,Products
LAC1-M27-DT2,Products
LAC1-M27-C2,Products
LAC1-CM-ON-DEMAND,Products
LAC1-CM,Products
LAC1-7-S-A,Products
HAT1-FMSS-60,Products
COF1-SPRAYCOF240,Products
COF1-SPRAYCOF120,Products
COF1-SPRAYCOF112,Products
COF1-NEWCOF224H-C,Products
COF1-NEWCOF224,Products
COF1-NEWCOF112,Products
CEC1-MWR2,Products
CEC1-FE100N,Products
CEC1-FE100G,Products
CEC1-ES12,Products
CEC1-CS3,Products
CEC1-CPO-3RP-CE,Products
CEC1-CBL,Products
CAS1-THEO-64-TEMP,Products
CAS1-DODICI-S-2TL-S-BR,Products
CAS1-DODICI-A-2TL-S-BR,Products
CAS1-DEKO-CONICO,Products
SAN1-68,Products
SAN1-28,Products
LKK1-FDMZ150,Products
LKK1-FDMZ125,Products
SAN1-65,Products
SAN1-71C,Products
SAN1-38C,Products
SAN1-38,Products
SAN1-11,Products
SAN1-10C,Products
SAN1-10,Products
NTS1-OJC2,Products
NTS1-JU-HM,Products
SIR1-IB9865320.04,Products
SIR1-IB4050100,Products
SAN1-66,Products
SAN1-33GE,Products
SAN1-33E,Products
ROL1-RH1,Products
ROL1-DW110,Products
ROL1-CB20,Products
ROB1-HQ1200,Products
ROB1-CHOC2A,Products
ROL1-RST1270C,Products
PIM1-RG-16,Products
PIM1-RG-14,Products
MBM1-MG7GBR77,Products
LKK1-EPC-4T,Products
LIN1-GR3,Products
HOS1-RC50,Products
HAT1-STM-4G,Products
HAT1-STM-2-S,Products
CRO1-EC-6TW,Products
TOA1-TIMER-STD,Products
ROL1-RF3S,Products
ROL1-MF120DR,Products
PIT1-PH-SEF14,Products
PIT1-BK-SSH60W-2-FD,Products
PIT1-35C+S,Products
LKK1-WF-172,Products
LKK1-WF-171,Products
LKK1-WF-102,Products
LKK1-WF-101,Products
LKK1-GF172,Products
LKK1-EB350,Products
LIN1-650103,Products
LIN1-650102,Products
CEC1-GF16,Products
BER1-DDF136,Products
BER1-DDF23D6,Products
LKK1-NPL-2,Products
ROL1-PSR400GE,Products
ROL1-PSF400E,Products
ROB1-HP1505B,Products
LKK1-WG600T,Products
LKK1-GT600,Products
LKK1-EG738,Products
LKK1-EG618-2,Products
LKK1-EG618,Products
LKK1-EG600-2,Products
LKK1-EG548-1,Products
BER1-GG4BFS,Products
BER1-GG2B12RFS,Products
BER1-EG3500-12R,Products
PIM1-WL-1B14R,Products
ROL1-PID30,Products
PIM1-IND-1600BIR,Products
NTS1-IND-5000,Products
NTS1-IND-3500W,Products
LKK1-IND700A,Products
LKK1-IND350S,Products
LKK1-IND300L,Products
HAT1-IRNG-PC1-36,Products
LIN1-HT3,Products
PIM1-RB-6,Products
BER1-OB2GG1BWOL,Products
BER1-DRO6H,Products
BER1-DRO4L,Products
ZAN1-CITIZEN-GAS-PW9-MC,Products
ZAN1-CIT-EP65-TP,Products
TBC1-I1-SOTA-STANDARD,Products
TBC1-HHDEWD00029,Products
TBC1-HHC2020-STD-SP-380V,Products
TBC1-HHC1618-STD-36,Products
RTN1-9006.0136,Products
RTN1-6035.1015,Products
RTN1-6019.1250,Products
RTN1-6014.1106,Products
RTN1-6004.0100,Products
RTN1-60.71.157,Products
RTN1-56.00.211,Products
PIM1-YXD-6A,Products
LKK1-LK-QL6,Products
LKK1-LK-QL1,Products
LKK1-LK-PL6,Products
LKK1-LK-PL4,Products
LKK1-LK-PL2,Products
LKK1-LK-GDO-36,Products
LKK1-LK-GDO-24,Products
LKK1-LK-GDO-12,Products
LKK1-EPZ-4,Products
LKK1-DL2,Products
LIN1-ECO9,Products
HOU1-C-GAS-1.10,Products
ZAN1-SELENE-20,Products
VRM1-SP,Products
VRM1-KODIAK20-SK,Products
VRM1-CR20-75M,Products
ROL1-MG-02,Products
PUJ1-991.012,Products
PUJ1-991.010,Products
PMF1-IBV-50-EVO,Products
PMF1-IBV-15-EVO,Products
PMF1-IBM-10,Products
PIM1-UWB-03,Products
PIM1-TT-300,Products
NIC1-EX6225,Products
LKK1-SM20,Products
LKK1-JB35-2,Products
LKK1-JB35,Products
LKK1-HS80,Products
LKK1-HS50A(D),Products
LKK1-HS40A,Products
LKK1-HS40(D),Products
LKK1-HS40,Products
LKK1-HS30(D),Products
LKK1-ETS-6,Products
LKK1-ETS-4,Products
LKK1-BH5,Products
LKK1-B5D,Products
LKK1-B5B,Products
LKK1-B50,Products
LKK1-B40A,Products
LKK1-B30A-380-V,Products
LKK1-B30,Products
LKK1-B25(F),Products
KIT1-5KSM7590GWH,Products
KIT1-5K5SSCWH,Products
HAT1-TM-5H,Products
BEN1-STREET-VENDOR6,Products
ROB1-100,Products
PIM1-TW-7S,Products
PIM1-TW-32S,Products
PIM1-R60-3,Products
NTS1-HLS2S-SB,Products
NTS1-HLS2G-SB,Products
NTS1-HLS2C-SB,Products
NTS1-HLS1S-SB,Products
NTS1-HLS1G-SB,Products
NTS1-HLS1C-SB,Products
NTS1-HLR1S-SB,Products
NTS1-HLR1G-OB,Products
NTS1-HLR1C-SB,Products
NTS1-HLH2S-SB,Products
NTS1-HLH2G-SB,Products
NTS1-HLH2C-SB,Products
NTS1-HLH1S-SB,Products
NTS1-HLH1G-SB,Products
NTS1-HLH1C-SB,Products
NTS1-HLCS4-SSBG,Products
NTS1-HLCS4G-SSBG,Products
NTS1-HLCS4C-SSBG,Products
NTS1-HLCS3-SSGW,Products
NTS1-HLCS3G-SSGW,Products
NTS1-HLCS3G-SSG,Products
NTS1-HLCS3C-SSGW,Products
NTS1-HLCS3C-SSG,Products
NTS1-HLCS2WS,Products
NTS1-HLCS2-SSGW,Products
NTS1-HLCS2-SSG,Products
NTS1-HLCS2S-RBG,Products
NTS1-HLCS2G-SSGW,Products
NTS1-HLCS2G-SSG,Products
NTS1-HLCS2G-RBG,Products
NTS1-HLCS2C-SSGW,Products
NTS1-HLCS2C-SSG,Products
NTS1-HLCS2C-RBG,Products
NTS1-HLCR3WS,Products
NTS1-HLCR3C-MSS,Products
NTS1-HLCR2WS-G,Products
NTS1-HLRB2S-SB,Products
NTS1-HLCR2S-SSM,Products
NTS1-HLCR2-SSBG,Products
NTS1-HLCR2-OW,Products
NTS1-HLCR2G-OW,Products
NTS1-HLCR2G-BG,Products
NTS1-HLCR2C-SW,Products
NTS1-HLCR2C-OW,Products
NTS1-HLCR2C-MSS,Products
NTS1-HLCR2CG-SW,Products
NTS1-HLCR2CC-SW,Products
NTS1-HLCR2C-BG,Products
NTS1-HLCR2-BG,Products
NTS1-HLRB1S-SB,Products
NTS1-HLCR1-RW,Products
NTS1-HLCR1G-RW,Products
NTS1-HLCR1C-RW,Products
NTS1-HLCR1C-MSS,Products
NTS1-HLCH2S-SSM,Products
LKK1-RHW2,Products
LKK1-RHW1,Products
LKK1-RG-9X,Products
LKK1-RG-9,Products
LKK1-RG-7T,Products
LKK1-RG-7,Products
LKK1-RG-5,Products
LKK1-RG30-11,Products
LKK1-RG18-7,Products
LKK1-RG-11XB,Products
LKK1-RG-11X,Products
LKK1-RG-11,Products
LKK1-KBM-204,Products
LKK1-KBM-169,Products
LKK1-HYG2-D,Products
LKK1-HYG1-D,Products
LKK1-EHS-660,Products
LKK1-EHS-330,Products
LKK1-BM-63,Products
LKK1-BM-5,Products
LKK1-BM-4TA,Products
LKK1-BM-2T,Products
LIN1-BM4A,Products
LIN1-BM3,Products
HAT1-RCTHW-1B,Products
HAT1-HDW-2,Products
HAT1-GRSR-17,Products
HAT1-GRSDS-36D,Products
HAT1-GRSDS-30D,Products
HAT1-GRS-24-I,Products
HAT1-GRNH-36,Products
HAT1-GRHW-5P,Products
HAT1-GRHDH-2P,Products
HAT1-GRH48,Products
HAT1-GRH36,Products
HAT1-GRH24T,Products
HAT1-GRH24,Products
HAT1-GRFHS-PT26,Products
HAT1-GRFFL,Products
HAT1-GRFFBL,Products
HAT1-GRFF,Products
HAT1-GRCDH-2PD,Products
HAT1-GRBW-24,Products
HAT1-GRAIH-48,Products
HAT1-GRAH54,Products
HAT1-GRAH48,Products
HAT1-GRAH36D,Products
HAT1-GRAH36,Products
HAT1-GRAH30,Products
HAT1-GRAH24,Products
HAT1-GRAH18,Products
HAT1-GRA54,Products
HAT1-GRA48,Products
HAT1-GRA42,Products
HAT1-GRA36,Products
HAT1-GRA30,Products
HAT1-GRA24,Products
HAT1-GRA18,Products
HAT1-FSHC-7-2,Products
HAT1-FSHC-7-1,Products
HAT1-DL-800SL-GLEAMING-GO,Products
HAT1-DL-800SL-BRIGHT-COPP,Products
HAT1-DL-775RL-NAVY-BLUE,Products
HAT1-DL-775RL-BLK,Products
HAT1-DL-775RL-CLEAR-BRUSH,Products
HAT1-DL-750SL-GRAY-GRANIT,Products
HAT1-DL-725RL-BRIGHT-NICK,Products
HAT1-DL-725RL-BLACK,Products
HAT1-DL-700AU-BLACK,Products
HAT1-DL-700RL-BCOPPER,Products
HAT1-DL-750SL-GLOSSY-GRAY,Products
HAT1-DL-600SL-ANTIQUE-NIC,Products
HAT1-DL-600RL-ANTIQUE-NIC,Products
HAT1-DL-500SU-GLOSSY-GRAY,Products
HAT1-DL-775RL-WARM-RED,Products
HAT1-DL-400SU-HUNTER-GREE,Products
BER1-FW35,Products
BER1-BMCFP4,Products
BEN1-62030,Products
NTS1-SINK524028-AS,Products
NTS1-SINK505030-S,Products
NTS1-SINK505030-M,Products
NTS1-SINK505030-ASO,Products
NTS1-SINK505030,Products
NTS1-SINK454530-AMO,Products
NTS1-SINK404025-M,Products
CTP1-PEEL-PP-55S-GR,Products
