product_gid,status
gid://shopify/Product/8661114945735,QUEUED
gid://shopify/Product/8645528649927,QUEUED
gid://shopify/Product/8645963808967,QUEUED
gid://shopify/Product/8645501124807,QUEUED
gid://shopify/Product/8646050840775,QUEUED
gid://shopify/Product/8645498208455,QUEUED
gid://shopify/Product/8644761452743,QUEUED
gid://shopify/Product/8644761977031,QUEUED
gid://shopify/Product/8645483528391,QUEUED
gid://shopify/Product/8645483495623,QUEUED
NTS1-SINK454530-AMO,NOT_FOUND
gid://shopify/Product/8642970583239,QUEUED
gid://shopify/Product/8642970616007,QUEUED
gid://shopify/Product/8642970648775,QUEUED
gid://shopify/Product/8642970681543,QUEUED
gid://shopify/Product/8642970714311,QUEUED
gid://shopify/Product/8642970747079,QUEUED
gid://shopify/Product/8645504073927,QUEUED
gid://shopify/Product/8645504237767,QUEUED
gid://shopify/Product/8645504270535,QUEUED
gid://shopify/Product/8645937201351,QUEUED
gid://shopify/Product/8645937234119,QUEUED
gid://shopify/Product/8645500534983,QUEUED
gid://shopify/Product/8645500567751,QUEUED
gid://shopify/Product/8645500797127,QUEUED
gid://shopify/Product/8644511826119,QUEUED
gid://shopify/Product/8645956174023,QUEUED
gid://shopify/Product/8644667572423,QUEUED
gid://shopify/Product/8642970845383,QUEUED
gid://shopify/Product/8645956239559,QUEUED
gid://shopify/Product/8645956337863,QUEUED
gid://shopify/Product/8642970943687,QUEUED
gid://shopify/Product/8642971009223,QUEUED
gid://shopify/Product/8642971107527,QUEUED
gid://shopify/Product/8644691198151,QUEUED
gid://shopify/Product/8642971140295,QUEUED
gid://shopify/Product/8645956534471,QUEUED
gid://shopify/Product/8645956567239,QUEUED
gid://shopify/Product/8645956698311,QUEUED
gid://shopify/Product/8645956829383,QUEUED
gid://shopify/Product/8642971271367,QUEUED
gid://shopify/Product/8645956894919,QUEUED
gid://shopify/Product/8642971369671,QUEUED
gid://shopify/Product/8644512121031,QUEUED
gid://shopify/Product/8642971435207,QUEUED
gid://shopify/Product/8642971467975,QUEUED
gid://shopify/Product/8642971500743,QUEUED
gid://shopify/Product/8642971533511,QUEUED
gid://shopify/Product/8642971566279,QUEUED
gid://shopify/Product/8642971599047,QUEUED
gid://shopify/Product/8642971631815,QUEUED
gid://shopify/Product/8642971664583,QUEUED
gid://shopify/Product/8642971697351,QUEUED
gid://shopify/Product/8642971730119,QUEUED
gid://shopify/Product/8642971762887,QUEUED
gid://shopify/Product/8642971795655,QUEUED
gid://shopify/Product/8642971828423,QUEUED
gid://shopify/Product/8642971861191,QUEUED
gid://shopify/Product/8642971893959,QUEUED
gid://shopify/Product/8642971926727,QUEUED
gid://shopify/Product/8644786192583,QUEUED
gid://shopify/Product/8642971959495,QUEUED
gid://shopify/Product/8642971992263,QUEUED
gid://shopify/Product/8642972025031,QUEUED
gid://shopify/Product/8642972057799,QUEUED
gid://shopify/Product/8642972090567,QUEUED
gid://shopify/Product/8644512153799,QUEUED
gid://shopify/Product/8642972123335,QUEUED
gid://shopify/Product/8642972156103,QUEUED
gid://shopify/Product/8642972188871,QUEUED
gid://shopify/Product/8642972221639,QUEUED
gid://shopify/Product/8642972254407,QUEUED
gid://shopify/Product/8642972287175,QUEUED
gid://shopify/Product/8642972319943,QUEUED
gid://shopify/Product/8642972352711,QUEUED
gid://shopify/Product/8642972418247,QUEUED
gid://shopify/Product/8642972451015,QUEUED
gid://shopify/Product/8642972483783,QUEUED
gid://shopify/Product/8644512186567,QUEUED
gid://shopify/Product/8642972549319,QUEUED
gid://shopify/Product/8644690084039,QUEUED
gid://shopify/Product/8644690051271,QUEUED
gid://shopify/Product/8642972582087,QUEUED
gid://shopify/Product/8645556207815,QUEUED
gid://shopify/Product/8644453466311,QUEUED
gid://shopify/Product/8645601329351,QUEUED
gid://shopify/Product/8644512317639,QUEUED
gid://shopify/Product/8645710905543,QUEUED
gid://shopify/Product/8644502552775,QUEUED
gid://shopify/Product/8642972614855,QUEUED
gid://shopify/Product/8644762009799,QUEUED
gid://shopify/Product/8642972647623,QUEUED
gid://shopify/Product/8644762042567,QUEUED
gid://shopify/Product/8644762075335,QUEUED
gid://shopify/Product/8645711364295,QUEUED
gid://shopify/Product/8644762140871,QUEUED
gid://shopify/Product/8644762337479,QUEUED
gid://shopify/Product/8644762370247,QUEUED
gid://shopify/Product/8644762403015,QUEUED
gid://shopify/Product/8644761747655,QUEUED
gid://shopify/Product/8644761780423,QUEUED
gid://shopify/Product/8644762566855,QUEUED
gid://shopify/Product/8644761845959,QUEUED
gid://shopify/Product/8645711495367,QUEUED
gid://shopify/Product/8642972876999,QUEUED
gid://shopify/Product/8642973270215,QUEUED
gid://shopify/Product/8645476974791,QUEUED
gid://shopify/Product/8645598511303,QUEUED
gid://shopify/Product/8645975343303,QUEUED
gid://shopify/Product/8645975376071,QUEUED
gid://shopify/Product/8645975408839,QUEUED
gid://shopify/Product/8645598544071,QUEUED
gid://shopify/Product/8642973434055,QUEUED
gid://shopify/Product/8642973466823,QUEUED
gid://shopify/Product/8642973499591,QUEUED
gid://shopify/Product/8642973532359,QUEUED
gid://shopify/Product/8642973565127,QUEUED
gid://shopify/Product/8645975441607,QUEUED
gid://shopify/Product/8642973630663,QUEUED
gid://shopify/Product/8642973663431,QUEUED
gid://shopify/Product/8642973696199,QUEUED
gid://shopify/Product/8642984345799,QUEUED
gid://shopify/Product/8642984378567,QUEUED
gid://shopify/Product/8642984411335,QUEUED
gid://shopify/Product/8642984444103,QUEUED
gid://shopify/Product/8642984476871,QUEUED
gid://shopify/Product/8642984509639,QUEUED
gid://shopify/Product/8645975507143,QUEUED
gid://shopify/Product/8642984542407,QUEUED
gid://shopify/Product/8642984575175,QUEUED
gid://shopify/Product/8642984607943,QUEUED
gid://shopify/Product/8645975572679,QUEUED
gid://shopify/Product/8645975605447,QUEUED
gid://shopify/Product/8642984673479,QUEUED
gid://shopify/Product/8642984706247,QUEUED
gid://shopify/Product/8642984739015,QUEUED
gid://shopify/Product/8644493705415,QUEUED
gid://shopify/Product/8642984771783,QUEUED
gid://shopify/Product/8642984804551,QUEUED
gid://shopify/Product/8642984837319,QUEUED
gid://shopify/Product/8642984870087,QUEUED
gid://shopify/Product/8642984902855,QUEUED
gid://shopify/Product/8642984935623,QUEUED
gid://shopify/Product/8642984968391,QUEUED
gid://shopify/Product/8642985001159,QUEUED
gid://shopify/Product/8642985033927,QUEUED
gid://shopify/Product/8642985066695,QUEUED
gid://shopify/Product/8642985099463,QUEUED
gid://shopify/Product/8642985132231,QUEUED
gid://shopify/Product/8642985164999,QUEUED
gid://shopify/Product/8642985197767,QUEUED
gid://shopify/Product/8645597888711,QUEUED
gid://shopify/Product/8642985230535,QUEUED
gid://shopify/Product/8642985263303,QUEUED
gid://shopify/Product/8642985296071,QUEUED
gid://shopify/Product/8642985328839,QUEUED
gid://shopify/Product/8642985361607,QUEUED
gid://shopify/Product/8642985394375,QUEUED
gid://shopify/Product/8642985427143,QUEUED
gid://shopify/Product/8642985459911,QUEUED
gid://shopify/Product/8642985492679,QUEUED
gid://shopify/Product/8642985525447,QUEUED
gid://shopify/Product/8645975670983,QUEUED
gid://shopify/Product/8645975736519,QUEUED
gid://shopify/Product/8645975769287,QUEUED
gid://shopify/Product/8642985558215,QUEUED
gid://shopify/Product/8645975802055,QUEUED
gid://shopify/Product/8642985590983,QUEUED
gid://shopify/Product/8645975834823,QUEUED
gid://shopify/Product/8645975638215,QUEUED
gid://shopify/Product/8642985623751,QUEUED
gid://shopify/Product/8645975867591,QUEUED
gid://shopify/Product/8645558304967,QUEUED
gid://shopify/Product/8645975900359,QUEUED
gid://shopify/Product/8642973597895,QUEUED
gid://shopify/Product/8642984640711,QUEUED
gid://shopify/Product/8642985656519,QUEUED
gid://shopify/Product/8642985689287,QUEUED
gid://shopify/Product/8642985722055,QUEUED
gid://shopify/Product/8642985754823,QUEUED
gid://shopify/Product/8642985787591,QUEUED
gid://shopify/Product/8642985820359,QUEUED
gid://shopify/Product/8644784750791,QUEUED
gid://shopify/Product/8644374724807,QUEUED
gid://shopify/Product/8646024790215,QUEUED
gid://shopify/Product/8646024855751,QUEUED
gid://shopify/Product/8646024986823,QUEUED
gid://shopify/Product/8646025085127,QUEUED
gid://shopify/Product/8644374921415,QUEUED
gid://shopify/Product/8645526290631,QUEUED
gid://shopify/Product/8644374954183,QUEUED
gid://shopify/Product/8646025117895,QUEUED
gid://shopify/Product/8644730355911,QUEUED
gid://shopify/Product/8644376133831,QUEUED
gid://shopify/Product/8645496897735,QUEUED
gid://shopify/Product/8646026526919,QUEUED
gid://shopify/Product/8646026592455,QUEUED
gid://shopify/Product/8642985885895,QUEUED
gid://shopify/Product/8645658706119,QUEUED
gid://shopify/Product/8642985918663,QUEUED
gid://shopify/Product/8642985951431,QUEUED
gid://shopify/Product/8642985984199,QUEUED
gid://shopify/Product/8645499093191,QUEUED
gid://shopify/Product/8645499125959,QUEUED
gid://shopify/Product/8644377936071,QUEUED
gid://shopify/Product/8642986016967,QUEUED
gid://shopify/Product/8645662834887,QUEUED
gid://shopify/Product/8644763746503,QUEUED
gid://shopify/Product/8642986049735,QUEUED
gid://shopify/Product/8645562532039,QUEUED
gid://shopify/Product/8644512252103,QUEUED
gid://shopify/Product/8644739727559,QUEUED
gid://shopify/Product/8644502454471,QUEUED
gid://shopify/Product/8644502356167,QUEUED
gid://shopify/Product/8642986082503,QUEUED
gid://shopify/Product/8645671616711,QUEUED
gid://shopify/Product/8644754833607,QUEUED
gid://shopify/Product/8642986115271,QUEUED
gid://shopify/Product/8644691263687,QUEUED
gid://shopify/Product/8644691296455,QUEUED
gid://shopify/Product/8644691329223,QUEUED
gid://shopify/Product/8644691361991,QUEUED
gid://shopify/Product/8645601362119,QUEUED
gid://shopify/Product/8644691394759,QUEUED
gid://shopify/Product/8644763648199,QUEUED
gid://shopify/Product/8645516132551,QUEUED
gid://shopify/Product/8642986180807,QUEUED
gid://shopify/Product/8642986279111,QUEUED
gid://shopify/Product/8645960597703,QUEUED
gid://shopify/Product/8642986508487,QUEUED
gid://shopify/Product/8642986541255,QUEUED
gid://shopify/Product/8642986639559,QUEUED
gid://shopify/Product/8642986672327,QUEUED
gid://shopify/Product/8642986705095,QUEUED
gid://shopify/Product/8642986737863,QUEUED
gid://shopify/Product/8644674158791,QUEUED
gid://shopify/Product/8644678451399,QUEUED
gid://shopify/Product/8644676583623,QUEUED
gid://shopify/Product/8644374888647,QUEUED
gid://shopify/Product/8645540675783,QUEUED
gid://shopify/Product/8645669191879,QUEUED
gid://shopify/Product/8644376527047,QUEUED
gid://shopify/Product/8644690542791,QUEUED
gid://shopify/Product/8644678516935,QUEUED
gid://shopify/Product/8642986836167,QUEUED
gid://shopify/Product/8644678549703,QUEUED
gid://shopify/Product/8642986868935,QUEUED
gid://shopify/Product/8644763779271,QUEUED
gid://shopify/Product/8642987000007,QUEUED
gid://shopify/Product/8642987032775,QUEUED
gid://shopify/Product/8646046974151,QUEUED
gid://shopify/Product/8646047006919,QUEUED
gid://shopify/Product/8646047039687,QUEUED
gid://shopify/Product/8646047072455,QUEUED
gid://shopify/Product/8646047105223,QUEUED
gid://shopify/Product/8646047137991,QUEUED
gid://shopify/Product/8645503910087,QUEUED
gid://shopify/Product/8645503877319,QUEUED
gid://shopify/Product/8644763680967,QUEUED
gid://shopify/Product/8645504041159,QUEUED
gid://shopify/Product/8645877104839,QUEUED
gid://shopify/Product/8645506859207,QUEUED
gid://shopify/Product/8645509513415,QUEUED
gid://shopify/Product/8645501223111,QUEUED
gid://shopify/Product/8646050906311,QUEUED
gid://shopify/Product/8645877203143,QUEUED
gid://shopify/Product/8645499027655,QUEUED
gid://shopify/Product/8646050939079,QUEUED
gid://shopify/Product/8645521539271,QUEUED
gid://shopify/Product/8645501845703,QUEUED
gid://shopify/Product/8645501878471,QUEUED
gid://shopify/Product/8645501944007,QUEUED
gid://shopify/Product/8645501976775,QUEUED
gid://shopify/Product/8645502009543,QUEUED
gid://shopify/Product/8645502042311,QUEUED
gid://shopify/Product/8646051266759,QUEUED
gid://shopify/Product/8646051332295,QUEUED
gid://shopify/Product/8645502369991,QUEUED
gid://shopify/Product/8642987065543,QUEUED
gid://shopify/Product/8645599002823,QUEUED
gid://shopify/Product/8645598970055,QUEUED
gid://shopify/Product/8645877792967,QUEUED
gid://shopify/Product/8644374757575,QUEUED
gid://shopify/Product/8644374823111,QUEUED
gid://shopify/Product/8645541298375,QUEUED
gid://shopify/Product/8644666949831,QUEUED
gid://shopify/Product/8646057164999,QUEUED
gid://shopify/Product/8644378099911,QUEUED
gid://shopify/Product/8644374692039,QUEUED
gid://shopify/Product/8644689854663,QUEUED
gid://shopify/Product/8644689920199,QUEUED
gid://shopify/Product/8646072205511,QUEUED
gid://shopify/Product/8646072238279,QUEUED
gid://shopify/Product/8645602771143,QUEUED
gid://shopify/Product/8645602836679,QUEUED
gid://shopify/Product/8645602869447,QUEUED
gid://shopify/Product/8645602902215,QUEUED
gid://shopify/Product/8646072303815,QUEUED
gid://shopify/Product/8646072336583,QUEUED
gid://shopify/Product/8644691919047,QUEUED
gid://shopify/Product/8642987131079,QUEUED
gid://shopify/Product/8644689985735,QUEUED
gid://shopify/Product/8645720080583,QUEUED
gid://shopify/Product/8642987163847,QUEUED
gid://shopify/Product/8642987196615,QUEUED
gid://shopify/Product/8642987229383,QUEUED
gid://shopify/Product/8644763713735,QUEUED
gid://shopify/Product/8645601460423,QUEUED
gid://shopify/Product/8644380262599,QUEUED
gid://shopify/Product/8644784226503,QUEUED
gid://shopify/Product/8644678615239,QUEUED
gid://shopify/Product/8644678582471,QUEUED
gid://shopify/Product/8644753227975,QUEUED
gid://shopify/Product/8645957353671,QUEUED
gid://shopify/Product/8644502192327,QUEUED
gid://shopify/Product/8645516034247,QUEUED
gid://shopify/Product/8645676761287,QUEUED
gid://shopify/Product/8644762239175,QUEUED
gid://shopify/Product/8642987294919,QUEUED
gid://shopify/Product/8644762632391,QUEUED
gid://shopify/Product/8645960433863,QUEUED
gid://shopify/Product/8644762697927,QUEUED
gid://shopify/Product/8642987327687,QUEUED
gid://shopify/Product/8642987393223,QUEUED
gid://shopify/Product/8642987425991,QUEUED
gid://shopify/Product/8642987491527,QUEUED
gid://shopify/Product/8645691605191,QUEUED
gid://shopify/Product/8642987655367,QUEUED
gid://shopify/Product/8644773183687,QUEUED
gid://shopify/Product/8644773216455,QUEUED
gid://shopify/Product/8644704239815,QUEUED
gid://shopify/Product/8645485363399,QUEUED
gid://shopify/Product/8645526257863,QUEUED
gid://shopify/Product/8644676092103,QUEUED
gid://shopify/Product/8644665901255,QUEUED
gid://shopify/Product/8644665934023,QUEUED
gid://shopify/Product/8644665966791,QUEUED
gid://shopify/Product/8646026297543,QUEUED
gid://shopify/Product/8646026854599,QUEUED
gid://shopify/Product/8646026920135,QUEUED
gid://shopify/Product/8645518196935,QUEUED
gid://shopify/Product/8642987688135,QUEUED
gid://shopify/Product/8645652480199,QUEUED
gid://shopify/Product/8646051004615,QUEUED
gid://shopify/Product/8646051037383,QUEUED
gid://shopify/Product/8646051070151,QUEUED
gid://shopify/Product/8646051135687,QUEUED
gid://shopify/Product/8645501485255,QUEUED
gid://shopify/Product/8645647892679,QUEUED
gid://shopify/Product/8646051168455,QUEUED
gid://shopify/Product/8646051233991,QUEUED
gid://shopify/Product/8645501550791,QUEUED
gid://shopify/Product/8646051725511,QUEUED
gid://shopify/Product/8646051791047,QUEUED
gid://shopify/Product/8646051823815,QUEUED
gid://shopify/Product/8644687397063,QUEUED
gid://shopify/Product/8644687364295,QUEUED
gid://shopify/Product/8644375347399,QUEUED
gid://shopify/Product/8645650120903,QUEUED
gid://shopify/Product/8644377477319,QUEUED
gid://shopify/Product/8645710577863,QUEUED
gid://shopify/Product/8644378263751,QUEUED
gid://shopify/Product/8645676531911,QUEUED
gid://shopify/Product/8642987983047,QUEUED
gid://shopify/Product/8642988015815,QUEUED
gid://shopify/Product/8642988048583,QUEUED
gid://shopify/Product/8642988081351,QUEUED
gid://shopify/Product/8644374331591,QUEUED
gid://shopify/Product/8645601493191,QUEUED
gid://shopify/Product/8645500338375,QUEUED
gid://shopify/Product/8645500829895,QUEUED
gid://shopify/Product/8645503221959,QUEUED
gid://shopify/Product/8644693754055,QUEUED
gid://shopify/Product/8644783341767,QUEUED
gid://shopify/Product/8644672258247,QUEUED
gid://shopify/Product/8644672291015,QUEUED
gid://shopify/Product/8644672389319,QUEUED
gid://shopify/Product/8644801757383,QUEUED
gid://shopify/Product/8644501995719,QUEUED
gid://shopify/Product/8645532680391,QUEUED
gid://shopify/Product/8645498470599,QUEUED
gid://shopify/Product/8645498503367,QUEUED
gid://shopify/Product/8645963677895,QUEUED
gid://shopify/Product/8645498536135,QUEUED
gid://shopify/Product/8645532713159,QUEUED
gid://shopify/Product/8645963710663,QUEUED
gid://shopify/Product/8644762927303,QUEUED
gid://shopify/Product/8645652021447,QUEUED
gid://shopify/Product/8645532745927,QUEUED
gid://shopify/Product/8645532778695,QUEUED
gid://shopify/Product/8644375871687,QUEUED
gid://shopify/Product/8644375904455,QUEUED
gid://shopify/Product/8644375937223,QUEUED
gid://shopify/Product/8644376002759,QUEUED
gid://shopify/Product/8642988277959,QUEUED
gid://shopify/Product/8645870747847,QUEUED
gid://shopify/Product/8645870780615,QUEUED
gid://shopify/Product/8644668129479,QUEUED
gid://shopify/Product/8644668162247,QUEUED
gid://shopify/Product/8644672225479,QUEUED
gid://shopify/Product/8642988310727,QUEUED
gid://shopify/Product/8645960335559,QUEUED
gid://shopify/Product/8644690182343,QUEUED
gid://shopify/Product/8644762468551,QUEUED
gid://shopify/Product/8644762501319,QUEUED
gid://shopify/Product/8644784718023,QUEUED
gid://shopify/Product/8642988343495,QUEUED
gid://shopify/Product/8642988376263,QUEUED
gid://shopify/Product/8642988409031,QUEUED
gid://shopify/Product/8642988441799,QUEUED
gid://shopify/Product/8645708579015,QUEUED
gid://shopify/Product/8642988474567,QUEUED
gid://shopify/Product/8642988507335,QUEUED
gid://shopify/Product/8645501354183,QUEUED
gid://shopify/Product/8645507023047,QUEUED
gid://shopify/Product/8642988572871,QUEUED
gid://shopify/Product/8645877530823,QUEUED
gid://shopify/Product/8645506990279,QUEUED
gid://shopify/Product/8645509054663,QUEUED
gid://shopify/Product/8644375380167,QUEUED
gid://shopify/Product/8645501059271,QUEUED
gid://shopify/Product/8644374429895,QUEUED
gid://shopify/Product/8644446879943,QUEUED
gid://shopify/Product/8642988605639,QUEUED
gid://shopify/Product/8645479727303,QUEUED
gid://shopify/Product/8645483135175,QUEUED
gid://shopify/Product/8645936709831,QUEUED
gid://shopify/Product/8644501962951,QUEUED
gid://shopify/Product/8644501930183,QUEUED
gid://shopify/Product/8644762173639,QUEUED
gid://shopify/Product/8644762206407,QUEUED
gid://shopify/Product/8645708054727,QUEUED
gid://shopify/Product/8645963907271,QUEUED
gid://shopify/Product/8645963940039,QUEUED
gid://shopify/Product/8645532909767,QUEUED
gid://shopify/Product/8644375838919,QUEUED
gid://shopify/Product/8645937070279,QUEUED
gid://shopify/Product/8645937103047,QUEUED
gid://shopify/Product/8645849972935,QUEUED
gid://shopify/Product/8644693721287,QUEUED
gid://shopify/Product/8644672192711,QUEUED
gid://shopify/Product/8644672323783,QUEUED
gid://shopify/Product/8644783374535,QUEUED
gid://shopify/Product/8644672356551,QUEUED
gid://shopify/Product/8644497244359,QUEUED
gid://shopify/Product/8644497211591,QUEUED
gid://shopify/Product/8644761616583,QUEUED
gid://shopify/Product/8644761649351,QUEUED
gid://shopify/Product/8644761682119,QUEUED
gid://shopify/Product/8644761714887,QUEUED
gid://shopify/Product/8645516296391,QUEUED
gid://shopify/Product/8645601558727,QUEUED
gid://shopify/Product/8642988736711,QUEUED
gid://shopify/Product/8642988769479,QUEUED
gid://shopify/Product/8642988802247,QUEUED
gid://shopify/Product/8642988867783,QUEUED
gid://shopify/Product/8642988933319,QUEUED
gid://shopify/Product/8642988966087,QUEUED
gid://shopify/Product/8642989031623,QUEUED
gid://shopify/Product/8645498634439,QUEUED
gid://shopify/Product/8645963874503,QUEUED
gid://shopify/Product/8645498765511,QUEUED
gid://shopify/Product/8645532876999,QUEUED
gid://shopify/Product/8644375478471,QUEUED
gid://shopify/Product/8645658640583,QUEUED
gid://shopify/Product/8645526421703,QUEUED
gid://shopify/Product/8644375707847,QUEUED
gid://shopify/Product/8644375740615,QUEUED
gid://shopify/Product/8644375806151,QUEUED
gid://shopify/Product/8644376101063,QUEUED
gid://shopify/Product/8644690247879,QUEUED
gid://shopify/Product/8642989097159,QUEUED
gid://shopify/Product/8645502435527,QUEUED
gid://shopify/Product/8645502468295,QUEUED
gid://shopify/Product/8646051528903,QUEUED
gid://shopify/Product/8645502501063,QUEUED
gid://shopify/Product/8642989162695,QUEUED
gid://shopify/Product/8646051594439,QUEUED
gid://shopify/Product/8646051659975,QUEUED
gid://shopify/Product/8646051692743,QUEUED
gid://shopify/Product/8645502533831,QUEUED
gid://shopify/Product/8645502566599,QUEUED
gid://shopify/Product/8645502599367,QUEUED
gid://shopify/Product/8644375609543,QUEUED
gid://shopify/Product/8644375773383,QUEUED
gid://shopify/Product/8644668195015,QUEUED
gid://shopify/Product/8645500141767,QUEUED
gid://shopify/Product/8645960761543,QUEUED
gid://shopify/Product/8645960794311,QUEUED
gid://shopify/Product/8642989228231,QUEUED
gid://shopify/Product/8644375576775,QUEUED
gid://shopify/Product/8646026363079,QUEUED
gid://shopify/Product/8645711528135,QUEUED
gid://shopify/Product/8644690378951,QUEUED
gid://shopify/Product/8644704403655,QUEUED
gid://shopify/Product/8645499060423,QUEUED
gid://shopify/Product/8645508989127,QUEUED
gid://shopify/Product/8645641633991,QUEUED
gid://shopify/Product/8645502304455,QUEUED
gid://shopify/Product/8645502337223,QUEUED
gid://shopify/Product/8646051365063,QUEUED
gid://shopify/Product/8646051397831,QUEUED
gid://shopify/Product/8646051430599,QUEUED
gid://shopify/Product/8646051463367,QUEUED
gid://shopify/Product/8645509316807,QUEUED
gid://shopify/Product/8646052118727,QUEUED
gid://shopify/Product/8646052151495,QUEUED
gid://shopify/Product/8644375412935,QUEUED
gid://shopify/Product/8644375118023,QUEUED
gid://shopify/Product/8644375085255,QUEUED
gid://shopify/Product/8644374626503,QUEUED
gid://shopify/Product/8644374659271,QUEUED
gid://shopify/Product/8644375281863,QUEUED
gid://shopify/Product/8644375183559,QUEUED
gid://shopify/Product/8645500207303,QUEUED
gid://shopify/Product/8645500240071,QUEUED
gid://shopify/Product/8642989293767,QUEUED
gid://shopify/Product/8644772954311,QUEUED
gid://shopify/Product/8645849841863,QUEUED
gid://shopify/Product/8645500272839,QUEUED
gid://shopify/Product/8645500305607,QUEUED
gid://shopify/Product/8645500436679,QUEUED
gid://shopify/Product/8645937168583,QUEUED
gid://shopify/Product/8645504598215,QUEUED
gid://shopify/Product/8645504303303,QUEUED
gid://shopify/Product/8644672094407,QUEUED
gid://shopify/Product/8644783407303,QUEUED
gid://shopify/Product/8642989326535,QUEUED
gid://shopify/Product/8644497178823,QUEUED
gid://shopify/Product/8644497146055,QUEUED
gid://shopify/Product/8642989359303,QUEUED
gid://shopify/Product/8642989392071,QUEUED
gid://shopify/Product/8644761485511,QUEUED
gid://shopify/Product/8644761518279,QUEUED
gid://shopify/Product/8644761583815,QUEUED
gid://shopify/Product/8645516198087,QUEUED
gid://shopify/Product/8645516230855,QUEUED
gid://shopify/Product/8644772856007,QUEUED
gid://shopify/Product/8644761911495,QUEUED
gid://shopify/Product/8645676794055,QUEUED
gid://shopify/Product/8645960368327,QUEUED
gid://shopify/Product/8645960401095,QUEUED
gid://shopify/Product/8642989424839,QUEUED
gid://shopify/Product/8645479923911,QUEUED
gid://shopify/Product/8645479956679,QUEUED
gid://shopify/Product/8645859934407,QUEUED
gid://shopify/Product/8642989457607,QUEUED
gid://shopify/Product/8645711462599,QUEUED
gid://shopify/Product/8642989490375,QUEUED
gid://shopify/Product/8642989523143,QUEUED
gid://shopify/Product/8642989555911,QUEUED
gid://shopify/Product/8642989588679,QUEUED
gid://shopify/Product/8645533040839,QUEUED
gid://shopify/Product/8645528584391,QUEUED
gid://shopify/Product/8645532811463,QUEUED
gid://shopify/Product/8645498568903,QUEUED
gid://shopify/Product/8645708447943,QUEUED
gid://shopify/Product/8645498699975,QUEUED
gid://shopify/Product/8645498732743,QUEUED
gid://shopify/Product/8645517508807,QUEUED
gid://shopify/Product/8645517476039,QUEUED
gid://shopify/Product/8645517246663,QUEUED
gid://shopify/Product/8645517279431,QUEUED
gid://shopify/Product/8645517312199,QUEUED
gid://shopify/Product/8645517377735,QUEUED
gid://shopify/Product/8645517443271,QUEUED
gid://shopify/Product/8645870649543,QUEUED
gid://shopify/Product/8642989621447,QUEUED
gid://shopify/Product/8644694016199,QUEUED
gid://shopify/Product/8642989654215,QUEUED
gid://shopify/Product/8642989686983,QUEUED
gid://shopify/Product/8645501583559,QUEUED
gid://shopify/Product/8645501616327,QUEUED
gid://shopify/Product/8645877366983,QUEUED
gid://shopify/Product/8645501649095,QUEUED
gid://shopify/Product/8645501681863,QUEUED
gid://shopify/Product/8645501714631,QUEUED
gid://shopify/Product/8645877399751,QUEUED
gid://shopify/Product/8642989719751,QUEUED
gid://shopify/Product/8645877498055,QUEUED
gid://shopify/Product/8645521637575,QUEUED
gid://shopify/Product/8646051856583,QUEUED
gid://shopify/Product/8645526126791,QUEUED
gid://shopify/Product/8642989752519,QUEUED
gid://shopify/Product/8645877563591,QUEUED
gid://shopify/Product/8646051889351,QUEUED
gid://shopify/Product/8645877596359,QUEUED
gid://shopify/Product/8646051954887,QUEUED
gid://shopify/Product/8646051987655,QUEUED
gid://shopify/Product/8645502632135,QUEUED
gid://shopify/Product/8645502664903,QUEUED
gid://shopify/Product/8646052020423,QUEUED
gid://shopify/Product/8646052053191,QUEUED
gid://shopify/Product/8645502763207,QUEUED
gid://shopify/Product/8644375019719,QUEUED
gid://shopify/Product/8644668227783,QUEUED
gid://shopify/Product/8644784685255,QUEUED
gid://shopify/Product/8644741595335,QUEUED
gid://shopify/Product/8645711560903,QUEUED
gid://shopify/Product/8645509087431,QUEUED
gid://shopify/Product/8645509120199,QUEUED
gid://shopify/Product/8645500174535,QUEUED
gid://shopify/Product/8645504630983,QUEUED
gid://shopify/Product/8645504172231,QUEUED
gid://shopify/Product/8645504434375,QUEUED
gid://shopify/Product/8645504467143,QUEUED
gid://shopify/Product/8645500502215,QUEUED
gid://shopify/Product/8645500633287,QUEUED
gid://shopify/Product/8645500698823,QUEUED
gid://shopify/Product/8645500731591,QUEUED
gid://shopify/Product/8645500764359,QUEUED
gid://shopify/Product/8645500895431,QUEUED
gid://shopify/Product/8645500960967,QUEUED
gid://shopify/Product/8644672127175,QUEUED
gid://shopify/Product/8644672159943,QUEUED
gid://shopify/Product/8644693786823,QUEUED
gid://shopify/Product/8642989818055,QUEUED
gid://shopify/Product/8642989850823,QUEUED
gid://shopify/Product/8642989883591,QUEUED
gid://shopify/Product/8642989916359,QUEUED
gid://shopify/Product/8644761878727,QUEUED
gid://shopify/Product/8644690116807,QUEUED
gid://shopify/Product/8642989949127,QUEUED
gid://shopify/Product/8644512350407,QUEUED
gid://shopify/Product/8644512383175,QUEUED
gid://shopify/Product/8644762599623,QUEUED
gid://shopify/Product/8645516099783,QUEUED
gid://shopify/Product/8645521834183,QUEUED
gid://shopify/Product/8642989981895,QUEUED
gid://shopify/Product/8645708120263,QUEUED
gid://shopify/Product/8645532942535,QUEUED
gid://shopify/Product/8642990014663,QUEUED
gid://shopify/Product/8645532975303,QUEUED
gid://shopify/Product/8645533106375,QUEUED
gid://shopify/Product/8645964005575,QUEUED
gid://shopify/Product/8645964038343,QUEUED
gid://shopify/Product/8645533008071,QUEUED
gid://shopify/Product/8644375052487,QUEUED
gid://shopify/Product/8644375150791,QUEUED
gid://shopify/Product/8644375216327,QUEUED
gid://shopify/Product/8644375249095,QUEUED
gid://shopify/Product/8644376035527,QUEUED
gid://shopify/Product/8642990047431,QUEUED
gid://shopify/Product/8642990080199,QUEUED
gid://shopify/Product/8645537038535,QUEUED
gid://shopify/Product/8644766236871,QUEUED
gid://shopify/Product/8645711626439,QUEUED
gid://shopify/Product/8644773281991,QUEUED
gid://shopify/Product/8645501157575,QUEUED
gid://shopify/Product/8645501190343,QUEUED
gid://shopify/Product/8646050808007,QUEUED
gid://shopify/Product/8645501747399,QUEUED
gid://shopify/Product/8645501780167,QUEUED
gid://shopify/Product/8645501812935,QUEUED
gid://shopify/Product/8645502107847,QUEUED
gid://shopify/Product/8645502173383,QUEUED
gid://shopify/Product/8645502206151,QUEUED
gid://shopify/Product/8645502238919,QUEUED
gid://shopify/Product/8645502271687,QUEUED
gid://shopify/Product/8646052184263,QUEUED
gid://shopify/Product/8646052217031,QUEUED
gid://shopify/Product/8645507154119,QUEUED
gid://shopify/Product/8645502697671,QUEUED
gid://shopify/Product/8645541265607,QUEUED
gid://shopify/Product/8644666097863,QUEUED
gid://shopify/Product/8646056706247,QUEUED
gid://shopify/Product/8646056771783,QUEUED
gid://shopify/Product/8645879267527,QUEUED
gid://shopify/Product/8644378427591,QUEUED
gid://shopify/Product/8644378591431,QUEUED
gid://shopify/Product/8645663195335,QUEUED
gid://shopify/Product/8645711036615,QUEUED
gid://shopify/Product/8645663228103,QUEUED
gid://shopify/Product/8646057394375,QUEUED
gid://shopify/Product/8644772659399,QUEUED
gid://shopify/Product/8646045925575,QUEUED
gid://shopify/Product/8645499420871,QUEUED
gid://shopify/Product/8646045991111,QUEUED
gid://shopify/Product/8646046023879,QUEUED
gid://shopify/Product/8645499519175,QUEUED
gid://shopify/Product/8645499486407,QUEUED
gid://shopify/Product/8646046056647,QUEUED
gid://shopify/Product/8645499551943,QUEUED
gid://shopify/Product/8645499584711,QUEUED
gid://shopify/Product/8645499617479,QUEUED
gid://shopify/Product/8645499683015,QUEUED
gid://shopify/Product/8642990145735,QUEUED
gid://shopify/Product/8645498437831,QUEUED
gid://shopify/Product/8644679106759,QUEUED
gid://shopify/Product/8645498831047,QUEUED
gid://shopify/Product/8644679073991,QUEUED
gid://shopify/Product/8644679041223,QUEUED
gid://shopify/Product/8646046515399,QUEUED
gid://shopify/Product/8645499879623,QUEUED
gid://shopify/Product/8645499912391,QUEUED
gid://shopify/Product/8646046548167,QUEUED
gid://shopify/Product/8645498863815,QUEUED
gid://shopify/Product/8646046613703,QUEUED
gid://shopify/Product/8645499748551,QUEUED
gid://shopify/Product/8645499781319,QUEUED
gid://shopify/Product/8644787470535,QUEUED
gid://shopify/Product/8645503746247,QUEUED
gid://shopify/Product/8642990178503,QUEUED
gid://shopify/Product/8645875761351,QUEUED
gid://shopify/Product/8644772692167,QUEUED
gid://shopify/Product/8645499191495,QUEUED
gid://shopify/Product/8645499715783,QUEUED
gid://shopify/Product/8646046843079,QUEUED
gid://shopify/Product/8646046875847,QUEUED
gid://shopify/Product/8646046908615,QUEUED
gid://shopify/Product/8646046941383,QUEUED
gid://shopify/Product/8645498372295,QUEUED
gid://shopify/Product/8645498405063,QUEUED
gid://shopify/Product/8645503942855,QUEUED
gid://shopify/Product/8646050742471,QUEUED
gid://shopify/Product/8645504008391,QUEUED
gid://shopify/Product/8642990211271,QUEUED
gid://shopify/Product/8645504696519,QUEUED
gid://shopify/Product/8645498994887,QUEUED
gid://shopify/Product/8645501321415,QUEUED
gid://shopify/Product/8645501419719,QUEUED
gid://shopify/Product/8642990244039,QUEUED
gid://shopify/Product/8645509284039,QUEUED
gid://shopify/Product/8645509218503,QUEUED
gid://shopify/Product/8645509251271,QUEUED
gid://shopify/Product/8642990276807,QUEUED
gid://shopify/Product/8645521670343,QUEUED
gid://shopify/Product/8646052249799,QUEUED
gid://shopify/Product/8646052282567,QUEUED
gid://shopify/Product/8646052315335,QUEUED
gid://shopify/Product/8645509415111,QUEUED
gid://shopify/Product/8646052348103,QUEUED
gid://shopify/Product/8646052380871,QUEUED
gid://shopify/Product/8646052413639,QUEUED
gid://shopify/Product/8645509447879,QUEUED
gid://shopify/Product/8645509480647,QUEUED
gid://shopify/Product/8644378067143,QUEUED
gid://shopify/Product/8644377837767,QUEUED
gid://shopify/Product/8645511872711,QUEUED
gid://shopify/Product/8645511905479,QUEUED
gid://shopify/Product/8645512134855,QUEUED
gid://shopify/Product/8645512167623,QUEUED
gid://shopify/Product/8645649924295,QUEUED
gid://shopify/Product/8642990309575,QUEUED
gid://shopify/Product/8642990342343,QUEUED
gid://shopify/Product/8646055133383,QUEUED
gid://shopify/Product/8646055166151,QUEUED
gid://shopify/Product/8646055198919,QUEUED
gid://shopify/Product/8646055231687,QUEUED
gid://shopify/Product/8646055264455,QUEUED
gid://shopify/Product/8646055297223,QUEUED
gid://shopify/Product/8642990473415,QUEUED
gid://shopify/Product/8645541331143,QUEUED
gid://shopify/Product/8644374495431,QUEUED
gid://shopify/Product/8646057296071,QUEUED
gid://shopify/Product/8645528453319,QUEUED
gid://shopify/Product/8642990506183,QUEUED
gid://shopify/Product/8642990538951,QUEUED
gid://shopify/Product/8645511741639,QUEUED
gid://shopify/Product/8642990571719,QUEUED
gid://shopify/Product/8645980651719,QUEUED
gid://shopify/Product/8642990604487,QUEUED
gid://shopify/Product/8646016893127,QUEUED
gid://shopify/Product/8642990637255,QUEUED
gid://shopify/Product/8642990670023,QUEUED
gid://shopify/Product/8642990702791,QUEUED
gid://shopify/Product/8642990735559,QUEUED
gid://shopify/Product/8642990768327,QUEUED
gid://shopify/Product/8644786585799,QUEUED
gid://shopify/Product/8644786618567,QUEUED
gid://shopify/Product/8642990801095,QUEUED
gid://shopify/Product/8644374593735,QUEUED
gid://shopify/Product/8644380983495,QUEUED
gid://shopify/Product/8646056804551,QUEUED
gid://shopify/Product/8644374528199,QUEUED
gid://shopify/Product/8646056837319,QUEUED
gid://shopify/Product/8642990833863,QUEUED
gid://shopify/Product/8645511708871,QUEUED
gid://shopify/Product/8645513281735,QUEUED
gid://shopify/Product/8642990932167,QUEUED
gid://shopify/Product/8644786553031,QUEUED
gid://shopify/Product/8642990964935,QUEUED
gid://shopify/Product/8645703565511,QUEUED
gid://shopify/Product/8645504204999,QUEUED
gid://shopify/Product/8642991030471,QUEUED
gid://shopify/Product/8642991063239,QUEUED
gid://shopify/Product/8642991227079,QUEUED
gid://shopify/Product/8642991292615,QUEUED
gid://shopify/Product/8642991325383,QUEUED
gid://shopify/Product/8642991390919,QUEUED
gid://shopify/Product/8642991423687,QUEUED
gid://shopify/Product/8642991521991,QUEUED
gid://shopify/Product/8645703762119,QUEUED
gid://shopify/Product/8645703729351,QUEUED
gid://shopify/Product/8645704188103,QUEUED
gid://shopify/Product/8644497113287,QUEUED
gid://shopify/Product/8645526225095,QUEUED
gid://shopify/Product/8645703991495,QUEUED
gid://shopify/Product/8642991980743,QUEUED
gid://shopify/Product/8645703827655,QUEUED
gid://shopify/Product/8644761944263,QUEUED
gid://shopify/Product/8645704024263,QUEUED
gid://shopify/Product/8642992013511,QUEUED
gid://shopify/Product/8645704057031,QUEUED
gid://shopify/Product/8645703696583,QUEUED
gid://shopify/Product/8645703663815,QUEUED
gid://shopify/Product/8645703631047,QUEUED
gid://shopify/Product/8642992406727,QUEUED
gid://shopify/Product/8642992439495,QUEUED
gid://shopify/Product/8642992472263,QUEUED
gid://shopify/Product/8642992505031,QUEUED
gid://shopify/Product/8642992537799,QUEUED
gid://shopify/Product/8642992570567,QUEUED
gid://shopify/Product/8642992603335,QUEUED
gid://shopify/Product/8642992636103,QUEUED
gid://shopify/Product/8642992668871,QUEUED
gid://shopify/Product/8642992701639,QUEUED
gid://shopify/Product/8642992734407,QUEUED
gid://shopify/Product/8642992799943,QUEUED
gid://shopify/Product/8642992832711,QUEUED
gid://shopify/Product/8642992865479,QUEUED
gid://shopify/Product/8642992898247,QUEUED
gid://shopify/Product/8642992931015,QUEUED
gid://shopify/Product/8642992963783,QUEUED
gid://shopify/Product/8642992996551,QUEUED
gid://shopify/Product/8642993029319,QUEUED
gid://shopify/Product/8642993062087,QUEUED
gid://shopify/Product/8642993094855,QUEUED
gid://shopify/Product/8642993127623,QUEUED
gid://shopify/Product/8642993160391,QUEUED
gid://shopify/Product/8642993193159,QUEUED
gid://shopify/Product/8642993225927,QUEUED
gid://shopify/Product/8644520083655,QUEUED
gid://shopify/Product/8642993258695,QUEUED
NTS1-MLK200,NOT_FOUND
NTS1-MLK-200,NOT_FOUND
gid://shopify/Product/8642993324231,QUEUED
gid://shopify/Product/8644520181959,QUEUED
gid://shopify/Product/8645865373895,QUEUED
gid://shopify/Product/8644520247495,QUEUED
gid://shopify/Product/8645979406535,QUEUED
gid://shopify/Product/8644520509639,QUEUED
gid://shopify/Product/8642993356999,QUEUED
gid://shopify/Product/8642993389767,QUEUED
gid://shopify/Product/8642993422535,QUEUED
gid://shopify/Product/8642993455303,QUEUED
gid://shopify/Product/8642993488071,QUEUED
gid://shopify/Product/8645709299911,QUEUED
gid://shopify/Product/8645708939463,QUEUED
gid://shopify/Product/8645708972231,QUEUED
gid://shopify/Product/8645708906695,QUEUED
gid://shopify/Product/8645709037767,QUEUED
gid://shopify/Product/8645711429831,QUEUED
gid://shopify/Product/8644786520263,QUEUED
gid://shopify/Product/8642993684679,QUEUED
gid://shopify/Product/8642993717447,QUEUED
gid://shopify/Product/8642993750215,QUEUED
gid://shopify/Product/8642993782983,QUEUED
gid://shopify/Product/8642993815751,QUEUED
gid://shopify/Product/8642993848519,QUEUED
gid://shopify/Product/8642993881287,QUEUED
gid://shopify/Product/8642993914055,QUEUED
gid://shopify/Product/8642993946823,QUEUED
gid://shopify/Product/8642993979591,QUEUED
gid://shopify/Product/8645541396679,QUEUED
gid://shopify/Product/8644376494279,QUEUED
gid://shopify/Product/8645481267399,QUEUED
gid://shopify/Product/8645481201863,QUEUED
gid://shopify/Product/8642994110663,QUEUED
gid://shopify/Product/8642994143431,QUEUED
gid://shopify/Product/8644784292039,QUEUED
gid://shopify/Product/8642994176199,QUEUED
gid://shopify/Product/8645862195399,QUEUED
gid://shopify/Product/8645862228167,QUEUED
gid://shopify/Product/8645862293703,QUEUED
gid://shopify/Product/8645862326471,QUEUED
gid://shopify/Product/8645862359239,QUEUED
gid://shopify/Product/8645965840583,QUEUED
gid://shopify/Product/8645862392007,QUEUED
gid://shopify/Product/8645862424775,QUEUED
gid://shopify/Product/8645965873351,QUEUED
gid://shopify/Product/8645862457543,QUEUED
gid://shopify/Product/8645965906119,QUEUED
gid://shopify/Product/8645965938887,QUEUED
gid://shopify/Product/8645965971655,QUEUED
gid://shopify/Product/8642994372807,QUEUED
gid://shopify/Product/8645966004423,QUEUED
gid://shopify/Product/8645966037191,QUEUED
gid://shopify/Product/8645966069959,QUEUED
gid://shopify/Product/8645966102727,QUEUED
gid://shopify/Product/8645966135495,QUEUED
gid://shopify/Product/8642994569415,QUEUED
gid://shopify/Product/8645862490311,QUEUED
gid://shopify/Product/8645966168263,QUEUED
gid://shopify/Product/8645966201031,QUEUED
gid://shopify/Product/8645966233799,QUEUED
gid://shopify/Product/8645966299335,QUEUED
gid://shopify/Product/8645966332103,QUEUED
gid://shopify/Product/8645966364871,QUEUED
gid://shopify/Product/8645966397639,QUEUED
gid://shopify/Product/8645966430407,QUEUED
gid://shopify/Product/8645966463175,QUEUED
gid://shopify/Product/8645966495943,QUEUED
gid://shopify/Product/8645966528711,QUEUED
gid://shopify/Product/8645966561479,QUEUED
gid://shopify/Product/8645966594247,QUEUED
gid://shopify/Product/8642994405575,QUEUED
gid://shopify/Product/8645966627015,QUEUED
gid://shopify/Product/8645966659783,QUEUED
gid://shopify/Product/8642994503879,QUEUED
gid://shopify/Product/8645966692551,QUEUED
gid://shopify/Product/8645966725319,QUEUED
gid://shopify/Product/8645966758087,QUEUED
gid://shopify/Product/8645966790855,QUEUED
gid://shopify/Product/8645966823623,QUEUED
gid://shopify/Product/8645966889159,QUEUED
gid://shopify/Product/8645966921927,QUEUED
gid://shopify/Product/8645966954695,QUEUED
gid://shopify/Product/8645966987463,QUEUED
gid://shopify/Product/8645967020231,QUEUED
gid://shopify/Product/8645967052999,QUEUED
gid://shopify/Product/8645967085767,QUEUED
gid://shopify/Product/8642994274503,QUEUED
gid://shopify/Product/8642994307271,QUEUED
gid://shopify/Product/8642994340039,QUEUED
gid://shopify/Product/8642994667719,QUEUED
gid://shopify/Product/8642994438343,QUEUED
gid://shopify/Product/8642994471111,QUEUED
gid://shopify/Product/8642994536647,QUEUED
gid://shopify/Product/8642994634951,QUEUED
gid://shopify/Product/8642994602183,QUEUED
gid://shopify/Product/8642995093703,QUEUED
gid://shopify/Product/8645705072839,QUEUED
gid://shopify/Product/8645975179463,QUEUED
gid://shopify/Product/8645713133767,QUEUED
gid://shopify/Product/8645710872775,QUEUED
gid://shopify/Product/8645976064199,QUEUED
gid://shopify/Product/8645976096967,QUEUED
gid://shopify/Product/8642995388615,QUEUED
gid://shopify/Product/8645976195271,QUEUED
gid://shopify/Product/8645976228039,QUEUED
gid://shopify/Product/8642995486919,QUEUED
gid://shopify/Product/8645715198151,QUEUED
gid://shopify/Product/8645715230919,QUEUED
gid://shopify/Product/8645715361991,QUEUED
gid://shopify/Product/8645652644039,QUEUED
gid://shopify/Product/8642995683527,QUEUED
gid://shopify/Product/8642995716295,QUEUED
gid://shopify/Product/8642995716295,QUEUED
gid://shopify/Product/8645978521799,QUEUED
gid://shopify/Product/8645978521799,QUEUED
gid://shopify/Product/8645641470151,QUEUED
NTS1-MBF-40C,NOT_FOUND
gid://shopify/Product/8642995781831,QUEUED
gid://shopify/Product/8644500422855,QUEUED
gid://shopify/Product/8644500455623,QUEUED
gid://shopify/Product/8644675731655,QUEUED
gid://shopify/Product/8642995847367,QUEUED
gid://shopify/Product/8642995912903,QUEUED
gid://shopify/Product/8644500488391,QUEUED
gid://shopify/Product/8644500521159,QUEUED
gid://shopify/Product/8642995978439,QUEUED
gid://shopify/Product/8642996043975,QUEUED
gid://shopify/Product/8642996207815,QUEUED
gid://shopify/Product/8646002409671,QUEUED
gid://shopify/Product/8646002442439,QUEUED
gid://shopify/Product/8642996240583,QUEUED
gid://shopify/Product/8642996273351,QUEUED
gid://shopify/Product/8645708087495,QUEUED
gid://shopify/Product/8645708153031,QUEUED
gid://shopify/Product/8645707006151,QUEUED
gid://shopify/Product/8642996306119,QUEUED
gid://shopify/Product/8644500553927,QUEUED
gid://shopify/Product/8644500586695,QUEUED
gid://shopify/Product/8645712707783,QUEUED
gid://shopify/Product/8644376559815,QUEUED
gid://shopify/Product/8644376461511,QUEUED
gid://shopify/Product/8644381311175,QUEUED
gid://shopify/Product/8644778131655,QUEUED
gid://shopify/Product/8645851644103,QUEUED
gid://shopify/Product/8644377018567,QUEUED
gid://shopify/Product/8644376658119,QUEUED
gid://shopify/Product/8645940707527,QUEUED
gid://shopify/Product/8645940740295,QUEUED
gid://shopify/Product/8644376821959,QUEUED
gid://shopify/Product/8645940838599,QUEUED
gid://shopify/Product/8645851709639,QUEUED
gid://shopify/Product/8644376920263,QUEUED
gid://shopify/Product/8644462477511,QUEUED
gid://shopify/Product/8644462444743,QUEUED
gid://shopify/Product/8644462411975,QUEUED
gid://shopify/Product/8644462379207,QUEUED
gid://shopify/Product/8644478435527,QUEUED
gid://shopify/Product/8644462313671,QUEUED
gid://shopify/Product/8644478468295,QUEUED
gid://shopify/Product/8644462772423,QUEUED
gid://shopify/Product/8644462706887,QUEUED
gid://shopify/Product/8644462608583,QUEUED
gid://shopify/Product/8644462543047,QUEUED
gid://shopify/Product/8644462510279,QUEUED
gid://shopify/Product/8644463034567,QUEUED
gid://shopify/Product/8644462936263,QUEUED
gid://shopify/Product/8644462903495,QUEUED
gid://shopify/Product/8644462870727,QUEUED
gid://shopify/Product/8644462837959,QUEUED
gid://shopify/Product/8644462805191,QUEUED
gid://shopify/Product/8644459036871,QUEUED
gid://shopify/Product/8644459069639,QUEUED
gid://shopify/Product/8644459102407,QUEUED
gid://shopify/Product/8644459135175,QUEUED
gid://shopify/Product/8644459200711,QUEUED
gid://shopify/Product/8644459233479,QUEUED
gid://shopify/Product/8644459266247,QUEUED
gid://shopify/Product/8644459299015,QUEUED
gid://shopify/Product/8644459397319,QUEUED
gid://shopify/Product/8644459462855,QUEUED
gid://shopify/Product/8644459593927,QUEUED
gid://shopify/Product/8644459659463,QUEUED
gid://shopify/Product/8644459757767,QUEUED
gid://shopify/Product/8644459856071,QUEUED
gid://shopify/Product/8644459954375,QUEUED
gid://shopify/Product/8644460019911,QUEUED
gid://shopify/Product/8644460118215,QUEUED
gid://shopify/Product/8644460282055,QUEUED
gid://shopify/Product/8644460904647,QUEUED
gid://shopify/Product/8644460806343,QUEUED
gid://shopify/Product/8644460740807,QUEUED
gid://shopify/Product/8644460576967,QUEUED
gid://shopify/Product/8644460511431,QUEUED
gid://shopify/Product/8644460380359,QUEUED
gid://shopify/Product/8644468244679,QUEUED
gid://shopify/Product/8644468211911,QUEUED
gid://shopify/Product/8644468179143,QUEUED
gid://shopify/Product/8644468146375,QUEUED
gid://shopify/Product/8644468113607,QUEUED
gid://shopify/Product/8644468080839,QUEUED
gid://shopify/Product/8644461297863,QUEUED
gid://shopify/Product/8644461265095,QUEUED
gid://shopify/Product/8644461232327,QUEUED
gid://shopify/Product/8644461199559,QUEUED
gid://shopify/Product/8644461134023,QUEUED
gid://shopify/Product/8644461068487,QUEUED
gid://shopify/Product/8644461625543,QUEUED
gid://shopify/Product/8644461560007,QUEUED
gid://shopify/Product/8644461494471,QUEUED
gid://shopify/Product/8644461396167,QUEUED
gid://shopify/Product/8644461363399,QUEUED
gid://shopify/Product/8644461330631,QUEUED
gid://shopify/Product/8644461854919,QUEUED
gid://shopify/Product/8644461789383,QUEUED
gid://shopify/Product/8644461756615,QUEUED
gid://shopify/Product/8644461723847,QUEUED
gid://shopify/Product/8644461691079,QUEUED
gid://shopify/Product/8644461658311,QUEUED
gid://shopify/Product/8644462248135,QUEUED
gid://shopify/Product/8644462149831,QUEUED
gid://shopify/Product/8644462084295,QUEUED
gid://shopify/Product/8644461985991,QUEUED
gid://shopify/Product/8644461953223,QUEUED
gid://shopify/Product/8644461920455,QUEUED
gid://shopify/Product/8644779737287,QUEUED
gid://shopify/Product/8644779770055,QUEUED
gid://shopify/Product/8645851906247,QUEUED
gid://shopify/Product/8644377313479,QUEUED
gid://shopify/Product/8644377182407,QUEUED
gid://shopify/Product/8644463067335,QUEUED
gid://shopify/Product/8644463100103,QUEUED
gid://shopify/Product/8644463132871,QUEUED
gid://shopify/Product/8644469981383,QUEUED
gid://shopify/Product/8644469948615,QUEUED
gid://shopify/Product/8644469915847,QUEUED
gid://shopify/Product/8644469883079,QUEUED
gid://shopify/Product/8644469850311,QUEUED
gid://shopify/Product/8644469817543,QUEUED
gid://shopify/Product/8644470177991,QUEUED
gid://shopify/Product/8644470145223,QUEUED
gid://shopify/Product/8644470112455,QUEUED
gid://shopify/Product/8644470079687,QUEUED
gid://shopify/Product/8644470046919,QUEUED
gid://shopify/Product/8644470014151,QUEUED
gid://shopify/Product/8644470374599,QUEUED
gid://shopify/Product/8644470341831,QUEUED
gid://shopify/Product/8644470309063,QUEUED
gid://shopify/Product/8644470276295,QUEUED
gid://shopify/Product/8644470243527,QUEUED
gid://shopify/Product/8644470210759,QUEUED
gid://shopify/Product/8644468506823,QUEUED
gid://shopify/Product/8644468474055,QUEUED
gid://shopify/Product/8644468441287,QUEUED
gid://shopify/Product/8644468408519,QUEUED
gid://shopify/Product/8644468342983,QUEUED
gid://shopify/Product/8644468310215,QUEUED
gid://shopify/Product/8644468539591,QUEUED
gid://shopify/Product/8644468572359,QUEUED
gid://shopify/Product/8644468605127,QUEUED
gid://shopify/Product/8644468637895,QUEUED
gid://shopify/Product/8644468670663,QUEUED
gid://shopify/Product/8644468703431,QUEUED
gid://shopify/Product/8644468932807,QUEUED
gid://shopify/Product/8644468867271,QUEUED
gid://shopify/Product/8644468834503,QUEUED
gid://shopify/Product/8644468801735,QUEUED
gid://shopify/Product/8644468768967,QUEUED
gid://shopify/Product/8644468736199,QUEUED
gid://shopify/Product/8644478697671,QUEUED
gid://shopify/Product/8644478632135,QUEUED
gid://shopify/Product/8644478599367,QUEUED
gid://shopify/Product/8644478566599,QUEUED
gid://shopify/Product/8644478533831,QUEUED
gid://shopify/Product/8644478501063,QUEUED
gid://shopify/Product/8644469129415,QUEUED
gid://shopify/Product/8644469096647,QUEUED
gid://shopify/Product/8644469063879,QUEUED
gid://shopify/Product/8644469031111,QUEUED
gid://shopify/Product/8644468998343,QUEUED
gid://shopify/Product/8644468965575,QUEUED
gid://shopify/Product/8644469358791,QUEUED
gid://shopify/Product/8644469293255,QUEUED
gid://shopify/Product/8644469260487,QUEUED
gid://shopify/Product/8644469227719,QUEUED
gid://shopify/Product/8644469194951,QUEUED
gid://shopify/Product/8644469162183,QUEUED
gid://shopify/Product/8644469588167,QUEUED
gid://shopify/Product/8644469555399,QUEUED
gid://shopify/Product/8644469522631,QUEUED
gid://shopify/Product/8644469489863,QUEUED
gid://shopify/Product/8644469424327,QUEUED
gid://shopify/Product/8644469391559,QUEUED
gid://shopify/Product/8644469784775,QUEUED
gid://shopify/Product/8644469752007,QUEUED
gid://shopify/Product/8644469719239,QUEUED
gid://shopify/Product/8644469686471,QUEUED
gid://shopify/Product/8644469653703,QUEUED
gid://shopify/Product/8644469620935,QUEUED
gid://shopify/Product/8644463526087,QUEUED
gid://shopify/Product/8644463493319,QUEUED
gid://shopify/Product/8644463427783,QUEUED
gid://shopify/Product/8644463395015,QUEUED
gid://shopify/Product/8644463329479,QUEUED
gid://shopify/Product/8644463198407,QUEUED
gid://shopify/Product/8644377608391,QUEUED
gid://shopify/Product/8645941428423,QUEUED
gid://shopify/Product/8645941461191,QUEUED
gid://shopify/Product/8645851971783,QUEUED
gid://shopify/Product/8644377542855,QUEUED
gid://shopify/Product/8645941526727,QUEUED
gid://shopify/Product/8645941592263,QUEUED
gid://shopify/Product/8644382916807,QUEUED
gid://shopify/Product/8642996732103,QUEUED
gid://shopify/Product/8644472406215,QUEUED
gid://shopify/Product/8644472373447,QUEUED
gid://shopify/Product/8644472340679,QUEUED
gid://shopify/Product/8644472307911,QUEUED
gid://shopify/Product/8644472275143,QUEUED
gid://shopify/Product/8644472242375,QUEUED
gid://shopify/Product/8644472602823,QUEUED
gid://shopify/Product/8644472570055,QUEUED
gid://shopify/Product/8644472537287,QUEUED
gid://shopify/Product/8644472504519,QUEUED
gid://shopify/Product/8644472471751,QUEUED
gid://shopify/Product/8644472438983,QUEUED
gid://shopify/Product/8644472799431,QUEUED
gid://shopify/Product/8644472766663,QUEUED
gid://shopify/Product/8644472733895,QUEUED
gid://shopify/Product/8644472701127,QUEUED
gid://shopify/Product/8644472668359,QUEUED
gid://shopify/Product/8644472635591,QUEUED
gid://shopify/Product/8644470571207,QUEUED
gid://shopify/Product/8644470538439,QUEUED
gid://shopify/Product/8644470505671,QUEUED
gid://shopify/Product/8644470472903,QUEUED
gid://shopify/Product/8644470440135,QUEUED
gid://shopify/Product/8644470407367,QUEUED
gid://shopify/Product/8644470997191,QUEUED
gid://shopify/Product/8644470964423,QUEUED
gid://shopify/Product/8644470931655,QUEUED
gid://shopify/Product/8644470898887,QUEUED
gid://shopify/Product/8644470866119,QUEUED
gid://shopify/Product/8644470833351,QUEUED
gid://shopify/Product/8644471193799,QUEUED
gid://shopify/Product/8644471161031,QUEUED
gid://shopify/Product/8644471128263,QUEUED
gid://shopify/Product/8644471095495,QUEUED
gid://shopify/Product/8644471062727,QUEUED
gid://shopify/Product/8644471029959,QUEUED
gid://shopify/Product/8644471390407,QUEUED
gid://shopify/Product/8644471357639,QUEUED
gid://shopify/Product/8644471324871,QUEUED
gid://shopify/Product/8644471292103,QUEUED
gid://shopify/Product/8644471259335,QUEUED
gid://shopify/Product/8644471226567,QUEUED
gid://shopify/Product/8644471587015,QUEUED
gid://shopify/Product/8644471554247,QUEUED
gid://shopify/Product/8644471521479,QUEUED
gid://shopify/Product/8644471488711,QUEUED
gid://shopify/Product/8644471455943,QUEUED
gid://shopify/Product/8644471423175,QUEUED
gid://shopify/Product/8644471816391,QUEUED
gid://shopify/Product/8644471783623,QUEUED
gid://shopify/Product/8644471750855,QUEUED
gid://shopify/Product/8644471718087,QUEUED
gid://shopify/Product/8644471685319,QUEUED
gid://shopify/Product/8644471619783,QUEUED
gid://shopify/Product/8645651890375,QUEUED
gid://shopify/Product/8645651824839,QUEUED
gid://shopify/Product/8645941821639,QUEUED
gid://shopify/Product/8645941854407,QUEUED
gid://shopify/Product/8645852201159,QUEUED
gid://shopify/Product/8644378394823,QUEUED
gid://shopify/Product/8645941887175,QUEUED
gid://shopify/Product/8645941919943,QUEUED
gid://shopify/Product/8645941952711,QUEUED
gid://shopify/Product/8645941985479,QUEUED
gid://shopify/Product/8644378919111,QUEUED
gid://shopify/Product/8644378886343,QUEUED
gid://shopify/Product/8644379181255,QUEUED
gid://shopify/Product/8644378951879,QUEUED
gid://shopify/Product/8644746346695,QUEUED
gid://shopify/Product/8644746739911,QUEUED
gid://shopify/Product/8644379803847,QUEUED
gid://shopify/Product/8644446814407,QUEUED
gid://shopify/Product/8644446781639,QUEUED
gid://shopify/Product/8644478369991,QUEUED
gid://shopify/Product/8644747296967,QUEUED
gid://shopify/Product/8644747329735,QUEUED
gid://shopify/Product/8644747362503,QUEUED
gid://shopify/Product/8644747395271,QUEUED
gid://shopify/Product/8644747428039,QUEUED
gid://shopify/Product/8644747460807,QUEUED
gid://shopify/Product/8644747493575,QUEUED
gid://shopify/Product/8644747526343,QUEUED
gid://shopify/Product/8644747559111,QUEUED
gid://shopify/Product/8645543723207,QUEUED
gid://shopify/Product/8644446748871,QUEUED
gid://shopify/Product/8644747591879,QUEUED
gid://shopify/Product/8644446716103,QUEUED
gid://shopify/Product/8644446683335,QUEUED
gid://shopify/Product/8644751327431,QUEUED
gid://shopify/Product/8644752146631,QUEUED
gid://shopify/Product/8644384161991,QUEUED
gid://shopify/Product/8644446453959,QUEUED
gid://shopify/Product/8644751294663,QUEUED
gid://shopify/Product/8645951291591,QUEUED
CAM1-PR59314-151,NOT_FOUND
CHE1-PROCLEAN10-20L,NOT_FOUND
CHE1-PROCLEAN11-20L,NOT_FOUND
CHE1-PROCLEAN12-20L,NOT_FOUND
gid://shopify/Product/8642996863175,QUEUED
gid://shopify/Product/8645563515079,QUEUED
gid://shopify/Product/8645713395911,QUEUED
gid://shopify/Product/8645854724295,QUEUED
gid://shopify/Product/8645645467847,QUEUED
gid://shopify/Product/8644667670727,QUEUED
gid://shopify/Product/8645862916295,QUEUED
gid://shopify/Product/8642996994247,QUEUED
gid://shopify/Product/8642996928711,QUEUED
gid://shopify/Product/8645662933191,QUEUED
gid://shopify/Product/8645662965959,QUEUED
gid://shopify/Product/8642997027015,QUEUED
gid://shopify/Product/8642997059783,QUEUED
gid://shopify/Product/8642997092551,QUEUED
gid://shopify/Product/8644696277191,QUEUED
gid://shopify/Product/8644696309959,QUEUED
gid://shopify/Product/8644696342727,QUEUED
gid://shopify/Product/8644696375495,QUEUED
gid://shopify/Product/8642997125319,QUEUED
gid://shopify/Product/8642997158087,QUEUED
gid://shopify/Product/8642997190855,QUEUED
gid://shopify/Product/8642997223623,QUEUED
gid://shopify/Product/8642997321927,QUEUED
gid://shopify/Product/8642997420231,QUEUED
gid://shopify/Product/8646069584071,QUEUED
gid://shopify/Product/8642997485767,QUEUED
gid://shopify/Product/8642997452999,QUEUED
gid://shopify/Product/8642997551303,QUEUED
gid://shopify/Product/8642997584071,QUEUED
gid://shopify/Product/8642997616839,QUEUED
gid://shopify/Product/8642997649607,QUEUED
gid://shopify/Product/8642997747911,QUEUED
gid://shopify/Product/8642997780679,QUEUED
gid://shopify/Product/8642997813447,QUEUED
gid://shopify/Product/8642997846215,QUEUED
gid://shopify/Product/8642997878983,QUEUED
gid://shopify/Product/8642997911751,QUEUED
gid://shopify/Product/8642997944519,QUEUED
gid://shopify/Product/8642997977287,QUEUED
gid://shopify/Product/8645601591495,QUEUED
gid://shopify/Product/8642998075591,QUEUED
gid://shopify/Product/8646069616839,QUEUED
gid://shopify/Product/8646069649607,QUEUED
gid://shopify/Product/8642998206663,QUEUED
gid://shopify/Product/8642998239431,QUEUED
gid://shopify/Product/8642998272199,QUEUED
gid://shopify/Product/8642998337735,QUEUED
gid://shopify/Product/8642998370503,QUEUED
gid://shopify/Product/8642998403271,QUEUED
gid://shopify/Product/8642998436039,QUEUED
gid://shopify/Product/8642998468807,QUEUED
gid://shopify/Product/8645601624263,QUEUED
gid://shopify/Product/8642998534343,QUEUED
gid://shopify/Product/8642998599879,QUEUED
gid://shopify/Product/8642998632647,QUEUED
gid://shopify/Product/8642998665415,QUEUED
gid://shopify/Product/8642998730951,QUEUED
gid://shopify/Product/8642998763719,QUEUED
gid://shopify/Product/8642998796487,QUEUED
gid://shopify/Product/8642998862023,QUEUED
gid://shopify/Product/8645601689799,QUEUED
gid://shopify/Product/8642998894791,QUEUED
gid://shopify/Product/8642998960327,QUEUED
gid://shopify/Product/8642998993095,QUEUED
gid://shopify/Product/8646069682375,QUEUED
gid://shopify/Product/8646069715143,QUEUED
gid://shopify/Product/8642999091399,QUEUED
gid://shopify/Product/8646073024711,QUEUED
gid://shopify/Product/8646073057479,QUEUED
gid://shopify/Product/8642999156935,QUEUED
gid://shopify/Product/8644729798855,QUEUED
gid://shopify/Product/8644729831623,QUEUED
gid://shopify/Product/8644729864391,QUEUED
gid://shopify/Product/8644668293319,QUEUED
gid://shopify/Product/8644668326087,QUEUED
gid://shopify/Product/8644729897159,QUEUED
gid://shopify/Product/8644729929927,QUEUED
gid://shopify/Product/8644729962695,QUEUED
gid://shopify/Product/8644729995463,QUEUED
gid://shopify/Product/8644730028231,QUEUED
gid://shopify/Product/8644730060999,QUEUED
gid://shopify/Product/8644730093767,QUEUED
gid://shopify/Product/8644668260551,QUEUED
gid://shopify/Product/8645480743111,QUEUED
gid://shopify/Product/8645967610055,QUEUED
gid://shopify/Product/8642999189703,QUEUED
gid://shopify/Product/8642999222471,QUEUED
gid://shopify/Product/8642999255239,QUEUED
gid://shopify/Product/8645967675591,QUEUED
gid://shopify/Product/8642999288007,QUEUED
gid://shopify/Product/8645713854663,QUEUED
gid://shopify/Product/8645967708359,QUEUED
gid://shopify/Product/8645863047367,QUEUED
gid://shopify/Product/8645967741127,QUEUED
gid://shopify/Product/8645967872199,QUEUED
gid://shopify/Product/8645967904967,QUEUED
gid://shopify/Product/8645967970503,QUEUED
gid://shopify/Product/8645968003271,QUEUED
gid://shopify/Product/8645731582151,QUEUED
gid://shopify/Product/8645968036039,QUEUED
gid://shopify/Product/8645968068807,QUEUED
gid://shopify/Product/8645968134343,QUEUED
gid://shopify/Product/8642999451847,QUEUED
gid://shopify/Product/8645968199879,QUEUED
gid://shopify/Product/8645968232647,QUEUED
gid://shopify/Product/8645691375815,QUEUED
gid://shopify/Product/8645968298183,QUEUED
gid://shopify/Product/8645968330951,QUEUED
gid://shopify/Product/8645968429255,QUEUED
gid://shopify/Product/8645863211207,QUEUED
gid://shopify/Product/8642999582919,QUEUED
gid://shopify/Product/8642999615687,QUEUED
gid://shopify/Product/8645863243975,QUEUED
gid://shopify/Product/8645968462023,QUEUED
gid://shopify/Product/8642999550151,QUEUED
gid://shopify/Product/8645968527559,QUEUED
gid://shopify/Product/8642999713991,QUEUED
gid://shopify/Product/8645968560327,QUEUED
gid://shopify/Product/8642999845063,QUEUED
gid://shopify/Product/8642999877831,QUEUED
gid://shopify/Product/8642999779527,QUEUED
gid://shopify/Product/8642999681223,QUEUED
gid://shopify/Product/8642999943367,QUEUED
gid://shopify/Product/8644786159815,QUEUED
gid://shopify/Product/8642999976135,QUEUED
gid://shopify/Product/8643000008903,QUEUED
gid://shopify/Product/8645968691399,QUEUED
gid://shopify/Product/8645968724167,QUEUED
gid://shopify/Product/8643000041671,QUEUED
gid://shopify/Product/8643000107207,QUEUED
gid://shopify/Product/8643000172743,QUEUED
gid://shopify/Product/8643000205511,QUEUED
gid://shopify/Product/8645968756935,QUEUED
gid://shopify/Product/8643000238279,QUEUED
gid://shopify/Product/8643000271047,QUEUED
gid://shopify/Product/8643000303815,QUEUED
gid://shopify/Product/8643000336583,QUEUED
gid://shopify/Product/8645863342279,QUEUED
gid://shopify/Product/8643000369351,QUEUED
gid://shopify/Product/8643000402119,QUEUED
gid://shopify/Product/8643000434887,QUEUED
gid://shopify/Product/8642999353543,QUEUED
gid://shopify/Product/8643000467655,QUEUED
gid://shopify/Product/8645709430983,QUEUED
gid://shopify/Product/8643000533191,QUEUED
gid://shopify/Product/8643000565959,QUEUED
gid://shopify/Product/8645866324167,QUEUED
gid://shopify/Product/8643000598727,QUEUED
gid://shopify/Product/8644492132551,QUEUED
gid://shopify/Product/8643000664263,QUEUED
gid://shopify/Product/8643000697031,QUEUED
gid://shopify/Product/8643000729799,QUEUED
gid://shopify/Product/8643000762567,QUEUED
gid://shopify/Product/8643000795335,QUEUED
gid://shopify/Product/8645691900103,QUEUED
gid://shopify/Product/8643000828103,QUEUED
gid://shopify/Product/8643000860871,QUEUED
gid://shopify/Product/8644809818311,QUEUED
gid://shopify/Product/8643000893639,QUEUED
gid://shopify/Product/8643000926407,QUEUED
gid://shopify/Product/8643000959175,QUEUED
gid://shopify/Product/8643000991943,QUEUED
gid://shopify/Product/8643001024711,QUEUED
gid://shopify/Product/8645563318471,QUEUED
gid://shopify/Product/8646046777543,QUEUED
gid://shopify/Product/8646046810311,QUEUED
gid://shopify/Product/8644694540487,QUEUED
gid://shopify/Product/8644694507719,QUEUED
gid://shopify/Product/8643001090247,QUEUED
gid://shopify/Product/8643001123015,QUEUED
gid://shopify/Product/8643001155783,QUEUED
gid://shopify/Product/8643001221319,QUEUED
gid://shopify/Product/8644809851079,QUEUED
gid://shopify/Product/8644698374343,QUEUED
gid://shopify/Product/8645497028807,QUEUED
gid://shopify/Product/8645972197575,QUEUED
gid://shopify/Product/8645972230343,QUEUED
gid://shopify/Product/8643001319623,QUEUED
gid://shopify/Product/8644493508807,QUEUED
gid://shopify/Product/8645464195271,QUEUED
gid://shopify/Product/8644446191815,QUEUED
gid://shopify/Product/8645938708679,QUEUED
gid://shopify/Product/8645938741447,QUEUED
gid://shopify/Product/8645938774215,QUEUED
gid://shopify/Product/8643001352391,QUEUED
gid://shopify/Product/8644773380295,QUEUED
gid://shopify/Product/8645851054279,QUEUED
gid://shopify/Product/8644773413063,QUEUED
gid://shopify/Product/8645851119815,QUEUED
gid://shopify/Product/8645939101895,QUEUED
gid://shopify/Product/8644446159047,QUEUED
gid://shopify/Product/8645851185351,QUEUED
gid://shopify/Product/8645939134663,QUEUED
gid://shopify/Product/8645939200199,QUEUED
gid://shopify/Product/8645851316423,QUEUED
gid://shopify/Product/8644445864135,QUEUED
gid://shopify/Product/8645851349191,QUEUED
gid://shopify/Product/8645851381959,QUEUED
gid://shopify/Product/8644445634759,QUEUED
gid://shopify/Product/8645939232967,QUEUED
gid://shopify/Product/8644445601991,QUEUED
gid://shopify/Product/8645939265735,QUEUED
gid://shopify/Product/8644776722631,QUEUED
gid://shopify/Product/8645939560647,QUEUED
gid://shopify/Product/8644777279687,QUEUED
gid://shopify/Product/8644445176007,QUEUED
gid://shopify/Product/8644445077703,QUEUED
gid://shopify/Product/8645941690567,QUEUED
gid://shopify/Product/8644444520647,QUEUED
gid://shopify/Product/8644444553415,QUEUED
gid://shopify/Product/8644742348999,QUEUED
gid://shopify/Product/8644744609991,QUEUED
gid://shopify/Product/8644744642759,QUEUED
gid://shopify/Product/8644742316231,QUEUED
gid://shopify/Product/8645942149319,QUEUED
gid://shopify/Product/8644746379463,QUEUED
gid://shopify/Product/8645465145543,QUEUED
gid://shopify/Product/8643001417927,QUEUED
gid://shopify/Product/8643001450695,QUEUED
gid://shopify/Product/8644485480647,QUEUED
gid://shopify/Product/8644742381767,QUEUED
gid://shopify/Product/8645942214855,QUEUED
gid://shopify/Product/8644443537607,QUEUED
gid://shopify/Product/8644443406535,QUEUED
gid://shopify/Product/8644443373767,QUEUED
gid://shopify/Product/8644746313927,QUEUED
gid://shopify/Product/8644746412231,QUEUED
gid://shopify/Product/8645942280391,QUEUED
gid://shopify/Product/8644746674375,QUEUED
gid://shopify/Product/8645942345927,QUEUED
gid://shopify/Product/8645942378695,QUEUED
gid://shopify/Product/8645942411463,QUEUED
gid://shopify/Product/8645942444231,QUEUED
gid://shopify/Product/8645942509767,QUEUED
gid://shopify/Product/8644746707143,QUEUED
gid://shopify/Product/8645942542535,QUEUED
gid://shopify/Product/8645942575303,QUEUED
gid://shopify/Product/8644443046087,QUEUED
gid://shopify/Product/8643001516231,QUEUED
gid://shopify/Product/8645852266695,QUEUED
gid://shopify/Product/8645852299463,QUEUED
gid://shopify/Product/8644742643911,QUEUED
gid://shopify/Product/8644442783943,QUEUED
gid://shopify/Product/8644442587335,QUEUED
gid://shopify/Product/8645852332231,QUEUED
gid://shopify/Product/8643001581767,QUEUED
gid://shopify/Product/8644389109959,QUEUED
gid://shopify/Product/8644388946119,QUEUED
gid://shopify/Product/8644747690183,QUEUED
gid://shopify/Product/8644747722951,QUEUED
gid://shopify/Product/8644747755719,QUEUED
gid://shopify/Product/8644747788487,QUEUED
gid://shopify/Product/8644749295815,QUEUED
gid://shopify/Product/8644488200391,QUEUED
gid://shopify/Product/8644749328583,QUEUED
gid://shopify/Product/8644442161351,QUEUED
gid://shopify/Product/8644392386759,QUEUED
gid://shopify/Product/8645852758215,QUEUED
gid://shopify/Product/8643001647303,QUEUED
gid://shopify/Product/8643001680071,QUEUED
gid://shopify/Product/8644435673287,QUEUED
gid://shopify/Product/8645947982023,QUEUED
gid://shopify/Product/8644435738823,QUEUED
gid://shopify/Product/8645948014791,QUEUED
gid://shopify/Product/8644435935431,QUEUED
gid://shopify/Product/8644435804359,QUEUED
gid://shopify/Product/8644436394183,QUEUED
gid://shopify/Product/8644488396999,QUEUED
gid://shopify/Product/8644393304263,QUEUED
gid://shopify/Product/8644436426951,QUEUED
gid://shopify/Product/8644488429767,QUEUED
gid://shopify/Product/8645949489351,QUEUED
gid://shopify/Product/8645949522119,QUEUED
gid://shopify/Product/8645949718727,QUEUED
gid://shopify/Product/8645949751495,QUEUED
gid://shopify/Product/8644436623559,QUEUED
gid://shopify/Product/8644488790215,QUEUED
gid://shopify/Product/8645949784263,QUEUED
gid://shopify/Product/8645949817031,QUEUED
gid://shopify/Product/8644441604295,QUEUED
gid://shopify/Product/8644441571527,QUEUED
gid://shopify/Product/8644441505991,QUEUED
gid://shopify/Product/8645949882567,QUEUED
gid://shopify/Product/8645949915335,QUEUED
gid://shopify/Product/8644441407687,QUEUED
gid://shopify/Product/8645949980871,QUEUED
gid://shopify/Product/8644488757447,QUEUED
gid://shopify/Product/8644441276615,QUEUED
gid://shopify/Product/8644441145543,QUEUED
gid://shopify/Product/8645853577415,QUEUED
gid://shopify/Product/8644752113863,QUEUED
gid://shopify/Product/8644440457415,QUEUED
gid://shopify/Product/8644488921287,QUEUED
gid://shopify/Product/8644488986823,QUEUED
gid://shopify/Product/8644440162503,QUEUED
gid://shopify/Product/8644489052359,QUEUED
gid://shopify/Product/8645950898375,QUEUED
gid://shopify/Product/8645950931143,QUEUED
gid://shopify/Product/8644439670983,QUEUED
gid://shopify/Product/8645950963911,QUEUED
gid://shopify/Product/8645950996679,QUEUED
gid://shopify/Product/8644438917319,QUEUED
gid://shopify/Product/8644751950023,QUEUED
gid://shopify/Product/8644751982791,QUEUED
gid://shopify/Product/8644752015559,QUEUED
gid://shopify/Product/8644752048327,QUEUED
gid://shopify/Product/8644751884487,QUEUED
gid://shopify/Product/8643001712839,QUEUED
gid://shopify/Product/8644751786183,QUEUED
gid://shopify/Product/8644751720647,QUEUED
gid://shopify/Product/8644751622343,QUEUED
gid://shopify/Product/8644751589575,QUEUED
gid://shopify/Product/8644750246087,QUEUED
gid://shopify/Product/8644750213319,QUEUED
gid://shopify/Product/8644751524039,QUEUED
gid://shopify/Product/8644489150663,QUEUED
gid://shopify/Product/8644751360199,QUEUED
gid://shopify/Product/8645951029447,QUEUED
gid://shopify/Product/8645951062215,QUEUED
gid://shopify/Product/8644489183431,QUEUED
gid://shopify/Product/8644751392967,QUEUED
gid://shopify/Product/8644751425735,QUEUED
gid://shopify/Product/8644751458503,QUEUED
gid://shopify/Product/8644751491271,QUEUED
gid://shopify/Product/8644418502855,QUEUED
gid://shopify/Product/8644420960455,QUEUED
gid://shopify/Product/8644489281735,QUEUED
gid://shopify/Product/8644418470087,QUEUED
gid://shopify/Product/8645853642951,QUEUED
gid://shopify/Product/8644418535623,QUEUED
gid://shopify/Product/8644418404551,QUEUED
gid://shopify/Product/8644418371783,QUEUED
gid://shopify/Product/8645951160519,QUEUED
gid://shopify/Product/8644489380039,QUEUED
gid://shopify/Product/8644418076871,QUEUED
gid://shopify/Product/8644489347271,QUEUED
gid://shopify/Product/8644418044103,QUEUED
gid://shopify/Product/8644489314503,QUEUED
gid://shopify/Product/8645951357127,QUEUED
gid://shopify/Product/8645951389895,QUEUED
gid://shopify/Product/8644689133767,QUEUED
gid://shopify/Product/8644489445575,QUEUED
gid://shopify/Product/8645853970631,QUEUED
gid://shopify/Product/8644417683655,QUEUED
gid://shopify/Product/8645854036167,QUEUED
gid://shopify/Product/8645951946951,QUEUED
gid://shopify/Product/8645951979719,QUEUED
gid://shopify/Product/8645952012487,QUEUED
gid://shopify/Product/8645952045255,QUEUED
gid://shopify/Product/8645952078023,QUEUED
gid://shopify/Product/8644381278407,QUEUED
gid://shopify/Product/8645952241863,QUEUED
gid://shopify/Product/8644417192135,QUEUED
gid://shopify/Product/8645952274631,QUEUED
gid://shopify/Product/8645952307399,QUEUED
gid://shopify/Product/8644750377159,QUEUED
gid://shopify/Product/8644750278855,QUEUED
gid://shopify/Product/8645854101703,QUEUED
gid://shopify/Product/8645953061063,QUEUED
gid://shopify/Product/8644778590407,QUEUED
gid://shopify/Product/8644416340167,QUEUED
gid://shopify/Product/8644453564615,QUEUED
gid://shopify/Product/8644463755463,QUEUED
gid://shopify/Product/8644416372935,QUEUED
gid://shopify/Product/8645953093831,QUEUED
gid://shopify/Product/8643002171591,QUEUED
gid://shopify/Product/8643002204359,QUEUED
gid://shopify/Product/8643002237127,QUEUED
gid://shopify/Product/8643002269895,QUEUED
gid://shopify/Product/8645513740487,QUEUED
gid://shopify/Product/8645861802183,QUEUED
gid://shopify/Product/8644496818375,QUEUED
gid://shopify/Product/8645513707719,QUEUED
gid://shopify/Product/8644496916679,QUEUED
gid://shopify/Product/8645861867719,QUEUED
gid://shopify/Product/8645861900487,QUEUED
gid://shopify/Product/8645513674951,QUEUED
gid://shopify/Product/8644497014983,QUEUED
gid://shopify/Product/8645513642183,QUEUED
gid://shopify/Product/8645513609415,QUEUED
gid://shopify/Product/8644497047751,QUEUED
gid://shopify/Product/8644497080519,QUEUED
gid://shopify/Product/8645965709511,QUEUED
gid://shopify/Product/8643002368199,QUEUED
gid://shopify/Product/8643002400967,QUEUED
gid://shopify/Product/8645965742279,QUEUED
gid://shopify/Product/8643002564807,QUEUED
gid://shopify/Product/8644512448711,QUEUED
gid://shopify/Product/8644512481479,QUEUED
gid://shopify/Product/8643002597575,QUEUED
gid://shopify/Product/8643002630343,QUEUED
gid://shopify/Product/8643003351239,QUEUED
gid://shopify/Product/8643003384007,QUEUED
gid://shopify/Product/8645465080007,QUEUED
gid://shopify/Product/8644522967239,QUEUED
gid://shopify/Product/8644512514247,QUEUED
gid://shopify/Product/8643004334279,QUEUED
gid://shopify/Product/8643004367047,QUEUED
gid://shopify/Product/8644512547015,QUEUED
gid://shopify/Product/8644512579783,QUEUED
gid://shopify/Product/8644512612551,QUEUED
gid://shopify/Product/8645967151303,QUEUED
gid://shopify/Product/8643004432583,QUEUED
gid://shopify/Product/8645967184071,QUEUED
gid://shopify/Product/8645967216839,QUEUED
gid://shopify/Product/8645862555847,QUEUED
gid://shopify/Product/8645862588615,QUEUED
gid://shopify/Product/8643004399815,QUEUED
gid://shopify/Product/8643004465351,QUEUED
gid://shopify/Product/8644496720071,QUEUED
gid://shopify/Product/8644496752839,QUEUED
gid://shopify/Product/8644496621767,QUEUED
gid://shopify/Product/8644496654535,QUEUED
gid://shopify/Product/8645488378055,QUEUED
gid://shopify/Product/8645967446215,QUEUED
gid://shopify/Product/8645488345287,QUEUED
gid://shopify/Product/8645967478983,QUEUED
gid://shopify/Product/8644496588999,QUEUED
gid://shopify/Product/8644496556231,QUEUED
gid://shopify/Product/8644496523463,QUEUED
gid://shopify/Product/8645967511751,QUEUED
gid://shopify/Product/8644496490695,QUEUED
gid://shopify/Product/8644496457927,QUEUED
gid://shopify/Product/8644496425159,QUEUED
gid://shopify/Product/8644496392391,QUEUED
gid://shopify/Product/8644496359623,QUEUED
gid://shopify/Product/8645488148679,QUEUED
gid://shopify/Product/8644496326855,QUEUED
gid://shopify/Product/8645488181447,QUEUED
gid://shopify/Product/8645488312519,QUEUED
gid://shopify/Product/8645862817991,QUEUED
gid://shopify/Product/8645488214215,QUEUED
gid://shopify/Product/8645488246983,QUEUED
gid://shopify/Product/8645488410823,QUEUED
gid://shopify/Product/8644496294087,QUEUED
gid://shopify/Product/8644772790471,QUEUED
gid://shopify/Product/8643004530887,QUEUED
gid://shopify/Product/8645488443591,QUEUED
gid://shopify/Product/8644452450503,QUEUED
gid://shopify/Product/8644452417735,QUEUED
gid://shopify/Product/8645488541895,QUEUED
gid://shopify/Product/8644493607111,QUEUED
gid://shopify/Product/8644452384967,QUEUED
gid://shopify/Product/8644452352199,QUEUED
gid://shopify/Product/8644493639879,QUEUED
gid://shopify/Product/8645488476359,QUEUED
gid://shopify/Product/8644452319431,QUEUED
gid://shopify/Product/8644452286663,QUEUED
gid://shopify/Product/8645488509127,QUEUED
gid://shopify/Product/8644452253895,QUEUED
gid://shopify/Product/8644452221127,QUEUED
gid://shopify/Product/8645862850759,QUEUED
gid://shopify/Product/8644452188359,QUEUED
gid://shopify/Product/8645862883527,QUEUED
gid://shopify/Product/8644452122823,QUEUED
gid://shopify/Product/8644452057287,QUEUED
gid://shopify/Product/8644452024519,QUEUED
gid://shopify/Product/8644451991751,QUEUED
gid://shopify/Product/8644451958983,QUEUED
gid://shopify/Product/8644496261319,QUEUED
gid://shopify/Product/8644451893447,QUEUED
gid://shopify/Product/8644513628359,QUEUED
gid://shopify/Product/8644513661127,QUEUED
gid://shopify/Product/8644513693895,QUEUED
gid://shopify/Product/8644513759431,QUEUED
gid://shopify/Product/8644513792199,QUEUED
gid://shopify/Product/8644513824967,QUEUED
gid://shopify/Product/8644513857735,QUEUED
gid://shopify/Product/8644513890503,QUEUED
gid://shopify/Product/8644513923271,QUEUED
gid://shopify/Product/8644451860679,QUEUED
gid://shopify/Product/8645969969351,QUEUED
gid://shopify/Product/8645970034887,QUEUED
gid://shopify/Product/8644513956039,QUEUED
gid://shopify/Product/8644513988807,QUEUED
gid://shopify/Product/8644451827911,QUEUED
gid://shopify/Product/8644451795143,QUEUED
gid://shopify/Product/8644514021575,QUEUED
gid://shopify/Product/8644739662023,QUEUED
gid://shopify/Product/8644495966407,QUEUED
gid://shopify/Product/8644495999175,QUEUED
gid://shopify/Product/8644496031943,QUEUED
gid://shopify/Product/8644496064711,QUEUED
gid://shopify/Product/8644496097479,QUEUED
gid://shopify/Product/8644496130247,QUEUED
gid://shopify/Product/8644496163015,QUEUED
gid://shopify/Product/8644496228551,QUEUED
gid://shopify/Product/8644739432647,QUEUED
gid://shopify/Product/8645863473351,QUEUED
gid://shopify/Product/8644739465415,QUEUED
gid://shopify/Product/8644739563719,QUEUED
gid://shopify/Product/8644739629255,QUEUED
gid://shopify/Product/8644494622919,QUEUED
gid://shopify/Product/8644494655687,QUEUED
gid://shopify/Product/8644494688455,QUEUED
gid://shopify/Product/8644451729607,QUEUED
gid://shopify/Product/8644451696839,QUEUED
gid://shopify/Product/8644451762375,QUEUED
gid://shopify/Product/8643004563655,QUEUED
gid://shopify/Product/8643004596423,QUEUED
gid://shopify/Product/8643004629191,QUEUED
gid://shopify/Product/8643004661959,QUEUED
gid://shopify/Product/8645970264263,QUEUED
gid://shopify/Product/8645970329799,QUEUED
gid://shopify/Product/8644451664071,QUEUED
gid://shopify/Product/8645967380679,QUEUED
gid://shopify/Product/8645967413447,QUEUED
gid://shopify/Product/8644494721223,QUEUED
gid://shopify/Product/8644494753991,QUEUED
gid://shopify/Product/8643005153479,QUEUED
gid://shopify/Product/8643005186247,QUEUED
gid://shopify/Product/8643005219015,QUEUED
gid://shopify/Product/8643005251783,QUEUED
gid://shopify/Product/8644515922119,QUEUED
gid://shopify/Product/8644515954887,QUEUED
gid://shopify/Product/8644516315335,QUEUED
gid://shopify/Product/8643005284551,QUEUED
gid://shopify/Product/8643005317319,QUEUED
gid://shopify/Product/8644516643015,QUEUED
gid://shopify/Product/8644516675783,QUEUED
gid://shopify/Product/8643005382855,QUEUED
gid://shopify/Product/8643005415623,QUEUED
gid://shopify/Product/8644516708551,QUEUED
gid://shopify/Product/8644516741319,QUEUED
gid://shopify/Product/8645972820167,QUEUED
gid://shopify/Product/8644516774087,QUEUED
gid://shopify/Product/8645507514567,QUEUED
gid://shopify/Product/8645515411655,QUEUED
gid://shopify/Product/8644495442119,QUEUED
gid://shopify/Product/8644495474887,QUEUED
gid://shopify/Product/8645515313351,QUEUED
gid://shopify/Product/8645515378887,QUEUED
gid://shopify/Product/8645972984007,QUEUED
gid://shopify/Product/8645515509959,QUEUED
gid://shopify/Product/8645515477191,QUEUED
gid://shopify/Product/8645514330311,QUEUED
gid://shopify/Product/8645514297543,QUEUED
gid://shopify/Product/8644495540423,QUEUED
gid://shopify/Product/8645864030407,QUEUED
gid://shopify/Product/8644495573191,QUEUED
gid://shopify/Product/8645864063175,QUEUED
gid://shopify/Product/8644495605959,QUEUED
gid://shopify/Product/8644495638727,QUEUED
gid://shopify/Product/8644495671495,QUEUED
gid://shopify/Product/8645514264775,QUEUED
gid://shopify/Product/8645514232007,QUEUED
gid://shopify/Product/8644495704263,QUEUED
gid://shopify/Product/8644495737031,QUEUED
gid://shopify/Product/8645514199239,QUEUED
gid://shopify/Product/8644495769799,QUEUED
gid://shopify/Product/8645864095943,QUEUED
gid://shopify/Product/8645864128711,QUEUED
gid://shopify/Product/8645514166471,QUEUED
gid://shopify/Product/8645514100935,QUEUED
gid://shopify/Product/8644495802567,QUEUED
gid://shopify/Product/8643006136519,QUEUED
gid://shopify/Product/8644494885063,QUEUED
gid://shopify/Product/8644494917831,QUEUED
gid://shopify/Product/8644494950599,QUEUED
gid://shopify/Product/8644494983367,QUEUED
gid://shopify/Product/8644495016135,QUEUED
gid://shopify/Product/8644495081671,QUEUED
gid://shopify/Product/8644495114439,QUEUED
gid://shopify/Product/8645976031431,QUEUED
gid://shopify/Product/8644495147207,QUEUED
gid://shopify/Product/8644495245511,QUEUED
gid://shopify/Product/8644495311047,QUEUED
gid://shopify/Product/8644495343815,QUEUED
gid://shopify/Product/8644495376583,QUEUED
gid://shopify/Product/8643007283399,QUEUED
gid://shopify/Product/8644502683847,QUEUED
gid://shopify/Product/8644502716615,QUEUED
gid://shopify/Product/8645515772103,QUEUED
gid://shopify/Product/8644502749383,QUEUED
gid://shopify/Product/8645864784071,QUEUED
gid://shopify/Product/8644502651079,QUEUED
gid://shopify/Product/8645515706567,QUEUED
gid://shopify/Product/8645515673799,QUEUED
gid://shopify/Product/8643007316167,QUEUED
gid://shopify/Product/8643007348935,QUEUED
gid://shopify/Product/8645515641031,QUEUED
gid://shopify/Product/8645515608263,QUEUED
gid://shopify/Product/8645515575495,QUEUED
gid://shopify/Product/8645515542727,QUEUED
gid://shopify/Product/8644502782151,QUEUED
gid://shopify/Product/8643007447239,QUEUED
gid://shopify/Product/8645864816839,QUEUED
gid://shopify/Product/8643007611079,QUEUED
gid://shopify/Product/8643007643847,QUEUED
gid://shopify/Product/8645976850631,QUEUED
gid://shopify/Product/8643007676615,QUEUED
gid://shopify/Product/8645652185287,QUEUED
gid://shopify/Product/8645976883399,QUEUED
gid://shopify/Product/8645976916167,QUEUED
gid://shopify/Product/8643007742151,QUEUED
gid://shopify/Product/8645488804039,QUEUED
gid://shopify/Product/8644502814919,QUEUED
gid://shopify/Product/8644502847687,QUEUED
gid://shopify/Product/8645864980679,QUEUED
gid://shopify/Product/8645488738503,QUEUED
gid://shopify/Product/8645488640199,QUEUED
gid://shopify/Product/8645488771271,QUEUED
gid://shopify/Product/8644502880455,QUEUED
gid://shopify/Product/8645488672967,QUEUED
gid://shopify/Product/8645488869575,QUEUED
gid://shopify/Product/8645488574663,QUEUED
gid://shopify/Product/8644502913223,QUEUED
gid://shopify/Product/8645488836807,QUEUED
gid://shopify/Product/8645488607431,QUEUED
gid://shopify/Product/8645488705735,QUEUED
gid://shopify/Product/8644502945991,QUEUED
gid://shopify/Product/8643007971527,QUEUED
gid://shopify/Product/8643008004295,QUEUED
gid://shopify/Product/8643008037063,QUEUED
gid://shopify/Product/8643008069831,QUEUED
gid://shopify/Product/8643008233671,QUEUED
gid://shopify/Product/8643009609927,QUEUED
gid://shopify/Product/8643009642695,QUEUED
gid://shopify/Product/8644520280263,QUEUED
gid://shopify/Product/8643009675463,QUEUED
gid://shopify/Product/8643009708231,QUEUED
gid://shopify/Product/8644520313031,QUEUED
gid://shopify/Product/8643009740999,QUEUED
gid://shopify/Product/8643009773767,QUEUED
gid://shopify/Product/8644520378567,QUEUED
gid://shopify/Product/8643009806535,QUEUED
gid://shopify/Product/8644520542407,QUEUED
gid://shopify/Product/8644520607943,QUEUED
gid://shopify/Product/8645489066183,QUEUED
gid://shopify/Product/8644503077063,QUEUED
gid://shopify/Product/8644503109831,QUEUED
gid://shopify/Product/8644503142599,QUEUED
gid://shopify/Product/8644503044295,QUEUED
gid://shopify/Product/8644503175367,QUEUED
gid://shopify/Product/8644503208135,QUEUED
gid://shopify/Product/8644503240903,QUEUED
gid://shopify/Product/8645865472199,QUEUED
gid://shopify/Product/8645488902343,QUEUED
gid://shopify/Product/8645865504967,QUEUED
gid://shopify/Product/8645488935111,QUEUED
gid://shopify/Product/8645488967879,QUEUED
gid://shopify/Product/8645489000647,QUEUED
gid://shopify/Product/8645489033415,QUEUED
gid://shopify/Product/8645865537735,QUEUED
gid://shopify/Product/8645515935943,QUEUED
gid://shopify/Product/8643009872071,QUEUED
gid://shopify/Product/8643009904839,QUEUED
gid://shopify/Product/8643009937607,QUEUED
gid://shopify/Product/8643009970375,QUEUED
gid://shopify/Product/8643010003143,QUEUED
gid://shopify/Product/8643010035911,QUEUED
gid://shopify/Product/8643010068679,QUEUED
gid://shopify/Product/8643010101447,QUEUED
gid://shopify/Product/8643010134215,QUEUED
gid://shopify/Product/8643010166983,QUEUED
gid://shopify/Product/8645515903175,QUEUED
gid://shopify/Product/8645515870407,QUEUED
gid://shopify/Product/8645865570503,QUEUED
gid://shopify/Product/8645865636039,QUEUED
gid://shopify/Product/8645515837639,QUEUED
gid://shopify/Product/8645515804871,QUEUED
gid://shopify/Product/8645865668807,QUEUED
gid://shopify/Product/8645489197255,QUEUED
gid://shopify/Product/8643010232519,QUEUED
gid://shopify/Product/8645489328327,QUEUED
gid://shopify/Product/8645489164487,QUEUED
gid://shopify/Product/8645489262791,QUEUED
gid://shopify/Product/8645489131719,QUEUED
gid://shopify/Product/8645865701575,QUEUED
gid://shopify/Product/8645980586183,QUEUED
gid://shopify/Product/8643010298055,QUEUED
gid://shopify/Product/8643010363591,QUEUED
gid://shopify/Product/8643010396359,QUEUED
gid://shopify/Product/8645489295559,QUEUED
gid://shopify/Product/8643010461895,QUEUED
gid://shopify/Product/8645489098951,QUEUED
gid://shopify/Product/8645489230023,QUEUED
gid://shopify/Product/8645980618951,QUEUED
gid://shopify/Product/8643010494663,QUEUED
gid://shopify/Product/8643010560199,QUEUED
gid://shopify/Product/8643010592967,QUEUED
gid://shopify/Product/8643010625735,QUEUED
gid://shopify/Product/8644521197767,QUEUED
gid://shopify/Product/8644521263303,QUEUED
gid://shopify/Product/8644521328839,QUEUED
gid://shopify/Product/8644521361607,QUEUED
gid://shopify/Product/8644521394375,QUEUED
gid://shopify/Product/8643011215559,QUEUED
gid://shopify/Product/8645655789767,QUEUED
gid://shopify/Product/8645655920839,QUEUED
gid://shopify/Product/8644521689287,QUEUED
gid://shopify/Product/8644521722055,QUEUED
gid://shopify/Product/8644521787591,QUEUED
gid://shopify/Product/8644521820359,QUEUED
gid://shopify/Product/8644521885895,QUEUED
gid://shopify/Product/8644521951431,QUEUED
gid://shopify/Product/8644521984199,QUEUED
gid://shopify/Product/8644522049735,QUEUED
gid://shopify/Product/8644522115271,QUEUED
gid://shopify/Product/8644522148039,QUEUED
gid://shopify/Product/8644522180807,QUEUED
gid://shopify/Product/8644522246343,QUEUED
gid://shopify/Product/8643011248327,QUEUED
gid://shopify/Product/8644522279111,QUEUED
gid://shopify/Product/8644522311879,QUEUED
gid://shopify/Product/8644522344647,QUEUED
gid://shopify/Product/8644522410183,QUEUED
gid://shopify/Product/8644676649159,QUEUED
gid://shopify/Product/8644522475719,QUEUED
gid://shopify/Product/8644522508487,QUEUED
gid://shopify/Product/8644522606791,QUEUED
gid://shopify/Product/8644522639559,QUEUED
gid://shopify/Product/8643024945351,QUEUED
gid://shopify/Product/8643025043655,QUEUED
gid://shopify/Product/8643025141959,QUEUED
gid://shopify/Product/8643025174727,QUEUED
gid://shopify/Product/8645992284359,QUEUED
gid://shopify/Product/8645489361095,QUEUED
gid://shopify/Product/8645489492167,QUEUED
gid://shopify/Product/8645489787079,QUEUED
gid://shopify/Product/8645992546503,QUEUED
gid://shopify/Product/8645489623239,QUEUED
gid://shopify/Product/8645992579271,QUEUED
gid://shopify/Product/8645489590471,QUEUED
gid://shopify/Product/8645489819847,QUEUED
gid://shopify/Product/8645489393863,QUEUED
gid://shopify/Product/8645489656007,QUEUED
gid://shopify/Product/8645489524935,QUEUED
gid://shopify/Product/8645489688775,QUEUED
gid://shopify/Product/8643025305799,QUEUED
gid://shopify/Product/8645992612039,QUEUED
gid://shopify/Product/8645866356935,QUEUED
gid://shopify/Product/8645489459399,QUEUED
gid://shopify/Product/8645866389703,QUEUED
gid://shopify/Product/8645489721543,QUEUED
gid://shopify/Product/8645489426631,QUEUED
gid://shopify/Product/8645489557703,QUEUED
gid://shopify/Product/8645489754311,QUEUED
gid://shopify/Product/8643025338567,QUEUED
gid://shopify/Product/8643025371335,QUEUED
gid://shopify/Product/8643025404103,QUEUED
gid://shopify/Product/8643025436871,QUEUED
gid://shopify/Product/8643025469639,QUEUED
gid://shopify/Product/8643025502407,QUEUED
gid://shopify/Product/8643025535175,QUEUED
gid://shopify/Product/8643025567943,QUEUED
gid://shopify/Product/8643025600711,QUEUED
gid://shopify/Product/8645866553543,QUEUED
gid://shopify/Product/8646013714631,QUEUED
gid://shopify/Product/8646013780167,QUEUED
gid://shopify/Product/8646013845703,QUEUED
gid://shopify/Product/8646013878471,QUEUED
gid://shopify/Product/8646013944007,QUEUED
gid://shopify/Product/8646013976775,QUEUED
gid://shopify/Product/8646014042311,QUEUED
gid://shopify/Product/8646014107847,QUEUED
gid://shopify/Product/8646014173383,QUEUED
gid://shopify/Product/8646014238919,QUEUED
gid://shopify/Product/8646014304455,QUEUED
gid://shopify/Product/8643025731783,QUEUED
gid://shopify/Product/8643025764551,QUEUED
gid://shopify/Product/8645669814471,QUEUED
gid://shopify/Product/8646015713479,QUEUED
gid://shopify/Product/8646015779015,QUEUED
gid://shopify/Product/8646015811783,QUEUED
gid://shopify/Product/8646015844551,QUEUED
gid://shopify/Product/8644809949383,QUEUED
gid://shopify/Product/8643025830087,QUEUED
gid://shopify/Product/8643025862855,QUEUED
gid://shopify/Product/8644801790151,QUEUED
gid://shopify/Product/8644525031623,QUEUED
gid://shopify/Product/8644525129927,QUEUED
gid://shopify/Product/8644525195463,QUEUED
gid://shopify/Product/8643025961159,QUEUED
gid://shopify/Product/8643025993927,QUEUED
gid://shopify/Product/8643026026695,QUEUED
gid://shopify/Product/8644525326535,QUEUED
gid://shopify/Product/8644525392071,QUEUED
gid://shopify/Product/8644525457607,QUEUED
gid://shopify/Product/8644525555911,QUEUED
gid://shopify/Product/8644525621447,QUEUED
gid://shopify/Product/8645868552391,QUEUED
gid://shopify/Product/8645868585159,QUEUED
gid://shopify/Product/8645868617927,QUEUED
gid://shopify/Product/8645868650695,QUEUED
gid://shopify/Product/8644525785287,QUEUED
gid://shopify/Product/8643026059463,QUEUED
gid://shopify/Product/8644525883591,QUEUED
gid://shopify/Product/8644526047431,QUEUED
gid://shopify/Product/8646018728135,QUEUED
gid://shopify/Product/8644526112967,QUEUED
gid://shopify/Product/8644526178503,QUEUED
gid://shopify/Product/8644526244039,QUEUED
gid://shopify/Product/8644526309575,QUEUED
gid://shopify/Product/8644526407879,QUEUED
gid://shopify/Product/8646018760903,QUEUED
gid://shopify/Product/8644526473415,QUEUED
gid://shopify/Product/8646018826439,QUEUED
gid://shopify/Product/8646018859207,QUEUED
gid://shopify/Product/8643026124999,QUEUED
gid://shopify/Product/8643026157767,QUEUED
gid://shopify/Product/8643026190535,QUEUED
gid://shopify/Product/8645868748999,QUEUED
gid://shopify/Product/8645489852615,QUEUED
gid://shopify/Product/8643026256071,QUEUED
gid://shopify/Product/8645489983687,QUEUED
gid://shopify/Product/8645490049223,QUEUED
gid://shopify/Product/8645868781767,QUEUED
gid://shopify/Product/8643026288839,QUEUED
gid://shopify/Product/8645489918151,QUEUED
gid://shopify/Product/8643026321607,QUEUED
gid://shopify/Product/8645489885383,QUEUED
gid://shopify/Product/8645490016455,QUEUED
gid://shopify/Product/8645868814535,QUEUED
gid://shopify/Product/8645868847303,QUEUED
gid://shopify/Product/8643026354375,QUEUED
gid://shopify/Product/8643026387143,QUEUED
gid://shopify/Product/8643026419911,QUEUED
gid://shopify/Product/8643026452679,QUEUED
gid://shopify/Product/8643026485447,QUEUED
gid://shopify/Product/8645868880071,QUEUED
gid://shopify/Product/8643026518215,QUEUED
gid://shopify/Product/8643026583751,QUEUED
gid://shopify/Product/8646019481799,QUEUED
gid://shopify/Product/8643026616519,QUEUED
gid://shopify/Product/8643026649287,QUEUED
gid://shopify/Product/8643026682055,QUEUED
gid://shopify/Product/8643026747591,QUEUED
gid://shopify/Product/8645489950919,QUEUED
gid://shopify/Product/8643026780359,QUEUED
gid://shopify/Product/8643026845895,QUEUED
gid://shopify/Product/8643002335431,QUEUED
gid://shopify/Product/8643026878663,QUEUED
gid://shopify/Product/8643002466503,QUEUED
gid://shopify/Product/8645869011143,QUEUED
gid://shopify/Product/8645514068167,QUEUED
gid://shopify/Product/8645514035399,QUEUED
gid://shopify/Product/8643025273031,QUEUED
gid://shopify/Product/8645514002631,QUEUED
gid://shopify/Product/8645513969863,QUEUED
gid://shopify/Product/8646022037703,QUEUED
gid://shopify/Product/8645513937095,QUEUED
gid://shopify/Product/8645869043911,QUEUED
gid://shopify/Product/8645709463751,QUEUED
gid://shopify/Product/8645869076679,QUEUED
gid://shopify/Product/8645513904327,QUEUED
gid://shopify/Product/8643026944199,QUEUED
gid://shopify/Product/8646022070471,QUEUED
gid://shopify/Product/8645513871559,QUEUED
gid://shopify/Product/8645513838791,QUEUED
gid://shopify/Product/8645869109447,QUEUED
gid://shopify/Product/8645869142215,QUEUED
gid://shopify/Product/8645513806023,QUEUED
gid://shopify/Product/8645869207751,QUEUED
gid://shopify/Product/8645513773255,QUEUED
gid://shopify/Product/8643026976967,QUEUED
gid://shopify/Product/8643027009735,QUEUED
gid://shopify/Product/8643027042503,QUEUED
gid://shopify/Product/8644732551367,QUEUED
gid://shopify/Product/8644732584135,QUEUED
gid://shopify/Product/8644732616903,QUEUED
gid://shopify/Product/8644732649671,QUEUED
gid://shopify/Product/8644732682439,QUEUED
gid://shopify/Product/8644732715207,QUEUED
gid://shopify/Product/8644785864903,QUEUED
gid://shopify/Product/8644785995975,QUEUED
gid://shopify/Product/8644785897671,QUEUED
gid://shopify/Product/8644732747975,QUEUED
gid://shopify/Product/8644785930439,QUEUED
gid://shopify/Product/8644732780743,QUEUED
gid://shopify/Product/8644732846279,QUEUED
gid://shopify/Product/8644732813511,QUEUED
gid://shopify/Product/8644732879047,QUEUED
gid://shopify/Product/8644732911815,QUEUED
gid://shopify/Product/8645987336391,QUEUED
gid://shopify/Product/8645987369159,QUEUED
gid://shopify/Product/8645987401927,QUEUED
gid://shopify/Product/8645987434695,QUEUED
gid://shopify/Product/8645987467463,QUEUED
gid://shopify/Product/8645987500231,QUEUED
gid://shopify/Product/8645987532999,QUEUED
gid://shopify/Product/8645987565767,QUEUED
gid://shopify/Product/8645987598535,QUEUED
gid://shopify/Product/8645987631303,QUEUED
gid://shopify/Product/8645600346311,QUEUED
gid://shopify/Product/8645600379079,QUEUED
gid://shopify/Product/8645987664071,QUEUED
gid://shopify/Product/8645987729607,QUEUED
gid://shopify/Product/8645987762375,QUEUED
gid://shopify/Product/8645987795143,QUEUED
gid://shopify/Product/8645987827911,QUEUED
gid://shopify/Product/8645987860679,QUEUED
gid://shopify/Product/8645987893447,QUEUED
gid://shopify/Product/8645987926215,QUEUED
gid://shopify/Product/8645987958983,QUEUED
gid://shopify/Product/8645987991751,QUEUED
gid://shopify/Product/8645988057287,QUEUED
gid://shopify/Product/8645988090055,QUEUED
gid://shopify/Product/8645988122823,QUEUED
gid://shopify/Product/8645988155591,QUEUED
gid://shopify/Product/8645988188359,QUEUED
gid://shopify/Product/8645988253895,QUEUED
gid://shopify/Product/8645988286663,QUEUED
gid://shopify/Product/8645988319431,QUEUED
gid://shopify/Product/8645988352199,QUEUED
gid://shopify/Product/8645988384967,QUEUED
gid://shopify/Product/8645988417735,QUEUED
gid://shopify/Product/8645988450503,QUEUED
gid://shopify/Product/8645988483271,QUEUED
gid://shopify/Product/8645988516039,QUEUED
gid://shopify/Product/8645988548807,QUEUED
gid://shopify/Product/8645988581575,QUEUED
gid://shopify/Product/8645988614343,QUEUED
gid://shopify/Product/8645988679879,QUEUED
gid://shopify/Product/8645988712647,QUEUED
gid://shopify/Product/8645988745415,QUEUED
gid://shopify/Product/8645988778183,QUEUED
gid://shopify/Product/8645988810951,QUEUED
gid://shopify/Product/8645988843719,QUEUED
gid://shopify/Product/8645988876487,QUEUED
gid://shopify/Product/8645988909255,QUEUED
gid://shopify/Product/8645988942023,QUEUED
gid://shopify/Product/8645988974791,QUEUED
gid://shopify/Product/8645989007559,QUEUED
gid://shopify/Product/8645989040327,QUEUED
gid://shopify/Product/8645989073095,QUEUED
gid://shopify/Product/8645989105863,QUEUED
gid://shopify/Product/8645989138631,QUEUED
gid://shopify/Product/8645989171399,QUEUED
gid://shopify/Product/8645989204167,QUEUED
gid://shopify/Product/8645989236935,QUEUED
gid://shopify/Product/8645989269703,QUEUED
gid://shopify/Product/8645989302471,QUEUED
gid://shopify/Product/8645989335239,QUEUED
gid://shopify/Product/8645989368007,QUEUED
gid://shopify/Product/8645989400775,QUEUED
gid://shopify/Product/8645989433543,QUEUED
gid://shopify/Product/8645989466311,QUEUED
gid://shopify/Product/8645989499079,QUEUED
gid://shopify/Product/8645989531847,QUEUED
gid://shopify/Product/8645989564615,QUEUED
gid://shopify/Product/8645989597383,QUEUED
gid://shopify/Product/8645989630151,QUEUED
gid://shopify/Product/8645989662919,QUEUED
gid://shopify/Product/8645989695687,QUEUED
gid://shopify/Product/8645600444615,QUEUED
gid://shopify/Product/8645600477383,QUEUED
gid://shopify/Product/8645866062023,QUEUED
gid://shopify/Product/8644383375559,QUEUED
gid://shopify/Product/8644695720135,QUEUED
gid://shopify/Product/8644695752903,QUEUED
gid://shopify/Product/8644695785671,QUEUED
gid://shopify/Product/8644695818439,QUEUED
gid://shopify/Product/8644392157383,QUEUED
gid://shopify/Product/8644719214791,QUEUED
gid://shopify/Product/8644385931463,QUEUED
gid://shopify/Product/8644385603783,QUEUED
gid://shopify/Product/8644386652359,QUEUED
gid://shopify/Product/8644391960775,QUEUED
gid://shopify/Product/8644391928007,QUEUED
gid://shopify/Product/8644391796935,QUEUED
gid://shopify/Product/8644391731399,QUEUED
gid://shopify/Product/8644391698631,QUEUED
gid://shopify/Product/8644391633095,QUEUED
gid://shopify/Product/8644391600327,QUEUED
gid://shopify/Product/8644391567559,QUEUED
gid://shopify/Product/8644391502023,QUEUED
gid://shopify/Product/8644391469255,QUEUED
gid://shopify/Product/8644391436487,QUEUED
gid://shopify/Product/8644391370951,QUEUED
gid://shopify/Product/8644391338183,QUEUED
gid://shopify/Product/8644391239879,QUEUED
gid://shopify/Product/8644536500423,QUEUED
gid://shopify/Product/8644446486727,QUEUED
gid://shopify/Product/8644446519495,QUEUED
gid://shopify/Product/8644446552263,QUEUED
gid://shopify/Product/8644446585031,QUEUED
gid://shopify/Product/8644446617799,QUEUED
gid://shopify/Product/8644446650567,QUEUED
gid://shopify/Product/8644392550599,QUEUED
gid://shopify/Product/8644404445383,QUEUED
gid://shopify/Product/8644404478151,QUEUED
gid://shopify/Product/8644404773063,QUEUED
gid://shopify/Product/8644446421191,QUEUED
gid://shopify/Product/8644446388423,QUEUED
gid://shopify/Product/8644446355655,QUEUED
gid://shopify/Product/8644404805831,QUEUED
gid://shopify/Product/8644446322887,QUEUED
gid://shopify/Product/8644446290119,QUEUED
gid://shopify/Product/8645719785671,QUEUED
gid://shopify/Product/8644446257351,QUEUED
gid://shopify/Product/8644446224583,QUEUED
gid://shopify/Product/8644446093511,QUEUED
gid://shopify/Product/8644403134663,QUEUED
gid://shopify/Product/8644403069127,QUEUED
gid://shopify/Product/8644445962439,QUEUED
gid://shopify/Product/8644445995207,QUEUED
gid://shopify/Product/8644446027975,QUEUED
gid://shopify/Product/8644446060743,QUEUED
gid://shopify/Product/8644445667527,QUEUED
gid://shopify/Product/8644445700295,QUEUED
gid://shopify/Product/8644445733063,QUEUED
gid://shopify/Product/8644445765831,QUEUED
gid://shopify/Product/8644445798599,QUEUED
gid://shopify/Product/8644402970823,QUEUED
gid://shopify/Product/8644402905287,QUEUED
gid://shopify/Product/8644402610375,QUEUED
gid://shopify/Product/8644396679367,QUEUED
gid://shopify/Product/8644396646599,QUEUED
gid://shopify/Product/8644396613831,QUEUED
gid://shopify/Product/8644396581063,QUEUED
gid://shopify/Product/8644396318919,QUEUED
gid://shopify/Product/8644392616135,QUEUED
gid://shopify/Product/8644448420039,QUEUED
gid://shopify/Product/8644448288967,QUEUED
gid://shopify/Product/8644448256199,QUEUED
gid://shopify/Product/8644448223431,QUEUED
gid://shopify/Product/8644448059591,QUEUED
gid://shopify/Product/8644448026823,QUEUED
gid://shopify/Product/8644447928519,QUEUED
gid://shopify/Product/8644447830215,QUEUED
gid://shopify/Product/8644447797447,QUEUED
gid://shopify/Product/8644447764679,QUEUED
gid://shopify/Product/8644447731911,QUEUED
gid://shopify/Product/8644447699143,QUEUED
gid://shopify/Product/8644447666375,QUEUED
gid://shopify/Product/8644447633607,QUEUED
gid://shopify/Product/8644447568071,QUEUED
gid://shopify/Product/8644447535303,QUEUED
gid://shopify/Product/8644447502535,QUEUED
gid://shopify/Product/8644447469767,QUEUED
gid://shopify/Product/8644447436999,QUEUED
gid://shopify/Product/8644447404231,QUEUED
gid://shopify/Product/8644447371463,QUEUED
gid://shopify/Product/8644447338695,QUEUED
gid://shopify/Product/8644447305927,QUEUED
gid://shopify/Product/8644447273159,QUEUED
gid://shopify/Product/8644699095239,QUEUED
gid://shopify/Product/8646059131079,QUEUED
gid://shopify/Product/8643027075271,QUEUED
gid://shopify/Product/8646059196615,QUEUED
gid://shopify/Product/8644699128007,QUEUED
gid://shopify/Product/8643027337415,QUEUED
gid://shopify/Product/8643027402951,QUEUED
gid://shopify/Product/8643027435719,QUEUED
gid://shopify/Product/8645881102535,QUEUED
gid://shopify/Product/8644699357383,QUEUED
gid://shopify/Product/8643027632327,QUEUED
gid://shopify/Product/8644699553991,QUEUED
gid://shopify/Product/8644699619527,QUEUED
gid://shopify/Product/8644699652295,QUEUED
gid://shopify/Product/8643027697863,QUEUED
gid://shopify/Product/8644699685063,QUEUED
gid://shopify/Product/8646059983047,QUEUED
gid://shopify/Product/8644699717831,QUEUED
gid://shopify/Product/8646060015815,QUEUED
gid://shopify/Product/8646060081351,QUEUED
gid://shopify/Product/8644699750599,QUEUED
gid://shopify/Product/8644717314247,QUEUED
gid://shopify/Product/8645881331911,QUEUED
gid://shopify/Product/8644717379783,QUEUED
gid://shopify/Product/8644699783367,QUEUED
gid://shopify/Product/8644699848903,QUEUED
gid://shopify/Product/8644699816135,QUEUED
gid://shopify/Product/8644717445319,QUEUED
gid://shopify/Product/8644717543623,QUEUED
gid://shopify/Product/8644717576391,QUEUED
gid://shopify/Product/8644717641927,QUEUED
gid://shopify/Product/8644717674695,QUEUED
gid://shopify/Product/8644717707463,QUEUED
gid://shopify/Product/8645881397447,QUEUED
gid://shopify/Product/8644699914439,QUEUED
gid://shopify/Product/8644699947207,QUEUED
gid://shopify/Product/8645881495751,QUEUED
gid://shopify/Product/8644700111047,QUEUED
gid://shopify/Product/8644700143815,QUEUED
gid://shopify/Product/8643027796167,QUEUED
gid://shopify/Product/8644700176583,QUEUED
gid://shopify/Product/8644447207623,QUEUED
gid://shopify/Product/8644447142087,QUEUED
gid://shopify/Product/8644374986951,QUEUED
gid://shopify/Product/8643027960007,QUEUED
gid://shopify/Product/8643028058311,QUEUED
gid://shopify/Product/8643027992775,QUEUED
gid://shopify/Product/8643028091079,QUEUED
gid://shopify/Product/8643028222151,QUEUED
gid://shopify/Product/8643028254919,QUEUED
gid://shopify/Product/8643028287687,QUEUED
gid://shopify/Product/8643028320455,QUEUED
gid://shopify/Product/8643028353223,QUEUED
gid://shopify/Product/8643028385991,QUEUED
gid://shopify/Product/8643028418759,QUEUED
gid://shopify/Product/8643028451527,QUEUED
gid://shopify/Product/8645509152967,QUEUED
gid://shopify/Product/8645509185735,QUEUED
gid://shopify/Product/8645526061255,QUEUED
gid://shopify/Product/8646058410183,QUEUED
gid://shopify/Product/8646058442951,QUEUED
gid://shopify/Product/8646058475719,QUEUED
gid://shopify/Product/8643028517063,QUEUED
gid://shopify/Product/8643028549831,QUEUED
gid://shopify/Product/8644493574343,QUEUED
gid://shopify/Product/8645641535687,QUEUED
gid://shopify/Product/8644773871815,QUEUED
gid://shopify/Product/8644773904583,QUEUED
gid://shopify/Product/8644773970119,QUEUED
gid://shopify/Product/8644774002887,QUEUED
gid://shopify/Product/8644774035655,QUEUED
gid://shopify/Product/8644774068423,QUEUED
gid://shopify/Product/8645659623623,QUEUED
gid://shopify/Product/8644784259271,QUEUED
gid://shopify/Product/8643028582599,QUEUED
gid://shopify/Product/8643028615367,QUEUED
gid://shopify/Product/8643028648135,QUEUED
gid://shopify/Product/8644783472839,QUEUED
gid://shopify/Product/8645511971015,QUEUED
gid://shopify/Product/8645512003783,QUEUED
gid://shopify/Product/8645512036551,QUEUED
gid://shopify/Product/8645526192327,QUEUED
gid://shopify/Product/8645526159559,QUEUED
gid://shopify/Product/8645525930183,QUEUED
gid://shopify/Product/8645525962951,QUEUED
gid://shopify/Product/8645711724743,QUEUED
gid://shopify/Product/8645525995719,QUEUED
gid://shopify/Product/8645526028487,QUEUED
gid://shopify/Product/8643028746439,QUEUED
gid://shopify/Product/8643028779207,QUEUED
gid://shopify/Product/8643028943047,QUEUED
gid://shopify/Product/8644762796231,QUEUED
gid://shopify/Product/8643029106887,QUEUED
gid://shopify/Product/8644762763463,QUEUED
gid://shopify/Product/8644762730695,QUEUED
gid://shopify/Product/8644693917895,QUEUED
gid://shopify/Product/8644693885127,QUEUED
gid://shopify/Product/8644693852359,QUEUED
gid://shopify/Product/8644693819591,QUEUED
gid://shopify/Product/8645602148551,QUEUED
gid://shopify/Product/8644693950663,QUEUED
gid://shopify/Product/8644693983431,QUEUED
gid://shopify/Product/8645602214087,QUEUED
gid://shopify/Product/8644762828999,QUEUED
gid://shopify/Product/8644762861767,QUEUED
gid://shopify/Product/8645602377927,QUEUED
gid://shopify/Product/8645602410695,QUEUED
gid://shopify/Product/8645602312391,QUEUED
gid://shopify/Product/8643029139655,QUEUED
gid://shopify/Product/8643029205191,QUEUED
gid://shopify/Product/8643029237959,QUEUED
gid://shopify/Product/8643029303495,QUEUED
gid://shopify/Product/8643029336263,QUEUED
gid://shopify/Product/8644784423111,QUEUED
gid://shopify/Product/8643029369031,QUEUED
gid://shopify/Product/8643029401799,QUEUED
gid://shopify/Product/8643029434567,QUEUED
gid://shopify/Product/8644512415943,QUEUED
gid://shopify/Product/8645970067655,QUEUED
gid://shopify/Product/8645970198727,QUEUED
gid://shopify/Product/8645648089287,QUEUED
gid://shopify/Product/8644519461063,QUEUED
gid://shopify/Product/8643029467335,QUEUED
gid://shopify/Product/8643029500103,QUEUED
gid://shopify/Product/8644776558791,QUEUED
gid://shopify/Product/8644776591559,QUEUED
gid://shopify/Product/8645712937159,QUEUED
gid://shopify/Product/8645532614855,QUEUED
gid://shopify/Product/8645517639879,QUEUED
gid://shopify/Product/8645517672647,QUEUED
gid://shopify/Product/8645711954119,QUEUED
gid://shopify/Product/8645599658183,QUEUED
gid://shopify/Product/8645641404615,QUEUED
gid://shopify/Product/8643029565639,QUEUED
gid://shopify/Product/8644383178951,QUEUED
gid://shopify/Product/8644383211719,QUEUED
gid://shopify/Product/8644383146183,QUEUED
gid://shopify/Product/8644383080647,QUEUED
gid://shopify/Product/8644382884039,QUEUED
gid://shopify/Product/8646037930183,QUEUED
gid://shopify/Product/8644382982343,QUEUED
gid://shopify/Product/8643029696711,QUEUED
gid://shopify/Product/8643029729479,QUEUED
gid://shopify/Product/8643029991623,QUEUED
gid://shopify/Product/8643030024391,QUEUED
gid://shopify/Product/8644696441031,QUEUED
gid://shopify/Product/8643030352071,QUEUED
gid://shopify/Product/8643030384839,QUEUED
gid://shopify/Product/8643030417607,QUEUED
gid://shopify/Product/8643030450375,QUEUED
gid://shopify/Product/8643030483143,QUEUED
gid://shopify/Product/8643030515911,QUEUED
gid://shopify/Product/8643030548679,QUEUED
gid://shopify/Product/8643030581447,QUEUED
gid://shopify/Product/8643030614215,QUEUED
gid://shopify/Product/8643030646983,QUEUED
gid://shopify/Product/8644692934855,QUEUED
gid://shopify/Product/8643030679751,QUEUED
gid://shopify/Product/8643030712519,QUEUED
gid://shopify/Product/8645660573895,QUEUED
gid://shopify/Product/8644693065927,QUEUED
gid://shopify/Product/8645876220103,QUEUED
gid://shopify/Product/8644386881735,QUEUED
gid://shopify/Product/8644386783431,QUEUED
gid://shopify/Product/8644386848967,QUEUED
gid://shopify/Product/8644386980039,QUEUED
gid://shopify/Product/8645876285639,QUEUED
gid://shopify/Product/8645876318407,QUEUED
gid://shopify/Product/8645512986823,QUEUED
gid://shopify/Product/8645521866951,QUEUED
gid://shopify/Product/8643030810823,QUEUED
gid://shopify/Product/8646047367367,QUEUED
gid://shopify/Product/8644693098695,QUEUED
gid://shopify/Product/8645513216199,QUEUED
gid://shopify/Product/8646047432903,QUEUED
gid://shopify/Product/8645513150663,QUEUED
gid://shopify/Product/8645513183431,QUEUED
gid://shopify/Product/8645513248967,QUEUED
gid://shopify/Product/8646047465671,QUEUED
gid://shopify/Product/8646047498439,QUEUED
gid://shopify/Product/8645513347271,QUEUED
gid://shopify/Product/8645668110535,QUEUED
gid://shopify/Product/8645513380039,QUEUED
gid://shopify/Product/8645668143303,QUEUED
gid://shopify/Product/8646047531207,QUEUED
gid://shopify/Product/8646047563975,QUEUED
gid://shopify/Product/8644387471559,QUEUED
gid://shopify/Product/8646047662279,QUEUED
gid://shopify/Product/8646047760583,QUEUED
gid://shopify/Product/8644671570119,QUEUED
gid://shopify/Product/8645668241607,QUEUED
gid://shopify/Product/8645668274375,QUEUED
gid://shopify/Product/8645512593607,QUEUED
gid://shopify/Product/8645512691911,QUEUED
gid://shopify/Product/8645512724679,QUEUED
gid://shopify/Product/8646047826119,QUEUED
gid://shopify/Product/8645521965255,QUEUED
gid://shopify/Product/8643030876359,QUEUED
gid://shopify/Product/8643030909127,QUEUED
gid://shopify/Product/8643030745287,QUEUED
gid://shopify/Product/8646048055495,QUEUED
gid://shopify/Product/8646047957191,QUEUED
gid://shopify/Product/8644665639111,QUEUED
gid://shopify/Product/8644786487495,QUEUED
gid://shopify/Product/8644675698887,QUEUED
gid://shopify/Product/8643030941895,QUEUED
gid://shopify/Product/8643030974663,QUEUED
gid://shopify/Product/8644777083079,QUEUED
gid://shopify/Product/8645518426311,QUEUED
gid://shopify/Product/8644378034375,QUEUED
gid://shopify/Product/8644383047879,QUEUED
gid://shopify/Product/8644374462663,QUEUED
gid://shopify/Product/8643031007431,QUEUED
gid://shopify/Product/8643031040199,QUEUED
gid://shopify/Product/8643031072967,QUEUED
gid://shopify/Product/8644377673927,QUEUED
gid://shopify/Product/8644376756423,QUEUED
gid://shopify/Product/8644375445703,QUEUED
gid://shopify/Product/8644375511239,QUEUED
gid://shopify/Product/8644374560967,QUEUED
gid://shopify/Product/8645480939719,QUEUED
gid://shopify/Product/8643031105735,QUEUED
gid://shopify/Product/8643031138503,QUEUED
gid://shopify/Product/8644668358855,QUEUED
gid://shopify/Product/8644668391623,QUEUED
gid://shopify/Product/8644379476167,QUEUED
gid://shopify/Product/8644666130631,QUEUED
gid://shopify/Product/8644493443271,QUEUED
gid://shopify/Product/8645879300295,QUEUED
gid://shopify/Product/8645731647687,QUEUED
gid://shopify/Product/8644379705543,QUEUED
gid://shopify/Product/8646056870087,QUEUED
gid://shopify/Product/8646056902855,QUEUED
gid://shopify/Product/8644380328135,QUEUED
gid://shopify/Product/8644382032071,QUEUED
gid://shopify/Product/8644377739463,QUEUED
gid://shopify/Product/8645480284359,QUEUED
gid://shopify/Product/8645710282951,QUEUED
gid://shopify/Product/8645710250183,QUEUED
gid://shopify/Product/8644668424391,QUEUED
gid://shopify/Product/8644668522695,QUEUED
gid://shopify/Product/8644668555463,QUEUED
gid://shopify/Product/8644382589127,QUEUED
gid://shopify/Product/8644382720199,QUEUED
gid://shopify/Product/8644668457159,QUEUED
gid://shopify/Product/8644668489927,QUEUED
gid://shopify/Product/8644382818503,QUEUED
gid://shopify/Product/8644666556615,QUEUED
gid://shopify/Product/8644666523847,QUEUED
gid://shopify/Product/8644666622151,QUEUED
gid://shopify/Product/8644666589383,QUEUED
gid://shopify/Product/8645540937927,QUEUED
gid://shopify/Product/8645540970695,QUEUED
gid://shopify/Product/8645541003463,QUEUED
gid://shopify/Product/8645541036231,QUEUED
gid://shopify/Product/8645541068999,QUEUED
gid://shopify/Product/8645541101767,QUEUED
gid://shopify/Product/8645541134535,QUEUED
gid://shopify/Product/8645541167303,QUEUED
gid://shopify/Product/8645541200071,QUEUED
gid://shopify/Product/8645541232839,QUEUED
gid://shopify/Product/8645663326407,QUEUED
gid://shopify/Product/8646057033927,QUEUED
gid://shopify/Product/8646057132231,QUEUED
gid://shopify/Product/8645603819719,QUEUED
gid://shopify/Product/8645557059783,QUEUED
gid://shopify/Product/8644377379015,QUEUED
gid://shopify/Product/8644377641159,QUEUED
gid://shopify/Product/8644377575623,QUEUED
gid://shopify/Product/8644379082951,QUEUED
gid://shopify/Product/8645879431367,QUEUED
gid://shopify/Product/8644376330439,QUEUED
gid://shopify/Product/8645709955271,QUEUED
gid://shopify/Product/8645709988039,QUEUED
gid://shopify/Product/8646057197767,QUEUED
gid://shopify/Product/8644380197063,QUEUED
gid://shopify/Product/8646057230535,QUEUED
gid://shopify/Product/8644379869383,QUEUED
gid://shopify/Product/8646057263303,QUEUED
gid://shopify/Product/8644777148615,QUEUED
gid://shopify/Product/8644777181383,QUEUED
gid://shopify/Product/8644777214151,QUEUED
gid://shopify/Product/8643031171271,QUEUED
gid://shopify/Product/8644380131527,QUEUED
gid://shopify/Product/8644668686535,QUEUED
gid://shopify/Product/8644382064839,QUEUED
gid://shopify/Product/8644382228679,QUEUED
gid://shopify/Product/8646057328839,QUEUED
gid://shopify/Product/8644777246919,QUEUED
gid://shopify/Product/8643031204039,QUEUED
gid://shopify/Product/8643031236807,QUEUED
gid://shopify/Product/8644375642311,QUEUED
gid://shopify/Product/8645711757511,QUEUED
gid://shopify/Product/8644375969991,QUEUED
gid://shopify/Product/8644375675079,QUEUED
gid://shopify/Product/8645710610631,QUEUED
gid://shopify/Product/8644675764423,QUEUED
gid://shopify/Product/8645879464135,QUEUED
gid://shopify/Product/8645710020807,QUEUED
gid://shopify/Product/8644377215175,QUEUED
gid://shopify/Product/8644667146439,QUEUED
gid://shopify/Product/8645711855815,QUEUED
gid://shopify/Product/8645711790279,QUEUED
gid://shopify/Product/8646057427143,QUEUED
gid://shopify/Product/8644376985799,QUEUED
gid://shopify/Product/8644377084103,QUEUED
gid://shopify/Product/8644376723655,QUEUED
gid://shopify/Product/8644376854727,QUEUED
gid://shopify/Product/8643031302343,QUEUED
gid://shopify/Product/8645879529671,QUEUED
gid://shopify/Product/8644377149639,QUEUED
gid://shopify/Product/8645710053575,QUEUED
gid://shopify/Product/8644384227527,QUEUED
gid://shopify/Product/8644384260295,QUEUED
gid://shopify/Product/8645612667079,QUEUED
gid://shopify/Product/8644379640007,QUEUED
gid://shopify/Product/8644667211975,QUEUED
gid://shopify/Product/8644376166599,QUEUED
gid://shopify/Product/8644376264903,QUEUED
gid://shopify/Product/8644376232135,QUEUED
gid://shopify/Product/8644376199367,QUEUED
gid://shopify/Product/8646057525447,QUEUED
gid://shopify/Product/8645710512327,QUEUED
gid://shopify/Product/8644493476039,QUEUED
gid://shopify/Product/8646057558215,QUEUED
gid://shopify/Product/8645524881607,QUEUED
gid://shopify/Product/8645524914375,QUEUED
gid://shopify/Product/8645524979911,QUEUED
gid://shopify/Product/8645533761735,QUEUED
gid://shopify/Product/8644330160327,QUEUED
gid://shopify/Product/8645493784775,QUEUED
gid://shopify/Product/8645493752007,QUEUED
gid://shopify/Product/8645493719239,QUEUED
gid://shopify/Product/8645493653703,QUEUED
gid://shopify/Product/8645493588167,QUEUED
gid://shopify/Product/8645493555399,QUEUED
gid://shopify/Product/8645494440135,QUEUED
gid://shopify/Product/8645494407367,QUEUED
gid://shopify/Product/8645494374599,QUEUED
gid://shopify/Product/8645494341831,QUEUED
gid://shopify/Product/8645494309063,QUEUED
gid://shopify/Product/8645494276295,QUEUED
gid://shopify/Product/8645934547143,QUEUED
gid://shopify/Product/8645934579911,QUEUED
gid://shopify/Product/8645934612679,QUEUED
gid://shopify/Product/8645934645447,QUEUED
gid://shopify/Product/8645934678215,QUEUED
gid://shopify/Product/8645934710983,QUEUED
gid://shopify/Product/8644374364359,QUEUED
gid://shopify/Product/8645494800583,QUEUED
gid://shopify/Product/8645494767815,QUEUED
gid://shopify/Product/8645494669511,QUEUED
gid://shopify/Product/8645494603975,QUEUED
gid://shopify/Product/8645494538439,QUEUED
gid://shopify/Product/8645494505671,QUEUED
gid://shopify/Product/8645934743751,QUEUED
gid://shopify/Product/8645934776519,QUEUED
gid://shopify/Product/8645934809287,QUEUED
gid://shopify/Product/8645934842055,QUEUED
gid://shopify/Product/8645934874823,QUEUED
gid://shopify/Product/8645934907591,QUEUED
gid://shopify/Product/8645495029959,QUEUED
gid://shopify/Product/8645494997191,QUEUED
gid://shopify/Product/8645494964423,QUEUED
gid://shopify/Product/8645494898887,QUEUED
gid://shopify/Product/8645494866119,QUEUED
gid://shopify/Product/8645494833351,QUEUED
gid://shopify/Product/8645934940359,QUEUED
gid://shopify/Product/8645934973127,QUEUED
gid://shopify/Product/8645935005895,QUEUED
gid://shopify/Product/8645935038663,QUEUED
gid://shopify/Product/8645935071431,QUEUED
gid://shopify/Product/8645935104199,QUEUED
gid://shopify/Product/8645700354247,QUEUED
gid://shopify/Product/8645494112455,QUEUED
gid://shopify/Product/8645494046919,QUEUED
gid://shopify/Product/8645494014151,QUEUED
gid://shopify/Product/8645493948615,QUEUED
gid://shopify/Product/8645493883079,QUEUED
gid://shopify/Product/8645493817543,QUEUED
gid://shopify/Product/8645850923207,QUEUED
gid://shopify/Product/8644486070471,QUEUED
gid://shopify/Product/8644773347527,QUEUED
gid://shopify/Product/8645483724999,QUEUED
gid://shopify/Product/8644774101191,QUEUED
gid://shopify/Product/8644435607751,QUEUED
gid://shopify/Product/8644434788551,QUEUED
gid://shopify/Product/8644434690247,QUEUED
gid://shopify/Product/8644434624711,QUEUED
gid://shopify/Product/8644434526407,QUEUED
gid://shopify/Product/8644434264263,QUEUED
gid://shopify/Product/8644434231495,QUEUED
gid://shopify/Product/8644433313991,QUEUED
gid://shopify/Product/8644433772743,QUEUED
gid://shopify/Product/8645939036359,QUEUED
gid://shopify/Product/8645939069127,QUEUED
gid://shopify/Product/8644433871047,QUEUED
gid://shopify/Product/8644433903815,QUEUED
gid://shopify/Product/8644808114375,QUEUED
gid://shopify/Product/8644773478599,QUEUED
gid://shopify/Product/8644773511367,QUEUED
gid://shopify/Product/8644773544135,QUEUED
gid://shopify/Product/8644773576903,QUEUED
gid://shopify/Product/8644773609671,QUEUED
gid://shopify/Product/8644432855239,QUEUED
gid://shopify/Product/8644432822471,QUEUED
gid://shopify/Product/8644773642439,QUEUED
gid://shopify/Product/8644773675207,QUEUED
gid://shopify/Product/8644773707975,QUEUED
gid://shopify/Product/8644773740743,QUEUED
gid://shopify/Product/8644773806279,QUEUED
gid://shopify/Product/8644773839047,QUEUED
gid://shopify/Product/8645851414727,QUEUED
gid://shopify/Product/8645939331271,QUEUED
gid://shopify/Product/8645939364039,QUEUED
gid://shopify/Product/8644775870663,QUEUED
gid://shopify/Product/8645939396807,QUEUED
gid://shopify/Product/8644431577287,QUEUED
gid://shopify/Product/8644431544519,QUEUED
gid://shopify/Product/8644431380679,QUEUED
gid://shopify/Product/8645939429575,QUEUED
gid://shopify/Product/8645939462343,QUEUED
gid://shopify/Product/8644431315143,QUEUED
gid://shopify/Product/8644431249607,QUEUED
gid://shopify/Product/8644431216839,QUEUED
gid://shopify/Product/8644431118535,QUEUED
gid://shopify/Product/8644431184071,QUEUED
gid://shopify/Product/8644431085767,QUEUED
gid://shopify/Product/8644431052999,QUEUED
gid://shopify/Product/8644431020231,QUEUED
gid://shopify/Product/8644430987463,QUEUED
gid://shopify/Product/8644430954695,QUEUED
gid://shopify/Product/8644430921927,QUEUED
gid://shopify/Product/8644430889159,QUEUED
gid://shopify/Product/8645939495111,QUEUED
gid://shopify/Product/8644404838599,QUEUED
gid://shopify/Product/8644430790855,QUEUED
gid://shopify/Product/8644430725319,QUEUED
gid://shopify/Product/8645939527879,QUEUED
gid://shopify/Product/8644776427719,QUEUED
gid://shopify/Product/8644776460487,QUEUED
gid://shopify/Product/8644430069959,QUEUED
gid://shopify/Product/8644487053511,QUEUED
gid://shopify/Product/8644776493255,QUEUED
CAM1-1218SCCW-135,NOT_FOUND
gid://shopify/Product/8644776886471,QUEUED
gid://shopify/Product/8644776952007,QUEUED
gid://shopify/Product/8644776984775,QUEUED
gid://shopify/Product/8644777017543,QUEUED
gid://shopify/Product/8644777345223,QUEUED
gid://shopify/Product/8644777377991,QUEUED
gid://shopify/Product/8644459004103,QUEUED
gid://shopify/Product/8644429054151,QUEUED
gid://shopify/Product/8644428988615,QUEUED
gid://shopify/Product/8644428955847,QUEUED
gid://shopify/Product/8644330193095,QUEUED
gid://shopify/Product/8644330225863,QUEUED
gid://shopify/Product/8644777410759,QUEUED
gid://shopify/Product/8644777443527,QUEUED
gid://shopify/Product/8644386750663,QUEUED
gid://shopify/Product/8644777476295,QUEUED
gid://shopify/Product/8644330258631,QUEUED
CAM1-1400TL-110,NOT_FOUND
CAM1-1400TL-138,NOT_FOUND
gid://shopify/Product/8644427382983,QUEUED
gid://shopify/Product/8645939790023,QUEUED
gid://shopify/Product/8645939822791,QUEUED
gid://shopify/Product/8644388880583,QUEUED
gid://shopify/Product/8644487250119,QUEUED
gid://shopify/Product/8644487348423,QUEUED
gid://shopify/Product/8644487282887,QUEUED
gid://shopify/Product/8645518459079,QUEUED
gid://shopify/Product/8645940150471,QUEUED
gid://shopify/Product/8644426563783,QUEUED
gid://shopify/Product/8644426531015,QUEUED
gid://shopify/Product/8645940183239,QUEUED
gid://shopify/Product/8644426367175,QUEUED
gid://shopify/Product/8644777574599,QUEUED
gid://shopify/Product/8644777607367,QUEUED
gid://shopify/Product/8644777640135,QUEUED
gid://shopify/Product/8644777705671,QUEUED
gid://shopify/Product/8644777738439,QUEUED
gid://shopify/Product/8644381245639,QUEUED
gid://shopify/Product/8644777771207,QUEUED
gid://shopify/Product/8644777803975,QUEUED
gid://shopify/Product/8644387373255,QUEUED
gid://shopify/Product/8644777836743,QUEUED
gid://shopify/Product/8645851545799,QUEUED
gid://shopify/Product/8644488036551,QUEUED
gid://shopify/Product/8644488003783,QUEUED
gid://shopify/Product/8644487971015,QUEUED
gid://shopify/Product/8644488069319,QUEUED
gid://shopify/Product/8644777869511,QUEUED
gid://shopify/Product/8644777902279,QUEUED
gid://shopify/Product/8644488102087,QUEUED
gid://shopify/Product/8644777935047,QUEUED
gid://shopify/Product/8644777967815,QUEUED
gid://shopify/Product/8644778000583,QUEUED
gid://shopify/Product/8644778033351,QUEUED
gid://shopify/Product/8644778066119,QUEUED
gid://shopify/Product/8645940641991,QUEUED
gid://shopify/Product/8645940674759,QUEUED
gid://shopify/Product/8644739891399,QUEUED
gid://shopify/Product/8644778164423,QUEUED
gid://shopify/Product/8644778197191,QUEUED
gid://shopify/Product/8644778229959,QUEUED
gid://shopify/Product/8645940904135,QUEUED
gid://shopify/Product/8645940936903,QUEUED
gid://shopify/Product/8644778262727,QUEUED
gid://shopify/Product/8645941002439,QUEUED
gid://shopify/Product/8644446945479,QUEUED
gid://shopify/Product/8645941035207,QUEUED
gid://shopify/Product/8644427546823,QUEUED
gid://shopify/Product/8645941067975,QUEUED
gid://shopify/Product/8644427448519,QUEUED
gid://shopify/Product/8645711659207,QUEUED
gid://shopify/Product/8645941100743,QUEUED
gid://shopify/Product/8645941133511,QUEUED
gid://shopify/Product/8644778295495,QUEUED
gid://shopify/Product/8645941166279,QUEUED
gid://shopify/Product/8644426956999,QUEUED
gid://shopify/Product/8644395729095,QUEUED
gid://shopify/Product/8644778328263,QUEUED
gid://shopify/Product/8644778393799,QUEUED
gid://shopify/Product/8644778459335,QUEUED
gid://shopify/Product/8644426924231,QUEUED
gid://shopify/Product/8645941231815,QUEUED
gid://shopify/Product/8645941264583,QUEUED
gid://shopify/Product/8645851840711,QUEUED
gid://shopify/Product/8644778524871,QUEUED
gid://shopify/Product/8644778557639,QUEUED
gid://shopify/Product/8644330324167,QUEUED
gid://shopify/Product/8645851873479,QUEUED
gid://shopify/Product/8645941297351,QUEUED
gid://shopify/Product/8644779704519,QUEUED
gid://shopify/Product/8644779802823,QUEUED
gid://shopify/Product/8644395073735,QUEUED
gid://shopify/Product/8644426694855,QUEUED
gid://shopify/Product/8644779868359,QUEUED
gid://shopify/Product/8644779901127,QUEUED
gid://shopify/Product/8644779966663,QUEUED
gid://shopify/Product/8645711167687,QUEUED
gid://shopify/Product/8644330356935,QUEUED
gid://shopify/Product/8644779999431,QUEUED
CAM1-20HPLN-150,NOT_FOUND
gid://shopify/Product/8644780064967,QUEUED
gid://shopify/Product/8644780097735,QUEUED
gid://shopify/Product/8644780130503,QUEUED
gid://shopify/Product/8644780163271,QUEUED
gid://shopify/Product/8644780196039,QUEUED
gid://shopify/Product/8644780228807,QUEUED
gid://shopify/Product/8644787437767,QUEUED
gid://shopify/Product/8644780261575,QUEUED
gid://shopify/Product/8644780327111,QUEUED
gid://shopify/Product/8644780359879,QUEUED
gid://shopify/Product/8645941362887,QUEUED
gid://shopify/Product/8644780425415,QUEUED
gid://shopify/Product/8644780458183,QUEUED
gid://shopify/Product/8644780490951,QUEUED
gid://shopify/Product/8644780523719,QUEUED
gid://shopify/Product/8644780556487,QUEUED
gid://shopify/Product/8644780589255,QUEUED
gid://shopify/Product/8644780622023,QUEUED
gid://shopify/Product/8644780654791,QUEUED
gid://shopify/Product/8644741431495,QUEUED
gid://shopify/Product/8644780687559,QUEUED
gid://shopify/Product/8645941625031,QUEUED
gid://shopify/Product/8644446847175,QUEUED
gid://shopify/Product/8644781867207,QUEUED
gid://shopify/Product/8644781899975,QUEUED
gid://shopify/Product/8644781932743,QUEUED
gid://shopify/Product/8644781998279,QUEUED
gid://shopify/Product/8645852070087,QUEUED
gid://shopify/Product/8644782031047,QUEUED
gid://shopify/Product/8644782063815,QUEUED
gid://shopify/Product/8644782096583,QUEUED
gid://shopify/Product/8644782129351,QUEUED
gid://shopify/Product/8644741398727,QUEUED
gid://shopify/Product/8644782194887,QUEUED
gid://shopify/Product/8644782227655,QUEUED
gid://shopify/Product/8644782260423,QUEUED
gid://shopify/Product/8644782325959,QUEUED
gid://shopify/Product/8644782358727,QUEUED
gid://shopify/Product/8644782391495,QUEUED
gid://shopify/Product/8644425056455,QUEUED
gid://shopify/Product/8644424990919,QUEUED
gid://shopify/Product/8644782424263,QUEUED
gid://shopify/Product/8644782457031,QUEUED
gid://shopify/Product/8644782489799,QUEUED
gid://shopify/Product/8644782555335,QUEUED
gid://shopify/Product/8644424663239,QUEUED
gid://shopify/Product/8644741464263,QUEUED
gid://shopify/Product/8645852135623,QUEUED
gid://shopify/Product/8644782588103,QUEUED
gid://shopify/Product/8644782620871,QUEUED
gid://shopify/Product/8644782653639,QUEUED
gid://shopify/Product/8644676452551,QUEUED
gid://shopify/Product/8644782686407,QUEUED
gid://shopify/Product/8644684972231,QUEUED
gid://shopify/Product/8644782719175,QUEUED
gid://shopify/Product/8644420927687,QUEUED
gid://shopify/Product/8644782817479,QUEUED
gid://shopify/Product/8644782850247,QUEUED
gid://shopify/Product/8645941788871,QUEUED
gid://shopify/Product/8644782883015,QUEUED
gid://shopify/Product/8644782915783,QUEUED
gid://shopify/Product/8644420272327,QUEUED
gid://shopify/Product/8644782948551,QUEUED
gid://shopify/Product/8644782981319,QUEUED
gid://shopify/Product/8644783014087,QUEUED
gid://shopify/Product/8645942051015,QUEUED
gid://shopify/Product/8644394746055,QUEUED
gid://shopify/Product/8644485382343,QUEUED
gid://shopify/Product/8644485415111,QUEUED
gid://shopify/Product/8644783145159,QUEUED
gid://shopify/Product/8644783177927,QUEUED
gid://shopify/Product/8644783210695,QUEUED
gid://shopify/Product/8644419879111,QUEUED
gid://shopify/Product/8644783243463,QUEUED
gid://shopify/Product/8644783276231,QUEUED
gid://shopify/Product/8644419780807,QUEUED
gid://shopify/Product/8644419551431,QUEUED
gid://shopify/Product/8644419354823,QUEUED
gid://shopify/Product/8644419322055,QUEUED
gid://shopify/Product/8644743987399,QUEUED
gid://shopify/Product/8644419289287,QUEUED
gid://shopify/Product/8644744052935,QUEUED
gid://shopify/Product/8644419059911,QUEUED
gid://shopify/Product/8644419027143,QUEUED
gid://shopify/Product/8644744675527,QUEUED
gid://shopify/Product/8644742054087,QUEUED
gid://shopify/Product/8644741955783,QUEUED
gid://shopify/Product/8644676387015,QUEUED
gid://shopify/Product/8644676419783,QUEUED
gid://shopify/Product/8644744708295,QUEUED
CAM1-60HPLN-150,NOT_FOUND
gid://shopify/Product/8644741923015,QUEUED
gid://shopify/Product/8644418437319,QUEUED
gid://shopify/Product/8644485447879,QUEUED
gid://shopify/Product/8644741759175,QUEUED
gid://shopify/Product/8644741791943,QUEUED
gid://shopify/Product/8644741693639,QUEUED
gid://shopify/Product/8644744151239,QUEUED
gid://shopify/Product/8645942083783,QUEUED
gid://shopify/Product/8645942116551,QUEUED
gid://shopify/Product/8644418306247,QUEUED
gid://shopify/Product/8644418273479,QUEUED
gid://shopify/Product/8644742545607,QUEUED
gid://shopify/Product/8644742578375,QUEUED
gid://shopify/Product/8644744118471,QUEUED
gid://shopify/Product/8644418240711,QUEUED
gid://shopify/Product/8644330389703,QUEUED
gid://shopify/Product/8644418175175,QUEUED
gid://shopify/Product/8644742512839,QUEUED
gid://shopify/Product/8644742447303,QUEUED
gid://shopify/Product/8644746576071,QUEUED
gid://shopify/Product/8644746248391,QUEUED
gid://shopify/Product/8644330422471,QUEUED
gid://shopify/Product/8644418011335,QUEUED
gid://shopify/Product/8644417978567,QUEUED
gid://shopify/Product/8644417945799,QUEUED
gid://shopify/Product/8644417913031,QUEUED
gid://shopify/Product/8644417880263,QUEUED
gid://shopify/Product/8644395434183,QUEUED
gid://shopify/Product/8644392419527,QUEUED
gid://shopify/Product/8644417847495,QUEUED
gid://shopify/Product/8644417814727,QUEUED
gid://shopify/Product/8644485513415,QUEUED
gid://shopify/Product/8644485546183,QUEUED
gid://shopify/Product/8644485644487,QUEUED
gid://shopify/Product/8644417781959,QUEUED
gid://shopify/Product/8644417749191,QUEUED
gid://shopify/Product/8644686053575,QUEUED
gid://shopify/Product/8644417716423,QUEUED
gid://shopify/Product/8644417650887,QUEUED
gid://shopify/Product/8644746215623,QUEUED
gid://shopify/Product/8644746608839,QUEUED
gid://shopify/Product/8644746641607,QUEUED
gid://shopify/Product/8644417552583,QUEUED
gid://shopify/Product/8644417519815,QUEUED
gid://shopify/Product/8644417487047,QUEUED
gid://shopify/Product/8644417421511,QUEUED
gid://shopify/Product/8644417388743,QUEUED
gid://shopify/Product/8644417290439,QUEUED
gid://shopify/Product/8644417159367,QUEUED
gid://shopify/Product/8644417126599,QUEUED
gid://shopify/Product/8644417093831,QUEUED
gid://shopify/Product/8644746182855,QUEUED
gid://shopify/Product/8644416995527,QUEUED
gid://shopify/Product/8644416962759,QUEUED
gid://shopify/Product/8644485677255,QUEUED
gid://shopify/Product/8644485710023,QUEUED
gid://shopify/Product/8644416929991,QUEUED
gid://shopify/Product/8644416831687,QUEUED
gid://shopify/Product/8644416897223,QUEUED
gid://shopify/Product/8644416864455,QUEUED
gid://shopify/Product/8644416798919,QUEUED
gid://shopify/Product/8644416733383,QUEUED
gid://shopify/Product/8644416766151,QUEUED
gid://shopify/Product/8644416700615,QUEUED
gid://shopify/Product/8644416667847,QUEUED
gid://shopify/Product/8644416635079,QUEUED
gid://shopify/Product/8644747264199,QUEUED
gid://shopify/Product/8644488134855,QUEUED
gid://shopify/Product/8645852823751,QUEUED
gid://shopify/Product/8644416536775,QUEUED
gid://shopify/Product/8645948047559,QUEUED
gid://shopify/Product/8645517967559,QUEUED
gid://shopify/Product/8644488265927,QUEUED
gid://shopify/Product/8644488298695,QUEUED
gid://shopify/Product/8644416471239,QUEUED
gid://shopify/Product/8644416504007,QUEUED
gid://shopify/Product/8644488364231,QUEUED
gid://shopify/Product/8644416438471,QUEUED
gid://shopify/Product/8644416405703,QUEUED
gid://shopify/Product/8644416274631,QUEUED
gid://shopify/Product/8644416307399,QUEUED
gid://shopify/Product/8644416241863,QUEUED
gid://shopify/Product/8644393468103,QUEUED
gid://shopify/Product/8644330455239,QUEUED
gid://shopify/Product/8644488462535,QUEUED
gid://shopify/Product/8644488495303,QUEUED
gid://shopify/Product/8644488659143,QUEUED
gid://shopify/Product/8644488691911,QUEUED
gid://shopify/Product/8644330488007,QUEUED
gid://shopify/Product/8644691689671,QUEUED
gid://shopify/Product/8645950636231,QUEUED
gid://shopify/Product/8644416209095,QUEUED
gid://shopify/Product/8644772495559,QUEUED
gid://shopify/Product/8644772528327,QUEUED
gid://shopify/Product/8645950668999,QUEUED
gid://shopify/Product/8645950701767,QUEUED
gid://shopify/Product/8645950734535,QUEUED
gid://shopify/Product/8645950767303,QUEUED
gid://shopify/Product/8644416176327,QUEUED
gid://shopify/Product/8645522063559,QUEUED
gid://shopify/Product/8645950800071,QUEUED
gid://shopify/Product/8644415717575,QUEUED
gid://shopify/Product/8644415684807,QUEUED
gid://shopify/Product/8644414668999,QUEUED
gid://shopify/Product/8644415258823,QUEUED
gid://shopify/Product/8644415226055,QUEUED
gid://shopify/Product/8645951193287,QUEUED
gid://shopify/Product/8645951258823,QUEUED
gid://shopify/Product/8644751229127,QUEUED
gid://shopify/Product/8645951422663,QUEUED
gid://shopify/Product/8645951455431,QUEUED
gid://shopify/Product/8645853839559,QUEUED
gid://shopify/Product/8645853872327,QUEUED
gid://shopify/Product/8645951488199,QUEUED
gid://shopify/Product/8645951553735,QUEUED
gid://shopify/Product/8644412473543,QUEUED
gid://shopify/Product/8644412408007,QUEUED
gid://shopify/Product/8644412211399,QUEUED
gid://shopify/Product/8644412342471,QUEUED
gid://shopify/Product/8644411949255,QUEUED
gid://shopify/Product/8644750606535,QUEUED
gid://shopify/Product/8644750639303,QUEUED
gid://shopify/Product/8644750672071,QUEUED
gid://shopify/Product/8644750704839,QUEUED
gid://shopify/Product/8644750737607,QUEUED
gid://shopify/Product/8644750770375,QUEUED
gid://shopify/Product/8644750803143,QUEUED
gid://shopify/Product/8644750835911,QUEUED
gid://shopify/Product/8644750901447,QUEUED
gid://shopify/Product/8644750934215,QUEUED
gid://shopify/Product/8644750966983,QUEUED
gid://shopify/Product/8644751032519,QUEUED
gid://shopify/Product/8644751065287,QUEUED
gid://shopify/Product/8644751098055,QUEUED
gid://shopify/Product/8644751130823,QUEUED
gid://shopify/Product/8645951652039,QUEUED
gid://shopify/Product/8645853937863,QUEUED
gid://shopify/Product/8645951684807,QUEUED
gid://shopify/Product/8645951717575,QUEUED
gid://shopify/Product/8645951750343,QUEUED
gid://shopify/Product/8645951783111,QUEUED
gid://shopify/Product/8645951815879,QUEUED
gid://shopify/Product/8645951848647,QUEUED
gid://shopify/Product/8645951881415,QUEUED
gid://shopify/Product/8644489511111,QUEUED
gid://shopify/Product/8645951914183,QUEUED
gid://shopify/Product/8645952110791,QUEUED
gid://shopify/Product/8645952143559,QUEUED
gid://shopify/Product/8645952176327,QUEUED
gid://shopify/Product/8644750540999,QUEUED
gid://shopify/Product/8645543624903,QUEUED
gid://shopify/Product/8644330553543,QUEUED
gid://shopify/Product/8644330586311,QUEUED
gid://shopify/Product/8644330619079,QUEUED
gid://shopify/Product/8644330651847,QUEUED
gid://shopify/Product/8644389208263,QUEUED
gid://shopify/Product/8644330684615,QUEUED
gid://shopify/Product/8644392583367,QUEUED
gid://shopify/Product/8644392681671,QUEUED
gid://shopify/Product/8644392878279,QUEUED
gid://shopify/Product/8645952372935,QUEUED
gid://shopify/Product/8645952405703,QUEUED
gid://shopify/Product/8645952438471,QUEUED
gid://shopify/Product/8644392714439,QUEUED
gid://shopify/Product/8645699338439,QUEUED
gid://shopify/Product/8644408115399,QUEUED
gid://shopify/Product/8644407754951,QUEUED
gid://shopify/Product/8645952471239,QUEUED
gid://shopify/Product/8645952504007,QUEUED
gid://shopify/Product/8644407427271,QUEUED
gid://shopify/Product/8644407328967,QUEUED
gid://shopify/Product/8645952536775,QUEUED
gid://shopify/Product/8644330717383,QUEUED
gid://shopify/Product/8645952569543,QUEUED
gid://shopify/Product/8645952602311,QUEUED
gid://shopify/Product/8645952635079,QUEUED
gid://shopify/Product/8645952667847,QUEUED
gid://shopify/Product/8645699403975,QUEUED
gid://shopify/Product/8644402675911,QUEUED
gid://shopify/Product/8644403167431,QUEUED
gid://shopify/Product/8644403691719,QUEUED
gid://shopify/Product/8644403003591,QUEUED
gid://shopify/Product/8645952700615,QUEUED
gid://shopify/Product/8645952733383,QUEUED
gid://shopify/Product/8644403495111,QUEUED
gid://shopify/Product/8644416602311,QUEUED
gid://shopify/Product/8644489642183,QUEUED
gid://shopify/Product/8644489609415,QUEUED
gid://shopify/Product/8644489576647,QUEUED
gid://shopify/Product/8644406575303,QUEUED
gid://shopify/Product/8644406149319,QUEUED
gid://shopify/Product/8644406214855,QUEUED
gid://shopify/Product/8644416569543,QUEUED
gid://shopify/Product/8644330815687,QUEUED
gid://shopify/Product/8644330848455,QUEUED
gid://shopify/Product/8644330881223,QUEUED
gid://shopify/Product/8644694180039,QUEUED
gid://shopify/Product/8644694212807,QUEUED
gid://shopify/Product/8644694278343,QUEUED
gid://shopify/Product/8644694311111,QUEUED
gid://shopify/Product/8644694343879,QUEUED
gid://shopify/Product/8644330913991,QUEUED
gid://shopify/Product/8644330979527,QUEUED
gid://shopify/Product/8644331012295,QUEUED
gid://shopify/Product/8644772921543,QUEUED
gid://shopify/Product/8645641699527,QUEUED
gid://shopify/Product/8644331077831,QUEUED
gid://shopify/Product/8644331110599,QUEUED
gid://shopify/Product/8645954666695,QUEUED
gid://shopify/Product/8645954633927,QUEUED
gid://shopify/Product/8644331208903,QUEUED
gid://shopify/Product/8644390715591,QUEUED
gid://shopify/Product/8644331274439,QUEUED
gid://shopify/Product/8644331307207,QUEUED
gid://shopify/Product/8644331339975,QUEUED
gid://shopify/Product/8644331372743,QUEUED
gid://shopify/Product/8644331405511,QUEUED
gid://shopify/Product/8644331438279,QUEUED
gid://shopify/Product/8644331471047,QUEUED
gid://shopify/Product/8644331503815,QUEUED
gid://shopify/Product/8644331536583,QUEUED
gid://shopify/Product/8644331569351,QUEUED
gid://shopify/Product/8644390322375,QUEUED
gid://shopify/Product/8644331634887,QUEUED
gid://shopify/Product/8644691034311,QUEUED
gid://shopify/Product/8644691001543,QUEUED
gid://shopify/Product/8644331667655,QUEUED
gid://shopify/Product/8644331700423,QUEUED
gid://shopify/Product/8644331798727,QUEUED
gid://shopify/Product/8644678484167,QUEUED
gid://shopify/Product/8644331831495,QUEUED
gid://shopify/Product/8645954732231,QUEUED
gid://shopify/Product/8645954764999,QUEUED
gid://shopify/Product/8644331897031,QUEUED
gid://shopify/Product/8644331929799,QUEUED
gid://shopify/Product/8645954797767,QUEUED
gid://shopify/Product/8644331962567,QUEUED
gid://shopify/Product/8644331995335,QUEUED
gid://shopify/Product/8644332028103,QUEUED
gid://shopify/Product/8644332093639,QUEUED
gid://shopify/Product/8644332126407,QUEUED
gid://shopify/Product/8644332159175,QUEUED
gid://shopify/Product/8644332191943,QUEUED
gid://shopify/Product/8644332224711,QUEUED
gid://shopify/Product/8645954830535,QUEUED
gid://shopify/Product/8644332257479,QUEUED
gid://shopify/Product/8644332290247,QUEUED
gid://shopify/Product/8644332323015,QUEUED
gid://shopify/Product/8645855871175,QUEUED
gid://shopify/Product/8644332355783,QUEUED
gid://shopify/Product/8644332388551,QUEUED
gid://shopify/Product/8644332421319,QUEUED
gid://shopify/Product/8644332454087,QUEUED
gid://shopify/Product/8644332486855,QUEUED
gid://shopify/Product/8644332519623,QUEUED
gid://shopify/Product/8644332552391,QUEUED
gid://shopify/Product/8644332585159,QUEUED
gid://shopify/Product/8645470912711,QUEUED
gid://shopify/Product/8644332617927,QUEUED
gid://shopify/Product/8644332650695,QUEUED
gid://shopify/Product/8644332683463,QUEUED
gid://shopify/Product/8644332716231,QUEUED
gid://shopify/Product/8644332748999,QUEUED
gid://shopify/Product/8645480546503,QUEUED
gid://shopify/Product/8645493522631,QUEUED
gid://shopify/Product/8645493489863,QUEUED
gid://shopify/Product/8645493457095,QUEUED
gid://shopify/Product/8645493424327,QUEUED
gid://shopify/Product/8645493391559,QUEUED
gid://shopify/Product/8645493358791,QUEUED
gid://shopify/Product/8645493326023,QUEUED
gid://shopify/Product/8645495783623,QUEUED
gid://shopify/Product/8645495718087,QUEUED
gid://shopify/Product/8645495685319,QUEUED
gid://shopify/Product/8645495619783,QUEUED
gid://shopify/Product/8645495587015,QUEUED
gid://shopify/Product/8645495554247,QUEUED
gid://shopify/Product/8645495521479,QUEUED
gid://shopify/Product/8645495488711,QUEUED
gid://shopify/Product/8645495390407,QUEUED
gid://shopify/Product/8645495324871,QUEUED
gid://shopify/Product/8645495226567,QUEUED
gid://shopify/Product/8645495193799,QUEUED
gid://shopify/Product/8645495161031,QUEUED
gid://shopify/Product/8645495128263,QUEUED
gid://shopify/Product/8645496209607,QUEUED
gid://shopify/Product/8645496176839,QUEUED
gid://shopify/Product/8645496111303,QUEUED
gid://shopify/Product/8645496078535,QUEUED
gid://shopify/Product/8645496012999,QUEUED
gid://shopify/Product/8645495947463,QUEUED
gid://shopify/Product/8645495881927,QUEUED
gid://shopify/Product/8644332781767,QUEUED
gid://shopify/Product/8644332814535,QUEUED
gid://shopify/Product/8644332847303,QUEUED
gid://shopify/Product/8644332880071,QUEUED
gid://shopify/Product/8644332912839,QUEUED
gid://shopify/Product/8644332945607,QUEUED
gid://shopify/Product/8644332978375,QUEUED
gid://shopify/Product/8644333011143,QUEUED
gid://shopify/Product/8644333043911,QUEUED
gid://shopify/Product/8644333076679,QUEUED
gid://shopify/Product/8644333109447,QUEUED
gid://shopify/Product/8644333142215,QUEUED
gid://shopify/Product/8644333174983,QUEUED
gid://shopify/Product/8644333207751,QUEUED
gid://shopify/Product/8644333240519,QUEUED
gid://shopify/Product/8644691099847,QUEUED
gid://shopify/Product/8644333273287,QUEUED
gid://shopify/Product/8645496799431,QUEUED
gid://shopify/Product/8645496832199,QUEUED
gid://shopify/Product/8644691067079,QUEUED
gid://shopify/Product/8644333306055,QUEUED
gid://shopify/Product/8644333338823,QUEUED
gid://shopify/Product/8644333371591,QUEUED
gid://shopify/Product/8644333404359,QUEUED
gid://shopify/Product/8644333437127,QUEUED
gid://shopify/Product/8644333469895,QUEUED
gid://shopify/Product/8644333535431,QUEUED
gid://shopify/Product/8645494177991,QUEUED
gid://shopify/Product/8645640356039,QUEUED
gid://shopify/Product/8645954896071,QUEUED
gid://shopify/Product/8644717871303,QUEUED
gid://shopify/Product/8644390748359,QUEUED
gid://shopify/Product/8645494243527,QUEUED
gid://shopify/Product/8644333600967,QUEUED
gid://shopify/Product/8644333633735,QUEUED
gid://shopify/Product/8644694802631,QUEUED
gid://shopify/Product/8644694769863,QUEUED
gid://shopify/Product/8644694737095,QUEUED
gid://shopify/Product/8644694704327,QUEUED
gid://shopify/Product/8644333666503,QUEUED
gid://shopify/Product/8644694868167,QUEUED
gid://shopify/Product/8644333699271,QUEUED
gid://shopify/Product/8644694835399,QUEUED
gid://shopify/Product/8644694933703,QUEUED
gid://shopify/Product/8644694900935,QUEUED
gid://shopify/Product/8644694999239,QUEUED
gid://shopify/Product/8644694966471,QUEUED
gid://shopify/Product/8644333732039,QUEUED
gid://shopify/Product/8644333764807,QUEUED
gid://shopify/Product/8645955223751,QUEUED
gid://shopify/Product/8644695064775,QUEUED
gid://shopify/Product/8645955256519,QUEUED
gid://shopify/Product/8644695032007,QUEUED
gid://shopify/Product/8644333830343,QUEUED
gid://shopify/Product/8644333863111,QUEUED
gid://shopify/Product/8644695097543,QUEUED
gid://shopify/Product/8644695130311,QUEUED
gid://shopify/Product/8644333895879,QUEUED
gid://shopify/Product/8644333928647,QUEUED
gid://shopify/Product/8644333961415,QUEUED
gid://shopify/Product/8644665278663,QUEUED
gid://shopify/Product/8644695195847,QUEUED
gid://shopify/Product/8644665311431,QUEUED
gid://shopify/Product/8644695163079,QUEUED
gid://shopify/Product/8644333994183,QUEUED
gid://shopify/Product/8644334026951,QUEUED
gid://shopify/Product/8644334092487,QUEUED
gid://shopify/Product/8644334125255,QUEUED
gid://shopify/Product/8644334158023,QUEUED
gid://shopify/Product/8644695228615,QUEUED
gid://shopify/Product/8644334190791,QUEUED
gid://shopify/Product/8644334223559,QUEUED
gid://shopify/Product/8644334256327,QUEUED
gid://shopify/Product/8644334289095,QUEUED
gid://shopify/Product/8644334321863,QUEUED
gid://shopify/Product/8645856067783,QUEUED
gid://shopify/Product/8644695425223,QUEUED
gid://shopify/Product/8644695326919,QUEUED
gid://shopify/Product/8644695294151,QUEUED
gid://shopify/Product/8644695261383,QUEUED
gid://shopify/Product/8644732453063,QUEUED
gid://shopify/Product/8644334354631,QUEUED
gid://shopify/Product/8644665344199,QUEUED
gid://shopify/Product/8644665376967,QUEUED
gid://shopify/Product/8644665409735,QUEUED
gid://shopify/Product/8645856100551,QUEUED
gid://shopify/Product/8644665442503,QUEUED
gid://shopify/Product/8644334387399,QUEUED
gid://shopify/Product/8644334420167,QUEUED
gid://shopify/Product/8644334452935,QUEUED
gid://shopify/Product/8644665475271,QUEUED
gid://shopify/Product/8644334551239,QUEUED
gid://shopify/Product/8644334584007,QUEUED
gid://shopify/Product/8644665508039,QUEUED
gid://shopify/Product/8644334616775,QUEUED
gid://shopify/Product/8644334649543,QUEUED
gid://shopify/Product/8644334682311,QUEUED
gid://shopify/Product/8644334715079,QUEUED
gid://shopify/Product/8644665540807,QUEUED
gid://shopify/Product/8644334747847,QUEUED
gid://shopify/Product/8644334780615,QUEUED
gid://shopify/Product/8644334878919,QUEUED
gid://shopify/Product/8644779671751,QUEUED
gid://shopify/Product/8644774133959,QUEUED
gid://shopify/Product/8644334911687,QUEUED
gid://shopify/Product/8644695556295,QUEUED
gid://shopify/Product/8644739203271,QUEUED
gid://shopify/Product/8644334944455,QUEUED
gid://shopify/Product/8644334977223,QUEUED
gid://shopify/Product/8644335009991,QUEUED
gid://shopify/Product/8644335042759,QUEUED
gid://shopify/Product/8644335075527,QUEUED
gid://shopify/Product/8645602508999,QUEUED
gid://shopify/Product/8645602476231,QUEUED
gid://shopify/Product/8644335239367,QUEUED
gid://shopify/Product/8645602607303,QUEUED
gid://shopify/Product/8645602279623,QUEUED
gid://shopify/Product/8644335337671,QUEUED
gid://shopify/Product/8644335370439,QUEUED
gid://shopify/Product/8644335403207,QUEUED
gid://shopify/Product/8644335435975,QUEUED
gid://shopify/Product/8644335501511,QUEUED
gid://shopify/Product/8644335534279,QUEUED
gid://shopify/Product/8645496963271,QUEUED
gid://shopify/Product/8644335567047,QUEUED
gid://shopify/Product/8644335599815,QUEUED
gid://shopify/Product/8644335632583,QUEUED
gid://shopify/Product/8644335665351,QUEUED
gid://shopify/Product/8644335698119,QUEUED
gid://shopify/Product/8644335730887,QUEUED
gid://shopify/Product/8644335763655,QUEUED
gid://shopify/Product/8645862654151,QUEUED
gid://shopify/Product/8645862719687,QUEUED
gid://shopify/Product/8645967249607,QUEUED
gid://shopify/Product/8644335796423,QUEUED
gid://shopify/Product/8645967282375,QUEUED
gid://shopify/Product/8645967347911,QUEUED
gid://shopify/Product/8644512678087,QUEUED
gid://shopify/Product/8644335829191,QUEUED
gid://shopify/Product/8645495095495,QUEUED
gid://shopify/Product/8644335861959,QUEUED
gid://shopify/Product/8644335894727,QUEUED
gid://shopify/Product/8645705040071,QUEUED
gid://shopify/Product/8644786225351,QUEUED
gid://shopify/Product/8644335927495,QUEUED
gid://shopify/Product/8645543067847,QUEUED
gid://shopify/Product/8644512743623,QUEUED
gid://shopify/Product/8644512776391,QUEUED
gid://shopify/Product/8644513005767,QUEUED
gid://shopify/Product/8644512809159,QUEUED
gid://shopify/Product/8644513038535,QUEUED
gid://shopify/Product/8644512841927,QUEUED
gid://shopify/Product/8644512874695,QUEUED
gid://shopify/Product/8644512907463,QUEUED
gid://shopify/Product/8644512972999,QUEUED
gid://shopify/Product/8644335960263,QUEUED
gid://shopify/Product/8645968822471,QUEUED
gid://shopify/Product/8645968855239,QUEUED
gid://shopify/Product/8645968888007,QUEUED
gid://shopify/Product/8645969019079,QUEUED
gid://shopify/Product/8645969051847,QUEUED
gid://shopify/Product/8645969084615,QUEUED
gid://shopify/Product/8645969150151,QUEUED
gid://shopify/Product/8644335993031,QUEUED
gid://shopify/Product/8644513104071,QUEUED
gid://shopify/Product/8644336025799,QUEUED
gid://shopify/Product/8644336058567,QUEUED
gid://shopify/Product/8644336091335,QUEUED
gid://shopify/Product/8644336124103,QUEUED
gid://shopify/Product/8644336156871,QUEUED
gid://shopify/Product/8644513136839,QUEUED
gid://shopify/Product/8644513169607,QUEUED
gid://shopify/Product/8644513202375,QUEUED
gid://shopify/Product/8644513235143,QUEUED
gid://shopify/Product/8644513267911,QUEUED
gid://shopify/Product/8644336189639,QUEUED
gid://shopify/Product/8644336222407,QUEUED
gid://shopify/Product/8644336255175,QUEUED
gid://shopify/Product/8644336287943,QUEUED
gid://shopify/Product/8644336320711,QUEUED
gid://shopify/Product/8644336353479,QUEUED
gid://shopify/Product/8644336386247,QUEUED
gid://shopify/Product/8644336419015,QUEUED
gid://shopify/Product/8644336451783,QUEUED
gid://shopify/Product/8644336484551,QUEUED
gid://shopify/Product/8644336517319,QUEUED
gid://shopify/Product/8644336550087,QUEUED
gid://shopify/Product/8644336582855,QUEUED
gid://shopify/Product/8644336615623,QUEUED
gid://shopify/Product/8644336681159,QUEUED
gid://shopify/Product/8645969215687,QUEUED
gid://shopify/Product/8645969248455,QUEUED
gid://shopify/Product/8644513300679,QUEUED
gid://shopify/Product/8644513333447,QUEUED
gid://shopify/Product/8644513366215,QUEUED
gid://shopify/Product/8644513398983,QUEUED
gid://shopify/Product/8644513431751,QUEUED
gid://shopify/Product/8644513464519,QUEUED
gid://shopify/Product/8644513497287,QUEUED
gid://shopify/Product/8644336713927,QUEUED
gid://shopify/Product/8645969313991,QUEUED
gid://shopify/Product/8645969346759,QUEUED
gid://shopify/Product/8644336746695,QUEUED
gid://shopify/Product/8644336779463,QUEUED
gid://shopify/Product/8645969379527,QUEUED
gid://shopify/Product/8645969412295,QUEUED
gid://shopify/Product/8645969477831,QUEUED
gid://shopify/Product/8645969510599,QUEUED
gid://shopify/Product/8645969576135,QUEUED
gid://shopify/Product/8645969641671,QUEUED
gid://shopify/Product/8645969739975,QUEUED
gid://shopify/Product/8645969772743,QUEUED
gid://shopify/Product/8644336812231,QUEUED
gid://shopify/Product/8644336844999,QUEUED
gid://shopify/Product/8644336877767,QUEUED
gid://shopify/Product/8644336910535,QUEUED
gid://shopify/Product/8644336943303,QUEUED
gid://shopify/Product/8644336976071,QUEUED
gid://shopify/Product/8645969805511,QUEUED
gid://shopify/Product/8645969871047,QUEUED
gid://shopify/Product/8645969903815,QUEUED
gid://shopify/Product/8645969936583,QUEUED
gid://shopify/Product/8644514054343,QUEUED
gid://shopify/Product/8644337008839,QUEUED
gid://shopify/Product/8644514087111,QUEUED
gid://shopify/Product/8644337041607,QUEUED
gid://shopify/Product/8644337074375,QUEUED
gid://shopify/Product/8644337107143,QUEUED
gid://shopify/Product/8644337139911,QUEUED
gid://shopify/Product/8644337172679,QUEUED
gid://shopify/Product/8645970362567,QUEUED
gid://shopify/Product/8645970428103,QUEUED
gid://shopify/Product/8645970460871,QUEUED
gid://shopify/Product/8644514218183,QUEUED
gid://shopify/Product/8644514250951,QUEUED
gid://shopify/Product/8644337238215,QUEUED
gid://shopify/Product/8644337270983,QUEUED
gid://shopify/Product/8644514283719,QUEUED
gid://shopify/Product/8644337303751,QUEUED
gid://shopify/Product/8644337336519,QUEUED
gid://shopify/Product/8644514316487,QUEUED
gid://shopify/Product/8644514349255,QUEUED
gid://shopify/Product/8644514382023,QUEUED
gid://shopify/Product/8644514414791,QUEUED
gid://shopify/Product/8644514447559,QUEUED
gid://shopify/Product/8644514513095,QUEUED
gid://shopify/Product/8644514545863,QUEUED
gid://shopify/Product/8644514578631,QUEUED
gid://shopify/Product/8644514644167,QUEUED
gid://shopify/Product/8644514676935,QUEUED
gid://shopify/Product/8644514709703,QUEUED
gid://shopify/Product/8644514742471,QUEUED
gid://shopify/Product/8644514775239,QUEUED
gid://shopify/Product/8644514808007,QUEUED
gid://shopify/Product/8644514840775,QUEUED
gid://shopify/Product/8644515004615,QUEUED
gid://shopify/Product/8644515037383,QUEUED
gid://shopify/Product/8644514873543,QUEUED
gid://shopify/Product/8644514939079,QUEUED
gid://shopify/Product/8644514971847,QUEUED
gid://shopify/Product/8644515070151,QUEUED
gid://shopify/Product/8644515102919,QUEUED
gid://shopify/Product/8644337369287,QUEUED
gid://shopify/Product/8644515135687,QUEUED
gid://shopify/Product/8644515168455,QUEUED
gid://shopify/Product/8644515201223,QUEUED
gid://shopify/Product/8644515233991,QUEUED
gid://shopify/Product/8644515266759,QUEUED
gid://shopify/Product/8644515332295,QUEUED
gid://shopify/Product/8644515365063,QUEUED
gid://shopify/Product/8644515397831,QUEUED
gid://shopify/Product/8644515430599,QUEUED
gid://shopify/Product/8644515463367,QUEUED
gid://shopify/Product/8645970657479,QUEUED
gid://shopify/Product/8645970788551,QUEUED
gid://shopify/Product/8644515496135,QUEUED
gid://shopify/Product/8644515528903,QUEUED
gid://shopify/Product/8645863735495,QUEUED
gid://shopify/Product/8644515561671,QUEUED
gid://shopify/Product/8644515594439,QUEUED
gid://shopify/Product/8644515627207,QUEUED
gid://shopify/Product/8644515659975,QUEUED
gid://shopify/Product/8644515692743,QUEUED
gid://shopify/Product/8644515725511,QUEUED
gid://shopify/Product/8644337402055,QUEUED
gid://shopify/Product/8644337434823,QUEUED
gid://shopify/Product/8644337467591,QUEUED
gid://shopify/Product/8644337500359,QUEUED
gid://shopify/Product/8645971280071,QUEUED
gid://shopify/Product/8644515758279,QUEUED
gid://shopify/Product/8644515791047,QUEUED
gid://shopify/Product/8644515823815,QUEUED
gid://shopify/Product/8644515856583,QUEUED
gid://shopify/Product/8645971476679,QUEUED
gid://shopify/Product/8644515889351,QUEUED
gid://shopify/Product/8644337533127,QUEUED
gid://shopify/Product/8644337565895,QUEUED
gid://shopify/Product/8644337598663,QUEUED
gid://shopify/Product/8644337631431,QUEUED
gid://shopify/Product/8644337664199,QUEUED
gid://shopify/Product/8645972394183,QUEUED
gid://shopify/Product/8644337696967,QUEUED
gid://shopify/Product/8645972459719,QUEUED
gid://shopify/Product/8644516413639,QUEUED
gid://shopify/Product/8644516577479,QUEUED
gid://shopify/Product/8645972852935,QUEUED
gid://shopify/Product/8644337729735,QUEUED
gid://shopify/Product/8644516806855,QUEUED
gid://shopify/Product/8644337762503,QUEUED
gid://shopify/Product/8644516839623,QUEUED
gid://shopify/Product/8645972885703,QUEUED
gid://shopify/Product/8644516872391,QUEUED
gid://shopify/Product/8644337795271,QUEUED
gid://shopify/Product/8644337828039,QUEUED
gid://shopify/Product/8644516905159,QUEUED
gid://shopify/Product/8644516937927,QUEUED
gid://shopify/Product/8644516970695,QUEUED
gid://shopify/Product/8644337860807,QUEUED
gid://shopify/Product/8644337893575,QUEUED
gid://shopify/Product/8644337926343,QUEUED
gid://shopify/Product/8645973016775,QUEUED
gid://shopify/Product/8644517429447,QUEUED
gid://shopify/Product/8645973082311,QUEUED
gid://shopify/Product/8645973115079,QUEUED
gid://shopify/Product/8645973180615,QUEUED
gid://shopify/Product/8644517462215,QUEUED
gid://shopify/Product/8645973213383,QUEUED
gid://shopify/Product/8644517494983,QUEUED
gid://shopify/Product/8645973246151,QUEUED
gid://shopify/Product/8644338024647,QUEUED
gid://shopify/Product/8644338057415,QUEUED
gid://shopify/Product/8645973278919,QUEUED
gid://shopify/Product/8644338090183,QUEUED
gid://shopify/Product/8645973311687,QUEUED
gid://shopify/Product/8645973344455,QUEUED
gid://shopify/Product/8645973377223,QUEUED
gid://shopify/Product/8645973442759,QUEUED
gid://shopify/Product/8644338122951,QUEUED
gid://shopify/Product/8644338155719,QUEUED
gid://shopify/Product/8644338188487,QUEUED
gid://shopify/Product/8644338221255,QUEUED
gid://shopify/Product/8644338254023,QUEUED
gid://shopify/Product/8645973508295,QUEUED
gid://shopify/Product/8645973541063,QUEUED
gid://shopify/Product/8645973573831,QUEUED
gid://shopify/Product/8645973639367,QUEUED
gid://shopify/Product/8644338319559,QUEUED
gid://shopify/Product/8644517560519,QUEUED
gid://shopify/Product/8644517593287,QUEUED
gid://shopify/Product/8644517658823,QUEUED
gid://shopify/Product/8644338352327,QUEUED
gid://shopify/Product/8644338385095,QUEUED
gid://shopify/Product/8644338417863,QUEUED
gid://shopify/Product/8644338450631,QUEUED
gid://shopify/Product/8644338483399,QUEUED
gid://shopify/Product/8644517724359,QUEUED
gid://shopify/Product/8644517757127,QUEUED
gid://shopify/Product/8644338516167,QUEUED
gid://shopify/Product/8644338548935,QUEUED
gid://shopify/Product/8644338581703,QUEUED
gid://shopify/Product/8644338614471,QUEUED
gid://shopify/Product/8644338647239,QUEUED
gid://shopify/Product/8644517888199,QUEUED
gid://shopify/Product/8644517920967,QUEUED
gid://shopify/Product/8644517953735,QUEUED
gid://shopify/Product/8644517986503,QUEUED
gid://shopify/Product/8644518019271,QUEUED
gid://shopify/Product/8644518052039,QUEUED
gid://shopify/Product/8644518150343,QUEUED
gid://shopify/Product/8645719621831,QUEUED
gid://shopify/Product/8645719589063,QUEUED
gid://shopify/Product/8645719556295,QUEUED
gid://shopify/Product/8644518183111,QUEUED
gid://shopify/Product/8644518215879,QUEUED
gid://shopify/Product/8644338680007,QUEUED
gid://shopify/Product/8644338712775,QUEUED
gid://shopify/Product/8645974753479,QUEUED
gid://shopify/Product/8644338745543,QUEUED
gid://shopify/Product/8644338778311,QUEUED
gid://shopify/Product/8644338811079,QUEUED
gid://shopify/Product/8644338843847,QUEUED
gid://shopify/Product/8644338876615,QUEUED
gid://shopify/Product/8644338909383,QUEUED
gid://shopify/Product/8644338942151,QUEUED
gid://shopify/Product/8644338974919,QUEUED
gid://shopify/Product/8644339007687,QUEUED
gid://shopify/Product/8645596774599,QUEUED
gid://shopify/Product/8644339040455,QUEUED
gid://shopify/Product/8644339073223,QUEUED
gid://shopify/Product/8644339105991,QUEUED
gid://shopify/Product/8644339138759,QUEUED
gid://shopify/Product/8644339171527,QUEUED
gid://shopify/Product/8644339204295,QUEUED
gid://shopify/Product/8644339237063,QUEUED
gid://shopify/Product/8644339269831,QUEUED
gid://shopify/Product/8644339302599,QUEUED
gid://shopify/Product/8644339335367,QUEUED
gid://shopify/Product/8644339368135,QUEUED
gid://shopify/Product/8644339400903,QUEUED
gid://shopify/Product/8644339433671,QUEUED
gid://shopify/Product/8644339466439,QUEUED
gid://shopify/Product/8644339499207,QUEUED
gid://shopify/Product/8644339531975,QUEUED
gid://shopify/Product/8644339564743,QUEUED
gid://shopify/Product/8644339597511,QUEUED
gid://shopify/Product/8644339630279,QUEUED
gid://shopify/Product/8644339663047,QUEUED
gid://shopify/Product/8644339695815,QUEUED
gid://shopify/Product/8644339728583,QUEUED
gid://shopify/Product/8644339761351,QUEUED
gid://shopify/Product/8644339794119,QUEUED
gid://shopify/Product/8644339826887,QUEUED
gid://shopify/Product/8644339859655,QUEUED
gid://shopify/Product/8644339892423,QUEUED
gid://shopify/Product/8644339925191,QUEUED
gid://shopify/Product/8645974982855,QUEUED
gid://shopify/Product/8645975048391,QUEUED
gid://shopify/Product/8644339990727,QUEUED
gid://shopify/Product/8644340023495,QUEUED
gid://shopify/Product/8644340056263,QUEUED
gid://shopify/Product/8644340089031,QUEUED
gid://shopify/Product/8644340121799,QUEUED
gid://shopify/Product/8644340154567,QUEUED
gid://shopify/Product/8644340187335,QUEUED
gid://shopify/Product/8644340220103,QUEUED
gid://shopify/Product/8644340252871,QUEUED
gid://shopify/Product/8644340285639,QUEUED
gid://shopify/Product/8644340318407,QUEUED
gid://shopify/Product/8644340351175,QUEUED
gid://shopify/Product/8644340383943,QUEUED
gid://shopify/Product/8644340416711,QUEUED
gid://shopify/Product/8644340449479,QUEUED
gid://shopify/Product/8644340515015,QUEUED
gid://shopify/Product/8644340547783,QUEUED
gid://shopify/Product/8644340580551,QUEUED
gid://shopify/Product/8644340613319,QUEUED
gid://shopify/Product/8644340646087,QUEUED
gid://shopify/Product/8644340678855,QUEUED
gid://shopify/Product/8644518248647,QUEUED
gid://shopify/Product/8644518281415,QUEUED
gid://shopify/Product/8644340711623,QUEUED
gid://shopify/Product/8644518314183,QUEUED
gid://shopify/Product/8644518346951,QUEUED
gid://shopify/Product/8644340744391,QUEUED
gid://shopify/Product/8644340777159,QUEUED
gid://shopify/Product/8644518412487,QUEUED
gid://shopify/Product/8645976260807,QUEUED
gid://shopify/Product/8645976293575,QUEUED
gid://shopify/Product/8645976326343,QUEUED
gid://shopify/Product/8644518609095,QUEUED
gid://shopify/Product/8644518576327,QUEUED
gid://shopify/Product/8644518674631,QUEUED
gid://shopify/Product/8644518707399,QUEUED
gid://shopify/Product/8644340809927,QUEUED
gid://shopify/Product/8644518641863,QUEUED
gid://shopify/Product/8645976588487,QUEUED
gid://shopify/Product/8645976621255,QUEUED
gid://shopify/Product/8645976654023,QUEUED
gid://shopify/Product/8645976686791,QUEUED
gid://shopify/Product/8645976719559,QUEUED
gid://shopify/Product/8644340875463,QUEUED
gid://shopify/Product/8645977080007,QUEUED
gid://shopify/Product/8645977112775,QUEUED
gid://shopify/Product/8645977669831,QUEUED
gid://shopify/Product/8645977702599,QUEUED
gid://shopify/Product/8644340940999,QUEUED
gid://shopify/Product/8644340973767,QUEUED
gid://shopify/Product/8644518772935,QUEUED
gid://shopify/Product/8644341006535,QUEUED
gid://shopify/Product/8644341039303,QUEUED
gid://shopify/Product/8644341072071,QUEUED
gid://shopify/Product/8644341104839,QUEUED
gid://shopify/Product/8644341137607,QUEUED
gid://shopify/Product/8644341170375,QUEUED
gid://shopify/Product/8644341203143,QUEUED
gid://shopify/Product/8644341235911,QUEUED
gid://shopify/Product/8644341268679,QUEUED
gid://shopify/Product/8644341301447,QUEUED
gid://shopify/Product/8644341334215,QUEUED
gid://shopify/Product/8644341366983,QUEUED
gid://shopify/Product/8644341399751,QUEUED
gid://shopify/Product/8644341432519,QUEUED
gid://shopify/Product/8644341465287,QUEUED
gid://shopify/Product/8644341498055,QUEUED
gid://shopify/Product/8644341530823,QUEUED
gid://shopify/Product/8644341563591,QUEUED
gid://shopify/Product/8644341596359,QUEUED
gid://shopify/Product/8644341629127,QUEUED
gid://shopify/Product/8644341661895,QUEUED
gid://shopify/Product/8644518805703,QUEUED
gid://shopify/Product/8644341694663,QUEUED
gid://shopify/Product/8644341727431,QUEUED
gid://shopify/Product/8644518871239,QUEUED
gid://shopify/Product/8644341760199,QUEUED
gid://shopify/Product/8644341792967,QUEUED
gid://shopify/Product/8644341825735,QUEUED
gid://shopify/Product/8644518936775,QUEUED
gid://shopify/Product/8644341858503,QUEUED
gid://shopify/Product/8645865111751,QUEUED
gid://shopify/Product/8644341891271,QUEUED
gid://shopify/Product/8645707235527,QUEUED
gid://shopify/Product/8644341924039,QUEUED
gid://shopify/Product/8644518969543,QUEUED
gid://shopify/Product/8644341956807,QUEUED
gid://shopify/Product/8644341989575,QUEUED
gid://shopify/Product/8644342022343,QUEUED
gid://shopify/Product/8644342055111,QUEUED
gid://shopify/Product/8644342087879,QUEUED
gid://shopify/Product/8644342120647,QUEUED
gid://shopify/Product/8644342153415,QUEUED
gid://shopify/Product/8644342186183,QUEUED
gid://shopify/Product/8644342218951,QUEUED
gid://shopify/Product/8644342251719,QUEUED
gid://shopify/Product/8644519002311,QUEUED
gid://shopify/Product/8644519035079,QUEUED
gid://shopify/Product/8644519100615,QUEUED
gid://shopify/Product/8644342284487,QUEUED
gid://shopify/Product/8644342317255,QUEUED
gid://shopify/Product/8644342350023,QUEUED
gid://shopify/Product/8644342382791,QUEUED
gid://shopify/Product/8644342415559,QUEUED
gid://shopify/Product/8644342448327,QUEUED
gid://shopify/Product/8644342481095,QUEUED
gid://shopify/Product/8645977833671,QUEUED
gid://shopify/Product/8645977866439,QUEUED
gid://shopify/Product/8645977899207,QUEUED
gid://shopify/Product/8644342513863,QUEUED
gid://shopify/Product/8645977931975,QUEUED
gid://shopify/Product/8645977964743,QUEUED
gid://shopify/Product/8645977997511,QUEUED
gid://shopify/Product/8645978030279,QUEUED
gid://shopify/Product/8644342546631,QUEUED
gid://shopify/Product/8644342579399,QUEUED
gid://shopify/Product/8644342612167,QUEUED
gid://shopify/Product/8644519166151,QUEUED
gid://shopify/Product/8644342644935,QUEUED
gid://shopify/Product/8644519198919,QUEUED
gid://shopify/Product/8644519231687,QUEUED
gid://shopify/Product/8644519297223,QUEUED
gid://shopify/Product/8644519395527,QUEUED
gid://shopify/Product/8644342677703,QUEUED
gid://shopify/Product/8644519428295,QUEUED
gid://shopify/Product/8644342710471,QUEUED
gid://shopify/Product/8644519493831,QUEUED
gid://shopify/Product/8644519526599,QUEUED
gid://shopify/Product/8644519559367,QUEUED
gid://shopify/Product/8644519592135,QUEUED
gid://shopify/Product/8644519657671,QUEUED
gid://shopify/Product/8644519755975,QUEUED
gid://shopify/Product/8644342743239,QUEUED
gid://shopify/Product/8644342808775,QUEUED
gid://shopify/Product/8644342841543,QUEUED
gid://shopify/Product/8644342874311,QUEUED
gid://shopify/Product/8644519821511,QUEUED
gid://shopify/Product/8644342907079,QUEUED
gid://shopify/Product/8644519854279,QUEUED
gid://shopify/Product/8644519887047,QUEUED
gid://shopify/Product/8644519919815,QUEUED
gid://shopify/Product/8644519952583,QUEUED
gid://shopify/Product/8644342939847,QUEUED
gid://shopify/Product/8644342972615,QUEUED
gid://shopify/Product/8644343005383,QUEUED
gid://shopify/Product/8644343038151,QUEUED
gid://shopify/Product/8644343070919,QUEUED
gid://shopify/Product/8644343103687,QUEUED
gid://shopify/Product/8644343136455,QUEUED
gid://shopify/Product/8644343169223,QUEUED
gid://shopify/Product/8645652938951,QUEUED
gid://shopify/Product/8645653070023,QUEUED
gid://shopify/Product/8645653004487,QUEUED
gid://shopify/Product/8644343201991,QUEUED
gid://shopify/Product/8644343234759,QUEUED
gid://shopify/Product/8644343267527,QUEUED
gid://shopify/Product/8645979439303,QUEUED
gid://shopify/Product/8645979472071,QUEUED
gid://shopify/Product/8645979504839,QUEUED
gid://shopify/Product/8644343333063,QUEUED
gid://shopify/Product/8645979537607,QUEUED
gid://shopify/Product/8645979570375,QUEUED
gid://shopify/Product/8645865439431,QUEUED
gid://shopify/Product/8645979701447,QUEUED
gid://shopify/Product/8645979734215,QUEUED
gid://shopify/Product/8645979766983,QUEUED
gid://shopify/Product/8645979799751,QUEUED
gid://shopify/Product/8645979832519,QUEUED
gid://shopify/Product/8645979865287,QUEUED
gid://shopify/Product/8645979898055,QUEUED
gid://shopify/Product/8645979930823,QUEUED
gid://shopify/Product/8645979963591,QUEUED
gid://shopify/Product/8645979996359,QUEUED
gid://shopify/Product/8645980029127,QUEUED
gid://shopify/Product/8645980061895,QUEUED
gid://shopify/Product/8645980094663,QUEUED
gid://shopify/Product/8645980160199,QUEUED
gid://shopify/Product/8645980192967,QUEUED
gid://shopify/Product/8645980225735,QUEUED
gid://shopify/Product/8645980258503,QUEUED
gid://shopify/Product/8645980291271,QUEUED
gid://shopify/Product/8645980324039,QUEUED
gid://shopify/Product/8645980356807,QUEUED
gid://shopify/Product/8645980389575,QUEUED
gid://shopify/Product/8645980422343,QUEUED
gid://shopify/Product/8645980455111,QUEUED
gid://shopify/Product/8645980487879,QUEUED
gid://shopify/Product/8645980520647,QUEUED
gid://shopify/Product/8645980553415,QUEUED
gid://shopify/Product/8644343398599,QUEUED
gid://shopify/Product/8644343431367,QUEUED
gid://shopify/Product/8644520673479,QUEUED
gid://shopify/Product/8645980684487,QUEUED
gid://shopify/Product/8645980717255,QUEUED
gid://shopify/Product/8645980750023,QUEUED
gid://shopify/Product/8644520706247,QUEUED
gid://shopify/Product/8644520804551,QUEUED
gid://shopify/Product/8644520837319,QUEUED
gid://shopify/Product/8644343464135,QUEUED
gid://shopify/Product/8644343496903,QUEUED
gid://shopify/Product/8644343529671,QUEUED
gid://shopify/Product/8644343562439,QUEUED
gid://shopify/Product/8644343595207,QUEUED
gid://shopify/Product/8644343627975,QUEUED
gid://shopify/Product/8644343660743,QUEUED
gid://shopify/Product/8644343693511,QUEUED
gid://shopify/Product/8644343726279,QUEUED
gid://shopify/Product/8644343759047,QUEUED
gid://shopify/Product/8644343791815,QUEUED
gid://shopify/Product/8644343824583,QUEUED
gid://shopify/Product/8645980782791,QUEUED
gid://shopify/Product/8645980848327,QUEUED
gid://shopify/Product/8645980881095,QUEUED
gid://shopify/Product/8645980913863,QUEUED
gid://shopify/Product/8645980979399,QUEUED
gid://shopify/Product/8645981012167,QUEUED
gid://shopify/Product/8645981044935,QUEUED
gid://shopify/Product/8645981077703,QUEUED
gid://shopify/Product/8645981110471,QUEUED
gid://shopify/Product/8645981143239,QUEUED
gid://shopify/Product/8645981176007,QUEUED
gid://shopify/Product/8645981208775,QUEUED
gid://shopify/Product/8645981241543,QUEUED
gid://shopify/Product/8645981274311,QUEUED
gid://shopify/Product/8645981307079,QUEUED
gid://shopify/Product/8645981339847,QUEUED
gid://shopify/Product/8645981372615,QUEUED
gid://shopify/Product/8645981405383,QUEUED
gid://shopify/Product/8645981438151,QUEUED
gid://shopify/Product/8645981470919,QUEUED
gid://shopify/Product/8645981503687,QUEUED
gid://shopify/Product/8645981536455,QUEUED
gid://shopify/Product/8645981569223,QUEUED
gid://shopify/Product/8645981601991,QUEUED
gid://shopify/Product/8645981700295,QUEUED
gid://shopify/Product/8645981733063,QUEUED
gid://shopify/Product/8645981765831,QUEUED
gid://shopify/Product/8645981798599,QUEUED
gid://shopify/Product/8645981831367,QUEUED
gid://shopify/Product/8645981864135,QUEUED
gid://shopify/Product/8645981896903,QUEUED
gid://shopify/Product/8645981929671,QUEUED
gid://shopify/Product/8645981962439,QUEUED
gid://shopify/Product/8645981995207,QUEUED
gid://shopify/Product/8645982027975,QUEUED
gid://shopify/Product/8645982060743,QUEUED
gid://shopify/Product/8645982093511,QUEUED
gid://shopify/Product/8645982126279,QUEUED
gid://shopify/Product/8645982159047,QUEUED
gid://shopify/Product/8645982191815,QUEUED
gid://shopify/Product/8645982224583,QUEUED
gid://shopify/Product/8645982257351,QUEUED
gid://shopify/Product/8645982290119,QUEUED
gid://shopify/Product/8645982322887,QUEUED
gid://shopify/Product/8645982355655,QUEUED
gid://shopify/Product/8645982388423,QUEUED
gid://shopify/Product/8645982421191,QUEUED
gid://shopify/Product/8645982453959,QUEUED
gid://shopify/Product/8645982486727,QUEUED
gid://shopify/Product/8645982519495,QUEUED
gid://shopify/Product/8645982552263,QUEUED
gid://shopify/Product/8645982585031,QUEUED
gid://shopify/Product/8645982617799,QUEUED
gid://shopify/Product/8645982650567,QUEUED
gid://shopify/Product/8645982683335,QUEUED
gid://shopify/Product/8645982716103,QUEUED
gid://shopify/Product/8645982748871,QUEUED
gid://shopify/Product/8645982781639,QUEUED
gid://shopify/Product/8645982814407,QUEUED
gid://shopify/Product/8645982847175,QUEUED
gid://shopify/Product/8645982879943,QUEUED
gid://shopify/Product/8645982945479,QUEUED
gid://shopify/Product/8645982978247,QUEUED
gid://shopify/Product/8645983011015,QUEUED
gid://shopify/Product/8645983043783,QUEUED
gid://shopify/Product/8645983076551,QUEUED
gid://shopify/Product/8645983109319,QUEUED
gid://shopify/Product/8645983142087,QUEUED
gid://shopify/Product/8645983174855,QUEUED
gid://shopify/Product/8645983207623,QUEUED
gid://shopify/Product/8645983240391,QUEUED
gid://shopify/Product/8645983273159,QUEUED
gid://shopify/Product/8645983305927,QUEUED
gid://shopify/Product/8645983338695,QUEUED
gid://shopify/Product/8645983371463,QUEUED
gid://shopify/Product/8645983404231,QUEUED
gid://shopify/Product/8645983436999,QUEUED
gid://shopify/Product/8645983469767,QUEUED
gid://shopify/Product/8645983502535,QUEUED
gid://shopify/Product/8645983535303,QUEUED
gid://shopify/Product/8645983568071,QUEUED
gid://shopify/Product/8645983600839,QUEUED
gid://shopify/Product/8645983633607,QUEUED
gid://shopify/Product/8645983666375,QUEUED
gid://shopify/Product/8645983699143,QUEUED
gid://shopify/Product/8645983731911,QUEUED
gid://shopify/Product/8645983764679,QUEUED
gid://shopify/Product/8645983797447,QUEUED
gid://shopify/Product/8645983830215,QUEUED
gid://shopify/Product/8645983862983,QUEUED
gid://shopify/Product/8645983895751,QUEUED
gid://shopify/Product/8645983928519,QUEUED
gid://shopify/Product/8645983961287,QUEUED
gid://shopify/Product/8645983994055,QUEUED
gid://shopify/Product/8645984026823,QUEUED
gid://shopify/Product/8645984059591,QUEUED
gid://shopify/Product/8645984092359,QUEUED
gid://shopify/Product/8645984125127,QUEUED
gid://shopify/Product/8645984157895,QUEUED
gid://shopify/Product/8645984190663,QUEUED
gid://shopify/Product/8645984223431,QUEUED
gid://shopify/Product/8645984256199,QUEUED
gid://shopify/Product/8645984288967,QUEUED
gid://shopify/Product/8645984321735,QUEUED
gid://shopify/Product/8645984354503,QUEUED
gid://shopify/Product/8645984387271,QUEUED
gid://shopify/Product/8645984452807,QUEUED
gid://shopify/Product/8645984485575,QUEUED
gid://shopify/Product/8645984518343,QUEUED
gid://shopify/Product/8645984551111,QUEUED
gid://shopify/Product/8645984583879,QUEUED
gid://shopify/Product/8645984616647,QUEUED
gid://shopify/Product/8645984649415,QUEUED
gid://shopify/Product/8645984682183,QUEUED
gid://shopify/Product/8645984714951,QUEUED
gid://shopify/Product/8645984747719,QUEUED
gid://shopify/Product/8645984780487,QUEUED
gid://shopify/Product/8645984813255,QUEUED
gid://shopify/Product/8645984878791,QUEUED
gid://shopify/Product/8645984911559,QUEUED
gid://shopify/Product/8645984944327,QUEUED
gid://shopify/Product/8645984977095,QUEUED
gid://shopify/Product/8645985009863,QUEUED
gid://shopify/Product/8645985042631,QUEUED
gid://shopify/Product/8645985075399,QUEUED
gid://shopify/Product/8645985140935,QUEUED
gid://shopify/Product/8645985173703,QUEUED
gid://shopify/Product/8645985206471,QUEUED
gid://shopify/Product/8645985239239,QUEUED
gid://shopify/Product/8645985272007,QUEUED
gid://shopify/Product/8645985304775,QUEUED
gid://shopify/Product/8645985337543,QUEUED
gid://shopify/Product/8645985403079,QUEUED
gid://shopify/Product/8645985435847,QUEUED
gid://shopify/Product/8645985468615,QUEUED
gid://shopify/Product/8645985501383,QUEUED
gid://shopify/Product/8645985534151,QUEUED
gid://shopify/Product/8645985566919,QUEUED
gid://shopify/Product/8645985599687,QUEUED
gid://shopify/Product/8645985632455,QUEUED
gid://shopify/Product/8645985665223,QUEUED
gid://shopify/Product/8645985697991,QUEUED
gid://shopify/Product/8645985730759,QUEUED
gid://shopify/Product/8645985763527,QUEUED
gid://shopify/Product/8645985796295,QUEUED
gid://shopify/Product/8645985894599,QUEUED
gid://shopify/Product/8645985927367,QUEUED
gid://shopify/Product/8645985960135,QUEUED
gid://shopify/Product/8645985992903,QUEUED
gid://shopify/Product/8645986025671,QUEUED
gid://shopify/Product/8645986058439,QUEUED
gid://shopify/Product/8645986091207,QUEUED
gid://shopify/Product/8645986123975,QUEUED
gid://shopify/Product/8645986156743,QUEUED
gid://shopify/Product/8645986189511,QUEUED
gid://shopify/Product/8645986222279,QUEUED
gid://shopify/Product/8645986255047,QUEUED
gid://shopify/Product/8645986287815,QUEUED
gid://shopify/Product/8645986320583,QUEUED
gid://shopify/Product/8645986353351,QUEUED
gid://shopify/Product/8645986386119,QUEUED
gid://shopify/Product/8645986418887,QUEUED
gid://shopify/Product/8645986451655,QUEUED
gid://shopify/Product/8645986484423,QUEUED
gid://shopify/Product/8645986517191,QUEUED
gid://shopify/Product/8645986549959,QUEUED
gid://shopify/Product/8645986582727,QUEUED
gid://shopify/Product/8645986615495,QUEUED
gid://shopify/Product/8645986648263,QUEUED
gid://shopify/Product/8645986681031,QUEUED
gid://shopify/Product/8645986713799,QUEUED
gid://shopify/Product/8645986746567,QUEUED
gid://shopify/Product/8645986812103,QUEUED
gid://shopify/Product/8645986844871,QUEUED
gid://shopify/Product/8645986877639,QUEUED
gid://shopify/Product/8645986910407,QUEUED
gid://shopify/Product/8645986943175,QUEUED
gid://shopify/Product/8645986975943,QUEUED
gid://shopify/Product/8645987008711,QUEUED
gid://shopify/Product/8645987041479,QUEUED
gid://shopify/Product/8645987074247,QUEUED
gid://shopify/Product/8645987107015,QUEUED
gid://shopify/Product/8645987139783,QUEUED
gid://shopify/Product/8645987172551,QUEUED
gid://shopify/Product/8644520902855,QUEUED
gid://shopify/Product/8644672487623,QUEUED
gid://shopify/Product/8644672520391,QUEUED
gid://shopify/Product/8644672553159,QUEUED
gid://shopify/Product/8644672585927,QUEUED
gid://shopify/Product/8644520935623,QUEUED
gid://shopify/Product/8644343988423,QUEUED
gid://shopify/Product/8645987205319,QUEUED
gid://shopify/Product/8645987238087,QUEUED
gid://shopify/Product/8644344053959,QUEUED
gid://shopify/Product/8644520968391,QUEUED
gid://shopify/Product/8644521001159,QUEUED
gid://shopify/Product/8645987270855,QUEUED
gid://shopify/Product/8645987303623,QUEUED
gid://shopify/Product/8644672618695,QUEUED
gid://shopify/Product/8644344086727,QUEUED
gid://shopify/Product/8644344119495,QUEUED
gid://shopify/Product/8644521099463,QUEUED
gid://shopify/Product/8644344152263,QUEUED
gid://shopify/Product/8644521164999,QUEUED
gid://shopify/Product/8644521459911,QUEUED
gid://shopify/Product/8644521525447,QUEUED
gid://shopify/Product/8644521558215,QUEUED
gid://shopify/Product/8644344185031,QUEUED
gid://shopify/Product/8644521590983,QUEUED
gid://shopify/Product/8645989859527,QUEUED
gid://shopify/Product/8645989892295,QUEUED
gid://shopify/Product/8645989925063,QUEUED
gid://shopify/Product/8645989957831,QUEUED
gid://shopify/Product/8645989990599,QUEUED
gid://shopify/Product/8645990023367,QUEUED
gid://shopify/Product/8645866160327,QUEUED
gid://shopify/Product/8645990875335,QUEUED
gid://shopify/Product/8644344217799,QUEUED
gid://shopify/Product/8644344250567,QUEUED
gid://shopify/Product/8644344283335,QUEUED
gid://shopify/Product/8644344316103,QUEUED
gid://shopify/Product/8644344348871,QUEUED
gid://shopify/Product/8644344381639,QUEUED
gid://shopify/Product/8644344414407,QUEUED
gid://shopify/Product/8644344447175,QUEUED
gid://shopify/Product/8644344479943,QUEUED
gid://shopify/Product/8644344512711,QUEUED
gid://shopify/Product/8644344545479,QUEUED
gid://shopify/Product/8644344578247,QUEUED
gid://shopify/Product/8645670633671,QUEUED
gid://shopify/Product/8644344611015,QUEUED
gid://shopify/Product/8645990940871,QUEUED
gid://shopify/Product/8645990973639,QUEUED
gid://shopify/Product/8645991006407,QUEUED
gid://shopify/Product/8645991039175,QUEUED
gid://shopify/Product/8645991071943,QUEUED
gid://shopify/Product/8644344709319,QUEUED
gid://shopify/Product/8645991104711,QUEUED
gid://shopify/Product/8645991170247,QUEUED
gid://shopify/Product/8644344742087,QUEUED
gid://shopify/Product/8644344774855,QUEUED
gid://shopify/Product/8645991203015,QUEUED
gid://shopify/Product/8645991235783,QUEUED
gid://shopify/Product/8645991268551,QUEUED
gid://shopify/Product/8644344807623,QUEUED
gid://shopify/Product/8644344840391,QUEUED
gid://shopify/Product/8644344873159,QUEUED
gid://shopify/Product/8644344905927,QUEUED
gid://shopify/Product/8644344938695,QUEUED
gid://shopify/Product/8644344971463,QUEUED
gid://shopify/Product/8644345004231,QUEUED
gid://shopify/Product/8644345036999,QUEUED
gid://shopify/Product/8644345069767,QUEUED
gid://shopify/Product/8644345102535,QUEUED
gid://shopify/Product/8644345135303,QUEUED
gid://shopify/Product/8645991334087,QUEUED
gid://shopify/Product/8645991366855,QUEUED
gid://shopify/Product/8645991399623,QUEUED
gid://shopify/Product/8645991432391,QUEUED
gid://shopify/Product/8645991465159,QUEUED
gid://shopify/Product/8645991497927,QUEUED
gid://shopify/Product/8645991530695,QUEUED
gid://shopify/Product/8645991563463,QUEUED
gid://shopify/Product/8644345168071,QUEUED
gid://shopify/Product/8644345200839,QUEUED
gid://shopify/Product/8645991596231,QUEUED
gid://shopify/Product/8645991628999,QUEUED
gid://shopify/Product/8644345233607,QUEUED
gid://shopify/Product/8645991661767,QUEUED
gid://shopify/Product/8645991694535,QUEUED
gid://shopify/Product/8644345266375,QUEUED
gid://shopify/Product/8645991760071,QUEUED
gid://shopify/Product/8645991792839,QUEUED
gid://shopify/Product/8645991825607,QUEUED
gid://shopify/Product/8645991858375,QUEUED
gid://shopify/Product/8645991891143,QUEUED
gid://shopify/Product/8645991923911,QUEUED
gid://shopify/Product/8644522705095,QUEUED
gid://shopify/Product/8644522737863,QUEUED
gid://shopify/Product/8644522803399,QUEUED
gid://shopify/Product/8644345299143,QUEUED
gid://shopify/Product/8645992317127,QUEUED
gid://shopify/Product/8645992349895,QUEUED
gid://shopify/Product/8645992415431,QUEUED
gid://shopify/Product/8645992448199,QUEUED
gid://shopify/Product/8644345364679,QUEUED
gid://shopify/Product/8644345397447,QUEUED
gid://shopify/Product/8644345430215,QUEUED
gid://shopify/Product/8644522836167,QUEUED
gid://shopify/Product/8644345462983,QUEUED
gid://shopify/Product/8645474844871,QUEUED
gid://shopify/Product/8644345495751,QUEUED
gid://shopify/Product/8644345528519,QUEUED
gid://shopify/Product/8644345594055,QUEUED
gid://shopify/Product/8644345626823,QUEUED
gid://shopify/Product/8644345692359,QUEUED
gid://shopify/Product/8644345725127,QUEUED
gid://shopify/Product/8644345757895,QUEUED
gid://shopify/Product/8644345790663,QUEUED
gid://shopify/Product/8644345823431,QUEUED
gid://shopify/Product/8644345856199,QUEUED
gid://shopify/Product/8644345888967,QUEUED
gid://shopify/Product/8644345921735,QUEUED
gid://shopify/Product/8644522868935,QUEUED
gid://shopify/Product/8644345954503,QUEUED
gid://shopify/Product/8644345987271,QUEUED
gid://shopify/Product/8644346020039,QUEUED
gid://shopify/Product/8645992644807,QUEUED
gid://shopify/Product/8645992677575,QUEUED
gid://shopify/Product/8645992743111,QUEUED
gid://shopify/Product/8645992775879,QUEUED
gid://shopify/Product/8645992841415,QUEUED
gid://shopify/Product/8645992874183,QUEUED
gid://shopify/Product/8645992906951,QUEUED
gid://shopify/Product/8645992939719,QUEUED
gid://shopify/Product/8645992972487,QUEUED
gid://shopify/Product/8645993038023,QUEUED
gid://shopify/Product/8645993562311,QUEUED
gid://shopify/Product/8645993988295,QUEUED
gid://shopify/Product/8645994152135,QUEUED
gid://shopify/Product/8645994184903,QUEUED
gid://shopify/Product/8645994217671,QUEUED
gid://shopify/Product/8645994250439,QUEUED
gid://shopify/Product/8645994283207,QUEUED
gid://shopify/Product/8645994315975,QUEUED
gid://shopify/Product/8645994348743,QUEUED
gid://shopify/Product/8645994381511,QUEUED
gid://shopify/Product/8645994414279,QUEUED
gid://shopify/Product/8645994447047,QUEUED
gid://shopify/Product/8645994479815,QUEUED
gid://shopify/Product/8645994512583,QUEUED
gid://shopify/Product/8645994545351,QUEUED
gid://shopify/Product/8645994578119,QUEUED
gid://shopify/Product/8645994610887,QUEUED
gid://shopify/Product/8645994643655,QUEUED
gid://shopify/Product/8645994676423,QUEUED
gid://shopify/Product/8645994709191,QUEUED
gid://shopify/Product/8645994774727,QUEUED
gid://shopify/Product/8645994807495,QUEUED
gid://shopify/Product/8645994840263,QUEUED
gid://shopify/Product/8645994873031,QUEUED
gid://shopify/Product/8645994905799,QUEUED
gid://shopify/Product/8645994938567,QUEUED
gid://shopify/Product/8645994971335,QUEUED
gid://shopify/Product/8645995004103,QUEUED
gid://shopify/Product/8645995036871,QUEUED
gid://shopify/Product/8645995069639,QUEUED
gid://shopify/Product/8645995102407,QUEUED
gid://shopify/Product/8645995135175,QUEUED
gid://shopify/Product/8645995167943,QUEUED
gid://shopify/Product/8645995200711,QUEUED
gid://shopify/Product/8645995233479,QUEUED
gid://shopify/Product/8645995266247,QUEUED
gid://shopify/Product/8645995299015,QUEUED
gid://shopify/Product/8645995331783,QUEUED
gid://shopify/Product/8645995364551,QUEUED
gid://shopify/Product/8645995397319,QUEUED
gid://shopify/Product/8645995430087,QUEUED
gid://shopify/Product/8645995462855,QUEUED
gid://shopify/Product/8645995495623,QUEUED
gid://shopify/Product/8645995528391,QUEUED
gid://shopify/Product/8645995593927,QUEUED
gid://shopify/Product/8645995626695,QUEUED
gid://shopify/Product/8645995659463,QUEUED
gid://shopify/Product/8645995692231,QUEUED
gid://shopify/Product/8645995724999,QUEUED
gid://shopify/Product/8645995757767,QUEUED
gid://shopify/Product/8645995790535,QUEUED
gid://shopify/Product/8645995823303,QUEUED
gid://shopify/Product/8645995856071,QUEUED
gid://shopify/Product/8645995888839,QUEUED
gid://shopify/Product/8645995921607,QUEUED
gid://shopify/Product/8645995954375,QUEUED
gid://shopify/Product/8645995987143,QUEUED
gid://shopify/Product/8645996019911,QUEUED
gid://shopify/Product/8645996052679,QUEUED
gid://shopify/Product/8645996085447,QUEUED
gid://shopify/Product/8645996118215,QUEUED
gid://shopify/Product/8645996150983,QUEUED
gid://shopify/Product/8645996183751,QUEUED
gid://shopify/Product/8645996216519,QUEUED
gid://shopify/Product/8645996249287,QUEUED
gid://shopify/Product/8645996282055,QUEUED
gid://shopify/Product/8645996314823,QUEUED
gid://shopify/Product/8645996347591,QUEUED
gid://shopify/Product/8645996380359,QUEUED
gid://shopify/Product/8645996413127,QUEUED
gid://shopify/Product/8645996445895,QUEUED
gid://shopify/Product/8645996478663,QUEUED
gid://shopify/Product/8645996544199,QUEUED
gid://shopify/Product/8645996576967,QUEUED
gid://shopify/Product/8645996609735,QUEUED
gid://shopify/Product/8645996642503,QUEUED
gid://shopify/Product/8645996675271,QUEUED
gid://shopify/Product/8645996708039,QUEUED
gid://shopify/Product/8645996740807,QUEUED
gid://shopify/Product/8645996773575,QUEUED
gid://shopify/Product/8645996806343,QUEUED
gid://shopify/Product/8645996937415,QUEUED
gid://shopify/Product/8645996970183,QUEUED
gid://shopify/Product/8645997035719,QUEUED
gid://shopify/Product/8645997068487,QUEUED
gid://shopify/Product/8645997101255,QUEUED
gid://shopify/Product/8645997134023,QUEUED
gid://shopify/Product/8645997199559,QUEUED
gid://shopify/Product/8645997232327,QUEUED
gid://shopify/Product/8645997297863,QUEUED
gid://shopify/Product/8645997330631,QUEUED
gid://shopify/Product/8645997363399,QUEUED
gid://shopify/Product/8645997527239,QUEUED
gid://shopify/Product/8645997560007,QUEUED
gid://shopify/Product/8645997625543,QUEUED
gid://shopify/Product/8645997658311,QUEUED
gid://shopify/Product/8645997723847,QUEUED
gid://shopify/Product/8645997756615,QUEUED
gid://shopify/Product/8645997822151,QUEUED
gid://shopify/Product/8645997854919,QUEUED
gid://shopify/Product/8645997887687,QUEUED
gid://shopify/Product/8645997953223,QUEUED
gid://shopify/Product/8645997985991,QUEUED
gid://shopify/Product/8645998018759,QUEUED
gid://shopify/Product/8645998084295,QUEUED
gid://shopify/Product/8645998149831,QUEUED
gid://shopify/Product/8645998215367,QUEUED
gid://shopify/Product/8645998248135,QUEUED
gid://shopify/Product/8645998280903,QUEUED
gid://shopify/Product/8645998346439,QUEUED
gid://shopify/Product/8645998411975,QUEUED
gid://shopify/Product/8645998444743,QUEUED
gid://shopify/Product/8645998510279,QUEUED
gid://shopify/Product/8645998543047,QUEUED
gid://shopify/Product/8645998575815,QUEUED
gid://shopify/Product/8645998608583,QUEUED
gid://shopify/Product/8645998641351,QUEUED
gid://shopify/Product/8645998706887,QUEUED
gid://shopify/Product/8645998805191,QUEUED
gid://shopify/Product/8645998903495,QUEUED
gid://shopify/Product/8645998936263,QUEUED
gid://shopify/Product/8645998969031,QUEUED
gid://shopify/Product/8645999034567,QUEUED
gid://shopify/Product/8645999100103,QUEUED
gid://shopify/Product/8645999132871,QUEUED
gid://shopify/Product/8645999198407,QUEUED
gid://shopify/Product/8645999329479,QUEUED
gid://shopify/Product/8645999362247,QUEUED
gid://shopify/Product/8645999427783,QUEUED
gid://shopify/Product/8645999460551,QUEUED
gid://shopify/Product/8645999493319,QUEUED
gid://shopify/Product/8645999526087,QUEUED
gid://shopify/Product/8645999558855,QUEUED
gid://shopify/Product/8645999591623,QUEUED
gid://shopify/Product/8644346085575,QUEUED
gid://shopify/Product/8645999689927,QUEUED
gid://shopify/Product/8645999722695,QUEUED
gid://shopify/Product/8645999755463,QUEUED
gid://shopify/Product/8645999820999,QUEUED
gid://shopify/Product/8645999853767,QUEUED
gid://shopify/Product/8645999952071,QUEUED
gid://shopify/Product/8646000017607,QUEUED
gid://shopify/Product/8646000083143,QUEUED
gid://shopify/Product/8646000148679,QUEUED
gid://shopify/Product/8646000181447,QUEUED
gid://shopify/Product/8646000214215,QUEUED
gid://shopify/Product/8646000279751,QUEUED
gid://shopify/Product/8646000345287,QUEUED
gid://shopify/Product/8646000378055,QUEUED
gid://shopify/Product/8646000410823,QUEUED
gid://shopify/Product/8646000443591,QUEUED
gid://shopify/Product/8646000509127,QUEUED
gid://shopify/Product/8646000574663,QUEUED
gid://shopify/Product/8646000607431,QUEUED
gid://shopify/Product/8646000640199,QUEUED
gid://shopify/Product/8646000738503,QUEUED
gid://shopify/Product/8646000804039,QUEUED
gid://shopify/Product/8646000869575,QUEUED
gid://shopify/Product/8646000902343,QUEUED
gid://shopify/Product/8646000967879,QUEUED
gid://shopify/Product/8646001000647,QUEUED
gid://shopify/Product/8646001066183,QUEUED
gid://shopify/Product/8646001098951,QUEUED
gid://shopify/Product/8646001131719,QUEUED
gid://shopify/Product/8646001164487,QUEUED
gid://shopify/Product/8646001197255,QUEUED
gid://shopify/Product/8646001230023,QUEUED
gid://shopify/Product/8646001262791,QUEUED
gid://shopify/Product/8646001328327,QUEUED
gid://shopify/Product/8646001492167,QUEUED
gid://shopify/Product/8646001524935,QUEUED
gid://shopify/Product/8646001557703,QUEUED
gid://shopify/Product/8646001590471,QUEUED
gid://shopify/Product/8646001623239,QUEUED
gid://shopify/Product/8646001656007,QUEUED
gid://shopify/Product/8646001688775,QUEUED
gid://shopify/Product/8646001721543,QUEUED
gid://shopify/Product/8646001787079,QUEUED
gid://shopify/Product/8646001819847,QUEUED
gid://shopify/Product/8646001852615,QUEUED
gid://shopify/Product/8646001885383,QUEUED
gid://shopify/Product/8646001918151,QUEUED
gid://shopify/Product/8646001983687,QUEUED
gid://shopify/Product/8646002049223,QUEUED
gid://shopify/Product/8646002081991,QUEUED
gid://shopify/Product/8646002147527,QUEUED
gid://shopify/Product/8644522901703,QUEUED
gid://shopify/Product/8646002213063,QUEUED
gid://shopify/Product/8646002245831,QUEUED
gid://shopify/Product/8646002278599,QUEUED
gid://shopify/Product/8646002311367,QUEUED
gid://shopify/Product/8646002344135,QUEUED
gid://shopify/Product/8646002376903,QUEUED
gid://shopify/Product/8644739104967,QUEUED
gid://shopify/Product/8644739137735,QUEUED
gid://shopify/Product/8644739170503,QUEUED
gid://shopify/Product/8644346151111,QUEUED
gid://shopify/Product/8644346183879,QUEUED
gid://shopify/Product/8644346216647,QUEUED
gid://shopify/Product/8644346249415,QUEUED
gid://shopify/Product/8645866586311,QUEUED
gid://shopify/Product/8646002475207,QUEUED
gid://shopify/Product/8646002507975,QUEUED
gid://shopify/Product/8646002573511,QUEUED
gid://shopify/Product/8646002639047,QUEUED
gid://shopify/Product/8646002671815,QUEUED
gid://shopify/Product/8646002704583,QUEUED
gid://shopify/Product/8646002737351,QUEUED
gid://shopify/Product/8644346314951,QUEUED
gid://shopify/Product/8644346347719,QUEUED
gid://shopify/Product/8644346380487,QUEUED
gid://shopify/Product/8644346446023,QUEUED
gid://shopify/Product/8644346478791,QUEUED
gid://shopify/Product/8644346511559,QUEUED
gid://shopify/Product/8646002770119,QUEUED
gid://shopify/Product/8646002802887,QUEUED
gid://shopify/Product/8644346577095,QUEUED
gid://shopify/Product/8644346642631,QUEUED
gid://shopify/Product/8644346675399,QUEUED
gid://shopify/Product/8644346708167,QUEUED
gid://shopify/Product/8644346740935,QUEUED
gid://shopify/Product/8644346773703,QUEUED
gid://shopify/Product/8644346806471,QUEUED
gid://shopify/Product/8644346839239,QUEUED
gid://shopify/Product/8644346872007,QUEUED
gid://shopify/Product/8644346904775,QUEUED
gid://shopify/Product/8644346937543,QUEUED
gid://shopify/Product/8644346970311,QUEUED
gid://shopify/Product/8644347003079,QUEUED
gid://shopify/Product/8644347035847,QUEUED
gid://shopify/Product/8645676630215,QUEUED
gid://shopify/Product/8645700092103,QUEUED
gid://shopify/Product/8644347068615,QUEUED
gid://shopify/Product/8646002835655,QUEUED
gid://shopify/Product/8644347101383,QUEUED
gid://shopify/Product/8646002868423,QUEUED
gid://shopify/Product/8646002933959,QUEUED
gid://shopify/Product/8644347134151,QUEUED
gid://shopify/Product/8646002966727,QUEUED
gid://shopify/Product/8644347199687,QUEUED
gid://shopify/Product/8644347232455,QUEUED
gid://shopify/Product/8645866750151,QUEUED
gid://shopify/Product/8644347265223,QUEUED
gid://shopify/Product/8644347297991,QUEUED
gid://shopify/Product/8644347330759,QUEUED
gid://shopify/Product/8644347363527,QUEUED
gid://shopify/Product/8644347396295,QUEUED
gid://shopify/Product/8644347429063,QUEUED
gid://shopify/Product/8644347461831,QUEUED
gid://shopify/Product/8644347494599,QUEUED
gid://shopify/Product/8646002999495,QUEUED
gid://shopify/Product/8646003097799,QUEUED
gid://shopify/Product/8646003130567,QUEUED
gid://shopify/Product/8646003163335,QUEUED
gid://shopify/Product/8644347592903,QUEUED
gid://shopify/Product/8644347625671,QUEUED
gid://shopify/Product/8644347658439,QUEUED
gid://shopify/Product/8644347691207,QUEUED
gid://shopify/Product/8646003196103,QUEUED
gid://shopify/Product/8644347756743,QUEUED
gid://shopify/Product/8644347789511,QUEUED
gid://shopify/Product/8644347855047,QUEUED
gid://shopify/Product/8646003228871,QUEUED
gid://shopify/Product/8646003261639,QUEUED
gid://shopify/Product/8646003294407,QUEUED
gid://shopify/Product/8646003327175,QUEUED
gid://shopify/Product/8646003359943,QUEUED
gid://shopify/Product/8646003392711,QUEUED
gid://shopify/Product/8644347953351,QUEUED
gid://shopify/Product/8646003425479,QUEUED
gid://shopify/Product/8646003491015,QUEUED
gid://shopify/Product/8644348018887,QUEUED
gid://shopify/Product/8644348051655,QUEUED
gid://shopify/Product/8644348084423,QUEUED
gid://shopify/Product/8646003556551,QUEUED
gid://shopify/Product/8646003654855,QUEUED
gid://shopify/Product/8645866946759,QUEUED
gid://shopify/Product/8644348117191,QUEUED
gid://shopify/Product/8646003687623,QUEUED
gid://shopify/Product/8646003720391,QUEUED
gid://shopify/Product/8646003753159,QUEUED
gid://shopify/Product/8644348182727,QUEUED
gid://shopify/Product/8644348215495,QUEUED
gid://shopify/Product/8644348248263,QUEUED
gid://shopify/Product/8644348281031,QUEUED
gid://shopify/Product/8644348313799,QUEUED
gid://shopify/Product/8646003818695,QUEUED
gid://shopify/Product/8646003851463,QUEUED
gid://shopify/Product/8646003884231,QUEUED
gid://shopify/Product/8646003949767,QUEUED
gid://shopify/Product/8646004048071,QUEUED
gid://shopify/Product/8646004080839,QUEUED
gid://shopify/Product/8646004113607,QUEUED
gid://shopify/Product/8644348379335,QUEUED
gid://shopify/Product/8646004146375,QUEUED
gid://shopify/Product/8646004179143,QUEUED
gid://shopify/Product/8646004211911,QUEUED
gid://shopify/Product/8646004244679,QUEUED
gid://shopify/Product/8646004277447,QUEUED
gid://shopify/Product/8646004310215,QUEUED
gid://shopify/Product/8646004342983,QUEUED
gid://shopify/Product/8646004375751,QUEUED
gid://shopify/Product/8646004408519,QUEUED
gid://shopify/Product/8646004441287,QUEUED
gid://shopify/Product/8646004474055,QUEUED
gid://shopify/Product/8646004539591,QUEUED
gid://shopify/Product/8646004572359,QUEUED
gid://shopify/Product/8646004605127,QUEUED
gid://shopify/Product/8646004637895,QUEUED
gid://shopify/Product/8646004670663,QUEUED
gid://shopify/Product/8646004703431,QUEUED
gid://shopify/Product/8646004736199,QUEUED
gid://shopify/Product/8646004768967,QUEUED
gid://shopify/Product/8646004801735,QUEUED
gid://shopify/Product/8646004834503,QUEUED
gid://shopify/Product/8646004867271,QUEUED
gid://shopify/Product/8644348477639,QUEUED
gid://shopify/Product/8644348510407,QUEUED
gid://shopify/Product/8646004900039,QUEUED
gid://shopify/Product/8644348543175,QUEUED
gid://shopify/Product/8646004932807,QUEUED
gid://shopify/Product/8646004965575,QUEUED
gid://shopify/Product/8646004998343,QUEUED
gid://shopify/Product/8644348575943,QUEUED
gid://shopify/Product/8644348608711,QUEUED
gid://shopify/Product/8646005031111,QUEUED
gid://shopify/Product/8646005063879,QUEUED
gid://shopify/Product/8646005096647,QUEUED
gid://shopify/Product/8646005129415,QUEUED
gid://shopify/Product/8644348674247,QUEUED
gid://shopify/Product/8644348707015,QUEUED
gid://shopify/Product/8646005194951,QUEUED
gid://shopify/Product/8644348739783,QUEUED
gid://shopify/Product/8644348870855,QUEUED
gid://shopify/Product/8646005227719,QUEUED
gid://shopify/Product/8646005260487,QUEUED
gid://shopify/Product/8646005293255,QUEUED
gid://shopify/Product/8644348969159,QUEUED
gid://shopify/Product/8646005326023,QUEUED
gid://shopify/Product/8646005358791,QUEUED
gid://shopify/Product/8644786094279,QUEUED
gid://shopify/Product/8644349067463,QUEUED
gid://shopify/Product/8644349100231,QUEUED
gid://shopify/Product/8644349132999,QUEUED
gid://shopify/Product/8646005391559,QUEUED
gid://shopify/Product/8646005424327,QUEUED
gid://shopify/Product/8646005457095,QUEUED
gid://shopify/Product/8646005489863,QUEUED
gid://shopify/Product/8646005522631,QUEUED
gid://shopify/Product/8646005555399,QUEUED
gid://shopify/Product/8646005588167,QUEUED
gid://shopify/Product/8646005620935,QUEUED
gid://shopify/Product/8644349296839,QUEUED
gid://shopify/Product/8644349329607,QUEUED
gid://shopify/Product/8646005719239,QUEUED
gid://shopify/Product/8646005752007,QUEUED
gid://shopify/Product/8646005784775,QUEUED
gid://shopify/Product/8646005817543,QUEUED
gid://shopify/Product/8646005850311,QUEUED
gid://shopify/Product/8646005883079,QUEUED
gid://shopify/Product/8646005915847,QUEUED
gid://shopify/Product/8646005948615,QUEUED
gid://shopify/Product/8646006014151,QUEUED
gid://shopify/Product/8646006046919,QUEUED
gid://shopify/Product/8646006079687,QUEUED
gid://shopify/Product/8646006112455,QUEUED
gid://shopify/Product/8646006145223,QUEUED
gid://shopify/Product/8646006177991,QUEUED
gid://shopify/Product/8644349558983,QUEUED
gid://shopify/Product/8644349591751,QUEUED
gid://shopify/Product/8644349624519,QUEUED
gid://shopify/Product/8646006243527,QUEUED
gid://shopify/Product/8646006276295,QUEUED
gid://shopify/Product/8644349690055,QUEUED
gid://shopify/Product/8646006309063,QUEUED
gid://shopify/Product/8644349722823,QUEUED
gid://shopify/Product/8646006341831,QUEUED
gid://shopify/Product/8644349755591,QUEUED
gid://shopify/Product/8644349853895,QUEUED
gid://shopify/Product/8644349984967,QUEUED
gid://shopify/Product/8644350017735,QUEUED
gid://shopify/Product/8646006374599,QUEUED
gid://shopify/Product/8646006407367,QUEUED
gid://shopify/Product/8646006440135,QUEUED
gid://shopify/Product/8644350083271,QUEUED
gid://shopify/Product/8644350116039,QUEUED
gid://shopify/Product/8644350181575,QUEUED
gid://shopify/Product/8644350247111,QUEUED
gid://shopify/Product/8644350312647,QUEUED
gid://shopify/Product/8644350345415,QUEUED
gid://shopify/Product/8644350378183,QUEUED
gid://shopify/Product/8644350410951,QUEUED
gid://shopify/Product/8644350476487,QUEUED
gid://shopify/Product/8644786290887,QUEUED
gid://shopify/Product/8646006702279,QUEUED
gid://shopify/Product/8646006735047,QUEUED
gid://shopify/Product/8646006767815,QUEUED
gid://shopify/Product/8644350640327,QUEUED
gid://shopify/Product/8644350673095,QUEUED
gid://shopify/Product/8644350738631,QUEUED
gid://shopify/Product/8644350771399,QUEUED
gid://shopify/Product/8644350804167,QUEUED
gid://shopify/Product/8644350836935,QUEUED
gid://shopify/Product/8644350869703,QUEUED
gid://shopify/Product/8644350902471,QUEUED
gid://shopify/Product/8644350968007,QUEUED
gid://shopify/Product/8644351033543,QUEUED
gid://shopify/Product/8646006800583,QUEUED
gid://shopify/Product/8646006833351,QUEUED
gid://shopify/Product/8646006866119,QUEUED
gid://shopify/Product/8644351131847,QUEUED
gid://shopify/Product/8644351230151,QUEUED
gid://shopify/Product/8644351262919,QUEUED
gid://shopify/Product/8646006898887,QUEUED
gid://shopify/Product/8646006931655,QUEUED
gid://shopify/Product/8644351295687,QUEUED
gid://shopify/Product/8644351328455,QUEUED
gid://shopify/Product/8644351393991,QUEUED
gid://shopify/Product/8644351426759,QUEUED
gid://shopify/Product/8646006964423,QUEUED
gid://shopify/Product/8646006997191,QUEUED
gid://shopify/Product/8646007029959,QUEUED
gid://shopify/Product/8646007062727,QUEUED
gid://shopify/Product/8646007095495,QUEUED
gid://shopify/Product/8646007128263,QUEUED
gid://shopify/Product/8646007161031,QUEUED
gid://shopify/Product/8646007193799,QUEUED
gid://shopify/Product/8646007226567,QUEUED
gid://shopify/Product/8646007259335,QUEUED
gid://shopify/Product/8646007292103,QUEUED
gid://shopify/Product/8646007324871,QUEUED
gid://shopify/Product/8646007357639,QUEUED
gid://shopify/Product/8646007423175,QUEUED
gid://shopify/Product/8646007455943,QUEUED
gid://shopify/Product/8644351623367,QUEUED
gid://shopify/Product/8644351688903,QUEUED
gid://shopify/Product/8646007488711,QUEUED
gid://shopify/Product/8646007521479,QUEUED
gid://shopify/Product/8646007554247,QUEUED
gid://shopify/Product/8646007587015,QUEUED
gid://shopify/Product/8646007619783,QUEUED
gid://shopify/Product/8646007652551,QUEUED
gid://shopify/Product/8646007685319,QUEUED
gid://shopify/Product/8646007718087,QUEUED
gid://shopify/Product/8644351885511,QUEUED
gid://shopify/Product/8644351983815,QUEUED
gid://shopify/Product/8644352016583,QUEUED
gid://shopify/Product/8644352082119,QUEUED
gid://shopify/Product/8644352114887,QUEUED
gid://shopify/Product/8646007750855,QUEUED
gid://shopify/Product/8646007783623,QUEUED
gid://shopify/Product/8646007816391,QUEUED
gid://shopify/Product/8646007849159,QUEUED
gid://shopify/Product/8646007881927,QUEUED
gid://shopify/Product/8646007914695,QUEUED
gid://shopify/Product/8646007947463,QUEUED
gid://shopify/Product/8646007980231,QUEUED
gid://shopify/Product/8646008045767,QUEUED
gid://shopify/Product/8646008078535,QUEUED
gid://shopify/Product/8646008111303,QUEUED
gid://shopify/Product/8644352245959,QUEUED
gid://shopify/Product/8646008144071,QUEUED
gid://shopify/Product/8646008176839,QUEUED
gid://shopify/Product/8644352377031,QUEUED
gid://shopify/Product/8644352409799,QUEUED
gid://shopify/Product/8644352475335,QUEUED
gid://shopify/Product/8644352508103,QUEUED
gid://shopify/Product/8644352606407,QUEUED
gid://shopify/Product/8644352639175,QUEUED
gid://shopify/Product/8644352671943,QUEUED
gid://shopify/Product/8646008209607,QUEUED
gid://shopify/Product/8646008242375,QUEUED
gid://shopify/Product/8646008275143,QUEUED
gid://shopify/Product/8646008307911,QUEUED
gid://shopify/Product/8644352704711,QUEUED
gid://shopify/Product/8644352770247,QUEUED
gid://shopify/Product/8644352803015,QUEUED
gid://shopify/Product/8646008340679,QUEUED
gid://shopify/Product/8644352835783,QUEUED
gid://shopify/Product/8644352901319,QUEUED
gid://shopify/Product/8646008570055,QUEUED
gid://shopify/Product/8646008668359,QUEUED
gid://shopify/Product/8646009061575,QUEUED
gid://shopify/Product/8646009127111,QUEUED
gid://shopify/Product/8646009159879,QUEUED
gid://shopify/Product/8646009487559,QUEUED
gid://shopify/Product/8646009520327,QUEUED
gid://shopify/Product/8646010732743,QUEUED
gid://shopify/Product/8646010798279,QUEUED
gid://shopify/Product/8646010863815,QUEUED
gid://shopify/Product/8646010994887,QUEUED
gid://shopify/Product/8646011027655,QUEUED
gid://shopify/Product/8644353032391,QUEUED
gid://shopify/Product/8644353065159,QUEUED
gid://shopify/Product/8646011486407,QUEUED
gid://shopify/Product/8646011551943,QUEUED
gid://shopify/Product/8646011584711,QUEUED
gid://shopify/Product/8646011945159,QUEUED
gid://shopify/Product/8646012010695,QUEUED
gid://shopify/Product/8646012371143,QUEUED
gid://shopify/Product/8646012403911,QUEUED
gid://shopify/Product/8646012469447,QUEUED
gid://shopify/Product/8646012534983,QUEUED
gid://shopify/Product/8646012567751,QUEUED
gid://shopify/Product/8646012633287,QUEUED
gid://shopify/Product/8646012666055,QUEUED
gid://shopify/Product/8646012731591,QUEUED
gid://shopify/Product/8646012797127,QUEUED
gid://shopify/Product/8646012829895,QUEUED
gid://shopify/Product/8646012960967,QUEUED
gid://shopify/Product/8646012993735,QUEUED
gid://shopify/Product/8646013092039,QUEUED
gid://shopify/Product/8646013124807,QUEUED
gid://shopify/Product/8644353163463,QUEUED
gid://shopify/Product/8644353261767,QUEUED
gid://shopify/Product/8644353294535,QUEUED
gid://shopify/Product/8646013190343,QUEUED
gid://shopify/Product/8646013255879,QUEUED
gid://shopify/Product/8644353392839,QUEUED
gid://shopify/Product/8644353425607,QUEUED
gid://shopify/Product/8644353458375,QUEUED
gid://shopify/Product/8644353491143,QUEUED
gid://shopify/Product/8646013321415,QUEUED
gid://shopify/Product/8644353523911,QUEUED
gid://shopify/Product/8644353556679,QUEUED
gid://shopify/Product/8644353589447,QUEUED
gid://shopify/Product/8644353687751,QUEUED
gid://shopify/Product/8644353753287,QUEUED
gid://shopify/Product/8644353786055,QUEUED
gid://shopify/Product/8644353818823,QUEUED
gid://shopify/Product/8644353851591,QUEUED
gid://shopify/Product/8644353884359,QUEUED
gid://shopify/Product/8644353917127,QUEUED
gid://shopify/Product/8644353982663,QUEUED
gid://shopify/Product/8644354048199,QUEUED
gid://shopify/Product/8644354080967,QUEUED
gid://shopify/Product/8644354113735,QUEUED
gid://shopify/Product/8644354146503,QUEUED
gid://shopify/Product/8644354212039,QUEUED
gid://shopify/Product/8644354277575,QUEUED
gid://shopify/Product/8646013452487,QUEUED
gid://shopify/Product/8644354310343,QUEUED
gid://shopify/Product/8644354343111,QUEUED
gid://shopify/Product/8644354375879,QUEUED
gid://shopify/Product/8644354408647,QUEUED
gid://shopify/Product/8644354441415,QUEUED
gid://shopify/Product/8644354474183,QUEUED
gid://shopify/Product/8644354506951,QUEUED
gid://shopify/Product/8644354539719,QUEUED
gid://shopify/Product/8646013518023,QUEUED
gid://shopify/Product/8646013550791,QUEUED
gid://shopify/Product/8646013616327,QUEUED
gid://shopify/Product/8646013681863,QUEUED
gid://shopify/Product/8644354605255,QUEUED
gid://shopify/Product/8646014369991,QUEUED
gid://shopify/Product/8646014501063,QUEUED
gid://shopify/Product/8644354670791,QUEUED
gid://shopify/Product/8646014599367,QUEUED
gid://shopify/Product/8646014632135,QUEUED
gid://shopify/Product/8646014697671,QUEUED
gid://shopify/Product/8646014763207,QUEUED
gid://shopify/Product/8644354769095,QUEUED
gid://shopify/Product/8644354801863,QUEUED
gid://shopify/Product/8644354834631,QUEUED
gid://shopify/Product/8644354867399,QUEUED
gid://shopify/Product/8644354900167,QUEUED
gid://shopify/Product/8644354932935,QUEUED
gid://shopify/Product/8644354998471,QUEUED
gid://shopify/Product/8644355031239,QUEUED
gid://shopify/Product/8644355096775,QUEUED
gid://shopify/Product/8644355129543,QUEUED
gid://shopify/Product/8644355162311,QUEUED
gid://shopify/Product/8645867962567,QUEUED
gid://shopify/Product/8644355227847,QUEUED
gid://shopify/Product/8644355260615,QUEUED
gid://shopify/Product/8644355326151,QUEUED
gid://shopify/Product/8645867995335,QUEUED
gid://shopify/Product/8646014795975,QUEUED
gid://shopify/Product/8644355358919,QUEUED
gid://shopify/Product/8644355391687,QUEUED
gid://shopify/Product/8644355424455,QUEUED
gid://shopify/Product/8644355457223,QUEUED
gid://shopify/Product/8644355489991,QUEUED
gid://shopify/Product/8644355522759,QUEUED
gid://shopify/Product/8644523000007,QUEUED
gid://shopify/Product/8644523065543,QUEUED
gid://shopify/Product/8646015025351,QUEUED
gid://shopify/Product/8646015058119,QUEUED
gid://shopify/Product/8646015123655,QUEUED
gid://shopify/Product/8646015156423,QUEUED
gid://shopify/Product/8644523131079,QUEUED
gid://shopify/Product/8646015221959,QUEUED
gid://shopify/Product/8646015287495,QUEUED
gid://shopify/Product/8644523229383,QUEUED
gid://shopify/Product/8644523262151,QUEUED
gid://shopify/Product/8644523294919,QUEUED
gid://shopify/Product/8646015353031,QUEUED
gid://shopify/Product/8646015418567,QUEUED
gid://shopify/Product/8646015451335,QUEUED
gid://shopify/Product/8646015484103,QUEUED
gid://shopify/Product/8646015549639,QUEUED
gid://shopify/Product/8646015582407,QUEUED
gid://shopify/Product/8644523360455,QUEUED
gid://shopify/Product/8646015647943,QUEUED
gid://shopify/Product/8646015680711,QUEUED
gid://shopify/Product/8646015942855,QUEUED
gid://shopify/Product/8646015975623,QUEUED
gid://shopify/Product/8646016008391,QUEUED
gid://shopify/Product/8644523458759,QUEUED
gid://shopify/Product/8644523491527,QUEUED
gid://shopify/Product/8645868224711,QUEUED
gid://shopify/Product/8646016073927,QUEUED
gid://shopify/Product/8644523524295,QUEUED
gid://shopify/Product/8646016139463,QUEUED
gid://shopify/Product/8646016172231,QUEUED
gid://shopify/Product/8645868290247,QUEUED
gid://shopify/Product/8646016237767,QUEUED
gid://shopify/Product/8646016270535,QUEUED
gid://shopify/Product/8646016336071,QUEUED
gid://shopify/Product/8646016401607,QUEUED
gid://shopify/Product/8646016434375,QUEUED
gid://shopify/Product/8646016532679,QUEUED
gid://shopify/Product/8644523557063,QUEUED
gid://shopify/Product/8644523589831,QUEUED
gid://shopify/Product/8644355588295,QUEUED
gid://shopify/Product/8646016598215,QUEUED
gid://shopify/Product/8644355621063,QUEUED
gid://shopify/Product/8646016630983,QUEUED
gid://shopify/Product/8644355686599,QUEUED
gid://shopify/Product/8646016696519,QUEUED
gid://shopify/Product/8644355719367,QUEUED
gid://shopify/Product/8646016729287,QUEUED
gid://shopify/Product/8646016794823,QUEUED
gid://shopify/Product/8646016827591,QUEUED
gid://shopify/Product/8644523688135,QUEUED
gid://shopify/Product/8644523753671,QUEUED
gid://shopify/Product/8644523851975,QUEUED
gid://shopify/Product/8644523884743,QUEUED
gid://shopify/Product/8644523950279,QUEUED
gid://shopify/Product/8644524048583,QUEUED
gid://shopify/Product/8644524114119,QUEUED
gid://shopify/Product/8644524179655,QUEUED
gid://shopify/Product/8646017122503,QUEUED
gid://shopify/Product/8646017188039,QUEUED
gid://shopify/Product/8646017220807,QUEUED
gid://shopify/Product/8646017286343,QUEUED
gid://shopify/Product/8646017319111,QUEUED
gid://shopify/Product/8646017384647,QUEUED
gid://shopify/Product/8646017450183,QUEUED
gid://shopify/Product/8646017482951,QUEUED
gid://shopify/Product/8646017548487,QUEUED
gid://shopify/Product/8646017614023,QUEUED
gid://shopify/Product/8646017646791,QUEUED
gid://shopify/Product/8644524245191,QUEUED
gid://shopify/Product/8644524343495,QUEUED
gid://shopify/Product/8644524409031,QUEUED
gid://shopify/Product/8644524474567,QUEUED
gid://shopify/Product/8644524540103,QUEUED
gid://shopify/Product/8644524605639,QUEUED
gid://shopify/Product/8644524671175,QUEUED
gid://shopify/Product/8644524769479,QUEUED
gid://shopify/Product/8646017745095,QUEUED
gid://shopify/Product/8646017810631,QUEUED
gid://shopify/Product/8646017876167,QUEUED
gid://shopify/Product/8646017908935,QUEUED
gid://shopify/Product/8646017974471,QUEUED
gid://shopify/Product/8644355752135,QUEUED
gid://shopify/Product/8644526538951,QUEUED
gid://shopify/Product/8644526604487,QUEUED
gid://shopify/Product/8646018924743,QUEUED
gid://shopify/Product/8646018957511,QUEUED
gid://shopify/Product/8646019023047,QUEUED
gid://shopify/Product/8644355784903,QUEUED
gid://shopify/Product/8646019055815,QUEUED
gid://shopify/Product/8646019121351,QUEUED
gid://shopify/Product/8644526702791,QUEUED
gid://shopify/Product/8644526735559,QUEUED
gid://shopify/Product/8644355817671,QUEUED
gid://shopify/Product/8644355883207,QUEUED
gid://shopify/Product/8644451598535,QUEUED
gid://shopify/Product/8644355915975,QUEUED
gid://shopify/Product/8644451565767,QUEUED
gid://shopify/Product/8644451532999,QUEUED
gid://shopify/Product/8644355981511,QUEUED
gid://shopify/Product/8645711233223,QUEUED
gid://shopify/Product/8644356014279,QUEUED
gid://shopify/Product/8646019186887,QUEUED
gid://shopify/Product/8646019252423,QUEUED
gid://shopify/Product/8646019285191,QUEUED
gid://shopify/Product/8646019350727,QUEUED
gid://shopify/Product/8646019383495,QUEUED
gid://shopify/Product/8646019449031,QUEUED
gid://shopify/Product/8644356047047,QUEUED
gid://shopify/Product/8646019514567,QUEUED
gid://shopify/Product/8646019580103,QUEUED
gid://shopify/Product/8646019645639,QUEUED
gid://shopify/Product/8646019678407,QUEUED
gid://shopify/Product/8646019743943,QUEUED
gid://shopify/Product/8646019809479,QUEUED
gid://shopify/Product/8644526866631,QUEUED
gid://shopify/Product/8644526932167,QUEUED
gid://shopify/Product/8644527030471,QUEUED
gid://shopify/Product/8644527096007,QUEUED
gid://shopify/Product/8644527161543,QUEUED
gid://shopify/Product/8644527227079,QUEUED
gid://shopify/Product/8644527292615,QUEUED
gid://shopify/Product/8644527358151,QUEUED
gid://shopify/Product/8644527423687,QUEUED
gid://shopify/Product/8644527489223,QUEUED
gid://shopify/Product/8646020006087,QUEUED
gid://shopify/Product/8646020038855,QUEUED
gid://shopify/Product/8646020104391,QUEUED
gid://shopify/Product/8644356079815,QUEUED
gid://shopify/Product/8644527587527,QUEUED
gid://shopify/Product/8644527653063,QUEUED
gid://shopify/Product/8644527718599,QUEUED
gid://shopify/Product/8644527784135,QUEUED
gid://shopify/Product/8644527882439,QUEUED
gid://shopify/Product/8644527947975,QUEUED
gid://shopify/Product/8644528013511,QUEUED
gid://shopify/Product/8644528079047,QUEUED
gid://shopify/Product/8644528144583,QUEUED
gid://shopify/Product/8644356112583,QUEUED
gid://shopify/Product/8644356145351,QUEUED
gid://shopify/Product/8644356178119,QUEUED
gid://shopify/Product/8644528242887,QUEUED
gid://shopify/Product/8644528308423,QUEUED
gid://shopify/Product/8644528373959,QUEUED
gid://shopify/Product/8644528439495,QUEUED
gid://shopify/Product/8644528505031,QUEUED
gid://shopify/Product/8644528570567,QUEUED
gid://shopify/Product/8644528636103,QUEUED
gid://shopify/Product/8644528734407,QUEUED
gid://shopify/Product/8644528799943,QUEUED
gid://shopify/Product/8644528865479,QUEUED
gid://shopify/Product/8644356210887,QUEUED
gid://shopify/Product/8644528931015,QUEUED
gid://shopify/Product/8644529029319,QUEUED
gid://shopify/Product/8646020169927,QUEUED
gid://shopify/Product/8646020202695,QUEUED
gid://shopify/Product/8644529127623,QUEUED
gid://shopify/Product/8644529193159,QUEUED
gid://shopify/Product/8646020268231,QUEUED
gid://shopify/Product/8646020300999,QUEUED
gid://shopify/Product/8646020366535,QUEUED
gid://shopify/Product/8646020432071,QUEUED
gid://shopify/Product/8646020464839,QUEUED
gid://shopify/Product/8644529324231,QUEUED
gid://shopify/Product/8646020530375,QUEUED
gid://shopify/Product/8646020628679,QUEUED
gid://shopify/Product/8646020661447,QUEUED
gid://shopify/Product/8646020726983,QUEUED
gid://shopify/Product/8646020792519,QUEUED
gid://shopify/Product/8646020858055,QUEUED
gid://shopify/Product/8646020956359,QUEUED
gid://shopify/Product/8646021021895,QUEUED
gid://shopify/Product/8646021087431,QUEUED
gid://shopify/Product/8644529422535,QUEUED
gid://shopify/Product/8644529488071,QUEUED
gid://shopify/Product/8646021185735,QUEUED
gid://shopify/Product/8646021251271,QUEUED
gid://shopify/Product/8646021349575,QUEUED
gid://shopify/Product/8646021415111,QUEUED
gid://shopify/Product/8646021480647,QUEUED
gid://shopify/Product/8644356243655,QUEUED
gid://shopify/Product/8644356276423,QUEUED
gid://shopify/Product/8644529586375,QUEUED
gid://shopify/Product/8646021513415,QUEUED
gid://shopify/Product/8644529651911,QUEUED
gid://shopify/Product/8646021578951,QUEUED
gid://shopify/Product/8646021611719,QUEUED
gid://shopify/Product/8646021677255,QUEUED
gid://shopify/Product/8646021710023,QUEUED
gid://shopify/Product/8646021775559,QUEUED
gid://shopify/Product/8646021808327,QUEUED
gid://shopify/Product/8644529717447,QUEUED
gid://shopify/Product/8646021873863,QUEUED
gid://shopify/Product/8644529782983,QUEUED
gid://shopify/Product/8646021939399,QUEUED
gid://shopify/Product/8646022004935,QUEUED
gid://shopify/Product/8644356341959,QUEUED
gid://shopify/Product/8644676026567,QUEUED
gid://shopify/Product/8644717969607,QUEUED
gid://shopify/Product/8644390224071,QUEUED
gid://shopify/Product/8644390256839,QUEUED
gid://shopify/Product/8644390191303,QUEUED
gid://shopify/Product/8644390158535,QUEUED
gid://shopify/Product/8644390125767,QUEUED
gid://shopify/Product/8644390092999,QUEUED
gid://shopify/Product/8644390060231,QUEUED
gid://shopify/Product/8644390027463,QUEUED
gid://shopify/Product/8644389994695,QUEUED
gid://shopify/Product/8644389961927,QUEUED
gid://shopify/Product/8644389929159,QUEUED
gid://shopify/Product/8644389896391,QUEUED
gid://shopify/Product/8644389830855,QUEUED
gid://shopify/Product/8644389470407,QUEUED
gid://shopify/Product/8644389437639,QUEUED
gid://shopify/Product/8644384686279,QUEUED
gid://shopify/Product/8644531519687,QUEUED
gid://shopify/Product/8644382490823,QUEUED
gid://shopify/Product/8644381147335,QUEUED
gid://shopify/Product/8644382785735,QUEUED
gid://shopify/Product/8644388978887,QUEUED
gid://shopify/Product/8644386357447,QUEUED
gid://shopify/Product/8644357587143,QUEUED
gid://shopify/Product/8644357619911,QUEUED
gid://shopify/Product/8644386324679,QUEUED
gid://shopify/Product/8644357652679,QUEUED
gid://shopify/Product/8644357685447,QUEUED
gid://shopify/Product/8644357718215,QUEUED
gid://shopify/Product/8644383277255,QUEUED
gid://shopify/Product/8645721718983,QUEUED
gid://shopify/Product/8644358078663,QUEUED
gid://shopify/Product/8644387963079,QUEUED
gid://shopify/Product/8644387897543,QUEUED
gid://shopify/Product/8644387864775,QUEUED
gid://shopify/Product/8644387832007,QUEUED
gid://shopify/Product/8644358111431,QUEUED
gid://shopify/Product/8644387799239,QUEUED
gid://shopify/Product/8644387766471,QUEUED
gid://shopify/Product/8644358144199,QUEUED
gid://shopify/Product/8644358176967,QUEUED
gid://shopify/Product/8644358209735,QUEUED
gid://shopify/Product/8644358242503,QUEUED
gid://shopify/Product/8644384653511,QUEUED
gid://shopify/Product/8644359389383,QUEUED
gid://shopify/Product/8644359422151,QUEUED
gid://shopify/Product/8644359454919,QUEUED
gid://shopify/Product/8644359487687,QUEUED
gid://shopify/Product/8644359520455,QUEUED
gid://shopify/Product/8644359553223,QUEUED
gid://shopify/Product/8644359585991,QUEUED
gid://shopify/Product/8644492034247,QUEUED
gid://shopify/Product/8644360863943,QUEUED
gid://shopify/Product/8644360896711,QUEUED
gid://shopify/Product/8644360929479,QUEUED
gid://shopify/Product/8644360962247,QUEUED
gid://shopify/Product/8644360995015,QUEUED
gid://shopify/Product/8644361027783,QUEUED
gid://shopify/Product/8644361093319,QUEUED
gid://shopify/Product/8644361126087,QUEUED
gid://shopify/Product/8644442947783,QUEUED
gid://shopify/Product/8644442915015,QUEUED
gid://shopify/Product/8644442882247,QUEUED
gid://shopify/Product/8644442849479,QUEUED
gid://shopify/Product/8645669748935,QUEUED
gid://shopify/Product/8644392648903,QUEUED
gid://shopify/Product/8644442620103,QUEUED
gid://shopify/Product/8644442652871,QUEUED
gid://shopify/Product/8644442685639,QUEUED
gid://shopify/Product/8644442718407,QUEUED
gid://shopify/Product/8644442751175,QUEUED
gid://shopify/Product/8644442816711,QUEUED
gid://shopify/Product/8644393238727,QUEUED
gid://shopify/Product/8644393205959,QUEUED
gid://shopify/Product/8644393173191,QUEUED
gid://shopify/Product/8644393140423,QUEUED
gid://shopify/Product/8644393107655,QUEUED
gid://shopify/Product/8644393074887,QUEUED
gid://shopify/Product/8644393009351,QUEUED
gid://shopify/Product/8644392976583,QUEUED
gid://shopify/Product/8644392943815,QUEUED
gid://shopify/Product/8644392911047,QUEUED
gid://shopify/Product/8644393566407,QUEUED
gid://shopify/Product/8644393533639,QUEUED
gid://shopify/Product/8644393435335,QUEUED
gid://shopify/Product/8644393369799,QUEUED
gid://shopify/Product/8644393271495,QUEUED
gid://shopify/Product/8644393697479,QUEUED
gid://shopify/Product/8644393763015,QUEUED
gid://shopify/Product/8644393828551,QUEUED
gid://shopify/Product/8644393894087,QUEUED
gid://shopify/Product/8644442423495,QUEUED
gid://shopify/Product/8644442456263,QUEUED
gid://shopify/Product/8644442489031,QUEUED
gid://shopify/Product/8644442521799,QUEUED
gid://shopify/Product/8644442554567,QUEUED
gid://shopify/Product/8644394320071,QUEUED
gid://shopify/Product/8644394287303,QUEUED
gid://shopify/Product/8644394254535,QUEUED
gid://shopify/Product/8644394221767,QUEUED
gid://shopify/Product/8644394188999,QUEUED
gid://shopify/Product/8644394156231,QUEUED
gid://shopify/Product/8644394123463,QUEUED
gid://shopify/Product/8644394090695,QUEUED
gid://shopify/Product/8644394057927,QUEUED
gid://shopify/Product/8644394025159,QUEUED
gid://shopify/Product/8644442357959,QUEUED
gid://shopify/Product/8644493344967,QUEUED
gid://shopify/Product/8644493279431,QUEUED
gid://shopify/Product/8644493246663,QUEUED
gid://shopify/Product/8644493181127,QUEUED
gid://shopify/Product/8644493148359,QUEUED
gid://shopify/Product/8644493115591,QUEUED
gid://shopify/Product/8644442194119,QUEUED
gid://shopify/Product/8644442226887,QUEUED
gid://shopify/Product/8644442259655,QUEUED
gid://shopify/Product/8644442292423,QUEUED
gid://shopify/Product/8644442325191,QUEUED
gid://shopify/Product/8645873631431,QUEUED
gid://shopify/Product/8644492984519,QUEUED
gid://shopify/Product/8644493050055,QUEUED
gid://shopify/Product/8644493017287,QUEUED
gid://shopify/Product/8644493082823,QUEUED
gid://shopify/Product/8644442030279,QUEUED
gid://shopify/Product/8644442063047,QUEUED
gid://shopify/Product/8644442095815,QUEUED
gid://shopify/Product/8644492296391,QUEUED
gid://shopify/Product/8644492427463,QUEUED
gid://shopify/Product/8644492460231,QUEUED
gid://shopify/Product/8644492492999,QUEUED
gid://shopify/Product/8644492624071,QUEUED
gid://shopify/Product/8644492722375,QUEUED
gid://shopify/Product/8644492787911,QUEUED
gid://shopify/Product/8644492886215,QUEUED
gid://shopify/Product/8644492918983,QUEUED
gid://shopify/Product/8646038585543,QUEUED
gid://shopify/Product/8646038618311,QUEUED
gid://shopify/Product/8646038651079,QUEUED
gid://shopify/Product/8644441768135,QUEUED
gid://shopify/Product/8646038683847,QUEUED
gid://shopify/Product/8644441800903,QUEUED
gid://shopify/Product/8646038716615,QUEUED
gid://shopify/Product/8646038749383,QUEUED
gid://shopify/Product/8644441833671,QUEUED
gid://shopify/Product/8646038782151,QUEUED
gid://shopify/Product/8644394352839,QUEUED
gid://shopify/Product/8645699764423,QUEUED
gid://shopify/Product/8646038814919,QUEUED
gid://shopify/Product/8646038847687,QUEUED
gid://shopify/Product/8644441637063,QUEUED
gid://shopify/Product/8646038880455,QUEUED
gid://shopify/Product/8646038913223,QUEUED
gid://shopify/Product/8644441538759,QUEUED
gid://shopify/Product/8646038945991,QUEUED
gid://shopify/Product/8644441440455,QUEUED
gid://shopify/Product/8644730552519,QUEUED
gid://shopify/Product/8644441178311,QUEUED
gid://shopify/Product/8644441211079,QUEUED
gid://shopify/Product/8644441309383,QUEUED
gid://shopify/Product/8644441342151,QUEUED
gid://shopify/Product/8646038978759,QUEUED
gid://shopify/Product/8644441374919,QUEUED
gid://shopify/Product/8644394385607,QUEUED
gid://shopify/Product/8644441112775,QUEUED
gid://shopify/Product/8644441080007,QUEUED
gid://shopify/Product/8644441047239,QUEUED
gid://shopify/Product/8644441014471,QUEUED
gid://shopify/Product/8644440981703,QUEUED
gid://shopify/Product/8644440948935,QUEUED
gid://shopify/Product/8644440916167,QUEUED
gid://shopify/Product/8644440883399,QUEUED
gid://shopify/Product/8646039044295,QUEUED
gid://shopify/Product/8644440817863,QUEUED
gid://shopify/Product/8646039077063,QUEUED
gid://shopify/Product/8646039109831,QUEUED
gid://shopify/Product/8644440752327,QUEUED
gid://shopify/Product/8644440686791,QUEUED
gid://shopify/Product/8646039142599,QUEUED
gid://shopify/Product/8644440654023,QUEUED
gid://shopify/Product/8644440588487,QUEUED
gid://shopify/Product/8644440326343,QUEUED
gid://shopify/Product/8644440293575,QUEUED
gid://shopify/Product/8644440260807,QUEUED
gid://shopify/Product/8644439998663,QUEUED
gid://shopify/Product/8644440031431,QUEUED
gid://shopify/Product/8644440064199,QUEUED
gid://shopify/Product/8644439736519,QUEUED
gid://shopify/Product/8644439769287,QUEUED
gid://shopify/Product/8644439802055,QUEUED
gid://shopify/Product/8644439474375,QUEUED
gid://shopify/Product/8644439507143,QUEUED
gid://shopify/Product/8644394483911,QUEUED
gid://shopify/Product/8644438950087,QUEUED
gid://shopify/Product/8644439015623,QUEUED
gid://shopify/Product/8644439081159,QUEUED
gid://shopify/Product/8644439146695,QUEUED
gid://shopify/Product/8644439179463,QUEUED
gid://shopify/Product/8644439310535,QUEUED
gid://shopify/Product/8644439343303,QUEUED
gid://shopify/Product/8644439376071,QUEUED
gid://shopify/Product/8644394614983,QUEUED
gid://shopify/Product/8644394647751,QUEUED
gid://shopify/Product/8644394778823,QUEUED
gid://shopify/Product/8644394942663,QUEUED
gid://shopify/Product/8644394909895,QUEUED
gid://shopify/Product/8644394877127,QUEUED
gid://shopify/Product/8644395040967,QUEUED
gid://shopify/Product/8644395106503,QUEUED
gid://shopify/Product/8644438032583,QUEUED
gid://shopify/Product/8644437901511,QUEUED
gid://shopify/Product/8644437868743,QUEUED
gid://shopify/Product/8644437835975,QUEUED
gid://shopify/Product/8646039208135,QUEUED
gid://shopify/Product/8646039240903,QUEUED
gid://shopify/Product/8646039273671,QUEUED
gid://shopify/Product/8646039306439,QUEUED
gid://shopify/Product/8644436721863,QUEUED
gid://shopify/Product/8644436787399,QUEUED
gid://shopify/Product/8646039371975,QUEUED
gid://shopify/Product/8646039404743,QUEUED
gid://shopify/Product/8646039437511,QUEUED
gid://shopify/Product/8646039470279,QUEUED
gid://shopify/Product/8646039503047,QUEUED
gid://shopify/Product/8646039535815,QUEUED
gid://shopify/Product/8646039601351,QUEUED
gid://shopify/Product/8644395466951,QUEUED
gid://shopify/Product/8646039634119,QUEUED
gid://shopify/Product/8646039666887,QUEUED
gid://shopify/Product/8646039699655,QUEUED
gid://shopify/Product/8646039732423,QUEUED
gid://shopify/Product/8646039765191,QUEUED
gid://shopify/Product/8644393042119,QUEUED
gid://shopify/Product/8646039797959,QUEUED
gid://shopify/Product/8646039830727,QUEUED
gid://shopify/Product/8646039863495,QUEUED
gid://shopify/Product/8646039896263,QUEUED
gid://shopify/Product/8646039929031,QUEUED
gid://shopify/Product/8646039961799,QUEUED
gid://shopify/Product/8644436656327,QUEUED
gid://shopify/Product/8646039994567,QUEUED
gid://shopify/Product/8646040027335,QUEUED
gid://shopify/Product/8646040060103,QUEUED
gid://shopify/Product/8646040092871,QUEUED
gid://shopify/Product/8646040158407,QUEUED
gid://shopify/Product/8646040191175,QUEUED
gid://shopify/Product/8644436492487,QUEUED
gid://shopify/Product/8646040223943,QUEUED
gid://shopify/Product/8644436590791,QUEUED
gid://shopify/Product/8646040256711,QUEUED
gid://shopify/Product/8646040289479,QUEUED
gid://shopify/Product/8646040322247,QUEUED
gid://shopify/Product/8644436000967,QUEUED
gid://shopify/Product/8644436099271,QUEUED
gid://shopify/Product/8644436132039,QUEUED
gid://shopify/Product/8644436164807,QUEUED
gid://shopify/Product/8644436197575,QUEUED
gid://shopify/Product/8644436230343,QUEUED
gid://shopify/Product/8644436263111,QUEUED
gid://shopify/Product/8644436295879,QUEUED
gid://shopify/Product/8646040355015,QUEUED
gid://shopify/Product/8646040387783,QUEUED
gid://shopify/Product/8646040420551,QUEUED
gid://shopify/Product/8644435476679,QUEUED
gid://shopify/Product/8646040453319,QUEUED
gid://shopify/Product/8644435509447,QUEUED
gid://shopify/Product/8646040486087,QUEUED
gid://shopify/Product/8646040518855,QUEUED
gid://shopify/Product/8646040551623,QUEUED
gid://shopify/Product/8646040584391,QUEUED
gid://shopify/Product/8646040617159,QUEUED
gid://shopify/Product/8646040649927,QUEUED
gid://shopify/Product/8646040682695,QUEUED
gid://shopify/Product/8646040715463,QUEUED
gid://shopify/Product/8644435378375,QUEUED
gid://shopify/Product/8644435411143,QUEUED
gid://shopify/Product/8644435443911,QUEUED
gid://shopify/Product/8646040748231,QUEUED
gid://shopify/Product/8646040813767,QUEUED
gid://shopify/Product/8644393926855,QUEUED
gid://shopify/Product/8645873991879,QUEUED
gid://shopify/Product/8644393992391,QUEUED
gid://shopify/Product/8644434821319,QUEUED
gid://shopify/Product/8646040912071,QUEUED
gid://shopify/Product/8644434854087,QUEUED
gid://shopify/Product/8644434919623,QUEUED
gid://shopify/Product/8644434985159,QUEUED
gid://shopify/Product/8644435017927,QUEUED
gid://shopify/Product/8646040944839,QUEUED
gid://shopify/Product/8644435050695,QUEUED
gid://shopify/Product/8644435083463,QUEUED
gid://shopify/Product/8644434329799,QUEUED
gid://shopify/Product/8644434362567,QUEUED
gid://shopify/Product/8644434395335,QUEUED
gid://shopify/Product/8644434428103,QUEUED
gid://shopify/Product/8644434493639,QUEUED
gid://shopify/Product/8644433936583,QUEUED
gid://shopify/Product/8646040977607,QUEUED
gid://shopify/Product/8646041010375,QUEUED
gid://shopify/Product/8646041043143,QUEUED
gid://shopify/Product/8646041075911,QUEUED
gid://shopify/Product/8644433969351,QUEUED
gid://shopify/Product/8646041108679,QUEUED
gid://shopify/Product/8644434002119,QUEUED
gid://shopify/Product/8646041141447,QUEUED
gid://shopify/Product/8644434034887,QUEUED
gid://shopify/Product/8644434067655,QUEUED
gid://shopify/Product/8644434133191,QUEUED
gid://shopify/Product/8644433346759,QUEUED
gid://shopify/Product/8644433412295,QUEUED
gid://shopify/Product/8644433477831,QUEUED
gid://shopify/Product/8644433510599,QUEUED
gid://shopify/Product/8644433543367,QUEUED
PUJ1-217.030,NOT_FOUND
PUJ1-217.032,NOT_FOUND
PUJ1-217.035,NOT_FOUND
PUJ1-217.040,NOT_FOUND
PUJ1-217.045,NOT_FOUND
PUJ1-217.050,NOT_FOUND
PUJ1-217.060,NOT_FOUND
PUJ1-218.016,NOT_FOUND
PUJ1-218.018,NOT_FOUND
PUJ1-218.020,NOT_FOUND
PUJ1-218.024,NOT_FOUND
PUJ1-218.028,NOT_FOUND
PUJ1-218.030,NOT_FOUND
PUJ1-218.032,NOT_FOUND
PUJ1-218.035,NOT_FOUND
PUJ1-218.040,NOT_FOUND
PUJ1-218.045,NOT_FOUND
PUJ1-218.050,NOT_FOUND
PUJ1-218.060,NOT_FOUND
PUJ1-220.018,NOT_FOUND
PUJ1-220.020,NOT_FOUND
PUJ1-220.022,NOT_FOUND
PUJ1-220.024,NOT_FOUND
PUJ1-220.026,NOT_FOUND
PUJ1-220.028,NOT_FOUND
PUJ1-220.032,NOT_FOUND
PUJ1-220.036,NOT_FOUND
PUJ1-220.040,NOT_FOUND
PUJ1-223.035,NOT_FOUND
PUJ1-223.040,NOT_FOUND
PUJ1-224.023,NOT_FOUND
PUJ1-224.026,NOT_FOUND
PUJ1-234.020,NOT_FOUND
PUJ1-234.024,NOT_FOUND
PUJ1-239.036,NOT_FOUND
PUJ1-239.136,NOT_FOUND
PUJ1-239.236,NOT_FOUND
PUJ1-239.336,NOT_FOUND
PUJ1-239.436,NOT_FOUND
PUJ1-239.536,NOT_FOUND
PUJ1-241.050,NOT_FOUND
PUJ1-243.028,NOT_FOUND
PUJ1-243.032,NOT_FOUND
PUJ1-243.035,NOT_FOUND
PUJ1-244.028,NOT_FOUND
PUJ1-244.032,NOT_FOUND
PUJ1-244.035,NOT_FOUND
PUJ1-248.028,NOT_FOUND
PUJ1-248.032,NOT_FOUND
PUJ1-248.035,NOT_FOUND
gid://shopify/Product/8644395139271,QUEUED
gid://shopify/Product/8644431610055,QUEUED
gid://shopify/Product/8644730618055,QUEUED
gid://shopify/Product/8644730585287,QUEUED
gid://shopify/Product/8644395401415,QUEUED
gid://shopify/Product/8644395368647,QUEUED
gid://shopify/Product/8644395696327,QUEUED
gid://shopify/Product/8644395663559,QUEUED
gid://shopify/Product/8644395630791,QUEUED
gid://shopify/Product/8644395598023,QUEUED
gid://shopify/Product/8644395565255,QUEUED
gid://shopify/Product/8644395532487,QUEUED
gid://shopify/Product/8644395499719,QUEUED
gid://shopify/Product/8644431347911,QUEUED
gid://shopify/Product/8644395958471,QUEUED
gid://shopify/Product/8644395925703,QUEUED
gid://shopify/Product/8644395860167,QUEUED
gid://shopify/Product/8644395827399,QUEUED
gid://shopify/Product/8644395794631,QUEUED
gid://shopify/Product/8644395761863,QUEUED
gid://shopify/Product/8644396515527,QUEUED
gid://shopify/Product/8644396482759,QUEUED
gid://shopify/Product/8644396449991,QUEUED
gid://shopify/Product/8644396417223,QUEUED
gid://shopify/Product/8644430758087,QUEUED
gid://shopify/Product/8644396384455,QUEUED
gid://shopify/Product/8644396351687,QUEUED
gid://shopify/Product/8646041829575,QUEUED
gid://shopify/Product/8646041895111,QUEUED
gid://shopify/Product/8646041960647,QUEUED
gid://shopify/Product/8646041993415,QUEUED
gid://shopify/Product/8644430332103,QUEUED
gid://shopify/Product/8644430364871,QUEUED
gid://shopify/Product/8644430397639,QUEUED
gid://shopify/Product/8644430430407,QUEUED
gid://shopify/Product/8644430463175,QUEUED
gid://shopify/Product/8644430495943,QUEUED
gid://shopify/Product/8644430102727,QUEUED
gid://shopify/Product/8644430135495,QUEUED
gid://shopify/Product/8644430168263,QUEUED
gid://shopify/Product/8644430201031,QUEUED
gid://shopify/Product/8644430233799,QUEUED
gid://shopify/Product/8644430266567,QUEUED
gid://shopify/Product/8644430299335,QUEUED
gid://shopify/Product/8644396712135,QUEUED
gid://shopify/Product/8644429775047,QUEUED
gid://shopify/Product/8644429807815,QUEUED
gid://shopify/Product/8644429840583,QUEUED
gid://shopify/Product/8644429873351,QUEUED
gid://shopify/Product/8644429906119,QUEUED
gid://shopify/Product/8644429938887,QUEUED
gid://shopify/Product/8644429971655,QUEUED
gid://shopify/Product/8644430004423,QUEUED
gid://shopify/Product/8644402839751,QUEUED
gid://shopify/Product/8644402806983,QUEUED
gid://shopify/Product/8644402741447,QUEUED
gid://shopify/Product/8644402643143,QUEUED
gid://shopify/Product/8644429709511,QUEUED
gid://shopify/Product/8644429676743,QUEUED
gid://shopify/Product/8646042058951,QUEUED
gid://shopify/Product/8644429611207,QUEUED
gid://shopify/Product/8646042091719,QUEUED
gid://shopify/Product/8644429480135,QUEUED
gid://shopify/Product/8644429512903,QUEUED
gid://shopify/Product/8644429545671,QUEUED
gid://shopify/Product/8644429578439,QUEUED
gid://shopify/Product/8644402938055,QUEUED
gid://shopify/Product/8644403101895,QUEUED
gid://shopify/Product/8644403232967,QUEUED
gid://shopify/Product/8644403331271,QUEUED
gid://shopify/Product/8644403364039,QUEUED
gid://shopify/Product/8644403462343,QUEUED
gid://shopify/Product/8644403527879,QUEUED
gid://shopify/Product/8644403593415,QUEUED
gid://shopify/Product/8644361486535,QUEUED
gid://shopify/Product/8644403724487,QUEUED
gid://shopify/Product/8644403888327,QUEUED
gid://shopify/Product/8644429414599,QUEUED
gid://shopify/Product/8646042124487,QUEUED
gid://shopify/Product/8646042157255,QUEUED
gid://shopify/Product/8644429447367,QUEUED
gid://shopify/Product/8644403953863,QUEUED
gid://shopify/Product/8644403921095,QUEUED
gid://shopify/Product/8644404052167,QUEUED
gid://shopify/Product/8644404019399,QUEUED
gid://shopify/Product/8644404117703,QUEUED
gid://shopify/Product/8644429217991,QUEUED
gid://shopify/Product/8644429283527,QUEUED
gid://shopify/Product/8644429316295,QUEUED
gid://shopify/Product/8644429349063,QUEUED
gid://shopify/Product/8644429381831,QUEUED
gid://shopify/Product/8646042190023,QUEUED
gid://shopify/Product/8644429086919,QUEUED
gid://shopify/Product/8646042222791,QUEUED
gid://shopify/Product/8644429119687,QUEUED
gid://shopify/Product/8646042255559,QUEUED
gid://shopify/Product/8644429152455,QUEUED
gid://shopify/Product/8644404347079,QUEUED
gid://shopify/Product/8644404314311,QUEUED
gid://shopify/Product/8644404248775,QUEUED
gid://shopify/Product/8644404216007,QUEUED
gid://shopify/Product/8644404183239,QUEUED
gid://shopify/Product/8644404150471,QUEUED
gid://shopify/Product/8644404510919,QUEUED
gid://shopify/Product/8644428890311,QUEUED
gid://shopify/Product/8644428923079,QUEUED
gid://shopify/Product/8644404543687,QUEUED
gid://shopify/Product/8644404576455,QUEUED
gid://shopify/Product/8644428562631,QUEUED
gid://shopify/Product/8644428595399,QUEUED
gid://shopify/Product/8644428660935,QUEUED
gid://shopify/Product/8644428693703,QUEUED
gid://shopify/Product/8644428726471,QUEUED
gid://shopify/Product/8646042353863,QUEUED
gid://shopify/Product/8644428333255,QUEUED
gid://shopify/Product/8644428366023,QUEUED
gid://shopify/Product/8644428398791,QUEUED
gid://shopify/Product/8644428431559,QUEUED
gid://shopify/Product/8644428464327,QUEUED
gid://shopify/Product/8644428497095,QUEUED
gid://shopify/Product/8644404674759,QUEUED
gid://shopify/Product/8644404707527,QUEUED
gid://shopify/Product/8644428267719,QUEUED
gid://shopify/Product/8644428300487,QUEUED
gid://shopify/Product/8646042386631,QUEUED
gid://shopify/Product/8646042419399,QUEUED
gid://shopify/Product/8646042452167,QUEUED
gid://shopify/Product/8644427972807,QUEUED
gid://shopify/Product/8644428005575,QUEUED
gid://shopify/Product/8644428038343,QUEUED
gid://shopify/Product/8644428071111,QUEUED
gid://shopify/Product/8644428103879,QUEUED
gid://shopify/Product/8644428136647,QUEUED
gid://shopify/Product/8644428169415,QUEUED
gid://shopify/Product/8644428202183,QUEUED
gid://shopify/Product/8646042484935,QUEUED
gid://shopify/Product/8646042517703,QUEUED
gid://shopify/Product/8644404936903,QUEUED
gid://shopify/Product/8644405002439,QUEUED
gid://shopify/Product/8644405035207,QUEUED
gid://shopify/Product/8644361519303,QUEUED
gid://shopify/Product/8644361552071,QUEUED
gid://shopify/Product/8644427808967,QUEUED
gid://shopify/Product/8644405100743,QUEUED
gid://shopify/Product/8644427743431,QUEUED
gid://shopify/Product/8644427710663,QUEUED
gid://shopify/Product/8644427481287,QUEUED
gid://shopify/Product/8644427514055,QUEUED
gid://shopify/Product/8644427579591,QUEUED
gid://shopify/Product/8644427645127,QUEUED
gid://shopify/Product/8644427677895,QUEUED
gid://shopify/Product/8644405330119,QUEUED
gid://shopify/Product/8644405362887,QUEUED
gid://shopify/Product/8644405428423,QUEUED
gid://shopify/Product/8644405461191,QUEUED
gid://shopify/Product/8646042550471,QUEUED
gid://shopify/Product/8646042616007,QUEUED
gid://shopify/Product/8646042648775,QUEUED
gid://shopify/Product/8644405526727,QUEUED
gid://shopify/Product/8646042681543,QUEUED
gid://shopify/Product/8646042714311,QUEUED
gid://shopify/Product/8644405592263,QUEUED
gid://shopify/Product/8644405657799,QUEUED
gid://shopify/Product/8644405133511,QUEUED
gid://shopify/Product/8644404969671,QUEUED
gid://shopify/Product/8644404871367,QUEUED
gid://shopify/Product/8644404740295,QUEUED
gid://shopify/Product/8644427153607,QUEUED
gid://shopify/Product/8644427186375,QUEUED
gid://shopify/Product/8644427219143,QUEUED
gid://shopify/Product/8644427251911,QUEUED
gid://shopify/Product/8644427284679,QUEUED
gid://shopify/Product/8644427350215,QUEUED
gid://shopify/Product/8644426989767,QUEUED
gid://shopify/Product/8644427022535,QUEUED
gid://shopify/Product/8644427055303,QUEUED
gid://shopify/Product/8644427088071,QUEUED
gid://shopify/Product/8644427120839,QUEUED
gid://shopify/Product/8644426891463,QUEUED
gid://shopify/Product/8644426858695,QUEUED
gid://shopify/Product/8645464162503,QUEUED
gid://shopify/Product/8644404609223,QUEUED
gid://shopify/Product/8644404412615,QUEUED
gid://shopify/Product/8646042747079,QUEUED
gid://shopify/Product/8646042779847,QUEUED
gid://shopify/Product/8644426825927,QUEUED
gid://shopify/Product/8644426793159,QUEUED
gid://shopify/Product/8644426727623,QUEUED
gid://shopify/Product/8644426760391,QUEUED
gid://shopify/Product/8644426662087,QUEUED
gid://shopify/Product/8644426629319,QUEUED
gid://shopify/Product/8644426432711,QUEUED
gid://shopify/Product/8644426399943,QUEUED
gid://shopify/Product/8646042812615,QUEUED
gid://shopify/Product/8646042845383,QUEUED
gid://shopify/Product/8644426301639,QUEUED
gid://shopify/Product/8644426236103,QUEUED
gid://shopify/Product/8644426268871,QUEUED
gid://shopify/Product/8644404084935,QUEUED
gid://shopify/Product/8644426137799,QUEUED
gid://shopify/Product/8644426170567,QUEUED
gid://shopify/Product/8644403986631,QUEUED
gid://shopify/Product/8644426006727,QUEUED
gid://shopify/Product/8644426039495,QUEUED
gid://shopify/Product/8644426072263,QUEUED
gid://shopify/Product/8644425875655,QUEUED
gid://shopify/Product/8644425908423,QUEUED
gid://shopify/Product/8644425941191,QUEUED
gid://shopify/Product/8644425973959,QUEUED
gid://shopify/Product/8644425842887,QUEUED
gid://shopify/Product/8644425613511,QUEUED
gid://shopify/Product/8644425646279,QUEUED
gid://shopify/Product/8644403855559,QUEUED
gid://shopify/Product/8644403790023,QUEUED
gid://shopify/Product/8644403626183,QUEUED
gid://shopify/Product/8644403560647,QUEUED
gid://shopify/Product/8644403429575,QUEUED
gid://shopify/Product/8644403396807,QUEUED
gid://shopify/Product/8644425547975,QUEUED
gid://shopify/Product/8644425580743,QUEUED
gid://shopify/Product/8644403298503,QUEUED
gid://shopify/Product/8644403265735,QUEUED
gid://shopify/Product/8644403036359,QUEUED
gid://shopify/Product/8644425416903,QUEUED
gid://shopify/Product/8644425449671,QUEUED
gid://shopify/Product/8644425515207,QUEUED
gid://shopify/Product/8644361584839,QUEUED
gid://shopify/Product/8644425384135,QUEUED
gid://shopify/Product/8644425351367,QUEUED
gid://shopify/Product/8644361617607,QUEUED
gid://shopify/Product/8644361650375,QUEUED
gid://shopify/Product/8644361683143,QUEUED
gid://shopify/Product/8644361715911,QUEUED
gid://shopify/Product/8644425253063,QUEUED
gid://shopify/Product/8644425285831,QUEUED
gid://shopify/Product/8644425318599,QUEUED
gid://shopify/Product/8644425187527,QUEUED
gid://shopify/Product/8644402577607,QUEUED
gid://shopify/Product/8644425089223,QUEUED
gid://shopify/Product/8644425121991,QUEUED
gid://shopify/Product/8644425154759,QUEUED
gid://shopify/Product/8644361748679,QUEUED
gid://shopify/Product/8644361814215,QUEUED
gid://shopify/Product/8644361879751,QUEUED
gid://shopify/Product/8644361945287,QUEUED
gid://shopify/Product/8644361978055,QUEUED
gid://shopify/Product/8644395991239,QUEUED
gid://shopify/Product/8644396024007,QUEUED
gid://shopify/Product/8644396056775,QUEUED
gid://shopify/Product/8644396089543,QUEUED
gid://shopify/Product/8644396122311,QUEUED
gid://shopify/Product/8644396155079,QUEUED
gid://shopify/Product/8644396187847,QUEUED
gid://shopify/Product/8644396253383,QUEUED
gid://shopify/Product/8644730650823,QUEUED
gid://shopify/Product/8644730683591,QUEUED
gid://shopify/Product/8644730716359,QUEUED
gid://shopify/Product/8644396548295,QUEUED
gid://shopify/Product/8644424892615,QUEUED
gid://shopify/Product/8644424925383,QUEUED
gid://shopify/Product/8644362043591,QUEUED
gid://shopify/Product/8644362076359,QUEUED
gid://shopify/Product/8644362109127,QUEUED
gid://shopify/Product/8644362141895,QUEUED
gid://shopify/Product/8644362174663,QUEUED
gid://shopify/Product/8644424761543,QUEUED
gid://shopify/Product/8644362207431,QUEUED
gid://shopify/Product/8644362240199,QUEUED
gid://shopify/Product/8644424696007,QUEUED
gid://shopify/Product/8644362272967,QUEUED
gid://shopify/Product/8644424466631,QUEUED
gid://shopify/Product/8644424499399,QUEUED
gid://shopify/Product/8644362305735,QUEUED
gid://shopify/Product/8644424138951,QUEUED
gid://shopify/Product/8644424171719,QUEUED
gid://shopify/Product/8644424204487,QUEUED
gid://shopify/Product/8644424237255,QUEUED
gid://shopify/Product/8644424270023,QUEUED
gid://shopify/Product/8644424302791,QUEUED
gid://shopify/Product/8644424335559,QUEUED
gid://shopify/Product/8644362338503,QUEUED
gid://shopify/Product/8644424073415,QUEUED
gid://shopify/Product/8644424007879,QUEUED
gid://shopify/Product/8644423680199,QUEUED
gid://shopify/Product/8644423745735,QUEUED
gid://shopify/Product/8644423778503,QUEUED
gid://shopify/Product/8644362371271,QUEUED
gid://shopify/Product/8644362404039,QUEUED
gid://shopify/Product/8644423516359,QUEUED
gid://shopify/Product/8644423581895,QUEUED
gid://shopify/Product/8644423647431,QUEUED
gid://shopify/Product/8644362436807,QUEUED
gid://shopify/Product/8644423188679,QUEUED
gid://shopify/Product/8644423221447,QUEUED
gid://shopify/Product/8644423254215,QUEUED
gid://shopify/Product/8644423385287,QUEUED
gid://shopify/Product/8644423418055,QUEUED
gid://shopify/Product/8645874614471,QUEUED
gid://shopify/Product/8644422959303,QUEUED
gid://shopify/Product/8644422992071,QUEUED
PUJ1-711.024,NOT_FOUND
PUJ1-711.026,NOT_FOUND
PUJ1-711.028,NOT_FOUND
PUJ1-711.030,NOT_FOUND
PUJ1-711.032,NOT_FOUND
PUJ1-712.022,NOT_FOUND
PUJ1-713.075,NOT_FOUND
PUJ1-714.075,NOT_FOUND
PUJ1-715.006,NOT_FOUND
PUJ1-716.008,NOT_FOUND
PUJ1-716.009,NOT_FOUND
PUJ1-716.010,NOT_FOUND
PUJ1-716.011,NOT_FOUND
PUJ1-716.012,NOT_FOUND
PUJ1-717.008,NOT_FOUND
PUJ1-717.010,NOT_FOUND
PUJ1-718.006,NOT_FOUND
PUJ1-718.007,NOT_FOUND
PUJ1-718.008,NOT_FOUND
PUJ1-718.010,NOT_FOUND
PUJ1-719.009,NOT_FOUND
PUJ1-720.006,NOT_FOUND
PUJ1-720.007,NOT_FOUND
PUJ1-720.008,NOT_FOUND
PUJ1-720.009,NOT_FOUND
PUJ1-720.010,NOT_FOUND
PUJ1-720.012,NOT_FOUND
PUJ1-721.006,NOT_FOUND
PUJ1-721.007,NOT_FOUND
PUJ1-721.008,NOT_FOUND
PUJ1-721.009,NOT_FOUND
PUJ1-721.010,NOT_FOUND
PUJ1-722.000,NOT_FOUND
PUJ1-723.024,NOT_FOUND
PUJ1-723.028,NOT_FOUND
PUJ1-724.016,NOT_FOUND
PUJ1-724.018,NOT_FOUND
PUJ1-724.020,NOT_FOUND
PUJ1-732.000,NOT_FOUND
PUJ1-733.000,NOT_FOUND
PUJ1-740.045,NOT_FOUND
PUJ1-741.035,NOT_FOUND
PUJ1-743.045,NOT_FOUND
PUJ1-744.035,NOT_FOUND
PUJ1-745.070,NOT_FOUND
PUJ1-746.035,NOT_FOUND
PUJ1-747.040,NOT_FOUND
PUJ1-748.050,NOT_FOUND
PUJ1-749.060,NOT_FOUND
PUJ1-750.045,NOT_FOUND
gid://shopify/Product/8644363190471,QUEUED
gid://shopify/Product/8646042878151,QUEUED
gid://shopify/Product/8646042910919,QUEUED
gid://shopify/Product/8646042943687,QUEUED
gid://shopify/Product/8646042976455,QUEUED
gid://shopify/Product/8646043009223,QUEUED
gid://shopify/Product/8644363223239,QUEUED
gid://shopify/Product/8646043074759,QUEUED
gid://shopify/Product/8646043107527,QUEUED
gid://shopify/Product/8646043140295,QUEUED
gid://shopify/Product/8644363256007,QUEUED
gid://shopify/Product/8644363288775,QUEUED
gid://shopify/Product/8644421124295,QUEUED
gid://shopify/Product/8644421058759,QUEUED
gid://shopify/Product/8644421025991,QUEUED
gid://shopify/Product/8644420829383,QUEUED
gid://shopify/Product/8644420894919,QUEUED
gid://shopify/Product/8644420337863,QUEUED
gid://shopify/Product/8644420370631,QUEUED
gid://shopify/Product/8644420206791,QUEUED
gid://shopify/Product/8644420174023,QUEUED
gid://shopify/Product/8644420141255,QUEUED
gid://shopify/Product/8644420108487,QUEUED
gid://shopify/Product/8644420075719,QUEUED
gid://shopify/Product/8644419813575,QUEUED
gid://shopify/Product/8644419846343,QUEUED
gid://shopify/Product/8644419387591,QUEUED
gid://shopify/Product/8644419420359,QUEUED
gid://shopify/Product/8644419453127,QUEUED
gid://shopify/Product/8644419485895,QUEUED
gid://shopify/Product/8644418896071,QUEUED
gid://shopify/Product/8644418928839,QUEUED
gid://shopify/Product/8644418961607,QUEUED
gid://shopify/Product/8644418699463,QUEUED
gid://shopify/Product/8644418732231,QUEUED
gid://shopify/Product/8644418764999,QUEUED
gid://shopify/Product/8644418568391,QUEUED
gid://shopify/Product/8644418601159,QUEUED
gid://shopify/Product/8644418633927,QUEUED
gid://shopify/Product/8644418666695,QUEUED
gid://shopify/Product/8644415750343,QUEUED
gid://shopify/Product/8644415783111,QUEUED
gid://shopify/Product/8644415815879,QUEUED
gid://shopify/Product/8644415848647,QUEUED
gid://shopify/Product/8644415914183,QUEUED
gid://shopify/Product/8644415946951,QUEUED
gid://shopify/Product/8644416012487,QUEUED
gid://shopify/Product/8644416078023,QUEUED
gid://shopify/Product/8644415291591,QUEUED
gid://shopify/Product/8644415324359,QUEUED
gid://shopify/Product/8644415357127,QUEUED
gid://shopify/Product/8644414701767,QUEUED
gid://shopify/Product/8644414767303,QUEUED
gid://shopify/Product/8644414800071,QUEUED
gid://shopify/Product/8644414865607,QUEUED
gid://shopify/Product/8644414898375,QUEUED
gid://shopify/Product/8644414963911,QUEUED
gid://shopify/Product/8644415029447,QUEUED
gid://shopify/Product/8644415062215,QUEUED
gid://shopify/Product/8644415127751,QUEUED
gid://shopify/Product/8644415160519,QUEUED
gid://shopify/Product/8644415193287,QUEUED
gid://shopify/Product/8644414243015,QUEUED
gid://shopify/Product/8644414275783,QUEUED
gid://shopify/Product/8644414308551,QUEUED
gid://shopify/Product/8644414341319,QUEUED
gid://shopify/Product/8644414374087,QUEUED
gid://shopify/Product/8644414406855,QUEUED
gid://shopify/Product/8644414439623,QUEUED
gid://shopify/Product/8644414472391,QUEUED
gid://shopify/Product/8644414505159,QUEUED
gid://shopify/Product/8644414537927,QUEUED
gid://shopify/Product/8644414570695,QUEUED
gid://shopify/Product/8644414603463,QUEUED
gid://shopify/Product/8644414636231,QUEUED
gid://shopify/Product/8644414079175,QUEUED
gid://shopify/Product/8644414111943,QUEUED
gid://shopify/Product/8644414144711,QUEUED
gid://shopify/Product/8644414177479,QUEUED
gid://shopify/Product/8644414210247,QUEUED
gid://shopify/Product/8644413096135,QUEUED
gid://shopify/Product/8644413128903,QUEUED
gid://shopify/Product/8644363419847,QUEUED
gid://shopify/Product/8644363452615,QUEUED
gid://shopify/Product/8644413030599,QUEUED
gid://shopify/Product/8644413063367,QUEUED
gid://shopify/Product/8644412506311,QUEUED
gid://shopify/Product/8644412637383,QUEUED
gid://shopify/Product/8644412670151,QUEUED
gid://shopify/Product/8644412702919,QUEUED
gid://shopify/Product/8644412735687,QUEUED
gid://shopify/Product/8644412801223,QUEUED
gid://shopify/Product/8644412833991,QUEUED
gid://shopify/Product/8644412866759,QUEUED
gid://shopify/Product/8644412899527,QUEUED
gid://shopify/Product/8644363485383,QUEUED
gid://shopify/Product/8644363518151,QUEUED
gid://shopify/Product/8646043238599,QUEUED
gid://shopify/Product/8646043271367,QUEUED
gid://shopify/Product/8644363616455,QUEUED
gid://shopify/Product/8644411392199,QUEUED
gid://shopify/Product/8644411424967,QUEUED
gid://shopify/Product/8644411523271,QUEUED
gid://shopify/Product/8644411588807,QUEUED
gid://shopify/Product/8644411687111,QUEUED
gid://shopify/Product/8644411719879,QUEUED
gid://shopify/Product/8644411752647,QUEUED
gid://shopify/Product/8644411785415,QUEUED
gid://shopify/Product/8644410835143,QUEUED
gid://shopify/Product/8644410867911,QUEUED
gid://shopify/Product/8644410933447,QUEUED
gid://shopify/Product/8644411031751,QUEUED
gid://shopify/Product/8644411097287,QUEUED
gid://shopify/Product/8644411162823,QUEUED
gid://shopify/Product/8644411195591,QUEUED
gid://shopify/Product/8644411261127,QUEUED
gid://shopify/Product/8644411326663,QUEUED
gid://shopify/Product/8644410540231,QUEUED
gid://shopify/Product/8644410572999,QUEUED
gid://shopify/Product/8644410638535,QUEUED
gid://shopify/Product/8644410736839,QUEUED
gid://shopify/Product/8644410802375,QUEUED
gid://shopify/Product/8644410376391,QUEUED
gid://shopify/Product/8644410409159,QUEUED
gid://shopify/Product/8644410507463,QUEUED
gid://shopify/Product/8644363649223,QUEUED
gid://shopify/Product/8644410114247,QUEUED
gid://shopify/Product/8644410147015,QUEUED
gid://shopify/Product/8644410179783,QUEUED
gid://shopify/Product/8644410212551,QUEUED
gid://shopify/Product/8644410245319,QUEUED
gid://shopify/Product/8644410310855,QUEUED
gid://shopify/Product/8644410048711,QUEUED
gid://shopify/Product/8644409884871,QUEUED
gid://shopify/Product/8644409950407,QUEUED
gid://shopify/Product/8644409721031,QUEUED
gid://shopify/Product/8644409753799,QUEUED
gid://shopify/Product/8644409786567,QUEUED
gid://shopify/Product/8644363681991,QUEUED
gid://shopify/Product/8644363714759,QUEUED
gid://shopify/Product/8644363747527,QUEUED
gid://shopify/Product/8644363780295,QUEUED
gid://shopify/Product/8644363813063,QUEUED
gid://shopify/Product/8644363878599,QUEUED
gid://shopify/Product/8644409393351,QUEUED
gid://shopify/Product/8645465407687,QUEUED
gid://shopify/Product/8644409426119,QUEUED
gid://shopify/Product/8644409458887,QUEUED
gid://shopify/Product/8644409491655,QUEUED
gid://shopify/Product/8646043304135,QUEUED
gid://shopify/Product/8644363911367,QUEUED
gid://shopify/Product/8644363976903,QUEUED
gid://shopify/Product/8644409131207,QUEUED
gid://shopify/Product/8644409327815,QUEUED
gid://shopify/Product/8644364075207,QUEUED
gid://shopify/Product/8644364107975,QUEUED
gid://shopify/Product/8644364140743,QUEUED
gid://shopify/Product/8644364206279,QUEUED
gid://shopify/Product/8644364239047,QUEUED
gid://shopify/Product/8644407820487,QUEUED
gid://shopify/Product/8644407853255,QUEUED
gid://shopify/Product/8644407886023,QUEUED
gid://shopify/Product/8644407918791,QUEUED
gid://shopify/Product/8644407984327,QUEUED
gid://shopify/Product/8644407558343,QUEUED
gid://shopify/Product/8644407591111,QUEUED
gid://shopify/Product/8644407623879,QUEUED
gid://shopify/Product/8644407656647,QUEUED
gid://shopify/Product/8644407689415,QUEUED
gid://shopify/Product/8644407722183,QUEUED
gid://shopify/Product/8644364271815,QUEUED
gid://shopify/Product/8644364304583,QUEUED
gid://shopify/Product/8644364337351,QUEUED
gid://shopify/Product/8644364370119,QUEUED
gid://shopify/Product/8644364402887,QUEUED
gid://shopify/Product/8644364435655,QUEUED
gid://shopify/Product/8644364468423,QUEUED
gid://shopify/Product/8644364501191,QUEUED
gid://shopify/Product/8644364533959,QUEUED
gid://shopify/Product/8644364566727,QUEUED
gid://shopify/Product/8644364599495,QUEUED
gid://shopify/Product/8644407525575,QUEUED
gid://shopify/Product/8644407492807,QUEUED
gid://shopify/Product/8644407460039,QUEUED
gid://shopify/Product/8644364632263,QUEUED
gid://shopify/Product/8644364697799,QUEUED
gid://shopify/Product/8644364796103,QUEUED
gid://shopify/Product/8644364861639,QUEUED
gid://shopify/Product/8646043828423,QUEUED
gid://shopify/Product/8646043861191,QUEUED
gid://shopify/Product/8646043926727,QUEUED
gid://shopify/Product/8644406902983,QUEUED
gid://shopify/Product/8644406935751,QUEUED
gid://shopify/Product/8644406968519,QUEUED
gid://shopify/Product/8644407001287,QUEUED
gid://shopify/Product/8644406771911,QUEUED
gid://shopify/Product/8644406804679,QUEUED
gid://shopify/Product/8644406837447,QUEUED
gid://shopify/Product/8644406870215,QUEUED
gid://shopify/Product/8644406640839,QUEUED
gid://shopify/Product/8644406673607,QUEUED
gid://shopify/Product/8644406706375,QUEUED
gid://shopify/Product/8644406739143,QUEUED
gid://shopify/Product/8644406411463,QUEUED
gid://shopify/Product/8644406476999,QUEUED
gid://shopify/Product/8644406542535,QUEUED
gid://shopify/Product/8644405952711,QUEUED
gid://shopify/Product/8644405985479,QUEUED
gid://shopify/Product/8644406018247,QUEUED
gid://shopify/Product/8644406083783,QUEUED
gid://shopify/Product/8644406116551,QUEUED
gid://shopify/Product/8644405919943,QUEUED
gid://shopify/Product/8644405887175,QUEUED
gid://shopify/Product/8644405854407,QUEUED
gid://shopify/Product/8644365222087,QUEUED
gid://shopify/Product/8644696637639,QUEUED
gid://shopify/Product/8644696670407,QUEUED
gid://shopify/Product/8644696703175,QUEUED
gid://shopify/Product/8644696735943,QUEUED
gid://shopify/Product/8644696768711,QUEUED
gid://shopify/Product/8644696867015,QUEUED
gid://shopify/Product/8644696899783,QUEUED
gid://shopify/Product/8644696932551,QUEUED
gid://shopify/Product/8644696965319,QUEUED
gid://shopify/Product/8644696998087,QUEUED
gid://shopify/Product/8644697030855,QUEUED
gid://shopify/Product/8644697260231,QUEUED
gid://shopify/Product/8644697227463,QUEUED
gid://shopify/Product/8644697194695,QUEUED
gid://shopify/Product/8644697161927,QUEUED
gid://shopify/Product/8644697129159,QUEUED
gid://shopify/Product/8644697096391,QUEUED
gid://shopify/Product/8644697063623,QUEUED
gid://shopify/Product/8644697292999,QUEUED
gid://shopify/Product/8644697325767,QUEUED
gid://shopify/Product/8644697358535,QUEUED
gid://shopify/Product/8644697391303,QUEUED
gid://shopify/Product/8644697456839,QUEUED
gid://shopify/Product/8644697424071,QUEUED
gid://shopify/Product/8644697489607,QUEUED
gid://shopify/Product/8644697522375,QUEUED
gid://shopify/Product/8644697555143,QUEUED
gid://shopify/Product/8644697587911,QUEUED
gid://shopify/Product/8644697620679,QUEUED
gid://shopify/Product/8644697653447,QUEUED
gid://shopify/Product/8644697686215,QUEUED
gid://shopify/Product/8644697751751,QUEUED
gid://shopify/Product/8644697784519,QUEUED
gid://shopify/Product/8644697817287,QUEUED
gid://shopify/Product/8644697850055,QUEUED
gid://shopify/Product/8644697882823,QUEUED
gid://shopify/Product/8644697915591,QUEUED
gid://shopify/Product/8644697718983,QUEUED
gid://shopify/Product/8644697948359,QUEUED
gid://shopify/Product/8644697981127,QUEUED
gid://shopify/Product/8644698013895,QUEUED
gid://shopify/Product/8644698046663,QUEUED
gid://shopify/Product/8644698079431,QUEUED
gid://shopify/Product/8644698112199,QUEUED
gid://shopify/Product/8644698144967,QUEUED
gid://shopify/Product/8644667113671,QUEUED
gid://shopify/Product/8644383310023,QUEUED
gid://shopify/Product/8644383342791,QUEUED
gid://shopify/Product/8644365713607,QUEUED
gid://shopify/Product/8644365746375,QUEUED
gid://shopify/Product/8644365779143,QUEUED
gid://shopify/Product/8644365811911,QUEUED
gid://shopify/Product/8644365844679,QUEUED
gid://shopify/Product/8644365877447,QUEUED
gid://shopify/Product/8644365910215,QUEUED
gid://shopify/Product/8644365942983,QUEUED
gid://shopify/Product/8644365975751,QUEUED
gid://shopify/Product/8644366008519,QUEUED
gid://shopify/Product/8644366041287,QUEUED
gid://shopify/Product/8644366106823,QUEUED
gid://shopify/Product/8644366139591,QUEUED
gid://shopify/Product/8644366172359,QUEUED
gid://shopify/Product/8644366205127,QUEUED
gid://shopify/Product/8644366237895,QUEUED
gid://shopify/Product/8644366270663,QUEUED
gid://shopify/Product/8644366467271,QUEUED
gid://shopify/Product/8644366500039,QUEUED
gid://shopify/Product/8644366565575,QUEUED
gid://shopify/Product/8644366598343,QUEUED
gid://shopify/Product/8644366663879,QUEUED
gid://shopify/Product/8644366696647,QUEUED
gid://shopify/Product/8644366729415,QUEUED
gid://shopify/Product/8644366762183,QUEUED
gid://shopify/Product/8644366893255,QUEUED
gid://shopify/Product/8645880905927,QUEUED
gid://shopify/Product/8644698538183,QUEUED
gid://shopify/Product/8644698603719,QUEUED
gid://shopify/Product/8644698636487,QUEUED
gid://shopify/Product/8644366926023,QUEUED
gid://shopify/Product/8644698669255,QUEUED
gid://shopify/Product/8644698702023,QUEUED
gid://shopify/Product/8644698734791,QUEUED
gid://shopify/Product/8644698767559,QUEUED
gid://shopify/Product/8644698800327,QUEUED
gid://shopify/Product/8644366958791,QUEUED
gid://shopify/Product/8644698833095,QUEUED
gid://shopify/Product/8644698865863,QUEUED
gid://shopify/Product/8644698898631,QUEUED
gid://shopify/Product/8644366991559,QUEUED
gid://shopify/Product/8644367024327,QUEUED
gid://shopify/Product/8644367057095,QUEUED
gid://shopify/Product/8644367089863,QUEUED
gid://shopify/Product/8644367122631,QUEUED
gid://shopify/Product/8644367155399,QUEUED
gid://shopify/Product/8644367319239,QUEUED
gid://shopify/Product/8644367352007,QUEUED
gid://shopify/Product/8644367384775,QUEUED
gid://shopify/Product/8644367417543,QUEUED
gid://shopify/Product/8644367450311,QUEUED
gid://shopify/Product/8644367483079,QUEUED
gid://shopify/Product/8644367515847,QUEUED
gid://shopify/Product/8644367548615,QUEUED
gid://shopify/Product/8644367581383,QUEUED
TAC1-8032-R,NOT_FOUND
TAC1-8032-W,NOT_FOUND
TAC1-8032-X,NOT_FOUND
gid://shopify/Product/8644367712455,QUEUED
gid://shopify/Product/8644367745223,QUEUED
gid://shopify/Product/8644367777991,QUEUED
gid://shopify/Product/8644367810759,QUEUED
gid://shopify/Product/8644367843527,QUEUED
gid://shopify/Product/8644367909063,QUEUED
gid://shopify/Product/8645881004231,QUEUED
gid://shopify/Product/8644698472647,QUEUED
gid://shopify/Product/8644367974599,QUEUED
gid://shopify/Product/8644368007367,QUEUED
gid://shopify/Product/8644699390151,QUEUED
gid://shopify/Product/8644368040135,QUEUED
gid://shopify/Product/8644699422919,QUEUED
gid://shopify/Product/8644699455687,QUEUED
gid://shopify/Product/8644699488455,QUEUED
gid://shopify/Product/8644368072903,QUEUED
gid://shopify/Product/8644368105671,QUEUED
gid://shopify/Product/8644368138439,QUEUED
gid://shopify/Product/8644368171207,QUEUED
gid://shopify/Product/8644368203975,QUEUED
gid://shopify/Product/8645881200839,QUEUED
gid://shopify/Product/8646059458759,QUEUED
gid://shopify/Product/8646059491527,QUEUED
gid://shopify/Product/8646059524295,QUEUED
gid://shopify/Product/8644368236743,QUEUED
gid://shopify/Product/8646059557063,QUEUED
gid://shopify/Product/8646059589831,QUEUED
gid://shopify/Product/8646059655367,QUEUED
gid://shopify/Product/8645881266375,QUEUED
TAC1-CB1824GNB,NOT_FOUND
TAC1-CB1824RA,NOT_FOUND
TAC1-CB1824RB,NOT_FOUND
TAC1-CB1824WA,NOT_FOUND
TAC1-CB1824WB,NOT_FOUND
TAC1-CB1824YA,NOT_FOUND
TAC1-CB1824YB,NOT_FOUND
TAC1-FFD8,NOT_FOUND
TAC1-FFR8,NOT_FOUND
TAC1-H752BK,NOT_FOUND
TAC1-N32A-BR,NOT_FOUND
TAC1-N32LPA-G,NOT_FOUND
TAC1-N32LPA-OR,NOT_FOUND
TAC1-N32LPA-R,NOT_FOUND
TAC1-N32LPA-W,NOT_FOUND
TAC1-N32LPA-Y,NOT_FOUND
NTS1-DB-L,NOT_FOUND
NTS1-DB-S,NOT_FOUND
NTS1-WDV-15L,NOT_FOUND
NTS1-WDV-30L,NOT_FOUND
NTS1-WDV-60L,NOT_FOUND
NTS1-WDV-80L,NOT_FOUND
BER1-BJY-IK30A,NOT_FOUND
BER1-BJY-IK40A,NOT_FOUND
NTS1-BL-900,NOT_FOUND
NTS1-EFM-5L,NOT_FOUND
NTS1-GCM-2700,NOT_FOUND
NTS1-MBM-175,NOT_FOUND
NTS1-MBM-175-CB,NOT_FOUND
NTS1-MBM-175-FB,NOT_FOUND
NTS1-P17-BK,NOT_FOUND
NTS1-P17-WH,NOT_FOUND
NTS1-PLM-24,NOT_FOUND
NTS1-MT-20L,NOT_FOUND
NTS1-MT-30L,NOT_FOUND
NTS1-MT-35L-2B,NOT_FOUND
NTS1-MT-35L-3B,NOT_FOUND
NTS1-MT-40L,NOT_FOUND
NTS1-MT-43L-2B,NOT_FOUND
NTS1-MT-50L,NOT_FOUND
NTS1-RS-PT,NOT_FOUND
NTS1-SB-CL,NOT_FOUND
NTS1-SB-WF,NOT_FOUND
NTS1-SSG-22L,NOT_FOUND
NTS1-SSG-30L,NOT_FOUND
NTS1-SSG-30L-22,NOT_FOUND
NTS1-MOP-CL,NOT_FOUND
NTS1-MOP-CL-G,NOT_FOUND
NTS1-MOP-LO-24S,NOT_FOUND
NTS1-MOP-LO-42S,NOT_FOUND
gid://shopify/Product/8644450386119,QUEUED
gid://shopify/Product/8644450353351,QUEUED
gid://shopify/Product/8644450320583,QUEUED
gid://shopify/Product/8644450287815,QUEUED
gid://shopify/Product/8644450255047,QUEUED
gid://shopify/Product/8644450222279,QUEUED
gid://shopify/Product/8644450189511,QUEUED
gid://shopify/Product/8644450156743,QUEUED
gid://shopify/Product/8644450091207,QUEUED
gid://shopify/Product/8644450058439,QUEUED
gid://shopify/Product/8644449992903,QUEUED
gid://shopify/Product/8644368957639,QUEUED
gid://shopify/Product/8644449960135,QUEUED
gid://shopify/Product/8644449927367,QUEUED
gid://shopify/Product/8645976129735,QUEUED
gid://shopify/Product/8645976162503,QUEUED
gid://shopify/Product/8644368990407,QUEUED
gid://shopify/Product/8644369023175,QUEUED
gid://shopify/Product/8644449829063,QUEUED
gid://shopify/Product/8645978292423,QUEUED
gid://shopify/Product/8645978325191,QUEUED
gid://shopify/Product/8644449763527,QUEUED
gid://shopify/Product/8644449697991,QUEUED
gid://shopify/Product/8644449665223,QUEUED
gid://shopify/Product/8644449632455,QUEUED
gid://shopify/Product/8644449599687,QUEUED
gid://shopify/Product/8644449861831,QUEUED
gid://shopify/Product/8644369055943,QUEUED
gid://shopify/Product/8644369088711,QUEUED
gid://shopify/Product/8644449566919,QUEUED
gid://shopify/Product/8644447862983,QUEUED
gid://shopify/Product/8645859082439,QUEUED
gid://shopify/Product/8644447961287,QUEUED
gid://shopify/Product/8644683038919,QUEUED
gid://shopify/Product/8644449534151,QUEUED
gid://shopify/Product/8645967544519,QUEUED
gid://shopify/Product/8644449468615,QUEUED
gid://shopify/Product/8645967577287,QUEUED
gid://shopify/Product/8644449435847,QUEUED
gid://shopify/Product/8644449403079,QUEUED
gid://shopify/Product/8644449370311,QUEUED
gid://shopify/Product/8644449337543,QUEUED
gid://shopify/Product/8644449304775,QUEUED
gid://shopify/Product/8644449239239,QUEUED
gid://shopify/Product/8645704614087,QUEUED
gid://shopify/Product/8644449206471,QUEUED
gid://shopify/Product/8644449173703,QUEUED
gid://shopify/Product/8644449140935,QUEUED
gid://shopify/Product/8644449108167,QUEUED
gid://shopify/Product/8644449042631,QUEUED
gid://shopify/Product/8644449009863,QUEUED
gid://shopify/Product/8644500390087,QUEUED
gid://shopify/Product/8644448977095,QUEUED
gid://shopify/Product/8644448944327,QUEUED
gid://shopify/Product/8644448911559,QUEUED
gid://shopify/Product/8644448846023,QUEUED
gid://shopify/Product/8644448813255,QUEUED
gid://shopify/Product/8644448780487,QUEUED
gid://shopify/Product/8644448747719,QUEUED
gid://shopify/Product/8644448714951,QUEUED
gid://shopify/Product/8644448583879,QUEUED
gid://shopify/Product/8644448649415,QUEUED
gid://shopify/Product/8644448682183,QUEUED
gid://shopify/Product/8644448518343,QUEUED
gid://shopify/Product/8645532025031,QUEUED
gid://shopify/Product/8645524095175,QUEUED
gid://shopify/Product/8645650940103,QUEUED
gid://shopify/Product/8645610438855,QUEUED
gid://shopify/Product/8645524127943,QUEUED
gid://shopify/Product/8645524291783,QUEUED
gid://shopify/Product/8645537071303,QUEUED
gid://shopify/Product/8645524324551,QUEUED
gid://shopify/Product/8645644353735,QUEUED
gid://shopify/Product/8645644386503,QUEUED
gid://shopify/Product/8645644452039,QUEUED
gid://shopify/Product/8644475257031,QUEUED
gid://shopify/Product/8644475224263,QUEUED
gid://shopify/Product/8644475191495,QUEUED
gid://shopify/Product/8644475158727,QUEUED
gid://shopify/Product/8645644517575,QUEUED
gid://shopify/Product/8646066438343,QUEUED
gid://shopify/Product/8646066503879,QUEUED
gid://shopify/Product/8645644583111,QUEUED
gid://shopify/Product/8645644681415,QUEUED
gid://shopify/Product/8645644714183,QUEUED
gid://shopify/Product/8645644746951,QUEUED
gid://shopify/Product/8645644812487,QUEUED
gid://shopify/Product/8645644976327,QUEUED
gid://shopify/Product/8646066569415,QUEUED
gid://shopify/Product/8645645107399,QUEUED
gid://shopify/Product/8644475322567,QUEUED
gid://shopify/Product/8645645205703,QUEUED
TOP1-98001-2,NOT_FOUND
gid://shopify/Product/8645699109063,QUEUED
gid://shopify/Product/8645645336775,QUEUED
gid://shopify/Product/8645645402311,QUEUED
gid://shopify/Product/8645645795527,QUEUED
gid://shopify/Product/8645645861063,QUEUED
gid://shopify/Product/8645645926599,QUEUED
gid://shopify/Product/8645646123207,QUEUED
gid://shopify/Product/8645646221511,QUEUED
gid://shopify/Product/8646066602183,QUEUED
gid://shopify/Product/8645645140167,QUEUED
gid://shopify/Product/8645647827143,QUEUED
gid://shopify/Product/8645646549191,QUEUED
gid://shopify/Product/8645646450887,QUEUED
gid://shopify/Product/8646066733255,QUEUED
gid://shopify/Product/8645603655879,QUEUED
gid://shopify/Product/8644477452487,QUEUED
gid://shopify/Product/8645560205511,QUEUED
gid://shopify/Product/8644477419719,QUEUED
gid://shopify/Product/8645646680263,QUEUED
gid://shopify/Product/8644477518023,QUEUED
gid://shopify/Product/8644477485255,QUEUED
gid://shopify/Product/8644474699975,QUEUED
gid://shopify/Product/8645542969543,QUEUED
gid://shopify/Product/8645646876871,QUEUED
gid://shopify/Product/8645646942407,QUEUED
gid://shopify/Product/8645647007943,QUEUED
gid://shopify/Product/8645647073479,QUEUED
gid://shopify/Product/8645644124359,QUEUED
gid://shopify/Product/8646066798791,QUEUED
gid://shopify/Product/8646066864327,QUEUED
gid://shopify/Product/8645655003335,QUEUED
gid://shopify/Product/8646066897095,QUEUED
gid://shopify/Product/8645647106247,QUEUED
gid://shopify/Product/8646066962631,QUEUED
gid://shopify/Product/8645643960519,QUEUED
gid://shopify/Product/8644477550791,QUEUED
gid://shopify/Product/8646067093703,QUEUED
gid://shopify/Product/8646067126471,QUEUED
gid://shopify/Product/8645647171783,QUEUED
gid://shopify/Product/8645647237319,QUEUED
gid://shopify/Product/8645647302855,QUEUED
gid://shopify/Product/8646067192007,QUEUED
gid://shopify/Product/8646067224775,QUEUED
gid://shopify/Product/8646067290311,QUEUED
gid://shopify/Product/8646067323079,QUEUED
gid://shopify/Product/8645647433927,QUEUED
gid://shopify/Product/8645647368391,QUEUED
gid://shopify/Product/8644477616327,QUEUED
gid://shopify/Product/8644691951815,QUEUED
gid://shopify/Product/8645647499463,QUEUED
gid://shopify/Product/8646067388615,QUEUED
gid://shopify/Product/8645647532231,QUEUED
gid://shopify/Product/8646067421383,QUEUED
gid://shopify/Product/8646067454151,QUEUED
gid://shopify/Product/8644536926407,QUEUED
gid://shopify/Product/8644475289799,QUEUED
gid://shopify/Product/8645704155335,QUEUED
gid://shopify/Product/8644477681863,QUEUED
gid://shopify/Product/8644477714631,QUEUED
gid://shopify/Product/8644474732743,QUEUED
gid://shopify/Product/8644691984583,QUEUED
gid://shopify/Product/8644477649095,QUEUED
gid://shopify/Product/8644692017351,QUEUED
gid://shopify/Product/8645470847175,QUEUED
gid://shopify/Product/8644474765511,QUEUED
gid://shopify/Product/8645533728967,QUEUED
gid://shopify/Product/8644474798279,QUEUED
gid://shopify/Product/8644477747399,QUEUED
gid://shopify/Product/8644474831047,QUEUED
gid://shopify/Product/8644474863815,QUEUED
gid://shopify/Product/8646067617991,QUEUED
gid://shopify/Product/8646067650759,QUEUED
gid://shopify/Product/8646067749063,QUEUED
gid://shopify/Product/8646067847367,QUEUED
gid://shopify/Product/8646067912903,QUEUED
gid://shopify/Product/8644477812935,QUEUED
gid://shopify/Product/8646068043975,QUEUED
gid://shopify/Product/8646068076743,QUEUED
gid://shopify/Product/8644477845703,QUEUED
gid://shopify/Product/8644474896583,QUEUED
gid://shopify/Product/8644787503303,QUEUED
gid://shopify/Product/8644474929351,QUEUED
gid://shopify/Product/8646068109511,QUEUED
gid://shopify/Product/8646068175047,QUEUED
gid://shopify/Product/8644477878471,QUEUED
gid://shopify/Product/8644477911239,QUEUED
gid://shopify/Product/8644786061511,QUEUED
gid://shopify/Product/8644786028743,QUEUED
gid://shopify/Product/8644477944007,QUEUED
gid://shopify/Product/8644474962119,QUEUED
gid://shopify/Product/8646068207815,QUEUED
gid://shopify/Product/8644477976775,QUEUED
gid://shopify/Product/8644478009543,QUEUED
gid://shopify/Product/8644478042311,QUEUED
gid://shopify/Product/8646068273351,QUEUED
gid://shopify/Product/8644478140615,QUEUED
gid://shopify/Product/8644478075079,QUEUED
gid://shopify/Product/8646068306119,QUEUED
gid://shopify/Product/8646068404423,QUEUED
gid://shopify/Product/8646068469959,QUEUED
gid://shopify/Product/8646068535495,QUEUED
gid://shopify/Product/8646068568263,QUEUED
gid://shopify/Product/8646068601031,QUEUED
gid://shopify/Product/8644478173383,QUEUED
gid://shopify/Product/8644478238919,QUEUED
gid://shopify/Product/8644478206151,QUEUED
gid://shopify/Product/8645883101383,QUEUED
gid://shopify/Product/8644475027655,QUEUED
gid://shopify/Product/8644692082887,QUEUED
gid://shopify/Product/8644478271687,QUEUED
gid://shopify/Product/8644692115655,QUEUED
gid://shopify/Product/8644475060423,QUEUED
gid://shopify/Product/8644475093191,QUEUED
gid://shopify/Product/8644475125959,QUEUED
gid://shopify/Product/8645883166919,QUEUED
gid://shopify/Product/8644492067015,QUEUED
gid://shopify/Product/8646068666567,QUEUED
gid://shopify/Product/8644692148423,QUEUED
gid://shopify/Product/8644692181191,QUEUED
gid://shopify/Product/8644692213959,QUEUED
gid://shopify/Product/8644692246727,QUEUED
gid://shopify/Product/8645524226247,QUEUED
gid://shopify/Product/8644492165319,QUEUED
gid://shopify/Product/8645850890439,QUEUED
gid://shopify/Product/8644685234375,QUEUED
gid://shopify/Product/8644773773511,QUEUED
gid://shopify/Product/8644685791431,QUEUED
gid://shopify/Product/8644685824199,QUEUED
gid://shopify/Product/8644685856967,QUEUED
gid://shopify/Product/8644685922503,QUEUED
gid://shopify/Product/8644685988039,QUEUED
gid://shopify/Product/8644778426567,QUEUED
gid://shopify/Product/8644778492103,QUEUED
gid://shopify/Product/8645941395655,QUEUED
gid://shopify/Product/8644784554183,QUEUED
gid://shopify/Product/8644744478919,QUEUED
gid://shopify/Product/8644493770951,QUEUED
gid://shopify/Product/8644746936519,QUEUED
gid://shopify/Product/8645852364999,QUEUED
gid://shopify/Product/8644686479559,QUEUED
gid://shopify/Product/8644747821255,QUEUED
gid://shopify/Product/8644747886791,QUEUED
gid://shopify/Product/8644747919559,QUEUED
gid://shopify/Product/8644747985095,QUEUED
gid://shopify/Product/8645942739143,QUEUED
gid://shopify/Product/8644748050631,QUEUED
gid://shopify/Product/8644748083399,QUEUED
gid://shopify/Product/8644748116167,QUEUED
gid://shopify/Product/8644748148935,QUEUED
gid://shopify/Product/8644748214471,QUEUED
gid://shopify/Product/8644748247239,QUEUED
gid://shopify/Product/8644748476615,QUEUED
gid://shopify/Product/8644748705991,QUEUED
gid://shopify/Product/8645943230663,QUEUED
gid://shopify/Product/8645943427271,QUEUED
gid://shopify/Product/8644686905543,QUEUED
gid://shopify/Product/8645943525575,QUEUED
gid://shopify/Product/8645943623879,QUEUED
gid://shopify/Product/8645943787719,QUEUED
gid://shopify/Product/8645943886023,QUEUED
gid://shopify/Product/8645943984327,QUEUED
gid://shopify/Product/8645944049863,QUEUED
gid://shopify/Product/8645944115399,QUEUED
gid://shopify/Product/8645944213703,QUEUED
gid://shopify/Product/8644686971079,QUEUED
gid://shopify/Product/8644687069383,QUEUED
gid://shopify/Product/8644749099207,QUEUED
gid://shopify/Product/8644749131975,QUEUED
gid://shopify/Product/8644749164743,QUEUED
gid://shopify/Product/8645944541383,QUEUED
gid://shopify/Product/8645944574151,QUEUED
gid://shopify/Product/8644746805447,QUEUED
gid://shopify/Product/8644749066439,QUEUED
gid://shopify/Product/8644493803719,QUEUED
gid://shopify/Product/8644687757511,QUEUED
gid://shopify/Product/8645947359431,QUEUED
gid://shopify/Product/8645948408007,QUEUED
gid://shopify/Product/8645948440775,QUEUED
gid://shopify/Product/8644748935367,QUEUED
gid://shopify/Product/8644687986887,QUEUED
gid://shopify/Product/8644688019655,QUEUED
gid://shopify/Product/8645948506311,QUEUED
gid://shopify/Product/8644748968135,QUEUED
gid://shopify/Product/8644688052423,QUEUED
gid://shopify/Product/8644493902023,QUEUED
gid://shopify/Product/8644688314567,QUEUED
gid://shopify/Product/8645853315271,QUEUED
gid://shopify/Product/8644748869831,QUEUED
gid://shopify/Product/8644688478407,QUEUED
gid://shopify/Product/8645853348039,QUEUED
gid://shopify/Product/8644749656263,QUEUED
gid://shopify/Product/8644749689031,QUEUED
gid://shopify/Product/8644688543943,QUEUED
gid://shopify/Product/8645948670151,QUEUED
gid://shopify/Product/8645948735687,QUEUED
gid://shopify/Product/8645948801223,QUEUED
gid://shopify/Product/8645948833991,QUEUED
gid://shopify/Product/8644673274055,QUEUED
gid://shopify/Product/8645949685959,QUEUED
gid://shopify/Product/8644752408775,QUEUED
gid://shopify/Product/8645950046407,QUEUED
gid://shopify/Product/8645950079175,QUEUED
gid://shopify/Product/8645950111943,QUEUED
gid://shopify/Product/8645950144711,QUEUED
gid://shopify/Product/8645950177479,QUEUED
gid://shopify/Product/8645950210247,QUEUED
gid://shopify/Product/8644752244935,QUEUED
gid://shopify/Product/8645709791431,QUEUED
gid://shopify/Product/8644676059335,QUEUED
gid://shopify/Product/8645709856967,QUEUED
gid://shopify/Product/8644747067591,QUEUED
gid://shopify/Product/8644747100359,QUEUED
gid://shopify/Product/8644747165895,QUEUED
gid://shopify/Product/8644685398215,QUEUED
gid://shopify/Product/8644685365447,QUEUED
gid://shopify/Product/8644685430983,QUEUED
gid://shopify/Product/8644685562055,QUEUED
gid://shopify/Product/8644685627591,QUEUED
gid://shopify/Product/8644685725895,QUEUED
gid://shopify/Product/8644686020807,QUEUED
gid://shopify/Product/8644686086343,QUEUED
gid://shopify/Product/8644685299911,QUEUED
gid://shopify/Product/8644744577223,QUEUED
gid://shopify/Product/8644744544455,QUEUED
gid://shopify/Product/8644493934791,QUEUED
gid://shopify/Product/8644746903751,QUEUED
gid://shopify/Product/8644746870983,QUEUED
gid://shopify/Product/8644746838215,QUEUED
gid://shopify/Product/8644494000327,QUEUED
gid://shopify/Product/8645498962119,QUEUED
gid://shopify/Product/8644747034823,QUEUED
gid://shopify/Product/8644747002055,QUEUED
gid://shopify/Product/8644746969287,QUEUED
gid://shopify/Product/8644686577863,QUEUED
gid://shopify/Product/8644686610631,QUEUED
gid://shopify/Product/8644494065863,QUEUED
gid://shopify/Product/8644686184647,QUEUED
gid://shopify/Product/8644686676167,QUEUED
gid://shopify/Product/8644686250183,QUEUED
gid://shopify/Product/8644686348487,QUEUED
gid://shopify/Product/8644686545095,QUEUED
gid://shopify/Product/8644686512327,QUEUED
gid://shopify/Product/8644747198663,QUEUED
gid://shopify/Product/8644747231431,QUEUED
gid://shopify/Product/8644686741703,QUEUED
gid://shopify/Product/8644748280007,QUEUED
gid://shopify/Product/8644748312775,QUEUED
gid://shopify/Product/8644686774471,QUEUED
gid://shopify/Product/8644748378311,QUEUED
gid://shopify/Product/8644748443847,QUEUED
gid://shopify/Product/8644748509383,QUEUED
gid://shopify/Product/8644748542151,QUEUED
gid://shopify/Product/8644748607687,QUEUED
gid://shopify/Product/8645942804679,QUEUED
gid://shopify/Product/8645942870215,QUEUED
gid://shopify/Product/8645943132359,QUEUED
gid://shopify/Product/8645943197895,QUEUED
CAM1-CBU184864VS4-580,NOT_FOUND
CAM1-CBU185464VS4-580,NOT_FOUND
CAM1-CBU186064VS4-580,NOT_FOUND
CAM1-CBU214872-580,NOT_FOUND
CAM1-CBU216072-580,NOT_FOUND
CAM1-CBU243664VS4-580,NOT_FOUND
CAM1-CBU244264VS4-580,NOT_FOUND
CAM1-CBU244864VS4-580,NOT_FOUND
CAM1-CBU245464VS4-580,NOT_FOUND
CAM1-CBU246064VS4-580,NOT_FOUND
CAM1-CD2020-131,NOT_FOUND
CAM1-CD2020-401,NOT_FOUND
CAM1-CD400-194,NOT_FOUND
CAM1-CD400-401,NOT_FOUND
CAM1-CSA41366-480,NOT_FOUND
CAM1-CSA41426-480,NOT_FOUND
CAM1-CSA41486-480,NOT_FOUND
CAM1-CSA41546-480,NOT_FOUND
CAM1-CSA41606-480,NOT_FOUND
CAM1-CSA44367-480,NOT_FOUND
CAM1-CSA48366-480,NOT_FOUND
CAM1-CSA48426-480,NOT_FOUND
CAM1-CSA48486-480,NOT_FOUND
CAM1-CSA48487-480,NOT_FOUND
CAM1-CSA48546-480,NOT_FOUND
CAM1-CSA48606-480,NOT_FOUND
CAM1-CSA48607-480,NOT_FOUND
CAM1-CSCSL,NOT_FOUND
CAM1-CSDDC24-151,NOT_FOUND
CAM1-CSR5-193,NOT_FOUND
CAM1-CSSD248-151,NOT_FOUND
CAM1-CSU41366-480,NOT_FOUND
CAM1-CSU41486-480,NOT_FOUND
CAM1-CSU41546-480,NOT_FOUND
CAM1-CSU41606-480,NOT_FOUND
CAM1-CSU44367-480,NOT_FOUND
CAM1-CSU44487-480,NOT_FOUND
CAM1-CSU44607-480,NOT_FOUND
CAM1-CSU48366-480,NOT_FOUND
CAM1-CSU48367-480,NOT_FOUND
CAM1-CSU48426-480,NOT_FOUND
CAM1-CSU48486-480,NOT_FOUND
CAM1-CSU48487-480,NOT_FOUND
CAM1-CSU48546-480,NOT_FOUND
CAM1-CSU48606-480,NOT_FOUND
CAM1-CSU48607-480,NOT_FOUND
CAM1-CSUNVR24-580,NOT_FOUND
CAM1-CSURS44366-480,NOT_FOUND
CAM1-CSURS44426-480,NOT_FOUND
CAM1-CSURS44486-480,NOT_FOUND
gid://shopify/Product/8645947916487,QUEUED
gid://shopify/Product/8645947949255,QUEUED
gid://shopify/Product/8645948178631,QUEUED
gid://shopify/Product/8645948211399,QUEUED
gid://shopify/Product/8644772331719,QUEUED
gid://shopify/Product/8644691525831,QUEUED
gid://shopify/Product/8644494164167,QUEUED
gid://shopify/Product/8644691493063,QUEUED
gid://shopify/Product/8644494196935,QUEUED
gid://shopify/Product/8645948375239,QUEUED
gid://shopify/Product/8644772397255,QUEUED
gid://shopify/Product/8644749033671,QUEUED
gid://shopify/Product/8644691591367,QUEUED
gid://shopify/Product/8644687954119,QUEUED
gid://shopify/Product/8645948473543,QUEUED
gid://shopify/Product/8644784586951,QUEUED
gid://shopify/Product/8645948539079,QUEUED
gid://shopify/Product/8644749000903,QUEUED
gid://shopify/Product/8644688117959,QUEUED
gid://shopify/Product/8644688183495,QUEUED
gid://shopify/Product/8645853249735,QUEUED
gid://shopify/Product/8644691624135,QUEUED
gid://shopify/Product/8644749623495,QUEUED
gid://shopify/Product/8644688511175,QUEUED
gid://shopify/Product/8645713920199,QUEUED
gid://shopify/Product/8644691656903,QUEUED
gid://shopify/Product/8644749721799,QUEUED
gid://shopify/Product/8644688773319,QUEUED
gid://shopify/Product/8644688806087,QUEUED
gid://shopify/Product/8644688838855,QUEUED
gid://shopify/Product/8644752539847,QUEUED
gid://shopify/Product/8644752572615,QUEUED
gid://shopify/Product/8645949554887,QUEUED
gid://shopify/Product/8645949587655,QUEUED
gid://shopify/Product/8645949620423,QUEUED
gid://shopify/Product/8645949653191,QUEUED
gid://shopify/Product/8644752376007,QUEUED
gid://shopify/Product/8644752277703,QUEUED
gid://shopify/Product/8644688871623,QUEUED
gid://shopify/Product/8645533204679,QUEUED
gid://shopify/Product/8645464031431,QUEUED
gid://shopify/Product/8644704174279,QUEUED
gid://shopify/Product/8644704207047,QUEUED
gid://shopify/Product/8645950243015,QUEUED
gid://shopify/Product/8645950275783,QUEUED
gid://shopify/Product/8645950308551,QUEUED
gid://shopify/Product/8645950341319,QUEUED
gid://shopify/Product/8644752310471,QUEUED
gid://shopify/Product/8645950374087,QUEUED
gid://shopify/Product/8645950406855,QUEUED
gid://shopify/Product/8645950439623,QUEUED
gid://shopify/Product/8644688969927,QUEUED
gid://shopify/Product/8645950472391,QUEUED
gid://shopify/Product/8645950505159,QUEUED
gid://shopify/Product/8645950537927,QUEUED
gid://shopify/Product/8645950570695,QUEUED
gid://shopify/Product/8645950603463,QUEUED
gid://shopify/Product/8644784783559,QUEUED
gid://shopify/Product/8644750147783,QUEUED
gid://shopify/Product/8644750180551,QUEUED
gid://shopify/Product/8644689166535,QUEUED
gid://shopify/Product/8644494229703,QUEUED
gid://shopify/Product/8645952766151,QUEUED
gid://shopify/Product/8645952798919,QUEUED
gid://shopify/Product/8644749885639,QUEUED
gid://shopify/Product/8645952864455,QUEUED
gid://shopify/Product/8644749918407,QUEUED
gid://shopify/Product/8644749951175,QUEUED
gid://shopify/Product/8645952897223,QUEUED
gid://shopify/Product/8644689199303,QUEUED
gid://shopify/Product/8644772561095,QUEUED
gid://shopify/Product/8644772593863,QUEUED
gid://shopify/Product/8644689232071,QUEUED
gid://shopify/Product/8645854200007,QUEUED
gid://shopify/Product/8644689264839,QUEUED
gid://shopify/Product/8645952962759,QUEUED
gid://shopify/Product/8644750049479,QUEUED
gid://shopify/Product/8644750082247,QUEUED
gid://shopify/Product/8645713494215,QUEUED
gid://shopify/Product/8644689363143,QUEUED
gid://shopify/Product/8644689461447,QUEUED
gid://shopify/Product/8645854265543,QUEUED
gid://shopify/Product/8644689494215,QUEUED
gid://shopify/Product/8644689559751,QUEUED
gid://shopify/Product/8645953028295,QUEUED
gid://shopify/Product/8644689658055,QUEUED
gid://shopify/Product/8644689625287,QUEUED
gid://shopify/Product/8644689592519,QUEUED
gid://shopify/Product/8645542117575,QUEUED
gid://shopify/Product/8644494262471,QUEUED
gid://shopify/Product/8644494295239,QUEUED
gid://shopify/Product/8645670961351,QUEUED
gid://shopify/Product/8644700438727,QUEUED
gid://shopify/Product/8644494328007,QUEUED
gid://shopify/Product/8644494459079,QUEUED
gid://shopify/Product/8644517003463,QUEUED
gid://shopify/Product/8644517036231,QUEUED
gid://shopify/Product/8644517068999,QUEUED
gid://shopify/Product/8644494491847,QUEUED
gid://shopify/Product/8644494524615,QUEUED
gid://shopify/Product/8644494557383,QUEUED
gid://shopify/Product/8644517101767,QUEUED
gid://shopify/Product/8644494590151,QUEUED
gid://shopify/Product/8644517134535,QUEUED
gid://shopify/Product/8644517265607,QUEUED
gid://shopify/Product/8644672454855,QUEUED
gid://shopify/Product/8644517331143,QUEUED
gid://shopify/Product/8644517363911,QUEUED
gid://shopify/Product/8644529848519,QUEUED
gid://shopify/Product/8646050775239,QUEUED
gid://shopify/Product/8646050971847,QUEUED
gid://shopify/Product/8645504729287,QUEUED
gid://shopify/Product/8645507055815,QUEUED
gid://shopify/Product/8645507088583,QUEUED
gid://shopify/Product/8646051627207,QUEUED
gid://shopify/Product/8646052085959,QUEUED
gid://shopify/Product/8645507186887,QUEUED
gid://shopify/Product/8645526913223,QUEUED
gid://shopify/Product/8645699010759,QUEUED
gid://shopify/Product/8644690575559,QUEUED
gid://shopify/Product/8644690608327,QUEUED
gid://shopify/Product/8644690804935,QUEUED
gid://shopify/Product/8644553244871,QUEUED
gid://shopify/Product/8644553343175,QUEUED
gid://shopify/Product/8644553408711,QUEUED
gid://shopify/Product/8644690673863,QUEUED
gid://shopify/Product/8644690641095,QUEUED
gid://shopify/Product/8644690706631,QUEUED
gid://shopify/Product/8644553474247,QUEUED
gid://shopify/Product/8645642125511,QUEUED
gid://shopify/Product/8644553539783,QUEUED
gid://shopify/Product/8644690739399,QUEUED
gid://shopify/Product/8644553605319,QUEUED
gid://shopify/Product/8644553703623,QUEUED
gid://shopify/Product/8644553801927,QUEUED
gid://shopify/Product/8644553867463,QUEUED
gid://shopify/Product/8644553998535,QUEUED
gid://shopify/Product/8644554293447,QUEUED
gid://shopify/Product/8644554391751,QUEUED
gid://shopify/Product/8644554490055,QUEUED
gid://shopify/Product/8644554588359,QUEUED
gid://shopify/Product/8644554817735,QUEUED
gid://shopify/Product/8644554948807,QUEUED
gid://shopify/Product/8644555014343,QUEUED
gid://shopify/Product/8644555112647,QUEUED
gid://shopify/Product/8644555178183,QUEUED
gid://shopify/Product/8644555309255,QUEUED
gid://shopify/Product/8644555374791,QUEUED
gid://shopify/Product/8645668831431,QUEUED
gid://shopify/Product/8644555473095,QUEUED
gid://shopify/Product/8644555571399,QUEUED
gid://shopify/Product/8644555636935,QUEUED
gid://shopify/Product/8644555702471,QUEUED
gid://shopify/Product/8644555800775,QUEUED
gid://shopify/Product/8644555866311,QUEUED
gid://shopify/Product/8644555964615,QUEUED
gid://shopify/Product/8644556062919,QUEUED
gid://shopify/Product/8644556128455,QUEUED
gid://shopify/Product/8644556226759,QUEUED
gid://shopify/Product/8644556292295,QUEUED
gid://shopify/Product/8644556390599,QUEUED
gid://shopify/Product/8644556456135,QUEUED
gid://shopify/Product/8644556521671,QUEUED
gid://shopify/Product/8644556619975,QUEUED
gid://shopify/Product/8644556685511,QUEUED
gid://shopify/Product/8644556751047,QUEUED
gid://shopify/Product/8644556849351,QUEUED
gid://shopify/Product/8644556914887,QUEUED
gid://shopify/Product/8644556980423,QUEUED
gid://shopify/Product/8644557078727,QUEUED
gid://shopify/Product/8644557177031,QUEUED
gid://shopify/Product/8644557340871,QUEUED
gid://shopify/Product/8644557406407,QUEUED
gid://shopify/Product/8644557504711,QUEUED
gid://shopify/Product/8644557570247,QUEUED
gid://shopify/Product/8644557635783,QUEUED
gid://shopify/Product/8644557799623,QUEUED
gid://shopify/Product/8644557897927,QUEUED
gid://shopify/Product/8644558225607,QUEUED
gid://shopify/Product/8645934055623,QUEUED
gid://shopify/Product/8645934088391,QUEUED
gid://shopify/Product/8645848105159,QUEUED
gid://shopify/Product/8644559044807,QUEUED
gid://shopify/Product/8644559143111,QUEUED
gid://shopify/Product/8644559208647,QUEUED
gid://shopify/Product/8644559339719,QUEUED
gid://shopify/Product/8644559438023,QUEUED
gid://shopify/Product/8644559667399,QUEUED
gid://shopify/Product/8644559962311,QUEUED
gid://shopify/Product/8644560060615,QUEUED
gid://shopify/Product/8644560453831,QUEUED
gid://shopify/Product/8644560519367,QUEUED
gid://shopify/Product/8644560617671,QUEUED
gid://shopify/Product/8644560715975,QUEUED
gid://shopify/Product/8645934121159,QUEUED
gid://shopify/Product/8645934153927,QUEUED
gid://shopify/Product/8644560781511,QUEUED
gid://shopify/Product/8645934186695,QUEUED
gid://shopify/Product/8645934219463,QUEUED
gid://shopify/Product/8644560879815,QUEUED
gid://shopify/Product/8644562387143,QUEUED
gid://shopify/Product/8644562452679,QUEUED
gid://shopify/Product/8644562682055,QUEUED
gid://shopify/Product/8644562878663,QUEUED
gid://shopify/Product/8644562944199,QUEUED
gid://shopify/Product/8644563009735,QUEUED
gid://shopify/Product/8644563075271,QUEUED
gid://shopify/Product/8644563140807,QUEUED
gid://shopify/Product/8644563206343,QUEUED
gid://shopify/Product/8644563304647,QUEUED
gid://shopify/Product/8644563435719,QUEUED
gid://shopify/Product/8644563665095,QUEUED
gid://shopify/Product/8644563828935,QUEUED
gid://shopify/Product/8644563894471,QUEUED
gid://shopify/Product/8644563960007,QUEUED
gid://shopify/Product/8644564025543,QUEUED
gid://shopify/Product/8644564091079,QUEUED
gid://shopify/Product/8644564156615,QUEUED
gid://shopify/Product/8644564222151,QUEUED
gid://shopify/Product/8644564680903,QUEUED
gid://shopify/Product/8644564746439,QUEUED
gid://shopify/Product/8644564877511,QUEUED
gid://shopify/Product/8644564943047,QUEUED
gid://shopify/Product/8644565205191,QUEUED
gid://shopify/Product/8644565401799,QUEUED
gid://shopify/Product/8644565467335,QUEUED
gid://shopify/Product/8644565598407,QUEUED
gid://shopify/Product/8645848203463,QUEUED
gid://shopify/Product/8644565696711,QUEUED
gid://shopify/Product/8644565762247,QUEUED
gid://shopify/Product/8644565827783,QUEUED
gid://shopify/Product/8644565991623,QUEUED
gid://shopify/Product/8644566057159,QUEUED
gid://shopify/Product/8644566220999,QUEUED
gid://shopify/Product/8644566286535,QUEUED
gid://shopify/Product/8644566483143,QUEUED
gid://shopify/Product/8644566548679,QUEUED
gid://shopify/Product/8644566614215,QUEUED
gid://shopify/Product/8645645729991,QUEUED
gid://shopify/Product/8644566679751,QUEUED
gid://shopify/Product/8644566778055,QUEUED
gid://shopify/Product/8644566843591,QUEUED
gid://shopify/Product/8644566909127,QUEUED
gid://shopify/Product/8644566974663,QUEUED
gid://shopify/Product/8644567040199,QUEUED
gid://shopify/Product/8644567105735,QUEUED
gid://shopify/Product/8644567171271,QUEUED
gid://shopify/Product/8644567236807,QUEUED
gid://shopify/Product/8644567367879,QUEUED
gid://shopify/Product/8644567433415,QUEUED
gid://shopify/Product/8644567498951,QUEUED
gid://shopify/Product/8644567564487,QUEUED
gid://shopify/Product/8644567630023,QUEUED
gid://shopify/Product/8644567695559,QUEUED
gid://shopify/Product/8644567826631,QUEUED
gid://shopify/Product/8644567892167,QUEUED
gid://shopify/Product/8644567990471,QUEUED
gid://shopify/Product/8644568056007,QUEUED
gid://shopify/Product/8644568088775,QUEUED
gid://shopify/Product/8644568154311,QUEUED
gid://shopify/Product/8644568219847,QUEUED
gid://shopify/Product/8644568285383,QUEUED
gid://shopify/Product/8645848236231,QUEUED
gid://shopify/Product/8644568449223,QUEUED
gid://shopify/Product/8644568481991,QUEUED
gid://shopify/Product/8644568547527,QUEUED
gid://shopify/Product/8644568613063,QUEUED
gid://shopify/Product/8644568678599,QUEUED
gid://shopify/Product/8644568875207,QUEUED
gid://shopify/Product/8645848268999,QUEUED
gid://shopify/Product/8644568973511,QUEUED
gid://shopify/Product/8644569104583,QUEUED
gid://shopify/Product/8644569170119,QUEUED
gid://shopify/Product/8644569235655,QUEUED
gid://shopify/Product/8644569366727,QUEUED
gid://shopify/Product/8644569432263,QUEUED
gid://shopify/Product/8644569497799,QUEUED
gid://shopify/Product/8644569563335,QUEUED
gid://shopify/Product/8644569628871,QUEUED
gid://shopify/Product/8644569694407,QUEUED
gid://shopify/Product/8644569825479,QUEUED
gid://shopify/Product/8645934252231,QUEUED
gid://shopify/Product/8645934284999,QUEUED
gid://shopify/Product/8644570218695,QUEUED
gid://shopify/Product/8644570284231,QUEUED
gid://shopify/Product/8644570349767,QUEUED
gid://shopify/Product/8644570448071,QUEUED
gid://shopify/Product/8645848334535,QUEUED
gid://shopify/Product/8644570677447,QUEUED
gid://shopify/Product/8644570874055,QUEUED
gid://shopify/Product/8644570939591,QUEUED
gid://shopify/Product/8644571005127,QUEUED
gid://shopify/Product/8644571103431,QUEUED
gid://shopify/Product/8644571168967,QUEUED
gid://shopify/Product/8644571234503,QUEUED
gid://shopify/Product/8644571365575,QUEUED
gid://shopify/Product/8644571431111,QUEUED
gid://shopify/Product/8644571594951,QUEUED
gid://shopify/Product/8644571693255,QUEUED
gid://shopify/Product/8644571857095,QUEUED
ARC1-57972,NOT_FOUND
ARC1-57975,NOT_FOUND
ARC1-57976,NOT_FOUND
ARC1-58010,NOT_FOUND
ARC1-58012,NOT_FOUND
ARC1-58030,NOT_FOUND
ARC1-58057,NOT_FOUND
ARC1-58060,NOT_FOUND
ARC1-58179,NOT_FOUND
ARC1-58621,NOT_FOUND
ARC1-58833,NOT_FOUND
ARC1-59319,NOT_FOUND
ARC1-59709,NOT_FOUND
ARC1-59825,NOT_FOUND
ARC1-59943,NOT_FOUND
ARC1-59947,NOT_FOUND
ARC1-60018,NOT_FOUND
ARC1-60024,NOT_FOUND
ARC1-60026,NOT_FOUND
ARC1-60440,NOT_FOUND
ARC1-60548,NOT_FOUND
ARC1-61697,NOT_FOUND
ARC1-61698,NOT_FOUND
ARC1-61875,NOT_FOUND
ARC1-62250,NOT_FOUND
ARC1-62447,NOT_FOUND
ARC1-62449,NOT_FOUND
ARC1-62451,NOT_FOUND
ARC1-63059,NOT_FOUND
ARC1-63118,NOT_FOUND
ARC1-63972,NOT_FOUND
ARC1-64591,NOT_FOUND
ARC1-65298,NOT_FOUND
ARC1-65537,NOT_FOUND
ARC1-67107,NOT_FOUND
ARC1-68978,NOT_FOUND
ARC1-70271,NOT_FOUND
ARC1-70390,NOT_FOUND
ARC1-71143,NOT_FOUND
ARC1-71158,NOT_FOUND
ARC1-71160,NOT_FOUND
ARC1-71166,NOT_FOUND
ARC1-71204,NOT_FOUND
ARC1-71604,NOT_FOUND
ARC1-72388,NOT_FOUND
ARC1-74607,NOT_FOUND
ARC1-75187,NOT_FOUND
ARC1-75189,NOT_FOUND
ARC1-75191,NOT_FOUND
ARC1-75373,NOT_FOUND
gid://shopify/Product/8644576968903,QUEUED
gid://shopify/Product/8644577034439,QUEUED
gid://shopify/Product/8644577198279,QUEUED
gid://shopify/Product/8644577329351,QUEUED
gid://shopify/Product/8644577460423,QUEUED
gid://shopify/Product/8645848465607,QUEUED
gid://shopify/Product/8644578148551,QUEUED
gid://shopify/Product/8644578246855,QUEUED
gid://shopify/Product/8644578410695,QUEUED
gid://shopify/Product/8644578541767,QUEUED
gid://shopify/Product/8644578672839,QUEUED
gid://shopify/Product/8644578803911,QUEUED
gid://shopify/Product/8644578869447,QUEUED
gid://shopify/Product/8644578967751,QUEUED
gid://shopify/Product/8644579360967,QUEUED
gid://shopify/Product/8644579557575,QUEUED
gid://shopify/Product/8644579623111,QUEUED
gid://shopify/Product/8644579688647,QUEUED
gid://shopify/Product/8644579754183,QUEUED
gid://shopify/Product/8644579885255,QUEUED
gid://shopify/Product/8645934416071,QUEUED
gid://shopify/Product/8645934448839,QUEUED
gid://shopify/Product/8644579983559,QUEUED
gid://shopify/Product/8645934514375,QUEUED
gid://shopify/Product/8644580147399,QUEUED
gid://shopify/Product/8644580212935,QUEUED
gid://shopify/Product/8644580278471,QUEUED
gid://shopify/Product/8644580344007,QUEUED
gid://shopify/Product/8644580376775,QUEUED
gid://shopify/Product/8644580507847,QUEUED
gid://shopify/Product/8645500076231,QUEUED
gid://shopify/Product/8645936677063,QUEUED
gid://shopify/Product/8645500403911,QUEUED
gid://shopify/Product/8645504106695,QUEUED
gid://shopify/Product/8645500600519,QUEUED
gid://shopify/Product/8645500666055,QUEUED
gid://shopify/Product/8644739268807,QUEUED
gid://shopify/Product/8645500993735,QUEUED
gid://shopify/Product/8645501026503,QUEUED
gid://shopify/Product/8645937692871,QUEUED
gid://shopify/Product/8645937725639,QUEUED
gid://shopify/Product/8645504139463,QUEUED
gid://shopify/Product/8644581261511,QUEUED
gid://shopify/Product/8644581654727,QUEUED
gid://shopify/Product/8644581753031,QUEUED
gid://shopify/Product/8644581818567,QUEUED
gid://shopify/Product/8644581982407,QUEUED
gid://shopify/Product/8644582146247,QUEUED
gid://shopify/Product/8644582244551,QUEUED
gid://shopify/Product/8644582342855,QUEUED
gid://shopify/Product/8644582768839,QUEUED
gid://shopify/Product/8644582932679,QUEUED
gid://shopify/Product/8644582998215,QUEUED
gid://shopify/Product/8644583063751,QUEUED
gid://shopify/Product/8644583162055,QUEUED
gid://shopify/Product/8644583194823,QUEUED
gid://shopify/Product/8644583293127,QUEUED
gid://shopify/Product/8644584112327,QUEUED
gid://shopify/Product/8644584669383,QUEUED
gid://shopify/Product/8644584767687,QUEUED
gid://shopify/Product/8645955518663,QUEUED
gid://shopify/Product/8645955551431,QUEUED
gid://shopify/Product/8644584898759,QUEUED
gid://shopify/Product/8645856624839,QUEUED
gid://shopify/Product/8645524684999,QUEUED
gid://shopify/Product/8645512331463,QUEUED
gid://shopify/Product/8645721489607,QUEUED
gid://shopify/Product/8644667375815,QUEUED
gid://shopify/Product/8644667605191,QUEUED
gid://shopify/Product/8644667637959,QUEUED
gid://shopify/Product/8645601296583,QUEUED
gid://shopify/Product/8644667703495,QUEUED
gid://shopify/Product/8644667769031,QUEUED
gid://shopify/Product/8644667801799,QUEUED
gid://shopify/Product/8644667834567,QUEUED
gid://shopify/Product/8644667736263,QUEUED
gid://shopify/Product/8644691230919,QUEUED
gid://shopify/Product/8644667900103,QUEUED
gid://shopify/Product/8644667932871,QUEUED
gid://shopify/Product/8644668063943,QUEUED
gid://shopify/Product/8645859770567,QUEUED
gid://shopify/Product/8644593451207,QUEUED
gid://shopify/Product/8644593516743,QUEUED
gid://shopify/Product/8644593582279,QUEUED
gid://shopify/Product/8644593680583,QUEUED
gid://shopify/Product/8644593746119,QUEUED
gid://shopify/Product/8644593811655,QUEUED
gid://shopify/Product/8644593877191,QUEUED
gid://shopify/Product/8644593942727,QUEUED
gid://shopify/Product/8644594041031,QUEUED
gid://shopify/Product/8644675633351,QUEUED
gid://shopify/Product/8644772987079,QUEUED
gid://shopify/Product/8644762534087,QUEUED
gid://shopify/Product/8644762665159,QUEUED
gid://shopify/Product/8644594335943,QUEUED
gid://shopify/Product/8644594401479,QUEUED
gid://shopify/Product/8644594532551,QUEUED
gid://shopify/Product/8644594827463,QUEUED
gid://shopify/Product/8644594892999,QUEUED
gid://shopify/Product/8645640290503,QUEUED
gid://shopify/Product/8644595089607,QUEUED
gid://shopify/Product/8645859999943,QUEUED
gid://shopify/Product/8644595482823,QUEUED
gid://shopify/Product/8644595548359,QUEUED
gid://shopify/Product/8644596072647,QUEUED
gid://shopify/Product/8644596498631,QUEUED
gid://shopify/Product/8645602246855,QUEUED
gid://shopify/Product/8645963972807,QUEUED
gid://shopify/Product/8644600070343,QUEUED
gid://shopify/Product/8644600561863,QUEUED
gid://shopify/Product/8644600692935,QUEUED
gid://shopify/Product/8645719425223,QUEUED
gid://shopify/Product/8644600856775,QUEUED
gid://shopify/Product/8645480972487,QUEUED
gid://shopify/Product/8645967642823,QUEUED
gid://shopify/Product/8644601086151,QUEUED
gid://shopify/Product/8645713887431,QUEUED
gid://shopify/Product/8644601184455,QUEUED
gid://shopify/Product/8645968593095,QUEUED
gid://shopify/Product/8645968658631,QUEUED
gid://shopify/Product/8644601348295,QUEUED
gid://shopify/Product/8644601413831,QUEUED
gid://shopify/Product/8644601577671,QUEUED
gid://shopify/Product/8644601675975,QUEUED
gid://shopify/Product/8645971378375,QUEUED
gid://shopify/Product/8645481038023,QUEUED
gid://shopify/Product/8644602298567,QUEUED
gid://shopify/Product/8644602364103,QUEUED
gid://shopify/Product/8644602429639,QUEUED
gid://shopify/Product/8645864292551,QUEUED
gid://shopify/Product/8645480710343,QUEUED
gid://shopify/Product/8644602527943,QUEUED
gid://shopify/Product/8644602593479,QUEUED
gid://shopify/Product/8644809883847,QUEUED
gid://shopify/Product/8644602757319,QUEUED
gid://shopify/Product/8644602855623,QUEUED
gid://shopify/Product/8644602921159,QUEUED
gid://shopify/Product/8645518262471,QUEUED
gid://shopify/Product/8644676124871,QUEUED
gid://shopify/Product/8644676157639,QUEUED
gid://shopify/Product/8644676190407,QUEUED
gid://shopify/Product/8644676223175,QUEUED
gid://shopify/Product/8644676255943,QUEUED
gid://shopify/Product/8645864587463,QUEUED
gid://shopify/Product/8644676288711,QUEUED
gid://shopify/Product/8644694638791,QUEUED
gid://shopify/Product/8644676321479,QUEUED
gid://shopify/Product/8644676354247,QUEUED
gid://shopify/Product/8645864620231,QUEUED
gid://shopify/Product/8645975539911,QUEUED
gid://shopify/Product/8645975965895,QUEUED
gid://shopify/Product/8645975998663,QUEUED
gid://shopify/Product/8645544280263,QUEUED
gid://shopify/Product/8644605018311,QUEUED
gid://shopify/Product/8644605083847,QUEUED
gid://shopify/Product/8644605182151,QUEUED
gid://shopify/Product/8644605247687,QUEUED
gid://shopify/Product/8644605345991,QUEUED
gid://shopify/Product/8644605411527,QUEUED
gid://shopify/Product/8644605477063,QUEUED
gid://shopify/Product/8644605509831,QUEUED
gid://shopify/Product/8645978357959,QUEUED
gid://shopify/Product/8644605575367,QUEUED
gid://shopify/Product/8645865210055,QUEUED
gid://shopify/Product/8644605673671,QUEUED
gid://shopify/Product/8645978390727,QUEUED
gid://shopify/Product/8645978423495,QUEUED
gid://shopify/Product/8644605771975,QUEUED
gid://shopify/Product/8645978456263,QUEUED
gid://shopify/Product/8645978489031,QUEUED
gid://shopify/Product/8644605870279,QUEUED
gid://shopify/Product/8644607279303,QUEUED
gid://shopify/Product/8644607344839,QUEUED
gid://shopify/Product/8644607410375,QUEUED
gid://shopify/Product/8645979603143,QUEUED
gid://shopify/Product/8644607672519,QUEUED
gid://shopify/Product/8645980815559,QUEUED
gid://shopify/Product/8645982912711,QUEUED
gid://shopify/Product/8645984846023,QUEUED
gid://shopify/Product/8645985108167,QUEUED
gid://shopify/Product/8645985370311,QUEUED
gid://shopify/Product/8644607934663,QUEUED
gid://shopify/Product/8644608196807,QUEUED
gid://shopify/Product/8644608295111,QUEUED
gid://shopify/Product/8644608393415,QUEUED
gid://shopify/Product/8644608458951,QUEUED
gid://shopify/Product/8645990908103,QUEUED
gid://shopify/Product/8645991137479,QUEUED
gid://shopify/Product/8645991301319,QUEUED
gid://shopify/Product/8645991727303,QUEUED
gid://shopify/Product/8644608622791,QUEUED
gid://shopify/Product/8644609114311,QUEUED
gid://shopify/Product/8644609179847,QUEUED
gid://shopify/Product/8644609376455,QUEUED
gid://shopify/Product/8644609441991,QUEUED
gid://shopify/Product/8644609540295,QUEUED
gid://shopify/Product/8644609638599,QUEUED
gid://shopify/Product/8644609835207,QUEUED
gid://shopify/Product/8644609933511,QUEUED
gid://shopify/Product/8644609999047,QUEUED
gid://shopify/Product/8645866651847,QUEUED
gid://shopify/Product/8644610982087,QUEUED
gid://shopify/Product/8645654806727,QUEUED
gid://shopify/Product/8644611080391,QUEUED
gid://shopify/Product/8646003785927,QUEUED
gid://shopify/Product/8646005162183,QUEUED
gid://shopify/Product/8644611178695,QUEUED
gid://shopify/Product/8644611539143,QUEUED
gid://shopify/Product/8645867536583,QUEUED
gid://shopify/Product/8646012272839,QUEUED
gid://shopify/Product/8646012305607,QUEUED
gid://shopify/Product/8644611702983,QUEUED
gid://shopify/Product/8646013419719,QUEUED
gid://shopify/Product/8646014861511,QUEUED
gid://shopify/Product/8646014894279,QUEUED
gid://shopify/Product/8646014959815,QUEUED
gid://shopify/Product/8644611965127,QUEUED
gid://shopify/Product/8644612096199,QUEUED
gid://shopify/Product/8644612260039,QUEUED
gid://shopify/Product/8646017712327,QUEUED
gid://shopify/Product/8644785766599,QUEUED
gid://shopify/Product/8644613603527,QUEUED
gid://shopify/Product/8644613767367,QUEUED
gid://shopify/Product/8644614062279,QUEUED
gid://shopify/Product/8644614488263,QUEUED
gid://shopify/Product/8644614553799,QUEUED
gid://shopify/Product/8644676976839,QUEUED
gid://shopify/Product/8644677009607,QUEUED
gid://shopify/Product/8644665868487,QUEUED
gid://shopify/Product/8644617896135,QUEUED
gid://shopify/Product/8644617961671,QUEUED
gid://shopify/Product/8645699043527,QUEUED
gid://shopify/Product/8645662703815,QUEUED
gid://shopify/Product/8644677042375,QUEUED
gid://shopify/Product/8645517803719,QUEUED
gid://shopify/Product/8644677075143,QUEUED
gid://shopify/Product/8644677107911,QUEUED
gid://shopify/Product/8644677140679,QUEUED
gid://shopify/Product/8644677173447,QUEUED
gid://shopify/Product/8644677206215,QUEUED
gid://shopify/Product/8644618027207,QUEUED
gid://shopify/Product/8644618158279,QUEUED
gid://shopify/Product/8644677238983,QUEUED
gid://shopify/Product/8644618223815,QUEUED
gid://shopify/Product/8644618289351,QUEUED
gid://shopify/Product/8645517344967,QUEUED
gid://shopify/Product/8645517410503,QUEUED
gid://shopify/Product/8644618420423,QUEUED
gid://shopify/Product/8644618485959,QUEUED
gid://shopify/Product/8645526388935,QUEUED
gid://shopify/Product/8645526356167,QUEUED
gid://shopify/Product/8644618551495,QUEUED
gid://shopify/Product/8644618617031,QUEUED
gid://shopify/Product/8644691722439,QUEUED
gid://shopify/Product/8644677271751,QUEUED
gid://shopify/Product/8644677304519,QUEUED
gid://shopify/Product/8644691755207,QUEUED
gid://shopify/Product/8646026330311,QUEUED
gid://shopify/Product/8644677337287,QUEUED
gid://shopify/Product/8644677370055,QUEUED
gid://shopify/Product/8644677402823,QUEUED
gid://shopify/Product/8645653692615,QUEUED
gid://shopify/Product/8645721063623,QUEUED
gid://shopify/Product/8644677435591,QUEUED
gid://shopify/Product/8645870715079,QUEUED
gid://shopify/Product/8645705007303,QUEUED
gid://shopify/Product/8644618879175,QUEUED
gid://shopify/Product/8644618944711,QUEUED
gid://shopify/Product/8645537890503,QUEUED
gid://shopify/Product/8644784324807,QUEUED
gid://shopify/Product/8644619075783,QUEUED
gid://shopify/Product/8645526487239,QUEUED
gid://shopify/Product/8645602672839,QUEUED
gid://shopify/Product/8644622680263,QUEUED
gid://shopify/Product/8644646928583,QUEUED
gid://shopify/Product/8645691539655,QUEUED
gid://shopify/Product/8646038520007,QUEUED
gid://shopify/Product/8646038552775,QUEUED
gid://shopify/Product/8644679270599,QUEUED
gid://shopify/Product/8644679237831,QUEUED
gid://shopify/Product/8644679303367,QUEUED
gid://shopify/Product/8644679336135,QUEUED
gid://shopify/Product/8645601820871,QUEUED
gid://shopify/Product/8644679368903,QUEUED
gid://shopify/Product/8644679401671,QUEUED
gid://shopify/Product/8644679467207,QUEUED
gid://shopify/Product/8644679499975,QUEUED
gid://shopify/Product/8645874024647,QUEUED
gid://shopify/Product/8645601886407,QUEUED
gid://shopify/Product/8645874221255,QUEUED
gid://shopify/Product/8646041239751,QUEUED
gid://shopify/Product/8646041272519,QUEUED
gid://shopify/Product/8646041305287,QUEUED
gid://shopify/Product/8646041338055,QUEUED
gid://shopify/Product/8646041370823,QUEUED
gid://shopify/Product/8646041403591,QUEUED
gid://shopify/Product/8644679532743,QUEUED
gid://shopify/Product/8644679565511,QUEUED
gid://shopify/Product/8644679598279,QUEUED
gid://shopify/Product/8644679631047,QUEUED
gid://shopify/Product/8644679663815,QUEUED
gid://shopify/Product/8644679696583,QUEUED
gid://shopify/Product/8644679729351,QUEUED
gid://shopify/Product/8644679762119,QUEUED
gid://shopify/Product/8644679794887,QUEUED
gid://shopify/Product/8644679827655,QUEUED
gid://shopify/Product/8644679893191,QUEUED
gid://shopify/Product/8644679925959,QUEUED
gid://shopify/Product/8644679958727,QUEUED
gid://shopify/Product/8644679991495,QUEUED
gid://shopify/Product/8644680024263,QUEUED
gid://shopify/Product/8644680057031,QUEUED
gid://shopify/Product/8644680089799,QUEUED
gid://shopify/Product/8644680122567,QUEUED
gid://shopify/Product/8644680155335,QUEUED
gid://shopify/Product/8644679860423,QUEUED
gid://shopify/Product/8644680188103,QUEUED
gid://shopify/Product/8644680220871,QUEUED
gid://shopify/Product/8644680253639,QUEUED
gid://shopify/Product/8644680286407,QUEUED
gid://shopify/Product/8644680319175,QUEUED
gid://shopify/Product/8644680351943,QUEUED
gid://shopify/Product/8644680384711,QUEUED
gid://shopify/Product/8644680417479,QUEUED
gid://shopify/Product/8644680450247,QUEUED
gid://shopify/Product/8644680483015,QUEUED
gid://shopify/Product/8646041469127,QUEUED
gid://shopify/Product/8646041501895,QUEUED
gid://shopify/Product/8646041534663,QUEUED
gid://shopify/Product/8646041567431,QUEUED
gid://shopify/Product/8646041600199,QUEUED
gid://shopify/Product/8646041632967,QUEUED
gid://shopify/Product/8646041665735,QUEUED
gid://shopify/Product/8646041698503,QUEUED
gid://shopify/Product/8646041731271,QUEUED
gid://shopify/Product/8646041796807,QUEUED
gid://shopify/Product/8644680515783,QUEUED
gid://shopify/Product/8644680548551,QUEUED
gid://shopify/Product/8646042288327,QUEUED
gid://shopify/Product/8646042321095,QUEUED
gid://shopify/Product/8644680581319,QUEUED
gid://shopify/Product/8644680646855,QUEUED
gid://shopify/Product/8644680614087,QUEUED
gid://shopify/Product/8644680679623,QUEUED
gid://shopify/Product/8644680712391,QUEUED
gid://shopify/Product/8644680745159,QUEUED
gid://shopify/Product/8644680810695,QUEUED
gid://shopify/Product/8644680843463,QUEUED
gid://shopify/Product/8644680876231,QUEUED
gid://shopify/Product/8644680908999,QUEUED
gid://shopify/Product/8644648501447,QUEUED
gid://shopify/Product/8645707301063,QUEUED
gid://shopify/Product/8646045958343,QUEUED
gid://shopify/Product/8644679008455,QUEUED
gid://shopify/Product/8645499224263,QUEUED
gid://shopify/Product/8645660049607,QUEUED
gid://shopify/Product/8645659754695,QUEUED
gid://shopify/Product/8644651221191,QUEUED
gid://shopify/Product/8644651253959,QUEUED
gid://shopify/Product/8644651286727,QUEUED
gid://shopify/Product/8644651319495,QUEUED
gid://shopify/Product/8644651352263,QUEUED
gid://shopify/Product/8645710315719,QUEUED
gid://shopify/Product/8645513019591,QUEUED
gid://shopify/Product/8645513052359,QUEUED
gid://shopify/Product/8646047334599,QUEUED
gid://shopify/Product/8646047400135,QUEUED
gid://shopify/Product/8644651385031,QUEUED
gid://shopify/Product/8645667815623,QUEUED
gid://shopify/Product/8644651417799,QUEUED
gid://shopify/Product/8646047793351,QUEUED
gid://shopify/Product/8644651450567,QUEUED
gid://shopify/Product/8645511676103,QUEUED
gid://shopify/Product/8645723586759,QUEUED
gid://shopify/Product/8646047989959,QUEUED
gid://shopify/Product/8646048022727,QUEUED
gid://shopify/Product/8646048088263,QUEUED
gid://shopify/Product/8645522030791,QUEUED
gid://shopify/Product/8644651483335,QUEUED
gid://shopify/Product/8645526094023,QUEUED
gid://shopify/Product/8645502894279,QUEUED
gid://shopify/Product/8645508956359,QUEUED
gid://shopify/Product/8646050873543,QUEUED
gid://shopify/Product/8644651679943,QUEUED
gid://shopify/Product/8645506924743,QUEUED
gid://shopify/Product/8645877465287,QUEUED
gid://shopify/Product/8646051496135,QUEUED
gid://shopify/Product/8645506564295,QUEUED
gid://shopify/Product/8644651876551,QUEUED
gid://shopify/Product/8645669650631,QUEUED
gid://shopify/Product/8645521768647,QUEUED
gid://shopify/Product/8644687528135,QUEUED
gid://shopify/Product/8644687495367,QUEUED
gid://shopify/Product/8644687331527,QUEUED
gid://shopify/Product/8644677468359,QUEUED
gid://shopify/Product/8644677501127,QUEUED
gid://shopify/Product/8644677533895,QUEUED
gid://shopify/Product/8644677566663,QUEUED
gid://shopify/Product/8644677599431,QUEUED
gid://shopify/Product/8644677632199,QUEUED
gid://shopify/Product/8645731614919,QUEUED
gid://shopify/Product/8645670600903,QUEUED
gid://shopify/Product/8644666228935,QUEUED
gid://shopify/Product/8644666261703,QUEUED
gid://shopify/Product/8644666294471,QUEUED
gid://shopify/Product/8644666327239,QUEUED
gid://shopify/Product/8644733665479,QUEUED
gid://shopify/Product/8644666360007,QUEUED
gid://shopify/Product/8645497159879,QUEUED
gid://shopify/Product/8644666392775,QUEUED
gid://shopify/Product/8645496864967,QUEUED
gid://shopify/Product/8645540872391,QUEUED
gid://shopify/Product/8645540905159,QUEUED
gid://shopify/Product/8644666491079,QUEUED
gid://shopify/Product/8646056935623,QUEUED
gid://shopify/Product/8646057001159,QUEUED
gid://shopify/Product/8646057099463,QUEUED
gid://shopify/Product/8645710086343,QUEUED
gid://shopify/Product/8644666884295,QUEUED
gid://shopify/Product/8644666917063,QUEUED
gid://shopify/Product/8644653547719,QUEUED
gid://shopify/Product/8644653580487,QUEUED
gid://shopify/Product/8644653613255,QUEUED
gid://shopify/Product/8644668620999,QUEUED
gid://shopify/Product/8644668653767,QUEUED
gid://shopify/Product/8644653646023,QUEUED
gid://shopify/Product/8645711397063,QUEUED
gid://shopify/Product/8644653678791,QUEUED
gid://shopify/Product/8644714234055,QUEUED
gid://shopify/Product/8645710676167,QUEUED
gid://shopify/Product/8645711069383,QUEUED
gid://shopify/Product/8646057459911,QUEUED
gid://shopify/Product/8645710479559,QUEUED
gid://shopify/Product/8646057590983,QUEUED
gid://shopify/Product/8644667310279,QUEUED
gid://shopify/Product/8645704745159,QUEUED
gid://shopify/Product/8644676714695,QUEUED
gid://shopify/Product/8644676780231,QUEUED
gid://shopify/Product/8644676747463,QUEUED
TOP1-9800-12,NOT_FOUND
gid://shopify/Product/8645646024903,QUEUED
gid://shopify/Product/8646066634951,QUEUED
gid://shopify/Product/8645646352583,QUEUED
gid://shopify/Product/8646066667719,QUEUED
gid://shopify/Product/8644654170311,QUEUED
gid://shopify/Product/8645646778567,QUEUED
gid://shopify/Product/8646067486919,QUEUED
gid://shopify/Product/8646067552455,QUEUED
gid://shopify/Product/8644654203079,QUEUED
gid://shopify/Product/8644676845767,QUEUED
gid://shopify/Product/8644676878535,QUEUED
gid://shopify/Product/8646068240583,QUEUED
gid://shopify/Product/8645643993287,QUEUED
gid://shopify/Product/8645707104455,QUEUED
gid://shopify/Product/8646067978439,QUEUED
gid://shopify/Product/8646068011207,QUEUED
gid://shopify/Product/8644676911303,QUEUED
gid://shopify/Product/8644676944071,QUEUED
gid://shopify/Product/8644689952967,QUEUED
gid://shopify/Product/8645720113351,QUEUED
gid://shopify/Product/8645668339911,QUEUED
gid://shopify/Product/8645956075719,QUEUED
gid://shopify/Product/8644674945223,QUEUED
gid://shopify/Product/8645707464903,QUEUED
gid://shopify/Product/8645707497671,QUEUED
gid://shopify/Product/8645707530439,QUEUED
gid://shopify/Product/8645707563207,QUEUED
gid://shopify/Product/8645663260871,QUEUED
gid://shopify/Product/8645596676295,QUEUED
gid://shopify/Product/8644689789127,QUEUED
gid://shopify/Product/8645863309511,QUEUED
gid://shopify/Product/8644689756359,QUEUED
gid://shopify/Product/8644689690823,QUEUED
gid://shopify/Product/8644689723591,QUEUED
gid://shopify/Product/8645479661767,QUEUED
gid://shopify/Product/8645537726663,QUEUED
gid://shopify/Product/8642986672327,QUEUED
gid://shopify/Product/8645511512263,QUEUED
gid://shopify/Product/8645476319431,QUEUED
gid://shopify/Product/8645476286663,QUEUED
gid://shopify/Product/8645476253895,QUEUED
gid://shopify/Product/8645476352199,QUEUED
gid://shopify/Product/8645476942023,QUEUED
gid://shopify/Product/8645476221127,QUEUED
gid://shopify/Product/8645476188359,QUEUED
gid://shopify/Product/8645471240391,QUEUED
gid://shopify/Product/8645498142919,QUEUED
gid://shopify/Product/8645471142087,QUEUED
gid://shopify/Product/8645471076551,QUEUED
gid://shopify/Product/8645471109319,QUEUED
gid://shopify/Product/8645650514119,QUEUED
gid://shopify/Product/8645471174855,QUEUED
gid://shopify/Product/8645471207623,QUEUED
gid://shopify/Product/8645517050055,QUEUED
gid://shopify/Product/8645517017287,QUEUED
gid://shopify/Product/8645517738183,QUEUED
gid://shopify/Product/8645516984519,QUEUED
gid://shopify/Product/8645479530695,QUEUED
gid://shopify/Product/8645516755143,QUEUED
gid://shopify/Product/8645479596231,QUEUED
gid://shopify/Product/8645479628999,QUEUED
gid://shopify/Product/8645517213895,QUEUED
gid://shopify/Product/8645516787911,QUEUED
gid://shopify/Product/8645517705415,QUEUED
gid://shopify/Product/8645517115591,QUEUED
gid://shopify/Product/8645517148359,QUEUED
gid://shopify/Product/8645516820679,QUEUED
gid://shopify/Product/8645516918983,QUEUED
gid://shopify/Product/8645516886215,QUEUED
gid://shopify/Product/8645517869255,QUEUED
gid://shopify/Product/8645517082823,QUEUED
gid://shopify/Product/8645524357319,QUEUED
gid://shopify/Product/8645524193479,QUEUED
gid://shopify/Product/8645516656839,QUEUED
gid://shopify/Product/8645516722375,QUEUED
gid://shopify/Product/8645480775879,QUEUED
gid://shopify/Product/8645516624071,QUEUED
gid://shopify/Product/8645516689607,QUEUED
gid://shopify/Product/8645516460231,QUEUED
gid://shopify/Product/8645504663751,QUEUED
gid://shopify/Product/8645517181127,QUEUED
gid://shopify/Product/8645470978247,QUEUED
gid://shopify/Product/8645476155591,QUEUED
gid://shopify/Product/8645471043783,QUEUED
gid://shopify/Product/8645496733895,QUEUED
gid://shopify/Product/8644740153543,QUEUED
gid://shopify/Product/8644740055239,QUEUED
gid://shopify/Product/8644740186311,QUEUED
gid://shopify/Product/8644740219079,QUEUED
gid://shopify/Product/8644740251847,QUEUED
gid://shopify/Product/8644740317383,QUEUED
gid://shopify/Product/8644740382919,QUEUED
gid://shopify/Product/8644740415687,QUEUED
gid://shopify/Product/8644740448455,QUEUED
gid://shopify/Product/8644740481223,QUEUED
gid://shopify/Product/8644740513991,QUEUED
gid://shopify/Product/8644740546759,QUEUED
gid://shopify/Product/8644740645063,QUEUED
gid://shopify/Product/8644740743367,QUEUED
gid://shopify/Product/8644740776135,QUEUED
gid://shopify/Product/8644740808903,QUEUED
gid://shopify/Product/8644785406151,QUEUED
gid://shopify/Product/8644785438919,QUEUED
gid://shopify/Product/8644785471687,QUEUED
gid://shopify/Product/8644785144007,QUEUED
gid://shopify/Product/8644741333191,QUEUED
gid://shopify/Product/8644741365959,QUEUED
gid://shopify/Product/8644785176775,QUEUED
gid://shopify/Product/8644785209543,QUEUED
gid://shopify/Product/8644785373383,QUEUED
gid://shopify/Product/8644785242311,QUEUED
gid://shopify/Product/8644785275079,QUEUED
gid://shopify/Product/8644785307847,QUEUED
gid://shopify/Product/8644785340615,QUEUED
gid://shopify/Product/8644785111239,QUEUED
gid://shopify/Product/8644785078471,QUEUED
gid://shopify/Product/8644785045703,QUEUED
gid://shopify/Product/8644785012935,QUEUED
gid://shopify/Product/8644784980167,QUEUED
gid://shopify/Product/8644784947399,QUEUED
gid://shopify/Product/8644784914631,QUEUED
gid://shopify/Product/8645563449543,QUEUED
gid://shopify/Product/8644784881863,QUEUED
gid://shopify/Product/8644784849095,QUEUED
gid://shopify/Product/8644740841671,QUEUED
gid://shopify/Product/8644740874439,QUEUED
gid://shopify/Product/8644741169351,QUEUED
gid://shopify/Product/8644741234887,QUEUED
gid://shopify/Product/8644740907207,QUEUED
gid://shopify/Product/8644741005511,QUEUED
gid://shopify/Product/8644741038279,QUEUED
gid://shopify/Product/8644741071047,QUEUED
gid://shopify/Product/8644784816327,QUEUED
gid://shopify/Product/8644786651335,QUEUED
gid://shopify/Product/8644785733831,QUEUED
gid://shopify/Product/8644785668295,QUEUED
gid://shopify/Product/8644785635527,QUEUED
gid://shopify/Product/8644785537223,QUEUED
gid://shopify/Product/8644785504455,QUEUED
gid://shopify/Product/8645655363783,QUEUED
gid://shopify/Product/8645709693127,QUEUED
gid://shopify/Product/8645537398983,QUEUED
gid://shopify/Product/8645479563463,QUEUED
gid://shopify/Product/8645512429767,QUEUED
gid://shopify/Product/8645525700807,QUEUED
gid://shopify/Product/8645481070791,QUEUED
gid://shopify/Product/8645599461575,QUEUED
gid://shopify/Product/8644763189447,QUEUED
gid://shopify/Product/8644763222215,QUEUED
gid://shopify/Product/8644763254983,QUEUED
gid://shopify/Product/8644763287751,QUEUED
gid://shopify/Product/8644763320519,QUEUED
gid://shopify/Product/8644763353287,QUEUED
gid://shopify/Product/8644763386055,QUEUED
gid://shopify/Product/8645721587911,QUEUED
gid://shopify/Product/8644778361031,QUEUED
gid://shopify/Product/8645663293639,QUEUED
gid://shopify/Product/8645643862215,QUEUED
gid://shopify/Product/8645499322567,QUEUED
gid://shopify/Product/8645937397959,QUEUED
gid://shopify/Product/8645655298247,QUEUED
gid://shopify/Product/8645533302983,QUEUED
gid://shopify/Product/8645533237447,QUEUED
gid://shopify/Product/8645497913543,QUEUED
gid://shopify/Product/8645708873927,QUEUED
gid://shopify/Product/8645709004999,QUEUED
gid://shopify/Product/8645517836487,QUEUED
gid://shopify/Product/8645537104071,QUEUED
gid://shopify/Product/8645722046663,QUEUED
gid://shopify/Product/8646060114119,QUEUED
gid://shopify/Product/8645527994567,QUEUED
gid://shopify/Product/8645722079431,QUEUED
gid://shopify/Product/8645722112199,QUEUED
gid://shopify/Product/8645528027335,QUEUED
gid://shopify/Product/8645721751751,QUEUED
gid://shopify/Product/8645722144967,QUEUED
gid://shopify/Product/8645722177735,QUEUED
gid://shopify/Product/8645528125639,QUEUED
gid://shopify/Product/8646060572871,QUEUED
gid://shopify/Product/8645722210503,QUEUED
gid://shopify/Product/8645528158407,QUEUED
gid://shopify/Product/8646060605639,QUEUED
gid://shopify/Product/8645881757895,QUEUED
gid://shopify/Product/8646060802247,QUEUED
gid://shopify/Product/8646060966087,QUEUED
gid://shopify/Product/8645472583879,QUEUED
gid://shopify/Product/8646061162695,QUEUED
gid://shopify/Product/8646061293767,QUEUED
gid://shopify/Product/8645528322247,QUEUED
gid://shopify/Product/8645528355015,QUEUED
gid://shopify/Product/8646061457607,QUEUED
gid://shopify/Product/8646061588679,QUEUED
gid://shopify/Product/8646061719751,QUEUED
gid://shopify/Product/8646061785287,QUEUED
gid://shopify/Product/8646062047431,QUEUED
gid://shopify/Product/8646061883591,QUEUED
gid://shopify/Product/8646062244039,QUEUED
gid://shopify/Product/8645882020039,QUEUED
gid://shopify/Product/8645497258183,QUEUED
gid://shopify/Product/8645473468615,QUEUED
gid://shopify/Product/8645721948359,QUEUED
gid://shopify/Product/8646062309575,QUEUED
gid://shopify/Product/8645497487559,QUEUED
gid://shopify/Product/8646062473415,QUEUED
gid://shopify/Product/8645472518343,QUEUED
gid://shopify/Product/8645473534151,QUEUED
gid://shopify/Product/8645497553095,QUEUED
gid://shopify/Product/8645472485575,QUEUED
gid://shopify/Product/8646063030471,QUEUED
gid://shopify/Product/8645472452807,QUEUED
gid://shopify/Product/8646063161543,QUEUED
gid://shopify/Product/8645472420039,QUEUED
gid://shopify/Product/8645709627591,QUEUED
gid://shopify/Product/8645474353351,QUEUED
gid://shopify/Product/8645472387271,QUEUED
gid://shopify/Product/8645472354503,QUEUED
gid://shopify/Product/8645472321735,QUEUED
gid://shopify/Product/8646063718599,QUEUED
gid://shopify/Product/8646063718599,QUEUED
gid://shopify/Product/8645472256199,QUEUED
gid://shopify/Product/8645472223431,QUEUED
gid://shopify/Product/8645472190663,QUEUED
gid://shopify/Product/8645497618631,QUEUED
gid://shopify/Product/8645497651399,QUEUED
gid://shopify/Product/8645472157895,QUEUED
gid://shopify/Product/8646064472263,QUEUED
gid://shopify/Product/8645503058119,QUEUED
gid://shopify/Product/8645497684167,QUEUED
gid://shopify/Product/8645472125127,QUEUED
gid://shopify/Product/8645497716935,QUEUED
gid://shopify/Product/8645497749703,QUEUED
gid://shopify/Product/8645472092359,QUEUED
gid://shopify/Product/8645472059591,QUEUED
gid://shopify/Product/8645497848007,QUEUED
gid://shopify/Product/8645497815239,QUEUED
gid://shopify/Product/8645497782471,QUEUED
gid://shopify/Product/8645528387783,QUEUED
gid://shopify/Product/8645472026823,QUEUED
TBA1-KUR18-3-LW(750MM)-R,NOT_FOUND
gid://shopify/Product/8645471994055,QUEUED
gid://shopify/Product/8645497946311,QUEUED
gid://shopify/Product/8645471961287,QUEUED
gid://shopify/Product/8645471928519,QUEUED
gid://shopify/Product/8645480874183,QUEUED
gid://shopify/Product/8645471862983,QUEUED
gid://shopify/Product/8645498011847,QUEUED
gid://shopify/Product/8645498077383,QUEUED
gid://shopify/Product/8645498044615,QUEUED
gid://shopify/Product/8645516525767,QUEUED
gid://shopify/Product/8645516427463,QUEUED
gid://shopify/Product/8645658738887,QUEUED
gid://shopify/Product/8645516361927,QUEUED
gid://shopify/Product/8645671518407,QUEUED
gid://shopify/Product/8645671551175,QUEUED
gid://shopify/Product/8645532647623,QUEUED
gid://shopify/Product/8645515968711,QUEUED
gid://shopify/Product/8645504368839,QUEUED
gid://shopify/Product/8645646090439,QUEUED
gid://shopify/Product/8645504336071,QUEUED
gid://shopify/Product/8645479792839,QUEUED
gid://shopify/Product/8645518033095,QUEUED
gid://shopify/Product/8645935136967,QUEUED
gid://shopify/Product/8645935202503,QUEUED
gid://shopify/Product/8645518098631,QUEUED
gid://shopify/Product/8645518065863,QUEUED
gid://shopify/Product/8645960663239,QUEUED
gid://shopify/Product/8645960696007,QUEUED
gid://shopify/Product/8645517607111,QUEUED
gid://shopify/Product/8645960728775,QUEUED
gid://shopify/Product/8645518000327,QUEUED
gid://shopify/Product/8645848891591,QUEUED
gid://shopify/Product/8645848826055,QUEUED
gid://shopify/Product/8645532582087,QUEUED
gid://shopify/Product/8645480579271,QUEUED
gid://shopify/Product/8645480612039,QUEUED
gid://shopify/Product/8645480644807,QUEUED
gid://shopify/Product/8645480448199,QUEUED
gid://shopify/Product/8645480480967,QUEUED
gid://shopify/Product/8645480513735,QUEUED
gid://shopify/Product/8645935431879,QUEUED
gid://shopify/Product/8645482840263,QUEUED
gid://shopify/Product/8645935464647,QUEUED
gid://shopify/Product/8645700387015,QUEUED
gid://shopify/Product/8645935497415,QUEUED
gid://shopify/Product/8645935530183,QUEUED
gid://shopify/Product/8645935562951,QUEUED
gid://shopify/Product/8645482873031,QUEUED
gid://shopify/Product/8645935595719,QUEUED
gid://shopify/Product/8645935628487,QUEUED
gid://shopify/Product/8645935661255,QUEUED
gid://shopify/Product/8645935726791,QUEUED
gid://shopify/Product/8645935759559,QUEUED
gid://shopify/Product/8645935792327,QUEUED
gid://shopify/Product/8645935825095,QUEUED
gid://shopify/Product/8645482938567,QUEUED
gid://shopify/Product/8645935857863,QUEUED
gid://shopify/Product/8645497127111,QUEUED
gid://shopify/Product/8645935890631,QUEUED
gid://shopify/Product/8645710151879,QUEUED
gid://shopify/Product/8645483397319,QUEUED
gid://shopify/Product/8645849252039,QUEUED
gid://shopify/Product/8645483462855,QUEUED
gid://shopify/Product/8645483430087,QUEUED
gid://shopify/Product/8645521440967,QUEUED
gid://shopify/Product/8645935923399,QUEUED
gid://shopify/Product/8645935956167,QUEUED
gid://shopify/Product/8645483069639,QUEUED
gid://shopify/Product/8645483069639,QUEUED
gid://shopify/Product/8645483561159,QUEUED
gid://shopify/Product/8645483626695,QUEUED
gid://shopify/Product/8645936054471,QUEUED
gid://shopify/Product/8645936087239,QUEUED
gid://shopify/Product/8645936120007,QUEUED
gid://shopify/Product/8645506793671,QUEUED
gid://shopify/Product/8645936152775,QUEUED
gid://shopify/Product/8645936185543,QUEUED
gid://shopify/Product/8645936218311,QUEUED
gid://shopify/Product/8645936251079,QUEUED
gid://shopify/Product/8645936283847,QUEUED
gid://shopify/Product/8645936316615,QUEUED
gid://shopify/Product/8645936349383,QUEUED
gid://shopify/Product/8645483299015,QUEUED
gid://shopify/Product/8645503123655,QUEUED
gid://shopify/Product/8645936414919,QUEUED
gid://shopify/Product/8645936447687,QUEUED
gid://shopify/Product/8645483167943,QUEUED
gid://shopify/Product/8645483233479,QUEUED
gid://shopify/Product/8645601722567,QUEUED
gid://shopify/Product/8645849481415,QUEUED
gid://shopify/Product/8645849514183,QUEUED
gid://shopify/Product/8645483331783,QUEUED
gid://shopify/Product/8645936480455,QUEUED
gid://shopify/Product/8645936513223,QUEUED
gid://shopify/Product/8645936545991,QUEUED
gid://shopify/Product/8645483364551,QUEUED
gid://shopify/Product/8645503189191,QUEUED
gid://shopify/Product/8645482905799,QUEUED
gid://shopify/Product/8645485560007,QUEUED
gid://shopify/Product/8645486837959,QUEUED
gid://shopify/Product/8645936578759,QUEUED
gid://shopify/Product/8645936611527,QUEUED
gid://shopify/Product/8645486870727,QUEUED
gid://shopify/Product/8645496406215,QUEUED
gid://shopify/Product/8645486903495,QUEUED
gid://shopify/Product/8645486936263,QUEUED
gid://shopify/Product/8645486969031,QUEUED
gid://shopify/Product/8645936742599,QUEUED
gid://shopify/Product/8645936775367,QUEUED
gid://shopify/Product/8645483266247,QUEUED
gid://shopify/Product/8645936808135,QUEUED
gid://shopify/Product/8645936840903,QUEUED
gid://shopify/Product/8645936873671,QUEUED
gid://shopify/Product/8645936906439,QUEUED
gid://shopify/Product/8645936939207,QUEUED
gid://shopify/Product/8645936971975,QUEUED
gid://shopify/Product/8645937561799,QUEUED
gid://shopify/Product/8645937594567,QUEUED
gid://shopify/Product/8645937627335,QUEUED
gid://shopify/Product/8645937660103,QUEUED
gid://shopify/Product/8645481169095,QUEUED
gid://shopify/Product/8645963743431,QUEUED
gid://shopify/Product/8645963776199,QUEUED
gid://shopify/Product/8645558698183,QUEUED
gid://shopify/Product/8645558665415,QUEUED
gid://shopify/Product/8645963841735,QUEUED
gid://shopify/Product/8645861245127,QUEUED
gid://shopify/Product/8645533139143,QUEUED
gid://shopify/Product/8645485461703,QUEUED
gid://shopify/Product/8645599690951,QUEUED
gid://shopify/Product/8645713264839,QUEUED
gid://shopify/Product/8645713232071,QUEUED
gid://shopify/Product/8645524717767,QUEUED
gid://shopify/Product/8645524783303,QUEUED
gid://shopify/Product/8645524816071,QUEUED
gid://shopify/Product/8645525143751,QUEUED
gid://shopify/Product/8645528420551,QUEUED
gid://shopify/Product/8645712904391,QUEUED
gid://shopify/Product/8645711102151,QUEUED
gid://shopify/Product/8645524390087,QUEUED
gid://shopify/Product/8645525012679,QUEUED
gid://shopify/Product/8645525045447,QUEUED
gid://shopify/Product/8645525110983,QUEUED
gid://shopify/Product/8645524422855,QUEUED
gid://shopify/Product/8645524488391,QUEUED
gid://shopify/Product/8645524521159,QUEUED
gid://shopify/Product/8645524586695,QUEUED
gid://shopify/Product/8646060179655,QUEUED
gid://shopify/Product/8646060212423,QUEUED
gid://shopify/Product/8645527929031,QUEUED
gid://shopify/Product/8646060146887,QUEUED
gid://shopify/Product/8646060343495,QUEUED
gid://shopify/Product/8646060376263,QUEUED
gid://shopify/Product/8646060277959,QUEUED
gid://shopify/Product/8646060310727,QUEUED
gid://shopify/Product/8646060507335,QUEUED
gid://shopify/Product/8646060540103,QUEUED
gid://shopify/Product/8646060409031,QUEUED
gid://shopify/Product/8646060474567,QUEUED
gid://shopify/Product/8646060638407,QUEUED
gid://shopify/Product/8646060703943,QUEUED
gid://shopify/Product/8646060736711,QUEUED
gid://shopify/Product/8646060867783,QUEUED
gid://shopify/Product/8646060933319,QUEUED
gid://shopify/Product/8646060998855,QUEUED
gid://shopify/Product/8646061031623,QUEUED
gid://shopify/Product/8646061097159,QUEUED
gid://shopify/Product/8646061129927,QUEUED
gid://shopify/Product/8646061195463,QUEUED
gid://shopify/Product/8646061228231,QUEUED
gid://shopify/Product/8645721981127,QUEUED
gid://shopify/Product/8646061326535,QUEUED
gid://shopify/Product/8646061359303,QUEUED
gid://shopify/Product/8646061424839,QUEUED
gid://shopify/Product/8646061490375,QUEUED
gid://shopify/Product/8646061555911,QUEUED
gid://shopify/Product/8646061621447,QUEUED
gid://shopify/Product/8646061686983,QUEUED
gid://shopify/Product/8645502795975,QUEUED
gid://shopify/Product/8646061752519,QUEUED
gid://shopify/Product/8646061818055,QUEUED
gid://shopify/Product/8645497389255,QUEUED
gid://shopify/Product/8646062080199,QUEUED
gid://shopify/Product/8645497225415,QUEUED
gid://shopify/Product/8646062014663,QUEUED
gid://shopify/Product/8645721882823,QUEUED
gid://shopify/Product/8646062145735,QUEUED
gid://shopify/Product/8646062211271,QUEUED
gid://shopify/Product/8646062342343,QUEUED
gid://shopify/Product/8646062440647,QUEUED
gid://shopify/Product/8646062276807,QUEUED
gid://shopify/Product/8645497323719,QUEUED
gid://shopify/Product/8646062538951,QUEUED
gid://shopify/Product/8646062571719,QUEUED
gid://shopify/Product/8646062506183,QUEUED
gid://shopify/Product/8646062735559,QUEUED
gid://shopify/Product/8646062833863,QUEUED
gid://shopify/Product/8646062670023,QUEUED
gid://shopify/Product/8646062702791,QUEUED
gid://shopify/Product/8645502861511,QUEUED
gid://shopify/Product/8646063063239,QUEUED
gid://shopify/Product/8646062899399,QUEUED
gid://shopify/Product/8646062964935,QUEUED
gid://shopify/Product/8646063128775,QUEUED
gid://shopify/Product/8645497356487,QUEUED
gid://shopify/Product/8646063227079,QUEUED
gid://shopify/Product/8646063259847,QUEUED
gid://shopify/Product/8646063292615,QUEUED
gid://shopify/Product/8646063325383,QUEUED
gid://shopify/Product/8646063390919,QUEUED
gid://shopify/Product/8646063456455,QUEUED
gid://shopify/Product/8646063521991,QUEUED
gid://shopify/Product/8646063620295,QUEUED
gid://shopify/Product/8646063653063,QUEUED
gid://shopify/Product/8646063784135,QUEUED
gid://shopify/Product/8646063816903,QUEUED
gid://shopify/Product/8646063882439,QUEUED
gid://shopify/Product/8645502927047,QUEUED
gid://shopify/Product/8645502959815,QUEUED
gid://shopify/Product/8645721817287,QUEUED
gid://shopify/Product/8645721784519,QUEUED
gid://shopify/Product/8646063947975,QUEUED
gid://shopify/Product/8646063980743,QUEUED
gid://shopify/Product/8645502992583,QUEUED
gid://shopify/Product/8645503025351,QUEUED
gid://shopify/Product/8645715493063,QUEUED
gid://shopify/Product/8645715493063,QUEUED
gid://shopify/Product/8646064079047,QUEUED
gid://shopify/Product/8646064111815,QUEUED
gid://shopify/Product/8646064177351,QUEUED
gid://shopify/Product/8646064210119,QUEUED
gid://shopify/Product/8646064242887,QUEUED
gid://shopify/Product/8646064373959,QUEUED
gid://shopify/Product/8646064505031,QUEUED
gid://shopify/Product/8646064537799,QUEUED
gid://shopify/Product/8645537235143,QUEUED
gid://shopify/Product/8645537202375,QUEUED
gid://shopify/Product/8645537202375,QUEUED
gid://shopify/Product/8646064636103,QUEUED
gid://shopify/Product/8645537169607,QUEUED
gid://shopify/Product/8645882478791,QUEUED
gid://shopify/Product/8646064668871,QUEUED
gid://shopify/Product/8646064734407,QUEUED
gid://shopify/Product/8646064767175,QUEUED
gid://shopify/Product/8646064832711,QUEUED
gid://shopify/Product/8645497913543,QUEUED
gid://shopify/Product/8646065094855,QUEUED
gid://shopify/Product/8646065291463,QUEUED
gid://shopify/Product/8646065291463,QUEUED
gid://shopify/Product/8645528387783,QUEUED
gid://shopify/Product/8646065389767,QUEUED
gid://shopify/Product/8646064865479,QUEUED
gid://shopify/Product/8646064963783,QUEUED
TBA1-KUR18-3-W(750MM)-R,NOT_FOUND
gid://shopify/Product/8646065488071,QUEUED
gid://shopify/Product/8646065520839,QUEUED
gid://shopify/Product/8646065553607,QUEUED
gid://shopify/Product/8646065619143,QUEUED
gid://shopify/Product/8646065651911,QUEUED
gid://shopify/Product/8646065717447,QUEUED
gid://shopify/Product/8646065750215,QUEUED
gid://shopify/Product/8646065815751,QUEUED
gid://shopify/Product/8646065848519,QUEUED
gid://shopify/Product/8646065881287,QUEUED
gid://shopify/Product/8645560336583,QUEUED
gid://shopify/Product/8645496471751,QUEUED
gid://shopify/Product/8645496570055,QUEUED
gid://shopify/Product/8645496635591,QUEUED
gid://shopify/Product/8645496701127,QUEUED
gid://shopify/Product/8645652086983,QUEUED
gid://shopify/Product/8645507285191,QUEUED
gid://shopify/Product/8645936644295,QUEUED
gid://shopify/Product/8645849776327,QUEUED
gid://shopify/Product/8645849940167,QUEUED
gid://shopify/Product/8645506662599,QUEUED
gid://shopify/Product/8645937135815,QUEUED
gid://shopify/Product/8645506629831,QUEUED
gid://shopify/Product/8645850038471,QUEUED
gid://shopify/Product/8645850071239,QUEUED
gid://shopify/Product/8645937266887,QUEUED
gid://shopify/Product/8645937299655,QUEUED
gid://shopify/Product/8645504827591,QUEUED
gid://shopify/Product/8645849907399,QUEUED
gid://shopify/Product/8645504762055,QUEUED
gid://shopify/Product/8645504860359,QUEUED
gid://shopify/Product/8645937430727,QUEUED
gid://shopify/Product/8645937463495,QUEUED
gid://shopify/Product/8645937496263,QUEUED
gid://shopify/Product/8645937529031,QUEUED
gid://shopify/Product/8645507252423,QUEUED
gid://shopify/Product/8645645566151,QUEUED
gid://shopify/Product/8645645598919,QUEUED
gid://shopify/Product/8645598740679,QUEUED
gid://shopify/Product/8645526323399,QUEUED
gid://shopify/Product/8645556142279,QUEUED
gid://shopify/Product/8645533401287,QUEUED
gid://shopify/Product/8645533434055,QUEUED
gid://shopify/Product/8645518164167,QUEUED
gid://shopify/Product/8645533466823,QUEUED
gid://shopify/Product/8645516591303,QUEUED
gid://shopify/Product/8646026657991,QUEUED
gid://shopify/Product/8645537759431,QUEUED
gid://shopify/Product/8645528715463,QUEUED
gid://shopify/Product/8645653561543,QUEUED
gid://shopify/Product/8645709725895,QUEUED
gid://shopify/Product/8645600510151,QUEUED
gid://shopify/Product/8645863375047,QUEUED
gid://shopify/Product/8645602967751,QUEUED
gid://shopify/Product/8645511381191,QUEUED
gid://shopify/Product/8645511413959,QUEUED
gid://shopify/Product/8645511446727,QUEUED
gid://shopify/Product/8645507743943,QUEUED
gid://shopify/Product/8645507776711,QUEUED
gid://shopify/Product/8645507809479,QUEUED
gid://shopify/Product/8645507842247,QUEUED
gid://shopify/Product/8645507875015,QUEUED
gid://shopify/Product/8645507907783,QUEUED
gid://shopify/Product/8645507940551,QUEUED
gid://shopify/Product/8645507973319,QUEUED
gid://shopify/Product/8645653627079,QUEUED
gid://shopify/Product/8645508333767,QUEUED
gid://shopify/Product/8645508366535,QUEUED
gid://shopify/Product/8645508432071,QUEUED
gid://shopify/Product/8646005686471,QUEUED
gid://shopify/Product/8645508497607,QUEUED
gid://shopify/Product/8646008373447,QUEUED
gid://shopify/Product/8646008406215,QUEUED
gid://shopify/Product/8646008438983,QUEUED
gid://shopify/Product/8646008471751,QUEUED
gid://shopify/Product/8646008537287,QUEUED
gid://shopify/Product/8646008602823,QUEUED
gid://shopify/Product/8646008701127,QUEUED
gid://shopify/Product/8646008733895,QUEUED
gid://shopify/Product/8646008799431,QUEUED
gid://shopify/Product/8646008832199,QUEUED
gid://shopify/Product/8646008864967,QUEUED
gid://shopify/Product/8646008930503,QUEUED
gid://shopify/Product/8646008963271,QUEUED
gid://shopify/Product/8646008996039,QUEUED
gid://shopify/Product/8646009094343,QUEUED
gid://shopify/Product/8646009192647,QUEUED
gid://shopify/Product/8646009225415,QUEUED
gid://shopify/Product/8646009258183,QUEUED
gid://shopify/Product/8646009323719,QUEUED
gid://shopify/Product/8646009389255,QUEUED
gid://shopify/Product/8646009422023,QUEUED
gid://shopify/Product/8646009585863,QUEUED
gid://shopify/Product/8646009651399,QUEUED
gid://shopify/Product/8646009684167,QUEUED
gid://shopify/Product/8646009749703,QUEUED
gid://shopify/Product/8646009782471,QUEUED
gid://shopify/Product/8646009848007,QUEUED
gid://shopify/Product/8646009913543,QUEUED
gid://shopify/Product/8646009979079,QUEUED
gid://shopify/Product/8646010077383,QUEUED
gid://shopify/Product/8646010110151,QUEUED
gid://shopify/Product/8646010175687,QUEUED
gid://shopify/Product/8646010208455,QUEUED
gid://shopify/Product/8646010273991,QUEUED
gid://shopify/Product/8646010339527,QUEUED
gid://shopify/Product/8646010372295,QUEUED
gid://shopify/Product/8646010437831,QUEUED
gid://shopify/Product/8646010470599,QUEUED
gid://shopify/Product/8646010536135,QUEUED
gid://shopify/Product/8646010601671,QUEUED
gid://shopify/Product/8646010634439,QUEUED
gid://shopify/Product/8646010699975,QUEUED
gid://shopify/Product/8646010929351,QUEUED
gid://shopify/Product/8646011453639,QUEUED
gid://shopify/Product/8646011650247,QUEUED
gid://shopify/Product/8646011683015,QUEUED
gid://shopify/Product/8646011748551,QUEUED
gid://shopify/Product/8646011814087,QUEUED
gid://shopify/Product/8646011879623,QUEUED
gid://shopify/Product/8646012043463,QUEUED
gid://shopify/Product/8646012108999,QUEUED
gid://shopify/Product/8646012141767,QUEUED
gid://shopify/Product/8646012207303,QUEUED
gid://shopify/Product/8646012895431,QUEUED
gid://shopify/Product/8645650317511,QUEUED
gid://shopify/Product/8645710348487,QUEUED
gid://shopify/Product/8645710381255,QUEUED
gid://shopify/Product/8645714215111,QUEUED
gid://shopify/Product/8645714313415,QUEUED
gid://shopify/Product/8645714247879,QUEUED
gid://shopify/Product/8645599756487,QUEUED
gid://shopify/Product/8645510004935,QUEUED
gid://shopify/Product/8645510856903,QUEUED
gid://shopify/Product/8645510824135,QUEUED
gid://shopify/Product/8645510693063,QUEUED
gid://shopify/Product/8645510660295,QUEUED
gid://shopify/Product/8645510791367,QUEUED
gid://shopify/Product/8645510365383,QUEUED
gid://shopify/Product/8645524029639,QUEUED
gid://shopify/Product/8645508595911,QUEUED
gid://shopify/Product/8645510136007,QUEUED
gid://shopify/Product/8645642059975,QUEUED
gid://shopify/Product/8645508628679,QUEUED
gid://shopify/Product/8645508661447,QUEUED
gid://shopify/Product/8645510398151,QUEUED
gid://shopify/Product/8645510725831,QUEUED
gid://shopify/Product/8645508694215,QUEUED
gid://shopify/Product/8645510627527,QUEUED
gid://shopify/Product/8645510201543,QUEUED
gid://shopify/Product/8645510463687,QUEUED
gid://shopify/Product/8645510496455,QUEUED
gid://shopify/Product/8645511053511,QUEUED
gid://shopify/Product/8645510103239,QUEUED
gid://shopify/Product/8645510234311,QUEUED
gid://shopify/Product/8645510267079,QUEUED
gid://shopify/Product/8645510332615,QUEUED
gid://shopify/Product/8645510299847,QUEUED
gid://shopify/Product/8645510594759,QUEUED
gid://shopify/Product/8645510529223,QUEUED
gid://shopify/Product/8645511348423,QUEUED
gid://shopify/Product/8645510070471,QUEUED
gid://shopify/Product/8645510561991,QUEUED
gid://shopify/Product/8645508726983,QUEUED
gid://shopify/Product/8645508759751,QUEUED
gid://shopify/Product/8645508792519,QUEUED
gid://shopify/Product/8645508825287,QUEUED
gid://shopify/Product/8645508858055,QUEUED
gid://shopify/Product/8645511315655,QUEUED
gid://shopify/Product/8645510037703,QUEUED
gid://shopify/Product/8645510430919,QUEUED
gid://shopify/Product/8645510758599,QUEUED
gid://shopify/Product/8645511086279,QUEUED
gid://shopify/Product/8645511119047,QUEUED
gid://shopify/Product/8645511151815,QUEUED
gid://shopify/Product/8645511184583,QUEUED
gid://shopify/Product/8645511250119,QUEUED
gid://shopify/Product/8645511282887,QUEUED
gid://shopify/Product/8645704876231,QUEUED
gid://shopify/Product/8645510922439,QUEUED
gid://shopify/Product/8645510955207,QUEUED
gid://shopify/Product/8645510987975,QUEUED
gid://shopify/Product/8645511020743,QUEUED
gid://shopify/Product/8645510889671,QUEUED
gid://shopify/Product/8646011093191,QUEUED
gid://shopify/Product/8646011224263,QUEUED
gid://shopify/Product/8646011257031,QUEUED
gid://shopify/Product/8646011322567,QUEUED
gid://shopify/Product/8646011388103,QUEUED
gid://shopify/Product/8646011420871,QUEUED
gid://shopify/Product/8645603852487,QUEUED
gid://shopify/Product/8645508923591,QUEUED
gid://shopify/Product/8645667881159,QUEUED
gid://shopify/Product/8645710446791,QUEUED
gid://shopify/Product/8645518557383,QUEUED
gid://shopify/Product/8645518590151,QUEUED
gid://shopify/Product/8645518622919,QUEUED
gid://shopify/Product/8645518655687,QUEUED
gid://shopify/Product/8645518688455,QUEUED
gid://shopify/Product/8645938839751,QUEUED
gid://shopify/Product/8645938872519,QUEUED
gid://shopify/Product/8645518753991,QUEUED
gid://shopify/Product/8645518786759,QUEUED
gid://shopify/Product/8645518819527,QUEUED
gid://shopify/Product/8645528748231,QUEUED
gid://shopify/Product/8645518852295,QUEUED
gid://shopify/Product/8645518885063,QUEUED
gid://shopify/Product/8645518917831,QUEUED
gid://shopify/Product/8645939658951,QUEUED
gid://shopify/Product/8645939691719,QUEUED
gid://shopify/Product/8645518950599,QUEUED
gid://shopify/Product/8645518983367,QUEUED
gid://shopify/Product/8645519016135,QUEUED
gid://shopify/Product/8645519048903,QUEUED
gid://shopify/Product/8645519081671,QUEUED
gid://shopify/Product/8645519114439,QUEUED
gid://shopify/Product/8645519147207,QUEUED
gid://shopify/Product/8645519278279,QUEUED
gid://shopify/Product/8645519311047,QUEUED
gid://shopify/Product/8645519376583,QUEUED
gid://shopify/Product/8645519409351,QUEUED
gid://shopify/Product/8645519442119,QUEUED
gid://shopify/Product/8645519507655,QUEUED
gid://shopify/Product/8645519573191,QUEUED
gid://shopify/Product/8645519605959,QUEUED
gid://shopify/Product/8645519671495,QUEUED
gid://shopify/Product/8645519769799,QUEUED
gid://shopify/Product/8645519802567,QUEUED
gid://shopify/Product/8645519835335,QUEUED
gid://shopify/Product/8645519933639,QUEUED
gid://shopify/Product/8645519966407,QUEUED
gid://shopify/Product/8645519999175,QUEUED
gid://shopify/Product/8645520031943,QUEUED
gid://shopify/Product/8645520064711,QUEUED
gid://shopify/Product/8645520097479,QUEUED
gid://shopify/Product/8645946572999,QUEUED
gid://shopify/Product/8645520195783,QUEUED
gid://shopify/Product/8645520261319,QUEUED
gid://shopify/Product/8645520326855,QUEUED
gid://shopify/Product/8645520359623,QUEUED
gid://shopify/Product/8645520392391,QUEUED
gid://shopify/Product/8645520425159,QUEUED
gid://shopify/Product/8645520523463,QUEUED
gid://shopify/Product/8645520556231,QUEUED
gid://shopify/Product/8645708644551,QUEUED
gid://shopify/Product/8645520621767,QUEUED
gid://shopify/Product/8645520720071,QUEUED
gid://shopify/Product/8645520818375,QUEUED
gid://shopify/Product/8645520883911,QUEUED
gid://shopify/Product/8645948604615,QUEUED
gid://shopify/Product/8645949456583,QUEUED
gid://shopify/Product/8645520949447,QUEUED
gid://shopify/Product/8645521014983,QUEUED
gid://shopify/Product/8645521113287,QUEUED
gid://shopify/Product/8645533335751,QUEUED
gid://shopify/Product/8645521178823,QUEUED
gid://shopify/Product/8645521244359,QUEUED
gid://shopify/Product/8645709922503,QUEUED
gid://shopify/Product/8645713199303,QUEUED
gid://shopify/Product/8645526520007,QUEUED
gid://shopify/Product/8645526552775,QUEUED
gid://shopify/Product/8645526585543,QUEUED
gid://shopify/Product/8645526618311,QUEUED
gid://shopify/Product/8645526651079,QUEUED
gid://shopify/Product/8645526683847,QUEUED
gid://shopify/Product/8645526716615,QUEUED
gid://shopify/Product/8645526749383,QUEUED
gid://shopify/Product/8645526782151,QUEUED
gid://shopify/Product/8645526814919,QUEUED
gid://shopify/Product/8645526847687,QUEUED
gid://shopify/Product/8645526880455,QUEUED
gid://shopify/Product/8645596741831,QUEUED
gid://shopify/Product/8645723160775,QUEUED
gid://shopify/Product/8646047301831,QUEUED
gid://shopify/Product/8645876351175,QUEUED
gid://shopify/Product/8645543035079,QUEUED
gid://shopify/Product/8645667913927,QUEUED
gid://shopify/Product/8646047596743,QUEUED
gid://shopify/Product/8646047629511,QUEUED
gid://shopify/Product/8646047695047,QUEUED
gid://shopify/Product/8646047727815,QUEUED
gid://shopify/Product/8645668044999,QUEUED
gid://shopify/Product/8646047858887,QUEUED
gid://shopify/Product/8646047891655,QUEUED
gid://shopify/Product/8646047924423,QUEUED
gid://shopify/Product/8646048121031,QUEUED
gid://shopify/Product/8645527077063,QUEUED
gid://shopify/Product/8645527142599,QUEUED
gid://shopify/Product/8645527175367,QUEUED
gid://shopify/Product/8645527240903,QUEUED
gid://shopify/Product/8645527306439,QUEUED
gid://shopify/Product/8645527339207,QUEUED
gid://shopify/Product/8645527371975,QUEUED
gid://shopify/Product/8645527404743,QUEUED
gid://shopify/Product/8645527437511,QUEUED
gid://shopify/Product/8645527470279,QUEUED
gid://shopify/Product/8645527503047,QUEUED
gid://shopify/Product/8645527535815,QUEUED
gid://shopify/Product/8645527568583,QUEUED
gid://shopify/Product/8645713297607,QUEUED
gid://shopify/Product/8645532352711,QUEUED
gid://shopify/Product/8645532385479,QUEUED
gid://shopify/Product/8645707759815,QUEUED
gid://shopify/Product/8645532418247,QUEUED
gid://shopify/Product/8645532451015,QUEUED
gid://shopify/Product/8645707792583,QUEUED
gid://shopify/Product/8645532483783,QUEUED
gid://shopify/Product/8645532516551,QUEUED
gid://shopify/Product/8645532549319,QUEUED
gid://shopify/Product/8645708841159,QUEUED
gid://shopify/Product/8645708808391,QUEUED
gid://shopify/Product/8645708775623,QUEUED
gid://shopify/Product/8645708742855,QUEUED
gid://shopify/Product/8645708710087,QUEUED
gid://shopify/Product/8645559877831,QUEUED
gid://shopify/Product/8645652250823,QUEUED
gid://shopify/Product/8645537464519,QUEUED
gid://shopify/Product/8645537497287,QUEUED
gid://shopify/Product/8645659230407,QUEUED
gid://shopify/Product/8645669585095,QUEUED
gid://shopify/Product/8645537824967,QUEUED
gid://shopify/Product/8645601788103,QUEUED
gid://shopify/Product/8645601853639,QUEUED
gid://shopify/Product/8645601919175,QUEUED
gid://shopify/Product/8645707858119,QUEUED
gid://shopify/Product/8645601951943,QUEUED
gid://shopify/Product/8645601984711,QUEUED
gid://shopify/Product/8645602083015,QUEUED
gid://shopify/Product/8645707825351,QUEUED
gid://shopify/Product/8645540282567,QUEUED
gid://shopify/Product/8645540315335,QUEUED
gid://shopify/Product/8645540348103,QUEUED
gid://shopify/Product/8645540839623,QUEUED
gid://shopify/Product/8645541888199,QUEUED
gid://shopify/Product/8645541920967,QUEUED
gid://shopify/Product/8645610471623,QUEUED
gid://shopify/Product/8645610504391,QUEUED
gid://shopify/Product/8645975474375,QUEUED
gid://shopify/Product/8645555978439,QUEUED
gid://shopify/Product/8645558468807,QUEUED
gid://shopify/Product/8645599625415,QUEUED
gid://shopify/Product/8645669126343,QUEUED
gid://shopify/Product/8645559812295,QUEUED
gid://shopify/Product/8645558862023,QUEUED
gid://shopify/Product/8645558829255,QUEUED
gid://shopify/Product/8645558894791,QUEUED
gid://shopify/Product/8645641601223,QUEUED
gid://shopify/Product/8645599527111,QUEUED
gid://shopify/Product/8645599494343,QUEUED
gid://shopify/Product/8645559845063,QUEUED
gid://shopify/Product/8645719228615,QUEUED
gid://shopify/Product/8645671125191,QUEUED
gid://shopify/Product/8645601132743,QUEUED
gid://shopify/Product/8645601231047,QUEUED
gid://shopify/Product/8645700026567,QUEUED
gid://shopify/Product/8645560238279,QUEUED
gid://shopify/Product/8645883953351,QUEUED
gid://shopify/Product/8645601657031,QUEUED
gid://shopify/Product/8645602640071,QUEUED
gid://shopify/Product/8645601394887,QUEUED
gid://shopify/Product/8645601427655,QUEUED
gid://shopify/Product/8645653921991,QUEUED
gid://shopify/Product/8645560434887,QUEUED
gid://shopify/Product/8645560467655,QUEUED
gid://shopify/Product/8645560500423,QUEUED
gid://shopify/Product/8645653987527,QUEUED
gid://shopify/Product/8645560533191,QUEUED
gid://shopify/Product/8645560565959,QUEUED
gid://shopify/Product/8645560598727,QUEUED
gid://shopify/Product/8645560631495,QUEUED
gid://shopify/Product/8645560664263,QUEUED
gid://shopify/Product/8645654446279,QUEUED
gid://shopify/Product/8645654053063,QUEUED
gid://shopify/Product/8645560697031,QUEUED
gid://shopify/Product/8645560729799,QUEUED
gid://shopify/Product/8645560762567,QUEUED
gid://shopify/Product/8645560795335,QUEUED
gid://shopify/Product/8645560828103,QUEUED
gid://shopify/Product/8645560860871,QUEUED
gid://shopify/Product/8645560893639,QUEUED
gid://shopify/Product/8645560926407,QUEUED
gid://shopify/Product/8645560959175,QUEUED
gid://shopify/Product/8645560991943,QUEUED
gid://shopify/Product/8645561024711,QUEUED
gid://shopify/Product/8645561057479,QUEUED
gid://shopify/Product/8645561123015,QUEUED
gid://shopify/Product/8646023774407,QUEUED
gid://shopify/Product/8646023905479,QUEUED
gid://shopify/Product/8645561188551,QUEUED
gid://shopify/Product/8645590155463,QUEUED
gid://shopify/Product/8645561221319,QUEUED
gid://shopify/Product/8645561254087,QUEUED
gid://shopify/Product/8645561286855,QUEUED
gid://shopify/Product/8645561319623,QUEUED
gid://shopify/Product/8645561352391,QUEUED
gid://shopify/Product/8645561385159,QUEUED
gid://shopify/Product/8645561417927,QUEUED
gid://shopify/Product/8645561450695,QUEUED
gid://shopify/Product/8645561483463,QUEUED
gid://shopify/Product/8645561516231,QUEUED
gid://shopify/Product/8645589958855,QUEUED
gid://shopify/Product/8645561548999,QUEUED
gid://shopify/Product/8645561581767,QUEUED
gid://shopify/Product/8645561614535,QUEUED
gid://shopify/Product/8646024036551,QUEUED
gid://shopify/Product/8645561647303,QUEUED
gid://shopify/Product/8645561680071,QUEUED
gid://shopify/Product/8645561712839,QUEUED
gid://shopify/Product/8645561745607,QUEUED
gid://shopify/Product/8645561778375,QUEUED
gid://shopify/Product/8645561811143,QUEUED
gid://shopify/Product/8645561843911,QUEUED
gid://shopify/Product/8646023971015,QUEUED
gid://shopify/Product/8645561876679,QUEUED
gid://shopify/Product/8645590253767,QUEUED
gid://shopify/Product/8645561942215,QUEUED
gid://shopify/Product/8645561974983,QUEUED
gid://shopify/Product/8645562007751,QUEUED
gid://shopify/Product/8645870092487,QUEUED
gid://shopify/Product/8646024233159,QUEUED
gid://shopify/Product/8645590089927,QUEUED
gid://shopify/Product/8645590188231,QUEUED
gid://shopify/Product/8645562073287,QUEUED
gid://shopify/Product/8645562106055,QUEUED
gid://shopify/Product/8645562138823,QUEUED
gid://shopify/Product/8645590024391,QUEUED
gid://shopify/Product/8645562171591,QUEUED
gid://shopify/Product/8645562204359,QUEUED
gid://shopify/Product/8645562237127,QUEUED
gid://shopify/Product/8645562269895,QUEUED
gid://shopify/Product/8645562302663,QUEUED
gid://shopify/Product/8645562335431,QUEUED
gid://shopify/Product/8645562368199,QUEUED
gid://shopify/Product/8645562400967,QUEUED
gid://shopify/Product/8645562433735,QUEUED
gid://shopify/Product/8645562466503,QUEUED
gid://shopify/Product/8645562499271,QUEUED
gid://shopify/Product/8645562695879,QUEUED
gid://shopify/Product/8645562597575,QUEUED
gid://shopify/Product/8645562630343,QUEUED
gid://shopify/Product/8645562663111,QUEUED
gid://shopify/Product/8645562564807,QUEUED
gid://shopify/Product/8645563482311,QUEUED
gid://shopify/Product/8645704843463,QUEUED
gid://shopify/Product/8645596807367,QUEUED
gid://shopify/Product/8645868060871,QUEUED
gid://shopify/Product/8645704810695,QUEUED
gid://shopify/Product/8645596840135,QUEUED
gid://shopify/Product/8645596905671,QUEUED
gid://shopify/Product/8646019154119,QUEUED
gid://shopify/Product/8645596971207,QUEUED
gid://shopify/Product/8645597003975,QUEUED
gid://shopify/Product/8645597036743,QUEUED
gid://shopify/Product/8645597135047,QUEUED
gid://shopify/Product/8645597167815,QUEUED
gid://shopify/Product/8645597200583,QUEUED
gid://shopify/Product/8645597266119,QUEUED
gid://shopify/Product/8645597298887,QUEUED
gid://shopify/Product/8645597331655,QUEUED
gid://shopify/Product/8645972689095,QUEUED
gid://shopify/Product/8645597397191,QUEUED
gid://shopify/Product/8645597429959,QUEUED
gid://shopify/Product/8645976457415,QUEUED
gid://shopify/Product/8645976391879,QUEUED
gid://shopify/Product/8645972590791,QUEUED
gid://shopify/Product/8645597462727,QUEUED
gid://shopify/Product/8645597495495,QUEUED
gid://shopify/Product/8645597528263,QUEUED
gid://shopify/Product/8645972623559,QUEUED
gid://shopify/Product/8645597561031,QUEUED
gid://shopify/Product/8645597593799,QUEUED
gid://shopify/Product/8645976359111,QUEUED
gid://shopify/Product/8645597626567,QUEUED
gid://shopify/Product/8645597659335,QUEUED
gid://shopify/Product/8645597692103,QUEUED
gid://shopify/Product/8645597724871,QUEUED
gid://shopify/Product/8645597757639,QUEUED
gid://shopify/Product/8645972754631,QUEUED
gid://shopify/Product/8645597790407,QUEUED
gid://shopify/Product/8645597823175,QUEUED
gid://shopify/Product/8645599396039,QUEUED
gid://shopify/Product/8645599428807,QUEUED
gid://shopify/Product/8645599363271,QUEUED
gid://shopify/Product/8645600641223,QUEUED
gid://shopify/Product/8645599035591,QUEUED
gid://shopify/Product/8645599068359,QUEUED
gid://shopify/Product/8645599101127,QUEUED
gid://shopify/Product/8646026690759,QUEUED
gid://shopify/Product/8645599133895,QUEUED
gid://shopify/Product/8645603000519,QUEUED
gid://shopify/Product/8645599166663,QUEUED
gid://shopify/Product/8645599199431,QUEUED
gid://shopify/Product/8645599232199,QUEUED
gid://shopify/Product/8645599264967,QUEUED
gid://shopify/Product/8645599297735,QUEUED
gid://shopify/Product/8645599330503,QUEUED
gid://shopify/Product/8645599953095,QUEUED
gid://shopify/Product/8645644157127,QUEUED
gid://shopify/Product/8646005653703,QUEUED
gid://shopify/Product/8646006472903,QUEUED
gid://shopify/Product/8645603131591,QUEUED
gid://shopify/Product/8645603197127,QUEUED
gid://shopify/Product/8645603229895,QUEUED
gid://shopify/Product/8645603262663,QUEUED
gid://shopify/Product/8645603295431,QUEUED
gid://shopify/Product/8645603328199,QUEUED
gid://shopify/Product/8645603360967,QUEUED
gid://shopify/Product/8645603459271,QUEUED
gid://shopify/Product/8645603492039,QUEUED
gid://shopify/Product/8645603557575,QUEUED
gid://shopify/Product/8645603885255,QUEUED
gid://shopify/Product/8645604180167,QUEUED
gid://shopify/Product/8645603950791,QUEUED
gid://shopify/Product/8645699895495,QUEUED
gid://shopify/Product/8645604081863,QUEUED
gid://shopify/Product/8645610537159,QUEUED
gid://shopify/Product/8645610602695,QUEUED
gid://shopify/Product/8645610635463,QUEUED
gid://shopify/Product/8645610668231,QUEUED
gid://shopify/Product/8645610700999,QUEUED
gid://shopify/Product/8645610733767,QUEUED
gid://shopify/Product/8645610766535,QUEUED
gid://shopify/Product/8645610799303,QUEUED
gid://shopify/Product/8645610832071,QUEUED
gid://shopify/Product/8645610897607,QUEUED
gid://shopify/Product/8645610930375,QUEUED
gid://shopify/Product/8645610963143,QUEUED
gid://shopify/Product/8645610995911,QUEUED
gid://shopify/Product/8645611028679,QUEUED
gid://shopify/Product/8645611061447,QUEUED
gid://shopify/Product/8645611126983,QUEUED
gid://shopify/Product/8645611159751,QUEUED
gid://shopify/Product/8645611192519,QUEUED
gid://shopify/Product/8645611225287,QUEUED
gid://shopify/Product/8645611290823,QUEUED
gid://shopify/Product/8645857804487,QUEUED
gid://shopify/Product/8645611323591,QUEUED
gid://shopify/Product/8645611356359,QUEUED
gid://shopify/Product/8645611389127,QUEUED
gid://shopify/Product/8645611421895,QUEUED
gid://shopify/Product/8645611454663,QUEUED
gid://shopify/Product/8645611487431,QUEUED
gid://shopify/Product/8645611520199,QUEUED
gid://shopify/Product/8645611552967,QUEUED
gid://shopify/Product/8645611585735,QUEUED
gid://shopify/Product/8645611618503,QUEUED
gid://shopify/Product/8645611651271,QUEUED
gid://shopify/Product/8645611716807,QUEUED
gid://shopify/Product/8645611749575,QUEUED
gid://shopify/Product/8645611815111,QUEUED
gid://shopify/Product/8645611847879,QUEUED
gid://shopify/Product/8645611913415,QUEUED
gid://shopify/Product/8645611946183,QUEUED
gid://shopify/Product/8645612011719,QUEUED
gid://shopify/Product/8645612044487,QUEUED
gid://shopify/Product/8645857771719,QUEUED
gid://shopify/Product/8645612110023,QUEUED
gid://shopify/Product/8645612142791,QUEUED
gid://shopify/Product/8645857738951,QUEUED
gid://shopify/Product/8645612208327,QUEUED
gid://shopify/Product/8645612273863,QUEUED
gid://shopify/Product/8645612306631,QUEUED
gid://shopify/Product/8645612404935,QUEUED
gid://shopify/Product/8645612470471,QUEUED
gid://shopify/Product/8645612568775,QUEUED
gid://shopify/Product/8645639798983,QUEUED
gid://shopify/Product/8645639864519,QUEUED
gid://shopify/Product/8645639930055,QUEUED
gid://shopify/Product/8645865930951,QUEUED
gid://shopify/Product/8645639962823,QUEUED
gid://shopify/Product/8645640028359,QUEUED
gid://shopify/Product/8645640093895,QUEUED
gid://shopify/Product/8645640159431,QUEUED
gid://shopify/Product/8645640683719,QUEUED
gid://shopify/Product/8645640749255,QUEUED
gid://shopify/Product/8645640814791,QUEUED
gid://shopify/Product/8645640913095,QUEUED
gid://shopify/Product/8645640978631,QUEUED
gid://shopify/Product/8645641044167,QUEUED
gid://shopify/Product/8645641076935,QUEUED
gid://shopify/Product/8645954863303,QUEUED
gid://shopify/Product/8645641142471,QUEUED
gid://shopify/Product/8645676826823,QUEUED
gid://shopify/Product/8645676859591,QUEUED
gid://shopify/Product/8645676892359,QUEUED
gid://shopify/Product/8645676925127,QUEUED
gid://shopify/Product/8645676957895,QUEUED
gid://shopify/Product/8645641208007,QUEUED
gid://shopify/Product/8645641273543,QUEUED
gid://shopify/Product/8645935169735,QUEUED
gid://shopify/Product/8645855772871,QUEUED
gid://shopify/Product/8645642289351,QUEUED
gid://shopify/Product/8645642354887,QUEUED
gid://shopify/Product/8645642518727,QUEUED
gid://shopify/Product/8645642584263,QUEUED
gid://shopify/Product/8645642617031,QUEUED
gid://shopify/Product/8645642649799,QUEUED
gid://shopify/Product/8645642748103,QUEUED
gid://shopify/Product/8645642813639,QUEUED
gid://shopify/Product/8645642846407,QUEUED
gid://shopify/Product/8645642911943,QUEUED
gid://shopify/Product/8645642977479,QUEUED
gid://shopify/Product/8645643075783,QUEUED
gid://shopify/Product/8645643141319,QUEUED
gid://shopify/Product/8645643534535,QUEUED
gid://shopify/Product/8645643600071,QUEUED
gid://shopify/Product/8645643632839,QUEUED
gid://shopify/Product/8645643731143,QUEUED
gid://shopify/Product/8645643763911,QUEUED
gid://shopify/Product/8645643796679,QUEUED
gid://shopify/Product/8645643894983,QUEUED
gid://shopify/Product/8645644058823,QUEUED
gid://shopify/Product/8645647990983,QUEUED
gid://shopify/Product/8645650448583,QUEUED
gid://shopify/Product/8645676990663,QUEUED
gid://shopify/Product/8645650251975,QUEUED
gid://shopify/Product/8645650841799,QUEUED
gid://shopify/Product/8645650776263,QUEUED
gid://shopify/Product/8645650710727,QUEUED
gid://shopify/Product/8645650645191,QUEUED
gid://shopify/Product/8645650579655,QUEUED
gid://shopify/Product/8645650186439,QUEUED
gid://shopify/Product/8645705171143,QUEUED
gid://shopify/Product/8645870190791,QUEUED
gid://shopify/Product/8645651103943,QUEUED
gid://shopify/Product/8645651169479,QUEUED
gid://shopify/Product/8645651235015,QUEUED
gid://shopify/Product/8645651300551,QUEUED
gid://shopify/Product/8645651333319,QUEUED
gid://shopify/Product/8645651398855,QUEUED
gid://shopify/Product/8645651464391,QUEUED
gid://shopify/Product/8645964398791,QUEUED
gid://shopify/Product/8645964431559,QUEUED
gid://shopify/Product/8645651529927,QUEUED
gid://shopify/Product/8645651595463,QUEUED
gid://shopify/Product/8645651628231,QUEUED
gid://shopify/Product/8645651693767,QUEUED
PNS1-NE-1865,NOT_FOUND
PNS1-NE-1365,NOT_FOUND
gid://shopify/Product/8645655429319,QUEUED
gid://shopify/Product/8645655494855,QUEUED
gid://shopify/Product/8645655560391,QUEUED
gid://shopify/Product/8645655625927,QUEUED
gid://shopify/Product/8645709070535,QUEUED
gid://shopify/Product/8645709103303,QUEUED
gid://shopify/Product/8645870289095,QUEUED
gid://shopify/Product/8645658542279,QUEUED
gid://shopify/Product/8645662736583,QUEUED
gid://shopify/Product/8645870813383,QUEUED
gid://shopify/Product/8645662802119,QUEUED
gid://shopify/Product/8645697437895,QUEUED
gid://shopify/Product/8645663424711,QUEUED
gid://shopify/Product/8645663457479,QUEUED
gid://shopify/Product/8645663490247,QUEUED
gid://shopify/Product/8645663523015,QUEUED
gid://shopify/Product/8645663555783,QUEUED
gid://shopify/Product/8645663654087,QUEUED
gid://shopify/Product/8645663686855,QUEUED
gid://shopify/Product/8645663719623,QUEUED
gid://shopify/Product/8645663752391,QUEUED
gid://shopify/Product/8645663785159,QUEUED
gid://shopify/Product/8645663817927,QUEUED
gid://shopify/Product/8645663850695,QUEUED
gid://shopify/Product/8645663883463,QUEUED
gid://shopify/Product/8645663916231,QUEUED
gid://shopify/Product/8645663948999,QUEUED
gid://shopify/Product/8645663981767,QUEUED
gid://shopify/Product/8645664014535,QUEUED
gid://shopify/Product/8645664047303,QUEUED
gid://shopify/Product/8645664080071,QUEUED
gid://shopify/Product/8645664112839,QUEUED
gid://shopify/Product/8645664145607,QUEUED
gid://shopify/Product/8645664178375,QUEUED
gid://shopify/Product/8645664211143,QUEUED
gid://shopify/Product/8645664243911,QUEUED
gid://shopify/Product/8645664276679,QUEUED
gid://shopify/Product/8645664309447,QUEUED
gid://shopify/Product/8645664342215,QUEUED
gid://shopify/Product/8645664374983,QUEUED
gid://shopify/Product/8645664407751,QUEUED
gid://shopify/Product/8645664440519,QUEUED
gid://shopify/Product/8645664473287,QUEUED
gid://shopify/Product/8645664506055,QUEUED
gid://shopify/Product/8645664538823,QUEUED
gid://shopify/Product/8645664571591,QUEUED
gid://shopify/Product/8645664604359,QUEUED
gid://shopify/Product/8645664637127,QUEUED
gid://shopify/Product/8645664669895,QUEUED
gid://shopify/Product/8645664702663,QUEUED
gid://shopify/Product/8645664735431,QUEUED
gid://shopify/Product/8645664768199,QUEUED
gid://shopify/Product/8645664800967,QUEUED
gid://shopify/Product/8645664833735,QUEUED
gid://shopify/Product/8645664866503,QUEUED
gid://shopify/Product/8645664899271,QUEUED
gid://shopify/Product/8645664932039,QUEUED
gid://shopify/Product/8645664964807,QUEUED
gid://shopify/Product/8645664997575,QUEUED
gid://shopify/Product/8645665030343,QUEUED
gid://shopify/Product/8645665063111,QUEUED
gid://shopify/Product/8645665095879,QUEUED
gid://shopify/Product/8645665128647,QUEUED
gid://shopify/Product/8645665194183,QUEUED
gid://shopify/Product/8645665226951,QUEUED
gid://shopify/Product/8645665259719,QUEUED
gid://shopify/Product/8645665292487,QUEUED
gid://shopify/Product/8645665325255,QUEUED
gid://shopify/Product/8645665358023,QUEUED
gid://shopify/Product/8645665390791,QUEUED
gid://shopify/Product/8645665423559,QUEUED
gid://shopify/Product/8645665456327,QUEUED
gid://shopify/Product/8645665489095,QUEUED
gid://shopify/Product/8645665521863,QUEUED
gid://shopify/Product/8645665554631,QUEUED
gid://shopify/Product/8645665587399,QUEUED
gid://shopify/Product/8645665620167,QUEUED
gid://shopify/Product/8645665652935,QUEUED
gid://shopify/Product/8645665685703,QUEUED
gid://shopify/Product/8645665718471,QUEUED
gid://shopify/Product/8645665751239,QUEUED
gid://shopify/Product/8645665784007,QUEUED
gid://shopify/Product/8645665816775,QUEUED
gid://shopify/Product/8645665849543,QUEUED
gid://shopify/Product/8645665882311,QUEUED
gid://shopify/Product/8645665915079,QUEUED
gid://shopify/Product/8645665947847,QUEUED
gid://shopify/Product/8645665980615,QUEUED
gid://shopify/Product/8645666013383,QUEUED
gid://shopify/Product/8645666046151,QUEUED
gid://shopify/Product/8645666078919,QUEUED
gid://shopify/Product/8645666111687,QUEUED
gid://shopify/Product/8645666144455,QUEUED
gid://shopify/Product/8645666209991,QUEUED
gid://shopify/Product/8645666242759,QUEUED
gid://shopify/Product/8645666275527,QUEUED
gid://shopify/Product/8645666308295,QUEUED
gid://shopify/Product/8645666341063,QUEUED
gid://shopify/Product/8645666373831,QUEUED
gid://shopify/Product/8645666406599,QUEUED
gid://shopify/Product/8645666439367,QUEUED
gid://shopify/Product/8645666472135,QUEUED
gid://shopify/Product/8645666504903,QUEUED
gid://shopify/Product/8645666537671,QUEUED
gid://shopify/Product/8645666570439,QUEUED
gid://shopify/Product/8645666603207,QUEUED
gid://shopify/Product/8645666635975,QUEUED
gid://shopify/Product/8645666668743,QUEUED
gid://shopify/Product/8646041174215,QUEUED
gid://shopify/Product/8646041206983,QUEUED
gid://shopify/Product/8645666734279,QUEUED
gid://shopify/Product/8645666767047,QUEUED
gid://shopify/Product/8645666799815,QUEUED
gid://shopify/Product/8645666832583,QUEUED
gid://shopify/Product/8645666865351,QUEUED
gid://shopify/Product/8645666930887,QUEUED
gid://shopify/Product/8645666963655,QUEUED
gid://shopify/Product/8645666996423,QUEUED
gid://shopify/Product/8645667029191,QUEUED
gid://shopify/Product/8645667061959,QUEUED
gid://shopify/Product/8645667094727,QUEUED
gid://shopify/Product/8645667127495,QUEUED
gid://shopify/Product/8645667160263,QUEUED
gid://shopify/Product/8645667193031,QUEUED
gid://shopify/Product/8645667225799,QUEUED
gid://shopify/Product/8645667258567,QUEUED
gid://shopify/Product/8645667324103,QUEUED
gid://shopify/Product/8645667389639,QUEUED
gid://shopify/Product/8645667422407,QUEUED
gid://shopify/Product/8645667455175,QUEUED
gid://shopify/Product/8645667487943,QUEUED
gid://shopify/Product/8645667520711,QUEUED
gid://shopify/Product/8645667553479,QUEUED
gid://shopify/Product/8645667586247,QUEUED
gid://shopify/Product/8645667619015,QUEUED
gid://shopify/Product/8645667651783,QUEUED
gid://shopify/Product/8645667684551,QUEUED
gid://shopify/Product/8645704908999,QUEUED
gid://shopify/Product/8645863866567,QUEUED
gid://shopify/Product/8646024888519,QUEUED
gid://shopify/Product/8646024954055,QUEUED
gid://shopify/Product/8645668896967,QUEUED
gid://shopify/Product/8645707661511,QUEUED
gid://shopify/Product/8645707628743,QUEUED
gid://shopify/Product/8645707399367,QUEUED
gid://shopify/Product/8645870518471,QUEUED
gid://shopify/Product/8645707694279,QUEUED
gid://shopify/Product/8645707727047,QUEUED
gid://shopify/Product/8645704974535,QUEUED
gid://shopify/Product/8645704941767,QUEUED
gid://shopify/Product/8645670568135,QUEUED
gid://shopify/Product/8645670797511,QUEUED
gid://shopify/Product/8645671321799,QUEUED
gid://shopify/Product/8645972328647,QUEUED
gid://shopify/Product/8645972361415,QUEUED
gid://shopify/Product/8645672206535,QUEUED
gid://shopify/Product/8645676236999,QUEUED
gid://shopify/Product/8645677088967,QUEUED
gid://shopify/Product/8645677318343,QUEUED
gid://shopify/Product/8645677351111,QUEUED
gid://shopify/Product/8645677383879,QUEUED
gid://shopify/Product/8645719916743,QUEUED
gid://shopify/Product/8645705105607,QUEUED
gid://shopify/Product/8645710119111,QUEUED
gid://shopify/Product/8645704777927,QUEUED
gid://shopify/Product/8645708677319,QUEUED
gid://shopify/Product/8645972295879,QUEUED
gid://shopify/Product/8645700452551,QUEUED
gid://shopify/Product/8645682069703,QUEUED
gid://shopify/Product/8645682102471,QUEUED
gid://shopify/Product/8645682135239,QUEUED
gid://shopify/Product/8645682168007,QUEUED
gid://shopify/Product/8645682200775,QUEUED
gid://shopify/Product/8645682233543,QUEUED
gid://shopify/Product/8645682266311,QUEUED
gid://shopify/Product/8645682299079,QUEUED
gid://shopify/Product/8645682331847,QUEUED
gid://shopify/Product/8645682364615,QUEUED
gid://shopify/Product/8645682397383,QUEUED
gid://shopify/Product/8645682430151,QUEUED
gid://shopify/Product/8645682462919,QUEUED
gid://shopify/Product/8645682495687,QUEUED
gid://shopify/Product/8645682528455,QUEUED
gid://shopify/Product/8645682561223,QUEUED
gid://shopify/Product/8645682593991,QUEUED
gid://shopify/Product/8645682626759,QUEUED
gid://shopify/Product/8645682659527,QUEUED
gid://shopify/Product/8645682692295,QUEUED
gid://shopify/Product/8645682725063,QUEUED
gid://shopify/Product/8645682757831,QUEUED
gid://shopify/Product/8645682790599,QUEUED
gid://shopify/Product/8645682823367,QUEUED
gid://shopify/Product/8645682856135,QUEUED
gid://shopify/Product/8645682888903,QUEUED
gid://shopify/Product/8645682921671,QUEUED
gid://shopify/Product/8645682954439,QUEUED
gid://shopify/Product/8645682987207,QUEUED
gid://shopify/Product/8645683019975,QUEUED
gid://shopify/Product/8645683052743,QUEUED
gid://shopify/Product/8645683085511,QUEUED
gid://shopify/Product/8645683118279,QUEUED
gid://shopify/Product/8645683151047,QUEUED
gid://shopify/Product/8645683183815,QUEUED
gid://shopify/Product/8645683216583,QUEUED
gid://shopify/Product/8645683282119,QUEUED
gid://shopify/Product/8645683314887,QUEUED
gid://shopify/Product/8645683347655,QUEUED
gid://shopify/Product/8645683380423,QUEUED
gid://shopify/Product/8645683413191,QUEUED
gid://shopify/Product/8645683445959,QUEUED
gid://shopify/Product/8645683478727,QUEUED
gid://shopify/Product/8645683511495,QUEUED
gid://shopify/Product/8645683544263,QUEUED
gid://shopify/Product/8645683577031,QUEUED
gid://shopify/Product/8645683609799,QUEUED
gid://shopify/Product/8645683642567,QUEUED
gid://shopify/Product/8645683675335,QUEUED
gid://shopify/Product/8645683708103,QUEUED
gid://shopify/Product/8645683740871,QUEUED
gid://shopify/Product/8645683773639,QUEUED
gid://shopify/Product/8645683806407,QUEUED
gid://shopify/Product/8645683839175,QUEUED
gid://shopify/Product/8645683871943,QUEUED
gid://shopify/Product/8645683904711,QUEUED
gid://shopify/Product/8645683970247,QUEUED
gid://shopify/Product/8645684003015,QUEUED
gid://shopify/Product/8645684035783,QUEUED
gid://shopify/Product/8645684068551,QUEUED
gid://shopify/Product/8645684101319,QUEUED
gid://shopify/Product/8645684134087,QUEUED
gid://shopify/Product/8645684166855,QUEUED
gid://shopify/Product/8645684199623,QUEUED
gid://shopify/Product/8645684232391,QUEUED
gid://shopify/Product/8645684265159,QUEUED
gid://shopify/Product/8645684297927,QUEUED
gid://shopify/Product/8645684330695,QUEUED
gid://shopify/Product/8645684363463,QUEUED
gid://shopify/Product/8645684428999,QUEUED
gid://shopify/Product/8645684461767,QUEUED
gid://shopify/Product/8645684494535,QUEUED
gid://shopify/Product/8645684527303,QUEUED
gid://shopify/Product/8645684560071,QUEUED
gid://shopify/Product/8645684592839,QUEUED
gid://shopify/Product/8645684625607,QUEUED
gid://shopify/Product/8645684658375,QUEUED
gid://shopify/Product/8645684691143,QUEUED
gid://shopify/Product/8645684723911,QUEUED
gid://shopify/Product/8645684756679,QUEUED
gid://shopify/Product/8645684789447,QUEUED
gid://shopify/Product/8645684822215,QUEUED
gid://shopify/Product/8645684953287,QUEUED
gid://shopify/Product/8645684986055,QUEUED
gid://shopify/Product/8645685018823,QUEUED
gid://shopify/Product/8645685084359,QUEUED
gid://shopify/Product/8645685117127,QUEUED
gid://shopify/Product/8645685149895,QUEUED
gid://shopify/Product/8645685182663,QUEUED
gid://shopify/Product/8645685215431,QUEUED
gid://shopify/Product/8645685248199,QUEUED
gid://shopify/Product/8645685313735,QUEUED
gid://shopify/Product/8645685346503,QUEUED
gid://shopify/Product/8645685412039,QUEUED
gid://shopify/Product/8645685444807,QUEUED
gid://shopify/Product/8645685543111,QUEUED
gid://shopify/Product/8645685575879,QUEUED
gid://shopify/Product/8645685608647,QUEUED
gid://shopify/Product/8645685641415,QUEUED
gid://shopify/Product/8645685706951,QUEUED
gid://shopify/Product/8645685772487,QUEUED
gid://shopify/Product/8645685805255,QUEUED
gid://shopify/Product/8645685838023,QUEUED
gid://shopify/Product/8645685870791,QUEUED
gid://shopify/Product/8645685903559,QUEUED
gid://shopify/Product/8645685936327,QUEUED
gid://shopify/Product/8645685969095,QUEUED
gid://shopify/Product/8645686067399,QUEUED
gid://shopify/Product/8645686165703,QUEUED
gid://shopify/Product/8645686231239,QUEUED
gid://shopify/Product/8645686264007,QUEUED
gid://shopify/Product/8645686329543,QUEUED
gid://shopify/Product/8645686362311,QUEUED
gid://shopify/Product/8645686395079,QUEUED
gid://shopify/Product/8645686427847,QUEUED
gid://shopify/Product/8645686460615,QUEUED
gid://shopify/Product/8645686558919,QUEUED
gid://shopify/Product/8645686591687,QUEUED
gid://shopify/Product/8645686624455,QUEUED
gid://shopify/Product/8645686657223,QUEUED
gid://shopify/Product/8645686689991,QUEUED
gid://shopify/Product/8645686755527,QUEUED
gid://shopify/Product/8645686853831,QUEUED
gid://shopify/Product/8645686919367,QUEUED
gid://shopify/Product/8645686984903,QUEUED
gid://shopify/Product/8645687017671,QUEUED
gid://shopify/Product/8645687050439,QUEUED
gid://shopify/Product/8645687083207,QUEUED
gid://shopify/Product/8645687115975,QUEUED
gid://shopify/Product/8645687148743,QUEUED
gid://shopify/Product/8645687214279,QUEUED
gid://shopify/Product/8645687247047,QUEUED
gid://shopify/Product/8645687312583,QUEUED
gid://shopify/Product/8645687345351,QUEUED
gid://shopify/Product/8645687443655,QUEUED
gid://shopify/Product/8645687509191,QUEUED
gid://shopify/Product/8645687541959,QUEUED
gid://shopify/Product/8645687673031,QUEUED
gid://shopify/Product/8645687771335,QUEUED
gid://shopify/Product/8645687836871,QUEUED
gid://shopify/Product/8645687902407,QUEUED
gid://shopify/Product/8645687935175,QUEUED
gid://shopify/Product/8645688000711,QUEUED
gid://shopify/Product/8645688033479,QUEUED
gid://shopify/Product/8645688066247,QUEUED
gid://shopify/Product/8645688099015,QUEUED
gid://shopify/Product/8645688164551,QUEUED
gid://shopify/Product/8645688262855,QUEUED
gid://shopify/Product/8645688361159,QUEUED
gid://shopify/Product/8645688426695,QUEUED
gid://shopify/Product/8645688459463,QUEUED
gid://shopify/Product/8645688492231,QUEUED
gid://shopify/Product/8645688557767,QUEUED
gid://shopify/Product/8645688623303,QUEUED
gid://shopify/Product/8645688656071,QUEUED
gid://shopify/Product/8645688688839,QUEUED
gid://shopify/Product/8645688754375,QUEUED
gid://shopify/Product/8645688787143,QUEUED
gid://shopify/Product/8645688918215,QUEUED
gid://shopify/Product/8645688983751,QUEUED
gid://shopify/Product/8645689016519,QUEUED
gid://shopify/Product/8645689049287,QUEUED
gid://shopify/Product/8645689082055,QUEUED
gid://shopify/Product/8645689114823,QUEUED
gid://shopify/Product/8645689180359,QUEUED
gid://shopify/Product/8645689213127,QUEUED
gid://shopify/Product/8645689278663,QUEUED
gid://shopify/Product/8645689344199,QUEUED
gid://shopify/Product/8645689376967,QUEUED
gid://shopify/Product/8645689409735,QUEUED
gid://shopify/Product/8645689475271,QUEUED
gid://shopify/Product/8645689508039,QUEUED
gid://shopify/Product/8645689540807,QUEUED
gid://shopify/Product/8646024102087,QUEUED
gid://shopify/Product/8646024167623,QUEUED
gid://shopify/Product/8645689573575,QUEUED
gid://shopify/Product/8646024298695,QUEUED
gid://shopify/Product/8645870125255,QUEUED
gid://shopify/Product/8645689606343,QUEUED
gid://shopify/Product/8645689639111,QUEUED
gid://shopify/Product/8645689704647,QUEUED
gid://shopify/Product/8645689770183,QUEUED
gid://shopify/Product/8645691015367,QUEUED
HOU1-INVOQ-HYBRID-10-1-1-GN,NOT_FOUND
HOU1-INVOQ-HYBRID-6-1-1-GN,NOT_FOUND
gid://shopify/Product/8645698748615,QUEUED
gid://shopify/Product/8645703893191,QUEUED
gid://shopify/Product/8645715525831,QUEUED
gid://shopify/Product/8645705203911,QUEUED
gid://shopify/Product/8645707202759,QUEUED
gid://shopify/Product/8645707595975,QUEUED
gid://shopify/Product/8645708185799,QUEUED
gid://shopify/Product/8645708218567,QUEUED
gid://shopify/Product/8645708251335,QUEUED
gid://shopify/Product/8645708284103,QUEUED
gid://shopify/Product/8645708316871,QUEUED
gid://shopify/Product/8645708349639,QUEUED
gid://shopify/Product/8645708382407,QUEUED
gid://shopify/Product/8645708415175,QUEUED
gid://shopify/Product/8645709168839,QUEUED
gid://shopify/Product/8645709201607,QUEUED
gid://shopify/Product/8645709234375,QUEUED
gid://shopify/Product/8645709267143,QUEUED
gid://shopify/Product/8645709365447,QUEUED
gid://shopify/Product/8645709398215,QUEUED
gid://shopify/Product/8645712871623,QUEUED
gid://shopify/Product/8645712543943,QUEUED
gid://shopify/Product/8645713166535,QUEUED
gid://shopify/Product/8645714477255,QUEUED
gid://shopify/Product/8645719261383,QUEUED
gid://shopify/Product/8645720998087,QUEUED
gid://shopify/Product/8645719654599,QUEUED
gid://shopify/Product/8645719687367,QUEUED
gid://shopify/Product/8645719720135,QUEUED
ROE1-R4A-TRI-400/50/3,NOT_FOUND
gid://shopify/Product/8645723553991,QUEUED
gid://shopify/Product/8645731713223,QUEUED
gid://shopify/Product/8645888114887,QUEUED
ROB1-DM31M,NOT_FOUND
PIM1-MW1800W-18L,NOT_FOUND
PIM1-IM-440SC,NOT_FOUND
SIR1-28180035,NOT_FOUND
SIR1-28180036,NOT_FOUND
PIM1-CB6-80,NOT_FOUND
PIM1-CB6LV-80,NOT_FOUND
